ISO-10303-21;
HEADER;
FILE_DESCRIPTION (( 'STEP AP214' ),
    '1' );
FILE_NAME ('R7_ENG_2200_simplified_Zpilots.STEP',
    '2025-06-25T22:13:59',
    ( '' ),
    ( '' ),
    'SwSTEP 2.0',
    'SolidWorks 2024',
    '' );
FILE_SCHEMA (( 'AUTOMOTIVE_DESIGN' ));
ENDSEC;

DATA;
#1 = CARTESIAN_POINT ( 'NONE',  ( 0.000000000000000000, 76.99140126247186799, 0.000000000000000000 ) ) ;
#2 = ORIENTED_EDGE ( 'NONE', *, *, #1615, .T. ) ;
#3 = CARTESIAN_POINT ( 'NONE',  ( -73.04231049586084623, 47.93260228642053278, -15.64874095766976758 ) ) ;
#4 = CARTESIAN_POINT ( 'NONE',  ( -25.55348293066184340, 50.61866292743543738, 72.25993074624857115 ) ) ;
#5 = CARTESIAN_POINT ( 'NONE',  ( 61.64566371216938023, 67.10144858561953640, 15.06400558078613905 ) ) ;
#6 = CARTESIAN_POINT ( 'NONE',  ( 34.11654945496776037, 76.61137739717152328, -31.34382511604549393 ) ) ;
#7 = LINE ( 'NONE', #1610, #4770 ) ;
#8 = CARTESIAN_POINT ( 'NONE',  ( 50.51564886200339544, 48.61675045524525984, 54.80089632839485603 ) ) ;
#9 = CARTESIAN_POINT ( 'NONE',  ( 51.30075198713721818, 72.45319024864122071, -19.60327687672387853 ) ) ;
#10 = FACE_OUTER_BOUND ( 'NONE', #2198, .T. ) ;
#11 = ORIENTED_EDGE ( 'NONE', *, *, #744, .F. ) ;
#12 = CARTESIAN_POINT ( 'NONE',  ( 50.07538735273070785, 75.10793108596763545, -17.67272519615909587 ) ) ;
#13 = CARTESIAN_POINT ( 'NONE',  ( 0.000000000000000000, 45.99999999999999289, 0.000000000000000000 ) ) ;
#14 = CARTESIAN_POINT ( 'NONE',  ( 44.77528813446622280, 66.83309344415617659, 44.55162171656986203 ) ) ;
#15 = CARTESIAN_POINT ( 'NONE',  ( 45.83166933732104553, 65.00834819740907733, 46.41844595414814023 ) ) ;
#16 = CARTESIAN_POINT ( 'NONE',  ( 51.32919321903328580, 69.50585375612493522, -30.30728204293358274 ) ) ;
#17 = EDGE_CURVE ( 'NONE', #1760, #2297, #326, .T. ) ;
#18 = ORIENTED_EDGE ( 'NONE', *, *, #3300, .F. ) ;
#19 = B_SPLINE_CURVE_WITH_KNOTS ( 'NONE', 3,
 ( #2241, #3943, #3016, #3555, #933, #1021, #4732, #3969, #2758, #841 ),
 .UNSPECIFIED., .F., .F.,
 ( 4, 2, 2, 2, 4 ),
 ( 0.000000000000000000, 0.0006174258119178738669, 0.001234851623835747734, 0.001852277435753621601, 0.002469703247671495468 ),
 .UNSPECIFIED. ) ;
#20 = CARTESIAN_POINT ( 'NONE',  ( 50.56585586992242298, 47.95356825464052974, -54.89229879155227110 ) ) ;
#21 = VERTEX_POINT ( 'NONE', #1995 ) ;
#22 = EDGE_CURVE ( 'NONE', #435, #3804, #4111, .T. ) ;
#23 = CARTESIAN_POINT ( 'NONE',  ( -25.99174343502626172, 46.00000000000000000, -73.01902020676067195 ) ) ;
#24 = CARTESIAN_POINT ( 'NONE',  ( -75.41082479041057240, 46.10331087986513410, -14.02123873504440255 ) ) ;
#25 = CARTESIAN_POINT ( 'NONE',  ( -19.28323741483745835, 69.15083099222630381, 61.39954693691015564 ) ) ;
#26 = CARTESIAN_POINT ( 'NONE',  ( 44.25701222489297493, 67.30525097660130029, 44.25735910900831982 ) ) ;
#27 = CARTESIAN_POINT ( 'NONE',  ( 52.26855458624334005, 71.84034635221566134, -24.81862494615024062 ) ) ;
#28 = VERTEX_POINT ( 'NONE', #3244 ) ;
#29 = VECTOR ( 'NONE', #5577, 1000.000000000000000 ) ;
#30 = CARTESIAN_POINT ( 'NONE',  ( 64.87171462065589367, 67.41452947052930256, -14.00000000000000178 ) ) ;
#31 = CARTESIAN_POINT ( 'NONE',  ( 47.86044776298215453, 70.16627729830187832, -33.86907331643284635 ) ) ;
#32 = CARTESIAN_POINT ( 'NONE',  ( 0.000000000000000000, 49.00000000000000000, 0.000000000000000000 ) ) ;
#33 = AXIS2_PLACEMENT_3D ( 'NONE', #4938, #208, #147 ) ;
#34 = EDGE_LOOP ( 'NONE', ( #4096, #4630, #3820, #3851, #1206, #3348 ) ) ;
#35 = CARTESIAN_POINT ( 'NONE',  ( -28.25910189633895442, 45.99999999999999289, -77.08328716403013914 ) ) ;
#36 = CIRCLE ( 'NONE', #4596, 1.499999999999983125 ) ;
#37 = ORIENTED_EDGE ( 'NONE', *, *, #4586, .F. ) ;
#38 = CARTESIAN_POINT ( 'NONE',  ( -50.51564886200453941, 48.61675045524525984, 54.80089632839378311 ) ) ;
#39 = CARTESIAN_POINT ( 'NONE',  ( 8.168394150312846688E-15, 0.000000000000000000, 66.70000000000000284 ) ) ;
#40 = CARTESIAN_POINT ( 'NONE',  ( -66.66980222798687805, 61.45732291408624803, -16.44555683981716854 ) ) ;
#41 = VECTOR ( 'NONE', #1941, 1000.000000000000000 ) ;
#42 = CIRCLE ( 'NONE', #330, 3.000000000000002665 ) ;
#43 = CARTESIAN_POINT ( 'NONE',  ( 33.63973962274513241, 76.10492791207643393, -33.53307405137146446 ) ) ;
#44 = ORIENTED_EDGE ( 'NONE', *, *, #4764, .T. ) ;
#45 = AXIS2_PLACEMENT_3D ( 'NONE', #1467, #5261, #1037 ) ;
#46 = CARTESIAN_POINT ( 'NONE',  ( 49.80375207478024180, 54.09044109427998137, -53.50903123644594217 ) ) ;
#47 = EDGE_LOOP ( 'NONE', ( #3524, #1746, #2866, #852, #4198, #2295 ) ) ;
#48 = ADVANCED_FACE ( 'NONE', ( #2854 ), #269, .F. ) ;
#49 = DIRECTION ( 'NONE',  ( 0.000000000000000000, -1.000000000000000000, 0.000000000000000000 ) ) ;
#50 = PLANE ( 'NONE',  #1076 ) ;
#51 = CARTESIAN_POINT ( 'NONE',  ( 49.72415587631106604, 51.39785929380891361, -58.12476434124462799 ) ) ;
#52 = CARTESIAN_POINT ( 'NONE',  ( -73.51665191472520178, 47.27665630569284616, -15.00329897136871793 ) ) ;
#53 = CARTESIAN_POINT ( 'NONE',  ( -21.38367872227967581, 61.76078178287345821, 65.03761799975778501 ) ) ;
#54 = CARTESIAN_POINT ( 'NONE',  ( 44.32382597378730082, 67.35917425946301762, 44.06619084867727310 ) ) ;
#55 = CARTESIAN_POINT ( 'NONE',  ( -80.88563583943053459, 46.00000000000000000, 14.06854345165236886 ) ) ;
#56 = EDGE_CURVE ( 'NONE', #5372, #2025, #5568, .T. ) ;
#57 = CARTESIAN_POINT ( 'NONE',  ( -20.42475882649803154, 67.19961627838252127, -63.37672001983583669 ) ) ;
#58 = CARTESIAN_POINT ( 'NONE',  ( 72.63926948857651666, 57.89736674009616024, -13.99999999999998757 ) ) ;
#59 = CARTESIAN_POINT ( 'NONE',  ( 40.89559569482241130, 74.81667906270176616, -34.60827469646313403 ) ) ;
#60 = DIRECTION ( 'NONE',  ( 0.8660254037844432595, 0.000000000000000000, -0.4999999999999919509 ) ) ;
#61 = VERTEX_POINT ( 'NONE', #954 ) ;
#62 = ADVANCED_FACE ( 'NONE', ( #519 ), #5629, .F. ) ;
#63 = CARTESIAN_POINT ( 'NONE',  ( 60.20053056545826564, 67.42165079097325986, 16.50659709052887081 ) ) ;
#64 = ORIENTED_EDGE ( 'NONE', *, *, #2449, .T. ) ;
#65 = CARTESIAN_POINT ( 'NONE',  ( 31.26213641409632871, 81.67173040577931431, -24.22671013820151131 ) ) ;
#66 = CARTESIAN_POINT ( 'NONE',  ( 0.000000000000000000, 46.00000000000000000, 0.000000000000000000 ) ) ;
#67 = CARTESIAN_POINT ( 'NONE',  ( -20.37564434701770466, 80.99999999999998579, -63.29165124598855385 ) ) ;
#68 = EDGE_CURVE ( 'NONE', #1629, #5149, #960, .T. ) ;
#69 = DIRECTION ( 'NONE',  ( 0.000000000000000000, 1.000000000000000000, 0.000000000000000000 ) ) ;
#70 = EDGE_LOOP ( 'NONE', ( #1249, #4593, #937, #4404 ) ) ;
#71 = CARTESIAN_POINT ( 'NONE',  ( 44.07253677412067105, 67.97021128605159390, -48.33587291122415053 ) ) ;
#72 = CARTESIAN_POINT ( 'NONE',  ( 53.31444074687306056, 70.38187359378910912, -23.61300058997155560 ) ) ;
#73 = ORIENTED_EDGE ( 'NONE', *, *, #1842, .T. ) ;
#74 = CARTESIAN_POINT ( 'NONE',  ( 50.60202157906190479, 46.91607545009927094, -54.95828140411614982 ) ) ;
#75 = CARTESIAN_POINT ( 'NONE',  ( 37.72024397754261571, 76.55157861838985411, -33.81113700423861701 ) ) ;
#76 = ORIENTED_EDGE ( 'NONE', *, *, #1017, .T. ) ;
#77 = CARTESIAN_POINT ( 'NONE',  ( -50.24045474099057884, 46.00000000000000000, -59.01902020676071459 ) ) ;
#78 = CARTESIAN_POINT ( 'NONE',  ( 75.95415100693793420, 46.00941022204251851, -14.00000000000000000 ) ) ;
#79 = DIRECTION ( 'NONE',  ( -0.000000000000000000, -1.000000000000000000, -0.000000000000000000 ) ) ;
#80 = EDGE_CURVE ( 'NONE', #4920, #388, #1176, .T. ) ;
#81 = DIRECTION ( 'NONE',  ( 0.9852087191160844304, 0.000000000000000000, -0.1713586291309668330 ) ) ;
#82 = CARTESIAN_POINT ( 'NONE',  ( -24.58665282527047680, 46.94028658334489279, 70.58533188121221258 ) ) ;
#83 = CARTESIAN_POINT ( 'NONE',  ( 22.08084192093894771, 50.03241630556213693, 70.94977899301183299 ) ) ;
#84 = CARTESIAN_POINT ( 'NONE',  ( 62.15329982345308224, 67.16491873033096738, -14.71072052934517771 ) ) ;
#85 = ORIENTED_EDGE ( 'NONE', *, *, #4693, .T. ) ;
#86 = DIRECTION ( 'NONE',  ( 8.949944318576885364E-17, 1.000000000000000000, 0.000000000000000000 ) ) ;
#87 = CARTESIAN_POINT ( 'NONE',  ( 62.68051986072825343, 67.29654735507126873, 14.40063262748594219 ) ) ;
#88 = EDGE_CURVE ( 'NONE', #552, #2158, #1561, .T. ) ;
#89 = CARTESIAN_POINT ( 'NONE',  ( 48.34679384815203917, 70.47897890911404772, -32.35853176600685543 ) ) ;
#90 = FACE_OUTER_BOUND ( 'NONE', #1753, .T. ) ;
#91 = ORIENTED_EDGE ( 'NONE', *, *, #2546, .T. ) ;
#92 = CARTESIAN_POINT ( 'NONE',  ( -28.25910189633995628, 53.49999999999999289, 77.08328716402976966 ) ) ;
#93 = ORIENTED_EDGE ( 'NONE', *, *, #4768, .T. ) ;
#94 = CARTESIAN_POINT ( 'NONE',  ( 28.87508545269598770, 79.57588136914630184, -24.70728397442879398 ) ) ;
#95 = DIRECTION ( 'NONE',  ( 0.000000000000000000, 0.000000000000000000, -1.000000000000000000 ) ) ;
#96 = CARTESIAN_POINT ( 'NONE',  ( -49.35926406874560968, 56.03426478454620963, -52.70711939044358019 ) ) ;
#97 = VERTEX_POINT ( 'NONE', #1255 ) ;
#98 = CARTESIAN_POINT ( 'NONE',  ( 53.12355905109477305, 69.92313009486508690, -25.66158237138149900 ) ) ;
#99 = VERTEX_POINT ( 'NONE', #4255 ) ;
#100 = CARTESIAN_POINT ( 'NONE',  ( -52.62653394309215571, 61.00000000000000000, 63.01474371237711125 ) ) ;
#101 = ORIENTED_EDGE ( 'NONE', *, *, #3736, .T. ) ;
#102 = DIRECTION ( 'NONE',  ( -0.6410052855431345176, 0.000000000000000000, -0.7675364642189741460 ) ) ;
#103 = CARTESIAN_POINT ( 'NONE',  ( 71.54594170067126413, 53.31457523385764574, 16.37109445571442023 ) ) ;
#104 = CARTESIAN_POINT ( 'NONE',  ( 25.78437493449834150, 46.02785684633895613, -72.65984742795590989 ) ) ;
#105 = CARTESIAN_POINT ( 'NONE',  ( 34.28904333907835422, 82.17449575671813022, -16.76445582623483332 ) ) ;
#106 = CARTESIAN_POINT ( 'NONE',  ( -25.32052851807247151, 68.91564237809740234, 54.95682362779464825 ) ) ;
#107 = CARTESIAN_POINT ( 'NONE',  ( -75.81613357572155110, 47.11423984721405134, -13.99999999999999822 ) ) ;
#108 = CARTESIAN_POINT ( 'NONE',  ( -25.78416270433228874, 45.85812873523628497, 72.65947983452431913 ) ) ;
#109 = FACE_OUTER_BOUND ( 'NONE', #5091, .T. ) ;
#110 = CARTESIAN_POINT ( 'NONE',  ( 44.56292380281242771, 67.38168135652031765, -43.78348947467100771 ) ) ;
#111 = CARTESIAN_POINT ( 'NONE',  ( 38.01754757732576451, 76.38116417388664559, -33.93100375351490783 ) ) ;
#112 = CARTESIAN_POINT ( 'NONE',  ( -16.59336408324455903, 67.21756541262421081, 60.54494587069498124 ) ) ;
#113 = VECTOR ( 'NONE', #3832, 1000.000000000000000 ) ;
#114 = EDGE_CURVE ( 'NONE', #1827, #3291, #1677, .T. ) ;
#115 = CARTESIAN_POINT ( 'NONE',  ( 60.24950165796762747, 68.78198064952874802, 6.922751106755984374 ) ) ;
#116 = ORIENTED_EDGE ( 'NONE', *, *, #1944, .F. ) ;
#117 = CARTESIAN_POINT ( 'NONE',  ( -12.12435565298206086, 0.000000000000000000, -7.000000000000141220 ) ) ;
#118 = CARTESIAN_POINT ( 'NONE',  ( 72.82105316056595257, 47.95356825463100137, -16.34516635170948007 ) ) ;
#119 = AXIS2_PLACEMENT_3D ( 'NONE', #4610, #4187, #281 ) ;
#120 = CARTESIAN_POINT ( 'NONE',  ( -74.39065197852251288, 54.10447137732717238, -14.00000000000001599 ) ) ;
#121 = EDGE_CURVE ( 'NONE', #556, #5584, #3164, .T. ) ;
#122 = ORIENTED_EDGE ( 'NONE', *, *, #451, .F. ) ;
#123 = CIRCLE ( 'NONE', #1256, 74.53166453491230925 ) ;
#124 = CARTESIAN_POINT ( 'NONE',  ( -16.59331447304014162, 67.21757477858382401, -60.54493349273055713 ) ) ;
#125 = FACE_OUTER_BOUND ( 'NONE', #345, .T. ) ;
#126 = DIRECTION ( 'NONE',  ( -0.000000000000000000, -1.000000000000000000, -0.000000000000000000 ) ) ;
#127 = VERTEX_POINT ( 'NONE', #2965 ) ;
#128 = CARTESIAN_POINT ( 'NONE',  ( 52.37013182887450569, 0.000000000000000000, -62.70772912668988397 ) ) ;
#129 = AXIS2_PLACEMENT_3D ( 'NONE', #2559, #4741, #3327 ) ;
#130 = ORIENTED_EDGE ( 'NONE', *, *, #5207, .F. ) ;
#131 = CARTESIAN_POINT ( 'NONE',  ( -47.57717111663448861, 61.45732291409454717, -49.51496397482258516 ) ) ;
#132 = CARTESIAN_POINT ( 'NONE',  ( 49.84816133228038382, 46.10331087986511278, -58.29707062131043216 ) ) ;
#133 = CARTESIAN_POINT ( 'NONE',  ( 40.90762892617734536, 66.54030245661223830, -25.35515491631351637 ) ) ;
#134 = CARTESIAN_POINT ( 'NONE',  ( 28.12142052291026317, 61.00000000000000000, -76.70772912668998345 ) ) ;
#135 = VECTOR ( 'NONE', #1948, 1000.000000000000000 ) ;
#136 = DIRECTION ( 'NONE',  ( 0.000000000000000000, 0.000000000000000000, -1.000000000000000000 ) ) ;
#137 = CARTESIAN_POINT ( 'NONE',  ( 12.12435565298211060, 80.99999999999998579, 7.000000000000057732 ) ) ;
#138 = CARTESIAN_POINT ( 'NONE',  ( 0.000000000000000000, 48.61675045524525984, 0.000000000000000000 ) ) ;
#139 = CARTESIAN_POINT ( 'NONE',  ( 24.24833323157638532, 51.19777907935387873, 69.99934515595344919 ) ) ;
#140 = CARTESIAN_POINT ( 'NONE',  ( 60.20053056545826564, 67.42165079097325986, -16.50659709052888502 ) ) ;
#141 = CARTESIAN_POINT ( 'NONE',  ( 25.78787491909833918, 47.05105508795437430, -72.66590957910874238 ) ) ;
#142 = LINE ( 'NONE', #2351, #1874 ) ;
#143 = CARTESIAN_POINT ( 'NONE',  ( 24.19527909130644971, 57.89736674009617445, -69.90745268945100577 ) ) ;
#144 = CARTESIAN_POINT ( 'NONE',  ( 46.06868955237219154, 76.00244097786294617, -12.47608504696532883 ) ) ;
#145 = CARTESIAN_POINT ( 'NONE',  ( -1.499999999999983125, 76.99140126247186799, 4.176045585092447095E-15 ) ) ;
#146 = FACE_OUTER_BOUND ( 'NONE', #1065, .T. ) ;
#147 = DIRECTION ( 'NONE',  ( 0.000000000000000000, 0.000000000000000000, -1.000000000000000000 ) ) ;
#148 = ORIENTED_EDGE ( 'NONE', *, *, #2461, .T. ) ;
#149 = CARTESIAN_POINT ( 'NONE',  ( -44.77528813446654965, 66.83309344415619080, -44.55162171656954229 ) ) ;
#150 = EDGE_CURVE ( 'NONE', #4343, #3161, #3742, .T. ) ;
#151 = DIRECTION ( 'NONE',  ( -0.6410052855431345176, 0.000000000000000000, -0.7675364642189741460 ) ) ;
#152 = CARTESIAN_POINT ( 'NONE',  ( -49.10077795286748881, 55.22173470843915055, -57.04504210552460108 ) ) ;
#153 = ORIENTED_EDGE ( 'NONE', *, *, #80, .F. ) ;
#154 = CARTESIAN_POINT ( 'NONE',  ( -19.48363204378581415, 67.61734521269787024, -61.95229751266607821 ) ) ;
#155 = CARTESIAN_POINT ( 'NONE',  ( -39.86902352336287692, 76.55144540547696863, 1.111149661282043568E-13 ) ) ;
#156 = ORIENTED_EDGE ( 'NONE', *, *, #3931, .F. ) ;
#157 = DIRECTION ( 'NONE',  ( -0.9852087191160844304, 0.000000000000000000, 0.1713586291309667220 ) ) ;
#158 = CARTESIAN_POINT ( 'NONE',  ( -60.25777329459829446, 69.01500649860547298, -2.796640345491380852 ) ) ;
#159 = EDGE_CURVE ( 'NONE', #5337, #4746, #5423, .T. ) ;
#160 = CARTESIAN_POINT ( 'NONE',  ( -19.97606742458069817, 68.25930828242513826, 62.59956371479385950 ) ) ;
#161 = CARTESIAN_POINT ( 'NONE',  ( -49.95075453673953092, 53.31457523385764574, 53.77505582260393879 ) ) ;
#162 = ORIENTED_EDGE ( 'NONE', *, *, #5056, .F. ) ;
#163 = CARTESIAN_POINT ( 'NONE',  ( 63.18582752819853710, 64.95410340582364483, 16.48162287518124103 ) ) ;
#164 = CARTESIAN_POINT ( 'NONE',  ( 15.80513287229626940, 67.42165079097325986, 60.38848733625302145 ) ) ;
#165 = CARTESIAN_POINT ( 'NONE',  ( -48.12435565298278561, 0.000000000000000000, 55.35382907247901585 ) ) ;
#166 = CARTESIAN_POINT ( 'NONE',  ( 47.39552215248209421, 69.72852694534908835, 47.69171752153309995 ) ) ;
#167 = CARTESIAN_POINT ( 'NONE',  ( -52.37013182887488227, 61.00000000000000000, 62.70772912668953580 ) ) ;
#168 = CARTESIAN_POINT ( 'NONE',  ( -21.59518716393219506, 53.31457523385764574, -70.14615027831901273 ) ) ;
#169 = CARTESIAN_POINT ( 'NONE',  ( 52.09004740242363596, 72.81791282213541194, -21.99772434685969102 ) ) ;
#170 = CARTESIAN_POINT ( 'NONE',  ( 22.08084192095241960, 50.03241630556912156, -70.94977899300602076 ) ) ;
#171 = EDGE_CURVE ( 'NONE', #3904, #3786, #1239, .T. ) ;
#172 = CARTESIAN_POINT ( 'NONE',  ( 27.77786222320666454, 65.51688459719083824, -59.01797876261426268 ) ) ;
#173 = CARTESIAN_POINT ( 'NONE',  ( 51.32266280729808017, 69.50614753457783479, -30.31751942727544247 ) ) ;
#174 = CARTESIAN_POINT ( 'NONE',  ( 28.25910189633944469, 61.00000000000000000, -77.08328716402995440 ) ) ;
#175 = CARTESIAN_POINT ( 'NONE',  ( -44.62435565298201823, 70.33830226810667341, -49.29165124598860359 ) ) ;
#176 = VERTEX_POINT ( 'NONE', #2858 ) ;
#177 = DIRECTION ( 'NONE',  ( -0.000000000000000000, -1.000000000000000000, -0.000000000000000000 ) ) ;
#178 = ORIENTED_EDGE ( 'NONE', *, *, #5184, .T. ) ;
#179 = CARTESIAN_POINT ( 'NONE',  ( 25.30292869226647312, 46.22974096026083402, 72.02446358153082429 ) ) ;
#180 = LINE ( 'NONE', #3309, #595 ) ;
#181 = ORIENTED_EDGE ( 'NONE', *, *, #3773, .F. ) ;
#182 = CARTESIAN_POINT ( 'NONE',  ( 53.26071178722144595, 70.61829152200940030, -22.80206823597352539 ) ) ;
#183 = CARTESIAN_POINT ( 'NONE',  ( 64.87165062603835963, 67.41458402617206502, 14.00000000000000178 ) ) ;
#184 = B_SPLINE_CURVE_WITH_KNOTS ( 'NONE', 3,
 ( #2332, #1801, #4397, #3563, #1399, #124, #4426, #4062, #3536, #2676, #2249, #3591, #1828, #532, #154, #2797, #4515, #3136 ),
 .UNSPECIFIED., .F., .F.,
 ( 4, 2, 2, 2, 2, 2, 2, 2, 4 ),
 ( -1.082020055210942614E-05, 0.0002984106444302541523, 0.0006076414894126176561, 0.001226103179377344881, 0.002463026559306798896, 0.003081488249271514736, 0.003699949939236231011, 0.004318411629200946851, 0.004936873319165663125 ),
 .UNSPECIFIED. ) ;
#185 = EDGE_LOOP ( 'NONE', ( #3933, #3114, #1768, #4391, #1858 ) ) ;
#186 = FACE_OUTER_BOUND ( 'NONE', #1612, .T. ) ;
#187 = DIRECTION ( 'NONE',  ( 0.000000000000000000, 0.000000000000000000, -1.000000000000000000 ) ) ;
#188 = CARTESIAN_POINT ( 'NONE',  ( -51.59461799496918388, 79.00149741535467740, 1.193908784089443663E-14 ) ) ;
#189 = CARTESIAN_POINT ( 'NONE',  ( -47.83722081298235196, 60.80372878173845663, 49.97913709421428052 ) ) ;
#190 = ORIENTED_EDGE ( 'NONE', *, *, #4478, .F. ) ;
#191 = CARTESIAN_POINT ( 'NONE',  ( -42.74089066123637082, 67.16783077011011471, -46.02939418602010591 ) ) ;
#192 = CARTESIAN_POINT ( 'NONE',  ( 61.72240880437622224, 66.22292686396980343, 16.49456263305832593 ) ) ;
#193 = EDGE_CURVE ( 'NONE', #373, #1628, #1116, .T. ) ;
#194 = CARTESIAN_POINT ( 'NONE',  ( -75.46923561638179478, 50.02349546675840486, 13.99999999999999467 ) ) ;
#195 = CARTESIAN_POINT ( 'NONE',  ( 0.000000000000000000, 83.58148700043116719, 0.000000000000000000 ) ) ;
#196 = B_SPLINE_CURVE_WITH_KNOTS ( 'NONE', 3,
 ( #5110, #4291, #772, #1657, #3388, #4845, #4444, #4339, #3497, #1339, #58, #2727, #1843, #3919, #1764, #2194, #30, #5215 ),
 .UNSPECIFIED., .F., .F.,
 ( 4, 2, 2, 2, 2, 2, 2, 2, 4 ),
 ( 0.000000000000000000, 0.003241508590931730348, 0.006483017181863460696, 0.009724525772795191911, 0.01134528006826106619, 0.01296603436372693874, 0.01944905154559043239, 0.02269056013652219483, 0.02593206872745395380 ),
 .UNSPECIFIED. ) ;
#197 = FACE_OUTER_BOUND ( 'NONE', #965, .T. ) ;
#198 = CARTESIAN_POINT ( 'NONE',  ( 80.88563583943053459, 0.000000000000000000, -14.06854345165237774 ) ) ;
#199 = DIRECTION ( 'NONE',  ( -0.000000000000000000, -1.000000000000000000, -0.000000000000000000 ) ) ;
#200 = CARTESIAN_POINT ( 'NONE',  ( 19.79075284807829860, 64.94776857186798225, 62.27858945291068693 ) ) ;
#201 = CARTESIAN_POINT ( 'NONE',  ( 31.87306574765378642, 80.64329588005521998, -27.60403507567592385 ) ) ;
#202 = EDGE_CURVE ( 'NONE', #2578, #406, #4063, .T. ) ;
#203 = CARTESIAN_POINT ( 'NONE',  ( 22.33355912068359572, 63.37520769591046843, -66.68285911086664441 ) ) ;
#204 = CARTESIAN_POINT ( 'NONE',  ( 30.11912468173723667, 65.66873067395899000, -57.66625025186733922 ) ) ;
#205 = CARTESIAN_POINT ( 'NONE',  ( 52.18740535125201774, 70.50177235711086610, -25.61982429468672606 ) ) ;
#206 = CARTESIAN_POINT ( 'NONE',  ( 53.18668270048051738, 70.86260880124068251, -21.99286225160998498 ) ) ;
#207 = CARTESIAN_POINT ( 'NONE',  ( 41.78572573259914691, 66.85995191990237174, -22.62500000000006750 ) ) ;
#208 = DIRECTION ( 'NONE',  ( -0.000000000000000000, -1.000000000000000000, -0.000000000000000000 ) ) ;
#209 = VERTEX_POINT ( 'NONE', #4153 ) ;
#210 = CARTESIAN_POINT ( 'NONE',  ( -50.10630073282618469, 52.40596060623923336, -54.05696491306505891 ) ) ;
#211 = CARTESIAN_POINT ( 'NONE',  ( 16.79010388213205829, 67.18321445489917210, -60.59606832046536340 ) ) ;
#212 = CARTESIAN_POINT ( 'NONE',  ( -62.81518613561281938, 69.15083099217422102, -14.00000000000003020 ) ) ;
#213 = VECTOR ( 'NONE', #1277, 1000.000000000000000 ) ;
#214 = CARTESIAN_POINT ( 'NONE',  ( 76.23219817601714965, 46.00000000000000000, -14.00000000000000000 ) ) ;
#215 = EDGE_CURVE ( 'NONE', #3620, #2578, #2304, .T. ) ;
#216 = ORIENTED_EDGE ( 'NONE', *, *, #2590, .F. ) ;
#217 = CARTESIAN_POINT ( 'NONE',  ( 41.78572573259551604, 66.05830548580790662, -25.62500000000006395 ) ) ;
#218 = CARTESIAN_POINT ( 'NONE',  ( -34.91996083055803268, 68.88246064476265929, 49.41320378576961758 ) ) ;
#219 = CARTESIAN_POINT ( 'NONE',  ( 61.84517116441423923, 66.12567138046493653, -16.49358300124665888 ) ) ;
#220 = CARTESIAN_POINT ( 'NONE',  ( -49.37598776186744942, 55.95718616389151379, 52.73723657071821691 ) ) ;
#221 = ORIENTED_EDGE ( 'NONE', *, *, #2974, .T. ) ;
#222 = LINE ( 'NONE', #1555, #1416 ) ;
#223 = AXIS2_PLACEMENT_3D ( 'NONE', #2618, #3153, #4021 ) ;
#224 = CARTESIAN_POINT ( 'NONE',  ( -63.74364119782244131, 68.39397752114253137, 13.99999999999998757 ) ) ;
#225 = CARTESIAN_POINT ( 'NONE',  ( -19.96340200533990483, 83.58148700043116719, 2.444811636593136629E-15 ) ) ;
#226 = VECTOR ( 'NONE', #3985, 1000.000000000000000 ) ;
#227 = AXIS2_PLACEMENT_3D ( 'NONE', #939, #972, #4366 ) ;
#228 = CARTESIAN_POINT ( 'NONE',  ( -75.82446114416397620, 47.05105508796378189, 13.99999999999998757 ) ) ;
#229 = CARTESIAN_POINT ( 'NONE',  ( 31.35242250173708101, 65.67055975810308155, 56.95420542353318893 ) ) ;
#230 = CARTESIAN_POINT ( 'NONE',  ( -43.81650759811267193, 67.16491873033098159, -46.47097631146876751 ) ) ;
#231 = CARTESIAN_POINT ( 'NONE',  ( 25.47544457034584298, 51.39785929380892071, 72.12476434124506852 ) ) ;
#232 = EDGE_CURVE ( 'NONE', #1775, #5584, #301, .T. ) ;
#233 = CARTESIAN_POINT ( 'NONE',  ( 31.31710157795293625, 81.48699651356143647, -24.93611547190164046 ) ) ;
#234 = CIRCLE ( 'NONE', #3436, 77.50708379720883556 ) ;
#235 = AXIS2_PLACEMENT_3D ( 'NONE', #424, #2147, #888 ) ;
#236 = CARTESIAN_POINT ( 'NONE',  ( 36.85966360356415095, 79.31810536159677838, -12.20892535177489258 ) ) ;
#237 = CARTESIAN_POINT ( 'NONE',  ( 19.57914955337498242, 65.33113625351596454, -61.91208179545424173 ) ) ;
#238 = FACE_OUTER_BOUND ( 'NONE', #5563, .T. ) ;
#239 = CARTESIAN_POINT ( 'NONE',  ( 53.04833549213208244, 69.84861327682989440, -26.06830092646529451 ) ) ;
#240 = CARTESIAN_POINT ( 'NONE',  ( -63.89636224227663064, 67.97021128605150864, -14.00000000000000178 ) ) ;
#241 = DIRECTION ( 'NONE',  ( -0.000000000000000000, -1.000000000000000000, 0.000000000000000000 ) ) ;
#242 = CARTESIAN_POINT ( 'NONE',  ( 72.11038302844909254, 53.27527253398854157, 14.00000000000001599 ) ) ;
#243 = VECTOR ( 'NONE', #3634, 1000.000000000000000 ) ;
#244 = EDGE_CURVE ( 'NONE', #1760, #2767, #5066, .T. ) ;
#245 = CARTESIAN_POINT ( 'NONE',  ( 0.000000000000000000, 45.99999999999999289, -14.00000000000000000 ) ) ;
#246 = VERTEX_POINT ( 'NONE', #4667 ) ;
#247 = DIRECTION ( 'NONE',  ( -0.000000000000000000, 0.000000000000000000, 1.000000000000000000 ) ) ;
#248 = ORIENTED_EDGE ( 'NONE', *, *, #3015, .T. ) ;
#249 = CARTESIAN_POINT ( 'NONE',  ( 22.96894804134569412, 47.93260228642049725, 71.08086691936131274 ) ) ;
#250 = CARTESIAN_POINT ( 'NONE',  ( -64.67211924113084365, 68.93947535392156567, -13.99999999999999822 ) ) ;
#251 = CARTESIAN_POINT ( 'NONE',  ( 66.69999999999998863, 62.56337044103960920, -133.4000000000004036 ) ) ;
#252 = ORIENTED_EDGE ( 'NONE', *, *, #650, .F. ) ;
#253 = LINE ( 'NONE', #4979, #580 ) ;
#254 = CARTESIAN_POINT ( 'NONE',  ( 49.72355153875631117, 46.22973997552809067, 57.92521341942472191 ) ) ;
#255 = CARTESIAN_POINT ( 'NONE',  ( 65.09822895895847239, 67.19961627838671347, -13.99999999999998757 ) ) ;
#256 = CARTESIAN_POINT ( 'NONE',  ( 72.00000000000000000, 80.99999999999998579, -14.00000000000000000 ) ) ;
#257 = ORIENTED_EDGE ( 'NONE', *, *, #908, .T. ) ;
#258 = CARTESIAN_POINT ( 'NONE',  ( -74.39065197850582933, 54.10447137732717238, 13.99999999999999467 ) ) ;
#259 = FACE_OUTER_BOUND ( 'NONE', #1053, .T. ) ;
#260 = CARTESIAN_POINT ( 'NONE',  ( -20.37564434701858929, 70.12954027454739503, 63.29165124598826253 ) ) ;
#261 = DIRECTION ( 'NONE',  ( 0.4999999999999979461, 0.000000000000000000, 0.8660254037844397068 ) ) ;
#262 = CARTESIAN_POINT ( 'NONE',  ( -44.13677915315373212, 67.21756541262421081, -44.64274776568115755 ) ) ;
#263 = CARTESIAN_POINT ( 'NONE',  ( 18.11047266503939213, 63.45883282103531542, 64.30068774965334910 ) ) ;
#264 = DIRECTION ( 'NONE',  ( -0.000000000000000000, -1.000000000000000000, -0.000000000000000000 ) ) ;
#265 = CARTESIAN_POINT ( 'NONE',  ( 42.45328153822274686, 77.31242175739431843, -13.61433215274482045 ) ) ;
#266 = LINE ( 'NONE', #1288, #3150 ) ;
#267 = CARTESIAN_POINT ( 'NONE',  ( 25.74426709607782726, 48.19300188175395760, -72.59037861402978820 ) ) ;
#268 = CARTESIAN_POINT ( 'NONE',  ( -63.39407949067325632, 67.61734521269784182, -14.10282844842586059 ) ) ;
#269 = PLANE ( 'NONE',  #4969 ) ;
#270 = CARTESIAN_POINT ( 'NONE',  ( 75.81703671462719285, 45.85812873523628497, 14.00000000000001243 ) ) ;
#271 = CARTESIAN_POINT ( 'NONE',  ( 41.97397439124245011, 65.96966367541325837, -25.62500000000052225 ) ) ;
#272 = ORIENTED_EDGE ( 'NONE', *, *, #2502, .T. ) ;
#273 = EDGE_CURVE ( 'NONE', #849, #3970, #4416, .T. ) ;
#274 = CARTESIAN_POINT ( 'NONE',  ( 20.32404587889683256, 69.52068220640249763, 63.20228007761137690 ) ) ;
#275 = CARTESIAN_POINT ( 'NONE',  ( -50.41663699459061121, 48.47812969211376810, -54.91644950123116331 ) ) ;
#276 = CARTESIAN_POINT ( 'NONE',  ( -60.07291266399119678, 67.51887975670251762, -16.50756627583226432 ) ) ;
#277 = CARTESIAN_POINT ( 'NONE',  ( 70.03680340552858752, 61.97093712385064634, 13.99999999999999822 ) ) ;
#278 = ORIENTED_EDGE ( 'NONE', *, *, #2610, .T. ) ;
#279 = CARTESIAN_POINT ( 'NONE',  ( 39.42272203645462980, 80.79328386846064802, -13.88871627571773715 ) ) ;
#280 = CARTESIAN_POINT ( 'NONE',  ( 39.68649356440146647, 68.38019243795176294, 46.64057446519205996 ) ) ;
#281 = DIRECTION ( 'NONE',  ( 0.000000000000000000, 0.000000000000000000, 1.000000000000000000 ) ) ;
#282 = CARTESIAN_POINT ( 'NONE',  ( 73.04231581609158752, 47.93259350557822529, -15.64873215280309893 ) ) ;
#283 = ORIENTED_EDGE ( 'NONE', *, *, #3466, .T. ) ;
#284 = CARTESIAN_POINT ( 'NONE',  ( 1.500000000000003553, 76.99140126247186799, 0.000000000000000000 ) ) ;
#285 = ORIENTED_EDGE ( 'NONE', *, *, #4764, .F. ) ;
#286 = CARTESIAN_POINT ( 'NONE',  ( -62.85995339676232874, 67.36036662748441017, 14.31145289357690764 ) ) ;
#287 = CARTESIAN_POINT ( 'NONE',  ( -17.68121478636534860, 64.29485628078593606, 63.57444099250302116 ) ) ;
#288 = FACE_BOUND ( 'NONE', #5588, .T. ) ;
#289 = CARTESIAN_POINT ( 'NONE',  ( 25.59066344640565660, 50.33153266396304559, 72.32432928857163290 ) ) ;
#290 = B_SPLINE_CURVE_WITH_KNOTS ( 'NONE', 3,
 ( #1579, #5490, #3313, #3800, #1866, #4210, #1639, #5322, #5520, #1608, #751, #3344, #254, #1186, #4571, #5034 ),
 .UNSPECIFIED., .F., .F.,
 ( 4, 2, 2, 2, 2, 2, 2, 4 ),
 ( -1.074445212797931989E-05, 0.0006067862582656800017, 0.001224316968659339188, 0.002459378389446644116, 0.003076909099840301892, 0.003694439810233960102, 0.004311970520627619180, 0.004929501231021276957 ),
 .UNSPECIFIED. ) ;
#291 = CARTESIAN_POINT ( 'NONE',  ( 50.03287401029518833, 45.85812873523628497, 58.65947983452511494 ) ) ;
#292 = CARTESIAN_POINT ( 'NONE',  ( 48.32241916914372837, 76.43682242111432856, -15.88138570759058510 ) ) ;
#293 = CARTESIAN_POINT ( 'NONE',  ( -24.86536622756315751, 46.48927249478074231, 71.66405969131776033 ) ) ;
#294 = EDGE_CURVE ( 'NONE', #2522, #1374, #1693, .T. ) ;
#295 = DIRECTION ( 'NONE',  ( -0.000000000000000000, -1.000000000000000000, -0.000000000000000000 ) ) ;
#296 = CARTESIAN_POINT ( 'NONE',  ( 31.01233671063067732, 80.38320956900392389, -16.77344606912917158 ) ) ;
#297 = ORIENTED_EDGE ( 'NONE', *, *, #4795, .T. ) ;
#298 = ORIENTED_EDGE ( 'NONE', *, *, #3199, .F. ) ;
#299 = CARTESIAN_POINT ( 'NONE',  ( 64.99999999994037125, 65.51688459736473646, -5.452655033219041769 ) ) ;
#300 = CARTESIAN_POINT ( 'NONE',  ( 33.74459820814027466, 79.07173575730919879, -30.88545689799277127 ) ) ;
#301 = LINE ( 'NONE', #3335, #3719 ) ;
#302 = CARTESIAN_POINT ( 'NONE',  ( -63.11538806915358180, 65.00834819740227033, -16.48216696690168348 ) ) ;
#303 = ADVANCED_FACE ( 'NONE', ( #1725 ), #1546, .F. ) ;
#304 = CARTESIAN_POINT ( 'NONE',  ( -50.56585586995476689, 47.95356825463713335, -54.89229879152313174 ) ) ;
#305 = CARTESIAN_POINT ( 'NONE',  ( 22.50444969546467888, 48.33918353723854722, -71.10102319475410582 ) ) ;
#306 = VERTEX_POINT ( 'NONE', #3893 ) ;
#307 = CARTESIAN_POINT ( 'NONE',  ( -46.33538016984575592, 60.03922181400761815, 52.25523264219074804 ) ) ;
#308 = DIRECTION ( 'NONE',  ( 0.000000000000000000, 0.000000000000000000, -1.000000000000000000 ) ) ;
#309 = CARTESIAN_POINT ( 'NONE',  ( 15.80513287229626940, 67.42165079097325986, 60.38848733625302145 ) ) ;
#310 = CARTESIAN_POINT ( 'NONE',  ( 60.07291266399119678, 67.51887975670251762, 16.50756627583226432 ) ) ;
#311 = CARTESIAN_POINT ( 'NONE',  ( -48.81395609591928064, 56.45424203979329292, -56.54825207656907793 ) ) ;
#312 = EDGE_CURVE ( 'NONE', #5584, #556, #715, .T. ) ;
#313 = EDGE_LOOP ( 'NONE', ( #4824, #2954, #1120, #4462, #5206, #355 ) ) ;
#314 = AXIS2_PLACEMENT_3D ( 'NONE', #3198, #1438, #5373 ) ;
#315 = CARTESIAN_POINT ( 'NONE',  ( -70.76314300612305885, 56.26540278045128929, 13.99999999998851230 ) ) ;
#316 = EDGE_LOOP ( 'NONE', ( #2179, #4995, #3043, #1154 ) ) ;
#317 = CARTESIAN_POINT ( 'NONE',  ( -48.44520394270813313, 57.89293898239949243, 55.90955461180489294 ) ) ;
#318 = CARTESIAN_POINT ( 'NONE',  ( -60.24950165796764878, 68.78198064952874802, -6.922751106755987038 ) ) ;
#319 = AXIS2_PLACEMENT_3D ( 'NONE', #942, #3538, #5254 ) ;
#320 = CARTESIAN_POINT ( 'NONE',  ( 48.79618970458647453, 48.00576291639990956, 56.51747978411572859 ) ) ;
#321 = CARTESIAN_POINT ( 'NONE',  ( 46.11551989911759364, 75.98044315485560674, -12.49698871811609990 ) ) ;
#322 = AXIS2_PLACEMENT_3D ( 'NONE', #1811, #3050, #904 ) ;
#323 = CARTESIAN_POINT ( 'NONE',  ( -22.50444969546527929, 48.33918353723867511, 71.10102319475387844 ) ) ;
#324 = CARTESIAN_POINT ( 'NONE',  ( 80.88563583943053459, 53.49999999999999289, 14.06854345165238662 ) ) ;
#325 = CARTESIAN_POINT ( 'NONE',  ( 52.62653394309173649, 45.99999999999999289, -63.01474371237745942 ) ) ;
#326 = LINE ( 'NONE', #2084, #2708 ) ;
#327 = CARTESIAN_POINT ( 'NONE',  ( 72.92990762247323744, 57.39959067741811083, 14.00000000000002309 ) ) ;
#328 = VECTOR ( 'NONE', #261, 1000.000000000000114 ) ;
#329 = ORIENTED_EDGE ( 'NONE', *, *, #4173, .T. ) ;
#330 = AXIS2_PLACEMENT_3D ( 'NONE', #719, #746, #3793 ) ;
#331 = B_SPLINE_CURVE_WITH_KNOTS ( 'NONE', 3,
 ( #480, #3118, #5260, #3415, #2229, #2256, #1808, #5139, #1378, #4837, #3982, #771, #4231, #1917, #2719, #4012, #1864, #133, #3231, #5347, #4923, #3657 ),
 .UNSPECIFIED., .F., .F.,
 ( 4, 2, 2, 2, 2, 2, 2, 2, 2, 2, 4 ),
 ( 0.000000000000000000, 0.0003126301073404054377, 0.0006252602146808108755, 0.0009378903220212163674, 0.001250520429361621751, 0.001875780644042447046, 0.002188410751382856550, 0.002501040858723266053, 0.003751561288084841617, 0.004376821502765619425, 0.005002081717446396798 ),
 .UNSPECIFIED. ) ;
#332 = FACE_OUTER_BOUND ( 'NONE', #4680, .T. ) ;
#333 = CARTESIAN_POINT ( 'NONE',  ( 30.96941684144934470, 77.66046559121936355, -30.73247909852823412 ) ) ;
#334 = CARTESIAN_POINT ( 'NONE',  ( 20.22153365615183418, 58.45755855706298121, -67.85563064041554071 ) ) ;
#335 = CARTESIAN_POINT ( 'NONE',  ( -52.37013182887409357, 61.00000000000000000, -62.70772912669020371 ) ) ;
#336 = CARTESIAN_POINT ( 'NONE',  ( -24.19527909130695420, 57.89736674009617445, 69.90745268945086366 ) ) ;
#337 = EDGE_CURVE ( 'NONE', #1398, #1126, #1422, .T. ) ;
#338 = EDGE_LOOP ( 'NONE', ( #3673, #3429, #2612, #2134, #2359, #1344, #4638, #3863, #3509, #2219, #2933, #3414, #2357, #2791, #4514, #3628 ) ) ;
#339 = CARTESIAN_POINT ( 'NONE',  ( 49.45888179933270123, 75.60720452613007581, -16.95053366345248236 ) ) ;
#340 = CARTESIAN_POINT ( 'NONE',  ( -60.23436888534779143, 68.35783077697472265, 11.22629262179929555 ) ) ;
#341 = DIRECTION ( 'NONE',  ( 0.000000000000000000, -1.000000000000000000, 0.000000000000000000 ) ) ;
#342 = DIRECTION ( 'NONE',  ( -0.000000000000000000, -1.000000000000000000, -0.000000000000000000 ) ) ;
#343 = CARTESIAN_POINT ( 'NONE',  ( -64.99999999999998579, 71.39677028386444135, 4.695805153067591498 ) ) ;
#344 = B_SPLINE_CURVE_WITH_KNOTS ( 'NONE', 3,
 ( #2389, #2793, #4601, #4180, #5390, #4537 ),
 .UNSPECIFIED., .F., .F.,
 ( 4, 2, 4 ),
 ( 0.01658914471838027205, 0.02489520312791523859, 0.03320126153745020514 ),
 .UNSPECIFIED. ) ;
#345 = EDGE_LOOP ( 'NONE', ( #399, #37, #2420, #2010 ) ) ;
#346 = CARTESIAN_POINT ( 'NONE',  ( 49.80219423662346401, 50.61866292743545159, 58.25993074624716428 ) ) ;
#347 = CARTESIAN_POINT ( 'NONE',  ( -66.70000000000125340, 62.56337044103959499, 133.4000000000006878 ) ) ;
#348 = EDGE_CURVE ( 'NONE', #2671, #1970, #2452, .T. ) ;
#349 = ORIENTED_EDGE ( 'NONE', *, *, #5374, .T. ) ;
#350 = CARTESIAN_POINT ( 'NONE',  ( 0.000000000000000000, 0.000000000000000000, -66.70000000000000284 ) ) ;
#351 = DIRECTION ( 'NONE',  ( 0.000000000000000000, 0.000000000000000000, -1.000000000000000000 ) ) ;
#352 = CARTESIAN_POINT ( 'NONE',  ( -60.25305214761630168, 68.88195304293390109, -5.542621302865723187 ) ) ;
#353 = CARTESIAN_POINT ( 'NONE',  ( 42.86172398763120839, 79.42016004375290095, -13.67476121786239140 ) ) ;
#354 = CARTESIAN_POINT ( 'NONE',  ( -25.30293057147909508, 46.22973997552810488, 72.02446550866011421 ) ) ;
#355 = ORIENTED_EDGE ( 'NONE', *, *, #1582, .F. ) ;
#356 = CARTESIAN_POINT ( 'NONE',  ( -44.39539769316195361, 67.42165079097325986, 43.88189024572348984 ) ) ;
#357 = CARTESIAN_POINT ( 'NONE',  ( 44.61642987121397397, 76.65832051113561363, -11.92168051116933292 ) ) ;
#358 = CARTESIAN_POINT ( 'NONE',  ( 63.83021700212208316, 64.94776857186798225, 14.00000000000054534 ) ) ;
#359 = ORIENTED_EDGE ( 'NONE', *, *, #547, .T. ) ;
#360 = CARTESIAN_POINT ( 'NONE',  ( -20.96607231803584526, 56.03426478453596360, -69.09993629086935130 ) ) ;
#361 = CARTESIAN_POINT ( 'NONE',  ( 0.000000000000000000, 0.000000000000000000, 0.000000000000000000 ) ) ;
#362 =( BOUNDED_SURFACE ( )  B_SPLINE_SURFACE ( 3, 2, ( 
 ( #2834, #2458, #4976 ),
 ( #682, #1091, #3713 ),
 ( #1182, #4155, #304 ),
 ( #5366, #1485, #2393 ),
 ( #1547, #974, #531 ),
 ( #4424, #587, #2329 ),
 ( #2276, #4004, #3191 ),
 ( #4913, #4060, #1002 ),
 ( #152, #4858, #1426 ),
 ( #555, #3165, #96 ),
 ( #2736, #1854, #3588 ),
 ( #4455, #2300, #4070 ),
 ( #1035, #3629, #131 ),
 ( #657, #1010, #626 ),
 ( #1066, #5317, #4576 ),
 ( #3229, #1978, #5345 ),
 ( #565, #3722, #2370 ),
 ( #2772, #3654, #4950 ),
 ( #4097, #191, #3292 ),
 ( #1861, #1943, #2806 ) ),
 .UNSPECIFIED., .F., .F., .F. ) 
 B_SPLINE_SURFACE_WITH_KNOTS ( ( 4, 2, 2, 2, 2, 2, 2, 2, 2, 4 ),
 ( 3, 3 ),
 ( 0.01252048609959066812, 0.01610381331546698047, 0.01789547692340513751, 0.01968714053134329456, 0.02327046774721960865, 0.02685379496309591926, 0.03402044939484854397, 0.03581211300278670101, 0.03760377661072485805, 0.04118710382660117214 ),
 ( 0.000000000000000000, 1.000000000000000000 ),
 .UNSPECIFIED. ) 
 GEOMETRIC_REPRESENTATION_ITEM ( )  RATIONAL_B_SPLINE_SURFACE ( (
 ( 1.000000000000000000, 0.7806367264523386140, 1.000000000000000000),
 ( 1.000000000000000000, 0.7806525983881290598, 1.000000000000000000),
 ( 1.000000000000000000, 0.7804736192991523769, 1.000000000000000000),
 ( 1.000000000000000000, 0.7799347764573271169, 1.000000000000000000),
 ( 1.000000000000000000, 0.7797094506929672653, 1.000000000000000000),
 ( 1.000000000000000000, 0.7791796795187188041, 1.000000000000000000),
 ( 1.000000000000000000, 0.7788772256526633742, 1.000000000000000000),
 ( 1.000000000000000000, 0.7778777612644525163, 1.000000000000000000),
 ( 1.000000000000000000, 0.7770891790790753761, 1.000000000000000000),
 ( 1.000000000000000000, 0.7753695393492475718, 1.000000000000000000),
 ( 1.000000000000000000, 0.7744333973525908688, 1.000000000000000000),
 ( 1.000000000000000000, 0.7716017430403461219, 1.000000000000000000),
 ( 1.000000000000000000, 0.7696820186667654440, 1.000000000000000000),
 ( 1.000000000000000000, 0.7674401967825521531, 1.000000000000000000),
 ( 1.000000000000000000, 0.7669988342223135191, 1.000000000000000000),
 ( 1.000000000000000000, 0.7661320856127595835, 1.000000000000000000),
 ( 1.000000000000000000, 0.7657059992056811648, 1.000000000000000000),
 ( 1.000000000000000000, 0.7644628963690959234, 1.000000000000000000),
 ( 1.000000000000000000, 0.7636784586033635858, 1.000000000000000000),
 ( 1.000000000000000000, 0.7629366208023375950, 1.000000000000000000) ) ) 
 REPRESENTATION_ITEM ( '' )  SURFACE ( )  );
#363 = CARTESIAN_POINT ( 'NONE',  ( -25.78437493449784768, 46.02785684633894903, -72.65984742795606621 ) ) ;
#364 = CARTESIAN_POINT ( 'NONE',  ( 31.29217131154551979, 78.93427536505784303, -25.07162603735980611 ) ) ;
#365 = CARTESIAN_POINT ( 'NONE',  ( 75.73730886387731687, 48.19213390078297010, 13.99999999999999112 ) ) ;
#366 = ORIENTED_EDGE ( 'NONE', *, *, #4513, .T. ) ;
#367 = CARTESIAN_POINT ( 'NONE',  ( 29.78585283669349693, 80.37010564981029859, -18.96751249282067420 ) ) ;
#368 = CARTESIAN_POINT ( 'NONE',  ( -49.10130074123714650, 56.99209030536748344, 52.24290195363816736 ) ) ;
#369 = CARTESIAN_POINT ( 'NONE',  ( -49.75156400714151061, 47.27665630569283195, 56.16563867364494200 ) ) ;
#370 = CARTESIAN_POINT ( 'NONE',  ( -72.71679280154886271, 48.61675045524525984, 16.34738703895265743 ) ) ;
#371 = CARTESIAN_POINT ( 'NONE',  ( -27.77786222325459065, 65.51688459719122193, 59.01797876258263642 ) ) ;
#372 = CARTESIAN_POINT ( 'NONE',  ( -60.20053056545826564, 67.42165079097325986, -16.50659709052886370 ) ) ;
#373 = VERTEX_POINT ( 'NONE', #1920 ) ;
#374 = CARTESIAN_POINT ( 'NONE',  ( 49.85897346116792761, 50.02349546675423397, 58.35827524797250732 ) ) ;
#375 = CARTESIAN_POINT ( 'NONE',  ( -24.04553583805129691, 68.77445268785876920, -55.68712641608175318 ) ) ;
#376 = ORIENTED_EDGE ( 'NONE', *, *, #273, .T. ) ;
#377 = CARTESIAN_POINT ( 'NONE',  ( 44.62435565298236639, 0.000000000000000000, -49.29165124598830516 ) ) ;
#378 = ORIENTED_EDGE ( 'NONE', *, *, #2209, .F. ) ;
#379 = ADVANCED_FACE ( 'NONE', ( #660, #2404 ), #4696, .T. ) ;
#380 = CARTESIAN_POINT ( 'NONE',  ( 44.14906683162889323, 68.11553659766630631, 48.46842685913634341 ) ) ;
#381 = ORIENTED_EDGE ( 'NONE', *, *, #5492, .F. ) ;
#382 = CARTESIAN_POINT ( 'NONE',  ( -43.82786085933663855, 65.33113625350715381, 47.91208179545004242 ) ) ;
#383 = B_SPLINE_CURVE_WITH_KNOTS ( 'NONE', 3,
 ( #2685, #4838, #4465, #4041, #516, #2284, #3631, #3600, #567, #923, #3570, #5320, #1440, #3176, #5289, #1406 ),
 .UNSPECIFIED., .F., .F.,
 ( 4, 2, 2, 2, 2, 2, 2, 4 ),
 ( 0.000000000000000000, 0.002904847265335207263, 0.005809694530670414525, 0.01161938906134079956, 0.01452423632667599815, 0.01742908359201120194, 0.02033393085734640227, 0.02323877812268160606 ),
 .UNSPECIFIED. ) ;
#384 = CARTESIAN_POINT ( 'NONE',  ( -25.59066344640613266, 50.33153266396305270, -72.32432928857150500 ) ) ;
#385 = DIRECTION ( 'NONE',  ( -0.000000000000000000, -1.000000000000000000, -0.000000000000000000 ) ) ;
#386 = CARTESIAN_POINT ( 'NONE',  ( 61.84517116440730433, 66.12567138047485571, 16.49358300123034127 ) ) ;
#387 = EDGE_CURVE ( 'NONE', #21, #4607, #4751, .T. ) ;
#388 = VERTEX_POINT ( 'NONE', #4493 ) ;
#389 = CARTESIAN_POINT ( 'NONE',  ( -22.13259784579701517, 49.51133489086487316, -71.03520529326426924 ) ) ;
#390 = CARTESIAN_POINT ( 'NONE',  ( 64.99999999999998579, 71.39677028386444135, -4.695805153067591498 ) ) ;
#391 = CARTESIAN_POINT ( 'NONE',  ( 8.465450562766808523E-14, 60.99999999999988631, -14.00000000000000000 ) ) ;
#392 = CARTESIAN_POINT ( 'NONE',  ( -60.97048025357694456, 66.83309344415617659, -16.50072612793135818 ) ) ;
#393 = CARTESIAN_POINT ( 'NONE',  ( 48.12435565298162032, 80.99999999999998579, 55.35382907248002482 ) ) ;
#394 = ORIENTED_EDGE ( 'NONE', *, *, #4478, .T. ) ;
#395 = CARTESIAN_POINT ( 'NONE',  ( -50.03287401029643888, 45.85812873523628497, 58.65947983452402070 ) ) ;
#396 = LINE ( 'NONE', #3037, #4780 ) ;
#397 = CARTESIAN_POINT ( 'NONE',  ( 44.54158383167526125, 69.32011107992944687, -49.14828624604938767 ) ) ;
#398 = CARTESIAN_POINT ( 'NONE',  ( -29.94842186548893892, 71.49049528587673308, 57.76480556880687089 ) ) ;
#399 = ORIENTED_EDGE ( 'NONE', *, *, #1435, .F. ) ;
#400 = CARTESIAN_POINT ( 'NONE',  ( 48.67342351915376497, 49.60266825054836204, 56.30484251349298574 ) ) ;
#401 = CARTESIAN_POINT ( 'NONE',  ( -20.89947254020426470, 64.46641794735819531, -62.98921889762912940 ) ) ;
#402 = ORIENTED_EDGE ( 'NONE', *, *, #1487, .T. ) ;
#403 = CARTESIAN_POINT ( 'NONE',  ( -67.20185856330790841, 65.17850407179143701, 13.99999999999999467 ) ) ;
#404 =( BOUNDED_SURFACE ( )  B_SPLINE_SURFACE ( 3, 2, ( 
 ( #3218, #1852, #4002 ),
 ( #5362, #3675, #1511 ),
 ( #3252, #4974, #118 ),
 ( #2762, #1088, #2830 ),
 ( #4538, #2390, #3586 ),
 ( #4886, #1964, #2734 ),
 ( #1455, #3189, #3258 ),
 ( #2336, #4980, #2742 ),
 ( #653, #4123, #4546 ),
 ( #2398, #2838, #3171 ),
 ( #4159, #5342, #2366 ),
 ( #1095, #5006, #1973 ),
 ( #2864, #3225, #2306 ),
 ( #2769, #3195, #3651 ),
 ( #1006, #5314, #5369 ),
 ( #2802, #1913, #3289 ),
 ( #255, #1939, #1552 ),
 ( #4572, #592, #219 ),
 ( #4459, #4034, #4947 ),
 ( #4066, #3718, #687 ) ),
 .UNSPECIFIED., .F., .F., .T. ) 
 B_SPLINE_SURFACE_WITH_KNOTS ( ( 4, 2, 2, 2, 2, 2, 2, 2, 2, 4 ),
 ( 3, 3 ),
 ( 0.01252048609959066812, 0.01610381331546698047, 0.01789547692340513751, 0.01968714053134329456, 0.02327046774721960865, 0.02685379496309591926, 0.03402044939484854397, 0.03581211300278670101, 0.03760377661072485805, 0.04118710382660117214 ),
 ( 0.000000000000000000, 1.000000000000000000 ),
 .UNSPECIFIED. ) 
 GEOMETRIC_REPRESENTATION_ITEM ( )  RATIONAL_B_SPLINE_SURFACE ( (
 ( 1.000000000000000000, 0.7806367264523382810, 1.000000000000000000),
 ( 1.000000000000000000, 0.7806525983853781492, 1.000000000000000000),
 ( 1.000000000000000000, 0.7804736193028187774, 1.000000000000000000),
 ( 1.000000000000000000, 0.7799347764554911411, 1.000000000000000000),
 ( 1.000000000000000000, 0.7797094506926287583, 1.000000000000000000),
 ( 1.000000000000000000, 0.7791796795190530922, 1.000000000000000000),
 ( 1.000000000000000000, 0.7788772256523637250, 1.000000000000000000),
 ( 1.000000000000000000, 0.7778777612650541462, 1.000000000000000000),
 ( 1.000000000000000000, 0.7770891790802773036, 1.000000000000000000),
 ( 1.000000000000000000, 0.7753695393480452003, 1.000000000000000000),
 ( 1.000000000000000000, 0.7744333973515240555, 1.000000000000000000),
 ( 1.000000000000000000, 0.7716017430424834123, 1.000000000000000000),
 ( 1.000000000000000000, 0.7696820186696912147, 1.000000000000000000),
 ( 1.000000000000000000, 0.7674401967818189618, 1.000000000000000000),
 ( 1.000000000000000000, 0.7669988342217438637, 1.000000000000000000),
 ( 1.000000000000000000, 0.7661320856133259083, 1.000000000000000000),
 ( 1.000000000000000000, 0.7657059992054128239, 1.000000000000000000),
 ( 1.000000000000000000, 0.7644628963696296076, 1.000000000000000000),
 ( 1.000000000000000000, 0.7636784586029654598, 1.000000000000000000),
 ( 1.000000000000000000, 0.7629366208023388163, 1.000000000000000000) ) ) 
 REPRESENTATION_ITEM ( '' )  SURFACE ( )  );
#405 = CARTESIAN_POINT ( 'NONE',  ( 49.66598055739690665, 51.79954327709860706, -58.02400173313872500 ) ) ;
#406 = VERTEX_POINT ( 'NONE', #3659 ) ;
#407 = VECTOR ( 'NONE', #341, 1000.000000000000000 ) ;
#408 = B_SPLINE_CURVE_WITH_KNOTS ( 'NONE', 3,
 ( #2717, #1862, #132, #2371, #1834, #5375, #1012, #5346, #1893, #5318, #2310, #4897, #2746, #4040, #1492, #3230 ),
 .UNSPECIFIED., .F., .F.,
 ( 4, 2, 2, 2, 2, 2, 2, 4 ),
 ( 0.000000000000000000, 0.0006165529096402259110, 0.001233105819280451822, 0.001849658728920677842, 0.002466211638560903644, 0.003699317457841356984, 0.004315870367481580185, 0.004932423277121802951 ),
 .UNSPECIFIED. ) ;
#409 = CARTESIAN_POINT ( 'NONE',  ( 80.49155235178410805, 61.00000000000000000, -13.99999999999999112 ) ) ;
#410 = ORIENTED_EDGE ( 'NONE', *, *, #4173, .F. ) ;
#411 = CARTESIAN_POINT ( 'NONE',  ( -43.18352162670662864, 66.45418853074203014, 46.79605350716148138 ) ) ;
#412 = EDGE_CURVE ( 'NONE', #246, #1289, #1258, .T. ) ;
#413 = CARTESIAN_POINT ( 'NONE',  ( -24.32479699144624163, 57.41502476473658589, -70.13178427298379347 ) ) ;
#414 = CARTESIAN_POINT ( 'NONE',  ( -75.81746117496031445, 46.02785684633894903, -14.00000000000000000 ) ) ;
#415 = ORIENTED_EDGE ( 'NONE', *, *, #451, .T. ) ;
#416 = CIRCLE ( 'NONE', #3068, 66.70000000000000284 ) ;
#417 = CARTESIAN_POINT ( 'NONE',  ( -22.08666886387715422, 60.03922181401402725, -66.25523264219242492 ) ) ;
#418 = CARTESIAN_POINT ( 'NONE',  ( -25.56266345813028096, 46.10331087986511989, -72.31830935635511537 ) ) ;
#419 = EDGE_CURVE ( 'NONE', #3318, #3904, #3060, .T. ) ;
#420 = CARTESIAN_POINT ( 'NONE',  ( -49.92931747451915925, 46.05586453954277459, -58.48011465310413115 ) ) ;
#421 = VECTOR ( 'NONE', #874, 1000.000000000000000 ) ;
#422 = CIRCLE ( 'NONE', #696, 82.10000000000000853 ) ;
#423 = AXIS2_PLACEMENT_3D ( 'NONE', #2604, #3838, #4217 ) ;
#424 = CARTESIAN_POINT ( 'NONE',  ( 4.852638573011455367E-16, 96.99999999999998579, 0.000000000000000000 ) ) ;
#425 = B_SPLINE_CURVE_WITH_KNOTS ( 'NONE', 3,
 ( #4599, #4477, #1904, #274, #582, #716, #2887, #2324, #3643, #4055 ),
 .UNSPECIFIED., .F., .F.,
 ( 4, 2, 2, 2, 4 ),
 ( 0.000000000000000000, 0.0006175157415189907540, 0.001235031483037981508, 0.001852547224556972370, 0.002470062966075963016 ),
 .UNSPECIFIED. ) ;
#426 = PLANE ( 'NONE',  #1337 ) ;
#427 = ORIENTED_EDGE ( 'NONE', *, *, #2919, .T. ) ;
#428 = CARTESIAN_POINT ( 'NONE',  ( 44.63563906989740815, 78.58107764365556136, -13.99871063777126778 ) ) ;
#429 = DIRECTION ( 'NONE',  ( -0.8660254037844397068, 0.000000000000000000, 0.4999999999999979461 ) ) ;
#430 = CARTESIAN_POINT ( 'NONE',  ( 50.51564886200339544, 48.61675045524525984, 54.80089632839485603 ) ) ;
#431 = AXIS2_PLACEMENT_3D ( 'NONE', #3303, #671, #1957 ) ;
#432 = ADVANCED_FACE ( 'NONE', ( #259 ), #3687, .F. ) ;
#433 = CARTESIAN_POINT ( 'NONE',  ( 49.58704591247634852, 52.38165315073361228, 57.88728291766103240 ) ) ;
#434 = CARTESIAN_POINT ( 'NONE',  ( -47.39552215248244238, 69.72852694534908835, -47.69171752153278021 ) ) ;
#435 = VERTEX_POINT ( 'NONE', #4551 ) ;
#436 = CARTESIAN_POINT ( 'NONE',  ( 19.34193925435028660, 67.51982151313339386, 61.82739290959882084 ) ) ;
#437 = CARTESIAN_POINT ( 'NONE',  ( 45.63239002825402935, 61.76078178287735199, -51.03761799974627422 ) ) ;
#438 = VERTEX_POINT ( 'NONE', #1130 ) ;
#439 = CARTESIAN_POINT ( 'NONE',  ( -44.22478495289270484, 68.25932009823513624, 48.59957449221625581 ) ) ;
#440 = ORIENTED_EDGE ( 'NONE', *, *, #1271, .F. ) ;
#441 = CARTESIAN_POINT ( 'NONE',  ( -74.33422777604671694, 46.58991269261760237, -14.38205295110576287 ) ) ;
#442 = CARTESIAN_POINT ( 'NONE',  ( -24.42471221319603458, 49.60266825055457929, 70.30484251350478075 ) ) ;
#443 = DIRECTION ( 'NONE',  ( 0.8660254037844328234, 0.000000000000000000, 0.5000000000000101030 ) ) ;
#444 = CARTESIAN_POINT ( 'NONE',  ( 45.50588682389017947, 72.64374234577108780, -33.96763560450782649 ) ) ;
#445 = EDGE_CURVE ( 'NONE', #742, #5396, #4580, .T. ) ;
#446 = DIRECTION ( 'NONE',  ( -0.000000000000000000, -1.000000000000000000, -0.000000000000000000 ) ) ;
#447 = ORIENTED_EDGE ( 'NONE', *, *, #4507, .T. ) ;
#448 = CARTESIAN_POINT ( 'NONE',  ( -12.12435565298215856, 0.000000000000000000, 6.999999999999972466 ) ) ;
#449 = LINE ( 'NONE', #892, #5302 ) ;
#450 = CARTESIAN_POINT ( 'NONE',  ( -36.20369822105492119, 68.77445268786144084, 48.66760809139920241 ) ) ;
#451 = EDGE_CURVE ( 'NONE', #1577, #4920, #1165, .T. ) ;
#452 = LINE ( 'NONE', #5122, #487 ) ;
#453 = DIRECTION ( 'NONE',  ( -0.000000000000000000, -1.000000000000000000, -0.000000000000000000 ) ) ;
#454 = VERTEX_POINT ( 'NONE', #2963 ) ;
#455 = CARTESIAN_POINT ( 'NONE',  ( 49.58704591248002203, 52.38165315072526340, -57.88728291766530987 ) ) ;
#456 = ORIENTED_EDGE ( 'NONE', *, *, #2788, .T. ) ;
#457 = CARTESIAN_POINT ( 'NONE',  ( 48.44520394270774233, 57.89293898239949243, -55.90955461180526243 ) ) ;
#458 = CARTESIAN_POINT ( 'NONE',  ( 80.88563583943053459, 61.00000000000000000, -14.06854345165237774 ) ) ;
#459 = CARTESIAN_POINT ( 'NONE',  ( -21.95646912120686878, 51.06858755565664865, 70.74426923893678065 ) ) ;
#460 = ORIENTED_EDGE ( 'NONE', *, *, #1084, .T. ) ;
#461 = B_SPLINE_CURVE_WITH_KNOTS ( 'NONE', 3,
 ( #5601, #4826, #1346, #470, #4393, #3925, #2626, #2221, #1825, #3038 ),
 .UNSPECIFIED., .F., .F.,
 ( 4, 2, 2, 2, 4 ),
 ( 0.000000000000000000, 0.0006175157415189912961, 0.001235031483037982592, 0.001852547224556973888, 0.002470062966075965184 ),
 .UNSPECIFIED. ) ;
#462 = DIRECTION ( 'NONE',  ( 0.9852087191160843194, 0.000000000000000000, 0.1713586291309669163 ) ) ;
#463 = CARTESIAN_POINT ( 'NONE',  ( 45.37467410366052434, 70.94941170105057893, -35.19100898159675239 ) ) ;
#464 = CARTESIAN_POINT ( 'NONE',  ( -80.88563583943053459, 46.00000000000000000, 14.06854345165236886 ) ) ;
#465 = CARTESIAN_POINT ( 'NONE',  ( 52.37013182887447726, 45.99999999999999289, -62.70772912668986976 ) ) ;
#466 = CARTESIAN_POINT ( 'NONE',  ( 51.73346451270449364, 73.39833411784040607, -20.69763367256341979 ) ) ;
#467 = DIRECTION ( 'NONE',  ( -0.000000000000000000, -1.000000000000000000, -0.000000000000000000 ) ) ;
#468 = ORIENTED_EDGE ( 'NONE', *, *, #2254, .F. ) ;
#469 = PLANE ( 'NONE',  #2692 ) ;
#470 = CARTESIAN_POINT ( 'NONE',  ( 64.89680306375910845, 69.52068220640249763, 13.99999999999999822 ) ) ;
#471 = EDGE_CURVE ( 'NONE', #1890, #5337, #758, .T. ) ;
#472 = CARTESIAN_POINT ( 'NONE',  ( -70.41471449238999014, 61.51576396133796720, -14.00000000000000178 ) ) ;
#473 = CARTESIAN_POINT ( 'NONE',  ( -19.90035552566494204, 68.11553659766627788, -62.46842685913602367 ) ) ;
#474 = CARTESIAN_POINT ( 'NONE',  ( 49.48708350294303671, 69.75618172721320320, -32.57895040156942201 ) ) ;
#475 = ORIENTED_EDGE ( 'NONE', *, *, #3055, .T. ) ;
#476 = EDGE_CURVE ( 'NONE', #3972, #2671, #676, .T. ) ;
#477 = CARTESIAN_POINT ( 'NONE',  ( 50.40389004036785536, 50.03241630556520647, -54.59745953698874388 ) ) ;
#478 = ORIENTED_EDGE ( 'NONE', *, *, #3926, .F. ) ;
#479 = B_SPLINE_CURVE_WITH_KNOTS ( 'NONE', 3,
 ( #63, #2244, #4026, #115, #3615, #2623, #5333, #1452 ),
 .UNSPECIFIED., .F., .F.,
 ( 4, 2, 2, 4 ),
 ( 0.000000000000000000, 0.008294572359190132554, 0.01244185853878520230, 0.01658914471838027205 ),
 .UNSPECIFIED. ) ;
#480 = CARTESIAN_POINT ( 'NONE',  ( 41.78572573259914691, 66.85995191990237174, -22.62500000000006750 ) ) ;
#481 = DIRECTION ( 'NONE',  ( -0.5000000000000101030, 0.000000000000000000, 0.8660254037844328234 ) ) ;
#482 = CARTESIAN_POINT ( 'NONE',  ( 87.00000000000000000, 46.00000000000000000, 0.000000000000000000 ) ) ;
#483 = LINE ( 'NONE', #458, #4402 ) ;
#484 = CARTESIAN_POINT ( 'NONE',  ( -24.04600513755504920, 58.46542898069286309, 69.64890261730593579 ) ) ;
#485 = CARTESIAN_POINT ( 'NONE',  ( 25.41726925142990368, 51.79954327710279216, 72.02400173313624521 ) ) ;
#486 = CARTESIAN_POINT ( 'NONE',  ( -21.08284758731746322, 65.95929522014515101, -64.51656318946513125 ) ) ;
#487 = VECTOR ( 'NONE', #2960, 999.9999999999998863 ) ;
#488 = EDGE_CURVE ( 'NONE', #3442, #4302, #5127, .T. ) ;
#489 = CARTESIAN_POINT ( 'NONE',  ( 60.26208608987997195, 67.39059217359783815, 16.42997367936251507 ) ) ;
#490 = CARTESIAN_POINT ( 'NONE',  ( 42.31827624100488805, 72.10237429800980635, -35.91490825190283687 ) ) ;
#491 = CARTESIAN_POINT ( 'NONE',  ( 0.000000000000000000, 46.00000000000000000, 0.000000000000000000 ) ) ;
#492 = VECTOR ( 'NONE', #3278, 1000.000000000000000 ) ;
#493 = ORIENTED_EDGE ( 'NONE', *, *, #2177, .T. ) ;
#494 = CARTESIAN_POINT ( 'NONE',  ( 51.49461208978286209, 73.70860150083609597, -20.07039087264272226 ) ) ;
#495 = CARTESIAN_POINT ( 'NONE',  ( -12.12435565298201823, 60.99999999999988631, -7.000000000000214939 ) ) ;
#496 = VECTOR ( 'NONE', #4652, 1000.000000000000000 ) ;
#497 = ORIENTED_EDGE ( 'NONE', *, *, #4362, .T. ) ;
#498 = AXIS2_PLACEMENT_3D ( 'NONE', #2373, #5013, #4102 ) ;
#499 = CARTESIAN_POINT ( 'NONE',  ( 31.28834802107987301, 81.62217649848089707, -24.39606004190339306 ) ) ;
#500 = DIRECTION ( 'NONE',  ( -0.4999999999999979461, 1.387778780781446267E-15, -0.8660254037844397068 ) ) ;
#501 = CARTESIAN_POINT ( 'NONE',  ( -73.41525526195800921, 45.87307673031754263, -14.00000000000001421 ) ) ;
#502 = VECTOR ( 'NONE', #2814, 999.9999999999998863 ) ;
#503 = EDGE_CURVE ( 'NONE', #3914, #2578, #3339, .T. ) ;
#504 = CARTESIAN_POINT ( 'NONE',  ( 24.39519183949929371, 71.01583216044009816, 60.97096441918374410 ) ) ;
#505 = DIRECTION ( 'NONE',  ( -0.4999999999999980016, 0.000000000000000000, -0.8660254037844398178 ) ) ;
#506 = CARTESIAN_POINT ( 'NONE',  ( 51.97178352759790698, 69.49680592351072050, -29.22734725542888512 ) ) ;
#507 = ORIENTED_EDGE ( 'NONE', *, *, #5624, .T. ) ;
#508 = CARTESIAN_POINT ( 'NONE',  ( 25.32052851807209848, 68.91564237809741655, -54.95682362779486141 ) ) ;
#509 = AXIS2_PLACEMENT_3D ( 'NONE', #4474, #2353, #4531 ) ;
#510 = CARTESIAN_POINT ( 'NONE',  ( 49.35926406873962691, 56.03426478455037341, -52.70711939044653604 ) ) ;
#511 = ORIENTED_EDGE ( 'NONE', *, *, #4547, .F. ) ;
#512 = VECTOR ( 'NONE', #2422, 1000.000000000000000 ) ;
#513 = EDGE_CURVE ( 'NONE', #5230, #4311, #1031, .T. ) ;
#514 =( BOUNDED_CURVE ( )  B_SPLINE_CURVE ( 3, ( #5465, #3856, #4161, #2552 ),
 .UNSPECIFIED., .F., .T. ) 
 B_SPLINE_CURVE_WITH_KNOTS ( ( 4, 4 ),
 ( 3.773877097876503939, 4.441853286942891721 ),
 .UNSPECIFIED. ) 
 CURVE ( )  GEOMETRIC_REPRESENTATION_ITEM ( )  RATIONAL_B_SPLINE_CURVE ( ( 1.000000000000000000, 0.9631616729203271721, 0.9631616729203271721, 1.000000000000000000 ) ) 
 REPRESENTATION_ITEM ( '' )  );
#515 = CARTESIAN_POINT ( 'NONE',  ( -76.09336466201399674, 46.00000000000000000, -14.00000000000000000 ) ) ;
#516 = CARTESIAN_POINT ( 'NONE',  ( 63.89768832408483945, 64.29485628078595028, -16.47483932149079777 ) ) ;
#517 = CARTESIAN_POINT ( 'NONE',  ( -72.89830528885710237, 57.41502476473658589, -14.00000000000001243 ) ) ;
#518 = CARTESIAN_POINT ( 'NONE',  ( 12.12435565298206086, 45.99999999999999289, 7.000000000000141220 ) ) ;
#519 = FACE_OUTER_BOUND ( 'NONE', #4216, .T. ) ;
#520 = CARTESIAN_POINT ( 'NONE',  ( -16.63872370371824161, 66.12567138047573678, -61.80628083038573806 ) ) ;
#521 = CARTESIAN_POINT ( 'NONE',  ( -28.12142052291073568, 61.00000000000000000, 76.70772912668981292 ) ) ;
#522 = CARTESIAN_POINT ( 'NONE',  ( 47.34723682905874398, 71.93707881959346651, -33.03794013008241848 ) ) ;
#523 = CARTESIAN_POINT ( 'NONE',  ( -19.72388617156855872, 67.84252944039401712, 62.20625838209301151 ) ) ;
#524 = B_SPLINE_CURVE_WITH_KNOTS ( 'NONE', 3,
 ( #77, #3822, #1233, #805 ),
 .UNSPECIFIED., .F., .F.,
 ( 4, 4 ),
 ( 0.000000000000000000, 0.0004135464275951793037 ),
 .UNSPECIFIED. ) ;
#525 = VERTEX_POINT ( 'NONE', #4093 ) ;
#526 = CARTESIAN_POINT ( 'NONE',  ( 52.00854312969953952, 71.64007117013787251, -21.59561118745631347 ) ) ;
#527 = CARTESIAN_POINT ( 'NONE',  ( -73.04231581609158752, 47.93259350557822529, 15.64873215280309893 ) ) ;
#528 = ORIENTED_EDGE ( 'NONE', *, *, #4244, .T. ) ;
#529 = CARTESIAN_POINT ( 'NONE',  ( 20.37564434701726768, 0.000000000000000000, 63.29165124598868886 ) ) ;
#530 = CARTESIAN_POINT ( 'NONE',  ( -73.34366810320138086, 48.00576291639591631, -13.99999999997918998 ) ) ;
#531 = CARTESIAN_POINT ( 'NONE',  ( -50.40389004036388343, 50.03241630556050268, -54.59745953699381715 ) ) ;
#532 = CARTESIAN_POINT ( 'NONE',  ( -19.34193925435071293, 67.51982151313339386, -61.82739290959870004 ) ) ;
#533 = CARTESIAN_POINT ( 'NONE',  ( 36.31071512680282609, 74.75415042928037224, -35.05125872628133266 ) ) ;
#534 = VERTEX_POINT ( 'NONE', #2335 ) ;
#535 = DIRECTION ( 'NONE',  ( -0.8660254037844363761, 0.000000000000000000, -0.5000000000000039968 ) ) ;
#536 = CARTESIAN_POINT ( 'NONE',  ( 36.57972236269607436, 77.22336664434854470, -33.24911009478987012 ) ) ;
#537 = VERTEX_POINT ( 'NONE', #4570 ) ;
#538 = CARTESIAN_POINT ( 'NONE',  ( 76.09237551173426084, 46.00000000000000000, -14.00000000000000000 ) ) ;
#539 = CARTESIAN_POINT ( 'NONE',  ( 41.40233032695833515, 80.04779311149647469, -13.61100229831976982 ) ) ;
#540 = CARTESIAN_POINT ( 'NONE',  ( -75.60992292567748052, 46.05586463635721373, -14.00000000000000178 ) ) ;
#541 = CARTESIAN_POINT ( 'NONE',  ( -18.03843840237007257, 67.85093932666330829, 59.24349180210513310 ) ) ;
#542 = CARTESIAN_POINT ( 'NONE',  ( 21.43830434527230011, 54.09044109429278535, 69.88583011875688555 ) ) ;
#543 = EDGE_CURVE ( 'NONE', #5174, #3461, #2430, .T. ) ;
#544 = CARTESIAN_POINT ( 'NONE',  ( -50.51564886200453941, 48.61675045524525984, 54.80089632839378311 ) ) ;
#545 = DIRECTION ( 'NONE',  ( 0.4999999999999919509, 0.000000000000000000, 0.8660254037844432595 ) ) ;
#546 = CARTESIAN_POINT ( 'NONE',  ( 38.94774123277986178, 74.07548691961756049, -34.27830443699782847 ) ) ;
#547 = EDGE_CURVE ( 'NONE', #4027, #5481, #253, .T. ) ;
#548 = DIRECTION ( 'NONE',  ( 8.949944318576885364E-17, 1.000000000000000000, 0.000000000000000000 ) ) ;
#549 = EDGE_LOOP ( 'NONE', ( #3707, #2841, #349, #4686, #3857, #5182 ) ) ;
#550 = B_SPLINE_CURVE_WITH_KNOTS ( 'NONE', 3,
 ( #5303, #1849, #4420, #3107, #527, #3557, #5275, #2271, #3160, #5221, #936, #4883, #4363, #3922, #3999, #998 ),
 .UNSPECIFIED., .F., .F.,
 ( 4, 2, 2, 2, 2, 2, 2, 4 ),
 ( -1.074445212798337040E-05, 0.0006067862582656701354, 0.001224316968659323792, 0.002459378389446648452, 0.003076909099840304494, 0.003694439810233960970, 0.004311970520627616578, 0.004929501231021273487 ),
 .UNSPECIFIED. ) ;
#551 = CARTESIAN_POINT ( 'NONE',  ( 25.30293057147859770, 46.22973997552809777, -72.02446550866028474 ) ) ;
#552 = VERTEX_POINT ( 'NONE', #217 ) ;
#553 = CARTESIAN_POINT ( 'NONE',  ( -45.14591466673007147, 66.22292686396977501, -45.20589269082905304 ) ) ;
#554 = DIRECTION ( 'NONE',  ( 0.000000000000000000, 0.000000000000000000, -1.000000000000000000 ) ) ;
#555 = CARTESIAN_POINT ( 'NONE',  ( -48.58930946422082542, 57.39959067743480148, -56.15915269671810961 ) ) ;
#556 = VERTEX_POINT ( 'NONE', #1971 ) ;
#557 = DIRECTION ( 'NONE',  ( 0.8660254037844432595, 0.000000000000000000, -0.4999999999999919509 ) ) ;
#558 = CARTESIAN_POINT ( 'NONE',  ( 43.48902528250116006, 71.64371062450466354, -35.72804997321692611 ) ) ;
#559 = ORIENTED_EDGE ( 'NONE', *, *, #3656, .F. ) ;
#560 = CARTESIAN_POINT ( 'NONE',  ( -60.25289740285172968, 68.87759478922421863, -5.616428445184247664 ) ) ;
#561 = CARTESIAN_POINT ( 'NONE',  ( 74.53166453491229504, 48.61675045524524563, -8.119265419093364459E-15 ) ) ;
#562 = CARTESIAN_POINT ( 'NONE',  ( 44.67347013246469345, 67.19961627837834328, -49.37672001983894887 ) ) ;
#563 = ORIENTED_EDGE ( 'NONE', *, *, #761, .F. ) ;
#564 = CARTESIAN_POINT ( 'NONE',  ( -50.17103798398982661, 46.00000000000000000, 58.89878685673661352 ) ) ;
#565 = CARTESIAN_POINT ( 'NONE',  ( -44.67347013246055809, 67.19961627839089147, -49.37672001983273873 ) ) ;
#566 = CARTESIAN_POINT ( 'NONE',  ( 68.87546675248940176, 58.45755855706298831, 16.41545347049860837 ) ) ;
#567 = CARTESIAN_POINT ( 'NONE',  ( 69.39801387527921861, 57.64672313975280105, -16.40762807781134569 ) ) ;
#568 = CARTESIAN_POINT ( 'NONE',  ( 0.000000000000000000, 49.00000000000000000, 0.000000000000000000 ) ) ;
#569 = DIRECTION ( 'NONE',  ( 0.8660254037844363761, 0.000000000000000000, 0.5000000000000039968 ) ) ;
#570 = CARTESIAN_POINT ( 'NONE',  ( -43.82405846928300974, 67.36036662748442438, -47.28259007551369564 ) ) ;
#571 = CARTESIAN_POINT ( 'NONE',  ( 50.20392574429095589, 71.19085941899506054, -30.41103503933121743 ) ) ;
#572 = CARTESIAN_POINT ( 'NONE',  ( 20.98379271469812224, 55.95718616389151379, 69.12947802408586995 ) ) ;
#573 = CARTESIAN_POINT ( 'NONE',  ( -20.20330940820280574, 64.16889629969530517, -62.99315837604437718 ) ) ;
#574 = ADVANCED_FACE ( 'NONE', ( #3716 ), #5433, .F. ) ;
#575 = CARTESIAN_POINT ( 'NONE',  ( 47.83722081298202511, 60.80372878173846374, -49.97913709421464290 ) ) ;
#576 = CARTESIAN_POINT ( 'NONE',  ( 51.08747539526558512, 69.52113046989529721, -30.67015168152552107 ) ) ;
#577 = CARTESIAN_POINT ( 'NONE',  ( 48.70138030737413715, 74.65318604098860078, -14.04533418325522121 ) ) ;
#578 = CARTESIAN_POINT ( 'NONE',  ( -17.37968718960716430, 67.11011714587893096, 60.77107372865079071 ) ) ;
#579 =( BOUNDED_CURVE ( )  B_SPLINE_CURVE ( 3, ( #145, #3994, #1845, #3612 ),
 .UNSPECIFIED., .F., .F. ) 
 B_SPLINE_CURVE_WITH_KNOTS ( ( 4, 4 ),
 ( 4.734879632031105956, 6.283185307179586232 ),
 .UNSPECIFIED. ) 
 CURVE ( )  GEOMETRIC_REPRESENTATION_ITEM ( )  RATIONAL_B_SPLINE_CURVE ( ( 1.000000000000000000, 0.8100090338589606143, 0.8100090338589606143, 1.000000000000000000 ) ) 
 REPRESENTATION_ITEM ( '' )  );
#580 = VECTOR ( 'NONE', #1578, 1000.000000000000114 ) ;
#581 = EDGE_CURVE ( 'NONE', #1374, #373, #4486, .T. ) ;
#582 = CARTESIAN_POINT ( 'NONE',  ( 20.29287252571016609, 69.32011107992944687, 63.14828624604980689 ) ) ;
#583 = EDGE_LOOP ( 'NONE', ( #3197, #4335, #4485, #906 ) ) ;
#584 = CARTESIAN_POINT ( 'NONE',  ( 31.29885835935419180, 81.55593070783805842, -24.66724077732002485 ) ) ;
#585 = VECTOR ( 'NONE', #2078, 1000.000000000000000 ) ;
#586 = CARTESIAN_POINT ( 'NONE',  ( -70.76314300612375519, 56.26540278044148380, -14.00000000001987388 ) ) ;
#587 = CARTESIAN_POINT ( 'NONE',  ( -48.49704453753899713, 51.19777907935481664, -55.99934515595308682 ) ) ;
#588 = ORIENTED_EDGE ( 'NONE', *, *, #4682, .T. ) ;
#589 = AXIS2_PLACEMENT_3D ( 'NONE', #889, #2197, #1796 ) ;
#590 = DIRECTION ( 'NONE',  ( -0.000000000000000000, -1.000000000000000000, -0.000000000000000000 ) ) ;
#591 = ORIENTED_EDGE ( 'NONE', *, *, #471, .T. ) ;
#592 = CARTESIAN_POINT ( 'NONE',  ( 62.11833194742296627, 66.45418853074183119, -14.00000000001566924 ) ) ;
#593 = DIRECTION ( 'NONE',  ( 0.000000000000000000, 1.000000000000000000, 0.000000000000000000 ) ) ;
#594 = VECTOR ( 'NONE', #3739, 1000.000000000000000 ) ;
#595 = VECTOR ( 'NONE', #5029, 1000.000000000000000 ) ;
#596 = VERTEX_POINT ( 'NONE', #5225 ) ;
#597 = CARTESIAN_POINT ( 'NONE',  ( 22.03138215252703702, 50.54137333704080959, 70.86819772924521033 ) ) ;
#598 = CARTESIAN_POINT ( 'NONE',  ( 18.25000000000000000, 85.56084588387216172, 2.234980408443919215E-15 ) ) ;
#599 = CARTESIAN_POINT ( 'NONE',  ( 12.12435565298216389, 60.99999999999988631, -6.999999999999960920 ) ) ;
#600 = DIRECTION ( 'NONE',  ( 0.8660254037844328234, 0.000000000000000000, 0.5000000000000101030 ) ) ;
#601 = AXIS2_PLACEMENT_3D ( 'NONE', #5437, #4430, #535 ) ;
#602 = CARTESIAN_POINT ( 'NONE',  ( -64.04942235729440370, 68.11553659766630631, 14.00000000000000000 ) ) ;
#603 = CARTESIAN_POINT ( 'NONE',  ( 31.46853013192323090, 79.46439414435330661, -22.11698310409541435 ) ) ;
#604 = CARTESIAN_POINT ( 'NONE',  ( -80.88563583943054880, 45.99999999999999289, -14.06854345165234044 ) ) ;
#605 = CARTESIAN_POINT ( 'NONE',  ( 44.96323996858634331, 70.32645668463828770, 49.09599629515041386 ) ) ;
#606 = PLANE ( 'NONE',  #980 ) ;
#607 = CARTESIAN_POINT ( 'NONE',  ( 20.96607231805041849, 56.03426478453756232, 69.09993629086412170 ) ) ;
#608 = CARTESIAN_POINT ( 'NONE',  ( 22.13259784580899847, 49.51133489086229389, -71.03520529326090127 ) ) ;
#609 = CARTESIAN_POINT ( 'NONE',  ( 29.94842186545707463, 71.49049528587673308, -57.76480556882524553 ) ) ;
#610 = CARTESIAN_POINT ( 'NONE',  ( 52.23456072936279782, 71.16411944596228523, -23.03695702326926664 ) ) ;
#611 = CARTESIAN_POINT ( 'NONE',  ( -62.32612144191296011, 67.19864238473657281, -14.60097118743567179 ) ) ;
#612 = LINE ( 'NONE', #641, #1167 ) ;
#613 = CARTESIAN_POINT ( 'NONE',  ( 15.80513287229710251, 67.42165079097327407, -60.38848733625282250 ) ) ;
#614 = ORIENTED_EDGE ( 'NONE', *, *, #543, .T. ) ;
#615 = DIRECTION ( 'NONE',  ( 0.000000000000000000, 0.000000000000000000, -1.000000000000000000 ) ) ;
#616 = CARTESIAN_POINT ( 'NONE',  ( -64.57274241378013357, 68.75925333859645150, -14.00000000000000000 ) ) ;
#617 = EDGE_CURVE ( 'NONE', #777, #1398, #2135, .T. ) ;
#618 = ORIENTED_EDGE ( 'NONE', *, *, #4578, .T. ) ;
#619 = CARTESIAN_POINT ( 'NONE',  ( -64.99999999999998579, 70.12954027454739503, 14.00000000000000000 ) ) ;
#620 = ORIENTED_EDGE ( 'NONE', *, *, #445, .T. ) ;
#621 = CARTESIAN_POINT ( 'NONE',  ( -64.99999999999998579, 71.45628046718184123, -2.877440614613567149 ) ) ;
#622 = CARTESIAN_POINT ( 'NONE',  ( 72.32922377359081167, 65.71575228053563933, -7.879337849749695569E-15 ) ) ;
#623 = CARTESIAN_POINT ( 'NONE',  ( 44.45202071415816647, 64.16889629970778230, -48.99315837603374035 ) ) ;
#624 = EDGE_CURVE ( 'NONE', #406, #2388, #3328, .T. ) ;
#625 = ORIENTED_EDGE ( 'NONE', *, *, #5001, .T. ) ;
#626 = CARTESIAN_POINT ( 'NONE',  ( -46.63079273949071535, 63.45883282103083189, -47.83447327730054610 ) ) ;
#627 = CARTESIAN_POINT ( 'NONE',  ( 70.79241559697686625, 55.08934122041001302, 16.38478488074730777 ) ) ;
#628 = CARTESIAN_POINT ( 'NONE',  ( -74.92538051898900164, 52.38165315073361228, 13.99999999999999467 ) ) ;
#629 = DIRECTION ( 'NONE',  ( -0.000000000000000000, -1.000000000000000000, -0.000000000000000000 ) ) ;
#630 = CARTESIAN_POINT ( 'NONE',  ( 27.83132322632065225, 65.48387241165299599, 58.98711303804059014 ) ) ;
#631 = CARTESIAN_POINT ( 'NONE',  ( 20.37564434701814875, 80.99999999999998579, -63.29165124598841174 ) ) ;
#632 = CARTESIAN_POINT ( 'NONE',  ( 21.08284758731779007, 65.95929522014935742, 64.51656318946660917 ) ) ;
#633 = LINE ( 'NONE', #4650, #585 ) ;
#634 = CARTESIAN_POINT ( 'NONE',  ( 51.70931896303899578, 72.61750168570176811, -17.54928009200219918 ) ) ;
#635 = CARTESIAN_POINT ( 'NONE',  ( 21.08284758732025210, 65.95929522014519364, -64.51656318946896818 ) ) ;
#636 = CARTESIAN_POINT ( 'NONE',  ( 33.64757749826452482, 65.67055975808290214, -55.62909706846309632 ) ) ;
#637 = CARTESIAN_POINT ( 'NONE',  ( 49.68503721610959900, 70.20479117075824149, -31.05336690603857264 ) ) ;
#638 = CARTESIAN_POINT ( 'NONE',  ( -60.87275177997356934, 67.18322181085426337, -15.75741201742422071 ) ) ;
#639 = ORIENTED_EDGE ( 'NONE', *, *, #2330, .F. ) ;
#640 = CARTESIAN_POINT ( 'NONE',  ( 68.04598584424412877, 59.75118097122498995, 16.42780588276216491 ) ) ;
#641 = CARTESIAN_POINT ( 'NONE',  ( -80.88563583943054880, 61.00000000000000000, -14.06854345165234044 ) ) ;
#642 = ORIENTED_EDGE ( 'NONE', *, *, #899, .T. ) ;
#643 = ADVANCED_FACE ( 'NONE', ( #5197 ), #3110, .T. ) ;
#644 = FACE_OUTER_BOUND ( 'NONE', #313, .T. ) ;
#645 = EDGE_LOOP ( 'NONE', ( #3747, #1453 ) ) ;
#646 = CARTESIAN_POINT ( 'NONE',  ( -49.86151216686311471, 47.53496170213771421, -55.85618044940712679 ) ) ;
#647 = CARTESIAN_POINT ( 'NONE',  ( -63.83021700212208316, 64.94776857186798225, -14.00000000000054534 ) ) ;
#648 = ORIENTED_EDGE ( 'NONE', *, *, #2274, .T. ) ;
#649 = DIRECTION ( 'NONE',  ( 0.000000000000000000, 0.000000000000000000, -1.000000000000000000 ) ) ;
#650 = EDGE_CURVE ( 'NONE', #1483, #3352, #461, .T. ) ;
#651 = ORIENTED_EDGE ( 'NONE', *, *, #4856, .F. ) ;
#652 = DIRECTION ( 'NONE',  ( 0.000000000000000000, 0.000000000000000000, 1.000000000000000000 ) ) ;
#653 = CARTESIAN_POINT ( 'NONE',  ( 73.95284459977531810, 55.22173470843915055, -14.00000000000000178 ) ) ;
#654 = CARTESIAN_POINT ( 'NONE',  ( 72.32922377359082589, 65.71575228053565354, 144.6584475471816233 ) ) ;
#655 = CARTESIAN_POINT ( 'NONE',  ( -48.65393309633854102, 58.45755855706299542, 51.44017716991646694 ) ) ;
#656 = ORIENTED_EDGE ( 'NONE', *, *, #4377, .T. ) ;
#657 = CARTESIAN_POINT ( 'NONE',  ( -45.54429556560990733, 65.53555765175975978, -50.88503391457053482 ) ) ;
#658 = CARTESIAN_POINT ( 'NONE',  ( -72.58459126990992161, 49.51133489086792849, 16.35021066041749549 ) ) ;
#659 = EDGE_CURVE ( 'NONE', #5497, #4190, #864, .T. ) ;
#660 = FACE_BOUND ( 'NONE', #1908, .T. ) ;
#661 = CARTESIAN_POINT ( 'NONE',  ( -75.81703671462719285, 45.85812873523628497, 13.99999999999998757 ) ) ;
#662 = CARTESIAN_POINT ( 'NONE',  ( 27.49504468921083244, 71.31128151840131579, 59.18126354195460692 ) ) ;
#663 = CARTESIAN_POINT ( 'NONE',  ( 64.99999999999998579, 0.000000000000000000, 14.00000000000000000 ) ) ;
#664 = CARTESIAN_POINT ( 'NONE',  ( 21.84489565140789225, 64.39652032117643898, 65.83646915428016655 ) ) ;
#665 = DIRECTION ( 'NONE',  ( 0.1713586291309668330, -0.000000000000000000, 0.9852087191160844304 ) ) ;
#666 = CARTESIAN_POINT ( 'NONE',  ( 17.31940965859699944, 64.95410340582364483, 62.96134323615283535 ) ) ;
#667 = CARTESIAN_POINT ( 'NONE',  ( 49.56165683116240928, 73.80579918306995069, -17.03376356356220001 ) ) ;
#668 = CARTESIAN_POINT ( 'NONE',  ( 20.42475882650108332, 67.19961627838256391, -63.37672001984012837 ) ) ;
#669 = FACE_OUTER_BOUND ( 'NONE', #5195, .T. ) ;
#670 = CARTESIAN_POINT ( 'NONE',  ( 53.26071178722144595, 70.61829152200940030, -22.80206823597352539 ) ) ;
#671 = DIRECTION ( 'NONE',  ( -0.8660254037844398178, 0.000000000000000000, 0.4999999999999980016 ) ) ;
#672 = ORIENTED_EDGE ( 'NONE', *, *, #3021, .F. ) ;
#673 = CARTESIAN_POINT ( 'NONE',  ( 72.24456889368644852, 51.06858755565809815, 16.35727458310304172 ) ) ;
#674 = EDGE_CURVE ( 'NONE', #2205, #999, #449, .T. ) ;
#675 = CARTESIAN_POINT ( 'NONE',  ( 48.81395609591887563, 56.45424203979328581, 56.54825207656940478 ) ) ;
#676 = B_SPLINE_CURVE_WITH_KNOTS ( 'NONE', 3,
 ( #4647, #2159, #4279, #5160, #821, #2186, #1284, #3020, #4675, #2104, #3405, #4738, #847, #5529, #403, #3044, #3487, #1675 ),
 .UNSPECIFIED., .F., .F.,
 ( 4, 2, 2, 2, 2, 2, 2, 2, 4 ),
 ( 0.000000000000000000, 0.003241508590931730348, 0.006483017181863460696, 0.009724525772795191911, 0.01134528006826106619, 0.01296603436372693874, 0.01944905154559043239, 0.02269056013652219483, 0.02593206872745395380 ),
 .UNSPECIFIED. ) ;
#677 = CARTESIAN_POINT ( 'NONE',  ( 60.21965821326771362, 67.94710706915046217, 13.97092247388243180 ) ) ;
#678 = ORIENTED_EDGE ( 'NONE', *, *, #3765, .T. ) ;
#679 = CARTESIAN_POINT ( 'NONE',  ( -19.90035552566578403, 68.11553659766630631, 62.46842685913570392 ) ) ;
#680 = CARTESIAN_POINT ( 'NONE',  ( 0.000000000000000000, 48.61675045524525984, 0.000000000000000000 ) ) ;
#681 = AXIS2_PLACEMENT_3D ( 'NONE', #2969, #799, #2870 ) ;
#682 = CARTESIAN_POINT ( 'NONE',  ( -50.03658622506257103, 47.05105508795750779, -58.66590957910975845 ) ) ;
#683 = DIRECTION ( 'NONE',  ( -0.000000000000000000, -1.000000000000000000, -0.000000000000000000 ) ) ;
#684 = STYLED_ITEM ( 'NONE', ( #5259 ), #1544 ) ;
#685 = VERTEX_POINT ( 'NONE', #3947 ) ;
#686 = CARTESIAN_POINT ( 'NONE',  ( 34.83311000584514971, 82.07836043717682628, -16.24862460243621953 ) ) ;
#687 = CARTESIAN_POINT ( 'NONE',  ( 60.07291266399119678, 67.51887975670250341, -16.50756627583225011 ) ) ;
#688 = CARTESIAN_POINT ( 'NONE',  ( -49.99297840204161503, 48.19300188175400024, -58.59037861402995873 ) ) ;
#689 = ORIENTED_EDGE ( 'NONE', *, *, #3931, .T. ) ;
#690 = CARTESIAN_POINT ( 'NONE',  ( 28.25910189633836467, 0.000000000000000000, 77.08328716403035230 ) ) ;
#691 = CIRCLE ( 'NONE', #3239, 82.10000000000000853 ) ;
#692 = EDGE_CURVE ( 'NONE', #3453, #4746, #2673, .T. ) ;
#693 = CARTESIAN_POINT ( 'NONE',  ( -72.10514368832154730, 51.58051168082837279, 16.36010227012985041 ) ) ;
#694 = CARTESIAN_POINT ( 'NONE',  ( -64.99999999999998579, 0.000000000000000000, 14.00000000000000000 ) ) ;
#695 = CIRCLE ( 'NONE', #796, 18.25000000000000000 ) ;
#696 = AXIS2_PLACEMENT_3D ( 'NONE', #3282, #3740, #5000 ) ;
#697 = AXIS2_PLACEMENT_3D ( 'NONE', #4984, #1099, #2845 ) ;
#698 = PLANE ( 'NONE',  #2425 ) ;
#699 = CARTESIAN_POINT ( 'NONE',  ( -72.71679280154886271, 48.61675045524525984, 16.34738703895265743 ) ) ;
#700 = CARTESIAN_POINT ( 'NONE',  ( 22.08666886388775197, 60.03922181401856761, 66.25523264217332553 ) ) ;
#701 = CARTESIAN_POINT ( 'NONE',  ( 41.41968793175724528, 74.55136132039608299, -34.62345922948976806 ) ) ;
#702 = PLANE ( 'NONE',  #2682 ) ;
#703 = EDGE_CURVE ( 'NONE', #1309, #849, #3137, .T. ) ;
#704 = CARTESIAN_POINT ( 'NONE',  ( 15.80513287229626940, 67.42165079097325986, 60.38848733625302145 ) ) ;
#705 = VECTOR ( 'NONE', #1219, 1000.000000000000000 ) ;
#706 = CARTESIAN_POINT ( 'NONE',  ( 49.05797846814201080, 75.91010247214195772, -16.54389028098565717 ) ) ;
#707 = CARTESIAN_POINT ( 'NONE',  ( 18.93481032073486503, 66.45418853072698084, -60.79605350715192458 ) ) ;
#708 = B_SPLINE_CURVE_WITH_KNOTS ( 'NONE', 3,
 ( #356, #4196, #3384, #4259, #2562, #2111, #3028, #5506, #2139, #1201, #4683, #5560, #5586, #1683, #3895, #2049, #2588, #1738 ),
 .UNSPECIFIED., .F., .F.,
 ( 4, 2, 2, 2, 2, 2, 2, 2, 4 ),
 ( -1.082020055211298367E-05, 0.0002984106444302614706, 0.0006076414894126359791, 0.001226103179377350519, 0.002463026559306784585, 0.003081488249271504328, 0.003699949939236224072, 0.004318411629200944249, 0.004936873319165663125 ),
 .UNSPECIFIED. ) ;
#709 = CARTESIAN_POINT ( 'NONE',  ( -12.12435565298220652, 80.99999999999998579, 6.999999999999887201 ) ) ;
#710 = CARTESIAN_POINT ( 'NONE',  ( 25.78437493449834150, 46.02785684633895613, -72.65984742795590989 ) ) ;
#711 = CARTESIAN_POINT ( 'NONE',  ( 28.25910189633944469, 53.49999999999999289, -77.08328716402995440 ) ) ;
#712 = VERTEX_POINT ( 'NONE', #5251 ) ;
#713 = AXIS2_PLACEMENT_3D ( 'NONE', #1900, #3210, #5451 ) ;
#714 = DIRECTION ( 'NONE',  ( -0.000000000000000000, -1.000000000000000000, -0.000000000000000000 ) ) ;
#715 = CIRCLE ( 'NONE', #681, 1.499999999999987566 ) ;
#716 = CARTESIAN_POINT ( 'NONE',  ( 20.21170396758268950, 68.93947535392156567, 63.00769817939590212 ) ) ;
#717 = CARTESIAN_POINT ( 'NONE',  ( -72.71679280154886271, 48.61675045524525984, -16.34738703895267875 ) ) ;
#718 = CARTESIAN_POINT ( 'NONE',  ( 18.51827132324327607, 67.19864738945655347, -61.27650245578110599 ) ) ;
#719 = CARTESIAN_POINT ( 'NONE',  ( 0.000000000000000000, 49.00000000000000000, -77.50708379720883556 ) ) ;
#720 = VERTEX_POINT ( 'NONE', #1770 ) ;
#721 = CARTESIAN_POINT ( 'NONE',  ( 18.17181231038259526, 67.97768854755386769, -59.04544239513667492 ) ) ;
#722 = DIRECTION ( 'NONE',  ( -0.000000000000000000, -1.000000000000000000, -0.000000000000000000 ) ) ;
#723 = CARTESIAN_POINT ( 'NONE',  ( 25.33310934557500360, 68.88246064476265929, 54.94817507130555612 ) ) ;
#724 = LINE ( 'NONE', #1641, #705 ) ;
#725 = EDGE_LOOP ( 'NONE', ( #3331, #2485, #3364, #93, #2902, #1368, #3057, #216, #3478 ) ) ;
#726 = EDGE_CURVE ( 'NONE', #3912, #5162, #4801, .T. ) ;
#727 = CARTESIAN_POINT ( 'NONE',  ( -44.62435565298201823, 0.000000000000000000, -49.29165124598860359 ) ) ;
#728 = CARTESIAN_POINT ( 'NONE',  ( -63.11538806915007171, 65.00834819740724413, 16.48216696689348382 ) ) ;
#729 = ORIENTED_EDGE ( 'NONE', *, *, #5499, .T. ) ;
#730 = CARTESIAN_POINT ( 'NONE',  ( -60.87278647604644277, 67.18321445489917210, 15.75737766612691715 ) ) ;
#731 = CARTESIAN_POINT ( 'NONE',  ( -44.39539769316134965, 67.42165079097325986, -43.88189024572411512 ) ) ;
#732 = CARTESIAN_POINT ( 'NONE',  ( -33.64757749824617150, 65.67055975807279822, 55.62909706847716507 ) ) ;
#733 = CARTESIAN_POINT ( 'NONE',  ( 19.28323741484348375, 69.15083099222287899, 61.39954693692319410 ) ) ;
#734 = DIRECTION ( 'NONE',  ( 0.000000000000000000, 1.000000000000000000, 0.000000000000000000 ) ) ;
#735 = CARTESIAN_POINT ( 'NONE',  ( 43.19573219220448124, 79.26880991561044709, -13.71473926766778462 ) ) ;
#736 = CARTESIAN_POINT ( 'NONE',  ( 18.00367913325285940, 67.94542186857916022, -59.14117188878202569 ) ) ;
#737 = EDGE_CURVE ( 'NONE', #4027, #5497, #2247, .T. ) ;
#738 = CARTESIAN_POINT ( 'NONE',  ( -25.78437493449784768, 46.02785684633894903, -72.65984742795606621 ) ) ;
#739 = DIRECTION ( 'NONE',  ( 0.9852087191160843194, 0.000000000000000000, 0.1713586291309669163 ) ) ;
#740 = ORIENTED_EDGE ( 'NONE', *, *, #2274, .F. ) ;
#741 = CARTESIAN_POINT ( 'NONE',  ( 73.42201695636704528, 46.94028658333848369, 14.00000000005174705 ) ) ;
#742 = VERTEX_POINT ( 'NONE', #2598 ) ;
#743 = CARTESIAN_POINT ( 'NONE',  ( 65.00000000000000000, 70.76234598748703775, -11.55489834951593409 ) ) ;
#744 = EDGE_CURVE ( 'NONE', #3804, #2896, #5210, .T. ) ;
#745 = CARTESIAN_POINT ( 'NONE',  ( -49.63021311722450690, 46.48927249478075652, -57.36606867313171421 ) ) ;
#746 = DIRECTION ( 'NONE',  ( -1.000000000000000000, 0.000000000000000000, 0.000000000000000000 ) ) ;
#747 = CARTESIAN_POINT ( 'NONE',  ( 64.04942235729444633, 68.11553659766627788, 14.00000000000000000 ) ) ;
#748 = EDGE_LOOP ( 'NONE', ( #507, #2994 ) ) ;
#749 = CARTESIAN_POINT ( 'NONE',  ( 31.63855621691778808, 82.16402295376089171, -21.40181477345347005 ) ) ;
#750 = CARTESIAN_POINT ( 'NONE',  ( -48.67342351914864906, 49.60266825054900863, 56.30484251348980962 ) ) ;
#751 = CARTESIAN_POINT ( 'NONE',  ( 49.63021311722412321, 46.48927249478074941, 57.36606867313207658 ) ) ;
#752 = CARTESIAN_POINT ( 'NONE',  ( -70.35978047656563206, 55.95718616389151379, 16.39224145336684657 ) ) ;
#753 = CARTESIAN_POINT ( 'NONE',  ( 61.23307001647722103, 67.16783077001774416, 13.99999999998140332 ) ) ;
#754 = CARTESIAN_POINT ( 'NONE',  ( -64.99999999999998579, 70.72916407250923498, -11.68455264953269257 ) ) ;
#755 = EDGE_LOOP ( 'NONE', ( #2572, #4258, #4425, #2515 ) ) ;
#756 = CARTESIAN_POINT ( 'NONE',  ( -60.97091537674126016, 66.83697915471586271, 16.50077390992048976 ) ) ;
#757 = EDGE_LOOP ( 'NONE', ( #4799, #4000, #1915, #588, #4247, #5097, #1030, #101, #178 ) ) ;
#758 = LINE ( 'NONE', #350, #3151 ) ;
#759 = CARTESIAN_POINT ( 'NONE',  ( -49.24586079572873842, 54.48109043193349521, 57.29633296066479886 ) ) ;
#760 = CARTESIAN_POINT ( 'NONE',  ( 20.42475882649940644, 67.19961627838253548, 63.37672001983909809 ) ) ;
#761 = EDGE_CURVE ( 'NONE', #1126, #1398, #5495, .T. ) ;
#762 = CARTESIAN_POINT ( 'NONE',  ( 48.83536413118994091, 46.94028658333521520, 56.58533188127913860 ) ) ;
#763 = CARTESIAN_POINT ( 'NONE',  ( 48.73210907982650753, 74.63559889653629398, -14.07001970981800909 ) ) ;
#764 = CARTESIAN_POINT ( 'NONE',  ( 44.62435565298167006, 70.12954027454739503, 49.29165124598891623 ) ) ;
#765 = CARTESIAN_POINT ( 'NONE',  ( -64.04942235729444633, 68.11553659766627788, -14.00000000000000000 ) ) ;
#766 = LINE ( 'NONE', #4286, #3254 ) ;
#767 = ORIENTED_EDGE ( 'NONE', *, *, #4768, .F. ) ;
#768 = CARTESIAN_POINT ( 'NONE',  ( 73.95284459977533231, 55.22173470845584120, 14.00000000000002309 ) ) ;
#769 = ORIENTED_EDGE ( 'NONE', *, *, #5178, .F. ) ;
#770 = EDGE_CURVE ( 'NONE', #3409, #5606, #1968, .T. ) ;
#771 = CARTESIAN_POINT ( 'NONE',  ( 40.34342476877095862, 67.23095725379852183, -23.70003110580688599 ) ) ;
#772 = CARTESIAN_POINT ( 'NONE',  ( 75.73724549811923623, 48.19300188175394339, -14.00000000000003197 ) ) ;
#773 = CARTESIAN_POINT ( 'NONE',  ( 33.11931411485905841, 79.53285447904720229, -30.09135123076135088 ) ) ;
#774 = CARTESIAN_POINT ( 'NONE',  ( -60.25896109168540704, 69.04857540238333513, -1.386978663525960442 ) ) ;
#775 = ADVANCED_FACE ( 'NONE', ( #3480 ), #404, .F. ) ;
#776 = CARTESIAN_POINT ( 'NONE',  ( -24.99654058329069883, 54.48432739547294545, 71.29527830371512209 ) ) ;
#777 = VERTEX_POINT ( 'NONE', #3625 ) ;
#778 = CARTESIAN_POINT ( 'NONE',  ( 32.94596178407539355, 82.31911592023094215, -18.44692326285998618 ) ) ;
#779 = CARTESIAN_POINT ( 'NONE',  ( -48.83198328396183996, 45.87307673031754263, 56.57947608217424573 ) ) ;
#780 = CARTESIAN_POINT ( 'NONE',  ( -12.12435565298215856, 45.99999999999999289, 6.999999999999972466 ) ) ;
#781 = CARTESIAN_POINT ( 'NONE',  ( 24.13526817638743438, 68.78253537071576318, 55.63565121850753314 ) ) ;
#782 = LINE ( 'NONE', #2987, #407 ) ;
#783 = CARTESIAN_POINT ( 'NONE',  ( -46.09236880815256399, 64.39919800490793023, -51.83432461692348170 ) ) ;
#784 = ORIENTED_EDGE ( 'NONE', *, *, #1671, .F. ) ;
#785 = VECTOR ( 'NONE', #2807, 1000.000000000000000 ) ;
#786 = CARTESIAN_POINT ( 'NONE',  ( 48.42478646401026054, 51.72162299948365671, 55.87419050137832244 ) ) ;
#787 = DIRECTION ( 'NONE',  ( -0.5000000000000039968, 0.000000000000000000, 0.8660254037844363761 ) ) ;
#788 = ORIENTED_EDGE ( 'NONE', *, *, #912, .T. ) ;
#789 = CARTESIAN_POINT ( 'NONE',  ( 36.11425322312425124, 68.78253537071577739, -48.71958097715558722 ) ) ;
#790 = CARTESIAN_POINT ( 'NONE',  ( -34.93374111393522696, 68.91564237809743076, -49.40663274779609537 ) ) ;
#791 = CARTESIAN_POINT ( 'NONE',  ( -60.23516308986387457, 68.38002314025985129, -11.05123572594847303 ) ) ;
#792 = VECTOR ( 'NONE', #446, 1000.000000000000000 ) ;
#793 = ADVANCED_FACE ( 'NONE', ( #186 ), #2566, .F. ) ;
#794 = B_SPLINE_CURVE_WITH_KNOTS ( 'NONE', 3,
 ( #5299, #3157, #523, #4476, #3996, #4024, #2268, #4881, #996, #5331, #578, #1792, #112, #5246, #1415, #4848 ),
 .UNSPECIFIED., .F., .F.,
 ( 4, 2, 2, 2, 2, 2, 2, 4 ),
 ( 0.000000000000000000, 0.0006220389796314278403, 0.001244077959262855681, 0.001866116938894283629, 0.002488155918525711361, 0.003732233877788548610, 0.004354272857419967668, 0.004976311837051386293 ),
 .UNSPECIFIED. ) ;
#795 = CARTESIAN_POINT ( 'NONE',  ( 39.46210960779333021, 78.34135856804853404, -13.84197036414682991 ) ) ;
#796 = AXIS2_PLACEMENT_3D ( 'NONE', #2019, #3864, #826 ) ;
#797 = CARTESIAN_POINT ( 'NONE',  ( 44.61365582388757645, 69.92061267400556801, 49.27311859836564167 ) ) ;
#798 = ORIENTED_EDGE ( 'NONE', *, *, #5078, .T. ) ;
#799 = DIRECTION ( 'NONE',  ( -0.000000000000000000, 1.000000000000000000, -0.000000000000000000 ) ) ;
#800 = FACE_OUTER_BOUND ( 'NONE', #1702, .T. ) ;
#801 = CARTESIAN_POINT ( 'NONE',  ( -21.47756107892629984, 65.17649743225113923, -65.20022701136446130 ) ) ;
#802 = CARTESIAN_POINT ( 'NONE',  ( 29.06471544427518694, 80.14654811554741798, -21.39777445045999826 ) ) ;
#803 = CARTESIAN_POINT ( 'NONE',  ( 68.91582954734199973, 63.37520769591046843, 13.99999999999998046 ) ) ;
#804 = EDGE_LOOP ( 'NONE', ( #2168, #1093, #4333, #5124 ) ) ;
#805 = CARTESIAN_POINT ( 'NONE',  ( -50.03308624045984487, 46.02785684633902008, -58.65984742795746598 ) ) ;
#806 = CARTESIAN_POINT ( 'NONE',  ( -25.30292869226697761, 46.22974096026082691, -72.02446358153066797 ) ) ;
#807 = AXIS2_PLACEMENT_3D ( 'NONE', #165, #481, #600 ) ;
#808 = CARTESIAN_POINT ( 'NONE',  ( 32.75421548308347752, 79.82325989003807365, -29.52378530908936582 ) ) ;
#809 = CARTESIAN_POINT ( 'NONE',  ( -21.47657362867253639, 65.17850407179143701, 65.19851669735321309 ) ) ;
#810 = ORIENTED_EDGE ( 'NONE', *, *, #3546, .F. ) ;
#811 = CARTESIAN_POINT ( 'NONE',  ( 30.79209013378480009, 80.39275898494170747, -17.10425156969010274 ) ) ;
#812 = CARTESIAN_POINT ( 'NONE',  ( -46.43619266064531814, 63.85246432331037880, 47.48928928490823154 ) ) ;
#813 = CARTESIAN_POINT ( 'NONE',  ( -49.63021275016896539, 46.48927481284921015, 57.36606425707124401 ) ) ;
#814 = CARTESIAN_POINT ( 'NONE',  ( -72.38935063020871041, 50.54137333704080959, 16.35436224005046313 ) ) ;
#815 = EDGE_CURVE ( 'NONE', #3774, #4061, #4808, .T. ) ;
#816 = DIRECTION ( 'NONE',  ( 0.000000000000000000, 1.000000000000000000, 0.000000000000000000 ) ) ;
#817 = VERTEX_POINT ( 'NONE', #2957 ) ;
#818 = CARTESIAN_POINT ( 'NONE',  ( 47.23285297371665337, 57.23846896689860841, 53.80970113690915468 ) ) ;
#819 = CARTESIAN_POINT ( 'NONE',  ( -28.93414206513980247, 69.04912902142146436, -52.87594274620735746 ) ) ;
#820 = ORIENTED_EDGE ( 'NONE', *, *, #3055, .F. ) ;
#821 = CARTESIAN_POINT ( 'NONE',  ( -75.19910997705312639, 51.39998651261345941, 14.00000000000002487 ) ) ;
#822 = EDGE_CURVE ( 'NONE', #1970, #5135, #1636, .T. ) ;
#823 = DIRECTION ( 'NONE',  ( -0.8660254037844363761, 0.000000000000000000, -0.5000000000000039968 ) ) ;
#824 = ORIENTED_EDGE ( 'NONE', *, *, #3765, .F. ) ;
#825 = CARTESIAN_POINT ( 'NONE',  ( 39.99878383603877552, 78.39280751273506098, -11.46954709516695026 ) ) ;
#826 = DIRECTION ( 'NONE',  ( -1.000000000000000000, 0.000000000000000000, 0.000000000000000000 ) ) ;
#827 = VERTEX_POINT ( 'NONE', #2122 ) ;
#828 = CARTESIAN_POINT ( 'NONE',  ( -24.99714948976366102, 54.48109043193349521, -71.29633296066533887 ) ) ;
#829 = CARTESIAN_POINT ( 'NONE',  ( 28.85461696447215374, 79.90139835813064906, -23.04867785017854231 ) ) ;
#830 = CARTESIAN_POINT ( 'NONE',  ( 66.83987982525519556, 65.53555765175977399, 13.99999999999998046 ) ) ;
#831 = ORIENTED_EDGE ( 'NONE', *, *, #3951, .F. ) ;
#832 = LINE ( 'NONE', #2949, #4490 ) ;
#833 = CARTESIAN_POINT ( 'NONE',  ( -69.39801387527920440, 57.64672313975279394, -16.40762807781137056 ) ) ;
#834 = CARTESIAN_POINT ( 'NONE',  ( 0.000000000000000000, 46.00000000000000000, 0.000000000000000000 ) ) ;
#835 = CARTESIAN_POINT ( 'NONE',  ( -25.74426709607832109, 48.19300188175394339, 72.59037861402956082 ) ) ;
#836 = EDGE_LOOP ( 'NONE', ( #3680, #5631, #4278, #672 ) ) ;
#837 = CARTESIAN_POINT ( 'NONE',  ( -49.99357256924658088, 48.24151529171869868, 58.59140774181504696 ) ) ;
#838 = CARTESIAN_POINT ( 'NONE',  ( -5.385340666084914820E-16, 85.56084588387216172, 0.000000000000000000 ) ) ;
#839 = DIRECTION ( 'NONE',  ( 0.000000000000000000, 1.000000000000000000, 0.000000000000000000 ) ) ;
#840 = CARTESIAN_POINT ( 'NONE',  ( -22.49316449117887728, 70.76234598752695604, 62.06910042074284206 ) ) ;
#841 = CARTESIAN_POINT ( 'NONE',  ( 20.37564434701814875, 70.33830226810667341, -63.29165124598841174 ) ) ;
#842 = ORIENTED_EDGE ( 'NONE', *, *, #1017, .F. ) ;
#843 = EDGE_CURVE ( 'NONE', #1577, #2025, #5559, .T. ) ;
#844 = CARTESIAN_POINT ( 'NONE',  ( 48.49704453753651023, 51.19777907935475980, 55.99934515595346340 ) ) ;
#845 = CARTESIAN_POINT ( 'NONE',  ( -18.01065532998436680, 67.94710706914693787, -59.13721505684267044 ) ) ;
#846 = ORIENTED_EDGE ( 'NONE', *, *, #3277, .T. ) ;
#847 = CARTESIAN_POINT ( 'NONE',  ( -70.03338903277506233, 61.97525265978689646, 14.00000000000000178 ) ) ;
#848 = CARTESIAN_POINT ( 'NONE',  ( -45.72627238489131685, 65.17649743225113923, 51.20022701136387866 ) ) ;
#849 = VERTEX_POINT ( 'NONE', #3801 ) ;
#850 = EDGE_CURVE ( 'NONE', #1977, #4942, #4730, .T. ) ;
#851 = CARTESIAN_POINT ( 'NONE',  ( -24.39819146585429976, 46.80642417838993907, 71.40022063377753625 ) ) ;
#852 = ORIENTED_EDGE ( 'NONE', *, *, #4442, .T. ) ;
#853 = CARTESIAN_POINT ( 'NONE',  ( -76.23219817601714965, 45.99999999999999289, 14.00000000000000000 ) ) ;
#854 = B_SPLINE_CURVE_WITH_KNOTS ( 'NONE', 3,
 ( #3754, #3783, #323, #1227, #3383, #2048, #1200, #3408, #851, #4195, #293, #1625, #354, #5163, #4283, #3359 ),
 .UNSPECIFIED., .F., .F.,
 ( 4, 2, 2, 2, 2, 2, 2, 4 ),
 ( -1.074445212798500009E-05, 0.0006067862582656703523, 0.001224316968659325744, 0.002459378389446650187, 0.003076909099840307964, 0.003694439810233966174, 0.004311970520627623517, 0.004929501231021282161 ),
 .UNSPECIFIED. ) ;
#855 = CARTESIAN_POINT ( 'NONE',  ( -28.25910189633895442, 0.000000000000000000, -77.08328716403013914 ) ) ;
#856 = CARTESIAN_POINT ( 'NONE',  ( 60.23436888534779143, 68.35783077697472265, -11.22629262179929555 ) ) ;
#857 = CARTESIAN_POINT ( 'NONE',  ( -72.58857721167626664, 49.58324814417437665, -16.35013874407907863 ) ) ;
#858 = DIRECTION ( 'NONE',  ( 1.000000000000000000, 0.000000000000000000, 1.224646799147351482E-16 ) ) ;
#859 = EDGE_CURVE ( 'NONE', #1655, #4942, #2153, .T. ) ;
#860 = CARTESIAN_POINT ( 'NONE',  ( -22.89233886340618440, 61.97525265978688225, 67.65069401550145756 ) ) ;
#861 = VERTEX_POINT ( 'NONE', #4300 ) ;
#862 = CARTESIAN_POINT ( 'NONE',  ( -48.62157839395701586, 50.13673092389397112, 56.21504412252509297 ) ) ;
#863 = CARTESIAN_POINT ( 'NONE',  ( -49.72355080941974137, 46.22974096026082691, 57.92521082841422952 ) ) ;
#864 = LINE ( 'NONE', #67, #5582 ) ;
#865 = CARTESIAN_POINT ( 'NONE',  ( -15.63668970575781536, 67.38180933480941803, 60.48406389648479120 ) ) ;
#866 = CARTESIAN_POINT ( 'NONE',  ( -25.92183210288583695, 46.00000000000000000, 72.89793022746648887 ) ) ;
#867 = CARTESIAN_POINT ( 'NONE',  ( 44.89634827087834168, 66.79099053449102996, 49.76275627946964164 ) ) ;
#868 = CARTESIAN_POINT ( 'NONE',  ( -44.10695973597557895, 64.46462010858328995, -49.59036991789839988 ) ) ;
#869 = ORIENTED_EDGE ( 'NONE', *, *, #1772, .F. ) ;
#870 = CARTESIAN_POINT ( 'NONE',  ( 18.33676687713100151, 67.16491451319370753, 61.18168395791214920 ) ) ;
#871 = CARTESIAN_POINT ( 'NONE',  ( 47.97821099303611447, 54.28634147768845253, -55.10069909614264816 ) ) ;
#872 = ORIENTED_EDGE ( 'NONE', *, *, #56, .F. ) ;
#873 = B_SPLINE_CURVE_WITH_KNOTS ( 'NONE', 3,
 ( #2774, #538, #78, #1835 ),
 .UNSPECIFIED., .F., .F.,
 ( 4, 4 ),
 ( 0.000000000000000000, 0.0004135464275951780027 ),
 .UNSPECIFIED. ) ;
#874 = DIRECTION ( 'NONE',  ( 0.000000000000000000, -1.000000000000000000, -0.000000000000000000 ) ) ;
#875 = ORIENTED_EDGE ( 'NONE', *, *, #3421, .F. ) ;
#876 = MECHANICAL_DESIGN_GEOMETRIC_PRESENTATION_REPRESENTATION (  '', ( #684 ), #1604 ) ;
#877 = PLANE ( 'NONE',  #3511 ) ;
#878 = CARTESIAN_POINT ( 'NONE',  ( -23.72949968702285872, 54.28634147768617169, 69.10069909612684569 ) ) ;
#879 = EDGE_CURVE ( 'NONE', #4311, #1930, #3314, .T. ) ;
#880 = ORIENTED_EDGE ( 'NONE', *, *, #1889, .F. ) ;
#881 = VECTOR ( 'NONE', #3903, 1000.000000000000000 ) ;
#882 = CARTESIAN_POINT ( 'NONE',  ( -21.63939982122520433, 53.09967776846467302, -70.21941952555934563 ) ) ;
#883 = DIRECTION ( 'NONE',  ( -0.000000000000000000, -1.000000000000000000, -0.000000000000000000 ) ) ;
#884 = CARTESIAN_POINT ( 'NONE',  ( -72.71679280154886271, 48.61675045524525984, -16.34738703895267875 ) ) ;
#885 = VECTOR ( 'NONE', #3455, 1000.000000000000000 ) ;
#886 = ADVANCED_FACE ( 'NONE', ( #3770 ), #5094, .T. ) ;
#887 = VECTOR ( 'NONE', #151, 1000.000000000000000 ) ;
#888 = DIRECTION ( 'NONE',  ( -1.000000000000000000, 0.000000000000000000, 0.000000000000000000 ) ) ;
#889 = CARTESIAN_POINT ( 'NONE',  ( -12.12435565298201823, 60.99999999999988631, -7.000000000000214939 ) ) ;
#890 = VERTEX_POINT ( 'NONE', #1059 ) ;
#891 = CARTESIAN_POINT ( 'NONE',  ( 49.87731569815980492, 75.27341127633346218, -17.42601029498166909 ) ) ;
#892 = CARTESIAN_POINT ( 'NONE',  ( -80.88563583943054880, 45.99999999999999289, -14.06854345165234044 ) ) ;
#893 = CARTESIAN_POINT ( 'NONE',  ( -41.81015964162378395, 64.92052763310481112, 50.91642807077241883 ) ) ;
#894 = CARTESIAN_POINT ( 'NONE',  ( 48.58930946421784824, 57.39959067743481569, 56.15915269671397425 ) ) ;
#895 = CARTESIAN_POINT ( 'NONE',  ( 66.70000000000003126, 62.56337044103959499, 133.4000000000012562 ) ) ;
#896 = ORIENTED_EDGE ( 'NONE', *, *, #2202, .F. ) ;
#897 = CARTESIAN_POINT ( 'NONE',  ( 49.10077795288168545, 55.22173470843915766, -57.04504210554809163 ) ) ;
#898 = EDGE_LOOP ( 'NONE', ( #4227, #1026, #563, #3311 ) ) ;
#899 = EDGE_CURVE ( 'NONE', #4200, #817, #4087, .T. ) ;
#900 = CARTESIAN_POINT ( 'NONE',  ( 63.21507369283207822, 67.51982736465312485, -14.16308175491016108 ) ) ;
#901 = B_SPLINE_CURVE_WITH_KNOTS ( 'NONE', 3,
 ( #2098, #2009, #5154, #343, #5096, #5523, #2491, #4188, #754, #1581 ),
 .UNSPECIFIED., .F., .F.,
 ( 4, 2, 2, 2, 4 ),
 ( 5.930039991318292298E-16, 0.007019715665749615315, 0.01403943133149863735, 0.02105914699724766026, 0.02807886266299668143 ),
 .UNSPECIFIED. ) ;
#902 = PLANE ( 'NONE',  #968 ) ;
#903 = EDGE_LOOP ( 'NONE', ( #511, #2465, #5570, #3069 ) ) ;
#904 = DIRECTION ( 'NONE',  ( 0.000000000000000000, 0.000000000000000000, -1.000000000000000000 ) ) ;
#905 = CARTESIAN_POINT ( 'NONE',  ( -19.57914955337980345, 65.33113625351134601, 61.91208179544612733 ) ) ;
#906 = ORIENTED_EDGE ( 'NONE', *, *, #4179, .F. ) ;
#907 = CARTESIAN_POINT ( 'NONE',  ( -24.24833323157584886, 51.19777907935598193, -69.99934515595320761 ) ) ;
#908 = EDGE_CURVE ( 'NONE', #5149, #1757, #184, .T. ) ;
#909 = LINE ( 'NONE', #2639, #5589 ) ;
#910 = CARTESIAN_POINT ( 'NONE',  ( 37.06952709587994832, 74.99548791543280402, -33.53802622361591546 ) ) ;
#911 = CARTESIAN_POINT ( 'NONE',  ( -72.00000000000000000, 60.99999999999999289, -14.00000000000000000 ) ) ;
#912 = EDGE_CURVE ( 'NONE', #1674, #3671, #4603, .T. ) ;
#913 = LINE ( 'NONE', #2387, #4230 ) ;
#914 = ORIENTED_EDGE ( 'NONE', *, *, #2980, .F. ) ;
#915 = CARTESIAN_POINT ( 'NONE',  ( -48.90842966887095855, 57.64672313975278684, -51.89662894927121783 ) ) ;
#916 = CARTESIAN_POINT ( 'NONE',  ( 50.24199361207740111, 76.18699096226941947, 0.000000000000000000 ) ) ;
#917 = CARTESIAN_POINT ( 'NONE',  ( 48.90842966887061039, 57.64672313975280105, 51.89662894927155889 ) ) ;
#918 = CARTESIAN_POINT ( 'NONE',  ( 37.74492186285092998, 74.07394246484406608, -35.56606223606357986 ) ) ;
#919 = EDGE_LOOP ( 'NONE', ( #979, #4120, #1365, #376, #2828, #468, #4753, #73 ) ) ;
#920 = CARTESIAN_POINT ( 'NONE',  ( 72.82751238113398529, 48.33919397457057698, 16.06109714981073822 ) ) ;
#921 = ORIENTED_EDGE ( 'NONE', *, *, #2576, .F. ) ;
#922 = CARTESIAN_POINT ( 'NONE',  ( -8.465450562766808523E-14, 60.99999999999988631, -14.00000000000000000 ) ) ;
#923 = CARTESIAN_POINT ( 'NONE',  ( 70.35978047656563206, 55.95718616389151379, -16.39224145336684657 ) ) ;
#924 = CARTESIAN_POINT ( 'NONE',  ( 44.14906683162959666, 68.11553659766627788, -48.46842685913578208 ) ) ;
#925 = CARTESIAN_POINT ( 'NONE',  ( -76.23219817601714965, 45.99999999999999289, -14.00000000000000000 ) ) ;
#926 = CARTESIAN_POINT ( 'NONE',  ( -23.25721585009728543, 56.26540278045385435, 68.28267949494782840 ) ) ;
#927 = CARTESIAN_POINT ( 'NONE',  ( 22.98414166774780298, 57.23846896689933317, 67.80970113691688539 ) ) ;
#928 = CARTESIAN_POINT ( 'NONE',  ( 49.98217194408945119, 71.22279978742443518, -30.69725765097546599 ) ) ;
#929 = ORIENTED_EDGE ( 'NONE', *, *, #2919, .F. ) ;
#930 = CARTESIAN_POINT ( 'NONE',  ( 25.33833460651118230, 52.38165315072528472, -71.88728291765741574 ) ) ;
#931 = FACE_OUTER_BOUND ( 'NONE', #70, .T. ) ;
#932 = CARTESIAN_POINT ( 'NONE',  ( 42.02084595113209531, 72.70828024160185521, -34.64100596038177571 ) ) ;
#933 = CARTESIAN_POINT ( 'NONE',  ( 20.21138338954604663, 68.93822299895370520, -63.00714292194683708 ) ) ;
#934 = EDGE_CURVE ( 'NONE', #3914, #2896, #4677, .T. ) ;
#935 = ORIENTED_EDGE ( 'NONE', *, *, #5307, .T. ) ;
#936 = CARTESIAN_POINT ( 'NONE',  ( -74.49557934478697518, 46.48927249478076362, 14.29799101818638896 ) ) ;
#937 = ORIENTED_EDGE ( 'NONE', *, *, #2788, .F. ) ;
#938 = FACE_OUTER_BOUND ( 'NONE', #4698, .T. ) ;
#939 = CARTESIAN_POINT ( 'NONE',  ( 0.000000000000000000, 48.61675045524525984, 0.000000000000000000 ) ) ;
#940 = CARTESIAN_POINT ( 'NONE',  ( -52.62653394309135280, 61.00000000000000000, -63.01474371237779337 ) ) ;
#941 = ADVANCED_FACE ( 'NONE', ( #4943 ), #1583, .F. ) ;
#942 = CARTESIAN_POINT ( 'NONE',  ( -2.693117830258380211E-16, 85.56084588387216172, 0.000000000000000000 ) ) ;
#943 = ORIENTED_EDGE ( 'NONE', *, *, #822, .T. ) ;
#944 =( BOUNDED_SURFACE ( )  B_SPLINE_SURFACE ( 3, 3, ( 
 ( #561, #4460, #2226, #4429 ),
 ( #622, #654, #5007, #2803 ),
 ( #1940, #5370, #4124, #188 ),
 ( #3259, #1974, #3682, #1489 ) ),
 .UNSPECIFIED., .F., .F., .F. ) 
 B_SPLINE_SURFACE_WITH_KNOTS ( ( 4, 4 ),
 ( 4, 4 ),
 ( 0.000000000000000000, 1.000000000000000000 ),
 ( 0.000000000000000000, 1.000000000000000000 ),
 .UNSPECIFIED. ) 
 GEOMETRIC_REPRESENTATION_ITEM ( )  RATIONAL_B_SPLINE_SURFACE ( (
 ( 1.000000000000000000, 0.3333333333333334259, 0.3333333333333334259, 1.000000000000000000),
 ( 0.8772494175869485211, 0.2924164725289828959, 0.2924164725289828959, 0.8772494175869485211),
 ( 0.8772494175869485211, 0.2924164725289828959, 0.2924164725289828959, 0.8772494175869485211),
 ( 1.000000000000000000, 0.3333333333333334259, 0.3333333333333334259, 1.000000000000000000) ) ) 
 REPRESENTATION_ITEM ( '' )  SURFACE ( )  );
#945 = CARTESIAN_POINT ( 'NONE',  ( 48.83536413114533303, 46.94028658333340331, -56.58533188130346048 ) ) ;
#946 = VERTEX_POINT ( 'NONE', #1737 ) ;
#947 = CARTESIAN_POINT ( 'NONE',  ( 72.71679280154886271, 48.61675045524525984, 16.34738703895267165 ) ) ;
#948 = CARTESIAN_POINT ( 'NONE',  ( 64.99999999999998579, 70.33830226810675867, 14.00000000000000000 ) ) ;
#949 = CARTESIAN_POINT ( 'NONE',  ( -52.62653394309135280, 45.99999999999999289, -63.01474371237779337 ) ) ;
#950 = CARTESIAN_POINT ( 'NONE',  ( 35.36432645931432006, 81.96958772068629173, -15.80979659570324891 ) ) ;
#951 = CARTESIAN_POINT ( 'NONE',  ( -80.49155235178410805, 61.00000000000000000, -13.99999999999995381 ) ) ;
#952 = CARTESIAN_POINT ( 'NONE',  ( -12.12435565298211060, 0.000000000000000000, -7.000000000000057732 ) ) ;
#953 = CARTESIAN_POINT ( 'NONE',  ( -17.90883459806119049, 63.85246432331195621, 63.95956714160393375 ) ) ;
#954 = CARTESIAN_POINT ( 'NONE',  ( 72.71679280154886271, 48.61675045524525984, -16.34738703895265743 ) ) ;
#955 = CARTESIAN_POINT ( 'NONE',  ( 51.92246897635882164, 71.36911018755353098, -26.88628027155665379 ) ) ;
#956 = AXIS2_PLACEMENT_3D ( 'NONE', #195, #629, #3263 ) ;
#957 = CARTESIAN_POINT ( 'NONE',  ( 72.00000000000000000, 0.000000000000000000, -14.00000000000000000 ) ) ;
#958 = AXIS2_PLACEMENT_3D ( 'NONE', #2712, #1802, #3622 ) ;
#959 = CARTESIAN_POINT ( 'NONE',  ( 4.852638573011457339E-16, 96.99999999999998579, 0.000000000000000000 ) ) ;
#960 = B_SPLINE_CURVE_WITH_KNOTS ( 'NONE', 3,
 ( #1195, #3751, #4988, #1529, #168, #2044, #5380, #1950, #3692, #5472, #3324, #3236, #1498, #1589, #2939, #4193 ),
 .UNSPECIFIED., .F., .F.,
 ( 4, 2, 2, 2, 2, 2, 2, 4 ),
 ( 0.000000000000000000, 0.002922268352081786470, 0.005844536704163572939, 0.008766805056245359842, 0.01168907340832714588, 0.01753361011249069887, 0.02045587846457248143, 0.02337814681665425012 ),
 .UNSPECIFIED. ) ;
#961 = CARTESIAN_POINT ( 'NONE',  ( 43.08789949551542975, 71.79853008293579819, -35.80509258132554606 ) ) ;
#962 = CARTESIAN_POINT ( 'NONE',  ( 64.89535547324334175, 69.51517159522332179, -14.00000000000000000 ) ) ;
#963 = CARTESIAN_POINT ( 'NONE',  ( -72.00000000000000000, 80.99999999999998579, 14.00000000000000000 ) ) ;
#964 = CIRCLE ( 'NONE', #3950, 1.499999999999983125 ) ;
#965 = EDGE_LOOP ( 'NONE', ( #4275, #2277, #1328, #2331 ) ) ;
#966 = CARTESIAN_POINT ( 'NONE',  ( 52.20829928185020208, 72.54693159650756229, -22.67231674871381131 ) ) ;
#967 = DIRECTION ( 'NONE',  ( 0.000000000000000000, 0.000000000000000000, -1.000000000000000000 ) ) ;
#968 = AXIS2_PLACEMENT_3D ( 'NONE', #482, #4376, #3934 ) ;
#969 = ORIENTED_EDGE ( 'NONE', *, *, #850, .T. ) ;
#970 = VECTOR ( 'NONE', #4374, 1000.000000000000000 ) ;
#971 = DIRECTION ( 'NONE',  ( -0.000000000000000000, -1.000000000000000000, -0.000000000000000000 ) ) ;
#972 = DIRECTION ( 'NONE',  ( 0.000000000000000000, 1.000000000000000000, 0.000000000000000000 ) ) ;
#973 = CARTESIAN_POINT ( 'NONE',  ( -71.63150105874353812, 53.09967776846410459, -16.36943979495315560 ) ) ;
#974 = CARTESIAN_POINT ( 'NONE',  ( -48.62157839396243020, 50.13673092389490904, -56.21504412253188576 ) ) ;
#975 = CIRCLE ( 'NONE', #2901, 10.50000000000000178 ) ;
#976 = ORIENTED_EDGE ( 'NONE', *, *, #5137, .T. ) ;
#977 = CARTESIAN_POINT ( 'NONE',  ( 31.68685865312778560, 77.21555919633507870, -31.64568684058867376 ) ) ;
#978 = ADVANCED_FACE ( 'NONE', ( #800 ), #2166, .F. ) ;
#979 = ORIENTED_EDGE ( 'NONE', *, *, #5207, .T. ) ;
#980 = AXIS2_PLACEMENT_3D ( 'NONE', #663, #4958, #5325 ) ;
#981 = CARTESIAN_POINT ( 'NONE',  ( 50.59889340631400501, 45.87634716325730722, -54.95257857073170982 ) ) ;
#982 = ORIENTED_EDGE ( 'NONE', *, *, #2323, .F. ) ;
#983 = CARTESIAN_POINT ( 'NONE',  ( 70.35978047656563206, 55.95718616389152089, 16.39224145336687144 ) ) ;
#984 = AXIS2_PLACEMENT_3D ( 'NONE', #4270, #1300, #2516 ) ;
#985 = LINE ( 'NONE', #2747, #5327 ) ;
#986 = EDGE_CURVE ( 'NONE', #1760, #4200, #1469, .T. ) ;
#987 = CARTESIAN_POINT ( 'NONE',  ( 34.34360010753155734, 79.55019628173950252, -16.70548636005017684 ) ) ;
#988 = CARTESIAN_POINT ( 'NONE',  ( 32.97744677126045332, 82.31774751102972232, -18.39850519886067914 ) ) ;
#989 = CARTESIAN_POINT ( 'NONE',  ( -75.19960044665735666, 51.39785929380892071, -13.99999999999999822 ) ) ;
#990 = CARTESIAN_POINT ( 'NONE',  ( -16.19536830028480523, 66.83697915471616113, 61.05274856320674814 ) ) ;
#991 = CARTESIAN_POINT ( 'NONE',  ( 25.78787491906654594, 47.05105508795783464, 72.66590957905589221 ) ) ;
#992 = DIRECTION ( 'NONE',  ( -1.000000000000000000, 8.950314809320438195E-17, 0.000000000000000000 ) ) ;
#993 = CARTESIAN_POINT ( 'NONE',  ( 63.73413903232222566, 67.84252621657638826, 14.02174324697130814 ) ) ;
#994 = CARTESIAN_POINT ( 'NONE',  ( 38.48931626819178575, 73.73357705609637947, -35.74762568513955330 ) ) ;
#995 = LINE ( 'NONE', #4023, #4147 ) ;
#996 = CARTESIAN_POINT ( 'NONE',  ( -18.33679222534105335, 67.16491873033099580, 61.18169684081365034 ) ) ;
#997 = ORIENTED_EDGE ( 'NONE', *, *, #3082, .T. ) ;
#998 = CARTESIAN_POINT ( 'NONE',  ( -75.81746117496030024, 46.02785684633895613, 14.00000000000000000 ) ) ;
#999 = VERTEX_POINT ( 'NONE', #604 ) ;
#1000 = DIRECTION ( 'NONE',  ( 0.5000000000000101030, 0.000000000000000000, -0.8660254037844328234 ) ) ;
#1001 = CARTESIAN_POINT ( 'NONE',  ( -75.35567716728733956, 50.61866292743543738, -14.00000000000001599 ) ) ;
#1002 = CARTESIAN_POINT ( 'NONE',  ( -49.99210123751879564, 53.09967776846373511, -53.84997973060954024 ) ) ;
#1003 = CARTESIAN_POINT ( 'NONE',  ( 40.60605435555878273, 71.01557896516720803, 51.61161858174103401 ) ) ;
#1004 = CARTESIAN_POINT ( 'NONE',  ( 32.76503437226259763, 76.58786845549502686, -32.77632156420419562 ) ) ;
#1005 = ORIENTED_EDGE ( 'NONE', *, *, #2411, .T. ) ;
#1006 = CARTESIAN_POINT ( 'NONE',  ( 66.41440648059730734, 65.95929522015353541, -14.00000000000000178 ) ) ;
#1007 = CARTESIAN_POINT ( 'NONE',  ( -50.35796847768165208, 50.54137333704083090, 54.51383548919398692 ) ) ;
#1008 = ORIENTED_EDGE ( 'NONE', *, *, #3241, .T. ) ;
#1009 = CARTESIAN_POINT ( 'NONE',  ( 22.13465309806478487, 49.58324814417438375, 71.03862126191955895 ) ) ;
#1010 = CARTESIAN_POINT ( 'NONE',  ( -44.65336037526439128, 63.77279572263768159, -49.34188889862373628 ) ) ;
#1011 = EDGE_CURVE ( 'NONE', #3917, #2205, #4573, .T. ) ;
#1012 = CARTESIAN_POINT ( 'NONE',  ( 49.62233710225418548, 46.58991269261758106, -57.18430314920215807 ) ) ;
#1013 = CARTESIAN_POINT ( 'NONE',  ( -8.465450562766808523E-14, 60.99999999999988631, 14.00000000000000000 ) ) ;
#1014 = DIRECTION ( 'NONE',  ( 0.000000000000000000, 0.000000000000000000, -1.000000000000000000 ) ) ;
#1015 = DIRECTION ( 'NONE',  ( 0.000000000000000000, 1.000000000000000000, 0.000000000000000000 ) ) ;
#1016 = CARTESIAN_POINT ( 'NONE',  ( 51.71079178314676739, 71.26602811674825944, -27.57047474526547148 ) ) ;
#1017 = EDGE_CURVE ( 'NONE', #4177, #306, #1955, .T. ) ;
#1018 = CARTESIAN_POINT ( 'NONE',  ( 0.000000000000000000, 61.00000000000000000, 0.000000000000000000 ) ) ;
#1019 = CARTESIAN_POINT ( 'NONE',  ( 39.82309435741562709, 68.36078836300482919, -46.56090641025487287 ) ) ;
#1020 = CARTESIAN_POINT ( 'NONE',  ( 43.41451214217644150, 72.13875637876849112, -34.51441270500315994 ) ) ;
#1021 = CARTESIAN_POINT ( 'NONE',  ( 20.29262180662719572, 69.31868612655860318, -63.14785198785786946 ) ) ;
#1022 = DIRECTION ( 'NONE',  ( 1.000000000000000000, 0.000000000000000000, 0.000000000000000000 ) ) ;
#1023 = ORIENTED_EDGE ( 'NONE', *, *, #3807, .T. ) ;
#1024 = CARTESIAN_POINT ( 'NONE',  ( -45.86641786960085909, 64.95410340582361641, -46.47972036097152682 ) ) ;
#1025 = CARTESIAN_POINT ( 'NONE',  ( -72.99444548196096605, 50.13673092389425534, -14.00000000000159694 ) ) ;
#1026 = ORIENTED_EDGE ( 'NONE', *, *, #5555, .T. ) ;
#1027 = CARTESIAN_POINT ( 'NONE',  ( 44.01025537338139770, 67.84252621657638826, -48.18451186683453358 ) ) ;
#1028 = CARTESIAN_POINT ( 'NONE',  ( -24.58327197799668440, 45.87307673031753552, -70.57947608217486390 ) ) ;
#1029 = PLANE ( 'NONE',  #3145 ) ;
#1030 = ORIENTED_EDGE ( 'NONE', *, *, #2224, .T. ) ;
#1031 = LINE ( 'NONE', #2801, #4867 ) ;
#1032 = CARTESIAN_POINT ( 'NONE',  ( -64.99999999999998579, 71.31128151839124030, -5.779224591929442489 ) ) ;
#1033 = CARTESIAN_POINT ( 'NONE',  ( -44.39539769316195361, 67.42165079097325986, 43.88189024572348984 ) ) ;
#1034 = VERTEX_POINT ( 'NONE', #2066 ) ;
#1035 = CARTESIAN_POINT ( 'NONE',  ( -46.58227042665205175, 63.37520769591045422, -52.68285911087478013 ) ) ;
#1036 = SURFACE_STYLE_FILL_AREA ( #3200 ) ;
#1037 = DIRECTION ( 'NONE',  ( -1.000000000000000000, 0.000000000000000000, 0.000000000000000000 ) ) ;
#1038 = CARTESIAN_POINT ( 'NONE',  ( 31.47523878934557828, 82.06892660854732924, -22.10642477201067280 ) ) ;
#1039 = CARTESIAN_POINT ( 'NONE',  ( 23.87564434701720728, 0.000000000000000000, 69.35382907247979745 ) ) ;
#1040 = CARTESIAN_POINT ( 'NONE',  ( 35.05157813454068361, 71.49049528587673308, 54.81849692315310563 ) ) ;
#1041 = CARTESIAN_POINT ( 'NONE',  ( -44.32382597378754241, 67.35917425946310289, -44.06619084867695335 ) ) ;
#1042 = CARTESIAN_POINT ( 'NONE',  ( 25.74486126328069702, 48.24151529171869868, 72.59140774181545908 ) ) ;
#1043 = CARTESIAN_POINT ( 'NONE',  ( 52.28572573259913980, 72.05034558377231235, -24.12499999999817746 ) ) ;
#1044 = CARTESIAN_POINT ( 'NONE',  ( 22.25519729061544183, 47.95356825464227057, -71.23746514324156465 ) ) ;
#1045 = CARTESIAN_POINT ( 'NONE',  ( 50.45392411361105900, 49.58324814417438375, -54.68848251784004333 ) ) ;
#1046 = EDGE_CURVE ( 'NONE', #4549, #2522, #782, .T. ) ;
#1047 = CARTESIAN_POINT ( 'NONE',  ( 21.84365750218869096, 64.39919800490791602, -65.83432461692328275 ) ) ;
#1048 = CARTESIAN_POINT ( 'NONE',  ( 0.000000000000000000, 43.00000000000000000, 0.000000000000000000 ) ) ;
#1049 = LINE ( 'NONE', #2230, #3964 ) ;
#1050 = ORIENTED_EDGE ( 'NONE', *, *, #5216, .T. ) ;
#1051 = CARTESIAN_POINT ( 'NONE',  ( 52.28572573259913270, -0.001999999999989062176, -24.12500000000006040 ) ) ;
#1052 = EDGE_CURVE ( 'NONE', #2305, #1483, #3064, .T. ) ;
#1053 = EDGE_LOOP ( 'NONE', ( #1480, #5579, #2253, #5620, #4387 ) ) ;
#1054 = CARTESIAN_POINT ( 'NONE',  ( 24.24046058635544654, 46.92052664020028629, 71.33294738826579362 ) ) ;
#1055 = VECTOR ( 'NONE', #3186, 1000.000000000000000 ) ;
#1056 = CARTESIAN_POINT ( 'NONE',  ( -68.04598584424412877, 59.75118097122498995, -16.42780588276216491 ) ) ;
#1057 = ORIENTED_EDGE ( 'NONE', *, *, #5145, .T. ) ;
#1058 = AXIS2_PLACEMENT_3D ( 'NONE', #952, #4378, #1312 ) ;
#1059 = CARTESIAN_POINT ( 'NONE',  ( -28.25910189633995628, 61.00000000000000000, 77.08328716402976966 ) ) ;
#1060 = CARTESIAN_POINT ( 'NONE',  ( 66.69999999999997442, 42.99999999999999289, -133.4000000000004036 ) ) ;
#1061 = ORIENTED_EDGE ( 'NONE', *, *, #3021, .T. ) ;
#1062 = CARTESIAN_POINT ( 'NONE',  ( -64.99999999999994316, 70.76547318469323500, -11.53538603531968398 ) ) ;
#1063 = DIRECTION ( 'NONE',  ( -0.000000000000000000, -1.000000000000000000, -0.000000000000000000 ) ) ;
#1064 = LINE ( 'NONE', #128, #41 ) ;
#1065 = EDGE_LOOP ( 'NONE', ( #329, #1942, #842, #4428, #1706, #3584 ) ) ;
#1066 = CARTESIAN_POINT ( 'NONE',  ( -45.33155889328259747, 65.95929522014517943, -50.51656318946653101 ) ) ;
#1067 = DIRECTION ( 'NONE',  ( 0.000000000000000000, 0.000000000000000000, -1.000000000000000000 ) ) ;
#1068 = CARTESIAN_POINT ( 'NONE',  ( 66.70000000000000284, 62.56337044103960210, 0.000000000000000000 ) ) ;
#1069 = CARTESIAN_POINT ( 'NONE',  ( 50.03308624046258046, 46.02785684633894903, -58.65984742795578910 ) ) ;
#1070 = CARTESIAN_POINT ( 'NONE',  ( 32.08799181080326690, 82.29605172310806438, -20.03605315319161662 ) ) ;
#1071 = CARTESIAN_POINT ( 'NONE',  ( -22.13465309806629122, 49.58324814417439086, 71.03862126191910420 ) ) ;
#1072 = CARTESIAN_POINT ( 'NONE',  ( 25.26247898935551817, 68.87759478923300094, 54.98875402506709520 ) ) ;
#1073 = CARTESIAN_POINT ( 'NONE',  ( -44.08268259391455501, 67.18321445489917210, -44.83869065433865586 ) ) ;
#1074 = CARTESIAN_POINT ( 'NONE',  ( 24.56617576439649753, 56.45032650170058020, 70.54986457160326552 ) ) ;
#1075 = CARTESIAN_POINT ( 'NONE',  ( 28.25910189633836467, 53.49999999999999289, 77.08328716403035230 ) ) ;
#1076 = AXIS2_PLACEMENT_3D ( 'NONE', #2344, #1493, #3119 ) ;
#1077 = CARTESIAN_POINT ( 'NONE',  ( 23.72949968702636525, 54.28634147769527374, -69.10069909614340133 ) ) ;
#1078 = CARTESIAN_POINT ( 'NONE',  ( 50.10630073282652575, 52.40596060623924757, -54.05696491306475338 ) ) ;
#1079 = CARTESIAN_POINT ( 'NONE',  ( 25.47519933554479721, 51.39998651261344520, -72.12433958210777973 ) ) ;
#1080 = PLANE ( 'NONE',  #431 ) ;
#1081 = CARTESIAN_POINT ( 'NONE',  ( 69.79433062989053838, 56.99209030536486154, 16.40152282395202121 ) ) ;
#1082 = DIRECTION ( 'NONE',  ( -0.9852087191160844304, 0.000000000000000000, -0.1713586291309663334 ) ) ;
#1083 = ORIENTED_EDGE ( 'NONE', *, *, #17, .F. ) ;
#1084 = EDGE_CURVE ( 'NONE', #1287, #209, #524, .T. ) ;
#1085 = CARTESIAN_POINT ( 'NONE',  ( -44.57203338960370331, 69.51517159522333600, -49.20102642745035126 ) ) ;
#1086 = ORIENTED_EDGE ( 'NONE', *, *, #3248, .T. ) ;
#1087 = CARTESIAN_POINT ( 'NONE',  ( 25.56266345812977292, 46.10331087986511989, 72.31830935635527169 ) ) ;
#1088 = CARTESIAN_POINT ( 'NONE',  ( 73.09813573235257422, 49.60266825055310136, -13.99999999999374012 ) ) ;
#1089 = CARTESIAN_POINT ( 'NONE',  ( -68.91582954734199973, 63.37520769591046843, -13.99999999999998046 ) ) ;
#1090 = ADVANCED_FACE ( 'NONE', ( #2684 ), #2541, .F. ) ;
#1091 = CARTESIAN_POINT ( 'NONE',  ( -48.83536413111998087, 46.94028658333634496, -56.58533188133259273 ) ) ;
#1092 = FACE_BOUND ( 'NONE', #5121, .T. ) ;
#1093 = ORIENTED_EDGE ( 'NONE', *, *, #908, .F. ) ;
#1094 = CARTESIAN_POINT ( 'NONE',  ( -20.54867555175551885, 68.38019243795174873, 57.68979884649534995 ) ) ;
#1095 = CARTESIAN_POINT ( 'NONE',  ( 70.41471449235662305, 61.51576396133796720, -13.99999999999998046 ) ) ;
#1096 = DIRECTION ( 'NONE',  ( 1.000000000000000000, 0.000000000000000000, 0.000000000000000000 ) ) ;
#1097 = ORIENTED_EDGE ( 'NONE', *, *, #2502, .F. ) ;
#1098 = CARTESIAN_POINT ( 'NONE',  ( -62.11833194742296627, 66.45418853074183119, 14.00000000001566924 ) ) ;
#1099 = DIRECTION ( 'NONE',  ( -0.000000000000000000, 1.000000000000000000, -0.000000000000000000 ) ) ;
#1100 = CARTESIAN_POINT ( 'NONE',  ( -21.76155449978598355, 52.40596060623923336, 70.42181178082262250 ) ) ;
#1101 = CARTESIAN_POINT ( 'NONE',  ( -75.81746117496030024, 46.02785684633895613, 14.00000000000000000 ) ) ;
#1102 = CARTESIAN_POINT ( 'NONE',  ( -28.25910189633895442, 61.00000000000000000, -77.08328716403013914 ) ) ;
#1103 = CARTESIAN_POINT ( 'NONE',  ( 19.90035552566450505, 68.11553659766627788, 62.46842685913616577 ) ) ;
#1104 = CARTESIAN_POINT ( 'NONE',  ( 21.88430766971828589, 51.58051168082149474, -70.62493731268031638 ) ) ;
#1105 = CARTESIAN_POINT ( 'NONE',  ( 64.99999999999998579, 0.000000000000000000, 14.00000000000000000 ) ) ;
#1106 = CARTESIAN_POINT ( 'NONE',  ( 50.39078350707134746, 70.11677784523557477, -30.15417782223615717 ) ) ;
#1107 = CARTESIAN_POINT ( 'NONE',  ( 51.29453741800726618, 72.95305059049196927, -16.87520266443858574 ) ) ;
#1108 = ORIENTED_EDGE ( 'NONE', *, *, #1506, .T. ) ;
#1109 = CARTESIAN_POINT ( 'NONE',  ( 75.08324980882184718, 51.79954327710279216, 14.00000000000001599 ) ) ;
#1110 = CARTESIAN_POINT ( 'NONE',  ( 43.29436413731188082, 65.72061995274594892, -24.24528540527308706 ) ) ;
#1111 = ORIENTED_EDGE ( 'NONE', *, *, #4114, .F. ) ;
#1112 =( BOUNDED_CURVE ( )  B_SPLINE_CURVE ( 3, ( #2182, #3907, #4301, #5623 ),
 .UNSPECIFIED., .F., .T. ) 
 B_SPLINE_CURVE_WITH_KNOTS ( ( 4, 4 ),
 ( 4.734879632031105956, 6.283185307179586232 ),
 .UNSPECIFIED. ) 
 CURVE ( )  GEOMETRIC_REPRESENTATION_ITEM ( )  RATIONAL_B_SPLINE_CURVE ( ( 1.000000000000000000, 0.8100090338589606143, 0.8100090338589606143, 1.000000000000000000 ) ) 
 REPRESENTATION_ITEM ( '' )  );
#1113 = FACE_OUTER_BOUND ( 'NONE', #3493, .T. ) ;
#1114 = ORIENTED_EDGE ( 'NONE', *, *, #4795, .F. ) ;
#1115 = CARTESIAN_POINT ( 'NONE',  ( 28.12142052291026317, 45.99999999999999289, -76.70772912668998345 ) ) ;
#1116 = LINE ( 'NONE', #2089, #512 ) ;
#1117 = EDGE_CURVE ( 'NONE', #5072, #3917, #1570, .T. ) ;
#1118 = CARTESIAN_POINT ( 'NONE',  ( -50.24045474099140307, 46.00000000000000000, 59.01902020676000404 ) ) ;
#1119 = CARTESIAN_POINT ( 'NONE',  ( 72.64169657945068082, 57.89293898239950664, 13.99999999999999289 ) ) ;
#1120 = ORIENTED_EDGE ( 'NONE', *, *, #2402, .T. ) ;
#1121 = CARTESIAN_POINT ( 'NONE',  ( 15.80513287229710251, 67.42165079097327407, -60.38848733625282250 ) ) ;
#1122 = CARTESIAN_POINT ( 'NONE',  ( -36.11425322312455677, 68.78253537071573476, 48.71958097715530300 ) ) ;
#1123 = EDGE_CURVE ( 'NONE', #4777, #3194, #2506, .T. ) ;
#1124 = CARTESIAN_POINT ( 'NONE',  ( -19.90035552566578403, 68.11553659766630631, 62.46842685913570392 ) ) ;
#1125 = FACE_OUTER_BOUND ( 'NONE', #3362, .T. ) ;
#1126 = VERTEX_POINT ( 'NONE', #1656 ) ;
#1127 = CARTESIAN_POINT ( 'NONE',  ( 0.000000000000000000, 43.00000000000000000, -66.70000000000000284 ) ) ;
#1128 = CARTESIAN_POINT ( 'NONE',  ( 23.87564434701818783, 60.99999999999999289, -69.35382907247948481 ) ) ;
#1129 = CARTESIAN_POINT ( 'NONE',  ( -71.70771068004097515, 54.28634147769194129, 14.00000000001146994 ) ) ;
#1130 = CARTESIAN_POINT ( 'NONE',  ( -44.14906683162993062, 68.11553659766627788, 48.46842685913546944 ) ) ;
#1131 = CARTESIAN_POINT ( 'NONE',  ( 37.55103773240803378, 71.34451325391479770, 53.37543325149579942 ) ) ;
#1132 = LINE ( 'NONE', #4583, #1266 ) ;
#1133 = CARTESIAN_POINT ( 'NONE',  ( 18.49217935530773360, 67.16783077007264069, 60.02939418599663668 ) ) ;
#1134 = CARTESIAN_POINT ( 'NONE',  ( 34.30541229523502977, 78.67772425197389907, -31.50068971208298052 ) ) ;
#1135 = CARTESIAN_POINT ( 'NONE',  ( 44.82547269858361716, 78.48529479507801909, -14.05265061095124501 ) ) ;
#1136 = CARTESIAN_POINT ( 'NONE',  ( 24.85206664690444001, 55.22173470844333565, -71.04504210552568111 ) ) ;
#1137 = CARTESIAN_POINT ( 'NONE',  ( 47.22223686493357064, 62.25354003921479773, -48.88375298030916838 ) ) ;
#1138 = CARTESIAN_POINT ( 'NONE',  ( 52.85617922766474663, 69.72006181091700228, -26.87639676075067641 ) ) ;
#1139 = DIRECTION ( 'NONE',  ( 0.3442034335729530214, 0.000000000000000000, -0.9388950933499384810 ) ) ;
#1140 = LINE ( 'NONE', #4595, #3347 ) ;
#1141 = ADVANCED_BREP_SHAPE_REPRESENTATION ( 'R7_ENG_2200_simplified_Zpilots', ( #1544, #4961 ), #3607 ) ;
#1142 = CARTESIAN_POINT ( 'NONE',  ( 0.000000000000000000, 80.99999999999998579, 14.00000000000000000 ) ) ;
#1143 = CARTESIAN_POINT ( 'NONE',  ( 24.39818602573539863, 46.80642804332620699, 71.40021809402540498 ) ) ;
#1144 = DIRECTION ( 'NONE',  ( -0.000000000000000000, -1.000000000000000000, -0.000000000000000000 ) ) ;
#1145 = FACE_BOUND ( 'NONE', #645, .T. ) ;
#1146 = VECTOR ( 'NONE', #2264, 1000.000000000000000 ) ;
#1147 = CARTESIAN_POINT ( 'NONE',  ( 39.86902352336286270, 76.55144540547695442, -79.73804704672596699 ) ) ;
#1148 = AXIS2_PLACEMENT_3D ( 'NONE', #3630, #4011, #4922 ) ;
#1149 = ORIENTED_EDGE ( 'NONE', *, *, #4715, .F. ) ;
#1150 = CARTESIAN_POINT ( 'NONE',  ( 31.99650611895665975, 82.26990342784550592, -20.31080429253085029 ) ) ;
#1151 = CARTESIAN_POINT ( 'NONE',  ( -63.89768832408483945, 64.29485628078595028, 16.47483932149079777 ) ) ;
#1152 = CARTESIAN_POINT ( 'NONE',  ( -80.49155235178410805, 46.00000000000000000, 13.99999999999998224 ) ) ;
#1153 = CARTESIAN_POINT ( 'NONE',  ( 74.49557934478697518, 46.48927249478076362, -14.29799101818638896 ) ) ;
#1154 = ORIENTED_EDGE ( 'NONE', *, *, #5618, .T. ) ;
#1155 = AXIS2_PLACEMENT_3D ( 'NONE', #959, #1315, #1361 ) ;
#1156 = EDGE_CURVE ( 'NONE', #537, #2305, #2114, .T. ) ;
#1157 = CARTESIAN_POINT ( 'NONE',  ( -63.53246871185788791, 64.62690840038925444, 16.47825089123593756 ) ) ;
#1158 = ORIENTED_EDGE ( 'NONE', *, *, #1355, .F. ) ;
#1159 = CARTESIAN_POINT ( 'NONE',  ( -51.59461799496918388, 79.00149741535467740, 6.318518378076945124E-15 ) ) ;
#1160 = AXIS2_PLACEMENT_3D ( 'NONE', #838, #1245, #2625 ) ;
#1161 = CARTESIAN_POINT ( 'NONE',  ( -32.54340325837124226, 69.04820565211826988, -50.79209706139321412 ) ) ;
#1162 = CARTESIAN_POINT ( 'NONE',  ( -37.16867677365750211, 65.48387241167327488, 53.59618945395741463 ) ) ;
#1163 = CARTESIAN_POINT ( 'NONE',  ( 25.78371113487796507, 47.11423984721405844, 72.65869769328945438 ) ) ;
#1164 = CARTESIAN_POINT ( 'NONE',  ( 44.30619536201312059, 73.16821524915087593, -34.32335475535216318 ) ) ;
#1165 = B_SPLINE_CURVE_WITH_KNOTS ( 'NONE', 3,
 ( #4252, #1224, #3435, #4331, #3861, #2495, #1754, #5628, #2130, #870, #1308, #3378, #1732, #436, #2582, #4306, #5183, #5553 ),
 .UNSPECIFIED., .F., .F.,
 ( 4, 2, 2, 2, 2, 2, 2, 2, 4 ),
 ( -1.082020055210739834E-05, 0.0002984106444302551822, 0.0006076414894126177645, 0.001226103179377342929, 0.002463026559306793258, 0.003081488249271512134, 0.003699949939236230577, 0.004318411629200949453, 0.004936873319165668329 ),
 .UNSPECIFIED. ) ;
#1166 = CARTESIAN_POINT ( 'NONE',  ( 31.37099767296456321, 81.30585568320373113, -25.63172291822203164 ) ) ;
#1167 = VECTOR ( 'NONE', #1082, 1000.000000000000227 ) ;
#1168 = EDGE_CURVE ( 'NONE', #3735, #552, #331, .T. ) ;
#1169 = CARTESIAN_POINT ( 'NONE',  ( 37.63924322301176062, 79.10570404526157517, -11.94737939569694518 ) ) ;
#1170 = CARTESIAN_POINT ( 'NONE',  ( 80.49155235178410805, 45.99999999999999289, -13.99999999999999112 ) ) ;
#1171 = CARTESIAN_POINT ( 'NONE',  ( -21.84489565140840384, 64.39652032117642477, -65.83646915427996760 ) ) ;
#1172 = CARTESIAN_POINT ( 'NONE',  ( 28.25910189633836467, 45.99999999999999289, 77.08328716403035230 ) ) ;
#1173 = ORIENTED_EDGE ( 'NONE', *, *, #5216, .F. ) ;
#1174 = AXIS2_PLACEMENT_3D ( 'NONE', #711, #2853, #2382 ) ;
#1175 = ORIENTED_EDGE ( 'NONE', *, *, #2316, .F. ) ;
#1176 = B_SPLINE_CURVE_WITH_KNOTS ( 'NONE', 3,
 ( #1103, #2848, #4959, #4618, #664, #2408, #4584, #4649, #2440, #1074, #4526, #4135, #3297, #231, #289, #3727, #1163, #5445 ),
 .UNSPECIFIED., .F., .F.,
 ( 4, 2, 2, 2, 2, 2, 2, 2, 4 ),
 ( -0.001263708229997874367, 0.001977653895833424158, 0.005219016021664722900, 0.01170174027332734554, 0.01332242133624299447, 0.01494310239915864341, 0.01818446452498994823, 0.02142582665082125304, 0.02466718877665255785 ),
 .UNSPECIFIED. ) ;
#1177 = CARTESIAN_POINT ( 'NONE',  ( -22.96894804134619505, 47.93260228642051146, -71.08086691936119905 ) ) ;
#1178 = DIRECTION ( 'NONE',  ( -0.4999999999999979461, 1.387778780781446267E-15, -0.8660254037844397068 ) ) ;
#1179 = CARTESIAN_POINT ( 'NONE',  ( -65.05800944453932289, 63.77279572263805818, -13.99999999999529976 ) ) ;
#1180 = B_SPLINE_CURVE_WITH_KNOTS ( 'NONE', 3,
 ( #2705, #4001, #1879, #1394, #2298, #5335, #4057, #2646, #4365, #2672 ),
 .UNSPECIFIED., .F., .F.,
 ( 4, 2, 2, 2, 4 ),
 ( 5.960283678688272244E-16, 0.007019715665749618784, 0.01403943133149864256, 0.02105914699724766720, 0.02807886266299668837 ),
 .UNSPECIFIED. ) ;
#1181 =( NAMED_UNIT ( * ) SI_UNIT ( $, .STERADIAN. ) SOLID_ANGLE_UNIT ( ) );
#1182 = CARTESIAN_POINT ( 'NONE',  ( -49.99357256924007942, 48.24151529171869868, -58.59140774180588807 ) ) ;
#1183 = CARTESIAN_POINT ( 'NONE',  ( -64.56976996564227989, 68.75439463849414778, 13.99999999999999822 ) ) ;
#1184 = ORIENTED_EDGE ( 'NONE', *, *, #2649, .F. ) ;
#1185 = CARTESIAN_POINT ( 'NONE',  ( -50.45199342410720789, 49.51133489086555528, 54.68499463284060624 ) ) ;
#1186 = CARTESIAN_POINT ( 'NONE',  ( 49.84816189516560314, 46.10331055350756202, 58.29707188652135841 ) ) ;
#1187 = CARTESIAN_POINT ( 'NONE',  ( -64.99999999994037125, 65.51688459736473646, 5.452655033219041769 ) ) ;
#1188 = DIRECTION ( 'NONE',  ( -0.9852087191160844304, 0.000000000000000000, 0.1713586291309667220 ) ) ;
#1189 = CARTESIAN_POINT ( 'NONE',  ( 74.84025266427300949, 46.30971102074855850, -14.15693274313738037 ) ) ;
#1190 = ORIENTED_EDGE ( 'NONE', *, *, #5056, .T. ) ;
#1191 = CARTESIAN_POINT ( 'NONE',  ( 1.500000000000003553, 76.99140126247186799, 3.000000000000035527 ) ) ;
#1192 = VERTEX_POINT ( 'NONE', #1128 ) ;
#1193 = CARTESIAN_POINT ( 'NONE',  ( -18.72345348080522598, 62.25354003921474799, 65.33753323871283669 ) ) ;
#1194 = CARTESIAN_POINT ( 'NONE',  ( -27.73434385180008732, 69.01561503458027858, -53.56727717247341047 ) ) ;
#1195 = CARTESIAN_POINT ( 'NONE',  ( -22.20114393954478516, 48.61675045524525984, -71.14828336734709069 ) ) ;
#1196 = CARTESIAN_POINT ( 'NONE',  ( 41.10159526179102585, 74.71360407736457887, -34.60754075748195646 ) ) ;
#1197 = EDGE_CURVE ( 'NONE', #4190, #4646, #5098, .T. ) ;
#1198 = CARTESIAN_POINT ( 'NONE',  ( 50.03658622502921816, 47.05105508795789149, 58.66590957905306425 ) ) ;
#1199 = CARTESIAN_POINT ( 'NONE',  ( 42.77127371989185178, 77.40204834613723506, -11.54476841887182736 ) ) ;
#1200 = CARTESIAN_POINT ( 'NONE',  ( -23.76509561665397996, 47.27665030204801155, 71.16893958456931557 ) ) ;
#1201 = CARTESIAN_POINT ( 'NONE',  ( -43.81650911529740000, 67.16491451319372175, 46.47094791782447487 ) ) ;
#1202 = CARTESIAN_POINT ( 'NONE',  ( 0.000000000000000000, 46.00000000000000000, 0.000000000000000000 ) ) ;
#1203 = EDGE_LOOP ( 'NONE', ( #1778, #2946, #5494, #3019, #2634, #378 ) ) ;
#1204 = CARTESIAN_POINT ( 'NONE',  ( 72.10514368832177468, 51.58051168082765514, 16.36010227012982554 ) ) ;
#1205 = EDGE_CURVE ( 'NONE', #5627, #2555, #5148, .T. ) ;
#1206 = ORIENTED_EDGE ( 'NONE', *, *, #294, .F. ) ;
#1207 = DIRECTION ( 'NONE',  ( -0.000000000000000000, -1.000000000000000000, -0.000000000000000000 ) ) ;
#1208 = CARTESIAN_POINT ( 'NONE',  ( 28.87508545269598770, 79.57588136914630184, -24.70728397442879398 ) ) ;
#1209 = CARTESIAN_POINT ( 'NONE',  ( 21.20656785621842033, 55.08934122040998460, -69.50042274262122532 ) ) ;
#1210 = CARTESIAN_POINT ( 'NONE',  ( -63.40701041272853189, 65.33113625350733855, -14.00000000000368061 ) ) ;
#1211 = LINE ( 'NONE', #2178, #4589 ) ;
#1212 = ORIENTED_EDGE ( 'NONE', *, *, #1842, .F. ) ;
#1213 = CARTESIAN_POINT ( 'NONE',  ( 33.10239388162153773, 79.67772562225148647, -18.21215087761180484 ) ) ;
#1214 = CARTESIAN_POINT ( 'NONE',  ( -49.80375207475191246, 54.09044109429429170, 53.50903123646341442 ) ) ;
#1215 = ADVANCED_FACE ( 'NONE', ( #4163 ), #2737, .F. ) ;
#1216 = DIRECTION ( 'NONE',  ( 0.4999999999999979461, 0.000000000000000000, 0.8660254037844397068 ) ) ;
#1217 = CARTESIAN_POINT ( 'NONE',  ( -63.18582752819851578, 64.95410340582363062, 16.48162287518126234 ) ) ;
#1218 = PLANE ( 'NONE',  #119 ) ;
#1219 = DIRECTION ( 'NONE',  ( 0.000000000000000000, -1.000000000000000000, 0.000000000000000000 ) ) ;
#1220 = ORIENTED_EDGE ( 'NONE', *, *, #3989, .F. ) ;
#1221 = CARTESIAN_POINT ( 'NONE',  ( 44.67347013246224208, 67.19961627838671347, 49.37672001983659698 ) ) ;
#1222 = CARTESIAN_POINT ( 'NONE',  ( -42.21591769869243649, 67.94542186850034682, -45.16222943546057422 ) ) ;
#1223 = VERTEX_POINT ( 'NONE', #544 ) ;
#1224 = CARTESIAN_POINT ( 'NONE',  ( 15.90226845510181874, 67.39059217359786658, 60.40348427856226721 ) ) ;
#1225 = FACE_OUTER_BOUND ( 'NONE', #748, .T. ) ;
#1226 = CARTESIAN_POINT ( 'NONE',  ( 42.18439254689624818, 79.71691822583288456, -13.62707984314496734 ) ) ;
#1227 = CARTESIAN_POINT ( 'NONE',  ( -22.81299171753059341, 48.06694853713079141, 71.08141333400463679 ) ) ;
#1228 = ORIENTED_EDGE ( 'NONE', *, *, #3284, .T. ) ;
#1229 = CARTESIAN_POINT ( 'NONE',  ( -24.56617576439697359, 56.45032650170060151, -70.54986457160312341 ) ) ;
#1230 = CARTESIAN_POINT ( 'NONE',  ( -5.385340666084914820E-16, 85.56084588387216172, 0.000000000000000000 ) ) ;
#1231 = CARTESIAN_POINT ( 'NONE',  ( 64.34502725871348616, 63.85246432331570787, 16.47027785670212907 ) ) ;
#1232 = ORIENTED_EDGE ( 'NONE', *, *, #2832, .T. ) ;
#1233 = CARTESIAN_POINT ( 'NONE',  ( -50.10143115645097822, 46.00941022204251851, -58.77822429488777090 ) ) ;
#1234 = ADVANCED_FACE ( 'NONE', ( #3965 ), #2661, .T. ) ;
#1235 = CARTESIAN_POINT ( 'NONE',  ( 65.00000000000000000, 71.49226878982210565, 1.420148913742232955 ) ) ;
#1236 = CARTESIAN_POINT ( 'NONE',  ( 30.54441464623981517, 77.94484123037607048, -30.07024162085968300 ) ) ;
#1237 = CARTESIAN_POINT ( 'NONE',  ( 19.48363861565886168, 67.61735050355589749, -61.95230384715803496 ) ) ;
#1238 = DIRECTION ( 'NONE',  ( -0.000000000000000000, -1.000000000000000000, -0.000000000000000000 ) ) ;
#1239 = B_SPLINE_CURVE_WITH_KNOTS ( 'NONE', 3,
 ( #3367, #3281, #5088, #1633, #1965 ),
 .UNSPECIFIED., .F., .F.,
 ( 4, 1, 4 ),
 ( 0.03486608153448755854, 0.03526082003004221699, 0.03565555852559688238 ),
 .UNSPECIFIED. ) ;
#1240 = EDGE_CURVE ( 'NONE', #5233, #28, #3181, .T. ) ;
#1241 = CARTESIAN_POINT ( 'NONE',  ( 75.81613357572155110, 47.11423984721405134, 13.99999999999999822 ) ) ;
#1242 = ORIENTED_EDGE ( 'NONE', *, *, #3177, .F. ) ;
#1243 = CARTESIAN_POINT ( 'NONE',  ( 33.57736099069747127, 82.27108862308369908, -17.56740387921610491 ) ) ;
#1244 = CARTESIAN_POINT ( 'NONE',  ( -48.49704453754622335, 51.19777907935389294, 55.99934515595890616 ) ) ;
#1245 = DIRECTION ( 'NONE',  ( 4.474972159288442682E-17, 1.000000000000000000, 0.000000000000000000 ) ) ;
#1246 = CARTESIAN_POINT ( 'NONE',  ( 50.10143115645056611, 46.00941022204251851, 58.77822429488811906 ) ) ;
#1247 = AXIS2_PLACEMENT_3D ( 'NONE', #3152, #86, #992 ) ;
#1248 = CARTESIAN_POINT ( 'NONE',  ( 75.60992364307435309, 46.05586453954278170, -14.00000000000000533 ) ) ;
#1249 = ORIENTED_EDGE ( 'NONE', *, *, #1240, .T. ) ;
#1250 = CARTESIAN_POINT ( 'NONE',  ( 48.24989014503640306, 59.75118097122929584, 50.71564942528428332 ) ) ;
#1251 = CARTESIAN_POINT ( 'NONE',  ( -20.41138059579985864, 68.36078836301014405, -57.76826457594736297 ) ) ;
#1252 = ORIENTED_EDGE ( 'NONE', *, *, #3451, .F. ) ;
#1253 = CARTESIAN_POINT ( 'NONE',  ( 27.71554473746597935, 69.04820565211826988, -53.57946247804732565 ) ) ;
#1254 = CARTESIAN_POINT ( 'NONE',  ( 74.33422777604671694, 46.58991269261760237, 14.38205295110576287 ) ) ;
#1255 = CARTESIAN_POINT ( 'NONE',  ( -18.25000000000000000, 96.99999999999998579, 0.000000000000000000 ) ) ;
#1256 = AXIS2_PLACEMENT_3D ( 'NONE', #3714, #2005, #649 ) ;
#1257 = CARTESIAN_POINT ( 'NONE',  ( 49.29456597699790876, 75.73332967798710058, -16.77815316632000275 ) ) ;
#1258 = CIRCLE ( 'NONE', #2315, 82.10000000000000853 ) ;
#1259 = CARTESIAN_POINT ( 'NONE',  ( 15.63668970575744765, 67.38180933480941803, -60.48406389648489778 ) ) ;
#1260 = VERTEX_POINT ( 'NONE', #3991 ) ;
#1261 = FACE_OUTER_BOUND ( 'NONE', #755, .T. ) ;
#1262 = CARTESIAN_POINT ( 'NONE',  ( 30.13020791766940221, 80.39833732570873792, -18.22107260157916997 ) ) ;
#1263 = CARTESIAN_POINT ( 'NONE',  ( 63.11538806915358180, 65.00834819740227033, 16.48216696690168348 ) ) ;
#1264 = AXIS2_PLACEMENT_3D ( 'NONE', #3399, #816, #4054 ) ;
#1265 = ORIENTED_EDGE ( 'NONE', *, *, #3807, .F. ) ;
#1266 = VECTOR ( 'NONE', #3180, 1000.000000000000000 ) ;
#1267 = CARTESIAN_POINT ( 'NONE',  ( -21.29558425964226842, 65.53555765176393777, -64.88503391456482916 ) ) ;
#1268 = DIRECTION ( 'NONE',  ( -0.7675364642189659303, 0.000000000000000000, -0.6410052855431443986 ) ) ;
#1269 = CIRCLE ( 'NONE', #4413, 74.53166453491230925 ) ;
#1270 = CARTESIAN_POINT ( 'NONE',  ( -71.54594170067126413, 53.31457523385764574, -16.37109445571442023 ) ) ;
#1271 = EDGE_CURVE ( 'NONE', #4364, #4777, #2780, .T. ) ;
#1272 = VECTOR ( 'NONE', #1607, 1000.000000000000000 ) ;
#1273 = CARTESIAN_POINT ( 'NONE',  ( -19.90035552566578403, 68.11553659766630631, 62.46842685913570392 ) ) ;
#1274 = ORIENTED_EDGE ( 'NONE', *, *, #3664, .F. ) ;
#1275 = CARTESIAN_POINT ( 'NONE',  ( -47.57717111666777043, 61.45732291407705361, 49.51496397481295730 ) ) ;
#1276 = DIRECTION ( 'NONE',  ( -0.4999999999999979461, 0.000000000000000000, -0.8660254037844397068 ) ) ;
#1277 = DIRECTION ( 'NONE',  ( -0.000000000000000000, -1.000000000000000000, -0.000000000000000000 ) ) ;
#1278 = CARTESIAN_POINT ( 'NONE',  ( -34.99193667013165054, 71.45628046718184123, 54.85293093868442327 ) ) ;
#1279 = DIRECTION ( 'NONE',  ( 3.552713678800500929E-15, 0.000000000000000000, 1.000000000000000000 ) ) ;
#1280 = EDGE_CURVE ( 'NONE', #373, #176, #4316, .T. ) ;
#1281 = ORIENTED_EDGE ( 'NONE', *, *, #1582, .T. ) ;
#1282 = CARTESIAN_POINT ( 'NONE',  ( -26.66571708836289289, 65.37143774609970137, -59.66007605552273674 ) ) ;
#1283 = EDGE_LOOP ( 'NONE', ( #620, #2118, #162, #729 ) ) ;
#1284 = CARTESIAN_POINT ( 'NONE',  ( -74.24179247254404856, 54.48432739547293835, 14.00000000000000888 ) ) ;
#1285 = DIRECTION ( 'NONE',  ( 0.000000000000000000, 0.000000000000000000, -1.000000000000000000 ) ) ;
#1286 = CARTESIAN_POINT ( 'NONE',  ( 40.14855211453996020, 75.21047670546201402, -34.50146789065443187 ) ) ;
#1287 = VERTEX_POINT ( 'NONE', #1870 ) ;
#1288 = CARTESIAN_POINT ( 'NONE',  ( 12.12435565298206974, 60.99999999999988631, 7.000000000000131450 ) ) ;
#1289 = VERTEX_POINT ( 'NONE', #5328 ) ;
#1290 = CARTESIAN_POINT ( 'NONE',  ( 19.90035552566535415, 68.11553659766630631, -62.46842685913584603 ) ) ;
#1291 = CARTESIAN_POINT ( 'NONE',  ( 35.30617866916218617, 79.70668061442414398, -12.89189845526403566 ) ) ;
#1292 = ORIENTED_EDGE ( 'NONE', *, *, #1722, .T. ) ;
#1293 = ADVANCED_FACE ( 'NONE', ( #109 ), #4443, .F. ) ;
#1294 = CARTESIAN_POINT ( 'NONE',  ( -23.08300159321273526, 61.51576396133796720, -67.98093155063813242 ) ) ;
#1295 = CARTESIAN_POINT ( 'NONE',  ( 65.00000000006011192, 64.91731202429818381, -10.76842142772495237 ) ) ;
#1296 = CARTESIAN_POINT ( 'NONE',  ( 32.69385674619844906, 77.53289297021287041, -29.47257856955753041 ) ) ;
#1297 = CARTESIAN_POINT ( 'NONE',  ( -24.39394564444146241, 71.01557896516720803, 60.97168391023610923 ) ) ;
#1298 = CARTESIAN_POINT ( 'NONE',  ( -23.52231190020077278, 60.24613397907615564, 68.74183932262805286 ) ) ;
#1299 = ORIENTED_EDGE ( 'NONE', *, *, #3277, .F. ) ;
#1300 = DIRECTION ( 'NONE',  ( 0.000000000000000000, 1.000000000000000000, 0.000000000000000000 ) ) ;
#1301 = FACE_OUTER_BOUND ( 'NONE', #3249, .T. ) ;
#1302 = DIRECTION ( 'NONE',  ( -0.000000000000000000, -1.000000000000000000, -0.000000000000000000 ) ) ;
#1303 = CARTESIAN_POINT ( 'NONE',  ( -42.48993734908712838, 70.76547318467315506, 50.52395822830538208 ) ) ;
#1304 = CARTESIAN_POINT ( 'NONE',  ( 47.33171289917155633, 61.51576396133796720, 53.98093155062957749 ) ) ;
#1305 = CARTESIAN_POINT ( 'NONE',  ( -31.27011496352537989, 71.49226878982210565, -57.00172570286942886 ) ) ;
#1306 = ADVANCED_FACE ( 'NONE', ( #1446 ), #5059, .F. ) ;
#1307 = ORIENTED_EDGE ( 'NONE', *, *, #4068, .F. ) ;
#1308 = CARTESIAN_POINT ( 'NONE',  ( 18.51824875271198678, 67.19864238473662965, 61.27649008176862111 ) ) ;
#1309 = VERTEX_POINT ( 'NONE', #2697 ) ;
#1310 = CARTESIAN_POINT ( 'NONE',  ( -44.46041527354813638, 68.93947535392155146, 49.00769817939519157 ) ) ;
#1311 = ORIENTED_EDGE ( 'NONE', *, *, #4276, .T. ) ;
#1312 = DIRECTION ( 'NONE',  ( -0.5000000000000039968, 0.000000000000000000, 0.8660254037844363761 ) ) ;
#1313 = CARTESIAN_POINT ( 'NONE',  ( -24.17607515806914975, 51.72162299948401909, 69.87419050137336285 ) ) ;
#1314 = CARTESIAN_POINT ( 'NONE',  ( 35.76291991797675252, 77.72185876941031779, -32.74957155785151741 ) ) ;
#1315 = DIRECTION ( 'NONE',  ( -0.000000000000000000, 1.000000000000000000, -0.000000000000000000 ) ) ;
#1316 = CARTESIAN_POINT ( 'NONE',  ( 33.26053679973618671, 77.14911037239082248, -30.30923222570334019 ) ) ;
#1317 = CARTESIAN_POINT ( 'NONE',  ( 62.81518613561281938, 69.15083099217422102, 14.00000000000003020 ) ) ;
#1318 =( NAMED_UNIT ( * ) SI_UNIT ( $, .STERADIAN. ) SOLID_ANGLE_UNIT ( ) );
#1319 = CARTESIAN_POINT ( 'NONE',  ( 24.71189499311239857, 46.58990982170603701, -71.56635872916452001 ) ) ;
#1320 = EDGE_LOOP ( 'NONE', ( #248, #1997, #784, #5116 ) ) ;
#1321 = DIRECTION ( 'NONE',  ( 0.000000000000000000, -1.000000000000000000, 0.000000000000000000 ) ) ;
#1322 = ADVANCED_FACE ( 'NONE', ( #4446 ), #4819, .T. ) ;
#1323 = CARTESIAN_POINT ( 'NONE',  ( -12.12435565298206086, 80.99999999999998579, -7.000000000000141220 ) ) ;
#1324 = LINE ( 'NONE', #4347, #29 ) ;
#1325 = CARTESIAN_POINT ( 'NONE',  ( 28.25910189633944469, 0.000000000000000000, -77.08328716402995440 ) ) ;
#1326 = ORIENTED_EDGE ( 'NONE', *, *, #3840, .T. ) ;
#1327 = CARTESIAN_POINT ( 'NONE',  ( 45.54429556561101577, 65.53555765175975978, -50.88503391457155089 ) ) ;
#1328 = ORIENTED_EDGE ( 'NONE', *, *, #348, .F. ) ;
#1329 = EDGE_CURVE ( 'NONE', #4982, #2305, #1564, .T. ) ;
#1330 =( BOUNDED_SURFACE ( )  B_SPLINE_SURFACE ( 3, 2, ( 
 ( #108, #3916, #4017 ),
 ( #4875, #82, #4379 ),
 ( #3573, #3097, #3986 ),
 ( #1868, #442, #2192 ),
 ( #4, #5190, #4358 ),
 ( #1357, #1762, #459 ),
 ( #1839, #1313, #3520 ),
 ( #3051, #3495, #5212 ),
 ( #2659, #878, #3936 ),
 ( #2261, #926, #2616 ),
 ( #484, #3962, #1812 ),
 ( #4814, #3548, #1783 ),
 ( #2235, #53, #5264 ),
 ( #1383, #1335, #3123 ),
 ( #3075, #4841, #953 ),
 ( #4439, #4792, #5292 ),
 ( #2689, #905, #2637 ),
 ( #1409, #4412, #2211 ),
 ( #25, #5239, #990 ),
 ( #2724, #541, #4525 ) ),
 .UNSPECIFIED., .F., .F., .F. ) 
 B_SPLINE_SURFACE_WITH_KNOTS ( ( 4, 2, 2, 2, 2, 2, 2, 2, 2, 4 ),
 ( 3, 3 ),
 ( 0.01252048609959066812, 0.01610381331546698047, 0.01789547692340513751, 0.01968714053134329456, 0.02327046774721960865, 0.02685379496309591926, 0.03402044939484854397, 0.03581211300278670101, 0.03760377661072485805, 0.04118710382660117214 ),
 ( 0.000000000000000000, 1.000000000000000000 ),
 .UNSPECIFIED. ) 
 GEOMETRIC_REPRESENTATION_ITEM ( )  RATIONAL_B_SPLINE_SURFACE ( (
 ( 1.000000000000000000, 0.7806367264523377258, 1.000000000000000000),
 ( 1.000000000000000000, 0.7806525983867300678, 1.000000000000000000),
 ( 1.000000000000000000, 0.7804736193010184397, 1.000000000000000000),
 ( 1.000000000000000000, 0.7799347764563918650, 1.000000000000000000),
 ( 1.000000000000000000, 0.7797094506930657420, 1.000000000000000000),
 ( 1.000000000000000000, 0.7791796795186154423, 1.000000000000000000),
 ( 1.000000000000000000, 0.7788772256525642312, 1.000000000000000000),
 ( 1.000000000000000000, 0.7778777612646537998, 1.000000000000000000),
 ( 1.000000000000000000, 0.7770891790790079856, 1.000000000000000000),
 ( 1.000000000000000000, 0.7753695393493136301, 1.000000000000000000),
 ( 1.000000000000000000, 0.7744333973525256987, 1.000000000000000000),
 ( 1.000000000000000000, 0.7716017430404812361, 1.000000000000000000),
 ( 1.000000000000000000, 0.7696820186686271770, 1.000000000000000000),
 ( 1.000000000000000000, 0.7674401967820855264, 1.000000000000000000),
 ( 1.000000000000000000, 0.7669988342219772326, 1.000000000000000000),
 ( 1.000000000000000000, 0.7661320856130914292, 1.000000000000000000),
 ( 1.000000000000000000, 0.7657059992055464948, 1.000000000000000000),
 ( 1.000000000000000000, 0.7644628963693622659, 1.000000000000000000),
 ( 1.000000000000000000, 0.7636784586031649669, 1.000000000000000000),
 ( 1.000000000000000000, 0.7629366208023393714, 1.000000000000000000) ) ) 
 REPRESENTATION_ITEM ( '' )  SURFACE ( )  );
#1331 = CARTESIAN_POINT ( 'NONE',  ( 44.56018096600157463, 67.41458402617206502, -49.18049742757771980 ) ) ;
#1332 = ORIENTED_EDGE ( 'NONE', *, *, #3582, .T. ) ;
#1333 = AXIS2_PLACEMENT_3D ( 'NONE', #4369, #505, #1430 ) ;
#1334 = CARTESIAN_POINT ( 'NONE',  ( -74.60606655204929893, 53.47034647065109425, -13.99999999999999112 ) ) ;
#1335 = CARTESIAN_POINT ( 'NONE',  ( -20.40464906929560129, 63.77279572263375229, 63.34188889862108596 ) ) ;
#1336 = EDGE_CURVE ( 'NONE', #5497, #5432, #995, .T. ) ;
#1337 = AXIS2_PLACEMENT_3D ( 'NONE', #5517, #2953, #2058 ) ;
#1338 = CARTESIAN_POINT ( 'NONE',  ( -24.04600513754430224, 58.46542898070119776, -69.64890261728930909 ) ) ;
#1339 = CARTESIAN_POINT ( 'NONE',  ( 72.89608479200035163, 57.41926555727933135, -13.99999999999998579 ) ) ;
#1340 = CARTESIAN_POINT ( 'NONE',  ( 34.82188194036405804, 76.19502170309232270, -32.04624409384516781 ) ) ;
#1341 = AXIS2_PLACEMENT_3D ( 'NONE', #3334, #2480, #615 ) ;
#1342 = AXIS2_PLACEMENT_3D ( 'NONE', #4008, #3196, #1096 ) ;
#1343 = PLANE ( 'NONE',  #4043 ) ;
#1344 = ORIENTED_EDGE ( 'NONE', *, *, #5460, .F. ) ;
#1345 = CARTESIAN_POINT ( 'NONE',  ( -47.83722081298166984, 60.80372878173844242, -49.97913709421496975 ) ) ;
#1346 = CARTESIAN_POINT ( 'NONE',  ( 64.97903156796982671, 69.92428822641963393, 14.00000000000000000 ) ) ;
#1347 = CARTESIAN_POINT ( 'NONE',  ( 49.95075453673837984, 53.31457523385761732, 53.77505582260501171 ) ) ;
#1348 = VECTOR ( 'NONE', #1139, 1000.000000000000000 ) ;
#1349 = CARTESIAN_POINT ( 'NONE',  ( 0.000000000000000000, 0.000000000000000000, -14.00000000000000000 ) ) ;
#1350 = EDGE_LOOP ( 'NONE', ( #2624, #3597, #4189, #5032 ) ) ;
#1351 = CARTESIAN_POINT ( 'NONE',  ( 23.87564434701720728, 60.99999999999999289, 69.35382907247979745 ) ) ;
#1352 = ORIENTED_EDGE ( 'NONE', *, *, #3701, .T. ) ;
#1353 = DIRECTION ( 'NONE',  ( -0.000000000000000000, -1.000000000000000000, -0.000000000000000000 ) ) ;
#1354 = CARTESIAN_POINT ( 'NONE',  ( -44.61387143696762081, 69.92428822641963393, 49.27349205117231890 ) ) ;
#1355 = EDGE_CURVE ( 'NONE', #2052, #596, #579, .T. ) ;
#1356 = CARTESIAN_POINT ( 'NONE',  ( -72.82751238113398529, 48.33919397457057698, -16.06109714981073822 ) ) ;
#1357 = CARTESIAN_POINT ( 'NONE',  ( -25.41726925143020921, 51.79954327710279216, 72.02400173313351672 ) ) ;
#1358 = CARTESIAN_POINT ( 'NONE',  ( 23.25721585008479408, 56.26540278043960797, 68.28267949490553690 ) ) ;
#1359 = CARTESIAN_POINT ( 'NONE',  ( 52.00948401095531182, 71.43138361238219147, -26.54324108283639916 ) ) ;
#1360 = CARTESIAN_POINT ( 'NONE',  ( 24.24833323157104559, 51.19777907934371086, -69.99934515596144990 ) ) ;
#1361 = DIRECTION ( 'NONE',  ( 0.000000000000000000, 0.000000000000000000, 1.000000000000000000 ) ) ;
#1362 = ADVANCED_FACE ( 'NONE', ( #2267 ), #1763, .F. ) ;
#1363 = CARTESIAN_POINT ( 'NONE',  ( 38.29915816500273706, 74.38503999092334595, -34.07356310068540495 ) ) ;
#1364 = CARTESIAN_POINT ( 'NONE',  ( 12.12435565298220652, 0.000000000000000000, -6.999999999999887201 ) ) ;
#1365 = ORIENTED_EDGE ( 'NONE', *, *, #703, .T. ) ;
#1366 = CARTESIAN_POINT ( 'NONE',  ( 51.30662479554185751, 72.94352780135339742, -16.89395979482290144 ) ) ;
#1367 = DIRECTION ( 'NONE',  ( -0.000000000000000000, -1.000000000000000000, -0.000000000000000000 ) ) ;
#1368 = ORIENTED_EDGE ( 'NONE', *, *, #1329, .T. ) ;
#1369 = PLANE ( 'NONE',  #2325 ) ;
#1370 = DIRECTION ( 'NONE',  ( -0.000000000000000000, -1.000000000000000000, -0.000000000000000000 ) ) ;
#1371 = CARTESIAN_POINT ( 'NONE',  ( 0.000000000000000000, 0.000000000000000000, -66.70000000000000284 ) ) ;
#1372 = CARTESIAN_POINT ( 'NONE',  ( 44.35981763477783346, 67.39059217359783815, -43.97351059919947147 ) ) ;
#1373 = DIRECTION ( 'NONE',  ( 0.000000000000000000, 0.000000000000000000, -1.000000000000000000 ) ) ;
#1374 = VERTEX_POINT ( 'NONE', #2621 ) ;
#1375 = CARTESIAN_POINT ( 'NONE',  ( -20.16201555390780698, 68.75925333859642308, -62.92163532236256884 ) ) ;
#1376 = ORIENTED_EDGE ( 'NONE', *, *, #4586, .T. ) ;
#1377 =( LENGTH_UNIT ( ) NAMED_UNIT ( * ) SI_UNIT ( .MILLI., .METRE. ) );
#1378 = CARTESIAN_POINT ( 'NONE',  ( 40.78472928220778471, 67.21351382602229307, -23.00307876194031209 ) ) ;
#1379 = CARTESIAN_POINT ( 'NONE',  ( 12.12435565298206086, 0.000000000000000000, 7.000000000000141220 ) ) ;
#1380 = CARTESIAN_POINT ( 'NONE',  ( 35.84773673857824150, 79.28561397404668298, -15.42920309438419224 ) ) ;
#1381 = CARTESIAN_POINT ( 'NONE',  ( -44.29303325344421438, 68.41912133313326194, 48.71778401630167821 ) ) ;
#1382 = CARTESIAN_POINT ( 'NONE',  ( -67.20383346381713352, 65.17649743225115344, -14.00000000000000888 ) ) ;
#1383 = CARTESIAN_POINT ( 'NONE',  ( -21.29558425964631851, 65.53555765175977399, 64.88503391456993086 ) ) ;
#1384 = CARTESIAN_POINT ( 'NONE',  ( 43.93945006946521659, 67.11011714587891674, 45.43678748035206638 ) ) ;
#1385 = B_SPLINE_CURVE_WITH_KNOTS ( 'NONE', 3,
 ( #4765, #4355, #3913, #23 ),
 .UNSPECIFIED., .F., .F.,
 ( 4, 4 ),
 ( 0.003934532143711284326, 0.004345251362166939295 ),
 .UNSPECIFIED. ) ;
#1386 = CARTESIAN_POINT ( 'NONE',  ( 60.73010771166407551, 67.21757477858389507, 15.90223487972836480 ) ) ;
#1387 = CARTESIAN_POINT ( 'NONE',  ( 44.62867644710877357, 71.21505147874130159, -35.45069381539813236 ) ) ;
#1388 = CARTESIAN_POINT ( 'NONE',  ( 64.67147808505580997, 68.93822299895371941, -14.00000000000000000 ) ) ;
#1389 = CARTESIAN_POINT ( 'NONE',  ( -50.51564886200377913, 48.61675045524525984, -54.80089632839450076 ) ) ;
#1390 = ORIENTED_EDGE ( 'NONE', *, *, #4253, .F. ) ;
#1391 = EDGE_CURVE ( 'NONE', #849, #861, #2519, .T. ) ;
#1392 = FACE_OUTER_BOUND ( 'NONE', #1833, .T. ) ;
#1393 = EDGE_LOOP ( 'NONE', ( #1830, #1232, #921, #4371, #4305, #4214 ) ) ;
#1394 = CARTESIAN_POINT ( 'NONE',  ( 28.43331344622186307, 71.39677028386444135, -58.63955382252217419 ) ) ;
#1395 = CARTESIAN_POINT ( 'NONE',  ( 0.000000000000000000, 0.000000000000000000, -14.00000000000000000 ) ) ;
#1396 = CARTESIAN_POINT ( 'NONE',  ( -75.08324980882184718, 51.79954327710279216, -14.00000000000001599 ) ) ;
#1397 = EDGE_CURVE ( 'NONE', #3828, #1457, #2097, .T. ) ;
#1398 = VERTEX_POINT ( 'NONE', #3921 ) ;
#1399 = CARTESIAN_POINT ( 'NONE',  ( -16.29790602022782053, 67.28334231014493128, -60.47850740189509366 ) ) ;
#1400 = CARTESIAN_POINT ( 'NONE',  ( 53.04859611082355286, 69.84886995874855131, -26.06689732804136028 ) ) ;
#1401 = EDGE_LOOP ( 'NONE', ( #1086, #283, #2334, #1097 ) ) ;
#1402 = CARTESIAN_POINT ( 'NONE',  ( 47.57717111662644527, 61.45732291409446901, -49.51496397483052903 ) ) ;
#1403 = B_SPLINE_CURVE_WITH_KNOTS ( 'NONE', 3,
 ( #4467, #3605, #2777, #5351, #5379, #570, #2348, #3296, #230, #4168, #1497, #1073, #262, #1895, #1041, #2749 ),
 .UNSPECIFIED., .F., .F.,
 ( 4, 2, 2, 2, 2, 2, 2, 4 ),
 ( 0.000000000000000000, 0.0006220389796314258887, 0.001244077959262851777, 0.001866116938894277774, 0.002488155918525703555, 0.003732233877788536901, 0.004354272857419960729, 0.004976311837051385426 ),
 .UNSPECIFIED. ) ;
#1404 = ORIENTED_EDGE ( 'NONE', *, *, #3248, .F. ) ;
#1405 = CARTESIAN_POINT ( 'NONE',  ( -75.95415100693793420, 46.00941022204251851, 14.00000000000000000 ) ) ;
#1406 = CARTESIAN_POINT ( 'NONE',  ( 72.71679280154886271, 48.61675045524525984, -16.34738703895265743 ) ) ;
#1407 = CARTESIAN_POINT ( 'NONE',  ( 22.20114393954428778, 48.61675045524525984, 71.14828336734724701 ) ) ;
#1408 = CARTESIAN_POINT ( 'NONE',  ( -23.87564434701866389, 60.99999999999999289, 69.35382907247930007 ) ) ;
#1409 = CARTESIAN_POINT ( 'NONE',  ( -19.74746494593228618, 68.39397752114253137, 62.20361260703860751 ) ) ;
#1410 = CARTESIAN_POINT ( 'NONE',  ( 24.17607515806453122, 51.72162299948618625, 69.87419050137380339 ) ) ;
#1411 = AXIS2_PLACEMENT_3D ( 'NONE', #568, #3632, #136 ) ;
#1412 = CARTESIAN_POINT ( 'NONE',  ( -19.28323741483715281, 69.15083099221217822, -61.39954693691134224 ) ) ;
#1413 = CARTESIAN_POINT ( 'NONE',  ( 63.21506253664971098, 67.51982151313339386, 14.16308570207602457 ) ) ;
#1414 = CARTESIAN_POINT ( 'NONE',  ( 40.29805823222757510, 73.45470887770510160, -34.55820325606698162 ) ) ;
#1415 = CARTESIAN_POINT ( 'NONE',  ( -16.00052773607436762, 67.35917425946304604, 60.41865471055886871 ) ) ;
#1416 = VECTOR ( 'NONE', #5011, 1000.000000000000000 ) ;
#1417 = EDGE_LOOP ( 'NONE', ( #1734, #5368, #1292, #4297 ) ) ;
#1418 = FACE_OUTER_BOUND ( 'NONE', #316, .T. ) ;
#1419 = AXIS2_PLACEMENT_3D ( 'NONE', #1824, #4911, #2733 ) ;
#1420 = ORIENTED_EDGE ( 'NONE', *, *, #2045, .T. ) ;
#1421 = AXIS2_PLACEMENT_3D ( 'NONE', #680, #2004, #1934 ) ;
#1422 = CIRCLE ( 'NONE', #956, 19.96340200533989417 ) ;
#1423 = CARTESIAN_POINT ( 'NONE',  ( 0.000000000000000000, 80.99999999999998579, 14.00000000000000000 ) ) ;
#1424 = EDGE_CURVE ( 'NONE', #2767, #3671, #7, .T. ) ;
#1425 = CARTESIAN_POINT ( 'NONE',  ( -44.14906683162923429, 68.11553659766630631, -48.46842685913603788 ) ) ;
#1426 = CARTESIAN_POINT ( 'NONE',  ( -49.80375207477349875, 54.09044109428416647, -53.50903123644960857 ) ) ;
#1427 = AXIS2_PLACEMENT_3D ( 'NONE', #2406, #1470, #1014 ) ;
#1428 = ORIENTED_EDGE ( 'NONE', *, *, #1424, .T. ) ;
#1429 = CARTESIAN_POINT ( 'NONE',  ( 36.56668655377790600, 71.39677028386444135, 53.94374866945507563 ) ) ;
#1430 = DIRECTION ( 'NONE',  ( -0.8660254037844397068, 0.000000000000000000, 0.4999999999999979461 ) ) ;
#1431 = CARTESIAN_POINT ( 'NONE',  ( 0.000000000000000000, 43.00000000000000000, 0.000000000000000000 ) ) ;
#1432 = ORIENTED_EDGE ( 'NONE', *, *, #3618, .F. ) ;
#1433 = CARTESIAN_POINT ( 'NONE',  ( -65.00000000011884538, 64.46641794724095575, -13.39513530328063062 ) ) ;
#1434 = AXIS2_PLACEMENT_3D ( 'NONE', #1379, #4375, #4407 ) ;
#1435 = EDGE_CURVE ( 'NONE', #1457, #1628, #5218, .T. ) ;
#1436 = DIRECTION ( 'NONE',  ( 0.8660254037844432595, 0.000000000000000000, -0.4999999999999919509 ) ) ;
#1437 = ORIENTED_EDGE ( 'NONE', *, *, #476, .T. ) ;
#1438 = DIRECTION ( 'NONE',  ( 4.474972159288442682E-17, 1.000000000000000000, 0.000000000000000000 ) ) ;
#1439 = CARTESIAN_POINT ( 'NONE',  ( 69.39801387527920440, 57.64672313975279394, 16.40762807781137056 ) ) ;
#1440 = CARTESIAN_POINT ( 'NONE',  ( 71.86785523261148967, 52.40596060623924046, -16.36484686775792596 ) ) ;
#1441 = CARTESIAN_POINT ( 'NONE',  ( 31.53201477057012525, 80.34559172983064457, -16.07272427977911633 ) ) ;
#1442 = DIRECTION ( 'NONE',  ( 0.000000000000000000, 0.000000000000000000, -1.000000000000000000 ) ) ;
#1443 = CARTESIAN_POINT ( 'NONE',  ( 39.83943904344860698, 68.35783077699956323, 46.55134732470811798 ) ) ;
#1444 = CARTESIAN_POINT ( 'NONE',  ( -20.37564434701859284, 80.99999999999998579, 63.29165124598826253 ) ) ;
#1445 = CARTESIAN_POINT ( 'NONE',  ( 60.87278647604644277, 67.18321445489917210, -15.75737766612691715 ) ) ;
#1446 = FACE_OUTER_BOUND ( 'NONE', #5052, .T. ) ;
#1447 = EDGE_CURVE ( 'NONE', #4069, #2522, #3081, .T. ) ;
#1448 = CARTESIAN_POINT ( 'NONE',  ( 48.65393309633818575, 58.45755855706298831, -51.44017716991682221 ) ) ;
#1449 = CARTESIAN_POINT ( 'NONE',  ( 46.45920371635868662, 70.59028910828425296, -34.69072660558344268 ) ) ;
#1450 = DIRECTION ( 'NONE',  ( -0.4999999999999919509, 0.000000000000000000, -0.8660254037844432595 ) ) ;
#1451 = B_SPLINE_CURVE_WITH_KNOTS ( 'NONE', 3,
 ( #765, #2503, #3572, #1382, #3122, #5291, #4438, #3915, #517, #1761, #3547, #3096, #1334, #989, #4840, #3074, #107, #2191 ),
 .UNSPECIFIED., .F., .F.,
 ( 4, 2, 2, 2, 2, 2, 2, 2, 4 ),
 ( -0.001263708229997874367, 0.001977653895833455383, 0.005219016021664785350, 0.01170174027332744615, 0.01332242133624309335, 0.01494310239915873709, 0.01818446452499000721, 0.02142582665082128426, 0.02466718877665255438 ),
 .UNSPECIFIED. ) ;
#1452 = CARTESIAN_POINT ( 'NONE',  ( 60.25896109168538572, 69.04857540238329250, -7.379594382087738996E-15 ) ) ;
#1453 = ORIENTED_EDGE ( 'NONE', *, *, #4338, .F. ) ;
#1454 = CARTESIAN_POINT ( 'NONE',  ( 31.30672327273931899, 81.52187723773425887, -24.80216835782641382 ) ) ;
#1455 = CARTESIAN_POINT ( 'NONE',  ( 74.92538051898900164, 52.38165315073361228, -13.99999999999999467 ) ) ;
#1456 = CARTESIAN_POINT ( 'NONE',  ( -71.70771068004168569, 54.28634147769885487, -13.99999999998021849 ) ) ;
#1457 = VERTEX_POINT ( 'NONE', #1152 ) ;
#1458 = CARTESIAN_POINT ( 'NONE',  ( 43.87312328229910463, 67.51982151313335123, -47.66430720752241257 ) ) ;
#1459 = CARTESIAN_POINT ( 'NONE',  ( 23.87564434701720728, 80.99999999999998579, 69.35382907247979745 ) ) ;
#1460 = CARTESIAN_POINT ( 'NONE',  ( 38.48896951111494502, 73.73370859927965171, -35.74771710718186313 ) ) ;
#1461 = ORIENTED_EDGE ( 'NONE', *, *, #1630, .T. ) ;
#1462 = CARTESIAN_POINT ( 'NONE',  ( -60.23447495320167633, 68.36078836302111483, -11.20735816565679599 ) ) ;
#1463 = PLANE ( 'NONE',  #1342 ) ;
#1464 = ORIENTED_EDGE ( 'NONE', *, *, #3135, .F. ) ;
#1465 = PLANE ( 'NONE',  #2511 ) ;
#1466 = ADVANCED_FACE ( 'NONE', ( #2931 ), #1218, .F. ) ;
#1467 = CARTESIAN_POINT ( 'NONE',  ( 41.78572573259913980, 82.99999999999998579, -24.12500000000006040 ) ) ;
#1468 = CARTESIAN_POINT ( 'NONE',  ( 33.48550249067254470, 79.65085256861874541, -17.68424542206079408 ) ) ;
#1469 = LINE ( 'NONE', #1039, #4403 ) ;
#1470 = DIRECTION ( 'NONE',  ( -0.000000000000000000, -1.000000000000000000, -0.000000000000000000 ) ) ;
#1471 = DIRECTION ( 'NONE',  ( 0.5000000000000039968, 1.387778780781446267E-15, -0.8660254037844363761 ) ) ;
#1472 = CARTESIAN_POINT ( 'NONE',  ( -22.20114393954478516, 48.61675045524525984, -71.14828336734709069 ) ) ;
#1473 = EDGE_CURVE ( 'NONE', #127, #99, #2037, .T. ) ;
#1474 = CARTESIAN_POINT ( 'NONE',  ( -16.19536830025153407, 66.83697915470673934, -61.05274856322779442 ) ) ;
#1475 = CARTESIAN_POINT ( 'NONE',  ( 49.58584774075904988, 55.08934122041001302, -53.11563786187379321 ) ) ;
#1476 = CARTESIAN_POINT ( 'NONE',  ( 52.15332506721892258, 71.58281786111082567, -25.82415522018258969 ) ) ;
#1477 = DIRECTION ( 'NONE',  ( -0.000000000000000000, -1.000000000000000000, -0.000000000000000000 ) ) ;
#1478 = CARTESIAN_POINT ( 'NONE',  ( 42.53337773370974872, 66.47869260447512829, -22.77263007490281410 ) ) ;
#1479 = CARTESIAN_POINT ( 'NONE',  ( -44.22477873054414488, 68.25930828242513826, -48.59956371479418635 ) ) ;
#1480 = ORIENTED_EDGE ( 'NONE', *, *, #232, .F. ) ;
#1481 = CARTESIAN_POINT ( 'NONE',  ( 25.78437493449734319, 46.02785684633894903, 72.65984742795623674 ) ) ;
#1482 = CARTESIAN_POINT ( 'NONE',  ( -72.34072158105324490, 58.46542898070119776, -14.00000000000000178 ) ) ;
#1483 = VERTEX_POINT ( 'NONE', #3655 ) ;
#1484 = CARTESIAN_POINT ( 'NONE',  ( 34.54017949479816707, 71.49146786206159732, 55.11375306547160591 ) ) ;
#1485 = CARTESIAN_POINT ( 'NONE',  ( -48.67342351915839771, 49.60266825054977602, -56.30484251349900404 ) ) ;
#1486 = CARTESIAN_POINT ( 'NONE',  ( -64.97860034181184119, 69.92061267400556801, 14.00000000000000000 ) ) ;
#1487 = EDGE_CURVE ( 'NONE', #817, #2535, #4434, .T. ) ;
#1488 = ORIENTED_EDGE ( 'NONE', *, *, #1052, .T. ) ;
#1489 = CARTESIAN_POINT ( 'NONE',  ( -19.96340200533990483, 83.58148700043116719, 4.619567299986239836E-15 ) ) ;
#1490 = CARTESIAN_POINT ( 'NONE',  ( -47.22223686493394723, 62.25354003921475510, 48.88375298030877758 ) ) ;
#1491 = EDGE_LOOP ( 'NONE', ( #1572, #5598, #810, #935, #456, #3647, #5426, #1281, #5344 ) ) ;
#1492 = CARTESIAN_POINT ( 'NONE',  ( 50.41679377038665422, 48.47834918484083033, -54.91626653385675638 ) ) ;
#1493 = DIRECTION ( 'NONE',  ( 0.000000000000000000, 1.000000000000000000, 0.000000000000000000 ) ) ;
#1494 = CARTESIAN_POINT ( 'NONE',  ( 0.000000000000000000, 61.00000000000000000, 0.000000000000000000 ) ) ;
#1495 = CARTESIAN_POINT ( 'NONE',  ( 32.38900154628181838, 82.32536213918288581, -19.38374457973804255 ) ) ;
#1496 = DIRECTION ( 'NONE',  ( -0.000000000000000000, -1.000000000000000000, -0.000000000000000000 ) ) ;
#1497 = CARTESIAN_POINT ( 'NONE',  ( -43.93945006946554344, 67.11011714587893096, -45.43678748035176795 ) ) ;
#1498 = CARTESIAN_POINT ( 'NONE',  ( -17.31940965859745418, 64.95410340582363062, -62.96134323615268613 ) ) ;
#1499 = EDGE_CURVE ( 'NONE', #3828, #3972, #1982, .T. ) ;
#1500 = CARTESIAN_POINT ( 'NONE',  ( 50.54844196883351515, 74.69874155402250437, -18.30282711675154417 ) ) ;
#1501 = CARTESIAN_POINT ( 'NONE',  ( 22.98414166775815914, 57.23846896687089725, -67.80970113688518097 ) ) ;
#1502 = CARTESIAN_POINT ( 'NONE',  ( 38.75562989912750567, 71.20242650880480539, -52.67996163977651491 ) ) ;
#1503 = CARTESIAN_POINT ( 'NONE',  ( 50.31476143700422909, 69.61285911108818425, -31.67255153446270199 ) ) ;
#1504 = CARTESIAN_POINT ( 'NONE',  ( -63.21506253664971098, 67.51982151313339386, -14.16308570207602457 ) ) ;
#1505 = CARTESIAN_POINT ( 'NONE',  ( 72.60086162208632743, 51.72162299948414699, 14.00000000000001599 ) ) ;
#1506 = EDGE_CURVE ( 'NONE', #5606, #2052, #2885, .T. ) ;
#1507 = CARTESIAN_POINT ( 'NONE',  ( 42.53430446371209683, 65.75428278927840609, -25.43970681293554037 ) ) ;
#1508 = LINE ( 'NONE', #4082, #492 ) ;
#1509 = VERTEX_POINT ( 'NONE', #4071 ) ;
#1510 = CARTESIAN_POINT ( 'NONE',  ( -50.51564886200377913, 48.61675045524525984, -54.80089632839450076 ) ) ;
#1511 = CARTESIAN_POINT ( 'NONE',  ( 72.89627863383235251, 46.91607545010642610, -16.34349546824513055 ) ) ;
#1512 = VECTOR ( 'NONE', #545, 1000.000000000000000 ) ;
#1513 = CARTESIAN_POINT ( 'NONE',  ( -63.53246871185373834, 64.62690840039347506, -16.47825089123491438 ) ) ;
#1514 = AXIS2_PLACEMENT_3D ( 'NONE', #5434, #722, #1442 ) ;
#1515 = CARTESIAN_POINT ( 'NONE',  ( 52.15896313486751978, 71.39098548369834418, -22.29995799549600832 ) ) ;
#1516 = DIRECTION ( 'NONE',  ( -1.000000000000000000, 1.387778780781446464E-15, 0.000000000000000000 ) ) ;
#1517 = ORIENTED_EDGE ( 'NONE', *, *, #4929, .F. ) ;
#1518 = EDGE_CURVE ( 'NONE', #3213, #2341, #3998, .T. ) ;
#1519 = CARTESIAN_POINT ( 'NONE',  ( -64.99999999997993427, 65.37143774607029911, -6.736849619113036702 ) ) ;
#1520 = CARTESIAN_POINT ( 'NONE',  ( -50.45392411361142848, 49.58324814417437665, 54.68848251783968095 ) ) ;
#1521 = VECTOR ( 'NONE', #1553, 1000.000000000000114 ) ;
#1522 = ORIENTED_EDGE ( 'NONE', *, *, #513, .T. ) ;
#1523 = DIRECTION ( 'NONE',  ( -0.000000000000000000, 1.000000000000000000, -0.000000000000000000 ) ) ;
#1524 = CARTESIAN_POINT ( 'NONE',  ( -62.81518613562926845, 69.15083099221016028, 14.00000000000000178 ) ) ;
#1525 = VECTOR ( 'NONE', #3385, 1000.000000000000227 ) ;
#1526 = CARTESIAN_POINT ( 'NONE',  ( 19.96340200533989417, 83.58148700043116719, -39.92680401067980966 ) ) ;
#1527 = CARTESIAN_POINT ( 'NONE',  ( 20.04392921932501181, 70.32824487257998669, 63.48316706425607947 ) ) ;
#1528 = LINE ( 'NONE', #2439, #243 ) ;
#1529 = CARTESIAN_POINT ( 'NONE',  ( -21.76155449978503142, 52.40596060623926178, -70.42181178082290671 ) ) ;
#1530 = CARTESIAN_POINT ( 'NONE',  ( 23.93083586123876216, 53.27527253399974683, -69.44942357926386478 ) ) ;
#1531 = EDGE_CURVE ( 'NONE', #21, #5510, #408, .T. ) ;
#1532 = CARTESIAN_POINT ( 'NONE',  ( 22.49316449117789674, 70.76234598752695604, -62.06910042074333944 ) ) ;
#1533 = CARTESIAN_POINT ( 'NONE',  ( 53.28742097175014436, 70.17457301807301917, -24.43965377479279866 ) ) ;
#1534 =( BOUNDED_SURFACE ( )  B_SPLINE_SURFACE ( 3, 2, ( 
 ( #661, #2405, #4132 ),
 ( #228, #5442, #5014 ),
 ( #2160, #5567, #1690 ),
 ( #194, #4130, #658 ),
 ( #4164, #4579, #2436 ),
 ( #3319, #4522, #3262 ),
 ( #628, #5440, #693 ),
 ( #258, #5071, #1946 ),
 ( #4983, #1129, #2011 ),
 ( #3748, #315, #4100 ),
 ( #3805, #3686, #2072 ),
 ( #2809, #2040, #5467 ),
 ( #1585, #2868, #3775 ),
 ( #2903, #1557, #2844 ),
 ( #4550, #2403, #5040 ),
 ( #5403, #5496, #1157 ),
 ( #4613, #3293, #728 ),
 ( #224, #1098, #1614 ),
 ( #1524, #2466, #756 ),
 ( #2372, #5527, #3232 ) ),
 .UNSPECIFIED., .F., .F., .T. ) 
 B_SPLINE_SURFACE_WITH_KNOTS ( ( 4, 2, 2, 2, 2, 2, 2, 2, 2, 4 ),
 ( 3, 3 ),
 ( 0.01252048609959066812, 0.01610381331546698047, 0.01789547692340513751, 0.01968714053134329456, 0.02327046774721960865, 0.02685379496309591926, 0.03402044939484854397, 0.03581211300278670101, 0.03760377661072485805, 0.04118710382660117214 ),
 ( 0.000000000000000000, 1.000000000000000000 ),
 .UNSPECIFIED. ) 
 GEOMETRIC_REPRESENTATION_ITEM ( )  RATIONAL_B_SPLINE_SURFACE ( (
 ( 1.000000000000000000, 0.7806367264523382810, 1.000000000000000000),
 ( 1.000000000000000000, 0.7806525983853781492, 1.000000000000000000),
 ( 1.000000000000000000, 0.7804736193028187774, 1.000000000000000000),
 ( 1.000000000000000000, 0.7799347764554911411, 1.000000000000000000),
 ( 1.000000000000000000, 0.7797094506926287583, 1.000000000000000000),
 ( 1.000000000000000000, 0.7791796795190530922, 1.000000000000000000),
 ( 1.000000000000000000, 0.7788772256523637250, 1.000000000000000000),
 ( 1.000000000000000000, 0.7778777612650541462, 1.000000000000000000),
 ( 1.000000000000000000, 0.7770891790802773036, 1.000000000000000000),
 ( 1.000000000000000000, 0.7753695393480452003, 1.000000000000000000),
 ( 1.000000000000000000, 0.7744333973515240555, 1.000000000000000000),
 ( 1.000000000000000000, 0.7716017430424834123, 1.000000000000000000),
 ( 1.000000000000000000, 0.7696820186696912147, 1.000000000000000000),
 ( 1.000000000000000000, 0.7674401967818189618, 1.000000000000000000),
 ( 1.000000000000000000, 0.7669988342217438637, 1.000000000000000000),
 ( 1.000000000000000000, 0.7661320856133259083, 1.000000000000000000),
 ( 1.000000000000000000, 0.7657059992054128239, 1.000000000000000000),
 ( 1.000000000000000000, 0.7644628963696296076, 1.000000000000000000),
 ( 1.000000000000000000, 0.7636784586029654598, 1.000000000000000000),
 ( 1.000000000000000000, 0.7629366208023388163, 1.000000000000000000) ) ) 
 REPRESENTATION_ITEM ( '' )  SURFACE ( )  );
#1535 = DIRECTION ( 'NONE',  ( 0.000000000000000000, 0.000000000000000000, -1.000000000000000000 ) ) ;
#1536 = EDGE_LOOP ( 'NONE', ( #394, #5581 ) ) ;
#1537 = CARTESIAN_POINT ( 'NONE',  ( 45.72528493463565269, 65.17850407179143701, 51.19851669735384547 ) ) ;
#1538 = CARTESIAN_POINT ( 'NONE',  ( 16.63872370371478837, 66.12567138046853188, -61.80628083039493248 ) ) ;
#1539 = EDGE_CURVE ( 'NONE', #3453, #596, #4224, .T. ) ;
#1540 = LINE ( 'NONE', #4996, #4495 ) ;
#1541 = ORIENTED_EDGE ( 'NONE', *, *, #3523, .T. ) ;
#1542 = CARTESIAN_POINT ( 'NONE',  ( 22.50443804618045007, 48.33919397457061962, 71.10102439139332375 ) ) ;
#1543 = CARTESIAN_POINT ( 'NONE',  ( 16.59336408324411494, 67.21756541262418239, -60.54494587069518019 ) ) ;
#1544 = MANIFOLD_SOLID_BREP ( 'Otwory ustalaj¹ce O3.0mm2', #1988 ) ;
#1545 = CARTESIAN_POINT ( 'NONE',  ( -64.65533012237206378, 64.16889629970813758, -13.99999999999949907 ) ) ;
#1546 =( BOUNDED_SURFACE ( )  B_SPLINE_SURFACE ( 3, 2, ( 
 ( #2062, #779, #395 ),
 ( #3036, #1638, #3454 ),
 ( #5489, #3371, #837 ),
 ( #1185, #750, #5599 ),
 ( #3879, #862, #4298 ),
 ( #2150, #1244, #5175 ),
 ( #2548, #1665, #2596 ),
 ( #3425, #4241, #5092 ),
 ( #1214, #4209, #4323 ),
 ( #3768, #2034, #3394 ),
 ( #368, #2094, #2984 ),
 ( #5150, #307, #3799 ),
 ( #1275, #5519, #2955 ),
 ( #2120, #3829, #3012 ),
 ( #812, #5117, #5544 ),
 ( #3852, #5571, #4728 ),
 ( #1711, #382, #1681 ),
 ( #3866, #411, #2561 ),
 ( #5585, #3027, #4743 ),
 ( #3410, #2169, #5132 ) ),
 .UNSPECIFIED., .F., .F., .F. ) 
 B_SPLINE_SURFACE_WITH_KNOTS ( ( 4, 2, 2, 2, 2, 2, 2, 2, 2, 4 ),
 ( 3, 3 ),
 ( 0.01252048609958923350, 0.01610381331546555106, 0.01789547692340370810, 0.01968714053134186515, 0.02327046774721817923, 0.02685379496309449332, 0.03402044939484712149, 0.03581211300278527854, 0.03760377661072343558, 0.04118710382659974967 ),
 ( 0.000000000000000000, 1.000000000000000000 ),
 .UNSPECIFIED. ) 
 GEOMETRIC_REPRESENTATION_ITEM ( )  RATIONAL_B_SPLINE_SURFACE ( (
 ( 1.000000000000000000, 0.7806367264523412786, 1.000000000000000000),
 ( 1.000000000000000000, 0.7806525983852208306, 1.000000000000000000),
 ( 1.000000000000000000, 0.7804736193030207270, 1.000000000000000000),
 ( 1.000000000000000000, 0.7799347764553928863, 1.000000000000000000),
 ( 1.000000000000000000, 0.7797094506915891454, 1.000000000000000000),
 ( 1.000000000000000000, 0.7791796795200989223, 1.000000000000000000),
 ( 1.000000000000000000, 0.7788772256524972848, 1.000000000000000000),
 ( 1.000000000000000000, 0.7778777612647871376, 1.000000000000000000),
 ( 1.000000000000000000, 0.7770891790791425446, 1.000000000000000000),
 ( 1.000000000000000000, 0.7753695393491810695, 1.000000000000000000),
 ( 1.000000000000000000, 0.7744333973519917924, 1.000000000000000000),
 ( 1.000000000000000000, 0.7716017430415493816, 1.000000000000000000),
 ( 1.000000000000000000, 0.7696820186699565580, 1.000000000000000000),
 ( 1.000000000000000000, 0.7674401967817516823, 1.000000000000000000),
 ( 1.000000000000000000, 0.7669988342211440102, 1.000000000000000000),
 ( 1.000000000000000000, 0.7661320856139290925, 1.000000000000000000),
 ( 1.000000000000000000, 0.7657059992055139652, 1.000000000000000000),
 ( 1.000000000000000000, 0.7644628963694299895, 1.000000000000000000),
 ( 1.000000000000000000, 0.7636784586031114541, 1.000000000000000000),
 ( 1.000000000000000000, 0.7629366208023397045, 1.000000000000000000) ) ) 
 REPRESENTATION_ITEM ( '' )  SURFACE ( )  );
#1547 = CARTESIAN_POINT ( 'NONE',  ( -49.80219423662334322, 50.61866292743543738, -58.25993074624589241 ) ) ;
#1548 = CARTESIAN_POINT ( 'NONE',  ( 67.20383346381713352, 65.17649743225115344, 14.00000000000000888 ) ) ;
#1549 = ORIENTED_EDGE ( 'NONE', *, *, #412, .F. ) ;
#1550 = DIRECTION ( 'NONE',  ( -0.000000000000000000, 1.000000000000000000, -0.000000000000000000 ) ) ;
#1551 = CARTESIAN_POINT ( 'NONE',  ( 31.28572573259913980, 81.84526917168646776, -23.42353341952182788 ) ) ;
#1552 = CARTESIAN_POINT ( 'NONE',  ( 63.11538806915007171, 65.00834819740724413, -16.48216696689348382 ) ) ;
#1553 = DIRECTION ( 'NONE',  ( 0.6410052855431391805, 0.000000000000000000, -0.7675364642189702602 ) ) ;
#1554 = ORIENTED_EDGE ( 'NONE', *, *, #617, .F. ) ;
#1555 = CARTESIAN_POINT ( 'NONE',  ( 4.852638573011457339E-16, 96.99999999999998579, 1.499999999999982681 ) ) ;
#1556 = B_SPLINE_CURVE_WITH_KNOTS ( 'NONE', 3,
 ( #5478, #2785, #3330, #4504, #2823, #2446, #638, #5417, #5386, #1928, #611, #2881, #4175, #1504, #268, #3243, #240, #2021 ),
 .UNSPECIFIED., .F., .F.,
 ( 4, 2, 2, 2, 2, 2, 2, 2, 4 ),
 ( -1.082020055210793705E-05, 0.0002984106444302431476, 0.0006076414894125942373, 0.001226103179377310186, 0.002463026559306734278, 0.003081488249271465731, 0.003699949939236196316, 0.004318411629200926902, 0.004936873319165657921 ),
 .UNSPECIFIED. ) ;
#1557 = CARTESIAN_POINT ( 'NONE',  ( -65.05800944454348667, 63.77279572263388019, 13.99999999999584332 ) ) ;
#1558 = DIRECTION ( 'NONE',  ( 0.000000000000000000, 0.000000000000000000, -1.000000000000000000 ) ) ;
#1559 = CARTESIAN_POINT ( 'NONE',  ( 32.60938711984528027, 69.04744775503770882, 50.75397026522384181 ) ) ;
#1560 = DIRECTION ( 'NONE',  ( -0.8660254037844328234, 0.000000000000000000, -0.5000000000000101030 ) ) ;
#1561 = LINE ( 'NONE', #4169, #3967 ) ;
#1562 = CARTESIAN_POINT ( 'NONE',  ( 47.77418851586170234, 74.89483055537662892, -15.44512197470512049 ) ) ;
#1563 = CARTESIAN_POINT ( 'NONE',  ( 25.07097033627414362, 54.10447137734387724, -71.42419441747830433 ) ) ;
#1564 = B_SPLINE_CURVE_WITH_KNOTS ( 'NONE', 3,
 ( #3155, #3554, #5271, #4418, #1388, #4847, #962, #3211, #4385, #5298 ),
 .UNSPECIFIED., .F., .F.,
 ( 4, 2, 2, 2, 4 ),
 ( 0.000000000000000000, 0.0006174258119178734332, 0.001234851623835746866, 0.001852277435753620300, 0.002469703247671493733 ),
 .UNSPECIFIED. ) ;
#1565 = DIRECTION ( 'NONE',  ( -0.4999999999999979461, 1.387778780781446267E-15, -0.8660254037844397068 ) ) ;
#1566 = CARTESIAN_POINT ( 'NONE',  ( 52.30834244015469636, 70.74265042070821607, -24.51009918068092475 ) ) ;
#1567 = CARTESIAN_POINT ( 'NONE',  ( 53.05546744337353715, 71.12432729986390711, -21.20449987652538582 ) ) ;
#1568 = DIRECTION ( 'NONE',  ( -1.000000000000000000, 0.000000000000000000, 0.000000000000000000 ) ) ;
#1569 = CARTESIAN_POINT ( 'NONE',  ( 44.95960510950849454, 66.68554913837694187, 49.87232033790312613 ) ) ;
#1570 = B_SPLINE_CURVE_WITH_KNOTS ( 'NONE', 3,
 ( #3094, #4810, #515, #5564 ),
 .UNSPECIFIED., .F., .F.,
 ( 4, 4 ),
 ( 0.003934532143711285193, 0.004345251362166939295 ),
 .UNSPECIFIED. ) ;
#1571 = CARTESIAN_POINT ( 'NONE',  ( -44.14906683162923429, 68.11553659766630631, -48.46842685913603788 ) ) ;
#1572 = ORIENTED_EDGE ( 'NONE', *, *, #5562, .F. ) ;
#1573 = DIRECTION ( 'NONE',  ( -0.000000000000000000, -1.000000000000000000, -0.000000000000000000 ) ) ;
#1574 = CARTESIAN_POINT ( 'NONE',  ( -60.32558811070306604, 67.85093932666332250, -14.00000000000003197 ) ) ;
#1575 = ADVANCED_FACE ( 'NONE', ( #1758 ), #1465, .F. ) ;
#1576 = CARTESIAN_POINT ( 'NONE',  ( -66.70000000000037232, 42.99999999999999289, -133.4000000000001762 ) ) ;
#1577 = VERTEX_POINT ( 'NONE', #164 ) ;
#1578 = DIRECTION ( 'NONE',  ( -0.8660254037844397068, 0.000000000000000000, 0.4999999999999979461 ) ) ;
#1579 = CARTESIAN_POINT ( 'NONE',  ( 50.51564886200339544, 48.61675045524525984, 54.80089632839485603 ) ) ;
#1580 = CARTESIAN_POINT ( 'NONE',  ( 42.04894693668753547, 67.97768854755386769, 45.25997229116263298 ) ) ;
#1581 = CARTESIAN_POINT ( 'NONE',  ( -64.99999999999998579, 70.33830226810675867, -14.00000000000000000 ) ) ;
#1582 = EDGE_CURVE ( 'NONE', #2093, #5462, #3541, .T. ) ;
#1583 =( BOUNDED_SURFACE ( )  B_SPLINE_SURFACE ( 3, 2, ( 
 ( #182, #1936, #3678 ),
 ( #5394, #1515, #966 ),
 ( #4106, #526, #169 ),
 ( #4989, #2643, #466 ),
 ( #2217, #9, #494 ),
 ( #634, #3530, #2669 ),
 ( #1366, #2378, #1500 ),
 ( #5412, #667, #4389 ),
 ( #4171, #4651, #1678 ),
 ( #5447, #4716, #1257 ),
 ( #2108, #4256, #706 ),
 ( #763, #1562, #292 ),
 ( #2047, #5079, #2876 ),
 ( #2500, #3407, #4622 ),
 ( #4222, #3358, #3298 ),
 ( #321, #3814, #2080 ),
 ( #5532, #5018, #4587 ),
 ( #4678, #5103, #1135 ),
 ( #3326, #1650, #2443 ),
 ( #1199, #265, #735 ),
 ( #3382, #2941, #353 ),
 ( #2018, #3782, #1226 ),
 ( #2966, #2999, #3753 ),
 ( #825, #5475, #4137 ),
 ( #3841, #795, #2532 ),
 ( #5503, #5556, #1624 ),
 ( #1169, #5129, #2473 ),
 ( #236, #1590, #5047 ),
 ( #1989, #2913, #3728 ),
 ( #4194, #4809, #2136 ),
 ( #5200, #1380, #3517 ),
 ( #3120, #2721, #950 ),
 ( #1836, #3143, #5236 ),
 ( #2258, #987, #4436 ),
 ( #2285, #4014, #105 ),
 ( #3601, #5321, #4042 ),
 ( #1441, #1468, #1243 ),
 ( #1664, #1213, #4666 ),
 ( #811, #4074, #778 ),
 ( #3798, #3343, #1495 ),
 ( #367, #3688, #1070 ),
 ( #2119, #4925, #3202 ),
 ( #4955, #4208, #749 ),
 ( #1921, #5065, #1038 ),
 ( #4494, #603, #2346 ),
 ( #2928, #2811, #4639 ),
 ( #2486, #2061, #65 ),
 ( #5277, #3894, #2635 ) ),
 .UNSPECIFIED., .F., .F., .F. ) 
 B_SPLINE_SURFACE_WITH_KNOTS ( ( 4, 2, 2, 2, 2, 2, 2, 2, 2, 2, 2, 2, 2, 2, 2, 2, 2, 2, 2, 2, 2, 2, 2, 4 ),
 ( 3, 3 ),
 ( 0.04101177744128386982, 0.04357501353136411515, 0.04613824962144435354, 0.04870148571152459194, 0.04998310375656471460, 0.05126472180160483727, 0.05382795789168508260, 0.05510957593672520527, 0.05639119398176532100, 0.05895443007184555939, 0.06023604811688568206, 0.06151766616192580472, 0.06408090225200605006, 0.06536252029704617272, 0.06664413834208629539, 0.06920737443216654072, 0.07048899247720666339, 0.07177061052224677218, 0.07305222856728688097, 0.07433384661232700363, 0.07689708270240724897, 0.07817870074744737163, 0.07946031879248749430, 0.08202355488256773963 ),
 ( 0.000000000000000000, 1.000000000000000000 ),
 .UNSPECIFIED. ) 
 GEOMETRIC_REPRESENTATION_ITEM ( )  RATIONAL_B_SPLINE_SURFACE ( (
 ( 1.000000000000000000, 0.8601783075791858968, 1.000000000000000000),
 ( 1.000000000000000000, 0.8546964152127758396, 1.000000000000000000),
 ( 1.000000000000000000, 0.8485973976540985841, 1.000000000000000000),
 ( 1.000000000000000000, 0.8353856305247764347, 1.000000000000000000),
 ( 1.000000000000000000, 0.8282568841425214101, 1.000000000000000000),
 ( 1.000000000000000000, 0.8130297151676096901, 1.000000000000000000),
 ( 1.000000000000000000, 0.8051391987634525238, 1.000000000000000000),
 ( 1.000000000000000000, 0.7929146159497992841, 1.000000000000000000),
 ( 1.000000000000000000, 0.7887743511310123523, 1.000000000000000000),
 ( 1.000000000000000000, 0.7803607181061378295, 1.000000000000000000),
 ( 1.000000000000000000, 0.7760681232375006289, 1.000000000000000000),
 ( 1.000000000000000000, 0.7631913526355788013, 1.000000000000000000),
 ( 1.000000000000000000, 0.7545745854198621094, 1.000000000000000000),
 ( 1.000000000000000000, 0.7415873109626609505, 1.000000000000000000),
 ( 1.000000000000000000, 0.7372477752196240353, 1.000000000000000000),
 ( 1.000000000000000000, 0.7285443968690255012, 1.000000000000000000),
 ( 1.000000000000000000, 0.7241680055954980988, 1.000000000000000000),
 ( 1.000000000000000000, 0.7112533732086941951, 1.000000000000000000),
 ( 1.000000000000000000, 0.7028492750703022596, 1.000000000000000000),
 ( 1.000000000000000000, 0.6905423791619175189, 1.000000000000000000),
 ( 1.000000000000000000, 0.6864903256814494092, 1.000000000000000000),
 ( 1.000000000000000000, 0.6784901108164453909, 1.000000000000000000),
 ( 1.000000000000000000, 0.6745383796152775169, 1.000000000000000000),
 ( 1.000000000000000000, 0.6631087821319402442, 1.000000000000000000),
 ( 1.000000000000000000, 0.6559607736908169562, 1.000000000000000000),
 ( 1.000000000000000000, 0.6459711753815841062, 1.000000000000000000),
 ( 1.000000000000000000, 0.6427642755764114701, 1.000000000000000000),
 ( 1.000000000000000000, 0.6366131548598080725, 1.000000000000000000),
 ( 1.000000000000000000, 0.6337021016098508541, 1.000000000000000000),
 ( 1.000000000000000000, 0.6255670936545936200, 1.000000000000000000),
 ( 1.000000000000000000, 0.6208882000803642720, 1.000000000000000000),
 ( 1.000000000000000000, 0.6150558930508882582, 1.000000000000000000),
 ( 1.000000000000000000, 0.6133025951646438045, 1.000000000000000000),
 ( 1.000000000000000000, 0.6102878487699969767, 1.000000000000000000),
 ( 1.000000000000000000, 0.6090188980033186539, 1.000000000000000000),
 ( 1.000000000000000000, 0.6069530827253994953, 1.000000000000000000),
 ( 1.000000000000000000, 0.6061562166009181185, 1.000000000000000000),
 ( 1.000000000000000000, 0.6050440990470390412, 1.000000000000000000),
 ( 1.000000000000000000, 0.6047287264892016179, 1.000000000000000000),
 ( 1.000000000000000000, 0.6045429032948334003, 1.000000000000000000),
 ( 1.000000000000000000, 0.6054167946715998117, 1.000000000000000000),
 ( 1.000000000000000000, 0.6081672245834155444, 1.000000000000000000),
 ( 1.000000000000000000, 0.6093291613191744727, 1.000000000000000000),
 ( 1.000000000000000000, 0.6121349816104744157, 1.000000000000000000),
 ( 1.000000000000000000, 0.6137589040255715389, 1.000000000000000000),
 ( 1.000000000000000000, 0.6192593237878145640, 1.000000000000000000),
 ( 1.000000000000000000, 0.6237615675270427040, 1.000000000000000000),
 ( 1.000000000000000000, 0.6290783086456886997, 1.000000000000000000) ) ) 
 REPRESENTATION_ITEM ( '' )  SURFACE ( )  );
#1584 = ORIENTED_EDGE ( 'NONE', *, *, #3007, .F. ) ;
#1585 = CARTESIAN_POINT ( 'NONE',  ( -68.91582954734199973, 63.37520769591046843, 14.00000000000000178 ) ) ;
#1586 = CARTESIAN_POINT ( 'NONE',  ( -74.53166453491229504, 48.61675045524524563, 9.127496440780463442E-15 ) ) ;
#1587 = CARTESIAN_POINT ( 'NONE',  ( -50.03308624046297837, 46.02785684633894903, 58.65984742795541962 ) ) ;
#1588 = CARTESIAN_POINT ( 'NONE',  ( -39.82309435741595394, 68.36078836300480077, 46.56090641025459576 ) ) ;
#1589 = CARTESIAN_POINT ( 'NONE',  ( -16.57649413764593049, 66.22292686396980343, -61.70045532388731857 ) ) ;
#1590 = CARTESIAN_POINT ( 'NONE',  ( 37.58190680642979942, 78.87317626797472769, -14.47975691917850938 ) ) ;
#1591 = B_SPLINE_CURVE_WITH_KNOTS ( 'NONE', 3,
 ( #747, #183, #4606, #1548, #3310, #277, #4119, #1119, #2394, #3679, #1937, #1910, #1969, #5090, #4206, #365, #1241, #3876 ),
 .UNSPECIFIED., .F., .F.,
 ( 4, 2, 2, 2, 2, 2, 2, 2, 4 ),
 ( -0.001263708229997874367, 0.001977653895833455383, 0.005219016021664785350, 0.01170174027332744615, 0.01332242133624309335, 0.01494310239915873709, 0.01818446452499000721, 0.02142582665082128426, 0.02466718877665255438 ),
 .UNSPECIFIED. ) ;
#1592 = CARTESIAN_POINT ( 'NONE',  ( 0.000000000000000000, 45.99999999999999289, 0.000000000000000000 ) ) ;
#1593 = CARTESIAN_POINT ( 'NONE',  ( 41.78572573259914691, 66.85995191990237174, -22.62500000000006750 ) ) ;
#1594 = CARTESIAN_POINT ( 'NONE',  ( 52.97130124856601441, 71.26059993693638717, -20.81755509929488923 ) ) ;
#1595 = CYLINDRICAL_SURFACE ( 'NONE', #4784, 82.10000000000000853 ) ;
#1596 = ORIENTED_EDGE ( 'NONE', *, *, #215, .F. ) ;
#1597 = CARTESIAN_POINT ( 'NONE',  ( 65.00000000004018830, 64.92052763318801567, 10.75044635046794639 ) ) ;
#1598 = CARTESIAN_POINT ( 'NONE',  ( -50.35796847768093443, 50.54137333704083090, -54.51383548919466904 ) ) ;
#1599 = CARTESIAN_POINT ( 'NONE',  ( 19.36459197632467877, 60.80372878173844953, -66.41781701759525447 ) ) ;
#1600 = CARTESIAN_POINT ( 'NONE',  ( 50.51564886200416993, 48.61675045524525984, -54.80089632839413127 ) ) ;
#1601 = VECTOR ( 'NONE', #3771, 1000.000000000000000 ) ;
#1602 = DIRECTION ( 'NONE',  ( 0.3442034335729397543, 0.000000000000000000, 0.9388950933499432550 ) ) ;
#1603 = FACE_OUTER_BOUND ( 'NONE', #3890, .T. ) ;
#1604 =( GEOMETRIC_REPRESENTATION_CONTEXT ( 3 ) GLOBAL_UNCERTAINTY_ASSIGNED_CONTEXT ( ( #4908 ) ) GLOBAL_UNIT_ASSIGNED_CONTEXT ( ( #1377, #3569, #1181 ) ) REPRESENTATION_CONTEXT ( 'NONE', 'WORKASPACE' ) );
#1605 = EDGE_CURVE ( 'NONE', #3090, #1577, #4542, .T. ) ;
#1606 = ORIENTED_EDGE ( 'NONE', *, *, #2316, .T. ) ;
#1607 = DIRECTION ( 'NONE',  ( -0.4999999999999919509, 0.000000000000000000, -0.8660254037844432595 ) ) ;
#1608 = CARTESIAN_POINT ( 'NONE',  ( 49.62233721925021968, 46.58990982170605832, 57.18430820427129646 ) ) ;
#1609 = CARTESIAN_POINT ( 'NONE',  ( -65.00000000000000000, 71.34451325395471599, 5.832435988992608955 ) ) ;
#1610 = CARTESIAN_POINT ( 'NONE',  ( 20.37564434701726768, 0.000000000000000000, 63.29165124598868886 ) ) ;
#1611 = CARTESIAN_POINT ( 'NONE',  ( 75.41082616755780066, 46.10331055350759044, -14.02123858991287975 ) ) ;
#1612 = EDGE_LOOP ( 'NONE', ( #4262, #4937, #896, #2771, #1242, #3108, #4005 ) ) ;
#1613 = VECTOR ( 'NONE', #453, 1000.000000000000000 ) ;
#1614 = CARTESIAN_POINT ( 'NONE',  ( -61.84517116441423923, 66.12567138046493653, 16.49358300124665888 ) ) ;
#1615 = EDGE_CURVE ( 'NONE', #4982, #2833, #3275, .T. ) ;
#1616 = ORIENTED_EDGE ( 'NONE', *, *, #692, .T. ) ;
#1617 = CARTESIAN_POINT ( 'NONE',  ( 72.32922377359079746, 65.71575228053565354, -144.6584475471816233 ) ) ;
#1618 = AXIS2_PLACEMENT_3D ( 'NONE', #4242, #2574, #4668 ) ;
#1619 = VECTOR ( 'NONE', #2362, 1000.000000000000000 ) ;
#1620 = CARTESIAN_POINT ( 'NONE',  ( -20.29262180662764692, 69.31868612655860318, 63.14785198785770604 ) ) ;
#1621 = CARTESIAN_POINT ( 'NONE',  ( -47.77265669178961360, 60.24119735950313981, 54.74466860272329427 ) ) ;
#1622 = CARTESIAN_POINT ( 'NONE',  ( 20.64763696491585776, 66.79099053448685197, 63.76275627947278224 ) ) ;
#1623 = VECTOR ( 'NONE', #4361, 1000.000000000000000 ) ;
#1624 = CARTESIAN_POINT ( 'NONE',  ( 39.13271418406530699, 80.89417755564302581, -13.95984839715146286 ) ) ;
#1625 = CARTESIAN_POINT ( 'NONE',  ( -25.15986293691261722, 46.30971102074854429, 71.89202640447484782 ) ) ;
#1626 = CARTESIAN_POINT ( 'NONE',  ( -25.47544457034635101, 51.39785929380892782, -72.12476434124491220 ) ) ;
#1627 = DIRECTION ( 'NONE',  ( 0.000000000000000000, -1.000000000000000000, 0.000000000000000000 ) ) ;
#1628 = VERTEX_POINT ( 'NONE', #55 ) ;
#1629 = VERTEX_POINT ( 'NONE', #1472 ) ;
#1630 = EDGE_CURVE ( 'NONE', #3786, #4302, #4353, .T. ) ;
#1631 = CARTESIAN_POINT ( 'NONE',  ( -22.35048501412403610, 48.47834918484085875, -71.12035744944422788 ) ) ;
#1632 = CARTESIAN_POINT ( 'NONE',  ( 32.49545177660667861, 76.74040231590851135, -32.52014078079993453 ) ) ;
#1633 = CARTESIAN_POINT ( 'NONE',  ( 52.28572573259913270, 72.09024013752818405, -23.99845527976693305 ) ) ;
#1634 = CARTESIAN_POINT ( 'NONE',  ( -64.89680306375910845, 69.52068220640249763, -13.99999999999999822 ) ) ;
#1635 = CARTESIAN_POINT ( 'NONE',  ( 25.78437493449734319, 46.02785684633894903, 72.65984742795623674 ) ) ;
#1636 = B_SPLINE_CURVE_WITH_KNOTS ( 'NONE', 3,
 ( #4211, #5464, #3831, #1217, #1151, #4642, #5546, #1667, #3397, #752, #2986, #2899, #2463, #814, #4272, #370 ),
 .UNSPECIFIED., .F., .F.,
 ( 4, 2, 2, 2, 2, 2, 2, 4 ),
 ( 0.000000000000000000, 0.002904847265335207263, 0.005809694530670414525, 0.01161938906134079956, 0.01452423632667599815, 0.01742908359201120194, 0.02033393085734640227, 0.02323877812268160606 ),
 .UNSPECIFIED. ) ;
#1637 = ORIENTED_EDGE ( 'NONE', *, *, #3241, .F. ) ;
#1638 = CARTESIAN_POINT ( 'NONE',  ( -48.83536413120359043, 46.94028658333707682, 56.58533188128637192 ) ) ;
#1639 = CARTESIAN_POINT ( 'NONE',  ( 49.75156183231008100, 47.27665030204802576, 56.16564631967307974 ) ) ;
#1640 = CARTESIAN_POINT ( 'NONE',  ( -60.25892115252625558, 69.04744775503793619, 2.863572514968627747 ) ) ;
#1641 = CARTESIAN_POINT ( 'NONE',  ( 72.00000000000000000, 0.000000000000000000, 14.00000000000000000 ) ) ;
#1642 = ORIENTED_EDGE ( 'NONE', *, *, #1336, .F. ) ;
#1643 = CARTESIAN_POINT ( 'NONE',  ( -15.63615224998760311, 67.38168135652030344, -60.48436881748125415 ) ) ;
#1644 = ORIENTED_EDGE ( 'NONE', *, *, #843, .F. ) ;
#1645 = CARTESIAN_POINT ( 'NONE',  ( 42.04935596212387594, 67.97759162091479368, -45.25973206851622876 ) ) ;
#1646 = CARTESIAN_POINT ( 'NONE',  ( -22.03138215252849719, 50.54137333704081669, 70.86819772924475558 ) ) ;
#1647 = CARTESIAN_POINT ( 'NONE',  ( -44.14906683162993062, 68.11553659766627788, 48.46842685913546944 ) ) ;
#1648 = CARTESIAN_POINT ( 'NONE',  ( -60.20053056545826564, 67.42165079097325986, -16.50659709052886370 ) ) ;
#1649 = ADVANCED_FACE ( 'NONE', ( #2818 ), #5446, .T. ) ;
#1650 = CARTESIAN_POINT ( 'NONE',  ( 43.44112409720655421, 76.93039338646097747, -13.70817937113543827 ) ) ;
#1651 = DIRECTION ( 'NONE',  ( 0.5000000000000039968, 1.387778780781446267E-15, -0.8660254037844363761 ) ) ;
#1652 = CARTESIAN_POINT ( 'NONE',  ( -22.20114393954578347, 48.61675045524525984, 71.14828336734677805 ) ) ;
#1653 = LINE ( 'NONE', #3869, #4246 ) ;
#1654 = ADVANCED_FACE ( 'NONE', ( #2377 ), #702, .F. ) ;
#1655 = VERTEX_POINT ( 'NONE', #4527 ) ;
#1656 = CARTESIAN_POINT ( 'NONE',  ( -19.96340200533990128, 83.58148700043116719, 0.000000000000000000 ) ) ;
#1657 = CARTESIAN_POINT ( 'NONE',  ( 75.42973034920575515, 50.33324878643517053, -14.00000000000003375 ) ) ;
#1658 = CARTESIAN_POINT ( 'NONE',  ( -60.20053056545826564, 67.42165079097325986, -16.50659709052886370 ) ) ;
#1659 = CARTESIAN_POINT ( 'NONE',  ( 21.59518716393271731, 53.31457523385763153, -70.14615027831885641 ) ) ;
#1660 = DIRECTION ( 'NONE',  ( -0.000000000000000000, -1.000000000000000000, -0.000000000000000000 ) ) ;
#1661 = B_SPLINE_CURVE_WITH_KNOTS ( 'NONE', 3,
 ( #2095, #4699, #2151, #863, #2180, #813, #5572, #3396, #4271, #369, #1694, #3426, #5151, #4480, #3617, #38 ),
 .UNSPECIFIED., .F., .F.,
 ( 4, 2, 2, 2, 2, 2, 2, 4 ),
 ( 0.000000000000000000, 0.0006165529096402245016, 0.001233105819280449003, 0.001849658728920673722, 0.002466211638560898006, 0.003699317457841358719, 0.004315870367481579317, 0.004932423277121799482 ),
 .UNSPECIFIED. ) ;
#1662 = FACE_OUTER_BOUND ( 'NONE', #4510, .T. ) ;
#1663 = ORIENTED_EDGE ( 'NONE', *, *, #1205, .T. ) ;
#1664 = CARTESIAN_POINT ( 'NONE',  ( 31.02883701658361204, 80.38235138809351099, -16.74941903057914416 ) ) ;
#1665 = CARTESIAN_POINT ( 'NONE',  ( -48.42478646403014864, 51.72162299947979136, 55.87419050137516052 ) ) ;
#1666 = PLANE ( 'NONE',  #1618 ) ;
#1667 = CARTESIAN_POINT ( 'NONE',  ( -68.87546675248944439, 58.45755855706296700, 16.41545347049859771 ) ) ;
#1668 = CARTESIAN_POINT ( 'NONE',  ( 60.32558811070306604, 67.85093932666332250, 14.00000000000003197 ) ) ;
#1669 = CARTESIAN_POINT ( 'NONE',  ( -49.83922082758487448, 50.33324878643521316, -58.32406268302236185 ) ) ;
#1670 = VERTEX_POINT ( 'NONE', #4620 ) ;
#1671 = EDGE_CURVE ( 'NONE', #2645, #5233, #633, .T. ) ;
#1672 = CARTESIAN_POINT ( 'NONE',  ( 43.82786085933367559, 65.33113625350688380, 47.91208179544287304 ) ) ;
#1673 = CARTESIAN_POINT ( 'NONE',  ( 29.40834082808802563, 78.85201971632071150, -27.49522146350231466 ) ) ;
#1674 = VERTEX_POINT ( 'NONE', #2017 ) ;
#1675 = CARTESIAN_POINT ( 'NONE',  ( -64.04942235729440370, 68.11553659766630631, 14.00000000000000000 ) ) ;
#1676 = LINE ( 'NONE', #3322, #3156 ) ;
#1677 = LINE ( 'NONE', #4713, #4709 ) ;
#1678 = CARTESIAN_POINT ( 'NONE',  ( 49.74097464796067669, 75.38460914944703006, -17.26403396684581537 ) ) ;
#1679 = CARTESIAN_POINT ( 'NONE',  ( 76.23219817601714965, 46.00000000000000000, 14.00000000000000000 ) ) ;
#1680 = ORIENTED_EDGE ( 'NONE', *, *, #88, .F. ) ;
#1681 = CARTESIAN_POINT ( 'NONE',  ( -44.67347013246278919, 67.19961627838252127, 49.37672001983475667 ) ) ;
#1682 = EDGE_CURVE ( 'NONE', #2547, #97, #4105, .T. ) ;
#1683 = CARTESIAN_POINT ( 'NONE',  ( -43.87312328229941727, 67.51982151313337965, 47.66430720752209282 ) ) ;
#1684 = DIRECTION ( 'NONE',  ( -2.664535259100375697E-15, 0.000000000000000000, 1.000000000000000000 ) ) ;
#1685 = ORIENTED_EDGE ( 'NONE', *, *, #1779, .F. ) ;
#1686 = CARTESIAN_POINT ( 'NONE',  ( 64.99999999999998579, 71.01583216044012659, 9.358626346390058970 ) ) ;
#1687 = DIRECTION ( 'NONE',  ( -1.000000000000000000, 0.000000000000000000, 0.000000000000000000 ) ) ;
#1688 = EDGE_CURVE ( 'NONE', #5135, #1223, #4394, .T. ) ;
#1689 = CARTESIAN_POINT ( 'NONE',  ( -36.55947562403500939, 71.39731489569163614, 53.94791190168317030 ) ) ;
#1690 = CARTESIAN_POINT ( 'NONE',  ( -72.82105316056595257, 47.95356825463100137, 16.34516635170948007 ) ) ;
#1691 = CARTESIAN_POINT ( 'NONE',  ( 22.96895832670026749, 47.93259350557820397, -71.08086712438269217 ) ) ;
#1692 = ORIENTED_EDGE ( 'NONE', *, *, #312, .T. ) ;
#1693 = LINE ( 'NONE', #4640, #4160 ) ;
#1694 = CARTESIAN_POINT ( 'NONE',  ( -49.86151541782588481, 47.53496888141361865, 55.85617208477627571 ) ) ;
#1695 = CARTESIAN_POINT ( 'NONE',  ( 28.93748899668713648, 69.04875912864973486, 52.87399526674030881 ) ) ;
#1696 = VECTOR ( 'NONE', #2768, 1000.000000000000000 ) ;
#1697 = CARTESIAN_POINT ( 'NONE',  ( 48.65393309633744678, 58.45755855706302384, 51.44017716991749722 ) ) ;
#1698 = CARTESIAN_POINT ( 'NONE',  ( 75.81746117496030024, 46.02785684633895613, -13.99999999999994138 ) ) ;
#1699 = VERTEX_POINT ( 'NONE', #2472 ) ;
#1700 = CARTESIAN_POINT ( 'NONE',  ( 48.17954716723570385, 53.27527253398659468, 55.44942357923950027 ) ) ;
#1701 = CARTESIAN_POINT ( 'NONE',  ( 28.87508545269598770, 79.57588136914630184, -24.70728397442879398 ) ) ;
#1702 = EDGE_LOOP ( 'NONE', ( #1212, #3568, #3006, #5358, #1149 ) ) ;
#1703 =( BOUNDED_SURFACE ( )  B_SPLINE_SURFACE ( 3, 2, ( 
 ( #1931, #4563, #3247 ),
 ( #677, #4149, #5482 ),
 ( #4535, #1597, #4909 ),
 ( #2759, #2145, #2115 ),
 ( #4202, #4748, #3899 ),
 ( #2174, #3873, #3031 ),
 ( #2542, #5592, #1235 ),
 ( #2976, #1719, #3448 ),
 ( #2922, #299, #4317 ),
 ( #856, #1295, #743 ),
 ( #4631, #5169, #4264 ),
 ( #3848, #4689, #2591 ) ),
 .UNSPECIFIED., .F., .F., .F. ) 
 B_SPLINE_SURFACE_WITH_KNOTS ( ( 4, 2, 2, 2, 2, 4 ),
 ( 3, 3 ),
 ( 0.04596579152697865406, 0.05469982312265932178, 0.05906683892049965218, 0.06343385471833998257, 0.07216788631402065723, 0.08090191790970131802 ),
 ( 0.000000000000000000, 1.000000000000000000 ),
 .UNSPECIFIED. ) 
 GEOMETRIC_REPRESENTATION_ITEM ( )  RATIONAL_B_SPLINE_SURFACE ( (
 ( 1.000000000000000000, 0.4470413949512956897, 1.000000000000000000),
 ( 1.000000000000000000, 0.4508719092581101595, 1.000000000000000000),
 ( 1.000000000000000000, 0.4535957092000723612, 1.000000000000000000),
 ( 1.000000000000000000, 0.4562964902223958785, 1.000000000000000000),
 ( 1.000000000000000000, 0.4569643652243163268, 1.000000000000000000),
 ( 1.000000000000000000, 0.4578526834162054970, 1.000000000000000000),
 ( 1.000000000000000000, 0.4580721740606116255, 1.000000000000000000),
 ( 1.000000000000000000, 0.4580613410313871259, 1.000000000000000000),
 ( 1.000000000000000000, 0.4571748802265165335, 1.000000000000000000),
 ( 1.000000000000000000, 0.4535762175660909001, 1.000000000000000000),
 ( 1.000000000000000000, 0.4508604777194347712, 1.000000000000000000),
 ( 1.000000000000000000, 0.4470422633554517189, 1.000000000000000000) ) ) 
 REPRESENTATION_ITEM ( '' )  SURFACE ( )  );
#1704 = LINE ( 'NONE', #5102, #2528 ) ;
#1705 = TOROIDAL_SURFACE ( 'NONE', #4776, 77.50708379720883556, 3.000000000000000000 ) ;
#1706 = ORIENTED_EDGE ( 'NONE', *, *, #1487, .F. ) ;
#1707 = VECTOR ( 'NONE', #1838, 999.9999999999998863 ) ;
#1708 = VECTOR ( 'NONE', #342, 1000.000000000000000 ) ;
#1709 = DIRECTION ( 'NONE',  ( -0.000000000000000000, -1.000000000000000000, -0.000000000000000000 ) ) ;
#1710 = ORIENTED_EDGE ( 'NONE', *, *, #5106, .T. ) ;
#1711 = CARTESIAN_POINT ( 'NONE',  ( -45.83166933732368165, 65.00834819740421722, 46.41844595415303587 ) ) ;
#1712 = CARTESIAN_POINT ( 'NONE',  ( -30.47372070985120729, 71.49190099398103371, -57.46152413960921734 ) ) ;
#1713 = CARTESIAN_POINT ( 'NONE',  ( 32.63460576818039272, 80.21292967863432466, -14.86457824786073090 ) ) ;
#1714 = CARTESIAN_POINT ( 'NONE',  ( 68.42204903372662272, 60.03922181400667313, 14.00000000000209077 ) ) ;
#1715 = VECTOR ( 'NONE', #1901, 999.9999999999998863 ) ;
#1716 = ORIENTED_EDGE ( 'NONE', *, *, #3349, .T. ) ;
#1717 = VECTOR ( 'NONE', #95, 1000.000000000000000 ) ;
#1718 = ADVANCED_FACE ( 'NONE', ( #5410 ), #2702, .F. ) ;
#1719 = CARTESIAN_POINT ( 'NONE',  ( 64.99999999997980638, 65.66873067397916941, -2.749198011751390780 ) ) ;
#1720 = CARTESIAN_POINT ( 'NONE',  ( 32.28737040338901920, 80.23440317509182762, -28.61359789803596243 ) ) ;
#1721 = DIRECTION ( 'NONE',  ( 0.000000000000000000, 0.000000000000000000, 1.000000000000000000 ) ) ;
#1722 = EDGE_CURVE ( 'NONE', #2535, #4177, #1324, .T. ) ;
#1723 = CARTESIAN_POINT ( 'NONE',  ( -25.47519933554524485, 51.39998651261342388, 72.12433958210759499 ) ) ;
#1724 = ORIENTED_EDGE ( 'NONE', *, *, #3177, .T. ) ;
#1725 = FACE_OUTER_BOUND ( 'NONE', #2001, .T. ) ;
#1726 = CARTESIAN_POINT ( 'NONE',  ( 52.19314189778376800, 72.54741862487628623, -22.69431279803234958 ) ) ;
#1727 = CARTESIAN_POINT ( 'NONE',  ( 44.29303325344385911, 68.41912133313326194, -48.71778401630198374 ) ) ;
#1728 = DIRECTION ( 'NONE',  ( -0.4999999999999919509, 0.000000000000000000, -0.8660254037844432595 ) ) ;
#1729 = CARTESIAN_POINT ( 'NONE',  ( 45.54429556560796044, 65.53555765176808734, 50.88503391456813318 ) ) ;
#1730 = CARTESIAN_POINT ( 'NONE',  ( -27.83132322633887057, 65.48387241162242844, -58.98711303805831108 ) ) ;
#1731 = ORIENTED_EDGE ( 'NONE', *, *, #312, .F. ) ;
#1732 = CARTESIAN_POINT ( 'NONE',  ( 19.03588077828046110, 67.36036041969028076, 61.59403300916820712 ) ) ;
#1733 = CARTESIAN_POINT ( 'NONE',  ( -44.62435565298201823, 80.99999999999998579, -49.29165124598860359 ) ) ;
#1734 = ORIENTED_EDGE ( 'NONE', *, *, #3349, .F. ) ;
#1735 = CARTESIAN_POINT ( 'NONE',  ( 45.72627238489098289, 65.17649743225112502, -51.20022701136419840 ) ) ;
#1736 = ORIENTED_EDGE ( 'NONE', *, *, #3821, .T. ) ;
#1737 = CARTESIAN_POINT ( 'NONE',  ( -25.78437493449784768, 46.02785684633894903, -72.65984742795606621 ) ) ;
#1738 = CARTESIAN_POINT ( 'NONE',  ( -44.14906683162993062, 68.11553659766627788, 48.46842685913546944 ) ) ;
#1739 = CARTESIAN_POINT ( 'NONE',  ( 28.84380042939507049, 79.66610781350850345, -24.29401655381014180 ) ) ;
#1740 = CARTESIAN_POINT ( 'NONE',  ( -24.34059815824946682, 57.39959067741811083, -70.15915269670590249 ) ) ;
#1741 = EDGE_CURVE ( 'NONE', #4431, #5174, #452, .T. ) ;
#1742 = CARTESIAN_POINT ( 'NONE',  ( 60.87275177997356934, 67.18322181085426337, 15.75741201742422071 ) ) ;
#1743 = CARTESIAN_POINT ( 'NONE',  ( 29.83535134698819746, 78.47841056906510460, -28.63995579688603854 ) ) ;
#1744 = DIRECTION ( 'NONE',  ( 0.000000000000000000, 0.000000000000000000, -1.000000000000000000 ) ) ;
#1745 = CARTESIAN_POINT ( 'NONE',  ( 23.76509561665351455, 47.27665030204801155, -71.16893958456944347 ) ) ;
#1746 = ORIENTED_EDGE ( 'NONE', *, *, #5531, .F. ) ;
#1747 = CARTESIAN_POINT ( 'NONE',  ( 52.01057607259644300, 72.94510718290794671, -21.71469346538545864 ) ) ;
#1748 = DIRECTION ( 'NONE',  ( 0.000000000000000000, 0.000000000000000000, -1.000000000000000000 ) ) ;
#1749 = ADVANCED_FACE ( 'NONE', ( #5157 ), #4672, .T. ) ;
#1750 = LINE ( 'NONE', #1323, #2792 ) ;
#1751 = CARTESIAN_POINT ( 'NONE',  ( 47.50592715605625216, 56.26540278045310117, 54.28267949494469491 ) ) ;
#1752 = FACE_OUTER_BOUND ( 'NONE', #4517, .T. ) ;
#1753 = EDGE_LOOP ( 'NONE', ( #402, #1005, #3616, #3447, #618, #5266, #2526, #2245, #2584 ) ) ;
#1754 = CARTESIAN_POINT ( 'NONE',  ( 16.79005678499864374, 67.18322181085426337, 60.59605544843380187 ) ) ;
#1755 = ADVANCED_FACE ( 'NONE', ( #125 ), #3112, .F. ) ;
#1756 = CARTESIAN_POINT ( 'NONE',  ( 48.62157839394828329, 50.13673092389976205, -56.21504412252554772 ) ) ;
#1757 = VERTEX_POINT ( 'NONE', #473 ) ;
#1758 = FACE_OUTER_BOUND ( 'NONE', #1401, .T. ) ;
#1759 = LINE ( 'NONE', #3467, #421 ) ;
#1760 = VERTEX_POINT ( 'NONE', #1459 ) ;
#1761 = CARTESIAN_POINT ( 'NONE',  ( -73.38106283475856628, 56.45032650170057309, -14.00000000000000888 ) ) ;
#1762 = CARTESIAN_POINT ( 'NONE',  ( -24.24833323159038656, 51.19777907935068839, 69.99934515593164974 ) ) ;
#1763 =( BOUNDED_SURFACE ( )  B_SPLINE_SURFACE ( 3, 2, ( 
 ( #3579, #4475, #270 ),
 ( #3363, #741, #2051 ),
 ( #5053, #3787, #2947 ),
 ( #4627, #1959, #2023 ),
 ( #5419, #5084, #2918 ),
 ( #673, #2384, #1109 ),
 ( #1204, #1505, #5024 ),
 ( #4143, #242, #2883 ),
 ( #4199, #4594, #768 ),
 ( #2448, #4228, #327 ),
 ( #1081, #3669, #2825 ),
 ( #640, #1714, #3819 ),
 ( #4685, #3445, #803 ),
 ( #3004, #5167, #830 ),
 ( #1231, #5537, #2538 ),
 ( #4261, #358, #3413 ),
 ( #1263, #2564, #4288 ),
 ( #386, #1766, #5522 ),
 ( #5095, #753, #1317 ),
 ( #310, #1668, #1791 ) ),
 .UNSPECIFIED., .F., .F., .F. ) 
 B_SPLINE_SURFACE_WITH_KNOTS ( ( 4, 2, 2, 2, 2, 2, 2, 2, 2, 4 ),
 ( 3, 3 ),
 ( 0.01252048609958923177, 0.01610381331546554759, 0.01789547692340370463, 0.01968714053134186168, 0.02327046774721817923, 0.02685379496309449332, 0.03402044939484712149, 0.03581211300278527854, 0.03760377661072343558, 0.04118710382659975661 ),
 ( 0.000000000000000000, 1.000000000000000000 ),
 .UNSPECIFIED. ) 
 GEOMETRIC_REPRESENTATION_ITEM ( )  RATIONAL_B_SPLINE_SURFACE ( (
 ( 1.000000000000000000, 0.7806367264523393912, 1.000000000000000000),
 ( 1.000000000000000000, 0.7806525983865794105, 1.000000000000000000),
 ( 1.000000000000000000, 0.7804736193012190570, 1.000000000000000000),
 ( 1.000000000000000000, 0.7799347764562923890, 1.000000000000000000),
 ( 1.000000000000000000, 0.7797094506919913792, 1.000000000000000000),
 ( 1.000000000000000000, 0.7791796795196938019, 1.000000000000000000),
 ( 1.000000000000000000, 0.7788772256527645155, 1.000000000000000000),
 ( 1.000000000000000000, 0.7778777612642533423, 1.000000000000000000),
 ( 1.000000000000000000, 0.7770891790791427667, 1.000000000000000000),
 ( 1.000000000000000000, 0.7753695393491812915, 1.000000000000000000),
 ( 1.000000000000000000, 0.7744333973517917302, 1.000000000000000000),
 ( 1.000000000000000000, 0.7716017430419500611, 1.000000000000000000),
 ( 1.000000000000000000, 0.7696820186696904376, 1.000000000000000000),
 ( 1.000000000000000000, 0.7674401967818181847, 1.000000000000000000),
 ( 1.000000000000000000, 0.7669988342219120625, 1.000000000000000000),
 ( 1.000000000000000000, 0.7661320856131599299, 1.000000000000000000),
 ( 1.000000000000000000, 0.7657059992058814490, 1.000000000000000000),
 ( 1.000000000000000000, 0.7644628963686946888, 1.000000000000000000),
 ( 1.000000000000000000, 0.7636784586036634570, 1.000000000000000000),
 ( 1.000000000000000000, 0.7629366208023404816, 1.000000000000000000) ) ) 
 REPRESENTATION_ITEM ( '' )  SURFACE ( )  );
#1764 = CARTESIAN_POINT ( 'NONE',  ( 67.20185856330790841, 65.17850407179143701, -13.99999999999999467 ) ) ;
#1765 = CARTESIAN_POINT ( 'NONE',  ( 33.65078669103598230, 76.09902934482043690, -33.54138496541627745 ) ) ;
#1766 = CARTESIAN_POINT ( 'NONE',  ( 62.11833194740520270, 66.45418853074275489, 13.99999999999270806 ) ) ;
#1767 = CARTESIAN_POINT ( 'NONE',  ( 72.00000000000000000, 0.000000000000000000, 14.00000000000000000 ) ) ;
#1768 = ORIENTED_EDGE ( 'NONE', *, *, #488, .T. ) ;
#1769 = CARTESIAN_POINT ( 'NONE',  ( 53.26071178722145305, 70.61829152200940030, -22.80206823597352539 ) ) ;
#1770 = CARTESIAN_POINT ( 'NONE',  ( 28.12142052290919025, 45.99999999999999289, 76.70772912669038135 ) ) ;
#1771 = CARTESIAN_POINT ( 'NONE',  ( 45.86641786960051093, 64.95410340582364483, 46.47972036097179682 ) ) ;
#1772 = EDGE_CURVE ( 'NONE', #3912, #1821, #2765, .T. ) ;
#1773 = CARTESIAN_POINT ( 'NONE',  ( 49.35926406874372674, 56.03426478454383641, 52.70711939044678473 ) ) ;
#1774 = CARTESIAN_POINT ( 'NONE',  ( 80.49155235178410805, 0.000000000000000000, -14.00000000000000000 ) ) ;
#1775 = VERTEX_POINT ( 'NONE', #4089 ) ;
#1776 = CARTESIAN_POINT ( 'NONE',  ( -20.29287252571060307, 69.32011107992944687, -63.14828624604963636 ) ) ;
#1777 = PRODUCT_DEFINITION_SHAPE ( 'NONE', 'NONE',  #1806 ) ;
#1778 = ORIENTED_EDGE ( 'NONE', *, *, #3219, .T. ) ;
#1779 = EDGE_CURVE ( 'NONE', #5479, #306, #2427, .T. ) ;
#1780 = DIRECTION ( 'NONE',  ( -2.664535259100375697E-15, 0.000000000000000000, -1.000000000000000000 ) ) ;
#1781 = TOROIDAL_SURFACE ( 'NONE', #319, 20.25000000000000355, 2.000000000000000000 ) ;
#1782 = CARTESIAN_POINT ( 'NONE',  ( -72.96480036538346781, 48.06695786158545047, -15.78408572482750039 ) ) ;
#1783 = CARTESIAN_POINT ( 'NONE',  ( -19.79609569920119228, 59.75118097126230765, 67.14345530803166184 ) ) ;
#1784 = CARTESIAN_POINT ( 'NONE',  ( 48.50442912731990219, 71.56439652585277145, -32.20153779475408840 ) ) ;
#1785 = ORIENTED_EDGE ( 'NONE', *, *, #761, .T. ) ;
#1786 = VECTOR ( 'NONE', #652, 1000.000000000000000 ) ;
#1787 = B_SPLINE_CURVE_WITH_KNOTS ( 'NONE', 3,
 ( #4901, #1922, #5378, #4739, #2043, #1194, #4192, #1161, #790, #2964, #4280, #731 ),
 .UNSPECIFIED., .F., .F.,
 ( 4, 2, 2, 2, 2, 4 ),
 ( 0.000000000000000000, 0.008300315384362561694, 0.01245047307654383560, 0.01660063076872510951, 0.02490094615308765039, 0.03320126153745019126 ),
 .UNSPECIFIED. ) ;
#1788 = CARTESIAN_POINT ( 'NONE',  ( -22.33355912070069849, 63.37520769589384884, -66.68285911089728302 ) ) ;
#1789 = DIRECTION ( 'NONE',  ( 0.000000000000000000, -1.000000000000000000, 0.000000000000000000 ) ) ;
#1790 = CARTESIAN_POINT ( 'NONE',  ( 47.64494257534978772, 71.83450294539620984, -32.84534775924834094 ) ) ;
#1791 = CARTESIAN_POINT ( 'NONE',  ( 61.86493503787937698, 69.87390944627894385, 14.00000000000003020 ) ) ;
#1792 = CARTESIAN_POINT ( 'NONE',  ( -16.79010388213247396, 67.18321445489917210, 60.59606832046526392 ) ) ;
#1793 = ORIENTED_EDGE ( 'NONE', *, *, #4539, .F. ) ;
#1794 = ADVANCED_FACE ( 'NONE', ( #4605 ), #362, .F. ) ;
#1795 = CIRCLE ( 'NONE', #4967, 77.50708379720883556 ) ;
#1796 = DIRECTION ( 'NONE',  ( -0.5000000000000101030, 1.387778780781446464E-15, 0.8660254037844328234 ) ) ;
#1797 = ORIENTED_EDGE ( 'NONE', *, *, #4803, .T. ) ;
#1798 = CARTESIAN_POINT ( 'NONE',  ( -49.37598776186673177, 55.95718616389152089, -52.73723657071890614 ) ) ;
#1799 = DIRECTION ( 'NONE',  ( 0.000000000000000000, 0.000000000000000000, -1.000000000000000000 ) ) ;
#1800 = CARTESIAN_POINT ( 'NONE',  ( -67.01606875057805723, 61.76078178285909104, -14.00000000001864819 ) ) ;
#1801 = CARTESIAN_POINT ( 'NONE',  ( -15.90226845510221665, 67.39059217359782394, -60.40348427856224589 ) ) ;
#1802 = DIRECTION ( 'NONE',  ( -0.1713586291309667498, 0.000000000000000000, -0.9852087191160845414 ) ) ;
#1803 = CARTESIAN_POINT ( 'NONE',  ( 52.73967839717742834, 69.66616244465571128, -27.27653595759936067 ) ) ;
#1804 = ORIENTED_EDGE ( 'NONE', *, *, #488, .F. ) ;
#1805 = CARTESIAN_POINT ( 'NONE',  ( 47.50592715601037241, 56.26540278045617782, -54.28267949493023536 ) ) ;
#1806 = PRODUCT_DEFINITION ( 'UNKNOWN', '', #3437, #5319 ) ;
#1807 = EDGE_LOOP ( 'NONE', ( #3257, #2983, #5543, #591, #3700 ) ) ;
#1808 = CARTESIAN_POINT ( 'NONE',  ( 41.03457785950267578, 67.14810908564963654, -22.82265124730169958 ) ) ;
#1809 = CARTESIAN_POINT ( 'NONE',  ( 25.99174343502676976, 46.00000000000000000, -73.01902020676047300 ) ) ;
#1810 = DIRECTION ( 'NONE',  ( -0.000000000000000000, -1.000000000000000000, -0.000000000000000000 ) ) ;
#1811 = CARTESIAN_POINT ( 'NONE',  ( 0.000000000000000000, 43.00000000000000000, 0.000000000000000000 ) ) ;
#1812 = CARTESIAN_POINT ( 'NONE',  ( -20.69302988865839055, 56.99209030534618847, 68.64442477760178463 ) ) ;
#1813 = CARTESIAN_POINT ( 'NONE',  ( 46.78866943406563905, 72.13421329607371035, -33.38232258785978956 ) ) ;
#1814 = ADVANCED_FACE ( 'NONE', ( #5439 ), #2745, .T. ) ;
#1815 = CARTESIAN_POINT ( 'NONE',  ( -18.93481032072320858, 66.45418853074966137, -60.79605350717532275 ) ) ;
#1816 = CARTESIAN_POINT ( 'NONE',  ( 60.52487680312032126, 67.28334231014491706, 16.12485305893879683 ) ) ;
#1817 = CARTESIAN_POINT ( 'NONE',  ( 40.98152994081917910, 73.15140243119877539, -34.63246869777139381 ) ) ;
#1818 = CARTESIAN_POINT ( 'NONE',  ( 12.12435565298206974, 60.99999999999988631, 7.000000000000131450 ) ) ;
#1819 = ADVANCED_FACE ( 'NONE', ( #4896 ), #3693, .F. ) ;
#1820 = CARTESIAN_POINT ( 'NONE',  ( -52.62653394309215571, 46.00000000000000000, 63.01474371237711125 ) ) ;
#1821 = VERTEX_POINT ( 'NONE', #5401 ) ;
#1822 = DIRECTION ( 'NONE',  ( -0.4999999999999919509, 0.000000000000000000, -0.8660254037844432595 ) ) ;
#1823 = ORIENTED_EDGE ( 'NONE', *, *, #2449, .F. ) ;
#1824 = CARTESIAN_POINT ( 'NONE',  ( -8.196361130604803409E-15, -0.001999999999988122390, 0.000000000000000000 ) ) ;
#1825 = CARTESIAN_POINT ( 'NONE',  ( 64.20085859982000898, 68.25932009823513624, 14.00000000000000000 ) ) ;
#1826 = CARTESIAN_POINT ( 'NONE',  ( -72.82105316056942002, 47.95356825463733230, -16.34516635168984777 ) ) ;
#1827 = VERTEX_POINT ( 'NONE', #598 ) ;
#1828 = CARTESIAN_POINT ( 'NONE',  ( -19.03588077828089808, 67.36036041969029498, -61.59403300916808632 ) ) ;
#1829 = FACE_OUTER_BOUND ( 'NONE', #5418, .T. ) ;
#1830 = ORIENTED_EDGE ( 'NONE', *, *, #4822, .T. ) ;
#1831 = CARTESIAN_POINT ( 'NONE',  ( 48.42478646401737308, 51.72162299947911634, -55.87419050137359733 ) ) ;
#1832 = CARTESIAN_POINT ( 'NONE',  ( 37.43064284524126606, 76.71930974147376503, -33.68450262041518783 ) ) ;
#1833 = EDGE_LOOP ( 'NONE', ( #156, #410, #3393, #3023, #1428, #5003, #4113, #2920, #4349 ) ) ;
#1834 = CARTESIAN_POINT ( 'NONE',  ( 49.68038905374716308, 46.30971242683359890, -57.73509042372641176 ) ) ;
#1835 = CARTESIAN_POINT ( 'NONE',  ( 75.81746117496030024, 46.02785684633895613, -13.99999999999994138 ) ) ;
#1836 = CARTESIAN_POINT ( 'NONE',  ( 33.29317827478638492, 80.10812318693440659, -14.27617325198186471 ) ) ;
#1837 = DIRECTION ( 'NONE',  ( 0.000000000000000000, 0.000000000000000000, -1.000000000000000000 ) ) ;
#1838 = DIRECTION ( 'NONE',  ( -0.5000000000000039968, 0.000000000000000000, 0.8660254037844363761 ) ) ;
#1839 = CARTESIAN_POINT ( 'NONE',  ( -25.33833460651528213, 52.38165315072944139, 71.88728291766349798 ) ) ;
#1840 = CARTESIAN_POINT ( 'NONE',  ( 24.37286708799560131, 50.13673092389395691, 70.21504412253224814 ) ) ;
#1841 = CARTESIAN_POINT ( 'NONE',  ( -18.80811186595741447, 69.87390944627894385, -60.57660534627757443 ) ) ;
#1842 = EDGE_CURVE ( 'NONE', #3542, #3953, #3237, .T. ) ;
#1843 = CARTESIAN_POINT ( 'NONE',  ( 70.03338903277506233, 61.97525265978689646, -14.00000000000000178 ) ) ;
#1844 = CARTESIAN_POINT ( 'NONE',  ( 46.74537767635474950, 72.15591293161971009, -33.38635843358188282 ) ) ;
#1845 = CARTESIAN_POINT ( 'NONE',  ( -66.70000000000000284, 62.56337044103960210, 8.168394150312846688E-15 ) ) ;
#1846 = CARTESIAN_POINT ( 'NONE',  ( -12.12435565298224738, 60.99999999999988631, 6.999999999999813483 ) ) ;
#1847 = ORIENTED_EDGE ( 'NONE', *, *, #5031, .T. ) ;
#1848 = ADVANCED_FACE ( 'NONE', ( #4039 ), #1892, .F. ) ;
#1849 = CARTESIAN_POINT ( 'NONE',  ( -72.76735885100671908, 48.47812969211381784, 16.20386366007834056 ) ) ;
#1850 = ORIENTED_EDGE ( 'NONE', *, *, #912, .F. ) ;
#1851 = DIRECTION ( 'NONE',  ( 8.881784197001252323E-16, 0.000000000000000000, 1.000000000000000000 ) ) ;
#1852 = CARTESIAN_POINT ( 'NONE',  ( 73.41525526195799500, 45.87307673031754263, -13.99999999999998757 ) ) ;
#1853 = PLANE ( 'NONE',  #5228 ) ;
#1854 = CARTESIAN_POINT ( 'NONE',  ( -47.23285297370004088, 57.23846896690773178, -53.80970113692092127 ) ) ;
#1855 = ORIENTED_EDGE ( 'NONE', *, *, #2613, .F. ) ;
#1856 = CARTESIAN_POINT ( 'NONE',  ( 87.00000000000000000, 46.00000000000000000, 0.000000000000000000 ) ) ;
#1857 = CARTESIAN_POINT ( 'NONE',  ( 53.28735730058450315, 70.17454642929814668, -24.43986047657607585 ) ) ;
#1858 = ORIENTED_EDGE ( 'NONE', *, *, #171, .F. ) ;
#1859 = CARTESIAN_POINT ( 'NONE',  ( -44.77528813446718203, 66.83309344415620501, 44.55162171656893122 ) ) ;
#1860 = ORIENTED_EDGE ( 'NONE', *, *, #4756, .T. ) ;
#1861 = CARTESIAN_POINT ( 'NONE',  ( -43.05682317192171382, 69.87390944627894385, -46.57660534627764548 ) ) ;
#1862 = CARTESIAN_POINT ( 'NONE',  ( 49.92931711582117060, 46.05586463635721373, -58.48011403181993728 ) ) ;
#1863 = DIRECTION ( 'NONE',  ( 0.000000000000000000, -0.000000000000000000, -1.000000000000000000 ) ) ;
#1864 = CARTESIAN_POINT ( 'NONE',  ( 40.49818746682526438, 66.82810400146242102, -24.97915788498453082 ) ) ;
#1865 = FACE_OUTER_BOUND ( 'NONE', #549, .T. ) ;
#1866 = CARTESIAN_POINT ( 'NONE',  ( 50.07335748939111397, 47.93259350557823240, 55.43213497158011194 ) ) ;
#1867 = FACE_OUTER_BOUND ( 'NONE', #919, .T. ) ;
#1868 = CARTESIAN_POINT ( 'NONE',  ( -25.61026215520877258, 50.02349546675840486, 72.35827524797825561 ) ) ;
#1869 = AXIS2_PLACEMENT_3D ( 'NONE', #1856, #5338, #2738 ) ;
#1870 = CARTESIAN_POINT ( 'NONE',  ( -50.24045474099057884, 46.00000000000000000, -59.01902020676071459 ) ) ;
#1871 = CARTESIAN_POINT ( 'NONE',  ( 47.39607444059539176, 69.72839117303327328, -47.69139865784195109 ) ) ;
#1872 = CARTESIAN_POINT ( 'NONE',  ( 43.06364245940827828, 72.27893811872962715, -34.56374561305546678 ) ) ;
#1873 = DIRECTION ( 'NONE',  ( -1.000000000000000000, 0.000000000000000000, 0.000000000000000000 ) ) ;
#1874 = VECTOR ( 'NONE', #4139, 1000.000000000000000 ) ;
#1875 = ORIENTED_EDGE ( 'NONE', *, *, #3007, .T. ) ;
#1876 = CARTESIAN_POINT ( 'NONE',  ( 0.000000000000000000, 48.61675045524525984, -74.53166453491230925 ) ) ;
#1877 = VECTOR ( 'NONE', #2273, 1000.000000000000000 ) ;
#1878 = EDGE_LOOP ( 'NONE', ( #656, #767, #5100, #2700, #2505, #5168 ) ) ;
#1879 = CARTESIAN_POINT ( 'NONE',  ( 24.39394564444103608, 71.01557896516720803, -60.97168391023630107 ) ) ;
#1880 = PLANE ( 'NONE',  #2893 ) ;
#1881 = EDGE_CURVE ( 'NONE', #1260, #4718, #2401, .T. ) ;
#1882 = CIRCLE ( 'NONE', #4505, 1.499999999999980460 ) ;
#1883 = EDGE_LOOP ( 'NONE', ( #2207, #3084, #5249, #5608, #1804 ) ) ;
#1884 = CARTESIAN_POINT ( 'NONE',  ( 43.81157361633419356, 67.29654735507129715, -47.08260620806254337 ) ) ;
#1885 = CARTESIAN_POINT ( 'NONE',  ( 31.94555085444570608, 77.06038323273595836, -31.94443970277180256 ) ) ;
#1886 = ORIENTED_EDGE ( 'NONE', *, *, #859, .F. ) ;
#1887 = CARTESIAN_POINT ( 'NONE',  ( -64.99999999999991473, 70.32824487248605294, -14.38303163653537631 ) ) ;
#1888 = LINE ( 'NONE', #4919, #1521 ) ;
#1889 = EDGE_CURVE ( 'NONE', #5606, #556, #222, .T. ) ;
#1890 = VERTEX_POINT ( 'NONE', #1127 ) ;
#1891 = CARTESIAN_POINT ( 'NONE',  ( 21.76155449978454826, 52.40596060623924757, 70.42181178082304882 ) ) ;
#1892 = CYLINDRICAL_SURFACE ( 'NONE', #4687, 1.499999999999984013 ) ;
#1893 = CARTESIAN_POINT ( 'NONE',  ( 49.65591427187903406, 46.92052664020025787, -56.65932836135235817 ) ) ;
#1894 = CARTESIAN_POINT ( 'NONE',  ( 72.00000000000000000, 60.99999999999999289, -14.00000000000000000 ) ) ;
#1895 = CARTESIAN_POINT ( 'NONE',  ( -44.25701222489330178, 67.30525097660132872, -44.25735910900802850 ) ) ;
#1896 = CARTESIAN_POINT ( 'NONE',  ( 24.85206664690598544, 55.22173470845584120, 71.04504210553048438 ) ) ;
#1897 = CARTESIAN_POINT ( 'NONE',  ( -20.37564434701859284, 0.000000000000000000, 63.29165124598826253 ) ) ;
#1898 = LINE ( 'NONE', #4590, #2523 ) ;
#1899 = CARTESIAN_POINT ( 'NONE',  ( 51.17177088150880593, 71.14135697796773172, -28.88622209900388427 ) ) ;
#1900 = CARTESIAN_POINT ( 'NONE',  ( 0.000000000000000000, 49.00000000000000000, 0.000000000000000000 ) ) ;
#1901 = DIRECTION ( 'NONE',  ( -0.6410052855431443986, 0.000000000000000000, 0.7675364642189659303 ) ) ;
#1902 = EDGE_CURVE ( 'NONE', #306, #1935, #2867, .T. ) ;
#1903 =( BOUNDED_SURFACE ( )  B_SPLINE_SURFACE ( 3, 2, ( 
 ( #981, #4762, #4865 ),
 ( #74, #945, #3091 ),
 ( #20, #4372, #2680 ),
 ( #2187, #2715, #2631 ),
 ( #477, #1756, #3488 ),
 ( #3139, #2605, #405 ),
 ( #4350, #1831, #455 ),
 ( #3954, #3540, #4332 ),
 ( #46, #871, #897 ),
 ( #510, #1805, #3889 ),
 ( #5256, #2252, #3980 ),
 ( #3566, #5286, #2206 ),
 ( #1402, #437, #3911 ),
 ( #5630, #5204, #1327 ),
 ( #1914, #623, #2368 ),
 ( #3720, #3172, #5399 ),
 ( #2804, #2340, #562 ),
 ( #4095, #2307, #5008 ),
 ( #3627, #4067, #3652 ),
 ( #4981, #3683, #3596 ) ),
 .UNSPECIFIED., .F., .F., .F. ) 
 B_SPLINE_SURFACE_WITH_KNOTS ( ( 4, 2, 2, 2, 2, 2, 2, 2, 2, 4 ),
 ( 3, 3 ),
 ( 0.01252048609958923177, 0.01610381331546554759, 0.01789547692340370810, 0.01968714053134186515, 0.02327046774721818270, 0.02685379496309450026, 0.03402044939484713537, 0.03581211300278529241, 0.03760377661072344946, 0.04118710382659977048 ),
 ( 0.000000000000000000, 1.000000000000000000 ),
 .UNSPECIFIED. ) 
 GEOMETRIC_REPRESENTATION_ITEM ( )  RATIONAL_B_SPLINE_SURFACE ( (
 ( 1.000000000000000000, 0.7806367264523401683, 1.000000000000000000),
 ( 1.000000000000000000, 0.7806525983856750228, 1.000000000000000000),
 ( 1.000000000000000000, 0.7804736193024199853, 1.000000000000000000),
 ( 1.000000000000000000, 0.7799347764556926466, 1.000000000000000000),
 ( 1.000000000000000000, 0.7797094506908133216, 1.000000000000000000),
 ( 1.000000000000000000, 0.7791796795208703053, 1.000000000000000000),
 ( 1.000000000000000000, 0.7788772256514622239, 1.000000000000000000),
 ( 1.000000000000000000, 0.7778777612668563712, 1.000000000000000000),
 ( 1.000000000000000000, 0.7770891790808130972, 1.000000000000000000),
 ( 1.000000000000000000, 0.7753695393475125153, 1.000000000000000000),
 ( 1.000000000000000000, 0.7744333973512586011, 1.000000000000000000),
 ( 1.000000000000000000, 0.7716017430430189838, 1.000000000000000000),
 ( 1.000000000000000000, 0.7696820186704900202, 1.000000000000000000),
 ( 1.000000000000000000, 0.7674401967816198988, 1.000000000000000000),
 ( 1.000000000000000000, 0.7669988342212086252, 1.000000000000000000),
 ( 1.000000000000000000, 0.7661320856138600366, 1.000000000000000000),
 ( 1.000000000000000000, 0.7657059992051795660, 1.000000000000000000),
 ( 1.000000000000000000, 0.7644628963700980107, 1.000000000000000000),
 ( 1.000000000000000000, 0.7636784586026102994, 1.000000000000000000),
 ( 1.000000000000000000, 0.7629366208023403706, 1.000000000000000000) ) ) 
 REPRESENTATION_ITEM ( '' )  SURFACE ( )  );
#1904 = CARTESIAN_POINT ( 'NONE',  ( 20.36516013100217393, 69.92428822641960551, 63.27349205117302233 ) ) ;
#1905 = EDGE_LOOP ( 'NONE', ( #278, #788, #3489, #1847 ) ) ;
#1906 = CARTESIAN_POINT ( 'NONE',  ( 19.90035552566535415, 68.11553659766630631, -62.46842685913584603 ) ) ;
#1907 = CARTESIAN_POINT ( 'NONE',  ( -72.11038302844909254, 53.27527253398854157, -14.00000000000001599 ) ) ;
#1908 = EDGE_LOOP ( 'NONE', ( #1420, #3624 ) ) ;
#1909 = CARTESIAN_POINT ( 'NONE',  ( -22.29425705476698027, 46.91607545010187152, -71.30177687237421935 ) ) ;
#1910 = CARTESIAN_POINT ( 'NONE',  ( 74.24301028549184878, 54.48109043193349521, 13.99999999999998579 ) ) ;
#1911 = ADVANCED_FACE ( 'NONE', ( #5038 ), #944, .T. ) ;
#1912 = VERTEX_POINT ( 'NONE', #5436 ) ;
#1913 = CARTESIAN_POINT ( 'NONE',  ( 63.83021700212636063, 64.94776857186791119, -14.00000000000209255 ) ) ;
#1914 = CARTESIAN_POINT ( 'NONE',  ( 46.43619266064523288, 63.85246432332328226, -47.48928928489001322 ) ) ;
#1915 = ORIENTED_EDGE ( 'NONE', *, *, #4362, .F. ) ;
#1916 = CARTESIAN_POINT ( 'NONE',  ( -75.81746117496030024, 46.02785684633895613, 14.00000000000000000 ) ) ;
#1917 = CARTESIAN_POINT ( 'NONE',  ( 40.28693391931404477, 67.17709242351507726, -24.00587912876995844 ) ) ;
#1918 = CARTESIAN_POINT ( 'NONE',  ( 8.168394150312846688E-15, 0.000000000000000000, 66.70000000000000284 ) ) ;
#1919 = EDGE_CURVE ( 'NONE', #3562, #28, #4419, .T. ) ;
#1920 = CARTESIAN_POINT ( 'NONE',  ( -80.88563583943053459, 61.00000000000000000, 14.06854345165236886 ) ) ;
#1921 = CARTESIAN_POINT ( 'NONE',  ( 29.06544219418808339, 80.14707550690324922, -21.39373870086312124 ) ) ;
#1922 = CARTESIAN_POINT ( 'NONE',  ( -18.17139975875046431, 67.97759162091477947, -59.04567651023197783 ) ) ;
#1923 = DIRECTION ( 'NONE',  ( 5.329070518200751394E-15, 0.000000000000000000, -1.000000000000000000 ) ) ;
#1924 = CARTESIAN_POINT ( 'NONE',  ( 23.08300159320919320, 61.51576396133798141, 67.98093155063297388 ) ) ;
#1925 = CARTESIAN_POINT ( 'NONE',  ( 25.41726925143119331, 51.79954327709438644, -72.02400173313630205 ) ) ;
#1926 = CARTESIAN_POINT ( 'NONE',  ( 20.39492984185988789, 68.35783077699144883, -57.77763994651647295 ) ) ;
#1927 = CARTESIAN_POINT ( 'NONE',  ( 52.73859345258103559, 69.66569124531525858, -27.28014885755687047 ) ) ;
#1928 = CARTESIAN_POINT ( 'NONE',  ( -62.15327599242843348, 67.16491451319373596, -14.71073604008700286 ) ) ;
#1929 = CARTESIAN_POINT ( 'NONE',  ( 49.24525188925360197, 54.48432739547298098, 57.29527830371588948 ) ) ;
#1930 = VERTEX_POINT ( 'NONE', #3689 ) ;
#1931 = CARTESIAN_POINT ( 'NONE',  ( 60.19907605279993135, 67.38168135652030344, 16.70087934281001196 ) ) ;
#1932 = ORIENTED_EDGE ( 'NONE', *, *, #1435, .T. ) ;
#1933 = DIRECTION ( 'NONE',  ( -0.8660254037844363761, 0.000000000000000000, -0.5000000000000039968 ) ) ;
#1934 = DIRECTION ( 'NONE',  ( 0.000000000000000000, 0.000000000000000000, -1.000000000000000000 ) ) ;
#1935 = VERTEX_POINT ( 'NONE', #5406 ) ;
#1936 = CARTESIAN_POINT ( 'NONE',  ( 52.23456072936279782, 71.16411944596228523, -23.03695702326926664 ) ) ;
#1937 = CARTESIAN_POINT ( 'NONE',  ( 73.60789134615158957, 55.96238029589262197, 13.99999999999998757 ) ) ;
#1938 = EDGE_LOOP ( 'NONE', ( #4766, #4489, #875, #5284, #5223, #3046 ) ) ;
#1939 = CARTESIAN_POINT ( 'NONE',  ( 63.40701041272041749, 65.33113625350709697, -13.99999999999215561 ) ) ;
#1940 = CARTESIAN_POINT ( 'NONE',  ( 51.59461799496918388, 79.00149741535467740, -5.620569462817491504E-15 ) ) ;
#1941 = DIRECTION ( 'NONE',  ( -0.000000000000000000, -1.000000000000000000, -0.000000000000000000 ) ) ;
#1942 = ORIENTED_EDGE ( 'NONE', *, *, #1779, .T. ) ;
#1943 = CARTESIAN_POINT ( 'NONE',  ( -42.28714970833355835, 67.85093932666330829, -45.24349180210544574 ) ) ;
#1944 = EDGE_CURVE ( 'NONE', #685, #3834, #2071, .T. ) ;
#1945 = DIRECTION ( 'NONE',  ( 0.4999999999999919509, 1.387778780781446464E-15, 0.8660254037844432595 ) ) ;
#1946 = CARTESIAN_POINT ( 'NONE',  ( -71.63150105874400708, 53.09967776846266219, 16.36943979495305257 ) ) ;
#1947 = CARTESIAN_POINT ( 'NONE',  ( -63.73414311905530383, 67.84252944039403133, 14.02174270511629040 ) ) ;
#1948 = DIRECTION ( 'NONE',  ( 0.8660254037844328234, 0.000000000000000000, 0.5000000000000101030 ) ) ;
#1949 = DIRECTION ( 'NONE',  ( 0.000000000000000000, 0.000000000000000000, -1.000000000000000000 ) ) ;
#1950 = CARTESIAN_POINT ( 'NONE',  ( -20.48958420640796874, 57.64672313975279394, -68.30425702708248537 ) ) ;
#1951 = DIRECTION ( 'NONE',  ( 8.949944318576885364E-17, 1.000000000000000000, 0.000000000000000000 ) ) ;
#1952 = ADVANCED_FACE ( 'NONE', ( #197 ), #1534, .F. ) ;
#1953 = CARTESIAN_POINT ( 'NONE',  ( 20.64763696491525380, 66.79099053449104417, -63.76275627946984059 ) ) ;
#1954 = CARTESIAN_POINT ( 'NONE',  ( 27.64953403269469590, 69.04744775503476717, -53.61754278023605735 ) ) ;
#1955 = CIRCLE ( 'NONE', #4577, 82.10000000000000853 ) ;
#1956 = CARTESIAN_POINT ( 'NONE',  ( 50.41764364601637283, 71.16690043325201032, -30.11428377355289498 ) ) ;
#1957 = DIRECTION ( 'NONE',  ( 0.4999999999999979461, 0.000000000000000000, 0.8660254037844397068 ) ) ;
#1958 = ORIENTED_EDGE ( 'NONE', *, *, #2091, .F. ) ;
#1959 = CARTESIAN_POINT ( 'NONE',  ( 73.09813573234846729, 49.60266825055047235, 14.00000000001044320 ) ) ;
#1960 = CARTESIAN_POINT ( 'NONE',  ( 49.42691712388109693, 53.47322573449758920, 57.60993172005955643 ) ) ;
#1961 = CARTESIAN_POINT ( 'NONE',  ( -44.62435565298201823, 70.33830226810667341, -49.29165124598860359 ) ) ;
#1962 = ORIENTED_EDGE ( 'NONE', *, *, #159, .F. ) ;
#1963 = CARTESIAN_POINT ( 'NONE',  ( -50.45392411361066820, 49.58324814417439086, -54.68848251784043413 ) ) ;
#1964 = CARTESIAN_POINT ( 'NONE',  ( 72.74537776911401465, 51.19777907935039707, -13.99999999998369304 ) ) ;
#1965 = CARTESIAN_POINT ( 'NONE',  ( 52.28572573259913980, 72.05034558377231235, -24.12499999999817746 ) ) ;
#1966 = CARTESIAN_POINT ( 'NONE',  ( -64.20085859982000898, 68.25932009823513624, -14.00000000000000000 ) ) ;
#1967 = CIRCLE ( 'NONE', #3955, 82.10000000000000853 ) ;
#1968 = CIRCLE ( 'NONE', #2426, 1.499999999999983125 ) ;
#1969 = CARTESIAN_POINT ( 'NONE',  ( 74.60606655204929893, 53.47034647065109425, 13.99999999999999112 ) ) ;
#1970 = VERTEX_POINT ( 'NONE', #1979 ) ;
#1971 = CARTESIAN_POINT ( 'NONE',  ( 4.852638573011457339E-16, 96.99999999999998579, 1.499999999999987566 ) ) ;
#1972 = CARTESIAN_POINT ( 'NONE',  ( -18.17181231038301448, 67.97768854755386769, 59.04544239513653991 ) ) ;
#1973 = CARTESIAN_POINT ( 'NONE',  ( 68.04598584424388719, 59.75118097122703631, -16.42780588275770626 ) ) ;
#1974 = CARTESIAN_POINT ( 'NONE',  ( 19.96340200533990838, 83.58148700043116719, 39.92680401067980256 ) ) ;
#1975 = PLANE ( 'NONE',  #601 ) ;
#1976 = AXIS2_PLACEMENT_3D ( 'NONE', #4254, #2556, #351 ) ;
#1977 = VERTEX_POINT ( 'NONE', #3723 ) ;
#1978 = CARTESIAN_POINT ( 'NONE',  ( -44.03946415404090686, 64.94776857187237340, -48.27858945290414283 ) ) ;
#1979 = CARTESIAN_POINT ( 'NONE',  ( -60.20053056545826564, 67.42165079097325986, 16.50659709052888502 ) ) ;
#1980 = VECTOR ( 'NONE', #1471, 999.9999999999998863 ) ;
#1981 = CARTESIAN_POINT ( 'NONE',  ( -61.31913725907211443, 67.11011714587891674, 15.33428624829935316 ) ) ;
#1982 = B_SPLINE_CURVE_WITH_KNOTS ( 'NONE', 3,
 ( #2283, #4869, #1405, #1916 ),
 .UNSPECIFIED., .F., .F.,
 ( 4, 4 ),
 ( 0.000000000000000000, 0.0004135464275951780027 ),
 .UNSPECIFIED. ) ;
#1983 = FACE_OUTER_BOUND ( 'NONE', #2251, .T. ) ;
#1984 = CARTESIAN_POINT ( 'NONE',  ( 12.12435565298211060, 45.99999999999999289, 7.000000000000057732 ) ) ;
#1985 = CARTESIAN_POINT ( 'NONE',  ( 17.49565047418360209, 64.62690840039145712, 63.25985731522497701 ) ) ;
#1986 = CARTESIAN_POINT ( 'NONE',  ( 43.01639268400472815, 73.76205797093119543, -34.57314596901164805 ) ) ;
#1987 = DIRECTION ( 'NONE',  ( -0.000000000000000000, -1.000000000000000000, -0.000000000000000000 ) ) ;
#1988 = CLOSED_SHELL ( 'NONE', ( #2196, #379, #2782, #574, #2950, #3469, #1819, #941, #2270, #4101, #978, #5332, #4408, #3874, #4790, #886, #3117, #2173, #2133, #4282, #3589, #4829, #3381, #1322, #2026, #3902, #3513, #48, #643, #4472, #2339, #4449, #2478, #3491, #4704, #1911, #2521, #3169, #2141, #4864, #4433, #2263, #1575, #1466, #4020, #5391, #1952, #793, #1749, #3315, #1293, #1215, #1794, #2000, #4308, #3957, #4091, #4205, #1306, #2943, #2483, #2585, #5199, #1362, #775, #2619, #4294, #2869, #3485, #62, #1718, #4059, #4726, #5258, #2757, #303, #5111, #5274, #3504, #2740, #1234, #5454, #3730, #2075, #2065, #5245, #4878, #3076, #1654, #3796, #5349, #1649, #2361, #2663, #1755, #1814, #4628, #1992, #1090, #4136, #1848, #432 ) ) ;
#1989 = CARTESIAN_POINT ( 'NONE',  ( 36.47542547748182074, 79.41801852159350972, -12.35974425706412916 ) ) ;
#1990 = CARTESIAN_POINT ( 'NONE',  ( 17.28371873182178931, 65.00834819740549619, -62.90061292104787327 ) ) ;
#1991 = CARTESIAN_POINT ( 'NONE',  ( 32.55084823172990127, 69.01500649860356873, -50.78644227587211901 ) ) ;
#1992 = ADVANCED_FACE ( 'NONE', ( #5012 ), #2125, .T. ) ;
#1993 = CARTESIAN_POINT ( 'NONE',  ( 51.96780431907870224, 70.30755739149991257, -26.72062224548501064 ) ) ;
#1994 = CARTESIAN_POINT ( 'NONE',  ( 49.55908648501448255, 74.13786398998955463, -14.81858554215912882 ) ) ;
#1995 = CARTESIAN_POINT ( 'NONE',  ( 50.03308624046258046, 46.02785684633894903, -58.65984742795578910 ) ) ;
#1996 = CARTESIAN_POINT ( 'NONE',  ( 44.14906683162889323, 68.11553659766630631, 48.46842685913634341 ) ) ;
#1997 = ORIENTED_EDGE ( 'NONE', *, *, #2674, .T. ) ;
#1998 = B_SPLINE_CURVE_WITH_KNOTS ( 'NONE', 3,
 ( #1809, #3983, #4435, #104 ),
 .UNSPECIFIED., .F., .F.,
 ( 4, 4 ),
 ( 1.551583845779545699E-17, 0.0004135464275951733948 ),
 .UNSPECIFIED. ) ;
#1999 = CARTESIAN_POINT ( 'NONE',  ( -18.25000000000000000, 85.56084588387216172, 0.000000000000000000 ) ) ;
#2000 = ADVANCED_FACE ( 'NONE', ( #2102 ), #2691, .F. ) ;
#2001 = EDGE_LOOP ( 'NONE', ( #4737, #181, #2185, #5528 ) ) ;
#2002 = CARTESIAN_POINT ( 'NONE',  ( 22.81298096947916321, 48.06695786158547889, 71.08141356089610952 ) ) ;
#2003 = CARTESIAN_POINT ( 'NONE',  ( 18.86896345607814496, 67.29655345658439103, -61.48324991468413003 ) ) ;
#2004 = DIRECTION ( 'NONE',  ( 0.000000000000000000, 1.000000000000000000, 0.000000000000000000 ) ) ;
#2005 = DIRECTION ( 'NONE',  ( 0.000000000000000000, 1.000000000000000000, 0.000000000000000000 ) ) ;
#2006 = ORIENTED_EDGE ( 'NONE', *, *, #1117, .T. ) ;
#2007 = CARTESIAN_POINT ( 'NONE',  ( 66.70000000000000284, 43.00000000000000000, 0.000000000000000000 ) ) ;
#2008 = CARTESIAN_POINT ( 'NONE',  ( -52.62653394309215571, 0.000000000000000000, 63.01474371237711125 ) ) ;
#2009 = CARTESIAN_POINT ( 'NONE',  ( -64.99999999999997158, 70.72920227688678096, 11.68432632855741460 ) ) ;
#2010 = ORIENTED_EDGE ( 'NONE', *, *, #193, .T. ) ;
#2011 = CARTESIAN_POINT ( 'NONE',  ( -71.24205642004746153, 54.09044109428339908, 16.37679888231118497 ) ) ;
#2012 = CARTESIAN_POINT ( 'NONE',  ( 50.24045474099099096, 46.00000000000000000, -59.01902020676035932 ) ) ;
#2013 = CARTESIAN_POINT ( 'NONE',  ( -21.59518716393319337, 53.31457523385761732, 70.14615027831868588 ) ) ;
#2014 = CARTESIAN_POINT ( 'NONE',  ( -49.83937475237126336, 50.33153266396304559, 58.32432928857086551 ) ) ;
#2015 = CARTESIAN_POINT ( 'NONE',  ( -47.39607444059571151, 69.72839117303325907, 47.69139865784160293 ) ) ;
#2016 = CARTESIAN_POINT ( 'NONE',  ( 20.40464906927978816, 63.77279572264193774, 63.34188889862993221 ) ) ;
#2017 = CARTESIAN_POINT ( 'NONE',  ( 44.62435565298167717, 70.33830226810667341, 49.29165124598891623 ) ) ;
#2018 = CARTESIAN_POINT ( 'NONE',  ( 41.59232935658092600, 77.84073186198658334, -11.44367928224373010 ) ) ;
#2019 = CARTESIAN_POINT ( 'NONE',  ( 4.852638573011455367E-16, 96.99999999999998579, 0.000000000000000000 ) ) ;
#2020 = CARTESIAN_POINT ( 'NONE',  ( 49.98382990229479361, 71.22238686447622058, -30.69558711280324914 ) ) ;
#2021 = CARTESIAN_POINT ( 'NONE',  ( -64.04942235729444633, 68.11553659766627788, -14.00000000000000000 ) ) ;
#2022 = CARTESIAN_POINT ( 'NONE',  ( 44.01025694748703643, 67.84252944039403133, 48.18451567697736238 ) ) ;
#2023 = CARTESIAN_POINT ( 'NONE',  ( 75.46923561637345301, 50.02349546675423397, 14.00000000000002309 ) ) ;
#2024 = CARTESIAN_POINT ( 'NONE',  ( 42.92710905960215939, 65.65911875835416822, -25.10372376724690469 ) ) ;
#2025 = VERTEX_POINT ( 'NONE', #5626 ) ;
#2026 = ADVANCED_FACE ( 'NONE', ( #1752 ), #3484, .F. ) ;
#2027 = CARTESIAN_POINT ( 'NONE',  ( 0.000000000000000000, 61.00000000000000000, 0.000000000000000000 ) ) ;
#2028 = CARTESIAN_POINT ( 'NONE',  ( -50.15181382538525412, 48.06694853713072746, -55.29733703070733242 ) ) ;
#2029 = CARTESIAN_POINT ( 'NONE',  ( -60.25896109168538572, 69.04857540238329250, 7.379594382087738996E-15 ) ) ;
#2030 = CARTESIAN_POINT ( 'NONE',  ( -66.41440648059730734, 65.95929522014935742, -14.00000000000002309 ) ) ;
#2031 = EDGE_CURVE ( 'NONE', #4290, #1309, #2204, .T. ) ;
#2032 = CARTESIAN_POINT ( 'NONE',  ( 1.500000000000002887, 76.99140126247186799, -3.000000000000015543 ) ) ;
#2033 = ORIENTED_EDGE ( 'NONE', *, *, #1156, .T. ) ;
#2034 = CARTESIAN_POINT ( 'NONE',  ( -47.50592715606136807, 56.26540278044149090, 54.28267949491819166 ) ) ;
#2035 = CARTESIAN_POINT ( 'NONE',  ( 72.71679280154886271, 48.61675045524525984, 16.34738703895267165 ) ) ;
#2036 = DIRECTION ( 'NONE',  ( -0.000000000000000000, -1.000000000000000000, -0.000000000000000000 ) ) ;
#2037 = LINE ( 'NONE', #4835, #785 ) ;
#2038 = CARTESIAN_POINT ( 'NONE',  ( -48.92745487081131728, 55.96612926941612187, -56.74483772127886994 ) ) ;
#2039 = VERTEX_POINT ( 'NONE', #4782 ) ;
#2040 = CARTESIAN_POINT ( 'NONE',  ( -68.42204903371070657, 60.03922181400536573, 13.99999999999788791 ) ) ;
#2041 = ORIENTED_EDGE ( 'NONE', *, *, #2292, .F. ) ;
#2042 = CARTESIAN_POINT ( 'NONE',  ( -60.20053056545826564, 67.42165079097325986, 16.50659709052888502 ) ) ;
#2043 = CARTESIAN_POINT ( 'NONE',  ( -25.33310934557538729, 68.88246064476267350, -54.94817507130537138 ) ) ;
#2044 = CARTESIAN_POINT ( 'NONE',  ( -21.20656785621790519, 55.08934122041001302, -69.50042274262133901 ) ) ;
#2045 = EDGE_CURVE ( 'NONE', #3442, #3318, #2143, .T. ) ;
#2046 = CARTESIAN_POINT ( 'NONE',  ( 48.83198328396060361, 45.87307673031753552, 56.57947608217527602 ) ) ;
#2047 = CARTESIAN_POINT ( 'NONE',  ( 48.12210044631823536, 74.97474208927705774, -13.61424010503588278 ) ) ;
#2048 = CARTESIAN_POINT ( 'NONE',  ( -23.44211514412337038, 47.53496170213771421, 71.10942643231368265 ) ) ;
#2049 = CARTESIAN_POINT ( 'NONE',  ( -44.01025537338169613, 67.84252621657637405, 48.18451186683422094 ) ) ;
#2050 = LINE ( 'NONE', #5166, #4250 ) ;
#2051 = CARTESIAN_POINT ( 'NONE',  ( 75.82446114416394778, 47.05105508795745095, 14.00000000000001243 ) ) ;
#2052 = VERTEX_POINT ( 'NONE', #3592 ) ;
#2053 = CARTESIAN_POINT ( 'NONE',  ( -24.24046058635592260, 46.92052664020026498, -71.33294738826567993 ) ) ;
#2054 = FACE_OUTER_BOUND ( 'NONE', #185, .T. ) ;
#2055 = CARTESIAN_POINT ( 'NONE',  ( -61.86493503787937698, 69.87390944627894385, -14.00000000000003020 ) ) ;
#2056 = VECTOR ( 'NONE', #1602, 1000.000000000000227 ) ;
#2057 = CARTESIAN_POINT ( 'NONE',  ( -24.58665282517429063, 46.94028658333664339, -70.58533188141116455 ) ) ;
#2058 = DIRECTION ( 'NONE',  ( 0.000000000000000000, 0.000000000000000000, 1.000000000000000000 ) ) ;
#2059 = VECTOR ( 'NONE', #2568, 1000.000000000000000 ) ;
#2060 = EDGE_LOOP ( 'NONE', ( #1274, #3138, #1173, #4157 ) ) ;
#2061 = CARTESIAN_POINT ( 'NONE',  ( 31.26037561566809941, 79.21310428518093261, -23.73806586029433063 ) ) ;
#2062 = CARTESIAN_POINT ( 'NONE',  ( -50.59889340631438870, 45.87634716325730722, 54.95257857073134744 ) ) ;
#2063 = CARTESIAN_POINT ( 'NONE',  ( 35.66888853451814612, 81.90134473033278084, -15.58332771431504327 ) ) ;
#2064 = CARTESIAN_POINT ( 'NONE',  ( 18.17139975875005575, 67.97759162091476526, 59.04567651023209152 ) ) ;
#2065 = ADVANCED_FACE ( 'NONE', ( #4915 ), #1029, .F. ) ;
#2066 = CARTESIAN_POINT ( 'NONE',  ( -44.62435565298271456, 70.33830226810675867, 49.29165124598798542 ) ) ;
#2067 = CARTESIAN_POINT ( 'NONE',  ( -44.56021296330999348, 67.41452947052930256, -49.18055284854252562 ) ) ;
#2068 = ORIENTED_EDGE ( 'NONE', *, *, #5106, .F. ) ;
#2069 = CARTESIAN_POINT ( 'NONE',  ( 21.59518716393170124, 53.31457523385765285, 70.14615027831914063 ) ) ;
#2070 = AXIS2_PLACEMENT_3D ( 'NONE', #3417, #3008, #1687 ) ;
#2071 = B_SPLINE_CURVE_WITH_KNOTS ( 'NONE', 3,
 ( #2496, #3777, #5074, #2469, #287, #1193, #4218, #3264, #3810, #4985, #3321, #2013, #1100, #1646, #1071, #2812 ),
 .UNSPECIFIED., .F., .F.,
 ( 4, 2, 2, 2, 2, 2, 2, 4 ),
 ( 3.469446951953614189E-18, 0.002904847265335196421, 0.005809694530670389372, 0.01161938906134078048, 0.01452423632667598427, 0.01742908359201119153, 0.02033393085734639880, 0.02323877812268160259 ),
 .UNSPECIFIED. ) ;
#2072 = CARTESIAN_POINT ( 'NONE',  ( -69.79433062989065206, 56.99209030536383835, 16.40152282395422745 ) ) ;
#2073 = ORIENTED_EDGE ( 'NONE', *, *, #1046, .F. ) ;
#2074 = CIRCLE ( 'NONE', #4691, 77.50708379720883556 ) ;
#2075 = ADVANCED_FACE ( 'NONE', ( #5312 ), #1781, .F. ) ;
#2076 = CIRCLE ( 'NONE', #3516, 82.10000000000000853 ) ;
#2077 = CARTESIAN_POINT ( 'NONE',  ( -48.81488707036206876, 56.45032650170057309, 56.54986457160245550 ) ) ;
#2078 = DIRECTION ( 'NONE',  ( 0.8660254037844328234, 0.000000000000000000, 0.5000000000000101030 ) ) ;
#2079 = TOROIDAL_SURFACE ( 'NONE', #3613, 77.50708379720883556, 3.000000000000000000 ) ;
#2080 = CARTESIAN_POINT ( 'NONE',  ( 46.06879294107283584, 77.81487915691255353, -14.53253936698583715 ) ) ;
#2081 = CARTESIAN_POINT ( 'NONE',  ( 20.03676003138848927, 70.32645668472915190, -63.48730619684134524 ) ) ;
#2082 = CARTESIAN_POINT ( 'NONE',  ( 44.62435565298236639, 70.33830226810675867, -49.29165124598830516 ) ) ;
#2083 = CARTESIAN_POINT ( 'NONE',  ( 42.32237383146429721, 77.57259200438150515, -11.49251607985254253 ) ) ;
#2084 = CARTESIAN_POINT ( 'NONE',  ( 23.87564434701720728, 80.99999999999998579, 69.35382907247979745 ) ) ;
#2085 = CIRCLE ( 'NONE', #2701, 77.50708379720883556 ) ;
#2086 = CARTESIAN_POINT ( 'NONE',  ( 64.99999999999998579, 70.33830226810667341, -14.00000000000000000 ) ) ;
#2087 = CARTESIAN_POINT ( 'NONE',  ( 52.28572573259913980, 82.99999999999998579, -24.12500000000006040 ) ) ;
#2088 = CARTESIAN_POINT ( 'NONE',  ( -65.94569034573784450, 62.25354003921476931, -16.45378025840367897 ) ) ;
#2089 = CARTESIAN_POINT ( 'NONE',  ( -80.88563583943053459, 0.000000000000000000, 14.06854345165236886 ) ) ;
#2090 = CARTESIAN_POINT ( 'NONE',  ( -42.61911942635266826, 70.72916407250923498, 50.44937492122166134 ) ) ;
#2091 = EDGE_CURVE ( 'NONE', #596, #1890, #416, .T. ) ;
#2092 = CARTESIAN_POINT ( 'NONE',  ( -80.49155235178410805, 0.000000000000000000, -14.00000000000000000 ) ) ;
#2093 = VERTEX_POINT ( 'NONE', #3168 ) ;
#2094 = CARTESIAN_POINT ( 'NONE',  ( -47.23285297371771918, 57.23846896690285035, 53.80970113690816703 ) ) ;
#2095 = CARTESIAN_POINT ( 'NONE',  ( -50.03308624046297837, 46.02785684633894903, 58.65984742795541962 ) ) ;
#2096 = CARTESIAN_POINT ( 'NONE',  ( -64.99999999999995737, 69.72852694534908835, 17.19986744891166097 ) ) ;
#2097 = LINE ( 'NONE', #4797, #113 ) ;
#2098 = CARTESIAN_POINT ( 'NONE',  ( -64.99999999999998579, 70.33830226810667341, 14.00000000000000000 ) ) ;
#2099 = ORIENTED_EDGE ( 'NONE', *, *, #1605, .F. ) ;
#2100 = EDGE_CURVE ( 'NONE', #3194, #2968, #4398, .T. ) ;
#2101 = CARTESIAN_POINT ( 'NONE',  ( 46.58227042665788531, 63.37520769587720793, 52.68285911088588591 ) ) ;
#2102 = FACE_OUTER_BOUND ( 'NONE', #3590, .T. ) ;
#2103 = ORIENTED_EDGE ( 'NONE', *, *, #547, .F. ) ;
#2104 = CARTESIAN_POINT ( 'NONE',  ( -72.89608479200035163, 57.41926555727933135, 13.99999999999998579 ) ) ;
#2105 =( BOUNDED_SURFACE ( )  B_SPLINE_SURFACE ( 3, 2, ( 
 ( #110, #2413, #1871 ),
 ( #4991, #2821, #3270 ),
 ( #1019, #3240, #5353 ),
 ( #2783, #2851, #1502 ),
 ( #4529, #3208, #4502 ),
 ( #1991, #5384, #4108 ),
 ( #3697, #636, #2380 ),
 ( #1954, #204, #609 ),
 ( #4079, #172, #5414 ),
 ( #1926, #3666, #1532 ),
 ( #736, #2534, #2081 ),
 ( #1259, #4717, #5130 ) ),
 .UNSPECIFIED., .F., .F., .F. ) 
 B_SPLINE_SURFACE_WITH_KNOTS ( ( 4, 2, 2, 2, 2, 4 ),
 ( 3, 3 ),
 ( 0.04596579152697865406, 0.05469982312265932178, 0.05906683892049965218, 0.06343385471833998257, 0.07216788631402065723, 0.08090191790970131802 ),
 ( 0.000000000000000000, 1.000000000000000000 ),
 .UNSPECIFIED. ) 
 GEOMETRIC_REPRESENTATION_ITEM ( )  RATIONAL_B_SPLINE_SURFACE ( (
 ( 1.000000000000000000, 0.4470413949512915264, 1.000000000000000000),
 ( 1.000000000000000000, 0.4508719092589592581, 1.000000000000000000),
 ( 1.000000000000000000, 0.4535957091989489820, 1.000000000000000000),
 ( 1.000000000000000000, 0.4562964902229566522, 1.000000000000000000),
 ( 1.000000000000000000, 0.4569643652227422526, 1.000000000000000000),
 ( 1.000000000000000000, 0.4578526834177763516, 1.000000000000000000),
 ( 1.000000000000000000, 0.4580721740616235937, 1.000000000000000000),
 ( 1.000000000000000000, 0.4580613410293692400, 1.000000000000000000),
 ( 1.000000000000000000, 0.4571748802188531635, 1.000000000000000000),
 ( 1.000000000000000000, 0.4535762175737539370, 1.000000000000000000),
 ( 1.000000000000000000, 0.4508604777136849262, 1.000000000000000000),
 ( 1.000000000000000000, 0.4470422633554497205, 1.000000000000000000) ) ) 
 REPRESENTATION_ITEM ( '' )  SURFACE ( )  );
#2106 = FACE_OUTER_BOUND ( 'NONE', #3938, .T. ) ;
#2107 = EDGE_CURVE ( 'NONE', #2716, #890, #3508, .T. ) ;
#2108 = CARTESIAN_POINT ( 'NONE',  ( 49.58404665989256443, 74.12239821698460673, -14.84270631032079635 ) ) ;
#2109 = CARTESIAN_POINT ( 'NONE',  ( 44.29178473389274018, 68.41608997342395071, 48.71562151700697285 ) ) ;
#2110 = EDGE_LOOP ( 'NONE', ( #359, #4092, #5188, #5070 ) ) ;
#2111 = CARTESIAN_POINT ( 'NONE',  ( -44.13679323862437798, 67.21757477858380980, 44.64269861300164166 ) ) ;
#2112 = CARTESIAN_POINT ( 'NONE',  ( 31.51143811664326577, 80.34741737452175414, -16.09869125092094322 ) ) ;
#2113 = CARTESIAN_POINT ( 'NONE',  ( -18.11047266504080255, 63.45883282103518042, -64.30068774965307909 ) ) ;
#2114 = LINE ( 'NONE', #2655, #5143 ) ;
#2115 = CARTESIAN_POINT ( 'NONE',  ( 64.99999999999994316, 71.20242650879478674, 7.223379212444533515 ) ) ;
#2116 = CARTESIAN_POINT ( 'NONE',  ( 31.66580736731140888, 78.40702786669987745, -27.02288193496896440 ) ) ;
#2117 = CARTESIAN_POINT ( 'NONE',  ( 41.78572573259913270, -0.001999999999988122390, -24.12500000000006040 ) ) ;
#2118 = ORIENTED_EDGE ( 'NONE', *, *, #4341, .T. ) ;
#2119 = CARTESIAN_POINT ( 'NONE',  ( 29.37495277271337102, 80.27899380149108310, -20.16137280985472913 ) ) ;
#2120 = CARTESIAN_POINT ( 'NONE',  ( -46.63079273948321912, 63.45883282103520173, 47.83447327730214482 ) ) ;
#2121 = CARTESIAN_POINT ( 'NONE',  ( 12.12435565298210172, 60.99999999999988631, 7.000000000000067502 ) ) ;
#2122 = CARTESIAN_POINT ( 'NONE',  ( 80.49155235178410805, 61.00000000000000000, 14.00000000000000000 ) ) ;
#2123 = CARTESIAN_POINT ( 'NONE',  ( -27.44896226758058333, 71.34451325391479770, 59.20786924048790212 ) ) ;
#2124 = CARTESIAN_POINT ( 'NONE',  ( 73.51665744896376964, 47.27665030204801155, -15.00329326489694104 ) ) ;
#2125 =( BOUNDED_SURFACE ( )  B_SPLINE_SURFACE ( 3, 3, ( 
 ( #284, #1191, #3350, #2936 ),
 ( #4645, #2493, #4215, #4953 ),
 ( #1068, #895, #347, #2602 ),
 ( #5605, #5158, #3403, #3065 ) ),
 .UNSPECIFIED., .F., .F., .T. ) 
 B_SPLINE_SURFACE_WITH_KNOTS ( ( 4, 4 ),
 ( 4, 4 ),
 ( 0.000000000000000000, 1.000000000000000000 ),
 ( 0.000000000000000000, 1.000000000000000000 ),
 .UNSPECIFIED. ) 
 GEOMETRIC_REPRESENTATION_ITEM ( )  RATIONAL_B_SPLINE_SURFACE ( (
 ( 1.000000000000000000, 0.3333333333333302617, 0.3333333333333302617, 1.000000000000000000),
 ( 0.8100090338589606143, 0.2700030112863177068, 0.2700030112863177068, 0.8100090338589606143),
 ( 0.8100090338589606143, 0.2700030112863177068, 0.2700030112863177068, 0.8100090338589606143),
 ( 1.000000000000000000, 0.3333333333333302617, 0.3333333333333302617, 1.000000000000000000) ) ) 
 REPRESENTATION_ITEM ( '' )  SURFACE ( )  );
#2126 = EDGE_LOOP ( 'NONE', ( #2280, #1432, #2103, #4894 ) ) ;
#2127 = CARTESIAN_POINT ( 'NONE',  ( 50.28809977249076013, 51.06858755565934160, 54.38699465583304260 ) ) ;
#2128 = CARTESIAN_POINT ( 'NONE',  ( -39.83943904344140208, 68.35783077700277488, -46.55134732470815351 ) ) ;
#2129 = ORIENTED_EDGE ( 'NONE', *, *, #5220, .T. ) ;
#2130 = CARTESIAN_POINT ( 'NONE',  ( 17.77702034037277201, 67.10144858561953640, 60.91871359828442678 ) ) ;
#2131 = FACE_OUTER_BOUND ( 'NONE', #5247, .T. ) ;
#2132 = DIRECTION ( 'NONE',  ( 0.000000000000000000, 0.000000000000000000, 1.000000000000000000 ) ) ;
#2133 = ADVANCED_FACE ( 'NONE', ( #1829 ), #4890, .F. ) ;
#2134 = ORIENTED_EDGE ( 'NONE', *, *, #4114, .T. ) ;
#2135 =( BOUNDED_CURVE ( )  B_SPLINE_CURVE ( 3, ( #4755, #916, #2647, #5279 ),
 .UNSPECIFIED., .F., .T. ) 
 B_SPLINE_CURVE_WITH_KNOTS ( ( 4, 4 ),
 ( 3.773877097876503939, 4.441853286942891721 ),
 .UNSPECIFIED. ) 
 CURVE ( )  GEOMETRIC_REPRESENTATION_ITEM ( )  RATIONAL_B_SPLINE_CURVE ( ( 1.000000000000000000, 0.9631616729203271721, 0.9631616729203271721, 1.000000000000000000 ) ) 
 REPRESENTATION_ITEM ( '' )  );
#2136 = CARTESIAN_POINT ( 'NONE',  ( 36.84209544819870530, 81.60931786197518534, -14.83507831522598686 ) ) ;
#2137 = LINE ( 'NONE', #4172, #3340 ) ;
#2138 = ORIENTED_EDGE ( 'NONE', *, *, #232, .T. ) ;
#2139 = CARTESIAN_POINT ( 'NONE',  ( -43.86864337179658691, 67.10144858561953640, 45.85470801749763581 ) ) ;
#2140 = CARTESIAN_POINT ( 'NONE',  ( 29.77987925565197713, 80.36925052286268567, -18.98239224797324454 ) ) ;
#2141 = ADVANCED_FACE ( 'NONE', ( #3741 ), #1705, .F. ) ;
#2142 = ORIENTED_EDGE ( 'NONE', *, *, #1391, .F. ) ;
#2143 = B_SPLINE_CURVE_WITH_KNOTS ( 'NONE', 3,
 ( #1701, #4348, #2525, #1673, #3929, #4249, #3433, #3836, #5551, #977, #1885, #4370, #1004, #43, #3564, #4427, #4457, #533, #2766, #918, #1460, #5339, #3623, #3089, #2650, #5229, #558, #4862, #2279, #4031, #5283, #2250, #4006, #3193, #474, #4804, #4831, #2223, #16, #506, #3952, #1803, #2303, #1400, #98, #1857, #72, #2713 ),
 .UNSPECIFIED., .F., .F.,
 ( 4, 2, 2, 2, 2, 2, 2, 2, 2, 2, 2, 2, 2, 2, 2, 2, 2, 2, 2, 2, 2, 2, 2, 4 ),
 ( 0.0003842801825463101808, 0.002925027003377414850, 0.004195400413792967943, 0.005465773824208521904, 0.008006520645039620285, 0.009276894055455181184, 0.01054726746587074208, 0.01308801428670187429, 0.01435838769711745080, 0.01562876110753302211, 0.01816950792836417514, 0.02071025474919532469, 0.02198062815961089947, 0.02325100157002647772, 0.02579174839085760645, 0.02706212180127317429, 0.02833249521168873866, 0.03087324203251984311, 0.03214361544293540401, 0.03341398885335096491, 0.03595473567418209365, 0.03722510908459766843, 0.03849548249501323627, 0.04103622931584437195 ),
 .UNSPECIFIED. ) ;
#2144 = CARTESIAN_POINT ( 'NONE',  ( 65.00000000000001421, 71.39731489569165035, 4.687478688609952648 ) ) ;
#2145 = CARTESIAN_POINT ( 'NONE',  ( 64.99999999997993427, 65.37143774607029911, 6.736849619113036702 ) ) ;
#2146 = CARTESIAN_POINT ( 'NONE',  ( 31.78017318592404195, 80.74596386002455972, -27.32787718239349317 ) ) ;
#2147 = DIRECTION ( 'NONE',  ( 8.949944318576885364E-17, 1.000000000000000000, 0.000000000000000000 ) ) ;
#2148 = CARTESIAN_POINT ( 'NONE',  ( -25.78371086761871567, 47.11467724965588388, 72.65869723037967276 ) ) ;
#2149 = ORIENTED_EDGE ( 'NONE', *, *, #4898, .T. ) ;
#2150 = CARTESIAN_POINT ( 'NONE',  ( -50.28809977248703689, 51.06858755565631469, 54.38699465583739823 ) ) ;
#2151 = CARTESIAN_POINT ( 'NONE',  ( -49.84816133228079593, 46.10331087986513410, 58.29707062131007689 ) ) ;
#2152 = CARTESIAN_POINT ( 'NONE',  ( 44.46041527354779532, 68.93947535392156567, -49.00769817939549711 ) ) ;
#2153 = CIRCLE ( 'NONE', #3431, 82.10000000000000853 ) ;
#2154 = CARTESIAN_POINT ( 'NONE',  ( 12.12435565298220652, 80.99999999999998579, -6.999999999999887201 ) ) ;
#2155 = VERTEX_POINT ( 'NONE', #2459 ) ;
#2156 = CARTESIAN_POINT ( 'NONE',  ( 47.97821099299017789, 54.28634147768540430, 55.10069909613205397 ) ) ;
#2157 = CARTESIAN_POINT ( 'NONE',  ( -25.26247898936022906, 68.87759478922285439, -54.98875402508053156 ) ) ;
#2158 = VERTEX_POINT ( 'NONE', #2428 ) ;
#2159 = CARTESIAN_POINT ( 'NONE',  ( -75.81613304120003249, 47.11467724965587678, 14.00000000000000178 ) ) ;
#2160 = CARTESIAN_POINT ( 'NONE',  ( -75.73843383250509476, 48.24151529171036401, 13.99999999999999467 ) ) ;
#2161 = CARTESIAN_POINT ( 'NONE',  ( -20.21170396758312648, 68.93947535392155146, -63.00769817939576001 ) ) ;
#2162 = AXIS2_PLACEMENT_3D ( 'NONE', #2484, #3827, #5542 ) ;
#2163 = ORIENTED_EDGE ( 'NONE', *, *, #5031, .F. ) ;
#2164 = CIRCLE ( 'NONE', #2892, 74.53166453491230925 ) ;
#2165 = AXIS2_PLACEMENT_3D ( 'NONE', #2979, #3419, #858 ) ;
#2166 = TOROIDAL_SURFACE ( 'NONE', #1411, 77.50708379720883556, 3.000000000000000000 ) ;
#2167 = CARTESIAN_POINT ( 'NONE',  ( -44.39539769316195361, 67.42165079097325986, 43.88189024572348984 ) ) ;
#2168 = ORIENTED_EDGE ( 'NONE', *, *, #3840, .F. ) ;
#2169 = CARTESIAN_POINT ( 'NONE',  ( -42.28714970833422626, 67.85093932666332250, 45.24349180210485599 ) ) ;
#2170 = CARTESIAN_POINT ( 'NONE',  ( 20.31150165734611335, 67.41452947052930256, -63.18055284854231957 ) ) ;
#2171 = DIRECTION ( 'NONE',  ( 8.881784197001252323E-16, 0.000000000000000000, 1.000000000000000000 ) ) ;
#2172 = CARTESIAN_POINT ( 'NONE',  ( -21.95646912119946847, 51.06858755565919950, -70.74426923893845753 ) ) ;
#2173 = ADVANCED_FACE ( 'NONE', ( #5030 ), #4568, .T. ) ;
#2174 = CARTESIAN_POINT ( 'NONE',  ( 60.25777329459829446, 69.01500649860547298, 2.796640345491380852 ) ) ;
#2175 = CARTESIAN_POINT ( 'NONE',  ( 31.37197471986673136, 81.30257189981581689, -25.64433312867128123 ) ) ;
#2176 = CARTESIAN_POINT ( 'NONE',  ( -28.25910189633995628, 0.000000000000000000, 77.08328716402976966 ) ) ;
#2177 = EDGE_CURVE ( 'NONE', #4821, #3558, #5395, .T. ) ;
#2178 = CARTESIAN_POINT ( 'NONE',  ( 12.12435565298215856, 45.99999999999999289, -6.999999999999972466 ) ) ;
#2179 = ORIENTED_EDGE ( 'NONE', *, *, #4693, .F. ) ;
#2180 = CARTESIAN_POINT ( 'NONE',  ( -49.68038905374763203, 46.30971242683362021, 57.73509042372605649 ) ) ;
#2181 = CARTESIAN_POINT ( 'NONE',  ( 44.62435565298237350, 70.12951399001693176, -49.29165124598829806 ) ) ;
#2182 = CARTESIAN_POINT ( 'NONE',  ( 1.499999999999983125, 76.99140126247186799, 0.000000000000000000 ) ) ;
#2183 = CARTESIAN_POINT ( 'NONE',  ( 43.53194872079873079, 69.15083099221122609, 47.39954693690756926 ) ) ;
#2184 = CARTESIAN_POINT ( 'NONE',  ( -42.50683550882457240, 70.76234598752695604, -50.51420207123234007 ) ) ;
#2185 = ORIENTED_EDGE ( 'NONE', *, *, #4244, .F. ) ;
#2186 = CARTESIAN_POINT ( 'NONE',  ( -74.60512294179893900, 53.47322573449753236, 14.00000000000002132 ) ) ;
#2187 = CARTESIAN_POINT ( 'NONE',  ( 50.45199342411582677, 49.51133489086316075, -54.68499463283314554 ) ) ;
#2188 = VERTEX_POINT ( 'NONE', #214 ) ;
#2189 = CARTESIAN_POINT ( 'NONE',  ( -42.04935596212418147, 67.97759162091477947, 45.25973206851592323 ) ) ;
#2190 = ORIENTED_EDGE ( 'NONE', *, *, #1329, .F. ) ;
#2191 = CARTESIAN_POINT ( 'NONE',  ( -75.81746117496031445, 46.02785684633894903, -14.00000000000000000 ) ) ;
#2192 = CARTESIAN_POINT ( 'NONE',  ( -22.13259784581017797, 49.51133489086836903, 71.03520529325960808 ) ) ;
#2193 = CARTESIAN_POINT ( 'NONE',  ( -23.25721585006070669, 56.26540278043746923, -68.28267949493968558 ) ) ;
#2194 = CARTESIAN_POINT ( 'NONE',  ( 65.67049891305357789, 66.68554913837694187, -13.99999999999999467 ) ) ;
#2195 = CARTESIAN_POINT ( 'NONE',  ( 46.43925410701029222, 72.27278671952473132, -33.54367518367743628 ) ) ;
#2196 = ADVANCED_FACE ( 'NONE', ( #1092, #1603 ), #3283, .T. ) ;
#2197 = DIRECTION ( 'NONE',  ( 6.938893903907372345E-16, 1.000000000000000000, -1.201851678989720125E-15 ) ) ;
#2198 = EDGE_LOOP ( 'NONE', ( #5257, #440, #4740, #497 ) ) ;
#2199 = CARTESIAN_POINT ( 'NONE',  ( 49.23781154588846221, 75.77603246243546664, -16.72111233937981112 ) ) ;
#2200 = CARTESIAN_POINT ( 'NONE',  ( 0.000000000000000000, 83.58148700043116719, 0.000000000000000000 ) ) ;
#2201 = CARTESIAN_POINT ( 'NONE',  ( -18.00367913334449099, 67.94542186846696552, 59.14117188890381982 ) ) ;
#2202 = EDGE_CURVE ( 'NONE', #2671, #5396, #3285, .T. ) ;
#2203 = CARTESIAN_POINT ( 'NONE',  ( 49.99210123754210144, 53.09967776846544751, 53.84997973058723630 ) ) ;
#2204 = LINE ( 'NONE', #1325, #1613 ) ;
#2205 = VERTEX_POINT ( 'NONE', #4543 ) ;
#2206 = CARTESIAN_POINT ( 'NONE',  ( 47.33171289918121261, 61.51576396134630187, -53.98093155064438520 ) ) ;
#2207 = ORIENTED_EDGE ( 'NONE', *, *, #4935, .F. ) ;
#2208 = CARTESIAN_POINT ( 'NONE',  ( 50.03242244084321300, 47.11423984721405134, -58.65869769328900674 ) ) ;
#2209 = EDGE_CURVE ( 'NONE', #5613, #3213, #123, .T. ) ;
#2210 = CARTESIAN_POINT ( 'NONE',  ( 28.12142052290920446, 0.000000000000000000, 76.70772912669036714 ) ) ;
#2211 = CARTESIAN_POINT ( 'NONE',  ( -16.63872370371521825, 66.12567138046850346, 61.80628083039479037 ) ) ;
#2212 = CARTESIAN_POINT ( 'NONE',  ( 60.32435370986136292, 67.35917425946308867, -16.35246386188223866 ) ) ;
#2213 = VERTEX_POINT ( 'NONE', #5002 ) ;
#2214 = CARTESIAN_POINT ( 'NONE',  ( 12.12435565298220652, 45.99999999999999289, -6.999999999999887201 ) ) ;
#2215 = CARTESIAN_POINT ( 'NONE',  ( 47.11124727259547740, 70.82881755537746926, -33.18582328645366175 ) ) ;
#2216 = DIRECTION ( 'NONE',  ( -0.000000000000000000, -1.000000000000000000, -0.000000000000000000 ) ) ;
#2217 = CARTESIAN_POINT ( 'NONE',  ( 52.39485120077869595, 71.98178771786086827, -18.95480878389946966 ) ) ;
#2218 = CARTESIAN_POINT ( 'NONE',  ( 25.78437493449834150, 46.02785684633895613, -72.65984742795590989 ) ) ;
#2219 = ORIENTED_EDGE ( 'NONE', *, *, #5374, .F. ) ;
#2220 = CARTESIAN_POINT ( 'NONE',  ( -8.465450562766808523E-14, 60.99999999999988631, 14.00000000000000000 ) ) ;
#2221 = CARTESIAN_POINT ( 'NONE',  ( 64.33735520092299964, 68.41912133313326194, 14.00000000000000000 ) ) ;
#2222 = FACE_OUTER_BOUND ( 'NONE', #1417, .T. ) ;
#2223 = CARTESIAN_POINT ( 'NONE',  ( 51.09514198230910154, 69.52054764022855693, -30.65900289404039114 ) ) ;
#2224 = EDGE_CURVE ( 'NONE', #3352, #2155, #1591, .T. ) ;
#2225 = VERTEX_POINT ( 'NONE', #3034 ) ;
#2226 = CARTESIAN_POINT ( 'NONE',  ( -74.53166453491226662, 48.61675045524524563, 149.0633290698245901 ) ) ;
#2227 = FACE_OUTER_BOUND ( 'NONE', #1350, .T. ) ;
#2228 = ORIENTED_EDGE ( 'NONE', *, *, #1447, .T. ) ;
#2229 = CARTESIAN_POINT ( 'NONE',  ( 41.30784135801476964, 67.05700882932490003, -22.69965744544391484 ) ) ;
#2230 = CARTESIAN_POINT ( 'NONE',  ( 0.000000000000000000, 80.99999999999998579, 14.00000000000000000 ) ) ;
#2231 = EDGE_CURVE ( 'NONE', #388, #3653, #2815, .T. ) ;
#2232 = CARTESIAN_POINT ( 'NONE',  ( -44.62435565298271456, 70.33830226810675867, 49.29165124598798542 ) ) ;
#2233 = VECTOR ( 'NONE', #2333, 1000.000000000000000 ) ;
#2234 = CARTESIAN_POINT ( 'NONE',  ( -72.76727878451060860, 48.47834918484080902, -16.20409091558719439 ) ) ;
#2235 = CARTESIAN_POINT ( 'NONE',  ( -22.33355912068918059, 63.37520769591046843, 66.68285911087535567 ) ) ;
#2236 = CIRCLE ( 'NONE', #1341, 82.10000000000000853 ) ;
#2237 = CARTESIAN_POINT ( 'NONE',  ( 25.61026215520647042, 50.02349546675215208, -72.35827524797528554 ) ) ;
#2238 = CARTESIAN_POINT ( 'NONE',  ( 80.88563583943053459, 45.99999999999999289, 14.06854345165238662 ) ) ;
#2239 = CARTESIAN_POINT ( 'NONE',  ( 42.87537136769922341, 73.83277005144563532, -34.57365478175792362 ) ) ;
#2240 = AXIS2_PLACEMENT_3D ( 'NONE', #5343, #593, #3260 ) ;
#2241 = CARTESIAN_POINT ( 'NONE',  ( 19.90035552566535415, 68.11553659766630631, -62.46842685913584603 ) ) ;
#2242 = ORIENTED_EDGE ( 'NONE', *, *, #2031, .F. ) ;
#2243 = VECTOR ( 'NONE', #3147, 1000.000000000000000 ) ;
#2244 = CARTESIAN_POINT ( 'NONE',  ( 60.22074172699917938, 67.97720696297915310, 13.78782687339720781 ) ) ;
#2245 = ORIENTED_EDGE ( 'NONE', *, *, #5300, .F. ) ;
#2246 = CARTESIAN_POINT ( 'NONE',  ( 0.000000000000000000, 0.000000000000000000, 0.000000000000000000 ) ) ;
#2247 = LINE ( 'NONE', #3974, #3872 ) ;
#2248 = AXIS2_PLACEMENT_3D ( 'NONE', #3812, #2557, #2132 ) ;
#2249 = CARTESIAN_POINT ( 'NONE',  ( -18.51824875271241666, 67.19864238473664386, -61.27649008176850032 ) ) ;
#2250 = CARTESIAN_POINT ( 'NONE',  ( 47.53186774813546833, 70.26038143561271454, -34.08438824334961481 ) ) ;
#2251 = EDGE_LOOP ( 'NONE', ( #4727, #1850, #3129, #4184, #1644, #415 ) ) ;
#2252 = CARTESIAN_POINT ( 'NONE',  ( 47.23285297369265123, 57.23846896688944952, -53.80970113691736145 ) ) ;
#2253 = ORIENTED_EDGE ( 'NONE', *, *, #770, .T. ) ;
#2254 = EDGE_CURVE ( 'NONE', #4910, #2213, #1211, .T. ) ;
#2255 = CARTESIAN_POINT ( 'NONE',  ( 60.97048025357694456, 66.83309344415617659, 16.50072612793135818 ) ) ;
#2256 = CARTESIAN_POINT ( 'NONE',  ( 41.12309083316262814, 67.12052034484229068, -22.77559647868061177 ) ) ;
#2257 = FACE_OUTER_BOUND ( 'NONE', #4351, .T. ) ;
#2258 = CARTESIAN_POINT ( 'NONE',  ( 32.66425235951663097, 80.20859221474233891, -14.83612364665607863 ) ) ;
#2259 = CARTESIAN_POINT ( 'NONE',  ( 52.62653394309085542, 45.99999999999999289, 63.01474371237819838 ) ) ;
#2260 = CARTESIAN_POINT ( 'NONE',  ( -74.84024952361242811, 46.30971242683364153, -14.15693377857586377 ) ) ;
#2261 = CARTESIAN_POINT ( 'NONE',  ( -24.34059815826034523, 57.39959067743481569, 70.15915269672264287 ) ) ;
#2262 = CARTESIAN_POINT ( 'NONE',  ( 50.82171856232071860, 71.13191650908471786, -29.52149380537118262 ) ) ;
#2263 = ADVANCED_FACE ( 'NONE', ( #4239 ), #426, .T. ) ;
#2264 = DIRECTION ( 'NONE',  ( 0.000000000000000000, -1.000000000000000000, 0.000000000000000000 ) ) ;
#2265 = CARTESIAN_POINT ( 'NONE',  ( -44.62435565298271456, 0.000000000000000000, 49.29165124598798542 ) ) ;
#2266 = CARTESIAN_POINT ( 'NONE',  ( 47.42969308583145249, 70.73414569113334949, -32.99074381962471136 ) ) ;
#2267 = FACE_OUTER_BOUND ( 'NONE', #583, .T. ) ;
#2268 = CARTESIAN_POINT ( 'NONE',  ( -18.86896345607857839, 67.29655345658437682, 61.48324991468396661 ) ) ;
#2269 = ORIENTED_EDGE ( 'NONE', *, *, #4025, .T. ) ;
#2270 = ADVANCED_FACE ( 'NONE', ( #1662 ), #2981, .T. ) ;
#2271 = CARTESIAN_POINT ( 'NONE',  ( -73.89637996664770014, 46.92052225583267955, 14.67361504253284998 ) ) ;
#2272 = ORIENTED_EDGE ( 'NONE', *, *, #4736, .T. ) ;
#2273 = DIRECTION ( 'NONE',  ( 1.000000000000000000, 0.000000000000000000, 0.000000000000000000 ) ) ;
#2274 = EDGE_CURVE ( 'NONE', #2555, #3562, #3024, .T. ) ;
#2275 = CARTESIAN_POINT ( 'NONE',  ( -72.74537776911411413, 51.19777907935416295, -13.99999999999844036 ) ) ;
#2276 = CARTESIAN_POINT ( 'NONE',  ( -49.58704591247679616, 52.38165315073361228, -57.88728291766076239 ) ) ;
#2277 = ORIENTED_EDGE ( 'NONE', *, *, #822, .F. ) ;
#2278 = CARTESIAN_POINT ( 'NONE',  ( 44.22697078289259309, 67.28334231014488864, -44.35365434295609788 ) ) ;
#2279 = CARTESIAN_POINT ( 'NONE',  ( 45.39212265210770880, 70.94332970195121391, -35.18433772790064040 ) ) ;
#2280 = ORIENTED_EDGE ( 'NONE', *, *, #1772, .T. ) ;
#2281 = CARTESIAN_POINT ( 'NONE',  ( 80.88563583943053459, 61.00000000000000000, -14.06854345165237774 ) ) ;
#2282 = EDGE_LOOP ( 'NONE', ( #3979, #4760, #3532, #478 ) ) ;
#2283 = CARTESIAN_POINT ( 'NONE',  ( -76.23219817601714965, 45.99999999999999289, 14.00000000000000000 ) ) ;
#2284 = CARTESIAN_POINT ( 'NONE',  ( 65.94569034573784450, 62.25354003921476220, -16.45378025840366121 ) ) ;
#2285 = CARTESIAN_POINT ( 'NONE',  ( 32.36559682583892794, 80.25073561931351662, -15.13079519829871700 ) ) ;
#2286 = CARTESIAN_POINT ( 'NONE',  ( 42.73022305290733414, 79.48350155711607101, -13.64649512001190246 ) ) ;
#2287 = CARTESIAN_POINT ( 'NONE',  ( -74.49557533683885424, 46.48927481284923147, -14.29799290833613945 ) ) ;
#2288 = LINE ( 'NONE', #518, #2243 ) ;
#2289 = CARTESIAN_POINT ( 'NONE',  ( 23.72949968703123957, 54.28634147770531371, 69.10069909616802875 ) ) ;
#2290 = CARTESIAN_POINT ( 'NONE',  ( -20.37564434701770466, 0.000000000000000000, -63.29165124598855385 ) ) ;
#2291 = PLANE ( 'NONE',  #223 ) ;
#2292 = EDGE_CURVE ( 'NONE', #3131, #2205, #2545, .T. ) ;
#2293 = CARTESIAN_POINT ( 'NONE',  ( 42.54473708844025737, 73.99247127661244861, -34.60274333278050563 ) ) ;
#2294 = DIRECTION ( 'NONE',  ( -0.000000000000000000, -1.000000000000000000, -0.000000000000000000 ) ) ;
#2295 = ORIENTED_EDGE ( 'NONE', *, *, #3773, .T. ) ;
#2296 = LINE ( 'NONE', #2731, #792 ) ;
#2297 = VERTEX_POINT ( 'NONE', #393 ) ;
#2298 = CARTESIAN_POINT ( 'NONE',  ( 30.45982050520154161, 71.49146786206159732, -57.46954942650550890 ) ) ;
#2299 = FACE_OUTER_BOUND ( 'NONE', #3307, .T. ) ;
#2300 = CARTESIAN_POINT ( 'NONE',  ( -46.33538016987751718, 60.03922181400214697, -52.25523264216468533 ) ) ;
#2301 = ORIENTED_EDGE ( 'NONE', *, *, #1052, .F. ) ;
#2302 = CARTESIAN_POINT ( 'NONE',  ( 44.08269499497458099, 67.18322181085426337, -44.83864343100920991 ) ) ;
#2303 = CARTESIAN_POINT ( 'NONE',  ( 52.85689915062636857, 69.72046152577605937, -26.87367521094678580 ) ) ;
#2304 = B_SPLINE_CURVE_WITH_KNOTS ( 'NONE', 3,
 ( #5428, #3390, #5028, #1237, #2391, #4999, #2003, #718, #5458, #4602, #4117, #211, #1543, #2456, #5484, #2481 ),
 .UNSPECIFIED., .F., .F.,
 ( 4, 2, 2, 2, 2, 2, 2, 4 ),
 ( 0.000000000000000000, 0.0006220389796314225277, 0.001244077959262845055, 0.001866116938894267583, 0.002488155918525690111, 0.003732233877788534299, 0.004354272857419961597, 0.004976311837051388895 ),
 .UNSPECIFIED. ) ;
#2305 = VERTEX_POINT ( 'NONE', #4320 ) ;
#2306 = CARTESIAN_POINT ( 'NONE',  ( 66.66980222798687805, 61.45732291408625514, -16.44555683981718275 ) ) ;
#2307 = CARTESIAN_POINT ( 'NONE',  ( 43.18352162668577421, 66.45418853075811683, -46.79605350717501722 ) ) ;
#2308 = ORIENTED_EDGE ( 'NONE', *, *, #215, .T. ) ;
#2309 = DIRECTION ( 'NONE',  ( 0.000000000000000000, 0.000000000000000000, 1.000000000000000000 ) ) ;
#2310 = CARTESIAN_POINT ( 'NONE',  ( 49.86151541782552954, 47.53496888141358312, -55.85617208477659545 ) ) ;
#2311 = FACE_OUTER_BOUND ( 'NONE', #4281, .T. ) ;
#2312 = CARTESIAN_POINT ( 'NONE',  ( -48.12435565298278561, 60.99999999999999289, 55.35382907247901585 ) ) ;
#2313 = CARTESIAN_POINT ( 'NONE',  ( -28.12142052290977645, 61.00000000000000000, -76.70772912669015398 ) ) ;
#2314 = CARTESIAN_POINT ( 'NONE',  ( 24.42471221318201557, 49.60266825055082762, 70.30484251349271574 ) ) ;
#2315 = AXIS2_PLACEMENT_3D ( 'NONE', #1494, #3233, #1558 ) ;
#2316 = EDGE_CURVE ( 'NONE', #3834, #3090, #3336, .T. ) ;
#2317 = CARTESIAN_POINT ( 'NONE',  ( 22.29088234255767986, 45.87634716325730722, -71.29621637861450267 ) ) ;
#2318 = CARTESIAN_POINT ( 'NONE',  ( 44.39539769316165518, 67.42165079097327407, -43.88189024572380958 ) ) ;
#2319 = CARTESIAN_POINT ( 'NONE',  ( 25.59050952162111159, 50.33324878643518474, -72.32406268302219132 ) ) ;
#2320 = CARTESIAN_POINT ( 'NONE',  ( 48.08743790592615852, 74.99357795343883026, -13.58984478769253279 ) ) ;
#2321 = DIRECTION ( 'NONE',  ( -6.938893903907120895E-16, 1.000000000000000000, -1.201851678989734522E-15 ) ) ;
#2322 = AXIS2_PLACEMENT_3D ( 'NONE', #92, #4851, #1367 ) ;
#2323 = EDGE_CURVE ( 'NONE', #3653, #720, #3850, .T. ) ;
#2324 = CARTESIAN_POINT ( 'NONE',  ( 20.04432194747877105, 68.41912133313326194, 62.71778401630238875 ) ) ;
#2325 = AXIS2_PLACEMENT_3D ( 'NONE', #529, #3188, #5250 ) ;
#2326 = ORIENTED_EDGE ( 'NONE', *, *, #3386, .T. ) ;
#2327 = DIRECTION ( 'NONE',  ( 0.000000000000000000, 0.000000000000000000, -1.000000000000000000 ) ) ;
#2328 = CARTESIAN_POINT ( 'NONE',  ( -71.24205642004626782, 54.09044109429535041, -16.37679888229213532 ) ) ;
#2329 = CARTESIAN_POINT ( 'NONE',  ( -50.28809977249130725, 51.06858755565868080, -54.38699465583272286 ) ) ;
#2330 = EDGE_CURVE ( 'NONE', #406, #1509, #3898, .T. ) ;
#2331 = ORIENTED_EDGE ( 'NONE', *, *, #476, .F. ) ;
#2332 = CARTESIAN_POINT ( 'NONE',  ( -15.80513287229669217, 67.42165079097325986, -60.38848733625292198 ) ) ;
#2333 = DIRECTION ( 'NONE',  ( -0.000000000000000000, -1.000000000000000000, -0.000000000000000000 ) ) ;
#2334 = ORIENTED_EDGE ( 'NONE', *, *, #5499, .F. ) ;
#2335 = CARTESIAN_POINT ( 'NONE',  ( -28.12142052291073568, 45.99999999999999289, 76.70772912668981292 ) ) ;
#2336 = CARTESIAN_POINT ( 'NONE',  ( 74.39065197850582933, 54.10447137732717238, -13.99999999999999467 ) ) ;
#2337 = CIRCLE ( 'NONE', #45, 1.499999999999980460 ) ;
#2338 = CARTESIAN_POINT ( 'NONE',  ( 0.000000000000000000, 61.00000000000000000, 0.000000000000000000 ) ) ;
#2339 = ADVANCED_FACE ( 'NONE', ( #1392 ), #2670, .F. ) ;
#2340 = CARTESIAN_POINT ( 'NONE',  ( 43.82786085934684905, 65.33113625349864151, -47.91208179544427992 ) ) ;
#2341 = VERTEX_POINT ( 'NONE', #2703 ) ;
#2342 = CARTESIAN_POINT ( 'NONE',  ( 41.78572573259913980, 96.99999999999998579, -24.12500000000006040 ) ) ;
#2343 = CARTESIAN_POINT ( 'NONE',  ( 72.38935063020871041, 50.54137333704083801, 16.35436224005043115 ) ) ;
#2344 = CARTESIAN_POINT ( 'NONE',  ( 87.00000000000000000, 46.00000000000000000, 0.000000000000000000 ) ) ;
#2345 = CARTESIAN_POINT ( 'NONE',  ( 74.53166453491225241, 48.61675045524524563, -149.0633290698245901 ) ) ;
#2346 = CARTESIAN_POINT ( 'NONE',  ( 31.41259963301758162, 82.01375472259967125, -22.45917832387483415 ) ) ;
#2347 = CARTESIAN_POINT ( 'NONE',  ( 44.56239100559819377, 67.38180933480941803, 43.78380246452321245 ) ) ;
#2348 = CARTESIAN_POINT ( 'NONE',  ( -43.81157460530491221, 67.29655345658439103, -47.08262665338586572 ) ) ;
#2349 = CARTESIAN_POINT ( 'NONE',  ( 44.08268259391423527, 67.18321445489918631, 44.83869065433898271 ) ) ;
#2350 = CARTESIAN_POINT ( 'NONE',  ( 25.55348293065982190, 50.61866292744384310, -72.25993074624616952 ) ) ;
#2351 = CARTESIAN_POINT ( 'NONE',  ( 72.00000000000000000, 80.99999999999998579, 14.00000000000000000 ) ) ;
#2352 = CARTESIAN_POINT ( 'NONE',  ( 52.30882231471210275, 70.94126273028699359, -23.76093133174584437 ) ) ;
#2353 = DIRECTION ( 'NONE',  ( -0.000000000000000000, -1.000000000000000000, -0.000000000000000000 ) ) ;
#2354 = DIRECTION ( 'NONE',  ( -0.000000000000000000, 1.000000000000000000, -0.000000000000000000 ) ) ;
#2355 = DIRECTION ( 'NONE',  ( -6.938893903907287542E-16, 1.000000000000000000, 1.201851678989724858E-15 ) ) ;
#2356 = DIRECTION ( 'NONE',  ( 0.000000000000000000, 0.000000000000000000, -1.000000000000000000 ) ) ;
#2357 = ORIENTED_EDGE ( 'NONE', *, *, #4970, .T. ) ;
#2358 = DIRECTION ( 'NONE',  ( 0.000000000000000000, -1.000000000000000000, 0.000000000000000000 ) ) ;
#2359 = ORIENTED_EDGE ( 'NONE', *, *, #879, .T. ) ;
#2360 = CARTESIAN_POINT ( 'NONE',  ( -48.12435565298278561, 0.000000000000000000, 55.35382907247901585 ) ) ;
#2361 = ADVANCED_FACE ( 'NONE', ( #1418 ), #3583, .F. ) ;
#2362 = DIRECTION ( 'NONE',  ( -0.000000000000000000, 1.000000000000000000, -0.000000000000000000 ) ) ;
#2363 = EDGE_LOOP ( 'NONE', ( #3776, #493, #130, #5209, #678, #4832, #3370, #5548, #1875 ) ) ;
#2364 = CARTESIAN_POINT ( 'NONE',  ( -64.99999999999998579, 70.33830226810667341, 14.00000000000000000 ) ) ;
#2365 = ORIENTED_EDGE ( 'NONE', *, *, #2935, .T. ) ;
#2366 = CARTESIAN_POINT ( 'NONE',  ( 69.79433062989065206, 56.99209030536383835, -16.40152282395422745 ) ) ;
#2367 = EDGE_CURVE ( 'NONE', #4746, #5337, #4951, .T. ) ;
#2368 = CARTESIAN_POINT ( 'NONE',  ( 45.33155889327853316, 65.95929522015353541, -50.51656318945855162 ) ) ;
#2369 = ORIENTED_EDGE ( 'NONE', *, *, #3040, .F. ) ;
#2370 = CARTESIAN_POINT ( 'NONE',  ( -45.83166933732199766, 65.00834819741098158, -46.41844595414426777 ) ) ;
#2371 = CARTESIAN_POINT ( 'NONE',  ( 49.72355080941935057, 46.22974096026081980, -57.92521082841459190 ) ) ;
#2372 = CARTESIAN_POINT ( 'NONE',  ( -61.86493503787937698, 69.87390944627894385, 14.00000000000000178 ) ) ;
#2373 = CARTESIAN_POINT ( 'NONE',  ( 54.25343316409550454, 72.30170309110775406, -23.22707383231673717 ) ) ;
#2374 = CARTESIAN_POINT ( 'NONE',  ( -28.25910189633895442, 45.99999999999999289, -77.08328716403013914 ) ) ;
#2375 = CARTESIAN_POINT ( 'NONE',  ( -12.12435565298215323, 60.99999999999988631, -6.999999999999984013 ) ) ;
#2376 = CARTESIAN_POINT ( 'NONE',  ( 18.93481032073074033, 66.45418853074205856, 60.79605350716636991 ) ) ;
#2377 = FACE_OUTER_BOUND ( 'NONE', #903, .T. ) ;
#2378 = CARTESIAN_POINT ( 'NONE',  ( 50.22225780862819278, 73.34860910186382910, -17.81063124472311188 ) ) ;
#2379 = CARTESIAN_POINT ( 'NONE',  ( 21.29558425964714630, 65.53555765175977399, -64.88503391457230407 ) ) ;
#2380 = CARTESIAN_POINT ( 'NONE',  ( 33.72988503647517433, 71.49226878982211986, -55.58157678910726673 ) ) ;
#2381 = CARTESIAN_POINT ( 'NONE',  ( 51.47448063352061354, 71.18263559544244856, -28.23604258115540944 ) ) ;
#2382 = DIRECTION ( 'NONE',  ( -0.000000000000000000, -1.000000000000000000, -0.000000000000000000 ) ) ;
#2383 = DIRECTION ( 'NONE',  ( 0.8660254037844432595, 0.000000000000000000, -0.4999999999999919509 ) ) ;
#2384 = CARTESIAN_POINT ( 'NONE',  ( 72.74537776911411413, 51.19777907935416295, 13.99999999999844036 ) ) ;
#2385 = CARTESIAN_POINT ( 'NONE',  ( 43.05620617970522090, 66.09092255426880058, -23.30499018418453261 ) ) ;
#2386 = EDGE_LOOP ( 'NONE', ( #2959, #1716, #997, #3400, #3092, #3888 ) ) ;
#2387 = CARTESIAN_POINT ( 'NONE',  ( -0.000000000000000000, 80.99999999999998579, -14.00000000000000000 ) ) ;
#2388 = VERTEX_POINT ( 'NONE', #1876 ) ;
#2389 = CARTESIAN_POINT ( 'NONE',  ( 60.25896109168538572, 69.04857540238329250, -7.379594382087738996E-15 ) ) ;
#2390 = CARTESIAN_POINT ( 'NONE',  ( 72.99444548196086657, 50.13673092389889518, -14.00000000001628031 ) ) ;
#2391 = CARTESIAN_POINT ( 'NONE',  ( 19.34194825078820301, 67.51982736465312485, -61.82740059755294482 ) ) ;
#2392 = CARTESIAN_POINT ( 'NONE',  ( -64.34502725871348616, 63.85246432331570787, -16.47027785670212907 ) ) ;
#2393 = CARTESIAN_POINT ( 'NONE',  ( -50.45199342409907217, 49.51133489086485895, -54.68499463284825168 ) ) ;
#2394 = CARTESIAN_POINT ( 'NONE',  ( 72.89830528885710237, 57.41502476473658589, 14.00000000000001243 ) ) ;
#2395 = EDGE_LOOP ( 'NONE', ( #2228, #2073, #1404, #5610 ) ) ;
#2396 = CARTESIAN_POINT ( 'NONE',  ( 20.54867555175512450, 68.38019243795180557, -57.68979884649552758 ) ) ;
#2397 = CARTESIAN_POINT ( 'NONE',  ( 31.56941905603521903, 82.12954374443779670, -21.67462631173340526 ) ) ;
#2398 = CARTESIAN_POINT ( 'NONE',  ( 72.92990762247323744, 57.39959067743480148, -14.00000000000000178 ) ) ;
#2399 = FACE_OUTER_BOUND ( 'NONE', #4978, .T. ) ;
#2400 = ORIENTED_EDGE ( 'NONE', *, *, #3546, .T. ) ;
#2401 = LINE ( 'NONE', #4127, #3877 ) ;
#2402 = EDGE_CURVE ( 'NONE', #5135, #3972, #550, .T. ) ;
#2403 = CARTESIAN_POINT ( 'NONE',  ( -64.65533012236797106, 64.16889629970808073, 13.99999999999791633 ) ) ;
#2404 = FACE_OUTER_BOUND ( 'NONE', #2595, .T. ) ;
#2405 = CARTESIAN_POINT ( 'NONE',  ( -73.41525526195799500, 45.87307673031754263, 13.99999999999998757 ) ) ;
#2406 = CARTESIAN_POINT ( 'NONE',  ( 0.000000000000000000, 49.00000000000000000, 0.000000000000000000 ) ) ;
#2407 = PLANE ( 'NONE',  #2434 ) ;
#2408 = CARTESIAN_POINT ( 'NONE',  ( 22.89404604978151525, 61.97093712385066766, 67.65365094904443310 ) ) ;
#2409 = CARTESIAN_POINT ( 'NONE',  ( 80.88563583943053459, 53.49999999999999289, -14.06854345165237774 ) ) ;
#2410 = CARTESIAN_POINT ( 'NONE',  ( 16.19519211910971990, 66.83309344415620501, 61.05234784450095020 ) ) ;
#2411 = EDGE_CURVE ( 'NONE', #2535, #2039, #2296, .T. ) ;
#2412 = CARTESIAN_POINT ( 'NONE',  ( 23.08300159322344669, 61.51576396136302805, -67.98093155065578230 ) ) ;
#2413 = CARTESIAN_POINT ( 'NONE',  ( 46.31351926028163035, 63.85709599279898896, -48.31641218260872250 ) ) ;
#2414 = AXIS2_PLACEMENT_3D ( 'NONE', #1395, #1799, #3534 ) ;
#2415 = CARTESIAN_POINT ( 'NONE',  ( 50.61922909325736697, 71.15138449035046619, -29.81257314068078657 ) ) ;
#2416 = CARTESIAN_POINT ( 'NONE',  ( 50.60079248687333831, 73.45468156331413923, -15.95567336420119098 ) ) ;
#2417 = ORIENTED_EDGE ( 'NONE', *, *, #859, .T. ) ;
#2418 = CARTESIAN_POINT ( 'NONE',  ( -80.49155235178410805, 0.000000000000000000, 14.00000000000000000 ) ) ;
#2419 = LINE ( 'NONE', #1051, #2687 ) ;
#2420 = ORIENTED_EDGE ( 'NONE', *, *, #581, .T. ) ;
#2421 = CARTESIAN_POINT ( 'NONE',  ( 24.86536258666985688, 46.48927481284921015, 71.66405716540825210 ) ) ;
#2422 = DIRECTION ( 'NONE',  ( -0.000000000000000000, -1.000000000000000000, -0.000000000000000000 ) ) ;
#2423 = AXIS2_PLACEMENT_3D ( 'NONE', #2117, #3422, #4664 ) ;
#2424 = FACE_OUTER_BOUND ( 'NONE', #1536, .T. ) ;
#2425 = AXIS2_PLACEMENT_3D ( 'NONE', #137, #4167, #569 ) ;
#2426 = AXIS2_PLACEMENT_3D ( 'NONE', #4325, #5622, #1748 ) ;
#2427 = LINE ( 'NONE', #3255, #2056 ) ;
#2428 = CARTESIAN_POINT ( 'NONE',  ( 41.78572573259913980, 82.99999999999998579, -25.62500000000004263 ) ) ;
#2429 = ORIENTED_EDGE ( 'NONE', *, *, #3701, .F. ) ;
#2430 = LINE ( 'NONE', #4121, #1696 ) ;
#2431 = CARTESIAN_POINT ( 'NONE',  ( 36.84558750324912779, 81.60808131456393255, -14.83360595613112132 ) ) ;
#2432 = CARTESIAN_POINT ( 'NONE',  ( -64.99999999999991473, 63.85709599279906001, -15.95047812675911025 ) ) ;
#2433 = CARTESIAN_POINT ( 'NONE',  ( 74.33423221236280654, 46.58990982170606543, -14.38205052489378488 ) ) ;
#2434 = AXIS2_PLACEMENT_3D ( 'NONE', #3726, #5444, #1560 ) ;
#2435 = EDGE_LOOP ( 'NONE', ( #221, #5164, #1299, #3073, #769, #285 ) ) ;
#2436 = CARTESIAN_POINT ( 'NONE',  ( -72.48473196130795770, 50.03241630556267694, 16.35231945602947334 ) ) ;
#2437 = CARTESIAN_POINT ( 'NONE',  ( 19.96340200533990483, 83.58148700043116719, -4.889623273186273258E-15 ) ) ;
#2438 = LINE ( 'NONE', #4133, #328 ) ;
#2439 = CARTESIAN_POINT ( 'NONE',  ( 0.000000000000000000, 45.99999999999999289, 14.00000000000000000 ) ) ;
#2440 = CARTESIAN_POINT ( 'NONE',  ( 24.32479699144575847, 57.41502476473659300, 70.13178427298397821 ) ) ;
#2441 = EDGE_CURVE ( 'NONE', #3273, #5230, #3944, .T. ) ;
#2442 = CARTESIAN_POINT ( 'NONE',  ( 33.65107819415664636, 79.13958850341819584, -30.77213823891306532 ) ) ;
#2443 = CARTESIAN_POINT ( 'NONE',  ( 44.18428772538158000, 78.80581759525675523, -13.88080714297892726 ) ) ;
#2444 = DIRECTION ( 'NONE',  ( 0.000000000000000000, -1.000000000000000000, 0.000000000000000000 ) ) ;
#2445 = CARTESIAN_POINT ( 'NONE',  ( 25.78371086761820763, 47.11467724965588388, -72.65869723037984329 ) ) ;
#2446 = CARTESIAN_POINT ( 'NONE',  ( -60.73010771166407551, 67.21757477858389507, -15.90223487972836480 ) ) ;
#2447 = CARTESIAN_POINT ( 'NONE',  ( 44.62435565298236639, 0.000000000000000000, -49.29165124598830516 ) ) ;
#2448 = CARTESIAN_POINT ( 'NONE',  ( 70.32533638679710464, 56.03426478453500437, 16.39281690043556594 ) ) ;
#2449 = EDGE_CURVE ( 'NONE', #2341, #777, #479, .T. ) ;
#2450 = CARTESIAN_POINT ( 'NONE',  ( 48.92745487081088385, 55.96612926941608634, 56.74483772127921810 ) ) ;
#2451 = ORIENTED_EDGE ( 'NONE', *, *, #1919, .T. ) ;
#2452 = B_SPLINE_CURVE_WITH_KNOTS ( 'NONE', 3,
 ( #602, #3320, #1947, #2810, #3294, #286, #5441, #4073, #5073, #5498, #1981, #730, #2906, #4954, #5468, #2042 ),
 .UNSPECIFIED., .F., .F.,
 ( 4, 2, 2, 2, 2, 2, 2, 4 ),
 ( 0.000000000000000000, 0.0006220389796314307676, 0.001244077959262861535, 0.001866116938894292303, 0.002488155918525705289, 0.003732233877788549477, 0.004354272857419971138, 0.004976311837051393232 ),
 .UNSPECIFIED. ) ;
#2453 = CARTESIAN_POINT ( 'NONE',  ( 18.49217935525352630, 67.16783077009512226, -60.02939418604172772 ) ) ;
#2454 = DIRECTION ( 'NONE',  ( 0.000000000000000000, 0.000000000000000000, -1.000000000000000000 ) ) ;
#2455 = CARTESIAN_POINT ( 'NONE',  ( -48.12435565298201112, 0.000000000000000000, -55.35382907247969086 ) ) ;
#2456 = CARTESIAN_POINT ( 'NONE',  ( 16.19949118036504743, 67.30525097660125766, -60.45637643686008289 ) ) ;
#2457 = CARTESIAN_POINT ( 'NONE',  ( -60.97091537674840112, 66.83697915471124418, -16.50077390991670612 ) ) ;
#2458 = CARTESIAN_POINT ( 'NONE',  ( -48.83198328396099441, 45.87307673031754263, -56.57947608217492075 ) ) ;
#2459 = CARTESIAN_POINT ( 'NONE',  ( 75.81746117496031445, 46.02785684633894903, 14.00000000000000000 ) ) ;
#2460 = ORIENTED_EDGE ( 'NONE', *, *, #1197, .T. ) ;
#2461 = EDGE_CURVE ( 'NONE', #2213, #3970, #3971, .T. ) ;
#2462 = CARTESIAN_POINT ( 'NONE',  ( 38.76631604617453064, 81.01813499818595687, -14.06277081867422929 ) ) ;
#2463 = CARTESIAN_POINT ( 'NONE',  ( -71.86785523261148967, 52.40596060623924046, 16.36484686775792596 ) ) ;
#2464 = CARTESIAN_POINT ( 'NONE',  ( 72.96480554291514409, 48.06694853713078430, -15.78407630329771827 ) ) ;
#2465 = ORIENTED_EDGE ( 'NONE', *, *, #2100, .F. ) ;
#2466 = CARTESIAN_POINT ( 'NONE',  ( -61.23307001653284232, 67.16783077010643410, 14.00000000000827960 ) ) ;
#2467 = ORIENTED_EDGE ( 'NONE', *, *, #2441, .T. ) ;
#2468 = CARTESIAN_POINT ( 'NONE',  ( -74.53166453491230925, 48.61675045524524563, -149.0633290698245617 ) ) ;
#2469 = CARTESIAN_POINT ( 'NONE',  ( -17.31940965859829262, 64.95410340582361641, 62.96134323615244455 ) ) ;
#2470 = CARTESIAN_POINT ( 'NONE',  ( -44.56018096600189438, 67.41458402617206502, 49.18049742757738585 ) ) ;
#2471 = CARTESIAN_POINT ( 'NONE',  ( 21.29558425964314594, 65.53555765176808734, 64.88503391456715974 ) ) ;
#2472 = CARTESIAN_POINT ( 'NONE',  ( 75.81746117496030024, 46.02785684633895613, -13.99999999999994138 ) ) ;
#2473 = CARTESIAN_POINT ( 'NONE',  ( 38.79779461465189883, 81.00771237987281381, -14.05296397206290315 ) ) ;
#2474 = B_SPLINE_CURVE_WITH_KNOTS ( 'NONE', 3,
 ( #5534, #3816, #3868, #2536, #2915, #1712, #3844, #3784, #4653, #4225 ),
 .UNSPECIFIED., .F., .F.,
 ( 4, 2, 2, 2, 4 ),
 ( 5.953312170681637650E-16, 0.007019715665749615315, 0.01403943133149863562, 0.02105914699724766373, 0.02807886266299669531 ),
 .UNSPECIFIED. ) ;
#2475 = CARTESIAN_POINT ( 'NONE',  ( -52.37013182887488227, 46.00000000000000000, 62.70772912668953580 ) ) ;
#2476 = CARTESIAN_POINT ( 'NONE',  ( -19.90035552566494204, 68.11553659766627788, -62.46842685913602367 ) ) ;
#2477 = CARTESIAN_POINT ( 'NONE',  ( 39.93776670021267705, 78.41274388261817307, -11.47544044878304881 ) ) ;
#2478 = ADVANCED_FACE ( 'NONE', ( #4823 ), #3531, .T. ) ;
#2479 = CARTESIAN_POINT ( 'NONE',  ( -24.39818602573591733, 46.80642804332623541, -71.40021809402529129 ) ) ;
#2480 = DIRECTION ( 'NONE',  ( 0.000000000000000000, 1.000000000000000000, 0.000000000000000000 ) ) ;
#2481 = CARTESIAN_POINT ( 'NONE',  ( 15.80513287229710251, 67.42165079097327407, -60.38848733625282250 ) ) ;
#2482 = CARTESIAN_POINT ( 'NONE',  ( -23.87564434701769400, 0.000000000000000000, -69.35382907247964113 ) ) ;
#2483 = ADVANCED_FACE ( 'NONE', ( #10 ), #1343, .T. ) ;
#2484 = CARTESIAN_POINT ( 'NONE',  ( 0.000000000000000000, 48.61675045524525984, 0.000000000000000000 ) ) ;
#2485 = ORIENTED_EDGE ( 'NONE', *, *, #2100, .T. ) ;
#2486 = CARTESIAN_POINT ( 'NONE',  ( 28.81223147613905056, 79.75715311705651800, -23.87699848258248281 ) ) ;
#2487 = DIRECTION ( 'NONE',  ( -1.000000000000000000, 1.387778780781446464E-15, 0.000000000000000000 ) ) ;
#2488 = CARTESIAN_POINT ( 'NONE',  ( -15.80513287229751818, 67.42165079097325986, 60.38848733625270171 ) ) ;
#2489 = CARTESIAN_POINT ( 'NONE',  ( 50.17054340884872232, 46.00000000000000000, 58.89793022746726336 ) ) ;
#2490 = CARTESIAN_POINT ( 'NONE',  ( 0.000000000000000000, 0.000000000000000000, -82.10000000000000853 ) ) ;
#2491 = CARTESIAN_POINT ( 'NONE',  ( -65.00000000000001421, 71.39731489569165035, -4.687478688609952648 ) ) ;
#2492 = VERTEX_POINT ( 'NONE', #4798 ) ;
#2493 = CARTESIAN_POINT ( 'NONE',  ( 39.86902352336287692, 76.55144540547698284, 79.73804704672649279 ) ) ;
#2494 = ORIENTED_EDGE ( 'NONE', *, *, #471, .F. ) ;
#2495 = CARTESIAN_POINT ( 'NONE',  ( 16.59331447303970108, 67.21757477858382401, 60.54493349273072056 ) ) ;
#2496 = CARTESIAN_POINT ( 'NONE',  ( -15.80513287229751818, 67.42165079097325986, 60.38848733625270171 ) ) ;
#2497 = CARTESIAN_POINT ( 'NONE',  ( 52.62653394309085542, 61.00000000000000000, 63.01474371237819838 ) ) ;
#2498 = DIRECTION ( 'NONE',  ( 8.949944318576885364E-17, 1.000000000000000000, 0.000000000000000000 ) ) ;
#2499 = CARTESIAN_POINT ( 'NONE',  ( 50.60202157906109477, 46.91607545010221969, 54.95828140411693141 ) ) ;
#2500 = CARTESIAN_POINT ( 'NONE',  ( 47.14509988609815139, 75.47928428745099438, -13.01831861374512300 ) ) ;
#2501 = CARTESIAN_POINT ( 'NONE',  ( 44.62435565298167717, 70.33830226810667341, 49.29165124598891623 ) ) ;
#2502 = EDGE_CURVE ( 'NONE', #2862, #712, #913, .T. ) ;
#2503 = CARTESIAN_POINT ( 'NONE',  ( -64.87165062603835963, 67.41458402617206502, -14.00000000000000178 ) ) ;
#2504 = DIRECTION ( 'NONE',  ( -0.000000000000000000, -1.000000000000000000, -0.000000000000000000 ) ) ;
#2505 = ORIENTED_EDGE ( 'NONE', *, *, #1531, .T. ) ;
#2506 = LINE ( 'NONE', #922, #970 ) ;
#2507 = CARTESIAN_POINT ( 'NONE',  ( -23.76508790758417433, 47.27665630569283195, -71.16893764501438113 ) ) ;
#2508 = CARTESIAN_POINT ( 'NONE',  ( 31.95635133305836817, 77.05397590552736631, -31.95648407937056490 ) ) ;
#2509 = CARTESIAN_POINT ( 'NONE',  ( 0.000000000000000000, 0.000000000000000000, 0.000000000000000000 ) ) ;
#2510 = APPLICATION_PROTOCOL_DEFINITION ( 'draft international standard', 'automotive_design', 1998, #5430 ) ;
#2511 = AXIS2_PLACEMENT_3D ( 'NONE', #4836, #3070, #1863 ) ;
#2512 = EDGE_CURVE ( 'NONE', #3671, #4920, #425, .T. ) ;
#2513 = DIRECTION ( 'NONE',  ( -0.4999999999999979461, 0.000000000000000000, -0.8660254037844397068 ) ) ;
#2514 = TOROIDAL_SURFACE ( 'NONE', #33, 77.50708379720883556, 3.000000000000000000 ) ;
#2515 = ORIENTED_EDGE ( 'NONE', *, *, #4756, .F. ) ;
#2516 = DIRECTION ( 'NONE',  ( 0.000000000000000000, 0.000000000000000000, -1.000000000000000000 ) ) ;
#2517 = CARTESIAN_POINT ( 'NONE',  ( 18.25000000000000000, 96.99999999999998579, 2.234980408443919215E-15 ) ) ;
#2518 = CARTESIAN_POINT ( 'NONE',  ( 27.73434385179971073, 69.01561503458026436, 53.56727717247358100 ) ) ;
#2519 = LINE ( 'NONE', #2490, #1708 ) ;
#2520 = CARTESIAN_POINT ( 'NONE',  ( -44.14906683162923429, 68.11553659766630631, -48.46842685913603788 ) ) ;
#2521 = ADVANCED_FACE ( 'NONE', ( #644 ), #2514, .F. ) ;
#2522 = VERTEX_POINT ( 'NONE', #3737 ) ;
#2523 = VECTOR ( 'NONE', #1565, 1000.000000000000114 ) ;
#2524 = CARTESIAN_POINT ( 'NONE',  ( 46.33538016984478247, 60.03922181401566860, 52.25523264219187070 ) ) ;
#2525 = CARTESIAN_POINT ( 'NONE',  ( 29.08098115335100431, 79.19202838056598637, -26.33210324635400212 ) ) ;
#2526 = ORIENTED_EDGE ( 'NONE', *, *, #2610, .F. ) ;
#2527 = CARTESIAN_POINT ( 'NONE',  ( 34.91996083055769162, 68.88246064476267350, -49.41320378576987338 ) ) ;
#2528 = VECTOR ( 'NONE', #3438, 1000.000000000000114 ) ;
#2529 = PLANE ( 'NONE',  #4871 ) ;
#2530 = CARTESIAN_POINT ( 'NONE',  ( 20.48958420640749978, 57.64672313975279394, 68.30425702708264168 ) ) ;
#2531 = CIRCLE ( 'NONE', #4703, 18.25000000000000000 ) ;
#2532 = CARTESIAN_POINT ( 'NONE',  ( 40.14115310045409046, 80.53820670503166923, -13.73170935652252922 ) ) ;
#2533 = B_SPLINE_CURVE_WITH_KNOTS ( 'NONE', 3,
 ( #363, #5565, #418, #806, #5615, #3333, #5057, #2479, #2053, #2507, #3790, #1177, #3823, #5512, #1631, #3365 ),
 .UNSPECIFIED., .F., .F.,
 ( 4, 2, 2, 2, 2, 2, 2, 4 ),
 ( 0.000000000000000000, 0.0006165529096402211405, 0.001233105819280442281, 0.001849658728920663096, 0.002466211638560884562, 0.003699317457841327494, 0.004315870367481555031, 0.004932423277121783002 ),
 .UNSPECIFIED. ) ;
#2534 = CARTESIAN_POINT ( 'NONE',  ( 20.89304026408156645, 64.46462010833133149, -62.99293257401295421 ) ) ;
#2535 = VERTEX_POINT ( 'NONE', #5359 ) ;
#2536 = CARTESIAN_POINT ( 'NONE',  ( -36.56668655377826838, 71.39677028386444135, -53.94374866945478431 ) ) ;
#2537 = DIRECTION ( 'NONE',  ( 0.8660254037844432595, 0.000000000000000000, -0.4999999999999919509 ) ) ;
#2538 = CARTESIAN_POINT ( 'NONE',  ( 66.41440648059730734, 65.95929522014935742, 14.00000000000002309 ) ) ;
#2539 = ORIENTED_EDGE ( 'NONE', *, *, #4660, .T. ) ;
#2540 = CARTESIAN_POINT ( 'NONE',  ( -25.74486126328127966, 48.24151529171869868, -72.59140774181533118 ) ) ;
#2541 = CYLINDRICAL_SURFACE ( 'NONE', #2894, 66.70000000000000284 ) ;
#2542 = CARTESIAN_POINT ( 'NONE',  ( 60.25898069983629313, 69.04912902142196174, 1.380269307963183145 ) ) ;
#2543 = CARTESIAN_POINT ( 'NONE',  ( -63.18582752819853710, 64.95410340582364483, -16.48162287518124103 ) ) ;
#2544 = CARTESIAN_POINT ( 'NONE',  ( -22.38107657336264467, 70.72920227688678096, 62.13381441026695740 ) ) ;
#2545 = LINE ( 'NONE', #2092, #5136 ) ;
#2546 = EDGE_CURVE ( 'NONE', #5364, #4646, #4827, .T. ) ;
#2547 = VERTEX_POINT ( 'NONE', #1999 ) ;
#2548 = CARTESIAN_POINT ( 'NONE',  ( -50.22083601860482105, 51.58051168082083393, 54.26483504255168810 ) ) ;
#2549 = DIRECTION ( 'NONE',  ( -0.8660254037844363761, 0.000000000000000000, -0.5000000000000039968 ) ) ;
#2550 = CARTESIAN_POINT ( 'NONE',  ( -60.19908071135575511, 67.38180933480940382, 16.70026143196216140 ) ) ;
#2551 = CARTESIAN_POINT ( 'NONE',  ( -20.03676003141545792, 70.32645668458306432, 63.48730619682585541 ) ) ;
#2552 = CARTESIAN_POINT ( 'NONE',  ( -19.96340200533990128, 83.58148700043116719, 0.000000000000000000 ) ) ;
#2553 = CARTESIAN_POINT ( 'NONE',  ( -37.22213777684703473, 65.51688459718967295, -53.56532372939739162 ) ) ;
#2554 = EDGE_CURVE ( 'NONE', #3786, #2678, #2419, .T. ) ;
#2555 = VERTEX_POINT ( 'NONE', #3306 ) ;
#2556 = DIRECTION ( 'NONE',  ( -0.000000000000000000, -1.000000000000000000, -0.000000000000000000 ) ) ;
#2557 = DIRECTION ( 'NONE',  ( -0.000000000000000000, 1.000000000000000000, -0.000000000000000000 ) ) ;
#2558 = EDGE_LOOP ( 'NONE', ( #1680, #3883, #3216, #2272 ) ) ;
#2559 = CARTESIAN_POINT ( 'NONE',  ( 0.000000000000000000, 0.000000000000000000, 0.000000000000000000 ) ) ;
#2560 = ORIENTED_EDGE ( 'NONE', *, *, #934, .T. ) ;
#2561 = CARTESIAN_POINT ( 'NONE',  ( -43.99617625189230807, 68.39397752115085893, 48.20361260703122497 ) ) ;
#2562 = CARTESIAN_POINT ( 'NONE',  ( -44.22697078289295547, 67.28334231014486022, 44.35365434295577813 ) ) ;
#2563 = CARTESIAN_POINT ( 'NONE',  ( -64.99999999999998579, 70.33830226810675867, -14.00000000000000000 ) ) ;
#2564 = CARTESIAN_POINT ( 'NONE',  ( 63.40701041272853189, 65.33113625350733855, 14.00000000000368061 ) ) ;
#2565 = ORIENTED_EDGE ( 'NONE', *, *, #1902, .F. ) ;
#2566 =( BOUNDED_SURFACE ( )  B_SPLINE_SURFACE ( 3, 2, ( 
 ( #5435, #2432, #5397 ),
 ( #3595, #1433, #1887 ),
 ( #1462, #3681, #1062 ),
 ( #4892, #1519, #4487 ),
 ( #560, #4918, #1032 ),
 ( #158, #4518, #621 ),
 ( #4094, #5119, #4243 ),
 ( #1640, #3345, #5521 ),
 ( #4609, #1187, #1609 ),
 ( #340, #5035, #3745 ),
 ( #2930, #5068, #5491 ),
 ( #2550, #2575, #2096 ) ),
 .UNSPECIFIED., .F., .F., .F. ) 
 B_SPLINE_SURFACE_WITH_KNOTS ( ( 4, 2, 2, 2, 2, 4 ),
 ( 3, 3 ),
 ( 0.04596579152697865406, 0.05469982312265932178, 0.05906683892049965218, 0.06343385471833998257, 0.07216788631402065723, 0.08090191790970131802 ),
 ( 0.000000000000000000, 1.000000000000000000 ),
 .UNSPECIFIED. ) 
 GEOMETRIC_REPRESENTATION_ITEM ( )  RATIONAL_B_SPLINE_SURFACE ( (
 ( 1.000000000000000000, 0.4470413949512956897, 1.000000000000000000),
 ( 1.000000000000000000, 0.4508719092581101595, 1.000000000000000000),
 ( 1.000000000000000000, 0.4535957092000723612, 1.000000000000000000),
 ( 1.000000000000000000, 0.4562964902223958785, 1.000000000000000000),
 ( 1.000000000000000000, 0.4569643652243163268, 1.000000000000000000),
 ( 1.000000000000000000, 0.4578526834162054970, 1.000000000000000000),
 ( 1.000000000000000000, 0.4580721740606116255, 1.000000000000000000),
 ( 1.000000000000000000, 0.4580613410313871259, 1.000000000000000000),
 ( 1.000000000000000000, 0.4571748802265165335, 1.000000000000000000),
 ( 1.000000000000000000, 0.4535762175660909001, 1.000000000000000000),
 ( 1.000000000000000000, 0.4508604777194347712, 1.000000000000000000),
 ( 1.000000000000000000, 0.4470422633554517189, 1.000000000000000000) ) ) 
 REPRESENTATION_ITEM ( '' )  SURFACE ( )  );
#2567 = CARTESIAN_POINT ( 'NONE',  ( -24.54747839864145931, 48.00576291639419679, -70.51747978409052564 ) ) ;
#2568 = DIRECTION ( 'NONE',  ( -1.000000000000000000, 1.387778780781446464E-15, 0.000000000000000000 ) ) ;
#2569 = CARTESIAN_POINT ( 'NONE',  ( -49.84816189516600815, 46.10331055350759044, -58.29707188652101735 ) ) ;
#2570 = CARTESIAN_POINT ( 'NONE',  ( 4.852638573011458325E-16, 76.99140126247186799, 1.499999999999983125 ) ) ;
#2571 = CARTESIAN_POINT ( 'NONE',  ( -25.78437493449884954, 46.02785684633896324, 72.65984742795569673 ) ) ;
#2572 = ORIENTED_EDGE ( 'NONE', *, *, #2832, .F. ) ;
#2573 = CARTESIAN_POINT ( 'NONE',  ( -12.12435565298220652, 80.99999999999998579, 6.999999999999887201 ) ) ;
#2574 = DIRECTION ( 'NONE',  ( 0.000000000000000000, -1.000000000000000000, 0.000000000000000000 ) ) ;
#2575 = CARTESIAN_POINT ( 'NONE',  ( -64.99999999999995737, 63.85723507571437807, 15.94989483518009799 ) ) ;
#2576 = EDGE_CURVE ( 'NONE', #4309, #525, #691, .T. ) ;
#2577 = CARTESIAN_POINT ( 'NONE',  ( -17.60447784751814737, 69.72852694534908835, 64.89158497044412854 ) ) ;
#2578 = VERTEX_POINT ( 'NONE', #613 ) ;
#2579 = CARTESIAN_POINT ( 'NONE',  ( 49.10077795286964886, 55.22173470843916476, 57.04504210552937593 ) ) ;
#2580 = CARTESIAN_POINT ( 'NONE',  ( -26.24437010087301658, 71.20242650880480539, -59.90334085220008120 ) ) ;
#2581 = ORIENTED_EDGE ( 'NONE', *, *, #4513, .F. ) ;
#2582 = CARTESIAN_POINT ( 'NONE',  ( 19.48363204378538072, 67.61734521269785603, 61.95229751266619900 ) ) ;
#2583 = CARTESIAN_POINT ( 'NONE',  ( -47.14275735574705095, 61.97093712385065345, 53.65365094904366572 ) ) ;
#2584 = ORIENTED_EDGE ( 'NONE', *, *, #3199, .T. ) ;
#2585 = ADVANCED_FACE ( 'NONE', ( #5026 ), #5424, .F. ) ;
#2586 = CARTESIAN_POINT ( 'NONE',  ( -60.22077324338516036, 67.97807327255348753, 13.78358734409640896 ) ) ;
#2587 = ORIENTED_EDGE ( 'NONE', *, *, #2031, .T. ) ;
#2588 = CARTESIAN_POINT ( 'NONE',  ( -44.07253677412097659, 67.97021128605157969, 48.33587291122380947 ) ) ;
#2589 = CARTESIAN_POINT ( 'NONE',  ( 28.88608391623502669, 79.96995785009579549, -22.63508864747080551 ) ) ;
#2590 = EDGE_CURVE ( 'NONE', #4364, #537, #1508, .T. ) ;
#2591 = CARTESIAN_POINT ( 'NONE',  ( 64.99999999999995737, 69.72852694534908835, -17.19986744891166097 ) ) ;
#2592 = CARTESIAN_POINT ( 'NONE',  ( -71.86785523261146125, 52.40596060623926178, -16.36484686775789754 ) ) ;
#2593 = CARTESIAN_POINT ( 'NONE',  ( -30.45982050520193241, 71.49146786206159732, 57.46954942650530285 ) ) ;
#2594 = CARTESIAN_POINT ( 'NONE',  ( -20.71089380354533915, 66.68554913837692766, 63.87232033790250796 ) ) ;
#2595 = EDGE_LOOP ( 'NONE', ( #2714, #5276, #1785, #1554, #4269, #297, #1057, #2365, #4356, #4946, #4479, #1008, #3221, #3843, #1541, #3434, #1352 ) ) ;
#2596 = CARTESIAN_POINT ( 'NONE',  ( -49.58704591248121574, 52.38165315072526340, 57.88728291766634015 ) ) ;
#2597 = DIRECTION ( 'NONE',  ( 0.6410052855431285224, 0.000000000000000000, 0.7675364642189791420 ) ) ;
#2598 = CARTESIAN_POINT ( 'NONE',  ( -64.99999999999998579, 80.99999999999998579, 14.00000000000000000 ) ) ;
#2599 = AXIS2_PLACEMENT_3D ( 'NONE', #2290, #3665, #4930 ) ;
#2600 = CARTESIAN_POINT ( 'NONE',  ( 50.35796847768047968, 50.54137333704081669, 54.51383548919503141 ) ) ;
#2601 = CARTESIAN_POINT ( 'NONE',  ( 45.20644746071356934, 66.12567138046129855, 45.31269782916221089 ) ) ;
#2602 = CARTESIAN_POINT ( 'NONE',  ( -66.70000000000000284, 62.56337044103960210, -6.138673620866699857E-13 ) ) ;
#2603 = ORIENTED_EDGE ( 'NONE', *, *, #3626, .T. ) ;
#2604 = CARTESIAN_POINT ( 'NONE',  ( 29.32307792944893521, 81.48699651356143647, -25.09061365702576296 ) ) ;
#2605 = CARTESIAN_POINT ( 'NONE',  ( 48.49704453755430933, 51.19777907934706462, -55.99934515595935380 ) ) ;
#2606 = VECTOR ( 'NONE', #3978, 1000.000000000000114 ) ;
#2607 = ORIENTED_EDGE ( 'NONE', *, *, #2367, .T. ) ;
#2608 = AXIS2_PLACEMENT_3D ( 'NONE', #448, #5093, #1216 ) ;
#2609 = VECTOR ( 'NONE', #3826, 1000.000000000000000 ) ;
#2610 = EDGE_CURVE ( 'NONE', #4056, #1674, #1540, .T. ) ;
#2611 = DIRECTION ( 'NONE',  ( 0.000000000000000000, 1.000000000000000000, 0.000000000000000000 ) ) ;
#2612 = ORIENTED_EDGE ( 'NONE', *, *, #5618, .F. ) ;
#2613 = EDGE_CURVE ( 'NONE', #2052, #1775, #964, .T. ) ;
#2614 = DIRECTION ( 'NONE',  ( 0.000000000000000000, -0.000000000000000000, 1.000000000000000000 ) ) ;
#2615 = B_SPLINE_CURVE_WITH_KNOTS ( 'NONE', 3,
 ( #924, #1331, #3960, #1735, #3048, #5262, #3121, #457, #3492, #5208, #5290, #4812, #3072, #51, #3095, #4334, #2208, #2657 ),
 .UNSPECIFIED., .F., .F.,
 ( 4, 2, 2, 2, 2, 2, 2, 2, 4 ),
 ( -0.001263708229997874367, 0.001977653895833436301, 0.005219016021664746319, 0.01170174027332738023, 0.01332242133624303264, 0.01494310239915868505, 0.01818446452498997945, 0.02142582665082127039, 0.02466718877665256479 ),
 .UNSPECIFIED. ) ;
#2616 = CARTESIAN_POINT ( 'NONE',  ( -20.96607231805830196, 56.03426478454051107, 69.09993629086032740 ) ) ;
#2617 = CARTESIAN_POINT ( 'NONE',  ( -23.72949968705724544, 54.28634147770318208, -69.10069909613541483 ) ) ;
#2618 = CARTESIAN_POINT ( 'NONE',  ( 4.852638573011455367E-16, 96.99999999999998579, 0.000000000000000000 ) ) ;
#2619 = ADVANCED_FACE ( 'NONE', ( #1113 ), #1703, .F. ) ;
#2620 = CARTESIAN_POINT ( 'NONE',  ( -63.89768832408485366, 64.29485628078593606, -16.47483932149081909 ) ) ;
#2621 = CARTESIAN_POINT ( 'NONE',  ( -80.49155235178410805, 61.00000000000000000, 13.99999999999998224 ) ) ;
#2622 = SHAPE_DEFINITION_REPRESENTATION ( #1777, #1141 ) ;
#2623 = CARTESIAN_POINT ( 'NONE',  ( 60.25778334587435126, 69.01529260138785560, 2.774591182591630734 ) ) ;
#2624 = ORIENTED_EDGE ( 'NONE', *, *, #3106, .F. ) ;
#2625 = DIRECTION ( 'NONE',  ( -1.000000000000000000, 0.000000000000000000, 0.000000000000000000 ) ) ;
#2626 = CARTESIAN_POINT ( 'NONE',  ( 64.57274241378013357, 68.75925333859645150, 14.00000000000000000 ) ) ;
#2627 = CARTESIAN_POINT ( 'NONE',  ( -38.75562989912629064, 71.20242650880479118, 52.67996163977715440 ) ) ;
#2628 = CARTESIAN_POINT ( 'NONE',  ( 43.99617625189021908, 68.39397752114253137, 48.20361260703033679 ) ) ;
#2629 = CARTESIAN_POINT ( 'NONE',  ( -27.49504468920786238, 71.31128151839124030, -59.18126354195634775 ) ) ;
#2630 = ORIENTED_EDGE ( 'NONE', *, *, #171, .T. ) ;
#2631 = CARTESIAN_POINT ( 'NONE',  ( 49.85897346116761497, 50.02349546675215208, -58.35827524796984278 ) ) ;
#2632 = ORIENTED_EDGE ( 'NONE', *, *, #5300, .T. ) ;
#2633 = CARTESIAN_POINT ( 'NONE',  ( -44.41072685987280977, 68.75925333859643729, 48.92163532236199330 ) ) ;
#2634 = ORIENTED_EDGE ( 'NONE', *, *, #4179, .T. ) ;
#2635 = CARTESIAN_POINT ( 'NONE',  ( 31.31710157795297178, 81.48699651356143647, -24.93611547190164757 ) ) ;
#2636 = CARTESIAN_POINT ( 'NONE',  ( -23.87564434701769400, 60.99999999999999289, -69.35382907247964113 ) ) ;
#2637 = CARTESIAN_POINT ( 'NONE',  ( -17.28371873182221918, 65.00834819740546777, 62.90061292104773116 ) ) ;
#2638 = CARTESIAN_POINT ( 'NONE',  ( -19.09263111136472446, 61.45732291407724546, -65.96052081462867989 ) ) ;
#2639 = CARTESIAN_POINT ( 'NONE',  ( -44.62435565298271456, 0.000000000000000000, 49.29165124598798542 ) ) ;
#2640 = CARTESIAN_POINT ( 'NONE',  ( 43.87040394984681058, 73.36579871578209122, -34.42159605593190008 ) ) ;
#2641 = LINE ( 'NONE', #2667, #1623 ) ;
#2642 = EDGE_CURVE ( 'NONE', #946, #1629, #2533, .T. ) ;
#2643 = CARTESIAN_POINT ( 'NONE',  ( 51.58105721506463226, 72.17018537386293531, -20.24857197945009091 ) ) ;
#2644 = CARTESIAN_POINT ( 'NONE',  ( 0.000000000000000000, 0.000000000000000000, 0.000000000000000000 ) ) ;
#2645 = VERTEX_POINT ( 'NONE', #4232 ) ;
#2646 = CARTESIAN_POINT ( 'NONE',  ( 40.60480816050038300, 71.01583216044012659, -51.61233807279335650 ) ) ;
#2647 = CARTESIAN_POINT ( 'NONE',  ( 36.29640855982325576, 81.21657633948643706, 0.000000000000000000 ) ) ;
#2648 = CARTESIAN_POINT ( 'NONE',  ( -42.20900288330255279, 67.94710706913511444, 45.16629258300910266 ) ) ;
#2649 = EDGE_CURVE ( 'NONE', #2678, #99, #5402, .T. ) ;
#2650 = CARTESIAN_POINT ( 'NONE',  ( 42.32973426610303846, 72.09777901123406707, -35.91367373698319909 ) ) ;
#2651 = ORIENTED_EDGE ( 'NONE', *, *, #1240, .F. ) ;
#2652 = B_SPLINE_CURVE_WITH_KNOTS ( 'NONE', 3,
 ( #1481, #4084, #1087, #179, #2829, #2421, #3308, #1143, #1054, #3217, #5027, #249, #2002, #1542, #3251, #5427 ),
 .UNSPECIFIED., .F., .F.,
 ( 4, 2, 2, 2, 2, 2, 2, 4 ),
 ( 0.000000000000000000, 0.0006165529096402172374, 0.001233105819280434475, 0.001849658728920651604, 0.002466211638560868950, 0.003699317457841315351, 0.004315870367481543755, 0.004932423277121772594 ),
 .UNSPECIFIED. ) ;
#2653 = CARTESIAN_POINT ( 'NONE',  ( -19.90035552566494204, 68.11553659766627788, -62.46842685913602367 ) ) ;
#2654 = ORIENTED_EDGE ( 'NONE', *, *, #3995, .F. ) ;
#2655 = CARTESIAN_POINT ( 'NONE',  ( 64.99999999999998579, 0.000000000000000000, -14.00000000000000000 ) ) ;
#2656 = DIRECTION ( 'NONE',  ( 1.000000000000000000, 1.387778780781446464E-15, 0.000000000000000000 ) ) ;
#2657 = CARTESIAN_POINT ( 'NONE',  ( 50.03308624046258046, 46.02785684633894903, -58.65984742795578910 ) ) ;
#2658 = CARTESIAN_POINT ( 'NONE',  ( -74.03349571804315588, 46.80642804332621409, -14.57066014246666263 ) ) ;
#2659 = CARTESIAN_POINT ( 'NONE',  ( -24.85206664690131362, 55.22173470843916476, 71.04504210551924359 ) ) ;
#2660 = CARTESIAN_POINT ( 'NONE',  ( 49.51902660800982403, 71.30835943347774730, -31.23642451967481648 ) ) ;
#2661 = CYLINDRICAL_SURFACE ( 'NONE', #1247, 10.50000000000000178 ) ;
#2662 = B_SPLINE_CURVE_WITH_KNOTS ( 'NONE', 3,
 ( #2476, #2970, #5107, #801, #1171, #4719, #4744, #5081, #413, #1229, #4624, #828, #4285, #1626, #384, #5165, #4312, #738 ),
 .UNSPECIFIED., .F., .F.,
 ( 4, 2, 2, 2, 2, 2, 2, 2, 4 ),
 ( -0.001263708229997874367, 0.001977653895833439771, 0.005219016021664754125, 0.01170174027332735942, 0.01332242133624300835, 0.01494310239915865729, 0.01818446452498995516, 0.02142582665082124957, 0.02466718877665254744 ),
 .UNSPECIFIED. ) ;
#2663 = ADVANCED_FACE ( 'NONE', ( #332 ), #5086, .T. ) ;
#2664 = FACE_OUTER_BOUND ( 'NONE', #2796, .T. ) ;
#2665 = CARTESIAN_POINT ( 'NONE',  ( 37.37302530914065102, 74.84267152936557466, -33.68357512372356410 ) ) ;
#2666 = DIRECTION ( 'NONE',  ( 0.5000000000000039968, 1.387778780781446267E-15, -0.8660254037844363761 ) ) ;
#2667 = CARTESIAN_POINT ( 'NONE',  ( 80.88563583943053459, 45.99999999999999289, -14.06854345165237774 ) ) ;
#2668 = ORIENTED_EDGE ( 'NONE', *, *, #3206, .T. ) ;
#2669 = CARTESIAN_POINT ( 'NONE',  ( 50.89797529052891178, 74.36327549710723872, -18.86484434960657808 ) ) ;
#2670 = PLANE ( 'NONE',  #5309 ) ;
#2671 = VERTEX_POINT ( 'NONE', #4723 ) ;
#2672 = CARTESIAN_POINT ( 'NONE',  ( 44.62435565298236639, 70.33830226810675867, -49.29165124598830516 ) ) ;
#2673 = LINE ( 'NONE', #39, #4598 ) ;
#2674 = EDGE_CURVE ( 'NONE', #5360, #5233, #832, .T. ) ;
#2675 = DIRECTION ( 'NONE',  ( -0.7675364642189791420, 0.000000000000000000, 0.6410052855431285224 ) ) ;
#2676 = CARTESIAN_POINT ( 'NONE',  ( -18.33676687713143139, 67.16491451319372175, -61.18168395791204972 ) ) ;
#2677 = DIRECTION ( 'NONE',  ( 0.7675364642189741460, 0.000000000000000000, -0.6410052855431345176 ) ) ;
#2678 = VERTEX_POINT ( 'NONE', #2087 ) ;
#2679 = EDGE_CURVE ( 'NONE', #4069, #3131, #5538, .T. ) ;
#2680 = CARTESIAN_POINT ( 'NONE',  ( 49.99357256924640325, 48.24151529172286956, -58.59140774181574329 ) ) ;
#2681 = ORIENTED_EDGE ( 'NONE', *, *, #3637, .F. ) ;
#2682 = AXIS2_PLACEMENT_3D ( 'NONE', #2409, #665, #1987 ) ;
#2683 = CARTESIAN_POINT ( 'NONE',  ( 71.86785523261146125, 52.40596060623926178, 16.36484686775789754 ) ) ;
#2684 = FACE_OUTER_BOUND ( 'NONE', #1807, .T. ) ;
#2685 = CARTESIAN_POINT ( 'NONE',  ( 60.20053056545826564, 67.42165079097325986, -16.50659709052888502 ) ) ;
#2686 = CARTESIAN_POINT ( 'NONE',  ( -60.25896109168538572, 69.04857540238329250, 7.379594382087738996E-15 ) ) ;
#2687 = VECTOR ( 'NONE', #3705, 1000.000000000000000 ) ;
#2688 = CARTESIAN_POINT ( 'NONE',  ( 52.25859997505607879, 72.30170309110776827, -23.37074201914607485 ) ) ;
#2689 = CARTESIAN_POINT ( 'NONE',  ( -20.42475882649661401, 67.19961627838671347, 63.37672001983148107 ) ) ;
#2690 = CARTESIAN_POINT ( 'NONE',  ( 52.28572573259918954, 71.94145980738643686, -24.47038348753495995 ) ) ;
#2691 =( BOUNDED_SURFACE ( )  B_SPLINE_SURFACE ( 3, 2, ( 
 ( #1643, #2993, #3376 ),
 ( #845, #401, #3887 ),
 ( #1251, #4708, #2961 ),
 ( #375, #1282, #2580 ),
 ( #2157, #1730, #2629 ),
 ( #5099, #3460, #4304 ),
 ( #819, #5181, #1305 ),
 ( #3042, #3018, #5123 ),
 ( #4759, #2553, #4277 ),
 ( #2128, #3909, #2184 ),
 ( #1222, #868, #3859 ),
 ( #4673, #4329, #434 ) ),
 .UNSPECIFIED., .F., .F., .F. ) 
 B_SPLINE_SURFACE_WITH_KNOTS ( ( 4, 2, 2, 2, 2, 4 ),
 ( 3, 3 ),
 ( 0.04596579152697864018, 0.05469982312265930791, 0.05906683892049964524, 0.06343385471833998257, 0.07216788631402065723, 0.08090191790970131802 ),
 ( 0.000000000000000000, 1.000000000000000000 ),
 .UNSPECIFIED. ) 
 GEOMETRIC_REPRESENTATION_ITEM ( )  RATIONAL_B_SPLINE_SURFACE ( (
 ( 1.000000000000000000, 0.4470413949512913598, 1.000000000000000000),
 ( 1.000000000000000000, 0.4508719092608881041, 1.000000000000000000),
 ( 1.000000000000000000, 0.4535957091963819243, 1.000000000000000000),
 ( 1.000000000000000000, 0.4562964902242390153, 1.000000000000000000),
 ( 1.000000000000000000, 0.4569643652219771424, 1.000000000000000000),
 ( 1.000000000000000000, 0.4578526834185434602, 1.000000000000000000),
 ( 1.000000000000000000, 0.4580721740610562143, 1.000000000000000000),
 ( 1.000000000000000000, 0.4580613410304985589, 1.000000000000000000),
 ( 1.000000000000000000, 0.4571748802206089257, 1.000000000000000000),
 ( 1.000000000000000000, 0.4535762175719973976, 1.000000000000000000),
 ( 1.000000000000000000, 0.4508604777150052589, 1.000000000000000000),
 ( 1.000000000000000000, 0.4470422633554489433, 1.000000000000000000) ) ) 
 REPRESENTATION_ITEM ( '' )  SURFACE ( )  );
#2692 = AXIS2_PLACEMENT_3D ( 'NONE', #2220, #4452, #3946 ) ;
#2693 = AXIS2_PLACEMENT_3D ( 'NONE', #1818, #2355, #2666 ) ;
#2694 = CARTESIAN_POINT ( 'NONE',  ( -17.28371873181937346, 65.00834819740182979, -62.90061292105266233 ) ) ;
#2695 = DIRECTION ( 'NONE',  ( -0.5000000000000101030, 0.000000000000000000, 0.8660254037844328234 ) ) ;
#2696 = CARTESIAN_POINT ( 'NONE',  ( 46.46842980493225639, 71.03035649593734036, -33.53535305274600375 ) ) ;
#2697 = CARTESIAN_POINT ( 'NONE',  ( 28.25910189633944469, 45.99999999999999289, -77.08328716402995440 ) ) ;
#2698 = CARTESIAN_POINT ( 'NONE',  ( 50.03242217358159394, 47.11467724965588388, 58.65869723038041883 ) ) ;
#2699 = CIRCLE ( 'NONE', #235, 18.25000000000000000 ) ;
#2700 = ORIENTED_EDGE ( 'NONE', *, *, #387, .F. ) ;
#2701 = AXIS2_PLACEMENT_3D ( 'NONE', #5561, #5587, #1684 ) ;
#2702 =( BOUNDED_SURFACE ( )  B_SPLINE_SURFACE ( 3, 2, ( 
 ( #291, #2046, #5502 ),
 ( #1198, #762, #2499 ),
 ( #4221, #320, #4656 ),
 ( #374, #400, #4758 ),
 ( #346, #3507, #4328 ),
 ( #3886, #844, #2127 ),
 ( #433, #786, #4735 ),
 ( #4248, #1700, #2203 ),
 ( #2579, #2156, #5604 ),
 ( #894, #1751, #1773 ),
 ( #2992, #818, #5180 ),
 ( #1304, #2524, #1250 ),
 ( #2101, #3432, #4303 ),
 ( #1729, #3063, #5550 ),
 ( #4707, #3459, #3041 ),
 ( #867, #3928, #3835 ),
 ( #1221, #1672, #15 ),
 ( #2628, #3483, #2601 ),
 ( #2183, #4781, #3402 ),
 ( #3858, #5625, #5201 ) ),
 .UNSPECIFIED., .F., .F., .F. ) 
 B_SPLINE_SURFACE_WITH_KNOTS ( ( 4, 2, 2, 2, 2, 2, 2, 2, 2, 4 ),
 ( 3, 3 ),
 ( 0.01252048609959066812, 0.01610381331546698047, 0.01789547692340513751, 0.01968714053134329456, 0.02327046774721960865, 0.02685379496309591926, 0.03402044939484854397, 0.03581211300278670101, 0.03760377661072485805, 0.04118710382660117214 ),
 ( 0.000000000000000000, 1.000000000000000000 ),
 .UNSPECIFIED. ) 
 GEOMETRIC_REPRESENTATION_ITEM ( )  RATIONAL_B_SPLINE_SURFACE ( (
 ( 1.000000000000000000, 0.7806367264523377258, 1.000000000000000000),
 ( 1.000000000000000000, 0.7806525983866795526, 1.000000000000000000),
 ( 1.000000000000000000, 0.7804736193010858303, 1.000000000000000000),
 ( 1.000000000000000000, 0.7799347764563592245, 1.000000000000000000),
 ( 1.000000000000000000, 0.7797094506928304858, 1.000000000000000000),
 ( 1.000000000000000000, 0.7791796795188511426, 1.000000000000000000),
 ( 1.000000000000000000, 0.7788772256520301029, 1.000000000000000000),
 ( 1.000000000000000000, 0.7778777612657219453, 1.000000000000000000),
 ( 1.000000000000000000, 0.7770891790784081321, 1.000000000000000000),
 ( 1.000000000000000000, 0.7753695393499159261, 1.000000000000000000),
 ( 1.000000000000000000, 0.7744333973519269554, 1.000000000000000000),
 ( 1.000000000000000000, 0.7716017430416848288, 1.000000000000000000),
 ( 1.000000000000000000, 0.7696820186686271770, 1.000000000000000000),
 ( 1.000000000000000000, 0.7674401967820855264, 1.000000000000000000),
 ( 1.000000000000000000, 0.7669988342221100153, 1.000000000000000000),
 ( 1.000000000000000000, 0.7661320856129568702, 1.000000000000000000),
 ( 1.000000000000000000, 0.7657059992049434216, 1.000000000000000000),
 ( 1.000000000000000000, 0.7644628963705636382, 1.000000000000000000),
 ( 1.000000000000000000, 0.7636784586022634658, 1.000000000000000000),
 ( 1.000000000000000000, 0.7629366208023388163, 1.000000000000000000) ) ) 
 REPRESENTATION_ITEM ( '' )  SURFACE ( )  );
#2703 = CARTESIAN_POINT ( 'NONE',  ( 60.20053056545826564, 67.42165079097325986, 16.50659709052887081 ) ) ;
#2704 = EDGE_LOOP ( 'NONE', ( #4763, #5255, #820, #5422 ) ) ;
#2705 = CARTESIAN_POINT ( 'NONE',  ( 20.37564434701814875, 70.33830226810667341, -63.29165124598841174 ) ) ;
#2706 = CARTESIAN_POINT ( 'NONE',  ( 44.57275718486192773, 69.52068220640249763, -49.20228007761097899 ) ) ;
#2707 = CARTESIAN_POINT ( 'NONE',  ( 0.000000000000000000, 45.99999999999999289, 0.000000000000000000 ) ) ;
#2708 = VECTOR ( 'NONE', #2383, 1000.000000000000000 ) ;
#2709 = ORIENTED_EDGE ( 'NONE', *, *, #5288, .F. ) ;
#2710 = EDGE_CURVE ( 'NONE', #1699, #4982, #196, .T. ) ;
#2711 = CARTESIAN_POINT ( 'NONE',  ( 44.25854252746582063, 67.30765027970343795, -44.25812257398383309 ) ) ;
#2712 = CARTESIAN_POINT ( 'NONE',  ( -80.88563583943053459, 53.50000000000000000, 14.06854345165236886 ) ) ;
#2713 = CARTESIAN_POINT ( 'NONE',  ( 53.26071178722145305, 70.61829152200940030, -22.80206823597352539 ) ) ;
#2714 = ORIENTED_EDGE ( 'NONE', *, *, #150, .T. ) ;
#2715 = CARTESIAN_POINT ( 'NONE',  ( 48.67342351915870324, 49.60266825054671358, -56.30484251348393343 ) ) ;
#2716 = VERTEX_POINT ( 'NONE', #521 ) ;
#2717 = CARTESIAN_POINT ( 'NONE',  ( 50.03308624046258046, 46.02785684633894903, -58.65984742795578910 ) ) ;
#2718 = EDGE_CURVE ( 'NONE', #3774, #2039, #4794, .T. ) ;
#2719 = CARTESIAN_POINT ( 'NONE',  ( 40.28238560190344231, 67.15270790776834531, -24.10779286009936939 ) ) ;
#2720 = DIRECTION ( 'NONE',  ( -0.8660254037844363761, 0.000000000000000000, -0.5000000000000039968 ) ) ;
#2721 = CARTESIAN_POINT ( 'NONE',  ( 35.07339613363843256, 79.43205828583130312, -16.03566421362787509 ) ) ;
#2722 = CARTESIAN_POINT ( 'NONE',  ( 31.35529578470852030, 81.97657355450692762, -22.72316392215029879 ) ) ;
#2723 = CARTESIAN_POINT ( 'NONE',  ( -80.88563583943054880, 0.000000000000000000, -14.06854345165234044 ) ) ;
#2724 = CARTESIAN_POINT ( 'NONE',  ( -18.80811186595824225, 69.87390944627894385, 60.57660534627732574 ) ) ;
#2725 = CARTESIAN_POINT ( 'NONE',  ( 21.95646912120104233, 51.06858755565706787, 70.74426923893850017 ) ) ;
#2726 = DIRECTION ( 'NONE',  ( 0.000000000000000000, -1.000000000000000000, 0.000000000000000000 ) ) ;
#2727 = CARTESIAN_POINT ( 'NONE',  ( 71.29333510636418225, 60.24613397907616275, -13.99999999999998401 ) ) ;
#2728 = CARTESIAN_POINT ( 'NONE',  ( 35.96027384688265727, 77.59858503809803665, -32.88595190988960582 ) ) ;
#2729 = PLANE ( 'NONE',  #5231 ) ;
#2730 = ORIENTED_EDGE ( 'NONE', *, *, #3357, .T. ) ;
#2731 = CARTESIAN_POINT ( 'NONE',  ( 52.37013182887361751, 0.000000000000000000, 62.70772912669060872 ) ) ;
#2732 = ORIENTED_EDGE ( 'NONE', *, *, #5285, .F. ) ;
#2733 = DIRECTION ( 'NONE',  ( -1.000000000000000000, 8.950701582355715899E-17, 0.000000000000000000 ) ) ;
#2734 = CARTESIAN_POINT ( 'NONE',  ( 72.24456889368883594, 51.06858755565657049, -16.35727458309411020 ) ) ;
#2735 = CARTESIAN_POINT ( 'NONE',  ( -72.60086162208632743, 51.72162299948414699, -14.00000000000001599 ) ) ;
#2736 = CARTESIAN_POINT ( 'NONE',  ( -48.29471644350385162, 58.46542898071371752, -55.64890261728118048 ) ) ;
#2737 =( BOUNDED_SURFACE ( )  B_SPLINE_SURFACE ( 3, 2, ( 
 ( #5311, #1028, #4088 ),
 ( #1909, #2057, #4238 ),
 ( #5590, #2567, #2540 ),
 ( #389, #4722, #3472 ),
 ( #5614, #4263, #2975 ),
 ( #2172, #907, #3077 ),
 ( #3496, #3939, #4769 ),
 ( #882, #3897, #4315 ),
 ( #5213, #2617, #4688 ),
 ( #360, #2193, #1740 ),
 ( #3871, #3918, #1338 ),
 ( #4793, #417, #1294 ),
 ( #2638, #4747, #1788 ),
 ( #2113, #5138, #1267 ),
 ( #2752, #573, #486 ),
 ( #4470, #3609, #4019 ),
 ( #2694, #4877, #57 ),
 ( #520, #1815, #3550 ),
 ( #1474, #3100, #1412 ),
 ( #4414, #4844, #1841 ) ),
 .UNSPECIFIED., .F., .F., .F. ) 
 B_SPLINE_SURFACE_WITH_KNOTS ( ( 4, 2, 2, 2, 2, 2, 2, 2, 2, 4 ),
 ( 3, 3 ),
 ( 0.01252048609958923350, 0.01610381331546555106, 0.01789547692340370810, 0.01968714053134186515, 0.02327046774721817923, 0.02685379496309449332, 0.03402044939484712149, 0.03581211300278527854, 0.03760377661072343558, 0.04118710382659974967 ),
 ( 0.000000000000000000, 1.000000000000000000 ),
 .UNSPECIFIED. ) 
 GEOMETRIC_REPRESENTATION_ITEM ( )  RATIONAL_B_SPLINE_SURFACE ( (
 ( 1.000000000000000000, 0.7806367264523390581, 1.000000000000000000),
 ( 1.000000000000000000, 0.7806525983875288732, 1.000000000000000000),
 ( 1.000000000000000000, 0.7804736192999488509, 1.000000000000000000),
 ( 1.000000000000000000, 0.7799347764569229957, 1.000000000000000000),
 ( 1.000000000000000000, 0.7797094506915852596, 1.000000000000000000),
 ( 1.000000000000000000, 0.7791796795200950365, 1.000000000000000000),
 ( 1.000000000000000000, 0.7788772256518634585, 1.000000000000000000),
 ( 1.000000000000000000, 0.7778777612660559004, 1.000000000000000000),
 ( 1.000000000000000000, 0.7770891790792751053, 1.000000000000000000),
 ( 1.000000000000000000, 0.7753695393490465104, 1.000000000000000000),
 ( 1.000000000000000000, 0.7744333973515911129, 1.000000000000000000),
 ( 1.000000000000000000, 0.7716017430423502965, 1.000000000000000000),
 ( 1.000000000000000000, 0.7696820186684941723, 1.000000000000000000),
 ( 1.000000000000000000, 0.7674401967821188331, 1.000000000000000000),
 ( 1.000000000000000000, 0.7669988342214101307, 1.000000000000000000),
 ( 1.000000000000000000, 0.7661320856136605295, 1.000000000000000000),
 ( 1.000000000000000000, 0.7657059992051465924, 1.000000000000000000),
 ( 1.000000000000000000, 0.7644628963701652902, 1.000000000000000000),
 ( 1.000000000000000000, 0.7636784586025633370, 1.000000000000000000),
 ( 1.000000000000000000, 0.7629366208023380391, 1.000000000000000000) ) ) 
 REPRESENTATION_ITEM ( '' )  SURFACE ( )  );
#2738 = DIRECTION ( 'NONE',  ( 0.000000000000000000, -0.000000000000000000, 1.000000000000000000 ) ) ;
#2739 = CARTESIAN_POINT ( 'NONE',  ( -28.25910189633995628, 61.00000000000000000, 77.08328716402976966 ) ) ;
#2740 = ADVANCED_FACE ( 'NONE', ( #3078, #2664 ), #2291, .T. ) ;
#2741 = EDGE_LOOP ( 'NONE', ( #3847, #1616, #2607, #2494, #1958 ) ) ;
#2742 = CARTESIAN_POINT ( 'NONE',  ( 71.63150105874400708, 53.09967776846266219, -16.36943979495305257 ) ) ;
#2743 = CARTESIAN_POINT ( 'NONE',  ( -46.21647353772078759, 64.29485628078593606, 47.09960167101185391 ) ) ;
#2744 = ORIENTED_EDGE ( 'NONE', *, *, #5460, .T. ) ;
#2745 = PLANE ( 'NONE',  #5214 ) ;
#2746 = CARTESIAN_POINT ( 'NONE',  ( 50.15181939590397775, 48.06695786158540784, -55.29732783606818458 ) ) ;
#2747 = CARTESIAN_POINT ( 'NONE',  ( 48.12435565298240192, 60.99999999999999289, -55.35382907247937112 ) ) ;
#2748 = CARTESIAN_POINT ( 'NONE',  ( 17.60392555940424586, 69.72839117303325907, 64.89190383413496477 ) ) ;
#2749 = CARTESIAN_POINT ( 'NONE',  ( -44.39539769316134965, 67.42165079097325986, -43.88189024572411512 ) ) ;
#2750 = CARTESIAN_POINT ( 'NONE',  ( 51.58656618434454799, 71.22571981494174054, -27.90933909977892569 ) ) ;
#2751 = EDGE_CURVE ( 'NONE', #4177, #3170, #4359, .T. ) ;
#2752 = CARTESIAN_POINT ( 'NONE',  ( -17.90883459805991862, 63.85246432331010169, -63.95956714160622170 ) ) ;
#2753 = CARTESIAN_POINT ( 'NONE',  ( 50.51564886200416993, 48.61675045524525984, -54.80089632839413127 ) ) ;
#2754 = CARTESIAN_POINT ( 'NONE',  ( 24.32368674301836720, 57.41926555727935266, -70.12986126629668604 ) ) ;
#2755 = CARTESIAN_POINT ( 'NONE',  ( 50.35519766298508415, 73.62361595159579508, -15.66036566257154838 ) ) ;
#2756 = CARTESIAN_POINT ( 'NONE',  ( 15.74048458246987003, 67.51887975670250341, -60.27845158425634509 ) ) ;
#2757 = ADVANCED_FACE ( 'NONE', ( #931 ), #4415, .F. ) ;
#2758 = CARTESIAN_POINT ( 'NONE',  ( 20.37564434701814875, 70.12954027454739503, -63.29165124598841174 ) ) ;
#2759 = CARTESIAN_POINT ( 'NONE',  ( 60.24923405911262364, 68.77445268785325538, 7.019518324699832057 ) ) ;
#2760 = ORIENTED_EDGE ( 'NONE', *, *, #2091, .T. ) ;
#2761 = CARTESIAN_POINT ( 'NONE',  ( 20.37564434701814875, 70.33830226810667341, -63.29165124598841174 ) ) ;
#2762 = CARTESIAN_POINT ( 'NONE',  ( 75.46923561638179478, 50.02349546675840486, -13.99999999999999467 ) ) ;
#2763 = CARTESIAN_POINT ( 'NONE',  ( -73.95284459977533231, 55.22173470845584120, -14.00000000000002309 ) ) ;
#2764 = CARTESIAN_POINT ( 'NONE',  ( 44.14906683162959666, 68.11553659766627788, -48.46842685913578208 ) ) ;
#2765 = LINE ( 'NONE', #3537, #4484 ) ;
#2766 = CARTESIAN_POINT ( 'NONE',  ( 36.66490689053787122, 74.58404207244566919, -35.19268663379540385 ) ) ;
#2767 = VERTEX_POINT ( 'NONE', #5243 ) ;
#2768 = DIRECTION ( 'NONE',  ( -0.000000000000000000, -1.000000000000000000, 0.000000000000000000 ) ) ;
#2769 = CARTESIAN_POINT ( 'NONE',  ( 66.83987982525519556, 65.53555765175977399, -14.00000000000000178 ) ) ;
#2770 = CARTESIAN_POINT ( 'NONE',  ( 28.25910189633944469, 61.00000000000000000, -77.08328716402995440 ) ) ;
#2771 = ORIENTED_EDGE ( 'NONE', *, *, #348, .T. ) ;
#2772 = CARTESIAN_POINT ( 'NONE',  ( -43.99617625189467418, 68.39397752113417539, -48.20361260703714379 ) ) ;
#2773 = SURFACE_SIDE_STYLE ('',( #1036 ) ) ;
#2774 = CARTESIAN_POINT ( 'NONE',  ( 76.23219817601714965, 46.00000000000000000, -14.00000000000000000 ) ) ;
#2775 = CARTESIAN_POINT ( 'NONE',  ( -19.96340200533990838, 83.58148700043116719, -39.92680401067980256 ) ) ;
#2776 = CARTESIAN_POINT ( 'NONE',  ( 35.03620661177346562, 68.90896350639033585, 49.34720195093463957 ) ) ;
#2777 = CARTESIAN_POINT ( 'NONE',  ( -44.01025694748738459, 67.84252944039403133, -48.18451567697704263 ) ) ;
#2778 = CARTESIAN_POINT ( 'NONE',  ( 25.07097033627107407, 54.10447137732717238, 71.42419441747507847 ) ) ;
#2779 = AXIS2_PLACEMENT_3D ( 'NONE', #3268, #734, #5077 ) ;
#2780 = LINE ( 'NONE', #957, #4388 ) ;
#2781 = AXIS2_PLACEMENT_3D ( 'NONE', #4921, #4463, #2309 ) ;
#2782 = ADVANCED_FACE ( 'NONE', ( #3966 ), #5269, .F. ) ;
#2783 = CARTESIAN_POINT ( 'NONE',  ( 36.20369822105458724, 68.77445268786144084, -48.66760809139947241 ) ) ;
#2784 = CARTESIAN_POINT ( 'NONE',  ( 21.47657362867210651, 65.17850407179142280, -65.19851669735335520 ) ) ;
#2785 = CARTESIAN_POINT ( 'NONE',  ( -60.26208608987997195, 67.39059217359783815, -16.42997367936251507 ) ) ;
#2786 = CARTESIAN_POINT ( 'NONE',  ( 50.24045474099099096, 46.00000000000000000, -59.01902020676035932 ) ) ;
#2787 = CIRCLE ( 'NONE', #322, 66.70000000000000284 ) ;
#2788 = EDGE_CURVE ( 'NONE', #2645, #1034, #909, .T. ) ;
#2789 = CARTESIAN_POINT ( 'NONE',  ( -44.46009469550991611, 68.93822299895371941, -49.00714292194700761 ) ) ;
#2790 = VECTOR ( 'NONE', #3002, 1000.000000000000000 ) ;
#2791 = ORIENTED_EDGE ( 'NONE', *, *, #273, .F. ) ;
#2792 = VECTOR ( 'NONE', #3061, 1000.000000000000000 ) ;
#2793 = CARTESIAN_POINT ( 'NONE',  ( 60.25896109168537862, 69.04857540238330671, -2.777798611705712517 ) ) ;
#2794 = CARTESIAN_POINT ( 'NONE',  ( -68.42204903372662272, 60.03922181400667313, -14.00000000000209077 ) ) ;
#2795 = VECTOR ( 'NONE', #4144, 1000.000000000000000 ) ;
#2796 = EDGE_LOOP ( 'NONE', ( #3556, #1061 ) ) ;
#2797 = CARTESIAN_POINT ( 'NONE',  ( -19.72388365894091677, 67.84252621657638826, -62.20625511380610817 ) ) ;
#2798 = DIRECTION ( 'NONE',  ( -0.8660254037844397068, 0.000000000000000000, 0.4999999999999979461 ) ) ;
#2799 = CARTESIAN_POINT ( 'NONE',  ( -64.33485816182211181, 68.41608997342392229, 14.00000000000000178 ) ) ;
#2800 = ORIENTED_EDGE ( 'NONE', *, *, #4856, .T. ) ;
#2801 = CARTESIAN_POINT ( 'NONE',  ( -52.62653394309215571, 61.00000000000000000, 63.01474371237711125 ) ) ;
#2802 = CARTESIAN_POINT ( 'NONE',  ( 65.54398523580105973, 66.79099053448267398, -14.00000000000000178 ) ) ;
#2803 = CARTESIAN_POINT ( 'NONE',  ( -72.32922377359081167, 65.71575228053563933, 1.673711308766375742E-14 ) ) ;
#2804 = CARTESIAN_POINT ( 'NONE',  ( 45.83166933732950099, 65.00834819740308035, -46.41844595414905683 ) ) ;
#2805 = VERTEX_POINT ( 'NONE', #2238 ) ;
#2806 = CARTESIAN_POINT ( 'NONE',  ( -44.33242808152150616, 67.51887975670250341, -43.77088530842426906 ) ) ;
#2807 = DIRECTION ( 'NONE',  ( 8.949944318576885364E-17, 1.000000000000000000, 0.000000000000000000 ) ) ;
#2808 = CARTESIAN_POINT ( 'NONE',  ( 22.20114393954428778, 48.61675045524525984, 71.14828336734724701 ) ) ;
#2809 = CARTESIAN_POINT ( 'NONE',  ( -70.41471449235662305, 61.51576396133796720, 13.99999999999998046 ) ) ;
#2810 = CARTESIAN_POINT ( 'NONE',  ( -63.39408826244062567, 67.61735050355588328, 14.10282592426329096 ) ) ;
#2811 = CARTESIAN_POINT ( 'NONE',  ( 31.30840847379750969, 79.32694058684504057, -23.08450501518418818 ) ) ;
#2812 = CARTESIAN_POINT ( 'NONE',  ( -22.20114393954578347, 48.61675045524525984, 71.14828336734677805 ) ) ;
#2813 = CARTESIAN_POINT ( 'NONE',  ( 18.68648073971802148, 63.85709599279898896, 64.26689030936819336 ) ) ;
#2814 = DIRECTION ( 'NONE',  ( 0.5000000000000039968, 0.000000000000000000, -0.8660254037844363761 ) ) ;
#2816 = CARTESIAN_POINT ( 'NONE',  ( 17.90883459806344291, 63.85246432331770450, 63.95956714159724044 ) ) ;
#2815 = B_SPLINE_CURVE_WITH_KNOTS ( 'NONE', 3,
 ( #1635, #4775, #5597, #4725 ),
 .UNSPECIFIED., .F., .F.,
 ( 4, 4 ),
 ( 0.003934532143711286060, 0.004345251362166949703 ),
 .UNSPECIFIED. ) ;
#2817 = CARTESIAN_POINT ( 'NONE',  ( 43.98228536255541599, 73.31477017110692884, -34.39788662576449241 ) ) ;
#2818 = FACE_OUTER_BOUND ( 'NONE', #5203, .T. ) ;
#2819 = CARTESIAN_POINT ( 'NONE',  ( 24.34059815825624540, 57.39959067743063059, -70.15915269671656063 ) ) ;
#2820 = B_SPLINE_CURVE_WITH_KNOTS ( 'NONE', 3,
 ( #2753, #1045, #3639, #1078, #3610, #1475, #4558, #3301, #1448, #575, #1137, #3182, #5020, #3731, #4905, #2318 ),
 .UNSPECIFIED., .F., .F.,
 ( 4, 2, 2, 2, 2, 2, 2, 4 ),
 ( 0.000000000000000000, 0.002922268352081783000, 0.005844536704163566000, 0.008766805056245349434, 0.01168907340832713200, 0.01753361011249070581, 0.02045587846457247796, 0.02337814681665425012 ),
 .UNSPECIFIED. ) ;
#2821 = CARTESIAN_POINT ( 'NONE',  ( 44.10052745973146671, 64.46641794769362832, -49.59408359412418577 ) ) ;
#2822 = CARTESIAN_POINT ( 'NONE',  ( 24.56524478995548222, 56.45424203979325029, -70.54825207656890029 ) ) ;
#2823 = CARTESIAN_POINT ( 'NONE',  ( -60.52487680312032126, 67.28334231014491706, -16.12485305893879683 ) ) ;
#2824 = ORIENTED_EDGE ( 'NONE', *, *, #2974, .F. ) ;
#2825 = CARTESIAN_POINT ( 'NONE',  ( 72.34072158105324490, 58.46542898070119776, 14.00000000000000178 ) ) ;
#2826 = CARTESIAN_POINT ( 'NONE',  ( 43.27275683940342788, 65.84145499129911627, -23.84358055807702925 ) ) ;
#2827 = CARTESIAN_POINT ( 'NONE',  ( -44.62435565298201112, 70.12954027454739503, -49.29165124598860359 ) ) ;
#2828 = ORIENTED_EDGE ( 'NONE', *, *, #2461, .F. ) ;
#2829 = CARTESIAN_POINT ( 'NONE',  ( 25.15986046986478186, 46.30971242683358469, 71.89202420230274981 ) ) ;
#2830 = CARTESIAN_POINT ( 'NONE',  ( 72.58459126990992161, 49.51133489086792849, -16.35021066041749549 ) ) ;
#2831 = CARTESIAN_POINT ( 'NONE',  ( -64.33735520092299964, 68.41912133313326194, -14.00000000000000000 ) ) ;
#2832 = EDGE_CURVE ( 'NONE', #827, #525, #3525, .T. ) ;
#2833 = VERTEX_POINT ( 'NONE', #4383 ) ;
#2834 = CARTESIAN_POINT ( 'NONE',  ( -50.03287401029559334, 45.85812873523628497, -58.65947983452474546 ) ) ;
#2835 = CARTESIAN_POINT ( 'NONE',  ( -66.70000000000000284, 43.00000000000000000, 1.858928959323079211E-13 ) ) ;
#2836 = EDGE_LOOP ( 'NONE', ( #5313, #1724, #943, #4451, #528, #2668, #4541, #1606, #3464, #4458, #5576, #4562, #5456, #64, #5558, #3279 ) ) ;
#2837 = CARTESIAN_POINT ( 'NONE',  ( 33.59408573979204959, 82.27582953118913167, -17.51734397829340750 ) ) ;
#2838 = CARTESIAN_POINT ( 'NONE',  ( 70.76314300612305885, 56.26540278045128929, -13.99999999998851230 ) ) ;
#2839 = CARTESIAN_POINT ( 'NONE',  ( 23.87564434701720728, 0.000000000000000000, 69.35382907247979745 ) ) ;
#2840 = EDGE_CURVE ( 'NONE', #2341, #3352, #4481, .T. ) ;
#2841 = ORIENTED_EDGE ( 'NONE', *, *, #1881, .T. ) ;
#2842 = DIRECTION ( 'NONE',  ( 0.1713586291309663612, 0.000000000000000000, -0.9852087191160845414 ) ) ;
#2843 = CARTESIAN_POINT ( 'NONE',  ( -50.03308624046297837, 46.02785684633894903, 58.65984742795541962 ) ) ;
#2844 = CARTESIAN_POINT ( 'NONE',  ( -64.74126540453494272, 63.45883282103292800, 16.46621447234988267 ) ) ;
#2845 = DIRECTION ( 'NONE',  ( 0.000000000000000000, 0.000000000000000000, 1.000000000000000000 ) ) ;
#2846 = CARTESIAN_POINT ( 'NONE',  ( 27.70692506285736556, 69.01500649859667647, 53.58308262136387157 ) ) ;
#2847 = CARTESIAN_POINT ( 'NONE',  ( -48.12435565298278561, 80.99999999999998579, 55.35382907247901585 ) ) ;
#2848 = CARTESIAN_POINT ( 'NONE',  ( 20.31146966003646526, 67.41458402617206502, 63.18049742757808929 ) ) ;
#2849 = CARTESIAN_POINT ( 'NONE',  ( 31.76622089375418057, 80.76210314298838000, -27.28319797636457977 ) ) ;
#2850 = CARTESIAN_POINT ( 'NONE',  ( 22.08666886387640105, 60.03922181405487635, -66.25523264224766251 ) ) ;
#2851 = CARTESIAN_POINT ( 'NONE',  ( 38.33428291160139878, 65.37143774608011881, -52.92322643642597768 ) ) ;
#2852 = CARTESIAN_POINT ( 'NONE',  ( 50.60467601006197924, 70.10238260225176532, -29.83642428135963698 ) ) ;
#2853 = DIRECTION ( 'NONE',  ( 0.9388950933499384810, -0.000000000000000000, 0.3442034335729530214 ) ) ;
#2854 = FACE_OUTER_BOUND ( 'NONE', #757, .T. ) ;
#2855 = LINE ( 'NONE', #245, #3522 ) ;
#2856 = VERTEX_POINT ( 'NONE', #4771 ) ;
#2857 = CARTESIAN_POINT ( 'NONE',  ( -50.51564886200377913, 48.61675045524525984, -54.80089632839450076 ) ) ;
#2858 = CARTESIAN_POINT ( 'NONE',  ( -80.88563583943054880, 61.00000000000000000, -14.06854345165234044 ) ) ;
#2859 = CARTESIAN_POINT ( 'NONE',  ( -62.11833194740520270, 66.45418853074275489, -13.99999999999270806 ) ) ;
#2860 = CARTESIAN_POINT ( 'NONE',  ( 0.000000000000000000, 49.00000000000000000, 0.000000000000000000 ) ) ;
#2861 = EDGE_CURVE ( 'NONE', #5508, #4364, #142, .T. ) ;
#2862 = VERTEX_POINT ( 'NONE', #5329 ) ;
#2863 = CARTESIAN_POINT ( 'NONE',  ( 31.65951161597273966, 82.17301288336557263, -21.32552592742032260 ) ) ;
#2864 = CARTESIAN_POINT ( 'NONE',  ( 68.91582954734199973, 63.37520769591046843, -14.00000000000000178 ) ) ;
#2865 = CARTESIAN_POINT ( 'NONE',  ( 0.000000000000000000, 0.000000000000000000, 0.000000000000000000 ) ) ;
#2866 = ORIENTED_EDGE ( 'NONE', *, *, #1919, .F. ) ;
#2867 = LINE ( 'NONE', #690, #3423 ) ;
#2868 = CARTESIAN_POINT ( 'NONE',  ( -67.01606875056147317, 61.76078178287569642, 14.00000000001659650 ) ) ;
#2869 = ADVANCED_FACE ( 'NONE', ( #238 ), #5449, .F. ) ;
#2870 = DIRECTION ( 'NONE',  ( 0.000000000000000000, 0.000000000000000000, 1.000000000000000000 ) ) ;
#2871 = CARTESIAN_POINT ( 'NONE',  ( 42.21591769867139732, 67.94542186853330179, 45.16222943542289414 ) ) ;
#2872 = LINE ( 'NONE', #3691, #4706 ) ;
#2873 = CARTESIAN_POINT ( 'NONE',  ( 16.19536830029352359, 66.83697915471573481, 61.05274856320504995 ) ) ;
#2874 = CARTESIAN_POINT ( 'NONE',  ( 33.05427089815183450, 79.58393345538588903, -29.99351308609247369 ) ) ;
#2875 = CARTESIAN_POINT ( 'NONE',  ( 16.57649413764548996, 66.22292686396978922, 61.70045532388742515 ) ) ;
#2876 = CARTESIAN_POINT ( 'NONE',  ( 47.79640213274318938, 76.78461359478507120, -15.49061754820402470 ) ) ;
#2877 = CARTESIAN_POINT ( 'NONE',  ( 19.74746494592204726, 68.39397752115090157, -62.20361260702177475 ) ) ;
#2878 = DIRECTION ( 'NONE',  ( -0.000000000000000000, -1.000000000000000000, 0.000000000000000000 ) ) ;
#2879 = VECTOR ( 'NONE', #557, 1000.000000000000000 ) ;
#2880 = CARTESIAN_POINT ( 'NONE',  ( 50.58175755642916727, 69.57471749416899343, -31.34988610121576613 ) ) ;
#2881 = CARTESIAN_POINT ( 'NONE',  ( -62.68051986072825343, 67.29654735507126873, -14.40063262748594219 ) ) ;
#2882 = ORIENTED_EDGE ( 'NONE', *, *, #4399, .T. ) ;
#2883 = CARTESIAN_POINT ( 'NONE',  ( 74.39065197852251288, 54.10447137732717238, 14.00000000000001599 ) ) ;
#2884 = FACE_OUTER_BOUND ( 'NONE', #338, .T. ) ;
#2885 = CIRCLE ( 'NONE', #1148, 1.499999999999983125 ) ;
#2886 = CARTESIAN_POINT ( 'NONE',  ( 19.28323741483868403, 69.15083099220495910, -61.39954693691313992 ) ) ;
#2887 = CARTESIAN_POINT ( 'NONE',  ( 20.16201555390735223, 68.75925333859643729, 62.92163532236271095 ) ) ;
#2888 = LINE ( 'NONE', #2923, #2990 ) ;
#2889 = CARTESIAN_POINT ( 'NONE',  ( 22.20114393954528964, 48.61675045524525984, -71.14828336734694858 ) ) ;
#2890 = VECTOR ( 'NONE', #883, 1000.000000000000000 ) ;
#2891 = CARTESIAN_POINT ( 'NONE',  ( 41.78572573259913980, 96.99999999999998579, -22.62500000000007461 ) ) ;
#2892 = AXIS2_PLACEMENT_3D ( 'NONE', #2929, #3178, #308 ) ;
#2893 = AXIS2_PLACEMENT_3D ( 'NONE', #5306, #4058, #4454 ) ;
#2894 = AXIS2_PLACEMENT_3D ( 'NONE', #361, #1353, #4406 ) ;
#2895 = CARTESIAN_POINT ( 'NONE',  ( 1.500000000000003553, 76.99140126247186799, -3.673940397442059375E-16 ) ) ;
#2896 = VERTEX_POINT ( 'NONE', #4471 ) ;
#2897 = CARTESIAN_POINT ( 'NONE',  ( 35.10628910596081909, 82.02411674159681354, -16.01568504159641648 ) ) ;
#2898 = B_SPLINE_CURVE_WITH_KNOTS ( 'NONE', 3,
 ( #380, #2967, #2109, #5476, #2942, #3815, #4679, #797, #764, #2501 ),
 .UNSPECIFIED., .F., .F.,
 ( 4, 2, 2, 2, 4 ),
 ( 0.000000000000000000, 0.0006174258119178728911, 0.001234851623835745782, 0.001852277435753618782, 0.002469703247671491565 ),
 .UNSPECIFIED. ) ;
#2899 = CARTESIAN_POINT ( 'NONE',  ( -71.54594170067129255, 53.31457523385761021, 16.37109445571439537 ) ) ;
#2900 = CARTESIAN_POINT ( 'NONE',  ( 75.02648211023509361, 46.22973997552809067, -14.09925208923611173 ) ) ;
#2901 = AXIS2_PLACEMENT_3D ( 'NONE', #3642, #548, #1873 ) ;
#2902 = ORIENTED_EDGE ( 'NONE', *, *, #2710, .T. ) ;
#2903 = CARTESIAN_POINT ( 'NONE',  ( -66.83987982525519556, 65.53555765175977399, 14.00000000000000178 ) ) ;
#2904 = VECTOR ( 'NONE', #2656, 1000.000000000000000 ) ;
#2905 = ORIENTED_EDGE ( 'NONE', *, *, #2202, .T. ) ;
#2906 = CARTESIAN_POINT ( 'NONE',  ( -60.73014323639767298, 67.21756541262422502, 15.90219810501409725 ) ) ;
#2907 = CARTESIAN_POINT ( 'NONE',  ( 75.81746117496031445, 46.02785684633894903, 14.00000000000000000 ) ) ;
#2908 = CARTESIAN_POINT ( 'NONE',  ( -37.50495531079272382, 71.31128151839124030, 53.40203895002016310 ) ) ;
#2909 = CARTESIAN_POINT ( 'NONE',  ( 19.09263111136830560, 61.45732291407668413, 65.96052081462822514 ) ) ;
#2910 = DIRECTION ( 'NONE',  ( -0.9388950933499433660, 0.000000000000000000, 0.3442034335729398098 ) ) ;
#2911 = EDGE_CURVE ( 'NONE', #4207, #1483, #4931, .T. ) ;
#2912 = CARTESIAN_POINT ( 'NONE',  ( 63.89636417147271175, 67.97021311775704078, -14.00000000000000000 ) ) ;
#2913 = CARTESIAN_POINT ( 'NONE',  ( 37.27909650625259985, 78.95082814488804956, -14.61893305124641174 ) ) ;
#2914 = CARTESIAN_POINT ( 'NONE',  ( -12.12435565298206086, 45.99999999999999289, -7.000000000000141220 ) ) ;
#2915 = CARTESIAN_POINT ( 'NONE',  ( -34.54017949479855787, 71.49146786206159732, -55.11375306547137143 ) ) ;
#2916 = DIRECTION ( 'NONE',  ( 4.474972159288442682E-17, 1.000000000000000000, 0.000000000000000000 ) ) ;
#2917 = CARTESIAN_POINT ( 'NONE',  ( 43.87312544204368692, 67.51982736465313906, 47.66431884264326868 ) ) ;
#2918 = CARTESIAN_POINT ( 'NONE',  ( 75.35567716728733956, 50.61866292743543738, 14.00000000000001599 ) ) ;
#2919 = EDGE_CURVE ( 'NONE', #1821, #5536, #1898, .T. ) ;
#2920 = ORIENTED_EDGE ( 'NONE', *, *, #2231, .T. ) ;
#2921 = B_SPLINE_CURVE_WITH_KNOTS ( 'NONE', 3,
 ( #5144, #2544, #1297, #3033, #2593, #4750, #1689, #4319, #2090, #3391 ),
 .UNSPECIFIED., .F., .F.,
 ( 4, 2, 2, 2, 4 ),
 ( 5.930217600097902558E-16, 0.007019715665749616182, 0.01403943133149863909, 0.02105914699724766373, 0.02807886266299668490 ),
 .UNSPECIFIED. ) ;
#2922 = CARTESIAN_POINT ( 'NONE',  ( 60.25403380104353346, 68.90896350641516221, -5.668644002564714235 ) ) ;
#2923 = CARTESIAN_POINT ( 'NONE',  ( 44.62435565298236639, 80.99999999999998579, -49.29165124598830516 ) ) ;
#2924 = CARTESIAN_POINT ( 'NONE',  ( -60.25778334587434415, 69.01529260138786981, -2.774591182591630734 ) ) ;
#2925 = CARTESIAN_POINT ( 'NONE',  ( -65.09822895896269301, 67.19961627838252127, -14.00000000000002309 ) ) ;
#2926 = CARTESIAN_POINT ( 'NONE',  ( -64.83395491921810105, 69.31868612655860318, 13.99999999999999822 ) ) ;
#2927 = ORIENTED_EDGE ( 'NONE', *, *, #744, .T. ) ;
#2928 = CARTESIAN_POINT ( 'NONE',  ( 28.83341966079532526, 79.90868622437920976, -23.04797753737358335 ) ) ;
#2929 = CARTESIAN_POINT ( 'NONE',  ( 0.000000000000000000, 48.61675045524525984, 0.000000000000000000 ) ) ;
#2930 = CARTESIAN_POINT ( 'NONE',  ( -60.21959683191574442, 67.94542186856229193, 13.97894245341015207 ) ) ;
#2931 = FACE_OUTER_BOUND ( 'NONE', #1283, .T. ) ;
#2932 = CARTESIAN_POINT ( 'NONE',  ( -47.14105016936954229, 61.97525265978689646, -53.65069401550182704 ) ) ;
#2933 = ORIENTED_EDGE ( 'NONE', *, *, #3694, .F. ) ;
#2934 = DIRECTION ( 'NONE',  ( -0.000000000000000000, -1.000000000000000000, -0.000000000000000000 ) ) ;
#2935 = EDGE_CURVE ( 'NONE', #5510, #3914, #2820, .T. ) ;
#2936 = CARTESIAN_POINT ( 'NONE',  ( -1.500000000000003553, 76.99140126247186799, -1.380511309040490282E-14 ) ) ;
#2937 = ORIENTED_EDGE ( 'NONE', *, *, #5001, .F. ) ;
#2938 = CARTESIAN_POINT ( 'NONE',  ( -50.03242244084360379, 47.11423984721405134, 58.65869769328862304 ) ) ;
#2939 = CARTESIAN_POINT ( 'NONE',  ( -16.19519211911013912, 66.83309344415616238, -61.05234784450079388 ) ) ;
#2940 = CARTESIAN_POINT ( 'NONE',  ( 32.70414823731853460, 79.86497920985915755, -29.43715652652398163 ) ) ;
#2941 = CARTESIAN_POINT ( 'NONE',  ( 42.12003960603804131, 77.43713763468906564, -13.59876311466116228 ) ) ;
#2942 = CARTESIAN_POINT ( 'NONE',  ( 44.46009469550958215, 68.93822299895371941, 49.00714292194730604 ) ) ;
#2943 = ADVANCED_FACE ( 'NONE', ( #669 ), #2105, .F. ) ;
#2944 = PLANE ( 'NONE',  #5227 ) ;
#2945 = CARTESIAN_POINT ( 'NONE',  ( 28.99113599100044425, 80.09253196127347962, -21.80963709751961943 ) ) ;
#2946 = ORIENTED_EDGE ( 'NONE', *, *, #815, .F. ) ;
#2947 = CARTESIAN_POINT ( 'NONE',  ( 75.73843383252176409, 48.24151529171869868, 14.00000000000002309 ) ) ;
#2948 = ORIENTED_EDGE ( 'NONE', *, *, #5268, .F. ) ;
#2949 = CARTESIAN_POINT ( 'NONE',  ( 12.12435565298206086, 80.99999999999998579, 7.000000000000141220 ) ) ;
#2950 = ADVANCED_FACE ( 'NONE', ( #4257 ), #3000, .F. ) ;
#2951 = CARTESIAN_POINT ( 'NONE',  ( 32.14481228806324253, 80.36785830362941851, -28.29903366542903598 ) ) ;
#2952 = CARTESIAN_POINT ( 'NONE',  ( 22.03138215252799625, 50.54137333704078827, -70.86819772924496874 ) ) ;
#2953 = DIRECTION ( 'NONE',  ( -1.000000000000000000, 0.000000000000000000, 0.000000000000000000 ) ) ;
#2954 = ORIENTED_EDGE ( 'NONE', *, *, #1688, .F. ) ;
#2955 = CARTESIAN_POINT ( 'NONE',  ( -46.58227042666425177, 63.37520769587719371, 52.68285911089408557 ) ) ;
#2956 = LINE ( 'NONE', #780, #3430 ) ;
#2957 = CARTESIAN_POINT ( 'NONE',  ( 48.12435565298162032, 60.99999999999999289, 55.35382907248002482 ) ) ;
#2958 = CARTESIAN_POINT ( 'NONE',  ( 73.30362731098578877, 47.53496170213772132, -15.25324598290693778 ) ) ;
#2959 = ORIENTED_EDGE ( 'NONE', *, *, #2718, .T. ) ;
#2960 = DIRECTION ( 'NONE',  ( -0.5000000000000039968, 0.000000000000000000, 0.8660254037844363761 ) ) ;
#2961 = CARTESIAN_POINT ( 'NONE',  ( -22.51006265091557523, 70.76547318467316927, -62.05934426366982137 ) ) ;
#2962 = VERTEX_POINT ( 'NONE', #2475 ) ;
#2963 = CARTESIAN_POINT ( 'NONE',  ( -28.25910189633995628, 45.99999999999999289, 77.08328716402976966 ) ) ;
#2964 = CARTESIAN_POINT ( 'NONE',  ( -39.68649356440180753, 68.38019243795180557, -46.64057446519180417 ) ) ;
#2965 = CARTESIAN_POINT ( 'NONE',  ( 31.28572573259913270, 81.68513390735827784, -24.12500000000006040 ) ) ;
#2966 = CARTESIAN_POINT ( 'NONE',  ( 41.19140811550497716, 77.98324959811330359, -11.43544352337356251 ) ) ;
#2967 = CARTESIAN_POINT ( 'NONE',  ( 44.22477873054380382, 68.25930828242513826, 48.59956371479449189 ) ) ;
#2968 = VERTEX_POINT ( 'NONE', #1170 ) ;
#2969 = CARTESIAN_POINT ( 'NONE',  ( 4.852638573011457339E-16, 96.99999999999998579, 0.000000000000000000 ) ) ;
#2970 = CARTESIAN_POINT ( 'NONE',  ( -20.31146966003690579, 67.41458402617206502, -63.18049742757796139 ) ) ;
#2971 = B_SPLINE_CURVE_WITH_KNOTS ( 'NONE', 3,
 ( #2232, #3518, #1354, #5237, #4839, #1310, #2633, #1381, #439, #5609 ),
 .UNSPECIFIED., .F., .F.,
 ( 4, 2, 2, 2, 4 ),
 ( 0.000000000000000000, 0.0006175157415189905371, 0.001235031483037981074, 0.001852547224556971503, 0.002470062966075962149 ),
 .UNSPECIFIED. ) ;
#2972 = CARTESIAN_POINT ( 'NONE',  ( 39.14819694006892803, 78.66404235938964007, -11.57898954907886768 ) ) ;
#2973 = ORIENTED_EDGE ( 'NONE', *, *, #1881, .F. ) ;
#2974 = EDGE_CURVE ( 'NONE', #3743, #4086, #266, .T. ) ;
#2975 = CARTESIAN_POINT ( 'NONE',  ( -25.55348293065981480, 50.61866292743543738, -72.25993074624720691 ) ) ;
#2976 = CARTESIAN_POINT ( 'NONE',  ( 60.25892115252625558, 69.04744775503793619, -2.863572514968627747 ) ) ;
#2977 = CARTESIAN_POINT ( 'NONE',  ( 34.43014302009824945, 78.59246587648064519, -31.62550570269433692 ) ) ;
#2978 = CARTESIAN_POINT ( 'NONE',  ( 17.68121478636491872, 64.29485628078593606, -63.57444099250317038 ) ) ;
#2979 = CARTESIAN_POINT ( 'NONE',  ( 20.25000000000000355, 85.56084588387216172, 2.479909768273391089E-15 ) ) ;
#2980 = EDGE_CURVE ( 'NONE', #5462, #2962, #5080, .T. ) ;
#2981 = CYLINDRICAL_SURFACE ( 'NONE', #2423, 10.50000000000000178 ) ;
#2982 = VECTOR ( 'NONE', #4450, 1000.000000000000000 ) ;
#2983 = ORIENTED_EDGE ( 'NONE', *, *, #3867, .F. ) ;
#2984 = CARTESIAN_POINT ( 'NONE',  ( -48.29471644351092152, 58.46542898071371752, 55.64890261729134124 ) ) ;
#2985 = LINE ( 'NONE', #5176, #3246 ) ;
#2986 = CARTESIAN_POINT ( 'NONE',  ( -70.79241559697685204, 55.08934122040997750, 16.38478488074728290 ) ) ;
#2987 = CARTESIAN_POINT ( 'NONE',  ( -72.00000000000000000, 0.000000000000000000, 14.00000000000000000 ) ) ;
#2988 = CARTESIAN_POINT ( 'NONE',  ( -45.72528493463595822, 65.17850407179143701, -51.19851669735354704 ) ) ;
#2989 = ORIENTED_EDGE ( 'NONE', *, *, #3466, .F. ) ;
#2990 = VECTOR ( 'NONE', #1933, 999.9999999999998863 ) ;
#2991 = VECTOR ( 'NONE', #500, 1000.000000000000114 ) ;
#2992 = CARTESIAN_POINT ( 'NONE',  ( 48.29471644351082205, 58.46542898070119776, 55.64890261729412657 ) ) ;
#2993 = CARTESIAN_POINT ( 'NONE',  ( -18.68648073971845491, 63.85709599279896764, -64.26689030936806546 ) ) ;
#2994 = ORIENTED_EDGE ( 'NONE', *, *, #4368, .T. ) ;
#2995 = CIRCLE ( 'NONE', #3706, 82.10000000000000853 ) ;
#2996 = CARTESIAN_POINT ( 'NONE',  ( 74.03349571804315588, 46.80642804332621409, 14.57066014246666263 ) ) ;
#2997 = DIRECTION ( 'NONE',  ( -0.000000000000000000, 1.000000000000000000, -0.000000000000000000 ) ) ;
#2998 = AXIS2_PLACEMENT_3D ( 'NONE', #3204, #1949, #4927 ) ;
#2999 = CARTESIAN_POINT ( 'NONE',  ( 41.11195259396563273, 77.79827613247441320, -13.61625896743106701 ) ) ;
#3000 = CYLINDRICAL_SURFACE ( 'NONE', #129, 66.70000000000000284 ) ;
#3001 = VERTEX_POINT ( 'NONE', #1679 ) ;
#3002 = DIRECTION ( 'NONE',  ( -0.000000000000000000, -1.000000000000000000, -0.000000000000000000 ) ) ;
#3003 = CARTESIAN_POINT ( 'NONE',  ( 29.25573244359312142, 80.23964795736493727, -20.57588131604836690 ) ) ;
#3004 = CARTESIAN_POINT ( 'NONE',  ( 64.74126540453494272, 63.45883282103292800, 16.46621447234986846 ) ) ;
#3005 = VECTOR ( 'NONE', #241, 1000.000000000000000 ) ;
#3006 = ORIENTED_EDGE ( 'NONE', *, *, #624, .F. ) ;
#3007 = EDGE_CURVE ( 'NONE', #4431, #1192, #5104, .T. ) ;
#3008 = DIRECTION ( 'NONE',  ( 8.949944318576885364E-17, 1.000000000000000000, 0.000000000000000000 ) ) ;
#3009 = CARTESIAN_POINT ( 'NONE',  ( 31.31710157795297178, 81.48699651356143647, -24.93611547190164757 ) ) ;
#3010 = CARTESIAN_POINT ( 'NONE',  ( 23.44211514412286235, 47.53496170213768579, -71.10942643231385318 ) ) ;
#3011 = ORIENTED_EDGE ( 'NONE', *, *, #5425, .T. ) ;
#3012 = CARTESIAN_POINT ( 'NONE',  ( -45.54429556560770465, 65.53555765176807313, 50.88503391456493574 ) ) ;
#3013 = CARTESIAN_POINT ( 'NONE',  ( 46.43197497068467783, 77.61423287982320574, -14.68703209617458150 ) ) ;
#3014 = CARTESIAN_POINT ( 'NONE',  ( 0.000000000000000000, 45.99999999999999289, 0.000000000000000000 ) ) ;
#3015 = EDGE_CURVE ( 'NONE', #5159, #5360, #5049, .T. ) ;
#3016 = CARTESIAN_POINT ( 'NONE',  ( 20.04307342792920821, 68.41608997342393650, -62.71562151700647547 ) ) ;
#3017 = EDGE_LOOP ( 'NONE', ( #3892, #1114, #5304, #5055 ) ) ;
#3018 = CARTESIAN_POINT ( 'NONE',  ( -34.88087531823688892, 65.66873067395896157, -54.91705224006246766 ) ) ;
#3019 = ORIENTED_EDGE ( 'NONE', *, *, #3736, .F. ) ;
#3020 = CARTESIAN_POINT ( 'NONE',  ( -73.60619843565858389, 55.96612926941604371, 14.00000000000000711 ) ) ;
#3021 = EDGE_CURVE ( 'NONE', #3291, #97, #695, .T. ) ;
#3022 = CARTESIAN_POINT ( 'NONE',  ( -48.57350829741133680, 57.41502476473657879, 56.13178427298318240 ) ) ;
#3023 = ORIENTED_EDGE ( 'NONE', *, *, #244, .T. ) ;
#3024 = B_SPLINE_CURVE_WITH_KNOTS ( 'NONE', 3,
 ( #2571, #2148, #835, #4697, #1723, #3369, #776, #5173, #4752, #3452, #336, #1298, #860, #4296, #809, #2594, #5147, #1273 ),
 .UNSPECIFIED., .F., .F.,
 ( 4, 2, 2, 2, 2, 2, 2, 2, 4 ),
 ( 6.938893903907228378E-18, 0.003241508590931759838, 0.006483017181863512737, 0.009724525772795266504, 0.01134528006826114946, 0.01296603436372703241, 0.01944905154559050872, 0.02269056013652223300, 0.02593206872745395380 ),
 .UNSPECIFIED. ) ;
#3025 = DIRECTION ( 'NONE',  ( -0.5000000000000101030, 0.000000000000000000, 0.8660254037844328234 ) ) ;
#3026 = ORIENTED_EDGE ( 'NONE', *, *, #445, .F. ) ;
#3027 = CARTESIAN_POINT ( 'NONE',  ( -42.74089066118858682, 67.16783077009999658, 46.02939418606715805 ) ) ;
#3028 = CARTESIAN_POINT ( 'NONE',  ( -44.08269499497492205, 67.18322181085424916, 44.83864343100891148 ) ) ;
#3029 = LINE ( 'NONE', #3845, #3712 ) ;
#3030 = ORIENTED_EDGE ( 'NONE', *, *, #3618, .T. ) ;
#3031 = CARTESIAN_POINT ( 'NONE',  ( 64.99999999999998579, 71.45628046718184123, 2.877440614613567149 ) ) ;
#3032 = CARTESIAN_POINT ( 'NONE',  ( -68.87546675248940176, 58.45755855706298831, -16.41545347049860837 ) ) ;
#3033 = CARTESIAN_POINT ( 'NONE',  ( -28.43331344622225743, 71.39677028386444135, 58.63955382252196813 ) ) ;
#3034 = CARTESIAN_POINT ( 'NONE',  ( 41.78572573259913980, 82.99999999999998579, -22.62500000000007461 ) ) ;
#3035 = ORIENTED_EDGE ( 'NONE', *, *, #4338, .T. ) ;
#3036 = CARTESIAN_POINT ( 'NONE',  ( -50.60202157907828990, 46.91607545010293734, 54.95828140410109341 ) ) ;
#3037 = CARTESIAN_POINT ( 'NONE',  ( 48.12435565298240192, 80.99999999999998579, -55.35382907247937112 ) ) ;
#3038 = CARTESIAN_POINT ( 'NONE',  ( 64.04942235729444633, 68.11553659766627788, 14.00000000000000000 ) ) ;
#3039 = CARTESIAN_POINT ( 'NONE',  ( -20.89304026414183824, 64.46462010842611789, 62.99293257407659041 ) ) ;
#3040 = EDGE_CURVE ( 'NONE', #3834, #2555, #854, .T. ) ;
#3041 = CARTESIAN_POINT ( 'NONE',  ( 46.43619266065282858, 63.85246432331177857, 47.48928928489888079 ) ) ;
#3042 = CARTESIAN_POINT ( 'NONE',  ( -32.60938711984100280, 69.04744775503891674, -50.75397026522438892 ) ) ;
#3043 = ORIENTED_EDGE ( 'NONE', *, *, #2107, .T. ) ;
#3044 = CARTESIAN_POINT ( 'NONE',  ( -65.67049891305357789, 66.68554913837694187, 13.99999999999999467 ) ) ;
#3045 = CARTESIAN_POINT ( 'NONE',  ( 73.51665191472520178, 47.27665630569284616, 15.00329897136871793 ) ) ;
#3046 = ORIENTED_EDGE ( 'NONE', *, *, #5415, .F. ) ;
#3047 = EDGE_CURVE ( 'NONE', #5372, #1674, #2898, .T. ) ;
#3048 = CARTESIAN_POINT ( 'NONE',  ( 46.09360695737305491, 64.39652032117643898, -51.83646915427978996 ) ) ;
#3049 = ORIENTED_EDGE ( 'NONE', *, *, #4128, .T. ) ;
#3050 = DIRECTION ( 'NONE',  ( -0.000000000000000000, -1.000000000000000000, -0.000000000000000000 ) ) ;
#3051 = CARTESIAN_POINT ( 'NONE',  ( -25.07097033626740057, 54.10447137733552125, 71.42419441746559983 ) ) ;
#3052 = CARTESIAN_POINT ( 'NONE',  ( 64.04942235729444633, 68.11553659766627788, 14.00000000000000000 ) ) ;
#3053 = CARTESIAN_POINT ( 'NONE',  ( -49.72355153875670908, 46.22973997552808356, -57.92521341942437374 ) ) ;
#3054 = CARTESIAN_POINT ( 'NONE',  ( 0.000000000000000000, 0.000000000000000000, 0.000000000000000000 ) ) ;
#3055 = EDGE_CURVE ( 'NONE', #4207, #537, #2137, .T. ) ;
#3056 = CARTESIAN_POINT ( 'NONE',  ( 24.86536622756268855, 46.48927249478076362, -71.66405969131788822 ) ) ;
#3057 = ORIENTED_EDGE ( 'NONE', *, *, #1156, .F. ) ;
#3058 = CARTESIAN_POINT ( 'NONE',  ( -23.87564434701866389, 0.000000000000000000, 69.35382907247930007 ) ) ;
#3059 = DIRECTION ( 'NONE',  ( -0.9852087191160844304, 0.000000000000000000, -0.1713586291309663334 ) ) ;
#3060 = CIRCLE ( 'NONE', #498, 2.000000000000002665 ) ;
#3061 = DIRECTION ( 'NONE',  ( 0.5000000000000101030, 0.000000000000000000, -0.8660254037844328234 ) ) ;
#3062 = CARTESIAN_POINT ( 'NONE',  ( -25.78437493449884954, 46.02785684633896324, 72.65984742795569673 ) ) ;
#3063 = CARTESIAN_POINT ( 'NONE',  ( 44.65336037525557344, 63.77279572264625784, 49.34188889862383576 ) ) ;
#3064 = B_SPLINE_CURVE_WITH_KNOTS ( 'NONE', 3,
 ( #2086, #4659, #3958, #390, #3515, #3543, #2144, #1686, #5235, #948 ),
 .UNSPECIFIED., .F., .F.,
 ( 4, 2, 2, 2, 4 ),
 ( 5.930039991318292298E-16, 0.007019715665749615315, 0.01403943133149863735, 0.02105914699724766026, 0.02807886266299668143 ),
 .UNSPECIFIED. ) ;
#3065 = CARTESIAN_POINT ( 'NONE',  ( -66.70000000000000284, 43.00000000000000000, -6.138673620866699857E-13 ) ) ;
#3066 = ORIENTED_EDGE ( 'NONE', *, *, #4578, .F. ) ;
#3067 = CARTESIAN_POINT ( 'NONE',  ( -20.36516013100260025, 69.92428822641960551, -63.27349205117287312 ) ) ;
#3068 = AXIS2_PLACEMENT_3D ( 'NONE', #1431, #590, #1373 ) ;
#3069 = ORIENTED_EDGE ( 'NONE', *, *, #3989, .T. ) ;
#3070 = DIRECTION ( 'NONE',  ( 0.000000000000000000, -1.000000000000000000, 0.000000000000000000 ) ) ;
#3071 = CIRCLE ( 'NONE', #2165, 2.000000000000001776 ) ;
#3072 = CARTESIAN_POINT ( 'NONE',  ( 49.42738892900706560, 53.47034647065110846, -57.61074891050697033 ) ) ;
#3073 = ORIENTED_EDGE ( 'NONE', *, *, #4898, .F. ) ;
#3074 = CARTESIAN_POINT ( 'NONE',  ( -75.73730886387731687, 48.19213390078297010, -13.99999999999999112 ) ) ;
#3075 = CARTESIAN_POINT ( 'NONE',  ( -21.08284758732175490, 65.95929522014517943, 64.51656318947063085 ) ) ;
#3076 = ADVANCED_FACE ( 'NONE', ( #5583 ), #5533, .T. ) ;
#3077 = CARTESIAN_POINT ( 'NONE',  ( -25.41726925143017368, 51.79954327710279216, -72.02400173313557730 ) ) ;
#3078 = FACE_BOUND ( 'NONE', #3539, .T. ) ;
#3079 = TOROIDAL_SURFACE ( 'NONE', #713, 77.50708379720883556, 3.000000000000000000 ) ;
#3080 = CARTESIAN_POINT ( 'NONE',  ( 36.67042509296675945, 74.58141211894823641, -35.19475337914104074 ) ) ;
#3081 = LINE ( 'NONE', #911, #4855 ) ;
#3082 = EDGE_CURVE ( 'NONE', #3170, #2805, #1967, .T. ) ;
#3083 = DIRECTION ( 'NONE',  ( 0.000000000000000000, 0.000000000000000000, -1.000000000000000000 ) ) ;
#3084 = ORIENTED_EDGE ( 'NONE', *, *, #419, .T. ) ;
#3085 = PLANE ( 'NONE',  #5509 ) ;
#3086 = DIRECTION ( 'NONE',  ( 6.217248937900876626E-15, 0.000000000000000000, -1.000000000000000000 ) ) ;
#3087 = CARTESIAN_POINT ( 'NONE',  ( 50.45392411361030582, 49.58324814417439796, 54.68848251784076808 ) ) ;
#3088 = B_SPLINE_CURVE_WITH_KNOTS ( 'NONE', 3,
 ( #2167, #2189, #5187, #1122, #218, #4122, #5067, #5463, #106, #1094, #1972, #2488 ),
 .UNSPECIFIED., .F., .F.,
 ( 4, 2, 2, 2, 2, 4 ),
 ( 0.000000000000000000, 0.008300315384362554755, 0.01245047307654382346, 0.01660063076872509563, 0.02490094615308765039, 0.03320126153745021208 ),
 .UNSPECIFIED. ) ;
#3089 = CARTESIAN_POINT ( 'NONE',  ( 41.94444910425643513, 72.25318834306310123, -35.95020239196325917 ) ) ;
#3090 = VERTEX_POINT ( 'NONE', #1407 ) ;
#3091 = CARTESIAN_POINT ( 'NONE',  ( 50.03658622506614506, 47.05105508795424640, -58.66590957911484594 ) ) ;
#3092 = ORIENTED_EDGE ( 'NONE', *, *, #5184, .F. ) ;
#3093 = CARTESIAN_POINT ( 'NONE',  ( 62.32614344338750811, 67.19864738945653926, -14.60095782778926754 ) ) ;
#3094 = CARTESIAN_POINT ( 'NONE',  ( -75.81746117496031445, 46.02785684633894903, -14.00000000000000000 ) ) ;
#3095 = CARTESIAN_POINT ( 'NONE',  ( 49.83937475237087966, 50.33153266396305270, -58.32432928857119236 ) ) ;
#3096 = CARTESIAN_POINT ( 'NONE',  ( -74.24301028549184878, 54.48109043193349521, -13.99999999999998579 ) ) ;
#3097 = CARTESIAN_POINT ( 'NONE',  ( -24.54747839861312286, 48.00576291638732584, 70.51747978409001405 ) ) ;
#3098 = CARTESIAN_POINT ( 'NONE',  ( 24.34059815825266071, 57.39959067741811083, 70.15915269671245369 ) ) ;
#3099 = B_SPLINE_CURVE_WITH_KNOTS ( 'NONE', 3,
 ( #5547, #3746, #688, #1669, #4670, #3374, #4212, #2038, #311, #3772, #5493, #5069, #2932, #783, #2988, #4643, #2067, #2520 ),
 .UNSPECIFIED., .F., .F.,
 ( 4, 2, 2, 2, 2, 2, 2, 2, 4 ),
 ( 6.283435673255384005E-17, 0.003241508590931778920, 0.006483017181863494523, 0.009724525772795209258, 0.01134528006826107140, 0.01296603436372693527, 0.01944905154559043933, 0.02269056013652219830, 0.02593206872745395034 ),
 .UNSPECIFIED. ) ;
#3100 = CARTESIAN_POINT ( 'NONE',  ( -18.49217935522623435, 67.16783077008351199, -60.02939418605727440 ) ) ;
#3101 = EDGE_CURVE ( 'NONE', #1034, #438, #2971, .T. ) ;
#3102 = CARTESIAN_POINT ( 'NONE',  ( 52.62653394309085542, 0.000000000000000000, 63.01474371237819838 ) ) ;
#3103 = CARTESIAN_POINT ( 'NONE',  ( 40.01731597553079212, 73.05818993245424053, -35.96800255540314595 ) ) ;
#3104 = CARTESIAN_POINT ( 'NONE',  ( 23.87564434701818783, 80.99999999999998579, -69.35382907247948481 ) ) ;
#3105 = ORIENTED_EDGE ( 'NONE', *, *, #3386, .F. ) ;
#3106 = EDGE_CURVE ( 'NONE', #2896, #21, #2615, .T. ) ;
#3107 = CARTESIAN_POINT ( 'NONE',  ( -72.96480554291514409, 48.06694853713078430, 15.78407630329771827 ) ) ;
#3108 = ORIENTED_EDGE ( 'NONE', *, *, #150, .F. ) ;
#3109 = DIRECTION ( 'NONE',  ( -0.000000000000000000, -1.000000000000000000, -0.000000000000000000 ) ) ;
#3110 = PLANE ( 'NONE',  #2414 ) ;
#3111 = LINE ( 'NONE', #3134, #1717 ) ;
#3112 = PLANE ( 'NONE',  #958 ) ;
#3113 = DIRECTION ( 'NONE',  ( -0.000000000000000000, 0.000000000000000000, 1.000000000000000000 ) ) ;
#3114 = ORIENTED_EDGE ( 'NONE', *, *, #2045, .F. ) ;
#3115 = CARTESIAN_POINT ( 'NONE',  ( -20.32404587889725889, 69.52068220640249763, -63.20228007761120637 ) ) ;
#3116 = ORIENTED_EDGE ( 'NONE', *, *, #5242, .T. ) ;
#3117 = ADVANCED_FACE ( 'NONE', ( #4788 ), #902, .T. ) ;
#3118 = CARTESIAN_POINT ( 'NONE',  ( 41.68963048087552181, 66.90368061121246512, -22.62500000000006395 ) ) ;
#3119 = DIRECTION ( 'NONE',  ( 0.000000000000000000, -0.000000000000000000, 1.000000000000000000 ) ) ;
#3120 = CARTESIAN_POINT ( 'NONE',  ( 33.62438699408483700, 80.04954286894410131, -14.01059413951520938 ) ) ;
#3121 = CARTESIAN_POINT ( 'NONE',  ( 47.77265669178925833, 60.24119735950316823, -54.74466860272367796 ) ) ;
#3122 = CARTESIAN_POINT ( 'NONE',  ( -67.93850260878130598, 64.39652032117643898, -14.00000000000000533 ) ) ;
#3123 = CARTESIAN_POINT ( 'NONE',  ( -18.11047266505483577, 63.45883282102902712, 64.30068774965506861 ) ) ;
#3124 = CARTESIAN_POINT ( 'NONE',  ( 44.39539769316105122, 67.42165079097325986, 43.88189024572442065 ) ) ;
#3125 = CARTESIAN_POINT ( 'NONE',  ( 62.15327599242843348, 67.16491451319373596, 14.71073604008700286 ) ) ;
#3126 = CARTESIAN_POINT ( 'NONE',  ( 41.55418524972427718, 74.48017832670942084, -34.64323194973729159 ) ) ;
#3127 = CARTESIAN_POINT ( 'NONE',  ( 50.03308624045943276, 46.02785684633902008, 58.65984742795780704 ) ) ;
#3128 = EDGE_CURVE ( 'NONE', #1775, #3409, #36, .T. ) ;
#3129 = ORIENTED_EDGE ( 'NONE', *, *, #3047, .F. ) ;
#3130 = CARTESIAN_POINT ( 'NONE',  ( 25.56266427239198435, 46.10331055350756913, -72.31831047643368038 ) ) ;
#3131 = VERTEX_POINT ( 'NONE', #951 ) ;
#3132 = CARTESIAN_POINT ( 'NONE',  ( 31.28572573259913270, 81.68513390735827784, -24.12500000000006040 ) ) ;
#3133 = DIRECTION ( 'NONE',  ( 0.000000000000000000, 1.000000000000000000, 0.000000000000000000 ) ) ;
#3134 = CARTESIAN_POINT ( 'NONE',  ( 72.00000000000000000, 60.99999999999999289, 14.00000000000000000 ) ) ;
#3135 = EDGE_CURVE ( 'NONE', #946, #4910, #1385, .T. ) ;
#3136 = CARTESIAN_POINT ( 'NONE',  ( -19.90035552566494204, 68.11553659766627788, -62.46842685913602367 ) ) ;
#3137 = CIRCLE ( 'NONE', #5039, 82.10000000000000853 ) ;
#3138 = ORIENTED_EDGE ( 'NONE', *, *, #3523, .F. ) ;
#3139 = CARTESIAN_POINT ( 'NONE',  ( 50.28809977248815954, 51.06858755565401964, -54.38699465583709980 ) ) ;
#3140 = EDGE_LOOP ( 'NONE', ( #1710, #85, #1311, #1332, #3287, #982, #2800 ) ) ;
#3141 = CARTESIAN_POINT ( 'NONE',  ( 60.20053056545826564, 67.42165079097325986, 16.50659709052887081 ) ) ;
#3142 = FACE_OUTER_BOUND ( 'NONE', #4868, .T. ) ;
#3143 = CARTESIAN_POINT ( 'NONE',  ( 34.82142713835122549, 79.47565445993667765, -16.25294553171407941 ) ) ;
#3144 = CARTESIAN_POINT ( 'NONE',  ( -60.25896109168537862, 69.04857540238330671, 2.777798611705712517 ) ) ;
#3145 = AXIS2_PLACEMENT_3D ( 'NONE', #4483, #2677, #126 ) ;
#3146 = DIRECTION ( 'NONE',  ( 0.000000000000000000, 1.000000000000000000, 0.000000000000000000 ) ) ;
#3147 = DIRECTION ( 'NONE',  ( -0.5000000000000101030, 0.000000000000000000, 0.8660254037844328234 ) ) ;
#3148 = CARTESIAN_POINT ( 'NONE',  ( 25.33833460651118230, 52.38165315073361228, 71.88728291765953315 ) ) ;
#3149 = CARTESIAN_POINT ( 'NONE',  ( 52.14811980828988425, 71.57566571543108580, -25.85529254435874691 ) ) ;
#3150 = VECTOR ( 'NONE', #1651, 999.9999999999998863 ) ;
#3151 = VECTOR ( 'NONE', #3462, 1000.000000000000000 ) ;
#3152 = CARTESIAN_POINT ( 'NONE',  ( 41.78572573259913270, -0.001999999999988122390, -24.12500000000006040 ) ) ;
#3153 = DIRECTION ( 'NONE',  ( 8.949944318576885364E-17, 1.000000000000000000, 0.000000000000000000 ) ) ;
#3154 = CARTESIAN_POINT ( 'NONE',  ( 35.27951431683958816, 75.26096159005743402, -34.56220792643735962 ) ) ;
#3155 = CARTESIAN_POINT ( 'NONE',  ( 64.04942235729440370, 68.11553659766630631, -14.00000000000000000 ) ) ;
#3156 = VECTOR ( 'NONE', #5043, 1000.000000000000000 ) ;
#3157 = CARTESIAN_POINT ( 'NONE',  ( -19.82382643275493450, 67.97021311775701236, 62.33587458195695774 ) ) ;
#3158 = ORIENTED_EDGE ( 'NONE', *, *, #2679, .F. ) ;
#3159 = VECTOR ( 'NONE', #3959, 1000.000000000000000 ) ;
#3160 = CARTESIAN_POINT ( 'NONE',  ( -74.03350063759212674, 46.80642417838992486, 14.57065670106311295 ) ) ;
#3161 = VERTEX_POINT ( 'NONE', #2686 ) ;
#3162 = LINE ( 'NONE', #1423, #1877 ) ;
#3163 = CARTESIAN_POINT ( 'NONE',  ( -75.82446114416394778, 47.05105508795745095, -14.00000000000001243 ) ) ;
#3164 = CIRCLE ( 'NONE', #2248, 1.499999999999987566 ) ;
#3165 = CARTESIAN_POINT ( 'NONE',  ( -47.50592715605226601, 56.26540278045811760, -54.28267949494402700 ) ) ;
#3166 = ORIENTED_EDGE ( 'NONE', *, *, #1205, .F. ) ;
#3167 = CARTESIAN_POINT ( 'NONE',  ( 44.32471371813039696, 67.36105576203949852, -44.06869553903213443 ) ) ;
#3168 = CARTESIAN_POINT ( 'NONE',  ( -50.03308624046297837, 46.02785684633894903, 58.65984742795541962 ) ) ;
#3169 = ADVANCED_FACE ( 'NONE', ( #4410 ), #3884, .F. ) ;
#3170 = VERTEX_POINT ( 'NONE', #2259 ) ;
#3171 = CARTESIAN_POINT ( 'NONE',  ( 70.32533638679591093, 56.03426478454696280, -16.39281690041649142 ) ) ;
#3172 = CARTESIAN_POINT ( 'NONE',  ( 44.03946415405406611, 64.94776857186761276, -48.27858945292106796 ) ) ;
#3173 = EDGE_LOOP ( 'NONE', ( #3387, #4126, #2149, #2587 ) ) ;
#3174 = CARTESIAN_POINT ( 'NONE',  ( 72.58857721167626664, 49.58324814417437665, 16.35013874407907863 ) ) ;
#3175 = UNCERTAINTY_MEASURE_WITH_UNIT (LENGTH_MEASURE( 1.000000000000000082E-05 ), #3475, 'distance_accuracy_value', 'NONE');
#3176 = CARTESIAN_POINT ( 'NONE',  ( 72.38935063020871041, 50.54137333704080959, -16.35436224005046313 ) ) ;
#3177 = EDGE_CURVE ( 'NONE', #3161, #1970, #5526, .T. ) ;
#3178 = DIRECTION ( 'NONE',  ( 0.000000000000000000, 1.000000000000000000, 0.000000000000000000 ) ) ;
#3179 = CARTESIAN_POINT ( 'NONE',  ( 50.03308624045943276, 46.02785684633902008, 58.65984742795780704 ) ) ;
#3180 = DIRECTION ( 'NONE',  ( 0.000000000000000000, -1.000000000000000000, 0.000000000000000000 ) ) ;
#3181 = LINE ( 'NONE', #1897, #1146 ) ;
#3182 = CARTESIAN_POINT ( 'NONE',  ( 46.21647353772043232, 64.29485628078596449, -47.09960167101222339 ) ) ;
#3183 = CARTESIAN_POINT ( 'NONE',  ( 46.14161095528941559, 71.13795477360143593, -33.69127576897819409 ) ) ;
#3184 = CARTESIAN_POINT ( 'NONE',  ( 18.03843840236966756, 67.85093932666332250, -59.24349180210527521 ) ) ;
#3185 = CARTESIAN_POINT ( 'NONE',  ( 1.005435022099977049E-14, 0.000000000000000000, 82.10000000000000853 ) ) ;
#3186 = DIRECTION ( 'NONE',  ( -0.3442034335729470262, 0.000000000000000000, -0.9388950933499407014 ) ) ;
#3187 = ORIENTED_EDGE ( 'NONE', *, *, #22, .T. ) ;
#3188 = DIRECTION ( 'NONE',  ( 0.4999999999999919509, 0.000000000000000000, 0.8660254037844432595 ) ) ;
#3189 = CARTESIAN_POINT ( 'NONE',  ( 72.60086162208641269, 51.72162299948805497, -13.99999999999739053 ) ) ;
#3190 = DIRECTION ( 'NONE',  ( -0.000000000000000000, -1.000000000000000000, -0.000000000000000000 ) ) ;
#3191 = CARTESIAN_POINT ( 'NONE',  ( -50.22083601860574475, 51.58051168082783988, -54.26483504254793644 ) ) ;
#3192 = CARTESIAN_POINT ( 'NONE',  ( 23.87564434701720728, 60.99999999999999289, 69.35382907247979745 ) ) ;
#3193 = CARTESIAN_POINT ( 'NONE',  ( 48.87488620458304922, 69.89474167655039594, -33.12785952119804733 ) ) ;
#3194 = VERTEX_POINT ( 'NONE', #409 ) ;
#3195 = CARTESIAN_POINT ( 'NONE',  ( 65.05800944454348667, 63.77279572263388019, -13.99999999999584332 ) ) ;
#3196 = DIRECTION ( 'NONE',  ( -0.000000000000000000, 0.000000000000000000, 1.000000000000000000 ) ) ;
#3197 = ORIENTED_EDGE ( 'NONE', *, *, #2224, .F. ) ;
#3198 = CARTESIAN_POINT ( 'NONE',  ( -2.693117830258380211E-16, 85.56084588387216172, 0.000000000000000000 ) ) ;
#3199 = EDGE_CURVE ( 'NONE', #2297, #817, #1759, .T. ) ;
#3200 = FILL_AREA_STYLE ('',( #4521 ) ) ;
#3201 = DIRECTION ( 'NONE',  ( -0.3442034335729591832, 0.000000000000000000, 0.9388950933499362606 ) ) ;
#3202 = CARTESIAN_POINT ( 'NONE',  ( 31.73823587689462400, 82.20327234273176487, -21.05468568660980466 ) ) ;
#3203 = CARTESIAN_POINT ( 'NONE',  ( 24.04553583805560990, 68.77445268784940424, 55.68712641609379688 ) ) ;
#3204 = CARTESIAN_POINT ( 'NONE',  ( -20.25000000000000355, 85.56084588387216172, 0.000000000000000000 ) ) ;
#3205 = CARTESIAN_POINT ( 'NONE',  ( 43.80787212014412546, 67.19864738945649663, 46.67554462799230919 ) ) ;
#3206 = EDGE_CURVE ( 'NONE', #4448, #685, #3088, .T. ) ;
#3207 = CARTESIAN_POINT ( 'NONE',  ( 25.74486126327598967, 48.24151529172286956, -72.59140774180514200 ) ) ;
#3208 = CARTESIAN_POINT ( 'NONE',  ( 37.16867677370719747, 65.48387241163263184, -53.59618945393480516 ) ) ;
#3209 = CARTESIAN_POINT ( 'NONE',  ( 22.89233886340570834, 61.97525265978688225, -67.65069401550164230 ) ) ;
#3210 = DIRECTION ( 'NONE',  ( -0.000000000000000000, -1.000000000000000000, -0.000000000000000000 ) ) ;
#3211 = CARTESIAN_POINT ( 'NONE',  ( 64.97860034181184119, 69.92061267400556801, -14.00000000000000000 ) ) ;
#3212 = DIRECTION ( 'NONE',  ( -0.000000000000000000, -1.000000000000000000, -0.000000000000000000 ) ) ;
#3213 = VERTEX_POINT ( 'NONE', #2035 ) ;
#3214 = B_SPLINE_CURVE_WITH_KNOTS ( 'NONE', 3,
 ( #710, #2445, #267, #2319, #1079, #3755, #3329, #5050, #2822, #2754, #143, #5354, #3209, #1047, #2784, #5133, #2170, #1290 ),
 .UNSPECIFIED., .F., .F.,
 ( 4, 2, 2, 2, 2, 2, 2, 2, 4 ),
 ( 0.000000000000000000, 0.003241508590931724710, 0.006483017181863449420, 0.009724525772795174564, 0.01134528006826104538, 0.01296603436372691619, 0.01944905154559043239, 0.02269056013652220524, 0.02593206872745397462 ),
 .UNSPECIFIED. ) ;
#3215 = CARTESIAN_POINT ( 'NONE',  ( -44.54133311259106165, 69.31868612655863160, -49.14785198785801867 ) ) ;
#3216 = ORIENTED_EDGE ( 'NONE', *, *, #5473, .T. ) ;
#3217 = CARTESIAN_POINT ( 'NONE',  ( 23.76508790758368761, 47.27665630569286037, 71.16893764501449482 ) ) ;
#3218 = CARTESIAN_POINT ( 'NONE',  ( 75.81703671462719285, 45.85812873523628497, -13.99999999999998757 ) ) ;
#3219 = EDGE_CURVE ( 'NONE', #5613, #4061, #290, .T. ) ;
#3220 = CARTESIAN_POINT ( 'NONE',  ( -72.88977574887108801, 45.87634716325730722, -16.34363780788266496 ) ) ;
#3221 = ORIENTED_EDGE ( 'NONE', *, *, #68, .T. ) ;
#3222 = CARTESIAN_POINT ( 'NONE',  ( 43.80787268920058608, 67.19864238473661544, -46.67551889433259049 ) ) ;
#3223 = CARTESIAN_POINT ( 'NONE',  ( 8.465450562766808523E-14, 60.99999999999988631, -14.00000000000000000 ) ) ;
#3224 = EDGE_LOOP ( 'NONE', ( #2539, #4251, #2417, #5524, #4240, #3512 ) ) ;
#3225 = CARTESIAN_POINT ( 'NONE',  ( 67.01606875056147317, 61.76078178287569642, -14.00000000001659650 ) ) ;
#3226 = CARTESIAN_POINT ( 'NONE',  ( -20.04307342792963809, 68.41608997342393650, 62.71562151700632626 ) ) ;
#3227 = CARTESIAN_POINT ( 'NONE',  ( 64.99999999999998579, 80.99999999999998579, 14.00000000000000000 ) ) ;
#3228 = ORIENTED_EDGE ( 'NONE', *, *, #1355, .T. ) ;
#3229 = CARTESIAN_POINT ( 'NONE',  ( -44.89634827088065094, 66.79099053449102996, -49.76275627947268987 ) ) ;
#3230 = CARTESIAN_POINT ( 'NONE',  ( 50.51564886200416993, 48.61675045524525984, -54.80089632839413127 ) ) ;
#3231 = CARTESIAN_POINT ( 'NONE',  ( 41.06782569585528364, 66.43966313832144976, -25.45483049808650478 ) ) ;
#3232 = CARTESIAN_POINT ( 'NONE',  ( -60.07291266399119678, 67.51887975670250341, 16.50756627583225011 ) ) ;
#3233 = DIRECTION ( 'NONE',  ( -0.000000000000000000, -1.000000000000000000, -0.000000000000000000 ) ) ;
#3234 = CARTESIAN_POINT ( 'NONE',  ( 15.63615224998721231, 67.38168135652028923, 60.48436881748136074 ) ) ;
#3235 = PLANE ( 'NONE',  #3708 ) ;
#3236 = CARTESIAN_POINT ( 'NONE',  ( -17.68121478636443911, 64.29485628078595028, -63.57444099250324143 ) ) ;
#3237 = CIRCLE ( 'NONE', #2781, 77.50708379720883556 ) ;
#3238 = CARTESIAN_POINT ( 'NONE',  ( 20.20330940819764010, 64.16889629971285558, -62.99315837605183077 ) ) ;
#3239 = AXIS2_PLACEMENT_3D ( 'NONE', #2027, #4509, #2454 ) ;
#3240 = CARTESIAN_POINT ( 'NONE',  ( 41.81015964158854104, 64.92052763316715414, -50.91642807076109989 ) ) ;
#3241 = EDGE_CURVE ( 'NONE', #2388, #1629, #2164, .T. ) ;
#3242 = CARTESIAN_POINT ( 'NONE',  ( 51.96793976772241308, 69.49646422167124626, -29.23525363306960756 ) ) ;
#3243 = CARTESIAN_POINT ( 'NONE',  ( -63.73413903232222566, 67.84252621657638826, -14.02174324697130814 ) ) ;
#3244 = CARTESIAN_POINT ( 'NONE',  ( -20.37564434701859284, 70.33830226810667341, 63.29165124598826253 ) ) ;
#3245 = CARTESIAN_POINT ( 'NONE',  ( 43.26402806673760182, 65.67718920032204721, -24.45483072346504017 ) ) ;
#3246 = VECTOR ( 'NONE', #2597, 1000.000000000000000 ) ;
#3247 = CARTESIAN_POINT ( 'NONE',  ( 64.99999999999991473, 69.72839117303327328, 17.20050517629264419 ) ) ;
#3248 = EDGE_CURVE ( 'NONE', #2862, #4549, #3372, .T. ) ;
#3249 = EDGE_LOOP ( 'NONE', ( #427, #625, #5393, #460, #2882, #91, #4863, #2654, #3030 ) ) ;
#3250 = VECTOR ( 'NONE', #5516, 1000.000000000000000 ) ;
#3251 = CARTESIAN_POINT ( 'NONE',  ( 22.35048501412354582, 48.47834918484086586, 71.12035744944435578 ) ) ;
#3252 = CARTESIAN_POINT ( 'NONE',  ( 75.73843383250509476, 48.24151529171036401, -13.99999999999999467 ) ) ;
#3253 = CARTESIAN_POINT ( 'NONE',  ( -64.99999999999998579, 70.33830226810667341, 14.00000000000000000 ) ) ;
#3254 = VECTOR ( 'NONE', #385, 1000.000000000000000 ) ;
#3255 = CARTESIAN_POINT ( 'NONE',  ( 28.25910189633836467, 61.00000000000000000, 77.08328716403035230 ) ) ;
#3256 = CARTESIAN_POINT ( 'NONE',  ( -66.70000000000037232, 62.56337044103960920, -133.4000000000001762 ) ) ;
#3257 = ORIENTED_EDGE ( 'NONE', *, *, #692, .F. ) ;
#3258 = CARTESIAN_POINT ( 'NONE',  ( 72.10514368832154730, 51.58051168082837279, -16.36010227012985041 ) ) ;
#3259 = CARTESIAN_POINT ( 'NONE',  ( 19.96340200533990483, 83.58148700043116719, -2.174755663393103207E-15 ) ) ;
#3260 = DIRECTION ( 'NONE',  ( 0.000000000000000000, 0.000000000000000000, -1.000000000000000000 ) ) ;
#3261 = VERTEX_POINT ( 'NONE', #2007 ) ;
#3262 = CARTESIAN_POINT ( 'NONE',  ( -72.24456889368883594, 51.06858755565657049, 16.35727458309411020 ) ) ;
#3263 = DIRECTION ( 'NONE',  ( 0.000000000000000000, 0.000000000000000000, -1.000000000000000000 ) ) ;
#3264 = CARTESIAN_POINT ( 'NONE',  ( -20.22153365615230314, 58.45755855706298121, 67.85563064041541281 ) ) ;
#3265 = CARTESIAN_POINT ( 'NONE',  ( 20.89947254007344313, 64.46641794762213351, 62.98921889744991631 ) ) ;
#3266 = LINE ( 'NONE', #1102, #4049 ) ;
#3267 = CARTESIAN_POINT ( 'NONE',  ( 17.28371873181942320, 65.00834819740384773, 62.90061292105035307 ) ) ;
#3268 = CARTESIAN_POINT ( 'NONE',  ( 0.000000000000000000, 48.61675045524525984, 0.000000000000000000 ) ) ;
#3269 = CARTESIAN_POINT ( 'NONE',  ( 20.96607231805484517, 56.03426478453730653, -69.09993629086291378 ) ) ;
#3270 = CARTESIAN_POINT ( 'NONE',  ( 44.95607078065378914, 70.32824487253299139, -49.10013542773292272 ) ) ;
#3271 = CARTESIAN_POINT ( 'NONE',  ( 52.28924217224736282, 71.84310319151038016, -24.77547682815672303 ) ) ;
#3272 = CARTESIAN_POINT ( 'NONE',  ( 53.26071178722145305, 70.61829152200940030, -22.80206823597352539 ) ) ;
#3273 = VERTEX_POINT ( 'NONE', #3717 ) ;
#3274 = CARTESIAN_POINT ( 'NONE',  ( 43.15335690348051401, 65.64855952321720167, -24.75000120379791113 ) ) ;
#3275 = B_SPLINE_CURVE_WITH_KNOTS ( 'NONE', 3,
 ( #5046, #2912, #4621, #3465, #900, #3514, #4354, #3093, #84, #3963, #3636, #1445, #4843, #3549, #2212, #140 ),
 .UNSPECIFIED., .F., .F.,
 ( 4, 2, 2, 2, 2, 2, 2, 4 ),
 ( 0.000000000000000000, 0.0006220389796314307676, 0.001244077959262861535, 0.001866116938894292303, 0.002488155918525705289, 0.003732233877788549477, 0.004354272857419971138, 0.004976311837051393232 ),
 .UNSPECIFIED. ) ;
#3276 = ORIENTED_EDGE ( 'NONE', *, *, #1741, .T. ) ;
#3277 = EDGE_CURVE ( 'NONE', #4290, #1977, #5315, .T. ) ;
#3278 = DIRECTION ( 'NONE',  ( -1.000000000000000000, 0.000000000000000000, 0.000000000000000000 ) ) ;
#3279 = ORIENTED_EDGE ( 'NONE', *, *, #337, .T. ) ;
#3280 = CARTESIAN_POINT ( 'NONE',  ( -49.62233721925061047, 46.58990982170605122, -57.18430820427094829 ) ) ;
#3281 = CARTESIAN_POINT ( 'NONE',  ( 52.26759456128593229, 72.25785222557335885, -23.49563187492405802 ) ) ;
#3282 = CARTESIAN_POINT ( 'NONE',  ( 0.000000000000000000, 46.00000000000000000, 0.000000000000000000 ) ) ;
#3283 =( BOUNDED_SURFACE ( )  B_SPLINE_SURFACE ( 3, 3, ( 
 ( #3286, #5431, #2032, #2895 ),
 ( #155, #3341, #1147, #4183 ),
 ( #4944, #3256, #251, #5461 ),
 ( #2835, #1576, #1060, #4516 ) ),
 .UNSPECIFIED., .F., .F., .F. ) 
 B_SPLINE_SURFACE_WITH_KNOTS ( ( 4, 4 ),
 ( 4, 4 ),
 ( 0.000000000000000000, 1.000000000000000000 ),
 ( 0.000000000000000000, 1.000000000000000000 ),
 .UNSPECIFIED. ) 
 GEOMETRIC_REPRESENTATION_ITEM ( )  RATIONAL_B_SPLINE_SURFACE ( (
 ( 1.000000000000000000, 0.3333333333333324822, 0.3333333333333324822, 1.000000000000000000),
 ( 0.8100090338589606143, 0.2700030112863195386, 0.2700030112863195386, 0.8100090338589606143),
 ( 0.8100090338589606143, 0.2700030112863195386, 0.2700030112863195386, 0.8100090338589606143),
 ( 1.000000000000000000, 0.3333333333333324822, 0.3333333333333324822, 1.000000000000000000) ) ) 
 REPRESENTATION_ITEM ( '' )  SURFACE ( )  );
#3284 = EDGE_CURVE ( 'NONE', #127, #3904, #4498, .T. ) ;
#3285 = B_SPLINE_CURVE_WITH_KNOTS ( 'NONE', 3,
 ( #5063, #3649, #2799, #1183, #5367, #2926, #4637, #1486, #619, #2364 ),
 .UNSPECIFIED., .F., .F.,
 ( 4, 2, 2, 2, 4 ),
 ( 0.000000000000000000, 0.0006174258119178734332, 0.001234851623835746866, 0.001852277435753620300, 0.002469703247671493733 ),
 .UNSPECIFIED. ) ;
#3286 = CARTESIAN_POINT ( 'NONE',  ( -1.500000000000003553, 76.99140126247186799, 4.180499908522675734E-15 ) ) ;
#3287 = ORIENTED_EDGE ( 'NONE', *, *, #5041, .F. ) ;
#3288 = CARTESIAN_POINT ( 'NONE',  ( 32.43492866021657051, 82.31840300510231145, -19.33523857989485961 ) ) ;
#3289 = CARTESIAN_POINT ( 'NONE',  ( 63.53246871185788791, 64.62690840038925444, -16.47825089123593756 ) ) ;
#3290 = DIRECTION ( 'NONE',  ( 0.4999999999999919509, 0.000000000000000000, 0.8660254037844432595 ) ) ;
#3291 = VERTEX_POINT ( 'NONE', #2517 ) ;
#3292 = CARTESIAN_POINT ( 'NONE',  ( -44.77554707645080612, 66.83697915472349393, -44.55197465328986794 ) ) ;
#3293 = CARTESIAN_POINT ( 'NONE',  ( -63.40701041272041749, 65.33113625350709697, 13.99999999999215561 ) ) ;
#3294 = CARTESIAN_POINT ( 'NONE',  ( -63.21507369283207822, 67.51982736465312485, 14.16308175491016108 ) ) ;
#3295 = CARTESIAN_POINT ( 'NONE',  ( 37.22213777683495550, 65.51688459715279578, 53.56532372942009346 ) ) ;
#3296 = CARTESIAN_POINT ( 'NONE',  ( -43.80787212014445231, 67.19864738945653926, -46.67554462799200365 ) ) ;
#3297 = CARTESIAN_POINT ( 'NONE',  ( 25.17867762304184609, 53.47034647065110846, 71.61074891050743929 ) ) ;
#3298 = CARTESIAN_POINT ( 'NONE',  ( 46.66555145386929837, 77.47320430515202361, -14.82192165795324712 ) ) ;
#3299 = CARTESIAN_POINT ( 'NONE',  ( 24.04600513753960556, 58.46542898068870642, -69.64890261728025678 ) ) ;
#3300 = EDGE_CURVE ( 'NONE', #3870, #2716, #5196, .T. ) ;
#3301 = CARTESIAN_POINT ( 'NONE',  ( 48.90842966887130672, 57.64672313975279394, -51.89662894927089809 ) ) ;
#3302 = CARTESIAN_POINT ( 'NONE',  ( 51.50513612454474099, 70.13154112512633276, -28.17037884296091477 ) ) ;
#3303 = CARTESIAN_POINT ( 'NONE',  ( 12.12435565298215856, 0.000000000000000000, -6.999999999999972466 ) ) ;
#3304 = CARTESIAN_POINT ( 'NONE',  ( 44.14906683162889323, 68.11553659766630631, 48.46842685913634341 ) ) ;
#3305 = CARTESIAN_POINT ( 'NONE',  ( 44.56021296330964532, 67.41452947052930256, 49.18055284854283116 ) ) ;
#3306 = CARTESIAN_POINT ( 'NONE',  ( -25.78437493449884954, 46.02785684633896324, 72.65984742795569673 ) ) ;
#3307 = EDGE_LOOP ( 'NONE', ( #5308, #1517, #2429, #831 ) ) ;
#3308 = CARTESIAN_POINT ( 'NONE',  ( 24.71189067379212645, 46.58991269261757395, 71.56635610030838279 ) ) ;
#3309 = CARTESIAN_POINT ( 'NONE',  ( -64.99999999999998579, 80.99999999999998579, -14.00000000000000000 ) ) ;
#3310 = CARTESIAN_POINT ( 'NONE',  ( 67.93850260878130598, 64.39652032117643898, 14.00000000000000533 ) ) ;
#3311 = ORIENTED_EDGE ( 'NONE', *, *, #5137, .F. ) ;
#3312 = CARTESIAN_POINT ( 'NONE',  ( 41.78572573259913980, 96.99999999999998579, -24.12500000000006040 ) ) ;
#3313 = CARTESIAN_POINT ( 'NONE',  ( 50.32306747399100288, 48.33918353723859695, 55.03993673183867230 ) ) ;
#3314 = LINE ( 'NONE', #2008, #3704 ) ;
#3315 = ADVANCED_FACE ( 'NONE', ( #3853 ), #1666, .F. ) ;
#3316 = CARTESIAN_POINT ( 'NONE',  ( 0.000000000000000000, 45.99999999999999289, -14.00000000000000000 ) ) ;
#3317 = CARTESIAN_POINT ( 'NONE',  ( 72.82751716945591625, 48.33918353723867511, -16.06108646291588471 ) ) ;
#3318 = VERTEX_POINT ( 'NONE', #1769 ) ;
#3319 = CARTESIAN_POINT ( 'NONE',  ( -75.08324980882187560, 51.79954327710280637, 13.99999999999999112 ) ) ;
#3320 = CARTESIAN_POINT ( 'NONE',  ( -63.89636417147271175, 67.97021311775704078, 14.00000000000000000 ) ) ;
#3321 = CARTESIAN_POINT ( 'NONE',  ( -21.20656785621890705, 55.08934122040998460, 69.50042274262109743 ) ) ;
#3322 = CARTESIAN_POINT ( 'NONE',  ( -12.12435565298224738, 60.99999999999988631, 6.999999999999813483 ) ) ;
#3323 = CARTESIAN_POINT ( 'NONE',  ( -23.17427348492219963, 64.91731202448396232, 61.67586195981775177 ) ) ;
#3324 = CARTESIAN_POINT ( 'NONE',  ( -18.72345348080428806, 62.25354003921476931, -65.33753323871304985 ) ) ;
#3325 = CARTESIAN_POINT ( 'NONE',  ( 19.36459197632371954, 60.80372878173845663, 66.41781701759546763 ) ) ;
#3326 = CARTESIAN_POINT ( 'NONE',  ( 43.92298551662575079, 76.94901114177795876, -11.73760673269545585 ) ) ;
#3327 = DIRECTION ( 'NONE',  ( 0.000000000000000000, 0.000000000000000000, -1.000000000000000000 ) ) ;
#3328 = CIRCLE ( 'NONE', #227, 74.53166453491230925 ) ;
#3329 = CARTESIAN_POINT ( 'NONE',  ( 24.99654058329019790, 54.48432739547293835, -71.29527830371529262 ) ) ;
#3330 = CARTESIAN_POINT ( 'NONE',  ( -60.32696670750911494, 67.36105576203944167, -16.35198032585724448 ) ) ;
#3331 = ORIENTED_EDGE ( 'NONE', *, *, #1123, .T. ) ;
#3332 = ORIENTED_EDGE ( 'NONE', *, *, #17, .T. ) ;
#3333 = CARTESIAN_POINT ( 'NONE',  ( -24.86536258667040045, 46.48927481284921726, -71.66405716540808157 ) ) ;
#3334 = CARTESIAN_POINT ( 'NONE',  ( 0.000000000000000000, 45.99999999999999289, 0.000000000000000000 ) ) ;
#3335 = CARTESIAN_POINT ( 'NONE',  ( 6.689608771732465826E-16, 96.99999999999998579, -1.499999999999982681 ) ) ;
#3336 = CIRCLE ( 'NONE', #2162, 74.53166453491230925 ) ;
#3337 = PLANE ( 'NONE',  #4500 ) ;
#3338 = EDGE_CURVE ( 'NONE', #2547, #1827, #3606, .T. ) ;
#3339 = B_SPLINE_CURVE_WITH_KNOTS ( 'NONE', 3,
 ( #3809, #1645, #5101, #789, #2527, #5125, #4711, #1253, #508, #2396, #721, #1121 ),
 .UNSPECIFIED., .F., .F.,
 ( 4, 2, 2, 2, 2, 4 ),
 ( 6.938893903907228378E-18, 0.008300315384362570367, 0.01245047307654384601, 0.01660063076872511992, 0.02490094615308766426, 0.03320126153745020514 ),
 .UNSPECIFIED. ) ;
#3340 = VECTOR ( 'NONE', #4223, 1000.000000000000000 ) ;
#3341 = CARTESIAN_POINT ( 'NONE',  ( -39.86902352336310429, 76.55144540547695442, -79.73804704672585331 ) ) ;
#3342 = EDGE_LOOP ( 'NONE', ( #3375, #1932, #2744, #2581, #914, #798 ) ) ;
#3343 = CARTESIAN_POINT ( 'NONE',  ( 32.41828750284278016, 79.68977407324396722, -19.33620253430487068 ) ) ;
#3344 = CARTESIAN_POINT ( 'NONE',  ( 49.68038972736068359, 46.30971102074853007, 57.73509366133819043 ) ) ;
#3345 = CARTESIAN_POINT ( 'NONE',  ( -64.99999999997980638, 65.66873067397916941, 2.749198011751390780 ) ) ;
#3346 = DIRECTION ( 'NONE',  ( -0.000000000000000000, -1.000000000000000000, -0.000000000000000000 ) ) ;
#3347 = VECTOR ( 'NONE', #714, 1000.000000000000000 ) ;
#3348 = ORIENTED_EDGE ( 'NONE', *, *, #1447, .F. ) ;
#3349 = EDGE_CURVE ( 'NONE', #2039, #3170, #2985, .T. ) ;
#3350 = CARTESIAN_POINT ( 'NONE',  ( -1.500000000000031086, 76.99140126247186799, 3.000000000000021316 ) ) ;
#3351 = CIRCLE ( 'NONE', #509, 77.50708379720883556 ) ;
#3352 = VERTEX_POINT ( 'NONE', #4344 ) ;
#3353 = CARTESIAN_POINT ( 'NONE',  ( -20.37564434701859284, 70.33830226810667341, 63.29165124598826253 ) ) ;
#3354 = CARTESIAN_POINT ( 'NONE',  ( -49.42738892900744219, 53.47034647065110136, 57.61074891050662217 ) ) ;
#3355 = CARTESIAN_POINT ( 'NONE',  ( 15.74048458246903692, 67.51887975670250341, 60.27845158425655114 ) ) ;
#3356 = CARTESIAN_POINT ( 'NONE',  ( 35.25160532788436996, 78.04613033289217583, -32.36918163664888226 ) ) ;
#3357 = EDGE_CURVE ( 'NONE', #5360, #3870, #5545, .T. ) ;
#3358 = CARTESIAN_POINT ( 'NONE',  ( 46.01455010535454448, 75.79414944858807246, -14.48050801831618983 ) ) ;
#3359 = CARTESIAN_POINT ( 'NONE',  ( -25.78437493449884954, 46.02785684633896324, 72.65984742795569673 ) ) ;
#3360 = DIRECTION ( 'NONE',  ( -0.1713586291309669440, 0.000000000000000000, 0.9852087191160844304 ) ) ;
#3361 = CARTESIAN_POINT ( 'NONE',  ( 34.59667597584864041, 79.86292948912529255, -13.30504870601057199 ) ) ;
#3362 = EDGE_LOOP ( 'NONE', ( #642, #298, #1083, #4400 ) ) ;
#3363 = CARTESIAN_POINT ( 'NONE',  ( 72.89627863382524708, 46.91607545010171521, 16.34349546827667155 ) ) ;
#3364 = ORIENTED_EDGE ( 'NONE', *, *, #4660, .F. ) ;
#3365 = CARTESIAN_POINT ( 'NONE',  ( -22.20114393954478516, 48.61675045524525984, -71.14828336734709069 ) ) ;
#3366 = CARTESIAN_POINT ( 'NONE',  ( 29.08220533150091924, 79.19034357934079082, -26.33864329639978408 ) ) ;
#3367 = CARTESIAN_POINT ( 'NONE',  ( 52.25859997505607879, 72.30170309110776827, -23.37074201914607485 ) ) ;
#3368 = CARTESIAN_POINT ( 'NONE',  ( -20.37564434701770466, 70.33830226810675867, -63.29165124598855385 ) ) ;
#3369 = CARTESIAN_POINT ( 'NONE',  ( -25.17820581791814760, 53.47322573449751104, 71.60993172005885299 ) ) ;
#3370 = ORIENTED_EDGE ( 'NONE', *, *, #543, .F. ) ;
#3371 = CARTESIAN_POINT ( 'NONE',  ( -48.79618970459996774, 48.00576291640255278, 56.51747978411855655 ) ) ;
#3372 = LINE ( 'NONE', #3602, #1786 ) ;
#3373 = DIRECTION ( 'NONE',  ( -3.552713678800500929E-15, 0.000000000000000000, -1.000000000000000000 ) ) ;
#3374 = CARTESIAN_POINT ( 'NONE',  ( -49.42691712388145930, 53.47322573449758920, -57.60993172005927221 ) ) ;
#3375 = ORIENTED_EDGE ( 'NONE', *, *, #1397, .T. ) ;
#3376 = CARTESIAN_POINT ( 'NONE',  ( -17.60392555940466863, 69.72839117303325907, -64.89190383413485108 ) ) ;
#3377 = ORIENTED_EDGE ( 'NONE', *, *, #2254, .T. ) ;
#3378 = CARTESIAN_POINT ( 'NONE',  ( 18.86894624439369395, 67.29654735507128294, 61.48323883554883906 ) ) ;
#3379 = CARTESIAN_POINT ( 'NONE',  ( 75.02647950168616831, 46.22974096026084112, 14.09925275311580251 ) ) ;
#3380 = CARTESIAN_POINT ( 'NONE',  ( -60.22074172699917938, 67.97720696297915310, -13.78782687339720958 ) ) ;
#3381 = ADVANCED_FACE ( 'NONE', ( #1301 ), #4324, .T. ) ;
#3382 = CARTESIAN_POINT ( 'NONE',  ( 42.38200049010731618, 77.55018873273209579, -11.49847939372074279 ) ) ;
#3383 = CARTESIAN_POINT ( 'NONE',  ( -22.96895832670076487, 47.93259350557821108, 71.08086712438250743 ) ) ;
#3384 = CARTESIAN_POINT ( 'NONE',  ( -44.32471371813056038, 67.36105576203959799, 44.06869553903179337 ) ) ;
#3385 = DIRECTION ( 'NONE',  ( 0.3442034335729397543, 0.000000000000000000, 0.9388950933499432550 ) ) ;
#3386 = EDGE_CURVE ( 'NONE', #2492, #4431, #396, .T. ) ;
#3387 = ORIENTED_EDGE ( 'NONE', *, *, #4904, .F. ) ;
#3388 = CARTESIAN_POINT ( 'NONE',  ( 75.19910997705312639, 51.39998651261345941, -14.00000000000002487 ) ) ;
#3389 = CARTESIAN_POINT ( 'NONE',  ( 30.00118989155860660, 78.34763305065443717, -29.00740617835593227 ) ) ;
#3390 = CARTESIAN_POINT ( 'NONE',  ( 19.82382643275450818, 67.97021311775705499, -62.33587458195713538 ) ) ;
#3391 = CARTESIAN_POINT ( 'NONE',  ( -44.62435565298271456, 70.33830226810675867, 49.29165124598798542 ) ) ;
#3392 = CARTESIAN_POINT ( 'NONE',  ( 22.81299171753001787, 48.06694853713069193, -71.08141333400490680 ) ) ;
#3393 = ORIENTED_EDGE ( 'NONE', *, *, #986, .F. ) ;
#3394 = CARTESIAN_POINT ( 'NONE',  ( -48.58930946421467212, 57.39959067741812504, 56.15915269670536247 ) ) ;
#3395 = EDGE_CURVE ( 'NONE', #1287, #1260, #2956, .T. ) ;
#3396 = CARTESIAN_POINT ( 'NONE',  ( -49.63530969230780698, 46.80642804332624962, 56.82955795155797318 ) ) ;
#3397 = CARTESIAN_POINT ( 'NONE',  ( -69.39801387527921861, 57.64672313975280105, 16.40762807781134569 ) ) ;
#3398 = DIRECTION ( 'NONE',  ( 0.000000000000000000, -1.000000000000000000, -0.000000000000000000 ) ) ;
#3399 = CARTESIAN_POINT ( 'NONE',  ( 87.00000000000000000, 46.00000000000000000, 0.000000000000000000 ) ) ;
#3400 = ORIENTED_EDGE ( 'NONE', *, *, #5009, .F. ) ;
#3401 = CARTESIAN_POINT ( 'NONE',  ( -25.99174343502728135, 46.00000000000000000, 73.01902020676028826 ) ) ;
#3402 = CARTESIAN_POINT ( 'NONE',  ( 44.77554707645338539, 66.83697915472025386, 44.55197465329305828 ) ) ;
#3403 = CARTESIAN_POINT ( 'NONE',  ( -66.70000000000123919, 42.99999999999999289, 133.4000000000006594 ) ) ;
#3404 = ORIENTED_EDGE ( 'NONE', *, *, #4025, .F. ) ;
#3405 = CARTESIAN_POINT ( 'NONE',  ( -72.63926948857651666, 57.89736674009616024, 13.99999999999998757 ) ) ;
#3406 = CARTESIAN_POINT ( 'NONE',  ( 74.84024952361242811, 46.30971242683364153, 14.15693377857586377 ) ) ;
#3407 = CARTESIAN_POINT ( 'NONE',  ( 46.31986487329894686, 75.64589108551594165, -14.62057094417272829 ) ) ;
#3408 = CARTESIAN_POINT ( 'NONE',  ( -24.24046659113775348, 46.92052225583266534, 71.33294982009054763 ) ) ;
#3409 = VERTEX_POINT ( 'NONE', #4754 ) ;
#3410 = CARTESIAN_POINT ( 'NONE',  ( -44.33242808152212433, 67.51887975670250341, 43.77088530842363667 ) ) ;
#3411 = CARTESIAN_POINT ( 'NONE',  ( -28.12142052291080674, 0.000000000000000000, 76.70772912668978449 ) ) ;
#3412 = CARTESIAN_POINT ( 'NONE',  ( 42.71259775365942346, 77.42459153384805859, -11.53698388413794795 ) ) ;
#3413 = CARTESIAN_POINT ( 'NONE',  ( 65.54398523580105973, 66.79099053448685197, 14.00000000000002309 ) ) ;
#3414 = ORIENTED_EDGE ( 'NONE', *, *, #412, .T. ) ;
#3415 = CARTESIAN_POINT ( 'NONE',  ( 41.40361987083129236, 67.02116710527499777, -22.67124681323160829 ) ) ;
#3416 = EDGE_CURVE ( 'NONE', #2093, #1223, #1661, .T. ) ;
#3417 = CARTESIAN_POINT ( 'NONE',  ( 41.78572573259913980, 82.99999999999998579, -24.12500000000006040 ) ) ;
#3418 = CARTESIAN_POINT ( 'NONE',  ( 29.41141384388227564, 78.84903811590021405, -27.50502620269657683 ) ) ;
#3419 = DIRECTION ( 'NONE',  ( -1.224646799147353207E-16, 5.480260331146110693E-33, 1.000000000000000000 ) ) ;
#3420 = COLOUR_RGB ( '',0.7921568627450980005, 0.8196078431372548767, 0.9333333333333333481 ) ;
#3421 = EDGE_CURVE ( 'NONE', #3917, #1287, #2074, .T. ) ;
#3422 = DIRECTION ( 'NONE',  ( 8.949944318576885364E-17, 1.000000000000000000, 0.000000000000000000 ) ) ;
#3423 = VECTOR ( 'NONE', #2934, 1000.000000000000000 ) ;
#3424 = ORIENTED_EDGE ( 'NONE', *, *, #850, .F. ) ;
#3425 = CARTESIAN_POINT ( 'NONE',  ( -49.99210123752290968, 53.09967776847774701, 53.84997973059995502 ) ) ;
#3426 = CARTESIAN_POINT ( 'NONE',  ( -50.07336245451509882, 47.93260228642052567, 55.43212596169075823 ) ) ;
#3427 = CARTESIAN_POINT ( 'NONE',  ( 44.39539769316105122, 67.42165079097325986, 43.88189024572442065 ) ) ;
#3428 = FACE_OUTER_BOUND ( 'NONE', #3224, .T. ) ;
#3429 = ORIENTED_EDGE ( 'NONE', *, *, #4276, .F. ) ;
#3430 = VECTOR ( 'NONE', #1276, 1000.000000000000114 ) ;
#3431 = AXIS2_PLACEMENT_3D ( 'NONE', #3014, #839, #3373 ) ;
#3432 = CARTESIAN_POINT ( 'NONE',  ( 45.63239002825520885, 61.76078178282370601, 51.03761799975013247 ) ) ;
#3433 = CARTESIAN_POINT ( 'NONE',  ( 29.99531108250677036, 78.35218261058847133, -28.99485598968122346 ) ) ;
#3434 = ORIENTED_EDGE ( 'NONE', *, *, #5415, .T. ) ;
#3435 = CARTESIAN_POINT ( 'NONE',  ( 16.00225298937832008, 67.36105576203951273, 60.42067586488962405 ) ) ;
#3436 = AXIS2_PLACEMENT_3D ( 'NONE', #491, #2216, #1279 ) ;
#3437 = PRODUCT_DEFINITION_FORMATION_WITH_SPECIFIED_SOURCE ( 'ANY', '', #4037, .NOT_KNOWN. ) ;
#3438 = DIRECTION ( 'NONE',  ( 0.6410052855431391805, 0.000000000000000000, -0.7675364642189702602 ) ) ;
#3439 = CARTESIAN_POINT ( 'NONE',  ( 40.46670968795703516, 75.04279106655440046, -34.54670292741715087 ) ) ;
#3440 = ORIENTED_EDGE ( 'NONE', *, *, #387, .T. ) ;
#3441 = CARTESIAN_POINT ( 'NONE',  ( 23.87564434701818783, 0.000000000000000000, -69.35382907247948481 ) ) ;
#3442 = VERTEX_POINT ( 'NONE', #94 ) ;
#3443 = LINE ( 'NONE', #3411, #2790 ) ;
#3444 = CARTESIAN_POINT ( 'NONE',  ( 41.12999383681815857, 78.00479187935984271, -11.43535639374072055 ) ) ;
#3445 = CARTESIAN_POINT ( 'NONE',  ( 67.01606875057805723, 61.76078178285909104, 14.00000000001864819 ) ) ;
#3446 = AXIS2_PLACEMENT_3D ( 'NONE', #2509, #1144, #3763 ) ;
#3447 = ORIENTED_EDGE ( 'NONE', *, *, #815, .T. ) ;
#3448 = CARTESIAN_POINT ( 'NONE',  ( 65.00000000000000000, 71.49049528587673308, -2.946308645633887391 ) ) ;
#3449 = CARTESIAN_POINT ( 'NONE',  ( 32.37692256868294294, 77.76911082126270003, -28.88846010879845494 ) ) ;
#3450 = DIRECTION ( 'NONE',  ( -0.000000000000000000, -1.000000000000000000, -0.000000000000000000 ) ) ;
#3451 = EDGE_CURVE ( 'NONE', #3461, #3804, #1180, .T. ) ;
#3452 = CARTESIAN_POINT ( 'NONE',  ( -24.32368674301884326, 57.41926555727935266, 70.12986126629651551 ) ) ;
#3453 = VERTEX_POINT ( 'NONE', #5278 ) ;
#3454 = CARTESIAN_POINT ( 'NONE',  ( -50.03658622505205500, 47.05105508795760727, 58.66590957908934456 ) ) ;
#3455 = DIRECTION ( 'NONE',  ( -0.5000000000000101030, 1.387778780781446464E-15, 0.8660254037844328234 ) ) ;
#3456 = CARTESIAN_POINT ( 'NONE',  ( 44.22478495289236378, 68.25932009823513624, -48.59957449221657555 ) ) ;
#3457 = CARTESIAN_POINT ( 'NONE',  ( -44.10052745979711375, 64.46641794747688436, 49.59408359434677749 ) ) ;
#3458 = EDGE_CURVE ( 'NONE', #4302, #127, #4295, .T. ) ;
#3459 = CARTESIAN_POINT ( 'NONE',  ( 44.45202071417391920, 64.16889629969989528, 48.99315837604230239 ) ) ;
#3460 = CARTESIAN_POINT ( 'NONE',  ( -30.17366407443806509, 65.63336495316477226, -57.63476191879995980 ) ) ;
#3461 = VERTEX_POINT ( 'NONE', #2761 ) ;
#3462 = DIRECTION ( 'NONE',  ( -0.000000000000000000, -1.000000000000000000, -0.000000000000000000 ) ) ;
#3463 = CARTESIAN_POINT ( 'NONE',  ( 73.89637485823485008, 46.92052664020027919, 14.67361902691297004 ) ) ;
#3464 = ORIENTED_EDGE ( 'NONE', *, *, #1605, .T. ) ;
#3465 = CARTESIAN_POINT ( 'NONE',  ( 63.39408826244062567, 67.61735050355588328, -14.10282592426329096 ) ) ;
#3466 = EDGE_CURVE ( 'NONE', #4549, #742, #3162, .T. ) ;
#3467 = CARTESIAN_POINT ( 'NONE',  ( 48.12435565298162032, 0.000000000000000000, 55.35382907248002482 ) ) ;
#3468 = ORIENTED_EDGE ( 'NONE', *, *, #4201, .F. ) ;
#3469 = ADVANCED_FACE ( 'NONE', ( #938 ), #4853, .T. ) ;
#3470 = CARTESIAN_POINT ( 'NONE',  ( 52.28572573259913980, 72.05034558377231235, -24.12499999999817746 ) ) ;
#3471 = CARTESIAN_POINT ( 'NONE',  ( 64.04942235729440370, 68.11553659766630631, -14.00000000000000000 ) ) ;
#3472 = CARTESIAN_POINT ( 'NONE',  ( -25.61026215520310956, 50.02349546675423397, -72.35827524797048227 ) ) ;
#3473 = CARTESIAN_POINT ( 'NONE',  ( 63.39407949067325632, 67.61734521269784182, 14.10282844842586059 ) ) ;
#3474 = CARTESIAN_POINT ( 'NONE',  ( 31.98607252601680884, 78.09784467742248637, -27.97518666410056198 ) ) ;
#3475 =( LENGTH_UNIT ( ) NAMED_UNIT ( * ) SI_UNIT ( .MILLI., .METRE. ) );
#3476 = B_SPLINE_CURVE_WITH_KNOTS ( 'NONE', 3,
 ( #1510, #275, #4998, #2028, #3762, #646, #4116, #5483, #3709, #3280, #745, #3849, #3053, #2569, #420, #4772 ),
 .UNSPECIFIED., .F., .F.,
 ( 4, 2, 2, 2, 2, 2, 2, 4 ),
 ( -1.074445212797931989E-05, 0.0006067862582656721954, 0.001224316968659323575, 0.002459378389446641080, 0.003076909099840299290, 0.003694439810233957934, 0.004311970520627616578, 0.004929501231021275222 ),
 .UNSPECIFIED. ) ;
#3477 = CARTESIAN_POINT ( 'NONE',  ( 24.24046659113729874, 46.92052225583269376, -71.33294982009070395 ) ) ;
#3478 = ORIENTED_EDGE ( 'NONE', *, *, #1271, .T. ) ;
#3479 = CARTESIAN_POINT ( 'NONE',  ( 52.23412933271944780, 72.42100361469189806, -23.03096707963032941 ) ) ;
#3480 = FACE_OUTER_BOUND ( 'NONE', #3017, .T. ) ;
#3481 = CARTESIAN_POINT ( 'NONE',  ( 50.10630073282576546, 52.40596060623924757, 54.05696491306543550 ) ) ;
#3482 = CARTESIAN_POINT ( 'NONE',  ( -25.85271985048767007, 46.00941022204251851, 72.77822429488733746 ) ) ;
#3483 = CARTESIAN_POINT ( 'NONE',  ( 43.18352162671040162, 66.45418853074092169, 46.79605350718022549 ) ) ;
#3484 = PLANE ( 'NONE',  #4860 ) ;
#3485 = ADVANCED_FACE ( 'NONE', ( #3585 ), #1369, .F. ) ;
#3486 = EDGE_LOOP ( 'NONE', ( #4805, #2129, #1549, #3981, #929, #869 ) ) ;
#3487 = CARTESIAN_POINT ( 'NONE',  ( -64.87171462065589367, 67.41452947052930256, 14.00000000000000178 ) ) ;
#3488 = CARTESIAN_POINT ( 'NONE',  ( 49.80219423662259004, 50.61866292743965801, -58.25993074624348367 ) ) ;
#3489 = ORIENTED_EDGE ( 'NONE', *, *, #1424, .F. ) ;
#3490 = B_SPLINE_CURVE_WITH_KNOTS ( 'NONE', 3,
 ( #5238, #540, #24, #4336, #2260, #2287, #441, #2658, #4016, #52, #5189, #3, #1782, #1356, #2234, #3494 ),
 .UNSPECIFIED., .F., .F.,
 ( 4, 2, 2, 2, 2, 2, 2, 4 ),
 ( 0.000000000000000000, 0.0006165529096402102985, 0.001233105819280420597, 0.001849658728920630570, 0.002466211638560841194, 0.003699317457841301907, 0.004315870367481542888, 0.004932423277121783869 ),
 .UNSPECIFIED. ) ;
#3491 = ADVANCED_FACE ( 'NONE', ( #5305 ), #3085, .F. ) ;
#3492 = CARTESIAN_POINT ( 'NONE',  ( 48.57350829741097442, 57.41502476473657879, -56.13178427298353057 ) ) ;
#3493 = EDGE_LOOP ( 'NONE', ( #252, #2301, #2190, #2, #559, #1823, #3923 ) ) ;
#3494 = CARTESIAN_POINT ( 'NONE',  ( -72.71679280154886271, 48.61675045524525984, -16.34738703895267875 ) ) ;
#3495 = CARTESIAN_POINT ( 'NONE',  ( -23.93083586122867956, 53.27527253398800156, 69.44942357924676912 ) ) ;
#3496 = CARTESIAN_POINT ( 'NONE',  ( -21.88430766971535490, 51.58051168082738513, -70.62493731267933583 ) ) ;
#3497 = CARTESIAN_POINT ( 'NONE',  ( 73.37920088587458167, 56.45424203979323607, -13.99999999999998934 ) ) ;
#3498 = CARTESIAN_POINT ( 'NONE',  ( 35.62216398452016364, 75.09058336585191284, -34.73791609918782086 ) ) ;
#3499 = DIRECTION ( 'NONE',  ( 1.000000000000000000, 0.000000000000000000, 0.000000000000000000 ) ) ;
#3500 = DIRECTION ( 'NONE',  ( 1.000000000000000000, 0.000000000000000000, 0.000000000000000000 ) ) ;
#3501 = CARTESIAN_POINT ( 'NONE',  ( -46.21647353772015521, 64.29485628078593606, -47.09960167101252893 ) ) ;
#3502 = CARTESIAN_POINT ( 'NONE',  ( 44.61387143696727975, 69.92428822641960551, -49.27349205117265285 ) ) ;
#3503 = VECTOR ( 'NONE', #1945, 1000.000000000000000 ) ;
#3504 = ADVANCED_FACE ( 'NONE', ( #4392 ), #3973, .T. ) ;
#3505 = CARTESIAN_POINT ( 'NONE',  ( 47.83722081298128614, 60.80372878173845663, 49.97913709421530370 ) ) ;
#3506 = AXIS2_PLACEMENT_3D ( 'NONE', #1349, #3113, #5487 ) ;
#3507 = CARTESIAN_POINT ( 'NONE',  ( 48.62157839396414261, 50.13673092389483088, 56.21504412253224814 ) ) ;
#3508 = LINE ( 'NONE', #2739, #2606 ) ;
#3509 = ORIENTED_EDGE ( 'NONE', *, *, #3926, .T. ) ;
#3510 = CARTESIAN_POINT ( 'NONE',  ( -20.04432194747922225, 68.41912133313324773, -62.71778401630227506 ) ) ;
#3511 = AXIS2_PLACEMENT_3D ( 'NONE', #4874, #3146, #2614 ) ;
#3512 = ORIENTED_EDGE ( 'NONE', *, *, #5591, .T. ) ;
#3513 = ADVANCED_FACE ( 'NONE', ( #3559 ), #469, .T. ) ;
#3514 = CARTESIAN_POINT ( 'NONE',  ( 62.85995339676232874, 67.36036662748441017, -14.31145289357690764 ) ) ;
#3515 = CARTESIAN_POINT ( 'NONE',  ( 64.99999999999995737, 71.49146786206159732, -2.355796361034372399 ) ) ;
#3516 = AXIS2_PLACEMENT_3D ( 'NONE', #5114, #1238, #1744 ) ;
#3517 = CARTESIAN_POINT ( 'NONE',  ( 36.23209021635550187, 81.77024432736197923, -15.18547888979485805 ) ) ;
#3518 = CARTESIAN_POINT ( 'NONE',  ( -44.62435565298271456, 70.12951399001688912, 49.29165124598798542 ) ) ;
#3519 = FACE_OUTER_BOUND ( 'NONE', #3865, .T. ) ;
#3520 = CARTESIAN_POINT ( 'NONE',  ( -21.88430766971801944, 51.58051168082482008, 70.62493731267930741 ) ) ;
#3521 = CARTESIAN_POINT ( 'NONE',  ( 21.63939982122144912, 53.09967776846356458, 70.21941952556083777 ) ) ;
#3522 = VECTOR ( 'NONE', #5387, 1000.000000000000000 ) ;
#3523 = EDGE_CURVE ( 'NONE', #4162, #4544, #4289, .T. ) ;
#3524 = ORIENTED_EDGE ( 'NONE', *, *, #3101, .F. ) ;
#3525 = LINE ( 'NONE', #3941, #4321 ) ;
#3526 = CARTESIAN_POINT ( 'NONE',  ( 36.47648927873618874, 75.29986623319480543, -33.21807308932454106 ) ) ;
#3527 = DIRECTION ( 'NONE',  ( 0.000000000000000000, 0.000000000000000000, 1.000000000000000000 ) ) ;
#3528 = DIRECTION ( 'NONE',  ( 0.000000000000000000, 0.000000000000000000, -1.000000000000000000 ) ) ;
#3529 = ORIENTED_EDGE ( 'NONE', *, *, #2911, .F. ) ;
#3530 = CARTESIAN_POINT ( 'NONE',  ( 50.61796604320913673, 73.04599992350438242, -18.37588434321825304 ) ) ;
#3531 = PLANE ( 'NONE',  #589 ) ;
#3532 = ORIENTED_EDGE ( 'NONE', *, *, #674, .T. ) ;
#3533 = CARTESIAN_POINT ( 'NONE',  ( -49.58584774075867330, 55.08934122040999171, -53.11563786187412006 ) ) ;
#3534 = DIRECTION ( 'NONE',  ( -1.000000000000000000, 0.000000000000000000, 0.000000000000000000 ) ) ;
#3535 = CARTESIAN_POINT ( 'NONE',  ( -72.58459126990818788, 49.51133489086475237, -16.35021066042733651 ) ) ;
#3536 = CARTESIAN_POINT ( 'NONE',  ( -17.77702034037319478, 67.10144858561953640, -60.91871359828432730 ) ) ;
#3537 = CARTESIAN_POINT ( 'NONE',  ( -23.87564434701769400, 60.99999999999999289, -69.35382907247964113 ) ) ;
#3538 = DIRECTION ( 'NONE',  ( 4.474972159288442682E-17, 1.000000000000000000, 0.000000000000000000 ) ) ;
#3539 = EDGE_LOOP ( 'NONE', ( #4939, #1731 ) ) ;
#3540 = CARTESIAN_POINT ( 'NONE',  ( 48.17954716722420017, 53.27527253399343010, -55.44942357924762888 ) ) ;
#3541 = B_SPLINE_CURVE_WITH_KNOTS ( 'NONE', 3,
 ( #2843, #4432, #564, #4895 ),
 .UNSPECIFIED., .F., .F.,
 ( 4, 4 ),
 ( 0.003934532143711274785, 0.004345251362166926284 ),
 .UNSPECIFIED. ) ;
#3542 = VERTEX_POINT ( 'NONE', #3645 ) ;
#3543 = CARTESIAN_POINT ( 'NONE',  ( 64.99999999999995737, 71.49190099398104792, 2.339745787241355401 ) ) ;
#3544 = PLANE ( 'NONE',  #807 ) ;
#3545 = DIRECTION ( 'NONE',  ( 0.000000000000000000, 0.000000000000000000, -1.000000000000000000 ) ) ;
#3546 = EDGE_CURVE ( 'NONE', #5159, #3273, #3674, .T. ) ;
#3547 = CARTESIAN_POINT ( 'NONE',  ( -73.60789134615158957, 55.96238029589262197, -13.99999999999998757 ) ) ;
#3548 = CARTESIAN_POINT ( 'NONE',  ( -22.08666886388497019, 60.03922181402693781, 66.25523264215613040 ) ) ;
#3549 = CARTESIAN_POINT ( 'NONE',  ( 60.45650340525817512, 67.30525097660127187, -16.19901732785217519 ) ) ;
#3550 = CARTESIAN_POINT ( 'NONE',  ( -19.74746494592672619, 68.39397752115085893, -62.20361260703084838 ) ) ;
#3551 = CARTESIAN_POINT ( 'NONE',  ( 60.45792973660856262, 67.30765027970335268, 16.19996087626721604 ) ) ;
#3552 = EDGE_CURVE ( 'NONE', #5162, #2213, #4152, .T. ) ;
#3553 = CARTESIAN_POINT ( 'NONE',  ( 34.27661759080696413, 75.76913320618355385, -33.98550113669409711 ) ) ;
#3554 = CARTESIAN_POINT ( 'NONE',  ( 64.20084615512422488, 68.25930828242512405, -14.00000000000000000 ) ) ;
#3555 = CARTESIAN_POINT ( 'NONE',  ( 20.16052932983928159, 68.75439463849414778, -62.91906110676357144 ) ) ;
#3556 = ORIENTED_EDGE ( 'NONE', *, *, #5595, .T. ) ;
#3557 = CARTESIAN_POINT ( 'NONE',  ( -73.30362731098578877, 47.53496170213772132, 15.25324598290693778 ) ) ;
#3558 = VERTEX_POINT ( 'NONE', #1115 ) ;
#3559 = FACE_OUTER_BOUND ( 'NONE', #1393, .T. ) ;
#3560 = CARTESIAN_POINT ( 'NONE',  ( 44.62435565298236639, 70.33830226810675867, -49.29165124598830516 ) ) ;
#3561 = CARTESIAN_POINT ( 'NONE',  ( -74.92538051898064566, 52.38165315073361228, -14.00000000000001599 ) ) ;
#3562 = VERTEX_POINT ( 'NONE', #679 ) ;
#3563 = CARTESIAN_POINT ( 'NONE',  ( -16.19938720914274910, 67.30765027970340952, -60.45808345025122321 ) ) ;
#3564 = CARTESIAN_POINT ( 'NONE',  ( 34.26608705586978942, 75.77459152286276378, -33.97864130158326645 ) ) ;
#3565 = ORIENTED_EDGE ( 'NONE', *, *, #5220, .F. ) ;
#3566 = CARTESIAN_POINT ( 'NONE',  ( 48.24989014505152340, 59.75118097123644390, -50.71564942526401865 ) ) ;
#3567 = CARTESIAN_POINT ( 'NONE',  ( 36.86091910987564546, 77.05486963405445522, -33.40385321762668269 ) ) ;
#3568 = ORIENTED_EDGE ( 'NONE', *, *, #5492, .T. ) ;
#3569 =( NAMED_UNIT ( * ) PLANE_ANGLE_UNIT ( ) SI_UNIT ( $, .RADIAN. ) );
#3570 = CARTESIAN_POINT ( 'NONE',  ( 70.79241559697685204, 55.08934122040997750, -16.38478488074728290 ) ) ;
#3571 = CARTESIAN_POINT ( 'NONE',  ( -60.25896109168538572, 69.04857540238329250, 7.379594382087738996E-15 ) ) ;
#3572 = CARTESIAN_POINT ( 'NONE',  ( -65.67106472786959159, 66.68505529899967144, -14.00000000000001066 ) ) ;
#3573 = CARTESIAN_POINT ( 'NONE',  ( -25.74486126327287749, 48.24151529171036401, 72.59140774179874711 ) ) ;
#3574 = CARTESIAN_POINT ( 'NONE',  ( 21.88430766971648467, 51.58051168082792515, 70.62493731267879582 ) ) ;
#3575 = CARTESIAN_POINT ( 'NONE',  ( 45.25646024848015969, 72.75334340095817254, -34.04035399776473270 ) ) ;
#3576 = DIRECTION ( 'NONE',  ( -0.000000000000000000, -1.000000000000000000, -0.000000000000000000 ) ) ;
#3577 = CARTESIAN_POINT ( 'NONE',  ( 62.85993769661729402, 67.36036041969025234, 14.31146016718073888 ) ) ;
#3578 = CARTESIAN_POINT ( 'NONE',  ( 46.81492948925606612, 70.47718656445080398, -34.50537469983919436 ) ) ;
#3579 = CARTESIAN_POINT ( 'NONE',  ( 72.88977574887108801, 45.87634716325730722, 16.34363780788266496 ) ) ;
#3580 = CARTESIAN_POINT ( 'NONE',  ( -44.39539769316195361, 67.42165079097325986, 43.88189024572348984 ) ) ;
#3581 = ORIENTED_EDGE ( 'NONE', *, *, #3135, .T. ) ;
#3582 = EDGE_CURVE ( 'NONE', #1912, #1935, #2236, .T. ) ;
#3583 = PLANE ( 'NONE',  #2322 ) ;
#3584 = ORIENTED_EDGE ( 'NONE', *, *, #899, .F. ) ;
#3585 = FACE_OUTER_BOUND ( 'NONE', #1905, .T. ) ;
#3586 = CARTESIAN_POINT ( 'NONE',  ( 72.48473196130795770, 50.03241630556267694, -16.35231945602947334 ) ) ;
#3587 = CARTESIAN_POINT ( 'NONE',  ( 44.14906683162889323, 68.11553659766630631, 48.46842685913634341 ) ) ;
#3588 = CARTESIAN_POINT ( 'NONE',  ( -49.10130074121265409, 56.99209030537235066, -52.24290195365714595 ) ) ;
#3589 = ADVANCED_FACE ( 'NONE', ( #5060 ), #5457, .T. ) ;
#3590 = EDGE_LOOP ( 'NONE', ( #3468, #1265, #4884, #1050, #1307, #257 ) ) ;
#3591 = CARTESIAN_POINT ( 'NONE',  ( -18.86894624439412027, 67.29654735507128294, -61.48323883554871827 ) ) ;
#3592 = CARTESIAN_POINT ( 'NONE',  ( -1.499999999999983125, 76.99140126247186799, 4.176045585092447095E-15 ) ) ;
#3593 = VECTOR ( 'NONE', #5549, 1000.000000000000000 ) ;
#3594 = ORIENTED_EDGE ( 'NONE', *, *, #244, .F. ) ;
#3595 = CARTESIAN_POINT ( 'NONE',  ( -60.21965821326771362, 67.94710706915046217, -13.97092247388243180 ) ) ;
#3596 = CARTESIAN_POINT ( 'NONE',  ( 43.05682317192206909, 69.87390944627894385, -46.57660534627733284 ) ) ;
#3597 = ORIENTED_EDGE ( 'NONE', *, *, #934, .F. ) ;
#3598 = CARTESIAN_POINT ( 'NONE',  ( -80.88563583943054880, 53.49999999999999289, -14.06854345165234044 ) ) ;
#3599 = CARTESIAN_POINT ( 'NONE',  ( 65.94569034573784450, 62.25354003921476931, 16.45378025840367897 ) ) ;
#3600 = CARTESIAN_POINT ( 'NONE',  ( 68.87546675248944439, 58.45755855706296700, -16.41545347049859771 ) ) ;
#3601 = CARTESIAN_POINT ( 'NONE',  ( 31.79947819905017781, 80.31923546460699015, -15.74909562563326482 ) ) ;
#3602 = CARTESIAN_POINT ( 'NONE',  ( -72.00000000000000000, 80.99999999999998579, -14.00000000000000000 ) ) ;
#3603 = AXIS2_PLACEMENT_3D ( 'NONE', #2265, #2695, #443 ) ;
#3604 = CARTESIAN_POINT ( 'NONE',  ( 26.66571708841651045, 65.37143774600147594, 59.66007605554980842 ) ) ;
#3605 = CARTESIAN_POINT ( 'NONE',  ( -44.07253773871841673, 67.97021311775704078, -48.33587458195731301 ) ) ;
#3606 = CIRCLE ( 'NONE', #1160, 18.25000000000000000 ) ;
#3607 =( GEOMETRIC_REPRESENTATION_CONTEXT ( 3 ) GLOBAL_UNCERTAINTY_ASSIGNED_CONTEXT ( ( #3175 ) ) GLOBAL_UNIT_ASSIGNED_CONTEXT ( ( #3475, #4266, #1318 ) ) REPRESENTATION_CONTEXT ( 'NONE', 'WORKASPACE' ) );
#3608 = AXIS2_PLACEMENT_3D ( 'NONE', #3312, #1550, #5033 ) ;
#3609 = CARTESIAN_POINT ( 'NONE',  ( -19.79075284807991508, 64.94776857188021779, -62.27858945291078641 ) ) ;
#3610 = CARTESIAN_POINT ( 'NONE',  ( 49.95075453673915433, 53.31457523385765285, -53.77505582260429406 ) ) ;
#3611 = CARTESIAN_POINT ( 'NONE',  ( 43.47447989111255140, 71.64928150352085368, -35.73106949765100637 ) ) ;
#3612 = CARTESIAN_POINT ( 'NONE',  ( -66.70000000000000284, 43.00000000000000000, 8.168394150312845110E-15 ) ) ;
#3613 = AXIS2_PLACEMENT_3D ( 'NONE', #32, #2294, #3528 ) ;
#3614 = FACE_OUTER_BOUND ( 'NONE', #3808, .T. ) ;
#3615 = CARTESIAN_POINT ( 'NONE',  ( 60.25305214761630168, 68.88195304293390109, 5.542621302865724076 ) ) ;
#3616 = ORIENTED_EDGE ( 'NONE', *, *, #2718, .F. ) ;
#3617 = CARTESIAN_POINT ( 'NONE',  ( -50.41679377038705212, 48.47834918484085165, 54.91626653385642953 ) ) ;
#3618 = EDGE_CURVE ( 'NONE', #5481, #1821, #4632, .T. ) ;
#3619 = LINE ( 'NONE', #940, #887 ) ;
#3620 = VERTEX_POINT ( 'NONE', #1906 ) ;
#3621 = CARTESIAN_POINT ( 'NONE',  ( 43.82405691833650963, 67.36036041969023813, -47.28257284198710408 ) ) ;
#3622 = DIRECTION ( 'NONE',  ( -0.000000000000000000, -1.000000000000000000, -0.000000000000000000 ) ) ;
#3623 = CARTESIAN_POINT ( 'NONE',  ( 40.78992921923924087, 72.72808698139917283, -36.00485371705148196 ) ) ;
#3624 = ORIENTED_EDGE ( 'NONE', *, *, #4935, .T. ) ;
#3625 = CARTESIAN_POINT ( 'NONE',  ( 60.25896109168538572, 69.04857540238329250, -7.379594382087738996E-15 ) ) ;
#3626 = EDGE_CURVE ( 'NONE', #388, #3090, #2652, .T. ) ;
#3627 = CARTESIAN_POINT ( 'NONE',  ( 44.77554707641544951, 66.83697915472046702, -44.55197465333115758 ) ) ;
#3628 = ORIENTED_EDGE ( 'NONE', *, *, #4368, .F. ) ;
#3629 = CARTESIAN_POINT ( 'NONE',  ( -45.63239002822429313, 61.76078178285297327, -51.03761799975313096 ) ) ;
#3630 = CARTESIAN_POINT ( 'NONE',  ( 0.000000000000000000, 76.99140126247186799, 0.000000000000000000 ) ) ;
#3631 = CARTESIAN_POINT ( 'NONE',  ( 67.20181278930613189, 60.80372878173845663, -16.43867992338045880 ) ) ;
#3632 = DIRECTION ( 'NONE',  ( -0.000000000000000000, -1.000000000000000000, -0.000000000000000000 ) ) ;
#3633 = CARTESIAN_POINT ( 'NONE',  ( 26.24437010086595023, 71.20242650879478674, 59.90334085220408156 ) ) ;
#3634 = DIRECTION ( 'NONE',  ( 1.000000000000000000, 0.000000000000000000, 0.000000000000000000 ) ) ;
#3635 = CARTESIAN_POINT ( 'NONE',  ( 44.13677915315346212, 67.21756541262418239, 44.64274776568147018 ) ) ;
#3636 = CARTESIAN_POINT ( 'NONE',  ( 61.31913725907211443, 67.11011714587891674, -15.33428624829935316 ) ) ;
#3637 = EDGE_CURVE ( 'NONE', #435, #5174, #2888, .T. ) ;
#3638 = CARTESIAN_POINT ( 'NONE',  ( 24.58665282521214124, 46.94028658333536441, -70.58533188133668546 ) ) ;
#3639 = CARTESIAN_POINT ( 'NONE',  ( 50.35796847768126128, 50.54137333704080248, -54.51383548919435640 ) ) ;
#3640 = CARTESIAN_POINT ( 'NONE',  ( 51.92817373413029003, 71.37285461452779600, -26.86494938674220734 ) ) ;
#3641 = LINE ( 'NONE', #174, #3806 ) ;
#3642 = CARTESIAN_POINT ( 'NONE',  ( 41.78572573259913980, 82.99999999999998579, -24.12500000000006040 ) ) ;
#3643 = CARTESIAN_POINT ( 'NONE',  ( 19.97607364692727216, 68.25932009823513624, 62.59957449221695214 ) ) ;
#3644 = EDGE_LOOP ( 'NONE', ( #1390, #5105, #3049, #3424 ) ) ;
#3645 = CARTESIAN_POINT ( 'NONE',  ( 0.000000000000000000, 46.00000000000000000, -77.50708379720883556 ) ) ;
#3646 = CARTESIAN_POINT ( 'NONE',  ( -72.92990762247323744, 57.39959067741811083, -14.00000000000002309 ) ) ;
#3647 = ORIENTED_EDGE ( 'NONE', *, *, #3101, .T. ) ;
#3648 = CARTESIAN_POINT ( 'NONE',  ( 30.47372070985079873, 71.49190099398103371, 57.46152413960943051 ) ) ;
#3649 = CARTESIAN_POINT ( 'NONE',  ( -64.20084615512422488, 68.25930828242512405, 14.00000000000000000 ) ) ;
#3650 = VERTEX_POINT ( 'NONE', #717 ) ;
#3651 = CARTESIAN_POINT ( 'NONE',  ( 64.74126540453494272, 63.45883282103292800, -16.46621447234988267 ) ) ;
#3652 = CARTESIAN_POINT ( 'NONE',  ( 43.53194872081582645, 69.15083099223519980, -47.39954693693536569 ) ) ;
#3653 = VERTEX_POINT ( 'NONE', #4940 ) ;
#3654 = CARTESIAN_POINT ( 'NONE',  ( -43.18352162668903560, 66.45418853071728904, -46.79605350718686907 ) ) ;
#3655 = CARTESIAN_POINT ( 'NONE',  ( 64.99999999999998579, 70.33830226810675867, 14.00000000000000000 ) ) ;
#3656 = EDGE_CURVE ( 'NONE', #777, #2833, #344, .T. ) ;
#3657 = CARTESIAN_POINT ( 'NONE',  ( 41.78572573259551604, 66.05830548580790662, -25.62500000000006395 ) ) ;
#3658 = CARTESIAN_POINT ( 'NONE',  ( 80.88563583943053459, 0.000000000000000000, 14.06854345165238662 ) ) ;
#3659 = CARTESIAN_POINT ( 'NONE',  ( 22.20114393954528964, 48.61675045524525984, -71.14828336734694858 ) ) ;
#3660 = CARTESIAN_POINT ( 'NONE',  ( 41.82572651496759875, 64.91731202452538696, 50.90744053214516640 ) ) ;
#3661 = LINE ( 'NONE', #2375, #1980 ) ;
#3662 = CARTESIAN_POINT ( 'NONE',  ( 22.33355912069515981, 63.37520769587720793, 66.68285911088854334 ) ) ;
#3663 = APPLICATION_CONTEXT ( 'automotive_design' ) ;
#3664 = EDGE_CURVE ( 'NONE', #4544, #209, #3476, .T. ) ;
#3665 = DIRECTION ( 'NONE',  ( -0.4999999999999980016, 0.000000000000000000, -0.8660254037844398178 ) ) ;
#3666 = CARTESIAN_POINT ( 'NONE',  ( 23.17427348496402573, 64.91731202448355020, -61.67586195978952901 ) ) ;
#3667 = CARTESIAN_POINT ( 'NONE',  ( 76.23219817601714965, 46.00000000000000000, 14.00000000000000000 ) ) ;
#3668 = LINE ( 'NONE', #5022, #1348 ) ;
#3669 = CARTESIAN_POINT ( 'NONE',  ( 70.21699464147006609, 57.23846896690261588, 13.99999999999896083 ) ) ;
#3670 = CARTESIAN_POINT ( 'NONE',  ( 48.57239804898178193, 57.41926555727938819, 56.12986126629719763 ) ) ;
#3671 = VERTEX_POINT ( 'NONE', #5141 ) ;
#3672 = CARTESIAN_POINT ( 'NONE',  ( -44.61365582388793172, 69.92061267400556801, -49.27311859836533614 ) ) ;
#3673 = ORIENTED_EDGE ( 'NONE', *, *, #4507, .F. ) ;
#3674 = LINE ( 'NONE', #2360, #594 ) ;
#3675 = CARTESIAN_POINT ( 'NONE',  ( 73.42201695639188586, 46.94028658334308801, -14.00000000002171774 ) ) ;
#3676 = CARTESIAN_POINT ( 'NONE',  ( -64.04942235729444633, 68.11553659766627788, -14.00000000000000000 ) ) ;
#3677 = ORIENTED_EDGE ( 'NONE', *, *, #3015, .F. ) ;
#3678 = CARTESIAN_POINT ( 'NONE',  ( 52.25859997505608590, 72.30170309110775406, -23.37074201914607130 ) ) ;
#3679 = CARTESIAN_POINT ( 'NONE',  ( 73.38106283475856628, 56.45032650170057309, 14.00000000000000888 ) ) ;
#3680 = ORIENTED_EDGE ( 'NONE', *, *, #114, .F. ) ;
#3681 = CARTESIAN_POINT ( 'NONE',  ( -65.00000000004018830, 64.92052763318801567, -10.75044635046794639 ) ) ;
#3682 = CARTESIAN_POINT ( 'NONE',  ( -19.96340200533989417, 83.58148700043116719, 39.92680401067980966 ) ) ;
#3683 = CARTESIAN_POINT ( 'NONE',  ( 42.28714970833389941, 67.85093932666332250, -45.24349180210516153 ) ) ;
#3684 = ORIENTED_EDGE ( 'NONE', *, *, #770, .F. ) ;
#3685 = DIRECTION ( 'NONE',  ( -0.000000000000000000, -1.000000000000000000, -0.000000000000000000 ) ) ;
#3686 = CARTESIAN_POINT ( 'NONE',  ( -70.21699464147860681, 57.23846896690228192, 14.00000000000101963 ) ) ;
#3687 = CYLINDRICAL_SURFACE ( 'NONE', #697, 1.499999999999982681 ) ;
#3688 = CARTESIAN_POINT ( 'NONE',  ( 32.14103911977606742, 79.66899460364746233, -19.92144584211913383 ) ) ;
#3689 = CARTESIAN_POINT ( 'NONE',  ( -52.62653394309215571, 46.00000000000000000, 63.01474371237711125 ) ) ;
#3690 = LINE ( 'NONE', #2312, #135 ) ;
#3691 = CARTESIAN_POINT ( 'NONE',  ( -12.12435565298211060, 45.99999999999999289, -7.000000000000057732 ) ) ;
#3692 = CARTESIAN_POINT ( 'NONE',  ( -20.22153365615135101, 58.45755855706300252, -67.85563064041569703 ) ) ;
#3693 = TOROIDAL_SURFACE ( 'NONE', #314, 20.25000000000000355, 2.000000000000000000 ) ;
#3694 = EDGE_CURVE ( 'NONE', #246, #4718, #4690, .T. ) ;
#3695 = CARTESIAN_POINT ( 'NONE',  ( 19.79075284808518376, 64.94776857186434427, -62.27858945290154935 ) ) ;
#3696 = AXIS2_PLACEMENT_3D ( 'NONE', #3223, #4090, #1516 ) ;
#3697 = CARTESIAN_POINT ( 'NONE',  ( 31.32483863469193963, 69.04912902142353914, -51.49567343822234733 ) ) ;
#3698 = CARTESIAN_POINT ( 'NONE',  ( 51.82848471504286181, 71.31657185990378878, -27.21104158738937784 ) ) ;
#3699 = CARTESIAN_POINT ( 'NONE',  ( 19.90035552566450505, 68.11553659766627788, 62.46842685913616577 ) ) ;
#3700 = ORIENTED_EDGE ( 'NONE', *, *, #159, .T. ) ;
#3701 = EDGE_CURVE ( 'NONE', #3650, #4343, #4213, .T. ) ;
#3702 = CARTESIAN_POINT ( 'NONE',  ( 46.09236880815220871, 64.39919800490791602, 51.83432461692377302 ) ) ;
#3703 = VECTOR ( 'NONE', #3025, 1000.000000000000000 ) ;
#3704 = VECTOR ( 'NONE', #2036, 1000.000000000000000 ) ;
#3705 = DIRECTION ( 'NONE',  ( 8.949944318576885364E-17, 1.000000000000000000, 0.000000000000000000 ) ) ;
#3706 = AXIS2_PLACEMENT_3D ( 'NONE', #2865, #3346, #5036 ) ;
#3707 = ORIENTED_EDGE ( 'NONE', *, *, #3395, .T. ) ;
#3708 = AXIS2_PLACEMENT_3D ( 'NONE', #4045, #4103, #199 ) ;
#3709 = CARTESIAN_POINT ( 'NONE',  ( -49.63530917173857659, 46.80642417838993907, -56.82956393271477680 ) ) ;
#3710 = CARTESIAN_POINT ( 'NONE',  ( 17.31940965859785919, 64.95410340582361641, -62.96134323615255823 ) ) ;
#3711 = CARTESIAN_POINT ( 'NONE',  ( -64.99999999999998579, 70.33830226810675867, -14.00000000000000000 ) ) ;
#3712 = VECTOR ( 'NONE', #1627, 1000.000000000000000 ) ;
#3713 = CARTESIAN_POINT ( 'NONE',  ( -50.60202157905411013, 46.91607545010186442, -54.95828140412334761 ) ) ;
#3714 = CARTESIAN_POINT ( 'NONE',  ( 0.000000000000000000, 48.61675045524525984, 0.000000000000000000 ) ) ;
#3715 = ORIENTED_EDGE ( 'NONE', *, *, #114, .T. ) ;
#3716 = FACE_OUTER_BOUND ( 'NONE', #3721, .T. ) ;
#3717 = CARTESIAN_POINT ( 'NONE',  ( -48.12435565298278561, 60.99999999999999289, 55.35382907247901585 ) ) ;
#3718 = CARTESIAN_POINT ( 'NONE',  ( 60.32558811070305183, 67.85093932666330829, -14.00000000000000178 ) ) ;
#3719 = VECTOR ( 'NONE', #2354, 1000.000000000000000 ) ;
#3720 = CARTESIAN_POINT ( 'NONE',  ( 46.03681823767417569, 64.62690840038590068, -46.78160642399443248 ) ) ;
#3721 = EDGE_LOOP ( 'NONE', ( #5156, #5301, #3035, #5037 ) ) ;
#3722 = CARTESIAN_POINT ( 'NONE',  ( -43.82786085934425557, 65.33113625351977305, -47.91208179543805556 ) ) ;
#3723 = CARTESIAN_POINT ( 'NONE',  ( 52.62653394309173649, 61.00000000000000000, -63.01474371237745942 ) ) ;
#3724 = CARTESIAN_POINT ( 'NONE',  ( -51.59461799496919809, 79.00149741535466319, -103.1892359899383678 ) ) ;
#3725 = FACE_OUTER_BOUND ( 'NONE', #1938, .T. ) ;
#3726 = CARTESIAN_POINT ( 'NONE',  ( -12.12435565298206086, 80.99999999999998579, -7.000000000000141220 ) ) ;
#3727 = CARTESIAN_POINT ( 'NONE',  ( 25.74429877895584440, 48.19213390078299142, 72.59043349038631732 ) ) ;
#3728 = CARTESIAN_POINT ( 'NONE',  ( 37.80191622635645388, 81.32610710003770293, -14.40377100658111509 ) ) ;
#3729 = CARTESIAN_POINT ( 'NONE',  ( 24.17607515806348673, 51.72162299947758157, -69.87419050136523424 ) ) ;
#3730 = ADVANCED_FACE ( 'NONE', ( #2054 ), #4629, .F. ) ;
#3731 = CARTESIAN_POINT ( 'NONE',  ( 45.14591466673038411, 66.22292686396981765, -45.20589269082875461 ) ) ;
#3732 = CARTESIAN_POINT ( 'NONE',  ( 76.09336466201399674, 46.00000000000000000, 14.00000000000000000 ) ) ;
#3733 = CARTESIAN_POINT ( 'NONE',  ( 47.10441535317885808, 75.49978413265149868, -12.99527806961267729 ) ) ;
#3734 = CARTESIAN_POINT ( 'NONE',  ( 49.99297840204120291, 48.19300188175399313, 58.59037861403032110 ) ) ;
#3735 = VERTEX_POINT ( 'NONE', #1593 ) ;
#3736 = EDGE_CURVE ( 'NONE', #2155, #3001, #3948, .T. ) ;
#3737 = CARTESIAN_POINT ( 'NONE',  ( -72.00000000000000000, 60.99999999999999289, 14.00000000000000000 ) ) ;
#3738 = ORIENTED_EDGE ( 'NONE', *, *, #737, .T. ) ;
#3739 = DIRECTION ( 'NONE',  ( 0.000000000000000000, -1.000000000000000000, 0.000000000000000000 ) ) ;
#3740 = DIRECTION ( 'NONE',  ( 0.000000000000000000, 1.000000000000000000, 0.000000000000000000 ) ) ;
#3741 = FACE_OUTER_BOUND ( 'NONE', #1203, .T. ) ;
#3742 = B_SPLINE_CURVE_WITH_KNOTS ( 'NONE', 3,
 ( #1648, #3380, #791, #318, #352, #2924, #774, #2029 ),
 .UNSPECIFIED., .F., .F.,
 ( 4, 2, 2, 4 ),
 ( 6.938893903907227607E-18, 0.008294572359190137759, 0.01244185853878520404, 0.01658914471838027205 ),
 .UNSPECIFIED. ) ;
#3743 = VERTEX_POINT ( 'NONE', #4591 ) ;
#3744 = CARTESIAN_POINT ( 'NONE',  ( 31.87287235295585575, 82.24302308782479543, -20.64468316205194398 ) ) ;
#3745 = CARTESIAN_POINT ( 'NONE',  ( -65.00000000000000000, 70.76234598748703775, 11.55489834951593409 ) ) ;
#3746 = CARTESIAN_POINT ( 'NONE',  ( -50.03242217358202026, 47.11467724965589099, -58.65869723038007777 ) ) ;
#3747 = ORIENTED_EDGE ( 'NONE', *, *, #4736, .F. ) ;
#3748 = CARTESIAN_POINT ( 'NONE',  ( -72.92990762247323744, 57.39959067743480148, 14.00000000000000178 ) ) ;
#3749 = DIRECTION ( 'NONE',  ( -1.000000000000000000, 8.950701582355715899E-17, 0.000000000000000000 ) ) ;
#3750 = CARTESIAN_POINT ( 'NONE',  ( -34.82633592555327340, 65.63336495311484953, 54.94854057314523033 ) ) ;
#3751 = CARTESIAN_POINT ( 'NONE',  ( -22.13465309806527870, 49.58324814417438375, -71.03862126191944526 ) ) ;
#3752 = CARTESIAN_POINT ( 'NONE',  ( -18.25000000000000711, -0.001999999999986488714, 0.000000000000000000 ) ) ;
#3753 = CARTESIAN_POINT ( 'NONE',  ( 41.84062216674769275, 79.86244316513553088, -13.61961117304186430 ) ) ;
#3754 = CARTESIAN_POINT ( 'NONE',  ( -22.20114393954578347, 48.61675045524525984, 71.14828336734677805 ) ) ;
#3755 = CARTESIAN_POINT ( 'NONE',  ( 25.17820581791769285, 53.47322573449752525, -71.60993172005903773 ) ) ;
#3756 = CARTESIAN_POINT ( 'NONE',  ( 53.23380624890397428, 70.73668115151122038, -22.39598236226849437 ) ) ;
#3757 = CARTESIAN_POINT ( 'NONE',  ( 43.91044964678162899, 67.61735050355589749, 47.84947792289524671 ) ) ;
#3758 = CARTESIAN_POINT ( 'NONE',  ( 42.99359822706254874, 65.65025183750660176, -25.02059006996977431 ) ) ;
#3759 = ORIENTED_EDGE ( 'NONE', *, *, #3552, .F. ) ;
#3760 = B_SPLINE_CURVE_WITH_KNOTS ( 'NONE', 3,
 ( #4893, #1520, #1007, #4519, #161, #4036, #220, #5371, #655, #189, #1490, #2743, #4461, #4948, #1859, #1033 ),
 .UNSPECIFIED., .F., .F.,
 ( 4, 2, 2, 2, 2, 2, 2, 4 ),
 ( 0.000000000000000000, 0.002922268352081788204, 0.005844536704163576409, 0.008766805056245365046, 0.01168907340832715282, 0.01753361011249073009, 0.02045587846457249531, 0.02337814681665426053 ),
 .UNSPECIFIED. ) ;
#3761 = CARTESIAN_POINT ( 'NONE',  ( 0.000000000000000000, 76.99140126247186799, 0.000000000000000000 ) ) ;
#3762 = CARTESIAN_POINT ( 'NONE',  ( -50.07335748939148345, 47.93259350557821108, -55.43213497157976377 ) ) ;
#3763 = DIRECTION ( 'NONE',  ( 0.000000000000000000, 0.000000000000000000, -1.000000000000000000 ) ) ;
#3764 = DIRECTION ( 'NONE',  ( -1.000000000000000000, 8.949944318576885364E-17, 0.000000000000000000 ) ) ;
#3765 = EDGE_CURVE ( 'NONE', #1509, #3620, #3214, .T. ) ;
#3766 = DIRECTION ( 'NONE',  ( -0.000000000000000000, -1.000000000000000000, -0.000000000000000000 ) ) ;
#3767 = ORIENTED_EDGE ( 'NONE', *, *, #1046, .T. ) ;
#3768 = CARTESIAN_POINT ( 'NONE',  ( -49.35926406876869521, 56.03426478453609860, 52.70711939042832483 ) ) ;
#3769 = CARTESIAN_POINT ( 'NONE',  ( 39.75167358346486424, 80.67607605460750619, -13.81848682036626030 ) ) ;
#3770 = FACE_OUTER_BOUND ( 'NONE', #3342, .T. ) ;
#3771 = DIRECTION ( 'NONE',  ( -1.000000000000000000, 0.000000000000000000, 0.000000000000000000 ) ) ;
#3772 = CARTESIAN_POINT ( 'NONE',  ( -48.57239804898216562, 57.41926555727938819, -56.12986126629688499 ) ) ;
#3773 = EDGE_CURVE ( 'NONE', #4448, #438, #708, .T. ) ;
#3774 = VERTEX_POINT ( 'NONE', #5611 ) ;
#3775 = CARTESIAN_POINT ( 'NONE',  ( -66.66980222798687805, 61.45732291408625514, 16.44555683981718275 ) ) ;
#3776 = ORIENTED_EDGE ( 'NONE', *, *, #5178, .T. ) ;
#3777 = CARTESIAN_POINT ( 'NONE',  ( -16.19519211911100598, 66.83309344415619080, 61.05234784450060204 ) ) ;
#3778 = DIRECTION ( 'NONE',  ( 8.949944318576885364E-17, 1.000000000000000000, 0.000000000000000000 ) ) ;
#3779 = CARTESIAN_POINT ( 'NONE',  ( 19.79609569921594669, 59.75118097122721394, 67.14345530804973805 ) ) ;
#3780 = CARTESIAN_POINT ( 'NONE',  ( 42.37606142821196897, 74.07197768928513426, -34.62776264732751486 ) ) ;
#3781 = CARTESIAN_POINT ( 'NONE',  ( 32.25512496573965393, 80.26422878369909597, -28.54412471129831630 ) ) ;
#3782 = CARTESIAN_POINT ( 'NONE',  ( 41.44950524744188414, 77.68009498336050456, -13.59941378591662975 ) ) ;
#3783 = CARTESIAN_POINT ( 'NONE',  ( -22.35072185641683262, 48.47812969211380363, 71.12031316130918412 ) ) ;
#3784 = CARTESIAN_POINT ( 'NONE',  ( -24.39519183949972714, 71.01583216044009816, -60.97096441918358067 ) ) ;
#3785 = CARTESIAN_POINT ( 'NONE',  ( 28.87508545269598770, 79.57588136914630184, -24.70728397442879398 ) ) ;
#3786 = VERTEX_POINT ( 'NONE', #3470 ) ;
#3787 = CARTESIAN_POINT ( 'NONE',  ( 73.34366810320138086, 48.00576291639591631, 13.99999999997918998 ) ) ;
#3788 = ORIENTED_EDGE ( 'NONE', *, *, #202, .F. ) ;
#3789 = VECTOR ( 'NONE', #1951, 1000.000000000000000 ) ;
#3790 = CARTESIAN_POINT ( 'NONE',  ( -23.44210627465917440, 47.53496888141361154, -71.10942506541462649 ) ) ;
#3791 = CARTESIAN_POINT ( 'NONE',  ( 29.54008147192455169, 78.72948008309282386, -27.88755938994730244 ) ) ;
#3792 = AXIS2_PLACEMENT_3D ( 'NONE', #1142, #2358, #247 ) ;
#3793 = DIRECTION ( 'NONE',  ( 0.000000000000000000, 0.000000000000000000, 1.000000000000000000 ) ) ;
#3794 = AXIS2_PLACEMENT_3D ( 'NONE', #4565, #5361, #1178 ) ;
#3795 = CARTESIAN_POINT ( 'NONE',  ( 25.15986293691214826, 46.30971102074855850, -71.89202640447503256 ) ) ;
#3796 = ADVANCED_FACE ( 'NONE', ( #1261 ), #2944, .T. ) ;
#3797 = ORIENTED_EDGE ( 'NONE', *, *, #5525, .F. ) ;
#3798 = CARTESIAN_POINT ( 'NONE',  ( 30.13906779877401831, 80.39889349334566759, -18.20277648173370366 ) ) ;
#3799 = CARTESIAN_POINT ( 'NONE',  ( -47.33171289917475377, 61.51576396131294189, 53.98093155063222781 ) ) ;
#3800 = CARTESIAN_POINT ( 'NONE',  ( 50.15181382538489174, 48.06694853713070614, 55.29733703070766637 ) ) ;
#3801 = CARTESIAN_POINT ( 'NONE',  ( 0.000000000000000000, 45.99999999999999289, -82.10000000000000853 ) ) ;
#3802 = CARTESIAN_POINT ( 'NONE',  ( 41.78572573259913980, 82.99999999999998579, -24.12500000000006040 ) ) ;
#3803 = CIRCLE ( 'NONE', #1976, 82.10000000000000853 ) ;
#3804 = VERTEX_POINT ( 'NONE', #2082 ) ;
#3805 = CARTESIAN_POINT ( 'NONE',  ( -72.34072158106992845, 58.46542898070119776, 13.99999999999998046 ) ) ;
#3806 = VECTOR ( 'NONE', #5355, 1000.000000000000000 ) ;
#3807 = EDGE_CURVE ( 'NONE', #4646, #5432, #2474, .T. ) ;
#3808 = EDGE_LOOP ( 'NONE', ( #381, #4083, #1464, #4949, #1637 ) ) ;
#3809 = CARTESIAN_POINT ( 'NONE',  ( 44.39539769316165518, 67.42165079097327407, -43.88189024572380958 ) ) ;
#3810 = CARTESIAN_POINT ( 'NONE',  ( -20.48958420640893863, 57.64672313975280105, 68.30425702708218694 ) ) ;
#3811 = CARTESIAN_POINT ( 'NONE',  ( 75.41082479041057240, 46.10331087986513410, 14.02123873504440255 ) ) ;
#3812 = CARTESIAN_POINT ( 'NONE',  ( 4.852638573011457339E-16, 96.99999999999998579, 0.000000000000000000 ) ) ;
#3813 = CARTESIAN_POINT ( 'NONE',  ( 32.11765077817106118, 80.39416936522165713, -28.23508998812444304 ) ) ;
#3814 = CARTESIAN_POINT ( 'NONE',  ( 45.38916642961194725, 76.08791597401081219, -14.22900749413208921 ) ) ;
#3815 = CARTESIAN_POINT ( 'NONE',  ( 44.54133311259071348, 69.31868612655863160, 49.14785198785831710 ) ) ;
#3816 = CARTESIAN_POINT ( 'NONE',  ( -42.61892342663794864, 70.72920227688680939, -50.44948808170988741 ) ) ;
#3817 = CARTESIAN_POINT ( 'NONE',  ( 41.53099301850886604, 77.86275744073668648, -11.44155040366499776 ) ) ;
#3818 = ORIENTED_EDGE ( 'NONE', *, *, #3867, .T. ) ;
#3819 = CARTESIAN_POINT ( 'NONE',  ( 70.41471449238999014, 61.51576396133796720, 14.00000000000000178 ) ) ;
#3820 = ORIENTED_EDGE ( 'NONE', *, *, #1280, .F. ) ;
#3821 = EDGE_CURVE ( 'NONE', #2716, #534, #3443, .T. ) ;
#3822 = CARTESIAN_POINT ( 'NONE',  ( -50.17054340884913444, 46.00000000000000000, -58.89793022746691520 ) ) ;
#3823 = CARTESIAN_POINT ( 'NONE',  ( -22.81298096947964993, 48.06695786158544337, -71.08141356089598162 ) ) ;
#3824 = CARTESIAN_POINT ( 'NONE',  ( 33.96706950260372793, 78.91307960772478225, -31.14146617562902009 ) ) ;
#3825 = CARTESIAN_POINT ( 'NONE',  ( 22.13465309806579384, 49.58324814417437665, -71.03862126191927473 ) ) ;
#3826 = DIRECTION ( 'NONE',  ( -0.000000000000000000, -1.000000000000000000, -0.000000000000000000 ) ) ;
#3827 = DIRECTION ( 'NONE',  ( 0.000000000000000000, 1.000000000000000000, 0.000000000000000000 ) ) ;
#3828 = VERTEX_POINT ( 'NONE', #853 ) ;
#3829 = CARTESIAN_POINT ( 'NONE',  ( -44.65336037524611612, 63.77279572264223617, 49.34188889862485183 ) ) ;
#3830 = CARTESIAN_POINT ( 'NONE',  ( 50.63620147218740186, 74.61592625024208303, -18.43989324064955682 ) ) ;
#3831 = CARTESIAN_POINT ( 'NONE',  ( -61.72240880437622224, 66.22292686396978922, 16.49456263305834369 ) ) ;
#3832 = DIRECTION ( 'NONE',  ( -1.000000000000000000, 0.000000000000000000, 0.000000000000000000 ) ) ;
#3833 = CARTESIAN_POINT ( 'NONE',  ( 72.71679280154886271, 48.61675045524525984, -16.34738703895265743 ) ) ;
#3834 = VERTEX_POINT ( 'NONE', #1652 ) ;
#3835 = CARTESIAN_POINT ( 'NONE',  ( 46.03681823766524417, 64.62690840039741147, 46.78160642398685809 ) ) ;
#3836 = CARTESIAN_POINT ( 'NONE',  ( 30.53652718018593148, 77.95031877936354192, -30.05684981827582902 ) ) ;
#3837 = ORIENTED_EDGE ( 'NONE', *, *, #3451, .T. ) ;
#3838 = DIRECTION ( 'NONE',  ( -0.07547505575237814512, 0.2130795558481460850, 0.9741153005875292648 ) ) ;
#3839 = PLANE ( 'NONE',  #5513 ) ;
#3840 = EDGE_CURVE ( 'NONE', #1757, #946, #2662, .T. ) ;
#3841 = CARTESIAN_POINT ( 'NONE',  ( 39.20830471180000387, 78.64534654833242655, -11.56918089067406719 ) ) ;
#3842 = CARTESIAN_POINT ( 'NONE',  ( 52.62653394309173649, 53.49999999999999289, -63.01474371237745942 ) ) ;
#3843 = ORIENTED_EDGE ( 'NONE', *, *, #4068, .T. ) ;
#3844 = CARTESIAN_POINT ( 'NONE',  ( -28.44052437596548089, 71.39731489569165035, -58.63539059029356793 ) ) ;
#3845 = CARTESIAN_POINT ( 'NONE',  ( -64.99999999999998579, 0.000000000000000000, -14.00000000000000000 ) ) ;
#3846 = EDGE_CURVE ( 'NONE', #5341, #5072, #1451, .T. ) ;
#3847 = ORIENTED_EDGE ( 'NONE', *, *, #1539, .F. ) ;
#3848 = CARTESIAN_POINT ( 'NONE',  ( 60.19908071135575511, 67.38180933480940382, -16.70026143196216140 ) ) ;
#3849 = CARTESIAN_POINT ( 'NONE',  ( -49.68038972736107439, 46.30971102074853007, -57.73509366133784937 ) ) ;
#3850 = LINE ( 'NONE', #5569, #881 ) ;
#3851 = ORIENTED_EDGE ( 'NONE', *, *, #581, .F. ) ;
#3852 = CARTESIAN_POINT ( 'NONE',  ( -46.03681823767476544, 64.62690840039874729, 46.78160642397556046 ) ) ;
#3853 = FACE_OUTER_BOUND ( 'NONE', #2110, .T. ) ;
#3854 = CARTESIAN_POINT ( 'NONE',  ( 20.55022232949104577, 68.38058296212538778, 57.68892202141540793 ) ) ;
#3855 = CARTESIAN_POINT ( 'NONE',  ( 45.14591466672973752, 66.22292686396980343, 45.20589269082934436 ) ) ;
#3856 = CARTESIAN_POINT ( 'NONE',  ( -50.24199361207740111, 76.18699096226941947, 6.152869665981235869E-15 ) ) ;
#3857 = ORIENTED_EDGE ( 'NONE', *, *, #1011, .F. ) ;
#3858 = CARTESIAN_POINT ( 'NONE',  ( 43.05682317192138697, 69.87390944627894385, 46.57660534627793680 ) ) ;
#3859 = CARTESIAN_POINT ( 'NONE',  ( -44.96323996858646410, 70.32645668460180843, -49.09599629515025043 ) ) ;
#3860 = ORIENTED_EDGE ( 'NONE', *, *, #3357, .F. ) ;
#3861 = CARTESIAN_POINT ( 'NONE',  ( 16.29790602022738355, 67.28334231014490285, 60.47850740189524998 ) ) ;
#3862 = CARTESIAN_POINT ( 'NONE',  ( 52.37013182887447726, 61.00000000000000000, -62.70772912668986976 ) ) ;
#3863 = ORIENTED_EDGE ( 'NONE', *, *, #1280, .T. ) ;
#3864 = DIRECTION ( 'NONE',  ( 8.949944318576885364E-17, 1.000000000000000000, 0.000000000000000000 ) ) ;
#3865 = EDGE_LOOP ( 'NONE', ( #2326, #3276, #2681, #4917 ) ) ;
#3866 = CARTESIAN_POINT ( 'NONE',  ( -45.20644746071122455, 66.12567138047096194, 45.31269782914959876 ) ) ;
#3867 = EDGE_CURVE ( 'NONE', #3261, #3453, #2787, .T. ) ;
#3868 = CARTESIAN_POINT ( 'NONE',  ( -40.60605435555913090, 71.01557896516720803, -51.61161858174072137 ) ) ;
#3869 = CARTESIAN_POINT ( 'NONE',  ( 20.37564434701726768, 80.99999999999998579, 63.29165124598868886 ) ) ;
#3870 = VERTEX_POINT ( 'NONE', #1408 ) ;
#3871 = CARTESIAN_POINT ( 'NONE',  ( -20.69302988865331727, 56.99209030536319887, -68.64442477759240546 ) ) ;
#3872 = VECTOR ( 'NONE', #4854, 1000.000000000000114 ) ;
#3873 = CARTESIAN_POINT ( 'NONE',  ( 64.99999999999998579, 65.63336495314503338, 2.686221345670010585 ) ) ;
#3874 = ADVANCED_FACE ( 'NONE', ( #1867 ), #877, .T. ) ;
#3875 = CARTESIAN_POINT ( 'NONE',  ( 31.36928883803733825, 78.77531176625959120, -25.72639806249448569 ) ) ;
#3876 = CARTESIAN_POINT ( 'NONE',  ( 75.81746117496031445, 46.02785684633894903, 14.00000000000000000 ) ) ;
#3877 = VECTOR ( 'NONE', #102, 1000.000000000000000 ) ;
#3878 = ORIENTED_EDGE ( 'NONE', *, *, #22, .F. ) ;
#3879 = CARTESIAN_POINT ( 'NONE',  ( -50.40389004036970277, 50.03241630556289010, 54.59745953698771359 ) ) ;
#3880 = CARTESIAN_POINT ( 'NONE',  ( 46.99434599800301271, 77.28338143084316414, -14.98621586903444047 ) ) ;
#3881 = CARTESIAN_POINT ( 'NONE',  ( 44.41072685987244739, 68.75925333859645150, -48.92163532236229884 ) ) ;
#3882 = CARTESIAN_POINT ( 'NONE',  ( -31.32483863467695784, 69.04912902142297071, 51.49567343823188281 ) ) ;
#3883 = ORIENTED_EDGE ( 'NONE', *, *, #4663, .T. ) ;
#3884 = TOROIDAL_SURFACE ( 'NONE', #4499, 77.50708379720883556, 3.000000000000000000 ) ;
#3885 = AXIS2_PLACEMENT_3D ( 'NONE', #2200, #1302, #3906 ) ;
#3886 = CARTESIAN_POINT ( 'NONE',  ( 49.66598055739434869, 51.79954327710280637, 58.02400173313644416 ) ) ;
#3887 = CARTESIAN_POINT ( 'NONE',  ( -20.04392921935533067, 70.32824487248755929, -63.48316706423866407 ) ) ;
#3888 = ORIENTED_EDGE ( 'NONE', *, *, #4963, .T. ) ;
#3889 = CARTESIAN_POINT ( 'NONE',  ( 48.58930946420747432, 57.39959067743480858, -56.15915269669390142 ) ) ;
#3890 = EDGE_LOOP ( 'NONE', ( #1855, #3228, #2760, #4373, #2709, #5273 ) ) ;
#3891 = CARTESIAN_POINT ( 'NONE',  ( -60.23518915044326150, 68.38075147845465551, 11.04543814222986242 ) ) ;
#3892 = ORIENTED_EDGE ( 'NONE', *, *, #4377, .F. ) ;
#3893 = CARTESIAN_POINT ( 'NONE',  ( 28.25910189633836467, 61.00000000000000000, 77.08328716403035230 ) ) ;
#3894 = CARTESIAN_POINT ( 'NONE',  ( 31.27642236415248433, 79.07238405319766628, -24.41109108889309809 ) ) ;
#3895 = CARTESIAN_POINT ( 'NONE',  ( -43.91044744688786494, 67.61734521269785603, 47.84946906423967761 ) ) ;
#3896 = CARTESIAN_POINT ( 'NONE',  ( 45.70832500829866518, 76.16938907256758284, -12.32343154758837755 ) ) ;
#3897 = CARTESIAN_POINT ( 'NONE',  ( -23.93083586123425732, 53.27527253398614704, -69.44942357927266130 ) ) ;
#3898 = B_SPLINE_CURVE_WITH_KNOTS ( 'NONE', 3,
 ( #5115, #5619, #305, #3392, #1691, #3010, #1745, #3477, #5194, #1319, #3056, #3795, #551, #3130, #4342, #2218 ),
 .UNSPECIFIED., .F., .F.,
 ( 4, 2, 2, 2, 2, 2, 2, 4 ),
 ( -1.074445212797995516E-05, 0.0006067862582656863984, 0.001224316968659352632, 0.002459378389446664065, 0.003076909099840317505, 0.003694439810233971812, 0.004311970520627625252, 0.004929501231021278691 ),
 .UNSPECIFIED. ) ;
#3899 = CARTESIAN_POINT ( 'NONE',  ( 64.99999999999998579, 71.31128151839124030, 5.779224591929442489 ) ) ;
#3900 = CARTESIAN_POINT ( 'NONE',  ( 31.58045222701716881, 78.50267896993403838, -26.70177513975250250 ) ) ;
#3901 = CARTESIAN_POINT ( 'NONE',  ( -25.99174343502728135, 46.00000000000000000, 73.01902020676028826 ) ) ;
#3902 = ADVANCED_FACE ( 'NONE', ( #4357 ), #5263, .T. ) ;
#3903 = DIRECTION ( 'NONE',  ( 0.4999999999999919509, 0.000000000000000000, 0.8660254037844432595 ) ) ;
#3904 = VERTEX_POINT ( 'NONE', #2688 ) ;
#3905 = CARTESIAN_POINT ( 'NONE',  ( 48.04995388654446486, 76.61842846507045124, -15.67476058937483963 ) ) ;
#3906 = DIRECTION ( 'NONE',  ( 0.000000000000000000, 0.000000000000000000, -1.000000000000000000 ) ) ;
#3907 = CARTESIAN_POINT ( 'NONE',  ( 39.86902352336287692, 76.55144540547696863, 0.000000000000000000 ) ) ;
#3908 = EDGE_CURVE ( 'NONE', #3194, #4309, #483, .T. ) ;
#3909 = CARTESIAN_POINT ( 'NONE',  ( -41.82572651499999949, 64.91731202448237070, -50.90744053214221765 ) ) ;
#3910 = ORIENTED_EDGE ( 'NONE', *, *, #513, .F. ) ;
#3911 = CARTESIAN_POINT ( 'NONE',  ( 46.58227042664936590, 63.37520769591045422, -52.68285911086920947 ) ) ;
#3912 = VERTEX_POINT ( 'NONE', #2636 ) ;
#3913 = CARTESIAN_POINT ( 'NONE',  ( -25.92232667802469237, 46.00000000000000000, -72.89878685673728853 ) ) ;
#3914 = VERTEX_POINT ( 'NONE', #4791 ) ;
#3915 = CARTESIAN_POINT ( 'NONE',  ( -72.64169657945068082, 57.89293898239950664, -13.99999999999999289 ) ) ;
#3916 = CARTESIAN_POINT ( 'NONE',  ( -24.58327197799765429, 45.87307673031753552, 70.57947608217452284 ) ) ;
#3917 = VERTEX_POINT ( 'NONE', #925 ) ;
#3918 = CARTESIAN_POINT ( 'NONE',  ( -22.98414166775491196, 57.23846896689819630, -67.80970113690904100 ) ) ;
#3919 = CARTESIAN_POINT ( 'NONE',  ( 67.93602631034103467, 64.39919800490793023, -14.00000000000000178 ) ) ;
#3920 = CARTESIAN_POINT ( 'NONE',  ( 35.42260625521949180, 77.93632389623604695, -32.50347101508229031 ) ) ;
#3921 = CARTESIAN_POINT ( 'NONE',  ( 19.96340200533990128, 83.58148700043116719, 2.444811636593135840E-15 ) ) ;
#3922 = CARTESIAN_POINT ( 'NONE',  ( -75.41082616755780066, 46.10331055350759044, 14.02123858991287975 ) ) ;
#3923 = ORIENTED_EDGE ( 'NONE', *, *, #2840, .T. ) ;
#3924 = CARTESIAN_POINT ( 'NONE',  ( 50.96643086590043481, 74.29311676814326404, -18.98825461357304434 ) ) ;
#3925 = CARTESIAN_POINT ( 'NONE',  ( 64.67211924113084365, 68.93947535392156567, 13.99999999999999822 ) ) ;
#3926 = EDGE_CURVE ( 'NONE', #176, #999, #3961, .T. ) ;
#3927 = CARTESIAN_POINT ( 'NONE',  ( 44.39539769316105122, 67.42165079097325986, 43.88189024572442065 ) ) ;
#3928 = CARTESIAN_POINT ( 'NONE',  ( 44.03946415403640202, 64.94776857187643770, 48.27858945291289672 ) ) ;
#3929 = CARTESIAN_POINT ( 'NONE',  ( 29.53631846924995585, 78.73288877954195186, -27.87684519351970280 ) ) ;
#3930 = EDGE_LOOP ( 'NONE', ( #1158, #4009, #3684, #5131, #3818, #4151 ) ) ;
#3931 = EDGE_CURVE ( 'NONE', #5479, #720, #4813, .T. ) ;
#3932 = CARTESIAN_POINT ( 'NONE',  ( 72.71679280154886271, 48.61675045524525984, 16.34738703895267165 ) ) ;
#3933 = ORIENTED_EDGE ( 'NONE', *, *, #419, .F. ) ;
#3934 = DIRECTION ( 'NONE',  ( 0.000000000000000000, -0.000000000000000000, 1.000000000000000000 ) ) ;
#3935 = LINE ( 'NONE', #4411, #1707 ) ;
#3936 = CARTESIAN_POINT ( 'NONE',  ( -21.43830434526736539, 54.09044109428987213, 69.88583011875977036 ) ) ;
#3937 = CARTESIAN_POINT ( 'NONE',  ( 48.76888224896568858, 71.49011486227433920, -31.97408137185475852 ) ) ;
#3938 = EDGE_LOOP ( 'NONE', ( #614, #3837, #3878, #5552 ) ) ;
#3939 = CARTESIAN_POINT ( 'NONE',  ( -24.17607515806511032, 51.72162299948355724, -69.87419050136129783 ) ) ;
#3940 = EDGE_CURVE ( 'NONE', #2492, #435, #3935, .T. ) ;
#3941 = CARTESIAN_POINT ( 'NONE',  ( 80.88563583943053459, 61.00000000000000000, 14.06854345165238662 ) ) ;
#3942 = CARTESIAN_POINT ( 'NONE',  ( 38.94354332363142390, 75.85919638580352853, -34.25414132833885361 ) ) ;
#3943 = CARTESIAN_POINT ( 'NONE',  ( 19.97606742458026829, 68.25930828242513826, -62.59956371479401582 ) ) ;
#3944 = LINE ( 'NONE', #495, #2982 ) ;
#3945 = ORIENTED_EDGE ( 'NONE', *, *, #294, .T. ) ;
#3946 = DIRECTION ( 'NONE',  ( 1.000000000000000000, 1.387778780781446464E-15, 0.000000000000000000 ) ) ;
#3947 = CARTESIAN_POINT ( 'NONE',  ( -15.80513287229751818, 67.42165079097325986, 60.38848733625270171 ) ) ;
#3948 = B_SPLINE_CURVE_WITH_KNOTS ( 'NONE', 3,
 ( #4503, #4174, #3732, #3667 ),
 .UNSPECIFIED., .F., .F.,
 ( 4, 4 ),
 ( 0.003934532143711285193, 0.004345251362166939295 ),
 .UNSPECIFIED. ) ;
#3949 = CARTESIAN_POINT ( 'NONE',  ( -72.24456889368644852, 51.06858755565809815, -16.35727458310304172 ) ) ;
#3950 = AXIS2_PLACEMENT_3D ( 'NONE', #3761, #177, #5388 ) ;
#3951 = EDGE_CURVE ( 'NONE', #5072, #3650, #3490, .T. ) ;
#3952 = CARTESIAN_POINT ( 'NONE',  ( 52.32489792211229229, 69.53683946036360908, -28.46991373825693117 ) ) ;
#3953 = VERTEX_POINT ( 'NONE', #5211 ) ;
#3954 = CARTESIAN_POINT ( 'NONE',  ( 49.99210123752735768, 53.09967776847617671, -53.84997973059650889 ) ) ;
#3955 = AXIS2_PLACEMENT_3D ( 'NONE', #1592, #2611, #1780 ) ;
#3956 = ORIENTED_EDGE ( 'NONE', *, *, #5624, .F. ) ;
#3957 = ADVANCED_FACE ( 'NONE', ( #3519 ), #698, .F. ) ;
#3958 = CARTESIAN_POINT ( 'NONE',  ( 65.00000000000000000, 71.01557896516720803, -9.360065328495748460 ) ) ;
#3959 = DIRECTION ( 'NONE',  ( -0.000000000000000000, -1.000000000000000000, -0.000000000000000000 ) ) ;
#3960 = CARTESIAN_POINT ( 'NONE',  ( 44.95988801691721193, 66.68505529899967144, -49.87281034790708389 ) ) ;
#3961 = LINE ( 'NONE', #2723, #5142 ) ;
#3962 = CARTESIAN_POINT ( 'NONE',  ( -22.98414166775128464, 57.23846896689515518, 67.80970113692474399 ) ) ;
#3963 = CARTESIAN_POINT ( 'NONE',  ( 61.64569282660146854, 67.10144975086279828, -15.06398317040915735 ) ) ;
#3964 = VECTOR ( 'NONE', #4492, 1000.000000000000000 ) ;
#3965 = FACE_OUTER_BOUND ( 'NONE', #4229, .T. ) ;
#3966 = FACE_OUTER_BOUND ( 'NONE', #4786, .T. ) ;
#3967 = VECTOR ( 'NONE', #2997, 1000.000000000000000 ) ;
#3968 = CARTESIAN_POINT ( 'NONE',  ( 43.53769711524484620, 73.51966355238729989, -34.48320016377535069 ) ) ;
#3969 = CARTESIAN_POINT ( 'NONE',  ( 20.36494451792405869, 69.92061267400556801, -63.27311859836513719 ) ) ;
#3970 = VERTEX_POINT ( 'NONE', #2374 ) ;
#3971 = LINE ( 'NONE', #35, #1055 ) ;
#3972 = VERTEX_POINT ( 'NONE', #1101 ) ;
#3973 = CYLINDRICAL_SURFACE ( 'NONE', #1419, 18.25000000000000000 ) ;
#3974 = CARTESIAN_POINT ( 'NONE',  ( 12.12435565298215856, 80.99999999999998579, -6.999999999999972466 ) ) ;
#3975 = CARTESIAN_POINT ( 'NONE',  ( -64.04942235729444633, 68.11553659766627788, -14.00000000000000000 ) ) ;
#3976 = EDGE_LOOP ( 'NONE', ( #2033, #1488, #3529, #475 ) ) ;
#3977 = CARTESIAN_POINT ( 'NONE',  ( 43.93945776398086167, 67.11011901865589380, -45.43674623218915087 ) ) ;
#3978 = DIRECTION ( 'NONE',  ( -0.3442034335729591832, 0.000000000000000000, 0.9388950933499362606 ) ) ;
#3979 = ORIENTED_EDGE ( 'NONE', *, *, #4619, .F. ) ;
#3980 = CARTESIAN_POINT ( 'NONE',  ( 48.29471644350714854, 58.46542898069701977, -55.64890261728579191 ) ) ;
#3981 = ORIENTED_EDGE ( 'NONE', *, *, #5381, .F. ) ;
#3982 = CARTESIAN_POINT ( 'NONE',  ( 40.45218258730352545, 67.25792533680852614, -23.40737530365724339 ) ) ;
#3983 = CARTESIAN_POINT ( 'NONE',  ( 25.92183210288533601, 46.00000000000000000, -72.89793022746670204 ) ) ;
#3984 = CARTESIAN_POINT ( 'NONE',  ( 0.000000000000000000, 49.00000000000000000, 0.000000000000000000 ) ) ;
#3985 = DIRECTION ( 'NONE',  ( -0.000000000000000000, -1.000000000000000000, -0.000000000000000000 ) ) ;
#3986 = CARTESIAN_POINT ( 'NONE',  ( -22.25519729061457141, 47.95356825463012029, 71.23746514324373891 ) ) ;
#3987 = CARTESIAN_POINT ( 'NONE',  ( 22.29425705480985798, 46.91607545010187863, 71.30177687236084694 ) ) ;
#3988 = CARTESIAN_POINT ( 'NONE',  ( 46.18574261309317563, 72.36768951314756748, -33.68171613967007971 ) ) ;
#3989 = EDGE_CURVE ( 'NONE', #4309, #1655, #4552, .T. ) ;
#3990 = CARTESIAN_POINT ( 'NONE',  ( 21.20656785621741491, 55.08934122041001302, 69.50042274262152375 ) ) ;
#3991 = CARTESIAN_POINT ( 'NONE',  ( -52.37013182887409357, 45.99999999999999289, -62.70772912669020371 ) ) ;
#3992 = CARTESIAN_POINT ( 'NONE',  ( 62.32612144191296011, 67.19864238473657281, 14.60097118743567179 ) ) ;
#3993 = CARTESIAN_POINT ( 'NONE',  ( 48.85984916891057850, 69.89835114099635405, -33.14051949899923954 ) ) ;
#3994 = CARTESIAN_POINT ( 'NONE',  ( -39.86902352336287692, 76.55144540547696863, 4.882547204301686264E-15 ) ) ;
#3995 = EDGE_CURVE ( 'NONE', #5481, #4190, #2438, .T. ) ;
#3996 = CARTESIAN_POINT ( 'NONE',  ( -19.34194825078863289, 67.51982736465312485, 61.82740059755281692 ) ) ;
#3997 = ORIENTED_EDGE ( 'NONE', *, *, #5555, .F. ) ;
#3998 = B_SPLINE_CURVE_WITH_KNOTS ( 'NONE', 3,
 ( #947, #3174, #2343, #2683, #103, #627, #983, #1439, #566, #4464, #3599, #4952, #163, #192, #2255, #3141 ),
 .UNSPECIFIED., .F., .F.,
 ( 4, 2, 2, 2, 2, 2, 2, 4 ),
 ( 0.000000000000000000, 0.002922268352081784301, 0.005844536704163568602, 0.008766805056245352903, 0.01168907340832713720, 0.01753361011249070581, 0.02045587846457248143, 0.02337814681665426053 ),
 .UNSPECIFIED. ) ;
#3999 = CARTESIAN_POINT ( 'NONE',  ( -75.60992364307435309, 46.05586453954278170, 14.00000000000000533 ) ) ;
#4000 = ORIENTED_EDGE ( 'NONE', *, *, #4822, .F. ) ;
#4001 = CARTESIAN_POINT ( 'NONE',  ( 22.38107657336220413, 70.72920227688678096, -62.13381441026713503 ) ) ;
#4002 = CARTESIAN_POINT ( 'NONE',  ( 72.88977574887108801, 45.87634716325730722, -16.34363780788265075 ) ) ;
#4003 = CARTESIAN_POINT ( 'NONE',  ( -72.48473196131031671, 50.03241630556109953, -16.35231945602055958 ) ) ;
#4004 = CARTESIAN_POINT ( 'NONE',  ( -48.42478646403143472, 51.72162299948825392, -55.87419050136745113 ) ) ;
#4005 = ORIENTED_EDGE ( 'NONE', *, *, #4929, .T. ) ;
#4006 = CARTESIAN_POINT ( 'NONE',  ( 47.87754250482561957, 70.16149125040082879, -33.85742945107283930 ) ) ;
#4007 = ORIENTED_EDGE ( 'NONE', *, *, #5381, .T. ) ;
#4008 = CARTESIAN_POINT ( 'NONE',  ( 0.000000000000000000, 0.000000000000000000, 14.00000000000000000 ) ) ;
#4009 = ORIENTED_EDGE ( 'NONE', *, *, #1506, .F. ) ;
#4010 = DIRECTION ( 'NONE',  ( 0.000000000000000000, 0.000000000000000000, 1.000000000000000000 ) ) ;
#4011 = DIRECTION ( 'NONE',  ( -0.000000000000000000, -1.000000000000000000, -0.000000000000000000 ) ) ;
#4012 = CARTESIAN_POINT ( 'NONE',  ( 40.31092777918028247, 67.00803221576347823, -24.61511543963753468 ) ) ;
#4013 = LINE ( 'NONE', #5348, #5603 ) ;
#4014 = CARTESIAN_POINT ( 'NONE',  ( 34.11746868527824006, 79.58122426011379957, -16.94080820700549594 ) ) ;
#4015 = CARTESIAN_POINT ( 'NONE',  ( 43.37829832516149509, 79.18929587709403961, -13.72656479006978181 ) ) ;
#4016 = CARTESIAN_POINT ( 'NONE',  ( -73.89637485823485008, 46.92052664020027919, -14.67361902691297004 ) ) ;
#4017 = CARTESIAN_POINT ( 'NONE',  ( -22.29088234255815948, 45.87634716325730722, 71.29621637861434635 ) ) ;
#4018 = CARTESIAN_POINT ( 'NONE',  ( 25.55348293065901899, 50.61866292743543738, 72.25993074624695112 ) ) ;
#4019 = CARTESIAN_POINT ( 'NONE',  ( -20.64763696491709055, 66.79099053449100154, -63.76275627947400437 ) ) ;
#4020 = ADVANCED_FACE ( 'NONE', ( #3725 ), #4150, .F. ) ;
#4021 = DIRECTION ( 'NONE',  ( -1.000000000000000000, 8.949944318576885364E-17, 0.000000000000000000 ) ) ;
#4022 = CARTESIAN_POINT ( 'NONE',  ( 34.67131307732812928, 78.43004756846768544, -31.85446628681538073 ) ) ;
#4023 = CARTESIAN_POINT ( 'NONE',  ( -20.37564434701770466, 0.000000000000000000, -63.29165124598855385 ) ) ;
#4024 = CARTESIAN_POINT ( 'NONE',  ( -19.03589492747993361, 67.36036662748441017, 61.59404296909031729 ) ) ;
#4025 = EDGE_CURVE ( 'NONE', #3273, #3870, #3690, .T. ) ;
#4026 = CARTESIAN_POINT ( 'NONE',  ( 60.23516308986386747, 68.38002314025985129, 11.05123572594847303 ) ) ;
#4027 = VERTEX_POINT ( 'NONE', #4044 ) ;
#4028 = CARTESIAN_POINT ( 'NONE',  ( 31.28572573259913270, 81.65419895293982222, -24.26050941939130823 ) ) ;
#4029 = CARTESIAN_POINT ( 'NONE',  ( -73.09813573234846729, 49.60266825055047235, -14.00000000001044320 ) ) ;
#4030 = CARTESIAN_POINT ( 'NONE',  ( 43.81650911529708026, 67.16491451319376438, -46.47094791782479462 ) ) ;
#4031 = CARTESIAN_POINT ( 'NONE',  ( 46.47704249320124603, 70.58453988093511100, -34.68178336906458270 ) ) ;
#4032 = AXIS2_PLACEMENT_3D ( 'NONE', #1018, #3576, #5295 ) ;
#4033 = ORIENTED_EDGE ( 'NONE', *, *, #3458, .T. ) ;
#4034 = CARTESIAN_POINT ( 'NONE',  ( 61.23307001653284232, 67.16783077010643410, -14.00000000000827960 ) ) ;
#4035 = B_SPLINE_CURVE_WITH_KNOTS ( 'NONE', 3,
 ( #3127, #2698, #3734, #4081, #4561, #1960, #1929, #2450, #675, #3670, #5480, #4506, #4968, #3702, #1537, #1569, #3305, #1996 ),
 .UNSPECIFIED., .F., .F.,
 ( 4, 2, 2, 2, 2, 2, 2, 2, 4 ),
 ( 6.283435673255384005E-17, 0.003241508590931791930, 0.006483017181863520544, 0.009724525772795250891, 0.01134528006826111129, 0.01296603436372696996, 0.01944905154559045668, 0.02269056013652220177, 0.02593206872745395380 ),
 .UNSPECIFIED. ) ;
#4036 = CARTESIAN_POINT ( 'NONE',  ( -49.58584774075938384, 55.08934122040999881, 53.11563786187343084 ) ) ;
#4037 = PRODUCT ( 'R7_ENG_2200_simplified_Zpilots', 'R7_ENG_2200_simplified_Zpilots', '', ( #4773 ) ) ;
#4038 = ORIENTED_EDGE ( 'NONE', *, *, #879, .F. ) ;
#4039 = FACE_OUTER_BOUND ( 'NONE', #2558, .T. ) ;
#4040 = CARTESIAN_POINT ( 'NONE',  ( 50.32307433495328297, 48.33919397457047040, -55.03992724158212013 ) ) ;
#4041 = CARTESIAN_POINT ( 'NONE',  ( 63.18582752819851578, 64.95410340582363062, -16.48162287518126234 ) ) ;
#4042 = CARTESIAN_POINT ( 'NONE',  ( 33.80567340074319560, 82.24425109057912664, -17.29150731879271774 ) ) ;
#4043 = AXIS2_PLACEMENT_3D ( 'NONE', #1767, #3500, #3083 ) ;
#4044 = CARTESIAN_POINT ( 'NONE',  ( -23.87564434701769400, 80.99999999999998579, -69.35382907247964113 ) ) ;
#4045 = CARTESIAN_POINT ( 'NONE',  ( -28.25910189633895442, 53.49999999999999289, -77.08328716403013914 ) ) ;
#4046 = CARTESIAN_POINT ( 'NONE',  ( 25.61026215520258376, 50.02349546675423397, 72.35827524797069543 ) ) ;
#4047 = CARTESIAN_POINT ( 'NONE',  ( 49.27617940829413357, 71.36209777015767486, -31.49152272421241250 ) ) ;
#4048 = AXIS2_PLACEMENT_3D ( 'NONE', #3842, #5557, #1709 ) ;
#4049 = VECTOR ( 'NONE', #5016, 1000.000000000000000 ) ;
#4050 = CARTESIAN_POINT ( 'NONE',  ( 24.58327197799718888, 45.87307673031754263, -70.57947608217469337 ) ) ;
#4051 = CARTESIAN_POINT ( 'NONE',  ( 49.03223076661988244, 71.41312408967294800, -31.75679321412016520 ) ) ;
#4052 = CARTESIAN_POINT ( 'NONE',  ( 46.76632487716751285, 75.66779182648178903, -12.81196524760367339 ) ) ;
#4053 = DIRECTION ( 'NONE',  ( 0.000000000000000000, -1.000000000000000000, 0.000000000000000000 ) ) ;
#4054 = DIRECTION ( 'NONE',  ( 0.000000000000000000, -0.000000000000000000, 1.000000000000000000 ) ) ;
#4055 = CARTESIAN_POINT ( 'NONE',  ( 19.90035552566450505, 68.11553659766627788, 62.46842685913616577 ) ) ;
#4056 = VERTEX_POINT ( 'NONE', #4524 ) ;
#4057 = CARTESIAN_POINT ( 'NONE',  ( 36.55947562403463991, 71.39731489569166456, -53.94791190168342609 ) ) ;
#4058 = DIRECTION ( 'NONE',  ( 0.000000000000000000, 1.000000000000000000, 0.000000000000000000 ) ) ;
#4059 = ADVANCED_FACE ( 'NONE', ( #1983 ), #4396, .F. ) ;
#4060 = CARTESIAN_POINT ( 'NONE',  ( -48.17954716719405184, 53.27527253397991558, -55.44942357925960152 ) ) ;
#4061 = VERTEX_POINT ( 'NONE', #3179 ) ;
#4062 = CARTESIAN_POINT ( 'NONE',  ( -17.37964762039239019, 67.11011901865586537, -60.77105976821532352 ) ) ;
#4063 = B_SPLINE_CURVE_WITH_KNOTS ( 'NONE', 3,
 ( #4633, #5540, #5061, #3710, #2978, #5113, #1599, #334, #4234, #4566, #1209, #1659, #5515, #2952, #3825, #2889 ),
 .UNSPECIFIED., .F., .F.,
 ( 4, 2, 2, 2, 2, 2, 2, 4 ),
 ( 7.757919228897728493E-18, 0.002904847265335212033, 0.005809694530670416260, 0.01161938906134082385, 0.01452423632667601723, 0.01742908359201121235, 0.02033393085734640574, 0.02323877812268159912 ),
 .UNSPECIFIED. ) ;
#4064 = ORIENTED_EDGE ( 'NONE', *, *, #1397, .F. ) ;
#4065 = CARTESIAN_POINT ( 'NONE',  ( -80.88563583943053459, 61.00000000000000000, 14.06854345165236886 ) ) ;
#4066 = CARTESIAN_POINT ( 'NONE',  ( 61.86493503787937698, 69.87390944627894385, -14.00000000000000178 ) ) ;
#4067 = CARTESIAN_POINT ( 'NONE',  ( 42.74089066116213331, 67.16783077005855773, -46.02939418605802757 ) ) ;
#4068 = EDGE_CURVE ( 'NONE', #5149, #4162, #1787, .T. ) ;
#4069 = VERTEX_POINT ( 'NONE', #4648 ) ;
#4070 = CARTESIAN_POINT ( 'NONE',  ( -48.24989014508387442, 59.75118097120996907, -50.71564942525581188 ) ) ;
#4071 = CARTESIAN_POINT ( 'NONE',  ( 25.78437493449834150, 46.02785684633895613, -72.65984742795590989 ) ) ;
#4072 = LINE ( 'NONE', #4811, #4787 ) ;
#4073 = CARTESIAN_POINT ( 'NONE',  ( -62.32614344338750811, 67.19864738945653926, 14.60095782778926754 ) ) ;
#4074 = CARTESIAN_POINT ( 'NONE',  ( 32.92154566249158165, 79.68529934956235650, -18.48713322563747496 ) ) ;
#4075 = CARTESIAN_POINT ( 'NONE',  ( 46.31301411495567777, 63.85723507571436386, 48.31670382839890010 ) ) ;
#4076 = LINE ( 'NONE', #1984, #502 ) ;
#4077 = CARTESIAN_POINT ( 'NONE',  ( 16.63872370371684895, 66.12567138047174353, 61.80628083039066922 ) ) ;
#4078 = CARTESIAN_POINT ( 'NONE',  ( 24.37286708800287016, 50.13673092390483532, -70.21504412252342320 ) ) ;
#4079 = CARTESIAN_POINT ( 'NONE',  ( 25.21782718930895584, 68.90896350639843604, -55.01584595348942486 ) ) ;
#4080 = CARTESIAN_POINT ( 'NONE',  ( 53.12342044416243425, 69.92295295032160141, -25.66248196664551173 ) ) ;
#4081 = CARTESIAN_POINT ( 'NONE',  ( 49.83922082758449079, 50.33324878643520606, 58.32406268302273133 ) ) ;
#4082 = CARTESIAN_POINT ( 'NONE',  ( 0.000000000000000000, 80.99999999999998579, -14.00000000000000000 ) ) ;
#4083 = ORIENTED_EDGE ( 'NONE', *, *, #4453, .F. ) ;
#4084 = CARTESIAN_POINT ( 'NONE',  ( 25.68060580985593333, 46.05586463635719952, 72.48011403182036361 ) ) ;
#4085 = CARTESIAN_POINT ( 'NONE',  ( -48.12435565298201112, 80.99999999999998579, -55.35382907247969086 ) ) ;
#4086 = VERTEX_POINT ( 'NONE', #3862 ) ;
#4087 = LINE ( 'NONE', #3192, #2879 ) ;
#4088 = CARTESIAN_POINT ( 'NONE',  ( -25.78416270433127266, 45.85812873523628497, -72.65947983452470282 ) ) ;
#4089 = CARTESIAN_POINT ( 'NONE',  ( 6.689608771732467798E-16, 76.99140126247186799, -1.499999999999983125 ) ) ;
#4090 = DIRECTION ( 'NONE',  ( 1.387778780781446464E-15, 1.000000000000000000, -0.000000000000000000 ) ) ;
#4091 = ADVANCED_FACE ( 'NONE', ( #2106 ), #2529, .F. ) ;
#4092 = ORIENTED_EDGE ( 'NONE', *, *, #3995, .T. ) ;
#4093 = CARTESIAN_POINT ( 'NONE',  ( 80.88563583943053459, 61.00000000000000000, 14.06854345165238662 ) ) ;
#4094 = CARTESIAN_POINT ( 'NONE',  ( -60.25898069983629313, 69.04912902142196174, -1.380269307963183145 ) ) ;
#4095 = CARTESIAN_POINT ( 'NONE',  ( 45.20644746069867637, 66.12567138047326409, -45.31269782915853028 ) ) ;
#4096 = ORIENTED_EDGE ( 'NONE', *, *, #2679, .T. ) ;
#4097 = CARTESIAN_POINT ( 'NONE',  ( -43.53194872080170796, 69.15083099223261343, -47.39954693691185383 ) ) ;
#4098 = CARTESIAN_POINT ( 'NONE',  ( 0.000000000000000000, 43.00000000000000000, 0.000000000000000000 ) ) ;
#4099 = B_SPLINE_CURVE_WITH_KNOTS ( 'NONE', 3,
 ( #3833, #5575, #3317, #2464, #282, #2958, #2124, #4574, #5120, #2433, #1153, #1189, #2900, #1611, #1248, #1698 ),
 .UNSPECIFIED., .F., .F.,
 ( 4, 2, 2, 2, 2, 2, 2, 4 ),
 ( -1.074445212798337040E-05, 0.0006067862582656701354, 0.001224316968659323792, 0.002459378389446648452, 0.003076909099840304494, 0.003694439810233960970, 0.004311970520627616578, 0.004929501231021273487 ),
 .UNSPECIFIED. ) ;
#4100 = CARTESIAN_POINT ( 'NONE',  ( -70.32533638679591093, 56.03426478454696280, 16.39281690041649142 ) ) ;
#4101 = ADVANCED_FACE ( 'NONE', ( #2131 ), #4676, .T. ) ;
#4102 = DIRECTION ( 'NONE',  ( 0.000000000000000000, 0.9591523068285034981, -0.2828901771104119223 ) ) ;
#4103 = DIRECTION ( 'NONE',  ( 0.9388950933499407014, 0.000000000000000000, -0.3442034335729470262 ) ) ;
#4104 = CARTESIAN_POINT ( 'NONE',  ( 19.74746494592267965, 68.39397752115087314, 62.20361260702470219 ) ) ;
#4105 = LINE ( 'NONE', #3752, #3789 ) ;
#4106 = CARTESIAN_POINT ( 'NONE',  ( 53.07386992952695692, 71.11811543896418186, -21.20155608582193452 ) ) ;
#4107 = CARTESIAN_POINT ( 'NONE',  ( 17.90883459806380174, 63.85246432331572208, -63.95956714159925838 ) ) ;
#4108 = CARTESIAN_POINT ( 'NONE',  ( 34.99193667012154663, 71.45628046718185544, -54.85293093869029946 ) ) ;
#4109 = CARTESIAN_POINT ( 'NONE',  ( 51.86730103932950442, 70.25540911832342772, -27.08706375341832384 ) ) ;
#4110 = PLANE ( 'NONE',  #1174 ) ;
#4111 = LINE ( 'NONE', #2447, #3005 ) ;
#4112 = CARTESIAN_POINT ( 'NONE',  ( 42.94179919680486535, 66.18627272451074361, -23.15136447906449391 ) ) ;
#4113 = ORIENTED_EDGE ( 'NONE', *, *, #80, .T. ) ;
#4114 = EDGE_CURVE ( 'NONE', #890, #4311, #3803, .T. ) ;
#4115 = ORIENTED_EDGE ( 'NONE', *, *, #3940, .T. ) ;
#4116 = CARTESIAN_POINT ( 'NONE',  ( -49.75156183231046469, 47.27665030204801155, -56.16564631967272447 ) ) ;
#4117 = CARTESIAN_POINT ( 'NONE',  ( 17.37968718960674153, 67.11011714587895938, -60.77107372865092572 ) ) ;
#4118 = CARTESIAN_POINT ( 'NONE',  ( -65.54398523580105973, 66.79099053448685197, -14.00000000000002309 ) ) ;
#4119 = CARTESIAN_POINT ( 'NONE',  ( 71.29660207761371282, 60.24119735950313981, 13.99999999999998757 ) ) ;
#4120 = ORIENTED_EDGE ( 'NONE', *, *, #4904, .T. ) ;
#4121 = CARTESIAN_POINT ( 'NONE',  ( 20.37564434701814875, 0.000000000000000000, -63.29165124598841174 ) ) ;
#4122 = CARTESIAN_POINT ( 'NONE',  ( -32.52345091702463264, 69.01561503458026436, 50.80228491918802547 ) ) ;
#4123 = CARTESIAN_POINT ( 'NONE',  ( 71.70771068004097515, 54.28634147769194129, -14.00000000001146994 ) ) ;
#4124 = CARTESIAN_POINT ( 'NONE',  ( -51.59461799496916257, 79.00149741535466319, 103.1892359899383820 ) ) ;
#4125 = FACE_OUTER_BOUND ( 'NONE', #5186, .T. ) ;
#4126 = ORIENTED_EDGE ( 'NONE', *, *, #2177, .F. ) ;
#4127 = CARTESIAN_POINT ( 'NONE',  ( -52.62653394309135280, 45.99999999999999289, -63.01474371237779337 ) ) ;
#4128 = EDGE_CURVE ( 'NONE', #4564, #4942, #1704, .T. ) ;
#4129 = VECTOR ( 'NONE', #4761, 1000.000000000000000 ) ;
#4130 = CARTESIAN_POINT ( 'NONE',  ( -73.09813573235257422, 49.60266825055310136, 13.99999999999374012 ) ) ;
#4131 = CARTESIAN_POINT ( 'NONE',  ( 51.59461799496918388, 79.00149741535467740, -1.263703675615389025E-14 ) ) ;
#4132 = CARTESIAN_POINT ( 'NONE',  ( -72.88977574887108801, 45.87634716325730722, 16.34363780788265075 ) ) ;
#4133 = CARTESIAN_POINT ( 'NONE',  ( -12.12435565298215856, 80.99999999999998579, 6.999999999999972466 ) ) ;
#4134 = FACE_OUTER_BOUND ( 'NONE', #3976, .T. ) ;
#4135 = CARTESIAN_POINT ( 'NONE',  ( 24.99714948976315299, 54.48109043193349521, 71.29633296066552361 ) ) ;
#4136 = ADVANCED_FACE ( 'NONE', ( #288, #1225 ), #3839, .T. ) ;
#4137 = CARTESIAN_POINT ( 'NONE',  ( 40.81832232142667038, 80.28054076697915775, -13.64745435532290863 ) ) ;
#4138 = CARTESIAN_POINT ( 'NONE',  ( 20.40464906929207345, 63.77279572263785923, -63.34188889862962668 ) ) ;
#4139 = DIRECTION ( 'NONE',  ( 0.000000000000000000, 0.000000000000000000, -1.000000000000000000 ) ) ;
#4140 = CARTESIAN_POINT ( 'NONE',  ( 51.18819501936255989, 70.09309209452375455, -28.85978130690443777 ) ) ;
#4141 = CARTESIAN_POINT ( 'NONE',  ( 49.83499196500397943, 73.96483836075192642, -15.09233566382802927 ) ) ;
#4142 = CARTESIAN_POINT ( 'NONE',  ( 0.000000000000000000, 0.000000000000000000, 14.00000000000000000 ) ) ;
#4143 = CARTESIAN_POINT ( 'NONE',  ( 71.63150105874353812, 53.09967776846410459, 16.36943979495315560 ) ) ;
#4144 = DIRECTION ( 'NONE',  ( -0.000000000000000000, -1.000000000000000000, -0.000000000000000000 ) ) ;
#4145 = VECTOR ( 'NONE', #5087, 1000.000000000000000 ) ;
#4146 = ORIENTED_EDGE ( 'NONE', *, *, #2231, .F. ) ;
#4147 = VECTOR ( 'NONE', #4053, 1000.000000000000000 ) ;
#4148 = EDGE_CURVE ( 'NONE', #438, #2093, #4635, .T. ) ;
#4149 = CARTESIAN_POINT ( 'NONE',  ( 65.00000000011884538, 64.46641794724095575, 13.39513530328063062 ) ) ;
#4150 = TOROIDAL_SURFACE ( 'NONE', #1427, 77.50708379720883556, 3.000000000000000000 ) ;
#4151 = ORIENTED_EDGE ( 'NONE', *, *, #1539, .T. ) ;
#4152 = LINE ( 'NONE', #4973, #5054 ) ;
#4153 = CARTESIAN_POINT ( 'NONE',  ( -50.03308624045984487, 46.02785684633902008, -58.65984742795746598 ) ) ;
#4154 = LINE ( 'NONE', #2891, #1619 ) ;
#4155 = CARTESIAN_POINT ( 'NONE',  ( -48.79618970457875093, 48.00576291639310256, -56.51747978410325857 ) ) ;
#4156 = CARTESIAN_POINT ( 'NONE',  ( 28.12142052291027028, 0.000000000000000000, -76.70772912669001187 ) ) ;
#4157 = ORIENTED_EDGE ( 'NONE', *, *, #4399, .F. ) ;
#4158 = CARTESIAN_POINT ( 'NONE',  ( 37.46574005214461067, 81.43163002301383813, -14.52992571157130008 ) ) ;
#4159 = CARTESIAN_POINT ( 'NONE',  ( 72.34072158106992845, 58.46542898070119776, -13.99999999999998046 ) ) ;
#4160 = VECTOR ( 'NONE', #2487, 1000.000000000000000 ) ;
#4161 = CARTESIAN_POINT ( 'NONE',  ( -36.29640855982325576, 81.21657633948643706, 4.445028056333212722E-15 ) ) ;
#4162 = VERTEX_POINT ( 'NONE', #4712 ) ;
#4163 = FACE_OUTER_BOUND ( 'NONE', #804, .T. ) ;
#4164 = CARTESIAN_POINT ( 'NONE',  ( -75.35567716728736798, 50.61866292743545159, 13.99999999999999112 ) ) ;
#4165 = CARTESIAN_POINT ( 'NONE',  ( 50.17103798398942871, 46.00000000000000000, -58.89878685673700431 ) ) ;
#4166 = CARTESIAN_POINT ( 'NONE',  ( -20.21138338954649072, 68.93822299895370520, 63.00714292194670207 ) ) ;
#4167 = DIRECTION ( 'NONE',  ( 0.000000000000000000, -1.000000000000000000, 0.000000000000000000 ) ) ;
#4168 = CARTESIAN_POINT ( 'NONE',  ( -43.86863852105625483, 67.10144975086279828, -45.85474443652454113 ) ) ;
#4169 = CARTESIAN_POINT ( 'NONE',  ( 41.78572573259913980, 96.99999999999998579, -25.62500000000004263 ) ) ;
#4170 = CARTESIAN_POINT ( 'NONE',  ( 33.86304777207713812, 78.98695802997671933, -31.02333761017795055 ) ) ;
#4171 = CARTESIAN_POINT ( 'NONE',  ( 50.37415405558181192, 73.61074514201261820, -15.68257680403928944 ) ) ;
#4172 = CARTESIAN_POINT ( 'NONE',  ( 64.99999999999998579, 80.99999999999998579, 14.00000000000000000 ) ) ;
#4173 = EDGE_CURVE ( 'NONE', #4200, #5479, #1676, .T. ) ;
#4174 = CARTESIAN_POINT ( 'NONE',  ( 75.95440446762000875, 46.00937601690883128, 14.00000000000000000 ) ) ;
#4175 = CARTESIAN_POINT ( 'NONE',  ( -62.85993769661729402, 67.36036041969025234, -14.31146016718073888 ) ) ;
#4176 = CARTESIAN_POINT ( 'NONE',  ( 41.78572573259551604, 66.05830548580790662, -25.62500000000006395 ) ) ;
#4177 = VERTEX_POINT ( 'NONE', #2497 ) ;
#4178 = DIRECTION ( 'NONE',  ( 0.000000000000000000, -1.000000000000000000, -0.000000000000000000 ) ) ;
#4179 = EDGE_CURVE ( 'NONE', #2155, #3213, #4352, .T. ) ;
#4180 = CARTESIAN_POINT ( 'NONE',  ( 60.23518915044326150, 68.38075147845465551, -11.04543814222986242 ) ) ;
#4181 = CARTESIAN_POINT ( 'NONE',  ( -61.23307001647722103, 67.16783077001774416, -13.99999999998140332 ) ) ;
#4182 = B_SPLINE_CURVE_WITH_KNOTS ( 'NONE', 3,
 ( #3927, #14, #3855, #1771, #5574, #5198, #3505, #1697, #917, #4757, #5226, #1347, #3481, #2600, #3087, #430 ),
 .UNSPECIFIED., .F., .F.,
 ( 4, 2, 2, 2, 2, 2, 2, 4 ),
 ( 1.699674944388147786E-17, 0.002904847265335210298, 0.005809694530670404117, 0.01161938906134081170, 0.01452423632667600682, 0.01742908359201120194, 0.02033393085734639880, 0.02323877812268159565 ),
 .UNSPECIFIED. ) ;
#4183 = CARTESIAN_POINT ( 'NONE',  ( 39.86902352336287692, 76.55144540547696863, -9.765094408603359907E-15 ) ) ;
#4184 = ORIENTED_EDGE ( 'NONE', *, *, #56, .T. ) ;
#4185 = CARTESIAN_POINT ( 'NONE',  ( 32.78439793797528523, 82.32355810310636457, -18.70694515678014369 ) ) ;
#4186 = CARTESIAN_POINT ( 'NONE',  ( 34.93374111393487880, 68.91564237809741655, 49.40663274779632985 ) ) ;
#4187 = DIRECTION ( 'NONE',  ( -1.000000000000000000, 0.000000000000000000, 0.000000000000000000 ) ) ;
#4188 = CARTESIAN_POINT ( 'NONE',  ( -64.99999999999998579, 71.01583216044012659, -9.358626346390058970 ) ) ;
#4189 = ORIENTED_EDGE ( 'NONE', *, *, #2935, .F. ) ;
#4190 = VERTEX_POINT ( 'NONE', #1733 ) ;
#4191 = CARTESIAN_POINT ( 'NONE',  ( 51.59461799496915546, 79.00149741535466319, -103.1892359899383820 ) ) ;
#4192 = CARTESIAN_POINT ( 'NONE',  ( -28.93748899668750596, 69.04875912864974907, -52.87399526674010986 ) ) ;
#4193 = CARTESIAN_POINT ( 'NONE',  ( -15.80513287229669217, 67.42165079097325986, -60.38848733625292198 ) ) ;
#4194 = CARTESIAN_POINT ( 'NONE',  ( 35.35329868464935288, 79.69589749210061314, -12.86640499832165219 ) ) ;
#4195 = CARTESIAN_POINT ( 'NONE',  ( -24.71189499311291371, 46.58990982170605832, 71.56635872916433527 ) ) ;
#4196 = CARTESIAN_POINT ( 'NONE',  ( -44.35981763477812478, 67.39059217359785237, 43.97351059919915173 ) ) ;
#4197 = CARTESIAN_POINT ( 'NONE',  ( 33.58749596401628423, 80.05623385971313155, -14.03933482143643907 ) ) ;
#4198 = ORIENTED_EDGE ( 'NONE', *, *, #3206, .F. ) ;
#4199 = CARTESIAN_POINT ( 'NONE',  ( 71.24205642004626782, 54.09044109429535041, 16.37679888229213532 ) ) ;
#4200 = VERTEX_POINT ( 'NONE', #1351 ) ;
#4201 = EDGE_CURVE ( 'NONE', #5432, #1757, #4553, .T. ) ;
#4202 = CARTESIAN_POINT ( 'NONE',  ( 60.25289740285172968, 68.87759478922421863, 5.616428445184247664 ) ) ;
#4203 = DIRECTION ( 'NONE',  ( 0.000000000000000000, -1.000000000000000000, 0.000000000000000000 ) ) ;
#4204 = CARTESIAN_POINT ( 'NONE',  ( -64.99999999999998579, 70.12951399001688912, -13.99999999999999645 ) ) ;
#4205 = ADVANCED_FACE ( 'NONE', ( #2227 ), #1903, .F. ) ;
#4206 = CARTESIAN_POINT ( 'NONE',  ( 75.43003819877689864, 50.33153266396304559, 13.99999999999999289 ) ) ;
#4207 = VERTEX_POINT ( 'NONE', #3227 ) ;
#4208 = CARTESIAN_POINT ( 'NONE',  ( 31.70554847382787145, 79.57370319694022953, -21.15630573665251646 ) ) ;
#4209 = CARTESIAN_POINT ( 'NONE',  ( -47.97821099298694492, 54.28634147769885487, 55.10069909615567241 ) ) ;
#4210 = CARTESIAN_POINT ( 'NONE',  ( 49.86151216686271681, 47.53496170213770711, 55.85618044940745364 ) ) ;
#4211 = CARTESIAN_POINT ( 'NONE',  ( -60.20053056545826564, 67.42165079097325986, 16.50659709052888502 ) ) ;
#4212 = CARTESIAN_POINT ( 'NONE',  ( -49.24525188925399988, 54.48432739547300230, -57.29527830371552000 ) ) ;
#4213 = B_SPLINE_CURVE_WITH_KNOTS ( 'NONE', 3,
 ( #884, #857, #5616, #2592, #1270, #4318, #5566, #833, #3032, #4749, #2088, #2620, #2543, #5539, #392, #1658 ),
 .UNSPECIFIED., .F., .F.,
 ( 4, 2, 2, 2, 2, 2, 2, 4 ),
 ( 0.000000000000000000, 0.002922268352081784301, 0.005844536704163568602, 0.008766805056245352903, 0.01168907340832713720, 0.01753361011249070581, 0.02045587846457248143, 0.02337814681665426053 ),
 .UNSPECIFIED. ) ;
#4214 = ORIENTED_EDGE ( 'NONE', *, *, #5340, .F. ) ;
#4215 = CARTESIAN_POINT ( 'NONE',  ( -39.86902352336360877, 76.55144540547698284, 79.73804704672613752 ) ) ;
#4216 = EDGE_LOOP ( 'NONE', ( #153, #122, #2099, #4859 ) ) ;
#4217 = DIRECTION ( 'NONE',  ( 0.000000000000000000, -0.9769017270119949581, 0.2136890632694656844 ) ) ;
#4218 = CARTESIAN_POINT ( 'NONE',  ( -19.36459197632514062, 60.80372878173845663, 66.41781701759511236 ) ) ;
#4219 = CARTESIAN_POINT ( 'NONE',  ( 75.60992292567748052, 46.05586463635721373, 14.00000000000000178 ) ) ;
#4220 = CARTESIAN_POINT ( 'NONE',  ( 38.60292896512476091, 76.04846396425054422, -34.15083525693807331 ) ) ;
#4221 = CARTESIAN_POINT ( 'NONE',  ( 49.99357256924327686, 48.24151529171869868, 58.59140774181246769 ) ) ;
#4222 = CARTESIAN_POINT ( 'NONE',  ( 46.80903827728170796, 75.64677207154146288, -12.83439942526556798 ) ) ;
#4223 = DIRECTION ( 'NONE',  ( 0.000000000000000000, 0.000000000000000000, -1.000000000000000000 ) ) ;
#4224 = CIRCLE ( 'NONE', #4945, 66.70000000000000284 ) ;
#4225 = CARTESIAN_POINT ( 'NONE',  ( -20.37564434701770466, 70.33830226810675867, -63.29165124598855385 ) ) ;
#4226 = CARTESIAN_POINT ( 'NONE',  ( 30.77745427123048216, 80.39320227576833133, -17.12725004148914110 ) ) ;
#4227 = ORIENTED_EDGE ( 'NONE', *, *, #5085, .F. ) ;
#4228 = CARTESIAN_POINT ( 'NONE',  ( 70.76314300612375519, 56.26540278044148380, 14.00000000001987388 ) ) ;
#4229 = EDGE_LOOP ( 'NONE', ( #4789, #1461, #4033, #4644, #1184 ) ) ;
#4230 = VECTOR ( 'NONE', #1022, 1000.000000000000000 ) ;
#4231 = CARTESIAN_POINT ( 'NONE',  ( 40.31719596606478007, 67.21619497740643112, -23.80252983651890375 ) ) ;
#4232 = CARTESIAN_POINT ( 'NONE',  ( -44.62435565298271456, 80.99999999999998579, 49.29165124598798542 ) ) ;
#4233 = CARTESIAN_POINT ( 'NONE',  ( 33.89132551419074701, 76.74831318714616657, -31.09679477323170005 ) ) ;
#4234 = CARTESIAN_POINT ( 'NONE',  ( 20.48958420640845901, 57.64672313975278684, -68.30425702708238589 ) ) ;
#4235 = VECTOR ( 'NONE', #1321, 1000.000000000000000 ) ;
#4236 = VECTOR ( 'NONE', #1496, 1000.000000000000000 ) ;
#4237 = AXIS2_PLACEMENT_3D ( 'NONE', #834, #3450, #5617 ) ;
#4238 = CARTESIAN_POINT ( 'NONE',  ( -25.78787491908690299, 47.05105508795759306, -72.66590957909005510 ) ) ;
#4239 = FACE_OUTER_BOUND ( 'NONE', #2395, .T. ) ;
#4240 = ORIENTED_EDGE ( 'NONE', *, *, #5242, .F. ) ;
#4241 = CARTESIAN_POINT ( 'NONE',  ( -48.17954716719908959, 53.27527253399617990, 55.44942357924236376 ) ) ;
#4242 = CARTESIAN_POINT ( 'NONE',  ( 12.12435565298215856, 80.99999999999998579, -6.999999999999972466 ) ) ;
#4243 = CARTESIAN_POINT ( 'NONE',  ( -65.00000000000000000, 71.49226878982210565, -1.420148913742232955 ) ) ;
#4244 = EDGE_CURVE ( 'NONE', #1223, #4448, #3760, .T. ) ;
#4245 = PLANE ( 'NONE',  #1264 ) ;
#4246 = VECTOR ( 'NONE', #2537, 1000.000000000000000 ) ;
#4247 = ORIENTED_EDGE ( 'NONE', *, *, #2911, .T. ) ;
#4248 = CARTESIAN_POINT ( 'NONE',  ( 49.31968164223400919, 54.10447137732717238, 57.42419441747271236 ) ) ;
#4249 = CARTESIAN_POINT ( 'NONE',  ( 29.83014459666704354, 78.48263517641726139, -28.62777978351752850 ) ) ;
#4250 = VECTOR ( 'NONE', #739, 1000.000000000000114 ) ;
#4251 = ORIENTED_EDGE ( 'NONE', *, *, #4547, .T. ) ;
#4252 = CARTESIAN_POINT ( 'NONE',  ( 15.80513287229626940, 67.42165079097325986, 60.38848733625302145 ) ) ;
#4253 = EDGE_CURVE ( 'NONE', #4086, #1977, #1888, .T. ) ;
#4254 = CARTESIAN_POINT ( 'NONE',  ( 0.000000000000000000, 61.00000000000000000, 0.000000000000000000 ) ) ;
#4255 = CARTESIAN_POINT ( 'NONE',  ( 31.28572573259913270, 82.99999999999998579, -24.12500000000006040 ) ) ;
#4256 = CARTESIAN_POINT ( 'NONE',  ( 48.57818312271533046, 74.42703070951220923, -16.08346600746719091 ) ) ;
#4257 = FACE_OUTER_BOUND ( 'NONE', #2741, .T. ) ;
#4258 = ORIENTED_EDGE ( 'NONE', *, *, #4636, .T. ) ;
#4259 = CARTESIAN_POINT ( 'NONE',  ( -44.25854252746594852, 67.30765027970353742, 44.25812257398347072 ) ) ;
#4260 = LINE ( 'NONE', #1172, #1525 ) ;
#4261 = CARTESIAN_POINT ( 'NONE',  ( 63.53246871185373834, 64.62690840039347506, 16.47825089123491438 ) ) ;
#4262 = ORIENTED_EDGE ( 'NONE', *, *, #5425, .F. ) ;
#4263 = CARTESIAN_POINT ( 'NONE',  ( -24.37286708799716095, 50.13673092389186081, -70.21504412253200655 ) ) ;
#4264 = CARTESIAN_POINT ( 'NONE',  ( 64.99999999999995737, 70.32645668468860833, -14.39130990168625068 ) ) ;
#4265 = CARTESIAN_POINT ( 'NONE',  ( 32.77621190726371481, 76.58159962685166988, -32.78659736835049188 ) ) ;
#4266 =( NAMED_UNIT ( * ) PLANE_ANGLE_UNIT ( ) SI_UNIT ( $, .RADIAN. ) );
#4267 = EDGE_CURVE ( 'NONE', #4086, #4564, #1064, .T. ) ;
#4268 = DIRECTION ( 'NONE',  ( -0.000000000000000000, -1.000000000000000000, -0.000000000000000000 ) ) ;
#4269 = ORIENTED_EDGE ( 'NONE', *, *, #3656, .T. ) ;
#4270 = CARTESIAN_POINT ( 'NONE',  ( 0.000000000000000000, 45.99999999999999289, 0.000000000000000000 ) ) ;
#4271 = CARTESIAN_POINT ( 'NONE',  ( -49.65591427187945328, 46.92052664020027208, 56.65932836135201711 ) ) ;
#4272 = CARTESIAN_POINT ( 'NONE',  ( -72.58857721167628085, 49.58324814417438375, 16.35013874407906442 ) ) ;
#4273 = CARTESIAN_POINT ( 'NONE',  ( -44.56292380281271903, 67.38168135652028923, 43.78348947467068797 ) ) ;
#4274 = CARTESIAN_POINT ( 'NONE',  ( 1.005435022099977049E-14, 0.000000000000000000, 82.10000000000000853 ) ) ;
#4275 = ORIENTED_EDGE ( 'NONE', *, *, #2402, .F. ) ;
#4276 = EDGE_CURVE ( 'NONE', #454, #1912, #4694, .T. ) ;
#4277 = CARTESIAN_POINT ( 'NONE',  ( -37.55103773241704346, 71.34451325391479770, -53.37543325149055562 ) ) ;
#4278 = ORIENTED_EDGE ( 'NONE', *, *, #1682, .T. ) ;
#4279 = CARTESIAN_POINT ( 'NONE',  ( -75.73724549811923623, 48.19300188175394339, 14.00000000000003197 ) ) ;
#4280 = CARTESIAN_POINT ( 'NONE',  ( -42.04894693668786232, 67.97768854755386769, -45.25997229116235587 ) ) ;
#4281 = EDGE_LOOP ( 'NONE', ( #3759, #5334, #3797, #3738, #5287, #4671, #1326, #3581, #3377 ) ) ;
#4282 = ADVANCED_FACE ( 'NONE', ( #4125 ), #1463, .T. ) ;
#4283 = CARTESIAN_POINT ( 'NONE',  ( -25.68060616855587952, 46.05586453954278170, 72.48011465310372614 ) ) ;
#4284 = ORIENTED_EDGE ( 'NONE', *, *, #2576, .T. ) ;
#4285 = CARTESIAN_POINT ( 'NONE',  ( -25.17867762304233992, 53.47034647065111557, -71.61074891050725455 ) ) ;
#4286 = CARTESIAN_POINT ( 'NONE',  ( -52.37013182887405094, 0.000000000000000000, -62.70772912669023214 ) ) ;
#4287 = CARTESIAN_POINT ( 'NONE',  ( 43.82405846928262605, 67.36036662748442438, 47.28259007551402249 ) ) ;
#4288 = CARTESIAN_POINT ( 'NONE',  ( 65.09822895896269301, 67.19961627838252127, 14.00000000000002309 ) ) ;
#4289 = B_SPLINE_CURVE_WITH_KNOTS ( 'NONE', 3,
 ( #4825, #149, #553, #1024, #3501, #5224, #1345, #4800, #915, #1798, #3533, #4511, #210, #1598, #1963, #2857 ),
 .UNSPECIFIED., .F., .F.,
 ( 4, 2, 2, 2, 2, 2, 2, 4 ),
 ( 1.699674944388147786E-17, 0.002904847265335210732, 0.005809694530670404984, 0.01161938906134079262, 0.01452423632667599641, 0.01742908359201120194, 0.02033393085734640574, 0.02323877812268160953 ),
 .UNSPECIFIED. ) ;
#4290 = VERTEX_POINT ( 'NONE', #2770 ) ;
#4291 = CARTESIAN_POINT ( 'NONE',  ( 75.81613304120003249, 47.11467724965587678, -14.00000000000000178 ) ) ;
#4292 = CARTESIAN_POINT ( 'NONE',  ( -52.62653394309135280, 0.000000000000000000, -63.01474371237779337 ) ) ;
#4293 = LINE ( 'NONE', #2176, #4695 ) ;
#4294 = ADVANCED_FACE ( 'NONE', ( #1125 ), #4488, .T. ) ;
#4295 = B_SPLINE_CURVE_WITH_KNOTS ( 'NONE', 3,
 ( #4422, #1454, #584, #499, #4028, #3132 ),
 .UNSPECIFIED., .F., .F.,
 ( 4, 2, 4 ),
 ( 0.07013156871659768921, 0.07054649042408711601, 0.07096141213157655669 ),
 .UNSPECIFIED. ) ;
#4296 = CARTESIAN_POINT ( 'NONE',  ( -21.84365750218915281, 64.39919800490793023, 65.83432461692312643 ) ) ;
#4297 = ORIENTED_EDGE ( 'NONE', *, *, #2751, .T. ) ;
#4298 = CARTESIAN_POINT ( 'NONE',  ( -49.80219423662311584, 50.61866292743543738, 58.25993074624335577 ) ) ;
#4299 = CARTESIAN_POINT ( 'NONE',  ( 52.08140045724179856, 72.80923122887375598, -22.03687666322732142 ) ) ;
#4300 = CARTESIAN_POINT ( 'NONE',  ( 0.000000000000000000, 0.000000000000000000, -82.10000000000000853 ) ) ;
#4301 = CARTESIAN_POINT ( 'NONE',  ( 66.70000000000000284, 62.56337044103960210, 0.000000000000000000 ) ) ;
#4302 = VERTEX_POINT ( 'NONE', #4548 ) ;
#4303 = CARTESIAN_POINT ( 'NONE',  ( 47.57717111664962317, 61.45732291407089321, 49.51496397483858658 ) ) ;
#4304 = CARTESIAN_POINT ( 'NONE',  ( -30.00806332986867631, 71.45628046718184123, -57.73037155329227943 ) ) ;
#4305 = ORIENTED_EDGE ( 'NONE', *, *, #1123, .F. ) ;
#4306 = CARTESIAN_POINT ( 'NONE',  ( 19.72388365894047979, 67.84252621657638826, 62.20625511380624317 ) ) ;
#4307 = DIRECTION ( 'NONE',  ( 0.000000000000000000, -1.000000000000000000, -0.000000000000000000 ) ) ;
#4308 = ADVANCED_FACE ( 'NONE', ( #2399 ), #1975, .T. ) ;
#4309 = VERTEX_POINT ( 'NONE', #2281 ) ;
#4310 = CARTESIAN_POINT ( 'NONE',  ( -60.20053056545826564, 67.42165079097325986, 16.50659709052888502 ) ) ;
#4311 = VERTEX_POINT ( 'NONE', #100 ) ;
#4312 = CARTESIAN_POINT ( 'NONE',  ( -25.78371113487846955, 47.11423984721403713, -72.65869769328928385 ) ) ;
#4313 = DIRECTION ( 'NONE',  ( -0.000000000000000000, -1.000000000000000000, -0.000000000000000000 ) ) ;
#4314 = EDGE_CURVE ( 'NONE', #3161, #1126, #514, .T. ) ;
#4315 = CARTESIAN_POINT ( 'NONE',  ( -25.07097033627258043, 54.10447137732717238, -71.42419441747667008 ) ) ;
#4316 = CIRCLE ( 'NONE', #4032, 82.10000000000000853 ) ;
#4317 = CARTESIAN_POINT ( 'NONE',  ( 65.00000000000000000, 71.34451325395471599, -5.832435988992608955 ) ) ;
#4318 = CARTESIAN_POINT ( 'NONE',  ( -70.79241559697686625, 55.08934122041001302, -16.38478488074730777 ) ) ;
#4319 = CARTESIAN_POINT ( 'NONE',  ( -40.60480816050074537, 71.01583216044009816, 51.61233807279306518 ) ) ;
#4320 = CARTESIAN_POINT ( 'NONE',  ( 64.99999999999998579, 70.33830226810667341, -14.00000000000000000 ) ) ;
#4321 = VECTOR ( 'NONE', #462, 1000.000000000000114 ) ;
#4322 = VERTEX_POINT ( 'NONE', #4274 ) ;
#4323 = CARTESIAN_POINT ( 'NONE',  ( -49.10077795287524083, 55.22173470845585541, 57.04504210553592003 ) ) ;
#4324 = PLANE ( 'NONE',  #2608 ) ;
#4325 = CARTESIAN_POINT ( 'NONE',  ( 0.000000000000000000, 76.99140126247186799, 0.000000000000000000 ) ) ;
#4326 = CARTESIAN_POINT ( 'NONE',  ( -18.68698588504452829, 63.85723507571435675, 64.26659866357830708 ) ) ;
#4327 = AXIS2_PLACEMENT_3D ( 'NONE', #2246, #971, #2327 ) ;
#4328 = CARTESIAN_POINT ( 'NONE',  ( 50.40389004036369869, 50.03241630555988451, 54.59745953699419374 ) ) ;
#4329 = CARTESIAN_POINT ( 'NONE',  ( -46.31301411495604015, 63.85723507571433544, -48.31670382839856615 ) ) ;
#4330 = ORIENTED_EDGE ( 'NONE', *, *, #2613, .T. ) ;
#4331 = CARTESIAN_POINT ( 'NONE',  ( 16.19938720914230501, 67.30765027970338110, 60.45808345025140085 ) ) ;
#4332 = CARTESIAN_POINT ( 'NONE',  ( 49.31968164222912776, 54.10447137734385592, -57.42419441746218922 ) ) ;
#4333 = ORIENTED_EDGE ( 'NONE', *, *, #68, .F. ) ;
#4334 = CARTESIAN_POINT ( 'NONE',  ( 49.99301008492107457, 48.19213390078298431, -58.59043349038584836 ) ) ;
#4335 = ORIENTED_EDGE ( 'NONE', *, *, #2840, .F. ) ;
#4336 = CARTESIAN_POINT ( 'NONE',  ( -75.02647950168616831, 46.22974096026084112, -14.09925275311580251 ) ) ;
#4337 = FACE_OUTER_BOUND ( 'NONE', #4575, .T. ) ;
#4338 = EDGE_CURVE ( 'NONE', #2158, #2225, #1882, .T. ) ;
#4339 = CARTESIAN_POINT ( 'NONE',  ( 73.60619843565858389, 55.96612926941604371, -14.00000000000000711 ) ) ;
#4340 = CARTESIAN_POINT ( 'NONE',  ( 44.86378499366797712, 72.91795673099539954, -34.18674167921947316 ) ) ;
#4341 = EDGE_CURVE ( 'NONE', #5396, #4972, #901, .T. ) ;
#4342 = CARTESIAN_POINT ( 'NONE',  ( 25.68060616855537859, 46.05586453954279591, -72.48011465310392509 ) ) ;
#4343 = VERTEX_POINT ( 'NONE', #372 ) ;
#4344 = CARTESIAN_POINT ( 'NONE',  ( 64.04942235729444633, 68.11553659766627788, 14.00000000000000000 ) ) ;
#4345 = CARTESIAN_POINT ( 'NONE',  ( 44.14906683162959666, 68.11553659766627788, -48.46842685913578208 ) ) ;
#4346 = CARTESIAN_POINT ( 'NONE',  ( -27.64953403272576082, 69.04744775503587562, 53.61754278021633979 ) ) ;
#4347 = CARTESIAN_POINT ( 'NONE',  ( 52.62653394309085542, 61.00000000000000000, 63.01474371237819838 ) ) ;
#4348 = CARTESIAN_POINT ( 'NONE',  ( 28.93756001591786742, 79.39570385582401002, -25.53255750383113920 ) ) ;
#4349 = ORIENTED_EDGE ( 'NONE', *, *, #2323, .T. ) ;
#4350 = CARTESIAN_POINT ( 'NONE',  ( 50.22083601860204993, 51.58051168082161553, -54.26483504255394763 ) ) ;
#4351 = EDGE_LOOP ( 'NONE', ( #2269, #3860, #3677, #2400 ) ) ;
#4352 = B_SPLINE_CURVE_WITH_KNOTS ( 'NONE', 3,
 ( #2907, #4219, #3811, #3379, #3406, #5126, #1254, #2996, #3463, #3045, #5607, #4833, #5232, #920, #4401, #3932 ),
 .UNSPECIFIED., .F., .F.,
 ( 4, 2, 2, 2, 2, 2, 2, 4 ),
 ( 0.000000000000000000, 0.0006165529096402102985, 0.001233105819280420597, 0.001849658728920630570, 0.002466211638560841194, 0.003699317457841301907, 0.004315870367481542888, 0.004932423277121783869 ),
 .UNSPECIFIED. ) ;
#4353 = B_SPLINE_CURVE_WITH_KNOTS ( 'NONE', 3,
 ( #1043, #2690, #27, #4441, #3149, #1359, #955, #1016, #2750, #4469, #2262, #571, #928, #2660, #4047, #3937, #1784, #4381, #5241, #1813, #3988, #3575, #5294, #1164, #2817, #1986, #3780, #701, #1196, #3439, #1286, #5205, #4220, #75, #1832, #3567, #536, #1314, #3356, #4960, #1134, #4170, #2442, #2874, #2940, #3781, #3813, #201, #2849, #4556, #1166, #233 ),
 .UNSPECIFIED., .F., .F.,
 ( 4, 2, 2, 2, 2, 2, 2, 2, 2, 2, 2, 2, 2, 2, 2, 2, 2, 2, 2, 2, 2, 2, 2, 2, 2, 4 ),
 ( 0.03565555852559688238, 0.03673293384406563916, 0.03781030916253440288, 0.03888768448100315966, 0.03996505979947191645, 0.04211981043640943001, 0.04319718575487820067, 0.04427456107334697133, 0.04535193639181573505, 0.04642931171028449877, 0.04858406234722204009, 0.04966143766569082463, 0.05073881298415959529, 0.05289356362109717824, 0.05397093893956596278, 0.05504831425803473344, 0.05720306489497227476, 0.05828044021344105929, 0.05935781553190984383, 0.06151256616884741985, 0.06258994148731619744, 0.06366731680578496810, 0.06582206744272256493, 0.06689944276119134947, 0.06797681807966013401, 0.07013156871659768921 ),
 .UNSPECIFIED. ) ;
#4354 = CARTESIAN_POINT ( 'NONE',  ( 62.68053806138286177, 67.29655345658439103, -14.40062326129843662 ) ) ;
#4355 = CARTESIAN_POINT ( 'NONE',  ( -25.85284658082770193, 46.00937601690883128, -72.77844379827726584 ) ) ;
#4356 = ORIENTED_EDGE ( 'NONE', *, *, #503, .T. ) ;
#4357 = FACE_OUTER_BOUND ( 'NONE', #2363, .T. ) ;
#4358 = CARTESIAN_POINT ( 'NONE',  ( -22.08084192093612330, 50.03241630556254904, 70.94977899301261459 ) ) ;
#4359 = LINE ( 'NONE', #3102, #2890 ) ;
#4360 = CARTESIAN_POINT ( 'NONE',  ( 44.46032529869038541, 71.73177783720853995, -34.31169578156189459 ) ) ;
#4361 = DIRECTION ( 'NONE',  ( 0.9852087191160844304, 0.000000000000000000, -0.1713586291309668330 ) ) ;
#4362 = EDGE_CURVE ( 'NONE', #5508, #1670, #724, .T. ) ;
#4363 = CARTESIAN_POINT ( 'NONE',  ( -75.02648211023509361, 46.22973997552809067, 14.09925208923611173 ) ) ;
#4364 = VERTEX_POINT ( 'NONE', #256 ) ;
#4365 = CARTESIAN_POINT ( 'NONE',  ( 42.61911942635230588, 70.72916407250923498, -50.44937492122197398 ) ) ;
#4366 = DIRECTION ( 'NONE',  ( 4.440892098500626162E-15, 0.000000000000000000, -1.000000000000000000 ) ) ;
#4367 = CARTESIAN_POINT ( 'NONE',  ( -34.99041841349198023, 68.87759478922616552, 49.37232557989224091 ) ) ;
#4368 = EDGE_CURVE ( 'NONE', #4322, #861, #2995, .T. ) ;
#4369 = CARTESIAN_POINT ( 'NONE',  ( -23.87564434701769400, 0.000000000000000000, -69.35382907247964113 ) ) ;
#4370 = CARTESIAN_POINT ( 'NONE',  ( 32.48433927415304368, 76.74674589388665424, -32.50924407837332097 ) ) ;
#4371 = ORIENTED_EDGE ( 'NONE', *, *, #3908, .F. ) ;
#4372 = CARTESIAN_POINT ( 'NONE',  ( 48.79618970457880778, 48.00576291640589943, -56.51747978413149553 ) ) ;
#4373 = ORIENTED_EDGE ( 'NONE', *, *, #4916, .T. ) ;
#4374 = DIRECTION ( 'NONE',  ( 1.000000000000000000, 1.387778780781446464E-15, 0.000000000000000000 ) ) ;
#4375 = DIRECTION ( 'NONE',  ( 0.8660254037844328234, 0.000000000000000000, 0.5000000000000101030 ) ) ;
#4376 = DIRECTION ( 'NONE',  ( 0.000000000000000000, 1.000000000000000000, 0.000000000000000000 ) ) ;
#4377 = EDGE_CURVE ( 'NONE', #61, #1699, #4099, .T. ) ;
#4378 = DIRECTION ( 'NONE',  ( -0.8660254037844363761, 0.000000000000000000, -0.5000000000000039968 ) ) ;
#4379 = CARTESIAN_POINT ( 'NONE',  ( -22.29425705484245768, 46.91607545010702296, 71.30177687235065775 ) ) ;
#4380 = CARTESIAN_POINT ( 'NONE',  ( 22.25519729064127716, 47.95356825463693440, 71.23746514323435974 ) ) ;
#4381 = CARTESIAN_POINT ( 'NONE',  ( 47.95413729904764466, 71.73270156732993996, -32.62924228272149918 ) ) ;
#4382 = CARTESIAN_POINT ( 'NONE',  ( 24.54747839861260061, 48.00576291640037141, -70.51747978409841267 ) ) ;
#4383 = CARTESIAN_POINT ( 'NONE',  ( 60.20053056545826564, 67.42165079097325986, -16.50659709052888502 ) ) ;
#4384 = CARTESIAN_POINT ( 'NONE',  ( 42.36741586506241219, 72.56343387095010655, -34.62708536118320524 ) ) ;
#4385 = CARTESIAN_POINT ( 'NONE',  ( 64.99999999999998579, 70.12954027454739503, -14.00000000000000000 ) ) ;
#4386 = LINE ( 'NONE', #1820, #1715 ) ;
#4387 = ORIENTED_EDGE ( 'NONE', *, *, #121, .T. ) ;
#4388 = VECTOR ( 'NONE', #2726, 1000.000000000000000 ) ;
#4389 = CARTESIAN_POINT ( 'NONE',  ( 49.95193504242745064, 75.21188033385101335, -17.51657743951910007 ) ) ;
#4390 = DIRECTION ( 'NONE',  ( 0.8660254037844432595, 0.000000000000000000, -0.4999999999999919509 ) ) ;
#4391 = ORIENTED_EDGE ( 'NONE', *, *, #1630, .F. ) ;
#4392 = FACE_OUTER_BOUND ( 'NONE', #836, .T. ) ;
#4393 = CARTESIAN_POINT ( 'NONE',  ( 64.83445635738576129, 69.32011107992944687, 14.00000000000000000 ) ) ;
#4394 = CIRCLE ( 'NONE', #2779, 74.53166453491230925 ) ;
#4395 = CARTESIAN_POINT ( 'NONE',  ( -72.89627863382524708, 46.91607545010171521, -16.34349546827667155 ) ) ;
#4396 =( BOUNDED_SURFACE ( )  B_SPLINE_SURFACE ( 3, 2, ( 
 ( #3234, #2813, #2748 ),
 ( #5407, #3265, #1527 ),
 ( #4957, #5350, #5015 ),
 ( #3203, #3604, #3633 ),
 ( #1072, #630, #662 ),
 ( #2846, #4466, #5324 ),
 ( #4986, #229, #5443 ),
 ( #1559, #4926, #1040 ),
 ( #2776, #3295, #1131 ),
 ( #1443, #3660, #4496 ),
 ( #2871, #4582, #605 ),
 ( #2347, #4075, #166 ) ),
 .UNSPECIFIED., .F., .F., .F. ) 
 B_SPLINE_SURFACE_WITH_KNOTS ( ( 4, 2, 2, 2, 2, 4 ),
 ( 3, 3 ),
 ( 0.04596579152697865406, 0.05469982312265932178, 0.05906683892049965218, 0.06343385471833998257, 0.07216788631402065723, 0.08090191790970131802 ),
 ( 0.000000000000000000, 1.000000000000000000 ),
 .UNSPECIFIED. ) 
 GEOMETRIC_REPRESENTATION_ITEM ( )  RATIONAL_B_SPLINE_SURFACE ( (
 ( 1.000000000000000000, 0.4470413949512929142, 1.000000000000000000),
 ( 1.000000000000000000, 0.4508719092525754202, 1.000000000000000000),
 ( 1.000000000000000000, 0.4535957092074492936, 1.000000000000000000),
 ( 1.000000000000000000, 0.4562964902187056637, 1.000000000000000000),
 ( 1.000000000000000000, 0.4569643652238712384, 1.000000000000000000),
 ( 1.000000000000000000, 0.4578526834166473658, 1.000000000000000000),
 ( 1.000000000000000000, 0.4580721740623501237, 1.000000000000000000),
 ( 1.000000000000000000, 0.4580613410279142927, 1.000000000000000000),
 ( 1.000000000000000000, 0.4571748802163013159, 1.000000000000000000),
 ( 1.000000000000000000, 0.4535762175763108917, 1.000000000000000000),
 ( 1.000000000000000000, 0.4508604777117656282, 1.000000000000000000),
 ( 1.000000000000000000, 0.4470422633554499425, 1.000000000000000000) ) ) 
 REPRESENTATION_ITEM ( '' )  SURFACE ( )  );
#4397 = CARTESIAN_POINT ( 'NONE',  ( -16.00225298937874285, 67.36105576203951273, -60.42067586488953168 ) ) ;
#4398 = LINE ( 'NONE', #1774, #2233 ) ;
#4399 = EDGE_CURVE ( 'NONE', #209, #5364, #3099, .T. ) ;
#4400 = ORIENTED_EDGE ( 'NONE', *, *, #986, .T. ) ;
#4401 = CARTESIAN_POINT ( 'NONE',  ( 72.76727878451060860, 48.47834918484080902, 16.20409091558719439 ) ) ;
#4402 = VECTOR ( 'NONE', #81, 1000.000000000000000 ) ;
#4403 = VECTOR ( 'NONE', #5323, 1000.000000000000000 ) ;
#4404 = ORIENTED_EDGE ( 'NONE', *, *, #1671, .T. ) ;
#4405 = DIRECTION ( 'NONE',  ( -0.000000000000000000, -1.000000000000000000, -0.000000000000000000 ) ) ;
#4406 = DIRECTION ( 'NONE',  ( 0.000000000000000000, 0.000000000000000000, -1.000000000000000000 ) ) ;
#4407 = DIRECTION ( 'NONE',  ( 0.5000000000000101030, 0.000000000000000000, -0.8660254037844328234 ) ) ;
#4408 = ADVANCED_FACE ( 'NONE', ( #3428 ), #4245, .T. ) ;
#4409 = CIRCLE ( 'NONE', #4237, 77.50708379720883556 ) ;
#4410 = FACE_OUTER_BOUND ( 'NONE', #4705, .T. ) ;
#4411 = CARTESIAN_POINT ( 'NONE',  ( 12.12435565298211060, 80.99999999999998579, 7.000000000000057732 ) ) ;
#4412 = CARTESIAN_POINT ( 'NONE',  ( -18.93481032072782710, 66.45418853073374521, 60.79605350717005763 ) ) ;
#4413 = AXIS2_PLACEMENT_3D ( 'NONE', #138, #1015, #1923 ) ;
#4414 = CARTESIAN_POINT ( 'NONE',  ( -15.74048458246945970, 67.51887975670250341, -60.27845158425644456 ) ) ;
#4415 = PLANE ( 'NONE',  #3603 ) ;
#4416 = CIRCLE ( 'NONE', #984, 82.10000000000000853 ) ;
#4417 = CARTESIAN_POINT ( 'NONE',  ( 47.51440614660879902, 70.26547817786419614, -34.09542284411083557 ) ) ;
#4418 = CARTESIAN_POINT ( 'NONE',  ( 64.56976996564227989, 68.75439463849414778, -13.99999999999999822 ) ) ;
#4419 = B_SPLINE_CURVE_WITH_KNOTS ( 'NONE', 3,
 ( #1124, #160, #3226, #5398, #4166, #1620, #4581, #5469, #260, #3353 ),
 .UNSPECIFIED., .F., .F.,
 ( 4, 2, 2, 2, 4 ),
 ( 0.000000000000000000, 0.0006174258119178731080, 0.001234851623835746216, 0.001852277435753619216, 0.002469703247671492432 ),
 .UNSPECIFIED. ) ;
#4420 = CARTESIAN_POINT ( 'NONE',  ( -72.82751716945591625, 48.33918353723867511, 16.06108646291588471 ) ) ;
#4421 = ORIENTED_EDGE ( 'NONE', *, *, #3219, .F. ) ;
#4422 = CARTESIAN_POINT ( 'NONE',  ( 31.31710157795293625, 81.48699651356143647, -24.93611547190164046 ) ) ;
#4423 = CARTESIAN_POINT ( 'NONE',  ( -70.32533638679710464, 56.03426478453500437, -16.39281690043556594 ) ) ;
#4424 = CARTESIAN_POINT ( 'NONE',  ( -49.66598055739527950, 51.79954327710279216, -58.02400173313699128 ) ) ;
#4425 = ORIENTED_EDGE ( 'NONE', *, *, #5009, .T. ) ;
#4426 = CARTESIAN_POINT ( 'NONE',  ( -16.79005678499907361, 67.18322181085424916, -60.59605544843366687 ) ) ;
#4427 = CARTESIAN_POINT ( 'NONE',  ( 35.27067306593024654, 75.26538153894053096, -34.55751760697432218 ) ) ;
#4428 = ORIENTED_EDGE ( 'NONE', *, *, #1722, .F. ) ;
#4429 = CARTESIAN_POINT ( 'NONE',  ( -74.53166453491229504, 48.61675045524524563, 1.724676185987382790E-14 ) ) ;
#4430 = DIRECTION ( 'NONE',  ( 0.5000000000000039968, 0.000000000000000000, -0.8660254037844363761 ) ) ;
#4431 = VERTEX_POINT ( 'NONE', #3104 ) ;
#4432 = CARTESIAN_POINT ( 'NONE',  ( -50.10155788679283262, 46.00937601690883128, 58.77844379827659793 ) ) ;
#4433 = ADVANCED_FACE ( 'NONE', ( #3614 ), #2079, .F. ) ;
#4434 = LINE ( 'NONE', #599, #3503 ) ;
#4435 = CARTESIAN_POINT ( 'NONE',  ( 25.85271985048716559, 46.00941022204251851, -72.77822429488755063 ) ) ;
#4436 = CARTESIAN_POINT ( 'NONE',  ( 34.54410112038838321, 82.13157814949381930, -16.51330109975557647 ) ) ;
#4437 = CARTESIAN_POINT ( 'NONE',  ( 40.74049942873173080, 80.31033217613533282, -13.65581520637090662 ) ) ;
#4438 = CARTESIAN_POINT ( 'NONE',  ( -71.29660207761371282, 60.24119735950313981, -13.99999999999998757 ) ) ;
#4439 = CARTESIAN_POINT ( 'NONE',  ( -20.64763696491466050, 66.79099053449102996, 63.76275627946789371 ) ) ;
#4440 = CARTESIAN_POINT ( 'NONE',  ( 24.58665282520070505, 46.94028658333955661, 70.58533188127894675 ) ) ;
#4441 = CARTESIAN_POINT ( 'NONE',  ( 52.19973221459617463, 71.65767899002499064, -25.51038273904403297 ) ) ;
#4442 = EDGE_CURVE ( 'NONE', #3562, #685, #794, .T. ) ;
#4443 = PLANE ( 'NONE',  #2599 ) ;
#4444 = CARTESIAN_POINT ( 'NONE',  ( 74.24179247254404856, 54.48432739547293835, -14.00000000000000888 ) ) ;
#4445 = CARTESIAN_POINT ( 'NONE',  ( 36.18623396202363551, 75.45188368545646540, -33.04274193603745857 ) ) ;
#4446 = FACE_OUTER_BOUND ( 'NONE', #2435, .T. ) ;
#4447 = DIRECTION ( 'NONE',  ( 0.4999999999999919509, 1.387778780781446464E-15, 0.8660254037844432595 ) ) ;
#4448 = VERTEX_POINT ( 'NONE', #3580 ) ;
#4449 = ADVANCED_FACE ( 'NONE', ( #90 ), #5272, .T. ) ;
#4450 = DIRECTION ( 'NONE',  ( -0.5000000000000101030, 1.387778780781446464E-15, 0.8660254037844328234 ) ) ;
#4451 = ORIENTED_EDGE ( 'NONE', *, *, #1688, .T. ) ;
#4452 = DIRECTION ( 'NONE',  ( -1.387778780781446464E-15, 1.000000000000000000, 0.000000000000000000 ) ) ;
#4453 = EDGE_CURVE ( 'NONE', #4910, #3542, #234, .T. ) ;
#4454 = DIRECTION ( 'NONE',  ( 0.000000000000000000, -0.000000000000000000, 1.000000000000000000 ) ) ;
#4455 = CARTESIAN_POINT ( 'NONE',  ( -47.33171289918647773, 61.51576396131293478, -53.98093155065457438 ) ) ;
#4456 = CARTESIAN_POINT ( 'NONE',  ( 42.61892342663760047, 70.72920227688680939, 50.44948808171018584 ) ) ;
#4457 = CARTESIAN_POINT ( 'NONE',  ( 35.61413471153369414, 75.09454769564219134, -34.73398720239502779 ) ) ;
#4458 = ORIENTED_EDGE ( 'NONE', *, *, #843, .T. ) ;
#4459 = CARTESIAN_POINT ( 'NONE',  ( 62.81518613562926845, 69.15083099221016028, -14.00000000000000178 ) ) ;
#4460 = CARTESIAN_POINT ( 'NONE',  ( 74.53166453491230925, 48.61675045524524563, 149.0633290698245617 ) ) ;
#4461 = CARTESIAN_POINT ( 'NONE',  ( -45.86641786960149147, 64.95410340582364483, 46.47972036097090154 ) ) ;
#4462 = ORIENTED_EDGE ( 'NONE', *, *, #1499, .F. ) ;
#4463 = DIRECTION ( 'NONE',  ( -0.000000000000000000, -1.000000000000000000, -0.000000000000000000 ) ) ;
#4464 = CARTESIAN_POINT ( 'NONE',  ( 67.20181278930611768, 60.80372878173846374, 16.43867992338047301 ) ) ;
#4465 = CARTESIAN_POINT ( 'NONE',  ( 61.72240880437622224, 66.22292686396978922, -16.49456263305834369 ) ) ;
#4466 = CARTESIAN_POINT ( 'NONE',  ( 30.17366407446519716, 65.63336495313487262, 57.63476191881246535 ) ) ;
#4467 = CARTESIAN_POINT ( 'NONE',  ( -44.14906683162923429, 68.11553659766630631, -48.46842685913603788 ) ) ;
#4468 = CARTESIAN_POINT ( 'NONE',  ( 25.78416270433076107, 45.85812873523628497, 72.65947983452488756 ) ) ;
#4469 = CARTESIAN_POINT ( 'NONE',  ( 51.16662097613480142, 71.14123788417349203, -28.89570103449665694 ) ) ;
#4470 = CARTESIAN_POINT ( 'NONE',  ( -17.49565047418802521, 64.62690840039900309, -63.25985731521577549 ) ) ;
#4471 = CARTESIAN_POINT ( 'NONE',  ( 44.14906683162959666, 68.11553659766627788, -48.46842685913578208 ) ) ;
#4472 = ADVANCED_FACE ( 'NONE', ( #146 ), #2729, .T. ) ;
#4473 = CARTESIAN_POINT ( 'NONE',  ( 53.31438018645870613, 70.38214007297162311, -23.61208654431144893 ) ) ;
#4474 = CARTESIAN_POINT ( 'NONE',  ( 0.000000000000000000, 46.00000000000000000, 0.000000000000000000 ) ) ;
#4475 = CARTESIAN_POINT ( 'NONE',  ( 73.41525526195800921, 45.87307673031754263, 14.00000000000001421 ) ) ;
#4476 = CARTESIAN_POINT ( 'NONE',  ( -19.48363861565928801, 67.61735050355586907, 61.95230384715792837 ) ) ;
#4477 = CARTESIAN_POINT ( 'NONE',  ( 20.37564434701726412, 70.12951399001693176, 63.29165124598867465 ) ) ;
#4478 = EDGE_CURVE ( 'NONE', #99, #2678, #975, .T. ) ;
#4479 = ORIENTED_EDGE ( 'NONE', *, *, #624, .T. ) ;
#4480 = CARTESIAN_POINT ( 'NONE',  ( -50.32307433495362403, 48.33919397457052014, 55.03992724158179328 ) ) ;
#4481 = B_SPLINE_CURVE_WITH_KNOTS ( 'NONE', 3,
 ( #4817, #489, #4879, #3551, #1816, #1386, #1742, #5296, #5, #3125, #3992, #87, #3577, #1413, #3473, #993, #5191, #3052 ),
 .UNSPECIFIED., .F., .F.,
 ( 4, 2, 2, 2, 2, 2, 2, 2, 4 ),
 ( -1.082020055210793705E-05, 0.0002984106444302431476, 0.0006076414894125942373, 0.001226103179377310186, 0.002463026559306734278, 0.003081488249271465731, 0.003699949939236196316, 0.004318411629200926902, 0.004936873319165657921 ),
 .UNSPECIFIED. ) ;
#4482 = CARTESIAN_POINT ( 'NONE',  ( -72.10514368832177468, 51.58051168082765514, -16.36010227012982554 ) ) ;
#4483 = CARTESIAN_POINT ( 'NONE',  ( -52.62653394309135280, 53.49999999999999289, -63.01474371237779337 ) ) ;
#4484 = VECTOR ( 'NONE', #2798, 1000.000000000000114 ) ;
#4485 = ORIENTED_EDGE ( 'NONE', *, *, #1518, .F. ) ;
#4486 = LINE ( 'NONE', #4065, #4850 ) ;
#4487 = CARTESIAN_POINT ( 'NONE',  ( -64.99999999999994316, 71.20242650879478674, -7.223379212444533515 ) ) ;
#4488 = PLANE ( 'NONE',  #5411 ) ;
#4489 = ORIENTED_EDGE ( 'NONE', *, *, #1084, .F. ) ;
#4490 = VECTOR ( 'NONE', #4661, 1000.000000000000000 ) ;
#4491 = SURFACE_STYLE_USAGE ( .BOTH. , #2773 ) ;
#4492 = DIRECTION ( 'NONE',  ( -1.000000000000000000, 0.000000000000000000, 0.000000000000000000 ) ) ;
#4493 = CARTESIAN_POINT ( 'NONE',  ( 25.78437493449734319, 46.02785684633894903, 72.65984742795623674 ) ) ;
#4494 = CARTESIAN_POINT ( 'NONE',  ( 28.99153191420888831, 80.09290529673883441, -21.80698901551382107 ) ) ;
#4495 = VECTOR ( 'NONE', #4178, 1000.000000000000000 ) ;
#4496 = CARTESIAN_POINT ( 'NONE',  ( 42.50683550883285733, 70.76234598752695604, 50.51420207122763628 ) ) ;
#4497 = CARTESIAN_POINT ( 'NONE',  ( -15.80513287229669217, 67.42165079097325986, -60.38848733625292198 ) ) ;
#4498 = B_SPLINE_CURVE_WITH_KNOTS ( 'NONE', 3,
 ( #4900, #1551, #2722, #2397, #2863, #3744, #1150, #4545, #3288, #4185, #988, #2837, #5005, #686, #2897, #2063, #4641, #2431, #4158, #4608, #2462, #279, #3769, #4437, #539, #2286, #4015, #428, #5118, #3013, #3880, #3905, #5600, #2199, #339, #891, #12, #3830, #3924, #5621, #4778, #1747, #4299, #1726, #3479, #4729 ),
 .UNSPECIFIED., .F., .F.,
 ( 4, 2, 2, 2, 2, 2, 2, 2, 2, 2, 2, 2, 2, 2, 2, 2, 2, 2, 2, 2, 2, 2, 4 ),
 ( 0.0005005045729675383550, 0.002648353133062553155, 0.003722277413110061314, 0.004796201693157568606, 0.005870125973205075898, 0.006944050253252584057, 0.009091898813347598640, 0.01016582309339511200, 0.01123974737344262363, 0.01338759593353762434, 0.01446152021358513076, 0.01553544449363263545, 0.01768329305372761187, 0.01983114161382259003, 0.02197899017391756471, 0.02412683873401254286, 0.02627468729410751755, 0.02734861157415501703, 0.02842253585420251652, 0.03057038441429753978, 0.03271823297439256650, 0.03379215725444006252, 0.03486608153448755854 ),
 .UNSPECIFIED. ) ;
#4499 = AXIS2_PLACEMENT_3D ( 'NONE', #3984, #79, #1837 ) ;
#4500 = AXIS2_PLACEMENT_3D ( 'NONE', #5429, #5392, #3764 ) ;
#4501 = CARTESIAN_POINT ( 'NONE',  ( 24.42471221319554431, 49.60266825054846151, -70.30484251350073066 ) ) ;
#4502 = CARTESIAN_POINT ( 'NONE',  ( 37.50495531080210299, 71.31128151839125451, -53.40203895001481271 ) ) ;
#4503 = CARTESIAN_POINT ( 'NONE',  ( 75.81746117496031445, 46.02785684633894903, 14.00000000000000000 ) ) ;
#4504 = CARTESIAN_POINT ( 'NONE',  ( -60.45792973660856262, 67.30765027970335268, -16.19996087626721604 ) ) ;
#4505 = AXIS2_PLACEMENT_3D ( 'NONE', #3802, #4702, #4611 ) ;
#4506 = CARTESIAN_POINT ( 'NONE',  ( 47.77102320616373987, 60.24613397907619117, 54.74183932262872787 ) ) ;
#4507 = EDGE_CURVE ( 'NONE', #1912, #4322, #4820, .T. ) ;
#4508 = AXIS2_PLACEMENT_3D ( 'NONE', #1048, #1477, #1535 ) ;
#4509 = DIRECTION ( 'NONE',  ( -0.000000000000000000, -1.000000000000000000, -0.000000000000000000 ) ) ;
#4510 = EDGE_LOOP ( 'NONE', ( #1228, #2630, #4532, #190, #4569 ) ) ;
#4511 = CARTESIAN_POINT ( 'NONE',  ( -49.95075453673879196, 53.31457523385763153, -53.77505582260464223 ) ) ;
#4512 = CARTESIAN_POINT ( 'NONE',  ( -64.74126540453494272, 63.45883282103292800, -16.46621447234986846 ) ) ;
#4513 = EDGE_CURVE ( 'NONE', #2962, #1930, #4386, .T. ) ;
#4514 = ORIENTED_EDGE ( 'NONE', *, *, #1391, .T. ) ;
#4515 = CARTESIAN_POINT ( 'NONE',  ( -19.82382546815600932, 67.97021128605160811, -62.33587291122439211 ) ) ;
#4516 = CARTESIAN_POINT ( 'NONE',  ( 66.70000000000000284, 43.00000000000000000, -1.633678830062565236E-14 ) ) ;
#4517 = EDGE_LOOP ( 'NONE', ( #4733, #2824, #4655, #4115, #3187, #2927, #5010, #3440, #3116 ) ) ;
#4518 = CARTESIAN_POINT ( 'NONE',  ( -64.99999999999998579, 65.63336495314503338, -2.686221345670010585 ) ) ;
#4519 = CARTESIAN_POINT ( 'NONE',  ( -50.10630073282691654, 52.40596060623926178, 54.05696491306437679 ) ) ;
#4520 = ORIENTED_EDGE ( 'NONE', *, *, #3694, .T. ) ;
#4521 = FILL_AREA_STYLE_COLOUR ( '', #3420 ) ;
#4522 = CARTESIAN_POINT ( 'NONE',  ( -72.74537776911401465, 51.19777907935039707, 13.99999999998369304 ) ) ;
#4523 = CARTESIAN_POINT ( 'NONE',  ( 50.10155788679242050, 46.00937601690883128, -58.77844379827696741 ) ) ;
#4524 = CARTESIAN_POINT ( 'NONE',  ( 44.62435565298167717, 80.99999999999998579, 49.29165124598891623 ) ) ;
#4525 = CARTESIAN_POINT ( 'NONE',  ( -15.74048458247028925, 67.51887975670250341, 60.27845158425622429 ) ) ;
#4526 = CARTESIAN_POINT ( 'NONE',  ( 24.67959002009302338, 55.96238029589260066, 70.74630382477221247 ) ) ;
#4527 = CARTESIAN_POINT ( 'NONE',  ( 80.88563583943053459, 45.99999999999999289, -14.06854345165237774 ) ) ;
#4528 = CARTESIAN_POINT ( 'NONE',  ( 21.38367872229221689, 61.76078178285577280, -65.03761799972568269 ) ) ;
#4529 = CARTESIAN_POINT ( 'NONE',  ( 34.99041841350674531, 68.87759478922613710, -49.37232557988238568 ) ) ;
#4530 = CARTESIAN_POINT ( 'NONE',  ( 52.30864532948155698, 72.05771942636549454, -24.06562190987480321 ) ) ;
#4531 = DIRECTION ( 'NONE',  ( 0.000000000000000000, 0.000000000000000000, 1.000000000000000000 ) ) ;
#4532 = ORIENTED_EDGE ( 'NONE', *, *, #2554, .T. ) ;
#4533 = CARTESIAN_POINT ( 'NONE',  ( 43.22125305170319365, 65.91906351597316416, -23.64981795002486820 ) ) ;
#4534 = ORIENTED_EDGE ( 'NONE', *, *, #2674, .F. ) ;
#4535 = CARTESIAN_POINT ( 'NONE',  ( 60.23447495320167633, 68.36078836302111483, 11.20735816565679599 ) ) ;
#4536 = ORIENTED_EDGE ( 'NONE', *, *, #1011, .T. ) ;
#4537 = CARTESIAN_POINT ( 'NONE',  ( 60.20053056545826564, 67.42165079097325986, -16.50659709052888502 ) ) ;
#4538 = CARTESIAN_POINT ( 'NONE',  ( 75.35567716728736798, 50.61866292743545159, -13.99999999999999112 ) ) ;
#4539 = EDGE_CURVE ( 'NONE', #3620, #3461, #19, .T. ) ;
#4540 = CARTESIAN_POINT ( 'NONE',  ( -63.74364119781412796, 68.39397752115085893, -14.00000000000002309 ) ) ;
#4541 = ORIENTED_EDGE ( 'NONE', *, *, #1944, .T. ) ;
#4542 = B_SPLINE_CURVE_WITH_KNOTS ( 'NONE', 3,
 ( #2808, #1009, #597, #1891, #2069, #3990, #572, #2530, #5474, #3325, #4585, #5128, #666, #2875, #2410, #704 ),
 .UNSPECIFIED., .F., .F.,
 ( 4, 2, 2, 2, 2, 2, 2, 4 ),
 ( 0.000000000000000000, 0.002922268352081790806, 0.005844536704163581613, 0.008766805056245371985, 0.01168907340832716323, 0.01753361011249072315, 0.02045587846457249531, 0.02337814681665425359 ),
 .UNSPECIFIED. ) ;
#4543 = CARTESIAN_POINT ( 'NONE',  ( -80.49155235178410805, 46.00000000000000000, -14.00000000000000000 ) ) ;
#4544 = VERTEX_POINT ( 'NONE', #1389 ) ;
#4545 = CARTESIAN_POINT ( 'NONE',  ( 32.27753531186919389, 82.30759294344797183, -19.65608240598036360 ) ) ;
#4546 = CARTESIAN_POINT ( 'NONE',  ( 71.24205642004746153, 54.09044109428339908, -16.37679888231118497 ) ) ;
#4547 = EDGE_CURVE ( 'NONE', #2968, #1655, #2641, .T. ) ;
#4548 = CARTESIAN_POINT ( 'NONE',  ( 31.31710157795293625, 81.48699651356143647, -24.93611547190164046 ) ) ;
#4549 = VERTEX_POINT ( 'NONE', #963 ) ;
#4550 = CARTESIAN_POINT ( 'NONE',  ( -66.41440648059730734, 65.95929522015353541, 14.00000000000000178 ) ) ;
#4551 = CARTESIAN_POINT ( 'NONE',  ( 44.62435565298236639, 80.99999999999998579, -49.29165124598830516 ) ) ;
#4552 = LINE ( 'NONE', #198, #4236 ) ;
#4553 = B_SPLINE_CURVE_WITH_KNOTS ( 'NONE', 3,
 ( #5185, #4785, #3067, #3115, #1776, #2161, #1375, #3510, #4806, #2653 ),
 .UNSPECIFIED., .F., .F.,
 ( 4, 2, 2, 2, 4 ),
 ( 0.000000000000000000, 0.0006175157415189895613, 0.001235031483037979123, 0.001852547224556968684, 0.002470062966075958245 ),
 .UNSPECIFIED. ) ;
#4554 = DIRECTION ( 'NONE',  ( 0.5000000000000039968, 0.000000000000000000, -0.8660254037844363761 ) ) ;
#4555 = CARTESIAN_POINT ( 'NONE',  ( 18.80811186595698459, 69.87390944627894385, 60.57660534627770943 ) ) ;
#4556 = CARTESIAN_POINT ( 'NONE',  ( 31.49218678625225465, 81.10170589289506893, -26.30486757722615110 ) ) ;
#4557 = CARTESIAN_POINT ( 'NONE',  ( 19.79609569920821244, 59.75118097125039185, -67.14345530803723250 ) ) ;
#4558 = CARTESIAN_POINT ( 'NONE',  ( 49.37598776186709415, 55.95718616389152089, -52.73723657071860771 ) ) ;
#4559 = CARTESIAN_POINT ( 'NONE',  ( 52.12765546959995078, 70.43059870512199439, -25.98787276511046329 ) ) ;
#4560 = CARTESIAN_POINT ( 'NONE',  ( -25.99174343502626172, 46.00000000000000000, -73.01902020676067195 ) ) ;
#4561 = CARTESIAN_POINT ( 'NONE',  ( 49.72391064150819062, 51.39998651261350204, 58.12433958210831975 ) ) ;
#4562 = ORIENTED_EDGE ( 'NONE', *, *, #2209, .T. ) ;
#4563 = CARTESIAN_POINT ( 'NONE',  ( 64.99999999999991473, 63.85709599279906001, 15.95047812675911025 ) ) ;
#4564 = VERTEX_POINT ( 'NONE', #465 ) ;
#4565 = CARTESIAN_POINT ( 'NONE',  ( 12.12435565298219942, 60.99999999999988631, -6.999999999999898748 ) ) ;
#4566 = CARTESIAN_POINT ( 'NONE',  ( 20.98379271469908147, 55.95718616389152089, -69.12947802408554310 ) ) ;
#4567 = CARTESIAN_POINT ( 'NONE',  ( -64.83445635738576129, 69.32011107992944687, -14.00000000000000000 ) ) ;
#4568 = PLANE ( 'NONE',  #3696 ) ;
#4569 = ORIENTED_EDGE ( 'NONE', *, *, #1473, .F. ) ;
#4570 = CARTESIAN_POINT ( 'NONE',  ( 64.99999999999998579, 80.99999999999998579, -14.00000000000000000 ) ) ;
#4571 = CARTESIAN_POINT ( 'NONE',  ( 49.92931747451876845, 46.05586453954278880, 58.48011465310450063 ) ) ;
#4572 = CARTESIAN_POINT ( 'NONE',  ( 63.74364119782244131, 68.39397752114253137, -13.99999999999998757 ) ) ;
#4573 = LINE ( 'NONE', #3316, #1601 ) ;
#4574 = CARTESIAN_POINT ( 'NONE',  ( 73.89637996664770014, 46.92052225583267955, -14.67361504253284998 ) ) ;
#4575 = EDGE_LOOP ( 'NONE', ( #2369, #116, #4849, #740 ) ) ;
#4576 = CARTESIAN_POINT ( 'NONE',  ( -46.43619266064788320, 63.85246432331323518, -47.48928928490167323 ) ) ;
#4577 = AXIS2_PLACEMENT_3D ( 'NONE', #2338, #1063, #187 ) ;
#4578 = EDGE_CURVE ( 'NONE', #4061, #5372, #4035, .T. ) ;
#4579 = CARTESIAN_POINT ( 'NONE',  ( -72.99444548196086657, 50.13673092389889518, 14.00000000001628031 ) ) ;
#4580 = LINE ( 'NONE', #694, #4129 ) ;
#4581 = CARTESIAN_POINT ( 'NONE',  ( -20.32332208364025661, 69.51517159522332179, 63.20102642744998889 ) ) ;
#4582 = CARTESIAN_POINT ( 'NONE',  ( 44.10695973593771413, 64.46462010826502365, 49.59036991800451233 ) ) ;
#4583 = CARTESIAN_POINT ( 'NONE',  ( -72.00000000000000000, 0.000000000000000000, -14.00000000000000000 ) ) ;
#4584 = CARTESIAN_POINT ( 'NONE',  ( 23.52394538582409567, 60.24119735950314691, 68.74466860272404745 ) ) ;
#4585 = CARTESIAN_POINT ( 'NONE',  ( 18.72345348080387950, 62.25354003921476931, 65.33753323871316354 ) ) ;
#4586 = EDGE_CURVE ( 'NONE', #1374, #1457, #5421, .T. ) ;
#4587 = CARTESIAN_POINT ( 'NONE',  ( 45.76036749502379308, 77.98546179954203694, -14.40065972322750198 ) ) ;
#4588 = CARTESIAN_POINT ( 'NONE',  ( 18.11047266505182662, 63.45883282103154244, -64.30068774965350542 ) ) ;
#4589 = VECTOR ( 'NONE', #2513, 1000.000000000000114 ) ;
#4590 = CARTESIAN_POINT ( 'NONE',  ( -12.12435565298211593, 60.99999999999988631, 7.000000000000046185 ) ) ;
#4591 = CARTESIAN_POINT ( 'NONE',  ( 48.12435565298240192, 60.99999999999999289, -55.35382907247937112 ) ) ;
#4592 = FACE_OUTER_BOUND ( 'NONE', #1878, .T. ) ;
#4593 = ORIENTED_EDGE ( 'NONE', *, *, #5531, .T. ) ;
#4594 = CARTESIAN_POINT ( 'NONE',  ( 71.70771068004168569, 54.28634147769885487, 13.99999999998021849 ) ) ;
#4595 = CARTESIAN_POINT ( 'NONE',  ( 80.49155235178410805, 0.000000000000000000, 14.00000000000000000 ) ) ;
#4596 = AXIS2_PLACEMENT_3D ( 'NONE', #1, #1810, #3545 ) ;
#4597 = AXIS2_PLACEMENT_3D ( 'NONE', #2707, #69, #554 ) ;
#4598 = VECTOR ( 'NONE', #1370, 1000.000000000000000 ) ;
#4599 = CARTESIAN_POINT ( 'NONE',  ( 20.37564434701726768, 70.33830226810675867, 63.29165124598868886 ) ) ;
#4600 = AXIS2_PLACEMENT_3D ( 'NONE', #5580, #3778, #3749 ) ;
#4601 = CARTESIAN_POINT ( 'NONE',  ( 60.25428923075821075, 68.91619438665178166, -5.542562663226460629 ) ) ;
#4602 = CARTESIAN_POINT ( 'NONE',  ( 17.77705430554544463, 67.10144975086284092, -60.91872760693355104 ) ) ;
#4603 = B_SPLINE_CURVE_WITH_KNOTS ( 'NONE', 3,
 ( #5310, #4456, #1003, #1429, #1484, #3648, #5253, #504, #5282, #4861 ),
 .UNSPECIFIED., .F., .F.,
 ( 4, 2, 2, 2, 4 ),
 ( 5.953312170681637650E-16, 0.007019715665749613580, 0.01403943133149863215, 0.02105914699724766026, 0.02807886266299668837 ),
 .UNSPECIFIED. ) ;
#4604 = CARTESIAN_POINT ( 'NONE',  ( 72.00000000000000000, 80.99999999999998579, 14.00000000000000000 ) ) ;
#4605 = FACE_OUTER_BOUND ( 'NONE', #2060, .T. ) ;
#4606 = CARTESIAN_POINT ( 'NONE',  ( 65.67106472786959159, 66.68505529899967144, 14.00000000000001066 ) ) ;
#4607 = VERTEX_POINT ( 'NONE', #2786 ) ;
#4608 = CARTESIAN_POINT ( 'NONE',  ( 38.43702465107573829, 81.12634831577898353, -14.16730785841656903 ) ) ;
#4609 = CARTESIAN_POINT ( 'NONE',  ( -60.25403380104353346, 68.90896350641516221, 5.668644002564714235 ) ) ;
#4610 = CARTESIAN_POINT ( 'NONE',  ( -64.99999999999998579, 0.000000000000000000, -14.00000000000000000 ) ) ;
#4611 = DIRECTION ( 'NONE',  ( -1.000000000000000000, 0.000000000000000000, 0.000000000000000000 ) ) ;
#4612 = EDGE_LOOP ( 'NONE', ( #2973, #2937, #4007, #4520 ) ) ;
#4613 = CARTESIAN_POINT ( 'NONE',  ( -65.09822895895847239, 67.19961627838671347, 13.99999999999998757 ) ) ;
#4614 = ORIENTED_EDGE ( 'NONE', *, *, #5562, .T. ) ;
#4615 = CARTESIAN_POINT ( 'NONE',  ( -72.32922377359082589, 65.71575228053565354, -144.6584475471816233 ) ) ;
#4616 = CARTESIAN_POINT ( 'NONE',  ( -44.95988801691753167, 66.68505529899967144, 49.87281034790676415 ) ) ;
#4617 = CARTESIAN_POINT ( 'NONE',  ( -32.55084823174534847, 69.01500649860351189, 50.78644227586176640 ) ) ;
#4618 = CARTESIAN_POINT ( 'NONE',  ( 21.47756107892581312, 65.17649743225115344, 65.20022701136458920 ) ) ;
#4619 = EDGE_CURVE ( 'NONE', #3131, #176, #612, .T. ) ;
#4620 = CARTESIAN_POINT ( 'NONE',  ( 72.00000000000000000, 60.99999999999999289, 14.00000000000000000 ) ) ;
#4621 = CARTESIAN_POINT ( 'NONE',  ( 63.73414311905530383, 67.84252944039403133, -14.02174270511629040 ) ) ;
#4622 = CARTESIAN_POINT ( 'NONE',  ( 46.95486840089719038, 77.30163761430169700, -14.97963713937151198 ) ) ;
#4623 = DIRECTION ( 'NONE',  ( -0.000000000000000000, -1.000000000000000000, 0.000000000000000000 ) ) ;
#4624 = CARTESIAN_POINT ( 'NONE',  ( -24.67959002009352076, 55.96238029589260066, -70.74630382477204193 ) ) ;
#4625 = DIRECTION ( 'NONE',  ( -1.000000000000000000, 0.000000000000000000, 0.000000000000000000 ) ) ;
#4626 = ORIENTED_EDGE ( 'NONE', *, *, #3582, .F. ) ;
#4627 = CARTESIAN_POINT ( 'NONE',  ( 72.58459126990818788, 49.51133489086475237, 16.35021066042733651 ) ) ;
#4628 = ADVANCED_FACE ( 'NONE', ( #2884 ), #1595, .T. ) ;
#4629 =( BOUNDED_SURFACE ( )  B_SPLINE_SURFACE ( 3, 2, ( 
 ( #1208, #4724, #3009 ),
 ( #4662, #364, #2175 ),
 ( #3366, #3875, #5170 ),
 ( #3418, #3900, #2146 ),
 ( #3791, #2116, #5112 ),
 ( #1743, #5593, #2951 ),
 ( #3389, #3474, #1720 ),
 ( #1236, #3449, #808 ),
 ( #333, #1296, #773 ),
 ( #5192, #1316, #300 ),
 ( #2508, #5514, #3824 ),
 ( #1632, #4233, #2977 ),
 ( #4265, #6, #4022 ),
 ( #1765, #1340, #3920 ),
 ( #3553, #4846, #2728 ),
 ( #3154, #4445, #4906 ),
 ( #3498, #3526, #5217 ),
 ( #4818, #910, #4880 ),
 ( #3080, #2665, #111 ),
 ( #5270, #1363, #3942 ),
 ( #994, #546, #4796 ),
 ( #3103, #1414, #59 ),
 ( #5297, #1817, #3126 ),
 ( #5244, #932, #2293 ),
 ( #490, #4384, #2239 ),
 ( #961, #1872, #3968 ),
 ( #3611, #1020, #2640 ),
 ( #1387, #4360, #4340 ),
 ( #463, #5330, #444 ),
 ( #1449, #3183, #2195 ),
 ( #3578, #2696, #1844 ),
 ( #4417, #2215, #522 ),
 ( #31, #2266, #1790 ),
 ( #3993, #89, #4992 ),
 ( #5385, #5021, #4051 ),
 ( #1503, #637, #5477 ),
 ( #2880, #4932, #2020 ),
 ( #576, #1106, #1956 ),
 ( #173, #2852, #2415 ),
 ( #3242, #4140, #1899 ),
 ( #5450, #3302, #2381 ),
 ( #1927, #4109, #3698 ),
 ( #1138, #1993, #3640 ),
 ( #239, #4559, #5416 ),
 ( #4080, #205, #1476 ),
 ( #1533, #1566, #3271 ),
 ( #4473, #2352, #4530 ),
 ( #670, #610, #4965 ) ),
 .UNSPECIFIED., .F., .F., .T. ) 
 B_SPLINE_SURFACE_WITH_KNOTS ( ( 4, 2, 2, 2, 2, 2, 2, 2, 2, 2, 2, 2, 2, 2, 2, 2, 2, 2, 2, 2, 2, 2, 2, 4 ),
 ( 3, 3 ),
 ( 0.000000000000000000, 0.002563236090080241864, 0.003844854135120362795, 0.005126472180160483727, 0.007689708270240725591, 0.008971326315280846522, 0.01025294436032096745, 0.01281618045040120932, 0.01409779849544133025, 0.01537941654048145118, 0.01794265263056169304, 0.02050588872064193491, 0.02178750676568205757, 0.02306912481072217677, 0.02563236090080241864, 0.02691397894584254130, 0.02819559699088266050, 0.03075883308096290236, 0.03204045112600302503, 0.03332206917104314770, 0.03588530526112338609, 0.03716692330616350182, 0.03844854135120362448, 0.04101177744128386982 ),
 ( 0.000000000000000000, 1.000000000000000000 ),
 .UNSPECIFIED. ) 
 GEOMETRIC_REPRESENTATION_ITEM ( )  RATIONAL_B_SPLINE_SURFACE ( (
 ( 1.000000000000000000, 0.6290783086456886997, 1.000000000000000000),
 ( 1.000000000000000000, 0.6343918625893752994, 1.000000000000000000),
 ( 1.000000000000000000, 0.6403390486317845909, 1.000000000000000000),
 ( 1.000000000000000000, 0.6501367209967467975, 1.000000000000000000),
 ( 1.000000000000000000, 0.6535494138147984744, 1.000000000000000000),
 ( 1.000000000000000000, 0.6606686625870329399, 1.000000000000000000),
 ( 1.000000000000000000, 0.6643541600866723629, 1.000000000000000000),
 ( 1.000000000000000000, 0.6756290167853814532, 1.000000000000000000),
 ( 1.000000000000000000, 0.6834909079140195631, 1.000000000000000000),
 ( 1.000000000000000000, 0.6957897521134083219, 1.000000000000000000),
 ( 1.000000000000000000, 0.6999918785308429925, 1.000000000000000000),
 ( 1.000000000000000000, 0.7084218744402179802, 1.000000000000000000),
 ( 1.000000000000000000, 0.7126622824832956615, 1.000000000000000000),
 ( 1.000000000000000000, 0.7254605006517568233, 1.000000000000000000),
 ( 1.000000000000000000, 0.7340945482387215559, 1.000000000000000000),
 ( 1.000000000000000000, 0.7472158771784851439, 1.000000000000000000),
 ( 1.000000000000000000, 0.7515859702558649325, 1.000000000000000000),
 ( 1.000000000000000000, 0.7602386164625798415, 1.000000000000000000),
 ( 1.000000000000000000, 0.7645343156846056143, 1.000000000000000000),
 ( 1.000000000000000000, 0.7773343254694047300, 1.000000000000000000),
 ( 1.000000000000000000, 0.7857624553432280834, 1.000000000000000000),
 ( 1.000000000000000000, 0.8023499094217967365, 1.000000000000000000),
 ( 1.000000000000000000, 0.8102855406006402861, 1.000000000000000000),
 ( 1.000000000000000000, 0.8216610407145551465, 1.000000000000000000),
 ( 1.000000000000000000, 0.8253641861871847674, 1.000000000000000000),
 ( 1.000000000000000000, 0.8325857339251249156, 1.000000000000000000),
 ( 1.000000000000000000, 0.8361146047926679703, 1.000000000000000000),
 ( 1.000000000000000000, 0.8463341066996100670, 1.000000000000000000),
 ( 1.000000000000000000, 0.8525213293958209260, 1.000000000000000000),
 ( 1.000000000000000000, 0.8608281328002730381, 1.000000000000000000),
 ( 1.000000000000000000, 0.8634335178059528992, 1.000000000000000000),
 ( 1.000000000000000000, 0.8682947415613411213, 1.000000000000000000),
 ( 1.000000000000000000, 0.8705641280921886382, 1.000000000000000000),
 ( 1.000000000000000000, 0.8766772032554506211, 1.000000000000000000),
 ( 1.000000000000000000, 0.8798349701773128251, 1.000000000000000000),
 ( 1.000000000000000000, 0.8831387190724204750, 1.000000000000000000),
 ( 1.000000000000000000, 0.8839995215780220850, 1.000000000000000000),
 ( 1.000000000000000000, 0.8852082731266679438, 1.000000000000000000),
 ( 1.000000000000000000, 0.8855458166717128377, 1.000000000000000000),
 ( 1.000000000000000000, 0.8857640284607543046, 1.000000000000000000),
 ( 1.000000000000000000, 0.8848674494627117859, 1.000000000000000000),
 ( 1.000000000000000000, 0.8819445119656936782, 1.000000000000000000),
 ( 1.000000000000000000, 0.8807147912698375380, 1.000000000000000000),
 ( 1.000000000000000000, 0.8778002157532022176, 1.000000000000000000),
 ( 1.000000000000000000, 0.8761117716414624779, 1.000000000000000000),
 ( 1.000000000000000000, 0.8703794346812948612, 1.000000000000000000),
 ( 1.000000000000000000, 0.8656336147135869075, 1.000000000000000000),
 ( 1.000000000000000000, 0.8601783075791858968, 1.000000000000000000) ) ) 
 REPRESENTATION_ITEM ( '' )  SURFACE ( )  );
#4630 = ORIENTED_EDGE ( 'NONE', *, *, #4619, .T. ) ;
#4631 = CARTESIAN_POINT ( 'NONE',  ( 60.21959683191574442, 67.94542186856229193, -13.97894245341015207 ) ) ;
#4632 = LINE ( 'NONE', #2455, #5222 ) ;
#4633 = CARTESIAN_POINT ( 'NONE',  ( 15.80513287229710251, 67.42165079097327407, -60.38848733625282250 ) ) ;
#4634 = CARTESIAN_POINT ( 'NONE',  ( -64.97903156796982671, 69.92428822641963393, -14.00000000000000000 ) ) ;
#4635 = B_SPLINE_CURVE_WITH_KNOTS ( 'NONE', 3,
 ( #1647, #2470, #4616, #848, #5500, #2583, #1621, #317, #3022, #2077, #5554, #759, #3354, #5075, #2014, #5470, #2938, #1587 ),
 .UNSPECIFIED., .F., .F.,
 ( 4, 2, 2, 2, 2, 2, 2, 2, 4 ),
 ( -0.001263708229997874367, 0.001977653895833440638, 0.005219016021664755860, 0.01170174027332737503, 0.01332242133624302743, 0.01494310239915868158, 0.01818446452498997251, 0.02142582665082126692, 0.02466718877665256132 ),
 .UNSPECIFIED. ) ;
#4636 = EDGE_CURVE ( 'NONE', #827, #2856, #1140, .T. ) ;
#4637 = CARTESIAN_POINT ( 'NONE',  ( -64.89535547324334175, 69.51517159522332179, 14.00000000000000000 ) ) ;
#4638 = ORIENTED_EDGE ( 'NONE', *, *, #193, .F. ) ;
#4639 = CARTESIAN_POINT ( 'NONE',  ( 31.27909917402083551, 81.82610833990011656, -23.51867822367002248 ) ) ;
#4640 = CARTESIAN_POINT ( 'NONE',  ( 8.465450562766808523E-14, 60.99999999999988631, 14.00000000000000000 ) ) ;
#4641 = CARTESIAN_POINT ( 'NONE',  ( 35.95773191794470591, 81.83303176442692006, -15.38396285631785965 ) ) ;
#4642 = CARTESIAN_POINT ( 'NONE',  ( -65.94569034573784450, 62.25354003921476220, 16.45378025840366121 ) ) ;
#4643 = CARTESIAN_POINT ( 'NONE',  ( -44.95960510950880717, 66.68554913837694187, -49.87232033790282770 ) ) ;
#4644 = ORIENTED_EDGE ( 'NONE', *, *, #1473, .T. ) ;
#4645 = CARTESIAN_POINT ( 'NONE',  ( 39.86902352336287692, 76.55144540547696863, 0.000000000000000000 ) ) ;
#4646 = VERTEX_POINT ( 'NONE', #175 ) ;
#4647 = CARTESIAN_POINT ( 'NONE',  ( -75.81746117496030024, 46.02785684633895613, 14.00000000000000000 ) ) ;
#4648 = CARTESIAN_POINT ( 'NONE',  ( -72.00000000000000000, 60.99999999999999289, -14.00000000000000000 ) ) ;
#4649 = CARTESIAN_POINT ( 'NONE',  ( 24.19649263674257966, 57.89293898239949954, 69.90955461180566033 ) ) ;
#4650 = CARTESIAN_POINT ( 'NONE',  ( -44.62435565298271456, 80.99999999999998579, 49.29165124598798542 ) ) ;
#4651 = CARTESIAN_POINT ( 'NONE',  ( 49.32802870213725299, 73.96004247141331689, -16.78494922997805006 ) ) ;
#4652 = DIRECTION ( 'NONE',  ( 0.8660254037844328234, 0.000000000000000000, 0.5000000000000101030 ) ) ;
#4653 = CARTESIAN_POINT ( 'NONE',  ( -22.38088057364776162, 70.72916407250920656, -62.13392757075487083 ) ) ;
#4654 = CARTESIAN_POINT ( 'NONE',  ( 28.83340213244966677, 79.74961673298243170, -23.87752603878159974 ) ) ;
#4655 = ORIENTED_EDGE ( 'NONE', *, *, #4803, .F. ) ;
#4656 = CARTESIAN_POINT ( 'NONE',  ( 50.56585586994369663, 47.95356825463662886, 54.89229879153342750 ) ) ;
#4657 = ORIENTED_EDGE ( 'NONE', *, *, #4970, .F. ) ;
#4658 = B_SPLINE_CURVE_WITH_KNOTS ( 'NONE', 3,
 ( #3711, #4204, #4634, #1634, #4567, #250, #616, #2831, #1966, #3676 ),
 .UNSPECIFIED., .F., .F.,
 ( 4, 2, 2, 2, 4 ),
 ( 0.000000000000000000, 0.0006175157415189912961, 0.001235031483037982592, 0.001852547224556973888, 0.002470062966075965184 ),
 .UNSPECIFIED. ) ;
#4659 = CARTESIAN_POINT ( 'NONE',  ( 64.99999999999997158, 70.72920227688678096, -11.68432632855741460 ) ) ;
#4660 = EDGE_CURVE ( 'NONE', #2188, #2968, #2855, .T. ) ;
#4661 = DIRECTION ( 'NONE',  ( 0.5000000000000101030, 0.000000000000000000, -0.8660254037844328234 ) ) ;
#4662 = CARTESIAN_POINT ( 'NONE',  ( 28.93783253526955690, 79.39491790933838899, -25.53615740145105306 ) ) ;
#4663 = EDGE_CURVE ( 'NONE', #552, #3735, #4701, .T. ) ;
#4664 = DIRECTION ( 'NONE',  ( -1.000000000000000000, 8.950314809320438195E-17, 0.000000000000000000 ) ) ;
#4665 = ORIENTED_EDGE ( 'NONE', *, *, #3040, .T. ) ;
#4666 = CARTESIAN_POINT ( 'NONE',  ( 33.14794548538579733, 82.30851889744060657, -18.14435864473836801 ) ) ;
#4667 = CARTESIAN_POINT ( 'NONE',  ( -52.62653394309135280, 61.00000000000000000, -63.01474371237779337 ) ) ;
#4668 = DIRECTION ( 'NONE',  ( 0.8660254037844397068, 0.000000000000000000, -0.4999999999999979461 ) ) ;
#4669 = CARTESIAN_POINT ( 'NONE',  ( 50.03308624045943276, 46.02785684633902008, 58.65984742795780704 ) ) ;
#4670 = CARTESIAN_POINT ( 'NONE',  ( -49.72391064150856721, 51.39998651261350204, -58.12433958210800711 ) ) ;
#4671 = ORIENTED_EDGE ( 'NONE', *, *, #4201, .T. ) ;
#4672 = PLANE ( 'NONE',  #1333 ) ;
#4673 = CARTESIAN_POINT ( 'NONE',  ( -44.56239100559852062, 67.38180933480941803, -43.78380246452289981 ) ) ;
#4674 = EDGE_LOOP ( 'NONE', ( #3997, #4834, #976, #5083 ) ) ;
#4675 = CARTESIAN_POINT ( 'NONE',  ( -73.37920088587458167, 56.45424203979323607, 13.99999999999998934 ) ) ;
#4676 = CYLINDRICAL_SURFACE ( 'NONE', #4600, 18.25000000000000000 ) ;
#4677 = B_SPLINE_CURVE_WITH_KNOTS ( 'NONE', 3,
 ( #4830, #1372, #3167, #2711, #2278, #4889, #2302, #3977, #5365, #4030, #3222, #1884, #3621, #1458, #4914, #1027, #71, #2764 ),
 .UNSPECIFIED., .F., .F.,
 ( 4, 2, 2, 2, 2, 2, 2, 2, 4 ),
 ( -1.082020055211298367E-05, 0.0002984106444302368050, 0.0006076414894125865395, 0.001226103179377314089, 0.002463026559306774176, 0.003081488249271496088, 0.003699949939236217133, 0.004318411629200939045, 0.004936873319165660523 ),
 .UNSPECIFIED. ) ;
#4678 = CARTESIAN_POINT ( 'NONE',  ( 44.66944225774980026, 76.63555733936286174, -11.93768326170933491 ) ) ;
#4679 = CARTESIAN_POINT ( 'NONE',  ( 44.57203338960335515, 69.51517159522333600, 49.20102642745062127 ) ) ;
#4680 = EDGE_LOOP ( 'NONE', ( #3910, #4614, #366, #4038 ) ) ;
#4681 = PRESENTATION_LAYER_ASSIGNMENT (  '', '', ( #684 ) ) ;
#4682 = EDGE_CURVE ( 'NONE', #5508, #4207, #1049, .T. ) ;
#4683 = CARTESIAN_POINT ( 'NONE',  ( -43.80787268920093425, 67.19864238473658702, 46.67551889433227075 ) ) ;
#4684 = CARTESIAN_POINT ( 'NONE',  ( 37.58220829601507518, 79.12166547793415816, -11.96457745110004645 ) ) ;
#4685 = CARTESIAN_POINT ( 'NONE',  ( 66.66980222798687805, 61.45732291408624803, 16.44555683981716854 ) ) ;
#4686 = ORIENTED_EDGE ( 'NONE', *, *, #674, .F. ) ;
#4687 = AXIS2_PLACEMENT_3D ( 'NONE', #2342, #1523, #4010 ) ;
#4688 = CARTESIAN_POINT ( 'NONE',  ( -24.85206664691017764, 55.22173470845584120, -71.04504210553673715 ) ) ;
#4689 = CARTESIAN_POINT ( 'NONE',  ( 64.99999999999995737, 63.85723507571437807, -15.94989483518009799 ) ) ;
#4690 = LINE ( 'NONE', #4292, #4145 ) ;
#4691 = AXIS2_PLACEMENT_3D ( 'NONE', #66, #3109, #1851 ) ;
#4692 = LINE ( 'NONE', #5541, #2609 ) ;
#4693 = EDGE_CURVE ( 'NONE', #534, #454, #4013, .T. ) ;
#4694 = CIRCLE ( 'NONE', #2240, 82.10000000000000853 ) ;
#4695 = VECTOR ( 'NONE', #1660, 1000.000000000000000 ) ;
#4696 =( BOUNDED_SURFACE ( )  B_SPLINE_SURFACE ( 3, 3, ( 
 ( #1586, #2468, #2345, #5377 ),
 ( #5404, #4615, #1617, #5042 ),
 ( #1159, #3724, #4191, #4131 ),
 ( #225, #2775, #1526, #2437 ) ),
 .UNSPECIFIED., .F., .F., .F. ) 
 B_SPLINE_SURFACE_WITH_KNOTS ( ( 4, 4 ),
 ( 4, 4 ),
 ( 0.000000000000000000, 1.000000000000000000 ),
 ( 0.000000000000000000, 1.000000000000000000 ),
 .UNSPECIFIED. ) 
 GEOMETRIC_REPRESENTATION_ITEM ( )  RATIONAL_B_SPLINE_SURFACE ( (
 ( 1.000000000000000000, 0.3333333333333334259, 0.3333333333333334259, 1.000000000000000000),
 ( 0.8772494175869485211, 0.2924164725289828959, 0.2924164725289828959, 0.8772494175869485211),
 ( 0.8772494175869485211, 0.2924164725289828959, 0.2924164725289828959, 0.8772494175869485211),
 ( 1.000000000000000000, 0.3333333333333334259, 0.3333333333333334259, 1.000000000000000000) ) ) 
 REPRESENTATION_ITEM ( '' )  SURFACE ( )  );
#4697 = CARTESIAN_POINT ( 'NONE',  ( -25.59050952162160542, 50.33324878643517764, 72.32406268302194974 ) ) ;
#4698 = EDGE_LOOP ( 'NONE', ( #4626, #447, #3956, #2142, #4882, #2242, #846, #969, #1886, #1220, #4284, #1860, #4714, #4997, #76, #4742 ) ) ;
#4699 = CARTESIAN_POINT ( 'NONE',  ( -49.92931711582156140, 46.05586463635721373, 58.48011403181953938 ) ) ;
#4700 = CARTESIAN_POINT ( 'NONE',  ( 50.24045474099016673, 46.00000000000000000, 59.01902020676106275 ) ) ;
#4701 = B_SPLINE_CURVE_WITH_KNOTS ( 'NONE', 3,
 ( #4176, #271, #5453, #1507, #5357, #2024, #3758, #4994, #3274, #3245, #1110, #2826, #4533, #2385, #4112, #1478, #4936, #207 ),
 .UNSPECIFIED., .F., .F.,
 ( 4, 2, 2, 2, 2, 2, 2, 2, 4 ),
 ( 0.005002081717446396798, 0.005627998187416531455, 0.006253914657386666111, 0.006566872892371736908, 0.006879831127356806839, 0.007505747597326957107, 0.008131664067297107376, 0.008757580537267257645, 0.01000941347720757726 ),
 .UNSPECIFIED. ) ;
#4702 = DIRECTION ( 'NONE',  ( 8.949944318576885364E-17, 1.000000000000000000, 0.000000000000000000 ) ) ;
#4703 = AXIS2_PLACEMENT_3D ( 'NONE', #1230, #2916, #4625 ) ;
#4704 = ADVANCED_FACE ( 'NONE', ( #3142 ), #4924, .T. ) ;
#4705 = EDGE_LOOP ( 'NONE', ( #4665, #3166, #651, #4146, #2603, #1175 ) ) ;
#4706 = VECTOR ( 'NONE', #4554, 999.9999999999998863 ) ;
#4707 = CARTESIAN_POINT ( 'NONE',  ( 45.33155889328416777, 65.95929522014517943, 50.51656318947022584 ) ) ;
#4708 = CARTESIAN_POINT ( 'NONE',  ( -23.18984035846379754, 64.92052763312518948, -61.66687442128375096 ) ) ;
#4709 = VECTOR ( 'NONE', #2498, 1000.000000000000000 ) ;
#4710 = ORIENTED_EDGE ( 'NONE', *, *, #2107, .F. ) ;
#4711 = CARTESIAN_POINT ( 'NONE',  ( 31.32147860223150104, 69.04875912864974907, -51.49759822623404659 ) ) ;
#4712 = CARTESIAN_POINT ( 'NONE',  ( -44.39539769316134965, 67.42165079097325986, -43.88189024572411512 ) ) ;
#4713 = CARTESIAN_POINT ( 'NONE',  ( 18.24999999999999289, -0.001999999999989756066, 2.234980408443919215E-15 ) ) ;
#4714 = ORIENTED_EDGE ( 'NONE', *, *, #3082, .F. ) ;
#4715 = EDGE_CURVE ( 'NONE', #3953, #1509, #1998, .T. ) ;
#4716 = CARTESIAN_POINT ( 'NONE',  ( 48.83706188296604722, 74.27028836173890625, -16.31014076865341522 ) ) ;
#4717 = CARTESIAN_POINT ( 'NONE',  ( 18.68698588504411262, 63.85723507571435675, -64.26659866357847761 ) ) ;
#4718 = VERTEX_POINT ( 'NONE', #949 ) ;
#4719 = CARTESIAN_POINT ( 'NONE',  ( -22.89404604978204461, 61.97093712385064634, -67.65365094904426257 ) ) ;
#4720 = CARTESIAN_POINT ( 'NONE',  ( 32.04205214093176579, 80.29581629282776589, -15.45303100159202181 ) ) ;
#4721 = ORIENTED_EDGE ( 'NONE', *, *, #5041, .T. ) ;
#4722 = CARTESIAN_POINT ( 'NONE',  ( -24.42471221318052343, 49.60266825055003892, -70.30484251350513603 ) ) ;
#4723 = CARTESIAN_POINT ( 'NONE',  ( -64.04942235729440370, 68.11553659766630631, 14.00000000000000000 ) ) ;
#4724 = CARTESIAN_POINT ( 'NONE',  ( 31.27642236415248433, 79.07238405319766628, -24.41109108889309809 ) ) ;
#4725 = CARTESIAN_POINT ( 'NONE',  ( 25.99174343502575724, 46.00000000000000000, 73.01902020676082827 ) ) ;
#4726 = ADVANCED_FACE ( 'NONE', ( #2257 ), #3544, .T. ) ;
#4727 = ORIENTED_EDGE ( 'NONE', *, *, #2512, .F. ) ;
#4728 = CARTESIAN_POINT ( 'NONE',  ( -44.89634827087726165, 66.79099053449517953, 49.76275627946494495 ) ) ;
#4729 = CARTESIAN_POINT ( 'NONE',  ( 52.25859997505607879, 72.30170309110776827, -23.37074201914607485 ) ) ;
#4730 = LINE ( 'NONE', #5152, #213 ) ;
#4731 = CARTESIAN_POINT ( 'NONE',  ( -33.72988503645981950, 71.49226878982210565, 55.58157678911611299 ) ) ;
#4732 = CARTESIAN_POINT ( 'NONE',  ( 20.32332208363981607, 69.51517159522332179, -63.20102642745013810 ) ) ;
#4733 = ORIENTED_EDGE ( 'NONE', *, *, #4267, .F. ) ;
#4734 = B_SPLINE_CURVE_WITH_KNOTS ( 'NONE', 3,
 ( #3272, #3756, #206, #1567, #1594, #5051, #4966, #4993, #1107, #2416, #2755, #4141, #1994, #577, #2320, #3733, #4052, #144, #3896, #357, #4745, #3412, #2083, #3817, #3444, #2477, #2972, #5535, #4684, #5612, #5134, #1291, #3361, #4197, #5108, #1713, #4720, #2112, #296, #4226, #1262, #2140, #5082, #3003, #802, #2945, #2589, #829, #4654, #1739, #3785 ),
 .UNSPECIFIED., .F., .F.,
 ( 4, 2, 2, 2, 2, 2, 2, 2, 2, 2, 2, 2, 2, 2, 2, 2, 2, 2, 1, 2, 2, 2, 2, 2, 2, 4 ),
 ( 0.04103622931584437195, 0.04230854430921432430, 0.04358085930258427665, 0.04612548928932417441, 0.04867011927606406524, 0.04994243426943402453, 0.05121474926280397688, 0.05375937924954388158, 0.05503169424291382700, 0.05630400923628378629, 0.05884863922302368405, 0.06012095421639364334, 0.06139326920976360957, 0.06393789919650354203, 0.06521021418987350826, 0.06648252918324347449, 0.06902715916998340695, 0.07029947416335337318, 0.07157178915672332553, 0.07284410415009329176, 0.07411641914346325799, 0.07666104913020319045, 0.07793336412357317056, 0.07920567911694315066, 0.08047799411031311689, 0.08175030910368308312 ),
 .UNSPECIFIED. ) ;
#4735 = CARTESIAN_POINT ( 'NONE',  ( 50.22083601859352342, 51.58051168082698013, 54.26483504255960355 ) ) ;
#4736 = EDGE_CURVE ( 'NONE', #2225, #2158, #2337, .T. ) ;
#4737 = ORIENTED_EDGE ( 'NONE', *, *, #4148, .F. ) ;
#4738 = CARTESIAN_POINT ( 'NONE',  ( -71.29333510636418225, 60.24613397907616275, 13.99999999999998401 ) ) ;
#4739 = CARTESIAN_POINT ( 'NONE',  ( -24.13526817638780742, 68.78253537071576318, -55.63565121850734840 ) ) ;
#4740 = ORIENTED_EDGE ( 'NONE', *, *, #2861, .F. ) ;
#4741 = DIRECTION ( 'NONE',  ( -0.000000000000000000, -1.000000000000000000, -0.000000000000000000 ) ) ;
#4742 = ORIENTED_EDGE ( 'NONE', *, *, #1902, .T. ) ;
#4743 = CARTESIAN_POINT ( 'NONE',  ( -43.53194872081061106, 69.15083099223561192, 47.39954693692548204 ) ) ;
#4744 = CARTESIAN_POINT ( 'NONE',  ( -23.52394538582453976, 60.24119735950315402, -68.74466860272391955 ) ) ;
#4745 = CARTESIAN_POINT ( 'NONE',  ( 43.86746483112342077, 76.97181354514876261, -11.72465696664823298 ) ) ;
#4746 = VERTEX_POINT ( 'NONE', #1918 ) ;
#4747 = CARTESIAN_POINT ( 'NONE',  ( -21.38367872232452527, 61.76078178284000586, -65.03761799972511426 ) ) ;
#4748 = CARTESIAN_POINT ( 'NONE',  ( 64.99999999999998579, 65.48387241164297734, 5.390923584078373132 ) ) ;
#4749 = CARTESIAN_POINT ( 'NONE',  ( -67.20181278930611768, 60.80372878173846374, -16.43867992338047301 ) ) ;
#4750 = CARTESIAN_POINT ( 'NONE',  ( -34.52627929014924035, 71.49190099398104792, 55.12177835236738588 ) ) ;
#4751 = B_SPLINE_CURVE_WITH_KNOTS ( 'NONE', 3,
 ( #1069, #4523, #4165, #2012 ),
 .UNSPECIFIED., .F., .F.,
 ( 4, 4 ),
 ( 0.003934532143711281724, 0.004345251362166913274 ),
 .UNSPECIFIED. ) ;
#4752 = CARTESIAN_POINT ( 'NONE',  ( -24.56524478995596894, 56.45424203979325029, 70.54825207656872976 ) ) ;
#4753 = ORIENTED_EDGE ( 'NONE', *, *, #4453, .T. ) ;
#4754 = CARTESIAN_POINT ( 'NONE',  ( 1.499999999999983125, 76.99140126247186799, 0.000000000000000000 ) ) ;
#4755 = CARTESIAN_POINT ( 'NONE',  ( 60.25896109168538572, 69.04857540238329250, -7.379594382087738996E-15 ) ) ;
#4756 = EDGE_CURVE ( 'NONE', #525, #2805, #5376, .T. ) ;
#4757 = CARTESIAN_POINT ( 'NONE',  ( 49.37598776186635519, 55.95718616389152800, 52.73723657071924009 ) ) ;
#4758 = CARTESIAN_POINT ( 'NONE',  ( 50.45199342410403176, 49.51133489086511474, 54.68499463284361184 ) ) ;
#4759 = CARTESIAN_POINT ( 'NONE',  ( -35.03620661178134554, 68.90896350638710999, -49.34720195093404982 ) ) ;
#4760 = ORIENTED_EDGE ( 'NONE', *, *, #2292, .T. ) ;
#4761 = DIRECTION ( 'NONE',  ( 0.000000000000000000, -1.000000000000000000, 0.000000000000000000 ) ) ;
#4762 = CARTESIAN_POINT ( 'NONE',  ( 48.83198328396142074, 45.87307673031754263, -56.57947608217458679 ) ) ;
#4763 = ORIENTED_EDGE ( 'NONE', *, *, #2861, .T. ) ;
#4764 = EDGE_CURVE ( 'NONE', #3743, #1192, #985, .T. ) ;
#4765 = CARTESIAN_POINT ( 'NONE',  ( -25.78437493449784768, 46.02785684633894903, -72.65984742795606621 ) ) ;
#4766 = ORIENTED_EDGE ( 'NONE', *, *, #3664, .T. ) ;
#4767 = DIRECTION ( 'NONE',  ( -0.000000000000000000, -1.000000000000000000, -0.000000000000000000 ) ) ;
#4768 = EDGE_CURVE ( 'NONE', #2188, #1699, #873, .T. ) ;
#4769 = CARTESIAN_POINT ( 'NONE',  ( -25.33833460651118230, 52.38165315073361228, -71.88728291765849576 ) ) ;
#4770 = VECTOR ( 'NONE', #3398, 1000.000000000000000 ) ;
#4771 = CARTESIAN_POINT ( 'NONE',  ( 80.49155235178410805, 45.99999999999999289, 14.00000000000000000 ) ) ;
#4772 = CARTESIAN_POINT ( 'NONE',  ( -50.03308624045984487, 46.02785684633902008, -58.65984742795746598 ) ) ;
#4773 = PRODUCT_CONTEXT ( 'NONE', #5430, 'mechanical' ) ;
#4774 = AXIS2_PLACEMENT_3D ( 'NONE', #1075, #2910, #264 ) ;
#4775 = CARTESIAN_POINT ( 'NONE',  ( 25.85284658082719034, 46.00937601690883128, 72.77844379827742216 ) ) ;
#4776 = AXIS2_PLACEMENT_3D ( 'NONE', #2860, #683, #4977 ) ;
#4777 = VERTEX_POINT ( 'NONE', #1894 ) ;
#4778 = CARTESIAN_POINT ( 'NONE',  ( 51.75559828110923632, 73.36614941010951441, -20.76639766702589895 ) ) ;
#4779 = CARTESIAN_POINT ( 'NONE',  ( -46.31351926028195010, 63.85709599279902449, 48.31641218260840276 ) ) ;
#4780 = VECTOR ( 'NONE', #2549, 999.9999999999998863 ) ;
#4781 = CARTESIAN_POINT ( 'NONE',  ( 42.74089066123918457, 67.16783077009301905, 46.02939418601975774 ) ) ;
#4782 = CARTESIAN_POINT ( 'NONE',  ( 52.37013182887361040, 45.99999999999999289, 62.70772912669060872 ) ) ;
#4783 = ORIENTED_EDGE ( 'NONE', *, *, #3846, .T. ) ;
#4784 = AXIS2_PLACEMENT_3D ( 'NONE', #5025, #3212, #2356 ) ;
#4785 = CARTESIAN_POINT ( 'NONE',  ( -20.37564434701770466, 70.12951399001693176, -63.29165124598853964 ) ) ;
#4786 = EDGE_LOOP ( 'NONE', ( #1108, #4330, #2138, #1692, #880 ) ) ;
#4787 = VECTOR ( 'NONE', #4870, 1000.000000000000000 ) ;
#4788 = FACE_OUTER_BOUND ( 'NONE', #3140, .T. ) ;
#4789 = ORIENTED_EDGE ( 'NONE', *, *, #2554, .F. ) ;
#4790 = ADVANCED_FACE ( 'NONE', ( #1865 ), #50, .T. ) ;
#4791 = CARTESIAN_POINT ( 'NONE',  ( 44.39539769316165518, 67.42165079097327407, -43.88189024572380958 ) ) ;
#4792 = CARTESIAN_POINT ( 'NONE',  ( -19.79075284808171986, 64.94776857186801067, 62.27858945289769110 ) ) ;
#4793 = CARTESIAN_POINT ( 'NONE',  ( -19.79609569920858192, 59.75118097122826555, -67.14345530805128703 ) ) ;
#4794 = LINE ( 'NONE', #2214, #1512 ) ;
#4795 = EDGE_CURVE ( 'NONE', #2833, #61, #383, .T. ) ;
#4796 = CARTESIAN_POINT ( 'NONE',  ( 39.58137231974379944, 75.51087768465282579, -34.41247811063963269 ) ) ;
#4797 = CARTESIAN_POINT ( 'NONE',  ( 0.000000000000000000, 45.99999999999999289, 14.00000000000000000 ) ) ;
#4798 = CARTESIAN_POINT ( 'NONE',  ( 48.12435565298240192, 80.99999999999998579, -55.35382907247937112 ) ) ;
#4799 = ORIENTED_EDGE ( 'NONE', *, *, #4636, .F. ) ;
#4800 = CARTESIAN_POINT ( 'NONE',  ( -48.65393309633782337, 58.45755855706299542, -51.44017716991718459 ) ) ;
#4801 = LINE ( 'NONE', #5177, #2991 ) ;
#4802 = CARTESIAN_POINT ( 'NONE',  ( -30.11912468178382696, 65.66873067397918362, 57.66625025183346054 ) ) ;
#4803 = EDGE_CURVE ( 'NONE', #2492, #3743, #4072, .T. ) ;
#4804 = CARTESIAN_POINT ( 'NONE',  ( 50.32542917053102371, 69.61123806769739986, -31.66002243126907345 ) ) ;
#4805 = ORIENTED_EDGE ( 'NONE', *, *, #726, .T. ) ;
#4806 = CARTESIAN_POINT ( 'NONE',  ( -19.97607364692770915, 68.25932009823512203, -62.59957449221680292 ) ) ;
#4807 = ORIENTED_EDGE ( 'NONE', *, *, #3300, .T. ) ;
#4808 = B_SPLINE_CURVE_WITH_KNOTS ( 'NONE', 3,
 ( #4700, #2489, #1246, #4669 ),
 .UNSPECIFIED., .F., .F.,
 ( 4, 4 ),
 ( 0.000000000000000000, 0.0004135464275951852668 ),
 .UNSPECIFIED. ) ;
#4809 = CARTESIAN_POINT ( 'NONE',  ( 36.39636774521703444, 79.16643442887631466, -15.07543272797223466 ) ) ;
#4810 = CARTESIAN_POINT ( 'NONE',  ( -75.95440446762000875, 46.00937601690883128, -14.00000000000000000 ) ) ;
#4811 = CARTESIAN_POINT ( 'NONE',  ( 48.12435565298240192, 0.000000000000000000, -55.35382907247937112 ) ) ;
#4812 = CARTESIAN_POINT ( 'NONE',  ( 49.24586079572838315, 54.48109043193349521, -57.29633296066512571 ) ) ;
#4813 = LINE ( 'NONE', #2210, #226 ) ;
#4814 = CARTESIAN_POINT ( 'NONE',  ( -23.08300159319407285, 61.51576396135465785, 67.98093155060385584 ) ) ;
#4815 = CARTESIAN_POINT ( 'NONE',  ( 20.69302988864890835, 56.99209030536375309, 68.64442477759337180 ) ) ;
#4816 = CARTESIAN_POINT ( 'NONE',  ( 21.95646912118958838, 51.06858755565008323, -70.74426923894371555 ) ) ;
#4817 = CARTESIAN_POINT ( 'NONE',  ( 60.20053056545826564, 67.42165079097325986, 16.50659709052887081 ) ) ;
#4818 = CARTESIAN_POINT ( 'NONE',  ( 36.31711812507957404, 74.75106300893429534, -35.05389759226630275 ) ) ;
#4819 = PLANE ( 'NONE',  #2693 ) ;
#4820 = LINE ( 'NONE', #3185, #5058 ) ;
#4821 = VERTEX_POINT ( 'NONE', #134 ) ;
#4822 = EDGE_CURVE ( 'NONE', #1670, #827, #4899, .T. ) ;
#4823 = FACE_OUTER_BOUND ( 'NONE', #5438, .T. ) ;
#4824 = ORIENTED_EDGE ( 'NONE', *, *, #3416, .T. ) ;
#4825 = CARTESIAN_POINT ( 'NONE',  ( -44.39539769316134965, 67.42165079097325986, -43.88189024572411512 ) ) ;
#4826 = CARTESIAN_POINT ( 'NONE',  ( 64.99999999999998579, 70.12951399001688912, 13.99999999999999645 ) ) ;
#4827 = B_SPLINE_CURVE_WITH_KNOTS ( 'NONE', 3,
 ( #1571, #1479, #4971, #5455, #2789, #3215, #1085, #3672, #2827, #1961 ),
 .UNSPECIFIED., .F., .F.,
 ( 4, 2, 2, 2, 4 ),
 ( 0.000000000000000000, 0.0006174258119178733248, 0.001234851623835746650, 0.001852277435753620083, 0.002469703247671493299 ),
 .UNSPECIFIED. ) ;
#4828 = CARTESIAN_POINT ( 'NONE',  ( 52.62653394309085542, 53.49999999999999289, 63.01474371237819838 ) ) ;
#4829 = ADVANCED_FACE ( 'NONE', ( #2311 ), #1080, .F. ) ;
#4830 = CARTESIAN_POINT ( 'NONE',  ( 44.39539769316165518, 67.42165079097327407, -43.88189024572380958 ) ) ;
#4831 = CARTESIAN_POINT ( 'NONE',  ( 50.59145300810330781, 69.57346837423841635, -31.33767002207481056 ) ) ;
#4832 = ORIENTED_EDGE ( 'NONE', *, *, #4539, .T. ) ;
#4833 = CARTESIAN_POINT ( 'NONE',  ( 73.04231049586084623, 47.93260228642053278, 15.64874095766976758 ) ) ;
#4834 = ORIENTED_EDGE ( 'NONE', *, *, #3338, .F. ) ;
#4835 = CARTESIAN_POINT ( 'NONE',  ( 31.28572573259912915, -0.001999999999987182604, -24.12500000000006040 ) ) ;
#4836 = CARTESIAN_POINT ( 'NONE',  ( 0.000000000000000000, 80.99999999999998579, -14.00000000000000000 ) ) ;
#4837 = CARTESIAN_POINT ( 'NONE',  ( 40.56792541399629926, 67.25322261407046653, -23.22512944462356188 ) ) ;
#4838 = CARTESIAN_POINT ( 'NONE',  ( 60.97048025357695877, 66.83309344415620501, -16.50072612793134397 ) ) ;
#4839 = CARTESIAN_POINT ( 'NONE',  ( -44.54158383167560942, 69.32011107992944687, 49.14828624604907503 ) ) ;
#4840 = CARTESIAN_POINT ( 'NONE',  ( -75.43003819877689864, 50.33153266396304559, -13.99999999999999289 ) ) ;
#4841 = CARTESIAN_POINT ( 'NONE',  ( -20.20330940820252152, 64.16889629970818021, 62.99315837605632140 ) ) ;
#4842 = CARTESIAN_POINT ( 'NONE',  ( 43.86863852105587114, 67.10144975086281249, 45.85474443652482535 ) ) ;
#4843 = CARTESIAN_POINT ( 'NONE',  ( 60.73014323639767298, 67.21756541262422502, -15.90219810501409725 ) ) ;
#4844 = CARTESIAN_POINT ( 'NONE',  ( -18.03843840236926610, 67.85093932666329408, -59.24349180210538890 ) ) ;
#4845 = CARTESIAN_POINT ( 'NONE',  ( 74.60512294179893900, 53.47322573449753236, -14.00000000000002132 ) ) ;
#4846 = CARTESIAN_POINT ( 'NONE',  ( 35.33800643408967090, 75.90563544325183898, -32.47305866507741712 ) ) ;
#4847 = CARTESIAN_POINT ( 'NONE',  ( 64.83395491921810105, 69.31868612655860318, -13.99999999999999822 ) ) ;
#4848 = CARTESIAN_POINT ( 'NONE',  ( -15.80513287229751818, 67.42165079097325986, 60.38848733625270171 ) ) ;
#4849 = ORIENTED_EDGE ( 'NONE', *, *, #4442, .F. ) ;
#4850 = VECTOR ( 'NONE', #157, 1000.000000000000227 ) ;
#4851 = DIRECTION ( 'NONE',  ( -0.9388950933499362606, 0.000000000000000000, -0.3442034335729591832 ) ) ;
#4852 = EDGE_LOOP ( 'NONE', ( #4421, #2732, #872, #3066 ) ) ;
#4853 = CYLINDRICAL_SURFACE ( 'NONE', #4327, 82.10000000000000853 ) ;
#4854 = DIRECTION ( 'NONE',  ( 0.4999999999999979461, 0.000000000000000000, 0.8660254037844397068 ) ) ;
#4855 = VECTOR ( 'NONE', #3527, 1000.000000000000000 ) ;
#4856 = EDGE_CURVE ( 'NONE', #3653, #5627, #3351, .T. ) ;
#4857 = CARTESIAN_POINT ( 'NONE',  ( -23.87564434701866389, 80.99999999999998579, 69.35382907247930007 ) ) ;
#4858 = CARTESIAN_POINT ( 'NONE',  ( -47.97821099299454062, 54.28634147768208607, -55.10069909613139316 ) ) ;
#4859 = ORIENTED_EDGE ( 'NONE', *, *, #3626, .F. ) ;
#4860 = AXIS2_PLACEMENT_3D ( 'NONE', #5578, #5202, #787 ) ;
#4861 = CARTESIAN_POINT ( 'NONE',  ( 20.37564434701726768, 70.33830226810675867, 63.29165124598868886 ) ) ;
#4862 = CARTESIAN_POINT ( 'NONE',  ( 44.64528157543072240, 71.20900755564558438, -35.44560141368371831 ) ) ;
#4863 = ORIENTED_EDGE ( 'NONE', *, *, #1197, .F. ) ;
#4864 = ADVANCED_FACE ( 'NONE', ( #4592 ), #3079, .F. ) ;
#4865 = CARTESIAN_POINT ( 'NONE',  ( 50.03287401029602677, 45.85812873523628497, -58.65947983452439729 ) ) ;
#4866 = AXIS2_PLACEMENT_3D ( 'NONE', #709, #2878, #4964 ) ;
#4867 = VECTOR ( 'NONE', #5004, 999.9999999999998863 ) ;
#4868 = EDGE_LOOP ( 'NONE', ( #4807, #1736, #2068, #1663, #648, #2451, #2651, #4534, #2730 ) ) ;
#4869 = CARTESIAN_POINT ( 'NONE',  ( -76.09237551173426084, 46.00000000000000000, 14.00000000000000000 ) ) ;
#4870 = DIRECTION ( 'NONE',  ( -0.000000000000000000, -1.000000000000000000, 0.000000000000000000 ) ) ;
#4871 = AXIS2_PLACEMENT_3D ( 'NONE', #377, #5530, #823 ) ;
#4872 = CIRCLE ( 'NONE', #4597, 82.10000000000000853 ) ;
#4873 = CARTESIAN_POINT ( 'NONE',  ( -60.25428923075821075, 68.91619438665178166, 5.542562663226460629 ) ) ;
#4874 = CARTESIAN_POINT ( 'NONE',  ( 87.00000000000000000, 46.00000000000000000, 0.000000000000000000 ) ) ;
#4875 = CARTESIAN_POINT ( 'NONE',  ( -25.78787491909237417, 47.05105508796388847, 72.66590957909740212 ) ) ;
#4876 = CARTESIAN_POINT ( 'NONE',  ( 23.93083586123339757, 53.27527253398427121, 69.44942357924712439 ) ) ;
#4877 = CARTESIAN_POINT ( 'NONE',  ( -19.57914955338111795, 65.33113625350279108, -61.91208179544452861 ) ) ;
#4878 = ADVANCED_FACE ( 'NONE', ( #4933 ), #4110, .F. ) ;
#4879 = CARTESIAN_POINT ( 'NONE',  ( 60.32696670750911494, 67.36105576203944167, 16.35198032585724448 ) ) ;
#4880 = CARTESIAN_POINT ( 'NONE',  ( 37.71385021316217490, 76.55518175864040131, -33.80888948348234635 ) ) ;
#4881 = CARTESIAN_POINT ( 'NONE',  ( -18.51827132324370950, 67.19864738945655347, 61.27650245578094967 ) ) ;
#4882 = ORIENTED_EDGE ( 'NONE', *, *, #703, .F. ) ;
#4883 = CARTESIAN_POINT ( 'NONE',  ( -74.84025266427300949, 46.30971102074855850, 14.15693274313738037 ) ) ;
#4884 = ORIENTED_EDGE ( 'NONE', *, *, #2546, .F. ) ;
#4885 = DIRECTION ( 'NONE',  ( 0.8660254037844328234, 0.000000000000000000, 0.5000000000000101030 ) ) ;
#4886 = CARTESIAN_POINT ( 'NONE',  ( 75.08324980882187560, 51.79954327710280637, -13.99999999999999112 ) ) ;
#4887 = CARTESIAN_POINT ( 'NONE',  ( -73.42201695636704528, 46.94028658333848369, -14.00000000005174705 ) ) ;
#4888 = ORIENTED_EDGE ( 'NONE', *, *, #4663, .F. ) ;
#4889 = CARTESIAN_POINT ( 'NONE',  ( 44.13679323862400139, 67.21757477858386665, -44.64269861300194719 ) ) ;
#4890 = PLANE ( 'NONE',  #3506 ) ;
#4891 = ORIENTED_EDGE ( 'NONE', *, *, #5595, .F. ) ;
#4892 = CARTESIAN_POINT ( 'NONE',  ( -60.24923405911262364, 68.77445268785325538, -7.019518324699832057 ) ) ;
#4893 = CARTESIAN_POINT ( 'NONE',  ( -50.51564886200453941, 48.61675045524525984, 54.80089632839378311 ) ) ;
#4894 = ORIENTED_EDGE ( 'NONE', *, *, #5525, .T. ) ;
#4895 = CARTESIAN_POINT ( 'NONE',  ( -50.24045474099140307, 46.00000000000000000, 59.01902020676000404 ) ) ;
#4896 = FACE_OUTER_BOUND ( 'NONE', #898, .T. ) ;
#4897 = CARTESIAN_POINT ( 'NONE',  ( 50.07336245451478618, 47.93260228642048304, -55.43212596169110640 ) ) ;
#4898 = EDGE_CURVE ( 'NONE', #4821, #4290, #3641, .T. ) ;
#4899 = LINE ( 'NONE', #1013, #2904 ) ;
#4900 = CARTESIAN_POINT ( 'NONE',  ( 31.28572573259913270, 81.68513390735827784, -24.12500000000006040 ) ) ;
#4901 = CARTESIAN_POINT ( 'NONE',  ( -15.80513287229669217, 67.42165079097325986, -60.38848733625292198 ) ) ;
#4902 = FACE_OUTER_BOUND ( 'NONE', #47, .T. ) ;
#4903 = CARTESIAN_POINT ( 'NONE',  ( 22.29088234255667800, 45.87634716325730722, 71.29621637861482952 ) ) ;
#4904 = EDGE_CURVE ( 'NONE', #3558, #1309, #3668, .T. ) ;
#4905 = CARTESIAN_POINT ( 'NONE',  ( 44.77528813446688361, 66.83309344415620501, -44.55162171656925096 ) ) ;
#4906 = CARTESIAN_POINT ( 'NONE',  ( 36.82207245037212573, 77.07793368173535953, -33.38362776570519230 ) ) ;
#4907 = DIRECTION ( 'NONE',  ( -0.000000000000000000, -1.000000000000000000, -0.000000000000000000 ) ) ;
#4908 = UNCERTAINTY_MEASURE_WITH_UNIT (LENGTH_MEASURE( 1.000000000000000082E-05 ), #1377, 'distance_accuracy_value', 'NONE');
#4909 = CARTESIAN_POINT ( 'NONE',  ( 64.99999999999994316, 70.76547318469323500, 11.53538603531968398 ) ) ;
#4910 = VERTEX_POINT ( 'NONE', #4560 ) ;
#4911 = DIRECTION ( 'NONE',  ( 8.949944318576885364E-17, 1.000000000000000000, 0.000000000000000000 ) ) ;
#4912 = CARTESIAN_POINT ( 'NONE',  ( -75.73843383252176409, 48.24151529171869868, -14.00000000000002309 ) ) ;
#4913 = CARTESIAN_POINT ( 'NONE',  ( -49.31968164223433604, 54.10447137732717238, -57.42419441747225761 ) ) ;
#4914 = CARTESIAN_POINT ( 'NONE',  ( 43.91044744688753099, 67.61734521269784182, -47.84946906423998314 ) ) ;
#4915 = FACE_OUTER_BOUND ( 'NONE', #4612, .T. ) ;
#4916 = EDGE_CURVE ( 'NONE', #1890, #3261, #5155, .T. ) ;
#4917 = ORIENTED_EDGE ( 'NONE', *, *, #3940, .F. ) ;
#4918 = CARTESIAN_POINT ( 'NONE',  ( -64.99999999999998579, 65.48387241164297734, -5.390923584078373132 ) ) ;
#4919 = CARTESIAN_POINT ( 'NONE',  ( 52.62653394309173649, 61.00000000000000000, -63.01474371237745942 ) ) ;
#4920 = VERTEX_POINT ( 'NONE', #3699 ) ;
#4921 = CARTESIAN_POINT ( 'NONE',  ( 0.000000000000000000, 46.00000000000000000, 0.000000000000000000 ) ) ;
#4922 = DIRECTION ( 'NONE',  ( 0.000000000000000000, 0.000000000000000000, -1.000000000000000000 ) ) ;
#4923 = CARTESIAN_POINT ( 'NONE',  ( 41.59767444721467200, 66.14685435783182754, -25.62499999999961986 ) ) ;
#4924 = PLANE ( 'NONE',  #1434 ) ;
#4925 = CARTESIAN_POINT ( 'NONE',  ( 31.80421882529015676, 79.60201718049660258, -20.84266242241520573 ) ) ;
#4926 = CARTESIAN_POINT ( 'NONE',  ( 34.88087531826996468, 65.66873067391854590, 54.91705224006511799 ) ) ;
#4927 = DIRECTION ( 'NONE',  ( -1.000000000000000000, 0.000000000000000000, 0.000000000000000000 ) ) ;
#4928 = CARTESIAN_POINT ( 'NONE',  ( 24.54747839863651748, 48.00576291639728765, 70.51747978411529516 ) ) ;
#4929 = EDGE_CURVE ( 'NONE', #4343, #5341, #1556, .T. ) ;
#4930 = DIRECTION ( 'NONE',  ( -0.8660254037844397068, 0.000000000000000000, 0.4999999999999979461 ) ) ;
#4931 = LINE ( 'NONE', #1105, #4956 ) ;
#4932 = CARTESIAN_POINT ( 'NONE',  ( 49.92949947155793211, 70.16817518040686252, -30.76448176760295894 ) ) ;
#4933 = FACE_OUTER_BOUND ( 'NONE', #3173, .T. ) ;
#4934 = CARTESIAN_POINT ( 'NONE',  ( 16.19536830028858176, 66.83697915471680062, -61.05274856320495758 ) ) ;
#4935 = EDGE_CURVE ( 'NONE', #3318, #3442, #4734, .T. ) ;
#4936 = CARTESIAN_POINT ( 'NONE',  ( 42.17051017483618836, 66.68485356911278927, -22.62500000000005684 ) ) ;
#4937 = ORIENTED_EDGE ( 'NONE', *, *, #4341, .F. ) ;
#4938 = CARTESIAN_POINT ( 'NONE',  ( 0.000000000000000000, 49.00000000000000000, 0.000000000000000000 ) ) ;
#4939 = ORIENTED_EDGE ( 'NONE', *, *, #121, .F. ) ;
#4940 = CARTESIAN_POINT ( 'NONE',  ( 25.99174343502575724, 46.00000000000000000, 73.01902020676082827 ) ) ;
#4941 = CARTESIAN_POINT ( 'NONE',  ( -70.21699464147006609, 57.23846896690261588, -13.99999999999896083 ) ) ;
#4942 = VERTEX_POINT ( 'NONE', #325 ) ;
#4943 = FACE_OUTER_BOUND ( 'NONE', #1883, .T. ) ;
#4944 = CARTESIAN_POINT ( 'NONE',  ( -66.70000000000000284, 62.56337044103960210, 1.858928959323079211E-13 ) ) ;
#4945 = AXIS2_PLACEMENT_3D ( 'NONE', #4098, #4405, #1067 ) ;
#4946 = ORIENTED_EDGE ( 'NONE', *, *, #202, .T. ) ;
#4947 = CARTESIAN_POINT ( 'NONE',  ( 60.97091537674126016, 66.83697915471586271, -16.50077390992048976 ) ) ;
#4948 = CARTESIAN_POINT ( 'NONE',  ( -45.14591466673071096, 66.22292686396978922, 45.20589269082842776 ) ) ;
#4949 = ORIENTED_EDGE ( 'NONE', *, *, #2642, .T. ) ;
#4950 = CARTESIAN_POINT ( 'NONE',  ( -45.20644746071263143, 66.12567138045747583, -45.31269782916902500 ) ) ;
#4951 = CIRCLE ( 'NONE', #5504, 66.70000000000000284 ) ;
#4952 = CARTESIAN_POINT ( 'NONE',  ( 63.89768832408485366, 64.29485628078593606, 16.47483932149081909 ) ) ;
#4953 = CARTESIAN_POINT ( 'NONE',  ( -39.86902352336287692, 76.55144540547696863, -3.669309190293576416E-13 ) ) ;
#4954 = CARTESIAN_POINT ( 'NONE',  ( -60.45650340525817512, 67.30525097660127187, 16.19901732785217519 ) ) ;
#4955 = CARTESIAN_POINT ( 'NONE',  ( 29.25774091211194872, 80.24045120151069455, -20.56816121202621162 ) ) ;
#4956 = VECTOR ( 'NONE', #2444, 1000.000000000000000 ) ;
#4957 = CARTESIAN_POINT ( 'NONE',  ( 20.41138059579009223, 68.36078836302885975, 57.76826457592370900 ) ) ;
#4958 = DIRECTION ( 'NONE',  ( 1.000000000000000000, 0.000000000000000000, 0.000000000000000000 ) ) ;
#4959 = CARTESIAN_POINT ( 'NONE',  ( 20.71117671095207413, 66.68505529899967144, 63.87281034790748180 ) ) ;
#4960 = CARTESIAN_POINT ( 'NONE',  ( 34.53555736225467143, 78.52124269181923921, -31.72683357368467227 ) ) ;
#4961 = AXIS2_PLACEMENT_3D ( 'NONE', #3054, #1721, #3499 ) ;
#4962 = CARTESIAN_POINT ( 'NONE',  ( 21.43830434526985584, 54.09044109429304825, -69.88583011875751083 ) ) ;
#4963 = EDGE_CURVE ( 'NONE', #3001, #3774, #2085, .T. ) ;
#4964 = DIRECTION ( 'NONE',  ( -0.8660254037844432595, 0.000000000000000000, 0.4999999999999919509 ) ) ;
#4965 = CARTESIAN_POINT ( 'NONE',  ( 52.25859997505608590, 72.30170309110775406, -23.37074201914607130 ) ) ;
#4966 = CARTESIAN_POINT ( 'NONE',  ( 52.39024751483727016, 71.98669608350921578, -18.94307019521556512 ) ) ;
#4967 = AXIS2_PLACEMENT_3D ( 'NONE', #1202, #2504, #2171 ) ;
#4968 = CARTESIAN_POINT ( 'NONE',  ( 47.14105016936917281, 61.97525265978688225, 53.65069401550211836 ) ) ;
#4969 = AXIS2_PLACEMENT_3D ( 'NONE', #4142, #5452, #1568 ) ;
#4970 = EDGE_CURVE ( 'NONE', #1289, #3970, #5507, .T. ) ;
#4971 = CARTESIAN_POINT ( 'NONE',  ( -44.29178473389308834, 68.41608997342395071, -48.71562151700666021 ) ) ;
#4972 = VERTEX_POINT ( 'NONE', #2563 ) ;
#4973 = CARTESIAN_POINT ( 'NONE',  ( -28.12142052290973737, 0.000000000000000000, -76.70772912669018240 ) ) ;
#4974 = CARTESIAN_POINT ( 'NONE',  ( 73.34366810319271224, 48.00576291639394100, -14.00000000001249312 ) ) ;
#4975 = CARTESIAN_POINT ( 'NONE',  ( -61.84517116440730433, 66.12567138047485571, -16.49358300123034127 ) ) ;
#4976 = CARTESIAN_POINT ( 'NONE',  ( -50.59889340631360710, 45.87634716325730722, -54.95257857073206509 ) ) ;
#4977 = DIRECTION ( 'NONE',  ( 0.000000000000000000, 0.000000000000000000, -1.000000000000000000 ) ) ;
#4978 = EDGE_LOOP ( 'NONE', ( #44, #1584, #3105, #1797 ) ) ;
#4979 = CARTESIAN_POINT ( 'NONE',  ( -23.87564434701769400, 80.99999999999998579, -69.35382907247964113 ) ) ;
#4980 = CARTESIAN_POINT ( 'NONE',  ( 72.11038302844941938, 53.27527253397911267, -14.00000000000521361 ) ) ;
#4981 = CARTESIAN_POINT ( 'NONE',  ( 44.33242808152182590, 67.51887975670250341, -43.77088530842396352 ) ) ;
#4982 = VERTEX_POINT ( 'NONE', #3471 ) ;
#4983 = CARTESIAN_POINT ( 'NONE',  ( -73.95284459977531810, 55.22173470843915055, 14.00000000000000178 ) ) ;
#4984 = CARTESIAN_POINT ( 'NONE',  ( 4.852638573011457339E-16, 96.99999999999998579, 0.000000000000000000 ) ) ;
#4985 = CARTESIAN_POINT ( 'NONE',  ( -20.98379271469957530, 55.95718616389154221, 69.12947802408538678 ) ) ;
#4986 = CARTESIAN_POINT ( 'NONE',  ( 28.93414206513714504, 69.04912902142204700, 52.87594274620791879 ) ) ;
#4987 = FACE_OUTER_BOUND ( 'NONE', #5518, .T. ) ;
#4988 = CARTESIAN_POINT ( 'NONE',  ( -22.03138215252753440, 50.54137333704083801, -70.86819772924505401 ) ) ;
#4989 = CARTESIAN_POINT ( 'NONE',  ( 52.66820789367087485, 71.68078202079874472, -19.68602817580694975 ) ) ;
#4990 = CARTESIAN_POINT ( 'NONE',  ( 20.69302988865416637, 56.99209030535219256, -68.64442477759922667 ) ) ;
#4991 = CARTESIAN_POINT ( 'NONE',  ( 42.20900288325616856, 67.94710706922583654, -45.16629258289381710 ) ) ;
#4992 = CARTESIAN_POINT ( 'NONE',  ( 48.50454762759473226, 71.55739055155291339, -32.22481361228308572 ) ) ;
#4993 = CARTESIAN_POINT ( 'NONE',  ( 51.70007341432521031, 72.62542314396186782, -17.53267063755625088 ) ) ;
#4994 = CARTESIAN_POINT ( 'NONE',  ( 43.10664692293219957, 65.64507865998697866, -24.84347390017923729 ) ) ;
#4995 = ORIENTED_EDGE ( 'NONE', *, *, #3821, .F. ) ;
#4996 = CARTESIAN_POINT ( 'NONE',  ( 44.62435565298167717, 0.000000000000000000, 49.29165124598891623 ) ) ;
#4997 = ORIENTED_EDGE ( 'NONE', *, *, #2751, .F. ) ;
#4998 = CARTESIAN_POINT ( 'NONE',  ( -50.32306747399144342, 48.33918353723861827, -55.03993673183835256 ) ) ;
#4999 = CARTESIAN_POINT ( 'NONE',  ( 19.03589492747950018, 67.36036662748441017, -61.59404296909045229 ) ) ;
#5000 = DIRECTION ( 'NONE',  ( 8.881784197001252323E-16, 0.000000000000000000, -1.000000000000000000 ) ) ;
#5001 = EDGE_CURVE ( 'NONE', #5536, #1260, #766, .T. ) ;
#5002 = CARTESIAN_POINT ( 'NONE',  ( -28.12142052290977645, 45.99999999999999289, -76.70772912669015398 ) ) ;
#5003 = ORIENTED_EDGE ( 'NONE', *, *, #2512, .T. ) ;
#5004 = DIRECTION ( 'NONE',  ( -0.6410052855431443986, 0.000000000000000000, 0.7675364642189659303 ) ) ;
#5005 = CARTESIAN_POINT ( 'NONE',  ( 34.05856216762564515, 82.21583250425091194, -16.98038226150844565 ) ) ;
#5006 = CARTESIAN_POINT ( 'NONE',  ( 68.42204903371070657, 60.03922181400536573, -13.99999999999788791 ) ) ;
#5007 = CARTESIAN_POINT ( 'NONE',  ( -72.32922377359079746, 65.71575228053565354, 144.6584475471816233 ) ) ;
#5008 = CARTESIAN_POINT ( 'NONE',  ( 43.99617625188752612, 68.39397752115920071, -48.20361260702383532 ) ) ;
#5009 = EDGE_CURVE ( 'NONE', #2856, #2805, #2050, .T. ) ;
#5010 = ORIENTED_EDGE ( 'NONE', *, *, #3106, .T. ) ;
#5011 = DIRECTION ( 'NONE',  ( -0.000000000000000000, 1.000000000000000000, -0.000000000000000000 ) ) ;
#5012 = FACE_OUTER_BOUND ( 'NONE', #3930, .T. ) ;
#5013 = DIRECTION ( 'NONE',  ( 0.06891406689229277738, -0.2822176339117025701, -0.9568720178235148310 ) ) ;
#5014 = CARTESIAN_POINT ( 'NONE',  ( -72.89627863383235251, 46.91607545010642610, 16.34349546824513055 ) ) ;
#5015 = CARTESIAN_POINT ( 'NONE',  ( 22.51006265092849645, 70.76547318469323500, 62.05934426366225409 ) ) ;
#5016 = DIRECTION ( 'NONE',  ( -0.3442034335729470262, 0.000000000000000000, -0.9388950933499407014 ) ) ;
#5017 = CARTESIAN_POINT ( 'NONE',  ( 24.04600513754532898, 58.46542898070121197, 69.64890261729210863 ) ) ;
#5018 = CARTESIAN_POINT ( 'NONE',  ( 45.06796595535459460, 76.23376827100736364, -14.11778798369723908 ) ) ;
#5019 = CARTESIAN_POINT ( 'NONE',  ( 19.09263111132301205, 61.45732291409180448, -65.96052081462643457 ) ) ;
#5020 = CARTESIAN_POINT ( 'NONE',  ( 45.86641786960117884, 64.95410340582364483, -46.47972036097121418 ) ) ;
#5021 = CARTESIAN_POINT ( 'NONE',  ( 48.91298197398513992, 70.34496041265613542, -31.87376917897263695 ) ) ;
#5022 = CARTESIAN_POINT ( 'NONE',  ( 28.25910189633944469, 45.99999999999999289, -77.08328716402995440 ) ) ;
#5023 = CARTESIAN_POINT ( 'NONE',  ( 44.07253773871804725, 67.97021311775704078, 48.33587458195761144 ) ) ;
#5024 = CARTESIAN_POINT ( 'NONE',  ( 74.92538051898064566, 52.38165315073361228, 14.00000000000001599 ) ) ;
#5025 = CARTESIAN_POINT ( 'NONE',  ( 0.000000000000000000, 0.000000000000000000, 0.000000000000000000 ) ) ;
#5026 = FACE_OUTER_BOUND ( 'NONE', #2704, .T. ) ;
#5027 = CARTESIAN_POINT ( 'NONE',  ( 23.44210627465866281, 47.53496888141360444, 71.10942506541474017 ) ) ;
#5028 = CARTESIAN_POINT ( 'NONE',  ( 19.72388617156813595, 67.84252944039403133, -62.20625838209312519 ) ) ;
#5029 = DIRECTION ( 'NONE',  ( 0.000000000000000000, 0.000000000000000000, 1.000000000000000000 ) ) ;
#5030 = FACE_OUTER_BOUND ( 'NONE', #34, .T. ) ;
#5031 = EDGE_CURVE ( 'NONE', #2767, #4056, #1653, .T. ) ;
#5032 = ORIENTED_EDGE ( 'NONE', *, *, #1531, .F. ) ;
#5033 = DIRECTION ( 'NONE',  ( 0.000000000000000000, 0.000000000000000000, 1.000000000000000000 ) ) ;
#5034 = CARTESIAN_POINT ( 'NONE',  ( 50.03308624045943276, 46.02785684633902008, 58.65984742795780704 ) ) ;
#5035 = CARTESIAN_POINT ( 'NONE',  ( -65.00000000006011192, 64.91731202429818381, 10.76842142772495237 ) ) ;
#5036 = DIRECTION ( 'NONE',  ( 0.000000000000000000, 0.000000000000000000, -1.000000000000000000 ) ) ;
#5037 = ORIENTED_EDGE ( 'NONE', *, *, #5473, .F. ) ;
#5038 = FACE_OUTER_BOUND ( 'NONE', #2836, .T. ) ;
#5039 = AXIS2_PLACEMENT_3D ( 'NONE', #13, #3133, #3086 ) ;
#5040 = CARTESIAN_POINT ( 'NONE',  ( -64.34502725870933659, 63.85246432331992139, 16.47027785670108457 ) ) ;
#5041 = EDGE_CURVE ( 'NONE', #720, #1935, #4260, .T. ) ;
#5042 = CARTESIAN_POINT ( 'NONE',  ( 72.32922377359081167, 65.71575228053563933, -1.771555047582812371E-14 ) ) ;
#5043 = DIRECTION ( 'NONE',  ( 0.4999999999999919509, 1.387778780781446464E-15, 0.8660254037844432595 ) ) ;
#5044 = CARTESIAN_POINT ( 'NONE',  ( -44.95607078064164597, 70.32824487247853540, 49.10013542773979367 ) ) ;
#5045 = CARTESIAN_POINT ( 'NONE',  ( 20.20330940820328181, 64.16889629970813758, 62.99315837604425639 ) ) ;
#5046 = CARTESIAN_POINT ( 'NONE',  ( 64.04942235729440370, 68.11553659766630631, -14.00000000000000000 ) ) ;
#5047 = CARTESIAN_POINT ( 'NONE',  ( 38.13065256149298676, 81.22426218983521551, -14.27542730736402099 ) ) ;
#5048 = VECTOR ( 'NONE', #3766, 1000.000000000000000 ) ;
#5049 = LINE ( 'NONE', #5505, #496 ) ;
#5050 = CARTESIAN_POINT ( 'NONE',  ( 24.67874356484749043, 55.96612926941604371, -70.74483772127864256 ) ) ;
#5051 = CARTESIAN_POINT ( 'NONE',  ( 52.66541720179002084, 71.68421056276035586, -19.67724444523498661 ) ) ;
#5052 = EDGE_LOOP ( 'NONE', ( #639, #3788, #1596, #824 ) ) ;
#5053 = CARTESIAN_POINT ( 'NONE',  ( 72.82105316056942002, 47.95356825463733230, 16.34516635168984777 ) ) ;
#5054 = VECTOR ( 'NONE', #1573, 1000.000000000000000 ) ;
#5055 = ORIENTED_EDGE ( 'NONE', *, *, #2710, .F. ) ;
#5056 = EDGE_CURVE ( 'NONE', #712, #4972, #3029, .T. ) ;
#5057 = CARTESIAN_POINT ( 'NONE',  ( -24.71189067379263804, 46.58991269261758816, -71.56635610030819805 ) ) ;
#5058 = VECTOR ( 'NONE', #4907, 1000.000000000000000 ) ;
#5059 =( BOUNDED_SURFACE ( )  B_SPLINE_SURFACE ( 3, 2, ( 
 ( #5267, #4050, #2317 ),
 ( #141, #3638, #5352 ),
 ( #3207, #4382, #1044 ),
 ( #2237, #4501, #608 ),
 ( #2350, #4078, #170 ),
 ( #1925, #1360, #4816 ),
 ( #930, #3729, #1104 ),
 ( #1563, #1530, #5413 ),
 ( #1136, #1077, #4962 ),
 ( #2819, #5383, #3269 ),
 ( #3299, #1501, #4990 ),
 ( #2412, #2850, #4557 ),
 ( #203, #4528, #5019 ),
 ( #2379, #4138, #4588 ),
 ( #635, #3238, #4107 ),
 ( #1953, #3695, #5448 ),
 ( #668, #237, #1990 ),
 ( #2877, #707, #1538 ),
 ( #2886, #2453, #4934 ),
 ( #5356, #3184, #2756 ) ),
 .UNSPECIFIED., .F., .F., .F. ) 
 B_SPLINE_SURFACE_WITH_KNOTS ( ( 4, 2, 2, 2, 2, 2, 2, 2, 2, 4 ),
 ( 3, 3 ),
 ( 0.01252048609959066812, 0.01610381331546698047, 0.01789547692340513751, 0.01968714053134329456, 0.02327046774721960865, 0.02685379496309591926, 0.03402044939484854397, 0.03581211300278670101, 0.03760377661072485805, 0.04118710382660117214 ),
 ( 0.000000000000000000, 1.000000000000000000 ),
 .UNSPECIFIED. ) 
 GEOMETRIC_REPRESENTATION_ITEM ( )  RATIONAL_B_SPLINE_SURFACE ( (
 ( 1.000000000000000000, 0.7806367264523386140, 1.000000000000000000),
 ( 1.000000000000000000, 0.7806525983864298635, 1.000000000000000000),
 ( 1.000000000000000000, 0.7804736193014180090, 1.000000000000000000),
 ( 1.000000000000000000, 0.7799347764561912477, 1.000000000000000000),
 ( 1.000000000000000000, 0.7797094506920922985, 1.000000000000000000),
 ( 1.000000000000000000, 0.7791796795195928826, 1.000000000000000000),
 ( 1.000000000000000000, 0.7788772256522634718, 1.000000000000000000),
 ( 1.000000000000000000, 0.7778777612652542084, 1.000000000000000000),
 ( 1.000000000000000000, 0.7770891790796081722, 1.000000000000000000),
 ( 1.000000000000000000, 0.7753695393487118892, 1.000000000000000000),
 ( 1.000000000000000000, 0.7744333973496583257, 1.000000000000000000),
 ( 1.000000000000000000, 0.7716017430462248639, 1.000000000000000000),
 ( 1.000000000000000000, 0.7696820186680949361, 1.000000000000000000),
 ( 1.000000000000000000, 0.7674401967822185311, 1.000000000000000000),
 ( 1.000000000000000000, 0.7669988342229457912, 1.000000000000000000),
 ( 1.000000000000000000, 0.7661320856121219824, 1.000000000000000000),
 ( 1.000000000000000000, 0.7657059992063488529, 1.000000000000000000),
 ( 1.000000000000000000, 0.7644628963677586597, 1.000000000000000000),
 ( 1.000000000000000000, 0.7636784586043692258, 1.000000000000000000),
 ( 1.000000000000000000, 0.7629366208023392604, 1.000000000000000000) ) ) 
 REPRESENTATION_ITEM ( '' )  SURFACE ( )  );
#5060 = FACE_OUTER_BOUND ( 'NONE', #3486, .T. ) ;
#5061 = CARTESIAN_POINT ( 'NONE',  ( 16.57649413764633195, 66.22292686396977501, -61.70045532388721199 ) ) ;
#5062 = LINE ( 'NONE', #2482, #3250 ) ;
#5063 = CARTESIAN_POINT ( 'NONE',  ( -64.04942235729440370, 68.11553659766630631, 14.00000000000000000 ) ) ;
#5064 = ORIENTED_EDGE ( 'NONE', *, *, #1168, .F. ) ;
#5065 = CARTESIAN_POINT ( 'NONE',  ( 31.53718085787501124, 79.50459521388872020, -21.79586433242636190 ) ) ;
#5066 = LINE ( 'NONE', #2573, #1272 ) ;
#5067 = CARTESIAN_POINT ( 'NONE',  ( -31.32147860223184921, 69.04875912864970644, 51.49759822623381922 ) ) ;
#5068 = CARTESIAN_POINT ( 'NONE',  ( -64.99999999994066968, 64.46462010861579017, 13.40256265608264918 ) ) ;
#5069 = CARTESIAN_POINT ( 'NONE',  ( -47.77102320616410225, 60.24613397907618406, -54.74183932262848629 ) ) ;
#5070 = ORIENTED_EDGE ( 'NONE', *, *, #737, .F. ) ;
#5071 = CARTESIAN_POINT ( 'NONE',  ( -72.11038302844941938, 53.27527253397911267, 14.00000000000521361 ) ) ;
#5072 = VERTEX_POINT ( 'NONE', #414 ) ;
#5073 = CARTESIAN_POINT ( 'NONE',  ( -62.15329982345308224, 67.16491873033096738, 14.71072052934517771 ) ) ;
#5074 = CARTESIAN_POINT ( 'NONE',  ( -16.57649413764675828, 66.22292686396978922, 61.70045532388708409 ) ) ;
#5075 = CARTESIAN_POINT ( 'NONE',  ( -49.72415587631146394, 51.39785929380892071, 58.12476434124427271 ) ) ;
#5076 = CARTESIAN_POINT ( 'NONE',  ( 18.03843840236885043, 67.85093932666330829, 59.24349180210550969 ) ) ;
#5077 = DIRECTION ( 'NONE',  ( 0.000000000000000000, 0.000000000000000000, -1.000000000000000000 ) ) ;
#5078 = EDGE_CURVE ( 'NONE', #5462, #3828, #1795, .T. ) ;
#5079 = CARTESIAN_POINT ( 'NONE',  ( 47.20784171739987300, 75.19954100483172965, -15.08113778805262761 ) ) ;
#5080 = LINE ( 'NONE', #2914, #3703 ) ;
#5081 = CARTESIAN_POINT ( 'NONE',  ( -24.19649263674303441, 57.89293898239949243, -69.90955461180554664 ) ) ;
#5082 = CARTESIAN_POINT ( 'NONE',  ( 29.37210421043258535, 80.27812238252350596, -20.17091414165441421 ) ) ;
#5083 = ORIENTED_EDGE ( 'NONE', *, *, #337, .F. ) ;
#5084 = CARTESIAN_POINT ( 'NONE',  ( 72.99444548196096605, 50.13673092389425534, 14.00000000000159694 ) ) ;
#5085 = EDGE_CURVE ( 'NONE', #1827, #2547, #2531, .T. ) ;
#5086 = PLANE ( 'NONE',  #5219 ) ;
#5087 = DIRECTION ( 'NONE',  ( -0.000000000000000000, -1.000000000000000000, -0.000000000000000000 ) ) ;
#5088 = CARTESIAN_POINT ( 'NONE',  ( 52.28115223668424250, 72.17207048756897336, -23.74621716025798435 ) ) ;
#5089 = CARTESIAN_POINT ( 'NONE',  ( -66.83987982525519556, 65.53555765175977399, -13.99999999999998046 ) ) ;
#5090 = CARTESIAN_POINT ( 'NONE',  ( 75.19960044665735666, 51.39785929380892071, 13.99999999999999822 ) ) ;
#5091 = EDGE_LOOP ( 'NONE', ( #2460, #1023, #1642, #5281 ) ) ;
#5092 = CARTESIAN_POINT ( 'NONE',  ( -49.31968164222791273, 54.10447137734385592, 57.42419441745904862 ) ) ;
#5093 = DIRECTION ( 'NONE',  ( -0.8660254037844398178, 0.000000000000000000, 0.4999999999999980016 ) ) ;
#5094 = PLANE ( 'NONE',  #1869 ) ;
#5095 = CARTESIAN_POINT ( 'NONE',  ( 60.97091537674840112, 66.83697915471124418, 16.50077390991670612 ) ) ;
#5096 = CARTESIAN_POINT ( 'NONE',  ( -64.99999999999995737, 71.49146786206159732, 2.355796361034372399 ) ) ;
#5097 = ORIENTED_EDGE ( 'NONE', *, *, #650, .T. ) ;
#5098 = LINE ( 'NONE', #727, #3593 ) ;
#5099 = CARTESIAN_POINT ( 'NONE',  ( -27.70692506285334744, 69.01500649860682302, -53.58308262135007993 ) ) ;
#5100 = ORIENTED_EDGE ( 'NONE', *, *, #5591, .F. ) ;
#5101 = CARTESIAN_POINT ( 'NONE',  ( 39.68496082273951941, 68.38058296212540199, -46.64147560146536620 ) ) ;
#5102 = CARTESIAN_POINT ( 'NONE',  ( 52.62653394309173649, 45.99999999999999289, -63.01474371237745942 ) ) ;
#5103 = CARTESIAN_POINT ( 'NONE',  ( 44.09533867024714482, 76.66144602643962003, -13.83203371371330803 ) ) ;
#5104 = LINE ( 'NONE', #3441, #5405 ) ;
#5105 = ORIENTED_EDGE ( 'NONE', *, *, #4267, .T. ) ;
#5106 = EDGE_CURVE ( 'NONE', #5627, #534, #2288, .T. ) ;
#5107 = CARTESIAN_POINT ( 'NONE',  ( -20.71117671095254664, 66.68505529899967144, -63.87281034790734680 ) ) ;
#5108 = CARTESIAN_POINT ( 'NONE',  ( 33.25855619512852002, 80.11401346901681109, -14.30514028948256744 ) ) ;
#5109 = ORIENTED_EDGE ( 'NONE', *, *, #1682, .F. ) ;
#5110 = CARTESIAN_POINT ( 'NONE',  ( 75.81746117496030024, 46.02785684633895613, -13.99999999999994138 ) ) ;
#5111 = ADVANCED_FACE ( 'NONE', ( #4337 ), #1330, .F. ) ;
#5112 = CARTESIAN_POINT ( 'NONE',  ( 31.89088509803806559, 80.62401289369697110, -27.65514134303527172 ) ) ;
#5113 = CARTESIAN_POINT ( 'NONE',  ( 18.72345348080476768, 62.25354003921473378, -65.33753323871292196 ) ) ;
#5114 = CARTESIAN_POINT ( 'NONE',  ( 0.000000000000000000, 0.000000000000000000, 0.000000000000000000 ) ) ;
#5115 = CARTESIAN_POINT ( 'NONE',  ( 22.20114393954528964, 48.61675045524525984, -71.14828336734694858 ) ) ;
#5116 = ORIENTED_EDGE ( 'NONE', *, *, #5307, .F. ) ;
#5117 = CARTESIAN_POINT ( 'NONE',  ( -44.45202071415645406, 64.16889629969521991, 48.99315837605434609 ) ) ;
#5118 = CARTESIAN_POINT ( 'NONE',  ( 45.24649848484096282, 78.26637388598898326, -14.19092117539881137 ) ) ;
#5119 = CARTESIAN_POINT ( 'NONE',  ( -65.00000000001010392, 65.67055975807278401, -1.325108355056249909 ) ) ;
#5120 = CARTESIAN_POINT ( 'NONE',  ( 74.03350063759212674, 46.80642417838992486, -14.57065670106311295 ) ) ;
#5121 = EDGE_LOOP ( 'NONE', ( #5064, #4888 ) ) ;
#5122 = CARTESIAN_POINT ( 'NONE',  ( -12.12435565298211060, 80.99999999999998579, -7.000000000000057732 ) ) ;
#5123 = CARTESIAN_POINT ( 'NONE',  ( -35.05157813454221127, 71.49049528587673308, -54.81849692315221034 ) ) ;
#5124 = ORIENTED_EDGE ( 'NONE', *, *, #2642, .F. ) ;
#5125 = CARTESIAN_POINT ( 'NONE',  ( 32.52345091702429158, 69.01561503458029279, -50.80228491918828126 ) ) ;
#5126 = CARTESIAN_POINT ( 'NONE',  ( 74.49557533683885424, 46.48927481284923147, 14.29799290833613945 ) ) ;
#5127 = CIRCLE ( 'NONE', #423, 1.999999999999999112 ) ;
#5128 = CARTESIAN_POINT ( 'NONE',  ( 17.68121478636405186, 64.29485628078597870, 63.57444099250338354 ) ) ;
#5129 = CARTESIAN_POINT ( 'NONE',  ( 38.20179324507724772, 78.70643552553595157, -14.23056283599254712 ) ) ;
#5130 = CARTESIAN_POINT ( 'NONE',  ( 17.60447784751775302, 69.72852694534908835, -64.89158497044425644 ) ) ;
#5131 = ORIENTED_EDGE ( 'NONE', *, *, #5288, .T. ) ;
#5132 = CARTESIAN_POINT ( 'NONE',  ( -43.05682317192237463, 69.87390944627894385, 46.57660534627702731 ) ) ;
#5133 = CARTESIAN_POINT ( 'NONE',  ( 20.71089380354493770, 66.68554913837694187, -63.87232033790265007 ) ) ;
#5134 = CARTESIAN_POINT ( 'NONE',  ( 36.42270427423358825, 79.43147309126267430, -12.38164866957953869 ) ) ;
#5135 = VERTEX_POINT ( 'NONE', #699 ) ;
#5136 = VECTOR ( 'NONE', #4268, 1000.000000000000000 ) ;
#5137 = EDGE_CURVE ( 'NONE', #2547, #1126, #5420, .T. ) ;
#5138 = CARTESIAN_POINT ( 'NONE',  ( -20.40464906928325561, 63.77279572264205143, -63.34188889862972616 ) ) ;
#5139 = CARTESIAN_POINT ( 'NONE',  ( 40.86571978034215391, 67.19458511177720084, -22.93591444852615169 ) ) ;
#5140 = CARTESIAN_POINT ( 'NONE',  ( -52.62653394309215571, 53.50000000000000000, 63.01474371237711125 ) ) ;
#5141 = CARTESIAN_POINT ( 'NONE',  ( 20.37564434701726768, 70.33830226810675867, 63.29165124598868886 ) ) ;
#5142 = VECTOR ( 'NONE', #4767, 1000.000000000000000 ) ;
#5143 = VECTOR ( 'NONE', #49, 1000.000000000000000 ) ;
#5144 = CARTESIAN_POINT ( 'NONE',  ( -20.37564434701859284, 70.33830226810667341, 63.29165124598826253 ) ) ;
#5145 = EDGE_CURVE ( 'NONE', #61, #5510, #1269, .T. ) ;
#5146 = AXIS2_PLACEMENT_3D ( 'NONE', #1364, #60, #1450 ) ;
#5147 = CARTESIAN_POINT ( 'NONE',  ( -20.31150165734654678, 67.41452947052927414, 63.18055284854217035 ) ) ;
#5148 = B_SPLINE_CURVE_WITH_KNOTS ( 'NONE', 3,
 ( #3401, #866, #3482, #3062 ),
 .UNSPECIFIED., .F., .F.,
 ( 4, 4 ),
 ( 0.000000000000000000, 0.0004135464275951886821 ),
 .UNSPECIFIED. ) ;
#5149 = VERTEX_POINT ( 'NONE', #4497 ) ;
#5150 = CARTESIAN_POINT ( 'NONE',  ( -48.24989014503711360, 59.75118097121974614, 50.71564942529171560 ) ) ;
#5151 = CARTESIAN_POINT ( 'NONE',  ( -50.15181939590435434, 48.06695786158542205, 55.29732783606782220 ) ) ;
#5152 = CARTESIAN_POINT ( 'NONE',  ( 52.62653394309173649, 0.000000000000000000, -63.01474371237745942 ) ) ;
#5153 = LINE ( 'NONE', #2154, #5511 ) ;
#5154 = CARTESIAN_POINT ( 'NONE',  ( -65.00000000000000000, 71.01557896516720803, 9.360065328495748460 ) ) ;
#5155 = CIRCLE ( 'NONE', #4508, 66.70000000000000284 ) ;
#5156 = ORIENTED_EDGE ( 'NONE', *, *, #1168, .T. ) ;
#5157 = FACE_OUTER_BOUND ( 'NONE', #2126, .T. ) ;
#5158 = CARTESIAN_POINT ( 'NONE',  ( 66.70000000000001705, 42.99999999999999289, 133.4000000000012847 ) ) ;
#5159 = VERTEX_POINT ( 'NONE', #2847 ) ;
#5160 = CARTESIAN_POINT ( 'NONE',  ( -75.42973034920575515, 50.33324878643517053, 14.00000000000003375 ) ) ;
#5161 = CARTESIAN_POINT ( 'NONE',  ( 66.70000000000000284, 0.000000000000000000, 0.000000000000000000 ) ) ;
#5162 = VERTEX_POINT ( 'NONE', #2313 ) ;
#5163 = CARTESIAN_POINT ( 'NONE',  ( -25.56266427239247108, 46.10331055350757623, 72.31831047643348143 ) ) ;
#5164 = ORIENTED_EDGE ( 'NONE', *, *, #4253, .T. ) ;
#5165 = CARTESIAN_POINT ( 'NONE',  ( -25.74429877895633112, 48.19213390078299142, -72.59043349038617521 ) ) ;
#5166 = CARTESIAN_POINT ( 'NONE',  ( 80.88563583943053459, 45.99999999999999289, 14.06854345165238662 ) ) ;
#5167 = CARTESIAN_POINT ( 'NONE',  ( 65.05800944453932289, 63.77279572263805818, 13.99999999999529976 ) ) ;
#5168 = ORIENTED_EDGE ( 'NONE', *, *, #5145, .F. ) ;
#5169 = CARTESIAN_POINT ( 'NONE',  ( 64.99999999994066968, 64.46462010861579017, -13.40256265608264918 ) ) ;
#5170 = CARTESIAN_POINT ( 'NONE',  ( 31.49666981437756874, 81.09403524626011972, -26.33029915222429196 ) ) ;
#5171 = CARTESIAN_POINT ( 'NONE',  ( 6.689608771732471742E-16, 96.99999999999998579, -1.499999999999987566 ) ) ;
#5172 =( BOUNDED_SURFACE ( )  B_SPLINE_SURFACE ( 3, 2, ( 
 ( #3220, #501, #5280 ),
 ( #4395, #4887, #3163 ),
 ( #1826, #530, #4912 ),
 ( #3535, #4029, #5336 ),
 ( #4003, #1025, #1001 ),
 ( #3949, #2275, #1396 ),
 ( #4482, #2735, #3561 ),
 ( #973, #1907, #120 ),
 ( #2328, #1456, #2763 ),
 ( #4423, #586, #3646 ),
 ( #5363, #4941, #1482 ),
 ( #1056, #2794, #472 ),
 ( #40, #1800, #1089 ),
 ( #4512, #1179, #5089 ),
 ( #2392, #1545, #2030 ),
 ( #1513, #647, #4118 ),
 ( #302, #1210, #2925 ),
 ( #4975, #2859, #4540 ),
 ( #2457, #4181, #212 ),
 ( #276, #1574, #2055 ) ),
 .UNSPECIFIED., .F., .F., .F. ) 
 B_SPLINE_SURFACE_WITH_KNOTS ( ( 4, 2, 2, 2, 2, 2, 2, 2, 2, 4 ),
 ( 3, 3 ),
 ( 0.01252048609958923177, 0.01610381331546554759, 0.01789547692340370463, 0.01968714053134186168, 0.02327046774721817923, 0.02685379496309449332, 0.03402044939484712149, 0.03581211300278527854, 0.03760377661072343558, 0.04118710382659975661 ),
 ( 0.000000000000000000, 1.000000000000000000 ),
 .UNSPECIFIED. ) 
 GEOMETRIC_REPRESENTATION_ITEM ( )  RATIONAL_B_SPLINE_SURFACE ( (
 ( 1.000000000000000000, 0.7806367264523393912, 1.000000000000000000),
 ( 1.000000000000000000, 0.7806525983865794105, 1.000000000000000000),
 ( 1.000000000000000000, 0.7804736193012190570, 1.000000000000000000),
 ( 1.000000000000000000, 0.7799347764562923890, 1.000000000000000000),
 ( 1.000000000000000000, 0.7797094506919913792, 1.000000000000000000),
 ( 1.000000000000000000, 0.7791796795196938019, 1.000000000000000000),
 ( 1.000000000000000000, 0.7788772256527645155, 1.000000000000000000),
 ( 1.000000000000000000, 0.7778777612642533423, 1.000000000000000000),
 ( 1.000000000000000000, 0.7770891790791427667, 1.000000000000000000),
 ( 1.000000000000000000, 0.7753695393491812915, 1.000000000000000000),
 ( 1.000000000000000000, 0.7744333973517917302, 1.000000000000000000),
 ( 1.000000000000000000, 0.7716017430419500611, 1.000000000000000000),
 ( 1.000000000000000000, 0.7696820186696904376, 1.000000000000000000),
 ( 1.000000000000000000, 0.7674401967818181847, 1.000000000000000000),
 ( 1.000000000000000000, 0.7669988342219120625, 1.000000000000000000),
 ( 1.000000000000000000, 0.7661320856131599299, 1.000000000000000000),
 ( 1.000000000000000000, 0.7657059992058814490, 1.000000000000000000),
 ( 1.000000000000000000, 0.7644628963686946888, 1.000000000000000000),
 ( 1.000000000000000000, 0.7636784586036634570, 1.000000000000000000),
 ( 1.000000000000000000, 0.7629366208023404816, 1.000000000000000000) ) ) 
 REPRESENTATION_ITEM ( '' )  SURFACE ( )  );
#5173 = CARTESIAN_POINT ( 'NONE',  ( -24.67874356484797715, 55.96612926941605792, 70.74483772127844361 ) ) ;
#5174 = VERTEX_POINT ( 'NONE', #631 ) ;
#5175 = CARTESIAN_POINT ( 'NONE',  ( -49.66598055739715534, 51.79954327710279216, 58.02400173313810683 ) ) ;
#5176 = CARTESIAN_POINT ( 'NONE',  ( 52.62653394309085542, 45.99999999999999289, 63.01474371237819838 ) ) ;
#5177 = CARTESIAN_POINT ( 'NONE',  ( 12.12435565298219942, 60.99999999999988631, -6.999999999999898748 ) ) ;
#5178 = EDGE_CURVE ( 'NONE', #1192, #4821, #3661, .T. ) ;
#5179 = CARTESIAN_POINT ( 'NONE',  ( -20.39492984186146884, 68.35783077699588262, 57.77763994650934620 ) ) ;
#5180 = CARTESIAN_POINT ( 'NONE',  ( 49.10130074123586752, 56.99209030536269438, 52.24290195364338985 ) ) ;
#5181 = CARTESIAN_POINT ( 'NONE',  ( -31.35242250174424683, 65.67055975808288792, -56.95420542353993909 ) ) ;
#5182 = ORIENTED_EDGE ( 'NONE', *, *, #3421, .T. ) ;
#5183 = CARTESIAN_POINT ( 'NONE',  ( 19.82382546815556879, 67.97021128605157969, 62.33587291122450580 ) ) ;
#5184 = EDGE_CURVE ( 'NONE', #3001, #2856, #1528, .T. ) ;
#5185 = CARTESIAN_POINT ( 'NONE',  ( -20.37564434701770466, 70.33830226810675867, -63.29165124598855385 ) ) ;
#5186 = EDGE_LOOP ( 'NONE', ( #3945, #1376, #4064, #5316, #1437, #2905, #3026, #2989, #3767 ) ) ;
#5187 = CARTESIAN_POINT ( 'NONE',  ( -39.68496082273983205, 68.38058296212537357, 46.64147560146507487 ) ) ;
#5188 = ORIENTED_EDGE ( 'NONE', *, *, #659, .F. ) ;
#5189 = CARTESIAN_POINT ( 'NONE',  ( -73.30362169248459736, 47.53496888141362575, -15.25325298063769708 ) ) ;
#5190 = CARTESIAN_POINT ( 'NONE',  ( -24.37286708798437473, 50.13673092389917230, 70.21504412255248440 ) ) ;
#5191 = CARTESIAN_POINT ( 'NONE',  ( 63.89636224227657380, 67.97021128605159390, 14.00000000000000178 ) ) ;
#5192 = CARTESIAN_POINT ( 'NONE',  ( 31.69734998592821285, 77.20919806959787479, -31.65819821343744067 ) ) ;
#5193 = APPLICATION_PROTOCOL_DEFINITION ( 'draft international standard', 'automotive_design', 1998, #3663 ) ;
#5194 = CARTESIAN_POINT ( 'NONE',  ( 24.39819146585377752, 46.80642417838991776, -71.40022063377770678 ) ) ;
#5195 = EDGE_LOOP ( 'NONE', ( #11, #1252, #1793, #2308, #5488, #2560 ) ) ;
#5196 = LINE ( 'NONE', #2121, #885 ) ;
#5197 = FACE_OUTER_BOUND ( 'NONE', #725, .T. ) ;
#5198 = CARTESIAN_POINT ( 'NONE',  ( 47.22223686493293826, 62.25354003921474089, 48.88375298030980076 ) ) ;
#5199 = ADVANCED_FACE ( 'NONE', ( #4134 ), #606, .F. ) ;
#5200 = CARTESIAN_POINT ( 'NONE',  ( 34.63979636190300937, 79.85385040920094468, -13.27781947525003403 ) ) ;
#5201 = CARTESIAN_POINT ( 'NONE',  ( 44.33242808152119352, 67.51887975670250341, 43.77088530842457459 ) ) ;
#5202 = DIRECTION ( 'NONE',  ( -0.8660254037844363761, 0.000000000000000000, -0.5000000000000039968 ) ) ;
#5203 = EDGE_LOOP ( 'NONE', ( #1685, #689, #4721, #2565 ) ) ;
#5204 = CARTESIAN_POINT ( 'NONE',  ( 44.65336037525616319, 63.77279572263400098, -49.34188889862303284 ) ) ;
#5205 = CARTESIAN_POINT ( 'NONE',  ( 39.20976347556675279, 75.71312880320957106, -34.32402504243157892 ) ) ;
#5206 = ORIENTED_EDGE ( 'NONE', *, *, #5078, .F. ) ;
#5207 = EDGE_CURVE ( 'NONE', #3953, #3558, #2872, .T. ) ;
#5208 = CARTESIAN_POINT ( 'NONE',  ( 48.81488707036171348, 56.45032650170059441, -56.54986457160283209 ) ) ;
#5209 = ORIENTED_EDGE ( 'NONE', *, *, #4715, .T. ) ;
#5210 = B_SPLINE_CURVE_WITH_KNOTS ( 'NONE', 3,
 ( #3560, #2181, #3502, #2706, #397, #2152, #3881, #1727, #3456, #4345 ),
 .UNSPECIFIED., .F., .F.,
 ( 4, 2, 2, 2, 4 ),
 ( 0.000000000000000000, 0.0006175157415189902119, 0.001235031483037980424, 0.001852547224556970636, 0.002470062966075960847 ),
 .UNSPECIFIED. ) ;
#5211 = CARTESIAN_POINT ( 'NONE',  ( 25.99174343502676976, 46.00000000000000000, -73.01902020676047300 ) ) ;
#5212 = CARTESIAN_POINT ( 'NONE',  ( -21.63939982122283112, 53.09967776846976761, 70.21941952555846456 ) ) ;
#5213 = CARTESIAN_POINT ( 'NONE',  ( -21.43830434528784323, 54.09044109429439118, -69.88583011875138595 ) ) ;
#5214 = AXIS2_PLACEMENT_3D ( 'NONE', #3598, #2842, #3685 ) ;
#5215 = CARTESIAN_POINT ( 'NONE',  ( 64.04942235729440370, 68.11553659766630631, -14.00000000000000000 ) ) ;
#5216 = EDGE_CURVE ( 'NONE', #5364, #4162, #1403, .T. ) ;
#5217 = CARTESIAN_POINT ( 'NONE',  ( 37.11654336332384219, 76.90330589891169666, -33.53545279338558771 ) ) ;
#5218 = LINE ( 'NONE', #464, #5594 ) ;
#5219 = AXIS2_PLACEMENT_3D ( 'NONE', #5140, #1268, #1207 ) ;
#5220 = EDGE_CURVE ( 'NONE', #5162, #1289, #3266, .T. ) ;
#5221 = CARTESIAN_POINT ( 'NONE',  ( -74.33423221236280654, 46.58990982170606543, 14.38205052489378488 ) ) ;
#5222 = VECTOR ( 'NONE', #4203, 1000.000000000000000 ) ;
#5223 = ORIENTED_EDGE ( 'NONE', *, *, #3951, .T. ) ;
#5224 = CARTESIAN_POINT ( 'NONE',  ( -47.22223686493328643, 62.25354003921474799, -48.88375298030948812 ) ) ;
#5225 = CARTESIAN_POINT ( 'NONE',  ( -66.70000000000000284, 43.00000000000000000, 8.168394150312845110E-15 ) ) ;
#5226 = CARTESIAN_POINT ( 'NONE',  ( 49.58584774075825408, 55.08934122040998460, 53.11563786187450376 ) ) ;
#5227 = AXIS2_PLACEMENT_3D ( 'NONE', #324, #3360, #295 ) ;
#5228 = AXIS2_PLACEMENT_3D ( 'NONE', #4828, #2675, #3190 ) ;
#5229 = CARTESIAN_POINT ( 'NONE',  ( 43.10136935822334436, 71.79328629224492886, -35.80275705000362052 ) ) ;
#5230 = VERTEX_POINT ( 'NONE', #167 ) ;
#5231 = AXIS2_PLACEMENT_3D ( 'NONE', #1846, #2321, #4447 ) ;
#5232 = CARTESIAN_POINT ( 'NONE',  ( 72.96480036538346781, 48.06695786158545047, 15.78408572482750039 ) ) ;
#5233 = VERTEX_POINT ( 'NONE', #1444 ) ;
#5234 = VECTOR ( 'NONE', #4313, 1000.000000000000000 ) ;
#5235 = CARTESIAN_POINT ( 'NONE',  ( 64.99999999999998579, 70.72916407250923498, 11.68455264953269257 ) ) ;
#5236 = CARTESIAN_POINT ( 'NONE',  ( 35.08134130071298529, 82.02925388986240307, -16.03609917469368185 ) ) ;
#5237 = CARTESIAN_POINT ( 'NONE',  ( -44.57275718486227589, 69.52068220640251184, 49.20228007761065214 ) ) ;
#5238 = CARTESIAN_POINT ( 'NONE',  ( -75.81746117496031445, 46.02785684633894903, -14.00000000000000000 ) ) ;
#5239 = CARTESIAN_POINT ( 'NONE',  ( -18.49217935525925327, 67.16783077010775571, 60.02939418604860577 ) ) ;
#5240 = CARTESIAN_POINT ( 'NONE',  ( 24.58327197799618702, 45.87307673031753552, 70.57947608217507707 ) ) ;
#5241 = CARTESIAN_POINT ( 'NONE',  ( 47.66618598840542376, 71.82749204222906769, -32.83071961263507887 ) ) ;
#5242 = EDGE_CURVE ( 'NONE', #4607, #4564, #4076, .T. ) ;
#5243 = CARTESIAN_POINT ( 'NONE',  ( 20.37564434701726768, 80.99999999999998579, 63.29165124598868886 ) ) ;
#5244 = CARTESIAN_POINT ( 'NONE',  ( 41.93405372415209342, 72.25741546843502761, -35.95098510799196134 ) ) ;
#5245 = ADVANCED_FACE ( 'NONE', ( #4987 ), #3235, .T. ) ;
#5246 = CARTESIAN_POINT ( 'NONE',  ( -16.19949118036548086, 67.30525097660125766, 60.45637643685992657 ) ) ;
#5247 = EDGE_LOOP ( 'NONE', ( #5389, #3715, #4891, #5109 ) ) ;
#5248 = CARTESIAN_POINT ( 'NONE',  ( -12.12435565298220652, 0.000000000000000000, 6.999999999999887201 ) ) ;
#5249 = ORIENTED_EDGE ( 'NONE', *, *, #3284, .F. ) ;
#5250 = DIRECTION ( 'NONE',  ( 0.8660254037844432595, 0.000000000000000000, -0.4999999999999919509 ) ) ;
#5251 = CARTESIAN_POINT ( 'NONE',  ( -64.99999999999998579, 80.99999999999998579, -14.00000000000000000 ) ) ;
#5252 = FACE_OUTER_BOUND ( 'NONE', #2386, .T. ) ;
#5253 = CARTESIAN_POINT ( 'NONE',  ( 28.44052437596507232, 71.39731489569165035, 58.63539059029375267 ) ) ;
#5254 = DIRECTION ( 'NONE',  ( -1.000000000000000000, 4.474972159288442682E-17, 0.000000000000000000 ) ) ;
#5255 = ORIENTED_EDGE ( 'NONE', *, *, #2590, .T. ) ;
#5256 = CARTESIAN_POINT ( 'NONE',  ( 49.10130074122940869, 56.99209030535909903, -52.24290195365257716 ) ) ;
#5257 = ORIENTED_EDGE ( 'NONE', *, *, #5340, .T. ) ;
#5258 = ADVANCED_FACE ( 'NONE', ( #5408 ), #2407, .F. ) ;
#5259 = PRESENTATION_STYLE_ASSIGNMENT (( #4491 ) ) ;
#5260 = CARTESIAN_POINT ( 'NONE',  ( 41.59397908227561658, 66.94468381161316017, -22.63414908869923892 ) ) ;
#5261 = DIRECTION ( 'NONE',  ( 8.949944318576885364E-17, 1.000000000000000000, 0.000000000000000000 ) ) ;
#5262 = CARTESIAN_POINT ( 'NONE',  ( 47.14275735574668857, 61.97093712385061792, -53.65365094904403520 ) ) ;
#5263 = PLANE ( 'NONE',  #1058 ) ;
#5264 = CARTESIAN_POINT ( 'NONE',  ( -19.09263111131321722, 61.45732291410183734, 65.96052081461945704 ) ) ;
#5265 = CARTESIAN_POINT ( 'NONE',  ( 43.81157460530457826, 67.29655345658436261, 47.08262665338616415 ) ) ;
#5266 = ORIENTED_EDGE ( 'NONE', *, *, #3047, .T. ) ;
#5267 = CARTESIAN_POINT ( 'NONE',  ( 25.78416270433180202, 45.85812873523628497, -72.65947983452450387 ) ) ;
#5268 = EDGE_CURVE ( 'NONE', #2862, #4069, #1132, .T. ) ;
#5269 = CYLINDRICAL_SURFACE ( 'NONE', #1155, 1.499999999999982681 ) ;
#5270 = CARTESIAN_POINT ( 'NONE',  ( 37.74755566933423978, 74.07274627635415243, -35.56665167305482811 ) ) ;
#5271 = CARTESIAN_POINT ( 'NONE',  ( 64.33485816182211181, 68.41608997342392229, -14.00000000000000178 ) ) ;
#5272 = PLANE ( 'NONE',  #5146 ) ;
#5273 = ORIENTED_EDGE ( 'NONE', *, *, #3128, .F. ) ;
#5274 = ADVANCED_FACE ( 'NONE', ( #4902 ), #5382, .F. ) ;
#5275 = CARTESIAN_POINT ( 'NONE',  ( -73.51665744896376964, 47.27665030204801155, 15.00329326489694104 ) ) ;
#5276 = ORIENTED_EDGE ( 'NONE', *, *, #4314, .T. ) ;
#5277 = CARTESIAN_POINT ( 'NONE',  ( 28.87508545269598770, 79.57588136914630184, -24.70728397442879398 ) ) ;
#5278 = CARTESIAN_POINT ( 'NONE',  ( 8.168394150312846688E-15, 43.00000000000000000, 66.70000000000000284 ) ) ;
#5279 = CARTESIAN_POINT ( 'NONE',  ( 19.96340200533990128, 83.58148700043116719, 2.444811636593135840E-15 ) ) ;
#5280 = CARTESIAN_POINT ( 'NONE',  ( -75.81703671462719285, 45.85812873523628497, -14.00000000000001243 ) ) ;
#5281 = ORIENTED_EDGE ( 'NONE', *, *, #659, .T. ) ;
#5282 = CARTESIAN_POINT ( 'NONE',  ( 22.38088057364732819, 70.72916407250920656, 62.13392757075504136 ) ) ;
#5283 = CARTESIAN_POINT ( 'NONE',  ( 46.83275098220627086, 70.47161354780530473, -34.49569106079451331 ) ) ;
#5284 = ORIENTED_EDGE ( 'NONE', *, *, #1117, .F. ) ;
#5285 = EDGE_CURVE ( 'NONE', #2025, #5613, #4182, .T. ) ;
#5286 = CARTESIAN_POINT ( 'NONE',  ( 46.33538016989673025, 60.03922181402914759, -52.25523264217634534 ) ) ;
#5287 = ORIENTED_EDGE ( 'NONE', *, *, #1336, .T. ) ;
#5288 = EDGE_CURVE ( 'NONE', #3409, #3261, #1112, .T. ) ;
#5289 = CARTESIAN_POINT ( 'NONE',  ( 72.58857721167628085, 49.58324814417438375, -16.35013874407906442 ) ) ;
#5290 = CARTESIAN_POINT ( 'NONE',  ( 48.92830132605823934, 55.96238029589261487, -56.74630382477182167 ) ) ;
#5291 = CARTESIAN_POINT ( 'NONE',  ( -70.03680340552858752, 61.97093712385064634, -13.99999999999999822 ) ) ;
#5292 = CARTESIAN_POINT ( 'NONE',  ( -17.49565047418857233, 64.62690840039722673, 63.25985731521756605 ) ) ;
#5293 = CARTESIAN_POINT ( 'NONE',  ( 22.13259784579459222, 49.51133489086496553, 71.03520529326499400 ) ) ;
#5294 = CARTESIAN_POINT ( 'NONE',  ( 44.94251381715382365, 72.88786985815603714, -34.14467543676071415 ) ) ;
#5295 = DIRECTION ( 'NONE',  ( 0.000000000000000000, 0.000000000000000000, -1.000000000000000000 ) ) ;
#5296 = CARTESIAN_POINT ( 'NONE',  ( 61.31910538437317371, 67.11011901865592222, 15.33431353602593816 ) ) ;
#5297 = CARTESIAN_POINT ( 'NONE',  ( 40.78285401678480326, 72.73109687510670085, -36.00459668965680748 ) ) ;
#5298 = CARTESIAN_POINT ( 'NONE',  ( 64.99999999999998579, 70.33830226810667341, -14.00000000000000000 ) ) ;
#5299 = CARTESIAN_POINT ( 'NONE',  ( -19.90035552566578403, 68.11553659766630631, 62.46842685913570392 ) ) ;
#5300 = EDGE_CURVE ( 'NONE', #2297, #4056, #5153, .T. ) ;
#5301 = ORIENTED_EDGE ( 'NONE', *, *, #88, .T. ) ;
#5302 = VECTOR ( 'NONE', #3059, 1000.000000000000227 ) ;
#5303 = CARTESIAN_POINT ( 'NONE',  ( -72.71679280154886271, 48.61675045524525984, 16.34738703895265743 ) ) ;
#5304 = ORIENTED_EDGE ( 'NONE', *, *, #1615, .F. ) ;
#5305 = FACE_OUTER_BOUND ( 'NONE', #1491, .T. ) ;
#5306 = CARTESIAN_POINT ( 'NONE',  ( 87.00000000000000000, 46.00000000000000000, 0.000000000000000000 ) ) ;
#5307 = EDGE_CURVE ( 'NONE', #5159, #2645, #1750, .T. ) ;
#5308 = ORIENTED_EDGE ( 'NONE', *, *, #3846, .F. ) ;
#5309 = AXIS2_PLACEMENT_3D ( 'NONE', #5248, #4390, #1822 ) ;
#5310 = CARTESIAN_POINT ( 'NONE',  ( 44.62435565298167717, 70.33830226810667341, 49.29165124598891623 ) ) ;
#5311 = CARTESIAN_POINT ( 'NONE',  ( -22.29088234255717538, 45.87634716325730722, -71.29621637861464478 ) ) ;
#5312 = FACE_OUTER_BOUND ( 'NONE', #4674, .T. ) ;
#5313 = ORIENTED_EDGE ( 'NONE', *, *, #4314, .F. ) ;
#5314 = CARTESIAN_POINT ( 'NONE',  ( 64.65533012236797106, 64.16889629970808073, -13.99999999999791633 ) ) ;
#5315 = CIRCLE ( 'NONE', #1514, 82.10000000000000853 ) ;
#5316 = ORIENTED_EDGE ( 'NONE', *, *, #1499, .T. ) ;
#5317 = CARTESIAN_POINT ( 'NONE',  ( -44.45202071417004674, 64.16889629970418696, -48.99315837605026047 ) ) ;
#5318 = CARTESIAN_POINT ( 'NONE',  ( 49.75156400714111982, 47.27665630569283195, -56.16563867364530438 ) ) ;
#5319 = PRODUCT_DEFINITION_CONTEXT ( 'detailed design', #3663, 'design' ) ;
#5320 = CARTESIAN_POINT ( 'NONE',  ( 71.54594170067129255, 53.31457523385761021, -16.37109445571439537 ) ) ;
#5321 = CARTESIAN_POINT ( 'NONE',  ( 33.68821137750774852, 79.63159250881122375, -17.43034801963728597 ) ) ;
#5322 = CARTESIAN_POINT ( 'NONE',  ( 49.65591337551027351, 46.92052225583266534, 56.65933477755841352 ) ) ;
#5323 = DIRECTION ( 'NONE',  ( 0.000000000000000000, -1.000000000000000000, -0.000000000000000000 ) ) ;
#5324 = CARTESIAN_POINT ( 'NONE',  ( 30.00806332986495306, 71.45628046717176574, 57.73037155329442527 ) ) ;
#5325 = DIRECTION ( 'NONE',  ( 0.000000000000000000, 0.000000000000000000, -1.000000000000000000 ) ) ;
#5326 = CARTESIAN_POINT ( 'NONE',  ( 43.81650759811230955, 67.16491873033103843, 46.47097631146906593 ) ) ;
#5327 = VECTOR ( 'NONE', #2720, 999.9999999999998863 ) ;
#5328 = CARTESIAN_POINT ( 'NONE',  ( -28.25910189633895442, 61.00000000000000000, -77.08328716403013914 ) ) ;
#5329 = CARTESIAN_POINT ( 'NONE',  ( -72.00000000000000000, 80.99999999999998579, -14.00000000000000000 ) ) ;
#5330 = CARTESIAN_POINT ( 'NONE',  ( 45.14388036611388344, 71.47981034584739746, -34.10702074105161330 ) ) ;
#5331 = CARTESIAN_POINT ( 'NONE',  ( -17.77705430554585675, 67.10144975086282670, 60.91872760693343736 ) ) ;
#5332 = ADVANCED_FACE ( 'NONE', ( #5252 ), #1880, .T. ) ;
#5333 = CARTESIAN_POINT ( 'NONE',  ( 60.25896109168539994, 69.04857540238330671, 1.386978663525961109 ) ) ;
#5334 = ORIENTED_EDGE ( 'NONE', *, *, #726, .F. ) ;
#5335 = CARTESIAN_POINT ( 'NONE',  ( 34.52627929014887087, 71.49190099398104792, -55.12177835236764167 ) ) ;
#5336 = CARTESIAN_POINT ( 'NONE',  ( -75.46923561637345301, 50.02349546675423397, -14.00000000000002309 ) ) ;
#5337 = VERTEX_POINT ( 'NONE', #1371 ) ;
#5338 = DIRECTION ( 'NONE',  ( 0.000000000000000000, 1.000000000000000000, 0.000000000000000000 ) ) ;
#5339 = CARTESIAN_POINT ( 'NONE',  ( 40.02200572614468399, 73.05613881577964719, -35.96853710351968658 ) ) ;
#5340 = EDGE_CURVE ( 'NONE', #1670, #4777, #3111, .T. ) ;
#5341 = VERTEX_POINT ( 'NONE', #3975 ) ;
#5342 = CARTESIAN_POINT ( 'NONE',  ( 70.21699464147860681, 57.23846896690228192, -14.00000000000101963 ) ) ;
#5343 = CARTESIAN_POINT ( 'NONE',  ( 0.000000000000000000, 45.99999999999999289, 0.000000000000000000 ) ) ;
#5344 = ORIENTED_EDGE ( 'NONE', *, *, #2980, .T. ) ;
#5345 = CARTESIAN_POINT ( 'NONE',  ( -46.03681823767083614, 64.62690840039594775, -46.78160642398343327 ) ) ;
#5346 = CARTESIAN_POINT ( 'NONE',  ( 49.63530969230742329, 46.80642804332619988, -56.82955795155828582 ) ) ;
#5347 = CARTESIAN_POINT ( 'NONE',  ( 41.41038755528996518, 66.24431888927247769, -25.58888212266291973 ) ) ;
#5348 = CARTESIAN_POINT ( 'NONE',  ( -28.25910189633995628, 45.99999999999999289, 77.08328716402976966 ) ) ;
#5349 = ADVANCED_FACE ( 'NONE', ( #2222 ), #1853, .F. ) ;
#5350 = CARTESIAN_POINT ( 'NONE',  ( 23.18984035843953961, 64.92052763333380483, 61.66687442118072227 ) ) ;
#5351 = CARTESIAN_POINT ( 'NONE',  ( -43.91044964678197005, 67.61735050355588328, -47.84947792289493407 ) ) ;
#5352 = CARTESIAN_POINT ( 'NONE',  ( 22.29425705479530961, 46.91607545009797064, -71.30177687236533757 ) ) ;
#5353 = CARTESIAN_POINT ( 'NONE',  ( 42.48993734908359698, 70.76547318467316927, -50.52395822830752081 ) ) ;
#5354 = CARTESIAN_POINT ( 'NONE',  ( 23.52231190020028961, 60.24613397907614853, -68.74183932262820917 ) ) ;
#5355 = DIRECTION ( 'NONE',  ( 0.3442034335729530214, 0.000000000000000000, -0.9388950933499384810 ) ) ;
#5356 = CARTESIAN_POINT ( 'NONE',  ( 18.80811186595783013, 69.87390944627894385, -60.57660534627745363 ) ) ;
#5357 = CARTESIAN_POINT ( 'NONE',  ( 42.70985676889715421, 65.70213732293663611, -25.32441914053763199 ) ) ;
#5358 = ORIENTED_EDGE ( 'NONE', *, *, #2330, .T. ) ;
#5359 = CARTESIAN_POINT ( 'NONE',  ( 52.37013182887361040, 61.00000000000000000, 62.70772912669060872 ) ) ;
#5360 = VERTEX_POINT ( 'NONE', #4857 ) ;
#5361 = DIRECTION ( 'NONE',  ( 6.938893903907204712E-16, 1.000000000000000000, 1.201851678989729592E-15 ) ) ;
#5362 = CARTESIAN_POINT ( 'NONE',  ( 75.82446114416397620, 47.05105508796378189, -13.99999999999998757 ) ) ;
#5363 = CARTESIAN_POINT ( 'NONE',  ( -69.79433062989053838, 56.99209030536486154, -16.40152282395202121 ) ) ;
#5364 = VERTEX_POINT ( 'NONE', #1425 ) ;
#5365 = CARTESIAN_POINT ( 'NONE',  ( 43.86864337179626716, 67.10144858561956482, -45.85470801749794134 ) ) ;
#5366 = CARTESIAN_POINT ( 'NONE',  ( -49.85897346117013740, 50.02349546675423397, -58.35827524797529975 ) ) ;
#5367 = CARTESIAN_POINT ( 'NONE',  ( -64.67147808505580997, 68.93822299895371941, 14.00000000000000000 ) ) ;
#5368 = ORIENTED_EDGE ( 'NONE', *, *, #2411, .F. ) ;
#5369 = CARTESIAN_POINT ( 'NONE',  ( 64.34502725870933659, 63.85246432331992139, -16.47027785670108457 ) ) ;
#5370 = CARTESIAN_POINT ( 'NONE',  ( 51.59461799496919809, 79.00149741535466319, 103.1892359899383678 ) ) ;
#5371 = CARTESIAN_POINT ( 'NONE',  ( -48.90842966887166909, 57.64672313975282236, 51.89662894927053571 ) ) ;
#5372 = VERTEX_POINT ( 'NONE', #3587 ) ;
#5373 = DIRECTION ( 'NONE',  ( -1.000000000000000000, 4.474972159288442682E-17, 0.000000000000000000 ) ) ;
#5374 = EDGE_CURVE ( 'NONE', #4718, #999, #4872, .T. ) ;
#5375 = CARTESIAN_POINT ( 'NONE',  ( 49.63021275016851064, 46.48927481284921726, -57.36606425707160639 ) ) ;
#5376 = LINE ( 'NONE', #3658, #3159 ) ;
#5377 = CARTESIAN_POINT ( 'NONE',  ( 74.53166453491229504, 48.61675045524524563, -1.825499288156092688E-14 ) ) ;
#5378 = CARTESIAN_POINT ( 'NONE',  ( -20.55022232949144012, 68.38058296212541620, -57.68892202141522318 ) ) ;
#5379 = CARTESIAN_POINT ( 'NONE',  ( -43.87312544204405640, 67.51982736465312485, -47.66431884264294183 ) ) ;
#5380 = CARTESIAN_POINT ( 'NONE',  ( -20.98379271469859830, 55.95718616389151379, -69.12947802408569942 ) ) ;
#5381 = EDGE_CURVE ( 'NONE', #5536, #246, #3619, .T. ) ;
#5382 =( BOUNDED_SURFACE ( )  B_SPLINE_SURFACE ( 3, 2, ( 
 ( #4273, #4779, #2015 ),
 ( #2648, #3457, #5044 ),
 ( #1588, #893, #1303 ),
 ( #450, #5602, #2627 ),
 ( #4367, #1162, #2908 ),
 ( #4617, #3750, #1278 ),
 ( #3882, #732, #4731 ),
 ( #4346, #4802, #398 ),
 ( #5471, #371, #2123 ),
 ( #5179, #3323, #840 ),
 ( #2201, #3039, #2551 ),
 ( #865, #4326, #2577 ) ),
 .UNSPECIFIED., .F., .F., .F. ) 
 B_SPLINE_SURFACE_WITH_KNOTS ( ( 4, 2, 2, 2, 2, 4 ),
 ( 3, 3 ),
 ( 0.04596579152697864712, 0.05469982312265932178, 0.05906683892049965912, 0.06343385471833999645, 0.07216788631402067111, 0.08090191790970134578 ),
 ( 0.000000000000000000, 1.000000000000000000 ),
 .UNSPECIFIED. ) 
 GEOMETRIC_REPRESENTATION_ITEM ( )  RATIONAL_B_SPLINE_SURFACE ( (
 ( 1.000000000000000000, 0.4470413949512941354, 1.000000000000000000),
 ( 1.000000000000000000, 0.4508719092611269130, 1.000000000000000000),
 ( 1.000000000000000000, 0.4535957091960615140, 1.000000000000000000),
 ( 1.000000000000000000, 0.4562964902243998311, 1.000000000000000000),
 ( 1.000000000000000000, 0.4569643652245570231, 1.000000000000000000),
 ( 1.000000000000000000, 0.4578526834159623582, 1.000000000000000000),
 ( 1.000000000000000000, 0.4580721740610579906, 1.000000000000000000),
 ( 1.000000000000000000, 0.4580613410305003352, 1.000000000000000000),
 ( 1.000000000000000000, 0.4571748802182957760, 1.000000000000000000),
 ( 1.000000000000000000, 0.4535762175743141000, 1.000000000000000000),
 ( 1.000000000000000000, 0.4508604777132660391, 1.000000000000000000),
 ( 1.000000000000000000, 0.4470422633554493319, 1.000000000000000000) ) ) 
 REPRESENTATION_ITEM ( '' )  SURFACE ( )  );
#5383 = CARTESIAN_POINT ( 'NONE',  ( 23.25721585009245018, 56.26540278044626575, -68.28267949493097433 ) ) ;
#5384 = CARTESIAN_POINT ( 'NONE',  ( 34.82633592551225377, 65.63336495315483887, -54.94854057316295126 ) ) ;
#5385 = CARTESIAN_POINT ( 'NONE',  ( 49.47366208049167113, 69.75896299180513438, -32.59193698629182734 ) ) ;
#5386 = CARTESIAN_POINT ( 'NONE',  ( -61.64566371216938023, 67.10144858561953640, -15.06400558078613905 ) ) ;
#5387 = DIRECTION ( 'NONE',  ( 1.000000000000000000, 0.000000000000000000, 0.000000000000000000 ) ) ;
#5388 = DIRECTION ( 'NONE',  ( 0.000000000000000000, 0.000000000000000000, -1.000000000000000000 ) ) ;
#5389 = ORIENTED_EDGE ( 'NONE', *, *, #3338, .T. ) ;
#5390 = CARTESIAN_POINT ( 'NONE',  ( 60.22077324338516036, 67.97807327255348753, -13.78358734409640896 ) ) ;
#5391 = ADVANCED_FACE ( 'NONE', ( #2299 ), #5172, .F. ) ;
#5392 = DIRECTION ( 'NONE',  ( 8.949944318576885364E-17, 1.000000000000000000, 0.000000000000000000 ) ) ;
#5393 = ORIENTED_EDGE ( 'NONE', *, *, #3395, .F. ) ;
#5394 = CARTESIAN_POINT ( 'NONE',  ( 53.20676931433984436, 70.85564894856652529, -21.98791332859378400 ) ) ;
#5395 = LINE ( 'NONE', #4156, #5048 ) ;
#5396 = VERTEX_POINT ( 'NONE', #3253 ) ;
#5397 = CARTESIAN_POINT ( 'NONE',  ( -64.99999999999991473, 69.72839117303327328, -17.20050517629264419 ) ) ;
#5398 = CARTESIAN_POINT ( 'NONE',  ( -20.16052932983972212, 68.75439463849414778, 62.91906110676341513 ) ) ;
#5399 = CARTESIAN_POINT ( 'NONE',  ( 44.89634827088543290, 66.79099053448267398, -49.76275627948003688 ) ) ;
#5400 = ORIENTED_EDGE ( 'NONE', *, *, #3552, .T. ) ;
#5401 = CARTESIAN_POINT ( 'NONE',  ( -48.12435565298201112, 60.99999999999999289, -55.35382907247969086 ) ) ;
#5402 = CIRCLE ( 'NONE', #2070, 10.50000000000000178 ) ;
#5403 = CARTESIAN_POINT ( 'NONE',  ( -65.54398523580105973, 66.79099053448267398, 14.00000000000000178 ) ) ;
#5404 = CARTESIAN_POINT ( 'NONE',  ( -72.32922377359081167, 65.71575228053563933, 8.857775237914061855E-15 ) ) ;
#5405 = VECTOR ( 'NONE', #4623, 1000.000000000000000 ) ;
#5406 = CARTESIAN_POINT ( 'NONE',  ( 28.25910189633836467, 45.99999999999999289, 77.08328716403035230 ) ) ;
#5407 = CARTESIAN_POINT ( 'NONE',  ( 18.01065532987481177, 67.94710706926876753, 59.13721505671298928 ) ) ;
#5408 = FACE_OUTER_BOUND ( 'NONE', #1320, .T. ) ;
#5409 = CARTESIAN_POINT ( 'NONE',  ( 19.57914955337642127, 65.33113625350716802, 61.91208179544865686 ) ) ;
#5410 = FACE_OUTER_BOUND ( 'NONE', #4852, .T. ) ;
#5411 = AXIS2_PLACEMENT_3D ( 'NONE', #2839, #3290, #1436 ) ;
#5412 = CARTESIAN_POINT ( 'NONE',  ( 50.61793190720459990, 73.44266037869884656, -15.97709085472483892 ) ) ;
#5413 = CARTESIAN_POINT ( 'NONE',  ( 21.63939982122083805, 53.09967776847648935, -70.21941952555695821 ) ) ;
#5414 = CARTESIAN_POINT ( 'NONE',  ( 27.44896226758077162, 71.34451325391479770, -59.20786924048776001 ) ) ;
#5415 = EDGE_CURVE ( 'NONE', #4544, #3650, #5596, .T. ) ;
#5416 = CARTESIAN_POINT ( 'NONE',  ( 52.09037510543117122, 71.50589544204181891, -26.17213834624447344 ) ) ;
#5417 = CARTESIAN_POINT ( 'NONE',  ( -61.31910538437317371, 67.11011901865592222, -15.33431353602593816 ) ) ;
#5418 = EDGE_LOOP ( 'NONE', ( #2041, #3158, #2948, #272, #1190, #3011, #4783, #2006, #4536 ) ) ;
#5419 = CARTESIAN_POINT ( 'NONE',  ( 72.48473196131031671, 50.03241630556109953, 16.35231945602055958 ) ) ;
#5420 = CIRCLE ( 'NONE', #2998, 2.000000000000001776 ) ;
#5421 = LINE ( 'NONE', #2418, #2795 ) ;
#5422 = ORIENTED_EDGE ( 'NONE', *, *, #4682, .F. ) ;
#5423 = CIRCLE ( 'NONE', #3446, 66.70000000000000284 ) ;
#5424 = PLANE ( 'NONE',  #3792 ) ;
#5425 = EDGE_CURVE ( 'NONE', #4972, #5341, #4658, .T. ) ;
#5426 = ORIENTED_EDGE ( 'NONE', *, *, #4148, .T. ) ;
#5427 = CARTESIAN_POINT ( 'NONE',  ( 22.20114393954428778, 48.61675045524525984, 71.14828336734724701 ) ) ;
#5428 = CARTESIAN_POINT ( 'NONE',  ( 19.90035552566535415, 68.11553659766630631, -62.46842685913584603 ) ) ;
#5429 = CARTESIAN_POINT ( 'NONE',  ( 41.78572573259913980, 82.99999999999998579, -24.12500000000006040 ) ) ;
#5430 = APPLICATION_CONTEXT ( 'automotive_design' ) ;
#5431 = CARTESIAN_POINT ( 'NONE',  ( -1.500000000000012212, 76.99140126247186799, -3.000000000000010214 ) ) ;
#5432 = VERTEX_POINT ( 'NONE', #3368 ) ;
#5433 = CYLINDRICAL_SURFACE ( 'NONE', #3608, 1.499999999999984013 ) ;
#5434 = CARTESIAN_POINT ( 'NONE',  ( 0.000000000000000000, 61.00000000000000000, 0.000000000000000000 ) ) ;
#5435 = CARTESIAN_POINT ( 'NONE',  ( -60.19907605279993135, 67.38168135652030344, -16.70087934281001196 ) ) ;
#5436 = CARTESIAN_POINT ( 'NONE',  ( 1.005435022099977049E-14, 45.99999999999999289, 82.10000000000000853 ) ) ;
#5437 = CARTESIAN_POINT ( 'NONE',  ( 48.12435565298240192, 0.000000000000000000, -55.35382907247937112 ) ) ;
#5438 = EDGE_LOOP ( 'NONE', ( #2467, #1522, #1111, #4710, #18, #3404 ) ) ;
#5439 = FACE_OUTER_BOUND ( 'NONE', #2282, .T. ) ;
#5440 = CARTESIAN_POINT ( 'NONE',  ( -72.60086162208641269, 51.72162299948805497, 13.99999999999739053 ) ) ;
#5441 = CARTESIAN_POINT ( 'NONE',  ( -62.68053806138286177, 67.29655345658439103, 14.40062326129843662 ) ) ;
#5442 = CARTESIAN_POINT ( 'NONE',  ( -73.42201695639188586, 46.94028658334308801, 14.00000000002171774 ) ) ;
#5443 = CARTESIAN_POINT ( 'NONE',  ( 31.27011496352559305, 71.49226878982210565, 57.00172570286927964 ) ) ;
#5444 = DIRECTION ( 'NONE',  ( 0.000000000000000000, -1.000000000000000000, -0.000000000000000000 ) ) ;
#5445 = CARTESIAN_POINT ( 'NONE',  ( 25.78437493449734319, 46.02785684633894903, 72.65984742795623674 ) ) ;
#5446 = PLANE ( 'NONE',  #4774 ) ;
#5447 = CARTESIAN_POINT ( 'NONE',  ( 49.85787162013646423, 73.95023338213172792, -15.11592429685225980 ) ) ;
#5448 = CARTESIAN_POINT ( 'NONE',  ( 17.49565047418503028, 64.62690840039348927, -63.25985731522246169 ) ) ;
#5449 = PLANE ( 'NONE',  #4866 ) ;
#5450 = CARTESIAN_POINT ( 'NONE',  ( 52.32236918680428062, 69.53631915589826917, -28.47619812443761234 ) ) ;
#5451 = DIRECTION ( 'NONE',  ( 0.000000000000000000, 0.000000000000000000, -1.000000000000000000 ) ) ;
#5452 = DIRECTION ( 'NONE',  ( 0.000000000000000000, 0.000000000000000000, -1.000000000000000000 ) ) ;
#5453 = CARTESIAN_POINT ( 'NONE',  ( 42.16937083216436832, 65.88705650980067219, -25.58843450766799066 ) ) ;
#5454 = ADVANCED_FACE ( 'NONE', ( #1145, #2424 ), #3337, .T. ) ;
#5455 = CARTESIAN_POINT ( 'NONE',  ( -44.40924063580315106, 68.75439463849416200, -48.91906110676374908 ) ) ;
#5456 = ORIENTED_EDGE ( 'NONE', *, *, #1518, .T. ) ;
#5457 = PLANE ( 'NONE',  #3794 ) ;
#5458 = CARTESIAN_POINT ( 'NONE',  ( 18.33679222534064479, 67.16491873033099580, -61.18169684081375692 ) ) ;
#5459 = CARTESIAN_POINT ( 'NONE',  ( 28.12142052290919025, 61.00000000000000000, 76.70772912669038135 ) ) ;
#5460 = EDGE_CURVE ( 'NONE', #1628, #1930, #422, .T. ) ;
#5461 = CARTESIAN_POINT ( 'NONE',  ( 66.70000000000000284, 62.56337044103960210, -1.633678830062565236E-14 ) ) ;
#5462 = VERTEX_POINT ( 'NONE', #1118 ) ;
#5463 = CARTESIAN_POINT ( 'NONE',  ( -27.71554473746635949, 69.04820565211821304, 53.57946247804713380 ) ) ;
#5464 = CARTESIAN_POINT ( 'NONE',  ( -60.97048025357695877, 66.83309344415620501, 16.50072612793134397 ) ) ;
#5465 = CARTESIAN_POINT ( 'NONE',  ( -60.25896109168538572, 69.04857540238329250, 7.379594382087738996E-15 ) ) ;
#5466 = ORIENTED_EDGE ( 'NONE', *, *, #2367, .F. ) ;
#5467 = CARTESIAN_POINT ( 'NONE',  ( -68.04598584424388719, 59.75118097122703631, 16.42780588275770626 ) ) ;
#5468 = CARTESIAN_POINT ( 'NONE',  ( -60.32435370986136292, 67.35917425946308867, 16.35246386188223866 ) ) ;
#5469 = CARTESIAN_POINT ( 'NONE',  ( -20.36494451792449567, 69.92061267400556801, 63.27311859836498797 ) ) ;
#5470 = CARTESIAN_POINT ( 'NONE',  ( -49.99301008492146536, 48.19213390078299142, 58.59043349038552861 ) ) ;
#5471 = CARTESIAN_POINT ( 'NONE',  ( -25.21782718930811740, 68.90896350639401646, 55.01584595349624607 ) ) ;
#5472 = CARTESIAN_POINT ( 'NONE',  ( -19.36459197632419205, 60.80372878173845663, -66.41781701759532552 ) ) ;
#5473 = EDGE_CURVE ( 'NONE', #3735, #2225, #4154, .T. ) ;
#5474 = CARTESIAN_POINT ( 'NONE',  ( 20.22153365615086784, 58.45755855706300252, 67.85563064041582493 ) ) ;
#5475 = CARTESIAN_POINT ( 'NONE',  ( 40.11009381049962030, 78.13754308189922426, -13.71393949731540296 ) ) ;
#5476 = CARTESIAN_POINT ( 'NONE',  ( 44.40924063580279579, 68.75439463849416200, 48.91906110676404751 ) ) ;
#5477 = CARTESIAN_POINT ( 'NONE',  ( 49.75463505704260569, 71.26187835789680491, -30.97138663066824549 ) ) ;
#5478 = CARTESIAN_POINT ( 'NONE',  ( -60.20053056545826564, 67.42165079097325986, -16.50659709052886370 ) ) ;
#5479 = VERTEX_POINT ( 'NONE', #5459 ) ;
#5480 = CARTESIAN_POINT ( 'NONE',  ( 48.44399039726989287, 57.89736674009621709, 55.90745268945153867 ) ) ;
#5481 = VERTEX_POINT ( 'NONE', #4085 ) ;
#5482 = CARTESIAN_POINT ( 'NONE',  ( 64.99999999999991473, 70.32824487248605294, 14.38303163653537631 ) ) ;
#5483 = CARTESIAN_POINT ( 'NONE',  ( -49.65591337551065010, 46.92052225583267244, -56.65933477755807957 ) ) ;
#5484 = CARTESIAN_POINT ( 'NONE',  ( 16.00052773607399104, 67.35917425946314552, -60.41865471055891845 ) ) ;
#5485 = PRODUCT_RELATED_PRODUCT_CATEGORY ( 'part', '', ( #4037 ) ) ;
#5486 = CARTESIAN_POINT ( 'NONE',  ( -20.37564434701770466, 80.99999999999998579, -63.29165124598855385 ) ) ;
#5487 = DIRECTION ( 'NONE',  ( 1.000000000000000000, 0.000000000000000000, 0.000000000000000000 ) ) ;
#5488 = ORIENTED_EDGE ( 'NONE', *, *, #503, .F. ) ;
#5489 = CARTESIAN_POINT ( 'NONE',  ( -50.56585586994076920, 47.95356825463574069, 54.89229879153631231 ) ) ;
#5490 = CARTESIAN_POINT ( 'NONE',  ( 50.41663699459022752, 48.47812969211378231, 54.91644950123151858 ) ) ;
#5491 = CARTESIAN_POINT ( 'NONE',  ( -64.99999999999995737, 70.32645668468860833, 14.39130990168625068 ) ) ;
#5492 = EDGE_CURVE ( 'NONE', #3542, #2388, #42, .T. ) ;
#5493 = CARTESIAN_POINT ( 'NONE',  ( -48.44399039727025524, 57.89736674009619577, -55.90745268945125446 ) ) ;
#5494 = ORIENTED_EDGE ( 'NONE', *, *, #4963, .F. ) ;
#5495 = CIRCLE ( 'NONE', #3885, 19.96340200533989417 ) ;
#5496 = CARTESIAN_POINT ( 'NONE',  ( -63.83021700212636063, 64.94776857186791119, 14.00000000000209255 ) ) ;
#5497 = VERTEX_POINT ( 'NONE', #5486 ) ;
#5498 = CARTESIAN_POINT ( 'NONE',  ( -61.64569282660146854, 67.10144975086279828, 15.06398317040915735 ) ) ;
#5499 = EDGE_CURVE ( 'NONE', #712, #742, #180, .T. ) ;
#5500 = CARTESIAN_POINT ( 'NONE',  ( -46.09360695737339597, 64.39652032117645319, 51.83646915427941337 ) ) ;
#5501 = CARTESIAN_POINT ( 'NONE',  ( 21.38367872233738254, 61.76078178283832187, 65.03761799972664903 ) ) ;
#5502 = CARTESIAN_POINT ( 'NONE',  ( 50.59889340631323051, 45.87634716325730722, 54.95257857073242747 ) ) ;
#5503 = CARTESIAN_POINT ( 'NONE',  ( 38.03051166719733800, 78.99436348566933930, -11.83783334783531771 ) ) ;
#5504 = AXIS2_PLACEMENT_3D ( 'NONE', #2644, #467, #967 ) ;
#5505 = CARTESIAN_POINT ( 'NONE',  ( -48.12435565298278561, 80.99999999999998579, 55.35382907247901585 ) ) ;
#5506 = CARTESIAN_POINT ( 'NONE',  ( -43.93945776398118142, 67.11011901865589380, 45.43674623218883113 ) ) ;
#5507 = LINE ( 'NONE', #855, #5234 ) ;
#5508 = VERTEX_POINT ( 'NONE', #4604 ) ;
#5509 = AXIS2_PLACEMENT_3D ( 'NONE', #117, #4885, #1000 ) ;
#5510 = VERTEX_POINT ( 'NONE', #1600 ) ;
#5511 = VECTOR ( 'NONE', #1728, 1000.000000000000000 ) ;
#5512 = CARTESIAN_POINT ( 'NONE',  ( -22.50443804618085863, 48.33919397457052725, -71.10102439139321007 ) ) ;
#5513 = AXIS2_PLACEMENT_3D ( 'NONE', #5161, #4307, #1285 ) ;
#5514 = CARTESIAN_POINT ( 'NONE',  ( 33.46339362145961616, 77.01704561602069532, -30.58006852163359568 ) ) ;
#5515 = CARTESIAN_POINT ( 'NONE',  ( 21.76155449978548972, 52.40596060623922625, -70.42181178082282145 ) ) ;
#5516 = DIRECTION ( 'NONE',  ( 0.000000000000000000, -1.000000000000000000, 0.000000000000000000 ) ) ;
#5517 = CARTESIAN_POINT ( 'NONE',  ( -72.00000000000000000, 0.000000000000000000, -14.00000000000000000 ) ) ;
#5518 = EDGE_LOOP ( 'NONE', ( #3565, #5400, #148, #4657 ) ) ;
#5519 = CARTESIAN_POINT ( 'NONE',  ( -45.63239002829636348, 61.76078178284303988, 51.03761799973860036 ) ) ;
#5520 = CARTESIAN_POINT ( 'NONE',  ( 49.63530917173816448, 46.80642417838993907, 56.82956393271513207 ) ) ;
#5521 = CARTESIAN_POINT ( 'NONE',  ( -65.00000000000000000, 71.49049528587673308, 2.946308645633887391 ) ) ;
#5522 = CARTESIAN_POINT ( 'NONE',  ( 63.74364119781412796, 68.39397752115085893, 14.00000000000002309 ) ) ;
#5523 = CARTESIAN_POINT ( 'NONE',  ( -64.99999999999995737, 71.49190099398104792, -2.339745787241355401 ) ) ;
#5524 = ORIENTED_EDGE ( 'NONE', *, *, #4128, .F. ) ;
#5525 = EDGE_CURVE ( 'NONE', #4027, #3912, #5062, .T. ) ;
#5526 = B_SPLINE_CURVE_WITH_KNOTS ( 'NONE', 3,
 ( #3571, #3144, #4873, #3891, #2586, #4310 ),
 .UNSPECIFIED., .F., .F.,
 ( 4, 2, 4 ),
 ( 0.01658914471838027205, 0.02489520312791523859, 0.03320126153745020514 ),
 .UNSPECIFIED. ) ;
#5527 = CARTESIAN_POINT ( 'NONE',  ( -60.32558811070305183, 67.85093932666330829, 14.00000000000000178 ) ) ;
#5528 = ORIENTED_EDGE ( 'NONE', *, *, #3416, .F. ) ;
#5529 = CARTESIAN_POINT ( 'NONE',  ( -67.93602631034103467, 64.39919800490793023, 14.00000000000000178 ) ) ;
#5530 = DIRECTION ( 'NONE',  ( 0.5000000000000039968, 0.000000000000000000, -0.8660254037844363761 ) ) ;
#5531 = EDGE_CURVE ( 'NONE', #28, #1034, #2921, .T. ) ;
#5532 = CARTESIAN_POINT ( 'NONE',  ( 45.75691722499872327, 76.14709066921210479, -12.34324955966655502 ) ) ;
#5533 = PLANE ( 'NONE',  #4048 ) ;
#5534 = CARTESIAN_POINT ( 'NONE',  ( -44.62435565298201823, 70.33830226810667341, -49.29165124598860359 ) ) ;
#5535 = CARTESIAN_POINT ( 'NONE',  ( 37.97260346477746396, 79.01102997553024920, -11.85322035190666057 ) ) ;
#5536 = VERTEX_POINT ( 'NONE', #335 ) ;
#5537 = CARTESIAN_POINT ( 'NONE',  ( 64.65533012237206378, 64.16889629970813758, 13.99999999999949907 ) ) ;
#5538 = LINE ( 'NONE', #391, #2059 ) ;
#5539 = CARTESIAN_POINT ( 'NONE',  ( -61.72240880437622224, 66.22292686396980343, -16.49456263305832593 ) ) ;
#5540 = CARTESIAN_POINT ( 'NONE',  ( 16.19519211911058321, 66.83309344415619080, -61.05234784450073704 ) ) ;
#5541 = CARTESIAN_POINT ( 'NONE',  ( -52.37013182887492491, 0.000000000000000000, 62.70772912668949317 ) ) ;
#5542 = DIRECTION ( 'NONE',  ( 1.776356839400250465E-15, 0.000000000000000000, -1.000000000000000000 ) ) ;
#5543 = ORIENTED_EDGE ( 'NONE', *, *, #4916, .F. ) ;
#5544 = CARTESIAN_POINT ( 'NONE',  ( -45.33155889328741495, 65.95929522014097302, 50.51656318947298274 ) ) ;
#5545 = LINE ( 'NONE', #3058, #4235 ) ;
#5546 = CARTESIAN_POINT ( 'NONE',  ( -67.20181278930613189, 60.80372878173845663, 16.43867992338045880 ) ) ;
#5547 = CARTESIAN_POINT ( 'NONE',  ( -50.03308624045984487, 46.02785684633902008, -58.65984742795746598 ) ) ;
#5548 = ORIENTED_EDGE ( 'NONE', *, *, #1741, .F. ) ;
#5549 = DIRECTION ( 'NONE',  ( 0.000000000000000000, -1.000000000000000000, 0.000000000000000000 ) ) ;
#5550 = CARTESIAN_POINT ( 'NONE',  ( 46.63079273948648051, 63.45883282103677203, 47.83447327729692233 ) ) ;
#5551 = CARTESIAN_POINT ( 'NONE',  ( 30.96027333783505142, 77.66642850935869546, -30.71913742123503965 ) ) ;
#5552 = ORIENTED_EDGE ( 'NONE', *, *, #3637, .T. ) ;
#5553 = CARTESIAN_POINT ( 'NONE',  ( 19.90035552566450505, 68.11553659766627788, 62.46842685913616577 ) ) ;
#5554 = CARTESIAN_POINT ( 'NONE',  ( -48.92830132605858751, 55.96238029589260066, 56.74630382477148061 ) ) ;
#5555 = EDGE_CURVE ( 'NONE', #1827, #1398, #3071, .T. ) ;
#5556 = CARTESIAN_POINT ( 'NONE',  ( 38.51520433081952888, 78.61843050022926604, -14.12156232292482905 ) ) ;
#5557 = DIRECTION ( 'NONE',  ( 0.7675364642189702602, -0.000000000000000000, 0.6410052855431391805 ) ) ;
#5558 = ORIENTED_EDGE ( 'NONE', *, *, #617, .T. ) ;
#5559 = B_SPLINE_CURVE_WITH_KNOTS ( 'NONE', 3,
 ( #309, #2064, #3854, #781, #723, #2518, #1695, #5573, #4186, #280, #1580, #3427 ),
 .UNSPECIFIED., .F., .F.,
 ( 4, 2, 2, 2, 2, 4 ),
 ( 0.000000000000000000, 0.008300315384362542612, 0.01245047307654381652, 0.01660063076872509216, 0.02490094615308764692, 0.03320126153745020514 ),
 .UNSPECIFIED. ) ;
#5560 = CARTESIAN_POINT ( 'NONE',  ( -43.81157361633454883, 67.29654735507128294, 47.08260620806222363 ) ) ;
#5561 = CARTESIAN_POINT ( 'NONE',  ( 0.000000000000000000, 46.00000000000000000, 0.000000000000000000 ) ) ;
#5562 = EDGE_CURVE ( 'NONE', #5230, #2962, #4692, .T. ) ;
#5563 = EDGE_LOOP ( 'NONE', ( #3332, #2632, #2163, #3594 ) ) ;
#5564 = CARTESIAN_POINT ( 'NONE',  ( -76.23219817601714965, 45.99999999999999289, -14.00000000000000000 ) ) ;
#5565 = CARTESIAN_POINT ( 'NONE',  ( -25.68060580985643071, 46.05586463635721373, -72.48011403182019308 ) ) ;
#5566 = CARTESIAN_POINT ( 'NONE',  ( -70.35978047656563206, 55.95718616389152089, -16.39224145336687144 ) ) ;
#5567 = CARTESIAN_POINT ( 'NONE',  ( -73.34366810319271224, 48.00576291639394100, 14.00000000001249312 ) ) ;
#5568 = B_SPLINE_CURVE_WITH_KNOTS ( 'NONE', 3,
 ( #3304, #5023, #2022, #3757, #2917, #4287, #5265, #3205, #5326, #4842, #1384, #2349, #3635, #26, #54, #3124 ),
 .UNSPECIFIED., .F., .F.,
 ( 4, 2, 2, 2, 2, 2, 2, 4 ),
 ( 0.000000000000000000, 0.0006220389796314182993, 0.001244077959262836599, 0.001866116938894255006, 0.002488155918525673197, 0.003732233877788532130, 0.004354272857419961597, 0.004976311837051390630 ),
 .UNSPECIFIED. ) ;
#5569 = CARTESIAN_POINT ( 'NONE',  ( -12.12435565298220652, 45.99999999999999289, 6.999999999999887201 ) ) ;
#5570 = ORIENTED_EDGE ( 'NONE', *, *, #3908, .T. ) ;
#5571 = CARTESIAN_POINT ( 'NONE',  ( -44.03946415405652459, 64.94776857188010410, 48.27858945289987957 ) ) ;
#5572 = CARTESIAN_POINT ( 'NONE',  ( -49.62233710225458339, 46.58991269261759527, 57.18430314920180990 ) ) ;
#5573 = CARTESIAN_POINT ( 'NONE',  ( 32.54340325837088699, 69.04820565211825567, 50.79209706139345570 ) ) ;
#5574 = CARTESIAN_POINT ( 'NONE',  ( 46.21647353771983546, 64.29485628078596449, 47.09960167101286288 ) ) ;
#5575 = CARTESIAN_POINT ( 'NONE',  ( 72.76735885100671908, 48.47812969211381784, -16.20386366007834056 ) ) ;
#5576 = ORIENTED_EDGE ( 'NONE', *, *, #5285, .T. ) ;
#5577 = DIRECTION ( 'NONE',  ( 0.6410052855431285224, 0.000000000000000000, 0.7675364642189791420 ) ) ;
#5578 = CARTESIAN_POINT ( 'NONE',  ( 12.12435565298211060, 0.000000000000000000, 7.000000000000057732 ) ) ;
#5579 = ORIENTED_EDGE ( 'NONE', *, *, #3128, .T. ) ;
#5580 = CARTESIAN_POINT ( 'NONE',  ( -8.196361130604803409E-15, -0.001999999999988122390, 0.000000000000000000 ) ) ;
#5581 = ORIENTED_EDGE ( 'NONE', *, *, #2649, .T. ) ;
#5582 = VECTOR ( 'NONE', #429, 1000.000000000000114 ) ;
#5583 = FACE_OUTER_BOUND ( 'NONE', #3644, .T. ) ;
#5584 = VERTEX_POINT ( 'NONE', #5171 ) ;
#5585 = CARTESIAN_POINT ( 'NONE',  ( -44.77554707641429133, 66.83697915472073703, 44.55197465333178286 ) ) ;
#5586 = CARTESIAN_POINT ( 'NONE',  ( -43.82405691833681516, 67.36036041969023813, 47.28257284198677723 ) ) ;
#5587 = DIRECTION ( 'NONE',  ( -0.000000000000000000, -1.000000000000000000, -0.000000000000000000 ) ) ;
#5588 = EDGE_LOOP ( 'NONE', ( #1962, #5466 ) ) ;
#5589 = VECTOR ( 'NONE', #1789, 1000.000000000000000 ) ;
#5590 = CARTESIAN_POINT ( 'NONE',  ( -22.25519729063799090, 47.95356825463711203, -71.23746514323535450 ) ) ;
#5591 = EDGE_CURVE ( 'NONE', #4607, #2188, #4409, .T. ) ;
#5592 = CARTESIAN_POINT ( 'NONE',  ( 65.00000000001010392, 65.67055975807278401, 1.325108355056249909 ) ) ;
#5593 = CARTESIAN_POINT ( 'NONE',  ( 31.86906527102582842, 78.20422801285327807, -27.66067077355301507 ) ) ;
#5594 = VECTOR ( 'NONE', #1188, 1000.000000000000227 ) ;
#5595 = EDGE_CURVE ( 'NONE', #97, #3291, #2699, .T. ) ;
#5596 = CIRCLE ( 'NONE', #1421, 74.53166453491230925 ) ;
#5597 = CARTESIAN_POINT ( 'NONE',  ( 25.92232667802418433, 46.00000000000000000, 72.89878685673744485 ) ) ;
#5598 = ORIENTED_EDGE ( 'NONE', *, *, #2441, .F. ) ;
#5599 = CARTESIAN_POINT ( 'NONE',  ( -49.85897346116810525, 50.02349546675423397, 58.35827524796966514 ) ) ;
#5600 = CARTESIAN_POINT ( 'NONE',  ( 48.54520466937607637, 76.28321610770606753, -16.06497603340298852 ) ) ;
#5601 = CARTESIAN_POINT ( 'NONE',  ( 64.99999999999998579, 70.33830226810675867, 14.00000000000000000 ) ) ;
#5602 = CARTESIAN_POINT ( 'NONE',  ( -38.33428291159539469, 65.37143774610966318, 52.92322643641358582 ) ) ;
#5603 = VECTOR ( 'NONE', #3201, 1000.000000000000114 ) ;
#5604 = CARTESIAN_POINT ( 'NONE',  ( 49.80375207477460009, 54.09044109428654679, 53.50903123644707193 ) ) ;
#5605 = CARTESIAN_POINT ( 'NONE',  ( 66.70000000000000284, 43.00000000000000000, 0.000000000000000000 ) ) ;
#5606 = VERTEX_POINT ( 'NONE', #2570 ) ;
#5607 = CARTESIAN_POINT ( 'NONE',  ( 73.30362169248459736, 47.53496888141362575, 15.25325298063769708 ) ) ;
#5608 = ORIENTED_EDGE ( 'NONE', *, *, #3458, .F. ) ;
#5609 = CARTESIAN_POINT ( 'NONE',  ( -44.14906683162993062, 68.11553659766627788, 48.46842685913546944 ) ) ;
#5610 = ORIENTED_EDGE ( 'NONE', *, *, #5268, .T. ) ;
#5611 = CARTESIAN_POINT ( 'NONE',  ( 50.24045474099016673, 46.00000000000000000, 59.01902020676106275 ) ) ;
#5612 = CARTESIAN_POINT ( 'NONE',  ( 36.80464303816372507, 79.33260865622362701, -12.22962203137510606 ) ) ;
#5613 = VERTEX_POINT ( 'NONE', #8 ) ;
#5614 = CARTESIAN_POINT ( 'NONE',  ( -22.08084192094149856, 50.03241630556000530, -70.94977899301152036 ) ) ;
#5615 = CARTESIAN_POINT ( 'NONE',  ( -25.15986046986530766, 46.30971242683360600, -71.89202420230257928 ) ) ;
#5616 = CARTESIAN_POINT ( 'NONE',  ( -72.38935063020871041, 50.54137333704083801, -16.35436224005043115 ) ) ;
#5617 = DIRECTION ( 'NONE',  ( -1.776356839400250465E-15, 0.000000000000000000, 1.000000000000000000 ) ) ;
#5618 = EDGE_CURVE ( 'NONE', #890, #454, #4293, .T. ) ;
#5619 = CARTESIAN_POINT ( 'NONE',  ( 22.35072185641629261, 48.47812969211373968, -71.12031316130932623 ) ) ;
#5620 = ORIENTED_EDGE ( 'NONE', *, *, #1889, .T. ) ;
#5621 = CARTESIAN_POINT ( 'NONE',  ( 51.52930574286349952, 73.66458975381847551, -20.15837063828996278 ) ) ;
#5622 = DIRECTION ( 'NONE',  ( -0.000000000000000000, -1.000000000000000000, -0.000000000000000000 ) ) ;
#5623 = CARTESIAN_POINT ( 'NONE',  ( 66.70000000000000284, 43.00000000000000000, 0.000000000000000000 ) ) ;
#5624 = EDGE_CURVE ( 'NONE', #861, #4322, #2076, .T. ) ;
#5625 = CARTESIAN_POINT ( 'NONE',  ( 42.28714970833324571, 67.85093932666330829, 45.24349180210572996 ) ) ;
#5626 = CARTESIAN_POINT ( 'NONE',  ( 44.39539769316105122, 67.42165079097325986, 43.88189024572442065 ) ) ;
#5627 = VERTEX_POINT ( 'NONE', #3901 ) ;
#5628 = CARTESIAN_POINT ( 'NONE',  ( 17.37964762039195676, 67.11011901865589380, 60.77105976821547273 ) ) ;
#5629 =( BOUNDED_SURFACE ( )  B_SPLINE_SURFACE ( 3, 2, ( 
 ( #4903, #5240, #4468 ),
 ( #3987, #4440, #991 ),
 ( #4380, #4928, #1042 ),
 ( #5293, #2314, #4046 ),
 ( #83, #1840, #4018 ),
 ( #2725, #139, #485 ),
 ( #3574, #1410, #3148 ),
 ( #3521, #4876, #2778 ),
 ( #542, #2289, #1896 ),
 ( #607, #1358, #3098 ),
 ( #4815, #927, #5017 ),
 ( #3779, #700, #1924 ),
 ( #2909, #5501, #3662 ),
 ( #263, #2016, #2471 ),
 ( #2816, #5045, #632 ),
 ( #1985, #200, #1622 ),
 ( #3267, #5409, #760 ),
 ( #4077, #2376, #4104 ),
 ( #2873, #1133, #733 ),
 ( #3355, #5076, #4555 ) ),
 .UNSPECIFIED., .F., .F., .F. ) 
 B_SPLINE_SURFACE_WITH_KNOTS ( ( 4, 2, 2, 2, 2, 2, 2, 2, 2, 4 ),
 ( 3, 3 ),
 ( 0.01252048609958923350, 0.01610381331546555106, 0.01789547692340370810, 0.01968714053134186515, 0.02327046774721817923, 0.02685379496309449332, 0.03402044939484712149, 0.03581211300278527854, 0.03760377661072343558, 0.04118710382659974967 ),
 ( 0.000000000000000000, 1.000000000000000000 ),
 .UNSPECIFIED. ) 
 GEOMETRIC_REPRESENTATION_ITEM ( )  RATIONAL_B_SPLINE_SURFACE ( (
 ( 1.000000000000000000, 0.7806367264523399463, 1.000000000000000000),
 ( 1.000000000000000000, 0.7806525983858257911, 1.000000000000000000),
 ( 1.000000000000000000, 0.7804736193022181467, 1.000000000000000000),
 ( 1.000000000000000000, 0.7799347764557909013, 1.000000000000000000),
 ( 1.000000000000000000, 0.7797094506915552836, 1.000000000000000000),
 ( 1.000000000000000000, 0.7791796795201323400, 1.000000000000000000),
 ( 1.000000000000000000, 0.7788772256527307647, 1.000000000000000000),
 ( 1.000000000000000000, 0.7778777612643196226, 1.000000000000000000),
 ( 1.000000000000000000, 0.7770891790809453248, 1.000000000000000000),
 ( 1.000000000000000000, 0.7753695393473776232, 1.000000000000000000),
 ( 1.000000000000000000, 0.7744333973525271420, 1.000000000000000000),
 ( 1.000000000000000000, 0.7716017430404826793, 1.000000000000000000),
 ( 1.000000000000000000, 0.7696820186676939235, 1.000000000000000000),
 ( 1.000000000000000000, 0.7674401967823164528, 1.000000000000000000),
 ( 1.000000000000000000, 0.7669988342219118405, 1.000000000000000000),
 ( 1.000000000000000000, 0.7661320856131597079, 1.000000000000000000),
 ( 1.000000000000000000, 0.7657059992055144093, 1.000000000000000000),
 ( 1.000000000000000000, 0.7644628963694304336, 1.000000000000000000),
 ( 1.000000000000000000, 0.7636784586031122313, 1.000000000000000000),
 ( 1.000000000000000000, 0.7629366208023384832, 1.000000000000000000) ) ) 
 REPRESENTATION_ITEM ( '' )  SURFACE ( )  );
#5630 = CARTESIAN_POINT ( 'NONE',  ( 46.63079273949313830, 63.45883282103086032, -47.83447327729817289 ) ) ;
#5631 = ORIENTED_EDGE ( 'NONE', *, *, #5085, .T. ) ;
ENDSEC;
END-ISO-10303-21;
