ISO-10303-21;
HEADER;
FILE_DESCRIPTION (( 'STEP AP214' ),
    '1' );
FILE_NAME ('R7_ENG_2200_bezOtworow.STEP',
    '2025-07-15T20:12:29',
    ( '' ),
    ( '' ),
    'SwSTEP 2.0',
    'SolidWorks 2024',
    '' );
FILE_SCHEMA (( 'AUTOMOTIVE_DESIGN' ));
ENDSEC;

DATA;
#1 = CARTESIAN_POINT ( 'NONE',  ( 21.29558425964316015, 65.53555765175977399, 64.88503391456723080 ) ) ;
#2 = ORIENTED_EDGE ( 'NONE', *, *, #513, .T. ) ;
#3 = VECTOR ( 'NONE', #7763, 1000.000000000000000 ) ;
#4 = CARTESIAN_POINT ( 'NONE',  ( 64.99999999999998579, 70.33830226810667341, -14.00000000000000000 ) ) ;
#5 = CARTESIAN_POINT ( 'NONE',  ( -47.22223686493324379, 62.25354003921476220, -48.88375298030946681 ) ) ;
#6 = EDGE_LOOP ( 'NONE', ( #1246, #5396, #3477, #4393 ) ) ;
#7 = ORIENTED_EDGE ( 'NONE', *, *, #4285, .F. ) ;
#8 = CARTESIAN_POINT ( 'NONE',  ( 64.34502725871762152, 63.85246432331148725, 16.47027785670315581 ) ) ;
#9 = EDGE_CURVE ( 'NONE', #2404, #3008, #5392, .T. ) ;
#10 = EDGE_CURVE ( 'NONE', #2653, #2560, #2252, .T. ) ;
#11 = CARTESIAN_POINT ( 'NONE',  ( -62.11833194742296627, 66.45418853074183119, 14.00000000001566924 ) ) ;
#12 = CARTESIAN_POINT ( 'NONE',  ( -40.13761643632577858, 56.59603371875994782, 71.16110706221299154 ) ) ;
#13 = VERTEX_POINT ( 'NONE', #3160 ) ;
#14 = CARTESIAN_POINT ( 'NONE',  ( 41.40233032695833515, 80.04779311149647469, -13.61100229831976982 ) ) ;
#15 = CARTESIAN_POINT ( 'NONE',  ( -49.99301008492148668, 48.19213390078299142, 58.59043349038549309 ) ) ;
#16 = CARTESIAN_POINT ( 'NONE',  ( -25.85284658082770193, 46.00937601690883128, -72.77844379827726584 ) ) ;
#17 = CARTESIAN_POINT ( 'NONE',  ( 48.83198328396139232, 45.87307673031754263, -56.57947608217457969 ) ) ;
#18 = CARTESIAN_POINT ( 'NONE',  ( 41.56217782649134307, 71.00000000000000000, -57.98780366869495140 ) ) ;
#19 = ORIENTED_EDGE ( 'NONE', *, *, #2985, .T. ) ;
#20 = ORIENTED_EDGE ( 'NONE', *, *, #8529, .T. ) ;
#21 = CARTESIAN_POINT ( 'NONE',  ( -29.93782217350877417, 71.00000000000000000, -65.85382907247965534 ) ) ;
#22 = CARTESIAN_POINT ( 'NONE',  ( 39.96648549850595344, 50.46501159631135636, -71.25733027487466131 ) ) ;
#23 = CARTESIAN_POINT ( 'NONE',  ( 20.42475882649717889, 67.19961627838671347, -63.37672001983335690 ) ) ;
#24 = CARTESIAN_POINT ( 'NONE',  ( 72.64169657945068082, 57.89293898239949954, 13.99999999999999289 ) ) ;
#25 = CARTESIAN_POINT ( 'NONE',  ( 12.24999999999999822, 76.42166581354543098, 0.000000000000000000 ) ) ;
#26 = ADVANCED_FACE ( 'NONE', ( #7234 ), #5814, .F. ) ;
#27 = B_SPLINE_CURVE_WITH_KNOTS ( 'NONE', 3,
 ( #4795, #7565, #4117, #6894, #653, #2766, #7255, #1723, #4446, #2410, #4398, #893, #4531, #7801, #4354, #6548 ),
 .UNSPECIFIED., .F., .F.,
 ( 4, 2, 2, 2, 2, 2, 2, 4 ),
 ( 0.000000000000000000, 0.0006165529096399830497, 0.001233105819279966099, 0.001849658728919949474, 0.002466211638559932199, 0.003699317457839913694, 0.004315870367479886227, 0.004932423277119859194 ),
 .UNSPECIFIED. ) ;
#28 = DIRECTION ( 'NONE',  ( -0.4999999999999979461, 0.000000000000000000, -0.8660254037844397068 ) ) ;
#29 = CARTESIAN_POINT ( 'NONE',  ( 72.00000000000000000, 71.00000000000000000, -7.000000000000005329 ) ) ;
#30 = CARTESIAN_POINT ( 'NONE',  ( 20.48958420640847677, 57.64672313975278684, -68.30425702708234326 ) ) ;
#31 = CARTESIAN_POINT ( 'NONE',  ( -63.73413903232208355, 67.84252621657624616, -14.02174324697131169 ) ) ;
#32 = CARTESIAN_POINT ( 'NONE',  ( 24.24046058635580891, 46.92052664020000208, 71.33294738826593573 ) ) ;
#33 = CARTESIAN_POINT ( 'NONE',  ( 49.63021275016853906, 46.48927481284901120, -57.36606425707198298 ) ) ;
#34 = CARTESIAN_POINT ( 'NONE',  ( 44.10052745981671052, 64.46641794738026476, -49.59408359434033997 ) ) ;
#35 = CARTESIAN_POINT ( 'NONE',  ( -20.21138338954647296, 68.93822299895373362, 63.00714292194665944 ) ) ;
#36 = CARTESIAN_POINT ( 'NONE',  ( 49.10130074123660648, 56.99209030537545573, 52.24290195363191458 ) ) ;
#37 = ORIENTED_EDGE ( 'NONE', *, *, #8698, .F. ) ;
#38 = ORIENTED_EDGE ( 'NONE', *, *, #4623, .T. ) ;
#39 = CARTESIAN_POINT ( 'NONE',  ( -26.66571708836402621, 65.37143774604071211, -59.66007605554781179 ) ) ;
#40 = ORIENTED_EDGE ( 'NONE', *, *, #6654, .F. ) ;
#41 = CARTESIAN_POINT ( 'NONE',  ( 4.852638573011455367E-16, 96.99999999999998579, 0.000000000000000000 ) ) ;
#42 = CARTESIAN_POINT ( 'NONE',  ( 51.58656618434454799, 71.22571981494174054, -27.90933909977892569 ) ) ;
#43 = DIRECTION ( 'NONE',  ( -0.4999999999999979461, -0.000000000000000000, -0.8660254037844397068 ) ) ;
#44 = CARTESIAN_POINT ( 'NONE',  ( 43.19573219220448124, 79.26880991561044709, -13.71473926766778462 ) ) ;
#45 = CARTESIAN_POINT ( 'NONE',  ( 20.04392921934485727, 70.32824487249720846, 63.48316706424458999 ) ) ;
#46 = B_SPLINE_CURVE_WITH_KNOTS ( 'NONE', 3,
 ( #3115, #7781, #326, #5794, #7103, #4378, #2980, #5882, #3609, #2392, #5156, #7150, #5018, #7918, #4513, #7281, #6392, #2936 ),
 .UNSPECIFIED., .F., .F.,
 ( 4, 2, 2, 2, 2, 2, 2, 2, 4 ),
 ( -1.082020055211298367E-05, 0.0002984106444301841670, 0.0006076414894124813719, 0.001226103179377088792, 0.002463026559306299296, 0.003081488249270903246, 0.003699949939235507631, 0.004318411629200111582, 0.004936873319164715966 ),
 .UNSPECIFIED. ) ;
#47 = ORIENTED_EDGE ( 'NONE', *, *, #3112, .F. ) ;
#48 = CARTESIAN_POINT ( 'NONE',  ( 64.97860034181179856, 69.92061267400556801, -14.00000000000000000 ) ) ;
#49 = DIRECTION ( 'NONE',  ( -0.000000000000000000, -1.000000000000000000, -0.000000000000000000 ) ) ;
#50 = ORIENTED_EDGE ( 'NONE', *, *, #6048, .F. ) ;
#51 = CARTESIAN_POINT ( 'NONE',  ( 65.00000000004007461, 64.91731202440173831, -10.76842142766986221 ) ) ;
#52 = EDGE_LOOP ( 'NONE', ( #8273, #4609, #5163, #2375 ) ) ;
#53 = CARTESIAN_POINT ( 'NONE',  ( 68.42204903374395997, 60.03922181398898061, 14.00000000000628297 ) ) ;
#54 = EDGE_CURVE ( 'NONE', #3008, #3433, #8304, .T. ) ;
#55 = CARTESIAN_POINT ( 'NONE',  ( -69.79433062989065206, 56.99209030536383835, 16.40152282395422745 ) ) ;
#56 = CARTESIAN_POINT ( 'NONE',  ( -42.05984196674520348, 56.37007381414172613, 70.04210646998041057 ) ) ;
#57 = ORIENTED_EDGE ( 'NONE', *, *, #1170, .T. ) ;
#58 = B_SPLINE_CURVE_WITH_KNOTS ( 'NONE', 3,
 ( #1498, #8495, #7806, #5694, #5091, #4359, #7858, #7131, #71, #1642 ),
 .UNSPECIFIED., .F., .F.,
 ( 4, 2, 2, 2, 4 ),
 ( 0.000000000000000000, 0.0006175157415189909708, 0.001235031483037981942, 0.001852547224556972804, 0.002470062966075963883 ),
 .UNSPECIFIED. ) ;
#59 = CARTESIAN_POINT ( 'NONE',  ( 48.04995388654446486, 76.61842846507045124, -15.67476058937483963 ) ) ;
#60 = CARTESIAN_POINT ( 'NONE',  ( -17.68121478636534860, 64.29485628078593606, 63.57444099250300695 ) ) ;
#61 = EDGE_CURVE ( 'NONE', #3669, #7726, #1014, .T. ) ;
#62 = EDGE_CURVE ( 'NONE', #8151, #4916, #5497, .T. ) ;
#63 = CARTESIAN_POINT ( 'NONE',  ( 38.91613928324584037, 53.49999999999999289, -62.40473047300818621 ) ) ;
#64 = CARTESIAN_POINT ( 'NONE',  ( 50.56585586994649617, 47.95356825463706230, -54.89229879153075586 ) ) ;
#65 = ORIENTED_EDGE ( 'NONE', *, *, #3455, .T. ) ;
#66 = VERTEX_POINT ( 'NONE', #3244 ) ;
#67 = CARTESIAN_POINT ( 'NONE',  ( 72.32922377359086852, 65.71575228053563933, 144.6584475471816802 ) ) ;
#68 = CARTESIAN_POINT ( 'NONE',  ( 49.99301008492109588, 48.19213390078297721, -58.59043349038584125 ) ) ;
#69 = AXIS2_PLACEMENT_3D ( 'NONE', #7953, #2674, #3192 ) ;
#70 = DIRECTION ( 'NONE',  ( 1.000000000000000000, -0.000000000000000000, 0.000000000000000000 ) ) ;
#71 = CARTESIAN_POINT ( 'NONE',  ( 64.20085859982008003, 68.25932009823505098, 14.00000000000000000 ) ) ;
#72 = CARTESIAN_POINT ( 'NONE',  ( 37.83605103901976463, 69.13402451978343777, -19.72325303742863412 ) ) ;
#73 = EDGE_CURVE ( 'NONE', #159, #8318, #934, .T. ) ;
#74 = LINE ( 'NONE', #5739, #3903 ) ;
#75 = EDGE_CURVE ( 'NONE', #4950, #8946, #5249, .T. ) ;
#76 = CARTESIAN_POINT ( 'NONE',  ( 40.78285401678480326, 72.73109687510670085, -36.00459668965680748 ) ) ;
#77 = B_SPLINE_CURVE_WITH_KNOTS ( 'NONE', 3,
 ( #4711, #2553, #8851, #3276, #7314, #2515 ),
 .UNSPECIFIED., .F., .F.,
 ( 4, 2, 4 ),
 ( 0.009524894790028961417, 0.01404405234227062635, 0.01856320989451229128 ),
 .UNSPECIFIED. ) ;
#78 = CARTESIAN_POINT ( 'NONE',  ( 17.31940965859785564, 64.95410340582364483, -62.96134323615254402 ) ) ;
#79 = CARTESIAN_POINT ( 'NONE',  ( -80.99999999999998579, 53.49999999999999289, 0.000000000000000000 ) ) ;
#80 = CIRCLE ( 'NONE', #6637, 2.500000000000002220 ) ;
#81 = CARTESIAN_POINT ( 'NONE',  ( -63.74764214713900401, 68.85705436393504897, -5.703781762079050743 ) ) ;
#82 = CARTESIAN_POINT ( 'NONE',  ( -36.70020416242827110, 69.02349889316261056, -52.64289114699413119 ) ) ;
#83 = VECTOR ( 'NONE', #671, 1000.000000000000000 ) ;
#84 = CARTESIAN_POINT ( 'NONE',  ( -21.08284758732225583, 65.95929522014517943, 64.51656318947159718 ) ) ;
#85 = CARTESIAN_POINT ( 'NONE',  ( 42.66506350946141879, 53.49999999999999289, -68.89805770653931916 ) ) ;
#86 = VERTEX_POINT ( 'NONE', #5333 ) ;
#87 = ORIENTED_EDGE ( 'NONE', *, *, #3967, .F. ) ;
#88 = CARTESIAN_POINT ( 'NONE',  ( 18.24999999999999289, -0.001999999999989756066, 2.234980408443919215E-15 ) ) ;
#89 = EDGE_LOOP ( 'NONE', ( #8343, #3981, #7641, #1673, #605, #4118, #5672, #2305, #8587 ) ) ;
#90 = DIRECTION ( 'NONE',  ( -0.000000000000000000, -1.000000000000000000, -0.000000000000000000 ) ) ;
#91 = CARTESIAN_POINT ( 'NONE',  ( 37.72024397754261571, 76.55157861838985411, -33.81113700423861701 ) ) ;
#92 = CARTESIAN_POINT ( 'NONE',  ( 72.00000000000000000, 71.00000000000000000, -7.000000000000005329 ) ) ;
#93 = CARTESIAN_POINT ( 'NONE',  ( 40.14115310045409046, 80.53820670503166923, -13.73170935652252922 ) ) ;
#94 = CARTESIAN_POINT ( 'NONE',  ( 18.03843840236883977, 67.85093932666330829, 59.24349180210550969 ) ) ;
#95 = VERTEX_POINT ( 'NONE', #1664 ) ;
#96 = CARTESIAN_POINT ( 'NONE',  ( 0.000000000000000000, 46.00000000000000000, 0.000000000000000000 ) ) ;
#97 = DIRECTION ( 'NONE',  ( -0.8660254037844397068, 0.000000000000000000, 0.4999999999999979461 ) ) ;
#98 = ORIENTED_EDGE ( 'NONE', *, *, #2803, .F. ) ;
#99 = PLANE ( 'NONE',  #3642 ) ;
#100 = ORIENTED_EDGE ( 'NONE', *, *, #6179, .T. ) ;
#101 = CARTESIAN_POINT ( 'NONE',  ( 74.39065197851415689, 54.10447137732718659, 14.00000000000000888 ) ) ;
#102 = CARTESIAN_POINT ( 'NONE',  ( -45.33155889328539701, 65.95929522014520785, -50.51656318947145508 ) ) ;
#103 = EDGE_LOOP ( 'NONE', ( #3570, #2873, #2528, #195 ) ) ;
#104 = CARTESIAN_POINT ( 'NONE',  ( -71.24205642004746153, 54.09044109428339908, 16.37679888231118497 ) ) ;
#105 = DIRECTION ( 'NONE',  ( -0.8660254037844373753, 0.000000000000000000, -0.5000000000000021094 ) ) ;
#106 = ORIENTED_EDGE ( 'NONE', *, *, #6969, .F. ) ;
#107 = CARTESIAN_POINT ( 'NONE',  ( -43.00021184417331455, 51.55975010256091196, 69.46858754362715160 ) ) ;
#108 = CARTESIAN_POINT ( 'NONE',  ( -21.20656785621891061, 55.08934122040999171, 69.50042274262105479 ) ) ;
#109 = AXIS2_PLACEMENT_3D ( 'NONE', #4486, #7210, #1636 ) ;
#110 = CARTESIAN_POINT ( 'NONE',  ( -25.53146110997971263, 68.49963253946565089, 58.37727133189835627 ) ) ;
#111 = CARTESIAN_POINT ( 'NONE',  ( 74.92538051898063145, 52.38165315073361228, -14.00000000000001243 ) ) ;
#112 = CARTESIAN_POINT ( 'NONE',  ( -48.65393309633856944, 58.45755855706300963, 51.44017716991645273 ) ) ;
#113 = CARTESIAN_POINT ( 'NONE',  ( -20.54867555175556149, 68.38019243795174873, 57.68979884649534995 ) ) ;
#114 = ORIENTED_EDGE ( 'NONE', *, *, #4590, .F. ) ;
#115 = ORIENTED_EDGE ( 'NONE', *, *, #3047, .F. ) ;
#116 = PLANE ( 'NONE',  #423 ) ;
#117 = LINE ( 'NONE', #2910, #290 ) ;
#118 = CARTESIAN_POINT ( 'NONE',  ( 43.52210239426494098, 53.08607404626430792, -69.14273741986963273 ) ) ;
#119 = AXIS2_PLACEMENT_3D ( 'NONE', #5992, #4489, #8627 ) ;
#120 = CARTESIAN_POINT ( 'NONE',  ( 43.53884283324717330, 53.70834398652198871, -69.13218617071072458 ) ) ;
#121 = CARTESIAN_POINT ( 'NONE',  ( -16.00052773607443868, 67.35917425946304604, 60.41865471055893977 ) ) ;
#122 = DIRECTION ( 'NONE',  ( 1.000000000000000000, -0.000000000000000000, 0.000000000000000000 ) ) ;
#123 = VERTEX_POINT ( 'NONE', #7192 ) ;
#124 = FACE_OUTER_BOUND ( 'NONE', #3342, .T. ) ;
#125 = CARTESIAN_POINT ( 'NONE',  ( 40.89559569482241130, 74.81667906270176616, -34.60827469646313403 ) ) ;
#126 = EDGE_CURVE ( 'NONE', #8905, #6505, #4427, .T. ) ;
#127 = CARTESIAN_POINT ( 'NONE',  ( 48.65393309633814312, 58.45755855706299542, -51.44017716991684352 ) ) ;
#128 = ADVANCED_FACE ( 'NONE', ( #410 ), #4876, .F. ) ;
#129 = AXIS2_PLACEMENT_3D ( 'NONE', #2937, #4921, #5661 ) ;
#130 = B_SPLINE_CURVE_WITH_KNOTS ( 'NONE', 3,
 ( #6388, #869, #140, #5838 ),
 .UNSPECIFIED., .F., .F.,
 ( 4, 4 ),
 ( 0.003934532143711291265, 0.004345251362166925417 ),
 .UNSPECIFIED. ) ;
#131 = DIRECTION ( 'NONE',  ( -0.8660254037844392627, 0.000000000000000000, 0.4999999999999988343 ) ) ;
#132 = AXIS2_PLACEMENT_3D ( 'NONE', #1288, #8924, #4741 ) ;
#133 = AXIS2_PLACEMENT_3D ( 'NONE', #6476, #7099, #4281 ) ;
#134 = AXIS2_PLACEMENT_3D ( 'NONE', #3023, #4422, #2249 ) ;
#135 = CARTESIAN_POINT ( 'NONE',  ( -36.88217080016091387, 68.77887806258438275, -52.19837738702830876 ) ) ;
#136 = VECTOR ( 'NONE', #3260, 1000.000000000000114 ) ;
#137 = CARTESIAN_POINT ( 'NONE',  ( -25.61026215520439919, 50.02349546675840486, 72.35827524797062438 ) ) ;
#138 = CARTESIAN_POINT ( 'NONE',  ( 81.64339754839296859, 52.67755559192301007, 3.040917919776901179 ) ) ;
#139 = ORIENTED_EDGE ( 'NONE', *, *, #5529, .T. ) ;
#140 = CARTESIAN_POINT ( 'NONE',  ( 50.17103798398942871, 46.00000000000000000, -58.89878685673700431 ) ) ;
#141 = ORIENTED_EDGE ( 'NONE', *, *, #1353, .T. ) ;
#142 = DIRECTION ( 'NONE',  ( 0.000000000000000000, 1.000000000000000000, 0.000000000000000000 ) ) ;
#143 = CARTESIAN_POINT ( 'NONE',  ( -17.68121478636447819, 64.29485628078596449, -63.57444099250321301 ) ) ;
#144 = CARTESIAN_POINT ( 'NONE',  ( -69.39801387527921861, 57.64672313975280105, 16.40762807781134569 ) ) ;
#145 = B_SPLINE_CURVE_WITH_KNOTS ( 'NONE', 3,
 ( #3097, #1727, #7302, #7344, #1848, #474, #1071, #1112, #3862, #2542, #3137, #993 ),
 .UNSPECIFIED., .F., .F.,
 ( 4, 2, 2, 2, 2, 4 ),
 ( 6.938893903907229918E-18, 0.008300315384362539142, 0.01245047307654381305, 0.01660063076872508869, 0.02490094615308764345, 0.03320126153745020514 ),
 .UNSPECIFIED. ) ;
#146 = AXIS2_PLACEMENT_3D ( 'NONE', #3229, #3348, #4076 ) ;
#147 = VECTOR ( 'NONE', #2482, 1000.000000000000000 ) ;
#148 = CARTESIAN_POINT ( 'NONE',  ( 38.13065256149298676, 81.22426218983521551, -14.27542730736402099 ) ) ;
#149 = AXIS2_PLACEMENT_3D ( 'NONE', #3741, #2434, #7824 ) ;
#150 = DIRECTION ( 'NONE',  ( -0.2588190451025162431, 0.000000000000000000, -0.9659258262890695335 ) ) ;
#151 = EDGE_CURVE ( 'NONE', #3230, #1166, #5281, .T. ) ;
#152 = ORIENTED_EDGE ( 'NONE', *, *, #7267, .F. ) ;
#153 = CARTESIAN_POINT ( 'NONE',  ( -64.98370660654886422, 70.60829653923211424, 9.475446014469646627 ) ) ;
#154 = VERTEX_POINT ( 'NONE', #1697 ) ;
#155 = CARTESIAN_POINT ( 'NONE',  ( 40.72705798935904653, 70.96746529199602094, 51.54175710119350384 ) ) ;
#156 = ORIENTED_EDGE ( 'NONE', *, *, #8107, .T. ) ;
#157 = CARTESIAN_POINT ( 'NONE',  ( 73.95284459976699054, 55.22173470845584120, 14.00000000000000888 ) ) ;
#158 = CARTESIAN_POINT ( 'NONE',  ( -45.54429556560636172, 65.53555765176395198, -50.88503391456445968 ) ) ;
#159 = VERTEX_POINT ( 'NONE', #4461 ) ;
#160 = CARTESIAN_POINT ( 'NONE',  ( -73.41525526195799500, 45.87307673031754263, 13.99999999999998757 ) ) ;
#161 = DIRECTION ( 'NONE',  ( -1.000000000000000000, 0.000000000000000000, 0.000000000000000000 ) ) ;
#162 = ORIENTED_EDGE ( 'NONE', *, *, #2103, .T. ) ;
#163 = CARTESIAN_POINT ( 'NONE',  ( -73.50215154756890001, 53.49999999999999289, 2.499999999999995115 ) ) ;
#164 = CARTESIAN_POINT ( 'NONE',  ( -22.13465309806629477, 49.58324814417438375, 71.03862126191910420 ) ) ;
#165 = CARTESIAN_POINT ( 'NONE',  ( -12.12435565298211060, 0.000000000000000000, -7.000000000000057732 ) ) ;
#166 = CARTESIAN_POINT ( 'NONE',  ( 63.53246871185886135, 64.62690840039030604, -16.47825089122785158 ) ) ;
#167 = CARTESIAN_POINT ( 'NONE',  ( 0.000000000000000000, 46.00000000000000000, 0.000000000000000000 ) ) ;
#168 = CARTESIAN_POINT ( 'NONE',  ( -27.71554473746634528, 69.04820565211822725, 53.57946247804716222 ) ) ;
#169 = EDGE_LOOP ( 'NONE', ( #2267, #8816, #6749, #8903, #2062, #8364, #1828, #931, #5981 ) ) ;
#170 = ORIENTED_EDGE ( 'NONE', *, *, #8630, .F. ) ;
#171 = CARTESIAN_POINT ( 'NONE',  ( -74.53166453491229504, 48.61675045524524563, 2.043684418053563520E-15 ) ) ;
#172 = DIRECTION ( 'NONE',  ( 0.000000000000000000, 0.000000000000000000, 1.000000000000000000 ) ) ;
#173 = CARTESIAN_POINT ( 'NONE',  ( 9.515505629374934896E-15, 2.999999999999999112, 77.70000000000000284 ) ) ;
#174 = B_SPLINE_CURVE_WITH_KNOTS ( 'NONE', 3,
 ( #7151, #4554, #916, #1788, #6520, #3798, #2348, #5248, #3704, #280, #6480, #7229, #7188, #5924, #3072, #5116 ),
 .UNSPECIFIED., .F., .F.,
 ( 4, 2, 2, 2, 2, 2, 2, 4 ),
 ( -1.074445212797931989E-05, 0.0006067862582658780854, 0.001224316968659735355, 0.002459378389447450328, 0.003076909099841307598, 0.003694439810235165302, 0.004311970520629022571, 0.004929501231022879841 ),
 .UNSPECIFIED. ) ;
#175 = CARTESIAN_POINT ( 'NONE',  ( 36.39233713721883845, 69.25974143762186941, -21.69836968668635180 ) ) ;
#176 = DIRECTION ( 'NONE',  ( -0.9659258262890676461, 0.000000000000000000, -0.2588190451025229599 ) ) ;
#177 = CARTESIAN_POINT ( 'NONE',  ( 29.08220533150091924, 79.19034357934079082, -26.33864329639978408 ) ) ;
#178 = CARTESIAN_POINT ( 'NONE',  ( -26.90673326026322698, 71.00000000000000000, -67.60382907247965534 ) ) ;
#179 = EDGE_CURVE ( 'NONE', #5862, #4736, #7223, .T. ) ;
#180 = CARTESIAN_POINT ( 'NONE',  ( 24.86536258667021571, 46.48927481284903251, 71.66405716540840842 ) ) ;
#181 = CARTESIAN_POINT ( 'NONE',  ( -60.97048025357694456, 66.83309344415617659, -16.50072612793135818 ) ) ;
#182 =( BOUNDED_SURFACE ( )  B_SPLINE_SURFACE ( 3, 2, ( 
 ( #5713, #194, #776 ),
 ( #2253, #4336, #45 ),
 ( #6299, #2886, #5664 ),
 ( #2207, #1518, #5755 ),
 ( #825, #3467, #5021 ),
 ( #2106, #2061, #4824 ),
 ( #4978, #7738, #5566 ),
 ( #3612, #7635, #7784 ),
 ( #1563, #4288, #7588 ),
 ( #1373, #7059, #1421 ),
 ( #6395, #4194, #4145 ),
 ( #6920, #683, #6967 ) ),
 .UNSPECIFIED., .F., .F., .T. ) 
 B_SPLINE_SURFACE_WITH_KNOTS ( ( 4, 2, 2, 2, 2, 4 ),
 ( 3, 3 ),
 ( 0.04596579152697864712, 0.05469982312265931484, 0.05906683892049964524, 0.06343385471833998257, 0.07216788631402065723, 0.08090191790970131802 ),
 ( 0.000000000000000000, 1.000000000000000000 ),
 .UNSPECIFIED. ) 
 GEOMETRIC_REPRESENTATION_ITEM ( )  RATIONAL_B_SPLINE_SURFACE ( (
 ( 1.000000000000000000, 0.4470413949512943019, 1.000000000000000000),
 ( 1.000000000000000000, 0.4508719092566122466, 1.000000000000000000),
 ( 1.000000000000000000, 0.4535957092020723169, 1.000000000000000000),
 ( 1.000000000000000000, 0.4562964902213884621, 1.000000000000000000),
 ( 1.000000000000000000, 0.4569643652228632114, 1.000000000000000000),
 ( 1.000000000000000000, 0.4578526834176553928, 1.000000000000000000),
 ( 1.000000000000000000, 0.4580721740613405424, 1.000000000000000000),
 ( 1.000000000000000000, 0.4580613410299345656, 1.000000000000000000),
 ( 1.000000000000000000, 0.4571748802219663399, 1.000000000000000000),
 ( 1.000000000000000000, 0.4535762175706407606, 1.000000000000000000),
 ( 1.000000000000000000, 0.4508604777160247767, 1.000000000000000000),
 ( 1.000000000000000000, 0.4470422633554499425, 1.000000000000000000) ) ) 
 REPRESENTATION_ITEM ( '' )  SURFACE ( )  );
#183 = EDGE_CURVE ( 'NONE', #4723, #2443, #7859, .T. ) ;
#184 = CARTESIAN_POINT ( 'NONE',  ( -36.81588847877821991, 68.85403784749226475, -52.34944307867591107 ) ) ;
#185 = CARTESIAN_POINT ( 'NONE',  ( -18.80811186595823514, 69.87390944627894385, 60.57660534627731863 ) ) ;
#186 = CARTESIAN_POINT ( 'NONE',  ( 81.65440565160439235, 51.90857877530894626, -2.731459742792707868 ) ) ;
#187 = ORIENTED_EDGE ( 'NONE', *, *, #7872, .F. ) ;
#188 = DIRECTION ( 'NONE',  ( 0.8660254037844431485, 0.000000000000000000, -0.4999999999999922839 ) ) ;
#189 = VERTEX_POINT ( 'NONE', #1084 ) ;
#190 = CARTESIAN_POINT ( 'NONE',  ( -64.87171462065589367, 67.41452947052930256, 14.00000000000000178 ) ) ;
#191 = LINE ( 'NONE', #5063, #7980 ) ;
#192 = CARTESIAN_POINT ( 'NONE',  ( 73.30362169248485316, 47.53496888141326338, 15.25325298063736845 ) ) ;
#193 = CARTESIAN_POINT ( 'NONE',  ( 60.25896109168538572, 69.04857540238329250, -2.364491987692073359E-14 ) ) ;
#194 = CARTESIAN_POINT ( 'NONE',  ( 18.68648073971799306, 63.85709599279901738, 64.26689030936817915 ) ) ;
#195 = ORIENTED_EDGE ( 'NONE', *, *, #4323, .T. ) ;
#196 = CARTESIAN_POINT ( 'NONE',  ( 44.61365582388760487, 69.92061267400556801, 49.27311859836566299 ) ) ;
#197 = CARTESIAN_POINT ( 'NONE',  ( 62.32612144191248404, 67.19864238473653018, 14.60097118743593470 ) ) ;
#198 = VERTEX_POINT ( 'NONE', #6687 ) ;
#199 = CARTESIAN_POINT ( 'NONE',  ( -37.50495531079112510, 71.31128151840131579, 53.40203895002110102 ) ) ;
#200 = ORIENTED_EDGE ( 'NONE', *, *, #54, .T. ) ;
#201 = CARTESIAN_POINT ( 'NONE',  ( 75.46923561637342459, 50.02349546675423397, 14.00000000000000178 ) ) ;
#202 = EDGE_CURVE ( 'NONE', #4018, #1217, #1652, .T. ) ;
#203 = DIRECTION ( 'NONE',  ( -0.8660254037844387076, 0.000000000000000000, 0.4999999999999997224 ) ) ;
#204 = ORIENTED_EDGE ( 'NONE', *, *, #4474, .T. ) ;
#205 = CARTESIAN_POINT ( 'NONE',  ( -64.34502725870933659, 63.85246432331992139, 16.47027785670108457 ) ) ;
#206 = CARTESIAN_POINT ( 'NONE',  ( 50.24045474099099806, 45.99999999999999289, -59.01902020676037353 ) ) ;
#207 = EDGE_LOOP ( 'NONE', ( #4010, #2262, #162, #990 ) ) ;
#208 = CARTESIAN_POINT ( 'NONE',  ( 32.43492866021657051, 82.31840300510231145, -19.33523857989485961 ) ) ;
#209 = CARTESIAN_POINT ( 'NONE',  ( 39.89711431703025823, 71.00000000000000000, -60.10382907247939954 ) ) ;
#210 = CARTESIAN_POINT ( 'NONE',  ( 73.41525526195799500, 45.87307673031753552, -14.00000000000005151 ) ) ;
#211 = CARTESIAN_POINT ( 'NONE',  ( 23.87564434701720728, 80.99999999999998579, 69.35382907247979745 ) ) ;
#212 = CARTESIAN_POINT ( 'NONE',  ( 12.25000000000000355, 76.42166581354543098, 0.000000000000000000 ) ) ;
#213 = ORIENTED_EDGE ( 'NONE', *, *, #2826, .F. ) ;
#214 = CARTESIAN_POINT ( 'NONE',  ( -51.59461799496918388, 79.00149741535467740, 1.414742546134238137E-15 ) ) ;
#215 = CARTESIAN_POINT ( 'NONE',  ( 48.90842966887058196, 57.64672313975280105, 51.89662894927154468 ) ) ;
#216 = CARTESIAN_POINT ( 'NONE',  ( -12.12435565298215856, 80.99999999999998579, 6.999999999999972466 ) ) ;
#217 = CARTESIAN_POINT ( 'NONE',  ( -64.67147808505580997, 68.93822299895371941, 14.00000000000000000 ) ) ;
#218 = EDGE_CURVE ( 'NONE', #459, #4404, #3790, .T. ) ;
#219 = CARTESIAN_POINT ( 'NONE',  ( 12.12435565298216389, 60.99999999999988631, -6.999999999999960920 ) ) ;
#220 = CARTESIAN_POINT ( 'NONE',  ( 26.42528189877173617, 68.65059679230793677, -58.03173960813033005 ) ) ;
#221 = AXIS2_PLACEMENT_3D ( 'NONE', #4173, #2819, #1992 ) ;
#222 = DIRECTION ( 'NONE',  ( 0.4999999999999919509, -0.000000000000000000, 0.8660254037844432595 ) ) ;
#223 = CARTESIAN_POINT ( 'NONE',  ( -22.08666886393960738, 60.03922181403173397, -66.25523264222530884 ) ) ;
#224 = CARTESIAN_POINT ( 'NONE',  ( 31.36928883803733825, 78.77531176625959120, -25.72639806249448569 ) ) ;
#225 = CARTESIAN_POINT ( 'NONE',  ( 41.20748960536566585, 56.70006389424702320, 70.54788155012167294 ) ) ;
#226 = CARTESIAN_POINT ( 'NONE',  ( -70.35978047656563206, 55.95718616389152089, -16.39224145336687144 ) ) ;
#227 = CARTESIAN_POINT ( 'NONE',  ( -25.59050952162156989, 50.33324878643515632, 72.32406268302196395 ) ) ;
#228 = CARTESIAN_POINT ( 'NONE',  ( -24.34059815825365192, 57.39959067741811793, 70.15915269671108945 ) ) ;
#229 = CARTESIAN_POINT ( 'NONE',  ( 81.68482731617292814, 50.72910070458944887, -1.583723843213005855 ) ) ;
#230 = EDGE_LOOP ( 'NONE', ( #8432, #473, #5291, #5777 ) ) ;
#231 = CARTESIAN_POINT ( 'NONE',  ( -39.83943904344578613, 68.35783077697038834, -46.55134732476086867 ) ) ;
#232 = VERTEX_POINT ( 'NONE', #8040 ) ;
#233 = CARTESIAN_POINT ( 'NONE',  ( -49.99357256924184156, 48.24151529171869868, -58.59140774180901445 ) ) ;
#234 = DIRECTION ( 'NONE',  ( 0.5000000000000039968, 0.000000000000000000, -0.8660254037844363761 ) ) ;
#235 = CARTESIAN_POINT ( 'NONE',  ( 81.65109557527215145, 54.90627266179787114, 2.827465945634878519 ) ) ;
#236 = CARTESIAN_POINT ( 'NONE',  ( 32.14103911977606742, 79.66899460364746233, -19.92144584211913383 ) ) ;
#237 = EDGE_CURVE ( 'NONE', #3182, #5998, #2355, .T. ) ;
#238 = DIRECTION ( 'NONE',  ( 0.4999999999999919509, 0.000000000000000000, 0.8660254037844432595 ) ) ;
#239 = ORIENTED_EDGE ( 'NONE', *, *, #5147, .T. ) ;
#240 = ADVANCED_FACE ( 'NONE', ( #2426, #3066 ), #6566, .F. ) ;
#241 = CARTESIAN_POINT ( 'NONE',  ( 44.22477873054379671, 68.25930828242513826, 48.59956371479448478 ) ) ;
#242 = DIRECTION ( 'NONE',  ( -0.4999999999999980016, 0.000000000000000000, -0.8660254037844398178 ) ) ;
#243 = EDGE_LOOP ( 'NONE', ( #1898, #19, #6057, #4153, #4008, #870, #7307, #5666, #6926, #4642, #1333, #2461 ) ) ;
#244 = CARTESIAN_POINT ( 'NONE',  ( 44.62435565298167717, 70.33830226810667341, 49.29165124598891623 ) ) ;
#245 = EDGE_LOOP ( 'NONE', ( #4718, #7802, #4619, #7054 ) ) ;
#246 = CARTESIAN_POINT ( 'NONE',  ( -39.40080135364993907, 68.96597822076714124, 51.32175083969927698 ) ) ;
#247 = CARTESIAN_POINT ( 'NONE',  ( -47.50592715604384608, 56.26540278046238086, -54.28267949494816236 ) ) ;
#248 = ORIENTED_EDGE ( 'NONE', *, *, #2414, .T. ) ;
#249 = CARTESIAN_POINT ( 'NONE',  ( 28.57857792819967457, 71.37356801941000128, -58.55568533474859549 ) ) ;
#250 = CIRCLE ( 'NONE', #5334, 2.500000000000000888 ) ;
#251 = EDGE_CURVE ( 'NONE', #3458, #5541, #3487, .T. ) ;
#252 = DIRECTION ( 'NONE',  ( 0.000000000000000000, 0.000000000000000000, 1.000000000000000000 ) ) ;
#253 = CARTESIAN_POINT ( 'NONE',  ( 52.25859997505607879, 72.30170309110776827, -23.37074201914607485 ) ) ;
#254 = ADVANCED_FACE ( 'NONE', ( #357 ), #8001, .T. ) ;
#255 = CARTESIAN_POINT ( 'NONE',  ( -28.15991423798844195, 69.84325152652395730, 58.32958531550716685 ) ) ;
#256 = CARTESIAN_POINT ( 'NONE',  ( 63.40701041272414784, 65.33113625352002884, -14.00000000001512923 ) ) ;
#257 = CARTESIAN_POINT ( 'NONE',  ( 45.20644746071413778, 66.12567138046952664, -45.31269782914891664 ) ) ;
#258 = CARTESIAN_POINT ( 'NONE',  ( -50.07336245451501355, 47.93260228642027698, 55.43212596169096429 ) ) ;
#259 = ORIENTED_EDGE ( 'NONE', *, *, #6138, .F. ) ;
#260 = CARTESIAN_POINT ( 'NONE',  ( -28.59115078230985674, 71.00000000002407319, 58.52132580182182409 ) ) ;
#261 = CARTESIAN_POINT ( 'NONE',  ( 38.46284172475444052, 55.09356395298672027, -72.07990346126095460 ) ) ;
#262 = EDGE_LOOP ( 'NONE', ( #2275, #5228, #7592, #4383 ) ) ;
#263 = CARTESIAN_POINT ( 'NONE',  ( 41.78572573259914691, 67.81936671805857486, -18.22500000000005471 ) ) ;
#264 = EDGE_CURVE ( 'NONE', #2881, #232, #401, .T. ) ;
#265 = AXIS2_PLACEMENT_3D ( 'NONE', #5326, #6690, #8679 ) ;
#266 = ORIENTED_EDGE ( 'NONE', *, *, #7618, .T. ) ;
#267 = DIRECTION ( 'NONE',  ( 8.949944318576885364E-17, 1.000000000000000000, 0.000000000000000000 ) ) ;
#268 = CARTESIAN_POINT ( 'NONE',  ( 30.96941684144934470, 77.66046559121936355, -30.73247909852823412 ) ) ;
#269 = CARTESIAN_POINT ( 'NONE',  ( -36.42142207180589253, 71.37356801940973128, 54.02761715722519398 ) ) ;
#270 = ADVANCED_FACE ( 'NONE', ( #3349 ), #6092, .F. ) ;
#271 = DIRECTION ( 'NONE',  ( 0.000000000000000000, 0.000000000000000000, -1.000000000000000000 ) ) ;
#272 = DIRECTION ( 'NONE',  ( 1.000000000000000000, -0.000000000000000000, 0.000000000000000000 ) ) ;
#273 = CARTESIAN_POINT ( 'NONE',  ( -39.98198824399794660, 69.38643680411232140, -51.41815136327883096 ) ) ;
#274 = CARTESIAN_POINT ( 'NONE',  ( 81.68824624371274012, 50.62754124464514405, -1.398802225376452713 ) ) ;
#275 = CARTESIAN_POINT ( 'NONE',  ( -42.21591769871196220, 67.94542186847932896, -45.16222943547834490 ) ) ;
#276 = CIRCLE ( 'NONE', #6235, 2.500000000000005329 ) ;
#277 = CARTESIAN_POINT ( 'NONE',  ( -74.24179247254404856, 54.48432739547293835, 14.00000000000000888 ) ) ;
#278 = AXIS2_PLACEMENT_3D ( 'NONE', #3985, #6800, #6171 ) ;
#279 = CARTESIAN_POINT ( 'NONE',  ( -21.59518716393220927, 53.31457523385763153, -70.14615027831898431 ) ) ;
#280 = CARTESIAN_POINT ( 'NONE',  ( 49.62233721925022678, 46.58990982170580963, 57.18430820427169436 ) ) ;
#281 = CARTESIAN_POINT ( 'NONE',  ( 29.78585283669349693, 80.37010564981029859, -18.96751249282067420 ) ) ;
#282 = CARTESIAN_POINT ( 'NONE',  ( -81.99999999999998579, 53.49999999999999289, 0.000000000000000000 ) ) ;
#283 = CONICAL_SURFACE ( 'NONE', #3060, 3.500000000000005773, 0.7853981633974482790 ) ;
#284 = CARTESIAN_POINT ( 'NONE',  ( -65.00000000000000000, 70.96746529199602094, 9.499788289590759049 ) ) ;
#285 = AXIS2_PLACEMENT_3D ( 'NONE', #430, #5308, #3897 ) ;
#286 = CARTESIAN_POINT ( 'NONE',  ( -60.20053056545826564, 67.42165079097325986, -16.50659709052886370 ) ) ;
#287 = LINE ( 'NONE', #4928, #4931 ) ;
#288 = EDGE_LOOP ( 'NONE', ( #6276, #4236, #1076, #7007 ) ) ;
#289 = CARTESIAN_POINT ( 'NONE',  ( -23.17427348496660144, 64.91731202448325178, 61.67586195980098296 ) ) ;
#290 = VECTOR ( 'NONE', #1588, 1000.000000000000000 ) ;
#291 = ORIENTED_EDGE ( 'NONE', *, *, #626, .F. ) ;
#292 = CARTESIAN_POINT ( 'NONE',  ( 34.59667597584864041, 79.86292948912529255, -13.30504870601057199 ) ) ;
#293 = CARTESIAN_POINT ( 'NONE',  ( 50.10143115645056611, 46.00941022204251851, 58.77822429488811906 ) ) ;
#294 = CARTESIAN_POINT ( 'NONE',  ( 63.89768832408485366, 64.29485628078595028, 16.47483932149080132 ) ) ;
#295 = VECTOR ( 'NONE', #8947, 1000.000000000000000 ) ;
#296 = EDGE_LOOP ( 'NONE', ( #7594, #98 ) ) ;
#297 = CARTESIAN_POINT ( 'NONE',  ( 29.83014459666704354, 78.48263517641726139, -28.62777978351752850 ) ) ;
#298 = FACE_OUTER_BOUND ( 'NONE', #3242, .T. ) ;
#299 = EDGE_CURVE ( 'NONE', #3666, #1133, #8835, .T. ) ;
#300 = CARTESIAN_POINT ( 'NONE',  ( 44.01025694748699379, 67.84252944039390343, 48.18451567697726290 ) ) ;
#301 = AXIS2_PLACEMENT_3D ( 'NONE', #2464, #3233, #4665 ) ;
#302 = CARTESIAN_POINT ( 'NONE',  ( -49.84816189516607920, 46.10331055350754781, -58.29707188652116656 ) ) ;
#303 = CARTESIAN_POINT ( 'NONE',  ( 75.08324980881765498, 51.79954327710279216, -13.99999999999995381 ) ) ;
#304 = EDGE_CURVE ( 'NONE', #4736, #5165, #5960, .T. ) ;
#305 = CARTESIAN_POINT ( 'NONE',  ( -81.99999999999998579, 53.49999999999999289, 2.499999999999998668 ) ) ;
#306 = EDGE_CURVE ( 'NONE', #4119, #7509, #1293, .T. ) ;
#307 = DIRECTION ( 'NONE',  ( 0.9659258262890695335, 8.659560562354934091E-17, -0.2588190451025162431 ) ) ;
#308 = VERTEX_POINT ( 'NONE', #793 ) ;
#309 = CARTESIAN_POINT ( 'NONE',  ( -27.27275866404859883, 71.00000000000000000, 66.23780366869483771 ) ) ;
#310 = CARTESIAN_POINT ( 'NONE',  ( 46.21647353771980704, 64.29485628078596449, 47.09960167101282735 ) ) ;
#311 = CARTESIAN_POINT ( 'NONE',  ( 43.27412421144496335, 52.09347418846644473, 69.29824071548108577 ) ) ;
#312 = ORIENTED_EDGE ( 'NONE', *, *, #670, .T. ) ;
#313 = CARTESIAN_POINT ( 'NONE',  ( -64.99206548474317913, 71.12363490468462146, -4.499999999999903189 ) ) ;
#314 = ORIENTED_EDGE ( 'NONE', *, *, #7671, .T. ) ;
#315 = CARTESIAN_POINT ( 'NONE',  ( -48.29471644351151127, 58.46542898070119776, 55.64890261729228627 ) ) ;
#316 = CARTESIAN_POINT ( 'NONE',  ( 0.000000000000000000, 8.999999999999994671, -66.70000000000000284 ) ) ;
#317 = CARTESIAN_POINT ( 'NONE',  ( 41.55418524972427718, 74.48017832670942084, -34.64323194973729159 ) ) ;
#318 = CARTESIAN_POINT ( 'NONE',  ( -81.66557736493483333, 55.60223625385894763, -2.375761799358834914 ) ) ;
#319 = CARTESIAN_POINT ( 'NONE',  ( 50.45392411361106610, 49.58324814417439086, -54.68848251784006465 ) ) ;
#320 = EDGE_CURVE ( 'NONE', #7034, #5379, #2466, .T. ) ;
#321 = CARTESIAN_POINT ( 'NONE',  ( -44.62435565298201823, 80.99999999999998579, -49.29165124598860359 ) ) ;
#322 = CARTESIAN_POINT ( 'NONE',  ( -17.37964762039207400, 67.11011901865586537, -60.77105976821530220 ) ) ;
#323 = CARTESIAN_POINT ( 'NONE',  ( 24.32479699144576557, 57.41502476473657168, 70.13178427298397821 ) ) ;
#324 = CARTESIAN_POINT ( 'NONE',  ( -27.70692506288962065, 69.01500649860402348, -53.58308262133673594 ) ) ;
#325 = CARTESIAN_POINT ( 'NONE',  ( -44.22478495289274036, 68.25932009823505098, 48.59957449221631975 ) ) ;
#326 = CARTESIAN_POINT ( 'NONE',  ( -44.32471371813065986, 67.36105576203952694, 44.06869553903177206 ) ) ;
#327 = CARTESIAN_POINT ( 'NONE',  ( -21.67101805015347793, 70.59079725910042669, -62.54376688978194210 ) ) ;
#328 = DIRECTION ( 'NONE',  ( 0.5000000000000039968, -0.000000000000000000, -0.8660254037844363761 ) ) ;
#329 = CARTESIAN_POINT ( 'NONE',  ( 73.60619843565861231, 55.96612926941605792, -14.00000000000002309 ) ) ;
#330 = CARTESIAN_POINT ( 'NONE',  ( -24.58665282515254802, 46.94028658334304538, 70.58533188131980296 ) ) ;
#331 = DIRECTION ( 'NONE',  ( 0.000000000000000000, 0.000000000000000000, -1.000000000000000000 ) ) ;
#332 = ORIENTED_EDGE ( 'NONE', *, *, #6715, .F. ) ;
#333 = DIRECTION ( 'NONE',  ( -0.000000000000000000, -1.000000000000000000, -0.000000000000000000 ) ) ;
#334 = ORIENTED_EDGE ( 'NONE', *, *, #6179, .F. ) ;
#335 = CARTESIAN_POINT ( 'NONE',  ( -39.08294427622361411, 68.80615214901965260, 51.27750068079116375 ) ) ;
#336 = CARTESIAN_POINT ( 'NONE',  ( 41.73300183135797425, 50.46746780298369828, -70.23733107206096804 ) ) ;
#337 = CARTESIAN_POINT ( 'NONE',  ( -72.71679280154886271, 48.61675045524525984, 16.34738703895265743 ) ) ;
#338 = CARTESIAN_POINT ( 'NONE',  ( 42.15365469960830325, 64.45006865383960815, -30.02499999999931291 ) ) ;
#339 = PLANE ( 'NONE',  #2575 ) ;
#340 = CARTESIAN_POINT ( 'NONE',  ( 46.43619266064611395, 63.85246432331319255, -47.48928928490344248 ) ) ;
#341 = CARTESIAN_POINT ( 'NONE',  ( -49.86151541782575691, 47.53496888141327048, 55.85617208477664519 ) ) ;
#342 = VERTEX_POINT ( 'NONE', #63 ) ;
#343 = DIRECTION ( 'NONE',  ( 1.000000000000000000, -0.000000000000000000, 0.000000000000000000 ) ) ;
#344 = CARTESIAN_POINT ( 'NONE',  ( -73.09813573234846729, 49.60266825055047235, -14.00000000001044320 ) ) ;
#345 = DIRECTION ( 'NONE',  ( -0.5000000000000101030, 0.000000000000000000, 0.8660254037844328234 ) ) ;
#346 = EDGE_CURVE ( 'NONE', #1844, #8176, #5370, .T. ) ;
#347 = CARTESIAN_POINT ( 'NONE',  ( -72.00000000000000000, 71.00000000000000000, 7.000000000000005329 ) ) ;
#348 = ORIENTED_EDGE ( 'NONE', *, *, #6698, .F. ) ;
#349 = CARTESIAN_POINT ( 'NONE',  ( -47.57717111666333665, 61.45732291407111347, 49.51496397482501521 ) ) ;
#350 = CARTESIAN_POINT ( 'NONE',  ( 41.93405372415209342, 72.25741546843502761, -35.95098510799196134 ) ) ;
#351 = CARTESIAN_POINT ( 'NONE',  ( -81.67746455815189677, 56.03539677132619090, -1.926372123027642713 ) ) ;
#352 = CARTESIAN_POINT ( 'NONE',  ( 37.38393437045631629, 68.52742641648097788, -51.51085068692292879 ) ) ;
#353 = CONICAL_SURFACE ( 'NONE', #6617, 3.500000000000003109, 0.7853981633974482790 ) ;
#354 = EDGE_CURVE ( 'NONE', #1568, #7643, #8293, .T. ) ;
#355 = CYLINDRICAL_SURFACE ( 'NONE', #6668, 66.70000000000000284 ) ;
#356 = EDGE_CURVE ( 'NONE', #3306, #459, #3126, .T. ) ;
#357 = FACE_OUTER_BOUND ( 'NONE', #1891, .T. ) ;
#358 = CARTESIAN_POINT ( 'NONE',  ( 42.06217782649135017, 71.00000000000000000, -58.85382907247939244 ) ) ;
#359 = DIRECTION ( 'NONE',  ( 0.000000000000000000, -1.000000000000000000, -0.000000000000000000 ) ) ;
#360 = CARTESIAN_POINT ( 'NONE',  ( 75.81746117496030024, 46.02785684633895613, -14.00000000000000000 ) ) ;
#361 = CARTESIAN_POINT ( 'NONE',  ( -47.97821099300281134, 54.28634147767800044, -55.10069909612718675 ) ) ;
#362 = CARTESIAN_POINT ( 'NONE',  ( 25.15986293691238629, 46.30971102074839507, -71.89202640447523152 ) ) ;
#363 = CARTESIAN_POINT ( 'NONE',  ( 81.63965085961430646, 53.70650766570643952, -3.139650859614321554 ) ) ;
#364 = AXIS2_PLACEMENT_3D ( 'NONE', #1832, #7449, #331 ) ;
#365 = ORIENTED_EDGE ( 'NONE', *, *, #4633, .T. ) ;
#366 = CARTESIAN_POINT ( 'NONE',  ( -72.00000000000000000, 71.00000000000000000, 7.000000000000005329 ) ) ;
#367 = VERTEX_POINT ( 'NONE', #651 ) ;
#368 = DIRECTION ( 'NONE',  ( -0.5000000000000101030, 0.000000000000000000, 0.8660254037844328234 ) ) ;
#369 = AXIS2_PLACEMENT_3D ( 'NONE', #452, #2599, #3319 ) ;
#370 = ORIENTED_EDGE ( 'NONE', *, *, #4256, .F. ) ;
#371 = CARTESIAN_POINT ( 'NONE',  ( 60.25305214761630168, 68.88195304293390109, 5.542621302865715194 ) ) ;
#372 = ORIENTED_EDGE ( 'NONE', *, *, #306, .F. ) ;
#373 = CARTESIAN_POINT ( 'NONE',  ( 29.25573244359312142, 80.23964795736493727, -20.57588131604836690 ) ) ;
#374 = CARTESIAN_POINT ( 'NONE',  ( 44.95988801691716219, 66.68505529899965723, -49.87281034790709811 ) ) ;
#375 = CARTESIAN_POINT ( 'NONE',  ( 35.11544219401760358, 71.45243200156991747, -54.78162499122253593 ) ) ;
#376 = CYLINDRICAL_SURFACE ( 'NONE', #2551, 2.500000000000004441 ) ;
#377 = DIRECTION ( 'NONE',  ( -0.000000000000000000, -1.000000000000000000, -0.000000000000000000 ) ) ;
#378 = CIRCLE ( 'NONE', #5462, 77.70000000000000284 ) ;
#379 = B_SPLINE_CURVE_WITH_KNOTS ( 'NONE', 3,
 ( #1508, #6471, #7004, #227, #3555, #8410, #3016, #5788, #8550, #2342, #6175, #6854, #2717, #1296, #5879, #8200, #4549, #8642 ),
 .UNSPECIFIED., .F., .F.,
 ( 4, 2, 2, 2, 2, 2, 2, 2, 4 ),
 ( 0.000000000000000000, 0.003241508590931766343, 0.006483017181863532687, 0.009724525772795299464, 0.01134528006826117548, 0.01296603436372705150, 0.01944905154559051566, 0.02269056013652223647, 0.02593206872745395380 ),
 .UNSPECIFIED. ) ;
#380 = CARTESIAN_POINT ( 'NONE',  ( 25.78437493449733964, 46.02785684633894903, 72.65984742795623674 ) ) ;
#381 = CARTESIAN_POINT ( 'NONE',  ( -64.04942235729440370, 68.11553659766630631, 14.00000000000000000 ) ) ;
#382 = VERTEX_POINT ( 'NONE', #6217 ) ;
#383 = DIRECTION ( 'NONE',  ( -0.9659258262890676461, 0.000000000000000000, -0.2588190451025229599 ) ) ;
#384 = CARTESIAN_POINT ( 'NONE',  ( -67.01606875056553747, 61.76078178282174491, -13.99999999997094591 ) ) ;
#385 = CARTESIAN_POINT ( 'NONE',  ( -43.82405846928296000, 67.36036662748426807, -47.28259007551324800 ) ) ;
#386 = ORIENTED_EDGE ( 'NONE', *, *, #4442, .F. ) ;
#387 = DIRECTION ( 'NONE',  ( 0.000000000000000000, 1.000000000000000000, 0.000000000000000000 ) ) ;
#388 = CARTESIAN_POINT ( 'NONE',  ( 27.38909291507222576, 69.11826310527094108, -58.13362373065078970 ) ) ;
#389 = B_SPLINE_CURVE_WITH_KNOTS ( 'NONE', 3,
 ( #2795, #2159, #7016, #8327, #778, #4733, #2063, #2017, #4105, #4777, #7639, #1277, #640, #6205, #7590, #4873, #1376, #4062, #734, #1423, #6922, #3569, #6842, #8913, #4927, #8956, #2747, #685, #2109, #4197, #827, #3748, #2889, #2987, #921, #153, #1520, #2303 ),
 .UNSPECIFIED., .F., .F.,
 ( 4, 2, 2, 2, 2, 2, 2, 2, 2, 2, 2, 2, 2, 2, 2, 2, 2, 2, 4 ),
 ( 0.0003740696040165266138, 0.0009122905825379879624, 0.001450511561059449365, 0.001988732539580910768, 0.002526953518102372388, 0.003065174496623834007, 0.003603395475145295193, 0.004141616453666756813, 0.004410726942927487189, 0.004679837432188217565, 0.004948947921448948808, 0.005218058410709679185, 0.005756279389231116518, 0.006294500367752553852, 0.006832721346273991185, 0.007370942324795429386, 0.007909163303316866719, 0.008447384281838304920, 0.008985605260359741386 ),
 .UNSPECIFIED. ) ;
#390 = PLANE ( 'NONE',  #1754 ) ;
#391 = B_SPLINE_CURVE_WITH_KNOTS ( 'NONE', 3,
 ( #3646, #5005, #1501, #4223 ),
 .UNSPECIFIED., .F., .F.,
 ( 4, 4 ),
 ( 5.930039991318292298E-16, 0.004536617054218355233 ),
 .UNSPECIFIED. ) ;
#392 = ORIENTED_EDGE ( 'NONE', *, *, #1645, .T. ) ;
#393 = EDGE_LOOP ( 'NONE', ( #8562, #1286, #6977, #1638 ) ) ;
#394 = CARTESIAN_POINT ( 'NONE',  ( -50.40389004036578058, 50.03241630556789943, 54.59745953698979548 ) ) ;
#395 = CARTESIAN_POINT ( 'NONE',  ( -19.74746494592155344, 68.39397752115087314, -62.20361260702177475 ) ) ;
#396 = CARTESIAN_POINT ( 'NONE',  ( 49.68503721610959900, 70.20479117075824149, -31.05336690603857264 ) ) ;
#397 = CARTESIAN_POINT ( 'NONE',  ( -81.67346754620729143, 55.89961341370761261, 2.086972653226913721 ) ) ;
#398 = CARTESIAN_POINT ( 'NONE',  ( 40.33726522518443858, 69.78750414715347006, -51.48046431515535915 ) ) ;
#399 = EDGE_CURVE ( 'NONE', #837, #5385, #1747, .T. ) ;
#400 = CARTESIAN_POINT ( 'NONE',  ( -24.45284263521488555, 69.64573361806579044, 60.56873594599387900 ) ) ;
#401 = LINE ( 'NONE', #3191, #8256 ) ;
#402 = CYLINDRICAL_SURFACE ( 'NONE', #69, 2.499999999999998668 ) ;
#403 = DIRECTION ( 'NONE',  ( 0.5000000000000041078, -0.000000000000000000, -0.8660254037844363761 ) ) ;
#404 = ADVANCED_FACE ( 'NONE', ( #3440 ), #7992, .F. ) ;
#405 = LINE ( 'NONE', #3194, #6102 ) ;
#406 = CYLINDRICAL_SURFACE ( 'NONE', #3061, 2.499999999999999556 ) ;
#407 = CARTESIAN_POINT ( 'NONE',  ( 81.63965085961433488, 53.70766279358401363, 3.139650859614330880 ) ) ;
#408 = ORIENTED_EDGE ( 'NONE', *, *, #1227, .T. ) ;
#409 = CARTESIAN_POINT ( 'NONE',  ( 8.465450562766808523E-14, 60.99999999999988631, 14.00000000000000000 ) ) ;
#410 = FACE_OUTER_BOUND ( 'NONE', #230, .T. ) ;
#411 = CONICAL_SURFACE ( 'NONE', #7514, 6.999999999999999112, 0.7853981633974482790 ) ;
#412 = VECTOR ( 'NONE', #5530, 1000.000000000000000 ) ;
#413 = DIRECTION ( 'NONE',  ( -0.4999999999999919509, 0.000000000000000000, -0.8660254037844432595 ) ) ;
#414 = ORIENTED_EDGE ( 'NONE', *, *, #3491, .F. ) ;
#415 = FACE_BOUND ( 'NONE', #7787, .T. ) ;
#416 = ORIENTED_EDGE ( 'NONE', *, *, #5211, .F. ) ;
#417 = CARTESIAN_POINT ( 'NONE',  ( 41.53099301850886604, 77.86275744073668648, -11.44155040366499776 ) ) ;
#418 = CARTESIAN_POINT ( 'NONE',  ( 23.52231190020024698, 60.24613397907616275, -68.74183932262822339 ) ) ;
#419 = CARTESIAN_POINT ( 'NONE',  ( 41.78572573259913980, 82.99999999999998579, -24.12500000000006040 ) ) ;
#420 = EDGE_CURVE ( 'NONE', #3293, #777, #1048, .T. ) ;
#421 = CARTESIAN_POINT ( 'NONE',  ( 51.70931896303899578, 72.61750168570176811, -17.54928009200219918 ) ) ;
#422 = FACE_OUTER_BOUND ( 'NONE', #4532, .T. ) ;
#423 = AXIS2_PLACEMENT_3D ( 'NONE', #8539, #2909, #6277 ) ;
#424 = AXIS2_PLACEMENT_3D ( 'NONE', #2581, #7512, #5351 ) ;
#425 = ORIENTED_EDGE ( 'NONE', *, *, #7014, .T. ) ;
#426 = CARTESIAN_POINT ( 'NONE',  ( 44.65336037524720325, 63.77279572263802265, 49.34188889862583238 ) ) ;
#427 = AXIS2_PLACEMENT_3D ( 'NONE', #5749, #959, #188 ) ;
#428 = CARTESIAN_POINT ( 'NONE',  ( -24.41475728295070979, 69.78750414715345585, -60.67332856177797851 ) ) ;
#429 = ORIENTED_EDGE ( 'NONE', *, *, #1305, .F. ) ;
#430 = CARTESIAN_POINT ( 'NONE',  ( 72.00000000000000000, 71.00000000000000000, 7.000000000000000000 ) ) ;
#431 = CARTESIAN_POINT ( 'NONE',  ( 42.06217782649135017, 71.00000000000000000, -58.85382907247939244 ) ) ;
#432 = CARTESIAN_POINT ( 'NONE',  ( -43.93945006946559317, 67.11011714587897359, -45.43678748035145532 ) ) ;
#433 = ORIENTED_EDGE ( 'NONE', *, *, #7246, .F. ) ;
#434 = CARTESIAN_POINT ( 'NONE',  ( -65.00000000000000000, 71.37356801940973128, -4.528068177525805815 ) ) ;
#435 = AXIS2_PLACEMENT_3D ( 'NONE', #7513, #2122, #1243 ) ;
#436 = DIRECTION ( 'NONE',  ( -0.5000000000000039968, 0.000000000000000000, 0.8660254037844363761 ) ) ;
#437 = AXIS2_PLACEMENT_3D ( 'NONE', #6732, #5970, #6691 ) ;
#438 = DIRECTION ( 'NONE',  ( 0.000000000000000000, 0.000000000000000000, 1.000000000000000000 ) ) ;
#439 = VERTEX_POINT ( 'NONE', #2110 ) ;
#440 = ORIENTED_EDGE ( 'NONE', *, *, #6326, .T. ) ;
#441 = CARTESIAN_POINT ( 'NONE',  ( -47.97821099300742986, 54.28634147770453922, 55.10069909613841332 ) ) ;
#442 = CARTESIAN_POINT ( 'NONE',  ( 19.90035552566450505, 68.11553659766627788, 62.46842685913616577 ) ) ;
#443 = AXIS2_PLACEMENT_3D ( 'NONE', #6482, #7153, #3802 ) ;
#444 = CARTESIAN_POINT ( 'NONE',  ( 50.61922909325736697, 71.15138449035046619, -29.81257314068078657 ) ) ;
#445 = CARTESIAN_POINT ( 'NONE',  ( -72.00000000000000000, 0.000000000000000000, -14.00000000000000000 ) ) ;
#446 = CARTESIAN_POINT ( 'NONE',  ( -50.03242217358202026, 47.11467724965587678, -58.65869723038007066 ) ) ;
#447 = CARTESIAN_POINT ( 'NONE',  ( -64.99999999999998579, 80.99999999999998579, -14.00000000000000000 ) ) ;
#448 = CARTESIAN_POINT ( 'NONE',  ( -25.61026215520283955, 50.02349546675423397, -72.35827524797015542 ) ) ;
#449 = FACE_OUTER_BOUND ( 'NONE', #4436, .T. ) ;
#450 = CARTESIAN_POINT ( 'NONE',  ( 0.000000000000000000, 0.000000000000000000, 0.000000000000000000 ) ) ;
#451 = CARTESIAN_POINT ( 'NONE',  ( 60.97048025357695877, 66.83309344415620501, -16.50072612793134397 ) ) ;
#452 = CARTESIAN_POINT ( 'NONE',  ( -29.93782217350969077, 71.00000000000000000, 65.85382907247922901 ) ) ;
#453 = ORIENTED_EDGE ( 'NONE', *, *, #4695, .T. ) ;
#454 = CARTESIAN_POINT ( 'NONE',  ( -63.29192872668554060, 68.50083817214022019, -6.889728474705357542 ) ) ;
#455 = EDGE_CURVE ( 'NONE', #4739, #8059, #4637, .T. ) ;
#456 = EDGE_CURVE ( 'NONE', #3619, #6711, #3536, .T. ) ;
#457 = DIRECTION ( 'NONE',  ( -0.9659258262890713098, 8.659560562354932858E-17, 0.2588190451025094707 ) ) ;
#458 = CARTESIAN_POINT ( 'NONE',  ( 48.12435565298162032, 60.99999999999999289, 55.35382907248002482 ) ) ;
#459 = VERTEX_POINT ( 'NONE', #551 ) ;
#460 = CARTESIAN_POINT ( 'NONE',  ( 12.24999999999999822, 76.42166581354543098, -3.000384657911015469E-15 ) ) ;
#461 = ORIENTED_EDGE ( 'NONE', *, *, #5594, .F. ) ;
#462 = CARTESIAN_POINT ( 'NONE',  ( 64.99999999999998579, 71.00000000000000000, 7.000000000000000000 ) ) ;
#463 = CARTESIAN_POINT ( 'NONE',  ( 25.78371086761821118, 47.11467724965589099, -72.65869723037987171 ) ) ;
#464 = CARTESIAN_POINT ( 'NONE',  ( 36.31071512680282609, 74.75415042928037224, -35.05125872628133266 ) ) ;
#465 = LINE ( 'NONE', #1271, #3275 ) ;
#466 = CARTESIAN_POINT ( 'NONE',  ( 20.40464906928600897, 63.77279572263782370, 63.34188889862577554 ) ) ;
#467 = EDGE_CURVE ( 'NONE', #8435, #2579, #3861, .T. ) ;
#468 = EDGE_CURVE ( 'NONE', #6791, #382, #1884, .T. ) ;
#469 = DIRECTION ( 'NONE',  ( 0.7071067811865474617, 0.000000000000000000, -0.7071067811865474617 ) ) ;
#470 = VERTEX_POINT ( 'NONE', #2842 ) ;
#471 = DIRECTION ( 'NONE',  ( 0.000000000000000000, -1.000000000000000000, 0.000000000000000000 ) ) ;
#472 = CARTESIAN_POINT ( 'NONE',  ( -72.48473196131031671, 50.03241630556109953, -16.35231945602055958 ) ) ;
#473 = ORIENTED_EDGE ( 'NONE', *, *, #966, .F. ) ;
#474 = CARTESIAN_POINT ( 'NONE',  ( 32.52345091702424895, 69.01561503458026436, -50.80228491918825284 ) ) ;
#475 = CARTESIAN_POINT ( 'NONE',  ( -81.99999999999998579, 53.49999999999999289, 3.500000000000003109 ) ) ;
#476 = CARTESIAN_POINT ( 'NONE',  ( 48.12435565298240192, 0.000000000000000000, -55.35382907247937112 ) ) ;
#477 = CARTESIAN_POINT ( 'NONE',  ( -25.78437493449784768, 46.02785684633894903, -72.65984742795606621 ) ) ;
#478 = ORIENTED_EDGE ( 'NONE', *, *, #8742, .F. ) ;
#479 = ORIENTED_EDGE ( 'NONE', *, *, #5783, .F. ) ;
#480 = CARTESIAN_POINT ( 'NONE',  ( -60.32435370986139844, 67.35917425946301762, 16.35246386188219248 ) ) ;
#481 = CARTESIAN_POINT ( 'NONE',  ( -16.19536830033061037, 66.83697915471977069, -61.05274856319006460 ) ) ;
#482 = EDGE_CURVE ( 'NONE', #2015, #4938, #7670, .T. ) ;
#483 = CARTESIAN_POINT ( 'NONE',  ( 51.96793976772241308, 69.49646422167124626, -29.23525363306960756 ) ) ;
#484 = CARTESIAN_POINT ( 'NONE',  ( -81.64337989402532969, 54.32095182467808314, 3.041392785340081062 ) ) ;
#485 = CARTESIAN_POINT ( 'NONE',  ( -48.81395609591929485, 56.45424203979324318, -56.54825207656909924 ) ) ;
#486 = CARTESIAN_POINT ( 'NONE',  ( 31.31710157795297178, 81.48699651356143647, -24.93611547190164757 ) ) ;
#487 = CARTESIAN_POINT ( 'NONE',  ( -24.27294201064119505, 70.96746529199602094, 61.04154539078361807 ) ) ;
#488 = CARTESIAN_POINT ( 'NONE',  ( 25.47544457034584653, 51.39785929380892071, 72.12476434124512537 ) ) ;
#489 = LINE ( 'NONE', #3878, #1885 ) ;
#490 = B_SPLINE_CURVE_WITH_KNOTS ( 'NONE', 3,
 ( #2665, #6714, #8191, #1974 ),
 .UNSPECIFIED., .F., .F.,
 ( 4, 4 ),
 ( 0.02354415749652201406, 0.02807886266299668143 ),
 .UNSPECIFIED. ) ;
#491 = CARTESIAN_POINT ( 'NONE',  ( 65.94569034573784450, 62.25354003921475510, -16.45378025840366831 ) ) ;
#492 = CARTESIAN_POINT ( 'NONE',  ( -73.50215154756890001, 53.49999999999999289, 0.000000000000000000 ) ) ;
#493 = CARTESIAN_POINT ( 'NONE',  ( -43.52233605682412332, 53.08762697158142885, -69.14259045752000077 ) ) ;
#494 = CARTESIAN_POINT ( 'NONE',  ( 46.31351926028158772, 63.85709599279895343, -48.31641218260877935 ) ) ;
#495 = ORIENTED_EDGE ( 'NONE', *, *, #3960, .T. ) ;
#496 = CARTESIAN_POINT ( 'NONE',  ( -23.87564434701769400, 0.000000000000000000, -69.35382907247964113 ) ) ;
#497 = VECTOR ( 'NONE', #4598, 1000.000000000000000 ) ;
#498 = VERTEX_POINT ( 'NONE', #2064 ) ;
#499 = CARTESIAN_POINT ( 'NONE',  ( 24.35003843953726133, 70.09497369518282994, 60.84871556619982869 ) ) ;
#500 = CARTESIAN_POINT ( 'NONE',  ( -64.99999999999998579, 71.00000000000000000, 7.000000000000005329 ) ) ;
#501 = EDGE_CURVE ( 'NONE', #4861, #4399, #1970, .T. ) ;
#502 = CYLINDRICAL_SURFACE ( 'NONE', #2906, 2.500000000000005329 ) ;
#503 = CARTESIAN_POINT ( 'NONE',  ( 49.29456597699790876, 75.73332967798710058, -16.77815316632000275 ) ) ;
#504 = DIRECTION ( 'NONE',  ( 0.8660254037844431485, 0.000000000000000000, -0.4999999999999921174 ) ) ;
#505 = EDGE_CURVE ( 'NONE', #5762, #4262, #8116, .T. ) ;
#506 = ORIENTED_EDGE ( 'NONE', *, *, #4685, .T. ) ;
#507 = CONICAL_SURFACE ( 'NONE', #7615, 3.500000000000003997, 0.7853981633974482790 ) ;
#508 = CARTESIAN_POINT ( 'NONE',  ( -64.99999999999998579, 70.33830226810675867, -14.00000000000000000 ) ) ;
#509 = ORIENTED_EDGE ( 'NONE', *, *, #3001, .T. ) ;
#510 = CARTESIAN_POINT ( 'NONE',  ( 64.99999999999998579, 70.33830226810675867, 14.00000000000000000 ) ) ;
#511 = ORIENTED_EDGE ( 'NONE', *, *, #1305, .T. ) ;
#512 = CARTESIAN_POINT ( 'NONE',  ( -23.52394538582447936, 60.24119735950315402, -68.74466860272393376 ) ) ;
#513 = EDGE_CURVE ( 'NONE', #2767, #8285, #1232, .T. ) ;
#514 = DIRECTION ( 'NONE',  ( 0.000000000000000000, 0.000000000000000000, -1.000000000000000000 ) ) ;
#515 = CONICAL_SURFACE ( 'NONE', #3732, 14.00000000000000000, 0.7853981633974498333 ) ;
#516 = VERTEX_POINT ( 'NONE', #1330 ) ;
#517 = CARTESIAN_POINT ( 'NONE',  ( -64.97653019867503588, 70.99999999999808153, -4.499999999999998224 ) ) ;
#518 = ADVANCED_FACE ( 'NONE', ( #4106 ), #283, .F. ) ;
#519 = DIRECTION ( 'NONE',  ( -1.000000000000000000, -0.000000000000000000, -0.000000000000000000 ) ) ;
#520 = FACE_OUTER_BOUND ( 'NONE', #4189, .T. ) ;
#521 = CIRCLE ( 'NONE', #6775, 74.53166453491230925 ) ;
#522 = CYLINDRICAL_SURFACE ( 'NONE', #2127, 2.500000000000000000 ) ;
#523 = EDGE_LOOP ( 'NONE', ( #7107, #6723, #5276, #4386, #8498 ) ) ;
#524 = ORIENTED_EDGE ( 'NONE', *, *, #6706, .F. ) ;
#525 = DIRECTION ( 'NONE',  ( -0.5000000000000101030, -0.000000000000000000, 0.8660254037844328234 ) ) ;
#526 = CARTESIAN_POINT ( 'NONE',  ( -75.19960044665735666, 51.39785929380892071, -13.99999999999999822 ) ) ;
#527 = CARTESIAN_POINT ( 'NONE',  ( 23.72949968700077861, 54.28634147771015961, -69.10069909616740347 ) ) ;
#528 = CARTESIAN_POINT ( 'NONE',  ( 40.22560736794726921, 69.64327861410839660, -51.46079264994327929 ) ) ;
#529 = LINE ( 'NONE', #707, #5306 ) ;
#530 = EDGE_CURVE ( 'NONE', #7203, #973, #4706, .T. ) ;
#531 = EDGE_CURVE ( 'NONE', #7161, #2951, #2775, .T. ) ;
#532 = CARTESIAN_POINT ( 'NONE',  ( -25.15475220193287953, 68.58148004594082181, 58.87585079815347910 ) ) ;
#533 = LINE ( 'NONE', #3316, #1729 ) ;
#534 = DIRECTION ( 'NONE',  ( -0.000000000000000000, -1.000000000000000000, -0.000000000000000000 ) ) ;
#535 = CARTESIAN_POINT ( 'NONE',  ( -39.03108891324539798, 71.00000000000000000, -60.60382907247966955 ) ) ;
#536 = PLANE ( 'NONE',  #1977 ) ;
#537 = CARTESIAN_POINT ( 'NONE',  ( -64.99999999999998579, 70.78512895719383380, -9.497415184861864645 ) ) ;
#538 = AXIS2_PLACEMENT_3D ( 'NONE', #988, #6546, #5860 ) ;
#539 = CARTESIAN_POINT ( 'NONE',  ( 49.24525188925360197, 54.48432739547291703, 57.29527830371587527 ) ) ;
#540 = CARTESIAN_POINT ( 'NONE',  ( 51.59461799496918388, 79.00149741535467740, -1.263703675615389025E-14 ) ) ;
#541 = ORIENTED_EDGE ( 'NONE', *, *, #8294, .T. ) ;
#542 = DIRECTION ( 'NONE',  ( 0.4999999999999919509, 0.000000000000000000, 0.8660254037844432595 ) ) ;
#543 = EDGE_LOOP ( 'NONE', ( #87, #4151, #3634, #8755, #8450 ) ) ;
#544 = CARTESIAN_POINT ( 'NONE',  ( 28.35161711609227453, 70.14790019138084176, 58.39424149315181722 ) ) ;
#545 = CARTESIAN_POINT ( 'NONE',  ( 22.89233886340571544, 61.97525265978688225, -67.65069401550161388 ) ) ;
#546 = CARTESIAN_POINT ( 'NONE',  ( -5.385340666084914820E-16, 85.56084588387216172, 0.000000000000000000 ) ) ;
#547 = DIRECTION ( 'NONE',  ( -0.4999999999999980016, -0.000000000000000000, -0.8660254037844398178 ) ) ;
#548 = CARTESIAN_POINT ( 'NONE',  ( 21.63939982123465811, 53.09967776845998344, 70.21941952555789612 ) ) ;
#550 = ORIENTED_EDGE ( 'NONE', *, *, #6328, .F. ) ;
#549 = AXIS2_PLACEMENT_3D ( 'NONE', #5129, #3215, #1674 ) ;
#551 = CARTESIAN_POINT ( 'NONE',  ( 64.97653019867503588, 70.99999999999808153, 4.499999999999998224 ) ) ;
#552 = ORIENTED_EDGE ( 'NONE', *, *, #7179, .T. ) ;
#553 = CARTESIAN_POINT ( 'NONE',  ( 26.43782217350920050, 71.00000000000000000, -59.79165124598839043 ) ) ;
#554 = ORIENTED_EDGE ( 'NONE', *, *, #7754, .T. ) ;
#555 = CARTESIAN_POINT ( 'NONE',  ( -21.84489565140829725, 64.39652032117642477, -65.83646915428002444 ) ) ;
#556 = DIRECTION ( 'NONE',  ( -1.000000000000000000, -0.000000000000000000, -0.000000000000000000 ) ) ;
#557 = EDGE_CURVE ( 'NONE', #7017, #2948, #7251, .T. ) ;
#558 = CIRCLE ( 'NONE', #8829, 3.500000000000003109 ) ;
#559 = CARTESIAN_POINT ( 'NONE',  ( 40.48946914257887641, 50.32119058599263184, 70.96149712630537465 ) ) ;
#560 = ORIENTED_EDGE ( 'NONE', *, *, #4013, .T. ) ;
#561 = CARTESIAN_POINT ( 'NONE',  ( -65.00000000000000000, 71.37356801940973128, -4.528068177525805815 ) ) ;
#562 = DIRECTION ( 'NONE',  ( 0.000000000000000000, -1.000000000000000000, 0.000000000000000000 ) ) ;
#563 = AXIS2_PLACEMENT_3D ( 'NONE', #1954, #6106, #2692 ) ;
#564 = ADVANCED_FACE ( 'NONE', ( #7109, #2304, #6347 ), #1623, .T. ) ;
#565 = EDGE_CURVE ( 'NONE', #2941, #6639, #2614, .T. ) ;
#566 = AXIS2_PLACEMENT_3D ( 'NONE', #8783, #3220, #5945 ) ;
#567 = CARTESIAN_POINT ( 'NONE',  ( -12.12435565298201823, 60.99999999999988631, -7.000000000000214939 ) ) ;
#568 = CARTESIAN_POINT ( 'NONE',  ( -81.99999999999998579, 53.49999999999999289, -3.500000000000003109 ) ) ;
#569 = CARTESIAN_POINT ( 'NONE',  ( -18.51824875271192994, 67.19864238473648754, -61.27649008176823742 ) ) ;
#570 = VERTEX_POINT ( 'NONE', #971 ) ;
#571 = EDGE_LOOP ( 'NONE', ( #6509, #1263, #6832, #4159 ) ) ;
#572 = CARTESIAN_POINT ( 'NONE',  ( -63.21507369283175848, 67.51982736465294010, 14.16308175491029608 ) ) ;
#573 = CARTESIAN_POINT ( 'NONE',  ( 53.31438018645870613, 70.38214007297162311, -23.61208654431144893 ) ) ;
#574 = CARTESIAN_POINT ( 'NONE',  ( 24.85206664690330314, 55.22173470845585541, -71.04504210552374843 ) ) ;
#575 = VECTOR ( 'NONE', #696, 1000.000000000000000 ) ;
#576 = VECTOR ( 'NONE', #7896, 1000.000000000000114 ) ;
#577 = DIRECTION ( 'NONE',  ( 0.000000000000000000, 0.000000000000000000, -1.000000000000000000 ) ) ;
#578 = CARTESIAN_POINT ( 'NONE',  ( 0.000000000000000000, 80.99999999999998579, 14.00000000000000000 ) ) ;
#579 = APPLICATION_PROTOCOL_DEFINITION ( 'draft international standard', 'automotive_design', 1998, #7467 ) ;
#580 = CARTESIAN_POINT ( 'NONE',  ( -24.58516029067465780, 69.27093940922772219, 60.20693556170468241 ) ) ;
#581 = CARTESIAN_POINT ( 'NONE',  ( -38.11851842881225849, 53.91556898173308809, -72.26250818990082792 ) ) ;
#582 = EDGE_CURVE ( 'NONE', #8176, #589, #7195, .T. ) ;
#583 = FACE_OUTER_BOUND ( 'NONE', #1415, .T. ) ;
#584 = DIRECTION ( 'NONE',  ( -1.000000000000000000, -0.000000000000000000, -0.000000000000000000 ) ) ;
#585 = CIRCLE ( 'NONE', #1902, 10.50000000000000178 ) ;
#586 = CARTESIAN_POINT ( 'NONE',  ( 20.37564434701814875, 70.33830226810667341, -63.29165124598841174 ) ) ;
#587 = DIRECTION ( 'NONE',  ( 1.000000000000000000, 0.000000000000000000, 0.000000000000000000 ) ) ;
#588 = CARTESIAN_POINT ( 'NONE',  ( 43.53194872080245403, 69.15083099222550800, 47.39954693691401388 ) ) ;
#589 = VERTEX_POINT ( 'NONE', #6529 ) ;
#590 = CARTESIAN_POINT ( 'NONE',  ( 65.00000000000000000, 70.96746529199602094, -9.499788289590759049 ) ) ;
#591 = ORIENTED_EDGE ( 'NONE', *, *, #2140, .T. ) ;
#592 = CARTESIAN_POINT ( 'NONE',  ( -36.51698424228762008, 69.44361272362560555, 53.20874993129312713 ) ) ;
#593 = DIRECTION ( 'NONE',  ( 0.8660254037844320463, 0.000000000000000000, 0.5000000000000112133 ) ) ;
#594 = CARTESIAN_POINT ( 'NONE',  ( 40.78992921923924087, 72.72808698139917283, -36.00485371705148196 ) ) ;
#595 = CARTESIAN_POINT ( 'NONE',  ( 52.66820789367087485, 71.68078202079874472, -19.68602817580694975 ) ) ;
#596 = CARTESIAN_POINT ( 'NONE',  ( 20.69302988865224080, 56.99209030537087983, 68.64442477758782957 ) ) ;
#597 = ORIENTED_EDGE ( 'NONE', *, *, #4979, .T. ) ;
#598 = DIRECTION ( 'NONE',  ( 0.000000000000000000, 0.000000000000000000, -1.000000000000000000 ) ) ;
#599 = CARTESIAN_POINT ( 'NONE',  ( 15.80513287229626940, 67.42165079097325986, 60.38848733625300724 ) ) ;
#600 = CARTESIAN_POINT ( 'NONE',  ( -19.96340200533990128, 83.58148700043116719, 0.000000000000000000 ) ) ;
#601 = ORIENTED_EDGE ( 'NONE', *, *, #6551, .F. ) ;
#602 = DIRECTION ( 'NONE',  ( 0.7071067811865474617, 8.659560562354932858E-17, 0.7071067811865474617 ) ) ;
#603 = CARTESIAN_POINT ( 'NONE',  ( 42.06217782649135017, 71.00000000000000000, -58.85382907247939244 ) ) ;
#604 = DIRECTION ( 'NONE',  ( 0.000000000000000000, 0.000000000000000000, 1.000000000000000000 ) ) ;
#605 = ORIENTED_EDGE ( 'NONE', *, *, #9005, .T. ) ;
#606 = B_SPLINE_CURVE_WITH_KNOTS ( 'NONE', 3,
 ( #8649, #1620, #1746, #2301, #5067, #7827, #3027, #5798, #5118, #586 ),
 .UNSPECIFIED., .F., .F.,
 ( 4, 2, 2, 2, 4 ),
 ( 0.000000000000000000, 0.0006174258119178758185, 0.001234851623835751637, 0.001852277435753627455, 0.002469703247671503274 ),
 .UNSPECIFIED. ) ;
#607 = CARTESIAN_POINT ( 'NONE',  ( -76.23219817601714965, 45.99999999999999289, -14.00000000000000000 ) ) ;
#608 = CARTESIAN_POINT ( 'NONE',  ( 64.52073735817974409, 69.69405292433599186, 4.842773587175154049 ) ) ;
#609 = DIRECTION ( 'NONE',  ( -0.5000000000000101030, -0.000000000000000000, 0.8660254037844328234 ) ) ;
#610 = DIRECTION ( 'NONE',  ( 0.8660254037844419273, 0.000000000000000000, -0.4999999999999943379 ) ) ;
#611 = ORIENTED_EDGE ( 'NONE', *, *, #8566, .T. ) ;
#612 = EDGE_LOOP ( 'NONE', ( #6118, #6741, #2617, #6303, #7433, #239 ) ) ;
#613 = LINE ( 'NONE', #6043, #5954 ) ;
#614 = DIRECTION ( 'NONE',  ( 0.000000000000000000, 0.000000000000000000, -1.000000000000000000 ) ) ;
#615 = CARTESIAN_POINT ( 'NONE',  ( 24.42471221319450336, 49.60266825055090578, -70.30484251349234626 ) ) ;
#616 = CARTESIAN_POINT ( 'NONE',  ( 67.93850260878130598, 64.39652032117643898, 13.99999999999999289 ) ) ;
#617 = EDGE_CURVE ( 'NONE', #4747, #2113, #287, .T. ) ;
#618 = CARTESIAN_POINT ( 'NONE',  ( -72.96480554291517251, 48.06694853713065640, 15.78407630329747136 ) ) ;
#619 = EDGE_CURVE ( 'NONE', #7110, #7866, #1606, .T. ) ;
#620 = CARTESIAN_POINT ( 'NONE',  ( -42.64147098593230112, 55.90262207589723431, -69.68942703067081368 ) ) ;
#621 = CARTESIAN_POINT ( 'NONE',  ( 34.58601226432274700, 53.49999999999999289, 64.90473047300868359 ) ) ;
#622 = EDGE_CURVE ( 'NONE', #2907, #8012, #1521, .T. ) ;
#623 = CARTESIAN_POINT ( 'NONE',  ( 37.54217842262806926, 68.50552130179208632, 51.40373739668542186 ) ) ;
#624 = DIRECTION ( 'NONE',  ( 0.000000000000000000, 0.000000000000000000, 1.000000000000000000 ) ) ;
#625 = CARTESIAN_POINT ( 'NONE',  ( -64.24502727968088323, 69.05891681664444093, -8.583031643332420302 ) ) ;
#626 = EDGE_CURVE ( 'NONE', #2856, #1570, #4170, .T. ) ;
#627 = CARTESIAN_POINT ( 'NONE',  ( 38.33428291163107104, 65.37143774605074498, -52.92322643642408053 ) ) ;
#628 = DIRECTION ( 'NONE',  ( 3.552713678800500929E-15, 0.000000000000000000, -1.000000000000000000 ) ) ;
#629 = CARTESIAN_POINT ( 'NONE',  ( 49.35926406875147165, 56.03426478454621673, 52.70711939043807348 ) ) ;
#630 = VERTEX_POINT ( 'NONE', #6149 ) ;
#631 = CARTESIAN_POINT ( 'NONE',  ( 44.62435565298236639, 0.000000000000000000, -49.29165124598830516 ) ) ;
#632 = ORIENTED_EDGE ( 'NONE', *, *, #8518, .F. ) ;
#633 = DIRECTION ( 'NONE',  ( 0.000000000000000000, 0.000000000000000000, -1.000000000000000000 ) ) ;
#634 = CARTESIAN_POINT ( 'NONE',  ( 41.41968793175724528, 74.55136132039608299, -34.62345922948976806 ) ) ;
#635 = DIRECTION ( 'NONE',  ( 0.8660254037844326014, 0.000000000000000000, 0.5000000000000104361 ) ) ;
#636 = CARTESIAN_POINT ( 'NONE',  ( 31.79947819905017781, 80.31923546460699015, -15.74909562563326482 ) ) ;
#637 = CARTESIAN_POINT ( 'NONE',  ( 24.58665282520691520, 46.94028658333517967, 70.58533188133684178 ) ) ;
#638 = CIRCLE ( 'NONE', #5746, 74.53166453491230925 ) ;
#639 = ORIENTED_EDGE ( 'NONE', *, *, #61, .F. ) ;
#640 = CARTESIAN_POINT ( 'NONE',  ( -63.64620625357414241, 68.77887806258434011, 5.841708166141986069 ) ) ;
#641 = CARTESIAN_POINT ( 'NONE',  ( -45.86641786960084488, 64.95410340582364483, -46.47972036097149839 ) ) ;
#642 = ORIENTED_EDGE ( 'NONE', *, *, #8781, .T. ) ;
#643 = CARTESIAN_POINT ( 'NONE',  ( -26.77224159876237763, 68.78243406335057841, -58.04078944430950315 ) ) ;
#644 = ORIENTED_EDGE ( 'NONE', *, *, #2075, .F. ) ;
#645 = CARTESIAN_POINT ( 'NONE',  ( -24.32479699144629492, 57.41502476473657168, -70.13178427298379347 ) ) ;
#646 = CARTESIAN_POINT ( 'NONE',  ( 39.62814742402213142, 50.63017290129845094, 71.44603703258155747 ) ) ;
#647 = VECTOR ( 'NONE', #469, 1000.000000000000114 ) ;
#648 = DIRECTION ( 'NONE',  ( 0.4999999999999919509, -0.000000000000000000, 0.8660254037844432595 ) ) ;
#649 = CARTESIAN_POINT ( 'NONE',  ( -50.03242244084361090, 47.11423984721405844, 58.65869769328863725 ) ) ;
#650 = DIRECTION ( 'NONE',  ( -0.000000000000000000, -1.000000000000000000, -0.000000000000000000 ) ) ;
#651 = CARTESIAN_POINT ( 'NONE',  ( 41.78572573259913980, 82.99999999999998579, -31.12500000000006040 ) ) ;
#652 = DIRECTION ( 'NONE',  ( -0.7071067811865474617, 8.659560562354932858E-17, -0.7071067811865474617 ) ) ;
#653 = CARTESIAN_POINT ( 'NONE',  ( -74.84024952361272653, 46.30971242683347100, -14.15693377857575008 ) ) ;
#654 = ORIENTED_EDGE ( 'NONE', *, *, #6019, .F. ) ;
#655 = ORIENTED_EDGE ( 'NONE', *, *, #1176, .T. ) ;
#656 = CARTESIAN_POINT ( 'NONE',  ( -45.09326673973727395, 71.00000000000000000, 57.10382907247905138 ) ) ;
#657 = ADVANCED_FACE ( 'NONE', ( #8901 ), #3510, .F. ) ;
#658 = CARTESIAN_POINT ( 'NONE',  ( 52.25859997505608590, 72.30170309110775406, -23.37074201914607130 ) ) ;
#659 = CARTESIAN_POINT ( 'NONE',  ( 24.17607515805089946, 51.72162299948854525, -69.87419050136922749 ) ) ;
#660 = CARTESIAN_POINT ( 'NONE',  ( 62.68053806138233597, 67.29655345658420629, -14.40062326129872261 ) ) ;
#661 = DIRECTION ( 'NONE',  ( 0.000000000000000000, 1.000000000000000000, 0.000000000000000000 ) ) ;
#662 = AXIS2_PLACEMENT_3D ( 'NONE', #8132, #2439, #7966 ) ;
#663 = CARTESIAN_POINT ( 'NONE',  ( -44.62435565298201823, 70.33830226810667341, -49.29165124598860359 ) ) ;
#664 = FACE_OUTER_BOUND ( 'NONE', #4066, .T. ) ;
#665 = CARTESIAN_POINT ( 'NONE',  ( 38.58650034856349720, 68.62721756489253266, 51.23049208037910773 ) ) ;
#666 = CARTESIAN_POINT ( 'NONE',  ( 36.40501999028414559, 71.24824376404994553, 54.03708690340712195 ) ) ;
#667 = B_SPLINE_CURVE_WITH_KNOTS ( 'NONE', 3,
 ( #8366, #2787, #2832, #4234, #5560, #7008, #1264, #4817, #7542, #4097, #2005, #4187, #7494, #8222, #6872, #1367, #1414, #4138, #2880, #3514, #6959, #2734, #6337, #770, #5655, #1463, #6152, #2150, #7582, #5466, #3418, #4765, #5605, #1958, #2055, #8999, #1320, #590 ),
 .UNSPECIFIED., .F., .F.,
 ( 4, 2, 2, 2, 2, 2, 2, 2, 2, 2, 2, 2, 2, 2, 2, 2, 2, 2, 4 ),
 ( 0.0003740696040165266138, 0.0009122905825379888298, 0.001450511561059450883, 0.001988732539580912936, 0.002526953518102375423, 0.003065174496623837477, 0.003603395475145299530, 0.004141616453666761150, 0.004410726942927492393, 0.004679837432188223637, 0.004948947921448954880, 0.005218058410709685256, 0.005756279389231123457, 0.006294500367752559923, 0.006832721346273996389, 0.007370942324795432855, 0.007909163303316868454, 0.008447384281838306655, 0.008985605260359741386 ),
 .UNSPECIFIED. ) ;
#668 = DIRECTION ( 'NONE',  ( 0.000000000000000000, 0.000000000000000000, -1.000000000000000000 ) ) ;
#669 = EDGE_CURVE ( 'NONE', #3905, #8685, #3924, .T. ) ;
#670 = EDGE_CURVE ( 'NONE', #1233, #570, #8703, .T. ) ;
#671 = DIRECTION ( 'NONE',  ( 0.000000000000000000, -1.000000000000000000, 0.000000000000000000 ) ) ;
#672 = CARTESIAN_POINT ( 'NONE',  ( 74.53166453491225241, 48.61675045524524563, -149.0633290698245901 ) ) ;
#673 = CARTESIAN_POINT ( 'NONE',  ( 46.33538016984445562, 60.03922181399992297, 52.25523264223317454 ) ) ;
#674 = EDGE_LOOP ( 'NONE', ( #7898, #7967, #3079, #2975, #7969, #8569 ) ) ;
#675 = ORIENTED_EDGE ( 'NONE', *, *, #5925, .F. ) ;
#676 = FACE_OUTER_BOUND ( 'NONE', #4842, .T. ) ;
#677 = EDGE_LOOP ( 'NONE', ( #5079, #429, #248, #6292 ) ) ;
#678 = CARTESIAN_POINT ( 'NONE',  ( 40.99999999999933209, 53.49999999999999289, 71.01408311032433573 ) ) ;
#679 = CARTESIAN_POINT ( 'NONE',  ( 46.18574261309317563, 72.36768951314756748, -33.68171613967007971 ) ) ;
#680 = ADVANCED_FACE ( 'NONE', ( #3415, #5463 ), #2710, .T. ) ;
#681 = CARTESIAN_POINT ( 'NONE',  ( -60.20053056545826564, 67.42165079097325986, 16.50659709052888502 ) ) ;
#682 = CARTESIAN_POINT ( 'NONE',  ( 42.18439254689624818, 79.71691822583288456, -13.62707984314496734 ) ) ;
#683 = CARTESIAN_POINT ( 'NONE',  ( 46.31301411495568487, 63.85723507571437807, 48.31670382839887168 ) ) ;
#684 = EDGE_LOOP ( 'NONE', ( #764, #5331, #1689, #4981 ) ) ;
#685 = CARTESIAN_POINT ( 'NONE',  ( -64.15133456184119609, 68.97042246349049321, 8.467475039308208551 ) ) ;
#686 = CARTESIAN_POINT ( 'NONE',  ( -50.51564886200377913, 48.61675045524525984, -54.80089632839450076 ) ) ;
#687 = VERTEX_POINT ( 'NONE', #6037 ) ;
#688 = CARTESIAN_POINT ( 'NONE',  ( 64.99999999999997158, 71.49049528583634583, -2.946308645633915368 ) ) ;
#689 = ORIENTED_EDGE ( 'NONE', *, *, #5142, .T. ) ;
#690 = CARTESIAN_POINT ( 'NONE',  ( 61.84517116440699880, 66.12567138047462834, 16.49358300123235210 ) ) ;
#691 = EDGE_CURVE ( 'NONE', #1806, #4747, #1933, .T. ) ;
#692 = CARTESIAN_POINT ( 'NONE',  ( 31.28572573259913270, 81.68513390735827784, -24.12500000000006040 ) ) ;
#693 = CARTESIAN_POINT ( 'NONE',  ( -42.50668465497731319, 56.03564853230597009, 69.77177575299251089 ) ) ;
#694 = EDGE_LOOP ( 'NONE', ( #5657, #6316, #7063, #5997, #5614, #3383 ) ) ;
#695 = CARTESIAN_POINT ( 'NONE',  ( -34.58601226432411835, 53.49999999999999289, 64.90473047300794462 ) ) ;
#696 = DIRECTION ( 'NONE',  ( -0.5150380749100547106, 1.049727191138618326E-16, -0.8571673007021120005 ) ) ;
#697 = CARTESIAN_POINT ( 'NONE',  ( -49.65591337551063589, 46.92052225583238823, -56.65933477755846326 ) ) ;
#698 = DIRECTION ( 'NONE',  ( 1.000000000000000000, -0.000000000000000000, 0.000000000000000000 ) ) ;
#699 = CARTESIAN_POINT ( 'NONE',  ( -49.95075453673953092, 53.31457523385764574, 53.77505582260393879 ) ) ;
#700 = DIRECTION ( 'NONE',  ( -0.000000000000000000, -1.000000000000000000, -0.000000000000000000 ) ) ;
#701 = VERTEX_POINT ( 'NONE', #8106 ) ;
#703 = DIRECTION ( 'NONE',  ( 0.000000000000000000, -0.000000000000000000, 1.000000000000000000 ) ) ;
#702 = VECTOR ( 'NONE', #6506, 1000.000000000000000 ) ;
#704 = CARTESIAN_POINT ( 'NONE',  ( 39.17147716410000413, 50.96366439092271605, -71.69738183181293323 ) ) ;
#705 = CARTESIAN_POINT ( 'NONE',  ( 20.69302988867531212, 56.99209030536490417, -68.64442477758473160 ) ) ;
#706 = CARTESIAN_POINT ( 'NONE',  ( 63.21507369283180111, 67.51982736465299695, -14.16308175491030852 ) ) ;
#707 = CARTESIAN_POINT ( 'NONE',  ( -80.49155235178410805, 0.000000000000000000, 14.00000000000000000 ) ) ;
#708 = B_SPLINE_CURVE_WITH_KNOTS ( 'NONE', 3,
 ( #4457, #3185, #7273, #3909, #5189, #5282, #318, #4545, #351, #3235, #3783, #7354, #6045, #2467, #8799, #6643, #6562, #4622, #7998, #997, #3106, #1122, #397, #7220, #2513, #1779, #484, #7311, #8674, #1082 ),
 .UNSPECIFIED., .F., .F.,
 ( 4, 2, 2, 2, 2, 2, 2, 2, 2, 2, 2, 2, 2, 2, 4 ),
 ( 0.002473713708802087116, 0.003716988912699603458, 0.004338626514648351654, 0.004960264116597100717, 0.005581901718545849780, 0.006203539320494597109, 0.006825176922443346172, 0.007446814524392094368, 0.008068452126340844299, 0.008690089728289589893, 0.009311727330238338957, 0.009933364932187088020, 0.01117664013608458615, 0.01179827773803333521, 0.01241991533998208427 ),
 .UNSPECIFIED. ) ;
#709 = AXIS2_PLACEMENT_3D ( 'NONE', #3382, #7640, #4874 ) ;
#710 = LINE ( 'NONE', #6283, #5647 ) ;
#711 = CARTESIAN_POINT ( 'NONE',  ( -60.25896109168538572, 69.04857540238329250, 7.379594382087738996E-15 ) ) ;
#712 = CARTESIAN_POINT ( 'NONE',  ( 22.13465309806579384, 49.58324814417439086, -71.03862126191927473 ) ) ;
#713 = CARTESIAN_POINT ( 'NONE',  ( -64.99999999999998579, 71.31128151839124030, -5.779224591929442489 ) ) ;
#714 = CARTESIAN_POINT ( 'NONE',  ( 24.39818602573575390, 46.80642804332596540, 71.40021809402554709 ) ) ;
#715 = DIRECTION ( 'NONE',  ( -0.000000000000000000, 1.000000000000000000, -0.000000000000000000 ) ) ;
#716 = AXIS2_PLACEMENT_3D ( 'NONE', #6311, #4837, #2221 ) ;
#717 = EDGE_CURVE ( 'NONE', #7306, #4249, #4770, .T. ) ;
#718 = EDGE_CURVE ( 'NONE', #5224, #7678, #7430, .T. ) ;
#719 = CARTESIAN_POINT ( 'NONE',  ( 15.63668970575741923, 67.38180933480940382, -60.48406389648493331 ) ) ;
#720 = CARTESIAN_POINT ( 'NONE',  ( -74.53166453491230925, 48.61675045524524563, -149.0633290698245617 ) ) ;
#721 = CARTESIAN_POINT ( 'NONE',  ( 46.58227042666052142, 63.37520769591046843, 52.68285911089046181 ) ) ;
#722 = ORIENTED_EDGE ( 'NONE', *, *, #5877, .T. ) ;
#723 = VERTEX_POINT ( 'NONE', #1203 ) ;
#724 = CARTESIAN_POINT ( 'NONE',  ( -22.51006265096043180, 70.76547318469322079, -62.05934426364396472 ) ) ;
#725 = ORIENTED_EDGE ( 'NONE', *, *, #1952, .F. ) ;
#726 = CARTESIAN_POINT ( 'NONE',  ( 44.46041527354779532, 68.93947535392155146, -49.00769817939551132 ) ) ;
#727 = CARTESIAN_POINT ( 'NONE',  ( 35.76291991797675252, 77.72185876941031779, -32.74957155785151741 ) ) ;
#728 = CARTESIAN_POINT ( 'NONE',  ( 74.33422777604705800, 46.58991269261736790, 14.38205295110557991 ) ) ;
#729 = ADVANCED_FACE ( 'NONE', ( #3303 ), #6172, .F. ) ;
#730 = CARTESIAN_POINT ( 'NONE',  ( 42.86172398763120839, 79.42016004375290095, -13.67476121786239140 ) ) ;
#731 = CARTESIAN_POINT ( 'NONE',  ( 75.81746117496030024, 46.02785684633895613, -14.00000000000000000 ) ) ;
#732 = VERTEX_POINT ( 'NONE', #3264 ) ;
#733 = ADVANCED_FACE ( 'NONE', ( #5274 ), #8029, .T. ) ;
#734 = CARTESIAN_POINT ( 'NONE',  ( -63.29286642296990095, 68.50041615695933217, 6.900191038266594745 ) ) ;
#735 = CARTESIAN_POINT ( 'NONE',  ( 22.20114393954427356, 48.61675045524525984, 71.14828336734726122 ) ) ;
#736 = ORIENTED_EDGE ( 'NONE', *, *, #3747, .T. ) ;
#737 = CARTESIAN_POINT ( 'NONE',  ( 60.23436888535913880, 68.35783077697040255, -11.22629262176098131 ) ) ;
#738 = ORIENTED_EDGE ( 'NONE', *, *, #7447, .T. ) ;
#739 = CARTESIAN_POINT ( 'NONE',  ( 61.86493503787932724, 69.87390944627894385, 14.00000000000000178 ) ) ;
#740 = CARTESIAN_POINT ( 'NONE',  ( -72.82105316056595257, 47.95356825463100137, 16.34516635170948007 ) ) ;
#741 = EDGE_CURVE ( 'NONE', #4262, #2622, #8984, .T. ) ;
#742 = CARTESIAN_POINT ( 'NONE',  ( -43.53884283324762805, 53.49999999999999289, 69.13218617071039773 ) ) ;
#743 = ORIENTED_EDGE ( 'NONE', *, *, #6475, .T. ) ;
#744 = DIRECTION ( 'NONE',  ( 0.4999999999999919509, -0.000000000000000000, 0.8660254037844432595 ) ) ;
#745 = CARTESIAN_POINT ( 'NONE',  ( 0.000000000000000000, 46.00000000000000000, 0.000000000000000000 ) ) ;
#746 = ADVANCED_FACE ( 'NONE', ( #8791 ), #3201, .F. ) ;
#747 = CARTESIAN_POINT ( 'NONE',  ( -50.15181382538516175, 48.06694853713057114, -55.29733703070751716 ) ) ;
#748 = DIRECTION ( 'NONE',  ( 0.000000000000000000, 0.000000000000000000, -1.000000000000000000 ) ) ;
#749 = CARTESIAN_POINT ( 'NONE',  ( 48.24989014501615259, 59.75118097120873983, -50.71564942532076969 ) ) ;
#750 = DIRECTION ( 'NONE',  ( 1.000000000000000000, 0.000000000000000000, 0.000000000000000000 ) ) ;
#751 = VERTEX_POINT ( 'NONE', #1849 ) ;
#752 = ORIENTED_EDGE ( 'NONE', *, *, #2741, .T. ) ;
#753 = PLANE ( 'NONE',  #6954 ) ;
#754 = DIRECTION ( 'NONE',  ( -0.000000000000000000, -1.000000000000000000, -0.000000000000000000 ) ) ;
#755 = DIRECTION ( 'NONE',  ( 0.000000000000000000, 0.000000000000000000, 1.000000000000000000 ) ) ;
#756 = CARTESIAN_POINT ( 'NONE',  ( 63.39408826244039119, 67.61735050355571275, -14.10282592426334602 ) ) ;
#757 = CARTESIAN_POINT ( 'NONE',  ( 39.32247325744500444, 65.98246288751991528, -29.49822066836781786 ) ) ;
#758 = PLANE ( 'NONE',  #5215 ) ;
#759 = CARTESIAN_POINT ( 'NONE',  ( 31.95635133305836817, 77.05397590552736631, -31.95648407937056490 ) ) ;
#760 = CARTESIAN_POINT ( 'NONE',  ( 29.93782217350831232, 71.00000000000000000, 65.85382907247985429 ) ) ;
#761 = DIRECTION ( 'NONE',  ( 0.000000000000000000, 0.000000000000000000, 1.000000000000000000 ) ) ;
#762 = CARTESIAN_POINT ( 'NONE',  ( 22.20114393954427356, 48.61675045524525984, 71.14828336734726122 ) ) ;
#763 = DIRECTION ( 'NONE',  ( 1.000000000000000000, -0.000000000000000000, 0.000000000000000000 ) ) ;
#764 = ORIENTED_EDGE ( 'NONE', *, *, #5380, .T. ) ;
#765 = CARTESIAN_POINT ( 'NONE',  ( -38.41060635965727954, 68.58148004594083602, -51.22257983185280494 ) ) ;
#766 = CARTESIAN_POINT ( 'NONE',  ( -23.72949968702187107, 54.28634147771528973, 69.10069909616686346 ) ) ;
#767 = CARTESIAN_POINT ( 'NONE',  ( 81.69920799920416243, 50.32080950811573672, -0.4134893217996730708 ) ) ;
#768 = ORIENTED_EDGE ( 'NONE', *, *, #1470, .T. ) ;
#769 = VERTEX_POINT ( 'NONE', #4699 ) ;
#770 = CARTESIAN_POINT ( 'NONE',  ( 63.56535856158959774, 68.58148004594082181, -7.653270966301071176 ) ) ;
#771 = EDGE_LOOP ( 'NONE', ( #5979, #440, #5820, #632 ) ) ;
#772 = CARTESIAN_POINT ( 'NONE',  ( 44.14906683162959666, 68.11553659766627788, -48.46842685913578208 ) ) ;
#773 = CARTESIAN_POINT ( 'NONE',  ( 32.70414823731853460, 79.86497920985915755, -29.43715652652398163 ) ) ;
#774 = CARTESIAN_POINT ( 'NONE',  ( 75.02647950168649515, 46.22974096026070612, 14.09925275311572435 ) ) ;
#775 = CARTESIAN_POINT ( 'NONE',  ( 32.36559682583892794, 80.25073561931351662, -15.13079519829871700 ) ) ;
#776 = CARTESIAN_POINT ( 'NONE',  ( 17.60392555940421389, 69.72839117303327328, 64.89190383413495056 ) ) ;
#777 = VERTEX_POINT ( 'NONE', #1811 ) ;
#778 = CARTESIAN_POINT ( 'NONE',  ( -64.74543963938627655, 70.14503718263755161, 4.644961807259601727 ) ) ;
#779 = CARTESIAN_POINT ( 'NONE',  ( 64.04942235729444633, 68.11553659766627788, 14.00000000000000000 ) ) ;
#780 = ORIENTED_EDGE ( 'NONE', *, *, #356, .F. ) ;
#781 = DIRECTION ( 'NONE',  ( 1.000000000000000000, 1.387778780781446464E-15, 0.000000000000000000 ) ) ;
#782 = ADVANCED_FACE ( 'NONE', ( #6759 ), #1241, .F. ) ;
#783 = ORIENTED_EDGE ( 'NONE', *, *, #6525, .F. ) ;
#784 = CARTESIAN_POINT ( 'NONE',  ( 74.92538051898480944, 52.38165315073362649, 14.00000000000000888 ) ) ;
#785 = CARTESIAN_POINT ( 'NONE',  ( 71.86785523261146125, 52.40596060623925467, 16.36484686775791175 ) ) ;
#786 = ORIENTED_EDGE ( 'NONE', *, *, #718, .F. ) ;
#787 = CARTESIAN_POINT ( 'NONE',  ( -73.95284459977531810, 55.22173470843915055, 14.00000000000000178 ) ) ;
#788 = CARTESIAN_POINT ( 'NONE',  ( -39.96234255917189415, 56.53314913701436240, 71.25964723981049076 ) ) ;
#789 = ORIENTED_EDGE ( 'NONE', *, *, #6646, .F. ) ;
#790 = CARTESIAN_POINT ( 'NONE',  ( -43.45535225232239895, 52.67761601787201897, 69.18470877473575342 ) ) ;
#791 = CARTESIAN_POINT ( 'NONE',  ( -21.59518716393320048, 53.31457523385761732, 70.14615027831868588 ) ) ;
#792 = CARTESIAN_POINT ( 'NONE',  ( -20.55022232949147565, 68.38058296212537357, -57.68892202141523740 ) ) ;
#793 = CARTESIAN_POINT ( 'NONE',  ( 71.00000000000000000, 71.00000000000000000, 9.500000000000003553 ) ) ;
#794 = ADVANCED_FACE ( 'NONE', ( #6801 ), #6076, .F. ) ;
#795 = CARTESIAN_POINT ( 'NONE',  ( 50.59889340631399790, 45.87634716325730722, -54.95257857073170271 ) ) ;
#796 = CARTESIAN_POINT ( 'NONE',  ( -32.52345091702461843, 69.01561503458027858, 50.80228491918803257 ) ) ;
#797 = ORIENTED_EDGE ( 'NONE', *, *, #468, .T. ) ;
#798 = VERTEX_POINT ( 'NONE', #8197 ) ;
#799 = CARTESIAN_POINT ( 'NONE',  ( -50.51564886200377913, 48.61675045524525984, -54.80089632839450076 ) ) ;
#800 = CARTESIAN_POINT ( 'NONE',  ( -72.00000000000000000, 71.00000000000000000, -9.500000000000001776 ) ) ;
#801 = CONICAL_SURFACE ( 'NONE', #5897, 2.499999999999995115, 1.029744258676653867 ) ;
#802 = CARTESIAN_POINT ( 'NONE',  ( 43.19216150952170352, 55.09239195608031281, -69.34940400336041932 ) ) ;
#803 = DIRECTION ( 'NONE',  ( -0.8660254037844370423, 0.000000000000000000, -0.5000000000000029976 ) ) ;
#804 = CARTESIAN_POINT ( 'NONE',  ( 38.37734485194258127, 66.56971214942601023, -28.95473082183609748 ) ) ;
#805 = CARTESIAN_POINT ( 'NONE',  ( 42.06217782649051884, 71.00000000000000000, 58.85382907247996087 ) ) ;
#806 = CARTESIAN_POINT ( 'NONE',  ( -22.33355912070891591, 63.37520769587720793, -66.68285911091143703 ) ) ;
#807 = CARTESIAN_POINT ( 'NONE',  ( 31.78017318592404195, 80.74596386002455972, -27.32787718239349317 ) ) ;
#808 = CARTESIAN_POINT ( 'NONE',  ( 42.05677731256979257, 56.37170436496853654, 70.04394068839359022 ) ) ;
#809 = ADVANCED_FACE ( 'NONE', ( #6125 ), #1980, .F. ) ;
#810 = B_SPLINE_CURVE_WITH_KNOTS ( 'NONE', 3,
 ( #6226, #2773, #5590, #4847, #4172, #6942, #8349, #6369, #3687, #8454, #7039, #8394, #5002, #2963, #121, #7717 ),
 .UNSPECIFIED., .F., .F.,
 ( 4, 2, 2, 2, 2, 2, 2, 4 ),
 ( 0.000000000000000000, 0.0006220389796316351397, 0.001244077959263270279, 0.001866116938894905528, 0.002488155918526540559, 0.003732233877789811055, 0.004354272857421452592, 0.004976311837053093261 ),
 .UNSPECIFIED. ) ;
#811 = B_SPLINE_CURVE_WITH_KNOTS ( 'NONE', 3,
 ( #6624, #6663, #4437, #8738, #7972, #297, #6584, #5260, #3086, #2531, #5300, #1025, #1270, #1147, #8869, #5341, #8819, #464, #5470, #6065, #3332, #8181, #594, #6112, #4649, #8226, #2658, #7421, #3423, #1963, #6201, #3290, #7547, #4769, #2613, #8908, #5424, #4727, #2010, #7498, #4057, #1191, #8777, #5388, #4686, #8095, #6788, #1881 ),
 .UNSPECIFIED., .F., .F.,
 ( 4, 2, 2, 2, 2, 2, 2, 2, 2, 2, 2, 2, 2, 2, 2, 2, 2, 2, 2, 2, 2, 2, 2, 4 ),
 ( 0.0003842801825463101808, 0.002925027003377414850, 0.004195400413792967943, 0.005465773824208521904, 0.008006520645039620285, 0.009276894055455181184, 0.01054726746587074208, 0.01308801428670187429, 0.01435838769711745080, 0.01562876110753302211, 0.01816950792836417514, 0.02071025474919532469, 0.02198062815961089947, 0.02325100157002647772, 0.02579174839085760645, 0.02706212180127317429, 0.02833249521168873866, 0.03087324203251984311, 0.03214361544293540401, 0.03341398885335096491, 0.03595473567418209365, 0.03722510908459766843, 0.03849548249501323627, 0.04103622931584437195 ),
 .UNSPECIFIED. ) ;
#812 = FACE_OUTER_BOUND ( 'NONE', #5519, .T. ) ;
#813 = AXIS2_PLACEMENT_3D ( 'NONE', #6853, #609, #3441 ) ;
#814 = CARTESIAN_POINT ( 'NONE',  ( 49.72355080941940031, 46.22974096026069901, -57.92521082841487612 ) ) ;
#815 = CARTESIAN_POINT ( 'NONE',  ( -36.38229990665316649, 70.30594628184095995, -53.83181654457194298 ) ) ;
#816 = CARTESIAN_POINT ( 'NONE',  ( 81.66559647441462744, 51.39694414918269416, 2.375157212206685742 ) ) ;
#817 = EDGE_LOOP ( 'NONE', ( #3586, #4596 ) ) ;
#818 = LINE ( 'NONE', #3020, #2917 ) ;
#819 = B_SPLINE_CURVE_WITH_KNOTS ( 'NONE', 3,
 ( #5546, #4125, #5449, #4753 ),
 .UNSPECIFIED., .F., .F.,
 ( 4, 4 ),
 ( 0.000000000000000000, 0.0004135464275951802253 ),
 .UNSPECIFIED. ) ;
#820 = ORIENTED_EDGE ( 'NONE', *, *, #126, .F. ) ;
#821 = CARTESIAN_POINT ( 'NONE',  ( 41.56217782649053305, 71.00000000000000000, 57.98780366869551983 ) ) ;
#822 = CARTESIAN_POINT ( 'NONE',  ( 40.14855211453996020, 75.21047670546201402, -34.50146789065443187 ) ) ;
#823 = CARTESIAN_POINT ( 'NONE',  ( -63.89768832408483945, 64.29485628078595028, 16.47483932149079777 ) ) ;
#824 = CARTESIAN_POINT ( 'NONE',  ( 41.11195259396563273, 77.79827613247441320, -13.61625896743106701 ) ) ;
#825 = CARTESIAN_POINT ( 'NONE',  ( 25.26247898935920233, 68.87759478923675260, 54.98875402505945686 ) ) ;
#826 = VERTEX_POINT ( 'NONE', #5312 ) ;
#827 = CARTESIAN_POINT ( 'NONE',  ( -64.52041941823190996, 69.38643680411230719, 8.916341831473719282 ) ) ;
#828 = CARTESIAN_POINT ( 'NONE',  ( 63.73413903232211197, 67.84252621657628879, 14.02174324697132057 ) ) ;
#829 = EDGE_LOOP ( 'NONE', ( #6630, #7759, #6309 ) ) ;
#830 = CARTESIAN_POINT ( 'NONE',  ( -42.20900288332155981, 67.94710706910987597, 45.16629258303496641 ) ) ;
#831 = ORIENTED_EDGE ( 'NONE', *, *, #4677, .F. ) ;
#832 = CARTESIAN_POINT ( 'NONE',  ( 53.18668270048051738, 70.86260880124068251, -21.99286225160998498 ) ) ;
#833 = CARTESIAN_POINT ( 'NONE',  ( -43.99617625189334547, 68.39397752115091578, -48.20361260703477058 ) ) ;
#834 = VERTEX_POINT ( 'NONE', #7345 ) ;
#835 = CARTESIAN_POINT ( 'NONE',  ( -72.60086162208641269, 51.72162299948805497, 13.99999999999739053 ) ) ;
#836 = CARTESIAN_POINT ( 'NONE',  ( 42.06217782649051884, 71.00000000000000000, 58.85382907247996087 ) ) ;
#837 = VERTEX_POINT ( 'NONE', #3948 ) ;
#838 = CARTESIAN_POINT ( 'NONE',  ( -71.00000000000000000, 71.00000000000000000, -7.000000000000000000 ) ) ;
#839 = CARTESIAN_POINT ( 'NONE',  ( -26.90673326026417200, 71.00000000000000000, 67.60382907247927164 ) ) ;
#840 = CARTESIAN_POINT ( 'NONE',  ( -25.46700905033916840, 68.50409903061286343, 58.44281050240935116 ) ) ;
#841 = CARTESIAN_POINT ( 'NONE',  ( 72.88977574887107380, 45.87634716325730722, -16.34363780788268983 ) ) ;
#842 = EDGE_CURVE ( 'NONE', #2918, #4831, #6023, .T. ) ;
#843 = CARTESIAN_POINT ( 'NONE',  ( 48.42478646401721676, 51.72162299947980557, -55.87419050137757637 ) ) ;
#844 = CARTESIAN_POINT ( 'NONE',  ( -44.39539769316193940, 67.42165079097325986, 43.88189024572348984 ) ) ;
#845 = VERTEX_POINT ( 'NONE', #7649 ) ;
#846 = EDGE_LOOP ( 'NONE', ( #7701, #1165, #1344 ) ) ;
#847 = CARTESIAN_POINT ( 'NONE',  ( -51.59461799496919099, 79.00149741535467740, 103.1892359899384104 ) ) ;
#848 = VECTOR ( 'NONE', #602, 1000.000000000000114 ) ;
#849 = LINE ( 'NONE', #216, #7965 ) ;
#850 = VECTOR ( 'NONE', #900, 1000.000000000000114 ) ;
#851 = DIRECTION ( 'NONE',  ( 0.4999999999999919509, -0.000000000000000000, 0.8660254037844432595 ) ) ;
#852 = CARTESIAN_POINT ( 'NONE',  ( 38.08698865945207501, 66.76076235416770999, -28.73611303527503580 ) ) ;
#853 = EDGE_CURVE ( 'NONE', #1513, #3210, #4885, .T. ) ;
#854 = EDGE_CURVE ( 'NONE', #7112, #3988, #7398, .T. ) ;
#855 = CONICAL_SURFACE ( 'NONE', #8397, 6.999999999999999112, 0.7853981633974482790 ) ;
#856 = DIRECTION ( 'NONE',  ( 0.8660254037844319353, 0.000000000000000000, 0.5000000000000116573 ) ) ;
#857 = CARTESIAN_POINT ( 'NONE',  ( -25.07097033627630012, 54.10447137732717238, -71.42419441748303655 ) ) ;
#858 = CARTESIAN_POINT ( 'NONE',  ( 33.46339362145961616, 77.01704561602069532, -30.58006852163359568 ) ) ;
#859 = CARTESIAN_POINT ( 'NONE',  ( -25.78437493449784768, 46.02785684633894903, -72.65984742795606621 ) ) ;
#860 = CARTESIAN_POINT ( 'NONE',  ( -70.79241559697686625, 55.08934122041001302, -16.38478488074730777 ) ) ;
#861 = AXIS2_PLACEMENT_3D ( 'NONE', #5107, #7873, #4415 ) ;
#862 = ADVANCED_FACE ( 'NONE', ( #5680 ), #4364, .F. ) ;
#863 = VECTOR ( 'NONE', #2695, 1000.000000000000114 ) ;
#864 = VECTOR ( 'NONE', #5247, 1000.000000000000000 ) ;
#865 = CARTESIAN_POINT ( 'NONE',  ( -38.92499887400383329, 68.74074753328160625, -51.25812561023438718 ) ) ;
#866 = CARTESIAN_POINT ( 'NONE',  ( -24.42471221319184593, 49.60266825055303030, 70.30484251348799773 ) ) ;
#867 = CARTESIAN_POINT ( 'NONE',  ( 12.12435565298219942, 60.99999999999988631, -6.999999999999898748 ) ) ;
#868 = VERTEX_POINT ( 'NONE', #839 ) ;
#869 = CARTESIAN_POINT ( 'NONE',  ( 50.10155788679242050, 46.00937601690883128, -58.77844379827696741 ) ) ;
#870 = ORIENTED_EDGE ( 'NONE', *, *, #1242, .T. ) ;
#871 = CARTESIAN_POINT ( 'NONE',  ( -75.81746117496030024, 46.02785684633895613, 14.00000000000000000 ) ) ;
#872 = CARTESIAN_POINT ( 'NONE',  ( -35.11805822557784751, 71.45227402772215441, -54.78011462469705606 ) ) ;
#873 = CARTESIAN_POINT ( 'NONE',  ( 73.04231049586095992, 47.93260228642028409, 15.64874095766955264 ) ) ;
#874 = CIRCLE ( 'NONE', #6412, 12.25000000000000178 ) ;
#875 = DIRECTION ( 'NONE',  ( -0.000000000000000000, -1.000000000000000000, -0.000000000000000000 ) ) ;
#876 =( BOUNDED_SURFACE ( )  B_SPLINE_SURFACE ( 3, 3, ( 
 ( #3543, #6992, #895, #171 ),
 ( #6317, #67, #2857, #7080 ),
 ( #1587, #3684, #847, #214 ),
 ( #2961, #5087, #5634, #3588 ) ),
 .UNSPECIFIED., .F., .F., .F. ) 
 B_SPLINE_SURFACE_WITH_KNOTS ( ( 4, 4 ),
 ( 4, 4 ),
 ( 0.000000000000000000, 1.000000000000000000 ),
 ( 0.000000000000000000, 1.000000000000000000 ),
 .UNSPECIFIED. ) 
 GEOMETRIC_REPRESENTATION_ITEM ( )  RATIONAL_B_SPLINE_SURFACE ( (
 ( 1.000000000000000000, 0.3333333333333332038, 0.3333333333333332038, 1.000000000000000000),
 ( 0.8772494175869485211, 0.2924164725289827294, 0.2924164725289827294, 0.8772494175869485211),
 ( 0.8772494175869485211, 0.2924164725289827294, 0.2924164725289827294, 0.8772494175869485211),
 ( 1.000000000000000000, 0.3333333333333332038, 0.3333333333333332038, 1.000000000000000000) ) ) 
 REPRESENTATION_ITEM ( '' )  SURFACE ( )  );
#877 = CARTESIAN_POINT ( 'NONE',  ( 17.90883459806596889, 63.85246432331121014, 63.95956714160337953 ) ) ;
#878 = VERTEX_POINT ( 'NONE', #5627 ) ;
#879 = EDGE_CURVE ( 'NONE', #7771, #2794, #7559, .T. ) ;
#880 = DIRECTION ( 'NONE',  ( 0.000000000000000000, 0.000000000000000000, 1.000000000000000000 ) ) ;
#881 = ORIENTED_EDGE ( 'NONE', *, *, #456, .T. ) ;
#882 = CARTESIAN_POINT ( 'NONE',  ( -20.39492984189234193, 68.35783077700099852, 57.77763994648928758 ) ) ;
#883 = VERTEX_POINT ( 'NONE', #4209 ) ;
#884 = CARTESIAN_POINT ( 'NONE',  ( 72.74537776911411413, 51.19777907935424111, 13.99999999999684697 ) ) ;
#885 = CARTESIAN_POINT ( 'NONE',  ( -42.28714970833354414, 67.85093932666332250, -45.24349180210541732 ) ) ;
#886 = VERTEX_POINT ( 'NONE', #6359 ) ;
#887 = CARTESIAN_POINT ( 'NONE',  ( -72.89627863383235251, 46.91607545010642610, 16.34349546824513055 ) ) ;
#888 = CARTESIAN_POINT ( 'NONE',  ( 29.93782217350831232, 71.00000000000000000, 65.85382907247985429 ) ) ;
#889 = DIRECTION ( 'NONE',  ( -1.000000000000000000, 0.000000000000000000, 0.000000000000000000 ) ) ;
#890 = LINE ( 'NONE', #7755, #5240 ) ;
#891 = CARTESIAN_POINT ( 'NONE',  ( 71.63150105874159124, 53.09967776845674337, -16.36943979497167234 ) ) ;
#892 = CARTESIAN_POINT ( 'NONE',  ( 48.49704453753523836, 51.19777907934370376, -55.99934515595496975 ) ) ;
#893 = CARTESIAN_POINT ( 'NONE',  ( -73.04231049586095992, 47.93260228642032672, -15.64874095766951712 ) ) ;
#894 = ORIENTED_EDGE ( 'NONE', *, *, #6968, .T. ) ;
#895 = CARTESIAN_POINT ( 'NONE',  ( -74.53166453491229504, 48.61675045524524563, 149.0633290698246753 ) ) ;
#896 = CARTESIAN_POINT ( 'NONE',  ( 47.22223686493291694, 62.25354003921474089, 48.88375298030978655 ) ) ;
#897 = LINE ( 'NONE', #8453, #4349 ) ;
#898 = CARTESIAN_POINT ( 'NONE',  ( -64.83395491921810105, 69.31868612655860318, 13.99999999999999822 ) ) ;
#899 = DIRECTION ( 'NONE',  ( -0.8660254037844361541, 0.000000000000000000, -0.5000000000000041078 ) ) ;
#900 = DIRECTION ( 'NONE',  ( -0.4999999999999979461, 1.387778780781446267E-15, -0.8660254037844397068 ) ) ;
#901 = CARTESIAN_POINT ( 'NONE',  ( -20.69302988863252679, 56.99209030536391651, -68.64442477759816086 ) ) ;
#902 = CARTESIAN_POINT ( 'NONE',  ( 35.62216398452016364, 75.09058336585191284, -34.73791609918782086 ) ) ;
#903 = EDGE_CURVE ( 'NONE', #498, #8905, #3438, .T. ) ;
#904 =( NAMED_UNIT ( * ) SI_UNIT ( $, .STERADIAN. ) SOLID_ANGLE_UNIT ( ) );
#905 = CARTESIAN_POINT ( 'NONE',  ( 66.70000000000000284, 43.00000000000000000, 0.000000000000000000 ) ) ;
#906 = CARTESIAN_POINT ( 'NONE',  ( -72.71679280154886271, 48.61675045524525984, -16.34738703895267875 ) ) ;
#907 = DIRECTION ( 'NONE',  ( -0.000000000000000000, -1.000000000000000000, -0.000000000000000000 ) ) ;
#908 = CARTESIAN_POINT ( 'NONE',  ( -24.37286708799281953, 50.13673092389644381, 70.21504412254000727 ) ) ;
#909 = CARTESIAN_POINT ( 'NONE',  ( 81.66558786102747547, 51.39722982142121310, -2.375509760123813763 ) ) ;
#910 = EDGE_CURVE ( 'NONE', #6639, #1331, #3535, .T. ) ;
#911 = ORIENTED_EDGE ( 'NONE', *, *, #4906, .T. ) ;
#912 = CARTESIAN_POINT ( 'NONE',  ( -42.50683550879433881, 70.76234598748703775, -50.51420207124983364 ) ) ;
#913 = EDGE_LOOP ( 'NONE', ( #2993, #4816, #8626, #8030, #780 ) ) ;
#914 = CARTESIAN_POINT ( 'NONE',  ( -44.62435565298271456, 70.33830226810675867, 49.29165124598798542 ) ) ;
#915 = CARTESIAN_POINT ( 'NONE',  ( -20.22153365615137943, 58.45755855706298831, -67.85563064041565440 ) ) ;
#916 = CARTESIAN_POINT ( 'NONE',  ( 50.32306747399093183, 48.33918353723858985, 55.03993673183880020 ) ) ;
#917 = ADVANCED_FACE ( 'NONE', ( #2758 ), #7685, .F. ) ;
#918 = CARTESIAN_POINT ( 'NONE',  ( 30.79209013378480009, 80.39275898494170747, -17.10425156969010274 ) ) ;
#919 = LINE ( 'NONE', #3118, #5457 ) ;
#920 = ORIENTED_EDGE ( 'NONE', *, *, #7246, .T. ) ;
#921 = CARTESIAN_POINT ( 'NONE',  ( -64.92001498056019670, 70.26377626125638187, 9.395670924447168559 ) ) ;
#922 = ORIENTED_EDGE ( 'NONE', *, *, #617, .F. ) ;
#923 = CARTESIAN_POINT ( 'NONE',  ( -17.60447784751818645, 69.72852694534908835, 64.89158497044412854 ) ) ;
#924 = ORIENTED_EDGE ( 'NONE', *, *, #1475, .F. ) ;
#925 = CARTESIAN_POINT ( 'NONE',  ( 46.06868955237219154, 76.00244097786294617, -12.47608504696532883 ) ) ;
#926 = CARTESIAN_POINT ( 'NONE',  ( -43.82786085934833409, 65.33113625351165865, -47.91208179543782819 ) ) ;
#927 =( BOUNDED_SURFACE ( )  B_SPLINE_SURFACE ( 3, 2, ( 
 ( #1197, #3299, #6071 ),
 ( #7465, #2114, #2260 ),
 ( #4248, #7113, #6448 ),
 ( #1429, #1479, #201 ),
 ( #2946, #1525, #6306 ),
 ( #4296, #884, #7020 ),
 ( #4987, #1381, #784 ),
 ( #4154, #5720, #101 ),
 ( #3573, #5574, #157 ),
 ( #8332, #4344, #2894 ),
 ( #4203, #8480, #5029 ),
 ( #7790, #53, #2068 ),
 ( #8286, #6351, #4879 ),
 ( #6978, #5621, #6263 ),
 ( #8, #2846, #2213 ),
 ( #5673, #1571, #3672 ),
 ( #6927, #8436, #7698 ),
 ( #690, #2991, #3480 ),
 ( #3528, #7745, #7644 ),
 ( #2800, #8379, #739 ) ),
 .UNSPECIFIED., .F., .F., .F. ) 
 B_SPLINE_SURFACE_WITH_KNOTS ( ( 4, 2, 2, 2, 2, 2, 2, 2, 2, 4 ),
 ( 3, 3 ),
 ( 0.01252048609958923177, 0.01610381331546555106, 0.01789547692340370810, 0.01968714053134186862, 0.02327046774721818617, 0.02685379496309450373, 0.03402044939484714231, 0.03581211300278530629, 0.03760377661072346334, 0.04118710382659977742 ),
 ( 0.000000000000000000, 1.000000000000000000 ),
 .UNSPECIFIED. ) 
 GEOMETRIC_REPRESENTATION_ITEM ( )  RATIONAL_B_SPLINE_SURFACE ( (
 ( 1.000000000000000000, 0.7806367264523393912, 1.000000000000000000),
 ( 1.000000000000000000, 0.7806525983861283269, 1.000000000000000000),
 ( 1.000000000000000000, 0.7804736193018190216, 1.000000000000000000),
 ( 1.000000000000000000, 0.7799347764559919627, 1.000000000000000000),
 ( 1.000000000000000000, 0.7797094506920911883, 1.000000000000000000),
 ( 1.000000000000000000, 0.7791796795195917724, 1.000000000000000000),
 ( 1.000000000000000000, 0.7788772256522643600, 1.000000000000000000),
 ( 1.000000000000000000, 0.7778777612652550966, 1.000000000000000000),
 ( 1.000000000000000000, 0.7770891790800102950, 1.000000000000000000),
 ( 1.000000000000000000, 0.7753695393483124310, 1.000000000000000000),
 ( 1.000000000000000000, 0.7744333973515923342, 1.000000000000000000),
 ( 1.000000000000000000, 0.7716017430423515178, 1.000000000000000000),
 ( 1.000000000000000000, 0.7696820186690259691, 1.000000000000000000),
 ( 1.000000000000000000, 0.7674401967819852732, 1.000000000000000000),
 ( 1.000000000000000000, 0.7669988342219447031, 1.000000000000000000),
 ( 1.000000000000000000, 0.7661320856131257351, 1.000000000000000000),
 ( 1.000000000000000000, 0.7657059992058140585, 1.000000000000000000),
 ( 1.000000000000000000, 0.7644628963688278045, 1.000000000000000000),
 ( 1.000000000000000000, 0.7636784586035656464, 1.000000000000000000),
 ( 1.000000000000000000, 0.7629366208023389273, 1.000000000000000000) ) ) 
 REPRESENTATION_ITEM ( '' )  SURFACE ( )  );
#928 = CARTESIAN_POINT ( 'NONE',  ( 73.50215154756890001, 53.49999999999999289, -2.499999999999995115 ) ) ;
#929 = EDGE_CURVE ( 'NONE', #7628, #1842, #1487, .T. ) ;
#930 = CARTESIAN_POINT ( 'NONE',  ( 47.40615395451055747, 64.04814215370484476, -22.28921032547081538 ) ) ;
#931 = ORIENTED_EDGE ( 'NONE', *, *, #2596, .F. ) ;
#932 = CARTESIAN_POINT ( 'NONE',  ( -42.66506350946189485, 53.49999999999999289, 68.89805770653902073 ) ) ;
#933 = EDGE_CURVE ( 'NONE', #8832, #883, #8385, .T. ) ;
#934 = B_SPLINE_CURVE_WITH_KNOTS ( 'NONE', 3,
 ( #8009, #1093, #2438, #6012 ),
 .UNSPECIFIED., .F., .F.,
 ( 4, 4 ),
 ( 0.003934532143711285193, 0.004345251362166939295 ),
 .UNSPECIFIED. ) ;
#935 = CARTESIAN_POINT ( 'NONE',  ( -28.54347538574285537, 70.64321809928574680, 58.47791945745542108 ) ) ;
#936 = CARTESIAN_POINT ( 'NONE',  ( 72.11038302846631609, 53.27527253398267959, -14.00000000003133138 ) ) ;
#937 = CARTESIAN_POINT ( 'NONE',  ( -75.95415100693793420, 46.00941022204251851, 14.00000000000000000 ) ) ;
#938 = CARTESIAN_POINT ( 'NONE',  ( -49.92931711582161114, 46.05586463635719952, 58.48011403181962464 ) ) ;
#939 = B_SPLINE_CURVE_WITH_KNOTS ( 'NONE', 3,
 ( #8584, #4573, #1069, #6631 ),
 .UNSPECIFIED., .F., .F.,
 ( 4, 4 ),
 ( 0.008610815975175982462, 0.008985602743808124987 ),
 .UNSPECIFIED. ) ;
#940 = ORIENTED_EDGE ( 'NONE', *, *, #6760, .T. ) ;
#941 = DIRECTION ( 'NONE',  ( 1.000000000000000000, -0.000000000000000000, 0.000000000000000000 ) ) ;
#942 = CARTESIAN_POINT ( 'NONE',  ( 40.13630694890268558, 56.59566875675716346, -71.16184761490208643 ) ) ;
#943 = ORIENTED_EDGE ( 'NONE', *, *, #972, .T. ) ;
#944 = CARTESIAN_POINT ( 'NONE',  ( 35.88951635047032340, 68.99604076210427195, -23.66871674420780991 ) ) ;
#945 = CARTESIAN_POINT ( 'NONE',  ( 25.15475220193246386, 68.58148004594080760, -58.87585079815366385 ) ) ;
#946 = VECTOR ( 'NONE', #328, 999.9999999999998863 ) ;
#947 = AXIS2_PLACEMENT_3D ( 'NONE', #7169, #1681, #5085 ) ;
#948 = ORIENTED_EDGE ( 'NONE', *, *, #4040, .T. ) ;
#949 = CARTESIAN_POINT ( 'NONE',  ( -42.06217782649175518, 71.00000000000000000, 58.85382907247908690 ) ) ;
#950 = CARTESIAN_POINT ( 'NONE',  ( 36.67042509296675945, 74.58141211894823641, -35.19475337914104074 ) ) ;
#951 = CARTESIAN_POINT ( 'NONE',  ( -33.80602486993845446, 71.49174360388099103, 55.53761743576116316 ) ) ;
#952 = CARTESIAN_POINT ( 'NONE',  ( 23.87564434701720728, 0.000000000000000000, 69.35382907247979745 ) ) ;
#953 = CARTESIAN_POINT ( 'NONE',  ( -20.37564434701859284, 0.000000000000000000, 63.29165124598826253 ) ) ;
#954 = CARTESIAN_POINT ( 'NONE',  ( 72.00000000000000000, 71.00000000000000000, 4.499999999999998224 ) ) ;
#955 = EDGE_CURVE ( 'NONE', #1768, #7112, #7417, .T. ) ;
#956 = CARTESIAN_POINT ( 'NONE',  ( -40.72500497139261455, 70.78531979700611032, -51.54294241166897450 ) ) ;
#957 = CARTESIAN_POINT ( 'NONE',  ( -20.16052932983972568, 68.75439463849414778, 62.91906110676342934 ) ) ;
#958 = LINE ( 'NONE', #3655, #1259 ) ;
#959 = DIRECTION ( 'NONE',  ( 0.4999999999999919509, 0.000000000000000000, 0.8660254037844432595 ) ) ;
#960 = CIRCLE ( 'NONE', #3879, 3.500000000000003997 ) ;
#961 = CARTESIAN_POINT ( 'NONE',  ( -50.59889340631362842, 45.87634716325730722, -54.95257857073205088 ) ) ;
#962 = CARTESIAN_POINT ( 'NONE',  ( 64.99999999999998579, 71.24824376404994553, -4.509128685163420691 ) ) ;
#963 = CARTESIAN_POINT ( 'NONE',  ( 81.69919809259921806, 56.67892245714764954, -0.4148027865536353942 ) ) ;
#964 = CARTESIAN_POINT ( 'NONE',  ( 33.14794548538579733, 82.30851889744060657, -18.14435864473836801 ) ) ;
#965 = CARTESIAN_POINT ( 'NONE',  ( 20.37564434701726768, 70.33830226810675867, 63.29165124598868886 ) ) ;
#966 = EDGE_CURVE ( 'NONE', #7170, #86, #5475, .T. ) ;
#967 = EDGE_CURVE ( 'NONE', #1768, #3619, #2871, .T. ) ;
#968 = CARTESIAN_POINT ( 'NONE',  ( -32.96891108675521309, 71.00000000000000000, 64.10382907247918638 ) ) ;
#969 = CIRCLE ( 'NONE', #1688, 2.500000000000004441 ) ;
#970 = CARTESIAN_POINT ( 'NONE',  ( -64.99999999999998579, 70.96746529199602094, -9.499788289590771484 ) ) ;
#971 = CARTESIAN_POINT ( 'NONE',  ( -72.00000000000000000, 71.00000000000000000, 10.50000000000000888 ) ) ;
#972 = EDGE_CURVE ( 'NONE', #6207, #2397, #8823, .T. ) ;
#973 = VERTEX_POINT ( 'NONE', #7621 ) ;
#974 = CARTESIAN_POINT ( 'NONE',  ( 0.000000000000000000, 80.99999999999998579, -14.00000000000000000 ) ) ;
#975 = ADVANCED_FACE ( 'NONE', ( #2237 ), #7404, .F. ) ;
#976 = VERTEX_POINT ( 'NONE', #905 ) ;
#977 = CARTESIAN_POINT ( 'NONE',  ( 39.14819694006892803, 78.66404235938964007, -11.57898954907886768 ) ) ;
#978 = DIRECTION ( 'NONE',  ( 1.387778780781446464E-15, 1.000000000000000000, -0.000000000000000000 ) ) ;
#979 = CARTESIAN_POINT ( 'NONE',  ( 68.87546675248943018, 58.45755855706298831, 16.41545347049861192 ) ) ;
#980 = ORIENTED_EDGE ( 'NONE', *, *, #7671, .F. ) ;
#981 = FACE_OUTER_BOUND ( 'NONE', #4137, .T. ) ;
#982 = CIRCLE ( 'NONE', #4463, 18.25000000000000000 ) ;
#983 = CARTESIAN_POINT ( 'NONE',  ( 46.32799954985517132, 65.15545244739435304, -20.34168471790026089 ) ) ;
#984 = CARTESIAN_POINT ( 'NONE',  ( 51.52930574286349952, 73.66458975381847551, -20.15837063828996278 ) ) ;
#985 = CARTESIAN_POINT ( 'NONE',  ( -26.24956320569904733, 68.59727111945984745, 58.04150269251613281 ) ) ;
#986 = CARTESIAN_POINT ( 'NONE',  ( 72.92990762246488146, 57.39959067743481569, -14.00000000000000888 ) ) ;
#987 = ADVANCED_FACE ( 'NONE', ( #4547, #1735, #8037 ), #4413, .T. ) ;
#988 = CARTESIAN_POINT ( 'NONE',  ( -29.93782217350969077, 71.00000000000000000, 65.85382907247922901 ) ) ;
#989 = PLANE ( 'NONE',  #1827 ) ;
#990 = ORIENTED_EDGE ( 'NONE', *, *, #4130, .T. ) ;
#991 = CARTESIAN_POINT ( 'NONE',  ( -44.03108891324536955, 53.49999999999999289, -69.26408311032406573 ) ) ;
#992 = CARTESIAN_POINT ( 'NONE',  ( 43.40536769995514987, 52.47785265412857569, 69.21611118345221314 ) ) ;
#993 = CARTESIAN_POINT ( 'NONE',  ( 15.80513287229709540, 67.42165079097325986, -60.38848733625282250 ) ) ;
#994 = ORIENTED_EDGE ( 'NONE', *, *, #151, .T. ) ;
#995 = CARTESIAN_POINT ( 'NONE',  ( -49.80219423662543932, 50.61866292744384310, 58.25993074624744850 ) ) ;
#996 = CARTESIAN_POINT ( 'NONE',  ( 53.04833549213208244, 69.84861327682989440, -26.06830092646529451 ) ) ;
#997 = CARTESIAN_POINT ( 'NONE',  ( -81.68817982772908692, 56.37051002672429689, 1.402753809665681528 ) ) ;
#998 = CARTESIAN_POINT ( 'NONE',  ( -12.12435565298220652, 80.99999999999998579, 6.999999999999887201 ) ) ;
#999 = AXIS2_PLACEMENT_3D ( 'NONE', #3890, #4481, #2497 ) ;
#1000 = CARTESIAN_POINT ( 'NONE',  ( -67.20181278930611768, 60.80372878173846374, -16.43867992338047301 ) ) ;
#1001 = AXIS2_PLACEMENT_3D ( 'NONE', #5371, #4464, #1785 ) ;
#1002 = DIRECTION ( 'NONE',  ( -0.000000000000000000, -1.000000000000000000, -0.000000000000000000 ) ) ;
#1003 = CARTESIAN_POINT ( 'NONE',  ( -19.82382546815598445, 67.97021128605156548, -62.33587291122434948 ) ) ;
#1004 = CARTESIAN_POINT ( 'NONE',  ( -44.29178473389308124, 68.41608997342393650, -48.71562151700669574 ) ) ;
#1005 = CARTESIAN_POINT ( 'NONE',  ( -36.75107577378430079, 53.49999999999999289, -63.65473047300844200 ) ) ;
#1006 = CARTESIAN_POINT ( 'NONE',  ( -48.79618970458261629, 48.00576291640054905, -56.51747978410697471 ) ) ;
#1007 = LINE ( 'NONE', #8513, #6413 ) ;
#1008 = B_SPLINE_CURVE_WITH_KNOTS ( 'NONE', 3,
 ( #1195, #1927, #5990, #6119, #6712, #8874, #3295, #1234, #6667, #2663, #1887, #3895, #6026, #6752, #2536, #6793 ),
 .UNSPECIFIED., .F., .F.,
 ( 4, 2, 2, 2, 2, 2, 2, 4 ),
 ( -1.074445212798500009E-05, 0.0006067862582658822054, 0.001224316968659749450, 0.002459378389447460737, 0.003076909099841316272, 0.003694439810235171807, 0.004311970520629026908, 0.004929501231022882443 ),
 .UNSPECIFIED. ) ;
#1009 =( BOUNDED_SURFACE ( )  B_SPLINE_SURFACE ( 3, 2, ( 
 ( #1193, #1883, #3379 ),
 ( #8183, #637, #2616 ),
 ( #2013, #5390, #6159 ),
 ( #8278, #5343, #8097 ),
 ( #1924, #4731, #3977 ),
 ( #1273, #4606, #6203 ),
 ( #4651, #7424, #3426 ),
 ( #548, #8141, #7549 ),
 ( #6840, #4016, #4688 ),
 ( #6114, #8871, #6748 ),
 ( #596, #7457, #1327 ),
 ( #5472, #2743, #8229 ),
 ( #3939, #4774, #4103 ),
 ( #7377, #466, #1 ),
 ( #877, #4242, #6343 ),
 ( #3664, #4870, #8427 ),
 ( #6441, #7106, #2983 ),
 ( #6254, #8473, #4924 ),
 ( #3521, #2793, #2940 ),
 ( #2156, #94, #8325 ) ),
 .UNSPECIFIED., .F., .F., .F. ) 
 B_SPLINE_SURFACE_WITH_KNOTS ( ( 4, 2, 2, 2, 2, 2, 2, 2, 2, 4 ),
 ( 3, 3 ),
 ( 0.01252048609958923350, 0.01610381331546555106, 0.01789547692340370810, 0.01968714053134186515, 0.02327046774721817923, 0.02685379496309449332, 0.03402044939484712149, 0.03581211300278527854, 0.03760377661072343558, 0.04118710382659974967 ),
 ( 0.000000000000000000, 1.000000000000000000 ),
 .UNSPECIFIED. ) 
 GEOMETRIC_REPRESENTATION_ITEM ( )  RATIONAL_B_SPLINE_SURFACE ( (
 ( 1.000000000000000000, 0.7806367264523382810, 1.000000000000000000),
 ( 1.000000000000000000, 0.7806525983865302276, 1.000000000000000000),
 ( 1.000000000000000000, 0.7804736193012842271, 1.000000000000000000),
 ( 1.000000000000000000, 0.7799347764562575280, 1.000000000000000000),
 ( 1.000000000000000000, 0.7797094506924612256, 1.000000000000000000),
 ( 1.000000000000000000, 0.7791796795192219571, 1.000000000000000000),
 ( 1.000000000000000000, 0.7788772256524297832, 1.000000000000000000),
 ( 1.000000000000000000, 0.7778777612649199202, 1.000000000000000000),
 ( 1.000000000000000000, 0.7770891790796760068, 1.000000000000000000),
 ( 1.000000000000000000, 0.7753695393486460530, 1.000000000000000000),
 ( 1.000000000000000000, 0.7744333973524596404, 1.000000000000000000),
 ( 1.000000000000000000, 0.7716017430406154620, 1.000000000000000000),
 ( 1.000000000000000000, 0.7696820186679605991, 1.000000000000000000),
 ( 1.000000000000000000, 0.7674401967822505055, 1.000000000000000000),
 ( 1.000000000000000000, 0.7669988342218775346, 1.000000000000000000),
 ( 1.000000000000000000, 0.7661320856131922374, 1.000000000000000000),
 ( 1.000000000000000000, 0.7657059992059479514, 1.000000000000000000),
 ( 1.000000000000000000, 0.7644628963685606848, 1.000000000000000000),
 ( 1.000000000000000000, 0.7636784586037659306, 1.000000000000000000),
 ( 1.000000000000000000, 0.7629366208023384832, 1.000000000000000000) ) ) 
 REPRESENTATION_ITEM ( '' )  SURFACE ( )  );
#1010 = CARTESIAN_POINT ( 'NONE',  ( -71.00000000000000000, 71.00000000000000000, 4.500000000000003553 ) ) ;
#1011 = CARTESIAN_POINT ( 'NONE',  ( 60.20053056545826564, 67.42165079097325986, -16.50659709052888502 ) ) ;
#1012 = DIRECTION ( 'NONE',  ( -1.000000000000000000, -0.000000000000000000, -0.000000000000000000 ) ) ;
#1013 = AXIS2_PLACEMENT_3D ( 'NONE', #567, #1822, #1783 ) ;
#1014 = LINE ( 'NONE', #968, #4073 ) ;
#1015 = CIRCLE ( 'NONE', #7256, 81.70000000000000284 ) ;
#1016 = PLANE ( 'NONE',  #6049 ) ;
#1017 = ORIENTED_EDGE ( 'NONE', *, *, #4787, .T. ) ;
#1018 = FACE_OUTER_BOUND ( 'NONE', #6799, .T. ) ;
#1019 = CIRCLE ( 'NONE', #3337, 2.500000000000003553 ) ;
#1020 = ORIENTED_EDGE ( 'NONE', *, *, #3776, .T. ) ;
#1021 = CARTESIAN_POINT ( 'NONE',  ( -39.84501218937586486, 69.26824522736522738, 51.39429361168342325 ) ) ;
#1022 = VECTOR ( 'NONE', #1840, 999.9999999999998863 ) ;
#1023 = CARTESIAN_POINT ( 'NONE',  ( 45.72627238489094736, 65.17649743225111081, -51.20022701136421261 ) ) ;
#1024 = AXIS2_PLACEMENT_3D ( 'NONE', #4952, #754, #3083 ) ;
#1025 = CARTESIAN_POINT ( 'NONE',  ( 32.48433927415304368, 76.74674589388665424, -32.50924407837332097 ) ) ;
#1026 = CARTESIAN_POINT ( 'NONE',  ( 44.32121138088486134, 66.53633179258321206, -18.78495415053189177 ) ) ;
#1027 = CARTESIAN_POINT ( 'NONE',  ( 49.23781154588846221, 75.77603246243546664, -16.72111233937981112 ) ) ;
#1028 = AXIS2_PLACEMENT_3D ( 'NONE', #2369, #3171, #3765 ) ;
#1029 = AXIS2_PLACEMENT_3D ( 'NONE', #4128, #2821, #7662 ) ;
#1030 = DIRECTION ( 'NONE',  ( 0.8660254037844431485, 0.000000000000000000, -0.4999999999999922839 ) ) ;
#1031 = CARTESIAN_POINT ( 'NONE',  ( -49.63530969230776435, 46.80642804332596540, 56.82955795155832135 ) ) ;
#1032 = EDGE_LOOP ( 'NONE', ( #2719, #2849 ) ) ;
#1033 = DIRECTION ( 'NONE',  ( -0.8660254037844361541, 0.000000000000000000, -0.5000000000000041078 ) ) ;
#1034 = EDGE_CURVE ( 'NONE', #3443, #7866, #3863, .T. ) ;
#1035 = CARTESIAN_POINT ( 'NONE',  ( -66.66980222800719957, 61.45732291407250614, -16.44555683978903815 ) ) ;
#1036 = PLANE ( 'NONE',  #7668 ) ;
#1037 = EDGE_CURVE ( 'NONE', #8477, #4516, #1134, .T. ) ;
#1038 = VERTEX_POINT ( 'NONE', #7347 ) ;
#1039 = CARTESIAN_POINT ( 'NONE',  ( -46.03681823766993375, 64.62690840039665829, 46.78160642398330538 ) ) ;
#1040 = CARTESIAN_POINT ( 'NONE',  ( 12.12435565298206086, 45.99999999999999289, 7.000000000000141220 ) ) ;
#1041 = CARTESIAN_POINT ( 'NONE',  ( 52.32236918680428062, 69.53631915589826917, -28.47619812443761234 ) ) ;
#1042 = B_SPLINE_CURVE_WITH_KNOTS ( 'NONE', 3,
 ( #8461, #6430, #3654, #815, #2241, #5745, #4276, #7182, #5650, #5010, #82, #184, #135, #7874, #7772, #7049, #2875, #1553, #7814, #4326, #7727, #3068, #8505, #765, #6332, #865, #2290, #1608, #5056, #8600, #273, #5152, #3736, #3602, #4416, #4371, #956, #7143 ),
 .UNSPECIFIED., .F., .F.,
 ( 4, 2, 2, 2, 2, 2, 2, 2, 2, 2, 2, 2, 2, 2, 2, 2, 2, 2, 4 ),
 ( 0.0003740696040165260717, 0.0009122905825379593395, 0.001450511561059392770, 0.001988732539580826200, 0.002526953518102259197, 0.003065174496623692194, 0.003603395475145126058, 0.004141616453666559054, 0.004410726942927294635, 0.004679837432188030215, 0.004948947921448764928, 0.005218058410709500508, 0.005756279389230962128, 0.006294500367752425482, 0.006832721346273887969, 0.007370942324795351323, 0.007909163303316814678, 0.008447384281838277165, 0.008985605260359739652 ),
 .UNSPECIFIED. ) ;
#1043 = CARTESIAN_POINT ( 'NONE',  ( -19.90035552566578403, 68.11553659766630631, 62.46842685913570392 ) ) ;
#1044 = CARTESIAN_POINT ( 'NONE',  ( -49.83922082758488870, 50.33324878643517764, -58.32406268302234054 ) ) ;
#1045 = CARTESIAN_POINT ( 'NONE',  ( 19.48363204378519242, 67.61734521269769971, 61.95229751266604978 ) ) ;
#1046 = EDGE_CURVE ( 'NONE', #1806, #5000, #7304, .T. ) ;
#1047 = ORIENTED_EDGE ( 'NONE', *, *, #356, .T. ) ;
#1048 = B_SPLINE_CURVE_WITH_KNOTS ( 'NONE', 3,
 ( #508, #8824, #2619, #5394, #4690, #3814, #6588, #7552, #5522, #4734 ),
 .UNSPECIFIED., .F., .F.,
 ( 4, 2, 2, 2, 4 ),
 ( 0.000000000000000000, 0.0006175157415189909708, 0.001235031483037981942, 0.001852547224556972804, 0.002470062966075963883 ),
 .UNSPECIFIED. ) ;
#1049 = CARTESIAN_POINT ( 'NONE',  ( -16.00225298937872154, 67.36105576203955536, -60.42067586488946773 ) ) ;
#1050 = CARTESIAN_POINT ( 'NONE',  ( -44.14906683162923429, 68.11553659766630631, -48.46842685913603788 ) ) ;
#1051 = CARTESIAN_POINT ( 'NONE',  ( 73.30362731098603035, 47.53496170213735894, -15.25324598290661271 ) ) ;
#1052 = CARTESIAN_POINT ( 'NONE',  ( -44.57275718486227589, 69.52068220640251184, 49.20228007761065925 ) ) ;
#1053 = CARTESIAN_POINT ( 'NONE',  ( 67.20181278930613189, 60.80372878173843532, -16.43867992338047301 ) ) ;
#1054 = DIRECTION ( 'NONE',  ( 1.000000000000000000, -0.000000000000000000, 0.000000000000000000 ) ) ;
#1055 = CARTESIAN_POINT ( 'NONE',  ( 20.36516013100217037, 69.92428822641963393, 63.27349205117300812 ) ) ;
#1056 = CARTESIAN_POINT ( 'NONE',  ( -64.99999999999998579, 70.33830226810667341, 14.00000000000000000 ) ) ;
#1057 = CARTESIAN_POINT ( 'NONE',  ( 20.37564434701726768, 80.99999999999998579, 63.29165124598868886 ) ) ;
#1058 = ORIENTED_EDGE ( 'NONE', *, *, #3140, .T. ) ;
#1059 = ORIENTED_EDGE ( 'NONE', *, *, #1280, .T. ) ;
#1060 = CARTESIAN_POINT ( 'NONE',  ( -38.91864494677484743, 68.73826010861060354, 51.25741484749564592 ) ) ;
#1061 = CARTESIAN_POINT ( 'NONE',  ( -26.43782217350878483, 71.00000000000000000, -59.79165124598856096 ) ) ;
#1062 = CARTESIAN_POINT ( 'NONE',  ( 41.78572573261078560, 64.63471761378610836, -30.02500000000003411 ) ) ;
#1063 = CARTESIAN_POINT ( 'NONE',  ( 47.54650808790451322, 63.01887910218093225, -25.41555140954982051 ) ) ;
#1064 = CARTESIAN_POINT ( 'NONE',  ( 32.10288568297033152, 71.00000000000000000, -64.60382907247944217 ) ) ;
#1065 = CARTESIAN_POINT ( 'NONE',  ( 45.33155889328211430, 65.95929522014515101, -50.51656318946485413 ) ) ;
#1066 = EDGE_CURVE ( 'NONE', #8318, #5862, #5377, .T. ) ;
#1067 = CARTESIAN_POINT ( 'NONE',  ( 64.97653019867503588, 70.99999999999808153, 4.499999999999998224 ) ) ;
#1068 = ORIENTED_EDGE ( 'NONE', *, *, #6597, .F. ) ;
#1069 = CARTESIAN_POINT ( 'NONE',  ( -36.40500710969405418, 71.24814534648243125, 54.03709434001928003 ) ) ;
#1070 = CARTESIAN_POINT ( 'NONE',  ( -63.11538806914267496, 65.00834819741251636, -16.48216696689897276 ) ) ;
#1071 = CARTESIAN_POINT ( 'NONE',  ( 31.32147860223147973, 69.04875912864970644, -51.49759822623408212 ) ) ;
#1072 = CARTESIAN_POINT ( 'NONE',  ( 24.41426094670548608, 69.78956602597116898, -60.67468317432103220 ) ) ;
#1073 = EDGE_CURVE ( 'NONE', #3207, #7509, #1163, .T. ) ;
#1074 = EDGE_CURVE ( 'NONE', #5345, #2941, #4567, .T. ) ;
#1075 = PRODUCT_DEFINITION_CONTEXT ( 'detailed design', #2079, 'design' ) ;
#1076 = ORIENTED_EDGE ( 'NONE', *, *, #6706, .T. ) ;
#1077 = EDGE_LOOP ( 'NONE', ( #1613, #8510, #1853, #4788, #8774 ) ) ;
#1078 = CARTESIAN_POINT ( 'NONE',  ( -47.23285297373004710, 57.23846896690350405, 53.80970113690362666 ) ) ;
#1079 = ADVANCED_FACE ( 'NONE', ( #520 ), #390, .F. ) ;
#1080 = DIRECTION ( 'NONE',  ( -0.000000000000000000, -1.000000000000000000, -0.000000000000000000 ) ) ;
#1081 = CARTESIAN_POINT ( 'NONE',  ( 50.58175755642916727, 69.57471749416899343, -31.34988610121576613 ) ) ;
#1082 = CARTESIAN_POINT ( 'NONE',  ( -81.63965085961420698, 53.49999999999852207, 3.139650859617251211 ) ) ;
#1083 = CARTESIAN_POINT ( 'NONE',  ( 39.40080135364957670, 68.96597822076711282, -51.32175083969958251 ) ) ;
#1084 = CARTESIAN_POINT ( 'NONE',  ( 23.87564434701818783, 80.99999999999998579, -69.35382907247948481 ) ) ;
#1085 = CARTESIAN_POINT ( 'NONE',  ( 41.78572573259913980, 81.89999999999999147, -30.02500000000005542 ) ) ;
#1086 = DIRECTION ( 'NONE',  ( -0.8660254037844398178, 0.000000000000000000, 0.4999999999999978906 ) ) ;
#1087 = ADVANCED_FACE ( 'NONE', ( #6079 ), #5953, .F. ) ;
#1088 = DIRECTION ( 'NONE',  ( 0.000000000000000000, 0.000000000000000000, -1.000000000000000000 ) ) ;
#1089 = CARTESIAN_POINT ( 'NONE',  ( 25.78437493449835216, 46.02785684633895613, -72.65984742795589568 ) ) ;
#1090 = CARTESIAN_POINT ( 'NONE',  ( 28.12142052290920446, 61.00000000000000000, 76.70772912669036714 ) ) ;
#1091 = AXIS2_PLACEMENT_3D ( 'NONE', #6936, #700, #2174 ) ;
#1092 = CARTESIAN_POINT ( 'NONE',  ( 72.63926948857650245, 57.89736674009616735, -14.00000000000005329 ) ) ;
#1093 = CARTESIAN_POINT ( 'NONE',  ( 75.95440446762000875, 46.00937601690883128, 14.00000000000000000 ) ) ;
#1094 = EDGE_CURVE ( 'NONE', #5013, #7459, #2772, .T. ) ;
#1095 = DIRECTION ( 'NONE',  ( 0.8660254037844432595, 0.000000000000000000, -0.4999999999999919509 ) ) ;
#1096 = ORIENTED_EDGE ( 'NONE', *, *, #3010, .T. ) ;
#1097 = CARTESIAN_POINT ( 'NONE',  ( -81.99999999999998579, 53.49999999999999289, 0.000000000000000000 ) ) ;
#1098 = ORIENTED_EDGE ( 'NONE', *, *, #2823, .F. ) ;
#1099 = CARTESIAN_POINT ( 'NONE',  ( 48.70138030737413715, 74.65318604098860078, -14.04533418325522121 ) ) ;
#1100 = PLANE ( 'NONE',  #4508 ) ;
#1101 = CARTESIAN_POINT ( 'NONE',  ( -20.37564434701770466, 0.000000000000000000, -63.29165124598855385 ) ) ;
#1102 = CARTESIAN_POINT ( 'NONE',  ( 47.16000733924109767, 62.85864500766467700, -26.59470001912047721 ) ) ;
#1103 = DIRECTION ( 'NONE',  ( -0.2588190451025297878, 8.659560562354935323E-17, 0.9659258262890659807 ) ) ;
#1104 = CARTESIAN_POINT ( 'NONE',  ( 43.99617625189225834, 68.39397752115090157, -48.20361260703196393 ) ) ;
#1105 = CARTESIAN_POINT ( 'NONE',  ( -24.32333437304556867, 70.26211178556559389, -60.91965363718540516 ) ) ;
#1106 = ORIENTED_EDGE ( 'NONE', *, *, #6211, .T. ) ;
#1107 = DIRECTION ( 'NONE',  ( 0.8660254037844328234, 0.000000000000000000, 0.5000000000000101030 ) ) ;
#1108 = CARTESIAN_POINT ( 'NONE',  ( -60.07291266399116836, 67.51887975670250341, -16.50756627583225722 ) ) ;
#1109 = CARTESIAN_POINT ( 'NONE',  ( -43.86863852105626194, 67.10144975086279828, -45.85474443652413612 ) ) ;
#1110 = B_SPLINE_CURVE_WITH_KNOTS ( 'NONE', 3,
 ( #3845, #8815, #7287, #2609, #371, #5384, #3163, #8135 ),
 .UNSPECIFIED., .F., .F.,
 ( 4, 2, 2, 4 ),
 ( 6.938893903907227607E-18, 0.008294572359190144697, 0.01244185853878521618, 0.01658914471838028939 ),
 .UNSPECIFIED. ) ;
#1111 = ORIENTED_EDGE ( 'NONE', *, *, #7870, .F. ) ;
#1112 = CARTESIAN_POINT ( 'NONE',  ( 27.71554473746597225, 69.04820565211821304, -53.57946247804733275 ) ) ;
#1113 = CARTESIAN_POINT ( 'NONE',  ( -44.14906683162993062, 68.11553659766627788, 48.46842685913546944 ) ) ;
#1114 = EDGE_CURVE ( 'NONE', #4119, #3512, #2171, .T. ) ;
#1116 = B_SPLINE_CURVE_WITH_KNOTS ( 'NONE', 3,
 ( #3769, #4357, #5691, #7129, #310, #896, #3685, #6459, #215, #5779, #5088, #7856, #1640, #4401, #8148, #7466 ),
 .UNSPECIFIED., .F., .F.,
 ( 4, 2, 2, 2, 2, 2, 2, 4 ),
 ( 0.000000000000000000, 0.002904847265335192951, 0.005809694530670385902, 0.01161938906134079262, 0.01452423632667599641, 0.01742908359201119847, 0.02033393085734640227, 0.02323877812268160606 ),
 .UNSPECIFIED. ) ;
#1115 = B_SPLINE_CURVE_WITH_KNOTS ( 'NONE', 3,
 ( #6064, #463, #4056, #4726, #3376, #8180, #3889, #6111, #2568, #6662, #1146, #418, #545, #8697, #8776, #6743, #8737, #7329 ),
 .UNSPECIFIED., .F., .F.,
 ( 4, 2, 2, 2, 2, 2, 2, 2, 4 ),
 ( 0.000000000000000000, 0.003241508590931717771, 0.006483017181863435542, 0.009724525772795152012, 0.01134528006826101935, 0.01296603436372688843, 0.01944905154559040811, 0.02269056013652218096, 0.02593206872745395380 ),
 .UNSPECIFIED. ) ;
#1117 = ORIENTED_EDGE ( 'NONE', *, *, #1781, .F. ) ;
#1118 = ORIENTED_EDGE ( 'NONE', *, *, #2596, .T. ) ;
#1119 = CARTESIAN_POINT ( 'NONE',  ( -43.05682317192236042, 69.87390944627894385, 46.57660534627704152 ) ) ;
#1120 = CARTESIAN_POINT ( 'NONE',  ( -18.80811186595737539, 69.87390944627894385, -60.57660534627758864 ) ) ;
#1121 = CARTESIAN_POINT ( 'NONE',  ( 49.47366208049167113, 69.75896299180513438, -32.59193698629182734 ) ) ;
#1122 = CARTESIAN_POINT ( 'NONE',  ( -81.67746940193873684, 56.03557454547195249, 1.926219935501478631 ) ) ;
#1123 = EDGE_CURVE ( 'NONE', #878, #367, #6824, .T. ) ;
#1124 = CARTESIAN_POINT ( 'NONE',  ( -22.97085560332159915, 70.79972856937999381, 61.79330532855774294 ) ) ;
#1125 = CIRCLE ( 'NONE', #6225, 2.500000000000002220 ) ;
#1126 = DIRECTION ( 'NONE',  ( 0.000000000000000000, 1.000000000000000000, 0.000000000000000000 ) ) ;
#1127 = CARTESIAN_POINT ( 'NONE',  ( 43.72724133595163920, 71.00000000000000000, 56.73780366869554115 ) ) ;
#1128 = CARTESIAN_POINT ( 'NONE',  ( 72.82751716945593046, 48.33918353723858985, -16.06108646291578879 ) ) ;
#1129 = DIRECTION ( 'NONE',  ( 0.8660254037844319353, 0.000000000000000000, 0.5000000000000116573 ) ) ;
#1130 = CARTESIAN_POINT ( 'NONE',  ( -60.32696670750900836, 67.36105576203949852, -16.35198032585716632 ) ) ;
#1131 = CIRCLE ( 'NONE', #1292, 2.500000000000002220 ) ;
#1132 = CONICAL_SURFACE ( 'NONE', #3180, 3.500000000000002665, 0.7853981633974482790 ) ;
#1133 = VERTEX_POINT ( 'NONE', #6128 ) ;
#1134 = B_SPLINE_CURVE_WITH_KNOTS ( 'NONE', 3,
 ( #8668, #5906, #4451, #2416, #3689, #3774, #6556, #8589, #5226, #388, #3098, #4406, #3824, #220, #5095, #7863, #3053, #5182, #5867, #6635, #5952, #7303, #1728, #945, #4494, #7263, #3727, #7990, #6596, #1772, #4538, #3138, #1072, #6507, #2378, #2508, #7808, #1593 ),
 .UNSPECIFIED., .F., .F.,
 ( 4, 2, 2, 2, 2, 2, 2, 2, 2, 2, 2, 2, 2, 2, 2, 2, 2, 2, 4 ),
 ( 0.0003740696040165261260, 0.0009122905825379730004, 0.001450511561059419875, 0.001988732539580866533, 0.002526953518102313841, 0.003065174496623760715, 0.003603395475145206722, 0.004141616453666653597, 0.004410726942927381371, 0.004679837432188109145, 0.004948947921448837786, 0.005218058410709565560, 0.005756279389231017639, 0.006294500367752471452, 0.006832721346273925266, 0.007370942324795379079, 0.007909163303316832025, 0.008447384281838284104, 0.008985605260359739652 ),
 .UNSPECIFIED. ) ;
#1135 = CARTESIAN_POINT ( 'NONE',  ( -63.33356562098449416, 68.49858830506835261, -7.157537731821985716 ) ) ;
#1136 = EDGE_CURVE ( 'NONE', #8693, #6016, #6173, .T. ) ;
#1137 = ORIENTED_EDGE ( 'NONE', *, *, #565, .F. ) ;
#1138 = CIRCLE ( 'NONE', #4347, 2.499999999999995115 ) ;
#1139 = VECTOR ( 'NONE', #4667, 999.9999999999998863 ) ;
#1140 = DIRECTION ( 'NONE',  ( 0.000000000000000000, 0.000000000000000000, -1.000000000000000000 ) ) ;
#1141 = AXIS2_PLACEMENT_3D ( 'NONE', #6719, #5905, #1810 ) ;
#1142 = ORIENTED_EDGE ( 'NONE', *, *, #5366, .F. ) ;
#1143 = CARTESIAN_POINT ( 'NONE',  ( -66.70000000000000284, 60.11331709634244902, 3.778914444731203234E-14 ) ) ;
#1144 = ORIENTED_EDGE ( 'NONE', *, *, #5534, .F. ) ;
#1145 = CARTESIAN_POINT ( 'NONE',  ( -36.37163061373798456, 70.64416282352651422, 53.95859145912840660 ) ) ;
#1146 = CARTESIAN_POINT ( 'NONE',  ( 24.19527909130641419, 57.89736674009617445, -69.90745268945104840 ) ) ;
#1147 = CARTESIAN_POINT ( 'NONE',  ( 33.63973962274513241, 76.10492791207643393, -33.53307405137146446 ) ) ;
#1148 = CARTESIAN_POINT ( 'NONE',  ( 52.00854312969953952, 71.64007117013787251, -21.59561118745631347 ) ) ;
#1149 = CARTESIAN_POINT ( 'NONE',  ( 43.81157460530452852, 67.29655345658420629, 47.08262665338553887 ) ) ;
#1150 = EDGE_CURVE ( 'NONE', #4861, #2986, #7561, .T. ) ;
#1151 = VECTOR ( 'NONE', #1433, 1000.000000000000000 ) ;
#1152 = ORIENTED_EDGE ( 'NONE', *, *, #202, .F. ) ;
#1153 = VECTOR ( 'NONE', #6740, 1000.000000000000000 ) ;
#1154 = CIRCLE ( 'NONE', #1886, 2.500000000000003109 ) ;
#1155 = DIRECTION ( 'NONE',  ( -0.2588190451025297878, 8.659560562354935323E-17, 0.9659258262890659807 ) ) ;
#1156 = ORIENTED_EDGE ( 'NONE', *, *, #4182, .F. ) ;
#1157 = DIRECTION ( 'NONE',  ( 0.000000000000000000, 0.000000000000000000, 1.000000000000000000 ) ) ;
#1158 = CARTESIAN_POINT ( 'NONE',  ( -69.79433062989052416, 56.99209030536487575, -16.40152282395201766 ) ) ;
#1159 = EDGE_LOOP ( 'NONE', ( #2504, #3372, #1539, #2158 ) ) ;
#1160 = CARTESIAN_POINT ( 'NONE',  ( -36.40501999028451507, 71.24824376404994553, -54.03708690340686616 ) ) ;
#1161 = AXIS2_PLACEMENT_3D ( 'NONE', #952, #6513, #3179 ) ;
#1162 = CARTESIAN_POINT ( 'NONE',  ( 19.96340200533989417, 83.58148700043116719, -39.92680401067980966 ) ) ;
#1163 = LINE ( 'NONE', #8715, #6257 ) ;
#1164 = CARTESIAN_POINT ( 'NONE',  ( -25.56266345813038043, 46.10331087986508436, -72.31830935635521485 ) ) ;
#1165 = ORIENTED_EDGE ( 'NONE', *, *, #4424, .T. ) ;
#1166 = VERTEX_POINT ( 'NONE', #1434 ) ;
#1167 = CARTESIAN_POINT ( 'NONE',  ( -47.33171289917366664, 61.51576396133796720, 53.98093155063027382 ) ) ;
#1168 = CLOSED_SHELL ( 'NONE', ( #5744, #680, #8590, #5734, #4146, #1909, #6852, #4124, #518, #7461, #2379, #7811, #5102, #6537, #3099, #1966, #3035, #862, #4652, #8731, #6862, #7560, #8779, #1709, #6072, #4625, #8909, #4361, #2865, #7407, #782, #8544, #1087, #6077, #8849, #3899, #4148, #6271, #8149, #4133, #5111, #8689, #1987, #3408, #7862, #7440, #7613, #7442, #3979, #3529, #6987, #729, #2239, #7294, #2930, #3817, #6030, #6794, #8594, #8061, #4370, #3064, #3595, #2640, #254, #8863, #5303, #2487, #2194, #2739, #5592, #1079, #8400, #1399, #5263, #1190, #1922, #8108, #1490, #6523, #5425, #733, #270, #2386, #128, #5644, #4075, #5547, #2318, #26, #2760, #2044, #7915, #4900, #8516, #1829, #8527, #8127, #8591, #4673, #7313, #987, #809, #8579, #8959, #2976, #404, #5581, #6313, #7193, #3090, #4534, #2572, #7638, #6010, #5253, #1716, #3253, #4858, #3991, #4597, #1599, #3581, #6636, #8424, #4676, #917, #1294, #1456, #5919, #4363, #2024, #1404, #2552, #564, #794, #3665, #2638, #5771, #4438, #240, #4730, #7799, #8801, #1762, #4088, #2628, #3103, #2087, #3245, #3406, #3548, #4325, #2028, #4228, #3460, #2955, #975, #2554, #3100, #657, #3978, #8025, #4204, #3695, #3468, #6432, #2422, #6001, #7526, #3644, #746, #5701, #7154, #8784, #6373, #5478, #3918, #1873, #3139, #2925, #2320, #4240, #4849, #2398, #3734 ) ) ;
#1169 = CARTESIAN_POINT ( 'NONE',  ( -19.79075284806743795, 64.94776857188021779, -62.27858945291498571 ) ) ;
#1170 = EDGE_CURVE ( 'NONE', #7338, #4477, #4114, .T. ) ;
#1171 = CARTESIAN_POINT ( 'NONE',  ( 46.81492948925606612, 70.47718656445080398, -34.50537469983919436 ) ) ;
#1172 = CARTESIAN_POINT ( 'NONE',  ( 24.58327197799715691, 45.87307673031753552, -70.57947608217472180 ) ) ;
#1173 = CARTESIAN_POINT ( 'NONE',  ( 37.86539231479596879, 68.49858830506830998, -51.26970787411021035 ) ) ;
#1174 = CARTESIAN_POINT ( 'NONE',  ( 28.99153191420888831, 80.09290529673883441, -21.80698901551382107 ) ) ;
#1175 = CARTESIAN_POINT ( 'NONE',  ( 0.000000000000000000, 49.00000000000000000, 0.000000000000000000 ) ) ;
#1176 = EDGE_CURVE ( 'NONE', #7893, #6060, #4644, .T. ) ;
#1177 = CARTESIAN_POINT ( 'NONE',  ( 41.00000000000033396, 53.49999999999999289, -71.01408311032378151 ) ) ;
#1178 = CARTESIAN_POINT ( 'NONE',  ( 75.02648211023540625, 46.22973997552795566, -14.09925208923608153 ) ) ;
#1179 = CARTESIAN_POINT ( 'NONE',  ( 22.50444969546484586, 48.33918353723855432, -71.10102319475404897 ) ) ;
#1180 = CARTESIAN_POINT ( 'NONE',  ( -22.20114393954477094, 48.61675045524525984, -71.14828336734710490 ) ) ;
#1181 = CARTESIAN_POINT ( 'NONE',  ( -63.31893352917572315, 68.54262392680477944, -6.532118491778586389 ) ) ;
#1182 = EDGE_CURVE ( 'NONE', #7459, #5013, #8714, .T. ) ;
#1183 = EDGE_CURVE ( 'NONE', #2579, #8754, #7865, .T. ) ;
#1184 = CARTESIAN_POINT ( 'NONE',  ( 0.000000000000000000, 9.500000000000000000, 0.000000000000000000 ) ) ;
#1185 = ORIENTED_EDGE ( 'NONE', *, *, #6644, .T. ) ;
#1186 = DIRECTION ( 'NONE',  ( -0.000000000000000000, -1.000000000000000000, -0.000000000000000000 ) ) ;
#1187 = ORIENTED_EDGE ( 'NONE', *, *, #2484, .T. ) ;
#1188 = CARTESIAN_POINT ( 'NONE',  ( 24.93090091686160648, 68.73826010861061775, 59.33324262852166697 ) ) ;
#1189 = DIRECTION ( 'NONE',  ( -0.8660254037844363761, 0.000000000000000000, -0.5000000000000039968 ) ) ;
#1190 = ADVANCED_FACE ( 'NONE', ( #5813 ), #5039, .T. ) ;
#1191 = CARTESIAN_POINT ( 'NONE',  ( 52.73967839717742834, 69.66616244465571128, -27.27653595759936067 ) ) ;
#1192 = CARTESIAN_POINT ( 'NONE',  ( 50.54844196883351515, 74.69874155402250437, -18.30282711675154417 ) ) ;
#1193 = CARTESIAN_POINT ( 'NONE',  ( 22.29088234255669221, 45.87634716325730722, 71.29621637861480110 ) ) ;
#1194 = ORIENTED_EDGE ( 'NONE', *, *, #6036, .T. ) ;
#1195 = CARTESIAN_POINT ( 'NONE',  ( -22.20114393954578347, 48.61675045524525984, 71.14828336734677805 ) ) ;
#1196 = ORIENTED_EDGE ( 'NONE', *, *, #4537, .F. ) ;
#1197 = CARTESIAN_POINT ( 'NONE',  ( 72.88977574887108801, 45.87634716325730722, 16.34363780788266141 ) ) ;
#1198 = EDGE_CURVE ( 'NONE', #7288, #342, #890, .T. ) ;
#1199 = DIRECTION ( 'NONE',  ( 0.000000000000000000, 0.000000000000000000, 1.000000000000000000 ) ) ;
#1200 = EDGE_CURVE ( 'NONE', #1422, #8435, #5455, .T. ) ;
#1201 = EDGE_LOOP ( 'NONE', ( #6638, #2931, #7320 ) ) ;
#1202 = CARTESIAN_POINT ( 'NONE',  ( -39.62918299703643044, 50.62960912342107633, 71.44546143365326429 ) ) ;
#1203 = CARTESIAN_POINT ( 'NONE',  ( -75.81746117496031445, 46.02785684633894903, -14.00000000000000000 ) ) ;
#1204 = CARTESIAN_POINT ( 'NONE',  ( -25.15986046986557056, 46.30971242683345679, -71.89202420230277824 ) ) ;
#1205 = ORIENTED_EDGE ( 'NONE', *, *, #4839, .T. ) ;
#1206 = ORIENTED_EDGE ( 'NONE', *, *, #1280, .F. ) ;
#1207 = CARTESIAN_POINT ( 'NONE',  ( 43.93945776398096825, 67.11011901865585116, -45.43674623218885955 ) ) ;
#1208 = CARTESIAN_POINT ( 'NONE',  ( 52.28924217224736282, 71.84310319151038016, -24.77547682815672303 ) ) ;
#1209 = CARTESIAN_POINT ( 'NONE',  ( 23.87564434701720728, 60.99999999999999289, 69.35382907247979745 ) ) ;
#1210 = CARTESIAN_POINT ( 'NONE',  ( 40.69776887033733459, 70.60771697037360184, -51.53981257873397936 ) ) ;
#1211 = CARTESIAN_POINT ( 'NONE',  ( -45.25124237241456626, 73.27866529735059942, 5.541678912881857933E-15 ) ) ;
#1212 = CARTESIAN_POINT ( 'NONE',  ( -64.99999999999998579, 0.000000000000000000, -14.00000000000000000 ) ) ;
#1213 = CARTESIAN_POINT ( 'NONE',  ( 73.50215154756890001, 53.49999999999999289, 2.499999999999995115 ) ) ;
#1214 = CARTESIAN_POINT ( 'NONE',  ( -72.00000000000000000, 60.99999999999999289, -14.00000000000000000 ) ) ;
#1215 = LINE ( 'NONE', #4001, #2287 ) ;
#1216 = CARTESIAN_POINT ( 'NONE',  ( -64.97653019867827595, 71.00000000002408740, 4.500000000000003553 ) ) ;
#1217 = VERTEX_POINT ( 'NONE', #5857 ) ;
#1218 = CARTESIAN_POINT ( 'NONE',  ( -20.37564434701859284, 80.99999999999998579, 63.29165124598826253 ) ) ;
#1219 = CARTESIAN_POINT ( 'NONE',  ( 16.00052773607401946, 67.35917425946304604, -60.41865471055906767 ) ) ;
#1220 = ORIENTED_EDGE ( 'NONE', *, *, #5868, .F. ) ;
#1221 = CARTESIAN_POINT ( 'NONE',  ( -42.06217782649175518, 71.00000000000000000, 58.85382907247908690 ) ) ;
#1222 = AXIS2_PLACEMENT_3D ( 'NONE', #5442, #4032, #2474 ) ;
#1223 = ORIENTED_EDGE ( 'NONE', *, *, #8309, .T. ) ;
#1224 = CARTESIAN_POINT ( 'NONE',  ( 25.35338224736818091, 68.51639824282605673, 58.57033098617265665 ) ) ;
#1225 = CARTESIAN_POINT ( 'NONE',  ( -81.69388152258650848, 50.46558744013714204, -1.017760214246239192 ) ) ;
#1226 = DIRECTION ( 'NONE',  ( -1.000000000000000000, -0.000000000000000000, -0.000000000000000000 ) ) ;
#1227 = EDGE_CURVE ( 'NONE', #6207, #5399, #5132, .T. ) ;
#1228 = CARTESIAN_POINT ( 'NONE',  ( 41.78572573259913980, 81.89999999999999147, -18.22500000000006537 ) ) ;
#1229 = EDGE_CURVE ( 'NONE', #8110, #198, #8445, .T. ) ;
#1230 = CARTESIAN_POINT ( 'NONE',  ( 43.86863852105594930, 67.10144975086279828, 45.85474443652444165 ) ) ;
#1231 = VERTEX_POINT ( 'NONE', #5772 ) ;
#1232 = LINE ( 'NONE', #6843, #3641 ) ;
#1233 = VERTEX_POINT ( 'NONE', #2999 ) ;
#1234 = CARTESIAN_POINT ( 'NONE',  ( -24.24046659113813007, 46.92052225583239533, 71.33294982009068974 ) ) ;
#1235 = ORIENTED_EDGE ( 'NONE', *, *, #4615, .T. ) ;
#1236 = DIRECTION ( 'NONE',  ( 0.000000000000000000, 0.000000000000000000, -1.000000000000000000 ) ) ;
#1237 = CARTESIAN_POINT ( 'NONE',  ( 39.39711431702941979, 71.00000000000000000, 59.23780366869549852 ) ) ;
#1238 = VECTOR ( 'NONE', #7576, 1000.000000000000114 ) ;
#1239 = ORIENTED_EDGE ( 'NONE', *, *, #1819, .T. ) ;
#1240 = CARTESIAN_POINT ( 'NONE',  ( 1.018163831797508618E-14, 95.24999999999998579, -12.24999999999999289 ) ) ;
#1241 = CYLINDRICAL_SURFACE ( 'NONE', #8568, 2.500000000000002220 ) ;
#1242 = EDGE_CURVE ( 'NONE', #2675, #5076, #3637, .T. ) ;
#1243 = DIRECTION ( 'NONE',  ( 0.000000000000000000, 0.000000000000000000, 1.000000000000000000 ) ) ;
#1244 = CARTESIAN_POINT ( 'NONE',  ( -23.76508790758456158, 47.27665630569250510, -71.16893764501445219 ) ) ;
#1245 = CARTESIAN_POINT ( 'NONE',  ( -16.59331447303999951, 67.21757477858392349, -60.54493349273054292 ) ) ;
#1246 = ORIENTED_EDGE ( 'NONE', *, *, #482, .F. ) ;
#1247 = ORIENTED_EDGE ( 'NONE', *, *, #8067, .F. ) ;
#1248 = DIRECTION ( 'NONE',  ( 4.474972159288442682E-17, 1.000000000000000000, 0.000000000000000000 ) ) ;
#1249 = CARTESIAN_POINT ( 'NONE',  ( 52.15332506721892258, 71.58281786111082567, -25.82415522018258969 ) ) ;
#1250 = DIRECTION ( 'NONE',  ( -0.5000000000000101030, -0.000000000000000000, 0.8660254037844328234 ) ) ;
#1251 = CARTESIAN_POINT ( 'NONE',  ( 71.29660207761369861, 60.24119735950315402, 13.99999999999999112 ) ) ;
#1252 = CARTESIAN_POINT ( 'NONE',  ( -72.00000000000000000, 53.49999999999999289, 0.000000000000000000 ) ) ;
#1253 = CARTESIAN_POINT ( 'NONE',  ( 0.000000000000000000, 0.000000000000000000, 0.000000000000000000 ) ) ;
#1254 = CARTESIAN_POINT ( 'NONE',  ( -39.46843196434786449, 56.26927891503864032, -71.53434246748155090 ) ) ;
#1255 = CARTESIAN_POINT ( 'NONE',  ( 31.27642236415248433, 79.07238405319766628, -24.41109108889309809 ) ) ;
#1256 = SURFACE_STYLE_USAGE ( .BOTH. , #7487 ) ;
#1257 = FACE_BOUND ( 'NONE', #3683, .T. ) ;
#1258 = CARTESIAN_POINT ( 'NONE',  ( -39.62954141600000924, 50.62940869771456676, -71.44526239588232386 ) ) ;
#1259 = VECTOR ( 'NONE', #5790, 1000.000000000000000 ) ;
#1260 = ORIENTED_EDGE ( 'NONE', *, *, #6138, .T. ) ;
#1261 = CARTESIAN_POINT ( 'NONE',  ( 48.81395609591890405, 56.45424203979327160, 56.54825207656941188 ) ) ;
#1262 = CARTESIAN_POINT ( 'NONE',  ( -44.62435565298271456, 70.33830226810675867, 49.29165124598798542 ) ) ;
#1263 = ORIENTED_EDGE ( 'NONE', *, *, #8739, .T. ) ;
#1264 = CARTESIAN_POINT ( 'NONE',  ( 64.51132273572110876, 69.70509232733360250, -4.855844024296383843 ) ) ;
#1265 = AXIS2_PLACEMENT_3D ( 'NONE', #5397, #4785, #7506 ) ;
#1266 = EDGE_LOOP ( 'NONE', ( #6331, #1392, #1439, #65, #3701, #8735, #7712, #4541, #3353, #2418 ) ) ;
#1267 = VECTOR ( 'NONE', #28, 1000.000000000000114 ) ;
#1268 = CARTESIAN_POINT ( 'NONE',  ( 52.37013182887450569, 0.000000000000000000, -62.70772912668988397 ) ) ;
#1269 = CARTESIAN_POINT ( 'NONE',  ( -81.69999347536949585, 50.30017310666109154, 0.2092834357173594118 ) ) ;
#1270 = CARTESIAN_POINT ( 'NONE',  ( 32.76503437226259763, 76.58786845549502686, -32.77632156420419562 ) ) ;
#1271 = CARTESIAN_POINT ( 'NONE',  ( -72.00000000000000000, 71.00000000000000000, 3.500000000000002220 ) ) ;
#1272 = AXIS2_PLACEMENT_3D ( 'NONE', #6514, #3015, #2289 ) ;
#1273 = CARTESIAN_POINT ( 'NONE',  ( 21.95646912119930150, 51.06858755565811947, 70.74426923893877017 ) ) ;
#1275 = EDGE_LOOP ( 'NONE', ( #2522, #3653, #5849, #3607 ) ) ;
#1274 = CIRCLE ( 'NONE', #4925, 18.25000000000000000 ) ;
#1276 = AXIS2_PLACEMENT_3D ( 'NONE', #5317, #5827, #2419 ) ;
#1277 = CARTESIAN_POINT ( 'NONE',  ( -63.74389181948986050, 68.85403784749225053, 5.708773146178965696 ) ) ;
#1278 = CARTESIAN_POINT ( 'NONE',  ( 16.19519211910972700, 66.83309344415620501, 61.05234784450095731 ) ) ;
#1279 = CARTESIAN_POINT ( 'NONE',  ( -25.67928447907078393, 68.50083817214023441, -58.25728236917649383 ) ) ;
#1280 = EDGE_CURVE ( 'NONE', #2786, #701, #2040, .T. ) ;
#1281 = ORIENTED_EDGE ( 'NONE', *, *, #8444, .T. ) ;
#1282 = CARTESIAN_POINT ( 'NONE',  ( -22.89404604978194513, 61.97093712385064634, -67.65365094904430521 ) ) ;
#1283 = VECTOR ( 'NONE', #2700, 1000.000000000000000 ) ;
#1284 = FACE_OUTER_BOUND ( 'NONE', #2356, .T. ) ;
#1285 = VECTOR ( 'NONE', #8493, 1000.000000000000114 ) ;
#1286 = ORIENTED_EDGE ( 'NONE', *, *, #5534, .T. ) ;
#1287 = CARTESIAN_POINT ( 'NONE',  ( 38.56217782649131465, 71.00000000000000000, -52.79165124598832648 ) ) ;
#1288 = CARTESIAN_POINT ( 'NONE',  ( 29.93782217350831232, 71.00000000000000000, 65.85382907247985429 ) ) ;
#1289 = AXIS2_PLACEMENT_3D ( 'NONE', #8153, #3986, #8066 ) ;
#1290 = AXIS2_PLACEMENT_3D ( 'NONE', #1097, #6658, #4561 ) ;
#1291 = VECTOR ( 'NONE', #8807, 1000.000000000000000 ) ;
#1292 = AXIS2_PLACEMENT_3D ( 'NONE', #462, #8775, #5339 ) ;
#1293 = LINE ( 'NONE', #4077, #6544 ) ;
#1294 = ADVANCED_FACE ( 'NONE', ( #1821 ), #6442, .F. ) ;
#1295 = LINE ( 'NONE', #568, #6192 ) ;
#1296 = CARTESIAN_POINT ( 'NONE',  ( -21.84365750218916702, 64.39919800490794444, 65.83432461692312643 ) ) ;
#1297 = EDGE_LOOP ( 'NONE', ( #6619, #5822, #4096, #7381 ) ) ;
#1298 = ORIENTED_EDGE ( 'NONE', *, *, #8405, .F. ) ;
#1299 = CARTESIAN_POINT ( 'NONE',  ( -62.85995339676188109, 67.36036662748425385, 14.31145289357713501 ) ) ;
#1300 = CARTESIAN_POINT ( 'NONE',  ( 28.57857792819420695, 71.37356801940973128, 58.55568533475167925 ) ) ;
#1301 = CARTESIAN_POINT ( 'NONE',  ( 0.000000000000000000, 0.000000000000000000, -77.70000000000000284 ) ) ;
#1302 = VECTOR ( 'NONE', #6543, 1000.000000000000000 ) ;
#1303 = VECTOR ( 'NONE', #6067, 1000.000000000000000 ) ;
#1304 = CARTESIAN_POINT ( 'NONE',  ( 60.20053056545826564, 67.42165079097325986, -16.50659709052888502 ) ) ;
#1305 = EDGE_CURVE ( 'NONE', #4399, #2986, #3499, .T. ) ;
#1306 = AXIS2_PLACEMENT_3D ( 'NONE', #8617, #4264, #3589 ) ;
#1307 = DIRECTION ( 'NONE',  ( -0.4848096202463446081, 1.049727191138618449E-16, 0.8746197071393915223 ) ) ;
#1308 = AXIS2_PLACEMENT_3D ( 'NONE', #2562, #3883, #2488 ) ;
#1309 = CARTESIAN_POINT ( 'NONE',  ( -24.34980051973171200, 70.09640354703702769, 60.84935066625914857 ) ) ;
#1310 = CARTESIAN_POINT ( 'NONE',  ( -42.05674435952894896, 56.37178971452915732, -70.04396273452724131 ) ) ;
#1311 = CARTESIAN_POINT ( 'NONE',  ( -64.99999999999998579, 71.00000000000000000, 7.000000000000005329 ) ) ;
#1312 = SURFACE_STYLE_FILL_AREA ( #2189 ) ;
#1313 = CARTESIAN_POINT ( 'NONE',  ( 0.000000000000000000, 0.000000000000000000, 0.000000000000000000 ) ) ;
#1314 = CARTESIAN_POINT ( 'NONE',  ( -64.91963482607442870, 70.26211178556560810, -9.395201346791843378 ) ) ;
#1315 = EDGE_LOOP ( 'NONE', ( #5511, #8089, #3819, #8915 ) ) ;
#1316 = CARTESIAN_POINT ( 'NONE',  ( 37.16867677366509071, 65.48387241166295780, -53.59618945393586387 ) ) ;
#1317 = CARTESIAN_POINT ( 'NONE',  ( 18.33679222534019360, 67.16491873033092475, -61.18169684081354376 ) ) ;
#1318 = CARTESIAN_POINT ( 'NONE',  ( 49.80375207476688360, 54.09044109428415936, 53.50903123645578319 ) ) ;
#1319 = ORIENTED_EDGE ( 'NONE', *, *, #4810, .T. ) ;
#1320 = CARTESIAN_POINT ( 'NONE',  ( 64.99999999999995737, 70.78531979700605348, -9.497417668639220878 ) ) ;
#1321 = AXIS2_PLACEMENT_3D ( 'NONE', #1384, #2848, #105 ) ;
#1322 = VERTEX_POINT ( 'NONE', #442 ) ;
#1323 = CARTESIAN_POINT ( 'NONE',  ( 28.42908925020463329, 70.30717204307060797, 58.42411936784179005 ) ) ;
#1324 = CARTESIAN_POINT ( 'NONE',  ( -40.49999999999983658, 53.49999999999999289, -70.14805770653961758 ) ) ;
#1325 = DIRECTION ( 'NONE',  ( 0.000000000000000000, 0.000000000000000000, 1.000000000000000000 ) ) ;
#1326 = CARTESIAN_POINT ( 'NONE',  ( 47.14509988609815139, 75.47928428745099438, -13.01831861374512300 ) ) ;
#1327 = CARTESIAN_POINT ( 'NONE',  ( 24.04600513753811342, 58.46542898070119776, 69.64890261727963150 ) ) ;
#1328 = ORIENTED_EDGE ( 'NONE', *, *, #2965, .F. ) ;
#1329 = FACE_OUTER_BOUND ( 'NONE', #5252, .T. ) ;
#1330 = CARTESIAN_POINT ( 'NONE',  ( 81.63965085961432067, 53.49999999999999289, -3.139650859614330880 ) ) ;
#1331 = VERTEX_POINT ( 'NONE', #316 ) ;
#1332 = CARTESIAN_POINT ( 'NONE',  ( 64.99999999999998579, 64.92052763320923248, 10.75044635049523656 ) ) ;
#1333 = ORIENTED_EDGE ( 'NONE', *, *, #6813, .T. ) ;
#1334 = CARTESIAN_POINT ( 'NONE',  ( 44.62435565298167717, 0.000000000000000000, 49.29165124598891623 ) ) ;
#1335 = CARTESIAN_POINT ( 'NONE',  ( 72.00000000000000000, 71.00000000000000000, -7.000000000000005329 ) ) ;
#1336 = ORIENTED_EDGE ( 'NONE', *, *, #7963, .T. ) ;
#1337 = CARTESIAN_POINT ( 'NONE',  ( -5.385340666084914820E-16, 85.56084588387216172, 0.000000000000000000 ) ) ;
#1338 = DIRECTION ( 'NONE',  ( 0.000000000000000000, 0.000000000000000000, 1.000000000000000000 ) ) ;
#1339 = DIRECTION ( 'NONE',  ( 0.4848096202463385573, 1.049727191138618203E-16, -0.8746197071393949640 ) ) ;
#1340 = CARTESIAN_POINT ( 'NONE',  ( 63.65603546720772954, 68.62506435647097192, 7.795332282648880451 ) ) ;
#1341 = EDGE_CURVE ( 'NONE', #6062, #7854, #6686, .T. ) ;
#1342 = CARTESIAN_POINT ( 'NONE',  ( -22.35048501412392241, 48.47834918484084454, -71.12035744944428473 ) ) ;
#1343 = DIRECTION ( 'NONE',  ( 0.8660254037844328234, 0.000000000000000000, 0.5000000000000101030 ) ) ;
#1344 = ORIENTED_EDGE ( 'NONE', *, *, #7356, .T. ) ;
#1345 = ORIENTED_EDGE ( 'NONE', *, *, #8395, .T. ) ;
#1346 = DIRECTION ( 'NONE',  ( -1.000000000000000000, 4.474972159288442682E-17, 0.000000000000000000 ) ) ;
#1347 = CARTESIAN_POINT ( 'NONE',  ( -73.38106283475856628, 56.45032650170057309, -14.00000000000000888 ) ) ;
#1348 = CARTESIAN_POINT ( 'NONE',  ( 23.93083586126347129, 53.27527253398108087, -69.44942357925488352 ) ) ;
#1349 = CARTESIAN_POINT ( 'NONE',  ( 60.73014323639767298, 67.21756541262416818, -15.90219810501430864 ) ) ;
#1350 = CARTESIAN_POINT ( 'NONE',  ( -75.81746117496030024, 46.02785684633895613, 14.00000000000000000 ) ) ;
#1351 = EDGE_CURVE ( 'NONE', #5385, #5689, #874, .T. ) ;
#1352 = EDGE_CURVE ( 'NONE', #2986, #4399, #5965, .T. ) ;
#1353 = EDGE_CURVE ( 'NONE', #3988, #4477, #2548, .T. ) ;
#1354 = DIRECTION ( 'NONE',  ( 1.000000000000000000, 1.387778780781446464E-15, 0.000000000000000000 ) ) ;
#1355 = CARTESIAN_POINT ( 'NONE',  ( -29.93782217350877417, 71.00000000000000000, -65.85382907247965534 ) ) ;
#1356 = CARTESIAN_POINT ( 'NONE',  ( 40.69783026399266390, 70.60829653923211424, 51.53981774611149547 ) ) ;
#1357 = B_SPLINE_CURVE_WITH_KNOTS ( 'NONE', 3,
 ( #1780, #8118, #1124, #4668 ),
 .UNSPECIFIED., .F., .F.,
 ( 4, 4 ),
 ( 5.930217600097903544E-16, 0.004536617054218354365 ),
 .UNSPECIFIED. ) ;
#1358 = B_SPLINE_CURVE_WITH_KNOTS ( 'NONE', 3,
 ( #4316, #120, #5090, #3545, #5735, #7081, #802, #6319, #7172, #2859, #1641, #6368, #3638, #4953, #7857, #7716, #2912, #1497, #5693, #942, #2231, #4265, #5001, #5047, #3590, #2279, #6504, #261, #3049, #7762, #6421, #7805, #8541, #1589 ),
 .UNSPECIFIED., .F., .F.,
 ( 4, 2, 2, 2, 2, 2, 2, 2, 2, 2, 2, 2, 2, 2, 2, 2, 4 ),
 ( 0.007165626288882222424, 0.007786878174683454015, 0.008408130060484686474, 0.009029381946285917199, 0.009650633832087149658, 0.01027188571788838212, 0.01089313760368961284, 0.01151438948949084530, 0.01213564137529207776, 0.01275689326109330848, 0.01337814514689453921, 0.01399939703269577340, 0.01462064891849700413, 0.01524190080429823485, 0.01586315269009946904, 0.01648440457590069977, 0.01710565646170193049 ),
 .UNSPECIFIED. ) ;
#1359 = CARTESIAN_POINT ( 'NONE',  ( -62.32612144191248404, 67.19864238473648754, -14.60097118743594713 ) ) ;
#1360 = CARTESIAN_POINT ( 'NONE',  ( -63.94396847774896742, 69.02699666791919242, -5.457386772049837909 ) ) ;
#1361 = ORIENTED_EDGE ( 'NONE', *, *, #183, .T. ) ;
#1362 = EDGE_CURVE ( 'NONE', #2655, #868, #1900, .T. ) ;
#1363 = CARTESIAN_POINT ( 'NONE',  ( 17.60447784751773170, 69.72852694534907414, -64.89158497044429907 ) ) ;
#1364 = CARTESIAN_POINT ( 'NONE',  ( 17.37968718960644665, 67.11011714587894517, -60.77107372865081913 ) ) ;
#1365 = CARTESIAN_POINT ( 'NONE',  ( 47.33171289919378211, 61.51576396131294899, 53.98093155066810311 ) ) ;
#1366 = ORIENTED_EDGE ( 'NONE', *, *, #1945, .F. ) ;
#1367 = CARTESIAN_POINT ( 'NONE',  ( 63.31673277267764632, 68.54077820446758551, -6.542010991090889682 ) ) ;
#1368 = VERTEX_POINT ( 'NONE', #3828 ) ;
#1369 = CARTESIAN_POINT ( 'NONE',  ( 44.61387143696727264, 69.92428822641960551, -49.27349205117264574 ) ) ;
#1370 = CARTESIAN_POINT ( 'NONE',  ( 50.82171856232071860, 71.13191650908471786, -29.52149380537118262 ) ) ;
#1371 = FACE_OUTER_BOUND ( 'NONE', #8238, .T. ) ;
#1372 = CARTESIAN_POINT ( 'NONE',  ( 39.99878383603877552, 78.39280751273506098, -11.46954709516695026 ) ) ;
#1373 = CARTESIAN_POINT ( 'NONE',  ( 39.83943904345559872, 68.35783077699288413, 46.55134732471424996 ) ) ;
#1374 = CIRCLE ( 'NONE', #2995, 18.25000000000000000 ) ;
#1375 = ORIENTED_EDGE ( 'NONE', *, *, #2270, .T. ) ;
#1376 = CARTESIAN_POINT ( 'NONE',  ( -63.30010711279547309, 68.52590978556901291, 6.629635882415298553 ) ) ;
#1377 = CARTESIAN_POINT ( 'NONE',  ( 20.22153365615085718, 58.45755855706299542, 67.85563064041582493 ) ) ;
#1378 = VERTEX_POINT ( 'NONE', #6601 ) ;
#1379 = CARTESIAN_POINT ( 'NONE',  ( -28.54369564916281021, 70.64416282352652843, -58.47805181812486097 ) ) ;
#1380 = VERTEX_POINT ( 'NONE', #3144 ) ;
#1381 = CARTESIAN_POINT ( 'NONE',  ( 72.60086162208644112, 51.72162299948589492, 13.99999999999531752 ) ) ;
#1382 = DIRECTION ( 'NONE',  ( -0.8660254037844361541, 0.000000000000000000, -0.5000000000000041078 ) ) ;
#1383 = CARTESIAN_POINT ( 'NONE',  ( 42.64481120872931541, 51.10115112018021932, 69.68737893546399675 ) ) ;
#1384 = CARTESIAN_POINT ( 'NONE',  ( 36.75107577378475554, 53.49999999999999289, -63.65473047300819331 ) ) ;
#1385 = EDGE_LOOP ( 'NONE', ( #7, #1426 ) ) ;
#1386 = CARTESIAN_POINT ( 'NONE',  ( -40.48839911831915117, 50.32125663749856415, 70.96211177564391903 ) ) ;
#1387 = CARTESIAN_POINT ( 'NONE',  ( -49.83937475237127757, 50.33153266396303138, 58.32432928857080157 ) ) ;
#1388 = DIRECTION ( 'NONE',  ( 0.000000000000000000, 0.000000000000000000, 1.000000000000000000 ) ) ;
#1389 = CARTESIAN_POINT ( 'NONE',  ( 64.51890007846159847, 69.38428490166307938, 8.914523470575733910 ) ) ;
#1390 = CARTESIAN_POINT ( 'NONE',  ( 50.03287401029601256, 45.85812873523628497, -58.65947983452439729 ) ) ;
#1391 = DIRECTION ( 'NONE',  ( 0.5000000000000039968, -0.000000000000000000, -0.8660254037844362651 ) ) ;
#1392 = ORIENTED_EDGE ( 'NONE', *, *, #5859, .T. ) ;
#1393 = ORIENTED_EDGE ( 'NONE', *, *, #1352, .T. ) ;
#1394 = CARTESIAN_POINT ( 'NONE',  ( -61.31913725907185864, 67.11011714587894517, 15.33428624829953790 ) ) ;
#1395 = CARTESIAN_POINT ( 'NONE',  ( 38.10080802636752395, 53.50000000000020606, -72.27183703032522999 ) ) ;
#1396 = CARTESIAN_POINT ( 'NONE',  ( 19.79609569916603817, 59.75118097122486205, -67.14345530806619422 ) ) ;
#1397 = CARTESIAN_POINT ( 'NONE',  ( 75.81746117496031445, 46.02785684633894903, 14.00000000000000000 ) ) ;
#1398 = CARTESIAN_POINT ( 'NONE',  ( 45.25124237241456626, 73.27866529735059942, 0.000000000000000000 ) ) ;
#1399 = ADVANCED_FACE ( 'NONE', ( #1777 ), #5911, .T. ) ;
#1400 = CIRCLE ( 'NONE', #5183, 2.500000000000002220 ) ;
#1401 = CARTESIAN_POINT ( 'NONE',  ( -72.00000000000000000, 71.00000000000000000, 7.000000000000005329 ) ) ;
#1402 = EDGE_CURVE ( 'NONE', #1842, #2918, #6873, .T. ) ;
#1403 = LINE ( 'NONE', #4175, #7265 ) ;
#1404 = ADVANCED_FACE ( 'NONE', ( #3837 ), #4377, .F. ) ;
#1405 = CIRCLE ( 'NONE', #2868, 3.500000000000005773 ) ;
#1406 = CARTESIAN_POINT ( 'NONE',  ( 37.39148664840978142, 68.52590978556902712, 51.50468288074964818 ) ) ;
#1407 = CARTESIAN_POINT ( 'NONE',  ( -60.21965821326771362, 67.94710706915046217, -13.97092247388243180 ) ) ;
#1408 = CARTESIAN_POINT ( 'NONE',  ( 49.65591427187897722, 46.92052664019999497, -56.65932836135275608 ) ) ;
#1409 = CARTESIAN_POINT ( 'NONE',  ( 49.42691712388109693, 53.47322573449750394, 57.60993172005958485 ) ) ;
#1410 = CARTESIAN_POINT ( 'NONE',  ( 50.45199342410793975, 49.51133489086922879, 54.68499463283917805 ) ) ;
#1411 = EDGE_CURVE ( 'NONE', #5432, #8477, #8262, .T. ) ;
#1412 = VERTEX_POINT ( 'NONE', #8556 ) ;
#1413 = EDGE_LOOP ( 'NONE', ( #5956, #1711 ) ) ;
#1414 = CARTESIAN_POINT ( 'NONE',  ( 63.30010711279548730, 68.52590978556902712, -6.629635882415301218 ) ) ;
#1415 = EDGE_LOOP ( 'NONE', ( #5950, #8415, #6204, #7860, #7986 ) ) ;
#1416 = LINE ( 'NONE', #2247, #7518 ) ;
#1417 = CARTESIAN_POINT ( 'NONE',  ( 36.57972236269607436, 77.22336664434854470, -33.24911009478987012 ) ) ;
#1418 = DIRECTION ( 'NONE',  ( 0.5000000000000041078, -0.000000000000000000, -0.8660254037844363761 ) ) ;
#1419 = EDGE_CURVE ( 'NONE', #2751, #5435, #1565, .T. ) ;
#1420 = CARTESIAN_POINT ( 'NONE',  ( 41.19140811550497716, 77.98324959811330359, -11.43544352337356251 ) ) ;
#1421 = CARTESIAN_POINT ( 'NONE',  ( 42.50683550882424555, 70.76234598750700400, 50.51420207123265982 ) ) ;
#1422 = VERTEX_POINT ( 'NONE', #5113 ) ;
#1423 = CARTESIAN_POINT ( 'NONE',  ( -63.32193053203076261, 68.49963253946567932, 7.077741748973042313 ) ) ;
#1424 = VECTOR ( 'NONE', #7185, 1000.000000000000000 ) ;
#1425 = CARTESIAN_POINT ( 'NONE',  ( 20.98379271469813290, 55.95718616389152089, 69.12947802408584153 ) ) ;
#1426 = ORIENTED_EDGE ( 'NONE', *, *, #6868, .F. ) ;
#1427 = CARTESIAN_POINT ( 'NONE',  ( 64.99999999999997158, 71.31128151840131579, 5.779224591925672172 ) ) ;
#1428 = ORIENTED_EDGE ( 'NONE', *, *, #3469, .T. ) ;
#1429 = CARTESIAN_POINT ( 'NONE',  ( 72.58459126990881316, 49.51133489086485895, 16.35021066042434157 ) ) ;
#1430 = CARTESIAN_POINT ( 'NONE',  ( -63.83021700212636063, 64.94776857186791119, 14.00000000000209255 ) ) ;
#1431 = CARTESIAN_POINT ( 'NONE',  ( 40.50000000000032685, 53.49999999999999289, -70.14805770653934758 ) ) ;
#1432 = CARTESIAN_POINT ( 'NONE',  ( 45.24649848484096282, 78.26637388598898326, -14.19092117539881137 ) ) ;
#1433 = DIRECTION ( 'NONE',  ( -0.000000000000000000, -1.000000000000000000, -0.000000000000000000 ) ) ;
#1434 = CARTESIAN_POINT ( 'NONE',  ( -20.37564434701859284, 70.33830226810667341, 63.29165124598826253 ) ) ;
#1435 = CARTESIAN_POINT ( 'NONE',  ( 64.97653019867503588, 70.99999999999808153, 4.499999999999998224 ) ) ;
#1436 = CARTESIAN_POINT ( 'NONE',  ( -50.51564886200456073, 48.61675045524525984, 54.80089632839377600 ) ) ;
#1437 = LINE ( 'NONE', #7711, #5598 ) ;
#1438 = AXIS2_PLACEMENT_3D ( 'NONE', #3850, #3716, #2446 ) ;
#1439 = ORIENTED_EDGE ( 'NONE', *, *, #5925, .T. ) ;
#1440 = ORIENTED_EDGE ( 'NONE', *, *, #2650, .F. ) ;
#1441 = FACE_BOUND ( 'NONE', #2878, .T. ) ;
#1442 = CARTESIAN_POINT ( 'NONE',  ( 47.77265669178930807, 60.24119735950312560, -54.74466860272362112 ) ) ;
#1443 = CARTESIAN_POINT ( 'NONE',  ( -75.73843383252176409, 48.24151529171869868, -14.00000000000002309 ) ) ;
#1444 = CARTESIAN_POINT ( 'NONE',  ( 74.24301028549189141, 54.48109043193349521, 14.00000000000000533 ) ) ;
#1445 = DIRECTION ( 'NONE',  ( 0.9659258262890659807, 0.000000000000000000, 0.2588190451025297878 ) ) ;
#1446 = AXIS2_PLACEMENT_3D ( 'NONE', #4838, #2032, #8198 ) ;
#1447 = B_SPLINE_CURVE_WITH_KNOTS ( 'NONE', 3,
 ( #7342, #7260, #4536, #7300, #3860, #385, #3176, #8711, #5272, #1109, #432, #3224, #4403, #4709, #3273, #8981 ),
 .UNSPECIFIED., .F., .F.,
 ( 4, 2, 2, 2, 2, 2, 2, 4 ),
 ( 0.000000000000000000, 0.0006220389796316287429, 0.001244077959263257486, 0.001866116938894886229, 0.002488155918526514972, 0.003732233877789791106, 0.004354272857421442183, 0.004976311837053093261 ),
 .UNSPECIFIED. ) ;
#1448 = CIRCLE ( 'NONE', #5100, 3.500000000000003109 ) ;
#1449 = DIRECTION ( 'NONE',  ( 0.4999999999999919509, -0.000000000000000000, 0.8660254037844432595 ) ) ;
#1450 = CONICAL_SURFACE ( 'NONE', #566, 3.500000000000007550, 0.7853981633974482790 ) ;
#1451 = DIRECTION ( 'NONE',  ( -1.000000000000000000, 0.000000000000000000, 0.000000000000000000 ) ) ;
#1452 = CARTESIAN_POINT ( 'NONE',  ( 38.05611279726967666, 68.52109989633045473, 51.24507290508815771 ) ) ;
#1453 = CARTESIAN_POINT ( 'NONE',  ( -64.04942235729444633, 68.11553659766627788, -14.00000000000000000 ) ) ;
#1454 = CARTESIAN_POINT ( 'NONE',  ( -71.00000000000000000, 71.00000000000000000, -7.000000000000000000 ) ) ;
#1455 = AXIS2_PLACEMENT_3D ( 'NONE', #5180, #3772, #1643 ) ;
#1456 = ADVANCED_FACE ( 'NONE', ( #2391 ), #5499, .F. ) ;
#1457 = CARTESIAN_POINT ( 'NONE',  ( -36.00000000000072475, 53.49999999999999289, 62.35382907247915796 ) ) ;
#1458 = CARTESIAN_POINT ( 'NONE',  ( -21.43830434526942952, 54.09044109429671465, 69.88583011875587658 ) ) ;
#1459 = CARTESIAN_POINT ( 'NONE',  ( 47.23285297371656810, 57.23846896690718467, 53.80970113688820788 ) ) ;
#1460 = EDGE_LOOP ( 'NONE', ( #2244, #6291, #3516, #2167 ) ) ;
#1461 = ORIENTED_EDGE ( 'NONE', *, *, #1801, .T. ) ;
#1462 = EDGE_CURVE ( 'NONE', #7643, #7432, #1019, .T. ) ;
#1463 = CARTESIAN_POINT ( 'NONE',  ( 63.85333836583860290, 68.74074753328159204, -8.080975062050933744 ) ) ;
#1464 = ORIENTED_EDGE ( 'NONE', *, *, #7087, .T. ) ;
#1465 = DIRECTION ( 'NONE',  ( 0.000000000000000000, -1.000000000000000000, 0.000000000000000000 ) ) ;
#1466 = CARTESIAN_POINT ( 'NONE',  ( 49.27617940829413357, 71.36209777015767486, -31.49152272421241250 ) ) ;
#1467 = DIRECTION ( 'NONE',  ( 0.8660254037844319353, 0.000000000000000000, 0.5000000000000116573 ) ) ;
#1468 = CARTESIAN_POINT ( 'NONE',  ( 34.54410112038838321, 82.13157814949381930, -16.51330109975557647 ) ) ;
#1469 = FACE_OUTER_BOUND ( 'NONE', #6164, .T. ) ;
#1470 = EDGE_CURVE ( 'NONE', #6220, #7161, #2337, .T. ) ;
#1471 = EDGE_CURVE ( 'NONE', #8072, #4680, #5674, .T. ) ;
#1472 = ORIENTED_EDGE ( 'NONE', *, *, #2810, .F. ) ;
#1473 = CARTESIAN_POINT ( 'NONE',  ( 64.56976996564227989, 68.75439463849414778, -13.99999999999999822 ) ) ;
#1474 = DIRECTION ( 'NONE',  ( 0.8660254037844433705, 0.000000000000000000, -0.4999999999999916733 ) ) ;
#1475 = EDGE_CURVE ( 'NONE', #5304, #3285, #2215, .T. ) ;
#1476 = ORIENTED_EDGE ( 'NONE', *, *, #5866, .F. ) ;
#1477 = CARTESIAN_POINT ( 'NONE',  ( 64.99999999999995737, 63.85723507571435675, -15.94989483518011220 ) ) ;
#1478 = ORIENTED_EDGE ( 'NONE', *, *, #1471, .T. ) ;
#1479 = CARTESIAN_POINT ( 'NONE',  ( 73.09813573234424666, 49.60266825055067130, 14.00000000000364864 ) ) ;
#1480 = CARTESIAN_POINT ( 'NONE',  ( -45.20644746069515918, 66.12567138046654236, -45.31269782917233613 ) ) ;
#1481 = ORIENTED_EDGE ( 'NONE', *, *, #5147, .F. ) ;
#1482 = CARTESIAN_POINT ( 'NONE',  ( -70.41471449235662305, 61.51576396133796720, 13.99999999999998046 ) ) ;
#1483 = CARTESIAN_POINT ( 'NONE',  ( -43.52189752750895479, 53.91624805283932176, 69.14286658066339442 ) ) ;
#1484 = ORIENTED_EDGE ( 'NONE', *, *, #2874, .F. ) ;
#1485 = AXIS2_PLACEMENT_3D ( 'NONE', #7703, #3532, #2266 ) ;
#1486 = DIRECTION ( 'NONE',  ( -0.000000000000000000, -1.000000000000000000, -0.000000000000000000 ) ) ;
#1487 = LINE ( 'NONE', #7753, #3209 ) ;
#1488 = CARTESIAN_POINT ( 'NONE',  ( -25.74585322367985540, 68.50552130179207211, 58.21434892574655606 ) ) ;
#1489 = CARTESIAN_POINT ( 'NONE',  ( 63.33356562098446574, 68.49858830506833840, 7.157537731821983940 ) ) ;
#1490 = ADVANCED_FACE ( 'NONE', ( #8618 ), #2403, .T. ) ;
#1491 = CARTESIAN_POINT ( 'NONE',  ( 50.45199342410378307, 49.51133489086489448, -54.68499463284388185 ) ) ;
#1492 = CARTESIAN_POINT ( 'NONE',  ( -73.50215154756890001, 53.49999999999999289, 2.499999999999995115 ) ) ;
#1493 = ORIENTED_EDGE ( 'NONE', *, *, #8081, .F. ) ;
#1494 = ORIENTED_EDGE ( 'NONE', *, *, #7699, .T. ) ;
#1495 = CARTESIAN_POINT ( 'NONE',  ( 31.28572573259912915, -0.001999999999987182604, -24.12500000000006040 ) ) ;
#1496 = DIRECTION ( 'NONE',  ( 4.440892098500626162E-15, 0.000000000000000000, -1.000000000000000000 ) ) ;
#1497 = CARTESIAN_POINT ( 'NONE',  ( 40.67229644666782917, 56.70008579237079260, -70.85687641742035225 ) ) ;
#1498 = CARTESIAN_POINT ( 'NONE',  ( 64.99999999999998579, 70.33830226810675867, 14.00000000000000000 ) ) ;
#1499 = CARTESIAN_POINT ( 'NONE',  ( 36.57356908953055097, 69.27287772207034777, -21.32934177957939426 ) ) ;
#1500 = ADVANCED_BREP_SHAPE_REPRESENTATION ( 'R7_ENG_2200_bezOtworow', ( #6979, #2742 ), #4757 ) ;
#1501 = CARTESIAN_POINT ( 'NONE',  ( 64.99999999999995737, 70.79972856938000803, -11.00330816513901055 ) ) ;
#1502 = CARTESIAN_POINT ( 'NONE',  ( -19.79609569925021972, 59.75118097122685867, -67.14345530803971940 ) ) ;
#1503 = CARTESIAN_POINT ( 'NONE',  ( 31.69734998592821285, 77.20919806959787479, -31.65819821343744067 ) ) ;
#1504 = DIRECTION ( 'NONE',  ( -0.4999999999999919509, 0.000000000000000000, -0.8660254037844432595 ) ) ;
#1505 = CARTESIAN_POINT ( 'NONE',  ( -60.25289740285172968, 68.87759478922421863, -5.616428445184247664 ) ) ;
#1506 = CARTESIAN_POINT ( 'NONE',  ( 49.68038905374726255, 46.30971242683347100, -57.73509042372675992 ) ) ;
#1507 = VERTEX_POINT ( 'NONE', #7904 ) ;
#1508 = CARTESIAN_POINT ( 'NONE',  ( -25.78437493449885309, 46.02785684633895613, 72.65984742795569673 ) ) ;
#1509 = CARTESIAN_POINT ( 'NONE',  ( -25.41726925142857496, 51.79954327710279216, 72.02400173313074561 ) ) ;
#1510 = CARTESIAN_POINT ( 'NONE',  ( 20.71117671095206347, 66.68505529899967144, 63.87281034790749601 ) ) ;
#1511 = EDGE_LOOP ( 'NONE', ( #50, #6419, #3021 ) ) ;
#1512 = CARTESIAN_POINT ( 'NONE',  ( -37.55103773244730547, 71.34451325395471599, -53.37543325147312601 ) ) ;
#1513 = VERTEX_POINT ( 'NONE', #2277 ) ;
#1514 = DIRECTION ( 'NONE',  ( 1.000000000000000000, -0.000000000000000000, 0.000000000000000000 ) ) ;
#1515 = CARTESIAN_POINT ( 'NONE',  ( 50.20392574429095589, 71.19085941899506054, -30.41103503933121743 ) ) ;
#1516 = CARTESIAN_POINT ( 'NONE',  ( 8.681445989019579037E-15, 96.99999999999998579, 0.000000000000000000 ) ) ;
#1517 = CARTESIAN_POINT ( 'NONE',  ( 42.38200049010731618, 77.55018873273209579, -11.49847939372074279 ) ) ;
#1518 = CARTESIAN_POINT ( 'NONE',  ( 26.66571708839723343, 65.37143774605051760, 59.66007605553878079 ) ) ;
#1519 = ORIENTED_EDGE ( 'NONE', *, *, #6249, .F. ) ;
#1520 = CARTESIAN_POINT ( 'NONE',  ( -64.99999999999997158, 70.78531979700606769, 9.497417668639222654 ) ) ;
#1521 = LINE ( 'NONE', #2440, #5515 ) ;
#1522 = ORIENTED_EDGE ( 'NONE', *, *, #5089, .F. ) ;
#1523 = CARTESIAN_POINT ( 'NONE',  ( -36.29640855982325576, 81.21657633948643706, 4.445028056333212722E-15 ) ) ;
#1524 = ORIENTED_EDGE ( 'NONE', *, *, #2862, .F. ) ;
#1525 = CARTESIAN_POINT ( 'NONE',  ( 72.99444548196095184, 50.13673092389432639, 14.00000000000315303 ) ) ;
#1526 = EDGE_CURVE ( 'NONE', #7606, #1978, #117, .T. ) ;
#1527 = CARTESIAN_POINT ( 'NONE',  ( -47.23285297371270275, 57.23846896691550512, -53.80970113690040790 ) ) ;
#1528 = EDGE_LOOP ( 'NONE', ( #461, #1106, #4215, #7098, #8974, #8428, #6701, #738, #881, #3336, #6153, #5184, #768, #8378, #1985, #5293 ) ) ;
#1529 = CARTESIAN_POINT ( 'NONE',  ( -66.66980222798687805, 61.45732291408625514, 16.44555683981718275 ) ) ;
#1530 = AXIS2_PLACEMENT_3D ( 'NONE', #7105, #875, #3662 ) ;
#1531 = CARTESIAN_POINT ( 'NONE',  ( -41.55977683499717301, 56.59555707942146086, 70.34000232596278579 ) ) ;
#1532 = ORIENTED_EDGE ( 'NONE', *, *, #6974, .T. ) ;
#1533 = CARTESIAN_POINT ( 'NONE',  ( 33.59408573979204959, 82.27582953118913167, -17.51734397829340750 ) ) ;
#1534 = CARTESIAN_POINT ( 'NONE',  ( -40.99999999999982947, 53.49999999999999289, -71.01408311032406573 ) ) ;
#1535 = CARTESIAN_POINT ( 'NONE',  ( -50.03308624046215414, 46.02785684633895613, -58.65984742795610885 ) ) ;
#1536 = CARTESIAN_POINT ( 'NONE',  ( 70.32533638679250032, 56.03426478454537119, -16.39281690043448947 ) ) ;
#1537 = CARTESIAN_POINT ( 'NONE',  ( -47.83722081298237327, 60.80372878173846374, 49.97913709421426631 ) ) ;
#1538 = CARTESIAN_POINT ( 'NONE',  ( -80.99999999999998579, 53.49999999999999289, 2.500000000000002220 ) ) ;
#1539 = ORIENTED_EDGE ( 'NONE', *, *, #6499, .F. ) ;
#1540 = ORIENTED_EDGE ( 'NONE', *, *, #6717, .T. ) ;
#1541 = DIRECTION ( 'NONE',  ( 8.949944318576885364E-17, 1.000000000000000000, 0.000000000000000000 ) ) ;
#1542 = CIRCLE ( 'NONE', #1222, 2.500000000000005329 ) ;
#1543 = CARTESIAN_POINT ( 'NONE',  ( 8.681445989019579037E-15, 95.24999999999998579, 0.000000000000000000 ) ) ;
#1544 = CARTESIAN_POINT ( 'NONE',  ( 52.25859997505607879, 72.30170309110776827, -23.37074201914607485 ) ) ;
#1545 = CARTESIAN_POINT ( 'NONE',  ( 36.65065046118741066, 67.83608277232310968, -27.05499087774186862 ) ) ;
#1546 = EDGE_CURVE ( 'NONE', #8475, #6616, #1116, .T. ) ;
#1547 = DIRECTION ( 'NONE',  ( 0.8660254037844433705, 0.000000000000000000, -0.4999999999999916733 ) ) ;
#1548 = CARTESIAN_POINT ( 'NONE',  ( 30.54441464623981517, 77.94484123037607048, -30.07024162085968300 ) ) ;
#1549 = CARTESIAN_POINT ( 'NONE',  ( -29.88194177442276001, 71.45227402772212599, 57.80318786727967506 ) ) ;
#1550 = VECTOR ( 'NONE', #880, 1000.000000000000000 ) ;
#1551 = CARTESIAN_POINT ( 'NONE',  ( 0.000000000000000000, 8.999999999999994671, 0.000000000000000000 ) ) ;
#1552 = CARTESIAN_POINT ( 'NONE',  ( 49.62233710225419259, 46.58991269261735368, -57.18430314920256308 ) ) ;
#1553 = CARTESIAN_POINT ( 'NONE',  ( -37.54217842262843163, 68.50552130179210053, -51.40373739668517317 ) ) ;
#1554 = CARTESIAN_POINT ( 'NONE',  ( -20.69302988865199211, 56.99209030536731291, 68.64442477759016015 ) ) ;
#1555 = DIRECTION ( 'NONE',  ( 0.4999999999999919509, -0.000000000000000000, 0.8660254037844432595 ) ) ;
#1556 = ORIENTED_EDGE ( 'NONE', *, *, #1546, .F. ) ;
#1557 = CARTESIAN_POINT ( 'NONE',  ( -27.49504468917952238, 71.31128151839124030, -59.18126354197272576 ) ) ;
#1558 = ORIENTED_EDGE ( 'NONE', *, *, #2741, .F. ) ;
#1559 = CARTESIAN_POINT ( 'NONE',  ( -49.58704591247569482, 52.38165315072945560, -57.88728291765875156 ) ) ;
#1560 = CARTESIAN_POINT ( 'NONE',  ( -21.20656785621792650, 55.08934122040999881, -69.50042274262133901 ) ) ;
#1561 = CARTESIAN_POINT ( 'NONE',  ( -65.94569034573784450, 62.25354003921476220, 16.45378025840366121 ) ) ;
#1562 = CARTESIAN_POINT ( 'NONE',  ( 34.82142713835122549, 79.47565445993667765, -16.25294553171407941 ) ) ;
#1563 = CARTESIAN_POINT ( 'NONE',  ( 35.03620661176650941, 68.90896350639701495, 49.34720195092852180 ) ) ;
#1564 = ORIENTED_EDGE ( 'NONE', *, *, #6161, .T. ) ;
#1565 = B_SPLINE_CURVE_WITH_KNOTS ( 'NONE', 3,
 ( #871, #2346, #3659, #6478, #5839, #7822, #277, #2433, #4512, #7280, #2296, #5751, #7102, #3114, #8604, #5155, #190, #8511 ),
 .UNSPECIFIED., .F., .F.,
 ( 4, 2, 2, 2, 2, 2, 2, 2, 4 ),
 ( 0.000000000000000000, 0.003241508590931730348, 0.006483017181863460696, 0.009724525772795191911, 0.01134528006826106619, 0.01296603436372693874, 0.01944905154559043239, 0.02269056013652219483, 0.02593206872745395380 ),
 .UNSPECIFIED. ) ;
#1566 = CARTESIAN_POINT ( 'NONE',  ( -65.00000000000000000, 70.79964327383027012, -11.00407271778022888 ) ) ;
#1567 = CARTESIAN_POINT ( 'NONE',  ( 60.87275177997346276, 67.18322181085429179, 15.75741201742438591 ) ) ;
#1568 = VERTEX_POINT ( 'NONE', #7596 ) ;
#1569 = CARTESIAN_POINT ( 'NONE',  ( -29.94842186544756402, 71.49049528585653945, 57.76480556883078066 ) ) ;
#1570 = VERTEX_POINT ( 'NONE', #2115 ) ;
#1571 = CARTESIAN_POINT ( 'NONE',  ( 63.83021700211790517, 64.94776857187638086, 13.99999999999791633 ) ) ;
#1572 = CARTESIAN_POINT ( 'NONE',  ( -48.58930946421975250, 57.39959067743481569, -56.15915269671630483 ) ) ;
#1573 = EDGE_LOOP ( 'NONE', ( #7343, #8733, #8930, #1629 ) ) ;
#1574 = CARTESIAN_POINT ( 'NONE',  ( -72.00000000000000000, 60.99999999999999289, -14.00000000000000000 ) ) ;
#1575 = DIRECTION ( 'NONE',  ( 0.4999999999999919509, -0.000000000000000000, 0.8660254037844432595 ) ) ;
#1576 = ORIENTED_EDGE ( 'NONE', *, *, #5975, .T. ) ;
#1577 = DIRECTION ( 'NONE',  ( 0.000000000000000000, 0.000000000000000000, 1.000000000000000000 ) ) ;
#1578 = VECTOR ( 'NONE', #3002, 1000.000000000000000 ) ;
#1579 = DIRECTION ( 'NONE',  ( -0.8660254037844363761, 0.000000000000000000, -0.5000000000000039968 ) ) ;
#1580 = EDGE_CURVE ( 'NONE', #13, #5653, #1448, .T. ) ;
#1581 = CARTESIAN_POINT ( 'NONE',  ( 72.99444548196102289, 50.13673092389394981, -13.99999999998524203 ) ) ;
#1582 = B_SPLINE_CURVE_WITH_KNOTS ( 'NONE', 3,
 ( #3156, #451, #2520, #6054, #6612, #491, #1053, #8043, #3838, #3240, #5923, #5374, #8765, #5329, #8083, #7409 ),
 .UNSPECIFIED., .F., .F.,
 ( 4, 2, 2, 2, 2, 2, 2, 4 ),
 ( 0.000000000000000000, 0.002904847265335220707, 0.005809694530670425801, 0.01161938906134080476, 0.01452423632667600682, 0.01742908359201120541, 0.02033393085734640574, 0.02323877812268160606 ),
 .UNSPECIFIED. ) ;
#1583 = CARTESIAN_POINT ( 'NONE',  ( -45.86641786960149147, 64.95410340582364483, 46.47972036097088733 ) ) ;
#1584 = CARTESIAN_POINT ( 'NONE',  ( 64.99206548474317913, 71.12363490468462146, 4.499999999999903189 ) ) ;
#1585 = ORIENTED_EDGE ( 'NONE', *, *, #4695, .F. ) ;
#1586 = ORIENTED_EDGE ( 'NONE', *, *, #7137, .F. ) ;
#1587 = CARTESIAN_POINT ( 'NONE',  ( 51.59461799496918388, 79.00149741535467740, -1.800883730595898416E-14 ) ) ;
#1588 = DIRECTION ( 'NONE',  ( 8.659560562354939021E-17, -0.7071067811865470176, 0.7071067811865480168 ) ) ;
#1589 = CARTESIAN_POINT ( 'NONE',  ( 38.10080802636752395, 53.50000000000020606, -72.27183703032522999 ) ) ;
#1590 = AXIS2_PLACEMENT_3D ( 'NONE', #1212, #8306, #8938 ) ;
#1591 = CARTESIAN_POINT ( 'NONE',  ( 38.56217782649131465, 71.00000000000000000, -52.79165124598832648 ) ) ;
#1592 = CARTESIAN_POINT ( 'NONE',  ( -66.69999999999998863, 43.00000000000000000, 133.3999999999999773 ) ) ;
#1593 = CARTESIAN_POINT ( 'NONE',  ( 24.27294201064076518, 70.96746529199602094, -61.04154539078378860 ) ) ;
#1594 = AXIS2_PLACEMENT_3D ( 'NONE', #5599, #763, #271 ) ;
#1595 = EDGE_CURVE ( 'NONE', #2441, #3329, #2618, .T. ) ;
#1596 = AXIS2_PLACEMENT_3D ( 'NONE', #7584, #1514, #633 ) ;
#1597 = AXIS2_PLACEMENT_3D ( 'NONE', #6424, #222, #5101 ) ;
#1598 = CARTESIAN_POINT ( 'NONE',  ( -44.62435565298271456, 70.33830226810675867, 49.29165124598798542 ) ) ;
#1599 = ADVANCED_FACE ( 'NONE', ( #4155 ), #1975, .F. ) ;
#1600 = CARTESIAN_POINT ( 'NONE',  ( 35.96027384688265727, 77.59858503809803665, -32.88595190988960582 ) ) ;
#1601 = B_SPLINE_CURVE_WITH_KNOTS ( 'NONE', 3,
 ( #5841, #407, #3880, #3198, #5972, #235, #8006, #5157, #3024, #3742, #5795, #5064, #7825, #7919, #5883, #7880, #1660, #1704, #963, #1617, #4380, #3839, #8607, #4468, #6572, #8646, #5200, #7959, #1745, #4514, #7282, #6613, #363, #7488 ),
 .UNSPECIFIED., .F., .F.,
 ( 4, 2, 2, 2, 2, 2, 2, 2, 2, 2, 2, 2, 2, 2, 2, 2, 4 ),
 ( 0.007463430083410058438, 0.008084920863598630755, 0.008706411643787203072, 0.009327902423975775389, 0.009949393204164347707, 0.01057088398435292002, 0.01119237476454149061, 0.01181386554473006292, 0.01243535632491863524, 0.01305684710510720756, 0.01367833788529577987, 0.01429982866548435219, 0.01492131944567292451, 0.01554281022586149683, 0.01616430100605006914, 0.01678579178623864146, 0.01740728256642721378 ),
 .UNSPECIFIED. ) ;
#1602 = STYLED_ITEM ( 'NONE', ( #4046 ), #6979 ) ;
#1603 = VECTOR ( 'NONE', #2276, 999.9999999999998863 ) ;
#1604 = DIRECTION ( 'NONE',  ( -0.000000000000000000, -1.000000000000000000, -0.000000000000000000 ) ) ;
#1605 = ORIENTED_EDGE ( 'NONE', *, *, #179, .T. ) ;
#1606 = CIRCLE ( 'NONE', #8407, 3.500000000000005773 ) ;
#1607 = VECTOR ( 'NONE', #5848, 1000.000000000000000 ) ;
#1608 = CARTESIAN_POINT ( 'NONE',  ( -39.40871577087201416, 68.97042246349049321, -51.32294789757509790 ) ) ;
#1609 = CONICAL_SURFACE ( 'NONE', #8260, 66.70000000000000284, 0.7853981633974490562 ) ;
#1610 = CARTESIAN_POINT ( 'NONE',  ( 81.69387667702673639, 50.46571827831962054, -1.018202100722689352 ) ) ;
#1611 = VERTEX_POINT ( 'NONE', #3387 ) ;
#1612 = CARTESIAN_POINT ( 'NONE',  ( -32.60938711981823701, 69.04744775502568643, -50.75397026525897104 ) ) ;
#1613 = ORIENTED_EDGE ( 'NONE', *, *, #2984, .F. ) ;
#1614 = CARTESIAN_POINT ( 'NONE',  ( -48.67342351915618792, 49.60266825054850415, -56.30484251349679425 ) ) ;
#1615 = CARTESIAN_POINT ( 'NONE',  ( -16.19519211911014267, 66.83309344415619080, -61.05234784450081520 ) ) ;
#1616 = EDGE_CURVE ( 'NONE', #6616, #6220, #7268, .T. ) ;
#1617 = CARTESIAN_POINT ( 'NONE',  ( 81.69613685947845738, 56.59609094928653406, -0.8199100943779158435 ) ) ;
#1618 = VECTOR ( 'NONE', #4307, 999.9999999999998863 ) ;
#1619 = FACE_OUTER_BOUND ( 'NONE', #8491, .T. ) ;
#1620 = CARTESIAN_POINT ( 'NONE',  ( 19.97606742458027540, 68.25930828242513826, -62.59956371479401582 ) ) ;
#1621 = ORIENTED_EDGE ( 'NONE', *, *, #2136, .T. ) ;
#1622 = CARTESIAN_POINT ( 'NONE',  ( 44.62435565298167717, 70.33830226810667341, 49.29165124598891623 ) ) ;
#1623 = PLANE ( 'NONE',  #6817 ) ;
#1624 = ORIENTED_EDGE ( 'NONE', *, *, #910, .F. ) ;
#1625 = CARTESIAN_POINT ( 'NONE',  ( -20.03676003140070705, 70.32645668458678756, 63.48730619683438903 ) ) ;
#1626 = ORIENTED_EDGE ( 'NONE', *, *, #5187, .F. ) ;
#1627 = CARTESIAN_POINT ( 'NONE',  ( -40.22560736794761027, 69.64327861410836817, 51.46079264994298796 ) ) ;
#1628 = CARTESIAN_POINT ( 'NONE',  ( -46.03681823766287806, 64.62690840039964257, -46.78160642398597702 ) ) ;
#1629 = ORIENTED_EDGE ( 'NONE', *, *, #1773, .T. ) ;
#1630 = CARTESIAN_POINT ( 'NONE',  ( -61.86493503787937698, 69.87390944627894385, 14.00000000000000178 ) ) ;
#1631 = CARTESIAN_POINT ( 'NONE',  ( 46.11784065003508459, 62.94187746645935277, -28.13549871904514532 ) ) ;
#1632 = ORIENTED_EDGE ( 'NONE', *, *, #1471, .F. ) ;
#1633 = CARTESIAN_POINT ( 'NONE',  ( -43.40539232876745501, 52.47809200833123100, 69.21609536567908094 ) ) ;
#1634 = CARTESIAN_POINT ( 'NONE',  ( -27.80748660785478776, 69.44931544584072469, 58.22973605270927067 ) ) ;
#1635 = CARTESIAN_POINT ( 'NONE',  ( 72.82105316056546940, 47.95356825463674255, -16.34516635170768240 ) ) ;
#1636 = DIRECTION ( 'NONE',  ( 0.000000000000000000, 0.000000000000000000, -1.000000000000000000 ) ) ;
#1637 = LINE ( 'NONE', #2452, #4579 ) ;
#1638 = ORIENTED_EDGE ( 'NONE', *, *, #3255, .F. ) ;
#1639 = PLANE ( 'NONE',  #3062 ) ;
#1640 = CARTESIAN_POINT ( 'NONE',  ( 50.10630073282577968, 52.40596060623924046, 54.05696491306544260 ) ) ;
#1641 = CARTESIAN_POINT ( 'NONE',  ( 42.50824054052896628, 56.03426728159346482, -69.77082906413616570 ) ) ;
#1642 = CARTESIAN_POINT ( 'NONE',  ( 64.04942235729444633, 68.11553659766627788, 14.00000000000000000 ) ) ;
#1643 = DIRECTION ( 'NONE',  ( 0.000000000000000000, 0.000000000000000000, -1.000000000000000000 ) ) ;
#1644 = CARTESIAN_POINT ( 'NONE',  ( 38.81874021847990264, 68.89596007777669229, -19.00955078604751591 ) ) ;
#1645 = EDGE_CURVE ( 'NONE', #1507, #8435, #1447, .T. ) ;
#1646 = VERTEX_POINT ( 'NONE', #2904 ) ;
#1647 = LINE ( 'NONE', #4899, #3778 ) ;
#1648 = CARTESIAN_POINT ( 'NONE',  ( 38.01754757732576451, 76.38116417388664559, -33.93100375351490783 ) ) ;
#1649 = EDGE_CURVE ( 'NONE', #232, #7017, #2627, .T. ) ;
#1650 = CARTESIAN_POINT ( 'NONE',  ( 43.19201411868360907, 55.09273512380908500, 69.34949608475845650 ) ) ;
#1651 = DIRECTION ( 'NONE',  ( -0.000000000000000000, -1.000000000000000000, -0.000000000000000000 ) ) ;
#1652 = LINE ( 'NONE', #7276, #5106 ) ;
#1653 = CARTESIAN_POINT ( 'NONE',  ( 31.60288568296943623, 71.00000000000000000, 63.73780366869542746 ) ) ;
#1654 = CARTESIAN_POINT ( 'NONE',  ( -19.79609569921403889, 59.75118097122008010, 67.14345530805491080 ) ) ;
#1655 = CARTESIAN_POINT ( 'NONE',  ( 81.63965085961430646, 53.29249503886375550, 3.139650859614324219 ) ) ;
#1656 = CARTESIAN_POINT ( 'NONE',  ( -31.27011496355305908, 71.49226878982211986, -57.00172570285341322 ) ) ;
#1657 = DIRECTION ( 'NONE',  ( -0.4999999999999980016, -0.000000000000000000, -0.8660254037844398178 ) ) ;
#1658 = CARTESIAN_POINT ( 'NONE',  ( -20.98379271469863738, 55.95718616389151379, -69.12947802408565678 ) ) ;
#1659 =( BOUNDED_SURFACE ( )  B_SPLINE_SURFACE ( 3, 3, ( 
 ( #25, #2086, #7614, #2774 ),
 ( #1398, #4669, #7438, #1211 ),
 ( #3995, #6770, #6089, #8848 ),
 ( #2641, #8162, #1592, #4318 ) ),
 .UNSPECIFIED., .F., .F., .F. ) 
 B_SPLINE_SURFACE_WITH_KNOTS ( ( 4, 4 ),
 ( 4, 4 ),
 ( 0.000000000000000000, 1.000000000000000000 ),
 ( 0.000000000000000000, 1.000000000000000000 ),
 .UNSPECIFIED. ) 
 GEOMETRIC_REPRESENTATION_ITEM ( )  RATIONAL_B_SPLINE_SURFACE ( (
 ( 1.000000000000000000, 0.3333333333333334259, 0.3333333333333334259, 1.000000000000000000),
 ( 0.8462028577663227580, 0.2820676192554409933, 0.2820676192554409933, 0.8462028577663227580),
 ( 0.8462028577663227580, 0.2820676192554409933, 0.2820676192554409933, 0.8462028577663227580),
 ( 1.000000000000000000, 0.3333333333333334259, 0.3333333333333334259, 1.000000000000000000) ) ) 
 REPRESENTATION_ITEM ( '' )  SURFACE ( )  );
#1660 = CARTESIAN_POINT ( 'NONE',  ( 81.69999333079972814, 56.69982305771990383, 0.2100964695553725614 ) ) ;
#1661 = CARTESIAN_POINT ( 'NONE',  ( 31.73823587689462400, 82.20327234273176487, -21.05468568660980466 ) ) ;
#1662 = CARTESIAN_POINT ( 'NONE',  ( 74.24179247254400593, 54.48432739547293835, -14.00000000000002309 ) ) ;
#1663 = EDGE_CURVE ( 'NONE', #7217, #470, #6557, .T. ) ;
#1664 = CARTESIAN_POINT ( 'NONE',  ( -24.27275866404767868, 71.00000000000000000, -61.04165124598856096 ) ) ;
#1665 = CYLINDRICAL_SURFACE ( 'NONE', #4452, 2.500000000000005773 ) ;
#1666 = DIRECTION ( 'NONE',  ( 0.000000000000000000, 0.000000000000000000, -1.000000000000000000 ) ) ;
#1667 = ORIENTED_EDGE ( 'NONE', *, *, #8894, .F. ) ;
#1668 = CARTESIAN_POINT ( 'NONE',  ( -15.63668970575784378, 67.38180933480941803, 60.48406389648479120 ) ) ;
#1669 = ORIENTED_EDGE ( 'NONE', *, *, #853, .F. ) ;
#1670 = CARTESIAN_POINT ( 'NONE',  ( 50.60079248687333831, 73.45468156331413923, -15.95567336420119098 ) ) ;
#1671 = CARTESIAN_POINT ( 'NONE',  ( 42.52175073746490597, 50.95254786580817097, -69.76298172180085544 ) ) ;
#1672 = CARTESIAN_POINT ( 'NONE',  ( 67.20181278930613189, 60.80372878173847084, 16.43867992338047657 ) ) ;
#1673 = ORIENTED_EDGE ( 'NONE', *, *, #903, .T. ) ;
#1674 = DIRECTION ( 'NONE',  ( 0.000000000000000000, 0.000000000000000000, -1.000000000000000000 ) ) ;
#1675 = CARTESIAN_POINT ( 'NONE',  ( 46.25440466647836502, 62.91544501189667926, -27.98294177613115963 ) ) ;
#1676 = CARTESIAN_POINT ( 'NONE',  ( 44.14906683162889323, 68.11553659766630631, 48.46842685913634341 ) ) ;
#1677 = B_SPLINE_CURVE_WITH_KNOTS ( 'NONE', 3,
 ( #263, #3547, #6322, #5782, #5695, #8496, #4957, #2915, #1644, #8455, #72, #2233, #2281, #1499, #175, #7861, #7173, #944, #7718, #2182, #5639, #4267, #3592, #1545, #7083, #7040, #6371, #852, #804, #2329, #757, #5003, #4221, #3640, #6423, #8543 ),
 .UNSPECIFIED., .F., .F.,
 ( 4, 2, 2, 2, 2, 2, 2, 2, 2, 2, 2, 2, 2, 2, 2, 2, 2, 4 ),
 ( 0.000000000000000000, 0.001227653577248945466, 0.001841480365873427632, 0.002455307154497910014, 0.003682960731746904269, 0.004910614308995899825, 0.006138267886244893647, 0.007365921463493888335, 0.008593575040742882157, 0.009821228617991877713, 0.01104888219524087153, 0.01227653577248986362, 0.01350418934973885744, 0.01473184292698785126, 0.01595949650423684335, 0.01718715008148583717, 0.01841480365873483099, 0.01964245723598382481 ),
 .UNSPECIFIED. ) ;
#1678 = CARTESIAN_POINT ( 'NONE',  ( -28.57996589611353855, 70.82197401033182871, 58.50195301064938747 ) ) ;
#1679 = CARTESIAN_POINT ( 'NONE',  ( 66.66980222798686384, 61.45732291408625514, -16.44555683981718630 ) ) ;
#1680 = CARTESIAN_POINT ( 'NONE',  ( 43.05682317192204778, 69.87390944627894385, -46.57660534627731863 ) ) ;
#1681 = DIRECTION ( 'NONE',  ( -0.5000000000000101030, -0.000000000000000000, 0.8660254037844328234 ) ) ;
#1682 = ORIENTED_EDGE ( 'NONE', *, *, #2914, .T. ) ;
#1683 = CARTESIAN_POINT ( 'NONE',  ( -81.63965085961430646, 53.49999999999999289, -3.139650859614323775 ) ) ;
#1684 = CARTESIAN_POINT ( 'NONE',  ( -63.74364119783915328, 68.39397752113417539, -14.00000000000000888 ) ) ;
#1685 = DIRECTION ( 'NONE',  ( -1.000000000000000000, 8.950314809320438195E-17, 0.000000000000000000 ) ) ;
#1686 = DIRECTION ( 'NONE',  ( -0.2588190451025297878, 8.659560562354935323E-17, 0.9659258262890659807 ) ) ;
#1687 = AXIS2_PLACEMENT_3D ( 'NONE', #3800, #7190, #4335 ) ;
#1688 = AXIS2_PLACEMENT_3D ( 'NONE', #8342, #1391, #2905 ) ;
#1689 = ORIENTED_EDGE ( 'NONE', *, *, #4906, .F. ) ;
#1690 = LINE ( 'NONE', #4454, #5222 ) ;
#1691 = CARTESIAN_POINT ( 'NONE',  ( 38.94774123277986178, 74.07548691961756049, -34.27830443699782847 ) ) ;
#1692 = CARTESIAN_POINT ( 'NONE',  ( 87.00000000000000000, 46.00000000000000000, 0.000000000000000000 ) ) ;
#1693 = CARTESIAN_POINT ( 'NONE',  ( -28.57857792820008669, 71.37356801941000128, 58.55568533474838233 ) ) ;
#1694 = CARTESIAN_POINT ( 'NONE',  ( 0.000000000000000000, 0.000000000000000000, 0.000000000000000000 ) ) ;
#1695 = AXIS2_PLACEMENT_3D ( 'NONE', #4716, #6008, #5330 ) ;
#1696 = EDGE_CURVE ( 'NONE', #5206, #5315, #3515, .T. ) ;
#1697 = CARTESIAN_POINT ( 'NONE',  ( 53.26071178722145305, 70.61829152200940030, -22.80206823597352539 ) ) ;
#1698 = CARTESIAN_POINT ( 'NONE',  ( -15.80513287229669217, 67.42165079097325986, -60.38848733625290777 ) ) ;
#1699 = CARTESIAN_POINT ( 'NONE',  ( 71.00000000000000000, 71.00000000000000000, -4.500000000000003553 ) ) ;
#1700 = CARTESIAN_POINT ( 'NONE',  ( 38.10080802636752395, 53.50000000000020606, -72.27183703032522999 ) ) ;
#1701 = AXIS2_PLACEMENT_3D ( 'NONE', #79, #7620, #761 ) ;
#1702 = CARTESIAN_POINT ( 'NONE',  ( -48.83536413117378316, 46.94028658333511572, -56.58533188139466574 ) ) ;
#1703 = CARTESIAN_POINT ( 'NONE',  ( -22.20114393954477094, 48.61675045524525984, -71.14828336734710490 ) ) ;
#1704 = CARTESIAN_POINT ( 'NONE',  ( 81.70000658584301334, 56.70017473070787162, -0.2048771642964874184 ) ) ;
#1705 = DIRECTION ( 'NONE',  ( -0.000000000000000000, -1.000000000000000000, -0.000000000000000000 ) ) ;
#1706 = FACE_OUTER_BOUND ( 'NONE', #4724, .T. ) ;
#1707 = CARTESIAN_POINT ( 'NONE',  ( -25.78787491909003293, 47.05105508796383873, 72.66590957909329518 ) ) ;
#1708 = VECTOR ( 'NONE', #1983, 999.9999999999998863 ) ;
#1709 = ADVANCED_FACE ( 'NONE', ( #6273 ), #7125, .F. ) ;
#1710 = DIRECTION ( 'NONE',  ( 0.4999999999999919509, -0.000000000000000000, 0.8660254037844432595 ) ) ;
#1711 = ORIENTED_EDGE ( 'NONE', *, *, #6644, .F. ) ;
#1712 = CARTESIAN_POINT ( 'NONE',  ( -44.56292380281269772, 67.38168135652030344, 43.78348947467068797 ) ) ;
#1713 = EDGE_LOOP ( 'NONE', ( #1519, #5297, #3866, #2161, #7803 ) ) ;
#1714 = CARTESIAN_POINT ( 'NONE',  ( 28.84380042939507049, 79.66610781350850345, -24.29401655381014180 ) ) ;
#1715 = DIRECTION ( 'NONE',  ( -1.000000000000000000, 1.387778780781446464E-15, 0.000000000000000000 ) ) ;
#1716 = ADVANCED_FACE ( 'NONE', ( #5630 ), #5902, .F. ) ;
#1717 = CARTESIAN_POINT ( 'NONE',  ( 64.99999999999998579, 80.99999999999998579, -14.00000000000000000 ) ) ;
#1718 = CIRCLE ( 'NONE', #8803, 77.50708379720883556 ) ;
#1719 = CARTESIAN_POINT ( 'NONE',  ( 47.58746980094685597, 63.05906896295913810, -25.21620346192974083 ) ) ;
#1720 = CARTESIAN_POINT ( 'NONE',  ( 41.78572573259913980, 82.99999999999998579, -17.12500000000006040 ) ) ;
#1721 = CARTESIAN_POINT ( 'NONE',  ( 68.91582954735861222, 63.37520769591046843, -14.00000000000001243 ) ) ;
#1722 = LINE ( 'NONE', #305, #8853 ) ;
#1723 = CARTESIAN_POINT ( 'NONE',  ( -74.03349571804351115, 46.80642804332597251, -14.57066014246643881 ) ) ;
#1724 = ORIENTED_EDGE ( 'NONE', *, *, #1971, .T. ) ;
#1725 = DIRECTION ( 'NONE',  ( 0.4999999999999919509, -0.000000000000000000, 0.8660254037844432595 ) ) ;
#1726 = CARTESIAN_POINT ( 'NONE',  ( -72.60086162208632743, 51.72162299948414699, -14.00000000000001599 ) ) ;
#1727 = CARTESIAN_POINT ( 'NONE',  ( 42.04935596212386173, 67.97759162091476526, -45.25973206851622876 ) ) ;
#1728 = CARTESIAN_POINT ( 'NONE',  ( 25.29949532623731301, 68.53356777737462835, -58.65238748088945897 ) ) ;
#1729 = VECTOR ( 'NONE', #8164, 1000.000000000000000 ) ;
#1730 = ORIENTED_EDGE ( 'NONE', *, *, #3714, .T. ) ;
#1731 = CARTESIAN_POINT ( 'NONE',  ( -50.22083601860097701, 51.58051168082816673, 54.26483504255220680 ) ) ;
#1732 = CARTESIAN_POINT ( 'NONE',  ( 45.14388036611388344, 71.47981034584739746, -34.10702074105161330 ) ) ;
#1733 = LINE ( 'NONE', #445, #6806 ) ;
#1734 = CARTESIAN_POINT ( 'NONE',  ( 36.81344097717257569, 68.85705436393507739, -52.35518664974227931 ) ) ;
#1735 = FACE_BOUND ( 'NONE', #2537, .T. ) ;
#1736 = AXIS2_PLACEMENT_3D ( 'NONE', #4657, #4071, #604 ) ;
#1737 = CARTESIAN_POINT ( 'NONE',  ( 16.00225298937828100, 67.36105576203951273, 60.42067586488963826 ) ) ;
#1738 = EDGE_CURVE ( 'NONE', #8201, #5224, #1722, .T. ) ;
#1739 = CARTESIAN_POINT ( 'NONE',  ( -20.37564434701859284, 70.33830226810667341, 63.29165124598826253 ) ) ;
#1740 = CARTESIAN_POINT ( 'NONE',  ( 48.12435565298240192, 60.99999999999999289, -55.35382907247937112 ) ) ;
#1741 = FACE_OUTER_BOUND ( 'NONE', #3142, .T. ) ;
#1742 = DIRECTION ( 'NONE',  ( 0.000000000000000000, 0.000000000000000000, -1.000000000000000000 ) ) ;
#1743 = DIRECTION ( 'NONE',  ( -0.8660254037844387076, 0.000000000000000000, 0.4999999999999997224 ) ) ;
#1744 = CARTESIAN_POINT ( 'NONE',  ( -32.96891108675431781, 71.00000000000000000, -64.10382907247965534 ) ) ;
#1745 = CARTESIAN_POINT ( 'NONE',  ( 81.65109270048088774, 54.90610117106325561, -2.827548737332882922 ) ) ;
#1746 = CARTESIAN_POINT ( 'NONE',  ( 20.04307342792920466, 68.41608997342393650, -62.71562151700647547 ) ) ;
#1747 = CIRCLE ( 'NONE', #4501, 12.25000000000000178 ) ;
#1748 = CIRCLE ( 'NONE', #8704, 3.500000000000000888 ) ;
#1749 = ORIENTED_EDGE ( 'NONE', *, *, #6078, .T. ) ;
#1750 = CIRCLE ( 'NONE', #6820, 2.500000000000000000 ) ;
#1751 = CARTESIAN_POINT ( 'NONE',  ( 52.37013182887361751, 46.00000000000000000, 62.70772912669060872 ) ) ;
#1752 = ORIENTED_EDGE ( 'NONE', *, *, #3001, .F. ) ;
#1753 = DIRECTION ( 'NONE',  ( -0.8660254037844358210, 0.000000000000000000, -0.5000000000000051070 ) ) ;
#1754 = AXIS2_PLACEMENT_3D ( 'NONE', #5401, #6598, #5313 ) ;
#1755 = EDGE_LOOP ( 'NONE', ( #1481, #8525, #6197, #1624, #1137 ) ) ;
#1756 = CARTESIAN_POINT ( 'NONE',  ( -37.38393437045665735, 68.52742641648096367, 51.51085068692262325 ) ) ;
#1757 = CONICAL_SURFACE ( 'NONE', #4065, 3.500000000000003997, 0.7853981633974482790 ) ;
#1758 = CARTESIAN_POINT ( 'NONE',  ( 49.24586079572838315, 54.48109043193349521, -57.29633296066506176 ) ) ;
#1759 = AXIS2_PLACEMENT_3D ( 'NONE', #1355, #5453, #5595 ) ;
#1760 = VECTOR ( 'NONE', #2858, 1000.000000000000000 ) ;
#1761 = CARTESIAN_POINT ( 'NONE',  ( -72.00000000000000000, 71.00000000000000000, -3.499999999999996891 ) ) ;
#1762 = ADVANCED_FACE ( 'NONE', ( #4445, #7168 ), #7978, .T. ) ;
#1763 = CARTESIAN_POINT ( 'NONE',  ( 45.68840332353241962, 63.03942973167435326, -28.56846555681039490 ) ) ;
#1764 = EDGE_CURVE ( 'NONE', #2015, #1133, #7937, .T. ) ;
#1765 = CARTESIAN_POINT ( 'NONE',  ( 49.45888179933270123, 75.60720452613007581, -16.95053366345248236 ) ) ;
#1766 = CARTESIAN_POINT ( 'NONE',  ( 44.03946415404978154, 64.94776857187605401, -48.27858945290636683 ) ) ;
#1767 = CARTESIAN_POINT ( 'NONE',  ( -20.36516013100261091, 69.92428822641960551, -63.27349205117285891 ) ) ;
#1768 = VERTEX_POINT ( 'NONE', #380 ) ;
#1769 = DIRECTION ( 'NONE',  ( -0.5000000000000101030, 0.000000000000000000, 0.8660254037844328234 ) ) ;
#1770 = CARTESIAN_POINT ( 'NONE',  ( -74.39065197852251288, 54.10447137732718659, -14.00000000000001599 ) ) ;
#1771 = CARTESIAN_POINT ( 'NONE',  ( -40.72724133595205132, 71.00000000000000000, -51.54165124598858938 ) ) ;
#1772 = CARTESIAN_POINT ( 'NONE',  ( 24.58516029067423148, 69.27093940922775062, -60.20693556170486005 ) ) ;
#1773 = EDGE_CURVE ( 'NONE', #3329, #2441, #7230, .T. ) ;
#1774 = ORIENTED_EDGE ( 'NONE', *, *, #8954, .F. ) ;
#1775 = ORIENTED_EDGE ( 'NONE', *, *, #354, .T. ) ;
#1776 = CARTESIAN_POINT ( 'NONE',  ( -48.24989014501545626, 59.75118097124031635, 50.71564942529477094 ) ) ;
#1777 = FACE_OUTER_BOUND ( 'NONE', #8190, .T. ) ;
#1778 = CARTESIAN_POINT ( 'NONE',  ( 45.50588682389017947, 72.64374234577108780, -33.96763560450782649 ) ) ;
#1779 = CARTESIAN_POINT ( 'NONE',  ( -81.64560235510684549, 54.52270937784724936, 2.981875157595331061 ) ) ;
#1780 = CARTESIAN_POINT ( 'NONE',  ( -20.37564434701859284, 70.33830226810667341, 63.29165124598826253 ) ) ;
#1781 = EDGE_CURVE ( 'NONE', #1937, #3031, #2315, .T. ) ;
#1782 = CARTESIAN_POINT ( 'NONE',  ( 19.82382546815554747, 67.97021128605157969, 62.33587291122449159 ) ) ;
#1783 = DIRECTION ( 'NONE',  ( -0.5000000000000101030, 1.387778780781446464E-15, 0.8660254037844328234 ) ) ;
#1784 = CARTESIAN_POINT ( 'NONE',  ( 0.000000000000000000, 43.00000000000000000, 0.000000000000000000 ) ) ;
#1785 = DIRECTION ( 'NONE',  ( 0.000000000000000000, 0.000000000000000000, 1.000000000000000000 ) ) ;
#1786 = CARTESIAN_POINT ( 'NONE',  ( 0.000000000000000000, 9.500000000000000000, -81.70000000000000284 ) ) ;
#1787 = DIRECTION ( 'NONE',  ( -0.8660254037844399289, 0.000000000000000000, 0.4999999999999976685 ) ) ;
#1788 = CARTESIAN_POINT ( 'NONE',  ( 50.15181382538471411, 48.06694853713061377, 55.29733703070786532 ) ) ;
#1789 = ORIENTED_EDGE ( 'NONE', *, *, #7064, .T. ) ;
#1790 = CARTESIAN_POINT ( 'NONE',  ( 42.06217782649051884, 71.00000000000000000, 58.85382907247996087 ) ) ;
#1791 = ORIENTED_EDGE ( 'NONE', *, *, #5938, .F. ) ;
#1792 = CARTESIAN_POINT ( 'NONE',  ( 12.12435565298220652, 80.99999999999998579, -6.999999999999887201 ) ) ;
#1793 = ORIENTED_EDGE ( 'NONE', *, *, #2298, .T. ) ;
#1794 = DIRECTION ( 'NONE',  ( 0.8660254037844434816, 0.000000000000000000, -0.4999999999999916733 ) ) ;
#1795 = EDGE_LOOP ( 'NONE', ( #7777, #8051, #2603, #5732, #7713, #2293, #6779, #7127, #3867, #5250, #8929, #2855, #6104, #7370, #1847, #1205, #4912 ) ) ;
#1796 = CARTESIAN_POINT ( 'NONE',  ( 48.08743790592615852, 74.99357795343883026, -13.58984478769253279 ) ) ;
#1797 = CARTESIAN_POINT ( 'NONE',  ( 50.03308624046258046, 46.02785684633894903, -58.65984742795578910 ) ) ;
#1798 = EDGE_CURVE ( 'NONE', #868, #7726, #4478, .T. ) ;
#1799 = CARTESIAN_POINT ( 'NONE',  ( 22.20114393954427356, 48.61675045524525984, 71.14828336734726122 ) ) ;
#1800 = CARTESIAN_POINT ( 'NONE',  ( 36.38537941636861461, 71.00000000002408740, 54.02132580182247068 ) ) ;
#1801 = EDGE_CURVE ( 'NONE', #382, #2751, #8382, .T. ) ;
#1802 = CARTESIAN_POINT ( 'NONE',  ( 50.07538735273070785, 75.10793108596763545, -17.67272519615909587 ) ) ;
#1803 = EDGE_CURVE ( 'NONE', #2021, #3443, #8545, .T. ) ;
#1804 = CARTESIAN_POINT ( 'NONE',  ( 47.33171289919290103, 61.51576396132126234, -53.98093155066454329 ) ) ;
#1805 = CARTESIAN_POINT ( 'NONE',  ( -26.26147730506599487, 68.60050988506115743, -58.03999269815883366 ) ) ;
#1806 = VERTEX_POINT ( 'NONE', #5898 ) ;
#1807 = DIRECTION ( 'NONE',  ( 0.000000000000000000, 0.000000000000000000, -1.000000000000000000 ) ) ;
#1808 = B_SPLINE_CURVE_WITH_KNOTS ( 'NONE', 3,
 ( #1693, #1549, #7221, #951, #4322, #269 ),
 .UNSPECIFIED., .F., .F.,
 ( 4, 2, 4 ),
 ( 0.009524894790028964886, 0.01404405234227062808, 0.01856320989451229128 ),
 .UNSPECIFIED. ) ;
#1809 = CARTESIAN_POINT ( 'NONE',  ( -65.54398523579685332, 66.79099053448686618, -14.00000000000001243 ) ) ;
#1810 = DIRECTION ( 'NONE',  ( 0.000000000000000000, -0.000000000000000000, 1.000000000000000000 ) ) ;
#1811 = CARTESIAN_POINT ( 'NONE',  ( -64.04942235729444633, 68.11553659766627788, -14.00000000000000000 ) ) ;
#1812 = ORIENTED_EDGE ( 'NONE', *, *, #5610, .F. ) ;
#1813 = VERTEX_POINT ( 'NONE', #8662 ) ;
#1814 = CARTESIAN_POINT ( 'NONE',  ( -43.53194872080057820, 69.15083099222628960, 47.39954693690815191 ) ) ;
#1815 = CARTESIAN_POINT ( 'NONE',  ( -20.42475882650069252, 67.19961627838253548, -63.37672001984033443 ) ) ;
#1816 = CARTESIAN_POINT ( 'NONE',  ( 48.34679384815203917, 70.47897890911404772, -32.35853176600685543 ) ) ;
#1817 = DIRECTION ( 'NONE',  ( 0.000000000000000000, -1.000000000000000000, 0.000000000000000000 ) ) ;
#1818 = CARTESIAN_POINT ( 'NONE',  ( -49.72391064150858853, 51.39998651261345941, -58.12433958210800711 ) ) ;
#1819 = EDGE_CURVE ( 'NONE', #5304, #8072, #5216, .T. ) ;
#1820 = VECTOR ( 'NONE', #3039, 999.9999999999998863 ) ;
#1821 = FACE_OUTER_BOUND ( 'NONE', #5540, .T. ) ;
#1822 = DIRECTION ( 'NONE',  ( 6.938893903907372345E-16, 1.000000000000000000, -1.201851678989720125E-15 ) ) ;
#1823 = CARTESIAN_POINT ( 'NONE',  ( -44.40924063580315106, 68.75439463849414778, -48.91906110676377040 ) ) ;
#1824 = LINE ( 'NONE', #5327, #4639 ) ;
#1825 = CARTESIAN_POINT ( 'NONE',  ( -41.56217782649094517, 71.00000000000000000, -57.98780366869523561 ) ) ;
#1826 = CARTESIAN_POINT ( 'NONE',  ( -41.00000000000081712, 53.49999999999999289, 71.01408311032348308 ) ) ;
#1827 = AXIS2_PLACEMENT_3D ( 'NONE', #5217, #3766, #3132 ) ;
#1828 = ORIENTED_EDGE ( 'NONE', *, *, #3917, .F. ) ;
#1829 = ADVANCED_FACE ( 'NONE', ( #5944 ), #7751, .F. ) ;
#1830 = CARTESIAN_POINT ( 'NONE',  ( -41.72778603783698514, 50.46523112653726884, -70.24043432719463453 ) ) ;
#1831 = CARTESIAN_POINT ( 'NONE',  ( 31.28572573259913270, 81.65419895293982222, -24.26050941939130823 ) ) ;
#1832 = CARTESIAN_POINT ( 'NONE',  ( 72.00000000000000000, 71.00000000000000000, -7.000000000000005329 ) ) ;
#1833 = ORIENTED_EDGE ( 'NONE', *, *, #5815, .F. ) ;
#1834 = CARTESIAN_POINT ( 'NONE',  ( 45.25124237241456626, 73.27866529735059942, -1.108335782576371902E-14 ) ) ;
#1835 = ORIENTED_EDGE ( 'NONE', *, *, #7358, .T. ) ;
#1836 = CARTESIAN_POINT ( 'NONE',  ( 25.15890846663416625, 68.57946923655194382, 58.86835255535555689 ) ) ;
#1837 = CARTESIAN_POINT ( 'NONE',  ( -81.63965085961434909, 53.29300164872665846, 3.139650859614226519 ) ) ;
#1838 = FACE_OUTER_BOUND ( 'NONE', #6874, .T. ) ;
#1839 = DIRECTION ( 'NONE',  ( -0.7071067811865474617, 8.659560562354932858E-17, -0.7071067811865474617 ) ) ;
#1840 = DIRECTION ( 'NONE',  ( 0.5000000000000039968, -0.000000000000000000, -0.8660254037844363761 ) ) ;
#1841 = VECTOR ( 'NONE', #5314, 1000.000000000000114 ) ;
#1842 = VERTEX_POINT ( 'NONE', #1262 ) ;
#1843 = CARTESIAN_POINT ( 'NONE',  ( -24.27499717962140124, 70.78512895719383380, -61.04035883841948618 ) ) ;
#1844 = VERTEX_POINT ( 'NONE', #8316 ) ;
#1845 = CARTESIAN_POINT ( 'NONE',  ( -25.78371113487846955, 47.11423984721404423, -72.65869769328928385 ) ) ;
#1846 = CARTESIAN_POINT ( 'NONE',  ( -72.11038302844909254, 53.27527253398854157, -14.00000000000001776 ) ) ;
#1847 = ORIENTED_EDGE ( 'NONE', *, *, #467, .T. ) ;
#1848 = CARTESIAN_POINT ( 'NONE',  ( 34.91996083055765610, 68.88246064476265929, -49.41320378576985917 ) ) ;
#1849 = CARTESIAN_POINT ( 'NONE',  ( -25.78437493449885309, 46.02785684633895613, 72.65984742795569673 ) ) ;
#1850 = EDGE_CURVE ( 'NONE', #516, #8822, #6763, .T. ) ;
#1851 = EDGE_CURVE ( 'NONE', #1231, #7606, #5747, .T. ) ;
#1852 = FACE_OUTER_BOUND ( 'NONE', #5124, .T. ) ;
#1853 = ORIENTED_EDGE ( 'NONE', *, *, #8303, .F. ) ;
#1854 = ORIENTED_EDGE ( 'NONE', *, *, #3159, .T. ) ;
#1855 = CARTESIAN_POINT ( 'NONE',  ( -50.28809977249093066, 51.06858755565129826, 54.38699465583533055 ) ) ;
#1856 = CARTESIAN_POINT ( 'NONE',  ( 51.86730103932950442, 70.25540911832342772, -27.08706375341832384 ) ) ;
#1857 = CARTESIAN_POINT ( 'NONE',  ( 0.000000000000000000, 8.999999999999994671, -66.70000000000000284 ) ) ;
#1858 = CARTESIAN_POINT ( 'NONE',  ( 38.91864494677447794, 68.73826010861060354, -51.25741484749591592 ) ) ;
#1859 = CARTESIAN_POINT ( 'NONE',  ( 31.02883701658361204, 80.38235138809351099, -16.74941903057914416 ) ) ;
#1860 = EDGE_CURVE ( 'NONE', #8157, #6445, #2292, .T. ) ;
#1861 = EDGE_CURVE ( 'NONE', #8862, #6591, #7876, .T. ) ;
#1862 = CARTESIAN_POINT ( 'NONE',  ( -64.99999999999998579, 0.000000000000000000, -14.00000000000000000 ) ) ;
#1863 = EDGE_CURVE ( 'NONE', #6336, #701, #958, .T. ) ;
#1864 = CARTESIAN_POINT ( 'NONE',  ( 25.74429877895584440, 48.19213390078299142, 72.59043349038634574 ) ) ;
#1865 = CARTESIAN_POINT ( 'NONE',  ( 72.76735885100671908, 48.47812969211376810, -16.20386366007829793 ) ) ;
#1866 = CARTESIAN_POINT ( 'NONE',  ( 23.76509561665390180, 47.27665030204770602, -71.16893958456955716 ) ) ;
#1867 = FACE_OUTER_BOUND ( 'NONE', #2201, .T. ) ;
#1868 = CONICAL_SURFACE ( 'NONE', #1265, 3.500000000000000888, 0.7853981633974482790 ) ;
#1869 = CIRCLE ( 'NONE', #6229, 2.500000000000000888 ) ;
#1870 = EDGE_LOOP ( 'NONE', ( #3268, #1142, #3677, #5316 ) ) ;
#1871 = CARTESIAN_POINT ( 'NONE',  ( -42.05691715290149801, 50.62825352738297369, -70.04386098500299340 ) ) ;
#1872 = EDGE_LOOP ( 'NONE', ( #4052, #4655, #2454, #6960, #6123 ) ) ;
#1873 = ADVANCED_FACE ( 'NONE', ( #4231 ), #5704, .F. ) ;
#1874 = AXIS2_PLACEMENT_3D ( 'NONE', #6494, #3038, #5854 ) ;
#1875 = AXIS2_PLACEMENT_3D ( 'NONE', #4360, #7132, #899 ) ;
#1876 = ORIENTED_EDGE ( 'NONE', *, *, #73, .F. ) ;
#1877 = LINE ( 'NONE', #7451, #1153 ) ;
#1878 = ORIENTED_EDGE ( 'NONE', *, *, #501, .F. ) ;
#1879 = CARTESIAN_POINT ( 'NONE',  ( 25.67928447907038247, 68.50083817214022019, 58.25728236917667857 ) ) ;
#1880 = CARTESIAN_POINT ( 'NONE',  ( 0.000000000000000000, 43.00000000000000000, -66.70000000000000284 ) ) ;
#1881 = CARTESIAN_POINT ( 'NONE',  ( 53.26071178722145305, 70.61829152200940030, -22.80206823597352539 ) ) ;
#1882 = CYLINDRICAL_SURFACE ( 'NONE', #3133, 2.499999999999995559 ) ;
#1883 = CARTESIAN_POINT ( 'NONE',  ( 24.58327197799620834, 45.87307673031754263, 70.57947608217503443 ) ) ;
#1884 = CIRCLE ( 'NONE', #2183, 77.50708379720883556 ) ;
#1885 = VECTOR ( 'NONE', #3279, 1000.000000000000000 ) ;
#1886 = AXIS2_PLACEMENT_3D ( 'NONE', #500, #8094, #4603 ) ;
#1887 = CARTESIAN_POINT ( 'NONE',  ( -24.86536622756346304, 46.48927249478053625, 71.66405969131788822 ) ) ;
#1888 = EDGE_LOOP ( 'NONE', ( #4970, #1194, #38, #552, #4702 ) ) ;
#1889 = CARTESIAN_POINT ( 'NONE',  ( 28.12142052291025962, 61.00000000000000000, -76.70772912668998345 ) ) ;
#1890 = CARTESIAN_POINT ( 'NONE',  ( 45.09326673973688315, 71.00000000000000000, -57.10382907247937823 ) ) ;
#1891 = EDGE_LOOP ( 'NONE', ( #2534, #6990, #6834, #187 ) ) ;
#1892 = CARTESIAN_POINT ( 'NONE',  ( -40.13285974595376615, 50.40540845722086516, 71.16379233454952669 ) ) ;
#1893 = AXIS2_PLACEMENT_3D ( 'NONE', #1534, #6932, #4305 ) ;
#1894 = DIRECTION ( 'NONE',  ( -0.000000000000000000, -1.000000000000000000, -0.000000000000000000 ) ) ;
#1895 = CARTESIAN_POINT ( 'NONE',  ( 0.000000000000000000, 46.00000000000000000, 0.000000000000000000 ) ) ;
#1896 = DIRECTION ( 'NONE',  ( -1.000000000000000000, 8.950701582355715899E-17, 0.000000000000000000 ) ) ;
#1897 = ORIENTED_EDGE ( 'NONE', *, *, #237, .F. ) ;
#1898 = ORIENTED_EDGE ( 'NONE', *, *, #2336, .F. ) ;
#1899 = CARTESIAN_POINT ( 'NONE',  ( 44.35981763477784767, 67.39059217359785237, -43.97351059919944305 ) ) ;
#1900 = LINE ( 'NONE', #5318, #7846 ) ;
#1901 = CARTESIAN_POINT ( 'NONE',  ( 51.17177088150880593, 71.14135697796773172, -28.88622209900388427 ) ) ;
#1902 = AXIS2_PLACEMENT_3D ( 'NONE', #8484, #5677, #161 ) ;
#1903 = CARTESIAN_POINT ( 'NONE',  ( 24.58665282528858853, 46.94028658334009663, -70.58533188118755675 ) ) ;
#1904 = CARTESIAN_POINT ( 'NONE',  ( -49.24525188925402119, 54.48432739547293835, -57.29527830371553421 ) ) ;
#1905 = CARTESIAN_POINT ( 'NONE',  ( 4.852638573011455367E-16, 96.99999999999998579, 0.000000000000000000 ) ) ;
#1906 = PRODUCT_DEFINITION_SHAPE ( 'NONE', 'NONE',  #2327 ) ;
#1907 = LINE ( 'NONE', #7485, #5658 ) ;
#1908 = EDGE_CURVE ( 'NONE', #8832, #8146, #5058, .T. ) ;
#1909 = ADVANCED_FACE ( 'NONE', ( #8552 ), #4179, .F. ) ;
#1910 = CARTESIAN_POINT ( 'NONE',  ( 0.000000000000000000, 76.42166581354543098, 0.000000000000000000 ) ) ;
#1911 = CARTESIAN_POINT ( 'NONE',  ( 22.96895832670054460, 47.93259350557799081, -71.08086712438264954 ) ) ;
#1912 = B_SPLINE_CURVE_WITH_KNOTS ( 'NONE', 3,
 ( #2070, #5349, #7508, #2624 ),
 .UNSPECIFIED., .F., .F.,
 ( 4, 4 ),
 ( 0.02354415749652201753, 0.02807886266299668143 ),
 .UNSPECIFIED. ) ;
#1913 = FACE_OUTER_BOUND ( 'NONE', #1511, .T. ) ;
#1914 = CARTESIAN_POINT ( 'NONE',  ( -40.66870288403858069, 50.30015818006585704, -70.85894054353680360 ) ) ;
#1915 = DIRECTION ( 'NONE',  ( -0.8660254037844363761, 0.000000000000000000, -0.5000000000000039968 ) ) ;
#1916 = ORIENTED_EDGE ( 'NONE', *, *, #1462, .F. ) ;
#1917 = DIRECTION ( 'NONE',  ( 0.000000000000000000, 0.000000000000000000, -1.000000000000000000 ) ) ;
#1918 = ORIENTED_EDGE ( 'NONE', *, *, #1850, .T. ) ;
#1919 = CARTESIAN_POINT ( 'NONE',  ( 24.86614609402733578, 68.80615214901965260, 59.48557293829681925 ) ) ;
#1920 = CARTESIAN_POINT ( 'NONE',  ( -81.69615474212461947, 50.40341665304909213, -0.8185912811281009782 ) ) ;
#1921 = FACE_OUTER_BOUND ( 'NONE', #8796, .T. ) ;
#1922 = ADVANCED_FACE ( 'NONE', ( #7097 ), #3738, .T. ) ;
#1923 = CARTESIAN_POINT ( 'NONE',  ( 53.07386992952695692, 71.11811543896418186, -21.20155608582193452 ) ) ;
#1924 = CARTESIAN_POINT ( 'NONE',  ( 22.08084192094071696, 50.03241630556107822, 70.94977899301150615 ) ) ;
#1925 = ORIENTED_EDGE ( 'NONE', *, *, #6326, .F. ) ;
#1926 = ORIENTED_EDGE ( 'NONE', *, *, #126, .T. ) ;
#1927 = CARTESIAN_POINT ( 'NONE',  ( -22.35072185641689302, 48.47812969211377521, 71.12031316130915570 ) ) ;
#1928 = ORIENTED_EDGE ( 'NONE', *, *, #5575, .T. ) ;
#1929 = CARTESIAN_POINT ( 'NONE',  ( 64.04942235729444633, 68.11553659766627788, 14.00000000000000000 ) ) ;
#1930 = FACE_OUTER_BOUND ( 'NONE', #4109, .T. ) ;
#1931 = ORIENTED_EDGE ( 'NONE', *, *, #7402, .T. ) ;
#1932 = LINE ( 'NONE', #3346, #4023 ) ;
#1933 = LINE ( 'NONE', #3391, #7976 ) ;
#1934 = CARTESIAN_POINT ( 'NONE',  ( -38.91613928324539984, 53.49999999999999289, -62.40473047300844911 ) ) ;
#1935 = CARTESIAN_POINT ( 'NONE',  ( -15.90226845510220244, 67.39059217359782394, -60.40348427856219615 ) ) ;
#1936 = VERTEX_POINT ( 'NONE', #85 ) ;
#1937 = VERTEX_POINT ( 'NONE', #8507 ) ;
#1938 = DIRECTION ( 'NONE',  ( 0.4999999999999919509, 1.387778780781446464E-15, 0.8660254037844432595 ) ) ;
#1939 = CARTESIAN_POINT ( 'NONE',  ( -64.04942235729444633, 68.11553659766627788, -14.00000000000000000 ) ) ;
#1940 = CARTESIAN_POINT ( 'NONE',  ( 20.96607231807318783, 56.03426478453484805, -69.09993629085849420 ) ) ;
#1941 = CARTESIAN_POINT ( 'NONE',  ( 60.87278647604625803, 67.18321445489922894, -15.75737766612700064 ) ) ;
#1942 = DIRECTION ( 'NONE',  ( -0.000000000000000000, 0.000000000000000000, 1.000000000000000000 ) ) ;
#1943 = LINE ( 'NONE', #1862, #7380 ) ;
#1944 = CARTESIAN_POINT ( 'NONE',  ( -22.29088234255717182, 45.87634716325730722, -71.29621637861464478 ) ) ;
#1945 = EDGE_CURVE ( 'NONE', #1322, #1768, #5035, .T. ) ;
#1946 = CARTESIAN_POINT ( 'NONE',  ( -43.40551877296841354, 54.52175310130911612, -69.21601676209076004 ) ) ;
#1947 = DIRECTION ( 'NONE',  ( -0.4999999999999979461, -0.000000000000000000, -0.8660254037844397068 ) ) ;
#1948 = VECTOR ( 'NONE', #4086, 1000.000000000000000 ) ;
#1949 = CARTESIAN_POINT ( 'NONE',  ( 44.22724133595162499, 71.00000000000000000, 57.60382907247998219 ) ) ;
#1950 = DIRECTION ( 'NONE',  ( 0.000000000000000000, 0.000000000000000000, 1.000000000000000000 ) ) ;
#1951 = CARTESIAN_POINT ( 'NONE',  ( -43.53884283324665461, 53.49999999999999289, -69.13218617071102301 ) ) ;
#1952 = EDGE_CURVE ( 'NONE', #3669, #2655, #1125, .T. ) ;
#1953 = CARTESIAN_POINT ( 'NONE',  ( 50.03308624046174202, 46.02785684633895613, 58.65984742795645701 ) ) ;
#1954 = CARTESIAN_POINT ( 'NONE',  ( 8.681445989019579037E-15, 96.99999999999998579, 0.000000000000000000 ) ) ;
#1955 = CARTESIAN_POINT ( 'NONE',  ( 45.20644746070708919, 66.12567138046422599, 45.31269782916410094 ) ) ;
#1956 = ORIENTED_EDGE ( 'NONE', *, *, #7977, .T. ) ;
#1957 = EDGE_CURVE ( 'NONE', #2804, #1217, #5796, .T. ) ;
#1958 = CARTESIAN_POINT ( 'NONE',  ( 64.87198374063370920, 70.09640354703702769, -9.337129505959152809 ) ) ;
#1959 = AXIS2_PLACEMENT_3D ( 'NONE', #4311, #2854, #7077 ) ;
#1960 = EDGE_LOOP ( 'NONE', ( #3558, #4892, #752, #4185 ) ) ;
#1961 = DIRECTION ( 'NONE',  ( 0.5000000000000041078, -0.000000000000000000, -0.8660254037844363761 ) ) ;
#1962 = CARTESIAN_POINT ( 'NONE',  ( -81.65109948145226326, 52.09335122613359914, 2.827363155215591561 ) ) ;
#1963 = CARTESIAN_POINT ( 'NONE',  ( 46.47704249320124603, 70.58453988093511100, -34.68178336906458270 ) ) ;
#1964 = CARTESIAN_POINT ( 'NONE',  ( 49.05797846814201080, 75.91010247214195772, -16.54389028098565717 ) ) ;
#1965 = CARTESIAN_POINT ( 'NONE',  ( 43.93945006946525922, 67.11011714587897359, 45.43678748035176085 ) ) ;
#1966 = ADVANCED_FACE ( 'NONE', ( #449 ), #5880, .F. ) ;
#1967 = ORIENTED_EDGE ( 'NONE', *, *, #8172, .T. ) ;
#1968 = AXIS2_PLACEMENT_3D ( 'NONE', #1313, #8084, #2559 ) ;
#1969 = CARTESIAN_POINT ( 'NONE',  ( 28.59115078230698259, 70.99999999999809575, 58.52132580181956456 ) ) ;
#1970 = LINE ( 'NONE', #2160, #6248 ) ;
#1971 = EDGE_CURVE ( 'NONE', #4516, #4475, #1869, .T. ) ;
#1972 = CARTESIAN_POINT ( 'NONE',  ( -24.74553931705050047, 68.96597822076709861, -59.78297032157455249 ) ) ;
#1973 = ORIENTED_EDGE ( 'NONE', *, *, #2140, .F. ) ;
#1974 = CARTESIAN_POINT ( 'NONE',  ( 44.62435565298236639, 70.33830226810675867, -49.29165124598830516 ) ) ;
#1975 = CYLINDRICAL_SURFACE ( 'NONE', #2192, 2.500000000000000888 ) ;
#1976 = CARTESIAN_POINT ( 'NONE',  ( 38.46060231963268450, 51.91066985232393449, 72.08110004279843963 ) ) ;
#1977 = AXIS2_PLACEMENT_3D ( 'NONE', #4047, #4594, #6821 ) ;
#1978 = VERTEX_POINT ( 'NONE', #3877 ) ;
#1979 = CARTESIAN_POINT ( 'NONE',  ( 42.06217782649051884, 71.00000000000000000, 58.85382907247996087 ) ) ;
#1980 = PLANE ( 'NONE',  #5094 ) ;
#1981 = CARTESIAN_POINT ( 'NONE',  ( 64.24502727968086901, 69.05891681664444093, 8.583031643332416749 ) ) ;
#1982 = CARTESIAN_POINT ( 'NONE',  ( -25.68060580985647334, 46.05586463635719952, -72.48011403182027834 ) ) ;
#1983 = DIRECTION ( 'NONE',  ( 0.5000000000000039968, -0.000000000000000000, -0.8660254037844363761 ) ) ;
#1984 = ORIENTED_EDGE ( 'NONE', *, *, #6483, .F. ) ;
#1985 = ORIENTED_EDGE ( 'NONE', *, *, #8351, .T. ) ;
#1986 = CARTESIAN_POINT ( 'NONE',  ( -62.15329982345267013, 67.16491873033098159, 14.71072052934545482 ) ) ;
#1987 = ADVANCED_FACE ( 'NONE', ( #4550 ), #1132, .F. ) ;
#1988 = CARTESIAN_POINT ( 'NONE',  ( 38.37655249914016053, 52.09455904284326522, -72.12583567301854259 ) ) ;
#1989 =( BOUNDED_SURFACE ( )  B_SPLINE_SURFACE ( 3, 2, ( 
 ( #3291, #4015, #8778 ),
 ( #8140, #6839, #6113 ),
 ( #1923, #1148, #4650 ),
 ( #595, #7423, #4687 ),
 ( #8870, #3938, #5301 ),
 ( #421, #2570, #5426 ),
 ( #2659, #2011, #1192 ),
 ( #2615, #5985, #4729 ),
 ( #6066, #6789, #8182 ),
 ( #6747, #6157, #503 ),
 ( #8055, #7456, #1964 ),
 ( #2701, #4771, #5471 ),
 ( #3254, #7548, #6021 ),
 ( #1326, #4102, #3216 ),
 ( #8740, #5342, #4287 ),
 ( #4823, #8324, #7587 ),
 ( #6878, #6965, #4923 ),
 ( #5516, #6298, #9004 ),
 ( #7737, #4977, #4193 ),
 ( #8952, #2837, #44 ),
 ( #1517, #8472, #730 ),
 ( #7686, #5662, #682 ),
 ( #1420, #824, #7013 ),
 ( #1372, #6394, #5612 ),
 ( #7058, #3611, #93 ),
 ( #3520, #2885, #2251 ),
 ( #2060, #3565, #2740 ),
 ( #2792, #8277, #148 ),
 ( #8425, #8371, #2155 ),
 ( #4144, #2206, #2939 ),
 ( #5712, #5565, #5020 ),
 ( #3425, #7783, #2105 ),
 ( #4241, #1562, #7634 ),
 ( #6919, #4869, #1468 ),
 ( #775, #3466, #6342 ),
 ( #636, #6202, #6250 ),
 ( #6047, #3705, #7152 ),
 ( #1859, #2436, #964 ),
 ( #918, #8560, #5842 ),
 ( #7401, #5754, #2349 ),
 ( #281, #236, #6522 ),
 ( #5201, #7961, #1661 ),
 ( #6440, #3073, #3743 ),
 ( #4626, #8802, #4425 ),
 ( #1174, #6729, #5117 ),
 ( #5797, #5158, #8608 ),
 ( #2592, #4469, #6481 ),
 ( #5364, #3957, #486 ) ),
 .UNSPECIFIED., .F., .F., .F. ) 
 B_SPLINE_SURFACE_WITH_KNOTS ( ( 4, 2, 2, 2, 2, 2, 2, 2, 2, 2, 2, 2, 2, 2, 2, 2, 2, 2, 2, 2, 2, 2, 2, 4 ),
 ( 3, 3 ),
 ( 0.04101177744128386982, 0.04357501353136411515, 0.04613824962144435354, 0.04870148571152459194, 0.04998310375656471460, 0.05126472180160483727, 0.05382795789168508260, 0.05510957593672520527, 0.05639119398176532100, 0.05895443007184555939, 0.06023604811688568206, 0.06151766616192580472, 0.06408090225200605006, 0.06536252029704617272, 0.06664413834208629539, 0.06920737443216654072, 0.07048899247720666339, 0.07177061052224677218, 0.07305222856728688097, 0.07433384661232700363, 0.07689708270240724897, 0.07817870074744737163, 0.07946031879248749430, 0.08202355488256773963 ),
 ( 0.000000000000000000, 1.000000000000000000 ),
 .UNSPECIFIED. ) 
 GEOMETRIC_REPRESENTATION_ITEM ( )  RATIONAL_B_SPLINE_SURFACE ( (
 ( 1.000000000000000000, 0.8601783075791858968, 1.000000000000000000),
 ( 1.000000000000000000, 0.8546964152127758396, 1.000000000000000000),
 ( 1.000000000000000000, 0.8485973976540985841, 1.000000000000000000),
 ( 1.000000000000000000, 0.8353856305247764347, 1.000000000000000000),
 ( 1.000000000000000000, 0.8282568841425214101, 1.000000000000000000),
 ( 1.000000000000000000, 0.8130297151676096901, 1.000000000000000000),
 ( 1.000000000000000000, 0.8051391987634525238, 1.000000000000000000),
 ( 1.000000000000000000, 0.7929146159497992841, 1.000000000000000000),
 ( 1.000000000000000000, 0.7887743511310123523, 1.000000000000000000),
 ( 1.000000000000000000, 0.7803607181061378295, 1.000000000000000000),
 ( 1.000000000000000000, 0.7760681232375006289, 1.000000000000000000),
 ( 1.000000000000000000, 0.7631913526355788013, 1.000000000000000000),
 ( 1.000000000000000000, 0.7545745854198621094, 1.000000000000000000),
 ( 1.000000000000000000, 0.7415873109626609505, 1.000000000000000000),
 ( 1.000000000000000000, 0.7372477752196240353, 1.000000000000000000),
 ( 1.000000000000000000, 0.7285443968690255012, 1.000000000000000000),
 ( 1.000000000000000000, 0.7241680055954980988, 1.000000000000000000),
 ( 1.000000000000000000, 0.7112533732086941951, 1.000000000000000000),
 ( 1.000000000000000000, 0.7028492750703022596, 1.000000000000000000),
 ( 1.000000000000000000, 0.6905423791619175189, 1.000000000000000000),
 ( 1.000000000000000000, 0.6864903256814494092, 1.000000000000000000),
 ( 1.000000000000000000, 0.6784901108164453909, 1.000000000000000000),
 ( 1.000000000000000000, 0.6745383796152775169, 1.000000000000000000),
 ( 1.000000000000000000, 0.6631087821319402442, 1.000000000000000000),
 ( 1.000000000000000000, 0.6559607736908169562, 1.000000000000000000),
 ( 1.000000000000000000, 0.6459711753815841062, 1.000000000000000000),
 ( 1.000000000000000000, 0.6427642755764114701, 1.000000000000000000),
 ( 1.000000000000000000, 0.6366131548598080725, 1.000000000000000000),
 ( 1.000000000000000000, 0.6337021016098508541, 1.000000000000000000),
 ( 1.000000000000000000, 0.6255670936545936200, 1.000000000000000000),
 ( 1.000000000000000000, 0.6208882000803642720, 1.000000000000000000),
 ( 1.000000000000000000, 0.6150558930508882582, 1.000000000000000000),
 ( 1.000000000000000000, 0.6133025951646438045, 1.000000000000000000),
 ( 1.000000000000000000, 0.6102878487699969767, 1.000000000000000000),
 ( 1.000000000000000000, 0.6090188980033186539, 1.000000000000000000),
 ( 1.000000000000000000, 0.6069530827253994953, 1.000000000000000000),
 ( 1.000000000000000000, 0.6061562166009181185, 1.000000000000000000),
 ( 1.000000000000000000, 0.6050440990470390412, 1.000000000000000000),
 ( 1.000000000000000000, 0.6047287264892016179, 1.000000000000000000),
 ( 1.000000000000000000, 0.6045429032948334003, 1.000000000000000000),
 ( 1.000000000000000000, 0.6054167946715998117, 1.000000000000000000),
 ( 1.000000000000000000, 0.6081672245834155444, 1.000000000000000000),
 ( 1.000000000000000000, 0.6093291613191744727, 1.000000000000000000),
 ( 1.000000000000000000, 0.6121349816104744157, 1.000000000000000000),
 ( 1.000000000000000000, 0.6137589040255715389, 1.000000000000000000),
 ( 1.000000000000000000, 0.6192593237878145640, 1.000000000000000000),
 ( 1.000000000000000000, 0.6237615675270427040, 1.000000000000000000),
 ( 1.000000000000000000, 0.6290783086456886997, 1.000000000000000000) ) ) 
 REPRESENTATION_ITEM ( '' )  SURFACE ( )  );
#1990 = CARTESIAN_POINT ( 'NONE',  ( 20.20330940819142285, 64.16889629971275610, -62.99315837606024360 ) ) ;
#1991 = CARTESIAN_POINT ( 'NONE',  ( 63.89636417147266911, 67.97021311775695551, -14.00000000000000000 ) ) ;
#1992 = DIRECTION ( 'NONE',  ( 0.000000000000000000, 0.000000000000000000, 1.000000000000000000 ) ) ;
#1993 = CARTESIAN_POINT ( 'NONE',  ( 64.99999999999998579, 70.33830226810667341, -14.00000000000000000 ) ) ;
#1994 = B_SPLINE_CURVE_WITH_KNOTS ( 'NONE', 3,
 ( #4169, #8842, #4845, #1300 ),
 .UNSPECIFIED., .F., .F.,
 ( 4, 4 ),
 ( 0.008610815975175970319, 0.008985602743808124987 ),
 .UNSPECIFIED. ) ;
#1995 = CARTESIAN_POINT ( 'NONE',  ( -23.87564434701866389, 60.99999999999999289, 69.35382907247930007 ) ) ;
#1996 = FACE_OUTER_BOUND ( 'NONE', #5509, .T. ) ;
#1997 = CARTESIAN_POINT ( 'NONE',  ( 37.14063420269246052, 68.59727111945987588, 51.75353992063863728 ) ) ;
#1998 = CARTESIAN_POINT ( 'NONE',  ( 54.25343316409550454, 72.30170309110775406, -23.22707383231673717 ) ) ;
#1999 = CARTESIAN_POINT ( 'NONE',  ( -64.99999999999998579, 71.24824376404994553, 4.509128685163420691 ) ) ;
#2000 = B_SPLINE_CURVE_WITH_KNOTS ( 'NONE', 3,
 ( #8276, #7375, #3936, #6707 ),
 .UNSPECIFIED., .F., .F.,
 ( 4, 4 ),
 ( 5.953312170681638636E-16, 0.004536617054218362172 ),
 .UNSPECIFIED. ) ;
#2001 = CARTESIAN_POINT ( 'NONE',  ( 34.82633592555077939, 65.63336495312466923, -54.94854057316398155 ) ) ;
#2002 = CARTESIAN_POINT ( 'NONE',  ( 18.51827132324281777, 67.19864738945641136, -61.27650245578080046 ) ) ;
#2003 = CARTESIAN_POINT ( 'NONE',  ( 47.57717111665651544, 61.45732291408002368, 49.51496397482002010 ) ) ;
#2004 = VERTEX_POINT ( 'NONE', #3111 ) ;
#2005 = CARTESIAN_POINT ( 'NONE',  ( 63.94018314316997476, 69.02349889316261056, -5.461863555241370349 ) ) ;
#2006 = VECTOR ( 'NONE', #2934, 1000.000000000000000 ) ;
#2007 = ORIENTED_EDGE ( 'NONE', *, *, #5529, .F. ) ;
#2008 = CARTESIAN_POINT ( 'NONE',  ( 25.91773808019389946, 68.52742641648094946, 58.13086220168692364 ) ) ;
#2009 = CARTESIAN_POINT ( 'NONE',  ( 31.49218678625225465, 81.10170589289506893, -26.30486757722615110 ) ) ;
#2010 = CARTESIAN_POINT ( 'NONE',  ( 51.32919321903328580, 69.50585375612493522, -30.30728204293358274 ) ) ;
#2011 = CARTESIAN_POINT ( 'NONE',  ( 50.22225780862819278, 73.34860910186382910, -17.81063124472311188 ) ) ;
#2012 = CIRCLE ( 'NONE', #8826, 77.50708379720883556 ) ;
#2013 = CARTESIAN_POINT ( 'NONE',  ( 22.25519729062184382, 47.95356825463658623, 71.23746514324047041 ) ) ;
#2015 = VERTEX_POINT ( 'NONE', #1699 ) ;
#2014 = AXIS2_PLACEMENT_3D ( 'NONE', #5808, #8619, #2405 ) ;
#2016 = CIRCLE ( 'NONE', #3056, 3.500000000000000444 ) ;
#2017 = CARTESIAN_POINT ( 'NONE',  ( -64.33217398123612440, 69.44931544584072469, 5.032878208557562516 ) ) ;
#2018 = DIRECTION ( 'NONE',  ( 8.881784197001252323E-16, 0.000000000000000000, 1.000000000000000000 ) ) ;
#2019 = ORIENTED_EDGE ( 'NONE', *, *, #8414, .F. ) ;
#2020 = CARTESIAN_POINT ( 'NONE',  ( -27.24574865600203921, 69.02699666791917821, -58.10579450654694256 ) ) ;
#2021 = VERTEX_POINT ( 'NONE', #1127 ) ;
#2022 = CARTESIAN_POINT ( 'NONE',  ( -25.17867762304232926, 53.47034647065110846, -71.61074891050725455 ) ) ;
#2023 = EDGE_CURVE ( 'NONE', #189, #4835, #3835, .T. ) ;
#2024 = ADVANCED_FACE ( 'NONE', ( #3193 ), #4917, .F. ) ;
#2025 = DIRECTION ( 'NONE',  ( 0.5000000000000101030, 0.000000000000000000, -0.8660254037844328234 ) ) ;
#2026 = AXIS2_PLACEMENT_3D ( 'NONE', #2228, #7855, #5046 ) ;
#2027 = DIRECTION ( 'NONE',  ( 1.000000000000000000, -0.000000000000000000, 0.000000000000000000 ) ) ;
#2028 = ADVANCED_FACE ( 'NONE', ( #1741 ), #7954, .F. ) ;
#2029 = CARTESIAN_POINT ( 'NONE',  ( -49.42738892900747771, 53.47034647065110846, 57.61074891050659375 ) ) ;
#2030 = AXIS2_PLACEMENT_3D ( 'NONE', #5996, #1894, #8834 ) ;
#2031 = CIRCLE ( 'NONE', #3202, 12.25000000000000178 ) ;
#2032 = DIRECTION ( 'NONE',  ( -0.4999999999999980016, -0.000000000000000000, -0.8660254037844398178 ) ) ;
#2033 = FACE_OUTER_BOUND ( 'NONE', #6695, .T. ) ;
#2034 = DIRECTION ( 'NONE',  ( -0.8660254037844370423, 0.000000000000000000, -0.5000000000000029976 ) ) ;
#2035 = ORIENTED_EDGE ( 'NONE', *, *, #505, .F. ) ;
#2036 = ORIENTED_EDGE ( 'NONE', *, *, #7162, .T. ) ;
#2037 = CARTESIAN_POINT ( 'NONE',  ( 44.14906683162959666, 68.11553659766627788, -48.46842685913578208 ) ) ;
#2038 = CARTESIAN_POINT ( 'NONE',  ( 39.63014081759197182, 50.62885565580442204, -71.44493697794608522 ) ) ;
#2039 = CARTESIAN_POINT ( 'NONE',  ( 21.29558425964270896, 65.53555765176808734, -64.88503391456461600 ) ) ;
#2040 = CIRCLE ( 'NONE', #4941, 2.500000000000002665 ) ;
#2041 = CARTESIAN_POINT ( 'NONE',  ( 64.87165062603835963, 67.41458402617206502, 14.00000000000000000 ) ) ;
#2042 = AXIS2_PLACEMENT_3D ( 'NONE', #8764, #3999, #5881 ) ;
#2043 = CARTESIAN_POINT ( 'NONE',  ( -74.84025266427330791, 46.30971102074841639, 14.15693274313727201 ) ) ;
#2044 = ADVANCED_FACE ( 'NONE', ( #5244 ), #3794, .F. ) ;
#2045 = VECTOR ( 'NONE', #272, 1000.000000000000000 ) ;
#2046 = CARTESIAN_POINT ( 'NONE',  ( -43.53884283324665461, 53.49999999999999289, -69.13218617071102301 ) ) ;
#2047 = CARTESIAN_POINT ( 'NONE',  ( -60.25896109168537862, 69.04857540238330671, 2.777798611705712517 ) ) ;
#2048 = CARTESIAN_POINT ( 'NONE',  ( 36.56282289880828529, 69.33091689129847168, 53.06335301828814721 ) ) ;
#2049 = DIRECTION ( 'NONE',  ( -0.000000000000000000, 1.000000000000000000, -0.000000000000000000 ) ) ;
#2050 = LINE ( 'NONE', #6237, #8688 ) ;
#2051 = CARTESIAN_POINT ( 'NONE',  ( -20.37564434701770466, 80.99999999999998579, -63.29165124598855385 ) ) ;
#2052 = CARTESIAN_POINT ( 'NONE',  ( 19.48363861565868049, 67.61735050355569854, -61.95230384715787153 ) ) ;
#2053 = CARTESIAN_POINT ( 'NONE',  ( 46.03681823767017534, 64.62690840038899864, 46.78160642399394220 ) ) ;
#2054 = ORIENTED_EDGE ( 'NONE', *, *, #4485, .F. ) ;
#2055 = CARTESIAN_POINT ( 'NONE',  ( 64.92001498056015407, 70.26377626125639608, -9.395670924447170336 ) ) ;
#2056 = ORIENTED_EDGE ( 'NONE', *, *, #8606, .T. ) ;
#2057 = DIRECTION ( 'NONE',  ( 0.000000000000000000, -0.000000000000000000, -1.000000000000000000 ) ) ;
#2058 = CARTESIAN_POINT ( 'NONE',  ( 52.00948401095531182, 71.43138361238219147, -26.54324108283639916 ) ) ;
#2059 = CARTESIAN_POINT ( 'NONE',  ( 72.00000000000000000, 71.00000000000000000, -4.500000000000003553 ) ) ;
#2060 = CARTESIAN_POINT ( 'NONE',  ( 37.63924322301176062, 79.10570404526157517, -11.94737939569694518 ) ) ;
#2061 = CARTESIAN_POINT ( 'NONE',  ( 30.17366407443995513, 65.63336495314477759, 57.63476191883912492 ) ) ;
#2062 = ORIENTED_EDGE ( 'NONE', *, *, #6646, .T. ) ;
#2063 = CARTESIAN_POINT ( 'NONE',  ( -64.51132273572110876, 69.70509232733360250, 4.855844024296382067 ) ) ;
#2064 = CARTESIAN_POINT ( 'NONE',  ( -72.00000000000000000, 80.99999999999998579, -14.00000000000000000 ) ) ;
#2065 = ORIENTED_EDGE ( 'NONE', *, *, #6593, .T. ) ;
#2066 = CARTESIAN_POINT ( 'NONE',  ( 64.99999999999998579, 69.72839117303325907, 17.20050517629264064 ) ) ;
#2067 = ORIENTED_EDGE ( 'NONE', *, *, #1176, .F. ) ;
#2068 = CARTESIAN_POINT ( 'NONE',  ( 70.41471449240667368, 61.51576396130461433, 14.00000000000000888 ) ) ;
#2069 = EDGE_CURVE ( 'NONE', #5000, #123, #6005, .T. ) ;
#2070 = CARTESIAN_POINT ( 'NONE',  ( 24.27294201063989831, 70.96746529199602094, 61.04154539078411545 ) ) ;
#2071 = CYLINDRICAL_SURFACE ( 'NONE', #5835, 2.499999999999999112 ) ;
#2072 = EDGE_LOOP ( 'NONE', ( #8782, #6133 ) ) ;
#2073 = CARTESIAN_POINT ( 'NONE',  ( -38.33493649053873042, 53.49999999999999289, -71.39805770653961758 ) ) ;
#2074 = CARTESIAN_POINT ( 'NONE',  ( -16.57649413764675472, 66.22292686396978922, 61.70045532388704856 ) ) ;
#2075 = EDGE_CURVE ( 'NONE', #1507, #4430, #2450, .T. ) ;
#2076 = CARTESIAN_POINT ( 'NONE',  ( 0.000000000000000000, 46.00000000000000000, 0.000000000000000000 ) ) ;
#2077 = DIRECTION ( 'NONE',  ( -0.000000000000000000, 1.000000000000000000, -0.000000000000000000 ) ) ;
#2078 = CARTESIAN_POINT ( 'NONE',  ( 8.465450562766808523E-14, 60.99999999999988631, -14.00000000000000000 ) ) ;
#2079 = APPLICATION_CONTEXT ( 'automotive_design' ) ;
#2080 = VERTEX_POINT ( 'NONE', #1995 ) ;
#2081 = ORIENTED_EDGE ( 'NONE', *, *, #264, .F. ) ;
#2082 = CARTESIAN_POINT ( 'NONE',  ( -63.89636417147268332, 67.97021311775696972, 14.00000000000000533 ) ) ;
#2083 = CARTESIAN_POINT ( 'NONE',  ( -71.00000000000000000, 71.00000000000000000, -9.500000000000003553 ) ) ;
#2084 = CARTESIAN_POINT ( 'NONE',  ( 21.43830434525149187, 54.09044109429554226, -69.88583011876191620 ) ) ;
#2085 = CARTESIAN_POINT ( 'NONE',  ( 36.39508800974644487, 70.14790019138087018, -53.75034140748172007 ) ) ;
#2086 = CARTESIAN_POINT ( 'NONE',  ( 12.24999999999999822, 76.42166581354543098, 24.49999999999999289 ) ) ;
#2087 = ADVANCED_FACE ( 'NONE', ( #8893 ), #4042, .F. ) ;
#2088 = CARTESIAN_POINT ( 'NONE',  ( -43.45498265995135512, 54.32362668009891848, -69.18494083953370932 ) ) ;
#2089 = EDGE_CURVE ( 'NONE', #589, #5559, #7305, .T. ) ;
#2090 = FACE_OUTER_BOUND ( 'NONE', #8194, .T. ) ;
#2091 = CARTESIAN_POINT ( 'NONE',  ( 16.57649413764633906, 66.22292686396980343, -61.70045532388719778 ) ) ;
#2092 = LINE ( 'NONE', #7001, #1238 ) ;
#2093 = B_SPLINE_CURVE_WITH_KNOTS ( 'NONE', 3,
 ( #2376, #313, #8105, #561 ),
 .UNSPECIFIED., .F., .F.,
 ( 4, 4 ),
 ( 0.008610815975175970319, 0.008985602743808124987 ),
 .UNSPECIFIED. ) ;
#2094 = CARTESIAN_POINT ( 'NONE',  ( -63.39484676460190116, 68.60050988506115743, -6.276889861983644181 ) ) ;
#2095 = CARTESIAN_POINT ( 'NONE',  ( 33.64757749822302912, 65.67055975809296342, -55.62909706847892011 ) ) ;
#2096 = CARTESIAN_POINT ( 'NONE',  ( 81.63965085961432067, 53.49999999999999289, -3.139650859614330880 ) ) ;
#2097 = ORIENTED_EDGE ( 'NONE', *, *, #4897, .F. ) ;
#2098 = ORIENTED_EDGE ( 'NONE', *, *, #7179, .F. ) ;
#2099 = CARTESIAN_POINT ( 'NONE',  ( -20.04392921931304627, 70.32824487251903633, -63.48316706426308542 ) ) ;
#2100 = ORIENTED_EDGE ( 'NONE', *, *, #5352, .T. ) ;
#2101 = CYLINDRICAL_SURFACE ( 'NONE', #1596, 2.500000000000002220 ) ;
#2102 = CARTESIAN_POINT ( 'NONE',  ( -81.66166751593340223, 51.55983160748303362, -2.504958104004476382 ) ) ;
#2103 = EDGE_CURVE ( 'NONE', #8297, #826, #4127, .T. ) ;
#2104 = DIRECTION ( 'NONE',  ( -0.5000000000000101030, -0.000000000000000000, 0.8660254037844328234 ) ) ;
#2105 = CARTESIAN_POINT ( 'NONE',  ( 35.36432645931432006, 81.96958772068629173, -15.80979659570324891 ) ) ;
#2106 = CARTESIAN_POINT ( 'NONE',  ( 27.70692506285364232, 69.01500649859292480, 53.58308262137153122 ) ) ;
#2107 = EDGE_LOOP ( 'NONE', ( #6213, #6855, #6350, #4971 ) ) ;
#2108 = AXIS2_PLACEMENT_3D ( 'NONE', #1784, #4509, #5968 ) ;
#2109 = CARTESIAN_POINT ( 'NONE',  ( -64.24915091417663859, 69.06316985497893768, 8.588088686939363114 ) ) ;
#2110 = CARTESIAN_POINT ( 'NONE',  ( -43.53884283324762805, 53.49999999999999289, 69.13218617071039773 ) ) ;
#2111 = ORIENTED_EDGE ( 'NONE', *, *, #1850, .F. ) ;
#2112 = CARTESIAN_POINT ( 'NONE',  ( -26.43400254148766138, 68.65347261867846385, -58.03147728863763177 ) ) ;
#2113 = VERTEX_POINT ( 'NONE', #4670 ) ;
#2114 = CARTESIAN_POINT ( 'NONE',  ( 73.42201695635874614, 46.94028658333903792, 13.99999999998345146 ) ) ;
#2115 = CARTESIAN_POINT ( 'NONE',  ( 15.80513287229709540, 67.42165079097325986, -60.38848733625282250 ) ) ;
#2116 = CARTESIAN_POINT ( 'NONE',  ( -68.42204903371070657, 60.03922181400536573, 13.99999999999788791 ) ) ;
#2117 = CARTESIAN_POINT ( 'NONE',  ( -38.37737063890053690, 54.90749930470864371, 72.12540078125370258 ) ) ;
#2118 = EDGE_LOOP ( 'NONE', ( #7501, #1791, #6014, #3259, #100, #6751 ) ) ;
#2119 = CARTESIAN_POINT ( 'NONE',  ( 42.73022305290733414, 79.48350155711607101, -13.64649512001190246 ) ) ;
#2120 = CARTESIAN_POINT ( 'NONE',  ( -50.03308624046297837, 46.02785684633894903, 58.65984742795541962 ) ) ;
#2121 = EDGE_CURVE ( 'NONE', #2831, #1368, #4174, .T. ) ;
#2122 = DIRECTION ( 'NONE',  ( -0.000000000000000000, 1.000000000000000000, -0.000000000000000000 ) ) ;
#2123 = CARTESIAN_POINT ( 'NONE',  ( 63.94396847774898163, 69.02699666791919242, 5.457386772049843238 ) ) ;
#2124 = B_SPLINE_CURVE_WITH_KNOTS ( 'NONE', 3,
 ( #3797, #962, #6571, #3071 ),
 .UNSPECIFIED., .F., .F.,
 ( 4, 4 ),
 ( 0.000000000000000000, 0.0003740696040165266138 ),
 .UNSPECIFIED. ) ;
#2125 = CARTESIAN_POINT ( 'NONE',  ( 47.23285297374189184, 57.23846896691267716, -53.80970113688680101 ) ) ;
#2126 = DIRECTION ( 'NONE',  ( 0.5000000000000039968, -0.000000000000000000, -0.8660254037844362651 ) ) ;
#2128 = ORIENTED_EDGE ( 'NONE', *, *, #3205, .F. ) ;
#2127 = AXIS2_PLACEMENT_3D ( 'NONE', #6721, #4116, #8837 ) ;
#2129 = ORIENTED_EDGE ( 'NONE', *, *, #3225, .T. ) ;
#2130 = CARTESIAN_POINT ( 'NONE',  ( -72.00000000000000000, 0.000000000000000000, -14.00000000000000000 ) ) ;
#2131 = CARTESIAN_POINT ( 'NONE',  ( 73.50215154756890001, 53.49999999999999289, 0.000000000000000000 ) ) ;
#2132 = CARTESIAN_POINT ( 'NONE',  ( -75.82446114416394778, 47.05105508795745095, -14.00000000000001243 ) ) ;
#2133 = CARTESIAN_POINT ( 'NONE',  ( 64.04942235729444633, 68.11553659766627788, 14.00000000000000000 ) ) ;
#2134 = CARTESIAN_POINT ( 'NONE',  ( 1.000536434903387707E-14, 9.500000000000000000, 81.70000000000000284 ) ) ;
#2135 = VECTOR ( 'NONE', #6219, 1000.000000000000000 ) ;
#2136 = EDGE_CURVE ( 'NONE', #5379, #2948, #3502, .T. ) ;
#2137 = DIRECTION ( 'NONE',  ( 0.2588190451025229599, 8.659560562354932858E-17, -0.9659258262890676461 ) ) ;
#2138 = CARTESIAN_POINT ( 'NONE',  ( 72.71679280154886271, 48.61675045524525984, 16.34738703895267875 ) ) ;
#2139 = AXIS2_PLACEMENT_3D ( 'NONE', #838, #5770, #1577 ) ;
#2140 = EDGE_CURVE ( 'NONE', #570, #1233, #4754, .T. ) ;
#2141 = CARTESIAN_POINT ( 'NONE',  ( 22.03138215252801402, 50.54137333704080959, -70.86819772924494032 ) ) ;
#2142 = CARTESIAN_POINT ( 'NONE',  ( -60.19907605279993135, 67.38168135652030344, -16.70087934281001196 ) ) ;
#2143 = DIRECTION ( 'NONE',  ( -1.000000000000000000, -0.000000000000000000, -0.000000000000000000 ) ) ;
#2144 = EDGE_CURVE ( 'NONE', #7836, #7217, #710, .T. ) ;
#2145 = CARTESIAN_POINT ( 'NONE',  ( 39.82309435737044367, 68.36078836301571471, -46.56090641027121535 ) ) ;
#2146 = CARTESIAN_POINT ( 'NONE',  ( -24.17607515805870833, 51.72162299948612940, 69.87419050136082888 ) ) ;
#2147 = CARTESIAN_POINT ( 'NONE',  ( 45.33155889328094901, 65.95929522015353541, 50.51656318946461255 ) ) ;
#2148 = EDGE_LOOP ( 'NONE', ( #980, #2735, #2785, #5678, #2813 ) ) ;
#2149 = EDGE_LOOP ( 'NONE', ( #6399, #6433, #5799, #2313 ) ) ;
#2150 = CARTESIAN_POINT ( 'NONE',  ( 64.15133456184119609, 68.97042246349049321, -8.467475039308212104 ) ) ;
#2151 = ORIENTED_EDGE ( 'NONE', *, *, #7139, .F. ) ;
#2152 = FACE_OUTER_BOUND ( 'NONE', #3756, .T. ) ;
#2153 = CARTESIAN_POINT ( 'NONE',  ( 51.92246897635882164, 71.36911018755353098, -26.88628027155665379 ) ) ;
#2154 = FACE_OUTER_BOUND ( 'NONE', #6068, .T. ) ;
#2155 = CARTESIAN_POINT ( 'NONE',  ( 37.80191622635645388, 81.32610710003770293, -14.40377100658111509 ) ) ;
#2156 = CARTESIAN_POINT ( 'NONE',  ( 15.74048458246902982, 67.51887975670250341, 60.27845158425655114 ) ) ;
#2157 = EDGE_CURVE ( 'NONE', #6505, #2653, #1907, .T. ) ;
#2158 = ORIENTED_EDGE ( 'NONE', *, *, #1136, .F. ) ;
#2159 = CARTESIAN_POINT ( 'NONE',  ( -64.95416042628257003, 70.82197401033181450, 4.499999999998238742 ) ) ;
#2160 = CARTESIAN_POINT ( 'NONE',  ( -38.91613928324539273, 53.49999999999999289, -62.40473047300844911 ) ) ;
#2161 = ORIENTED_EDGE ( 'NONE', *, *, #8585, .T. ) ;
#2162 = CARTESIAN_POINT ( 'NONE',  ( 60.19908071135574090, 67.38180933480943224, -16.70026143196219337 ) ) ;
#2163 = ORIENTED_EDGE ( 'NONE', *, *, #6127, .T. ) ;
#2164 = CARTESIAN_POINT ( 'NONE',  ( 53.26071178722145305, 70.61829152200940030, -22.80206823597352539 ) ) ;
#2165 = CARTESIAN_POINT ( 'NONE',  ( -72.99444548196086657, 50.13673092389889518, 14.00000000001628031 ) ) ;
#2166 = DIRECTION ( 'NONE',  ( 0.8660254037844431485, 0.000000000000000000, -0.4999999999999922839 ) ) ;
#2167 = ORIENTED_EDGE ( 'NONE', *, *, #8216, .F. ) ;
#2168 = AXIS2_PLACEMENT_3D ( 'NONE', #6339, #5512, #8368 ) ;
#2169 = DIRECTION ( 'NONE',  ( 0.8660254037844433705, 0.000000000000000000, -0.4999999999999916733 ) ) ;
#2170 = CARTESIAN_POINT ( 'NONE',  ( 25.78437493449733964, 46.02785684633894903, 72.65984742795623674 ) ) ;
#2171 = LINE ( 'NONE', #4211, #8844 ) ;
#2172 = CARTESIAN_POINT ( 'NONE',  ( 63.84954586363646456, 68.73826010861064617, 8.075827781025338936 ) ) ;
#2173 = CARTESIAN_POINT ( 'NONE',  ( -44.39539769316193940, 67.42165079097325986, 43.88189024572348984 ) ) ;
#2174 = DIRECTION ( 'NONE',  ( 0.000000000000000000, 0.000000000000000000, -1.000000000000000000 ) ) ;
#2175 = AXIS2_PLACEMENT_3D ( 'NONE', #3252, #3377, #8139 ) ;
#2176 = ORIENTED_EDGE ( 'NONE', *, *, #1863, .F. ) ;
#2177 = EDGE_LOOP ( 'NONE', ( #639, #8142, #4355, #3494 ) ) ;
#2178 = FACE_OUTER_BOUND ( 'NONE', #1460, .T. ) ;
#2179 = CARTESIAN_POINT ( 'NONE',  ( 43.27407112260534916, 52.09334055407673958, -69.29827388435126068 ) ) ;
#2180 = LINE ( 'NONE', #2962, #7383 ) ;
#2181 = CARTESIAN_POINT ( 'NONE',  ( -64.04942235729440370, 68.11553659766630631, 14.00000000000000000 ) ) ;
#2182 = CARTESIAN_POINT ( 'NONE',  ( 35.91929085336110461, 68.69218152361786167, -24.87038880285310327 ) ) ;
#2183 = AXIS2_PLACEMENT_3D ( 'NONE', #6792, #49, #2018 ) ;
#2184 = AXIS2_PLACEMENT_3D ( 'NONE', #745, #8968, #1338 ) ;
#2185 = CARTESIAN_POINT ( 'NONE',  ( -50.03658622505979281, 47.05105508795753622, 58.66590957910284487 ) ) ;
#2186 = VECTOR ( 'NONE', #6061, 1000.000000000000000 ) ;
#2187 = CIRCLE ( 'NONE', #6827, 2.500000000000002220 ) ;
#2188 = CARTESIAN_POINT ( 'NONE',  ( 34.67131307732812928, 78.43004756846768544, -31.85446628681538073 ) ) ;
#2189 = FILL_AREA_STYLE ('',( #5643 ) ) ;
#2190 = CARTESIAN_POINT ( 'NONE',  ( -64.99999999999994316, 71.20242650879478674, -7.223379212444533515 ) ) ;
#2191 = CARTESIAN_POINT ( 'NONE',  ( -73.50215154756890001, 53.49999999999999289, 0.000000000000000000 ) ) ;
#2192 = AXIS2_PLACEMENT_3D ( 'NONE', #603, #6264, #2666 ) ;
#2193 = EDGE_CURVE ( 'NONE', #8059, #2199, #533, .T. ) ;
#2194 = ADVANCED_FACE ( 'NONE', ( #4714 ), #758, .F. ) ;
#2195 = CARTESIAN_POINT ( 'NONE',  ( 46.09236880815220161, 64.39919800490791602, 51.83432461692380144 ) ) ;
#2196 = CARTESIAN_POINT ( 'NONE',  ( -25.33833460650983582, 52.38165315073361228, 71.88728291765407619 ) ) ;
#2197 = CARTESIAN_POINT ( 'NONE',  ( 81.67355142397299517, 51.09731690067121690, -2.083815035764966517 ) ) ;
#2198 = EDGE_LOOP ( 'NONE', ( #433, #3247 ) ) ;
#2199 = VERTEX_POINT ( 'NONE', #5051 ) ;
#2200 = DIRECTION ( 'NONE',  ( -0.000000000000000000, -1.000000000000000000, -0.000000000000000000 ) ) ;
#2201 = EDGE_LOOP ( 'NONE', ( #8789, #8326, #5618, #6652 ) ) ;
#2202 = CARTESIAN_POINT ( 'NONE',  ( -20.25000000000000355, 85.56084588387216172, 0.000000000000000000 ) ) ;
#2203 = CARTESIAN_POINT ( 'NONE',  ( 40.46670968795703516, 75.04279106655440046, -34.54670292741715087 ) ) ;
#2204 = VECTOR ( 'NONE', #5531, 1000.000000000000000 ) ;
#2205 = CARTESIAN_POINT ( 'NONE',  ( 73.89637485823519114, 46.92052664020000208, 14.67361902691273912 ) ) ;
#2206 = CARTESIAN_POINT ( 'NONE',  ( 36.39636774521703444, 79.16643442887631466, -15.07543272797223466 ) ) ;
#2207 = CARTESIAN_POINT ( 'NONE',  ( 24.04553583805445172, 68.77445268785427857, 55.68712641608711778 ) ) ;
#2208 = VERTEX_POINT ( 'NONE', #2920 ) ;
#2209 = DIRECTION ( 'NONE',  ( -0.000000000000000000, 1.000000000000000000, -0.000000000000000000 ) ) ;
#2210 = ORIENTED_EDGE ( 'NONE', *, *, #7356, .F. ) ;
#2211 = CARTESIAN_POINT ( 'NONE',  ( -60.25896109168538572, 69.04857540238329250, 7.379594382087738996E-15 ) ) ;
#2212 = ORIENTED_EDGE ( 'NONE', *, *, #3455, .F. ) ;
#2213 = CARTESIAN_POINT ( 'NONE',  ( 66.41440648060566332, 65.95929522014517943, 14.00000000000000888 ) ) ;
#2214 = EDGE_CURVE ( 'NONE', #4488, #6505, #74, .T. ) ;
#2215 = LINE ( 'NONE', #7746, #4210 ) ;
#2216 = ORIENTED_EDGE ( 'NONE', *, *, #6933, .F. ) ;
#2217 = CARTESIAN_POINT ( 'NONE',  ( -75.46923561638179478, 50.02349546675840486, 13.99999999999999467 ) ) ;
#2218 = CARTESIAN_POINT ( 'NONE',  ( -40.49161206436786387, 56.67918029834921612, 70.96027595731349891 ) ) ;
#2219 = ORIENTED_EDGE ( 'NONE', *, *, #5099, .F. ) ;
#2220 = DIRECTION ( 'NONE',  ( 0.5000000000000039968, -0.000000000000000000, -0.8660254037844362651 ) ) ;
#2221 = DIRECTION ( 'NONE',  ( 0.000000000000000000, 0.000000000000000000, -1.000000000000000000 ) ) ;
#2222 = DIRECTION ( 'NONE',  ( -0.5000000000000039968, 0.000000000000000000, 0.8660254037844363761 ) ) ;
#2223 = CARTESIAN_POINT ( 'NONE',  ( 73.34366810320948105, 48.00576291639729476, -14.00000000000829203 ) ) ;
#2224 = CARTESIAN_POINT ( 'NONE',  ( -50.10630073282690233, 52.40596060623926178, 54.05696491306439810 ) ) ;
#2225 = FACE_OUTER_BOUND ( 'NONE', #2118, .T. ) ;
#2226 = ORIENTED_EDGE ( 'NONE', *, *, #6382, .F. ) ;
#2227 = ORIENTED_EDGE ( 'NONE', *, *, #513, .F. ) ;
#2228 = CARTESIAN_POINT ( 'NONE',  ( 0.000000000000000000, 43.00000000000000000, 0.000000000000000000 ) ) ;
#2229 = B_SPLINE_CURVE_WITH_KNOTS ( 'NONE', 3,
 ( #4072, #4698, #6850, #3390, #8240, #8833, #7558, #4112, #3302, #8967, #1202, #4836, #1892, #1386, #4160, #6931, #3263, #2626, #5400, #6035, #8790, #2580, #5350, #5626, #107, #2268, #2998, #1633, #790, #5727, #8442, #6410 ),
 .UNSPECIFIED., .F., .F.,
 ( 4, 2, 2, 2, 2, 2, 2, 2, 2, 2, 2, 2, 2, 2, 2, 4 ),
 ( 0.01262544849716233999, 0.01386781939038684089, 0.01448900483699909827, 0.01511019028361135393, 0.01573137573022360958, 0.01635256117683586696, 0.01697374662344812435, 0.01759493207006038173, 0.01821611751667263912, 0.01883730296328489651, 0.01945848840989715389, 0.02007967385650941128, 0.02070085930312166866, 0.02132204474973392605, 0.02194323019634618344, 0.02256441564295843735 ),
 .UNSPECIFIED. ) ;
#2230 = CARTESIAN_POINT ( 'NONE',  ( 50.17054340884872232, 46.00000000000000000, 58.89793022746725626 ) ) ;
#2231 = CARTESIAN_POINT ( 'NONE',  ( 39.96437621332641754, 56.53398688041067288, -71.25850768210298725 ) ) ;
#2232 = CARTESIAN_POINT ( 'NONE',  ( -18.25000000000000711, -0.001999999999986488714, 0.000000000000000000 ) ) ;
#2233 = CARTESIAN_POINT ( 'NONE',  ( 37.26958993720038649, 69.22925642478676878, -20.30664643005318837 ) ) ;
#2234 = DIRECTION ( 'NONE',  ( -0.5000000000000101030, -0.000000000000000000, 0.8660254037844328234 ) ) ;
#2235 = CARTESIAN_POINT ( 'NONE',  ( 31.98607252601680884, 78.09784467742248637, -27.97518666410056198 ) ) ;
#2236 = CARTESIAN_POINT ( 'NONE',  ( 39.16999581785064777, 56.03494831589915037, 71.69818957544434568 ) ) ;
#2237 = FACE_OUTER_BOUND ( 'NONE', #2481, .T. ) ;
#2238 = CARTESIAN_POINT ( 'NONE',  ( -64.97653019867503588, 70.99999999999808153, -4.499999999999998224 ) ) ;
#2239 = ADVANCED_FACE ( 'NONE', ( #7134 ), #6381, .F. ) ;
#2240 = B_SPLINE_CURVE_WITH_KNOTS ( 'NONE', 3,
 ( #2299, #2393, #327, #8559 ),
 .UNSPECIFIED., .F., .F.,
 ( 4, 4 ),
 ( 0.02354415749652202100, 0.02807886266299668837 ),
 .UNSPECIFIED. ) ;
#2241 = CARTESIAN_POINT ( 'NONE',  ( -36.39537474438833442, 70.14503718263755161, -53.74871460327081962 ) ) ;
#2242 = CARTESIAN_POINT ( 'NONE',  ( -25.55348293066339949, 50.61866292743543738, 72.25993074625132806 ) ) ;
#2243 = CARTESIAN_POINT ( 'NONE',  ( 81.63965085961432067, 53.49999999999994316, 3.139650859614402378 ) ) ;
#2244 = ORIENTED_EDGE ( 'NONE', *, *, #5889, .F. ) ;
#2245 = DIRECTION ( 'NONE',  ( 0.8660254037844320463, 0.000000000000000000, 0.5000000000000112133 ) ) ;
#2246 = ORIENTED_EDGE ( 'NONE', *, *, #6803, .F. ) ;
#2247 = CARTESIAN_POINT ( 'NONE',  ( 64.99999999999998579, 0.000000000000000000, 14.00000000000000000 ) ) ;
#2248 = CARTESIAN_POINT ( 'NONE',  ( -44.41072685987280977, 68.75925333859642308, 48.92163532236200751 ) ) ;
#2249 = DIRECTION ( 'NONE',  ( 0.8660254037844322683, 0.000000000000000000, 0.5000000000000111022 ) ) ;
#2250 = CARTESIAN_POINT ( 'NONE',  ( 72.71679280154886271, 48.61675045524525984, 16.34738703895267875 ) ) ;
#2251 = CARTESIAN_POINT ( 'NONE',  ( 39.13271418406530699, 80.89417755564302581, -13.95984839715146286 ) ) ;
#2252 = B_SPLINE_CURVE_WITH_KNOTS ( 'NONE', 3,
 ( #1056, #8687, #7924, #284 ),
 .UNSPECIFIED., .F., .F.,
 ( 4, 4 ),
 ( 5.930039991318292298E-16, 0.004536617054218355233 ),
 .UNSPECIFIED. ) ;
#2253 = CARTESIAN_POINT ( 'NONE',  ( 18.01065532994434903, 67.94710706919279630, 59.13721505679355772 ) ) ;
#2254 = ORIENTED_EDGE ( 'NONE', *, *, #3649, .T. ) ;
#2255 = DIRECTION ( 'NONE',  ( 0.5000000000000041078, -0.000000000000000000, -0.8660254037844363761 ) ) ;
#2256 = CARTESIAN_POINT ( 'NONE',  ( 52.28572573259913270, 72.09024013752818405, -23.99845527976693305 ) ) ;
#2257 = ORIENTED_EDGE ( 'NONE', *, *, #8638, .F. ) ;
#2258 = CARTESIAN_POINT ( 'NONE',  ( 43.32830913595535804, 70.59092840437290306, 50.03992405147631928 ) ) ;
#2259 = VERTEX_POINT ( 'NONE', #8546 ) ;
#2260 = CARTESIAN_POINT ( 'NONE',  ( 75.82446114416394778, 47.05105508795745095, 14.00000000000000888 ) ) ;
#2261 = CARTESIAN_POINT ( 'NONE',  ( 69.39801387527923282, 57.64672313975280105, 16.40762807781133858 ) ) ;
#2262 = ORIENTED_EDGE ( 'NONE', *, *, #3359, .F. ) ;
#2263 = CARTESIAN_POINT ( 'NONE',  ( -61.23307001653284232, 67.16783077010643410, 14.00000000000827960 ) ) ;
#2264 = CIRCLE ( 'NONE', #4571, 77.70000000000000284 ) ;
#2265 = EDGE_CURVE ( 'NONE', #8899, #4555, #391, .T. ) ;
#2266 = DIRECTION ( 'NONE',  ( 0.000000000000000000, 0.000000000000000000, -1.000000000000000000 ) ) ;
#2267 = ORIENTED_EDGE ( 'NONE', *, *, #4560, .T. ) ;
#2268 = CARTESIAN_POINT ( 'NONE',  ( -43.19299895221417529, 51.90912593585705537, 69.34888402465030310 ) ) ;
#2269 = CARTESIAN_POINT ( 'NONE',  ( 25.56266345812986529, 46.10331087986508436, 72.31830935635539959 ) ) ;
#2270 = EDGE_CURVE ( 'NONE', #7120, #7681, #2890, .T. ) ;
#2271 = CARTESIAN_POINT ( 'NONE',  ( -49.68038972736112413, 46.30971102074839507, -57.73509366133818332 ) ) ;
#2272 = CARTESIAN_POINT ( 'NONE',  ( 0.000000000000000000, 2.999999999999999112, 0.000000000000000000 ) ) ;
#2273 = CARTESIAN_POINT ( 'NONE',  ( -19.90035552566494204, 68.11553659766627788, -62.46842685913602367 ) ) ;
#2274 = EDGE_LOOP ( 'NONE', ( #6389, #554, #6883, #6221 ) ) ;
#2275 = ORIENTED_EDGE ( 'NONE', *, *, #306, .T. ) ;
#2276 = DIRECTION ( 'NONE',  ( -0.5000000000000039968, 0.000000000000000000, 0.8660254037844363761 ) ) ;
#2277 = CARTESIAN_POINT ( 'NONE',  ( -52.37013182887405094, 61.00000000000000000, -62.70772912669023214 ) ) ;
#2278 = CIRCLE ( 'NONE', #6901, 2.500000000000000888 ) ;
#2279 = CARTESIAN_POINT ( 'NONE',  ( 38.77630861291563491, 55.60370249565597334, -71.91181407252861391 ) ) ;
#2280 = DIRECTION ( 'NONE',  ( 0.8660254037844431485, 0.000000000000000000, -0.4999999999999921174 ) ) ;
#2281 = CARTESIAN_POINT ( 'NONE',  ( 37.01632216908958384, 69.25744491456212870, -20.62713330647499532 ) ) ;
#2282 = EDGE_CURVE ( 'NONE', #7509, #1513, #7086, .T. ) ;
#2283 = CARTESIAN_POINT ( 'NONE',  ( -50.03287401029640336, 45.85812873523628497, 58.65947983452404912 ) ) ;
#2284 = CARTESIAN_POINT ( 'NONE',  ( -23.93083586125461792, 53.27527253398125850, -69.44942357923828524 ) ) ;
#2285 = CARTESIAN_POINT ( 'NONE',  ( 33.89132551419074701, 76.74831318714616657, -31.09679477323170005 ) ) ;
#2286 = DIRECTION ( 'NONE',  ( 0.8660254037844431485, 0.000000000000000000, -0.4999999999999921174 ) ) ;
#2287 = VECTOR ( 'NONE', #5414, 1000.000000000000000 ) ;
#2288 = CARTESIAN_POINT ( 'NONE',  ( 36.42142207180550884, 71.37356801940973128, -54.02761715722545688 ) ) ;
#2289 = DIRECTION ( 'NONE',  ( 0.5000000000000101030, 0.000000000000000000, -0.8660254037844328234 ) ) ;
#2290 = CARTESIAN_POINT ( 'NONE',  ( -39.08944556908488721, 68.80897696851242529, -51.27831470529609703 ) ) ;
#2291 = CARTESIAN_POINT ( 'NONE',  ( -19.90035552566578403, 68.11553659766630631, 62.46842685913570392 ) ) ;
#2292 = LINE ( 'NONE', #5012, #5208 ) ;
#2293 = ORIENTED_EDGE ( 'NONE', *, *, #6918, .T. ) ;
#2294 = DIRECTION ( 'NONE',  ( 0.4999999999999919509, -0.000000000000000000, 0.8660254037844432595 ) ) ;
#2295 = ORIENTED_EDGE ( 'NONE', *, *, #842, .F. ) ;
#2296 = CARTESIAN_POINT ( 'NONE',  ( -72.63926948857651666, 57.89736674009616024, 13.99999999999998757 ) ) ;
#2297 = CARTESIAN_POINT ( 'NONE',  ( -22.13465309806527870, 49.58324814417439086, -71.03862126191944526 ) ) ;
#2298 = EDGE_CURVE ( 'NONE', #3572, #8007, #7249, .T. ) ;
#2299 = CARTESIAN_POINT ( 'NONE',  ( -24.27294201064032109, 70.96746529199602094, -61.04154539078394492 ) ) ;
#2300 = CARTESIAN_POINT ( 'NONE',  ( 38.91613928324496641, 53.49999999999999289, 62.40473047300871201 ) ) ;
#2301 = CARTESIAN_POINT ( 'NONE',  ( 20.16052932983929580, 68.75439463849414778, -62.91906110676358566 ) ) ;
#2302 = ORIENTED_EDGE ( 'NONE', *, *, #1066, .F. ) ;
#2303 = CARTESIAN_POINT ( 'NONE',  ( -65.00000000000000000, 70.96746529199602094, 9.499788289590759049 ) ) ;
#2304 = FACE_BOUND ( 'NONE', #1385, .T. ) ;
#2305 = ORIENTED_EDGE ( 'NONE', *, *, #8117, .T. ) ;
#2306 = CARTESIAN_POINT ( 'NONE',  ( -60.25896109168538572, 69.04857540238329250, 7.379594382087738996E-15 ) ) ;
#2307 = VERTEX_POINT ( 'NONE', #7809 ) ;
#2308 = CARTESIAN_POINT ( 'NONE',  ( 28.87508545269598770, 79.57588136914630184, -24.70728397442879398 ) ) ;
#2309 = CARTESIAN_POINT ( 'NONE',  ( 60.97048025357694456, 66.83309344415617659, 16.50072612793135107 ) ) ;
#2310 = ORIENTED_EDGE ( 'NONE', *, *, #218, .T. ) ;
#2311 = CARTESIAN_POINT ( 'NONE',  ( -75.35567716728736798, 50.61866292743545159, 13.99999999999999112 ) ) ;
#2312 = DIRECTION ( 'NONE',  ( -1.000000000000000000, -0.000000000000000000, -0.000000000000000000 ) ) ;
#2313 = ORIENTED_EDGE ( 'NONE', *, *, #3213, .T. ) ;
#2314 = CARTESIAN_POINT ( 'NONE',  ( 37.46574005214461067, 81.43163002301383813, -14.52992571157130008 ) ) ;
#2315 = CIRCLE ( 'NONE', #109, 81.70000000000000284 ) ;
#2316 = CARTESIAN_POINT ( 'NONE',  ( -28.35006489499853188, 70.14503718263755161, 58.39367641052999858 ) ) ;
#2317 = CARTESIAN_POINT ( 'NONE',  ( 68.04598584424323349, 59.75118097121387706, -16.42780588279553911 ) ) ;
#2318 = ADVANCED_FACE ( 'NONE', ( #4269 ), #6463, .F. ) ;
#2319 = CARTESIAN_POINT ( 'NONE',  ( 44.33242808152181169, 67.51887975670250341, -43.77088530842394221 ) ) ;
#2320 = ADVANCED_FACE ( 'NONE', ( #3729 ), #2333, .F. ) ;
#2321 = CARTESIAN_POINT ( 'NONE',  ( -20.21170396758314070, 68.93947535392156567, -63.00769817939576001 ) ) ;
#2322 = ORIENTED_EDGE ( 'NONE', *, *, #1114, .F. ) ;
#2323 = FACE_OUTER_BOUND ( 'NONE', #2149, .T. ) ;
#2324 = VECTOR ( 'NONE', #8665, 1000.000000000000114 ) ;
#2325 = DIRECTION ( 'NONE',  ( 0.7071067811865474617, 0.000000000000000000, -0.7071067811865474617 ) ) ;
#2326 = CARTESIAN_POINT ( 'NONE',  ( 29.93782217350831232, 71.00000000000000000, 65.85382907247985429 ) ) ;
#2327 = PRODUCT_DEFINITION ( 'UNKNOWN', '', #7815, #1075 ) ;
#2328 = ORIENTED_EDGE ( 'NONE', *, *, #8243, .F. ) ;
#2329 = CARTESIAN_POINT ( 'NONE',  ( 38.99895862963178672, 66.17812311139522308, -29.33818416640327342 ) ) ;
#2330 = VECTOR ( 'NONE', #3651, 1000.000000000000000 ) ;
#2331 = AXIS2_PLACEMENT_3D ( 'NONE', #6994, #4402, #755 ) ;
#2332 = VECTOR ( 'NONE', #1445, 999.9999999999998863 ) ;
#2333 = CYLINDRICAL_SURFACE ( 'NONE', #3472, 2.499999999999999556 ) ;
#2334 = CARTESIAN_POINT ( 'NONE',  ( 29.41141384388227564, 78.84903811590021405, -27.50502620269657683 ) ) ;
#2335 = CARTESIAN_POINT ( 'NONE',  ( 42.50757588183419244, 56.03493516818027587, 69.77123541849013577 ) ) ;
#2336 = EDGE_CURVE ( 'NONE', #3513, #1842, #4529, .T. ) ;
#2337 = B_SPLINE_CURVE_WITH_KNOTS ( 'NONE', 3,
 ( #7202, #2992, #4934, #785, #6404, #8481, #8528, #2261, #979, #1672, #6536, #294, #3574, #5622, #2309, #6352 ),
 .UNSPECIFIED., .F., .F.,
 ( 4, 2, 2, 2, 2, 2, 2, 4 ),
 ( 0.000000000000000000, 0.002922268352081782566, 0.005844536704163565133, 0.008766805056245347699, 0.01168907340832713027, 0.01753361011249069540, 0.02045587846457247103, 0.02337814681665426053 ),
 .UNSPECIFIED. ) ;
#2338 = CARTESIAN_POINT ( 'NONE',  ( 17.77702034037240963, 67.10144858561957903, 60.91871359828431309 ) ) ;
#2339 = AXIS2_PLACEMENT_3D ( 'NONE', #2076, #4944, #4258 ) ;
#2340 = CARTESIAN_POINT ( 'NONE',  ( 72.00000000000000000, 71.00000000000000000, -7.000000000000005329 ) ) ;
#2341 = CIRCLE ( 'NONE', #8986, 2.499999999999991562 ) ;
#2342 = CARTESIAN_POINT ( 'NONE',  ( -24.32368674301883971, 57.41926555727935266, 70.12986126629650130 ) ) ;
#2343 = CARTESIAN_POINT ( 'NONE',  ( -19.57914955336900675, 65.33113625352028464, 61.91208179545601098 ) ) ;
#2344 = CARTESIAN_POINT ( 'NONE',  ( 81.64558853342091993, 52.47846262554611485, -2.982249656303414209 ) ) ;
#2345 = CARTESIAN_POINT ( 'NONE',  ( -44.56239100559850641, 67.38180933480941803, -43.78380246452289271 ) ) ;
#2346 = CARTESIAN_POINT ( 'NONE',  ( -75.81613304120003249, 47.11467724965587678, 14.00000000000000178 ) ) ;
#2347 = CARTESIAN_POINT ( 'NONE',  ( -36.42142207180046398, 71.37356801941000128, -54.02761715722837010 ) ) ;
#2348 = CARTESIAN_POINT ( 'NONE',  ( 49.75156183230996731, 47.27665030204771313, 56.16564631967349897 ) ) ;
#2349 = CARTESIAN_POINT ( 'NONE',  ( 32.38900154628181838, 82.32536213918288581, -19.38374457973804255 ) ) ;
#2350 = CARTESIAN_POINT ( 'NONE',  ( 70.03338903277509075, 61.97525265978688225, -14.00000000000001599 ) ) ;
#2351 = ORIENTED_EDGE ( 'NONE', *, *, #5411, .T. ) ;
#2352 = CYLINDRICAL_SURFACE ( 'NONE', #8357, 2.500000000000003553 ) ;
#2353 = PRODUCT ( 'R7_ENG_2200_bezOtworow', 'R7_ENG_2200_bezOtworow', '', ( #2593 ) ) ;
#2354 = CARTESIAN_POINT ( 'NONE',  ( 62.68051986072771342, 67.29654735507111241, 14.40063262748621042 ) ) ;
#2355 = CIRCLE ( 'NONE', #7411, 2.500000000000005329 ) ;
#2356 = EDGE_LOOP ( 'NONE', ( #1068, #7829, #7730, #4343, #6921 ) ) ;
#2357 = LINE ( 'NONE', #5761, #8258 ) ;
#2358 = ORIENTED_EDGE ( 'NONE', *, *, #854, .T. ) ;
#2359 = CARTESIAN_POINT ( 'NONE',  ( -40.52151424821415304, 70.09497369518281573, 51.51210965486665572 ) ) ;
#2360 = CARTESIAN_POINT ( 'NONE',  ( -44.03946415403682124, 64.94776857187626717, -48.27858945290856951 ) ) ;
#2361 = EDGE_LOOP ( 'NONE', ( #2176, #4080, #5405, #1059 ) ) ;
#2362 = LINE ( 'NONE', #1761, #3770 ) ;
#2363 = CARTESIAN_POINT ( 'NONE',  ( 72.00000000000000000, 71.00000000000000000, 7.000000000000000000 ) ) ;
#2364 = CARTESIAN_POINT ( 'NONE',  ( 52.19314189778376800, 72.54741862487628623, -22.69431279803234958 ) ) ;
#2365 = AXIS2_PLACEMENT_3D ( 'NONE', #2326, #851, #2280 ) ;
#2366 = CARTESIAN_POINT ( 'NONE',  ( -49.72355153875679434, 46.22973997552795566, -57.92521341942463664 ) ) ;
#2367 = CARTESIAN_POINT ( 'NONE',  ( 63.74364119782244131, 68.39397752114253137, -13.99999999999999467 ) ) ;
#2368 = EDGE_CURVE ( 'NONE', #5465, #7015, #2016, .T. ) ;
#2369 = CARTESIAN_POINT ( 'NONE',  ( 66.70000000000000284, 0.000000000000000000, 0.000000000000000000 ) ) ;
#2370 = CARTESIAN_POINT ( 'NONE',  ( -50.51564886200456073, 48.61675045524525984, 54.80089632839377600 ) ) ;
#2371 = ORIENTED_EDGE ( 'NONE', *, *, #6974, .F. ) ;
#2372 = LINE ( 'NONE', #6592, #4936 ) ;
#2373 = B_SPLINE_CURVE_WITH_KNOTS ( 'NONE', 3,
 ( #5959, #8115, #8759, #6003, #8720, #6683, #5913, #2423, #2590, #5873, #8635, #8035 ),
 .UNSPECIFIED., .F., .F.,
 ( 4, 2, 2, 2, 2, 4 ),
 ( 6.938893903907229918E-18, 0.008300315384362572102, 0.01245047307654384081, 0.01660063076872511298, 0.02490094615308765386, 0.03320126153745019820 ),
 .UNSPECIFIED. ) ;
#2374 = CARTESIAN_POINT ( 'NONE',  ( -64.74126540452985523, 63.45883282103636702, -16.46621447235689928 ) ) ;
#2375 = ORIENTED_EDGE ( 'NONE', *, *, #1123, .T. ) ;
#2376 = CARTESIAN_POINT ( 'NONE',  ( -64.97653019867503588, 70.99999999999808153, -4.499999999999998224 ) ) ;
#2377 = EDGE_CURVE ( 'NONE', #886, #6937, #2966, .T. ) ;
#2378 = CARTESIAN_POINT ( 'NONE',  ( 24.32311778411029479, 70.26377626125639608, -60.92021764945488371 ) ) ;
#2379 = ADVANCED_FACE ( 'NONE', ( #124 ), #8831, .F. ) ;
#2380 = VERTEX_POINT ( 'NONE', #4365 ) ;
#2381 = CARTESIAN_POINT ( 'NONE',  ( 28.87508545269598770, 79.57588136914630184, -24.70728397442879398 ) ) ;
#2382 = CARTESIAN_POINT ( 'NONE',  ( 37.11654336332384219, 76.90330589891169666, -33.53545279338558771 ) ) ;
#2383 = CARTESIAN_POINT ( 'NONE',  ( 40.48854207269710770, 56.67868529315200021, 70.96202691687908271 ) ) ;
#2384 = EDGE_CURVE ( 'NONE', #7072, #6785, #1647, .T. ) ;
#2385 = CARTESIAN_POINT ( 'NONE',  ( -71.54594170067126413, 53.31457523385764574, -16.37109445571442023 ) ) ;
#2386 = ADVANCED_FACE ( 'NONE', ( #8499 ), #3958, .F. ) ;
#2387 = DIRECTION ( 'NONE',  ( -0.5000000000000101030, -0.000000000000000000, 0.8660254037844328234 ) ) ;
#2388 = CARTESIAN_POINT ( 'NONE',  ( 24.27275866404724880, 71.00000000000000000, 61.04165124598873149 ) ) ;
#2389 = CARTESIAN_POINT ( 'NONE',  ( 81.67743642697776352, 50.96554157797830698, 1.927557990729902748 ) ) ;
#2390 = CARTESIAN_POINT ( 'NONE',  ( 64.99999999999998579, 0.000000000000000000, 14.00000000000000000 ) ) ;
#2391 = FACE_OUTER_BOUND ( 'NONE', #5490, .T. ) ;
#2392 = CARTESIAN_POINT ( 'NONE',  ( -43.81650911529742842, 67.16491451319366490, 46.47094791782395617 ) ) ;
#2393 = CARTESIAN_POINT ( 'NONE',  ( -22.97019348131088989, 70.79964327383027012, -61.79368760487869849 ) ) ;
#2394 = CARTESIAN_POINT ( 'NONE',  ( 60.23518915044323307, 68.38075147845464130, -11.04543814222989262 ) ) ;
#2395 = FACE_OUTER_BOUND ( 'NONE', #1275, .T. ) ;
#2396 = CARTESIAN_POINT ( 'NONE',  ( 29.93782217350831232, 71.00000000000000000, 65.85382907247985429 ) ) ;
#2397 = VERTEX_POINT ( 'NONE', #8756 ) ;
#2398 = ADVANCED_FACE ( 'NONE', ( #2547 ), #6559, .F. ) ;
#2399 = CARTESIAN_POINT ( 'NONE',  ( 8.681445989019583770E-15, 76.42166581354543098, 12.25000000000000178 ) ) ;
#2400 = ORIENTED_EDGE ( 'NONE', *, *, #7740, .F. ) ;
#2401 = CARTESIAN_POINT ( 'NONE',  ( 32.04205214093176579, 80.29581629282776589, -15.45303100159202181 ) ) ;
#2402 = DIRECTION ( 'NONE',  ( -0.4999999999999980016, 0.000000000000000000, -0.8660254037844398178 ) ) ;
#2403 = PLANE ( 'NONE',  #8992 ) ;
#2404 = VERTEX_POINT ( 'NONE', #2381 ) ;
#2405 = DIRECTION ( 'NONE',  ( -0.8660254037844389297, 0.000000000000000000, 0.4999999999999993894 ) ) ;
#2406 = LINE ( 'NONE', #5170, #3822 ) ;
#2407 = DIRECTION ( 'NONE',  ( -1.000000000000000000, 0.000000000000000000, 0.000000000000000000 ) ) ;
#2408 = CARTESIAN_POINT ( 'NONE',  ( -25.99281867621778019, 68.54077820446758551, 58.10490456131470438 ) ) ;
#2409 = DIRECTION ( 'NONE',  ( -0.8660254037844361541, 0.000000000000000000, -0.5000000000000041078 ) ) ;
#2410 = CARTESIAN_POINT ( 'NONE',  ( -73.51665191472547178, 47.27665630569254063, -15.00329897136843016 ) ) ;
#2411 = EDGE_LOOP ( 'NONE', ( #2098, #8592, #7796, #8839 ) ) ;
#2412 = CARTESIAN_POINT ( 'NONE',  ( 1.000536434903387707E-14, 46.00000000000000000, 81.70000000000000284 ) ) ;
#2413 = DIRECTION ( 'NONE',  ( -0.8660254037844370423, 0.000000000000000000, -0.5000000000000029976 ) ) ;
#2414 = EDGE_CURVE ( 'NONE', #4399, #1844, #1690, .T. ) ;
#2415 = DIRECTION ( 'NONE',  ( 1.000000000000000000, 0.000000000000000000, 0.000000000000000000 ) ) ;
#2416 = CARTESIAN_POINT ( 'NONE',  ( 28.42857070613629844, 70.30594628184095995, -58.42390423955178136 ) ) ;
#2417 = AXIS2_PLACEMENT_3D ( 'NONE', #2811, #3584, #6363 ) ;
#2418 = ORIENTED_EDGE ( 'NONE', *, *, #5976, .T. ) ;
#2419 = DIRECTION ( 'NONE',  ( 0.000000000000000000, 0.000000000000000000, 1.000000000000000000 ) ) ;
#2420 = DIRECTION ( 'NONE',  ( -0.5000000000000101030, 0.000000000000000000, 0.8660254037844328234 ) ) ;
#2421 = CARTESIAN_POINT ( 'NONE',  ( 51.50513612454474099, 70.13154112512633276, -28.17037884296091477 ) ) ;
#2422 = ADVANCED_FACE ( 'NONE', ( #2677 ), #6390, .F. ) ;
#2423 = CARTESIAN_POINT ( 'NONE',  ( 32.54340325837087988, 69.04820565211821304, 50.79209706139346281 ) ) ;
#2424 = CARTESIAN_POINT ( 'NONE',  ( 37.53110931812300777, 68.50658283686244943, -51.41017527243954532 ) ) ;
#2425 = CARTESIAN_POINT ( 'NONE',  ( 18.51824875271151427, 67.19864238473650175, 61.27649008176836531 ) ) ;
#2426 = FACE_BOUND ( 'NONE', #2072, .T. ) ;
#2427 = DIRECTION ( 'NONE',  ( 0.4999999999999919509, 0.000000000000000000, 0.8660254037844432595 ) ) ;
#2428 = CARTESIAN_POINT ( 'NONE',  ( 24.67959002009301628, 55.96238029589262197, 70.74630382477226931 ) ) ;
#2429 = EDGE_CURVE ( 'NONE', #5714, #5769, #4120, .T. ) ;
#2430 = EDGE_CURVE ( 'NONE', #3972, #1412, #3628, .T. ) ;
#2431 = CARTESIAN_POINT ( 'NONE',  ( 75.60992364307445257, 46.05586453954276038, -14.00000000000000178 ) ) ;
#2432 = CIRCLE ( 'NONE', #813, 2.500000000000005329 ) ;
#2433 = CARTESIAN_POINT ( 'NONE',  ( -73.60619843565858389, 55.96612926941604371, 14.00000000000000711 ) ) ;
#2434 = DIRECTION ( 'NONE',  ( -0.000000000000000000, -1.000000000000000000, -0.000000000000000000 ) ) ;
#2435 = CARTESIAN_POINT ( 'NONE',  ( -71.54594170067129255, 53.31457523385761021, 16.37109445571439537 ) ) ;
#2436 = CARTESIAN_POINT ( 'NONE',  ( 33.10239388162153773, 79.67772562225148647, -18.21215087761180484 ) ) ;
#2437 = CARTESIAN_POINT ( 'NONE',  ( 74.60512294179893900, 53.47322573449753236, -14.00000000000003375 ) ) ;
#2438 = CARTESIAN_POINT ( 'NONE',  ( 76.09336466201399674, 46.00000000000000000, 14.00000000000000000 ) ) ;
#2439 = DIRECTION ( 'NONE',  ( 0.000000000000000000, 1.000000000000000000, 0.000000000000000000 ) ) ;
#2440 = CARTESIAN_POINT ( 'NONE',  ( -52.37013182887492491, 0.000000000000000000, 62.70772912668949317 ) ) ;
#2441 = VERTEX_POINT ( 'NONE', #8977 ) ;
#2442 = LINE ( 'NONE', #974, #1607 ) ;
#2443 = VERTEX_POINT ( 'NONE', #656 ) ;
#2444 = CARTESIAN_POINT ( 'NONE',  ( -37.86539231479633827, 68.49858830506830998, 51.26970787410993324 ) ) ;
#2445 = CARTESIAN_POINT ( 'NONE',  ( 48.44520394270778496, 57.89293898239947112, -55.90955461180522690 ) ) ;
#2446 = DIRECTION ( 'NONE',  ( 0.000000000000000000, -0.000000000000000000, 1.000000000000000000 ) ) ;
#2447 = EDGE_CURVE ( 'NONE', #8223, #2767, #613, .T. ) ;
#2448 = CARTESIAN_POINT ( 'NONE',  ( 47.67917453901701208, 63.19667981089044417, -24.61601739874908290 ) ) ;
#2449 = CARTESIAN_POINT ( 'NONE',  ( 12.12435565298211060, 45.99999999999999289, 7.000000000000057732 ) ) ;
#2450 = B_SPLINE_CURVE_WITH_KNOTS ( 'NONE', 3,
 ( #1050, #3152, #1004, #1823, #8003, #7316, #4589, #5549, #3362, #663 ),
 .UNSPECIFIED., .F., .F.,
 ( 4, 2, 2, 2, 4 ),
 ( 0.000000000000000000, 0.0006174258119178758185, 0.001234851623835751637, 0.001852277435753627455, 0.002469703247671503274 ),
 .UNSPECIFIED. ) ;
#2451 = CARTESIAN_POINT ( 'NONE',  ( 46.63079273948584813, 63.45883282103227430, -47.83447327730338117 ) ) ;
#2452 = CARTESIAN_POINT ( 'NONE',  ( -23.87564434701769400, 80.99999999999998579, -69.35382907247964113 ) ) ;
#2453 = EDGE_CURVE ( 'NONE', #886, #7072, #1750, .T. ) ;
#2454 = ORIENTED_EDGE ( 'NONE', *, *, #1952, .T. ) ;
#2455 = DIRECTION ( 'NONE',  ( 0.000000000000000000, 0.000000000000000000, -1.000000000000000000 ) ) ;
#2456 = CARTESIAN_POINT ( 'NONE',  ( -70.76314300612375519, 56.26540278044148380, -14.00000000001987388 ) ) ;
#2457 = CARTESIAN_POINT ( 'NONE',  ( 48.12435565298240192, 80.99999999999998579, -55.35382907247937112 ) ) ;
#2458 = CARTESIAN_POINT ( 'NONE',  ( 39.03108891324496454, 71.00000000000000000, 60.60382907247993955 ) ) ;
#2459 = B_SPLINE_CURVE_WITH_KNOTS ( 'NONE', 3,
 ( #5564, #7012, #6438, #774, #4143, #6917, #728, #3519, #2205, #5611, #192, #873, #5753, #4334, #8323, #2250 ),
 .UNSPECIFIED., .F., .F.,
 ( 4, 2, 2, 2, 2, 2, 2, 4 ),
 ( 0.000000000000000000, 0.0006165529096399860855, 0.001233105819279972171, 0.001849658728919958148, 0.002466211638559944342, 0.003699317457839907189, 0.004315870367479883625, 0.004932423277119859194 ),
 .UNSPECIFIED. ) ;
#2460 = AXIS2_PLACEMENT_3D ( 'NONE', #7214, #7984, #3046 ) ;
#2461 = ORIENTED_EDGE ( 'NONE', *, *, #1402, .F. ) ;
#2462 = ORIENTED_EDGE ( 'NONE', *, *, #2729, .F. ) ;
#2463 = CARTESIAN_POINT ( 'NONE',  ( -46.63079273948434889, 63.45883282103668677, 47.83447327729912502 ) ) ;
#2464 = CARTESIAN_POINT ( 'NONE',  ( 73.50215154756890001, 53.49999999999999289, 0.000000000000000000 ) ) ;
#2465 = CARTESIAN_POINT ( 'NONE',  ( 42.36741586506241219, 72.56343387095010655, -34.62708536118320524 ) ) ;
#2466 = B_SPLINE_CURVE_WITH_KNOTS ( 'NONE', 3,
 ( #6934, #16, #5537, #6272 ),
 .UNSPECIFIED., .F., .F.,
 ( 4, 4 ),
 ( 0.003934532143711282591, 0.004345251362166941030 ),
 .UNSPECIFIED. ) ;
#2467 = CARTESIAN_POINT ( 'NONE',  ( -81.69918900614717927, 56.67868055674819772, -0.4164865137784272697 ) ) ;
#2468 = CARTESIAN_POINT ( 'NONE',  ( 40.72500282037867692, 70.78512895719379117, -51.54294365355738705 ) ) ;
#2469 = AXIS2_PLACEMENT_3D ( 'NONE', #821, #3562, #3421 ) ;
#2470 = CARTESIAN_POINT ( 'NONE',  ( -63.18582752819853710, 64.95410340582364483, -16.48162287518124103 ) ) ;
#2471 = VECTOR ( 'NONE', #6896, 1000.000000000000000 ) ;
#2472 = EDGE_LOOP ( 'NONE', ( #4282, #1117, #4522, #7464 ) ) ;
#2473 = CARTESIAN_POINT ( 'NONE',  ( -38.56217782649168413, 71.00000000000000000, 52.79165124598804937 ) ) ;
#2474 = DIRECTION ( 'NONE',  ( 0.8660254037844326014, 0.000000000000000000, 0.5000000000000104361 ) ) ;
#2475 = CARTESIAN_POINT ( 'NONE',  ( 26.43782217350920050, 71.00000000000000000, -59.79165124598839043 ) ) ;
#2476 = DIRECTION ( 'NONE',  ( -0.000000000000000000, -1.000000000000000000, -0.000000000000000000 ) ) ;
#2477 = VECTOR ( 'NONE', #43, 1000.000000000000114 ) ;
#2478 = CARTESIAN_POINT ( 'NONE',  ( -49.99210123751534951, 53.09967776847054921, -53.84997973060994525 ) ) ;
#2479 = CARTESIAN_POINT ( 'NONE',  ( 1.000536434903387707E-14, 0.000000000000000000, 81.70000000000000284 ) ) ;
#2480 = CARTESIAN_POINT ( 'NONE',  ( 72.00000000000000000, 71.00000000000000000, -9.500000000000008882 ) ) ;
#2481 = EDGE_LOOP ( 'NONE', ( #7567, #8449, #2129, #259 ) ) ;
#2482 = DIRECTION ( 'NONE',  ( -0.5000000000000101030, -0.000000000000000000, 0.8660254037844328234 ) ) ;
#2483 = AXIS2_PLACEMENT_3D ( 'NONE', #7360, #1126, #5878 ) ;
#2484 = EDGE_CURVE ( 'NONE', #3896, #8438, #5542, .T. ) ;
#2485 = CIRCLE ( 'NONE', #5675, 12.25000000000000178 ) ;
#2486 = CIRCLE ( 'NONE', #4773, 2.500000000000000000 ) ;
#2487 = ADVANCED_FACE ( 'NONE', ( #2587 ), #8299, .T. ) ;
#2488 = DIRECTION ( 'NONE',  ( 0.8660254037844422603, 0.000000000000000000, -0.4999999999999936717 ) ) ;
#2489 = CONICAL_SURFACE ( 'NONE', #8707, 2.499999999999991562, 1.029744258676653867 ) ;
#2490 = DIRECTION ( 'NONE',  ( 0.000000000000000000, 0.000000000000000000, 1.000000000000000000 ) ) ;
#2491 = ORIENTED_EDGE ( 'NONE', *, *, #1663, .F. ) ;
#2492 = CARTESIAN_POINT ( 'NONE',  ( -12.25000000000001421, 76.42166581354543098, -24.50000000000000711 ) ) ;
#2493 = AXIS2_PLACEMENT_3D ( 'NONE', #5359, #8757, #3104 ) ;
#2494 = ORIENTED_EDGE ( 'NONE', *, *, #7749, .T. ) ;
#2495 = CARTESIAN_POINT ( 'NONE',  ( -40.69776887033768276, 70.60771697037358763, 51.53981257873369515 ) ) ;
#2496 = CARTESIAN_POINT ( 'NONE',  ( -28.12142052290973737, 0.000000000000000000, -76.70772912669018240 ) ) ;
#2497 = DIRECTION ( 'NONE',  ( 0.000000000000000000, 0.000000000000000000, 1.000000000000000000 ) ) ;
#2498 = B_SPLINE_CURVE_WITH_KNOTS ( 'NONE', 3,
 ( #7275, #4460, #1737, #5915, #3787, #8000, #2971, #3108, #2338, #8640, #2425, #7951, #5055, #7141, #1045, #6605, #1782, #4548 ),
 .UNSPECIFIED., .F., .F.,
 ( 4, 2, 2, 2, 2, 2, 2, 2, 4 ),
 ( -1.082020055210739834E-05, 0.0002984106444301964727, 0.0006076414894125003454, 0.001226103179377107007, 0.002463026559306315776, 0.003081488249270917124, 0.003699949939235518907, 0.004318411629200121123, 0.004936873319164722905 ),
 .UNSPECIFIED. ) ;
#2499 = DIRECTION ( 'NONE',  ( 0.4999999999999919509, 1.387778780781446464E-15, 0.8660254037844432595 ) ) ;
#2500 = LINE ( 'NONE', #1064, #1022 ) ;
#2501 = EDGE_CURVE ( 'NONE', #5435, #1378, #5833, .T. ) ;
#2502 = CARTESIAN_POINT ( 'NONE',  ( 50.03287401029518122, 45.85812873523628497, 58.65947983452510073 ) ) ;
#2503 = CARTESIAN_POINT ( 'NONE',  ( -25.91773808019431158, 68.52742641648099209, -58.13086220168674600 ) ) ;
#2504 = ORIENTED_EDGE ( 'NONE', *, *, #5261, .F. ) ;
#2505 = LINE ( 'NONE', #3222, #3204 ) ;
#2506 = CARTESIAN_POINT ( 'NONE',  ( -72.24456889368644852, 51.06858755565809815, -16.35727458310304172 ) ) ;
#2507 = DIRECTION ( 'NONE',  ( 0.000000000000000000, 0.000000000000000000, -1.000000000000000000 ) ) ;
#2508 = CARTESIAN_POINT ( 'NONE',  ( 24.28587634255597649, 70.60829653923212845, -61.01526376058069445 ) ) ;
#2509 = VERTEX_POINT ( 'NONE', #8112 ) ;
#2510 = VERTEX_POINT ( 'NONE', #7521 ) ;
#2511 = CARTESIAN_POINT ( 'NONE',  ( -46.33538016981989216, 60.03922181401022584, 52.25523264219766162 ) ) ;
#2512 = CARTESIAN_POINT ( 'NONE',  ( 51.32266280729808017, 69.50614753457783479, -30.31751942727544247 ) ) ;
#2513 = CARTESIAN_POINT ( 'NONE',  ( -81.65383893687908312, 55.09782935164799511, 2.750352778291389466 ) ) ;
#2514 = CARTESIAN_POINT ( 'NONE',  ( -50.03308624046215414, 46.02785684633895613, -58.65984742795610885 ) ) ;
#2515 = CARTESIAN_POINT ( 'NONE',  ( 65.00000000000000000, 71.37356801940973128, 4.528068177525805815 ) ) ;
#2516 = DIRECTION ( 'NONE',  ( 0.8660254037844419273, 0.000000000000000000, -0.4999999999999943379 ) ) ;
#2517 = DIRECTION ( 'NONE',  ( 0.8660254037844327124, 0.000000000000000000, 0.5000000000000102141 ) ) ;
#2518 = CARTESIAN_POINT ( 'NONE',  ( 21.84489565140791356, 64.39652032117643898, 65.83646915428016655 ) ) ;
#2519 = CARTESIAN_POINT ( 'NONE',  ( -50.24045474099057884, 45.99999999999999289, -59.01902020676071459 ) ) ;
#2520 = CARTESIAN_POINT ( 'NONE',  ( 61.72240880437621513, 66.22292686396978922, -16.49456263305835435 ) ) ;
#2521 = FACE_BOUND ( 'NONE', #8583, .T. ) ;
#2522 = ORIENTED_EDGE ( 'NONE', *, *, #1034, .F. ) ;
#2523 = CARTESIAN_POINT ( 'NONE',  ( -38.56217782649094517, 71.00000000000000000, -52.79165124598858228 ) ) ;
#2524 = CARTESIAN_POINT ( 'NONE',  ( 29.88455780598211575, 71.45243200156990326, 57.80167750075459310 ) ) ;
#2525 = CARTESIAN_POINT ( 'NONE',  ( 0.000000000000000000, 48.61675045524525984, 0.000000000000000000 ) ) ;
#2526 = ORIENTED_EDGE ( 'NONE', *, *, #3874, .F. ) ;
#2527 = FACE_BOUND ( 'NONE', #3417, .T. ) ;
#2528 = ORIENTED_EDGE ( 'NONE', *, *, #1738, .T. ) ;
#2529 = CARTESIAN_POINT ( 'NONE',  ( 28.54369564916239099, 70.64416282352651422, 58.47805181812503861 ) ) ;
#2530 = LINE ( 'NONE', #2496, #2762 ) ;
#2531 = CARTESIAN_POINT ( 'NONE',  ( 31.68685865312778560, 77.21555919633507870, -31.64568684058867376 ) ) ;
#2532 = CARTESIAN_POINT ( 'NONE',  ( 40.99999999999933209, 53.49999999999999289, 71.01408311032433573 ) ) ;
#2533 = CARTESIAN_POINT ( 'NONE',  ( 76.23219817601714965, 45.99999999999999289, 14.00000000000000000 ) ) ;
#2534 = ORIENTED_EDGE ( 'NONE', *, *, #2690, .T. ) ;
#2535 = CARTESIAN_POINT ( 'NONE',  ( 44.03946415403854076, 64.94776857185966890, 48.27858945291083614 ) ) ;
#2536 = CARTESIAN_POINT ( 'NONE',  ( -25.68060616855590794, 46.05586453954275328, 72.48011465310381141 ) ) ;
#2537 = EDGE_LOOP ( 'NONE', ( #3479, #8519 ) ) ;
#2538 = DIRECTION ( 'NONE',  ( 0.9998476951563910475, 0.000000000000000000, 0.01745240643729334407 ) ) ;
#2539 = EDGE_CURVE ( 'NONE', #834, #5491, #7884, .T. ) ;
#2540 = CARTESIAN_POINT ( 'NONE',  ( -64.65533012237207799, 64.16889629970812337, -14.00000000000001243 ) ) ;
#2541 = EDGE_LOOP ( 'NONE', ( #1328, #1730, #7418 ) ) ;
#2542 = CARTESIAN_POINT ( 'NONE',  ( 20.54867555175515648, 68.38019243795176294, -57.68979884649548495 ) ) ;
#2543 = EDGE_CURVE ( 'NONE', #95, #7432, #4798, .T. ) ;
#2544 = CARTESIAN_POINT ( 'NONE',  ( -46.09360695737338887, 64.39652032117642477, 51.83646915427944180 ) ) ;
#2545 = ORIENTED_EDGE ( 'NONE', *, *, #903, .F. ) ;
#2546 = ORIENTED_EDGE ( 'NONE', *, *, #3960, .F. ) ;
#2547 = FACE_OUTER_BOUND ( 'NONE', #103, .T. ) ;
#2548 = LINE ( 'NONE', #1040, #8578 ) ;
#2549 = CARTESIAN_POINT ( 'NONE',  ( 43.06364245940827828, 72.27893811872962715, -34.56374561305546678 ) ) ;
#2550 = CARTESIAN_POINT ( 'NONE',  ( 40.52151424821379777, 70.09497369518282994, -51.51210965486695414 ) ) ;
#2551 = AXIS2_PLACEMENT_3D ( 'NONE', #5895, #5768, #4482 ) ;
#2552 = ADVANCED_FACE ( 'NONE', ( #3636 ), #8702, .F. ) ;
#2553 = CARTESIAN_POINT ( 'NONE',  ( 65.00000000000000000, 71.45227402772212599, -3.023073242583040443 ) ) ;
#2554 = ADVANCED_FACE ( 'NONE', ( #2178 ), #4217, .T. ) ;
#2555 = DIRECTION ( 'NONE',  ( 0.4999999999999919509, -0.000000000000000000, 0.8660254037844432595 ) ) ;
#2556 = CARTESIAN_POINT ( 'NONE',  ( -29.43782217350967656, 71.00000000000000000, 64.98780366869480929 ) ) ;
#2557 = CARTESIAN_POINT ( 'NONE',  ( 72.96480554291518672, 48.06694853713059956, -15.78407630329751576 ) ) ;
#2558 = DIRECTION ( 'NONE',  ( 0.4999999999999919509, -0.000000000000000000, 0.8660254037844432595 ) ) ;
#2559 = DIRECTION ( 'NONE',  ( 0.000000000000000000, 0.000000000000000000, -1.000000000000000000 ) ) ;
#2560 = VERTEX_POINT ( 'NONE', #3496 ) ;
#2561 = CARTESIAN_POINT ( 'NONE',  ( -63.28807245800472003, 68.50658283686244943, -6.797806465485316529 ) ) ;
#2562 = CARTESIAN_POINT ( 'NONE',  ( 29.43782217350832298, 71.00000000000000000, 64.98780366869542036 ) ) ;
#2563 = CARTESIAN_POINT ( 'NONE',  ( 44.62435565298236639, 80.99999999999998579, -49.29165124598830516 ) ) ;
#2564 = EDGE_LOOP ( 'NONE', ( #7793, #1897, #3658, #611, #6409 ) ) ;
#2565 = CARTESIAN_POINT ( 'NONE',  ( 18.25000000000000000, 85.56084588387216172, 2.234980408443919215E-15 ) ) ;
#2566 = ORIENTED_EDGE ( 'NONE', *, *, #6475, .F. ) ;
#2567 = CARTESIAN_POINT ( 'NONE',  ( -36.81344097717293096, 68.85705436393506318, 52.35518664974198799 ) ) ;
#2568 = CARTESIAN_POINT ( 'NONE',  ( 24.56524478995543959, 56.45424203979325029, -70.54825207656888608 ) ) ;
#2569 = DIRECTION ( 'NONE',  ( -0.000000000000000000, 1.000000000000000000, -0.000000000000000000 ) ) ;
#2570 = CARTESIAN_POINT ( 'NONE',  ( 50.61796604320913673, 73.04599992350438242, -18.37588434321825304 ) ) ;
#2571 = ORIENTED_EDGE ( 'NONE', *, *, #2808, .F. ) ;
#2572 = ADVANCED_FACE ( 'NONE', ( #4893, #1441, #6458 ), #116, .T. ) ;
#2573 = FACE_OUTER_BOUND ( 'NONE', #4645, .T. ) ;
#2574 = VERTEX_POINT ( 'NONE', #8345 ) ;
#2575 = AXIS2_PLACEMENT_3D ( 'NONE', #6587, #3761, #2407 ) ;
#2576 = CARTESIAN_POINT ( 'NONE',  ( -24.19649263674297401, 57.89293898239949954, -69.90955461180554664 ) ) ;
#2577 = CARTESIAN_POINT ( 'NONE',  ( -12.12435565298206086, 80.99999999999998579, -7.000000000000141220 ) ) ;
#2578 =( BOUNDED_CURVE ( )  B_SPLINE_CURVE ( 3, ( #7261, #7906, #3227, #4493 ),
 .UNSPECIFIED., .F., .F. ) 
 B_SPLINE_CURVE_WITH_KNOTS ( ( 4, 4 ),
 ( 4.897095619851701720, 6.283185307179586232 ),
 .UNSPECIFIED. ) 
 CURVE ( )  GEOMETRIC_REPRESENTATION_ITEM ( )  RATIONAL_B_SPLINE_CURVE ( ( 1.000000000000000000, 0.8462028577663227580, 0.8462028577663227580, 1.000000000000000000 ) ) 
 REPRESENTATION_ITEM ( '' )  );
#2579 = VERTEX_POINT ( 'NONE', #799 ) ;
#2580 = CARTESIAN_POINT ( 'NONE',  ( -42.50639816953810879, 50.96396384783275124, 69.77195339090751247 ) ) ;
#2581 = CARTESIAN_POINT ( 'NONE',  ( 36.75107577378475554, 53.49999999999999289, -63.65473047300819331 ) ) ;
#2582 = EDGE_CURVE ( 'NONE', #7628, #4682, #7804, .T. ) ;
#2583 = CARTESIAN_POINT ( 'NONE',  ( -45.25124237241455916, 73.27866529735059942, 5.541678912881857933E-15 ) ) ;
#2584 = CARTESIAN_POINT ( 'NONE',  ( -23.44210627465961494, 47.53496888141331311, -71.10942506541465491 ) ) ;
#2585 = EDGE_LOOP ( 'NONE', ( #7335, #7744, #4233, #1156 ) ) ;
#2586 = ORIENTED_EDGE ( 'NONE', *, *, #6470, .T. ) ;
#2587 = FACE_OUTER_BOUND ( 'NONE', #3699, .T. ) ;
#2588 = CARTESIAN_POINT ( 'NONE',  ( -18.49217935535851254, 67.16783077008700786, -60.02939418597959786 ) ) ;
#2589 = CARTESIAN_POINT ( 'NONE',  ( 48.91298197398513992, 70.34496041265613542, -31.87376917897263695 ) ) ;
#2590 = CARTESIAN_POINT ( 'NONE',  ( 34.93374111393491432, 68.91564237809741655, 49.40663274779639380 ) ) ;
#2591 = CARTESIAN_POINT ( 'NONE',  ( 40.72705798935976418, 70.96746529199602094, -51.54175710119293541 ) ) ;
#2592 = CARTESIAN_POINT ( 'NONE',  ( 28.81223147613905056, 79.75715311705651800, -23.87699848258248281 ) ) ;
#2593 = PRODUCT_CONTEXT ( 'NONE', #7467, 'mechanical' ) ;
#2594 = CARTESIAN_POINT ( 'NONE',  ( 40.49999999999933920, 53.49999999999999289, 70.14805770653990180 ) ) ;
#2595 = CARTESIAN_POINT ( 'NONE',  ( 42.06217782649135017, 71.00000000000000000, -58.85382907247939244 ) ) ;
#2596 = EDGE_CURVE ( 'NONE', #189, #2113, #8451, .T. ) ;
#2597 = FACE_OUTER_BOUND ( 'NONE', #1297, .T. ) ;
#2598 = DIRECTION ( 'NONE',  ( 0.000000000000000000, -1.000000000000000000, 0.000000000000000000 ) ) ;
#2599 = DIRECTION ( 'NONE',  ( -0.5000000000000101030, -0.000000000000000000, 0.8660254037844328234 ) ) ;
#2600 = CONICAL_SURFACE ( 'NONE', #2014, 3.500000000000007550, 0.7853981633974482790 ) ;
#2601 = AXIS2_PLACEMENT_3D ( 'NONE', #8763, #359, #5969 ) ;
#2602 = CARTESIAN_POINT ( 'NONE',  ( -40.13572800355004233, 50.40453564818058396, -71.16217325960468543 ) ) ;
#2603 = ORIENTED_EDGE ( 'NONE', *, *, #6555, .T. ) ;
#2604 = VECTOR ( 'NONE', #7191, 1000.000000000000000 ) ;
#2605 = AXIS2_PLACEMENT_3D ( 'NONE', #2791, #4239, #3661 ) ;
#2606 = DIRECTION ( 'NONE',  ( 0.8660254037844322683, 0.000000000000000000, 0.5000000000000111022 ) ) ;
#2607 = VECTOR ( 'NONE', #3178, 999.9999999999998863 ) ;
#2608 = ORIENTED_EDGE ( 'NONE', *, *, #2803, .T. ) ;
#2609 = CARTESIAN_POINT ( 'NONE',  ( 60.24950165796762747, 68.78198064952874802, 6.922751106755980821 ) ) ;
#2610 = ORIENTED_EDGE ( 'NONE', *, *, #4793, .F. ) ;
#2611 = CARTESIAN_POINT ( 'NONE',  ( 25.46817330618819142, 68.49858830506832419, 58.42724560593251937 ) ) ;
#2612 = CARTESIAN_POINT ( 'NONE',  ( -81.69922827653675768, 50.32026947888777357, -0.4097442532196396980 ) ) ;
#2613 = CARTESIAN_POINT ( 'NONE',  ( 49.48708350294303671, 69.75618172721320320, -32.57895040156942201 ) ) ;
#2614 = CIRCLE ( 'NONE', #3333, 66.70000000000000284 ) ;
#2615 = CARTESIAN_POINT ( 'NONE',  ( 50.61793190720459990, 73.44266037869884656, -15.97709085472483892 ) ) ;
#2616 = CARTESIAN_POINT ( 'NONE',  ( 25.78787491909628926, 47.05105508795752911, 72.66590957910732129 ) ) ;
#2617 = ORIENTED_EDGE ( 'NONE', *, *, #1351, .F. ) ;
#2618 = CIRCLE ( 'NONE', #6100, 3.500000000000002665 ) ;
#2619 = CARTESIAN_POINT ( 'NONE',  ( -64.97903156796982671, 69.92428822641963393, -14.00000000000000000 ) ) ;
#2620 = VECTOR ( 'NONE', #150, 1000.000000000000000 ) ;
#2621 = CARTESIAN_POINT ( 'NONE',  ( -24.45355004976090640, 69.64327861410839660, -60.56679418827240369 ) ) ;
#2622 = VERTEX_POINT ( 'NONE', #5690 ) ;
#2623 = CARTESIAN_POINT ( 'NONE',  ( -52.37013182887492491, 61.00000000000000000, 62.70772912668949317 ) ) ;
#2624 = CARTESIAN_POINT ( 'NONE',  ( 20.37564434701726768, 70.33830226810675867, 63.29165124598868886 ) ) ;
#2625 = ORIENTED_EDGE ( 'NONE', *, *, #1580, .F. ) ;
#2626 = CARTESIAN_POINT ( 'NONE',  ( -41.55806172028730572, 50.40379020113515907, 70.34101999866828692 ) ) ;
#2627 = CIRCLE ( 'NONE', #4954, 81.70000000000000284 ) ;
#2628 = ADVANCED_FACE ( 'NONE', ( #4315, #2814, #2323 ), #753, .T. ) ;
#2629 = EDGE_CURVE ( 'NONE', #976, #1231, #5373, .T. ) ;
#2630 = DIRECTION ( 'NONE',  ( -0.000000000000000000, -1.000000000000000000, 0.000000000000000000 ) ) ;
#2631 = CARTESIAN_POINT ( 'NONE',  ( -60.25892115252625558, 69.04744775503793619, 2.863572514968627747 ) ) ;
#2632 = CARTESIAN_POINT ( 'NONE',  ( 40.49999999999933920, 53.49999999999999289, 70.14805770653990180 ) ) ;
#2633 = ORIENTED_EDGE ( 'NONE', *, *, #4578, .T. ) ;
#2634 = VERTEX_POINT ( 'NONE', #7656 ) ;
#2635 = CARTESIAN_POINT ( 'NONE',  ( -64.04942235729440370, 68.11553659766630631, 14.00000000000000000 ) ) ;
#2636 = CARTESIAN_POINT ( 'NONE',  ( -74.24301028549184878, 54.48109043193349521, -13.99999999999998579 ) ) ;
#2637 = CARTESIAN_POINT ( 'NONE',  ( -64.99999999999998579, 70.33830226810675867, -14.00000000000000000 ) ) ;
#2638 = ADVANCED_FACE ( 'NONE', ( #7128 ), #876, .T. ) ;
#2639 = CARTESIAN_POINT ( 'NONE',  ( -71.00000000000000000, 71.00000000000000000, 9.500000000000008882 ) ) ;
#2640 = ADVANCED_FACE ( 'NONE', ( #8391 ), #1639, .T. ) ;
#2641 = CARTESIAN_POINT ( 'NONE',  ( 66.70000000000000284, 43.00000000000000000, 0.000000000000000000 ) ) ;
#2642 =( NAMED_UNIT ( * ) SI_UNIT ( $, .STERADIAN. ) SOLID_ANGLE_UNIT ( ) );
#2643 = CARTESIAN_POINT ( 'NONE',  ( -25.35147855595727151, 68.52109989633048315, 58.58009690426565186 ) ) ;
#2644 = CARTESIAN_POINT ( 'NONE',  ( -43.00005861500812188, 55.44030980015384102, -69.46868106639750806 ) ) ;
#2645 = DIRECTION ( 'NONE',  ( 0.2588190451025094707, 0.000000000000000000, 0.9659258262890713098 ) ) ;
#2646 = EDGE_CURVE ( 'NONE', #3433, #7681, #4951, .T. ) ;
#2647 = CARTESIAN_POINT ( 'NONE',  ( 24.86536622756298343, 46.48927249478055757, -71.66405969131811560 ) ) ;
#2648 = FACE_OUTER_BOUND ( 'NONE', #5705, .T. ) ;
#2649 = CARTESIAN_POINT ( 'NONE',  ( -63.84954586363643614, 68.73826010861060354, -8.075827781025337160 ) ) ;
#2650 = EDGE_CURVE ( 'NONE', #4691, #769, #7982, .T. ) ;
#2651 = DIRECTION ( 'NONE',  ( -0.000000000000000000, -1.000000000000000000, -0.000000000000000000 ) ) ;
#2652 = CARTESIAN_POINT ( 'NONE',  ( -19.96340200533990483, 83.58148700043116719, 2.444811636593136629E-15 ) ) ;
#2653 = VERTEX_POINT ( 'NONE', #3768 ) ;
#2654 = CARTESIAN_POINT ( 'NONE',  ( 66.70000000000000284, 43.00000000000000000, -1.633678830062569653E-14 ) ) ;
#2655 = VERTEX_POINT ( 'NONE', #309 ) ;
#2656 = CARTESIAN_POINT ( 'NONE',  ( 28.59115078230698259, 70.99999999999809575, 58.52132580181956456 ) ) ;
#2657 = CARTESIAN_POINT ( 'NONE',  ( -81.67354580219662807, 51.09751242502756696, -2.084036460813843750 ) ) ;
#2658 = CARTESIAN_POINT ( 'NONE',  ( 43.48902528250116006, 71.64371062450466354, -35.72804997321692611 ) ) ;
#2659 = CARTESIAN_POINT ( 'NONE',  ( 51.30662479554185751, 72.94352780135339742, -16.89395979482290144 ) ) ;
#2660 = LINE ( 'NONE', #8780, #1303 ) ;
#2661 = ORIENTED_EDGE ( 'NONE', *, *, #4922, .T. ) ;
#2662 = CARTESIAN_POINT ( 'NONE',  ( -49.58584774075866619, 55.08934122040998460, -53.11563786187412006 ) ) ;
#2663 = CARTESIAN_POINT ( 'NONE',  ( -24.71189499311324766, 46.58990982170580963, 71.56635872916452001 ) ) ;
#2664 = ORIENTED_EDGE ( 'NONE', *, *, #456, .F. ) ;
#2665 = CARTESIAN_POINT ( 'NONE',  ( 40.72705798935976418, 70.96746529199602094, -51.54175710119293541 ) ) ;
#2666 = DIRECTION ( 'NONE',  ( -0.8660254037844370423, 0.000000000000000000, -0.5000000000000029976 ) ) ;
#2667 = CARTESIAN_POINT ( 'NONE',  ( 40.13643462298316678, 50.40437756464744012, 71.16177205220154178 ) ) ;
#2668 = VERTEX_POINT ( 'NONE', #5219 ) ;
#2669 = CARTESIAN_POINT ( 'NONE',  ( -75.95440446762000875, 46.00937601690883128, -14.00000000000000000 ) ) ;
#2670 = DIRECTION ( 'NONE',  ( -0.7071067811865474617, 0.000000000000000000, 0.7071067811865474617 ) ) ;
#2671 = CARTESIAN_POINT ( 'NONE',  ( -50.51564886200377913, 48.61675045524525984, -54.80089632839450076 ) ) ;
#2672 = CARTESIAN_POINT ( 'NONE',  ( 63.31893352917573736, 68.54262392680482208, 6.532118491778587277 ) ) ;
#2673 = CARTESIAN_POINT ( 'NONE',  ( -22.20114393954477094, 48.61675045524525984, -71.14828336734710490 ) ) ;
#2674 = DIRECTION ( 'NONE',  ( 1.000000000000000000, -0.000000000000000000, 0.000000000000000000 ) ) ;
#2675 = VERTEX_POINT ( 'NONE', #260 ) ;
#2676 = ORIENTED_EDGE ( 'NONE', *, *, #3873, .T. ) ;
#2677 = FACE_OUTER_BOUND ( 'NONE', #5356, .T. ) ;
#2678 = EDGE_CURVE ( 'NONE', #5719, #6450, #7830, .T. ) ;
#2679 = CARTESIAN_POINT ( 'NONE',  ( 38.24025318675435159, 52.47788088973308618, -72.19819242518094882 ) ) ;
#2680 = CARTESIAN_POINT ( 'NONE',  ( 24.54747839861461500, 48.00576291639766424, -70.51747978411489726 ) ) ;
#2681 = CARTESIAN_POINT ( 'NONE',  ( 73.38106283475856628, 56.45032650170058020, 14.00000000000000888 ) ) ;
#2682 = CARTESIAN_POINT ( 'NONE',  ( -32.96891108675522020, 71.00000000000000000, 64.10382907247918638 ) ) ;
#2683 = CARTESIAN_POINT ( 'NONE',  ( -24.37286708800978730, 50.13673092390217789, -70.21504412251945837 ) ) ;
#2684 = CARTESIAN_POINT ( 'NONE',  ( -42.21499759737803714, 56.27013680919910854, -69.94864551894617932 ) ) ;
#2685 = CARTESIAN_POINT ( 'NONE',  ( 24.27294201063989831, 70.96746529199602094, 61.04154539078411545 ) ) ;
#2686 = AXIS2_PLACEMENT_3D ( 'NONE', #7922, #1705, #7881 ) ;
#2687 = CARTESIAN_POINT ( 'NONE',  ( 21.59518716393267823, 53.31457523385761732, -70.14615027831888483 ) ) ;
#2688 = FACE_OUTER_BOUND ( 'NONE', #7155, .T. ) ;
#2689 = CARTESIAN_POINT ( 'NONE',  ( -39.46944994627829573, 50.72996333217388809, -71.53378254962302663 ) ) ;
#2690 = EDGE_CURVE ( 'NONE', #3297, #2907, #2372, .T. ) ;
#2691 = CARTESIAN_POINT ( 'NONE',  ( 49.99297840204120291, 48.19300188175393629, 58.59037861403031400 ) ) ;
#2692 = DIRECTION ( 'NONE',  ( 0.000000000000000000, 0.000000000000000000, 1.000000000000000000 ) ) ;
#2693 = CARTESIAN_POINT ( 'NONE',  ( 48.62157839396627423, 50.13673092389669250, 56.21504412253858618 ) ) ;
#2694 = ORIENTED_EDGE ( 'NONE', *, *, #1351, .T. ) ;
#2695 = DIRECTION ( 'NONE',  ( -0.9659258262890713098, 8.659560562354932858E-17, 0.2588190451025094707 ) ) ;
#2696 = VECTOR ( 'NONE', #5403, 999.9999999999998863 ) ;
#2697 = ORIENTED_EDGE ( 'NONE', *, *, #5211, .T. ) ;
#2698 = CARTESIAN_POINT ( 'NONE',  ( -23.87564434701866389, 0.000000000000000000, 69.35382907247930007 ) ) ;
#2699 = CARTESIAN_POINT ( 'NONE',  ( 51.71079178314676739, 71.26602811674825944, -27.57047474526547148 ) ) ;
#2700 = DIRECTION ( 'NONE',  ( -0.5000000000000101030, -0.000000000000000000, 0.8660254037844328234 ) ) ;
#2701 = CARTESIAN_POINT ( 'NONE',  ( 48.73210907982650753, 74.63559889653629398, -14.07001970981800909 ) ) ;
#2702 = CARTESIAN_POINT ( 'NONE',  ( 28.59115078230945528, 71.00000000002407319, -58.52132580182203014 ) ) ;
#2703 = ORIENTED_EDGE ( 'NONE', *, *, #1580, .T. ) ;
#2704 = DIRECTION ( 'NONE',  ( 0.000000000000000000, 0.000000000000000000, 1.000000000000000000 ) ) ;
#2705 = CARTESIAN_POINT ( 'NONE',  ( 21.76155449978453049, 52.40596060623926888, 70.42181178082309145 ) ) ;
#2706 = CARTESIAN_POINT ( 'NONE',  ( -60.24950165796764878, 68.78198064952874802, -6.922751106755987038 ) ) ;
#2707 = ORIENTED_EDGE ( 'NONE', *, *, #8752, .T. ) ;
#2708 = CARTESIAN_POINT ( 'NONE',  ( -24.99714948976360418, 54.48109043193350942, -71.29633296066542414 ) ) ;
#2709 = EDGE_CURVE ( 'NONE', #2307, #3182, #939, .T. ) ;
#2710 =( BOUNDED_SURFACE ( )  B_SPLINE_SURFACE ( 3, 3, ( 
 ( #8944, #720, #672, #8219 ),
 ( #4135, #8812, #6193, #5382 ),
 ( #2731, #8133, #7579, #540 ),
 ( #2652, #5417, #1162, #4660 ) ),
 .UNSPECIFIED., .F., .F., .F. ) 
 B_SPLINE_SURFACE_WITH_KNOTS ( ( 4, 4 ),
 ( 4, 4 ),
 ( 0.000000000000000000, 1.000000000000000000 ),
 ( 0.000000000000000000, 1.000000000000000000 ),
 .UNSPECIFIED. ) 
 GEOMETRIC_REPRESENTATION_ITEM ( )  RATIONAL_B_SPLINE_SURFACE ( (
 ( 1.000000000000000000, 0.3333333333333334259, 0.3333333333333334259, 1.000000000000000000),
 ( 0.8772494175869485211, 0.2924164725289828959, 0.2924164725289828959, 0.8772494175869485211),
 ( 0.8772494175869485211, 0.2924164725289828959, 0.2924164725289828959, 0.8772494175869485211),
 ( 1.000000000000000000, 0.3333333333333334259, 0.3333333333333334259, 1.000000000000000000) ) ) 
 REPRESENTATION_ITEM ( '' )  SURFACE ( )  );
#2711 = DIRECTION ( 'NONE',  ( 0.2588190451025229599, 8.659560562354932858E-17, -0.9659258262890676461 ) ) ;
#2712 = CONICAL_SURFACE ( 'NONE', #3014, 3.500000000000004441, 0.7853981633974482790 ) ;
#2713 = ORIENTED_EDGE ( 'NONE', *, *, #6190, .F. ) ;
#2714 = CARTESIAN_POINT ( 'NONE',  ( 75.95415100693793420, 46.00941022204251851, -14.00000000000000000 ) ) ;
#2715 = DIRECTION ( 'NONE',  ( -0.000000000000000000, -1.000000000000000000, -0.000000000000000000 ) ) ;
#2716 = CARTESIAN_POINT ( 'NONE',  ( -65.00000000000000000, 70.76234598748703775, 11.55489834951593409 ) ) ;
#2717 = CARTESIAN_POINT ( 'NONE',  ( -22.89233886340618085, 61.97525265978688225, 67.65069401550144335 ) ) ;
#2718 = EDGE_LOOP ( 'NONE', ( #4599, #7450, #5484, #5707, #8538 ) ) ;
#2719 = ORIENTED_EDGE ( 'NONE', *, *, #6698, .T. ) ;
#2720 = CARTESIAN_POINT ( 'NONE',  ( 44.01025537338134086, 67.84252621657628879, -48.18451186683444831 ) ) ;
#2721 = CARTESIAN_POINT ( 'NONE',  ( -75.81746117496031445, 46.02785684633894903, -14.00000000000000000 ) ) ;
#2722 = CARTESIAN_POINT ( 'NONE',  ( 18.11047266503213748, 63.45883282103653755, -64.30068774965421596 ) ) ;
#2723 = CARTESIAN_POINT ( 'NONE',  ( 72.89830528885711658, 57.41502476473657168, 14.00000000000000533 ) ) ;
#2724 = CARTESIAN_POINT ( 'NONE',  ( 26.90673326026371015, 71.00000000000000000, -67.60382907247947060 ) ) ;
#2725 = CARTESIAN_POINT ( 'NONE',  ( -41.20834388042815988, 56.67906292315158368, -70.54646554299834804 ) ) ;
#2726 = LINE ( 'NONE', #5501, #5683 ) ;
#2727 = CARTESIAN_POINT ( 'NONE',  ( 39.08944556908453194, 68.80897696851241108, 51.27831470529638125 ) ) ;
#2728 = CARTESIAN_POINT ( 'NONE',  ( 19.96340200533990128, 83.58148700043116719, 2.444811636593135840E-15 ) ) ;
#2729 = EDGE_CURVE ( 'NONE', #2881, #123, #1015, .T. ) ;
#2730 = DIRECTION ( 'NONE',  ( 1.000000000000000000, -0.000000000000000000, 0.000000000000000000 ) ) ;
#2731 = CARTESIAN_POINT ( 'NONE',  ( -51.59461799496918388, 79.00149741535467740, 6.318518378076945124E-15 ) ) ;
#2732 = CARTESIAN_POINT ( 'NONE',  ( 49.58704591247303028, 52.38165315073361228, 57.88728291765526990 ) ) ;
#2733 = VERTEX_POINT ( 'NONE', #1683 ) ;
#2734 = CARTESIAN_POINT ( 'NONE',  ( 63.40759135322679185, 68.52109989633048315, -7.335023999178106990 ) ) ;
#2735 = ORIENTED_EDGE ( 'NONE', *, *, #6597, .T. ) ;
#2736 = DIRECTION ( 'NONE',  ( 0.000000000000000000, -1.000000000000000000, 0.000000000000000000 ) ) ;
#2737 = CARTESIAN_POINT ( 'NONE',  ( 45.25646024848015969, 72.75334340095817254, -34.04035399776473270 ) ) ;
#2738 = LINE ( 'NONE', #2059, #7247 ) ;
#2739 = ADVANCED_FACE ( 'NONE', ( #4448 ), #5178, .T. ) ;
#2740 = CARTESIAN_POINT ( 'NONE',  ( 38.79779461465189883, 81.00771237987281381, -14.05296397206290315 ) ) ;
#2741 = EDGE_CURVE ( 'NONE', #1844, #5559, #7298, .T. ) ;
#2742 = AXIS2_PLACEMENT_3D ( 'NONE', #1253, #4041, #8122 ) ;
#2743 = CARTESIAN_POINT ( 'NONE',  ( 22.08666886388787276, 60.03922181401824787, 66.25523264220697683 ) ) ;
#2745 = ORIENTED_EDGE ( 'NONE', *, *, #8227, .T. ) ;
#2744 = VECTOR ( 'NONE', #4500, 1000.000000000000000 ) ;
#2746 = AXIS2_PLACEMENT_3D ( 'NONE', #949, #2234, #7043 ) ;
#2747 = CARTESIAN_POINT ( 'NONE',  ( -63.95304598258200457, 68.80897696851241108, 8.213295530028666747 ) ) ;
#2748 = DIRECTION ( 'NONE',  ( 0.4999999999999919509, -0.000000000000000000, 0.8660254037844432595 ) ) ;
#2749 = ORIENTED_EDGE ( 'NONE', *, *, #5920, .F. ) ;
#2750 = CARTESIAN_POINT ( 'NONE',  ( 64.99999999999997158, 71.49226878984232769, 1.420148913742235397 ) ) ;
#2751 = VERTEX_POINT ( 'NONE', #6550 ) ;
#2752 = CARTESIAN_POINT ( 'NONE',  ( -20.31146966003690579, 67.41458402617206502, -63.18049742757796139 ) ) ;
#2753 =( GEOMETRIC_REPRESENTATION_CONTEXT ( 3 ) GLOBAL_UNCERTAINTY_ASSIGNED_CONTEXT ( ( #4268 ) ) GLOBAL_UNIT_ASSIGNED_CONTEXT ( ( #6865, #3731, #904 ) ) REPRESENTATION_CONTEXT ( 'NONE', 'WORKASPACE' ) );
#2754 = LINE ( 'NONE', #6122, #412 ) ;
#2755 = VECTOR ( 'NONE', #4533, 1000.000000000000000 ) ;
#2756 = ORIENTED_EDGE ( 'NONE', *, *, #7139, .T. ) ;
#2757 = DIRECTION ( 'NONE',  ( -1.000000000000000000, 0.000000000000000000, 0.000000000000000000 ) ) ;
#2758 = FACE_OUTER_BOUND ( 'NONE', #6808, .T. ) ;
#2759 = VECTOR ( 'NONE', #2670, 1000.000000000000114 ) ;
#2760 = ADVANCED_FACE ( 'NONE', ( #3095, #3724, #5270 ), #8024, .T. ) ;
#2761 = AXIS2_PLACEMENT_3D ( 'NONE', #6702, #3971, #8865 ) ;
#2762 = VECTOR ( 'NONE', #3974, 1000.000000000000000 ) ;
#2763 = CARTESIAN_POINT ( 'NONE',  ( 0.000000000000000000, 46.00000000000000000, 0.000000000000000000 ) ) ;
#2764 = VECTOR ( 'NONE', #383, 1000.000000000000114 ) ;
#2765 = CARTESIAN_POINT ( 'NONE',  ( 49.10077795286648694, 55.22173470845584120, -57.04504210552170207 ) ) ;
#2766 = CARTESIAN_POINT ( 'NONE',  ( -74.49557533683916688, 46.48927481284904673, -14.29799290833597425 ) ) ;
#2767 = VERTEX_POINT ( 'NONE', #5863 ) ;
#2768 = EDGE_LOOP ( 'NONE', ( #2302, #1876, #495, #3723, #560, #601 ) ) ;
#2769 = DIRECTION ( 'NONE',  ( 0.8660254037844431485, 0.000000000000000000, -0.4999999999999922839 ) ) ;
#2770 = DIRECTION ( 'NONE',  ( -0.8660254037844358210, 0.000000000000000000, -0.5000000000000051070 ) ) ;
#2771 = CARTESIAN_POINT ( 'NONE',  ( 16.63872370373096032, 66.12567138046631499, -61.80628083039297138 ) ) ;
#2772 = CIRCLE ( 'NONE', #146, 5.899999999999995914 ) ;
#2773 = CARTESIAN_POINT ( 'NONE',  ( -19.82382643275492029, 67.97021311775698393, 62.33587458195692221 ) ) ;
#2774 = CARTESIAN_POINT ( 'NONE',  ( -12.24999999999999822, 76.42166581354543098, 1.500192328955507537E-15 ) ) ;
#2775 = B_SPLINE_CURVE_WITH_KNOTS ( 'NONE', 3,
 ( #7832, #5802, #8431, #4429, #3668, #5668, #1567, #8522, #4292, #8564, #197, #2354, #5121, #3709, #5025, #828, #6398, #779 ),
 .UNSPECIFIED., .F., .F.,
 ( 4, 2, 2, 2, 2, 2, 2, 2, 4 ),
 ( -1.082020055210793705E-05, 0.0002984106444301853596, 0.0006076414894124786614, 0.001226103179377087925, 0.002463026559306304500, 0.003081488249270921461, 0.003699949939235520641, 0.004318411629200120255, 0.004936873319164719436 ),
 .UNSPECIFIED. ) ;
#2776 = CARTESIAN_POINT ( 'NONE',  ( -40.12747104003664589, 56.61387292222644163, -71.16755141366859050 ) ) ;
#2777 = DIRECTION ( 'NONE',  ( 0.9659258262890695335, 8.659560562354934091E-17, -0.2588190451025162431 ) ) ;
#2778 = CARTESIAN_POINT ( 'NONE',  ( 40.72705798935904653, 70.96746529199602094, 51.54175710119350384 ) ) ;
#2779 = CARTESIAN_POINT ( 'NONE',  ( -65.00000000004018830, 64.92052763318801567, -10.75044635046794639 ) ) ;
#2780 = AXIS2_PLACEMENT_3D ( 'NONE', #6860, #7481, #4038 ) ;
#2781 = CARTESIAN_POINT ( 'NONE',  ( -64.74670512583901427, 70.14790019138081334, -4.643900085669686817 ) ) ;
#2782 = B_SPLINE_CURVE_WITH_KNOTS ( 'NONE', 3,
 ( #970, #1566, #7831, #2942 ),
 .UNSPECIFIED., .F., .F.,
 ( 4, 4 ),
 ( 0.02354415749652201753, 0.02807886266299668143 ),
 .UNSPECIFIED. ) ;
#2783 = CARTESIAN_POINT ( 'NONE',  ( 49.83922082758447658, 50.33324878643516342, 58.32406268302271002 ) ) ;
#2784 = CARTESIAN_POINT ( 'NONE',  ( 48.58930946421835273, 57.39959067743481569, 56.15915269671480559 ) ) ;
#2785 = ORIENTED_EDGE ( 'NONE', *, *, #8243, .T. ) ;
#2786 = VERTEX_POINT ( 'NONE', #5947 ) ;
#2787 = CARTESIAN_POINT ( 'NONE',  ( 64.95416042628259845, 70.82197401033185713, -4.499999999998239630 ) ) ;
#2788 = VERTEX_POINT ( 'NONE', #8747 ) ;
#2789 = DIRECTION ( 'NONE',  ( 0.8660254037844433705, 0.000000000000000000, -0.4999999999999916733 ) ) ;
#2790 = CARTESIAN_POINT ( 'NONE',  ( 48.50442912731990219, 71.56439652585277145, -32.20153779475408840 ) ) ;
#2791 = CARTESIAN_POINT ( 'NONE',  ( 36.75107577378386026, 53.49999999999999289, 63.65473047300869780 ) ) ;
#2792 = CARTESIAN_POINT ( 'NONE',  ( 36.85966360356415095, 79.31810536159677838, -12.20892535177489258 ) ) ;
#2793 = CARTESIAN_POINT ( 'NONE',  ( 18.49217935524098166, 67.16783077012610192, 60.02939418608290367 ) ) ;
#2794 = VERTEX_POINT ( 'NONE', #6503 ) ;
#2795 = CARTESIAN_POINT ( 'NONE',  ( -64.97653019867827595, 71.00000000002408740, 4.500000000000003553 ) ) ;
#2796 = DIRECTION ( 'NONE',  ( 0.8660254037844433705, 0.000000000000000000, -0.4999999999999916733 ) ) ;
#2797 = ORIENTED_EDGE ( 'NONE', *, *, #5089, .T. ) ;
#2798 = CARTESIAN_POINT ( 'NONE',  ( 65.00000000004037304, 65.66873067387821550, -2.749198011771490702 ) ) ;
#2799 = ORIENTED_EDGE ( 'NONE', *, *, #8309, .F. ) ;
#2800 = CARTESIAN_POINT ( 'NONE',  ( 60.07291266399116125, 67.51887975670250341, 16.50756627583225011 ) ) ;
#2801 = CARTESIAN_POINT ( 'NONE',  ( -40.72705798935939470, 70.96746529199602094, -51.54175710119322673 ) ) ;
#2802 = CARTESIAN_POINT ( 'NONE',  ( -28.57857792819461196, 71.37356801940973128, -58.55568533475148030 ) ) ;
#2803 = EDGE_CURVE ( 'NONE', #7015, #5465, #6228, .T. ) ;
#2804 = VERTEX_POINT ( 'NONE', #2412 ) ;
#2805 = CARTESIAN_POINT ( 'NONE',  ( 34.83311000584514971, 82.07836043717682628, -16.24862460243621953 ) ) ;
#2806 = CARTESIAN_POINT ( 'NONE',  ( -17.31940965859828907, 64.95410340582361641, 62.96134323615240902 ) ) ;
#2807 = CARTESIAN_POINT ( 'NONE',  ( 63.56094302519364447, 68.57946923655197224, 7.645922414084602714 ) ) ;
#2808 = EDGE_CURVE ( 'NONE', #6450, #5719, #8239, .T. ) ;
#2809 = CARTESIAN_POINT ( 'NONE',  ( -50.35796847768164497, 50.54137333704084512, 54.51383548919401534 ) ) ;
#2810 = EDGE_CURVE ( 'NONE', #8946, #4950, #8966, .T. ) ;
#2811 = CARTESIAN_POINT ( 'NONE',  ( 12.12435565298206086, 0.000000000000000000, 7.000000000000141220 ) ) ;
#2812 = ORIENTED_EDGE ( 'NONE', *, *, #8698, .T. ) ;
#2813 = ORIENTED_EDGE ( 'NONE', *, *, #8677, .F. ) ;
#2814 = FACE_BOUND ( 'NONE', #6665, .T. ) ;
#2815 = CARTESIAN_POINT ( 'NONE',  ( 40.13865706398038924, 50.40372021749482201, -71.16051675387321040 ) ) ;
#2816 = CARTESIAN_POINT ( 'NONE',  ( 16.19536830023148255, 66.83697915471154261, -61.05274856322673571 ) ) ;
#2817 = CARTESIAN_POINT ( 'NONE',  ( 72.00000000000000000, 71.00000000000000000, -7.000000000000005329 ) ) ;
#2818 = EDGE_CURVE ( 'NONE', #2509, #3484, #7118, .T. ) ;
#2819 = DIRECTION ( 'NONE',  ( -1.000000000000000000, 0.000000000000000000, 0.000000000000000000 ) ) ;
#2820 = DIRECTION ( 'NONE',  ( -0.000000000000000000, -1.000000000000000000, -0.000000000000000000 ) ) ;
#2821 = DIRECTION ( 'NONE',  ( 1.000000000000000000, -0.000000000000000000, 0.000000000000000000 ) ) ;
#2822 = CARTESIAN_POINT ( 'NONE',  ( 22.20114393954528964, 48.61675045524525984, -71.14828336734694858 ) ) ;
#2823 = EDGE_CURVE ( 'NONE', #687, #2443, #5901, .T. ) ;
#2824 = CARTESIAN_POINT ( 'NONE',  ( -62.15327599242800005, 67.16491451319365069, -14.71073604008729241 ) ) ;
#2825 = DIRECTION ( 'NONE',  ( -0.7071067811865474617, 0.000000000000000000, 0.7071067811865474617 ) ) ;
#2826 = EDGE_CURVE ( 'NONE', #7350, #7583, #2505, .T. ) ;
#2827 = CARTESIAN_POINT ( 'NONE',  ( 48.92745487081089806, 55.96612926941603661, 56.74483772127921100 ) ) ;
#2828 = CARTESIAN_POINT ( 'NONE',  ( -23.08300159322411815, 61.51576396133796720, 67.98093155065586757 ) ) ;
#2829 = CARTESIAN_POINT ( 'NONE',  ( 48.29471644349968784, 58.46542898071373173, 55.64890261727488507 ) ) ;
#2830 = EDGE_LOOP ( 'NONE', ( #7679, #8091 ) ) ;
#2831 = VERTEX_POINT ( 'NONE', #8060 ) ;
#2832 = CARTESIAN_POINT ( 'NONE',  ( 64.91510150348811692, 70.64321809928574680, -4.519584932379328457 ) ) ;
#2833 = ORIENTED_EDGE ( 'NONE', *, *, #1094, .F. ) ;
#2834 = DIRECTION ( 'NONE',  ( 0.000000000000000000, -1.000000000000000000, 0.000000000000000000 ) ) ;
#2835 = CARTESIAN_POINT ( 'NONE',  ( 52.28572573259913980, 72.05034558377231235, -24.12499999999817746 ) ) ;
#2836 = DIRECTION ( 'NONE',  ( -0.000000000000000000, 1.000000000000000000, -0.000000000000000000 ) ) ;
#2837 = CARTESIAN_POINT ( 'NONE',  ( 42.45328153822274686, 77.31242175739431843, -13.61433215274482045 ) ) ;
#2838 = CARTESIAN_POINT ( 'NONE',  ( 75.81613304120001828, 47.11467724965588388, -14.00000000000000533 ) ) ;
#2839 = EDGE_LOOP ( 'NONE', ( #4243, #8875, #3808, #4984, #4540 ) ) ;
#2840 = AXIS2_PLACEMENT_3D ( 'NONE', #3633, #6417, #7605 ) ;
#2841 = CARTESIAN_POINT ( 'NONE',  ( 64.83395491921805842, 69.31868612655863160, -13.99999999999999822 ) ) ;
#2842 = CARTESIAN_POINT ( 'NONE',  ( 0.000000000000000000, 2.999999999999999112, -77.70000000000000284 ) ) ;
#2843 = EDGE_LOOP ( 'NONE', ( #2933, #5869, #3996, #797 ) ) ;
#2844 = CARTESIAN_POINT ( 'NONE',  ( 65.00000000000000000, 70.76234598748703775, -11.55489834947603001 ) ) ;
#2845 = EDGE_LOOP ( 'NONE', ( #1440, #6783, #2111, #6025 ) ) ;
#2846 = CARTESIAN_POINT ( 'NONE',  ( 64.65533012237622756, 64.16889629969982423, 14.00000000000209255 ) ) ;
#2847 = CARTESIAN_POINT ( 'NONE',  ( -70.21699464147860681, 57.23846896690228192, 14.00000000000101963 ) ) ;
#2848 = DIRECTION ( 'NONE',  ( 0.5000000000000039968, -0.000000000000000000, -0.8660254037844362651 ) ) ;
#2849 = ORIENTED_EDGE ( 'NONE', *, *, #3196, .T. ) ;
#2850 = CARTESIAN_POINT ( 'NONE',  ( 32.27753531186919389, 82.30759294344797183, -19.65608240598036360 ) ) ;
#2851 = DIRECTION ( 'NONE',  ( 0.000000000000000000, -1.000000000000000000, 0.000000000000000000 ) ) ;
#2852 = DIRECTION ( 'NONE',  ( -0.4999999999999979461, -0.000000000000000000, -0.8660254037844397068 ) ) ;
#2853 = CARTESIAN_POINT ( 'NONE',  ( -49.58584774075937673, 55.08934122041001302, 53.11563786187341663 ) ) ;
#2854 = DIRECTION ( 'NONE',  ( -0.000000000000000000, 1.000000000000000000, -0.000000000000000000 ) ) ;
#2855 = ORIENTED_EDGE ( 'NONE', *, *, #5365, .T. ) ;
#2856 = VERTEX_POINT ( 'NONE', #4400 ) ;
#2857 = CARTESIAN_POINT ( 'NONE',  ( -72.32922377359082589, 65.71575228053563933, 144.6584475471816802 ) ) ;
#2858 = DIRECTION ( 'NONE',  ( -1.000000000000000000, 0.000000000000000000, 0.000000000000000000 ) ) ;
#2859 = CARTESIAN_POINT ( 'NONE',  ( 42.64278025663028870, 55.90109835034307650, -69.68862355233602557 ) ) ;
#2860 = DIRECTION ( 'NONE',  ( 0.5000000000000039968, 0.000000000000000000, -0.8660254037844362651 ) ) ;
#2861 = FACE_OUTER_BOUND ( 'NONE', #2845, .T. ) ;
#2862 = EDGE_CURVE ( 'NONE', #3887, #6300, #490, .T. ) ;
#2863 = EDGE_CURVE ( 'NONE', #1331, #7606, #4338, .T. ) ;
#2864 = CIRCLE ( 'NONE', #6053, 2.500000000000003109 ) ;
#2865 = ADVANCED_FACE ( 'NONE', ( #8876 ), #1609, .F. ) ;
#2866 = CARTESIAN_POINT ( 'NONE',  ( -48.83198328396178312, 45.87307673031754263, 56.57947608217423863 ) ) ;
#2867 = CARTESIAN_POINT ( 'NONE',  ( 30.00118989155860660, 78.34763305065443717, -29.00740617835593227 ) ) ;
#2868 = AXIS2_PLACEMENT_3D ( 'NONE', #7705, #744, #2169 ) ;
#2869 = CARTESIAN_POINT ( 'NONE',  ( 64.99999999999998579, 0.000000000000000000, -14.00000000000000000 ) ) ;
#2870 = CARTESIAN_POINT ( 'NONE',  ( -60.52487680312027152, 67.28334231014495970, -16.12485305893885368 ) ) ;
#2871 = B_SPLINE_CURVE_WITH_KNOTS ( 'NONE', 3,
 ( #2954, #5728, #2269, #5038, #6951, #180, #4273, #714, #32, #7002, #4905, #2970, #5553, #3599, #6379, #762 ),
 .UNSPECIFIED., .F., .F.,
 ( 4, 2, 2, 2, 2, 2, 2, 4 ),
 ( 0.000000000000000000, 0.0006165529096399846760, 0.001233105819279969352, 0.001849658728919954245, 0.002466211638559938704, 0.003699317457839898949, 0.004315870367479879288, 0.004932423277119859194 ),
 .UNSPECIFIED. ) ;
#2872 = DIRECTION ( 'NONE',  ( 0.000000000000000000, 0.000000000000000000, 1.000000000000000000 ) ) ;
#2873 = ORIENTED_EDGE ( 'NONE', *, *, #8752, .F. ) ;
#2874 = EDGE_CURVE ( 'NONE', #7742, #2788, #5528, .T. ) ;
#2875 = CARTESIAN_POINT ( 'NONE',  ( -37.39148664841012959, 68.52590978556902712, -51.50468288074937107 ) ) ;
#2876 = CARTESIAN_POINT ( 'NONE',  ( -24.85206664690796430, 55.22173470845585541, 71.04504210553079702 ) ) ;
#2877 = CARTESIAN_POINT ( 'NONE',  ( 81.67351176632728027, 51.09877187124435949, 2.085304548553644999 ) ) ;
#2878 = EDGE_LOOP ( 'NONE', ( #8664, #6160 ) ) ;
#2879 = ORIENTED_EDGE ( 'NONE', *, *, #6803, .T. ) ;
#2880 = CARTESIAN_POINT ( 'NONE',  ( 63.29286642296988674, 68.50041615695936059, -6.900191038266601851 ) ) ;
#2881 = VERTEX_POINT ( 'NONE', #1889 ) ;
#2882 = CARTESIAN_POINT ( 'NONE',  ( 44.62435565298236639, 70.12951399001693176, -49.29165124598829095 ) ) ;
#2883 = CARTESIAN_POINT ( 'NONE',  ( 32.11765077817106118, 80.39416936522165713, -28.23508998812444304 ) ) ;
#2884 = CARTESIAN_POINT ( 'NONE',  ( -61.72240880437622224, 66.22292686396978922, 16.49456263305834369 ) ) ;
#2885 = CARTESIAN_POINT ( 'NONE',  ( 38.51520433081952888, 78.61843050022926604, -14.12156232292482905 ) ) ;
#2886 = CARTESIAN_POINT ( 'NONE',  ( 23.18984035843721614, 64.92052763322951137, 61.66687442122684359 ) ) ;
#2887 = B_SPLINE_CURVE_WITH_KNOTS ( 'NONE', 3,
 ( #6097, #3195, #1179, #8858, #1911, #7444, #1866, #4672, #3318, #4634, #2647, #362, #3920, #6650, #5971, #1089 ),
 .UNSPECIFIED., .F., .F.,
 ( 4, 2, 2, 2, 2, 2, 2, 4 ),
 ( -1.074445212797995516E-05, 0.0006067862582658776517, 0.001224316968659735138, 0.002459378389447448160, 0.003076909099841306297, 0.003694439810235164434, 0.004311970520629022571, 0.004929501231022880708 ),
 .UNSPECIFIED. ) ;
#2888 = ORIENTED_EDGE ( 'NONE', *, *, #6094, .F. ) ;
#2889 = CARTESIAN_POINT ( 'NONE',  ( -64.75294746888692998, 69.78956602597121162, 9.193971392691551614 ) ) ;
#2890 = CIRCLE ( 'NONE', #7511, 10.50000000000000178 ) ;
#2891 = ORIENTED_EDGE ( 'NONE', *, *, #3052, .F. ) ;
#2892 = CARTESIAN_POINT ( 'NONE',  ( 64.99999999999997158, 65.63336495313480157, 2.686221345679559835 ) ) ;
#2893 = ORIENTED_EDGE ( 'NONE', *, *, #8028, .T. ) ;
#2894 = CARTESIAN_POINT ( 'NONE',  ( 72.92990762248159342, 57.39959067741811083, 14.00000000000000888 ) ) ;
#2895 = CARTESIAN_POINT ( 'NONE',  ( 48.12435565298162032, 0.000000000000000000, 55.35382907248002482 ) ) ;
#2896 = ORIENTED_EDGE ( 'NONE', *, *, #3424, .T. ) ;
#2897 = CARTESIAN_POINT ( 'NONE',  ( -64.65533012236797106, 64.16889629970808073, 13.99999999999791633 ) ) ;
#2898 = CARTESIAN_POINT ( 'NONE',  ( -38.24036660755115946, 54.52267899577589105, 72.19813277870903789 ) ) ;
#2899 = ORIENTED_EDGE ( 'NONE', *, *, #4590, .T. ) ;
#2900 = CIRCLE ( 'NONE', #2331, 2.499999999999995115 ) ;
#2901 = CARTESIAN_POINT ( 'NONE',  ( 4.852638573011455367E-16, 96.99999999999998579, 0.000000000000000000 ) ) ;
#2902 = CARTESIAN_POINT ( 'NONE',  ( -49.72415587631149947, 51.39785929380889939, 58.12476434124425140 ) ) ;
#2903 = CARTESIAN_POINT ( 'NONE',  ( 72.60086162207811356, 51.72162299948580966, -13.99999999998437339 ) ) ;
#2904 = CARTESIAN_POINT ( 'NONE',  ( -80.99999999999998579, 53.49999999999999289, -2.500000000000002220 ) ) ;
#2905 = DIRECTION ( 'NONE',  ( -0.8660254037844358210, 0.000000000000000000, -0.5000000000000051070 ) ) ;
#2906 = AXIS2_PLACEMENT_3D ( 'NONE', #6877, #4101, #635 ) ;
#2907 = VERTEX_POINT ( 'NONE', #2623 ) ;
#2908 = ORIENTED_EDGE ( 'NONE', *, *, #4323, .F. ) ;
#2909 = DIRECTION ( 'NONE',  ( 1.000000000000000000, 0.000000000000000000, 0.000000000000000000 ) ) ;
#2910 = CARTESIAN_POINT ( 'NONE',  ( 8.168394150312846688E-15, 8.999999999999994671, 66.70000000000000284 ) ) ;
#2911 = LINE ( 'NONE', #8452, #1760 ) ;
#2912 = CARTESIAN_POINT ( 'NONE',  ( 41.02992658728897624, 56.69991367268244886, -70.65039106842145600 ) ) ;
#2913 = CARTESIAN_POINT ( 'NONE',  ( -64.33485816182211181, 68.41608997342392229, 14.00000000000000178 ) ) ;
#2914 = EDGE_CURVE ( 'NONE', #308, #6450, #5482, .T. ) ;
#2915 = CARTESIAN_POINT ( 'NONE',  ( 39.16762273042741072, 68.79476370283079234, -18.82302078846668891 ) ) ;
#2916 = AXIS2_PLACEMENT_3D ( 'NONE', #8269, #7491, #6782 ) ;
#2917 = VECTOR ( 'NONE', #2294, 1000.000000000000000 ) ;
#2918 = VERTEX_POINT ( 'NONE', #3386 ) ;
#2919 = AXIS2_PLACEMENT_3D ( 'NONE', #2763, #650, #3439 ) ;
#2920 = CARTESIAN_POINT ( 'NONE',  ( 60.20053056545826564, 67.42165079097325986, -16.50659709052888502 ) ) ;
#2921 = AXIS2_PLACEMENT_3D ( 'NONE', #6135, #6767, #2770 ) ;
#2922 = CARTESIAN_POINT ( 'NONE',  ( 37.06952709587994832, 74.99548791543280402, -33.53802622361591546 ) ) ;
#2923 = EDGE_CURVE ( 'NONE', #8007, #7072, #5433, .T. ) ;
#2924 = CARTESIAN_POINT ( 'NONE',  ( 38.10080802636684894, 53.70740595429194997, 72.27183703032561368 ) ) ;
#2925 = ADVANCED_FACE ( 'NONE', ( #4110 ), #4775, .F. ) ;
#2926 = DIRECTION ( 'NONE',  ( 0.000000000000000000, 0.000000000000000000, 1.000000000000000000 ) ) ;
#2927 = DIRECTION ( 'NONE',  ( 0.000000000000000000, 0.000000000000000000, -1.000000000000000000 ) ) ;
#2928 = CARTESIAN_POINT ( 'NONE',  ( -15.74048458247027860, 67.51887975670250341, 60.27845158425623140 ) ) ;
#2929 = CARTESIAN_POINT ( 'NONE',  ( 81.65106979546105492, 52.09532067137671163, -2.828204596195999176 ) ) ;
#2930 = ADVANCED_FACE ( 'NONE', ( #6029 ), #1868, .F. ) ;
#2931 = ORIENTED_EDGE ( 'NONE', *, *, #6048, .T. ) ;
#2932 = DIRECTION ( 'NONE',  ( -0.5000000000000101030, -0.000000000000000000, 0.8660254037844328234 ) ) ;
#2933 = ORIENTED_EDGE ( 'NONE', *, *, #6534, .T. ) ;
#2934 = DIRECTION ( 'NONE',  ( -0.5000000000000101030, -0.000000000000000000, 0.8660254037844328234 ) ) ;
#2935 = CARTESIAN_POINT ( 'NONE',  ( -50.03287401029560755, 45.85812873523628497, -58.65947983452473835 ) ) ;
#2936 = CARTESIAN_POINT ( 'NONE',  ( -44.14906683162993062, 68.11553659766627788, 48.46842685913546944 ) ) ;
#2937 = CARTESIAN_POINT ( 'NONE',  ( -41.56217782649174097, 71.00000000000000000, 57.98780366869465297 ) ) ;
#2938 = EDGE_CURVE ( 'NONE', #4797, #7034, #6040, .T. ) ;
#2939 = CARTESIAN_POINT ( 'NONE',  ( 36.84209544819870530, 81.60931786197518534, -14.83507831522598686 ) ) ;
#2940 = CARTESIAN_POINT ( 'NONE',  ( 19.28323741483972498, 69.15083099221507723, 61.39954693691669263 ) ) ;
#2941 = VERTEX_POINT ( 'NONE', #8147 ) ;
#2942 = CARTESIAN_POINT ( 'NONE',  ( -64.99999999999998579, 70.33830226810675867, -14.00000000000000000 ) ) ;
#2943 = ORIENTED_EDGE ( 'NONE', *, *, #8566, .F. ) ;
#2944 = CARTESIAN_POINT ( 'NONE',  ( -39.82309435739608006, 68.36078836302520756, 46.56090641023479293 ) ) ;
#2945 = EDGE_LOOP ( 'NONE', ( #5207, #1916, #3262, #6477 ) ) ;
#2946 = CARTESIAN_POINT ( 'NONE',  ( 72.48473196131010354, 50.03241630556104980, 16.35231945602155434 ) ) ;
#2947 = CARTESIAN_POINT ( 'NONE',  ( -44.67347013246121179, 67.19961627838257812, -49.37672001983380454 ) ) ;
#2948 = VERTEX_POINT ( 'NONE', #4656 ) ;
#2949 = CARTESIAN_POINT ( 'NONE',  ( -63.74364119782244131, 68.39397752114253137, 13.99999999999998757 ) ) ;
#2950 = CARTESIAN_POINT ( 'NONE',  ( 0.000000000000000000, 45.99999999999999289, -14.00000000000000000 ) ) ;
#2951 = VERTEX_POINT ( 'NONE', #1929 ) ;
#2952 = CONICAL_SURFACE ( 'NONE', #8010, 3.500000000000002665, 0.7853981633974482790 ) ;
#2953 = CARTESIAN_POINT ( 'NONE',  ( -24.27294201064032109, 70.96746529199602094, -61.04154539078394492 ) ) ;
#2954 = CARTESIAN_POINT ( 'NONE',  ( 25.78437493449733964, 46.02785684633894903, 72.65984742795623674 ) ) ;
#2955 = ADVANCED_FACE ( 'NONE', ( #3434 ), #3614, .F. ) ;
#2956 = CARTESIAN_POINT ( 'NONE',  ( 65.09822895895847239, 67.19961627838671347, -13.99999999999999467 ) ) ;
#2957 = DIRECTION ( 'NONE',  ( 0.000000000000000000, 0.000000000000000000, -1.000000000000000000 ) ) ;
#2958 = CARTESIAN_POINT ( 'NONE',  ( 41.56217782649134307, 71.00000000000000000, -57.98780366869495140 ) ) ;
#2959 = ORIENTED_EDGE ( 'NONE', *, *, #5261, .T. ) ;
#2960 = EDGE_LOOP ( 'NONE', ( #1144, #1206, #8064, #8045 ) ) ;
#2961 = CARTESIAN_POINT ( 'NONE',  ( 19.96340200533990483, 83.58148700043116719, -6.968123280274639080E-15 ) ) ;
#2962 = CARTESIAN_POINT ( 'NONE',  ( 81.99999999999998579, 53.49999999999999289, 2.499999999999998668 ) ) ;
#2963 = CARTESIAN_POINT ( 'NONE',  ( -16.19949118036541691, 67.30525097660134293, 60.45637643685991947 ) ) ;
#2964 = DIRECTION ( 'NONE',  ( -0.000000000000000000, -1.000000000000000000, -0.000000000000000000 ) ) ;
#2965 = EDGE_CURVE ( 'NONE', #3420, #6062, #8963, .T. ) ;
#2966 = LINE ( 'NONE', #6323, #4496 ) ;
#2967 = CARTESIAN_POINT ( 'NONE',  ( -23.25721585010220949, 56.26540278043883347, -68.28267949492237676 ) ) ;
#2968 = CARTESIAN_POINT ( 'NONE',  ( 31.49666981437756874, 81.09403524626011972, -26.33029915222429196 ) ) ;
#2969 = CARTESIAN_POINT ( 'NONE',  ( 50.10630073282651153, 52.40596060623924757, -54.05696491306474627 ) ) ;
#2970 = CARTESIAN_POINT ( 'NONE',  ( 22.96894804134597479, 47.93260228642030540, 71.08086691936131274 ) ) ;
#2971 = CARTESIAN_POINT ( 'NONE',  ( 16.79005678499844834, 67.18322181085429179, 60.59605544843378055 ) ) ;
#2972 = CARTESIAN_POINT ( 'NONE',  ( 0.000000000000000000, 61.00000000000000000, 0.000000000000000000 ) ) ;
#2973 = CARTESIAN_POINT ( 'NONE',  ( -18.03843840237006901, 67.85093932666330829, 59.24349180210514021 ) ) ;
#2974 = CARTESIAN_POINT ( 'NONE',  ( 81.68477372348868926, 50.73074055208847710, 1.586456060871137996 ) ) ;
#2975 = ORIENTED_EDGE ( 'NONE', *, *, #4839, .F. ) ;
#2976 = ADVANCED_FACE ( 'NONE', ( #4610 ), #927, .F. ) ;
#2977 = CARTESIAN_POINT ( 'NONE',  ( -31.35242250173803669, 65.67055975808291635, -56.95420542354058568 ) ) ;
#2978 = EDGE_LOOP ( 'NONE', ( #2151, #8840, #5748, #2546 ) ) ;
#2979 = CARTESIAN_POINT ( 'NONE',  ( 28.57857792819967457, 71.37356801941000128, -58.55568533474859549 ) ) ;
#2980 = CARTESIAN_POINT ( 'NONE',  ( -44.08269499497496469, 67.18322181085427758, 44.83864343100871253 ) ) ;
#2981 = CARTESIAN_POINT ( 'NONE',  ( 72.71679280154886271, 48.61675045524525984, -16.34738703895265743 ) ) ;
#2982 = CARTESIAN_POINT ( 'NONE',  ( 38.83493649053924202, 53.49999999999999289, -72.26408311032379572 ) ) ;
#2983 = CARTESIAN_POINT ( 'NONE',  ( 20.42475882649889485, 67.19961627838252127, 63.37672001983820991 ) ) ;
#2984 = EDGE_CURVE ( 'NONE', #154, #2404, #8838, .T. ) ;
#2985 = EDGE_CURVE ( 'NONE', #3513, #2307, #4302, .T. ) ;
#2986 = VERTEX_POINT ( 'NONE', #8736 ) ;
#2987 = CARTESIAN_POINT ( 'NONE',  ( -64.87198374063373763, 70.09640354703704190, 9.337129505959147480 ) ) ;
#2988 = ORIENTED_EDGE ( 'NONE', *, *, #6211, .F. ) ;
#2989 = CARTESIAN_POINT ( 'NONE',  ( -18.00367913331908909, 67.94542186846334175, 59.14117188891505350 ) ) ;
#2990 = ORIENTED_EDGE ( 'NONE', *, *, #2121, .F. ) ;
#2991 = CARTESIAN_POINT ( 'NONE',  ( 62.11833194740528796, 66.45418853074266963, 13.99999999999581846 ) ) ;
#2992 = CARTESIAN_POINT ( 'NONE',  ( 72.58857721167626664, 49.58324814417436954, 16.35013874407908219 ) ) ;
#2993 = ORIENTED_EDGE ( 'NONE', *, *, #7921, .F. ) ;
#2994 = CARTESIAN_POINT ( 'NONE',  ( -68.91582954734199973, 63.37520769591046843, 14.00000000000000178 ) ) ;
#2995 = AXIS2_PLACEMENT_3D ( 'NONE', #1905, #3358, #6227 ) ;
#2996 = CARTESIAN_POINT ( 'NONE',  ( 47.65697130058066477, 63.57578711040587649, -23.42229177515938332 ) ) ;
#2997 = EDGE_LOOP ( 'NONE', ( #8530, #3952, #5068, #3267, #4764, #6975, #5561, #3199, #7557 ) ) ;
#2998 = CARTESIAN_POINT ( 'NONE',  ( -43.27471595292026052, 52.09504081110524965, 69.29787081923278436 ) ) ;
#2999 = CARTESIAN_POINT ( 'NONE',  ( -72.00000000000000000, 71.00000000000000000, 3.500000000000002220 ) ) ;
#3000 = CARTESIAN_POINT ( 'NONE',  ( 70.76314300612389729, 56.26540278045369803, -14.00000000002090061 ) ) ;
#3001 = EDGE_CURVE ( 'NONE', #3004, #2668, #1131, .T. ) ;
#3002 = DIRECTION ( 'NONE',  ( 0.8660254037844432595, 0.000000000000000000, -0.4999999999999919509 ) ) ;
#3003 = CARTESIAN_POINT ( 'NONE',  ( -50.03308624046297837, 46.02785684633894903, 58.65984742795541962 ) ) ;
#3004 = VERTEX_POINT ( 'NONE', #8093 ) ;
#3005 = CARTESIAN_POINT ( 'NONE',  ( -8.196361130604803409E-15, -0.001999999999988122390, 0.000000000000000000 ) ) ;
#3006 = CARTESIAN_POINT ( 'NONE',  ( -72.89627863382524708, 46.91607545010171521, -16.34349546827667155 ) ) ;
#3007 = CARTESIAN_POINT ( 'NONE',  ( -18.25000000000000000, 85.56084588387216172, 0.000000000000000000 ) ) ;
#3008 = VERTEX_POINT ( 'NONE', #5386 ) ;
#3009 = CARTESIAN_POINT ( 'NONE',  ( 81.99999999999998579, 53.49999999999999289, 0.000000000000000000 ) ) ;
#3010 = EDGE_CURVE ( 'NONE', #6338, #4447, #8540, .T. ) ;
#3011 = CARTESIAN_POINT ( 'NONE',  ( -12.12435565298220652, 0.000000000000000000, 6.999999999999887201 ) ) ;
#3012 = CARTESIAN_POINT ( 'NONE',  ( 34.43014302009824945, 78.59246587648064519, -31.62550570269433692 ) ) ;
#3013 = CARTESIAN_POINT ( 'NONE',  ( 39.03125516828889374, 55.90173621086114508, 71.77375774936056985 ) ) ;
#3014 = AXIS2_PLACEMENT_3D ( 'NONE', #1826, #5456, #4759 ) ;
#3015 = DIRECTION ( 'NONE',  ( 0.8660254037844328234, 0.000000000000000000, 0.5000000000000101030 ) ) ;
#3016 = CARTESIAN_POINT ( 'NONE',  ( -24.99654058329071304, 54.48432739547293835, 71.29527830371510788 ) ) ;
#3017 = CARTESIAN_POINT ( 'NONE',  ( -20.96607231805623783, 56.03426478453366855, 69.09993629086422118 ) ) ;
#3018 = CARTESIAN_POINT ( 'NONE',  ( 81.69612706624759824, 50.40417401775153650, -0.8212085557235071498 ) ) ;
#3019 = EDGE_LOOP ( 'NONE', ( #2067, #5891, #783, #5140, #2400 ) ) ;
#3020 = CARTESIAN_POINT ( 'NONE',  ( 39.89711431702941269, 71.00000000000000000, 60.10382907247994666 ) ) ;
#3021 = ORIENTED_EDGE ( 'NONE', *, *, #3966, .T. ) ;
#3022 = CARTESIAN_POINT ( 'NONE',  ( -48.83198328396100152, 45.87307673031754263, -56.57947608217491364 ) ) ;
#3023 = CARTESIAN_POINT ( 'NONE',  ( -29.93782217350969077, 71.00000000000000000, 65.85382907247922901 ) ) ;
#3024 = CARTESIAN_POINT ( 'NONE',  ( 81.66559388200343506, 55.60287979949366388, 2.375177292243115357 ) ) ;
#3025 = CARTESIAN_POINT ( 'NONE',  ( 60.25428923075820364, 68.91619438665179587, -5.542562663226499708 ) ) ;
#3026 = EDGE_CURVE ( 'NONE', #123, #5541, #3288, .T. ) ;
#3027 = CARTESIAN_POINT ( 'NONE',  ( 20.32332208363982318, 69.51517159522332179, -63.20102642745016652 ) ) ;
#3028 = VERTEX_POINT ( 'NONE', #6017 ) ;
#3029 = LINE ( 'NONE', #5162, #8661 ) ;
#3030 = CARTESIAN_POINT ( 'NONE',  ( 52.28115223668424250, 72.17207048756897336, -23.74621716025798435 ) ) ;
#3031 = VERTEX_POINT ( 'NONE', #4099 ) ;
#3032 = CARTESIAN_POINT ( 'NONE',  ( -46.31351926028192167, 63.85709599279902449, 48.31641218260837434 ) ) ;
#3033 = ORIENTED_EDGE ( 'NONE', *, *, #1419, .F. ) ;
#3034 = CARTESIAN_POINT ( 'NONE',  ( 39.93776670021267705, 78.41274388261817307, -11.47544044878304881 ) ) ;
#3035 = ADVANCED_FACE ( 'NONE', ( #5422 ), #2489, .F. ) ;
#3036 = CARTESIAN_POINT ( 'NONE',  ( -49.35926406874193617, 56.03426478455073578, -52.70711939044412730 ) ) ;
#3037 = ORIENTED_EDGE ( 'NONE', *, *, #1402, .T. ) ;
#3038 = DIRECTION ( 'NONE',  ( 0.5000000000000041078, -0.000000000000000000, -0.8660254037844363761 ) ) ;
#3039 = DIRECTION ( 'NONE',  ( 0.9659258262890659807, 0.000000000000000000, 0.2588190451025297878 ) ) ;
#3040 = LINE ( 'NONE', #2449, #6780 ) ;
#3041 = CARTESIAN_POINT ( 'NONE',  ( -27.38909291507263077, 69.11826310527092687, 58.13362373065058364 ) ) ;
#3042 = CARTESIAN_POINT ( 'NONE',  ( 63.11538806914406052, 65.00834819740880732, -16.48216696690966643 ) ) ;
#3043 = CARTESIAN_POINT ( 'NONE',  ( 47.57717111665547804, 61.45732291408886994, -49.51496397480955380 ) ) ;
#3044 = CARTESIAN_POINT ( 'NONE',  ( -50.15181939590411986, 48.06695786158534389, 55.29732783606804247 ) ) ;
#3045 = EDGE_LOOP ( 'NONE', ( #7505, #115, #1626, #8574 ) ) ;
#3046 = DIRECTION ( 'NONE',  ( -0.4999999999999919509, 0.000000000000000000, -0.8660254037844432595 ) ) ;
#3047 = EDGE_CURVE ( 'NONE', #3389, #2080, #7496, .T. ) ;
#3048 = VECTOR ( 'NONE', #8828, 1000.000000000000000 ) ;
#3049 = CARTESIAN_POINT ( 'NONE',  ( 38.37772040116230698, 54.90850544280891654, -72.12521515694800200 ) ) ;
#3050 = EDGE_LOOP ( 'NONE', ( #8289, #3327 ) ) ;
#3051 = DIRECTION ( 'NONE',  ( 0.4999999999999919509, 1.387778780781446464E-15, 0.8660254037844432595 ) ) ;
#3052 = EDGE_CURVE ( 'NONE', #2675, #3669, #4918, .T. ) ;
#3053 = CARTESIAN_POINT ( 'NONE',  ( 25.90862046438551403, 68.52590978556902712, -58.13431876316449376 ) ) ;
#3054 = AXIS2_PLACEMENT_3D ( 'NONE', #5646, #5506, #668 ) ;
#3055 = AXIS2_PLACEMENT_3D ( 'NONE', #678, #9001, #2789 ) ;
#3056 = AXIS2_PLACEMENT_3D ( 'NONE', #5593, #8353, #6375 ) ;
#3057 = ORIENTED_EDGE ( 'NONE', *, *, #4126, .F. ) ;
#3058 = CARTESIAN_POINT ( 'NONE',  ( -43.99617625189772241, 68.39397752114251716, 48.20361260704063966 ) ) ;
#3059 = CARTESIAN_POINT ( 'NONE',  ( 32.49545177660667861, 76.74040231590851135, -32.52014078079993453 ) ) ;
#3060 = AXIS2_PLACEMENT_3D ( 'NONE', #3430, #2748, #2796 ) ;
#3061 = AXIS2_PLACEMENT_3D ( 'NONE', #7363, #8166, #1129 ) ;
#3062 = AXIS2_PLACEMENT_3D ( 'NONE', #5733, #6939, #703 ) ;
#3063 = CARTESIAN_POINT ( 'NONE',  ( -61.72240880437622224, 66.22292686396980343, -16.49456263305832593 ) ) ;
#3064 = ADVANCED_FACE ( 'NONE', ( #6245 ), #5708, .T. ) ;
#3065 = AXIS2_PLACEMENT_3D ( 'NONE', #5617, #5430, #8187 ) ;
#3066 = FACE_OUTER_BOUND ( 'NONE', #5991, .T. ) ;
#3067 = AXIS2_PLACEMENT_3D ( 'NONE', #450, #7443, #1742 ) ;
#3068 = CARTESIAN_POINT ( 'NONE',  ( -38.05611279727004614, 68.52109989633046894, -51.24507290508793034 ) ) ;
#3069 = CARTESIAN_POINT ( 'NONE',  ( 81.69999624424086448, 50.30009964499556219, 0.2078631848561031670 ) ) ;
#3070 = CARTESIAN_POINT ( 'NONE',  ( -30.00806332989703407, 71.45628046718184123, -57.73037155327592984 ) ) ;
#3071 = CARTESIAN_POINT ( 'NONE',  ( 64.97653019867830437, 71.00000000002407319, -4.500000000000003553 ) ) ;
#3072 = CARTESIAN_POINT ( 'NONE',  ( 49.92931747451880398, 46.05586453954276749, 58.48011465310456458 ) ) ;
#3073 = CARTESIAN_POINT ( 'NONE',  ( 31.70554847382787145, 79.57370319694022953, -21.15630573665251646 ) ) ;
#3074 = VECTOR ( 'NONE', #2777, 1000.000000000000000 ) ;
#3075 = CARTESIAN_POINT ( 'NONE',  ( 75.19910997705314060, 51.39998651261345231, -14.00000000000003197 ) ) ;
#3076 = DIRECTION ( 'NONE',  ( 0.8660254037844327124, 0.000000000000000000, 0.5000000000000102141 ) ) ;
#3077 = CARTESIAN_POINT ( 'NONE',  ( 8.681445989019579037E-15, 96.99999999999998579, 0.000000000000000000 ) ) ;
#3078 = DIRECTION ( 'NONE',  ( -0.8660254037844363761, 0.000000000000000000, -0.5000000000000039968 ) ) ;
#3079 = ORIENTED_EDGE ( 'NONE', *, *, #5344, .T. ) ;
#3080 = DIRECTION ( 'NONE',  ( 0.000000000000000000, 0.000000000000000000, -1.000000000000000000 ) ) ;
#3081 = ORIENTED_EDGE ( 'NONE', *, *, #4471, .T. ) ;
#3082 = CARTESIAN_POINT ( 'NONE',  ( 30.13020791766940221, 80.39833732570873792, -18.22107260157916997 ) ) ;
#3083 = DIRECTION ( 'NONE',  ( 0.000000000000000000, 0.000000000000000000, -1.000000000000000000 ) ) ;
#3084 = DIRECTION ( 'NONE',  ( 0.4999999999999979461, 0.000000000000000000, 0.8660254037844397068 ) ) ;
#3085 = ORIENTED_EDGE ( 'NONE', *, *, #1595, .F. ) ;
#3086 = CARTESIAN_POINT ( 'NONE',  ( 30.96027333783505142, 77.66642850935869546, -30.71913742123503965 ) ) ;
#3087 = CARTESIAN_POINT ( 'NONE',  ( 47.44288601721999044, 62.95057038998905341, -25.81280146936704156 ) ) ;
#3088 = LINE ( 'NONE', #5264, #4506 ) ;
#3089 = CARTESIAN_POINT ( 'NONE',  ( -32.54340325837122805, 69.04820565211821304, -50.79209706139324254 ) ) ;
#3090 = ADVANCED_FACE ( 'NONE', ( #2152 ), #2101, .F. ) ;
#3091 = CARTESIAN_POINT ( 'NONE',  ( 75.35567716729156018, 50.61866292743543738, -13.99999999999995381 ) ) ;
#3092 = CARTESIAN_POINT ( 'NONE',  ( 44.67347013246231313, 67.19961627838256391, -49.37672001983477088 ) ) ;
#3093 = CARTESIAN_POINT ( 'NONE',  ( -20.37564434701770111, 70.12951399001693176, -63.29165124598853964 ) ) ;
#3094 = EDGE_LOOP ( 'NONE', ( #47, #8827, #541, #4195 ) ) ;
#3095 = FACE_BOUND ( 'NONE', #4261, .T. ) ;
#3096 = CYLINDRICAL_SURFACE ( 'NONE', #8554, 2.500000000000000888 ) ;
#3097 = CARTESIAN_POINT ( 'NONE',  ( 44.39539769316164097, 67.42165079097325986, -43.88189024572380958 ) ) ;
#3098 = CARTESIAN_POINT ( 'NONE',  ( 27.23997898074183510, 69.02349889316261056, -58.10475470223529015 ) ) ;
#3099 = ADVANCED_FACE ( 'NONE', ( #4283 ), #6081, .F. ) ;
#3100 = ADVANCED_FACE ( 'NONE', ( #7055, #6198 ), #7682, .T. ) ;
#3101 = ORIENTED_EDGE ( 'NONE', *, *, #7422, .T. ) ;
#3102 = CARTESIAN_POINT ( 'NONE',  ( -48.67342351916119725, 49.60266825055001050, 56.30484251349829350 ) ) ;
#3103 = ADVANCED_FACE ( 'NONE', ( #4866 ), #7733, .F. ) ;
#3104 = DIRECTION ( 'NONE',  ( -0.8660254037844392627, 0.000000000000000000, 0.4999999999999988343 ) ) ;
#3105 = CARTESIAN_POINT ( 'NONE',  ( 49.03223076661988244, 71.41312408967294800, -31.75679321412016520 ) ) ;
#3106 = CARTESIAN_POINT ( 'NONE',  ( -81.68482721236253496, 56.27090953603385515, 1.583772215640031789 ) ) ;
#3107 = CARTESIAN_POINT ( 'NONE',  ( 49.95075453673913302, 53.31457523385761732, -53.77505582260428696 ) ) ;
#3108 = CARTESIAN_POINT ( 'NONE',  ( 17.37964762039165478, 67.11011901865587959, 60.77105976821540168 ) ) ;
#3109 = B_SPLINE_CURVE_WITH_KNOTS ( 'NONE', 3,
 ( #2519, #8126, #7279, #3919 ),
 .UNSPECIFIED., .F., .F.,
 ( 4, 4 ),
 ( 0.000000000000000000, 0.0004135464275951902541 ),
 .UNSPECIFIED. ) ;
#3110 = CARTESIAN_POINT ( 'NONE',  ( 43.16506350946142589, 53.49999999999999289, -69.76408311032376730 ) ) ;
#3111 = CARTESIAN_POINT ( 'NONE',  ( 20.37564434701726768, 70.33830226810675867, 63.29165124598868886 ) ) ;
#3112 = EDGE_CURVE ( 'NONE', #3443, #2021, #5948, .T. ) ;
#3113 = FACE_OUTER_BOUND ( 'NONE', #3893, .T. ) ;
#3114 = CARTESIAN_POINT ( 'NONE',  ( -67.93602631034103467, 64.39919800490793023, 14.00000000000000178 ) ) ;
#3115 = CARTESIAN_POINT ( 'NONE',  ( -44.39539769316193940, 67.42165079097325986, 43.88189024572348984 ) ) ;
#3116 = CARTESIAN_POINT ( 'NONE',  ( -72.71679280154886271, 48.61675045524525984, 16.34738703895265743 ) ) ;
#3117 = CARTESIAN_POINT ( 'NONE',  ( 0.000000000000000000, 2.999999999999999112, 0.000000000000000000 ) ) ;
#3118 = CARTESIAN_POINT ( 'NONE',  ( 32.10288568296942202, 71.00000000000000000, 64.60382907247986850 ) ) ;
#3119 = CARTESIAN_POINT ( 'NONE',  ( -22.29425705473879660, 46.91607545010863589, 71.30177687238308692 ) ) ;
#3120 = DIRECTION ( 'NONE',  ( 0.4999999999999919509, -0.000000000000000000, 0.8660254037844432595 ) ) ;
#3121 = VERTEX_POINT ( 'NONE', #8949 ) ;
#3122 = CARTESIAN_POINT ( 'NONE',  ( -18.68698588504452474, 63.85723507571433544, 64.26659866357834971 ) ) ;
#3123 = ORIENTED_EDGE ( 'NONE', *, *, #6126, .T. ) ;
#3124 = CARTESIAN_POINT ( 'NONE',  ( 49.83499196500397943, 73.96483836075192642, -15.09233566382802927 ) ) ;
#3125 = CARTESIAN_POINT ( 'NONE',  ( 48.81488707036166375, 56.45032650170057309, -56.54986457160286051 ) ) ;
#3126 = B_SPLINE_CURVE_WITH_KNOTS ( 'NONE', 3,
 ( #3490, #6986, #7603, #4115, #5629, #4743, #4163, #1389, #4792, #1981, #8386, #7515, #2172, #1340, #2807, #8926, #1489, #5582, #8340, #7031, #2672, #6129, #5440, #8970, #3538, #2123, #6892, #8882, #608, #3393, #7563, #4888, #7651, #1435 ),
 .UNSPECIFIED., .F., .F.,
 ( 4, 2, 2, 2, 2, 2, 2, 2, 2, 2, 2, 2, 2, 2, 2, 2, 4 ),
 ( 0.000000000000000000, 0.0005381759984485023733, 0.001076351996897004747, 0.001614527995345506903, 0.002152703993794009493, 0.002690879992242511867, 0.003229055990691013806, 0.003767231989139516179, 0.004305407987588018986, 0.004574495986812266921, 0.004843583986036514855, 0.005381759984485010723, 0.005919935982933506591, 0.006458111981382001592, 0.007534463978278969042, 0.008072639976727470981, 0.008610815975175970319 ),
 .UNSPECIFIED. ) ;
#3127 = CARTESIAN_POINT ( 'NONE',  ( 33.80602486993803524, 71.49174360388099103, -55.53761743576143317 ) ) ;
#3128 = CARTESIAN_POINT ( 'NONE',  ( 42.54513902998235153, 67.47606564481421287, -18.26214103695934554 ) ) ;
#3129 = CARTESIAN_POINT ( 'NONE',  ( 50.63620147218740186, 74.61592625024208303, -18.43989324064955682 ) ) ;
#3130 = B_SPLINE_CURVE_WITH_KNOTS ( 'NONE', 3,
 ( #6696, #1999, #5974, #1216 ),
 .UNSPECIFIED., .F., .F.,
 ( 4, 4 ),
 ( 0.000000000000000000, 0.0003740696040165266138 ),
 .UNSPECIFIED. ) ;
#3131 = CARTESIAN_POINT ( 'NONE',  ( -75.81746117496030024, 46.02785684633895613, 14.00000000000000000 ) ) ;
#3132 = DIRECTION ( 'NONE',  ( 1.000000000000000000, 0.000000000000000000, 0.000000000000000000 ) ) ;
#3133 = AXIS2_PLACEMENT_3D ( 'NONE', #2532, #7499, #8096 ) ;
#3134 = ORIENTED_EDGE ( 'NONE', *, *, #691, .F. ) ;
#3135 = DIRECTION ( 'NONE',  ( 0.5000000000000039968, -0.000000000000000000, -0.8660254037844362651 ) ) ;
#3136 = CARTESIAN_POINT ( 'NONE',  ( -71.70771068004168569, 54.28634147769885487, -13.99999999998021849 ) ) ;
#3137 = CARTESIAN_POINT ( 'NONE',  ( 18.17181231038260236, 67.97768854755388190, -59.04544239513666071 ) ) ;
#3138 = CARTESIAN_POINT ( 'NONE',  ( 24.45284263521446988, 69.64573361806577623, -60.56873594599404953 ) ) ;
#3139 = ADVANCED_FACE ( 'NONE', ( #6915 ), #3911, .F. ) ;
#3140 = EDGE_CURVE ( 'NONE', #6639, #976, #8973, .T. ) ;
#3141 = AXIS2_PLACEMENT_3D ( 'NONE', #18, #2126, #4214 ) ;
#3142 = EDGE_LOOP ( 'NONE', ( #3444, #7732, #40, #1428, #6268 ) ) ;
#3143 = CARTESIAN_POINT ( 'NONE',  ( -49.10130074124799648, 56.99209030535719478, 52.24290195363663258 ) ) ;
#3144 = CARTESIAN_POINT ( 'NONE',  ( 32.96891108675386306, 71.00000000000000000, 64.10382907247988271 ) ) ;
#3145 = CARTESIAN_POINT ( 'NONE',  ( 46.45920371635868662, 70.59028910828425296, -34.69072660558344268 ) ) ;
#3146 = CARTESIAN_POINT ( 'NONE',  ( 22.29425705484004894, 46.91607545010214864, -71.30177687235139672 ) ) ;
#3147 = EDGE_CURVE ( 'NONE', #8146, #5523, #1416, .T. ) ;
#3148 = CARTESIAN_POINT ( 'NONE',  ( 52.28572573259913980, 82.99999999999998579, -24.12500000000006040 ) ) ;
#3149 = FACE_OUTER_BOUND ( 'NONE', #5933, .T. ) ;
#3150 = EDGE_CURVE ( 'NONE', #6300, #5491, #6485, .T. ) ;
#3151 = CARTESIAN_POINT ( 'NONE',  ( -16.79005678499886756, 67.18322181085426337, -60.59605544843367397 ) ) ;
#3152 = CARTESIAN_POINT ( 'NONE',  ( -44.22477873054414488, 68.25930828242513826, -48.59956371479417925 ) ) ;
#3153 = DIRECTION ( 'NONE',  ( 1.000000000000000000, -0.000000000000000000, 0.000000000000000000 ) ) ;
#3154 = CONICAL_SURFACE ( 'NONE', #8788, 2.499999999999995115, 1.029744258676653867 ) ;
#3155 = CARTESIAN_POINT ( 'NONE',  ( -49.31968164223668083, 54.10447137733553546, -57.42419441747618691 ) ) ;
#3156 = CARTESIAN_POINT ( 'NONE',  ( 60.20053056545826564, 67.42165079097325986, -16.50659709052888502 ) ) ;
#3157 = CARTESIAN_POINT ( 'NONE',  ( -72.38935063020871041, 50.54137333704080959, 16.35436224005046313 ) ) ;
#3158 = PLANE ( 'NONE',  #5682 ) ;
#3159 = EDGE_CURVE ( 'NONE', #4488, #5443, #6295, .T. ) ;
#3160 = CARTESIAN_POINT ( 'NONE',  ( -72.00000000000000000, 71.00000000000000000, -10.50000000000000178 ) ) ;
#3161 = DIRECTION ( 'NONE',  ( 0.000000000000000000, 0.000000000000000000, -1.000000000000000000 ) ) ;
#3162 = ORIENTED_EDGE ( 'NONE', *, *, #5004, .T. ) ;
#3163 = CARTESIAN_POINT ( 'NONE',  ( 60.25896109168539994, 69.04857540238330671, 1.386978663525944677 ) ) ;
#3164 = VERTEX_POINT ( 'NONE', #5608 ) ;
#3165 = CARTESIAN_POINT ( 'NONE',  ( 45.70832500829866518, 76.16938907256758284, -12.32343154758837755 ) ) ;
#3166 = CARTESIAN_POINT ( 'NONE',  ( -64.99999999999998579, 80.99999999999998579, 14.00000000000000000 ) ) ;
#3167 = CARTESIAN_POINT ( 'NONE',  ( 20.37564434701726768, 0.000000000000000000, 63.29165124598868886 ) ) ;
#3168 = LINE ( 'NONE', #5078, #1820 ) ;
#3169 = CARTESIAN_POINT ( 'NONE',  ( 12.12435565298211060, 80.99999999999998579, 7.000000000000057732 ) ) ;
#3170 = EDGE_CURVE ( 'NONE', #7240, #2622, #6671, .T. ) ;
#3171 = DIRECTION ( 'NONE',  ( 0.000000000000000000, -1.000000000000000000, -0.000000000000000000 ) ) ;
#3172 = LINE ( 'NONE', #8058, #3419 ) ;
#3173 = VERTEX_POINT ( 'NONE', #8468 ) ;
#3174 = CARTESIAN_POINT ( 'NONE',  ( 72.00000000000000000, 71.00000000000000000, 7.000000000000000000 ) ) ;
#3175 = CARTESIAN_POINT ( 'NONE',  ( -60.97091537673144046, 66.83697915472588136, -16.50077390990833592 ) ) ;
#3176 = CARTESIAN_POINT ( 'NONE',  ( -43.81157460530484826, 67.29655345658423471, -47.08262665338525466 ) ) ;
#3177 = VERTEX_POINT ( 'NONE', #5016 ) ;
#3178 = DIRECTION ( 'NONE',  ( -0.8660254037844363761, 0.000000000000000000, -0.5000000000000039968 ) ) ;
#3179 = DIRECTION ( 'NONE',  ( 0.8660254037844432595, 0.000000000000000000, -0.4999999999999919509 ) ) ;
#3181 = ORIENTED_EDGE ( 'NONE', *, *, #4911, .F. ) ;
#3180 = AXIS2_PLACEMENT_3D ( 'NONE', #2595, #403, #7225 ) ;
#3182 = VERTEX_POINT ( 'NONE', #7778 ) ;
#3183 = CARTESIAN_POINT ( 'NONE',  ( -48.62157839395907644, 50.13673092390480690, 56.21504412253343475 ) ) ;
#3184 = CARTESIAN_POINT ( 'NONE',  ( 49.92949947155793211, 70.16817518040686252, -30.76448176760295894 ) ) ;
#3185 = CARTESIAN_POINT ( 'NONE',  ( -81.63965085961433488, 53.91315649628504048, -3.139650859614334433 ) ) ;
#3186 = CARTESIAN_POINT ( 'NONE',  ( 45.86641786960116463, 64.95410340582364483, -46.47972036097118576 ) ) ;
#3187 = CONICAL_SURFACE ( 'NONE', #8244, 2.499999999999994227, 1.029744258676653867 ) ;
#3188 = AXIS2_PLACEMENT_3D ( 'NONE', #1101, #7330, #5937 ) ;
#3189 = DIRECTION ( 'NONE',  ( -0.000000000000000000, 1.000000000000000000, -0.000000000000000000 ) ) ;
#3190 = CARTESIAN_POINT ( 'NONE',  ( -25.29949532623772157, 68.53356777737462835, 58.65238748088926712 ) ) ;
#3191 = CARTESIAN_POINT ( 'NONE',  ( 28.12142052291027028, 0.000000000000000000, -76.70772912669001187 ) ) ;
#3192 = DIRECTION ( 'NONE',  ( 0.000000000000000000, 0.000000000000000000, -1.000000000000000000 ) ) ;
#3193 = FACE_OUTER_BOUND ( 'NONE', #245, .T. ) ;
#3194 = CARTESIAN_POINT ( 'NONE',  ( -44.22724133595284002, 71.00000000000000000, 57.60382907247905848 ) ) ;
#3195 = CARTESIAN_POINT ( 'NONE',  ( 22.35072185641639564, 48.47812969211376810, -71.12031316130926939 ) ) ;
#3196 = EDGE_CURVE ( 'NONE', #2733, #7678, #708, .T. ) ;
#3197 = B_SPLINE_CURVE_WITH_KNOTS ( 'NONE', 3,
 ( #2835, #4100, #4191, #8225, #3464, #2058, #2153, #2699, #42, #7734, #1370, #1515, #5563, #5469, #1466, #4821, #2790, #3518, #4919, #6916, #679, #2737, #6246, #8420, #9002, #7585, #4867, #634, #6199, #2203, #822, #7632, #4142, #91, #4768, #6962, #1417, #727, #5609, #8369, #7683, #4238, #7011, #6155, #773, #3563, #2883, #5660, #8907, #2009, #6876, #7545 ),
 .UNSPECIFIED., .F., .F.,
 ( 4, 2, 2, 2, 2, 2, 2, 2, 2, 2, 2, 2, 2, 2, 2, 2, 2, 2, 2, 2, 2, 2, 2, 2, 2, 4 ),
 ( 0.03565555852559688238, 0.03673293384406563916, 0.03781030916253440288, 0.03888768448100315966, 0.03996505979947191645, 0.04211981043640943001, 0.04319718575487820067, 0.04427456107334697133, 0.04535193639181573505, 0.04642931171028449877, 0.04858406234722204009, 0.04966143766569082463, 0.05073881298415959529, 0.05289356362109717824, 0.05397093893956596278, 0.05504831425803473344, 0.05720306489497227476, 0.05828044021344105929, 0.05935781553190984383, 0.06151256616884741985, 0.06258994148731619744, 0.06366731680578496810, 0.06582206744272256493, 0.06689944276119134947, 0.06797681807966013401, 0.07013156871659768921 ),
 .UNSPECIFIED. ) ;
#3198 = CARTESIAN_POINT ( 'NONE',  ( 81.64337348375373438, 54.32013510374343213, 3.041563141441629980 ) ) ;
#3199 = ORIENTED_EDGE ( 'NONE', *, *, #5938, .T. ) ;
#3200 = CARTESIAN_POINT ( 'NONE',  ( 20.32404587889682546, 69.52068220640249763, 63.20228007761137690 ) ) ;
#3201 = CONICAL_SURFACE ( 'NONE', #424, 2.499999999999991562, 1.029744258676653867 ) ;
#3202 = AXIS2_PLACEMENT_3D ( 'NONE', #1910, #534, #8042 ) ;
#3203 = ORIENTED_EDGE ( 'NONE', *, *, #7933, .F. ) ;
#3204 = VECTOR ( 'NONE', #2538, 1000.000000000000000 ) ;
#3205 = EDGE_CURVE ( 'NONE', #6711, #8475, #2373, .T. ) ;
#3206 = LINE ( 'NONE', #5978, #5192 ) ;
#3207 = VERTEX_POINT ( 'NONE', #3871 ) ;
#3208 = DIRECTION ( 'NONE',  ( 0.8660254037844327124, 0.000000000000000000, 0.5000000000000102141 ) ) ;
#3209 = VECTOR ( 'NONE', #2851, 1000.000000000000000 ) ;
#3210 = VERTEX_POINT ( 'NONE', #8077 ) ;
#3211 = CARTESIAN_POINT ( 'NONE',  ( 24.27294201063989831, 70.96746529199602094, 61.04154539078411545 ) ) ;
#3212 = CARTESIAN_POINT ( 'NONE',  ( -81.68474577231195610, 50.73161302030019471, 1.587825652877938643 ) ) ;
#3213 = EDGE_CURVE ( 'NONE', #498, #3561, #1733, .T. ) ;
#3214 = CONICAL_SURFACE ( 'NONE', #6252, 2.499999999999995115, 1.029744258676653867 ) ;
#3215 = DIRECTION ( 'NONE',  ( -0.000000000000000000, -1.000000000000000000, -0.000000000000000000 ) ) ;
#3216 = CARTESIAN_POINT ( 'NONE',  ( 46.95486840089719038, 77.30163761430169700, -14.97963713937151198 ) ) ;
#3217 = B_SPLINE_CURVE_WITH_KNOTS ( 'NONE', 3,
 ( #6563, #319, #3650, #2969, #3107, #5874, #8637, #4271, #127, #7723, #7312, #8760, #3186, #6769, #7437, #3311 ),
 .UNSPECIFIED., .F., .F.,
 ( 4, 2, 2, 2, 2, 2, 2, 4 ),
 ( 0.000000000000000000, 0.002922268352081789072, 0.005844536704163578143, 0.008766805056245366781, 0.01168907340832715629, 0.01753361011249073009, 0.02045587846457249184, 0.02337814681665426053 ),
 .UNSPECIFIED. ) ;
#3218 = CARTESIAN_POINT ( 'NONE',  ( 26.90673326026275802, 71.00000000000000000, 67.60382907247982587 ) ) ;
#3219 = CARTESIAN_POINT ( 'NONE',  ( 43.82786085934395004, 65.33113625351136022, 47.91208179544467072 ) ) ;
#3220 = DIRECTION ( 'NONE',  ( -0.5000000000000101030, -0.000000000000000000, 0.8660254037844328234 ) ) ;
#3221 = ORIENTED_EDGE ( 'NONE', *, *, #5817, .F. ) ;
#3222 = CARTESIAN_POINT ( 'NONE',  ( 38.91613928324496641, 53.49999999999999289, 62.40473047300871201 ) ) ;
#3223 = CARTESIAN_POINT ( 'NONE',  ( -68.04598584424411456, 59.75118097122501126, -16.42780588276216136 ) ) ;
#3224 = CARTESIAN_POINT ( 'NONE',  ( -44.08268259391458344, 67.18321445489924315, -44.83869065433848533 ) ) ;
#3225 = EDGE_CURVE ( 'NONE', #1331, #2510, #7949, .T. ) ;
#3226 = ORIENTED_EDGE ( 'NONE', *, *, #7235, .F. ) ;
#3227 = CARTESIAN_POINT ( 'NONE',  ( 66.70000000000000284, 60.11331709634244902, 0.000000000000000000 ) ) ;
#3228 = CARTESIAN_POINT ( 'NONE',  ( -45.72627238489131685, 65.17649743225112502, 51.20022701136387866 ) ) ;
#3229 = CARTESIAN_POINT ( 'NONE',  ( 41.78572573259913980, 81.89999999999999147, -24.12500000000006040 ) ) ;
#3230 = VERTEX_POINT ( 'NONE', #1043 ) ;
#3231 = ORIENTED_EDGE ( 'NONE', *, *, #7623, .T. ) ;
#3232 = CARTESIAN_POINT ( 'NONE',  ( -45.33155889328332222, 65.95929522014515101, 50.51656318946589863 ) ) ;
#3233 = DIRECTION ( 'NONE',  ( 1.000000000000000000, -0.000000000000000000, 0.000000000000000000 ) ) ;
#3234 = CARTESIAN_POINT ( 'NONE',  ( 42.02084595113209531, 72.70828024160185521, -34.64100596038177571 ) ) ;
#3235 = CARTESIAN_POINT ( 'NONE',  ( -81.68479975801507464, 56.27005417406521559, -1.585122928202977510 ) ) ;
#3236 = CARTESIAN_POINT ( 'NONE',  ( -48.44399039727026945, 57.89736674009616024, -55.90745268945123314 ) ) ;
#3237 = DIRECTION ( 'NONE',  ( 0.000000000000000000, 0.000000000000000000, -1.000000000000000000 ) ) ;
#3238 = DIRECTION ( 'NONE',  ( -0.8660254037844358210, 0.000000000000000000, -0.5000000000000051070 ) ) ;
#3239 = CARTESIAN_POINT ( 'NONE',  ( 74.33423221236316181, 46.58990982170581674, -14.38205052489359126 ) ) ;
#3240 = CARTESIAN_POINT ( 'NONE',  ( 70.35978047656563206, 55.95718616389153510, -16.39224145336685723 ) ) ;
#3241 = CARTESIAN_POINT ( 'NONE',  ( 12.12435565298206086, 80.99999999999998579, 7.000000000000141220 ) ) ;
#3242 = EDGE_LOOP ( 'NONE', ( #2328, #4472, #2703, #4929 ) ) ;
#3243 = CARTESIAN_POINT ( 'NONE',  ( -39.96128438006981298, 50.46728869386053162, -71.26024012276502617 ) ) ;
#3244 = CARTESIAN_POINT ( 'NONE',  ( 43.72724133595244211, 71.00000000000000000, -56.73780366869494429 ) ) ;
#3245 = ADVANCED_FACE ( 'NONE', ( #3271 ), #7820, .F. ) ;
#3246 = DIRECTION ( 'NONE',  ( 0.000000000000000000, -1.000000000000000000, 0.000000000000000000 ) ) ;
#3247 = ORIENTED_EDGE ( 'NONE', *, *, #8474, .F. ) ;
#3248 = CARTESIAN_POINT ( 'NONE',  ( 72.00000000000000000, 71.00000000000000000, 3.499999999999996891 ) ) ;
#3249 = EDGE_LOOP ( 'NONE', ( #524, #8390, #2257, #1558 ) ) ;
#3250 = CARTESIAN_POINT ( 'NONE',  ( 24.58625778258631556, 69.26824522736522738, 60.20393957594176726 ) ) ;
#3251 = CARTESIAN_POINT ( 'NONE',  ( -81.64340151165184523, 52.67709023135716961, 3.040812290226337478 ) ) ;
#3252 = CARTESIAN_POINT ( 'NONE',  ( 0.000000000000000000, 0.000000000000000000, 0.000000000000000000 ) ) ;
#3253 = ADVANCED_FACE ( 'NONE', ( #4585 ), #3367, .F. ) ;
#3254 = CARTESIAN_POINT ( 'NONE',  ( 48.12210044631823536, 74.97474208927705774, -13.61424010503588278 ) ) ;
#3255 = EDGE_CURVE ( 'NONE', #2786, #6447, #4084, .T. ) ;
#3256 = CARTESIAN_POINT ( 'NONE',  ( 0.000000000000000000, 49.00000000000000000, -77.50708379720883556 ) ) ;
#3257 = CARTESIAN_POINT ( 'NONE',  ( 61.86493503787936277, 69.87390944627894385, -13.99999999999997513 ) ) ;
#3258 = CARTESIAN_POINT ( 'NONE',  ( -24.28590256430386773, 70.60771697037358763, -61.01520800842656200 ) ) ;
#3259 = ORIENTED_EDGE ( 'NONE', *, *, #669, .F. ) ;
#3260 = DIRECTION ( 'NONE',  ( -0.4999999999999979461, -0.000000000000000000, -0.8660254037844397068 ) ) ;
#3261 = CARTESIAN_POINT ( 'NONE',  ( -72.10514368832177468, 51.58051168082766935, -16.36010227012982554 ) ) ;
#3262 = ORIENTED_EDGE ( 'NONE', *, *, #6798, .T. ) ;
#3263 = CARTESIAN_POINT ( 'NONE',  ( -41.20638793584105031, 50.32060179101557651, 70.54760932647707250 ) ) ;
#3264 = CARTESIAN_POINT ( 'NONE',  ( -39.39711431703065614, 71.00000000000000000, 59.23780366869468139 ) ) ;
#3265 = EDGE_CURVE ( 'NONE', #6713, #470, #7436, .T. ) ;
#3266 = DIRECTION ( 'NONE',  ( 0.000000000000000000, 1.000000000000000000, 0.000000000000000000 ) ) ;
#3267 = ORIENTED_EDGE ( 'NONE', *, *, #691, .T. ) ;
#3268 = ORIENTED_EDGE ( 'NONE', *, *, #2484, .F. ) ;
#3269 = CARTESIAN_POINT ( 'NONE',  ( -60.20053056545826564, 67.42165079097325986, 16.50659709052888502 ) ) ;
#3270 = CARTESIAN_POINT ( 'NONE',  ( 47.64494257534978772, 71.83450294539620984, -32.84534775924834094 ) ) ;
#3271 = FACE_OUTER_BOUND ( 'NONE', #674, .T. ) ;
#3272 = CARTESIAN_POINT ( 'NONE',  ( -48.92745487081133149, 55.96612926941605082, -56.74483772127886994 ) ) ;
#3273 = CARTESIAN_POINT ( 'NONE',  ( -44.32382597378757083, 67.35917425946304604, -44.06619084867701730 ) ) ;
#3274 = CARTESIAN_POINT ( 'NONE',  ( 60.25896109168537862, 69.04857540238330671, -2.777798611705725840 ) ) ;
#3275 = VECTOR ( 'NONE', #1839, 1000.000000000000114 ) ;
#3276 = CARTESIAN_POINT ( 'NONE',  ( 65.00000000000000000, 71.49174360388099103, 1.508067620453896751 ) ) ;
#3277 = VECTOR ( 'NONE', #413, 1000.000000000000000 ) ;
#3278 = DIRECTION ( 'NONE',  ( -0.8660254037844370423, 0.000000000000000000, -0.5000000000000029976 ) ) ;
#3279 = DIRECTION ( 'NONE',  ( 0.4999999999999919509, -0.000000000000000000, 0.8660254037844432595 ) ) ;
#3280 = CARTESIAN_POINT ( 'NONE',  ( -44.62435565298201823, 0.000000000000000000, -49.29165124598860359 ) ) ;
#3281 = DIRECTION ( 'NONE',  ( -0.000000000000000000, 1.000000000000000000, -0.000000000000000000 ) ) ;
#3282 = CARTESIAN_POINT ( 'NONE',  ( -38.77614347562283115, 51.39666814981665510, -71.91190081712011306 ) ) ;
#3283 = CARTESIAN_POINT ( 'NONE',  ( 80.99999999999998579, 53.49999999999999289, 2.500000000000002220 ) ) ;
#3284 = AXIS2_PLACEMENT_3D ( 'NONE', #1998, #4674, #8167 ) ;
#3285 = VERTEX_POINT ( 'NONE', #1209 ) ;
#3286 = CARTESIAN_POINT ( 'NONE',  ( 66.69999999999997442, 60.11331709634244902, -133.4000000000001194 ) ) ;
#3287 = ORIENTED_EDGE ( 'NONE', *, *, #3744, .T. ) ;
#3288 = LINE ( 'NONE', #1268, #5941 ) ;
#3289 = CARTESIAN_POINT ( 'NONE',  ( -81.65443346417340820, 51.90724668105319495, 2.730591230577573025 ) ) ;
#3290 = CARTESIAN_POINT ( 'NONE',  ( 47.53186774813546833, 70.26038143561271454, -34.08438824334961481 ) ) ;
#3291 = CARTESIAN_POINT ( 'NONE',  ( 53.26071178722144595, 70.61829152200940030, -22.80206823597352539 ) ) ;
#3292 = CARTESIAN_POINT ( 'NONE',  ( 43.81650759811233797, 67.16491873033089632, 46.47097631146854724 ) ) ;
#3293 = VERTEX_POINT ( 'NONE', #2637 ) ;
#3294 = EDGE_CURVE ( 'NONE', #2767, #8438, #276, .T. ) ;
#3295 = CARTESIAN_POINT ( 'NONE',  ( -23.76509561665439207, 47.27665030204772023, 71.16893958456941505 ) ) ;
#3296 = EDGE_CURVE ( 'NONE', #4404, #5719, #897, .T. ) ;
#3297 = VERTEX_POINT ( 'NONE', #5636 ) ;
#3298 = AXIS2_PLACEMENT_3D ( 'NONE', #8880, #4789, #4740 ) ;
#3299 = CARTESIAN_POINT ( 'NONE',  ( 73.41525526195800921, 45.87307673031754263, 14.00000000000000888 ) ) ;
#3300 = DIRECTION ( 'NONE',  ( -0.000000000000000000, 1.000000000000000000, -0.000000000000000000 ) ) ;
#3301 = ORIENTED_EDGE ( 'NONE', *, *, #6031, .T. ) ;
#3302 = CARTESIAN_POINT ( 'NONE',  ( -39.16833154869828348, 50.96649876249805544, 71.69909982602979426 ) ) ;
#3303 = FACE_OUTER_BOUND ( 'NONE', #6845, .T. ) ;
#3304 = EDGE_CURVE ( 'NONE', #3207, #8872, #849, .T. ) ;
#3305 = CARTESIAN_POINT ( 'NONE',  ( -60.21959683211336767, 67.94542186841674436, 13.97894245338147634 ) ) ;
#3306 = VERTEX_POINT ( 'NONE', #8494 ) ;
#3307 = ORIENTED_EDGE ( 'NONE', *, *, #5575, .F. ) ;
#3308 = DIRECTION ( 'NONE',  ( -6.938893903907120895E-16, 1.000000000000000000, -1.201851678989734522E-15 ) ) ;
#3309 = CARTESIAN_POINT ( 'NONE',  ( -75.43003819877689864, 50.33153266396304559, -13.99999999999999289 ) ) ;
#3310 = CARTESIAN_POINT ( 'NONE',  ( 18.93481032074971893, 66.45418853072655452, -60.79605350715646495 ) ) ;
#3311 = CARTESIAN_POINT ( 'NONE',  ( 44.39539769316164097, 67.42165079097325986, -43.88189024572380958 ) ) ;
#3312 = EDGE_CURVE ( 'NONE', #2794, #8201, #2900, .T. ) ;
#3313 = CARTESIAN_POINT ( 'NONE',  ( -73.51665744896405386, 47.27665030204769181, 15.00329326489664439 ) ) ;
#3314 =( LENGTH_UNIT ( ) NAMED_UNIT ( * ) SI_UNIT ( .MILLI., .METRE. ) );
#3315 = CARTESIAN_POINT ( 'NONE',  ( -25.74486126328162428, 48.24151529171869868, -72.59140774181607014 ) ) ;
#3316 = CARTESIAN_POINT ( 'NONE',  ( 1.000536434903387707E-14, 0.000000000000000000, 81.70000000000000284 ) ) ;
#3317 = CARTESIAN_POINT ( 'NONE',  ( 60.25896109168538572, 69.04857540238329250, -2.364491987692073359E-14 ) ) ;
#3318 = CARTESIAN_POINT ( 'NONE',  ( 24.39819146585415055, 46.80642417838966907, -71.40022063377783468 ) ) ;
#3319 = DIRECTION ( 'NONE',  ( 0.8660254037844322683, 0.000000000000000000, 0.5000000000000111022 ) ) ;
#3320 = AXIS2_PLACEMENT_3D ( 'NONE', #2202, #4974, #6391 ) ;
#3321 = CARTESIAN_POINT ( 'NONE',  ( -64.51890007846159847, 69.38428490166309359, -8.914523470575737463 ) ) ;
#3322 = ORIENTED_EDGE ( 'NONE', *, *, #1200, .F. ) ;
#3323 = AXIS2_PLACEMENT_3D ( 'NONE', #1454, #6189, #4811 ) ;
#3324 = CONICAL_SURFACE ( 'NONE', #2605, 2.499999999999999112, 1.029744258676653867 ) ;
#3325 = CARTESIAN_POINT ( 'NONE',  ( 37.50495531079137379, 71.31128151840130158, -53.40203895002105838 ) ) ;
#3326 = CARTESIAN_POINT ( 'NONE',  ( 0.000000000000000000, 48.61675045524525984, 0.000000000000000000 ) ) ;
#3327 = ORIENTED_EDGE ( 'NONE', *, *, #2984, .T. ) ;
#3328 = CARTESIAN_POINT ( 'NONE',  ( 64.99999999999998579, 80.99999999999998579, 14.00000000000000000 ) ) ;
#3329 = VERTEX_POINT ( 'NONE', #7038 ) ;
#3330 = CARTESIAN_POINT ( 'NONE',  ( 26.43400254148724571, 68.65347261867843542, 58.03147728863780230 ) ) ;
#3331 = CARTESIAN_POINT ( 'NONE',  ( -81.67749530909267719, 50.96354612254938843, -1.925177222280715972 ) ) ;
#3332 = CARTESIAN_POINT ( 'NONE',  ( 38.48896951111494502, 73.73370859927965171, -35.74771710718186313 ) ) ;
#3333 = AXIS2_PLACEMENT_3D ( 'NONE', #4245, #7886, #1666 ) ;
#3334 = VECTOR ( 'NONE', #5791, 1000.000000000000000 ) ;
#3335 = DIRECTION ( 'NONE',  ( 0.4999999999999919509, -0.000000000000000000, 0.8660254037844432595 ) ) ;
#3336 = ORIENTED_EDGE ( 'NONE', *, *, #3205, .T. ) ;
#3337 = AXIS2_PLACEMENT_3D ( 'NONE', #6449, #4435, #203 ) ;
#3338 = CARTESIAN_POINT ( 'NONE',  ( 22.13465309806478487, 49.58324814417439796, 71.03862126191957316 ) ) ;
#3339 = AXIS2_PLACEMENT_3D ( 'NONE', #6709, #3335, #504 ) ;
#3340 = CIRCLE ( 'NONE', #8408, 2.500000000000002220 ) ;
#3341 = CARTESIAN_POINT ( 'NONE',  ( -25.46817330618861419, 68.49858830506833840, -58.42724560593236305 ) ) ;
#3342 = EDGE_LOOP ( 'NONE', ( #213, #3385, #1017 ) ) ;
#3343 = CARTESIAN_POINT ( 'NONE',  ( -25.47544457034633680, 51.39785929380889939, -72.12476434124489799 ) ) ;
#3344 = FACE_OUTER_BOUND ( 'NONE', #52, .T. ) ;
#3345 = ORIENTED_EDGE ( 'NONE', *, *, #6200, .F. ) ;
#3346 = CARTESIAN_POINT ( 'NONE',  ( 23.87564434701720728, 60.99999999999999289, 69.35382907247979745 ) ) ;
#3347 = DIRECTION ( 'NONE',  ( 0.8660254037844397068, 0.000000000000000000, -0.4999999999999979461 ) ) ;
#3348 = DIRECTION ( 'NONE',  ( -0.000000000000000000, 1.000000000000000000, -0.000000000000000000 ) ) ;
#3349 = FACE_OUTER_BOUND ( 'NONE', #5119, .T. ) ;
#3350 = CARTESIAN_POINT ( 'NONE',  ( -60.25896109168538572, 69.04857540238329250, 7.379594382087738996E-15 ) ) ;
#3351 = CARTESIAN_POINT ( 'NONE',  ( -18.86894624439359447, 67.29654735507109820, -61.48323883554839142 ) ) ;
#3352 = ORIENTED_EDGE ( 'NONE', *, *, #2539, .T. ) ;
#3353 = ORIENTED_EDGE ( 'NONE', *, *, #2430, .T. ) ;
#3354 = CARTESIAN_POINT ( 'NONE',  ( -61.64569282660117722, 67.10144975086282670, 15.06398317040940604 ) ) ;
#3355 = CARTESIAN_POINT ( 'NONE',  ( -64.87165062603835963, 67.41458402617206502, -14.00000000000000178 ) ) ;
#3356 = CARTESIAN_POINT ( 'NONE',  ( 23.08300159321308342, 61.51576396133796720, -67.98093155063767767 ) ) ;
#3357 = CARTESIAN_POINT ( 'NONE',  ( 75.73730886387728845, 48.19213390078297721, 14.00000000000000711 ) ) ;
#3358 = DIRECTION ( 'NONE',  ( 8.949944318576885364E-17, 1.000000000000000000, 0.000000000000000000 ) ) ;
#3359 = EDGE_CURVE ( 'NONE', #8297, #8110, #3626, .T. ) ;
#3360 = SHAPE_DEFINITION_REPRESENTATION ( #1906, #1500 ) ;
#3361 = CARTESIAN_POINT ( 'NONE',  ( -24.32311778411073533, 70.26377626125636766, 60.92021764945474160 ) ) ;
#3362 = CARTESIAN_POINT ( 'NONE',  ( -44.62435565298202533, 70.12954027454739503, -49.29165124598861070 ) ) ;
#3363 = DIRECTION ( 'NONE',  ( 0.000000000000000000, 0.000000000000000000, -1.000000000000000000 ) ) ;
#3364 = CARTESIAN_POINT ( 'NONE',  ( 40.72500497139224507, 70.78531979700605348, 51.54294241166924451 ) ) ;
#3365 = FACE_OUTER_BOUND ( 'NONE', #4559, .T. ) ;
#3366 = LINE ( 'NONE', #6011, #5363 ) ;
#3367 =( BOUNDED_SURFACE ( )  B_SPLINE_SURFACE ( 3, 2, ( 
 ( #7397, #1172, #3955 ),
 ( #5361, #1903, #3146 ),
 ( #5233, #2680, #4707 ),
 ( #5495, #615, #3498 ),
 ( #4801, #6811, #6859 ),
 ( #4846, #8301, #6898 ),
 ( #8205, #659, #6280 ),
 ( #8843, #1348, #6768 ),
 ( #574, #527, #2084 ),
 ( #3447, #3401, #1940 ),
 ( #6181, #7480, #705 ),
 ( #3356, #7611, #1396 ),
 ( #6224, #8933, #8253 ),
 ( #2039, #7569, #2722 ),
 ( #4122, #1990, #6941 ),
 ( #6136, #7523, #8160 ),
 ( #23, #8348, #8979 ),
 ( #4171, #3310, #2771 ),
 ( #8889, #6087, #2816 ),
 ( #5589, #5447, #5544 ) ),
 .UNSPECIFIED., .F., .F., .F. ) 
 B_SPLINE_SURFACE_WITH_KNOTS ( ( 4, 2, 2, 2, 2, 2, 2, 2, 2, 4 ),
 ( 3, 3 ),
 ( 0.01252048609959066465, 0.01610381331546698047, 0.01789547692340513751, 0.01968714053134329456, 0.02327046774721960865, 0.02685379496309592620, 0.03402044939484855784, 0.03581211300278671489, 0.03760377661072487193, 0.04118710382660118602 ),
 ( 0.000000000000000000, 1.000000000000000000 ),
 .UNSPECIFIED. ) 
 GEOMETRIC_REPRESENTATION_ITEM ( )  RATIONAL_B_SPLINE_SURFACE ( (
 ( 1.000000000000000000, 0.7806367264523400573, 1.000000000000000000),
 ( 1.000000000000000000, 0.7806525983856277273, 1.000000000000000000),
 ( 1.000000000000000000, 0.7804736193024847113, 1.000000000000000000),
 ( 1.000000000000000000, 0.7799347764556572304, 1.000000000000000000),
 ( 1.000000000000000000, 0.7797094506916886214, 1.000000000000000000),
 ( 1.000000000000000000, 0.7791796795199965597, 1.000000000000000000),
 ( 1.000000000000000000, 0.7788772256530982485, 1.000000000000000000),
 ( 1.000000000000000000, 0.7778777612635856542, 1.000000000000000000),
 ( 1.000000000000000000, 0.7770891790814793421, 1.000000000000000000),
 ( 1.000000000000000000, 0.7753695393468431618, 1.000000000000000000),
 ( 1.000000000000000000, 0.7744333973503891855, 1.000000000000000000),
 ( 1.000000000000000000, 0.7716017430447529302, 1.000000000000000000),
 ( 1.000000000000000000, 0.7696820186656998519, 1.000000000000000000),
 ( 1.000000000000000000, 0.7674401967828171633, 1.000000000000000000),
 ( 1.000000000000000000, 0.7669988342227793687, 1.000000000000000000),
 ( 1.000000000000000000, 0.7661320856122897371, 1.000000000000000000),
 ( 1.000000000000000000, 0.7657059992061477915, 1.000000000000000000),
 ( 1.000000000000000000, 0.7644628963681590061, 1.000000000000000000),
 ( 1.000000000000000000, 0.7636784586040686884, 1.000000000000000000),
 ( 1.000000000000000000, 0.7629366208023375950, 1.000000000000000000) ) ) 
 REPRESENTATION_ITEM ( '' )  SURFACE ( )  );
#3368 = EDGE_CURVE ( 'NONE', #6062, #4691, #2180, .T. ) ;
#3369 = CARTESIAN_POINT ( 'NONE',  ( 48.44399039726989287, 57.89736674009618866, 55.90745268945158841 ) ) ;
#3370 = CARTESIAN_POINT ( 'NONE',  ( 19.03589492747912004, 67.36036662748426807, -61.59404296909021781 ) ) ;
#3371 = CARTESIAN_POINT ( 'NONE',  ( 81.64041421488775541, 53.08605068556710194, -3.119989952129310851 ) ) ;
#3372 = ORIENTED_EDGE ( 'NONE', *, *, #6746, .T. ) ;
#3373 = DIRECTION ( 'NONE',  ( 1.000000000000000000, -0.000000000000000000, 0.000000000000000000 ) ) ;
#3374 = ORIENTED_EDGE ( 'NONE', *, *, #455, .F. ) ;
#3375 = CARTESIAN_POINT ( 'NONE',  ( 27.24574865600164131, 69.02699666791919242, 58.10579450654714151 ) ) ;
#3376 = CARTESIAN_POINT ( 'NONE',  ( 25.47519933554476168, 51.39998651261343099, -72.12433958210777973 ) ) ;
#3377 = DIRECTION ( 'NONE',  ( -0.000000000000000000, -1.000000000000000000, -0.000000000000000000 ) ) ;
#3378 = CARTESIAN_POINT ( 'NONE',  ( -40.99999999999982947, 53.49999999999999289, -71.01408311032406573 ) ) ;
#3379 = CARTESIAN_POINT ( 'NONE',  ( 25.78416270433078950, 45.85812873523628497, 72.65947983452485914 ) ) ;
#3380 = ORIENTED_EDGE ( 'NONE', *, *, #7792, .F. ) ;
#3381 = LINE ( 'NONE', #4826, #6345 ) ;
#3382 = CARTESIAN_POINT ( 'NONE',  ( 0.000000000000000000, 3.000000000000000000, 0.000000000000000000 ) ) ;
#3383 = ORIENTED_EDGE ( 'NONE', *, *, #8809, .F. ) ;
#3384 = CARTESIAN_POINT ( 'NONE',  ( 64.99999999999997158, 65.48387241165291073, 5.390923584074073460 ) ) ;
#3385 = ORIENTED_EDGE ( 'NONE', *, *, #7672, .T. ) ;
#3386 = CARTESIAN_POINT ( 'NONE',  ( -44.14906683162993062, 68.11553659766627788, 48.46842685913546944 ) ) ;
#3387 = CARTESIAN_POINT ( 'NONE',  ( -64.99999999999998579, 71.37356801941000128, 4.528068177520425230 ) ) ;
#3388 = CARTESIAN_POINT ( 'NONE',  ( 41.78572573259913980, 82.99999999999998579, -24.12500000000006040 ) ) ;
#3389 = VERTEX_POINT ( 'NONE', #3725 ) ;
#3390 = CARTESIAN_POINT ( 'NONE',  ( -38.37768746703539335, 52.09158100159680771, 72.12523265507905990 ) ) ;
#3391 = CARTESIAN_POINT ( 'NONE',  ( 12.12435565298211060, 80.99999999999998579, 7.000000000000057732 ) ) ;
#3392 = DIRECTION ( 'NONE',  ( -0.4999999999999979461, 1.387778780781446267E-15, -0.8660254037844397068 ) ) ;
#3393 = CARTESIAN_POINT ( 'NONE',  ( 64.74670512583900006, 70.14790019138084176, 4.643900085669684152 ) ) ;
#3394 = CARTESIAN_POINT ( 'NONE',  ( -64.99999999999994316, 63.85723507571439228, 15.94989483518010864 ) ) ;
#3395 = LINE ( 'NONE', #4462, #6757 ) ;
#3396 = ORIENTED_EDGE ( 'NONE', *, *, #8739, .F. ) ;
#3397 = ORIENTED_EDGE ( 'NONE', *, *, #3469, .F. ) ;
#3398 = CARTESIAN_POINT ( 'NONE',  ( 44.32471371813042538, 67.36105576203948431, -44.06869553903209180 ) ) ;
#3399 = CARTESIAN_POINT ( 'NONE',  ( -65.67106472786959159, 66.68505529899967144, -14.00000000000001066 ) ) ;
#3400 = B_SPLINE_CURVE_WITH_KNOTS ( 'NONE', 3,
 ( #8196, #2669, #6075, #607 ),
 .UNSPECIFIED., .F., .F.,
 ( 4, 4 ),
 ( 0.003934532143711285193, 0.004345251362166939295 ),
 .UNSPECIFIED. ) ;
#3401 = CARTESIAN_POINT ( 'NONE',  ( 23.25721585011693548, 56.26540278043612631, -68.28267949490491162 ) ) ;
#3402 = CARTESIAN_POINT ( 'NONE',  ( 74.60606655204929893, 53.47034647065110846, 14.00000000000000888 ) ) ;
#3403 = CARTESIAN_POINT ( 'NONE',  ( -73.04231581609171542, 47.93259350557797660, 15.64873215280291063 ) ) ;
#3404 = EDGE_CURVE ( 'NONE', #7655, #6016, #1358, .T. ) ;
#3405 = CARTESIAN_POINT ( 'NONE',  ( -42.89010644906385039, 55.60268737002020600, -69.53668137389985304 ) ) ;
#3406 = ADVANCED_FACE ( 'NONE', ( #4358 ), #4306, .F. ) ;
#3407 = CARTESIAN_POINT ( 'NONE',  ( -50.24045474099057884, 45.99999999999999289, -59.01902020676071459 ) ) ;
#3408 = ADVANCED_FACE ( 'NONE', ( #6672 ), #3096, .F. ) ;
#3409 = CARTESIAN_POINT ( 'NONE',  ( 38.92499887400346381, 68.74074753328159204, 51.25812561023465008 ) ) ;
#3410 = DIRECTION ( 'NONE',  ( 0.5000000000000101030, 0.000000000000000000, -0.8660254037844328234 ) ) ;
#3411 = B_SPLINE_CURVE_WITH_KNOTS ( 'NONE', 3,
 ( #7408, #1865, #1128, #2557, #5288, #1051, #6774, #3836, #6610, #3239, #8082, #4632, #1178, #8644, #2431, #360 ),
 .UNSPECIFIED., .F., .F.,
 ( 4, 2, 2, 2, 2, 2, 2, 4 ),
 ( -1.074445212798337040E-05, 0.0006067862582658696286, 0.001224316968659722778, 0.002459378389447442956, 0.003076909099841301527, 0.003694439810235159664, 0.004311970520629018234, 0.004929501231022877239 ),
 .UNSPECIFIED. ) ;
#3412 = CARTESIAN_POINT ( 'NONE',  ( -64.52073735817978672, 69.69405292433600607, -4.842773587175160266 ) ) ;
#3413 = ORIENTED_EDGE ( 'NONE', *, *, #3831, .T. ) ;
#3414 = CARTESIAN_POINT ( 'NONE',  ( 72.00000000000000000, 71.00000000000000000, 9.500000000000001776 ) ) ;
#3415 = FACE_BOUND ( 'NONE', #3050, .T. ) ;
#3416 = CARTESIAN_POINT ( 'NONE',  ( 45.54429556560729964, 65.53555765175977399, 50.88503391456699632 ) ) ;
#3417 = EDGE_LOOP ( 'NONE', ( #3780, #7581 ) ) ;
#3418 = CARTESIAN_POINT ( 'NONE',  ( 64.52041941823185311, 69.38643680411233561, -8.916341831473728163 ) ) ;
#3419 = VECTOR ( 'NONE', #3980, 1000.000000000000114 ) ;
#3420 = VERTEX_POINT ( 'NONE', #7384 ) ;
#3421 = DIRECTION ( 'NONE',  ( 0.8660254037844431485, 0.000000000000000000, -0.4999999999999922839 ) ) ;
#3422 = DIRECTION ( 'NONE',  ( -0.4999999999999980016, -0.000000000000000000, -0.8660254037844398178 ) ) ;
#3423 = CARTESIAN_POINT ( 'NONE',  ( 45.39212265210770880, 70.94332970195121391, -35.18433772790064040 ) ) ;
#3424 = EDGE_CURVE ( 'NONE', #6447, #2574, #3760, .T. ) ;
#3425 = CARTESIAN_POINT ( 'NONE',  ( 33.62438699408483700, 80.04954286894410131, -14.01059413951520938 ) ) ;
#3426 = CARTESIAN_POINT ( 'NONE',  ( 25.33833460650783209, 52.38165315073361228, 71.88728291765369249 ) ) ;
#3427 = ORIENTED_EDGE ( 'NONE', *, *, #7749, .F. ) ;
#3428 = CONICAL_SURFACE ( 'NONE', #1695, 3.500000000000003997, 0.7853981633974482790 ) ;
#3429 = CARTESIAN_POINT ( 'NONE',  ( -28.59892440339618602, 71.12373005538609050, 58.53479010850457342 ) ) ;
#3430 = CARTESIAN_POINT ( 'NONE',  ( 40.99999999999933209, 53.49999999999999289, 71.01408311032433573 ) ) ;
#3431 = ORIENTED_EDGE ( 'NONE', *, *, #8192, .F. ) ;
#3432 = CARTESIAN_POINT ( 'NONE',  ( -28.57999681585134510, 70.82246614917514194, -58.50200656521184328 ) ) ;
#3433 = VERTEX_POINT ( 'NONE', #692 ) ;
#3434 = FACE_OUTER_BOUND ( 'NONE', #6042, .T. ) ;
#3435 = CARTESIAN_POINT ( 'NONE',  ( -50.17103798398982661, 46.00000000000000000, 58.89878685673661352 ) ) ;
#3436 = EDGE_LOOP ( 'NONE', ( #5026, #2322, #1833, #642, #6177, #8235, #3984, #8708, #1621 ) ) ;
#3437 = DIRECTION ( 'NONE',  ( 0.8660254037844432595, 0.000000000000000000, -0.4999999999999919509 ) ) ;
#3438 = LINE ( 'NONE', #6984, #8123 ) ;
#3439 = DIRECTION ( 'NONE',  ( 0.000000000000000000, 0.000000000000000000, 1.000000000000000000 ) ) ;
#3440 = FACE_OUTER_BOUND ( 'NONE', #6244, .T. ) ;
#3441 = DIRECTION ( 'NONE',  ( 0.8660254037844326014, 0.000000000000000000, 0.5000000000000104361 ) ) ;
#3442 = CARTESIAN_POINT ( 'NONE',  ( -25.32052851807249283, 68.91564237809740234, 54.95682362779465535 ) ) ;
#3443 = VERTEX_POINT ( 'NONE', #1237 ) ;
#3444 = ORIENTED_EDGE ( 'NONE', *, *, #6321, .F. ) ;
#3445 = DIRECTION ( 'NONE',  ( -0.4999999999999980016, -0.000000000000000000, -0.8660254037844398178 ) ) ;
#3446 = CARTESIAN_POINT ( 'NONE',  ( 0.000000000000000000, 9.500000000000000000, 0.000000000000000000 ) ) ;
#3447 = CARTESIAN_POINT ( 'NONE',  ( 24.34059815825734674, 57.39959067741812504, -70.15915269671847909 ) ) ;
#3448 = CARTESIAN_POINT ( 'NONE',  ( 61.64569282660116301, 67.10144975086284092, -15.06398317040939361 ) ) ;
#3449 = CARTESIAN_POINT ( 'NONE',  ( 31.28572573259913270, 82.99999999999998579, -24.12500000000006040 ) ) ;
#3450 = DIRECTION ( 'NONE',  ( -1.000000000000000000, -0.000000000000000000, -0.000000000000000000 ) ) ;
#3451 = LINE ( 'NONE', #7531, #4648 ) ;
#3452 = CARTESIAN_POINT ( 'NONE',  ( 39.40871577087165889, 68.97042246349046479, 51.32294789757540343 ) ) ;
#3453 = CARTESIAN_POINT ( 'NONE',  ( -63.89636224227650274, 67.97021128605155127, -13.99999999999999645 ) ) ;
#3454 = CARTESIAN_POINT ( 'NONE',  ( -63.65091891385691980, 68.78243406335059262, -5.834953381371865255 ) ) ;
#3455 = EDGE_CURVE ( 'NONE', #6338, #2004, #1912, .T. ) ;
#3456 = DIRECTION ( 'NONE',  ( -0.8660254037844397068, 0.000000000000000000, 0.4999999999999979461 ) ) ;
#3457 = CARTESIAN_POINT ( 'NONE',  ( 42.74089066123558212, 67.16783077010052239, 46.02939418603310173 ) ) ;
#3458 = VERTEX_POINT ( 'NONE', #8102 ) ;
#3459 = ORIENTED_EDGE ( 'NONE', *, *, #1411, .F. ) ;
#3460 = ADVANCED_FACE ( 'NONE', ( #1284 ), #8964, .F. ) ;
#3461 = CARTESIAN_POINT ( 'NONE',  ( -18.68648073971847268, 63.85709599279898896, -64.26689030936805125 ) ) ;
#3462 = ORIENTED_EDGE ( 'NONE', *, *, #5275, .F. ) ;
#3463 = CARTESIAN_POINT ( 'NONE',  ( 44.62435565298236639, 70.33830226810675867, -49.29165124598830516 ) ) ;
#3464 = CARTESIAN_POINT ( 'NONE',  ( 52.14811980828988425, 71.57566571543108580, -25.85529254435874691 ) ) ;
#3465 = FACE_OUTER_BOUND ( 'NONE', #4732, .T. ) ;
#3466 = CARTESIAN_POINT ( 'NONE',  ( 34.11746868527824006, 79.58122426011379957, -16.94080820700549594 ) ) ;
#3467 = CARTESIAN_POINT ( 'NONE',  ( 27.83132322634076772, 65.48387241164272154, 58.98711303801686512 ) ) ;
#3468 = ADVANCED_FACE ( 'NONE', ( #3344 ), #855, .F. ) ;
#3469 = EDGE_CURVE ( 'NONE', #7392, #7142, #2754, .T. ) ;
#3471 = ORIENTED_EDGE ( 'NONE', *, *, #3170, .T. ) ;
#3470 = VECTOR ( 'NONE', #3993, 1000.000000000000000 ) ;
#3472 = AXIS2_PLACEMENT_3D ( 'NONE', #3594, #3690, #856 ) ;
#3473 = AXIS2_PLACEMENT_3D ( 'NONE', #8667, #2415, #2507 ) ;
#3474 = CARTESIAN_POINT ( 'NONE',  ( 24.27275866404810500, 71.00000000000000000, -61.04165124598839753 ) ) ;
#3475 = CARTESIAN_POINT ( 'NONE',  ( -47.83722081298166984, 60.80372878173843532, -49.97913709421498396 ) ) ;
#3476 = EDGE_CURVE ( 'NONE', #7432, #7015, #8919, .T. ) ;
#3477 = ORIENTED_EDGE ( 'NONE', *, *, #4742, .T. ) ;
#3478 = CARTESIAN_POINT ( 'NONE',  ( 65.00000000000000000, 70.76547318469322079, 11.53538603535475993 ) ) ;
#3479 = ORIENTED_EDGE ( 'NONE', *, *, #619, .F. ) ;
#3480 = CARTESIAN_POINT ( 'NONE',  ( 63.74364119781403559, 68.39397752115925755, 14.00000000000000178 ) ) ;
#3481 = CARTESIAN_POINT ( 'NONE',  ( -74.39065197850582933, 54.10447137732717238, 13.99999999999999467 ) ) ;
#3482 = VECTOR ( 'NONE', #525, 1000.000000000000000 ) ;
#3483 = CARTESIAN_POINT ( 'NONE',  ( -41.21070304621721903, 56.67862024909076268, 70.54508439450420099 ) ) ;
#3484 = VERTEX_POINT ( 'NONE', #1890 ) ;
#3485 = DIRECTION ( 'NONE',  ( -0.8660254037844358210, 0.000000000000000000, -0.5000000000000051070 ) ) ;
#3486 = CARTESIAN_POINT ( 'NONE',  ( -48.44520394270808339, 57.89293898239948533, 55.90955461180489294 ) ) ;
#3487 = CIRCLE ( 'NONE', #2483, 81.70000000000000284 ) ;
#3488 = AXIS2_PLACEMENT_3D ( 'NONE', #7053, #2932, #2245 ) ;
#3489 = CIRCLE ( 'NONE', #2921, 2.500000000000004441 ) ;
#3490 = CARTESIAN_POINT ( 'NONE',  ( 64.99999999999998579, 70.96746529199602094, 9.499788289590771484 ) ) ;
#3491 = EDGE_CURVE ( 'NONE', #5888, #7628, #8237, .T. ) ;
#3492 = CARTESIAN_POINT ( 'NONE',  ( 48.17954716722371700, 53.27527253399626517, -55.44942357923850551 ) ) ;
#3493 = CARTESIAN_POINT ( 'NONE',  ( -34.91996083055802558, 68.88246064476265929, 49.41320378576962469 ) ) ;
#3494 = ORIENTED_EDGE ( 'NONE', *, *, #1798, .T. ) ;
#3495 = ORIENTED_EDGE ( 'NONE', *, *, #2270, .F. ) ;
#3496 = CARTESIAN_POINT ( 'NONE',  ( -65.00000000000000000, 70.96746529199602094, 9.499788289590759049 ) ) ;
#3497 = CARTESIAN_POINT ( 'NONE',  ( -74.60606655204929893, 53.47034647065109425, -13.99999999999999112 ) ) ;
#3498 = CARTESIAN_POINT ( 'NONE',  ( 22.13259784580534273, 49.51133489086512895, -71.03520529326161181 ) ) ;
#3499 = CIRCLE ( 'NONE', #4505, 2.499999999999994227 ) ;
#3500 = CARTESIAN_POINT ( 'NONE',  ( 62.32614344338704626, 67.19864738945638294, -14.60095782778954820 ) ) ;
#3501 = CARTESIAN_POINT ( 'NONE',  ( 44.62435565298167717, 80.99999999999998579, 49.29165124598891623 ) ) ;
#3502 = LINE ( 'NONE', #6141, #1267 ) ;
#3503 = CARTESIAN_POINT ( 'NONE',  ( -60.25428923075821075, 68.91619438665178166, 5.542562663226460629 ) ) ;
#3504 = CARTESIAN_POINT ( 'NONE',  ( 36.46094564971559748, 69.70509232733360250, 53.44052230872326703 ) ) ;
#3505 = LINE ( 'NONE', #7724, #5043 ) ;
#3506 =( BOUNDED_CURVE ( )  B_SPLINE_CURVE ( 3, ( #5940, #8577, #7332, #3813 ),
 .UNSPECIFIED., .F., .F. ) 
 B_SPLINE_CURVE_WITH_KNOTS ( ( 4, 4 ),
 ( 3.773877097876503939, 4.441853286942891721 ),
 .UNSPECIFIED. ) 
 CURVE ( )  GEOMETRIC_REPRESENTATION_ITEM ( )  RATIONAL_B_SPLINE_CURVE ( ( 1.000000000000000000, 0.9631616729203271721, 0.9631616729203271721, 1.000000000000000000 ) ) 
 REPRESENTATION_ITEM ( '' )  );
#3507 = LINE ( 'NONE', #7669, #4045 ) ;
#3508 = ORIENTED_EDGE ( 'NONE', *, *, #8359, .F. ) ;
#3509 = LINE ( 'NONE', #6148, #83 ) ;
#3510 = CYLINDRICAL_SURFACE ( 'NONE', #563, 12.24999999999999289 ) ;
#3511 = CARTESIAN_POINT ( 'NONE',  ( 44.45202071417187994, 64.16889629971656461, 48.99315837604442692 ) ) ;
#3512 = VERTEX_POINT ( 'NONE', #7556 ) ;
#3513 = VERTEX_POINT ( 'NONE', #3983 ) ;
#3514 = CARTESIAN_POINT ( 'NONE',  ( 63.32193053203071287, 68.49963253946566510, -7.077741748973045866 ) ) ;
#3515 = B_SPLINE_CURVE_WITH_KNOTS ( 'NONE', 3,
 ( #1436, #7710, #2809, #2224, #699, #2853, #7757, #7800, #112, #1537, #8295, #5686, #1583, #6988, #4353, #2173 ),
 .UNSPECIFIED., .F., .F.,
 ( 4, 2, 2, 2, 2, 2, 2, 4 ),
 ( 0.000000000000000000, 0.002922268352081780832, 0.005844536704163561663, 0.008766805056245342495, 0.01168907340832712333, 0.01753361011249068499, 0.02045587846457247450, 0.02337814681665426053 ),
 .UNSPECIFIED. ) ;
#3516 = ORIENTED_EDGE ( 'NONE', *, *, #7232, .T. ) ;
#3517 = CARTESIAN_POINT ( 'NONE',  ( 44.22478495289240641, 68.25932009823505098, -48.59957449221663239 ) ) ;
#3518 = CARTESIAN_POINT ( 'NONE',  ( 47.95413729904764466, 71.73270156732993996, -32.62924228272149918 ) ) ;
#3519 = CARTESIAN_POINT ( 'NONE',  ( 74.03349571804352536, 46.80642804332597962, 14.57066014246644947 ) ) ;
#3520 = CARTESIAN_POINT ( 'NONE',  ( 38.03051166719733800, 78.99436348566933930, -11.83783334783531771 ) ) ;
#3521 = CARTESIAN_POINT ( 'NONE',  ( 16.19536830027222862, 66.83697915470824569, 61.05274856322039057 ) ) ;
#3522 = ORIENTED_EDGE ( 'NONE', *, *, #8303, .T. ) ;
#3523 = DIRECTION ( 'NONE',  ( 0.000000000000000000, 0.000000000000000000, -1.000000000000000000 ) ) ;
#3524 = CARTESIAN_POINT ( 'NONE',  ( 17.31940965859698878, 64.95410340582363062, 62.96134323615282113 ) ) ;
#3525 = ORIENTED_EDGE ( 'NONE', *, *, #320, .F. ) ;
#3526 = CARTESIAN_POINT ( 'NONE',  ( 60.25289740283895412, 68.87759478923359779, 5.616428445179309392 ) ) ;
#3527 = EDGE_LOOP ( 'NONE', ( #7554, #1556, #6490, #5277 ) ) ;
#3528 = CARTESIAN_POINT ( 'NONE',  ( 60.97091537674869244, 66.83697915471144313, 16.50077390991452120 ) ) ;
#3529 = ADVANCED_FACE ( 'NONE', ( #1930 ), #6755, .F. ) ;
#3530 = EDGE_CURVE ( 'NONE', #4831, #6791, #4947, .T. ) ;
#3531 = CARTESIAN_POINT ( 'NONE',  ( -73.09813573235257422, 49.60266825055310136, 13.99999999999374012 ) ) ;
#3532 = DIRECTION ( 'NONE',  ( 0.000000000000000000, 1.000000000000000000, 0.000000000000000000 ) ) ;
#3533 = EDGE_LOOP ( 'NONE', ( #8085, #3123, #314, #5122, #6982, #1926, #6484, #4989, #6772, #8373 ) ) ;
#3534 = CARTESIAN_POINT ( 'NONE',  ( 40.74049942873173080, 80.31033217613533282, -13.65581520637090662 ) ) ;
#3535 = LINE ( 'NONE', #6411, #3645 ) ;
#3536 = B_SPLINE_CURVE_WITH_KNOTS ( 'NONE', 3,
 ( #735, #3338, #6973, #2705, #8958, #7503, #1425, #7591, #1377, #4198, #4019, #6163, #3524, #8232, #1278, #599 ),
 .UNSPECIFIED., .F., .F.,
 ( 4, 2, 2, 2, 2, 2, 2, 4 ),
 ( 0.000000000000000000, 0.002922268352081779964, 0.005844536704163559929, 0.008766805056245340760, 0.01168907340832711986, 0.01753361011249069887, 0.02045587846457248143, 0.02337814681665426053 ),
 .UNSPECIFIED. ) ;
#3537 = CARTESIAN_POINT ( 'NONE',  ( -49.62233721925061758, 46.58990982170579542, -57.18430820427135330 ) ) ;
#3538 = CARTESIAN_POINT ( 'NONE',  ( 63.74764214713900401, 68.85705436393506318, 5.703781762079053408 ) ) ;
#3539 = CARTESIAN_POINT ( 'NONE',  ( 48.67342351915034726, 49.60266825054893758, -56.30484251349223257 ) ) ;
#3540 = CARTESIAN_POINT ( 'NONE',  ( -31.32147860223184210, 69.04875912864970644, 51.49759822623383343 ) ) ;
#3541 = ORIENTED_EDGE ( 'NONE', *, *, #3853, .F. ) ;
#3542 = ORIENTED_EDGE ( 'NONE', *, *, #6565, .T. ) ;
#3543 = CARTESIAN_POINT ( 'NONE',  ( 74.53166453491229504, 48.61675045524524563, -2.601489598939223778E-14 ) ) ;
#3544 = CARTESIAN_POINT ( 'NONE',  ( 43.45577369949552349, 52.68005203694229266, -69.18444382162913087 ) ) ;
#3545 = CARTESIAN_POINT ( 'NONE',  ( 43.45531875399158395, 54.32192897842402601, -69.18472962559361861 ) ) ;
#3546 = CARTESIAN_POINT ( 'NONE',  ( 62.15329982345265591, 67.16491873033095317, -14.71072052934544772 ) ) ;
#3547 = CARTESIAN_POINT ( 'NONE',  ( 41.40586241431476822, 67.98554366561558027, -18.22500000000005471 ) ) ;
#3548 = ADVANCED_FACE ( 'NONE', ( #4111 ), #3679, .F. ) ;
#3549 = DIRECTION ( 'NONE',  ( -0.4999999999999919509, 0.000000000000000000, -0.8660254037844432595 ) ) ;
#3550 = CARTESIAN_POINT ( 'NONE',  ( 35.42260625521949180, 77.93632389623604695, -32.50347101508229031 ) ) ;
#3551 = CARTESIAN_POINT ( 'NONE',  ( 16.19519211911057965, 66.83309344415617659, -61.05234784450071572 ) ) ;
#3552 = CARTESIAN_POINT ( 'NONE',  ( -65.00000000011884538, 64.46641794724095575, -13.39513530328063062 ) ) ;
#3553 = B_SPLINE_CURVE_WITH_KNOTS ( 'NONE', 3,
 ( #742, #6356, #1483, #3676, #8288, #8440, #6308, #4252, #4834, #5034, #693, #7750, #56, #5625, #1531, #3483, #7026, #6267, #2218, #12, #788, #8381, #3576, #5577, #4991, #8335, #2117, #2898, #4882, #4300, #7973, #8532 ),
 .UNSPECIFIED., .F., .F.,
 ( 4, 2, 2, 2, 2, 2, 2, 2, 2, 2, 2, 2, 2, 2, 2, 4 ),
 ( 0.002681300532069133286, 0.003302809779887460034, 0.003924319027705787215, 0.004545828275524113962, 0.005167337523342440710, 0.005788846771160767457, 0.006410356018979094204, 0.007031865266797420952, 0.007653374514615748567, 0.008274883762434074447, 0.008896393010252400327, 0.01013941150588904688, 0.01076092075370736929, 0.01138243000152569170, 0.01200393924934401758, 0.01262544849716233999 ),
 .UNSPECIFIED. ) ;
#3554 = CARTESIAN_POINT ( 'NONE',  ( -64.95422226576319247, 70.82246614917509930, -4.500000000000134115 ) ) ;
#3555 = CARTESIAN_POINT ( 'NONE',  ( -25.47519933554525196, 51.39998651261345231, 72.12433958210756657 ) ) ;
#3556 = CARTESIAN_POINT ( 'NONE',  ( -20.40464906928935207, 63.77279572263795160, 63.34188889862103622 ) ) ;
#3557 = CARTESIAN_POINT ( 'NONE',  ( -41.00000000000081712, 53.49999999999999289, 71.01408311032348308 ) ) ;
#3558 = ORIENTED_EDGE ( 'NONE', *, *, #582, .F. ) ;
#3559 = ORIENTED_EDGE ( 'NONE', *, *, #8606, .F. ) ;
#3560 = LINE ( 'NONE', #88, #7254 ) ;
#3561 = VERTEX_POINT ( 'NONE', #1574 ) ;
#3562 = DIRECTION ( 'NONE',  ( 0.4999999999999919509, -0.000000000000000000, 0.8660254037844432595 ) ) ;
#3563 = CARTESIAN_POINT ( 'NONE',  ( 32.25512496573965393, 80.26422878369909597, -28.54412471129831630 ) ) ;
#3564 = CARTESIAN_POINT ( 'NONE',  ( -36.75107577378518897, 53.49999999999999289, 63.65473047300793041 ) ) ;
#3565 = CARTESIAN_POINT ( 'NONE',  ( 38.20179324507724772, 78.70643552553595157, -14.23056283599254712 ) ) ;
#3566 = CARTESIAN_POINT ( 'NONE',  ( 39.03108891324582430, 71.00000000000000000, -60.60382907247940665 ) ) ;
#3567 = ORIENTED_EDGE ( 'NONE', *, *, #5368, .F. ) ;
#3568 = AXIS2_PLACEMENT_3D ( 'NONE', #358, #7277, #8155 ) ;
#3569 = CARTESIAN_POINT ( 'NONE',  ( -63.40759135322674211, 68.52109989633046894, 7.335023999178124754 ) ) ;
#3570 = ORIENTED_EDGE ( 'NONE', *, *, #5975, .F. ) ;
#3571 = CARTESIAN_POINT ( 'NONE',  ( -26.93420116996653846, 68.85705436393504897, -58.05896841182151036 ) ) ;
#3572 = VERTEX_POINT ( 'NONE', #2801 ) ;
#3573 = CARTESIAN_POINT ( 'NONE',  ( 71.24205642004258721, 54.09044109429753888, 16.37679888230363900 ) ) ;
#3574 = CARTESIAN_POINT ( 'NONE',  ( 63.18582752819850157, 64.95410340582364483, 16.48162287518124813 ) ) ;
#3575 = CARTESIAN_POINT ( 'NONE',  ( -64.74126540453494272, 63.45883282103292800, 16.46621447234988267 ) ) ;
#3576 = CARTESIAN_POINT ( 'NONE',  ( -39.15671053710381955, 56.04846489096600237, 71.70582337501228665 ) ) ;
#3577 = ORIENTED_EDGE ( 'NONE', *, *, #3265, .F. ) ;
#3578 = CARTESIAN_POINT ( 'NONE',  ( 18.25000000000000000, 96.99999999999998579, 2.234980408443919215E-15 ) ) ;
#3579 = CARTESIAN_POINT ( 'NONE',  ( -16.19519211911100598, 66.83309344415619080, 61.05234784450061625 ) ) ;
#3580 = CARTESIAN_POINT ( 'NONE',  ( -27.23997898074224011, 69.02349889316259635, 58.10475470223507699 ) ) ;
#3581 = ADVANCED_FACE ( 'NONE', ( #981 ), #7100, .F. ) ;
#3582 = CARTESIAN_POINT ( 'NONE',  ( 70.21699464145402203, 57.23846896689748576, -13.99999999997499422 ) ) ;
#3583 = CARTESIAN_POINT ( 'NONE',  ( 48.79618970459542737, 48.00576291640227566, -56.51747978411474094 ) ) ;
#3584 = DIRECTION ( 'NONE',  ( 0.8660254037844328234, 0.000000000000000000, 0.5000000000000101030 ) ) ;
#3586 = ORIENTED_EDGE ( 'NONE', *, *, #7847, .F. ) ;
#3585 = VECTOR ( 'NONE', #4428, 1000.000000000000000 ) ;
#3587 = ORIENTED_EDGE ( 'NONE', *, *, #1114, .T. ) ;
#3588 = CARTESIAN_POINT ( 'NONE',  ( -19.96340200533990483, 83.58148700043116719, 5.474034943972222536E-16 ) ) ;
#3589 = DIRECTION ( 'NONE',  ( -0.8660254037844399289, 0.000000000000000000, 0.4999999999999976685 ) ) ;
#3590 = CARTESIAN_POINT ( 'NONE',  ( 39.03185133267061957, 55.90231041028178538, -71.77343306816455026 ) ) ;
#3591 = CARTESIAN_POINT ( 'NONE',  ( -28.59499289030651781, 71.24814534648243125, -58.54620815195752215 ) ) ;
#3592 = CARTESIAN_POINT ( 'NONE',  ( 36.31776912899247378, 68.15163843991189196, -26.37339835611690830 ) ) ;
#3593 = EDGE_CURVE ( 'NONE', #6445, #5653, #2362, .T. ) ;
#3594 = CARTESIAN_POINT ( 'NONE',  ( -41.00000000000081712, 53.49999999999999289, 71.01408311032348308 ) ) ;
#3595 = ADVANCED_FACE ( 'NONE', ( #8018 ), #4565, .T. ) ;
#3596 = CARTESIAN_POINT ( 'NONE',  ( 34.82188194036405804, 76.19502170309232270, -32.04624409384516781 ) ) ;
#3597 = CARTESIAN_POINT ( 'NONE',  ( 39.46834495076548421, 56.26913154902000258, 71.53438828713207442 ) ) ;
#3598 = CARTESIAN_POINT ( 'NONE',  ( -64.99999999999998579, 71.45628046718184123, -2.877440614613567149 ) ) ;
#3599 = CARTESIAN_POINT ( 'NONE',  ( 22.50443804618047849, 48.33919397457047751, 71.10102439139332375 ) ) ;
#3600 = CARTESIAN_POINT ( 'NONE',  ( 50.15181939590377880, 48.06695786158532258, -55.29732783606839774 ) ) ;
#3601 = ORIENTED_EDGE ( 'NONE', *, *, #1863, .T. ) ;
#3602 = CARTESIAN_POINT ( 'NONE',  ( -40.52218322090259051, 70.09640354703701348, -51.51222116030035636 ) ) ;
#3603 = CARTESIAN_POINT ( 'NONE',  ( -19.09263111134342594, 61.45732291408896941, 65.96052081462336503 ) ) ;
#3604 = CARTESIAN_POINT ( 'NONE',  ( -20.37564434701770466, 0.000000000000000000, -63.29165124598855385 ) ) ;
#3605 = VERTEX_POINT ( 'NONE', #7204 ) ;
#3606 = CARTESIAN_POINT ( 'NONE',  ( -34.88087531824239562, 65.66873067395900421, -54.91705224006510377 ) ) ;
#3607 = ORIENTED_EDGE ( 'NONE', *, *, #619, .T. ) ;
#3608 = DIRECTION ( 'NONE',  ( 0.000000000000000000, -1.000000000000000000, 0.000000000000000000 ) ) ;
#3609 = CARTESIAN_POINT ( 'NONE',  ( -43.86864337179666506, 67.10144858561953640, 45.85470801749723790 ) ) ;
#3610 = CARTESIAN_POINT ( 'NONE',  ( -67.20181278930613189, 60.80372878173845663, 16.43867992338045880 ) ) ;
#3611 = CARTESIAN_POINT ( 'NONE',  ( 39.46210960779333021, 78.34135856804853404, -13.84197036414682991 ) ) ;
#3612 = CARTESIAN_POINT ( 'NONE',  ( 32.60938711984137228, 69.04744775500051901, 50.75397026528640509 ) ) ;
#3613 = VERTEX_POINT ( 'NONE', #337 ) ;
#3614 = CONICAL_SURFACE ( 'NONE', #4188, 3.500000000000003109, 0.7853981633974482790 ) ;
#3615 = CARTESIAN_POINT ( 'NONE',  ( 44.62435565298167717, 70.12954027454739503, 49.29165124598892334 ) ) ;
#3616 = CARTESIAN_POINT ( 'NONE',  ( 0.000000000000000000, 46.00000000000000000, 0.000000000000000000 ) ) ;
#3617 = ORIENTED_EDGE ( 'NONE', *, *, #2157, .F. ) ;
#3618 = CARTESIAN_POINT ( 'NONE',  ( -60.25305214761630168, 68.88195304293390109, -5.542621302865723187 ) ) ;
#3619 = VERTEX_POINT ( 'NONE', #1799 ) ;
#3620 = CARTESIAN_POINT ( 'NONE',  ( 52.97130124856601441, 71.26059993693638717, -20.81755509929488923 ) ) ;
#3621 = CARTESIAN_POINT ( 'NONE',  ( -43.53194872081328981, 69.15083099224780483, -47.39954693693193377 ) ) ;
#3622 = ORIENTED_EDGE ( 'NONE', *, *, #7041, .F. ) ;
#3623 = CARTESIAN_POINT ( 'NONE',  ( -72.10514368832154730, 51.58051168082837279, 16.36010227012985041 ) ) ;
#3624 = FACE_OUTER_BOUND ( 'NONE', #523, .T. ) ;
#3625 = ORIENTED_EDGE ( 'NONE', *, *, #933, .F. ) ;
#3626 = CIRCLE ( 'NONE', #8690, 12.24999999999999289 ) ;
#3627 = CARTESIAN_POINT ( 'NONE',  ( 35.66888853451814612, 81.90134473033278084, -15.58332771431504327 ) ) ;
#3628 = CIRCLE ( 'NONE', #8692, 2.499999999999999112 ) ;
#3629 = DIRECTION ( 'NONE',  ( -0.000000000000000000, -1.000000000000000000, -0.000000000000000000 ) ) ;
#3630 = B_SPLINE_CURVE_WITH_KNOTS ( 'NONE', 3,
 ( #6165, #6349, #8916, #2706, #3618, #6489, #3670, #2306 ),
 .UNSPECIFIED., .F., .F.,
 ( 4, 2, 2, 4 ),
 ( 6.938893903907227607E-18, 0.008294572359190137759, 0.01244185853878520404, 0.01658914471838027205 ),
 .UNSPECIFIED. ) ;
#3631 = CARTESIAN_POINT ( 'NONE',  ( 70.41471449238999014, 61.51576396133796720, -13.99999999999999467 ) ) ;
#3632 = CARTESIAN_POINT ( 'NONE',  ( 50.03658622506188181, 47.05105508795750779, -58.66590957910747761 ) ) ;
#3633 = CARTESIAN_POINT ( 'NONE',  ( 12.12435565298211060, 0.000000000000000000, 7.000000000000057732 ) ) ;
#3634 = ORIENTED_EDGE ( 'NONE', *, *, #8641, .F. ) ;
#3635 = ORIENTED_EDGE ( 'NONE', *, *, #7250, .F. ) ;
#3636 = FACE_OUTER_BOUND ( 'NONE', #2945, .T. ) ;
#3637 = B_SPLINE_CURVE_WITH_KNOTS ( 'NONE', 3,
 ( #7897, #1678, #935, #8534, #2316, #255, #7849, #1634, #4395, #3041, #3580, #7166, #4443, #6360, #985, #2408, #7708, #1488, #7030, #110, #840, #2643, #3190, #532, #5451, #4630, #8210, #6050, #5966, #580, #6730, #400, #8804, #1309, #3361, #6140, #8163, #487 ),
 .UNSPECIFIED., .F., .F.,
 ( 4, 2, 2, 2, 2, 2, 2, 2, 2, 2, 2, 2, 2, 2, 2, 2, 2, 2, 4 ),
 ( 0.0003740696040165257465, 0.0009122905825379743015, 0.001450511561059422694, 0.001988732539580871303, 0.002526953518102319912, 0.003065174496623768521, 0.003603395475145216697, 0.004141616453666664872, 0.004410726942927393514, 0.004679837432188123023, 0.004948947921448852531, 0.005218058410709580305, 0.005756279389231032384, 0.006294500367752483595, 0.006832721346273934807, 0.007370942324795386018, 0.007909163303316838964, 0.008447384281838289308, 0.008985605260359739652 ),
 .UNSPECIFIED. ) ;
#3638 = CARTESIAN_POINT ( 'NONE',  ( 42.05804149223232713, 56.37096638545175153, -70.04318182880604127 ) ) ;
#3639 = CARTESIAN_POINT ( 'NONE',  ( -64.99999999999998579, 70.33830226810667341, 14.00000000000000000 ) ) ;
#3640 = CARTESIAN_POINT ( 'NONE',  ( 41.05834903650119827, 65.00716671833568228, -29.99139529397528747 ) ) ;
#3641 = VECTOR ( 'NONE', #4779, 1000.000000000000114 ) ;
#3642 = AXIS2_PLACEMENT_3D ( 'NONE', #7696, #6884, #781 ) ;
#3643 = AXIS2_PLACEMENT_3D ( 'NONE', #8236, #4694, #8786 ) ;
#3644 = ADVANCED_FACE ( 'NONE', ( #5984 ), #2600, .F. ) ;
#3645 = VECTOR ( 'NONE', #3629, 1000.000000000000000 ) ;
#3646 = CARTESIAN_POINT ( 'NONE',  ( 64.99999999999998579, 70.33830226810667341, -14.00000000000000000 ) ) ;
#3647 = CARTESIAN_POINT ( 'NONE',  ( -23.72949968701526657, 54.28634147770452500, -69.10069909615150152 ) ) ;
#3648 = CARTESIAN_POINT ( 'NONE',  ( 33.65078669103598230, 76.09902934482043690, -33.54138496541627745 ) ) ;
#3649 = EDGE_CURVE ( 'NONE', #4253, #2004, #4526, .T. ) ;
#3650 = CARTESIAN_POINT ( 'NONE',  ( 50.35796847768126838, 50.54137333704081669, -54.51383548919436350 ) ) ;
#3651 = DIRECTION ( 'NONE',  ( 0.000000000000000000, -1.000000000000000000, 0.000000000000000000 ) ) ;
#3652 = VECTOR ( 'NONE', #3735, 1000.000000000000000 ) ;
#3653 = ORIENTED_EDGE ( 'NONE', *, *, #1803, .F. ) ;
#3654 = CARTESIAN_POINT ( 'NONE',  ( -36.37162611774580512, 70.64321809928574680, -53.95833452507653050 ) ) ;
#3655 = CARTESIAN_POINT ( 'NONE',  ( 38.83493649053822594, 53.49999999999999289, 72.26408311032430731 ) ) ;
#3656 = ORIENTED_EDGE ( 'NONE', *, *, #2678, .T. ) ;
#3657 = CARTESIAN_POINT ( 'NONE',  ( -47.39552215248243527, 69.72852694534908835, -47.69171752153276600 ) ) ;
#3658 = ORIENTED_EDGE ( 'NONE', *, *, #2709, .F. ) ;
#3659 = CARTESIAN_POINT ( 'NONE',  ( -75.73724549811923623, 48.19300188175394339, 14.00000000000003197 ) ) ;
#3660 = CARTESIAN_POINT ( 'NONE',  ( -21.76155449978503498, 52.40596060623926178, -70.42181178082290671 ) ) ;
#3661 = DIRECTION ( 'NONE',  ( 0.8660254037844431485, 0.000000000000000000, -0.4999999999999922839 ) ) ;
#3662 = DIRECTION ( 'NONE',  ( 0.000000000000000000, 0.000000000000000000, -1.000000000000000000 ) ) ;
#3663 = B_SPLINE_CURVE_WITH_KNOTS ( 'NONE', 3,
 ( #5429, #5520, #5569, #1473, #6301, #2841, #6256, #48, #7690, #4 ),
 .UNSPECIFIED., .F., .F.,
 ( 4, 2, 2, 2, 4 ),
 ( 0.000000000000000000, 0.0006174258119178758185, 0.001234851623835751637, 0.001852277435753627455, 0.002469703247671503274 ),
 .UNSPECIFIED. ) ;
#3664 = CARTESIAN_POINT ( 'NONE',  ( 17.49565047418109742, 64.62690840039797990, 63.25985731521883793 ) ) ;
#3665 = ADVANCED_FACE ( 'NONE', ( #1838 ), #8054, .F. ) ;
#3666 = VERTEX_POINT ( 'NONE', #5169 ) ;
#3667 = DIRECTION ( 'NONE',  ( 0.5000000000000039968, -0.000000000000000000, -0.8660254037844363761 ) ) ;
#3668 = CARTESIAN_POINT ( 'NONE',  ( 60.52487680312028573, 67.28334231014487443, 16.12485305893888565 ) ) ;
#3669 = VERTEX_POINT ( 'NONE', #8699 ) ;
#3670 = CARTESIAN_POINT ( 'NONE',  ( -60.25896109168540704, 69.04857540238333513, -1.386978663525960442 ) ) ;
#3671 = EDGE_LOOP ( 'NONE', ( #1235, #4314, #820, #2545 ) ) ;
#3672 = CARTESIAN_POINT ( 'NONE',  ( 65.54398523579270375, 66.79099053449102996, 14.00000000000000888 ) ) ;
#3673 = CARTESIAN_POINT ( 'NONE',  ( -46.58227042666599971, 63.37520769589385594, -52.68285911089900964 ) ) ;
#3674 = ORIENTED_EDGE ( 'NONE', *, *, #6372, .T. ) ;
#3675 = CARTESIAN_POINT ( 'NONE',  ( -72.48473196130795770, 50.03241630556267694, 16.35231945602947334 ) ) ;
#3676 = CARTESIAN_POINT ( 'NONE',  ( -43.45495213951478064, 54.32389245040631209, 69.18496005591741493 ) ) ;
#3677 = ORIENTED_EDGE ( 'NONE', *, *, #2447, .T. ) ;
#3678 = CARTESIAN_POINT ( 'NONE',  ( 32.78439793797528523, 82.32355810310636457, -18.70694515678014369 ) ) ;
#3679 =( BOUNDED_SURFACE ( )  B_SPLINE_SURFACE ( 3, 2, ( 
 ( #7645, #160, #5576 ),
 ( #8380, #8334, #887 ),
 ( #5724, #8439, #740 ),
 ( #2217, #3531, #8531 ),
 ( #2311, #2165, #3675 ),
 ( #7702, #5033, #4990 ),
 ( #4346, #835, #3623 ),
 ( #3481, #7748, #7025 ),
 ( #787, #4935, #104 ),
 ( #6307, #5077, #7163 ),
 ( #7841, #2847, #55 ),
 ( #1482, #2116, #5766 ),
 ( #2994, #4250, #1529 ),
 ( #6451, #4880, #3575 ),
 ( #4299, #2897, #205 ),
 ( #5623, #1430, #5676 ),
 ( #7070, #4206, #6407 ),
 ( #2949, #11, #6980 ),
 ( #8483, #2263, #7794 ),
 ( #1630, #4391, #6265 ) ),
 .UNSPECIFIED., .F., .F., .F. ) 
 B_SPLINE_SURFACE_WITH_KNOTS ( ( 4, 2, 2, 2, 2, 2, 2, 2, 2, 4 ),
 ( 3, 3 ),
 ( 0.01252048609959066812, 0.01610381331546698047, 0.01789547692340513751, 0.01968714053134329456, 0.02327046774721960865, 0.02685379496309591926, 0.03402044939484854397, 0.03581211300278670101, 0.03760377661072485805, 0.04118710382660117214 ),
 ( 0.000000000000000000, 1.000000000000000000 ),
 .UNSPECIFIED. ) 
 GEOMETRIC_REPRESENTATION_ITEM ( )  RATIONAL_B_SPLINE_SURFACE ( (
 ( 1.000000000000000000, 0.7806367264523382810, 1.000000000000000000),
 ( 1.000000000000000000, 0.7806525983853781492, 1.000000000000000000),
 ( 1.000000000000000000, 0.7804736193028187774, 1.000000000000000000),
 ( 1.000000000000000000, 0.7799347764554911411, 1.000000000000000000),
 ( 1.000000000000000000, 0.7797094506926287583, 1.000000000000000000),
 ( 1.000000000000000000, 0.7791796795190530922, 1.000000000000000000),
 ( 1.000000000000000000, 0.7788772256523637250, 1.000000000000000000),
 ( 1.000000000000000000, 0.7778777612650541462, 1.000000000000000000),
 ( 1.000000000000000000, 0.7770891790802773036, 1.000000000000000000),
 ( 1.000000000000000000, 0.7753695393480452003, 1.000000000000000000),
 ( 1.000000000000000000, 0.7744333973515240555, 1.000000000000000000),
 ( 1.000000000000000000, 0.7716017430424834123, 1.000000000000000000),
 ( 1.000000000000000000, 0.7696820186696912147, 1.000000000000000000),
 ( 1.000000000000000000, 0.7674401967818189618, 1.000000000000000000),
 ( 1.000000000000000000, 0.7669988342217438637, 1.000000000000000000),
 ( 1.000000000000000000, 0.7661320856133259083, 1.000000000000000000),
 ( 1.000000000000000000, 0.7657059992054128239, 1.000000000000000000),
 ( 1.000000000000000000, 0.7644628963696296076, 1.000000000000000000),
 ( 1.000000000000000000, 0.7636784586029654598, 1.000000000000000000),
 ( 1.000000000000000000, 0.7629366208023388163, 1.000000000000000000) ) ) 
 REPRESENTATION_ITEM ( '' )  SURFACE ( )  );
#3680 = CARTESIAN_POINT ( 'NONE',  ( -15.80513287229669217, 67.42165079097325986, -60.38848733625290777 ) ) ;
#3681 = CARTESIAN_POINT ( 'NONE',  ( 49.31968164223118123, 54.10447137734385592, -57.42419441746580588 ) ) ;
#3682 = CARTESIAN_POINT ( 'NONE',  ( 65.00000000000008527, 71.24814534648243125, 4.509113811937754512 ) ) ;
#3683 = EDGE_LOOP ( 'NONE', ( #7477, #4298 ) ) ;
#3684 = CARTESIAN_POINT ( 'NONE',  ( 51.59461799496922652, 79.00149741535467740, 103.1892359899383962 ) ) ;
#3685 = CARTESIAN_POINT ( 'NONE',  ( 47.83722081298132878, 60.80372878173844953, 49.97913709421529660 ) ) ;
#3686 = CARTESIAN_POINT ( 'NONE',  ( -73.41525526195800921, 45.87307673031754263, -14.00000000000001421 ) ) ;
#3687 = CARTESIAN_POINT ( 'NONE',  ( -18.33679222534060571, 67.16491873033092475, 61.18169684081343007 ) ) ;
#3688 = CARTESIAN_POINT ( 'NONE',  ( 39.03108891324496454, 71.00000000000000000, 60.60382907247993955 ) ) ;
#3689 = CARTESIAN_POINT ( 'NONE',  ( 28.35006489499813753, 70.14503718263756582, -58.39367641053020463 ) ) ;
#3690 = DIRECTION ( 'NONE',  ( -0.5000000000000101030, -0.000000000000000000, 0.8660254037844328234 ) ) ;
#3691 = CARTESIAN_POINT ( 'NONE',  ( -25.33833460650936686, 52.38165315073361228, -71.88728291765528411 ) ) ;
#3692 = CARTESIAN_POINT ( 'NONE',  ( 36.47648927873618874, 75.29986623319480543, -33.21807308932454106 ) ) ;
#3693 = FACE_OUTER_BOUND ( 'NONE', #4663, .T. ) ;
#3694 = CYLINDRICAL_SURFACE ( 'NONE', #3775, 66.70000000000000284 ) ;
#3695 = ADVANCED_FACE ( 'NONE', ( #7291 ), #8575, .F. ) ;
#3696 = CARTESIAN_POINT ( 'NONE',  ( 48.12435565298240192, 60.99999999999999289, -55.35382907247937112 ) ) ;
#3697 = CARTESIAN_POINT ( 'NONE',  ( -22.08084192094122145, 50.03241630556114217, 70.94977899301134983 ) ) ;
#3698 = DIRECTION ( 'NONE',  ( -0.5000000000000101030, -0.000000000000000000, 0.8660254037844328234 ) ) ;
#3699 = EDGE_LOOP ( 'NONE', ( #3101, #332, #1111, #7589 ) ) ;
#3700 = CARTESIAN_POINT ( 'NONE',  ( -44.10695973596856589, 64.46462010814296661, -49.59036991813925255 ) ) ;
#3701 = ORIENTED_EDGE ( 'NONE', *, *, #3649, .F. ) ;
#3702 = CARTESIAN_POINT ( 'NONE',  ( 28.59115078230945528, 71.00000000002407319, -58.52132580182203014 ) ) ;
#3703 = FACE_OUTER_BOUND ( 'NONE', #1872, .T. ) ;
#3704 = CARTESIAN_POINT ( 'NONE',  ( 49.63530917173813606, 46.80642417838966907, 56.82956393271551576 ) ) ;
#3705 = CARTESIAN_POINT ( 'NONE',  ( 33.48550249067254470, 79.65085256861874541, -17.68424542206079408 ) ) ;
#3706 = CARTESIAN_POINT ( 'NONE',  ( 67.93602631034106309, 64.39919800490794444, -14.00000000000001599 ) ) ;
#3707 = VERTEX_POINT ( 'NONE', #1717 ) ;
#3708 = CARTESIAN_POINT ( 'NONE',  ( 44.40924063580282422, 68.75439463849414778, 48.91906110676407593 ) ) ;
#3709 = CARTESIAN_POINT ( 'NONE',  ( 63.21506253664941966, 67.51982151313318070, 14.16308570207613649 ) ) ;
#3710 = ORIENTED_EDGE ( 'NONE', *, *, #617, .T. ) ;
#3711 = FACE_OUTER_BOUND ( 'NONE', #243, .T. ) ;
#3712 = VERTEX_POINT ( 'NONE', #1062 ) ;
#3713 = CARTESIAN_POINT ( 'NONE',  ( 43.86746483112342077, 76.97181354514876261, -11.72465696664823298 ) ) ;
#3714 = EDGE_CURVE ( 'NONE', #3420, #7854, #4604, .T. ) ;
#3715 = CARTESIAN_POINT ( 'NONE',  ( -43.18352162668026040, 66.45418853073478260, -46.79605350718610879 ) ) ;
#3716 = DIRECTION ( 'NONE',  ( 0.000000000000000000, 1.000000000000000000, 0.000000000000000000 ) ) ;
#3717 = CARTESIAN_POINT ( 'NONE',  ( 46.76335936155263795, 64.77056285913901945, -20.93613038670275728 ) ) ;
#3718 = CARTESIAN_POINT ( 'NONE',  ( 41.78572573259913980, 82.99999999999998579, -31.12500000000006040 ) ) ;
#3719 = CIRCLE ( 'NONE', #6034, 2.500000000000002665 ) ;
#3720 = CARTESIAN_POINT ( 'NONE',  ( 72.74537776911417097, 51.19777907935385741, -14.00000000001467448 ) ) ;
#3721 = DIRECTION ( 'NONE',  ( 0.4999999999999919509, -0.000000000000000000, 0.8660254037844432595 ) ) ;
#3722 = CARTESIAN_POINT ( 'NONE',  ( -49.84816133228087409, 46.10331087986507725, 58.29707062131021189 ) ) ;
#3723 = ORIENTED_EDGE ( 'NONE', *, *, #1616, .F. ) ;
#3724 = FACE_BOUND ( 'NONE', #1413, .T. ) ;
#3725 = CARTESIAN_POINT ( 'NONE',  ( -23.87564434701866389, 80.99999999999998579, 69.35382907247930007 ) ) ;
#3726 = CARTESIAN_POINT ( 'NONE',  ( -48.12435565298278561, 60.99999999999999289, 55.35382907247901585 ) ) ;
#3727 = CARTESIAN_POINT ( 'NONE',  ( 24.86360041349729855, 68.80897696851239687, -59.49161023532460035 ) ) ;
#3728 = ORIENTED_EDGE ( 'NONE', *, *, #1908, .F. ) ;
#3729 = FACE_OUTER_BOUND ( 'NONE', #1870, .T. ) ;
#3730 = CARTESIAN_POINT ( 'NONE',  ( 37.74755566933423978, 74.07274627635415243, -35.56665167305482811 ) ) ;
#3731 =( NAMED_UNIT ( * ) PLANE_ANGLE_UNIT ( ) SI_UNIT ( $, .RADIAN. ) );
#3732 = AXIS2_PLACEMENT_3D ( 'NONE', #3077, #2209, #7156 ) ;
#3733 = DIRECTION ( 'NONE',  ( 0.000000000000000000, 0.000000000000000000, -1.000000000000000000 ) ) ;
#3734 = ADVANCED_FACE ( 'NONE', ( #5894 ), #4915, .F. ) ;
#3735 = DIRECTION ( 'NONE',  ( 0.4999999999999919509, 0.000000000000000000, 0.8660254037844432595 ) ) ;
#3736 = CARTESIAN_POINT ( 'NONE',  ( -40.33868652218163930, 69.78956602597121162, -51.48071178162967954 ) ) ;
#3737 = CIRCLE ( 'NONE', #5628, 2.500000000000004441 ) ;
#3738 = PLANE ( 'NONE',  #8957 ) ;
#3739 = FACE_OUTER_BOUND ( 'NONE', #4022, .T. ) ;
#3740 = CARTESIAN_POINT ( 'NONE',  ( -29.93782217350877417, 71.00000000000000000, -65.85382907247965534 ) ) ;
#3741 = CARTESIAN_POINT ( 'NONE',  ( 0.000000000000000000, 61.00000000000000000, 0.000000000000000000 ) ) ;
#3742 = CARTESIAN_POINT ( 'NONE',  ( 81.67345123534951767, 55.89902566913812620, 2.087595405457239650 ) ) ;
#3743 = CARTESIAN_POINT ( 'NONE',  ( 31.63855621691778808, 82.16402295376089171, -21.40181477345347005 ) ) ;
#3744 = EDGE_CURVE ( 'NONE', #2199, #7520, #5220, .T. ) ;
#3745 = CARTESIAN_POINT ( 'NONE',  ( 20.37564434701726768, 0.000000000000000000, 63.29165124598868886 ) ) ;
#3746 = CARTESIAN_POINT ( 'NONE',  ( -64.99999999999998579, 80.99999999999998579, -14.00000000000000000 ) ) ;
#3747 = EDGE_CURVE ( 'NONE', #5432, #2397, #8173, .T. ) ;
#3748 = CARTESIAN_POINT ( 'NONE',  ( -64.68048532194978861, 69.64573361806579044, 9.107585056158375991 ) ) ;
#3749 = CARTESIAN_POINT ( 'NONE',  ( -37.96891108675428228, 53.49999999999999289, -72.76408311032406573 ) ) ;
#3750 = ORIENTED_EDGE ( 'NONE', *, *, #2914, .F. ) ;
#3751 = CARTESIAN_POINT ( 'NONE',  ( 42.02914439667862467, 70.79972856938000803, 50.78999716341935766 ) ) ;
#3752 = ORIENTED_EDGE ( 'NONE', *, *, #8313, .T. ) ;
#3753 = CARTESIAN_POINT ( 'NONE',  ( 28.99113599100044425, 80.09253196127347962, -21.80963709751961943 ) ) ;
#3754 = CARTESIAN_POINT ( 'NONE',  ( 43.19339697276347323, 51.91003997344808596, -69.34863546044334726 ) ) ;
#3755 = CARTESIAN_POINT ( 'NONE',  ( -44.33242808152147774, 67.51887975670250341, -43.77088530842424063 ) ) ;
#3756 = EDGE_LOOP ( 'NONE', ( #2097, #1752, #3567, #2310, #1749 ) ) ;
#3757 = DIRECTION ( 'NONE',  ( 0.5150380749100547106, 0.000000000000000000, -0.8571673007021120005 ) ) ;
#3758 = EDGE_CURVE ( 'NONE', #2404, #154, #811, .T. ) ;
#3759 = CARTESIAN_POINT ( 'NONE',  ( 45.26034304009906606, 65.94720605474724096, -19.34275067654770552 ) ) ;
#3760 = B_SPLINE_CURVE_WITH_KNOTS ( 'NONE', 3,
 ( #7905, #4449, #7215, #5179, #992, #311, #7942, #8193, #5483, #1383, #6797, #4786, #7428, #6212, #8878, #6073, #6032, #7597, #559, #2667, #5434, #646, #8287, #4026, #8830, #7468, #6848, #1976, #4833, #4156, #6169, #8150, #4738, #6928 ),
 .UNSPECIFIED., .F., .F.,
 ( 4, 2, 2, 2, 2, 2, 2, 2, 2, 2, 2, 2, 2, 2, 2, 2, 4 ),
 ( 0.01489215097350657900, 0.01551302773860514100, 0.01613390450370370474, 0.01675478126880226501, 0.01737565803390082875, 0.01799653479899938902, 0.01861741156409795275, 0.01923828832919651302, 0.01985916509429507676, 0.02048004185939363703, 0.02110091862449220076, 0.02172179538959076103, 0.02234267215468932477, 0.02296354891978788504, 0.02358442568488644878, 0.02420530244998501251, 0.02482617921508357278 ),
 .UNSPECIFIED. ) ;
#3761 = DIRECTION ( 'NONE',  ( 0.000000000000000000, 0.000000000000000000, -1.000000000000000000 ) ) ;
#3762 = EDGE_CURVE ( 'NONE', #5762, #7240, #1274, .T. ) ;
#3763 = CARTESIAN_POINT ( 'NONE',  ( -34.93374111393525538, 68.91564237809740234, -49.40663274779614511 ) ) ;
#3764 = CARTESIAN_POINT ( 'NONE',  ( 72.34072158105324490, 58.46542898070119776, -13.99999999999999467 ) ) ;
#3765 = DIRECTION ( 'NONE',  ( 0.000000000000000000, 0.000000000000000000, -1.000000000000000000 ) ) ;
#3766 = DIRECTION ( 'NONE',  ( -0.000000000000000000, 0.000000000000000000, 1.000000000000000000 ) ) ;
#3767 = ORIENTED_EDGE ( 'NONE', *, *, #6918, .F. ) ;
#3768 = CARTESIAN_POINT ( 'NONE',  ( -64.99999999999998579, 70.33830226810667341, 14.00000000000000000 ) ) ;
#3769 = CARTESIAN_POINT ( 'NONE',  ( 44.39539769316103701, 67.42165079097325986, 43.88189024572440644 ) ) ;
#3770 = VECTOR ( 'NONE', #3811, 1000.000000000000114 ) ;
#3771 = CARTESIAN_POINT ( 'NONE',  ( -75.35567716728733956, 50.61866292743543738, -14.00000000000001599 ) ) ;
#3772 = DIRECTION ( 'NONE',  ( 0.000000000000000000, 1.000000000000000000, 0.000000000000000000 ) ) ;
#3773 = DIRECTION ( 'NONE',  ( 8.949944318576885364E-17, 1.000000000000000000, 0.000000000000000000 ) ) ;
#3774 = CARTESIAN_POINT ( 'NONE',  ( 28.15991423798804405, 69.84325152652398572, -58.32958531550739423 ) ) ;
#3775 = AXIS2_PLACEMENT_3D ( 'NONE', #7222, #1651, #5239 ) ;
#3776 = EDGE_CURVE ( 'NONE', #7520, #2199, #6815, .T. ) ;
#3777 = AXIS2_PLACEMENT_3D ( 'NONE', #3975, #2569, #1325 ) ;
#3778 = VECTOR ( 'NONE', #176, 1000.000000000000114 ) ;
#3779 = AXIS2_PLACEMENT_3D ( 'NONE', #6634, #387, #5311 ) ;
#3780 = ORIENTED_EDGE ( 'NONE', *, *, #8638, .T. ) ;
#3781 = CARTESIAN_POINT ( 'NONE',  ( -47.50592715604011573, 56.26540278043884058, 54.28267949493432809 ) ) ;
#3782 = CARTESIAN_POINT ( 'NONE',  ( 42.54473708844025737, 73.99247127661244861, -34.60274333278050563 ) ) ;
#3783 = CARTESIAN_POINT ( 'NONE',  ( -81.68815330739568026, 56.36973218101440608, -1.404337067814765083 ) ) ;
#3784 = VECTOR ( 'NONE', #4983, 1000.000000000000114 ) ;
#3785 = LINE ( 'NONE', #998, #7695 ) ;
#3786 = AXIS2_PLACEMENT_3D ( 'NONE', #3005, #1541, #5778 ) ;
#3787 = CARTESIAN_POINT ( 'NONE',  ( 16.29790602022728407, 67.28334231014491706, 60.47850740189524998 ) ) ;
#3788 = AXIS2_PLACEMENT_3D ( 'NONE', #347, #6677, #438 ) ;
#3789 = CIRCLE ( 'NONE', #6101, 3.000000000000002665 ) ;
#3790 = LINE ( 'NONE', #954, #2045 ) ;
#3791 = CIRCLE ( 'NONE', #2761, 2.500000000000003109 ) ;
#3792 = AXIS2_PLACEMENT_3D ( 'NONE', #4853, #8895, #7617 ) ;
#3793 = CARTESIAN_POINT ( 'NONE',  ( -16.29790602022771040, 67.28334231014491706, -60.47850740189515761 ) ) ;
#3794 = PLANE ( 'NONE',  #2601 ) ;
#3795 = DIRECTION ( 'NONE',  ( 0.5000000000000039968, -0.000000000000000000, -0.8660254037844362651 ) ) ;
#3796 = CARTESIAN_POINT ( 'NONE',  ( -49.85897346116919238, 50.02349546675424108, -58.35827524797373655 ) ) ;
#3797 = CARTESIAN_POINT ( 'NONE',  ( 64.99999999999998579, 71.37356801941000128, -4.528068177520425230 ) ) ;
#3798 = CARTESIAN_POINT ( 'NONE',  ( 49.86151216686255339, 47.53496170213737315, 55.85618044940783022 ) ) ;
#3799 = AXIS2_PLACEMENT_3D ( 'NONE', #4946, #2077, #4840 ) ;
#3800 = CARTESIAN_POINT ( 'NONE',  ( 72.00000000000000000, 71.00000000000000000, 7.000000000000000000 ) ) ;
#3801 = AXIS2_PLACEMENT_3D ( 'NONE', #1311, #1451, #6998 ) ;
#3802 = DIRECTION ( 'NONE',  ( 0.000000000000000000, -0.000000000000000000, 1.000000000000000000 ) ) ;
#3803 = CARTESIAN_POINT ( 'NONE',  ( 31.30672327273931899, 81.52187723773425887, -24.80216835782641382 ) ) ;
#3804 = CARTESIAN_POINT ( 'NONE',  ( -40.99999999999982947, 53.49999999999999289, -71.01408311032406573 ) ) ;
#3805 = EDGE_LOOP ( 'NONE', ( #2749, #370, #8670, #5792, #4374 ) ) ;
#3806 = CIRCLE ( 'NONE', #7415, 2.500000000000000888 ) ;
#3807 = CYLINDRICAL_SURFACE ( 'NONE', #8846, 2.500000000000004441 ) ;
#3808 = ORIENTED_EDGE ( 'NONE', *, *, #2453, .T. ) ;
#3809 = CARTESIAN_POINT ( 'NONE',  ( -39.55563708445260573, 69.05891681664446935, 51.34630986936125652 ) ) ;
#3810 = CARTESIAN_POINT ( 'NONE',  ( 46.09360695737301938, 64.39652032117642477, -51.83646915427979707 ) ) ;
#3811 = DIRECTION ( 'NONE',  ( -0.7071067811865474617, 0.000000000000000000, 0.7071067811865474617 ) ) ;
#3812 = CARTESIAN_POINT ( 'NONE',  ( 43.27924203274016435, 67.11112678769605111, -18.40492719994214355 ) ) ;
#3813 = CARTESIAN_POINT ( 'NONE',  ( 19.96340200533990128, 83.58148700043116719, 2.444811636593135840E-15 ) ) ;
#3814 = CARTESIAN_POINT ( 'NONE',  ( -64.67211924113084365, 68.93947535392159409, -13.99999999999999822 ) ) ;
#3815 = EDGE_CURVE ( 'NONE', #198, #826, #6090, .T. ) ;
#3816 = CARTESIAN_POINT ( 'NONE',  ( -76.23219817601714965, 45.99999999999999289, 14.00000000000000000 ) ) ;
#3817 = ADVANCED_FACE ( 'NONE', ( #1921 ), #502, .F. ) ;
#3818 = CARTESIAN_POINT ( 'NONE',  ( -49.65591427187937512, 46.92052664019999497, 56.65932836135242212 ) ) ;
#3819 = ORIENTED_EDGE ( 'NONE', *, *, #1136, .T. ) ;
#3820 = CARTESIAN_POINT ( 'NONE',  ( 80.99999999999998579, 53.49999999999999289, 0.000000000000000000 ) ) ;
#3821 = CARTESIAN_POINT ( 'NONE',  ( -60.32558811070303051, 67.85093932666330829, -14.00000000000001421 ) ) ;
#3822 = VECTOR ( 'NONE', #2499, 1000.000000000000000 ) ;
#3823 = CARTESIAN_POINT ( 'NONE',  ( 21.67169086404445721, 70.59092840437290306, -62.54337844050099449 ) ) ;
#3824 = CARTESIAN_POINT ( 'NONE',  ( 26.76403545341338841, 68.77887806258435432, -58.04008555317012963 ) ) ;
#3825 = CARTESIAN_POINT ( 'NONE',  ( -66.70000000000000284, 43.00000000000000000, 8.168394150312845110E-15 ) ) ;
#3826 = ORIENTED_EDGE ( 'NONE', *, *, #2069, .T. ) ;
#3827 = CARTESIAN_POINT ( 'NONE',  ( -50.45199342410313648, 49.51133489086467421, 54.68499463284452133 ) ) ;
#3828 = CARTESIAN_POINT ( 'NONE',  ( 80.49155235178410805, 61.00000000000000000, 14.00000000000000000 ) ) ;
#3829 = CARTESIAN_POINT ( 'NONE',  ( 51.82848471504286181, 71.31657185990378878, -27.21104158738937784 ) ) ;
#3830 = CARTESIAN_POINT ( 'NONE',  ( 39.97965382738224349, 69.38428490166307938, -51.41774475688949053 ) ) ;
#3831 = EDGE_CURVE ( 'NONE', #5669, #2015, #2738, .T. ) ;
#3832 = DIRECTION ( 'NONE',  ( 8.881784197001252323E-16, 0.000000000000000000, 1.000000000000000000 ) ) ;
#3833 = CARTESIAN_POINT ( 'NONE',  ( -42.06217782649175518, 71.00000000000000000, 58.85382907247908690 ) ) ;
#3834 = CARTESIAN_POINT ( 'NONE',  ( -19.03588077828051439, 67.36036041969008181, -61.59403300916778790 ) ) ;
#3835 = LINE ( 'NONE', #5196, #4617 ) ;
#3836 = CARTESIAN_POINT ( 'NONE',  ( 73.89637996664802699, 46.92052225583240954, -14.67361504253261018 ) ) ;
#3837 = FACE_OUTER_BOUND ( 'NONE', #6255, .T. ) ;
#3838 = CARTESIAN_POINT ( 'NONE',  ( 69.39801387527921861, 57.64672313975280815, -16.40762807781135635 ) ) ;
#3839 = CARTESIAN_POINT ( 'NONE',  ( 81.68818529337383438, 56.37068803596168465, -1.402665892342653153 ) ) ;
#3840 = ORIENTED_EDGE ( 'NONE', *, *, #7665, .F. ) ;
#3841 = CARTESIAN_POINT ( 'NONE',  ( 20.16201555390735223, 68.75925333859643729, 62.92163532236271095 ) ) ;
#3842 = CARTESIAN_POINT ( 'NONE',  ( 31.29885835935419180, 81.55593070783805842, -24.66724077732002485 ) ) ;
#3843 = DIRECTION ( 'NONE',  ( 1.000000000000000000, 1.387778780781446464E-15, 0.000000000000000000 ) ) ;
#3844 = ORIENTED_EDGE ( 'NONE', *, *, #5889, .T. ) ;
#3845 = CARTESIAN_POINT ( 'NONE',  ( 60.20053056545826564, 67.42165079097325986, 16.50659709052886370 ) ) ;
#3846 = B_SPLINE_CURVE_WITH_KNOTS ( 'NONE', 3,
 ( #4613, #3823, #7388, #5225 ),
 .UNSPECIFIED., .F., .F.,
 ( 4, 4 ),
 ( 5.960283678688271258E-16, 0.004536617054218357835 ),
 .UNSPECIFIED. ) ;
#3847 = ORIENTED_EDGE ( 'NONE', *, *, #718, .T. ) ;
#3848 = CARTESIAN_POINT ( 'NONE',  ( -37.53110931812332751, 68.50658283686244943, 51.41017527243923979 ) ) ;
#3849 = CARTESIAN_POINT ( 'NONE',  ( -20.37564434701770466, 70.33830226810675867, -63.29165124598855385 ) ) ;
#3850 = CARTESIAN_POINT ( 'NONE',  ( 87.00000000000000000, 46.00000000000000000, 0.000000000000000000 ) ) ;
#3851 = CARTESIAN_POINT ( 'NONE',  ( 45.55301892399678820, 65.74584467027449364, -19.56970800444626946 ) ) ;
#3852 = CARTESIAN_POINT ( 'NONE',  ( 52.01057607259644300, 72.94510718290794671, -21.71469346538545864 ) ) ;
#3853 = EDGE_CURVE ( 'NONE', #5653, #13, #558, .T. ) ;
#3854 = CARTESIAN_POINT ( 'NONE',  ( 43.18352162671529726, 66.45418853074930610, -46.79605350716703782 ) ) ;
#3855 = CARTESIAN_POINT ( 'NONE',  ( -50.32307433495341797, 48.33919397457059830, 55.03992724158194960 ) ) ;
#3856 = AXIS2_PLACEMENT_3D ( 'NONE', #6900, #661, #8305 ) ;
#3857 = EDGE_LOOP ( 'NONE', ( #736, #1967, #5421, #5603, #6718, #3710, #4607, #1336, #1724, #139 ) ) ;
#3858 = CARTESIAN_POINT ( 'NONE',  ( 0.000000000000000000, 61.00000000000000000, 0.000000000000000000 ) ) ;
#3859 = CARTESIAN_POINT ( 'NONE',  ( -61.84517116442903983, 66.12567138045443471, -16.49358300123573073 ) ) ;
#3860 = CARTESIAN_POINT ( 'NONE',  ( -43.87312544204398534, 67.51982736465298274, -47.66431884264263630 ) ) ;
#3861 = B_SPLINE_CURVE_WITH_KNOTS ( 'NONE', 3,
 ( #8914, #6882, #6923, #641, #8375, #5, #3475, #6206, #4150, #5477, #2662, #6302, #6117, #8873, #8281, #686 ),
 .UNSPECIFIED., .F., .F.,
 ( 4, 2, 2, 2, 2, 2, 2, 4 ),
 ( 0.000000000000000000, 0.002904847265335195553, 0.005809694530670391106, 0.01161938906134078221, 0.01452423632667598774, 0.01742908359201119500, 0.02033393085734639880, 0.02323877812268160606 ),
 .UNSPECIFIED. ) ;
#3862 = CARTESIAN_POINT ( 'NONE',  ( 25.32052851807212335, 68.91564237809738813, -54.95682362779481878 ) ) ;
#3863 = LINE ( 'NONE', #2458, #4063 ) ;
#3864 = DIRECTION ( 'NONE',  ( 0.000000000000000000, -1.000000000000000000, 0.000000000000000000 ) ) ;
#3865 = CIRCLE ( 'NONE', #3141, 2.500000000000000888 ) ;
#3866 = ORIENTED_EDGE ( 'NONE', *, *, #6439, .F. ) ;
#3867 = ORIENTED_EDGE ( 'NONE', *, *, #8067, .T. ) ;
#3868 = CARTESIAN_POINT ( 'NONE',  ( -49.85897346117002371, 50.02349546675423397, 58.35827524797304022 ) ) ;
#3869 = CARTESIAN_POINT ( 'NONE',  ( -20.64763696491554157, 66.79099053449102996, -63.76275627947125457 ) ) ;
#3870 = CARTESIAN_POINT ( 'NONE',  ( 47.11124727259547740, 70.82881755537746926, -33.18582328645366175 ) ) ;
#3871 = CARTESIAN_POINT ( 'NONE',  ( -48.12435565298201112, 80.99999999999998579, -55.35382907247969086 ) ) ;
#3872 = CARTESIAN_POINT ( 'NONE',  ( 36.64841155614853108, 69.12285726949809828, -52.79309060854411939 ) ) ;
#3873 = EDGE_CURVE ( 'NONE', #8365, #2655, #6156, .T. ) ;
#3874 = EDGE_CURVE ( 'NONE', #4430, #3572, #2000, .T. ) ;
#3875 = DIRECTION ( 'NONE',  ( 0.000000000000000000, 1.000000000000000000, 0.000000000000000000 ) ) ;
#3876 = CARTESIAN_POINT ( 'NONE',  ( 52.37013182887361751, 0.000000000000000000, 62.70772912669060872 ) ) ;
#3877 = CARTESIAN_POINT ( 'NONE',  ( 9.270576269545464599E-15, 0.000000000000000000, 75.70000000000001705 ) ) ;
#3878 = CARTESIAN_POINT ( 'NONE',  ( 43.16506350946044535, 53.49999999999999289, 69.76408311032436416 ) ) ;
#3879 = AXIS2_PLACEMENT_3D ( 'NONE', #5504, #4226, #8990 ) ;
#3880 = CARTESIAN_POINT ( 'NONE',  ( 81.64041376607654854, 53.91321839342158029, 3.119996835720097117 ) ) ;
#3881 = EDGE_LOOP ( 'NONE', ( #7452, #57, #4653, #8367, #3162, #994, #4033, #3057, #7297 ) ) ;
#3882 = DIRECTION ( 'NONE',  ( -1.000000000000000000, -0.000000000000000000, -0.000000000000000000 ) ) ;
#3883 = DIRECTION ( 'NONE',  ( 0.4999999999999919509, -0.000000000000000000, 0.8660254037844432595 ) ) ;
#3884 = CARTESIAN_POINT ( 'NONE',  ( 72.00000000000000000, 0.000000000000000000, -14.00000000000000000 ) ) ;
#3885 = EDGE_LOOP ( 'NONE', ( #1540, #5654, #5573, #7928, #7654, #655 ) ) ;
#3886 = FACE_BOUND ( 'NONE', #1032, .T. ) ;
#3887 = VERTEX_POINT ( 'NONE', #5514 ) ;
#3888 = CARTESIAN_POINT ( 'NONE',  ( 35.30617866916218617, 79.70668061442414398, -12.89189845526403566 ) ) ;
#3889 = CARTESIAN_POINT ( 'NONE',  ( 24.99654058329019790, 54.48432739547291703, -71.29527830371526420 ) ) ;
#3890 = CARTESIAN_POINT ( 'NONE',  ( -81.99999999999998579, 53.49999999999999289, 0.000000000000000000 ) ) ;
#3891 = DIRECTION ( 'NONE',  ( 2.664535259100375697E-15, 0.000000000000000000, -1.000000000000000000 ) ) ;
#3892 = CARTESIAN_POINT ( 'NONE',  ( -24.27275866404853488, 71.00000000000000000, 61.04165124598822700 ) ) ;
#3893 = EDGE_LOOP ( 'NONE', ( #5071, #509, #7833, #1223, #6195, #5604, #1532, #4166, #2697, #7739 ) ) ;
#3894 = CARTESIAN_POINT ( 'NONE',  ( 41.56217782649053305, 71.00000000000000000, 57.98780366869551983 ) ) ;
#3895 = CARTESIAN_POINT ( 'NONE',  ( -25.15986293691287656, 46.30971102074838797, 71.89202640447504677 ) ) ;
#3896 = VERTEX_POINT ( 'NONE', #7057 ) ;
#3897 = DIRECTION ( 'NONE',  ( 0.000000000000000000, 0.000000000000000000, -1.000000000000000000 ) ) ;
#3898 = CARTESIAN_POINT ( 'NONE',  ( -61.86493503787934856, 69.87390944627894385, -14.00000000000001243 ) ) ;
#3899 = ADVANCED_FACE ( 'NONE', ( #1371 ), #5019, .T. ) ;
#3900 = CARTESIAN_POINT ( 'NONE',  ( -52.37013182887492491, 46.00000000000000000, 62.70772912668949317 ) ) ;
#3901 = CARTESIAN_POINT ( 'NONE',  ( -44.56018096600190859, 67.41458402617207923, 49.18049742757740006 ) ) ;
#3902 = AXIS2_PLACEMENT_3D ( 'NONE', #3174, #343, #7941 ) ;
#3904 = ORIENTED_EDGE ( 'NONE', *, *, #183, .F. ) ;
#3903 = VECTOR ( 'NONE', #4320, 1000.000000000000000 ) ;
#3905 = VERTEX_POINT ( 'NONE', #2981 ) ;
#3906 = CARTESIAN_POINT ( 'NONE',  ( -48.58930946422238151, 57.39959067741811083, 56.15915269671875620 ) ) ;
#3907 = DIRECTION ( 'NONE',  ( -0.4999999999999980016, -0.000000000000000000, -0.8660254037844398178 ) ) ;
#3908 = CARTESIAN_POINT ( 'NONE',  ( 49.75463505704260569, 71.26187835789680491, -30.97138663066824549 ) ) ;
#3909 = CARTESIAN_POINT ( 'NONE',  ( -81.65108354038984828, 54.90550459991629850, -2.827809136560309078 ) ) ;
#3910 = CARTESIAN_POINT ( 'NONE',  ( -43.72724133595204421, 71.00000000000000000, -56.73780366869524272 ) ) ;
#3911 = CONICAL_SURFACE ( 'NONE', #3055, 3.500000000000005773, 0.7853981633974482790 ) ;
#3912 = DIRECTION ( 'NONE',  ( -0.000000000000000000, -1.000000000000000000, -0.000000000000000000 ) ) ;
#3913 = CIRCLE ( 'NONE', #3473, 2.500000000000002220 ) ;
#3914 = CARTESIAN_POINT ( 'NONE',  ( -24.42471221319709329, 49.60266825054865336, -70.30484251348840985 ) ) ;
#3915 = DIRECTION ( 'NONE',  ( -0.000000000000000000, -1.000000000000000000, -0.000000000000000000 ) ) ;
#3916 = CARTESIAN_POINT ( 'NONE',  ( 22.89404604978153657, 61.97093712385065345, 67.65365094904444732 ) ) ;
#3917 = EDGE_CURVE ( 'NONE', #2113, #3028, #6341, .T. ) ;
#3918 = ADVANCED_FACE ( 'NONE', ( #2154 ), #3324, .F. ) ;
#3919 = CARTESIAN_POINT ( 'NONE',  ( -50.03308624046215414, 46.02785684633895613, -58.65984742795610885 ) ) ;
#3920 = CARTESIAN_POINT ( 'NONE',  ( 25.30293057147879310, 46.22973997552795566, -72.02446550866051211 ) ) ;
#3921 = CARTESIAN_POINT ( 'NONE',  ( -60.45792973660841341, 67.30765027970346637, -16.19996087626718051 ) ) ;
#3922 = ORIENTED_EDGE ( 'NONE', *, *, #251, .T. ) ;
#3923 = CARTESIAN_POINT ( 'NONE',  ( -43.01388870947348408, 51.54693904659644943, -69.46063283132089339 ) ) ;
#3924 = CIRCLE ( 'NONE', #5671, 74.53166453491230925 ) ;
#3925 = CIRCLE ( 'NONE', #4772, 2.500000000000002220 ) ;
#3926 = AXIS2_PLACEMENT_3D ( 'NONE', #1324, #3422, #8950 ) ;
#3927 = DIRECTION ( 'NONE',  ( -0.5000000000000101030, -0.000000000000000000, 0.8660254037844328234 ) ) ;
#3928 = VECTOR ( 'NONE', #2736, 1000.000000000000000 ) ;
#3929 = LINE ( 'NONE', #6700, #7610 ) ;
#3930 = EDGE_LOOP ( 'NONE', ( #6083, #1187, #6756, #4878 ) ) ;
#3931 = CARTESIAN_POINT ( 'NONE',  ( -66.70000000000000284, 43.00000000000000000, 3.778914444731203234E-14 ) ) ;
#3932 = VECTOR ( 'NONE', #5075, 1000.000000000000000 ) ;
#3933 = EDGE_LOOP ( 'NONE', ( #1605, #5908, #8653, #6242 ) ) ;
#3934 = CARTESIAN_POINT ( 'NONE',  ( -37.13336945953638946, 68.60050988506117164, 51.76310283617473829 ) ) ;
#3935 = CARTESIAN_POINT ( 'NONE',  ( 48.12435565298240192, 0.000000000000000000, -55.35382907247937112 ) ) ;
#3936 = CARTESIAN_POINT ( 'NONE',  ( -42.02914439667897994, 70.79972856938000803, -50.78999716341908055 ) ) ;
#3937 = EDGE_CURVE ( 'NONE', #687, #732, #8404, .T. ) ;
#3938 = CARTESIAN_POINT ( 'NONE',  ( 51.30075198713721818, 72.45319024864122071, -19.60327687672387853 ) ) ;
#3939 = CARTESIAN_POINT ( 'NONE',  ( 19.09263111133974533, 61.45732291408099002, 65.96052081463214734 ) ) ;
#3940 = CARTESIAN_POINT ( 'NONE',  ( 62.81518613563835629, 69.15083099222214003, -13.99999999999997513 ) ) ;
#3941 = CARTESIAN_POINT ( 'NONE',  ( -25.07706194588885040, 68.62506435647095770, -59.02540996012959340 ) ) ;
#3942 = ORIENTED_EDGE ( 'NONE', *, *, #622, .T. ) ;
#3943 = CARTESIAN_POINT ( 'NONE',  ( -24.56617576439702333, 56.45032650170058020, -70.54986457160312341 ) ) ;
#3944 = CARTESIAN_POINT ( 'NONE',  ( -75.46923561637345301, 50.02349546675423397, -14.00000000000002309 ) ) ;
#3945 = CONICAL_SURFACE ( 'NONE', #7133, 3.500000000000002665, 0.7853981633974482790 ) ;
#3946 = ORIENTED_EDGE ( 'NONE', *, *, #7244, .T. ) ;
#3947 = CARTESIAN_POINT ( 'NONE',  ( -65.00000000000001421, 71.49174360388099103, -1.508067620453876989 ) ) ;
#3948 = CARTESIAN_POINT ( 'NONE',  ( 1.018163831797509249E-14, 76.42166581354543098, -12.25000000000000178 ) ) ;
#3949 = CARTESIAN_POINT ( 'NONE',  ( -24.86536258667070598, 46.48927481284903251, -71.66405716540823789 ) ) ;
#3950 = B_SPLINE_CURVE_WITH_KNOTS ( 'NONE', 3,
 ( #1395, #5446, #8204, #5407, #2679, #1988, #8159, #8252, #7479, #4749, #704, #6810, #2038, #22, #2815, #4666, #4036, #4800, #7435, #6086, #336, #4434, #1671, #7715, #6367, #3754, #2179, #5210, #3544, #118, #6993, #7200 ),
 .UNSPECIFIED., .F., .F.,
 ( 4, 2, 2, 2, 2, 2, 2, 2, 2, 2, 2, 2, 2, 2, 2, 4 ),
 ( 0.01710565646170193049, 0.01772677219327229575, 0.01834788792484266448, 0.01896900365641302974, 0.01959011938798339500, 0.02021123511955376373, 0.02083235085112412899, 0.02145346658269449425, 0.02207458231426486298, 0.02269569804583522823, 0.02331681377740559696, 0.02455904524054631360, 0.02518016097211667539, 0.02580127670368704065, 0.02642239243525740244, 0.02704350816682776770 ),
 .UNSPECIFIED. ) ;
#3951 = EDGE_LOOP ( 'NONE', ( #1918, #6841 ) ) ;
#3952 = ORIENTED_EDGE ( 'NONE', *, *, #2069, .F. ) ;
#3953 = CARTESIAN_POINT ( 'NONE',  ( -49.31968164223207651, 54.10447137732717238, 57.42419441746627484 ) ) ;
#3954 = CARTESIAN_POINT ( 'NONE',  ( 52.85617922766474663, 69.72006181091700228, -26.87639676075067641 ) ) ;
#3955 = CARTESIAN_POINT ( 'NONE',  ( 22.29088234255765499, 45.87634716325730722, -71.29621637861451688 ) ) ;
#3956 = CARTESIAN_POINT ( 'NONE',  ( 37.31644731899844913, 68.54262392680480787, -51.56974573091498826 ) ) ;
#3957 = CARTESIAN_POINT ( 'NONE',  ( 31.27642236415248433, 79.07238405319766628, -24.41109108889309809 ) ) ;
#3958 =( BOUNDED_SURFACE ( )  B_SPLINE_SURFACE ( 3, 2, ( 
 ( #6997, #2866, #2283 ),
 ( #5640, #8398, #2185 ),
 ( #7908, #7995, #7946 ),
 ( #3827, #3102, #3868 ),
 ( #394, #3183, #995 ),
 ( #1855, #5230, #8593 ),
 ( #1731, #4498, #5957 ),
 ( #7394, #8073, #3953 ),
 ( #7218, #441, #5910 ),
 ( #7270, #3781, #3906 ),
 ( #3143, #1078, #315 ),
 ( #1776, #2511, #1167 ),
 ( #349, #6640, #5144 ),
 ( #2463, #6600, #6680 ),
 ( #8671, #5185, #3232 ),
 ( #1039, #5870, #4542 ),
 ( #7308, #4620, #6724 ),
 ( #8718, #5278, #3058 ),
 ( #5999, #8032, #1814 ),
 ( #4582, #7351, #1119 ) ),
 .UNSPECIFIED., .F., .F., .F. ) 
 B_SPLINE_SURFACE_WITH_KNOTS ( ( 4, 2, 2, 2, 2, 2, 2, 2, 2, 4 ),
 ( 3, 3 ),
 ( 0.01252048609958923350, 0.01610381331546555106, 0.01789547692340370810, 0.01968714053134186515, 0.02327046774721817923, 0.02685379496309449332, 0.03402044939484712149, 0.03581211300278527854, 0.03760377661072343558, 0.04118710382659974967 ),
 ( 0.000000000000000000, 1.000000000000000000 ),
 .UNSPECIFIED. ) 
 GEOMETRIC_REPRESENTATION_ITEM ( )  RATIONAL_B_SPLINE_SURFACE ( (
 ( 1.000000000000000000, 0.7806367264523381699, 1.000000000000000000),
 ( 1.000000000000000000, 0.7806525983875843844, 1.000000000000000000),
 ( 1.000000000000000000, 0.7804736192998835698, 1.000000000000000000),
 ( 1.000000000000000000, 0.7799347764569577457, 1.000000000000000000),
 ( 1.000000000000000000, 0.7797094506920589918, 1.000000000000000000),
 ( 1.000000000000000000, 0.7791796795196268555, 1.000000000000000000),
 ( 1.000000000000000000, 0.7788772256521960813, 1.000000000000000000),
 ( 1.000000000000000000, 0.7778777612653872131, 1.000000000000000000),
 ( 1.000000000000000000, 0.7770891790803444721, 1.000000000000000000),
 ( 1.000000000000000000, 0.7753695393479789200, 1.000000000000000000),
 ( 1.000000000000000000, 0.7744333973525279191, 1.000000000000000000),
 ( 1.000000000000000000, 0.7716017430404834565, 1.000000000000000000),
 ( 1.000000000000000000, 0.7696820186700898958, 1.000000000000000000),
 ( 1.000000000000000000, 0.7674401967817187087, 1.000000000000000000),
 ( 1.000000000000000000, 0.7669988342221127908, 1.000000000000000000),
 ( 1.000000000000000000, 0.7661320856129596457, 1.000000000000000000),
 ( 1.000000000000000000, 0.7657059992048117492, 1.000000000000000000),
 ( 1.000000000000000000, 0.7644628963708329783, 1.000000000000000000),
 ( 1.000000000000000000, 0.7636784586020588517, 1.000000000000000000),
 ( 1.000000000000000000, 0.7629366208023390383, 1.000000000000000000) ) ) 
 REPRESENTATION_ITEM ( '' )  SURFACE ( )  );
#3959 = DIRECTION ( 'NONE',  ( -0.000000000000000000, -1.000000000000000000, 0.000000000000000000 ) ) ;
#3960 = EDGE_CURVE ( 'NONE', #159, #6220, #2459, .T. ) ;
#3961 = CYLINDRICAL_SURFACE ( 'NONE', #4362, 10.50000000000000178 ) ;
#3962 = CARTESIAN_POINT ( 'NONE',  ( -42.06217782649093806, 71.00000000000000000, -58.85382907247966955 ) ) ;
#3963 = CARTESIAN_POINT ( 'NONE',  ( 0.000000000000000000, 0.000000000000000000, 0.000000000000000000 ) ) ;
#3964 = B_SPLINE_CURVE_WITH_KNOTS ( 'NONE', 3,
 ( #711, #2047, #3503, #6231, #6095, #4807 ),
 .UNSPECIFIED., .F., .F.,
 ( 4, 2, 4 ),
 ( 0.01658914471838027205, 0.02489520312791523859, 0.03320126153745020514 ),
 .UNSPECIFIED. ) ;
#3965 = CARTESIAN_POINT ( 'NONE',  ( -43.53884283324664750, 53.29316193803160928, -69.13218617071103722 ) ) ;
#3966 = EDGE_CURVE ( 'NONE', #3896, #8223, #4495, .T. ) ;
#3967 = EDGE_CURVE ( 'NONE', #1813, #886, #4976, .T. ) ;
#3968 = ORIENTED_EDGE ( 'NONE', *, *, #7162, .F. ) ;
#3969 = FACE_OUTER_BOUND ( 'NONE', #6357, .T. ) ;
#3970 = ORIENTED_EDGE ( 'NONE', *, *, #8529, .F. ) ;
#3971 = DIRECTION ( 'NONE',  ( -1.000000000000000000, -0.000000000000000000, -0.000000000000000000 ) ) ;
#3972 = VERTEX_POINT ( 'NONE', #7586 ) ;
#3973 = CARTESIAN_POINT ( 'NONE',  ( 26.26147730506558275, 68.60050988506114322, 58.03999269815902551 ) ) ;
#3974 = DIRECTION ( 'NONE',  ( -0.000000000000000000, -1.000000000000000000, -0.000000000000000000 ) ) ;
#3975 = CARTESIAN_POINT ( 'NONE',  ( 8.681445989019579037E-15, 96.99999999999998579, 0.000000000000000000 ) ) ;
#3976 = CYLINDRICAL_SURFACE ( 'NONE', #4129, 2.500000000000003553 ) ;
#3977 = CARTESIAN_POINT ( 'NONE',  ( 25.55348293065929965, 50.61866292743543738, 72.25993074624734902 ) ) ;
#3978 = ADVANCED_FACE ( 'NONE', ( #4192 ), #4304, .F. ) ;
#3979 = ADVANCED_FACE ( 'NONE', ( #7782 ), #507, .F. ) ;
#3980 = DIRECTION ( 'NONE',  ( 0.7071067811865474617, 8.659560562354932858E-17, 0.7071067811865474617 ) ) ;
#3981 = ORIENTED_EDGE ( 'NONE', *, *, #5160, .F. ) ;
#3982 = CARTESIAN_POINT ( 'NONE',  ( -25.78437493449784768, 46.02785684633894903, -72.65984742795606621 ) ) ;
#3983 = CARTESIAN_POINT ( 'NONE',  ( -40.72705798936012656, 70.96746529199602094, 51.54175710119264409 ) ) ;
#3984 = ORIENTED_EDGE ( 'NONE', *, *, #2938, .T. ) ;
#3985 = CARTESIAN_POINT ( 'NONE',  ( 12.12435565298215856, 0.000000000000000000, -6.999999999999972466 ) ) ;
#3986 = DIRECTION ( 'NONE',  ( -0.000000000000000000, -1.000000000000000000, -0.000000000000000000 ) ) ;
#3987 = DIRECTION ( 'NONE',  ( 8.949944318576885364E-17, 1.000000000000000000, 0.000000000000000000 ) ) ;
#3988 = VERTEX_POINT ( 'NONE', #8370 ) ;
#3989 = ORIENTED_EDGE ( 'NONE', *, *, #3010, .F. ) ;
#3990 = CARTESIAN_POINT ( 'NONE',  ( 43.86864337179634532, 67.10144858561953640, -45.85470801749755054 ) ) ;
#3991 = ADVANCED_FACE ( 'NONE', ( #3465 ), #7736, .F. ) ;
#3992 = CARTESIAN_POINT ( 'NONE',  ( 53.12342044416243425, 69.92295295032160141, -25.66248196664551173 ) ) ;
#3993 = DIRECTION ( 'NONE',  ( -0.000000000000000000, -1.000000000000000000, -0.000000000000000000 ) ) ;
#3994 = CARTESIAN_POINT ( 'NONE',  ( -44.56021296330997217, 67.41452947052927414, -49.18055284854251141 ) ) ;
#3995 = CARTESIAN_POINT ( 'NONE',  ( 66.70000000000000284, 60.11331709634244902, 0.000000000000000000 ) ) ;
#3996 = ORIENTED_EDGE ( 'NONE', *, *, #8488, .F. ) ;
#3997 = CIRCLE ( 'NONE', #364, 3.500000000000003997 ) ;
#3998 = CARTESIAN_POINT ( 'NONE',  ( -41.55924093979701439, 56.59580231859040111, -70.34032199588631329 ) ) ;
#3999 = DIRECTION ( 'NONE',  ( 0.4999999999999919509, -0.000000000000000000, 0.8660254037844432595 ) ) ;
#4000 = DIRECTION ( 'NONE',  ( -0.4999999999999980016, -0.000000000000000000, -0.8660254037844398178 ) ) ;
#4001 = CARTESIAN_POINT ( 'NONE',  ( 81.99999999999998579, 53.49999999999999289, -2.499999999999998668 ) ) ;
#4002 = AXIS2_PLACEMENT_3D ( 'NONE', #6055, #6098, #4635 ) ;
#4003 = EDGE_CURVE ( 'NONE', #1378, #3613, #7527, .T. ) ;
#4004 = CARTESIAN_POINT ( 'NONE',  ( -64.98367143464106732, 70.60771697037358763, -9.475395429692344607 ) ) ;
#4005 = ORIENTED_EDGE ( 'NONE', *, *, #4803, .F. ) ;
#4006 = DIRECTION ( 'NONE',  ( -0.5000000000000101030, 0.000000000000000000, 0.8660254037844328234 ) ) ;
#4007 = AXIS2_PLACEMENT_3D ( 'NONE', #8214, #6145, #8897 ) ;
#4008 = ORIENTED_EDGE ( 'NONE', *, *, #4525, .T. ) ;
#4009 = DIRECTION ( 'NONE',  ( -0.5000000000000101030, -0.000000000000000000, 0.8660254037844328234 ) ) ;
#4010 = ORIENTED_EDGE ( 'NONE', *, *, #1229, .F. ) ;
#4011 = CARTESIAN_POINT ( 'NONE',  ( 27.39595183321831939, 69.12285726949808407, 58.13500072024395848 ) ) ;
#4012 = CARTESIAN_POINT ( 'NONE',  ( -81.68826286207949749, 50.62705522527010515, -1.397792780030093329 ) ) ;
#4013 = EDGE_CURVE ( 'NONE', #6616, #630, #174, .T. ) ;
#4014 = CARTESIAN_POINT ( 'NONE',  ( -27.77275866404860949, 71.00000000000000000, 67.10382907247925743 ) ) ;
#4015 = CARTESIAN_POINT ( 'NONE',  ( 52.23456072936279782, 71.16411944596228523, -23.03695702326926664 ) ) ;
#4016 = CARTESIAN_POINT ( 'NONE',  ( 23.72949968704205403, 54.28634147769952278, 69.10069909613534378 ) ) ;
#4017 = CIRCLE ( 'NONE', #1959, 6.999999999999999112 ) ;
#4018 = VERTEX_POINT ( 'NONE', #1090 ) ;
#4019 = CARTESIAN_POINT ( 'NONE',  ( 18.72345348080388661, 62.25354003921479062, 65.33753323871316354 ) ) ;
#4020 = ORIENTED_EDGE ( 'NONE', *, *, #7792, .T. ) ;
#4021 = CARTESIAN_POINT ( 'NONE',  ( -25.35338224736861079, 68.51639824282607094, -58.57033098617248612 ) ) ;
#4022 = EDGE_LOOP ( 'NONE', ( #6176, #6924, #511 ) ) ;
#4023 = VECTOR ( 'NONE', #3437, 1000.000000000000000 ) ;
#4024 = CARTESIAN_POINT ( 'NONE',  ( -44.22724133595203710, 71.00000000000000000, -57.60382907247967665 ) ) ;
#4025 = EDGE_CURVE ( 'NONE', #8202, #4938, #6651, .T. ) ;
#4026 = CARTESIAN_POINT ( 'NONE',  ( 39.16916540680487913, 50.96567108533650270, 71.69864629331163997 ) ) ;
#4027 = VERTEX_POINT ( 'NONE', #1010 ) ;
#4028 = FACE_OUTER_BOUND ( 'NONE', #3805, .T. ) ;
#4029 = DIRECTION ( 'NONE',  ( 0.000000000000000000, 0.000000000000000000, 1.000000000000000000 ) ) ;
#4030 = DIRECTION ( 'NONE',  ( -0.000000000000000000, 1.000000000000000000, -0.000000000000000000 ) ) ;
#4031 = CARTESIAN_POINT ( 'NONE',  ( -25.30292869226721209, 46.22974096026070612, -72.02446358153089534 ) ) ;
#4032 = DIRECTION ( 'NONE',  ( -0.5000000000000101030, 0.000000000000000000, 0.8660254037844328234 ) ) ;
#4033 = ORIENTED_EDGE ( 'NONE', *, *, #8854, .F. ) ;
#4034 = ORIENTED_EDGE ( 'NONE', *, *, #741, .F. ) ;
#4035 = DIRECTION ( 'NONE',  ( 0.4999999999999919509, 0.000000000000000000, 0.8660254037844432595 ) ) ;
#4036 = CARTESIAN_POINT ( 'NONE',  ( 40.67253305770621807, 50.29982326535072445, -70.85674376798668561 ) ) ;
#4037 = DIRECTION ( 'NONE',  ( 0.8660254037844326014, 0.000000000000000000, 0.5000000000000104361 ) ) ;
#4038 = DIRECTION ( 'NONE',  ( 0.000000000000000000, 0.000000000000000000, 1.000000000000000000 ) ) ;
#4039 = DIRECTION ( 'NONE',  ( -0.000000000000000000, -1.000000000000000000, -0.000000000000000000 ) ) ;
#4040 = EDGE_CURVE ( 'NONE', #8221, #6591, #2240, .T. ) ;
#4041 = DIRECTION ( 'NONE',  ( 0.000000000000000000, 0.000000000000000000, 1.000000000000000000 ) ) ;
#4042 = PLANE ( 'NONE',  #1590 ) ;
#4043 = CARTESIAN_POINT ( 'NONE',  ( 31.31710157795297178, 81.48699651356143647, -24.93611547190164757 ) ) ;
#4044 = EDGE_CURVE ( 'NONE', #8822, #516, #1601, .T. ) ;
#4045 = VECTOR ( 'NONE', #8991, 1000.000000000000000 ) ;
#4046 = PRESENTATION_STYLE_ASSIGNMENT (( #1256 ) ) ;
#4047 = CARTESIAN_POINT ( 'NONE',  ( 41.78572573259913980, 82.99999999999998579, -24.12500000000006040 ) ) ;
#4048 = CARTESIAN_POINT ( 'NONE',  ( -63.94909037025092857, 68.80615214901966681, -8.208072257504943181 ) ) ;
#4049 = CARTESIAN_POINT ( 'NONE',  ( 48.57239804898179614, 57.41926555727936687, 56.12986126629721895 ) ) ;
#4050 = CARTESIAN_POINT ( 'NONE',  ( 17.77705430554507160, 67.10144975086281249, -60.91872760693340183 ) ) ;
#4051 = CARTESIAN_POINT ( 'NONE',  ( 81.63965085961429224, 53.29364928879572716, -3.139650859614321554 ) ) ;
#4052 = ORIENTED_EDGE ( 'NONE', *, *, #1242, .F. ) ;
#4053 = CARTESIAN_POINT ( 'NONE',  ( -15.63615224998763509, 67.38168135652031765, -60.48436881748123994 ) ) ;
#4054 = VERTEX_POINT ( 'NONE', #1180 ) ;
#4055 = CARTESIAN_POINT ( 'NONE',  ( 26.93420116996613345, 68.85705436393504897, 58.05896841182168799 ) ) ;
#4056 = CARTESIAN_POINT ( 'NONE',  ( 25.74426709607782371, 48.19300188175395050, -72.59037861402973135 ) ) ;
#4057 = CARTESIAN_POINT ( 'NONE',  ( 52.32489792211229229, 69.53683946036360908, -28.46991373825693117 ) ) ;
#4058 = DIRECTION ( 'NONE',  ( -0.8660254037844387076, 0.000000000000000000, 0.4999999999999997224 ) ) ;
#4059 = CIRCLE ( 'NONE', #133, 2.500000000000002220 ) ;
#4060 = CARTESIAN_POINT ( 'NONE',  ( 44.32382597378724398, 67.35917425946303183, 44.06619084867732994 ) ) ;
#4061 = ORIENTED_EDGE ( 'NONE', *, *, #7021, .T. ) ;
#4062 = CARTESIAN_POINT ( 'NONE',  ( -63.28803164630766531, 68.50552130179207211, 6.810611529061780800 ) ) ;
#4063 = VECTOR ( 'NONE', #1686, 999.9999999999998863 ) ;
#4064 = DIRECTION ( 'NONE',  ( 1.000000000000000000, 0.000000000000000000, 1.224646799147351482E-16 ) ) ;
#4065 = AXIS2_PLACEMENT_3D ( 'NONE', #366, #3882, #8609 ) ;
#4066 = EDGE_LOOP ( 'NONE', ( #6991, #2246, #3181, #8479, #722 ) ) ;
#4067 = VECTOR ( 'NONE', #1947, 1000.000000000000114 ) ;
#4068 = CARTESIAN_POINT ( 'NONE',  ( -25.75696313988184727, 68.50658283686246364, -58.20798173792508834 ) ) ;
#4069 = ORIENTED_EDGE ( 'NONE', *, *, #7084, .T. ) ;
#4070 = CARTESIAN_POINT ( 'NONE',  ( 72.00000000000000000, 71.00000000000000000, 10.50000000000000178 ) ) ;
#4071 = DIRECTION ( 'NONE',  ( -1.000000000000000000, -0.000000000000000000, -0.000000000000000000 ) ) ;
#4072 = CARTESIAN_POINT ( 'NONE',  ( -38.10080802636834107, 53.49999999999999289, 72.27183703032480366 ) ) ;
#4073 = VECTOR ( 'NONE', #457, 1000.000000000000114 ) ;
#4074 = DIRECTION ( 'NONE',  ( -0.000000000000000000, -1.000000000000000000, 0.000000000000000000 ) ) ;
#4075 = ADVANCED_FACE ( 'NONE', ( #6693 ), #7445, .F. ) ;
#4076 = DIRECTION ( 'NONE',  ( 0.000000000000000000, 0.000000000000000000, 1.000000000000000000 ) ) ;
#4077 = CARTESIAN_POINT ( 'NONE',  ( -23.87564434701769400, 60.99999999999999289, -69.35382907247964113 ) ) ;
#4078 = FACE_OUTER_BOUND ( 'NONE', #543, .T. ) ;
#4079 = CARTESIAN_POINT ( 'NONE',  ( -19.34193925435047845, 67.51982151313322333, -61.82739290959847978 ) ) ;
#4080 = ORIENTED_EDGE ( 'NONE', *, *, #6161, .F. ) ;
#4081 = ORIENTED_EDGE ( 'NONE', *, *, #2121, .T. ) ;
#4082 = CARTESIAN_POINT ( 'NONE',  ( 44.08269499497466626, 67.18322181085426337, -44.83864343100904648 ) ) ;
#4083 = CARTESIAN_POINT ( 'NONE',  ( 52.30882231471210275, 70.94126273028699359, -23.76093133174584437 ) ) ;
#4084 = LINE ( 'NONE', #4750, #1139 ) ;
#4085 = CARTESIAN_POINT ( 'NONE',  ( 60.20053056545826564, 67.42165079097325986, 16.50659709052886370 ) ) ;
#4086 = DIRECTION ( 'NONE',  ( -0.2588190451025162431, 0.000000000000000000, -0.9659258262890695335 ) ) ;
#4087 = CARTESIAN_POINT ( 'NONE',  ( -41.72887288212555745, 56.53427277381028659, -70.23978665732133209 ) ) ;
#4088 = ADVANCED_FACE ( 'NONE', ( #8766 ), #7535, .T. ) ;
#4089 = DIRECTION ( 'NONE',  ( 1.000000000000000000, -0.000000000000000000, 0.000000000000000000 ) ) ;
#4090 = CARTESIAN_POINT ( 'NONE',  ( 39.84815553511177910, 69.27093940922773641, 51.39484114868889719 ) ) ;
#4091 = CARTESIAN_POINT ( 'NONE',  ( -23.87564434701769400, 60.99999999999999289, -69.35382907247964113 ) ) ;
#4092 = CARTESIAN_POINT ( 'NONE',  ( -64.87155268775137529, 70.09497369518282994, -9.336605911332448215 ) ) ;
#4093 = EDGE_LOOP ( 'NONE', ( #4784, #8960, #2707 ) ) ;
#4094 = CARTESIAN_POINT ( 'NONE',  ( 27.44896226761069968, 71.34451325393473553, -59.20786924047047961 ) ) ;
#4095 = CARTESIAN_POINT ( 'NONE',  ( 49.99357256924326265, 48.24151529171036401, 58.59140774181248190 ) ) ;
#4096 = ORIENTED_EDGE ( 'NONE', *, *, #3776, .F. ) ;
#4097 = CARTESIAN_POINT ( 'NONE',  ( 64.03974142232560496, 69.11826310527095529, -5.347161614260765639 ) ) ;
#4098 = ORIENTED_EDGE ( 'NONE', *, *, #6078, .F. ) ;
#4099 = CARTESIAN_POINT ( 'NONE',  ( -80.49155235178410805, 61.00000000000000000, -14.00000000000000000 ) ) ;
#4100 = CARTESIAN_POINT ( 'NONE',  ( 52.28572573259918954, 71.94145980738643686, -24.47038348753495995 ) ) ;
#4101 = DIRECTION ( 'NONE',  ( -0.5000000000000101030, -0.000000000000000000, 0.8660254037844328234 ) ) ;
#4102 = CARTESIAN_POINT ( 'NONE',  ( 46.31986487329894686, 75.64589108551594165, -14.62057094417272829 ) ) ;
#4103 = CARTESIAN_POINT ( 'NONE',  ( 22.33355912069508165, 63.37520769591046843, 66.68285911088844387 ) ) ;
#4104 = ORIENTED_EDGE ( 'NONE', *, *, #3312, .F. ) ;
#4105 = CARTESIAN_POINT ( 'NONE',  ( -64.23562317322330273, 69.33091689129845747, 5.132656955295899159 ) ) ;
#4106 = FACE_OUTER_BOUND ( 'NONE', #393, .T. ) ;
#4107 = ORIENTED_EDGE ( 'NONE', *, *, #7448, .T. ) ;
#4108 = CARTESIAN_POINT ( 'NONE',  ( 64.99999999997977795, 65.67055975812331781, 1.325108355051197506 ) ) ;
#4109 = EDGE_LOOP ( 'NONE', ( #1220, #3413, #5688, #7785, #416 ) ) ;
#4110 = FACE_OUTER_BOUND ( 'NONE', #1201, .T. ) ;
#4111 = FACE_OUTER_BOUND ( 'NONE', #5571, .T. ) ;
#4112 = CARTESIAN_POINT ( 'NONE',  ( -39.02998095513663657, 51.09969153181304335, 71.77444868147858870 ) ) ;
#4113 = CARTESIAN_POINT ( 'NONE',  ( 72.00000000000000000, 80.99999999999998579, 14.00000000000000000 ) ) ;
#4114 = LINE ( 'NONE', #4162, #7537 ) ;
#4115 = CARTESIAN_POINT ( 'NONE',  ( 64.91963482607444291, 70.26211178556559389, 9.395201346791839825 ) ) ;
#4116 = DIRECTION ( 'NONE',  ( -0.4999999999999980016, -0.000000000000000000, -0.8660254037844398178 ) ) ;
#4117 = CARTESIAN_POINT ( 'NONE',  ( -75.41082479041074293, 46.10331087986508436, -14.02123873504438301 ) ) ;
#4118 = ORIENTED_EDGE ( 'NONE', *, *, #420, .T. ) ;
#4119 = VERTEX_POINT ( 'NONE', #4091 ) ;
#4120 = LINE ( 'NONE', #7478, #2471 ) ;
#4121 = CARTESIAN_POINT ( 'NONE',  ( 52.30864532948155698, 72.05771942636549454, -24.06562190987480321 ) ) ;
#4122 = CARTESIAN_POINT ( 'NONE',  ( 21.08284758731997144, 65.95929522014517943, -64.51656318946848501 ) ) ;
#4123 = DIRECTION ( 'NONE',  ( 0.000000000000000000, 0.000000000000000000, -1.000000000000000000 ) ) ;
#4124 = ADVANCED_FACE ( 'NONE', ( #1913 ), #8352, .F. ) ;
#4125 = CARTESIAN_POINT ( 'NONE',  ( 25.92183210288533601, 46.00000000000000000, -72.89793022746668782 ) ) ;
#4126 = EDGE_CURVE ( 'NONE', #3389, #4682, #8859, .T. ) ;
#4127 = LINE ( 'NONE', #4806, #7813 ) ;
#4128 = CARTESIAN_POINT ( 'NONE',  ( 73.50215154756890001, 53.49999999999999289, 0.000000000000000000 ) ) ;
#4129 = AXIS2_PLACEMENT_3D ( 'NONE', #3378, #547, #4058 ) ;
#4130 = EDGE_CURVE ( 'NONE', #826, #198, #7341, .T. ) ;
#4131 = CARTESIAN_POINT ( 'NONE',  ( 36.39537474438793652, 70.14503718263755161, 53.74871460327103279 ) ) ;
#4132 = FACE_OUTER_BOUND ( 'NONE', #3019, .T. ) ;
#4133 = ADVANCED_FACE ( 'NONE', ( #1867 ), #3428, .F. ) ;
#4134 = CARTESIAN_POINT ( 'NONE',  ( 27.64953403272857102, 69.04744775503053233, -53.61754278022338127 ) ) ;
#4135 = CARTESIAN_POINT ( 'NONE',  ( -72.32922377359081167, 65.71575228053563933, 8.857775237914061855E-15 ) ) ;
#4136 = CARTESIAN_POINT ( 'NONE',  ( 44.89634827088158886, 66.79099053448267398, 49.76275627947522651 ) ) ;
#4137 = EDGE_LOOP ( 'NONE', ( #1925, #7372, #6109, #8785 ) ) ;
#4138 = CARTESIAN_POINT ( 'NONE',  ( 63.28803164630769373, 68.50552130179207211, -6.810611529061781688 ) ) ;
#4139 = AXIS2_PLACEMENT_3D ( 'NONE', #1790, #8686, #5251 ) ;
#4140 = ORIENTED_EDGE ( 'NONE', *, *, #4578, .F. ) ;
#4141 = CARTESIAN_POINT ( 'NONE',  ( 44.54158383167526125, 69.32011107992944687, -49.14828624604940899 ) ) ;
#4142 = CARTESIAN_POINT ( 'NONE',  ( 38.60292896512476091, 76.04846396425054422, -34.15083525693807331 ) ) ;
#4143 = CARTESIAN_POINT ( 'NONE',  ( 74.84024952361272653, 46.30971242683346389, 14.15693377857575719 ) ) ;
#4144 = CARTESIAN_POINT ( 'NONE',  ( 35.35329868464935288, 79.69589749210061314, -12.86640499832165219 ) ) ;
#4145 = CARTESIAN_POINT ( 'NONE',  ( 44.96323996857211114, 70.32645668454102861, 49.09599629515860642 ) ) ;
#4146 = ADVANCED_FACE ( 'NONE', ( #6866 ), #3154, .F. ) ;
#4147 = ORIENTED_EDGE ( 'NONE', *, *, #565, .T. ) ;
#4148 = ADVANCED_FACE ( 'NONE', ( #8727, #7410, #1257, #2648 ), #8808, .T. ) ;
#4149 = CARTESIAN_POINT ( 'NONE',  ( -29.43782217350967656, 71.00000000000000000, 64.98780366869480929 ) ) ;
#4150 = CARTESIAN_POINT ( 'NONE',  ( -48.90842966887094434, 57.64672313975280105, -51.89662894927121073 ) ) ;
#4151 = ORIENTED_EDGE ( 'NONE', *, *, #7977, .F. ) ;
#4152 = CARTESIAN_POINT ( 'NONE',  ( 60.25777329461104159, 69.01500649859607961, 2.796640345496339553 ) ) ;
#4153 = ORIENTED_EDGE ( 'NONE', *, *, #7021, .F. ) ;
#4154 = CARTESIAN_POINT ( 'NONE',  ( 71.63150105874466078, 53.09967776846029608, 16.36943979495340074 ) ) ;
#4155 = FACE_OUTER_BOUND ( 'NONE', #5586, .T. ) ;
#4156 = CARTESIAN_POINT ( 'NONE',  ( 38.24028536077158691, 52.47775098200723676, 72.19817543737771359 ) ) ;
#4157 = AXIS2_PLACEMENT_3D ( 'NONE', #6486, #2255, #6528 ) ;
#4158 = FACE_OUTER_BOUND ( 'NONE', #8998, .T. ) ;
#4159 = ORIENTED_EDGE ( 'NONE', *, *, #6372, .F. ) ;
#4160 = CARTESIAN_POINT ( 'NONE',  ( -40.66852814582514242, 50.30021068918627236, 70.85903914337720266 ) ) ;
#4161 = CARTESIAN_POINT ( 'NONE',  ( 25.99174343502575724, 45.99999999999999289, 73.01902020676082827 ) ) ;
#4162 = CARTESIAN_POINT ( 'NONE',  ( -28.12142052291080674, 0.000000000000000000, 76.70772912668978449 ) ) ;
#4163 = CARTESIAN_POINT ( 'NONE',  ( 64.67915741770806903, 69.64327861410838238, 9.106001538328877487 ) ) ;
#4164 = CARTESIAN_POINT ( 'NONE',  ( 49.10130074124711541, 56.99209030537294751, -52.24290195362414835 ) ) ;
#4165 = CARTESIAN_POINT ( 'NONE',  ( -42.04935596212415305, 67.97759162091476526, 45.25973206851591613 ) ) ;
#4166 = ORIENTED_EDGE ( 'NONE', *, *, #2265, .T. ) ;
#4167 = ORIENTED_EDGE ( 'NONE', *, *, #2539, .F. ) ;
#4168 = CARTESIAN_POINT ( 'NONE',  ( -60.87278647604627224, 67.18321445489918631, 15.75737766612701485 ) ) ;
#4169 = CARTESIAN_POINT ( 'NONE',  ( 28.59115078230698259, 70.99999999999809575, 58.52132580181956456 ) ) ;
#4170 = B_SPLINE_CURVE_WITH_KNOTS ( 'NONE', 3,
 ( #6955, #8995, #6239, #2052, #6830, #3370, #4814, #2002, #1317, #4050, #1364, #4679, #7539, #4721, #1219, #5556 ),
 .UNSPECIFIED., .F., .F.,
 ( 4, 2, 2, 2, 2, 2, 2, 4 ),
 ( 0.000000000000000000, 0.0006220389796316351397, 0.001244077959263270279, 0.001866116938894905528, 0.002488155918526540559, 0.003732233877789811055, 0.004354272857421452592, 0.004976311837053093261 ),
 .UNSPECIFIED. ) ;
#4171 = CARTESIAN_POINT ( 'NONE',  ( 19.74746494592983836, 68.39397752114253137, -62.20361260703523953 ) ) ;
#4172 = CARTESIAN_POINT ( 'NONE',  ( -19.34194825078839486, 67.51982736465296853, 61.82740059755261797 ) ) ;
#4173 = CARTESIAN_POINT ( 'NONE',  ( -64.99999999999998579, 71.00000000000000000, -7.000000000000000000 ) ) ;
#4174 = LINE ( 'NONE', #7572, #6082 ) ;
#4175 = CARTESIAN_POINT ( 'NONE',  ( -39.03108891324624352, 71.00000000000000000, 60.60382907247912243 ) ) ;
#4176 = CARTESIAN_POINT ( 'NONE',  ( 20.22153365615184129, 58.45755855706298121, -67.85563064041558334 ) ) ;
#4177 = CARTESIAN_POINT ( 'NONE',  ( -60.24923405911262364, 68.77445268785325538, -7.019518324699832057 ) ) ;
#4178 = CARTESIAN_POINT ( 'NONE',  ( 41.78572573259913980, 82.99999999999998579, -24.12500000000006040 ) ) ;
#4179 = CONICAL_SURFACE ( 'NONE', #5065, 3.500000000000004441, 0.7853981633974482790 ) ;
#4180 = ORIENTED_EDGE ( 'NONE', *, *, #7235, .T. ) ;
#4181 = EDGE_CURVE ( 'NONE', #154, #7203, #8792, .T. ) ;
#4182 = EDGE_CURVE ( 'NONE', #7854, #769, #1215, .T. ) ;
#4183 = CARTESIAN_POINT ( 'NONE',  ( 47.77102320616373277, 60.24613397907615564, 54.74183932262877050 ) ) ;
#4184 = CARTESIAN_POINT ( 'NONE',  ( 50.40389004036475029, 50.03241630556093611, 54.59745953699288634 ) ) ;
#4185 = ORIENTED_EDGE ( 'NONE', *, *, #2089, .F. ) ;
#4186 = EDGE_LOOP ( 'NONE', ( #7257, #2571 ) ) ;
#4187 = CARTESIAN_POINT ( 'NONE',  ( 63.74389181948988892, 68.85403784749226475, -5.708773146178974578 ) ) ;
#4188 = AXIS2_PLACEMENT_3D ( 'NONE', #6210, #6121, #1157 ) ;
#4189 = EDGE_LOOP ( 'NONE', ( #4140, #2990, #2610, #7378, #7627, #6578, #2756, #8057, #1345 ) ) ;
#4190 = CARTESIAN_POINT ( 'NONE',  ( 44.41072685987245450, 68.75925333859642308, -48.92163532236232726 ) ) ;
#4191 = CARTESIAN_POINT ( 'NONE',  ( 52.26855458624334005, 71.84034635221566134, -24.81862494615024062 ) ) ;
#4192 = FACE_OUTER_BOUND ( 'NONE', #207, .T. ) ;
#4193 = CARTESIAN_POINT ( 'NONE',  ( 44.18428772538158000, 78.80581759525675523, -13.88080714297892726 ) ) ;
#4194 = CARTESIAN_POINT ( 'NONE',  ( 44.10695973592176955, 64.46462010821703359, 49.59036991808358152 ) ) ;
#4195 = ORIENTED_EDGE ( 'NONE', *, *, #7910, .F. ) ;
#4196 = AXIS2_PLACEMENT_3D ( 'NONE', #1337, #6758, #2757 ) ;
#4197 = CARTESIAN_POINT ( 'NONE',  ( -64.43331582578620953, 69.27093940922776483, 8.812094413016440697 ) ) ;
#4198 = CARTESIAN_POINT ( 'NONE',  ( 19.36459197632371954, 60.80372878173845663, 66.41781701759551026 ) ) ;
#4199 = ORIENTED_EDGE ( 'NONE', *, *, #8284, .F. ) ;
#4200 = CARTESIAN_POINT ( 'NONE',  ( 64.99999999996023803, 65.51688459726869951, -5.452655033214315772 ) ) ;
#4201 = AXIS2_PLACEMENT_3D ( 'NONE', #6258, #7460, #4064 ) ;
#4202 = ORIENTED_EDGE ( 'NONE', *, *, #717, .T. ) ;
#4203 = CARTESIAN_POINT ( 'NONE',  ( 69.79433062988464087, 56.99209030537475940, 16.40152282395051841 ) ) ;
#4204 = ADVANCED_FACE ( 'NONE', ( #2521, #6777 ), #536, .T. ) ;
#4205 = CARTESIAN_POINT ( 'NONE',  ( -72.00000000000000000, 71.00000000000000000, -7.000000000000000000 ) ) ;
#4206 = CARTESIAN_POINT ( 'NONE',  ( -63.40701041272041749, 65.33113625350709697, 13.99999999999215561 ) ) ;
#4207 = DIRECTION ( 'NONE',  ( 0.4999999999999919509, -0.000000000000000000, 0.8660254037844432595 ) ) ;
#4208 = CARTESIAN_POINT ( 'NONE',  ( 46.43197497068467783, 77.61423287982320574, -14.68703209617458150 ) ) ;
#4209 = CARTESIAN_POINT ( 'NONE',  ( 72.00000000000000000, 80.99999999999998579, -14.00000000000000000 ) ) ;
#4210 = VECTOR ( 'NONE', #5852, 1000.000000000000000 ) ;
#4211 = CARTESIAN_POINT ( 'NONE',  ( 12.12435565298219942, 60.99999999999988631, -6.999999999999898748 ) ) ;
#4212 = CARTESIAN_POINT ( 'NONE',  ( 0.000000000000000000, 76.42166581354543098, 0.000000000000000000 ) ) ;
#4213 = CARTESIAN_POINT ( 'NONE',  ( 48.29471644350135051, 58.46542898070951821, -55.64890261727566667 ) ) ;
#4214 = DIRECTION ( 'NONE',  ( -0.8660254037844370423, 0.000000000000000000, -0.5000000000000029976 ) ) ;
#4215 = ORIENTED_EDGE ( 'NONE', *, *, #4003, .T. ) ;
#4216 = EDGE_LOOP ( 'NONE', ( #2799, #1047, #4864, #1774, #2879, #4341, #5738, #2054, #2036, #8725, #3221, #4703, #4580 ) ) ;
#4217 = CYLINDRICAL_SURFACE ( 'NONE', #3786, 18.25000000000000000 ) ;
#4218 = CARTESIAN_POINT ( 'NONE',  ( 49.72415587631104472, 51.39785929380890650, -58.12476434124462088 ) ) ;
#4219 = DIRECTION ( 'NONE',  ( 0.4999999999999979461, 0.000000000000000000, 0.8660254037844397068 ) ) ;
#4220 = CARTESIAN_POINT ( 'NONE',  ( 67.20383346381716194, 65.17649743225111081, 14.00000000000000533 ) ) ;
#4221 = CARTESIAN_POINT ( 'NONE',  ( 40.33964015088706390, 65.39667126428706467, -29.85671066031477849 ) ) ;
#4222 = VECTOR ( 'NONE', #6004, 1000.000000000000000 ) ;
#4223 = CARTESIAN_POINT ( 'NONE',  ( 65.00000000000000000, 70.96746529199602094, -9.499788289590759049 ) ) ;
#4224 = CARTESIAN_POINT ( 'NONE',  ( 36.38537941636774065, 70.99999999999810996, -54.02132580181913823 ) ) ;
#4225 = CARTESIAN_POINT ( 'NONE',  ( 40.52218322090221392, 70.09640354703701348, 51.51222116030064058 ) ) ;
#4226 = DIRECTION ( 'NONE',  ( -0.4999999999999980016, -0.000000000000000000, -0.8660254037844398178 ) ) ;
#4227 = CARTESIAN_POINT ( 'NONE',  ( 50.32307433495309112, 48.33919397457051303, -55.03992724158227645 ) ) ;
#4228 = ADVANCED_FACE ( 'NONE', ( #3365 ), #7207, .F. ) ;
#4229 = CARTESIAN_POINT ( 'NONE',  ( 44.14906683162889323, 68.11553659766630631, 48.46842685913634341 ) ) ;
#4230 = CARTESIAN_POINT ( 'NONE',  ( -23.25721585009630132, 56.26540278043288623, 68.28267949490437161 ) ) ;
#4231 = FACE_OUTER_BOUND ( 'NONE', #2361, .T. ) ;
#4232 = EDGE_LOOP ( 'NONE', ( #2833, #1281, #4780, #7493 ) ) ;
#4233 = ORIENTED_EDGE ( 'NONE', *, *, #2650, .T. ) ;
#4234 = CARTESIAN_POINT ( 'NONE',  ( 64.81087061278931571, 70.30594628184095995, -4.592087694980032886 ) ) ;
#4235 = AXIS2_PLACEMENT_3D ( 'NONE', #1431, #5725, #7119 ) ;
#4236 = ORIENTED_EDGE ( 'NONE', *, *, #6427, .T. ) ;
#4237 = CARTESIAN_POINT ( 'NONE',  ( 0.000000000000000000, 43.00000000000000000, 0.000000000000000000 ) ) ;
#4238 = CARTESIAN_POINT ( 'NONE',  ( 33.86304777207713812, 78.98695802997671933, -31.02333761017795055 ) ) ;
#4239 = DIRECTION ( 'NONE',  ( 0.4999999999999919509, -0.000000000000000000, 0.8660254037844432595 ) ) ;
#4240 = ADVANCED_FACE ( 'NONE', ( #2688 ), #2712, .F. ) ;
#4241 = CARTESIAN_POINT ( 'NONE',  ( 33.29317827478638492, 80.10812318693440659, -14.27617325198186471 ) ) ;
#4242 = CARTESIAN_POINT ( 'NONE',  ( 20.20330940820748111, 64.16889629970394537, 62.99315837604844859 ) ) ;
#4243 = ORIENTED_EDGE ( 'NONE', *, *, #4980, .F. ) ;
#4244 = DIRECTION ( 'NONE',  ( 1.000000000000000000, -0.000000000000000000, 0.000000000000000000 ) ) ;
#4245 = CARTESIAN_POINT ( 'NONE',  ( 0.000000000000000000, 43.00000000000000000, 0.000000000000000000 ) ) ;
#4246 = CARTESIAN_POINT ( 'NONE',  ( -28.42908925020502764, 70.30717204307053692, -58.42411936784157689 ) ) ;
#4247 = ORIENTED_EDGE ( 'NONE', *, *, #399, .T. ) ;
#4248 = CARTESIAN_POINT ( 'NONE',  ( 72.82105316056808419, 47.95356825463714046, 16.34516635169579146 ) ) ;
#4249 = VERTEX_POINT ( 'NONE', #5290 ) ;
#4250 = CARTESIAN_POINT ( 'NONE',  ( -67.01606875056147317, 61.76078178287569642, 14.00000000001659650 ) ) ;
#4251 = EDGE_CURVE ( 'NONE', #4601, #777, #6370, .T. ) ;
#4252 = CARTESIAN_POINT ( 'NONE',  ( -43.00011507332877869, 55.44023957952463633, 69.46864624966724477 ) ) ;
#4253 = VERTEX_POINT ( 'NONE', #8941 ) ;
#4254 = CARTESIAN_POINT ( 'NONE',  ( 35.95773191794470591, 81.83303176442692006, -15.38396285631785965 ) ) ;
#4255 = CARTESIAN_POINT ( 'NONE',  ( -21.76155449978599776, 52.40596060623923336, 70.42181178082262250 ) ) ;
#4256 = EDGE_CURVE ( 'NONE', #8151, #7425, #5286, .T. ) ;
#4257 = CARTESIAN_POINT ( 'NONE',  ( -18.17139975875046431, 67.97759162091476526, -59.04567651023194230 ) ) ;
#4258 = DIRECTION ( 'NONE',  ( 0.000000000000000000, 0.000000000000000000, 1.000000000000000000 ) ) ;
#4259 = CARTESIAN_POINT ( 'NONE',  ( 49.99210123753645263, 53.09967776847466325, -53.84997973058867871 ) ) ;
#4260 = FACE_OUTER_BOUND ( 'NONE', #3881, .T. ) ;
#4261 = EDGE_LOOP ( 'NONE', ( #3904, #7365 ) ) ;
#4262 = VERTEX_POINT ( 'NONE', #2728 ) ;
#4263 = DIRECTION ( 'NONE',  ( 0.8660254037844328234, 0.000000000000000000, 0.5000000000000101030 ) ) ;
#4264 = DIRECTION ( 'NONE',  ( -0.4999999999999980016, 0.000000000000000000, -0.8660254037844398178 ) ) ;
#4265 = CARTESIAN_POINT ( 'NONE',  ( 39.63166870741387982, 56.37186260610125288, -71.44408386050180582 ) ) ;
#4266 = CARTESIAN_POINT ( 'NONE',  ( -28.59891842534153739, 71.12363490468463567, -58.53477975420936730 ) ) ;
#4267 = CARTESIAN_POINT ( 'NONE',  ( 36.18079849276227833, 68.30127731825072601, -26.00792089141052088 ) ) ;
#4268 = UNCERTAINTY_MEASURE_WITH_UNIT (LENGTH_MEASURE( 1.000000000000000082E-05 ), #6865, 'distance_accuracy_value', 'NONE');
#4269 = FACE_OUTER_BOUND ( 'NONE', #2564, .T. ) ;
#4270 = CARTESIAN_POINT ( 'NONE',  ( 33.74459820814027466, 79.07173575730919879, -30.88545689799277127 ) ) ;
#4271 = CARTESIAN_POINT ( 'NONE',  ( 48.90842966887131382, 57.64672313975278684, -51.89662894927088388 ) ) ;
#4272 = CARTESIAN_POINT ( 'NONE',  ( -60.25777329459829446, 69.01500649860547298, -2.796640345491380852 ) ) ;
#4273 = CARTESIAN_POINT ( 'NONE',  ( 24.71189067379247462, 46.58991269261736790, 71.56635610030861017 ) ) ;
#4274 = CARTESIAN_POINT ( 'NONE',  ( 50.07336245451457302, 47.93260228642033383, -55.43212596169135509 ) ) ;
#4275 = ORIENTED_EDGE ( 'NONE', *, *, #420, .F. ) ;
#4276 = CARTESIAN_POINT ( 'NONE',  ( -36.46094564971596697, 69.70509232733361671, -53.44052230872302545 ) ) ;
#4277 = CIRCLE ( 'NONE', #8976, 77.70000000000000284 ) ;
#4278 = CARTESIAN_POINT ( 'NONE',  ( -24.04600513754006030, 58.46542898070119776, 69.64890261727992993 ) ) ;
#4279 = CARTESIAN_POINT ( 'NONE',  ( 81.66166683285818806, 51.55980638453561227, -2.504995952597023567 ) ) ;
#4280 = ORIENTED_EDGE ( 'NONE', *, *, #2543, .T. ) ;
#4281 = DIRECTION ( 'NONE',  ( 0.8660254037844434816, 0.000000000000000000, -0.4999999999999916733 ) ) ;
#4282 = ORIENTED_EDGE ( 'NONE', *, *, #5160, .T. ) ;
#4283 = FACE_OUTER_BOUND ( 'NONE', #1159, .T. ) ;
#4284 = CARTESIAN_POINT ( 'NONE',  ( -81.65108227053922008, 52.09450612788486978, -2.827850109763081043 ) ) ;
#4285 = EDGE_CURVE ( 'NONE', #6785, #6937, #960, .T. ) ;
#4286 = CARTESIAN_POINT ( 'NONE',  ( -63.18582752819851578, 64.95410340582363062, 16.48162287518126234 ) ) ;
#4287 = CARTESIAN_POINT ( 'NONE',  ( 46.66555145386929837, 77.47320430515202361, -14.82192165795324712 ) ) ;
#4288 = CARTESIAN_POINT ( 'NONE',  ( 37.22213777680376978, 65.51688459726831582, 53.56532372942358222 ) ) ;
#4289 = ORIENTED_EDGE ( 'NONE', *, *, #1696, .F. ) ;
#4290 = AXIS2_PLACEMENT_3D ( 'NONE', #5195, #8678, #6567 ) ;
#4291 = CARTESIAN_POINT ( 'NONE',  ( 44.54133311259071348, 69.31868612655863160, 49.14785198785831710 ) ) ;
#4292 = CARTESIAN_POINT ( 'NONE',  ( 61.64566371216907470, 67.10144858561952219, 15.06400558078638241 ) ) ;
#4293 = EDGE_LOOP ( 'NONE', ( #4081, #6493, #6530, #386 ) ) ;
#4294 = CARTESIAN_POINT ( 'NONE',  ( 60.25892115257881443, 69.04744775500044796, -2.863572514968645955 ) ) ;
#4295 = ORIENTED_EDGE ( 'NONE', *, *, #6253, .F. ) ;
#4296 = CARTESIAN_POINT ( 'NONE',  ( 72.24456889368667589, 51.06858755565814789, 16.35727458310203275 ) ) ;
#4297 = CARTESIAN_POINT ( 'NONE',  ( -47.33171289918480085, 61.51576396130460722, -53.98093155065166826 ) ) ;
#4298 = ORIENTED_EDGE ( 'NONE', *, *, #3404, .T. ) ;
#4299 = CARTESIAN_POINT ( 'NONE',  ( -66.41440648059730734, 65.95929522015353541, 14.00000000000000178 ) ) ;
#4300 = CARTESIAN_POINT ( 'NONE',  ( -38.11837159086114468, 53.91441783156428613, 72.26258564705284471 ) ) ;
#4301 = B_SPLINE_CURVE_WITH_KNOTS ( 'NONE', 3,
 ( #2133, #2041, #8302, #4220, #616, #7612, #1251, #24, #2723, #2681, #8845, #1444, #3402, #5496, #4802, #3357, #6899, #1397 ),
 .UNSPECIFIED., .F., .F.,
 ( 4, 2, 2, 2, 2, 2, 2, 2, 4 ),
 ( -0.001263708229997874367, 0.001977653895833422423, 0.005219016021664719431, 0.01170174027332731431, 0.01332242133624296325, 0.01494310239915861219, 0.01818446452498992394, 0.02142582665082123916, 0.02466718877665255438 ),
 .UNSPECIFIED. ) ;
#4302 = B_SPLINE_CURVE_WITH_KNOTS ( 'NONE', 3,
 ( #7289, #6491, #2495, #4479, #2359, #5074, #1627, #7241, #1021, #3809, #246, #335, #1060, #5125, #4389, #8656, #2444, #7970, #3848, #1756, #6622, #3934, #6063, #6786, #2567, #6835, #8137, #592, #6110, #5982, #4683, #1145, #4646, #5298 ),
 .UNSPECIFIED., .F., .F.,
 ( 4, 2, 2, 2, 2, 2, 2, 2, 2, 2, 2, 2, 2, 2, 2, 2, 4 ),
 ( 0.000000000000000000, 0.0005381759984484943502, 0.001076351996896988700, 0.001614527995345483051, 0.002152703993793977401, 0.002690879992242471534, 0.003229055990690966101, 0.003767231989139460668, 0.004305407987587954802, 0.004574495986812202736, 0.004843583986036448935, 0.005381759984484943068, 0.005919935982933438069, 0.006458111981381932203, 0.007534463978278939551, 0.008072639976727462308, 0.008610815975175982462 ),
 .UNSPECIFIED. ) ;
#4303 = CARTESIAN_POINT ( 'NONE',  ( 34.05856216762564515, 82.21583250425091194, -16.98038226150844565 ) ) ;
#4304 = CONICAL_SURFACE ( 'NONE', #5904, 14.00000000000000000, 0.7853981633974498333 ) ;
#4305 = DIRECTION ( 'NONE',  ( -0.8660254037844389297, 0.000000000000000000, 0.4999999999999993894 ) ) ;
#4306 =( BOUNDED_SURFACE ( )  B_SPLINE_SURFACE ( 3, 2, ( 
 ( #7130, #3686, #6460 ),
 ( #3006, #5780, #2132 ),
 ( #7658, #4895, #1443 ),
 ( #5949, #344, #3944 ),
 ( #472, #8062, #3771 ),
 ( #2506, #7985, #8710 ),
 ( #3261, #1726, #5864 ),
 ( #8586, #1846, #1770 ),
 ( #6716, #3136, #7340 ),
 ( #8748, #2456, #8628 ),
 ( #1158, #5903, #5221 ),
 ( #3223, #4611, #6594 ),
 ( #1035, #384, #4535 ),
 ( #2374, #5271, #4490 ),
 ( #5139, #2540, #5993 ),
 ( #8666, #7299, #1809 ),
 ( #1070, #6552, #8026 ),
 ( #3859, #7259, #1684 ),
 ( #3175, #4574, #6632 ),
 ( #1108, #3821, #3898 ) ),
 .UNSPECIFIED., .F., .F., .F. ) 
 B_SPLINE_SURFACE_WITH_KNOTS ( ( 4, 2, 2, 2, 2, 2, 2, 2, 2, 4 ),
 ( 3, 3 ),
 ( 0.01252048609958923177, 0.01610381331546555106, 0.01789547692340370810, 0.01968714053134186862, 0.02327046774721818617, 0.02685379496309450720, 0.03402044939484714925, 0.03581211300278530629, 0.03760377661072346334, 0.04118710382659978436 ),
 ( 0.000000000000000000, 1.000000000000000000 ),
 .UNSPECIFIED. ) 
 GEOMETRIC_REPRESENTATION_ITEM ( )  RATIONAL_B_SPLINE_SURFACE ( (
 ( 1.000000000000000000, 0.7806367264523393912, 1.000000000000000000),
 ( 1.000000000000000000, 0.7806525983865794105, 1.000000000000000000),
 ( 1.000000000000000000, 0.7804736193012190570, 1.000000000000000000),
 ( 1.000000000000000000, 0.7799347764562923890, 1.000000000000000000),
 ( 1.000000000000000000, 0.7797094506919913792, 1.000000000000000000),
 ( 1.000000000000000000, 0.7791796795196938019, 1.000000000000000000),
 ( 1.000000000000000000, 0.7788772256527646265, 1.000000000000000000),
 ( 1.000000000000000000, 0.7778777612642534534, 1.000000000000000000),
 ( 1.000000000000000000, 0.7770891790791427667, 1.000000000000000000),
 ( 1.000000000000000000, 0.7753695393491812915, 1.000000000000000000),
 ( 1.000000000000000000, 0.7744333973517250058, 1.000000000000000000),
 ( 1.000000000000000000, 0.7716017430420836209, 1.000000000000000000),
 ( 1.000000000000000000, 0.7696820186676945896, 1.000000000000000000),
 ( 1.000000000000000000, 0.7674401967823171189, 1.000000000000000000),
 ( 1.000000000000000000, 0.7669988342218113653, 1.000000000000000000),
 ( 1.000000000000000000, 0.7661320856132597390, 1.000000000000000000),
 ( 1.000000000000000000, 0.7657059992056470810, 1.000000000000000000),
 ( 1.000000000000000000, 0.7644628963691620926, 1.000000000000000000),
 ( 1.000000000000000000, 0.7636784586033144029, 1.000000000000000000),
 ( 1.000000000000000000, 0.7629366208023391493, 1.000000000000000000) ) ) 
 REPRESENTATION_ITEM ( '' )  SURFACE ( )  );
#4307 = DIRECTION ( 'NONE',  ( 0.5000000000000039968, -0.000000000000000000, -0.8660254037844363761 ) ) ;
#4308 = EDGE_CURVE ( 'NONE', #6364, #3210, #2092, .T. ) ;
#4309 = CARTESIAN_POINT ( 'NONE',  ( 50.22083601859745272, 51.58051168082237581, -54.26483504255787693 ) ) ;
#4310 = EDGE_CURVE ( 'NONE', #5689, #8297, #3505, .T. ) ;
#4311 = CARTESIAN_POINT ( 'NONE',  ( 41.78572573259913980, 82.99999999999998579, -24.12500000000006040 ) ) ;
#4313 = ORIENTED_EDGE ( 'NONE', *, *, #4793, .T. ) ;
#4312 = AXIS2_PLACEMENT_3D ( 'NONE', #4661, #3266, #8154 ) ;
#4314 = ORIENTED_EDGE ( 'NONE', *, *, #2214, .T. ) ;
#4315 = FACE_BOUND ( 'NONE', #5467, .T. ) ;
#4316 = CARTESIAN_POINT ( 'NONE',  ( 43.53884283324711646, 53.49999999999999289, -69.13218617071072458 ) ) ;
#4317 = CARTESIAN_POINT ( 'NONE',  ( -64.89535547324334175, 69.51517159522332179, 14.00000000000000000 ) ) ;
#4318 = CARTESIAN_POINT ( 'NONE',  ( -66.70000000000000284, 43.00000000000000000, 8.168394150312846688E-15 ) ) ;
#4319 = B_SPLINE_CURVE_WITH_KNOTS ( 'NONE', 3,
 ( #5554, #7622, #7577, #814, #1506, #33, #1552, #5009, #1408, #6330, #7770, #4274, #3600, #4227, #7048, #5700 ),
 .UNSPECIFIED., .F., .F.,
 ( 4, 2, 2, 2, 2, 2, 2, 4 ),
 ( 0.000000000000000000, 0.0006165529096399799056, 0.001233105819279959811, 0.001849658728919939717, 0.002466211638559919622, 0.003699317457839893311, 0.004315870367479875819, 0.004932423277119859194 ),
 .UNSPECIFIED. ) ;
#4320 = DIRECTION ( 'NONE',  ( 1.000000000000000000, 0.000000000000000000, 0.000000000000000000 ) ) ;
#4321 = CARTESIAN_POINT ( 'NONE',  ( 32.77621190726371481, 76.58159962685166988, -32.78659736835049188 ) ) ;
#4322 = CARTESIAN_POINT ( 'NONE',  ( -35.11544219401797307, 71.45243200156991747, 54.78162499122226592 ) ) ;
#4323 = EDGE_CURVE ( 'NONE', #5224, #1646, #4720, .T. ) ;
#4324 = CARTESIAN_POINT ( 'NONE',  ( -72.71679280154886271, 48.61675045524525984, -16.34738703895267875 ) ) ;
#4325 = ADVANCED_FACE ( 'NONE', ( #812 ), #5242, .F. ) ;
#4326 = CARTESIAN_POINT ( 'NONE',  ( -37.79046942205159354, 68.49963253946565089, -51.29952958292565768 ) ) ;
#4327 = CARTESIAN_POINT ( 'NONE',  ( -20.64763696491407785, 66.79099053449102996, 63.76275627946697000 ) ) ;
#4328 = CARTESIAN_POINT ( 'NONE',  ( 81.67748848400013628, 50.96380160113518798, -1.925375244095528293 ) ) ;
#4329 = ORIENTED_EDGE ( 'NONE', *, *, #8585, .F. ) ;
#4330 = CARTESIAN_POINT ( 'NONE',  ( -37.22213777680980940, 65.51688459728616465, -53.56532372934472619 ) ) ;
#4331 = VERTEX_POINT ( 'NONE', #3350 ) ;
#4332 = CARTESIAN_POINT ( 'NONE',  ( -50.56585586994378900, 47.95356825463747441, -54.89229879153314329 ) ) ;
#4333 = LINE ( 'NONE', #1744, #8705 ) ;
#4334 = CARTESIAN_POINT ( 'NONE',  ( 72.82751238113402792, 48.33919397457049172, 16.06109714981063163 ) ) ;
#4335 = DIRECTION ( 'NONE',  ( 0.000000000000000000, 0.000000000000000000, -1.000000000000000000 ) ) ;
#4336 = CARTESIAN_POINT ( 'NONE',  ( 20.89947254020720635, 64.46641794741577769, 62.98921889760580939 ) ) ;
#4337 = ORIENTED_EDGE ( 'NONE', *, *, #3744, .F. ) ;
#4338 = CIRCLE ( 'NONE', #7842, 66.70000000000000284 ) ;
#4339 = CARTESIAN_POINT ( 'NONE',  ( 65.00000000000000000, 70.96746529199602094, -9.499788289590759049 ) ) ;
#4340 = DIRECTION ( 'NONE',  ( 0.000000000000000000, 1.000000000000000000, 0.000000000000000000 ) ) ;
#4341 = ORIENTED_EDGE ( 'NONE', *, *, #5868, .T. ) ;
#4342 = CARTESIAN_POINT ( 'NONE',  ( -25.21782718927727984, 68.90896350638888634, 55.01584595351629048 ) ) ;
#4343 = ORIENTED_EDGE ( 'NONE', *, *, #1860, .T. ) ;
#4344 = CARTESIAN_POINT ( 'NONE',  ( 70.76314300613157116, 56.26540278044259225, 13.99999999999896083 ) ) ;
#4345 = ORIENTED_EDGE ( 'NONE', *, *, #1037, .T. ) ;
#4346 = CARTESIAN_POINT ( 'NONE',  ( -74.92538051898900164, 52.38165315073361228, 13.99999999999999467 ) ) ;
#4347 = AXIS2_PLACEMENT_3D ( 'NONE', #2191, #2143, #2872 ) ;
#4348 = CARTESIAN_POINT ( 'NONE',  ( 81.99999999999998579, 53.49999999999999289, -3.500000000000003109 ) ) ;
#4349 = VECTOR ( 'NONE', #2325, 1000.000000000000114 ) ;
#4350 = DIRECTION ( 'NONE',  ( 3.552713678800500929E-15, 0.000000000000000000, 1.000000000000000000 ) ) ;
#4351 = EDGE_CURVE ( 'NONE', #7034, #4054, #4830, .T. ) ;
#4352 = CARTESIAN_POINT ( 'NONE',  ( 74.39065197852249867, 54.10447137732717238, -14.00000000000001243 ) ) ;
#4353 = CARTESIAN_POINT ( 'NONE',  ( -44.77528813446718203, 66.83309344415620501, 44.55162171656893833 ) ) ;
#4354 = CARTESIAN_POINT ( 'NONE',  ( -72.76727878451055176, 48.47834918484085875, -16.20409091558724768 ) ) ;
#4355 = ORIENTED_EDGE ( 'NONE', *, *, #1362, .T. ) ;
#4356 = DIRECTION ( 'NONE',  ( -1.000000000000000000, 0.000000000000000000, 0.000000000000000000 ) ) ;
#4357 = CARTESIAN_POINT ( 'NONE',  ( 44.77528813446622280, 66.83309344415617659, 44.55162171656986203 ) ) ;
#4358 = FACE_OUTER_BOUND ( 'NONE', #4662, .T. ) ;
#4359 = CARTESIAN_POINT ( 'NONE',  ( 64.67211924113082944, 68.93947535392156567, 13.99999999999999822 ) ) ;
#4360 = CARTESIAN_POINT ( 'NONE',  ( 29.93782217350923602, 71.00000000000000000, -65.85382907247945639 ) ) ;
#4361 = ADVANCED_FACE ( 'NONE', ( #2033 ), #7564, .T. ) ;
#4362 = AXIS2_PLACEMENT_3D ( 'NONE', #4551, #4591, #5921 ) ;
#4363 = ADVANCED_FACE ( 'NONE', ( #4078 ), #522, .F. ) ;
#4364 = CONICAL_SURFACE ( 'NONE', #1893, 3.500000000000007550, 0.7853981633974482790 ) ;
#4365 = CARTESIAN_POINT ( 'NONE',  ( -36.42142207180046398, 71.37356801941000128, -54.02761715722837010 ) ) ;
#4366 = CARTESIAN_POINT ( 'NONE',  ( 31.66580736731140888, 78.40702786669987745, -27.02288193496896440 ) ) ;
#4367 = CARTESIAN_POINT ( 'NONE',  ( 38.10080802636652919, 53.50000000000019185, 72.27183703032575579 ) ) ;
#4368 = CARTESIAN_POINT ( 'NONE',  ( -20.37564434701770466, 80.99999999999998579, -63.29165124598855385 ) ) ;
#4369 = ORIENTED_EDGE ( 'NONE', *, *, #6813, .F. ) ;
#4370 = ADVANCED_FACE ( 'NONE', ( #8199 ), #4744, .T. ) ;
#4371 = CARTESIAN_POINT ( 'NONE',  ( -40.69783026399304049, 70.60829653923212845, -51.53981774611123967 ) ) ;
#4372 = CARTESIAN_POINT ( 'NONE',  ( -22.98414166774047729, 57.23846896690478303, 67.80970113691567747 ) ) ;
#4373 = CARTESIAN_POINT ( 'NONE',  ( 81.70000372889562357, 50.29990106772760328, -0.2049002465473062640 ) ) ;
#4374 = ORIENTED_EDGE ( 'NONE', *, *, #1803, .T. ) ;
#4375 = CARTESIAN_POINT ( 'NONE',  ( -26.24437010085061317, 71.20242650879477253, -59.90334085221305571 ) ) ;
#4376 = EDGE_LOOP ( 'NONE', ( #4766, #8249, #7101, #8993, #1789, #7146, #2216, #8031, #4986 ) ) ;
#4377 = CYLINDRICAL_SURFACE ( 'NONE', #7122, 2.500000000000003553 ) ;
#4378 = CARTESIAN_POINT ( 'NONE',  ( -44.13679323862436377, 67.21757477858388086, 44.64269861300148534 ) ) ;
#4379 = CIRCLE ( 'NONE', #2780, 12.24999999999999289 ) ;
#4380 = CARTESIAN_POINT ( 'NONE',  ( 81.69389019535903174, 56.53468905190295146, -1.017542568515244161 ) ) ;
#4381 = CARTESIAN_POINT ( 'NONE',  ( 60.22077324338516746, 67.97807327255348753, -13.78358734409641073 ) ) ;
#4382 = DIRECTION ( 'NONE',  ( 0.4999999999999919509, -0.000000000000000000, 0.8660254037844432595 ) ) ;
#4383 = ORIENTED_EDGE ( 'NONE', *, *, #5815, .T. ) ;
#4384 = FACE_OUTER_BOUND ( 'NONE', #1573, .T. ) ;
#4385 = DIRECTION ( 'NONE',  ( 0.000000000000000000, 0.000000000000000000, 1.000000000000000000 ) ) ;
#4386 = ORIENTED_EDGE ( 'NONE', *, *, #6903, .F. ) ;
#4387 = CARTESIAN_POINT ( 'NONE',  ( -37.16867677365667788, 65.48387241167333173, 53.59618945395286005 ) ) ;
#4388 = ORIENTED_EDGE ( 'NONE', *, *, #8028, .F. ) ;
#4389 = CARTESIAN_POINT ( 'NONE',  ( -38.40203455855951375, 68.57946923655194382, 51.22243014127021610 ) ) ;
#4390 = CARTESIAN_POINT ( 'NONE',  ( -45.63239002827265978, 61.76078178285577991, -51.03761799975906399 ) ) ;
#4391 = CARTESIAN_POINT ( 'NONE',  ( -60.32558811070305183, 67.85093932666330829, 14.00000000000000178 ) ) ;
#4392 = CARTESIAN_POINT ( 'NONE',  ( 47.59759191356859276, 63.72388151703837877, -23.03800937388109560 ) ) ;
#4393 = ORIENTED_EDGE ( 'NONE', *, *, #5473, .F. ) ;
#4394 = CARTESIAN_POINT ( 'NONE',  ( -38.10080802636834107, 53.49999999999999289, 72.27183703032480366 ) ) ;
#4395 = CARTESIAN_POINT ( 'NONE',  ( -27.67280027441520573, 69.33091689129847168, 58.19600997358339356 ) ) ;
#4396 = CARTESIAN_POINT ( 'NONE',  ( 66.83987982525103178, 65.53555765175977399, -14.00000000000001243 ) ) ;
#4397 = CARTESIAN_POINT ( 'NONE',  ( 45.63239002827941704, 61.76078178287624354, -51.03761799974717661 ) ) ;
#4398 = CARTESIAN_POINT ( 'NONE',  ( -73.30362169248482473, 47.53496888141328469, -15.25325298063734358 ) ) ;
#4399 = VERTEX_POINT ( 'NONE', #1934 ) ;
#4400 = CARTESIAN_POINT ( 'NONE',  ( 19.90035552566535415, 68.11553659766630631, -62.46842685913584603 ) ) ;
#4401 = CARTESIAN_POINT ( 'NONE',  ( 50.35796847768050100, 50.54137333704080248, 54.51383548919504562 ) ) ;
#4402 = DIRECTION ( 'NONE',  ( -1.000000000000000000, -0.000000000000000000, -0.000000000000000000 ) ) ;
#4403 = CARTESIAN_POINT ( 'NONE',  ( -44.13677915315391687, 67.21756541262418239, -44.64274776568103675 ) ) ;
#4404 = VERTEX_POINT ( 'NONE', #6893 ) ;
#4405 = LINE ( 'NONE', #3726, #702 ) ;
#4406 = CARTESIAN_POINT ( 'NONE',  ( 26.92800334071181112, 68.85403784749226475, -58.05821622485466804 ) ) ;
#4407 = ORIENTED_EDGE ( 'NONE', *, *, #2501, .F. ) ;
#4408 = CARTESIAN_POINT ( 'NONE',  ( -38.56217782649094517, 71.00000000000000000, -52.79165124598858228 ) ) ;
#4409 = CARTESIAN_POINT ( 'NONE',  ( -21.88430766971232444, 51.58051168082953808, -70.62493731267957742 ) ) ;
#4410 = CARTESIAN_POINT ( 'NONE',  ( 37.37302530914065102, 74.84267152936557466, -33.68357512372356410 ) ) ;
#4411 = EDGE_CURVE ( 'NONE', #1646, #2733, #1295, .T. ) ;
#4412 = CARTESIAN_POINT ( 'NONE',  ( 43.40552645877709637, 54.52192121788566936, 69.21601241617794642 ) ) ;
#4413 = PLANE ( 'NONE',  #1161 ) ;
#4414 = CARTESIAN_POINT ( 'NONE',  ( -25.92183210288583695, 46.00000000000000000, 72.89793022746648887 ) ) ;
#4415 = DIRECTION ( 'NONE',  ( 0.000000000000000000, 0.000000000000000000, -1.000000000000000000 ) ) ;
#4416 = CARTESIAN_POINT ( 'NONE',  ( -40.59689719645002981, 70.26377626125636766, -51.52454672500792299 ) ) ;
#4417 = CARTESIAN_POINT ( 'NONE',  ( -21.63939982122978378, 53.09967776846193743, 70.21941952555879141 ) ) ;
#4418 = CARTESIAN_POINT ( 'NONE',  ( 81.64043369813713014, 53.08305678502461689, 3.119476016871366664 ) ) ;
#4419 = EDGE_CURVE ( 'NONE', #8438, #2767, #2432, .T. ) ;
#4420 = CARTESIAN_POINT ( 'NONE',  ( -41.82572651508287720, 64.91731202437927095, -50.90744053216917564 ) ) ;
#4421 = CARTESIAN_POINT ( 'NONE',  ( 28.59892440339577746, 71.12373005538609050, -58.53479010850477948 ) ) ;
#4422 = DIRECTION ( 'NONE',  ( -0.5000000000000101030, -0.000000000000000000, 0.8660254037844328234 ) ) ;
#4423 = CARTESIAN_POINT ( 'NONE',  ( -70.79241559697685204, 55.08934122040997750, 16.38478488074728290 ) ) ;
#4424 = EDGE_CURVE ( 'NONE', #7288, #5460, #7474, .T. ) ;
#4425 = CARTESIAN_POINT ( 'NONE',  ( 31.47523878934557828, 82.06892660854732924, -22.10642477201067280 ) ) ;
#4426 = LINE ( 'NONE', #409, #2604 ) ;
#4427 = LINE ( 'NONE', #3746, #7546 ) ;
#4428 = DIRECTION ( 'NONE',  ( -0.000000000000000000, -1.000000000000000000, -0.000000000000000000 ) ) ;
#4429 = CARTESIAN_POINT ( 'NONE',  ( 60.45792973660839920, 67.30765027970352321, 16.19996087626714143 ) ) ;
#4430 = VERTEX_POINT ( 'NONE', #8070 ) ;
#4431 = DIRECTION ( 'NONE',  ( -0.000000000000000000, -1.000000000000000000, -0.000000000000000000 ) ) ;
#4432 = EDGE_LOOP ( 'NONE', ( #7940, #6275, #348, #786 ) ) ;
#4433 = CARTESIAN_POINT ( 'NONE',  ( 50.35519766298508415, 73.62361595159579508, -15.66036566257154838 ) ) ;
#4434 = CARTESIAN_POINT ( 'NONE',  ( 42.22247165247514289, 50.71096036887453096, -69.94495950020726127 ) ) ;
#4435 = DIRECTION ( 'NONE',  ( -0.4999999999999980016, -0.000000000000000000, -0.8660254037844398178 ) ) ;
#4436 = EDGE_LOOP ( 'NONE', ( #5649, #7196, #2959, #8209 ) ) ;
#4437 = CARTESIAN_POINT ( 'NONE',  ( 29.08098115335100431, 79.19202838056598637, -26.33210324635400212 ) ) ;
#4438 = ADVANCED_FACE ( 'NONE', ( #1852 ), #4616, .T. ) ;
#4439 = CARTESIAN_POINT ( 'NONE',  ( 46.51366995749925337, 62.87556845101246950, -27.66044191980969202 ) ) ;
#4440 = CARTESIAN_POINT ( 'NONE',  ( 44.07253773871802593, 67.97021311775696972, 48.33587458195756881 ) ) ;
#4441 = VECTOR ( 'NONE', #1095, 1000.000000000000000 ) ;
#4442 = EDGE_CURVE ( 'NONE', #2831, #8071, #3381, .T. ) ;
#4443 = CARTESIAN_POINT ( 'NONE',  ( -26.76403545341379342, 68.77887806258434011, 58.04008555316993068 ) ) ;
#4444 = CARTESIAN_POINT ( 'NONE',  ( 67.01606875056172896, 61.76078178285882103, -14.00000000001867662 ) ) ;
#4445 = FACE_BOUND ( 'NONE', #7117, .T. ) ;
#4446 = CARTESIAN_POINT ( 'NONE',  ( -73.89637485823517693, 46.92052664020002339, -14.67361902691272846 ) ) ;
#4447 = VERTEX_POINT ( 'NONE', #1969 ) ;
#4448 = FACE_OUTER_BOUND ( 'NONE', #8695, .T. ) ;
#4449 = CARTESIAN_POINT ( 'NONE',  ( 43.53884283324622828, 53.29171544382818126, 69.13218617071130723 ) ) ;
#4450 = FACE_OUTER_BOUND ( 'NONE', #4697, .T. ) ;
#4451 = CARTESIAN_POINT ( 'NONE',  ( 28.54347538574246812, 70.64321809928574680, -58.47791945745565556 ) ) ;
#4452 = AXIS2_PLACEMENT_3D ( 'NONE', #2396, #1710, #4473 ) ;
#4453 = ORIENTED_EDGE ( 'NONE', *, *, #7458, .T. ) ;
#4454 = CARTESIAN_POINT ( 'NONE',  ( -43.16506350946092851, 53.49999999999999289, -69.76408311032406573 ) ) ;
#4455 = CARTESIAN_POINT ( 'NONE',  ( -21.43830434525923323, 54.09044109429439828, -69.88583011876009721 ) ) ;
#4456 = CARTESIAN_POINT ( 'NONE',  ( 40.01731597553079212, 73.05818993245424053, -35.96800255540314595 ) ) ;
#4457 = CARTESIAN_POINT ( 'NONE',  ( -81.63965085961430646, 53.49999999999999289, -3.139650859614323775 ) ) ;
#4458 = CARTESIAN_POINT ( 'NONE',  ( 40.13500111946132165, 56.59518969265896260, 71.16258137859581723 ) ) ;
#4459 = AXIS2_PLACEMENT_3D ( 'NONE', #2958, #4890, #2034 ) ;
#4460 = CARTESIAN_POINT ( 'NONE',  ( 15.90226845510178322, 67.39059217359785237, 60.40348427856233116 ) ) ;
#4461 = CARTESIAN_POINT ( 'NONE',  ( 75.81746117496031445, 46.02785684633894903, 14.00000000000000000 ) ) ;
#4462 = CARTESIAN_POINT ( 'NONE',  ( -12.12435565298220652, 45.99999999999999289, 6.999999999999887201 ) ) ;
#4463 = AXIS2_PLACEMENT_3D ( 'NONE', #2901, #7844, #889 ) ;
#4464 = DIRECTION ( 'NONE',  ( -1.000000000000000000, -0.000000000000000000, -0.000000000000000000 ) ) ;
#4465 = DIRECTION ( 'NONE',  ( -0.8660254037844373753, 0.000000000000000000, -0.5000000000000021094 ) ) ;
#4466 = CARTESIAN_POINT ( 'NONE',  ( -44.61387143696762081, 69.92428822641963393, 49.27349205117231890 ) ) ;
#4467 = CARTESIAN_POINT ( 'NONE',  ( -33.81189432581627585, 71.49162586044771217, -55.53422870383015209 ) ) ;
#4468 = CARTESIAN_POINT ( 'NONE',  ( 81.67749410369592056, 56.03637191239962334, -1.925093686217509870 ) ) ;
#4469 = CARTESIAN_POINT ( 'NONE',  ( 31.26037561566809941, 79.21310428518093261, -23.73806586029433063 ) ) ;
#4470 = CARTESIAN_POINT ( 'NONE',  ( 20.21170396758269305, 68.93947535392156567, 63.00769817939590212 ) ) ;
#4471 = EDGE_CURVE ( 'NONE', #4477, #2804, #6910, .T. ) ;
#4472 = ORIENTED_EDGE ( 'NONE', *, *, #6253, .T. ) ;
#4473 = DIRECTION ( 'NONE',  ( 0.8660254037844422603, 0.000000000000000000, -0.4999999999999936717 ) ) ;
#4474 = EDGE_CURVE ( 'NONE', #2655, #3669, #1400, .T. ) ;
#4475 = VERTEX_POINT ( 'NONE', #3474 ) ;
#4476 = CARTESIAN_POINT ( 'NONE',  ( -47.39607444059567598, 69.72839117303327328, 47.69139865784160293 ) ) ;
#4477 = VERTEX_POINT ( 'NONE', #5476 ) ;
#4478 = CIRCLE ( 'NONE', #538, 3.500000000000007550 ) ;
#4479 = CARTESIAN_POINT ( 'NONE',  ( -40.59630045302930768, 70.26211178556557968, 51.52445229039301466 ) ) ;
#4480 = CARTESIAN_POINT ( 'NONE',  ( 44.14906683162959666, 68.11553659766627788, -48.46842685913578208 ) ) ;
#4481 = DIRECTION ( 'NONE',  ( -1.000000000000000000, -0.000000000000000000, -0.000000000000000000 ) ) ;
#4482 = DIRECTION ( 'NONE',  ( -0.8660254037844358210, 0.000000000000000000, -0.5000000000000051070 ) ) ;
#4483 = CARTESIAN_POINT ( 'NONE',  ( 43.87312544204364428, 67.51982736465296853, 47.66431884264293473 ) ) ;
#4484 = CARTESIAN_POINT ( 'NONE',  ( 71.70771068004182780, 54.28634147768601537, -13.99999999997916156 ) ) ;
#4485 = EDGE_CURVE ( 'NONE', #8912, #8899, #3663, .T. ) ;
#4486 = CARTESIAN_POINT ( 'NONE',  ( 0.000000000000000000, 61.00000000000000000, 0.000000000000000000 ) ) ;
#4487 = CARTESIAN_POINT ( 'NONE',  ( -49.68038905374768177, 46.30971242683345679, 57.73509042372638334 ) ) ;
#4488 = VERTEX_POINT ( 'NONE', #7502 ) ;
#4489 = DIRECTION ( 'NONE',  ( -0.4999999999999980016, -0.000000000000000000, -0.8660254037844398178 ) ) ;
#4490 = CARTESIAN_POINT ( 'NONE',  ( -66.83987982525104599, 65.53555765176808734, -13.99999999999998046 ) ) ;
#4491 = VECTOR ( 'NONE', #4510, 999.9999999999998863 ) ;
#4492 = B_SPLINE_CURVE_WITH_KNOTS ( 'NONE', 3,
 ( #3003, #938, #3722, #5136, #4487, #7901, #6629, #1031, #3818, #7211, #341, #258, #3044, #3855, #5819, #2370 ),
 .UNSPECIFIED., .F., .F.,
 ( 4, 2, 2, 2, 2, 2, 2, 4 ),
 ( 0.000000000000000000, 0.0006165529096399820740, 0.001233105819279964148, 0.001849658728919946439, 0.002466211638559928296, 0.003699317457839893745, 0.004315870367479875819, 0.004932423277119859194 ),
 .UNSPECIFIED. ) ;
#4493 = CARTESIAN_POINT ( 'NONE',  ( 66.70000000000000284, 43.00000000000000000, 0.000000000000000000 ) ) ;
#4494 = CARTESIAN_POINT ( 'NONE',  ( 25.07365741570380635, 68.62721756489253266, -59.03213558518277182 ) ) ;
#4495 = CIRCLE ( 'NONE', #5227, 2.499999999999999556 ) ;
#4496 = VECTOR ( 'NONE', #2137, 1000.000000000000114 ) ;
#4497 = ORIENTED_EDGE ( 'NONE', *, *, #8650, .T. ) ;
#4498 = CARTESIAN_POINT ( 'NONE',  ( -48.42478646401765729, 51.72162299948585229, 55.87419050137103227 ) ) ;
#4499 = CARTESIAN_POINT ( 'NONE',  ( 49.98382990229479361, 71.22238686447622058, -30.69558711280324914 ) ) ;
#4500 = DIRECTION ( 'NONE',  ( 0.000000000000000000, -0.7071067811865470176, -0.7071067811865480168 ) ) ;
#4501 = AXIS2_PLACEMENT_3D ( 'NONE', #4212, #2715, #748 ) ;
#4502 = CARTESIAN_POINT ( 'NONE',  ( -47.77102320616412356, 60.24613397907616985, -54.74183932262845786 ) ) ;
#4503 = CIRCLE ( 'NONE', #3067, 75.70000000000001705 ) ;
#4504 = PLANE ( 'NONE',  #1272 ) ;
#4505 = AXIS2_PLACEMENT_3D ( 'NONE', #7947, #3907, #6681 ) ;
#4506 = VECTOR ( 'NONE', #377, 1000.000000000000000 ) ;
#4507 = DIRECTION ( 'NONE',  ( -0.5000000000000101030, 0.000000000000000000, 0.8660254037844328234 ) ) ;
#4508 = AXIS2_PLACEMENT_3D ( 'NONE', #3935, #4564, #1189 ) ;
#4509 = DIRECTION ( 'NONE',  ( -0.000000000000000000, -1.000000000000000000, -0.000000000000000000 ) ) ;
#4510 = DIRECTION ( 'NONE',  ( 0.5000000000000039968, 1.387778780781446267E-15, -0.8660254037844363761 ) ) ;
#4511 = CARTESIAN_POINT ( 'NONE',  ( 25.99174343502677687, 45.99999999999999289, -73.01902020676048721 ) ) ;
#4512 = CARTESIAN_POINT ( 'NONE',  ( -73.37920088587458167, 56.45424203979323607, 13.99999999999998934 ) ) ;
#4513 = CARTESIAN_POINT ( 'NONE',  ( -43.91044744688777257, 67.61734521269771392, 47.84946906423942181 ) ) ;
#4514 = CARTESIAN_POINT ( 'NONE',  ( 81.64559798504970445, 54.52237621921637611, -2.981996094592322066 ) ) ;
#4515 = FACE_OUTER_BOUND ( 'NONE', #4432, .T. ) ;
#4516 = VERTEX_POINT ( 'NONE', #6881 ) ;
#4517 = B_SPLINE_CURVE_WITH_KNOTS ( 'NONE', 3,
 ( #4710, #6282, #5591, #618, #3403, #4848, #3313, #8936, #6183, #6814, #5498, #2043, #4804, #7482, #7571, #1350 ),
 .UNSPECIFIED., .F., .F.,
 ( 4, 2, 2, 2, 2, 2, 2, 4 ),
 ( -1.074445212798337040E-05, 0.0006067862582658606297, 0.001224316968659704781, 0.002459378389447426476, 0.003076909099841288950, 0.003694439810235151424, 0.004311970520629014765, 0.004929501231022877239 ),
 .UNSPECIFIED. ) ;
#4518 = PLANE ( 'NONE',  #662 ) ;
#4519 = ORIENTED_EDGE ( 'NONE', *, *, #2646, .T. ) ;
#4520 = CONICAL_SURFACE ( 'NONE', #6116, 3.500000000000002665, 0.7853981633974482790 ) ;
#4521 = CARTESIAN_POINT ( 'NONE',  ( 66.70000000000000284, 43.00000000000000000, -133.4000000000000909 ) ) ;
#4522 = ORIENTED_EDGE ( 'NONE', *, *, #8602, .F. ) ;
#4523 = CARTESIAN_POINT ( 'NONE',  ( 33.58749596401628423, 80.05623385971313155, -14.03933482143643907 ) ) ;
#4524 = CARTESIAN_POINT ( 'NONE',  ( 8.465450562766808523E-14, 60.99999999999988631, -14.00000000000000000 ) ) ;
#4525 = EDGE_CURVE ( 'NONE', #8014, #2675, #4818, .T. ) ;
#4526 = LINE ( 'NONE', #3167, #7661 ) ;
#4527 = CARTESIAN_POINT ( 'NONE',  ( 0.000000000000000000, 48.61675045524525984, 0.000000000000000000 ) ) ;
#4528 = CARTESIAN_POINT ( 'NONE',  ( 51.75559828110923632, 73.36614941010951441, -20.76639766702589895 ) ) ;
#4529 = B_SPLINE_CURVE_WITH_KNOTS ( 'NONE', 3,
 ( #6510, #7867, #7765, #1598 ),
 .UNSPECIFIED., .F., .F.,
 ( 4, 4 ),
 ( 0.02354415749652201059, 0.02807886266299668143 ),
 .UNSPECIFIED. ) ;
#4530 = DIRECTION ( 'NONE',  ( -1.000000000000000000, -0.000000000000000000, -0.000000000000000000 ) ) ;
#4531 = CARTESIAN_POINT ( 'NONE',  ( -72.96480036538356728, 48.06695786158529415, -15.78408572482729788 ) ) ;
#4532 = EDGE_LOOP ( 'NONE', ( #2893, #1118, #922, #3134 ) ) ;
#4533 = DIRECTION ( 'NONE',  ( 8.949944318576885364E-17, 1.000000000000000000, 0.000000000000000000 ) ) ;
#4534 = ADVANCED_FACE ( 'NONE', ( #1329 ), #6771, .F. ) ;
#4535 = CARTESIAN_POINT ( 'NONE',  ( -68.91582954735862643, 63.37520769587720793, -13.99999999999998046 ) ) ;
#4536 = CARTESIAN_POINT ( 'NONE',  ( -44.01025694748732064, 67.84252944039394606, -48.18451567697694315 ) ) ;
#4537 = EDGE_CURVE ( 'NONE', #3173, #2560, #389, .T. ) ;
#4538 = CARTESIAN_POINT ( 'NONE',  ( 24.53843117423410547, 69.38643680411233561, -60.33449319475235484 ) ) ;
#4539 = DIRECTION ( 'NONE',  ( -2.664535259100375697E-15, 0.000000000000000000, 1.000000000000000000 ) ) ;
#4540 = ORIENTED_EDGE ( 'NONE', *, *, #2298, .F. ) ;
#4541 = ORIENTED_EDGE ( 'NONE', *, *, #5638, .T. ) ;
#4542 = CARTESIAN_POINT ( 'NONE',  ( -44.89634827088136859, 66.79099053449100154, 49.76275627947207880 ) ) ;
#4543 = CARTESIAN_POINT ( 'NONE',  ( -19.28323741484724962, 69.15083099222850649, -61.39954693692890686 ) ) ;
#4544 = CARTESIAN_POINT ( 'NONE',  ( 44.86378499366797712, 72.91795673099539954, -34.18674167921947316 ) ) ;
#4545 = CARTESIAN_POINT ( 'NONE',  ( -81.67345083494451785, 55.89903154531184981, -2.087630040824370870 ) ) ;
#4546 = CARTESIAN_POINT ( 'NONE',  ( -49.42691712388149483, 53.47322573449753946, -57.60993172005926510 ) ) ;
#4547 = FACE_BOUND ( 'NONE', #2198, .T. ) ;
#4548 = CARTESIAN_POINT ( 'NONE',  ( 19.90035552566450505, 68.11553659766627788, 62.46842685913616577 ) ) ;
#4549 = CARTESIAN_POINT ( 'NONE',  ( -20.31150165734653967, 67.41452947052925992, 63.18055284854217035 ) ) ;
#4550 = FACE_OUTER_BOUND ( 'NONE', #771, .T. ) ;
#4551 = CARTESIAN_POINT ( 'NONE',  ( 41.78572573259913270, -0.001999999999988122390, -24.12500000000006040 ) ) ;
#4552 = EDGE_CURVE ( 'NONE', #7069, #3293, #2782, .T. ) ;
#4553 = CARTESIAN_POINT ( 'NONE',  ( 36.37419453016925530, 70.82197401033184292, 54.00195301065179621 ) ) ;
#4554 = CARTESIAN_POINT ( 'NONE',  ( 50.41663699459014225, 48.47812969211376100, 54.91644950123155411 ) ) ;
#4555 = VERTEX_POINT ( 'NONE', #4339 ) ;
#4556 = FACE_OUTER_BOUND ( 'NONE', #3933, .T. ) ;
#4557 = CARTESIAN_POINT ( 'NONE',  ( 31.31710157795293625, 81.48699651356143647, -24.93611547190164046 ) ) ;
#4558 = CARTESIAN_POINT ( 'NONE',  ( -26.43782217350961972, 71.00000000000000000, 59.79165124598819858 ) ) ;
#4559 = EDGE_LOOP ( 'NONE', ( #8282, #5826, #2812, #591 ) ) ;
#4560 = EDGE_CURVE ( 'NONE', #4835, #2881, #6397, .T. ) ;
#4561 = DIRECTION ( 'NONE',  ( 0.000000000000000000, 0.000000000000000000, 1.000000000000000000 ) ) ;
#4562 = ORIENTED_EDGE ( 'NONE', *, *, #8497, .F. ) ;
#4563 = CARTESIAN_POINT ( 'NONE',  ( 29.06471544427518694, 80.14654811554741798, -21.39777445045999826 ) ) ;
#4564 = DIRECTION ( 'NONE',  ( 0.5000000000000039968, 0.000000000000000000, -0.8660254037844363761 ) ) ;
#4565 = PLANE ( 'NONE',  #1438 ) ;
#4566 = CYLINDRICAL_SURFACE ( 'NONE', #7183, 2.500000000000002220 ) ;
#4567 =( BOUNDED_CURVE ( )  B_SPLINE_CURVE ( 3, ( #6038, #2583, #8753, #3825 ),
 .UNSPECIFIED., .F., .F. ) 
 B_SPLINE_CURVE_WITH_KNOTS ( ( 4, 4 ),
 ( 4.897095619851701720, 6.283185307179586232 ),
 .UNSPECIFIED. ) 
 CURVE ( )  GEOMETRIC_REPRESENTATION_ITEM ( )  RATIONAL_B_SPLINE_CURVE ( ( 1.000000000000000000, 0.8462028577663227580, 0.8462028577663227580, 1.000000000000000000 ) ) 
 REPRESENTATION_ITEM ( '' )  );
#4568 = LINE ( 'NONE', #3718, #576 ) ;
#4569 = CARTESIAN_POINT ( 'NONE',  ( 45.83166933732174186, 65.00834819740497039, -46.41844595415377484 ) ) ;
#4570 = LINE ( 'NONE', #7426, #647 ) ;
#4571 = AXIS2_PLACEMENT_3D ( 'NONE', #3117, #5884, #7826 ) ;
#4572 = ORIENTED_EDGE ( 'NONE', *, *, #8793, .F. ) ;
#4573 = CARTESIAN_POINT ( 'NONE',  ( -36.39314705940211070, 71.12363490468463567, 54.03477975420901203 ) ) ;
#4574 = CARTESIAN_POINT ( 'NONE',  ( -61.23307001654416126, 67.16783077013714376, -13.99999999997828048 ) ) ;
#4575 = EDGE_LOOP ( 'NONE', ( #4913, #8886, #6532, #597, #3942, #7238, #8464, #7462, #4746, #7286, #1669, #266, #4689, #8049, #5988, #2566 ) ) ;
#4576 = CARTESIAN_POINT ( 'NONE',  ( -36.38537941636899120, 71.00000000002408740, -54.02132580182220778 ) ) ;
#4577 = CARTESIAN_POINT ( 'NONE',  ( -72.00000000000000000, 71.00000000000000000, -7.000000000000000000 ) ) ;
#4578 = EDGE_CURVE ( 'NONE', #1368, #5165, #5069, .T. ) ;
#4579 = VECTOR ( 'NONE', #8625, 1000.000000000000114 ) ;
#4580 = ORIENTED_EDGE ( 'NONE', *, *, #7266, .F. ) ;
#4581 = EDGE_LOOP ( 'NONE', ( #141, #3081, #6930, #7024, #2358 ) ) ;
#4582 = CARTESIAN_POINT ( 'NONE',  ( -44.33242808152210301, 67.51887975670250341, 43.77088530842364378 ) ) ;
#4583 = CARTESIAN_POINT ( 'NONE',  ( -21.29558425964027535, 65.53555765176808734, -64.88503391456129066 ) ) ;
#4584 = CARTESIAN_POINT ( 'NONE',  ( 43.47447989111255140, 71.64928150352085368, -35.73106949765100637 ) ) ;
#4585 = FACE_OUTER_BOUND ( 'NONE', #5946, .T. ) ;
#4586 = CARTESIAN_POINT ( 'NONE',  ( -46.09236880815255688, 64.39919800490794444, -51.83432461692349591 ) ) ;
#4587 = CARTESIAN_POINT ( 'NONE',  ( -24.58665282528810181, 46.94028658333595416, -70.58533188126217794 ) ) ;
#4588 = DIRECTION ( 'NONE',  ( 0.000000000000000000, -0.000000000000000000, 1.000000000000000000 ) ) ;
#4589 = CARTESIAN_POINT ( 'NONE',  ( -44.57203338960368910, 69.51517159522333600, -49.20102642745032284 ) ) ;
#4590 = EDGE_CURVE ( 'NONE', #4828, #2788, #5173, .T. ) ;
#4591 = DIRECTION ( 'NONE',  ( 8.949944318576885364E-17, 1.000000000000000000, 0.000000000000000000 ) ) ;
#4592 = VECTOR ( 'NONE', #3246, 1000.000000000000000 ) ;
#4593 = FACE_OUTER_BOUND ( 'NONE', #3930, .T. ) ;
#4594 = DIRECTION ( 'NONE',  ( 8.949944318576885364E-17, 1.000000000000000000, 0.000000000000000000 ) ) ;
#4595 = CARTESIAN_POINT ( 'NONE',  ( -43.20941873024767688, 51.90364252138705581, -69.33873289301713783 ) ) ;
#4596 = ORIENTED_EDGE ( 'NONE', *, *, #7458, .F. ) ;
#4597 = ADVANCED_FACE ( 'NONE', ( #4384 ), #7061, .F. ) ;
#4598 = DIRECTION ( 'NONE',  ( 0.000000000000000000, -1.000000000000000000, 0.000000000000000000 ) ) ;
#4599 = ORIENTED_EDGE ( 'NONE', *, *, #1851, .F. ) ;
#4600 = LINE ( 'NONE', #496, #2186 ) ;
#4601 = VERTEX_POINT ( 'NONE', #286 ) ;
#4602 = CARTESIAN_POINT ( 'NONE',  ( 26.00248621017697559, 68.54262392680479365, 58.10186422269392637 ) ) ;
#4603 = DIRECTION ( 'NONE',  ( 0.000000000000000000, 0.000000000000000000, 1.000000000000000000 ) ) ;
#4604 = LINE ( 'NONE', #928, #6527 ) ;
#4605 = CARTESIAN_POINT ( 'NONE',  ( -23.87564434701769400, 80.99999999999998579, -69.35382907247964113 ) ) ;
#4606 = CARTESIAN_POINT ( 'NONE',  ( 24.24833323157949039, 51.19777907935238659, 69.99934515594485163 ) ) ;
#4607 = ORIENTED_EDGE ( 'NONE', *, *, #3917, .T. ) ;
#4608 = CARTESIAN_POINT ( 'NONE',  ( -24.58625778258673833, 69.26824522736525580, -60.20393957594161094 ) ) ;
#4609 = ORIENTED_EDGE ( 'NONE', *, *, #1182, .F. ) ;
#4610 = FACE_OUTER_BOUND ( 'NONE', #2978, .T. ) ;
#4611 = CARTESIAN_POINT ( 'NONE',  ( -68.42204903372679325, 60.03922181400633917, -13.99999999999999112 ) ) ;
#4612 = ORIENTED_EDGE ( 'NONE', *, *, #2582, .F. ) ;
#4613 = CARTESIAN_POINT ( 'NONE',  ( 20.37564434701814875, 70.33830226810667341, -63.29165124598841174 ) ) ;
#4614 = CARTESIAN_POINT ( 'NONE',  ( -47.14275735574707937, 61.97093712385064634, 53.65365094904368704 ) ) ;
#4615 = EDGE_CURVE ( 'NONE', #498, #4488, #8476, .T. ) ;
#4616 = CYLINDRICAL_SURFACE ( 'NONE', #8520, 77.70000000000000284 ) ;
#4618 = ORIENTED_EDGE ( 'NONE', *, *, #3530, .F. ) ;
#4617 = VECTOR ( 'NONE', #3959, 1000.000000000000000 ) ;
#4619 = ORIENTED_EDGE ( 'NONE', *, *, #2384, .T. ) ;
#4620 = CARTESIAN_POINT ( 'NONE',  ( -43.82786085933680909, 65.33113625350681275, 47.91208179544413071 ) ) ;
#4621 = CARTESIAN_POINT ( 'NONE',  ( 48.85984916891057850, 69.89835114099635405, -33.14051949899923954 ) ) ;
#4622 = CARTESIAN_POINT ( 'NONE',  ( -81.69613991292604283, 56.59617439709151654, 0.8196069040338720413 ) ) ;
#4623 = EDGE_CURVE ( 'NONE', #837, #8110, #5024, .T. ) ;
#4624 = CARTESIAN_POINT ( 'NONE',  ( 38.57897352131895730, 68.62506435647098613, -51.23007767748050156 ) ) ;
#4625 = ADVANCED_FACE ( 'NONE', ( #7786 ), #515, .F. ) ;
#4626 = CARTESIAN_POINT ( 'NONE',  ( 29.06544219418808339, 80.14707550690324922, -21.39373870086312124 ) ) ;
#4627 = VECTOR ( 'NONE', #2711, 1000.000000000000114 ) ;
#4628 = DIRECTION ( 'NONE',  ( 0.000000000000000000, 0.000000000000000000, 1.000000000000000000 ) ) ;
#4629 = CONICAL_SURFACE ( 'NONE', #1875, 3.500000000000002665, 0.7853981633974482790 ) ;
#4630 = CARTESIAN_POINT ( 'NONE',  ( -24.92833949183535580, 68.74074753328159204, 59.33910067228494967 ) ) ;
#4631 = CARTESIAN_POINT ( 'NONE',  ( 25.78371113487796862, 47.11423984721404423, 72.65869769328946859 ) ) ;
#4632 = CARTESIAN_POINT ( 'NONE',  ( 74.84025266427333634, 46.30971102074841639, -14.15693274313728800 ) ) ;
#4633 = EDGE_CURVE ( 'NONE', #4475, #7630, #3029, .T. ) ;
#4634 = CARTESIAN_POINT ( 'NONE',  ( 24.71189499311274673, 46.58990982170580963, -71.56635872916470476 ) ) ;
#4635 = DIRECTION ( 'NONE',  ( 0.8660254037844319353, 0.000000000000000000, 0.5000000000000116573 ) ) ;
#4636 = CARTESIAN_POINT ( 'NONE',  ( -64.67915741770808324, 69.64327861410839660, -9.106001538328879263 ) ) ;
#4637 = CIRCLE ( 'NONE', #709, 81.70000000000000284 ) ;
#4638 = EDGE_CURVE ( 'NONE', #7432, #7643, #4881, .T. ) ;
#4639 = VECTOR ( 'NONE', #7955, 1000.000000000000000 ) ;
#4640 = VECTOR ( 'NONE', #7930, 1000.000000000000000 ) ;
#4641 = CARTESIAN_POINT ( 'NONE',  ( 44.56292380281240639, 67.38168135652030344, -43.78348947467102903 ) ) ;
#4642 = ORIENTED_EDGE ( 'NONE', *, *, #5223, .F. ) ;
#4643 = CARTESIAN_POINT ( 'NONE',  ( 12.24999999999999289, 76.42166581354543098, -24.50000000000001776 ) ) ;
#4644 = CIRCLE ( 'NONE', #2919, 77.50708379720883556 ) ;
#4645 = EDGE_LOOP ( 'NONE', ( #5606, #1493, #1835, #8492 ) ) ;
#4646 = CARTESIAN_POINT ( 'NONE',  ( -36.37422544991229501, 70.82246614917511351, 54.00200656521123221 ) ) ;
#4647 = CARTESIAN_POINT ( 'NONE',  ( 50.51564886200339544, 48.61675045524525984, 54.80089632839485603 ) ) ;
#4648 = VECTOR ( 'NONE', #8354, 1000.000000000000000 ) ;
#4649 = CARTESIAN_POINT ( 'NONE',  ( 42.32973426610303846, 72.09777901123406707, -35.91367373698319909 ) ) ;
#4650 = CARTESIAN_POINT ( 'NONE',  ( 52.09004740242363596, 72.81791282213541194, -21.99772434685969102 ) ) ;
#4651 = CARTESIAN_POINT ( 'NONE',  ( 21.88430766970990149, 51.58051168082971571, 70.62493731268027375 ) ) ;
#4652 = ADVANCED_FACE ( 'NONE', ( #8563 ), #2352, .F. ) ;
#4653 = ORIENTED_EDGE ( 'NONE', *, *, #1353, .F. ) ;
#4654 = CARTESIAN_POINT ( 'NONE',  ( 44.14906683162959666, 68.11553659766627788, -48.46842685913578208 ) ) ;
#4655 = ORIENTED_EDGE ( 'NONE', *, *, #3052, .T. ) ;
#4656 = CARTESIAN_POINT ( 'NONE',  ( -28.12142052290973737, 45.99999999999999289, -76.70772912669018240 ) ) ;
#4657 = CARTESIAN_POINT ( 'NONE',  ( -72.00000000000000000, 71.00000000000000000, -7.000000000000000000 ) ) ;
#4658 = ORIENTED_EDGE ( 'NONE', *, *, #7406, .F. ) ;
#4659 = DIRECTION ( 'NONE',  ( 0.000000000000000000, 0.000000000000000000, -1.000000000000000000 ) ) ;
#4660 = CARTESIAN_POINT ( 'NONE',  ( 19.96340200533990483, 83.58148700043116719, -4.889623273186273258E-15 ) ) ;
#4661 = CARTESIAN_POINT ( 'NONE',  ( 87.00000000000000000, 46.00000000000000000, 0.000000000000000000 ) ) ;
#4662 = EDGE_LOOP ( 'NONE', ( #1984, #8948, #4572, #8383 ) ) ;
#4663 = EDGE_LOOP ( 'NONE', ( #1472, #3752, #5532, #5338 ) ) ;
#4664 = CARTESIAN_POINT ( 'NONE',  ( 44.25854252746579220, 67.30765027970346637, -44.25812257398372651 ) ) ;
#4665 = DIRECTION ( 'NONE',  ( 0.000000000000000000, 0.000000000000000000, -1.000000000000000000 ) ) ;
#4666 = CARTESIAN_POINT ( 'NONE',  ( 40.49061256791835461, 50.32105610468011037, -70.96084293082223837 ) ) ;
#4667 = DIRECTION ( 'NONE',  ( 0.9659258262890659807, 0.000000000000000000, 0.2588190451025297878 ) ) ;
#4668 = CARTESIAN_POINT ( 'NONE',  ( -24.27294201064119505, 70.96746529199602094, 61.04154539078361807 ) ) ;
#4669 = CARTESIAN_POINT ( 'NONE',  ( 45.25124237241456626, 73.27866529735059942, 90.50248474482911831 ) ) ;
#4670 = CARTESIAN_POINT ( 'NONE',  ( 20.37564434701814875, 80.99999999999998579, -63.29165124598841174 ) ) ;
#4671 = CARTESIAN_POINT ( 'NONE',  ( 22.20114393954528964, 48.61675045524525984, -71.14828336734694858 ) ) ;
#4672 = CARTESIAN_POINT ( 'NONE',  ( 24.24046659113764335, 46.92052225583240244, -71.33294982009086027 ) ) ;
#4673 = ADVANCED_FACE ( 'NONE', ( #7062 ), #1665, .F. ) ;
#4674 = DIRECTION ( 'NONE',  ( 0.06891406689229277738, -0.2822176339117025701, -0.9568720178235148310 ) ) ;
#4675 = CARTESIAN_POINT ( 'NONE',  ( -42.21413666101930318, 50.72924193742791488, -69.94916579649792254 ) ) ;
#4676 = ADVANCED_FACE ( 'NONE', ( #7237 ), #1016, .F. ) ;
#4677 = EDGE_CURVE ( 'NONE', #883, #8071, #5294, .T. ) ;
#4678 = CARTESIAN_POINT ( 'NONE',  ( 0.000000000000000000, 3.000000000000000000, -81.70000000000000284 ) ) ;
#4679 = CARTESIAN_POINT ( 'NONE',  ( 16.79010388213186999, 67.18321445489921473, -60.59606832046532787 ) ) ;
#4680 = VERTEX_POINT ( 'NONE', #458 ) ;
#4681 = LINE ( 'NONE', #3328, #7838 ) ;
#4682 = VERTEX_POINT ( 'NONE', #1218 ) ;
#4683 = CARTESIAN_POINT ( 'NONE',  ( -36.38222694118322664, 70.30717204307057955, 53.83237318105310720 ) ) ;
#4684 = FACE_OUTER_BOUND ( 'NONE', #7599, .T. ) ;
#4685 = EDGE_CURVE ( 'NONE', #5076, #8365, #80, .T. ) ;
#4686 = CARTESIAN_POINT ( 'NONE',  ( 53.12355905109477305, 69.92313009486508690, -25.66158237138149900 ) ) ;
#4687 = CARTESIAN_POINT ( 'NONE',  ( 51.73346451270449364, 73.39833411784040607, -20.69763367256341979 ) ) ;
#4688 = CARTESIAN_POINT ( 'NONE',  ( 24.85206664690190692, 55.22173470845584120, 71.04504210552339316 ) ) ;
#4689 = ORIENTED_EDGE ( 'NONE', *, *, #6689, .T. ) ;
#4690 = CARTESIAN_POINT ( 'NONE',  ( -64.83445635738576129, 69.32011107992944687, -14.00000000000000000 ) ) ;
#4691 = VERTEX_POINT ( 'NONE', #3283 ) ;
#4692 = CARTESIAN_POINT ( 'NONE',  ( -24.53924625107945445, 69.38428490166305096, -60.33226822746546247 ) ) ;
#4693 = ORIENTED_EDGE ( 'NONE', *, *, #6933, .T. ) ;
#4694 = DIRECTION ( 'NONE',  ( -0.5000000000000101030, -0.000000000000000000, 0.8660254037844328234 ) ) ;
#4695 = EDGE_CURVE ( 'NONE', #8365, #8014, #5907, .T. ) ;
#4696 = DIRECTION ( 'NONE',  ( 1.000000000000000000, -0.000000000000000000, 0.000000000000000000 ) ) ;
#4697 = EDGE_LOOP ( 'NONE', ( #6033, #3922, #3508, #4202 ) ) ;
#4698 = CARTESIAN_POINT ( 'NONE',  ( -38.10080802636833397, 53.08294902228908541, 72.27183703032481787 ) ) ;
#4699 = CARTESIAN_POINT ( 'NONE',  ( 80.99999999999998579, 53.49999999999999289, -2.500000000000002220 ) ) ;
#4700 = CARTESIAN_POINT ( 'NONE',  ( -60.25403380104353346, 68.90896350641516221, 5.668644002564714235 ) ) ;
#4701 = LINE ( 'NONE', #1740, #2696 ) ;
#4702 = ORIENTED_EDGE ( 'NONE', *, *, #4310, .F. ) ;
#4703 = ORIENTED_EDGE ( 'NONE', *, *, #531, .T. ) ;
#4704 = CARTESIAN_POINT ( 'NONE',  ( 44.22697078289264283, 67.28334231014490285, -44.35365434295600551 ) ) ;
#4705 = CARTESIAN_POINT ( 'NONE',  ( 53.28742097175014436, 70.17457301807301917, -24.43965377479279866 ) ) ;
#4706 = B_SPLINE_CURVE_WITH_KNOTS ( 'NONE', 3,
 ( #5570, #8328, #3030, #2256, #5759 ),
 .UNSPECIFIED., .F., .F.,
 ( 4, 1, 4 ),
 ( 0.03486608153448755854, 0.03526082003004221699, 0.03565555852559688238 ),
 .UNSPECIFIED. ) ;
#4707 = CARTESIAN_POINT ( 'NONE',  ( 22.25519729062285279, 47.95356825463659334, -71.23746514324015777 ) ) ;
#4708 = CARTESIAN_POINT ( 'NONE',  ( -15.80513287229751818, 67.42165079097325986, 60.38848733625269460 ) ) ;
#4709 = CARTESIAN_POINT ( 'NONE',  ( -44.25701222489339415, 67.30525097660128608, -44.25735910900796455 ) ) ;
#4710 = CARTESIAN_POINT ( 'NONE',  ( -72.71679280154886271, 48.61675045524525984, 16.34738703895265743 ) ) ;
#4711 = CARTESIAN_POINT ( 'NONE',  ( 64.99999999999998579, 71.37356801941000128, -4.528068177520425230 ) ) ;
#4712 = AXIS2_PLACEMENT_3D ( 'NONE', #6238, #587, #8994 ) ;
#4713 = CARTESIAN_POINT ( 'NONE',  ( -22.29425705485841647, 46.91607545010270286, -71.30177687234564132 ) ) ;
#4714 = FACE_OUTER_BOUND ( 'NONE', #6795, .T. ) ;
#4715 = DIRECTION ( 'NONE',  ( -0.8660254037844398178, 0.000000000000000000, 0.4999999999999978906 ) ) ;
#4716 = CARTESIAN_POINT ( 'NONE',  ( -42.06217782649093806, 71.00000000000000000, -58.85382907247966955 ) ) ;
#4717 = CARTESIAN_POINT ( 'NONE',  ( -43.45565632211238949, 52.67921114893275814, -69.18451766568817618 ) ) ;
#4718 = ORIENTED_EDGE ( 'NONE', *, *, #2377, .F. ) ;
#4719 = CARTESIAN_POINT ( 'NONE',  ( 50.03242217358158683, 47.11467724965587678, 58.65869723038042594 ) ) ;
#4720 = CIRCLE ( 'NONE', #1701, 2.500000000000002220 ) ;
#4721 = CARTESIAN_POINT ( 'NONE',  ( 16.19949118036496571, 67.30525097660125766, -60.45637643686012552 ) ) ;
#4722 = CARTESIAN_POINT ( 'NONE',  ( 43.05682317192138697, 69.87390944627894385, 46.57660534627793680 ) ) ;
#4723 = VERTEX_POINT ( 'NONE', #6656 ) ;
#4724 = EDGE_LOOP ( 'NONE', ( #7789, #9000, #312, #37 ) ) ;
#4725 = DIRECTION ( 'NONE',  ( -0.8660254037844373753, 0.000000000000000000, -0.5000000000000021094 ) ) ;
#4726 = CARTESIAN_POINT ( 'NONE',  ( 25.59050952162110804, 50.33324878643517053, -72.32406268302213448 ) ) ;
#4727 = CARTESIAN_POINT ( 'NONE',  ( 51.09514198230910154, 69.52054764022855693, -30.65900289404039114 ) ) ;
#4728 = EDGE_CURVE ( 'NONE', #6713, #7836, #378, .T. ) ;
#4729 = CARTESIAN_POINT ( 'NONE',  ( 49.95193504242745064, 75.21188033385101335, -17.51657743951910007 ) ) ;
#4730 = ADVANCED_FACE ( 'NONE', ( #5887, #5930 ), #4518, .T. ) ;
#4731 = CARTESIAN_POINT ( 'NONE',  ( 24.37286708799240031, 50.13673092389667119, 70.21504412254049043 ) ) ;
#4732 = EDGE_LOOP ( 'NONE', ( #1298, #3459, #2007, #365, #2745 ) ) ;
#4733 = CARTESIAN_POINT ( 'NONE',  ( -64.59485979443510928, 69.84325152652399993, 4.777591559265220056 ) ) ;
#4734 = CARTESIAN_POINT ( 'NONE',  ( -64.04942235729444633, 68.11553659766627788, -14.00000000000000000 ) ) ;
#4735 = CARTESIAN_POINT ( 'NONE',  ( -24.86614609402775145, 68.80615214901963839, -59.48557293829664161 ) ) ;
#4736 = VERTEX_POINT ( 'NONE', #1751 ) ;
#4737 = DIRECTION ( 'NONE',  ( 0.000000000000000000, 0.000000000000000000, -1.000000000000000000 ) ) ;
#4738 = CARTESIAN_POINT ( 'NONE',  ( 38.10080802636680630, 53.29262791220180873, 72.27183703032561368 ) ) ;
#4739 = VERTEX_POINT ( 'NONE', #4678 ) ;
#4740 = DIRECTION ( 'NONE',  ( -0.8660254037844387076, 0.000000000000000000, 0.4999999999999997224 ) ) ;
#4741 = DIRECTION ( 'NONE',  ( 0.8660254037844422603, 0.000000000000000000, -0.4999999999999936717 ) ) ;
#4742 = EDGE_CURVE ( 'NONE', #1133, #3666, #3997, .T. ) ;
#4743 = CARTESIAN_POINT ( 'NONE',  ( 64.75202250813504179, 69.78750414715344164, 9.192864246622376001 ) ) ;
#4744 = PLANE ( 'NONE',  #4312 ) ;
#4745 = CYLINDRICAL_SURFACE ( 'NONE', #4290, 2.500000000000000000 ) ;
#4746 = ORIENTED_EDGE ( 'NONE', *, *, #5642, .T. ) ;
#4747 = VERTEX_POINT ( 'NONE', #2563 ) ;
#4748 = CARTESIAN_POINT ( 'NONE',  ( 38.56217782649058279, 71.00000000000000000, 52.79165124598885939 ) ) ;
#4749 = CARTESIAN_POINT ( 'NONE',  ( 39.03001618496677594, 51.09962125335150773, -71.77443004252889125 ) ) ;
#4750 = CARTESIAN_POINT ( 'NONE',  ( 44.03108891324489349, 53.49999999999999289, 69.26408311032436416 ) ) ;
#4751 = AXIS2_PLACEMENT_3D ( 'NONE', #7852, #7253, #2409 ) ;
#4752 = CARTESIAN_POINT ( 'NONE',  ( 36.37422544991195394, 70.82246614917511351, -54.00200656521153775 ) ) ;
#4753 = CARTESIAN_POINT ( 'NONE',  ( 25.78437493449835216, 46.02785684633895613, -72.65984742795589568 ) ) ;
#4754 = CIRCLE ( 'NONE', #8684, 3.500000000000003997 ) ;
#4755 = CARTESIAN_POINT ( 'NONE',  ( -38.10080802636733210, 53.49999999999999289, -72.27183703032532947 ) ) ;
#4756 = CYLINDRICAL_SURFACE ( 'NONE', #8433, 2.500000000000003109 ) ;
#4757 =( GEOMETRIC_REPRESENTATION_CONTEXT ( 3 ) GLOBAL_UNCERTAINTY_ASSIGNED_CONTEXT ( ( #8456 ) ) GLOBAL_UNIT_ASSIGNED_CONTEXT ( ( #3314, #5323, #2642 ) ) REPRESENTATION_CONTEXT ( 'NONE', 'WORKASPACE' ) );
#4758 = CARTESIAN_POINT ( 'NONE',  ( 21.76155449978551104, 52.40596060623923336, -70.42181178082277881 ) ) ;
#4759 = DIRECTION ( 'NONE',  ( 0.8660254037844318242, 0.000000000000000000, 0.5000000000000116573 ) ) ;
#4760 = VECTOR ( 'NONE', #3608, 1000.000000000000000 ) ;
#4761 = DIRECTION ( 'NONE',  ( -0.8660254037844399289, 0.000000000000000000, 0.4999999999999976685 ) ) ;
#4762 = LINE ( 'NONE', #3414, #5450 ) ;
#4763 = CARTESIAN_POINT ( 'NONE',  ( 49.66598055739200390, 51.79954327710279216, 58.02400173313236564 ) ) ;
#4764 = ORIENTED_EDGE ( 'NONE', *, *, #5875, .T. ) ;
#4765 = CARTESIAN_POINT ( 'NONE',  ( 64.68048532194971756, 69.64573361806576202, -9.107585056158384873 ) ) ;
#4766 = ORIENTED_EDGE ( 'NONE', *, *, #2282, .T. ) ;
#4767 = CARTESIAN_POINT ( 'NONE',  ( 26.77224159876197618, 68.78243406335059262, 58.04078944430970211 ) ) ;
#4768 = CARTESIAN_POINT ( 'NONE',  ( 37.43064284524126606, 76.71930974147376503, -33.68450262041518783 ) ) ;
#4769 = CARTESIAN_POINT ( 'NONE',  ( 48.87488620458304922, 69.89474167655039594, -33.12785952119804733 ) ) ;
#4770 = CIRCLE ( 'NONE', #2030, 77.50708379720883556 ) ;
#4771 = CARTESIAN_POINT ( 'NONE',  ( 47.77418851586170234, 74.89483055537662892, -15.44512197470512049 ) ) ;
#4772 = AXIS2_PLACEMENT_3D ( 'NONE', #8013, #542, #1794 ) ;
#4773 = AXIS2_PLACEMENT_3D ( 'NONE', #1825, #6692, #1787 ) ;
#4774 = CARTESIAN_POINT ( 'NONE',  ( 21.38367872231221867, 61.76078178285548148, 65.03761799974279256 ) ) ;
#4775 = CONICAL_SURFACE ( 'NONE', #3643, 2.499999999999999556, 1.029744258676653867 ) ;
#4776 = ORIENTED_EDGE ( 'NONE', *, *, #4623, .F. ) ;
#4777 = CARTESIAN_POINT ( 'NONE',  ( -64.03974142232554811, 69.11826310527092687, 5.347161614260762974 ) ) ;
#4778 = AXIS2_PLACEMENT_3D ( 'NONE', #165, #1579, #2222 ) ;
#4779 = DIRECTION ( 'NONE',  ( 0.2588190451025094707, 0.000000000000000000, 0.9659258262890713098 ) ) ;
#4780 = ORIENTED_EDGE ( 'NONE', *, *, #5204, .T. ) ;
#4781 = CIRCLE ( 'NONE', #1029, 2.499999999999995115 ) ;
#4782 = CARTESIAN_POINT ( 'NONE',  ( 60.25403380103219320, 68.90896350641949653, -5.668644002603045351 ) ) ;
#4783 = EDGE_CURVE ( 'NONE', #8072, #7742, #8732, .T. ) ;
#4784 = ORIENTED_EDGE ( 'NONE', *, *, #879, .F. ) ;
#4785 = DIRECTION ( 'NONE',  ( -0.5000000000000101030, -0.000000000000000000, 0.8660254037844328234 ) ) ;
#4786 = CARTESIAN_POINT ( 'NONE',  ( 42.21639084640844430, 50.73067696321243858, 69.94780832285698580 ) ) ;
#4787 = EDGE_CURVE ( 'NONE', #6336, #7583, #7939, .T. ) ;
#4788 = ORIENTED_EDGE ( 'NONE', *, *, #54, .F. ) ;
#4789 = DIRECTION ( 'NONE',  ( -0.4999999999999980016, -0.000000000000000000, -0.8660254037844398178 ) ) ;
#4790 = AXIS2_PLACEMENT_3D ( 'NONE', #3833, #2387, #2517 ) ;
#4791 = CARTESIAN_POINT ( 'NONE',  ( 25.85284658082719034, 46.00937601690883128, 72.77844379827742216 ) ) ;
#4792 = CARTESIAN_POINT ( 'NONE',  ( 64.43126997196216621, 69.26824522736525580, 8.809645964257672546 ) ) ;
#4793 = EDGE_CURVE ( 'NONE', #8832, #2831, #8770, .T. ) ;
#4794 = CARTESIAN_POINT ( 'NONE',  ( -65.00000000001010392, 65.67055975807278401, -1.325108355056249909 ) ) ;
#4795 = CARTESIAN_POINT ( 'NONE',  ( -75.81746117496031445, 46.02785684633894903, -14.00000000000000000 ) ) ;
#4796 = ORIENTED_EDGE ( 'NONE', *, *, #5365, .F. ) ;
#4797 = VERTEX_POINT ( 'NONE', #5205 ) ;
#4798 = LINE ( 'NONE', #6366, #1285 ) ;
#4799 = B_SPLINE_CURVE_WITH_KNOTS ( 'NONE', 3,
 ( #1067, #1584, #3682, #5861 ),
 .UNSPECIFIED., .F., .F.,
 ( 4, 4 ),
 ( 0.008610815975175970319, 0.008985602743808124987 ),
 .UNSPECIFIED. ) ;
#4800 = CARTESIAN_POINT ( 'NONE',  ( 41.03203740618505435, 50.30017899587090113, -70.64916835341908552 ) ) ;
#4801 = CARTESIAN_POINT ( 'NONE',  ( 25.55348293066317567, 50.61866292744384310, -72.25993074625205281 ) ) ;
#4802 = CARTESIAN_POINT ( 'NONE',  ( 75.43003819877689864, 50.33153266396303849, 14.00000000000000711 ) ) ;
#4803 = EDGE_CURVE ( 'NONE', #4253, #7742, #7285, .T. ) ;
#4804 = CARTESIAN_POINT ( 'NONE',  ( -75.02648211023540625, 46.22973997552796988, 14.09925208923603535 ) ) ;
#4805 = CIRCLE ( 'NONE', #1485, 75.70000000000001705 ) ;
#4806 = CARTESIAN_POINT ( 'NONE',  ( 8.681445989019579037E-15, 96.99999999999998579, 14.00000000000000000 ) ) ;
#4807 = CARTESIAN_POINT ( 'NONE',  ( -60.20053056545826564, 67.42165079097325986, 16.50659709052888502 ) ) ;
#4808 = CARTESIAN_POINT ( 'NONE',  ( 36.81588847877787174, 68.85403784749226475, 52.34944307867618107 ) ) ;
#4809 = CARTESIAN_POINT ( 'NONE',  ( -60.23447495320167633, 68.36078836302111483, -11.20735816565679599 ) ) ;
#4810 = EDGE_CURVE ( 'NONE', #8071, #845, #3206, .T. ) ;
#4811 = DIRECTION ( 'NONE',  ( 0.000000000000000000, 0.000000000000000000, 1.000000000000000000 ) ) ;
#4812 = EDGE_LOOP ( 'NONE', ( #5045, #7541, #2586, #6443, #6084 ) ) ;
#4813 = CARTESIAN_POINT ( 'NONE',  ( 29.94842186548739704, 71.49049528587671887, -57.76480556880778749 ) ) ;
#4814 = CARTESIAN_POINT ( 'NONE',  ( 18.86896345607765824, 67.29655345658419208, -61.48324991468377476 ) ) ;
#4815 = CARTESIAN_POINT ( 'NONE',  ( 44.67347013246110521, 67.19961627838671347, 49.37672001983460035 ) ) ;
#4816 = ORIENTED_EDGE ( 'NONE', *, *, #4897, .T. ) ;
#4817 = CARTESIAN_POINT ( 'NONE',  ( 64.33217398123612440, 69.44931544584072469, -5.032878208557565181 ) ) ;
#4818 = B_SPLINE_CURVE_WITH_KNOTS ( 'NONE', 3,
 ( #5616, #8374, #3429, #6971 ),
 .UNSPECIFIED., .F., .F.,
 ( 4, 4 ),
 ( 0.000000000000000000, 0.0003740696040165257465 ),
 .UNSPECIFIED. ) ;
#4819 = ORIENTED_EDGE ( 'NONE', *, *, #6019, .T. ) ;
#4820 = DIRECTION ( 'NONE',  ( 0.000000000000000000, -0.000000000000000000, 1.000000000000000000 ) ) ;
#4821 = CARTESIAN_POINT ( 'NONE',  ( 48.76888224896568858, 71.49011486227433920, -31.97408137185475852 ) ) ;
#4822 = DIRECTION ( 'NONE',  ( 0.000000000000000000, 0.000000000000000000, -1.000000000000000000 ) ) ;
#4823 = CARTESIAN_POINT ( 'NONE',  ( 46.11551989911759364, 75.98044315485560674, -12.49698871811609990 ) ) ;
#4824 = CARTESIAN_POINT ( 'NONE',  ( 30.00806332985868607, 71.45628046717176574, 57.73037155329804904 ) ) ;
#4825 = ORIENTED_EDGE ( 'NONE', *, *, #1227, .F. ) ;
#4826 = CARTESIAN_POINT ( 'NONE',  ( 72.00000000000000000, 60.99999999999999289, 14.00000000000000000 ) ) ;
#4827 = DIRECTION ( 'NONE',  ( -0.9998476951563911586, 0.000000000000000000, -0.01745240643728640517 ) ) ;
#4828 = VERTEX_POINT ( 'NONE', #6618 ) ;
#4829 = CARTESIAN_POINT ( 'NONE',  ( -27.39595183321872796, 69.12285726949806985, -58.13500072024375953 ) ) ;
#4830 = B_SPLINE_CURVE_WITH_KNOTS ( 'NONE', 3,
 ( #477, #1982, #1164, #4031, #1204, #3949, #5488, #8883, #7516, #1244, #2584, #8246, #6804, #8109, #1342, #2673 ),
 .UNSPECIFIED., .F., .F.,
 ( 4, 2, 2, 2, 2, 2, 2, 4 ),
 ( 0.000000000000000000, 0.0006165529096399840255, 0.001233105819279968051, 0.001849658728919952077, 0.002466211638559936102, 0.003699317457839896781, 0.004315870367479877553, 0.004932423277119859194 ),
 .UNSPECIFIED. ) ;
#4831 = VERTEX_POINT ( 'NONE', #5254 ) ;
#4832 = CARTESIAN_POINT ( 'NONE',  ( 52.66541720179002084, 71.68421056276035586, -19.67724444523498661 ) ) ;
#4833 = CARTESIAN_POINT ( 'NONE',  ( 38.37667281747889092, 52.09426013226058672, 72.12577170762048695 ) ) ;
#4834 = CARTESIAN_POINT ( 'NONE',  ( -42.89069197642718478, 55.60177450985889180, 69.53631850007177206 ) ) ;
#4835 = VERTEX_POINT ( 'NONE', #8011 ) ;
#4836 = CARTESIAN_POINT ( 'NONE',  ( -39.96107758499775997, 50.46736452650912241, 71.26035631910654899 ) ) ;
#4837 = DIRECTION ( 'NONE',  ( -0.000000000000000000, -1.000000000000000000, -0.000000000000000000 ) ) ;
#4838 = CARTESIAN_POINT ( 'NONE',  ( -40.49999999999983658, 53.49999999999999289, -70.14805770653961758 ) ) ;
#4839 = EDGE_CURVE ( 'NONE', #2579, #8749, #8922, .T. ) ;
#4840 = DIRECTION ( 'NONE',  ( 0.000000000000000000, 0.000000000000000000, 1.000000000000000000 ) ) ;
#4841 = DIRECTION ( 'NONE',  ( 0.000000000000000000, 0.000000000000000000, -1.000000000000000000 ) ) ;
#4842 = EDGE_LOOP ( 'NONE', ( #6659, #1928, #8467, #5285, #1956, #6474, #2526, #644, #392, #3322, #6294, #5973 ) ) ;
#4843 = ORIENTED_EDGE ( 'NONE', *, *, #3937, .F. ) ;
#4844 = CARTESIAN_POINT ( 'NONE',  ( -63.73414311905520435, 67.84252944039396027, 14.02174270511627974 ) ) ;
#4845 = CARTESIAN_POINT ( 'NONE',  ( 28.59499289030611635, 71.24814534648243125, 58.54620815195772110 ) ) ;
#4846 = CARTESIAN_POINT ( 'NONE',  ( 25.41726925142775784, 51.79954327709438644, -72.02400173313040455 ) ) ;
#4847 = CARTESIAN_POINT ( 'NONE',  ( -19.48363861565911037, 67.61735050355571275, 61.95230384715771521 ) ) ;
#4848 = CARTESIAN_POINT ( 'NONE',  ( -73.30362731098604456, 47.53496170213735184, 15.25324598290662870 ) ) ;
#4849 = ADVANCED_FACE ( 'NONE', ( #5335 ), #801, .F. ) ;
#4850 = EDGE_CURVE ( 'NONE', #2080, #7338, #3929, .T. ) ;
#4851 = PRODUCT_RELATED_PRODUCT_CATEGORY ( 'part', '', ( #2353 ) ) ;
#4852 = CARTESIAN_POINT ( 'NONE',  ( -43.53884283324664040, 53.70691515722347020, -69.13218617071102301 ) ) ;
#4853 = CARTESIAN_POINT ( 'NONE',  ( 81.99999999999998579, 53.49999999999999289, 0.000000000000000000 ) ) ;
#4854 = CARTESIAN_POINT ( 'NONE',  ( 36.43494555644684141, 69.84325152652399993, 53.55199375624260227 ) ) ;
#4855 = CARTESIAN_POINT ( 'NONE',  ( -64.99999999999994316, 70.76547318469323500, -11.53538603531968398 ) ) ;
#4856 = CIRCLE ( 'NONE', #8347, 2.500000000000003109 ) ;
#4857 = FACE_OUTER_BOUND ( 'NONE', #6115, .T. ) ;
#4858 = ADVANCED_FACE ( 'NONE', ( #3969 ), #6166, .F. ) ;
#4859 = FACE_OUTER_BOUND ( 'NONE', #694, .T. ) ;
#4860 = CARTESIAN_POINT ( 'NONE',  ( 46.43619266064787610, 63.85246432332018429, 47.48928928489179668 ) ) ;
#4861 = VERTEX_POINT ( 'NONE', #6909 ) ;
#4862 = ORIENTED_EDGE ( 'NONE', *, *, #3026, .T. ) ;
#4863 = CARTESIAN_POINT ( 'NONE',  ( -20.41138059585242459, 68.36078836301722106, -57.76826457591567987 ) ) ;
#4864 = ORIENTED_EDGE ( 'NONE', *, *, #5368, .T. ) ;
#4865 = VECTOR ( 'NONE', #3410, 1000.000000000000000 ) ;
#4866 = FACE_OUTER_BOUND ( 'NONE', #3671, .T. ) ;
#4867 = CARTESIAN_POINT ( 'NONE',  ( 42.37606142821196897, 74.07197768928513426, -34.62776264732751486 ) ) ;
#4868 = DIRECTION ( 'NONE',  ( -0.000000000000000000, -1.000000000000000000, -0.000000000000000000 ) ) ;
#4869 = CARTESIAN_POINT ( 'NONE',  ( 34.34360010753155734, 79.55019628173950252, -16.70548636005017684 ) ) ;
#4870 = CARTESIAN_POINT ( 'NONE',  ( 19.79075284807414548, 64.94776857187214603, 62.27858945290651604 ) ) ;
#4871 = ORIENTED_EDGE ( 'NONE', *, *, #1183, .F. ) ;
#4872 = AXIS2_PLACEMENT_3D ( 'NONE', #6444, #5845, #8611 ) ;
#4873 = CARTESIAN_POINT ( 'NONE',  ( -63.31673277267758948, 68.54077820446757130, 6.542010991090883465 ) ) ;
#4874 = DIRECTION ( 'NONE',  ( 0.000000000000000000, 0.000000000000000000, -1.000000000000000000 ) ) ;
#4875 = VERTEX_POINT ( 'NONE', #1457 ) ;
#4876 =( BOUNDED_SURFACE ( )  B_SPLINE_SURFACE ( 3, 2, ( 
 ( #7964, #5977, #6575 ),
 ( #1707, #330, #3119 ),
 ( #5886, #8651, #5011 ),
 ( #137, #866, #5651 ),
 ( #2242, #908, #3697 ),
 ( #1509, #7816, #8362 ),
 ( #2196, #2146, #6472 ),
 ( #8506, #7773, #4417 ),
 ( #2876, #766, #1458 ),
 ( #228, #4230, #3017 ),
 ( #4278, #4372, #1554 ),
 ( #2828, #7144, #1654 ),
 ( #5789, #4968, #3603 ),
 ( #5703, #3556, #6333 ),
 ( #84, #8551, #6289 ),
 ( #4327, #8412, #4909 ),
 ( #7728, #2343, #5109 ),
 ( #6385, #7096, #7676 ),
 ( #8462, #7050, #7875 ),
 ( #185, #2973, #2928 ) ),
 .UNSPECIFIED., .F., .F., .F. ) 
 B_SPLINE_SURFACE_WITH_KNOTS ( ( 4, 2, 2, 2, 2, 2, 2, 2, 2, 4 ),
 ( 3, 3 ),
 ( 0.01252048609959066638, 0.01610381331546698047, 0.01789547692340513751, 0.01968714053134329456, 0.02327046774721960865, 0.02685379496309591926, 0.03402044939484854397, 0.03581211300278670101, 0.03760377661072485805, 0.04118710382660117214 ),
 ( 0.000000000000000000, 1.000000000000000000 ),
 .UNSPECIFIED. ) 
 GEOMETRIC_REPRESENTATION_ITEM ( )  RATIONAL_B_SPLINE_SURFACE ( (
 ( 1.000000000000000000, 0.7806367264523381699, 1.000000000000000000),
 ( 1.000000000000000000, 0.7806525983855281403, 1.000000000000000000),
 ( 1.000000000000000000, 0.7804736193026181601, 1.000000000000000000),
 ( 1.000000000000000000, 0.7799347764555906171, 1.000000000000000000),
 ( 1.000000000000000000, 0.7797094506921253831, 1.000000000000000000),
 ( 1.000000000000000000, 0.7791796795195586878, 1.000000000000000000),
 ( 1.000000000000000000, 0.7788772256525977600, 1.000000000000000000),
 ( 1.000000000000000000, 0.7778777612645872974, 1.000000000000000000),
 ( 1.000000000000000000, 0.7770891790822156420, 1.000000000000000000),
 ( 1.000000000000000000, 0.7753695393461101926, 1.000000000000000000),
 ( 1.000000000000000000, 0.7744333973535928450, 1.000000000000000000),
 ( 1.000000000000000000, 0.7716017430383442788, 1.000000000000000000),
 ( 1.000000000000000000, 0.7696820186688911880, 1.000000000000000000),
 ( 1.000000000000000000, 0.7674401967820169146, 1.000000000000000000),
 ( 1.000000000000000000, 0.7669988342218796440, 1.000000000000000000),
 ( 1.000000000000000000, 0.7661320856131943469, 1.000000000000000000),
 ( 1.000000000000000000, 0.7657059992066830301, 1.000000000000000000),
 ( 1.000000000000000000, 0.7644628963670903055, 1.000000000000000000),
 ( 1.000000000000000000, 0.7636784586048716017, 1.000000000000000000),
 ( 1.000000000000000000, 0.7629366208023383722, 1.000000000000000000) ) ) 
 REPRESENTATION_ITEM ( '' )  SURFACE ( )  );
#4877 = CARTESIAN_POINT ( 'NONE',  ( 60.23447495319643252, 68.36078836302144168, 11.20735816569142784 ) ) ;
#4878 = ORIENTED_EDGE ( 'NONE', *, *, #2447, .F. ) ;
#4879 = CARTESIAN_POINT ( 'NONE',  ( 68.91582954735861222, 63.37520769587720793, 14.00000000000000178 ) ) ;
#4880 = CARTESIAN_POINT ( 'NONE',  ( -65.05800944454348667, 63.77279572263388019, 13.99999999999584332 ) ) ;
#4881 = CIRCLE ( 'NONE', #4872, 2.500000000000003553 ) ;
#4882 = CARTESIAN_POINT ( 'NONE',  ( -38.18770900158780535, 54.32042645435679162, 72.22596775638704969 ) ) ;
#4883 = ORIENTED_EDGE ( 'NONE', *, *, #3265, .T. ) ;
#4884 = CARTESIAN_POINT ( 'NONE',  ( 43.37829832516149509, 79.18929587709403961, -13.72656479006978181 ) ) ;
#4885 = LINE ( 'NONE', #7601, #1151 ) ;
#4886 = CARTESIAN_POINT ( 'NONE',  ( 37.96891108675480808, 53.49999999999999289, -72.76408311032379572 ) ) ;
#4887 = AXIS2_PLACEMENT_3D ( 'NONE', #1979, #648, #8923 ) ;
#4888 = CARTESIAN_POINT ( 'NONE',  ( 64.91532626290030805, 70.64416282352651422, 4.519460358995923244 ) ) ;
#4889 = CARTESIAN_POINT ( 'NONE',  ( 50.60202157902008224, 46.91607545010182179, -54.95828140415467544 ) ) ;
#4890 = DIRECTION ( 'NONE',  ( 0.5000000000000039968, -0.000000000000000000, -0.8660254037844362651 ) ) ;
#4891 = ORIENTED_EDGE ( 'NONE', *, *, #2193, .F. ) ;
#4892 = ORIENTED_EDGE ( 'NONE', *, *, #346, .F. ) ;
#4893 = FACE_BOUND ( 'NONE', #4186, .T. ) ;
#4894 = LINE ( 'NONE', #800, #4640 ) ;
#4895 = CARTESIAN_POINT ( 'NONE',  ( -73.34366810320138086, 48.00576291639591631, -13.99999999997918998 ) ) ;
#4896 = CARTESIAN_POINT ( 'NONE',  ( 64.04942235729440370, 68.11553659766630631, -14.00000000000000000 ) ) ;
#4897 = EDGE_CURVE ( 'NONE', #2668, #308, #4762, .T. ) ;
#4898 = LINE ( 'NONE', #7660, #2332 ) ;
#4899 = CARTESIAN_POINT ( 'NONE',  ( -45.09326673973647814, 71.00000000000000000, -57.10382907247967665 ) ) ;
#4900 = ADVANCED_FACE ( 'NONE', ( #4859 ), #7769, .F. ) ;
#4901 = LINE ( 'NONE', #6284, #7991 ) ;
#4902 = EDGE_CURVE ( 'NONE', #5888, #3297, #3509, .T. ) ;
#4903 = CARTESIAN_POINT ( 'NONE',  ( 19.36459197632467522, 60.80372878173843532, -66.41781701759524026 ) ) ;
#4904 = CARTESIAN_POINT ( 'NONE',  ( -64.99999999999991473, 70.32824487248605294, -14.38303163653537631 ) ) ;
#4905 = CARTESIAN_POINT ( 'NONE',  ( 23.44210627465910335, 47.53496888141330601, 71.10942506541479702 ) ) ;
#4906 = EDGE_CURVE ( 'NONE', #8862, #8872, #8268, .T. ) ;
#4907 = CARTESIAN_POINT ( 'NONE',  ( -64.33862126525717429, 69.44361272362557713, -5.020261057769811686 ) ) ;
#4908 = CARTESIAN_POINT ( 'NONE',  ( 34.99193667013231135, 71.45628046717175152, -54.85293093868412484 ) ) ;
#4909 = CARTESIAN_POINT ( 'NONE',  ( -17.49565047417987884, 64.62690840039624618, 63.25985731522100508 ) ) ;
#4910 = CARTESIAN_POINT ( 'NONE',  ( 50.22083601860271784, 51.58051168082944571, 54.26483504255008938 ) ) ;
#4911 = EDGE_CURVE ( 'NONE', #8202, #3164, #6627, .T. ) ;
#4912 = ORIENTED_EDGE ( 'NONE', *, *, #8793, .T. ) ;
#4913 = ORIENTED_EDGE ( 'NONE', *, *, #6944, .F. ) ;
#4914 = LINE ( 'NONE', #631, #295 ) ;
#4915 = CONICAL_SURFACE ( 'NONE', #999, 3.500000000000003109, 0.7853981633974482790 ) ;
#4916 = VERTEX_POINT ( 'NONE', #7674 ) ;
#4917 = CONICAL_SURFACE ( 'NONE', #8241, 3.500000000000003997, 0.7853981633974482790 ) ;
#4918 = LINE ( 'NONE', #8321, #2006 ) ;
#4919 = CARTESIAN_POINT ( 'NONE',  ( 47.66618598840542376, 71.82749204222906769, -32.83071961263507887 ) ) ;
#4920 = B_SPLINE_CURVE_WITH_KNOTS ( 'NONE', 3,
 ( #1698, #1935, #1049, #7475, #3793, #1245, #3151, #322, #7517, #6805, #569, #3351, #3834, #4079, #6131, #5243, #1003, #8884 ),
 .UNSPECIFIED., .F., .F.,
 ( 4, 2, 2, 2, 2, 2, 2, 2, 4 ),
 ( -1.082020055210942614E-05, 0.0002984106444301854138, 0.0006076414894124801793, 0.001226103179377084238, 0.002463026559306286719, 0.003081488249270895007, 0.003699949939235503294, 0.004318411629200111582, 0.004936873319164719436 ),
 .UNSPECIFIED. ) ;
#4921 = DIRECTION ( 'NONE',  ( -0.5000000000000101030, -0.000000000000000000, 0.8660254037844328234 ) ) ;
#4922 = EDGE_CURVE ( 'NONE', #630, #4828, #5715, .T. ) ;
#4923 = CARTESIAN_POINT ( 'NONE',  ( 45.76036749502379308, 77.98546179954203694, -14.40065972322750198 ) ) ;
#4924 = CARTESIAN_POINT ( 'NONE',  ( 19.74746494592373836, 68.39397752115085893, 62.20361260702652118 ) ) ;
#4926 = ORIENTED_EDGE ( 'NONE', *, *, #1738, .F. ) ;
#4925 = AXIS2_PLACEMENT_3D ( 'NONE', #546, #8951, #6838 ) ;
#4927 = CARTESIAN_POINT ( 'NONE',  ( -63.66015776426745276, 68.62721756489254687, 7.801643504804159690 ) ) ;
#4928 = CARTESIAN_POINT ( 'NONE',  ( 44.62435565298236639, 80.99999999999998579, -49.29165124598830516 ) ) ;
#4929 = ORIENTED_EDGE ( 'NONE', *, *, #3593, .F. ) ;
#4930 = FACE_OUTER_BOUND ( 'NONE', #4293, .T. ) ;
#4931 = VECTOR ( 'NONE', #3078, 999.9999999999998863 ) ;
#4932 = EDGE_LOOP ( 'NONE', ( #6880, #831, #3625, #4313 ) ) ;
#4933 = CARTESIAN_POINT ( 'NONE',  ( 53.05546744337353715, 71.12432729986390711, -21.20449987652538582 ) ) ;
#4934 = CARTESIAN_POINT ( 'NONE',  ( 72.38935063020873883, 50.54137333704084512, 16.35436224005045958 ) ) ;
#4935 = CARTESIAN_POINT ( 'NONE',  ( -71.70771068004097515, 54.28634147769194129, 14.00000000001146994 ) ) ;
#4936 = VECTOR ( 'NONE', #5138, 1000.000000000000000 ) ;
#4937 = CARTESIAN_POINT ( 'NONE',  ( 35.99999999999941735, 53.49999999999999289, 62.35382907247991113 ) ) ;
#4938 = VERTEX_POINT ( 'NONE', #7913 ) ;
#4939 = CARTESIAN_POINT ( 'NONE',  ( 48.54520466937607637, 76.28321610770606753, -16.06497603340298852 ) ) ;
#4940 = CARTESIAN_POINT ( 'NONE',  ( -20.22153365615228893, 58.45755855706298121, 67.85563064041542702 ) ) ;
#4941 = AXIS2_PLACEMENT_3D ( 'NONE', #2594, #2555, #2516 ) ;
#4942 = CIRCLE ( 'NONE', #1024, 19.96340200533989417 ) ;
#4943 = CARTESIAN_POINT ( 'NONE',  ( 41.78572573259913980, 81.89999999999999147, -24.12500000000006040 ) ) ;
#4944 = DIRECTION ( 'NONE',  ( 0.000000000000000000, 1.000000000000000000, 0.000000000000000000 ) ) ;
#4945 = B_SPLINE_CURVE_WITH_KNOTS ( 'NONE', 3,
 ( #2591, #2468, #1210, #6088, #2550, #398, #528, #3830, #5321, #8078, #1083, #6645, #1858, #4624, #7999, #7399, #1173, #5235, #2424, #352, #3956, #5190, #6728, #7950, #1734, #7274, #3872, #5914, #8890, #2085, #5409, #6137, #4752, #8254 ),
 .UNSPECIFIED., .F., .F.,
 ( 4, 2, 2, 2, 2, 2, 2, 2, 2, 2, 2, 2, 2, 2, 2, 2, 4 ),
 ( 0.000000000000000000, 0.0005381759984484910976, 0.001076351996896982195, 0.001614527995345473293, 0.002152703993793964390, 0.002690879992242455922, 0.003229055990690946586, 0.003767231989139437683, 0.004305407987587928781, 0.004574495986812180184, 0.004843583986036431588, 0.005381759984484933527, 0.005919935982933436334, 0.006458111981381939141, 0.007534463978278943888, 0.008072639976727464042, 0.008610815975175984197 ),
 .UNSPECIFIED. ) ;
#4946 = CARTESIAN_POINT ( 'NONE',  ( 41.78572573259913980, 82.99999999999998579, -24.12500000000006040 ) ) ;
#4947 = B_SPLINE_CURVE_WITH_KNOTS ( 'NONE', 3,
 ( #6887, #5398, #3435, #6354 ),
 .UNSPECIFIED., .F., .F.,
 ( 4, 4 ),
 ( 0.003934532143711286060, 0.004345251362166941030 ),
 .UNSPECIFIED. ) ;
#4948 = CARTESIAN_POINT ( 'NONE',  ( -71.00000000000000000, 71.00000000000000000, 7.000000000000005329 ) ) ;
#4949 = ORIENTED_EDGE ( 'NONE', *, *, #6798, .F. ) ;
#4950 = VERTEX_POINT ( 'NONE', #1653 ) ;
#4951 = LINE ( 'NONE', #1495, #2755 ) ;
#4952 = CARTESIAN_POINT ( 'NONE',  ( 0.000000000000000000, 83.58148700043116719, 0.000000000000000000 ) ) ;
#4953 = CARTESIAN_POINT ( 'NONE',  ( 41.73146751548686240, 56.53316532483388812, -70.23824310067402621 ) ) ;
#4954 = AXIS2_PLACEMENT_3D ( 'NONE', #167, #8447, #4997 ) ;
#4955 = CARTESIAN_POINT ( 'NONE',  ( -64.99999999999998579, 70.12954027454739503, 14.00000000000000000 ) ) ;
#4956 = AXIS2_PLACEMENT_3D ( 'NONE', #8259, #8212, #6946 ) ;
#4957 = CARTESIAN_POINT ( 'NONE',  ( 39.71417626832052861, 68.61880693274865450, -18.59711210864182007 ) ) ;
#4958 = CONICAL_SURFACE ( 'NONE', #5115, 3.500000000000003997, 0.7853981633974482790 ) ;
#4959 = DIRECTION ( 'NONE',  ( -0.8660254037844399289, 0.000000000000000000, 0.4999999999999976685 ) ) ;
#4960 = CARTESIAN_POINT ( 'NONE',  ( -22.98414166772361256, 57.23846896689010322, -67.80970113689220113 ) ) ;
#4961 = CARTESIAN_POINT ( 'NONE',  ( 32.69385674619844906, 77.53289297021287041, -29.47257856955753041 ) ) ;
#4962 = CARTESIAN_POINT ( 'NONE',  ( 38.44632321699879896, 55.10137098931228650, 72.08879605020366910 ) ) ;
#4963 = CARTESIAN_POINT ( 'NONE',  ( -64.99999999997993427, 65.37143774607029911, -6.736849619113036702 ) ) ;
#4964 = CARTESIAN_POINT ( 'NONE',  ( 12.12435565298215856, 80.99999999999998579, -6.999999999999972466 ) ) ;
#4965 = ORIENTED_EDGE ( 'NONE', *, *, #6036, .F. ) ;
#4966 = CARTESIAN_POINT ( 'NONE',  ( 44.95960510950844480, 66.68554913837692766, 49.87232033790314034 ) ) ;
#4967 = B_SPLINE_CURVE_WITH_KNOTS ( 'NONE', 3,
 ( #731, #2838, #5613, #8372, #3075, #2437, #1662, #329, #8008, #7321, #1092, #7882, #2350, #3706, #5927, #6615, #5159, #6653 ),
 .UNSPECIFIED., .F., .F.,
 ( 4, 2, 2, 2, 2, 2, 2, 2, 4 ),
 ( 0.000000000000000000, 0.003241508590931755935, 0.006483017181863511870, 0.009724525772795266504, 0.01134528006826113732, 0.01296603436372700639, 0.01944905154559046362, 0.02269056013652220871, 0.02593206872745395380 ),
 .UNSPECIFIED. ) ;
#4968 = CARTESIAN_POINT ( 'NONE',  ( -21.38367872230431033, 61.76078178285742126, 65.03761799975727342 ) ) ;
#4969 = CARTESIAN_POINT ( 'NONE',  ( 81.66164051760128473, 51.56106830114453032, 2.505817269995895380 ) ) ;
#4970 = ORIENTED_EDGE ( 'NONE', *, *, #5648, .T. ) ;
#4971 = ORIENTED_EDGE ( 'NONE', *, *, #299, .T. ) ;
#4972 = FACE_OUTER_BOUND ( 'NONE', #5632, .T. ) ;
#4973 = ORIENTED_EDGE ( 'NONE', *, *, #5665, .T. ) ;
#4974 = DIRECTION ( 'NONE',  ( 0.000000000000000000, 0.000000000000000000, -1.000000000000000000 ) ) ;
#4975 = CARTESIAN_POINT ( 'NONE',  ( -81.65442950690892587, 51.90737511008450866, -2.730732225413261105 ) ) ;
#4976 = LINE ( 'NONE', #8514, #2477 ) ;
#4977 = CARTESIAN_POINT ( 'NONE',  ( 43.44112409720655421, 76.93039338646097747, -13.70817937113543827 ) ) ;
#4978 = CARTESIAN_POINT ( 'NONE',  ( 28.93414206513909548, 69.04912902144066322, 52.87594274617662649 ) ) ;
#4979 = EDGE_CURVE ( 'NONE', #7338, #2907, #8647, .T. ) ;
#4980 = EDGE_CURVE ( 'NONE', #1813, #3572, #1042, .T. ) ;
#4981 = ORIENTED_EDGE ( 'NONE', *, *, #8781, .F. ) ;
#4982 = CARTESIAN_POINT ( 'NONE',  ( 80.49155235178410805, 0.000000000000000000, 14.00000000000000000 ) ) ;
#4983 = DIRECTION ( 'NONE',  ( 0.2588190451025229599, 8.659560562354932858E-17, -0.9659258262890676461 ) ) ;
#4984 = ORIENTED_EDGE ( 'NONE', *, *, #2923, .F. ) ;
#4985 = CARTESIAN_POINT ( 'NONE',  ( -50.24199361207740111, 76.18699096226941947, 6.152869665981235869E-15 ) ) ;
#4986 = ORIENTED_EDGE ( 'NONE', *, *, #1073, .T. ) ;
#4987 = CARTESIAN_POINT ( 'NONE',  ( 72.10514368832120624, 51.58051168082958071, 16.36010227012968699 ) ) ;
#4988 = CARTESIAN_POINT ( 'NONE',  ( -49.80375207477712962, 54.09044109427963321, -53.50903123644903303 ) ) ;
#4989 = ORIENTED_EDGE ( 'NONE', *, *, #10, .T. ) ;
#4990 = CARTESIAN_POINT ( 'NONE',  ( -72.24456889368883594, 51.06858755565657049, 16.35727458309411020 ) ) ;
#4991 = CARTESIAN_POINT ( 'NONE',  ( -38.66076636547185785, 55.43912823839627180, 71.97393921843129760 ) ) ;
#4992 = EDGE_LOOP ( 'NONE', ( #6678, #7060, #5428 ) ) ;
#4993 = CARTESIAN_POINT ( 'NONE',  ( 31.99650611895665975, 82.26990342784550592, -20.31080429253085029 ) ) ;
#4994 = CARTESIAN_POINT ( 'NONE',  ( -20.98379271469960372, 55.95718616389152089, 69.12947802408541520 ) ) ;
#4995 = CARTESIAN_POINT ( 'NONE',  ( 68.42204903376259040, 60.03922181401113534, -14.00000000005018208 ) ) ;
#4996 = EDGE_CURVE ( 'NONE', #845, #3458, #6383, .T. ) ;
#4997 = DIRECTION ( 'NONE',  ( 0.000000000000000000, 0.000000000000000000, 1.000000000000000000 ) ) ;
#4998 = FACE_OUTER_BOUND ( 'NONE', #2997, .T. ) ;
#4999 = VERTEX_POINT ( 'NONE', #2388 ) ;
#5000 = VERTEX_POINT ( 'NONE', #3696 ) ;
#5001 = CARTESIAN_POINT ( 'NONE',  ( 39.46972789786440217, 56.27010680190559100, -71.53362628814768698 ) ) ;
#5002 = CARTESIAN_POINT ( 'NONE',  ( -16.59336408324440271, 67.21756541262419660, 60.54494587069498834 ) ) ;
#5003 = CARTESIAN_POINT ( 'NONE',  ( 39.99274216298648810, 65.59178445820280956, -29.75743491098008420 ) ) ;
#5004 = EDGE_CURVE ( 'NONE', #751, #3230, #379, .T. ) ;
#5005 = CARTESIAN_POINT ( 'NONE',  ( 64.99999999999998579, 70.59092840437290306, -12.50345438902516015 ) ) ;
#5006 = CARTESIAN_POINT ( 'NONE',  ( 32.28737040338901920, 80.23440317509182762, -28.61359789803596243 ) ) ;
#5007 = CARTESIAN_POINT ( 'NONE',  ( 43.27308952484669646, 54.90931572125655435, 69.29888761686362386 ) ) ;
#5008 = CARTESIAN_POINT ( 'NONE',  ( 36.39314705940174832, 71.12363490468463567, -54.03477975420928203 ) ) ;
#5009 = CARTESIAN_POINT ( 'NONE',  ( 49.63530969230735934, 46.80642804332594409, -56.82955795155869794 ) ) ;
#5010 = CARTESIAN_POINT ( 'NONE',  ( -36.65064850725349999, 69.11826310527095529, -52.78646211639024699 ) ) ;
#5011 = CARTESIAN_POINT ( 'NONE',  ( -22.25519729062940044, 47.95356825462815920, 71.23746514323940460 ) ) ;
#5012 = CARTESIAN_POINT ( 'NONE',  ( -72.00000000000000000, 71.00000000000000000, -4.499999999999998224 ) ) ;
#5013 = VERTEX_POINT ( 'NONE', #1085 ) ;
#5014 = CARTESIAN_POINT ( 'NONE',  ( 0.000000000000000000, 3.000000000000000000, 0.000000000000000000 ) ) ;
#5015 = ORIENTED_EDGE ( 'NONE', *, *, #304, .F. ) ;
#5016 = CARTESIAN_POINT ( 'NONE',  ( 75.81746117496030024, 46.02785684633895613, -14.00000000000000000 ) ) ;
#5017 = CARTESIAN_POINT ( 'NONE',  ( -49.66598055739702744, 51.79954327709442907, -58.02400173314003240 ) ) ;
#5018 = CARTESIAN_POINT ( 'NONE',  ( -43.82405691833678674, 67.36036041969006760, 47.28257284198631538 ) ) ;
#5019 = CYLINDRICAL_SURFACE ( 'NONE', #7667, 77.70000000000000284 ) ;
#5020 = CARTESIAN_POINT ( 'NONE',  ( 36.23209021635550187, 81.77024432736197923, -15.18547888979485805 ) ) ;
#5021 = CARTESIAN_POINT ( 'NONE',  ( 27.49504468921707456, 71.31128151840131579, 59.18126354195099736 ) ) ;
#5022 = VERTEX_POINT ( 'NONE', #8722 ) ;
#5023 = VECTOR ( 'NONE', #3456, 1000.000000000000114 ) ;
#5024 = LINE ( 'NONE', #5758, #8937 ) ;
#5025 = CARTESIAN_POINT ( 'NONE',  ( 63.39407949067302184, 67.61734521269769971, 14.10282844842592453 ) ) ;
#5026 = ORIENTED_EDGE ( 'NONE', *, *, #6689, .F. ) ;
#5027 = CARTESIAN_POINT ( 'NONE',  ( -44.95607078063751061, 70.32824487245034106, 49.10013542774215978 ) ) ;
#5028 = ORIENTED_EDGE ( 'NONE', *, *, #2144, .F. ) ;
#5029 = CARTESIAN_POINT ( 'NONE',  ( 72.34072158104488892, 58.46542898071790262, 14.00000000000000888 ) ) ;
#5030 = EDGE_CURVE ( 'NONE', #7112, #1217, #3395, .T. ) ;
#5031 = CARTESIAN_POINT ( 'NONE',  ( -48.24989014503834284, 59.75118097120572713, -50.71564942530235953 ) ) ;
#5032 = ORIENTED_EDGE ( 'NONE', *, *, #972, .F. ) ;
#5033 = CARTESIAN_POINT ( 'NONE',  ( -72.74537776911401465, 51.19777907935039707, 13.99999999998369304 ) ) ;
#5034 = CARTESIAN_POINT ( 'NONE',  ( -42.64345868183692545, 55.90042865969770958, 69.68820904866657884 ) ) ;
#5035 = B_SPLINE_CURVE_WITH_KNOTS ( 'NONE', 3,
 ( #8413, #7729, #1510, #8080, #2518, #3916, #6648, #8805, #323, #7278, #2428, #6731, #5287, #488, #6608, #1864, #4631, #5918 ),
 .UNSPECIFIED., .F., .F.,
 ( 4, 2, 2, 2, 2, 2, 2, 2, 4 ),
 ( -0.001263708229997874367, 0.001977653895833425893, 0.005219016021664726369, 0.01170174027332735248, 0.01332242133624300141, 0.01494310239915865382, 0.01818446452498995169, 0.02142582665082125304, 0.02466718877665255438 ),
 .UNSPECIFIED. ) ;
#5036 = ORIENTED_EDGE ( 'NONE', *, *, #3359, .T. ) ;
#5037 = CARTESIAN_POINT ( 'NONE',  ( 38.43702465107573829, 81.12634831577898353, -14.16730785841656903 ) ) ;
#5038 = CARTESIAN_POINT ( 'NONE',  ( 25.30292869226667918, 46.22974096026070612, 72.02446358153106587 ) ) ;
#5039 = PLANE ( 'NONE',  #4778 ) ;
#5040 = CARTESIAN_POINT ( 'NONE',  ( 75.46923561637343880, 50.02349546675423397, -13.99999999999996092 ) ) ;
#5041 = CARTESIAN_POINT ( 'NONE',  ( 48.83536413107898966, 46.94028658333704840, -56.58533188132397385 ) ) ;
#5042 = CARTESIAN_POINT ( 'NONE',  ( -20.32404587889725889, 69.52068220640249763, -63.20228007761122058 ) ) ;
#5044 = ORIENTED_EDGE ( 'NONE', *, *, #8192, .T. ) ;
#5043 = VECTOR ( 'NONE', #2049, 1000.000000000000000 ) ;
#5045 = ORIENTED_EDGE ( 'NONE', *, *, #1037, .F. ) ;
#5046 = DIRECTION ( 'NONE',  ( 0.000000000000000000, 0.000000000000000000, -1.000000000000000000 ) ) ;
#5047 = CARTESIAN_POINT ( 'NONE',  ( 39.17061200114518016, 56.03554150615756413, -71.69785398266516552 ) ) ;
#5048 = DIRECTION ( 'NONE',  ( 0.5000000000000039968, -0.000000000000000000, -0.8660254037844363761 ) ) ;
#5049 = CARTESIAN_POINT ( 'NONE',  ( 73.50215154756890001, 53.49999999999999289, -2.499999999999995115 ) ) ;
#5050 = EDGE_CURVE ( 'NONE', #701, #2786, #3719, .T. ) ;
#5051 = CARTESIAN_POINT ( 'NONE',  ( 1.000536434903387707E-14, 0.000000000000000000, 81.70000000000000284 ) ) ;
#5052 = CARTESIAN_POINT ( 'NONE',  ( -21.38367872230071143, 61.76078178286299192, -65.03761799978610725 ) ) ;
#5053 = CARTESIAN_POINT ( 'NONE',  ( 35.33800643408967090, 75.90563544325183898, -32.47305866507741712 ) ) ;
#5054 = DIRECTION ( 'NONE',  ( 0.000000000000000000, 0.000000000000000000, -1.000000000000000000 ) ) ;
#5055 = CARTESIAN_POINT ( 'NONE',  ( 19.03588077828008451, 67.36036041969011023, 61.59403300916795132 ) ) ;
#5056 = CARTESIAN_POINT ( 'NONE',  ( -39.56207842993146073, 69.06316985497892347, -51.34735251978762705 ) ) ;
#5057 = CARTESIAN_POINT ( 'NONE',  ( -19.97606742458070528, 68.25930828242513826, 62.59956371479387371 ) ) ;
#5058 = LINE ( 'NONE', #6516, #6660 ) ;
#5059 = ORIENTED_EDGE ( 'NONE', *, *, #1362, .F. ) ;
#5060 = CARTESIAN_POINT ( 'NONE',  ( -40.72724133595276896, 71.00000000000000000, 51.54165124598802095 ) ) ;
#5061 = ORIENTED_EDGE ( 'NONE', *, *, #3196, .F. ) ;
#5062 = CARTESIAN_POINT ( 'NONE',  ( 28.59498000971561993, 71.24824376404994553, -58.54621558857008523 ) ) ;
#5063 = CARTESIAN_POINT ( 'NONE',  ( 44.03108891324586693, 53.49999999999999289, -69.26408311032376730 ) ) ;
#5064 = CARTESIAN_POINT ( 'NONE',  ( 81.68481285909939515, 56.27050921167231223, 1.584628340594410600 ) ) ;
#5065 = AXIS2_PLACEMENT_3D ( 'NONE', #3557, #3698, #6334 ) ;
#5066 = CARTESIAN_POINT ( 'NONE',  ( 27.27275866404813698, 71.00000000000000000, -66.23780366869502245 ) ) ;
#5067 = CARTESIAN_POINT ( 'NONE',  ( 20.21138338954604308, 68.93822299895370520, -63.00714292194682997 ) ) ;
#5068 = ORIENTED_EDGE ( 'NONE', *, *, #1046, .F. ) ;
#5069 = LINE ( 'NONE', #4982, #3585 ) ;
#5070 = AXIS2_PLACEMENT_3D ( 'NONE', #1177, #7361, #3238 ) ;
#5071 = ORIENTED_EDGE ( 'NONE', *, *, #8954, .T. ) ;
#5072 = CARTESIAN_POINT ( 'NONE',  ( -27.64953403269078791, 69.04744775501676202, 53.61754278026750598 ) ) ;
#5073 = ORIENTED_EDGE ( 'NONE', *, *, #3368, .F. ) ;
#5074 = CARTESIAN_POINT ( 'NONE',  ( -40.33726522518480095, 69.78750414715345585, 51.48046431515506072 ) ) ;
#5075 = DIRECTION ( 'NONE',  ( 0.000000000000000000, -1.000000000000000000, -0.000000000000000000 ) ) ;
#5076 = VERTEX_POINT ( 'NONE', #6607 ) ;
#5077 = CARTESIAN_POINT ( 'NONE',  ( -70.76314300612305885, 56.26540278045128929, 13.99999999998851230 ) ) ;
#5078 = CARTESIAN_POINT ( 'NONE',  ( 32.96891108675386306, 71.00000000000000000, 64.10382907247988271 ) ) ;
#5079 = ORIENTED_EDGE ( 'NONE', *, *, #6427, .F. ) ;
#5080 = AXIS2_PLACEMENT_3D ( 'NONE', #6961, #1465, #2057 ) ;
#5081 = CARTESIAN_POINT ( 'NONE',  ( 39.75167358346486424, 80.67607605460750619, -13.81848682036626030 ) ) ;
#5082 = CARTESIAN_POINT ( 'NONE',  ( -27.73434385180008022, 69.01561503458029279, -53.56727717247340337 ) ) ;
#5083 = CARTESIAN_POINT ( 'NONE',  ( 72.48473196131290308, 50.03241630556169639, -16.35231945600848746 ) ) ;
#5084 = DIRECTION ( 'NONE',  ( 0.7071067811865474617, 8.659560562354932858E-17, 0.7071067811865474617 ) ) ;
#5085 = DIRECTION ( 'NONE',  ( 0.8660254037844319353, 0.000000000000000000, 0.5000000000000116573 ) ) ;
#5086 = ORIENTED_EDGE ( 'NONE', *, *, #61, .T. ) ;
#5087 = CARTESIAN_POINT ( 'NONE',  ( 19.96340200533991904, 83.58148700043116719, 39.92680401067982388 ) ) ;
#5088 = CARTESIAN_POINT ( 'NONE',  ( 49.58584774075827539, 55.08934122040998460, 53.11563786187448954 ) ) ;
#5089 = EDGE_CURVE ( 'NONE', #5000, #4835, #4701, .T. ) ;
#5090 = CARTESIAN_POINT ( 'NONE',  ( 43.52179117423343513, 53.91662568590757587, -69.14293336534056778 ) ) ;
#5091 = CARTESIAN_POINT ( 'NONE',  ( 64.83445635738576129, 69.32011107992944687, 14.00000000000000000 ) ) ;
#5092 = ORIENTED_EDGE ( 'NONE', *, *, #6031, .F. ) ;
#5093 = CARTESIAN_POINT ( 'NONE',  ( 0.000000000000000000, 9.500000000000000000, 0.000000000000000000 ) ) ;
#5094 = AXIS2_PLACEMENT_3D ( 'NONE', #7389, #4074, #6851 ) ;
#5095 = CARTESIAN_POINT ( 'NONE',  ( 26.24956320569864232, 68.59727111945984745, -58.04150269251630334 ) ) ;
#5096 = CONICAL_SURFACE ( 'NONE', #3488, 3.500000000000007550, 0.7853981633974482790 ) ;
#5097 = AXIS2_PLACEMENT_3D ( 'NONE', #4524, #978, #1715 ) ;
#5098 = EDGE_CURVE ( 'NONE', #1038, #4736, #8928, .T. ) ;
#5099 = EDGE_CURVE ( 'NONE', #342, #1936, #8002, .T. ) ;
#5100 = AXIS2_PLACEMENT_3D ( 'NONE', #4205, #556, #8877 ) ;
#5101 = DIRECTION ( 'NONE',  ( 0.8660254037844431485, 0.000000000000000000, -0.4999999999999922839 ) ) ;
#5102 = ADVANCED_FACE ( 'NONE', ( #5489 ), #402, .F. ) ;
#5103 = CARTESIAN_POINT ( 'NONE',  ( 36.18623396202363551, 75.45188368545646540, -33.04274193603745857 ) ) ;
#5104 = CARTESIAN_POINT ( 'NONE',  ( 42.88879913094712748, 55.60430637156184730, 69.53748514958387261 ) ) ;
#5105 = CARTESIAN_POINT ( 'NONE',  ( -63.89768832408485366, 64.29485628078593606, -16.47483932149081909 ) ) ;
#5106 = VECTOR ( 'NONE', #1002, 1000.000000000000000 ) ;
#5107 = CARTESIAN_POINT ( 'NONE',  ( 0.000000000000000000, 49.00000000000000000, 0.000000000000000000 ) ) ;
#5108 = CARTESIAN_POINT ( 'NONE',  ( 44.56021296330963821, 67.41452947052927414, 49.18055284854281695 ) ) ;
#5109 = CARTESIAN_POINT ( 'NONE',  ( -17.28371873181859542, 65.00834819740778414, 62.90061292104609691 ) ) ;
#5110 = DIRECTION ( 'NONE',  ( -0.4999999999999979461, 1.387778780781446267E-15, -0.8660254037844397068 ) ) ;
#5111 = ADVANCED_FACE ( 'NONE', ( #5917 ), #4745, .F. ) ;
#5112 = CARTESIAN_POINT ( 'NONE',  ( -35.05157813448683868, 71.49049528587673308, -54.81849692318414924 ) ) ;
#5113 = CARTESIAN_POINT ( 'NONE',  ( -15.80513287229669217, 67.42165079097325986, -60.38848733625290777 ) ) ;
#5114 = DIRECTION ( 'NONE',  ( 0.9659258262890695335, 8.659560562354934091E-17, -0.2588190451025162431 ) ) ;
#5115 = AXIS2_PLACEMENT_3D ( 'NONE', #2817, #8934, #4123 ) ;
#5116 = CARTESIAN_POINT ( 'NONE',  ( 50.03308624046174202, 46.02785684633895613, 58.65984742795645701 ) ) ;
#5117 = CARTESIAN_POINT ( 'NONE',  ( 31.41259963301758162, 82.01375472259967125, -22.45917832387483415 ) ) ;
#5118 = CARTESIAN_POINT ( 'NONE',  ( 20.37564434701814875, 70.12954027454739503, -63.29165124598841174 ) ) ;
#5119 = EDGE_LOOP ( 'NONE', ( #7148, #4618, #2351, #8389, #2494, #7760 ) ) ;
#5120 = DIRECTION ( 'NONE',  ( -0.000000000000000000, 1.000000000000000000, -0.000000000000000000 ) ) ;
#5121 = CARTESIAN_POINT ( 'NONE',  ( 62.85993769661689612, 67.36036041969006760, 14.31146016718093783 ) ) ;
#5122 = ORIENTED_EDGE ( 'NONE', *, *, #4552, .T. ) ;
#5123 = CARTESIAN_POINT ( 'NONE',  ( -30.11912468174909918, 65.66873067389836649, 57.66625025191255816 ) ) ;
#5124 = EDGE_LOOP ( 'NONE', ( #5028, #6344, #4883, #2491 ) ) ;
#5125 = CARTESIAN_POINT ( 'NONE',  ( -38.57897352131932678, 68.62506435647097192, 51.23007767748021735 ) ) ;
#5126 = FACE_OUTER_BOUND ( 'NONE', #2472, .T. ) ;
#5127 = CARTESIAN_POINT ( 'NONE',  ( -44.45202071417433132, 64.16889629969972475, -48.99315837604632407 ) ) ;
#5128 = ORIENTED_EDGE ( 'NONE', *, *, #4996, .T. ) ;
#5129 = CARTESIAN_POINT ( 'NONE',  ( 0.000000000000000000, 0.000000000000000000, 0.000000000000000000 ) ) ;
#5130 = CARTESIAN_POINT ( 'NONE',  ( 44.70132591019041968, 63.35252490711587825, -29.27007697100382799 ) ) ;
#5131 = CARTESIAN_POINT ( 'NONE',  ( 64.99999999999998579, 70.33830226810675867, 14.00000000000000000 ) ) ;
#5132 = LINE ( 'NONE', #209, #1618 ) ;
#5133 = EDGE_LOOP ( 'NONE', ( #2295, #4369, #4289, #6849 ) ) ;
#5134 = CARTESIAN_POINT ( 'NONE',  ( 62.11833194741279840, 66.45418853071831222, -13.99999999996967759 ) ) ;
#5135 = CARTESIAN_POINT ( 'NONE',  ( 42.74089066114151336, 67.16783077007914926, -46.02939418607694932 ) ) ;
#5136 = CARTESIAN_POINT ( 'NONE',  ( -49.72355080941982663, 46.22974096026069901, 57.92521082841449953 ) ) ;
#5137 = ORIENTED_EDGE ( 'NONE', *, *, #3874, .T. ) ;
#5138 = DIRECTION ( 'NONE',  ( -0.5000000000000101030, 1.387778780781446464E-15, 0.8660254037844328234 ) ) ;
#5139 = CARTESIAN_POINT ( 'NONE',  ( -64.34502725871345774, 63.85246432331572208, -16.47027785670212197 ) ) ;
#5140 = ORIENTED_EDGE ( 'NONE', *, *, #6822, .T. ) ;
#5141 = CARTESIAN_POINT ( 'NONE',  ( 80.99999999999998579, 53.49999999999999289, 0.000000000000000000 ) ) ;
#5142 = EDGE_CURVE ( 'NONE', #5998, #3513, #1542, .T. ) ;
#5143 = ORIENTED_EDGE ( 'NONE', *, *, #4902, .F. ) ;
#5144 = CARTESIAN_POINT ( 'NONE',  ( -46.58227042666372597, 63.37520769587719371, 52.68285911089310503 ) ) ;
#5145 = CARTESIAN_POINT ( 'NONE',  ( -24.85206664690392486, 55.22173470845584120, -71.04504210552579480 ) ) ;
#5146 = CARTESIAN_POINT ( 'NONE',  ( 32.37692256868294294, 77.76911082126270003, -28.88846010879845494 ) ) ;
#5147 = EDGE_CURVE ( 'NONE', #1231, #2941, #8773, .T. ) ;
#5148 = CARTESIAN_POINT ( 'NONE',  ( 40.67063637370756624, 56.69996799760703254, 70.85782973429424203 ) ) ;
#5149 = EDGE_CURVE ( 'NONE', #3484, #2509, #6329, .T. ) ;
#5150 = CARTESIAN_POINT ( 'NONE',  ( 81.63965085961432067, 53.49999999999994316, 3.139650859614402378 ) ) ;
#5151 = EDGE_CURVE ( 'NONE', #1422, #4797, #4920, .T. ) ;
#5152 = CARTESIAN_POINT ( 'NONE',  ( -40.22764268673543597, 69.64573361806579044, -51.46115088983590624 ) ) ;
#5153 = CARTESIAN_POINT ( 'NONE',  ( 81.64557455998158275, 52.47920933242896524, 2.982657951052005263 ) ) ;
#5154 = DIRECTION ( 'NONE',  ( 1.000000000000000000, 0.000000000000000000, 0.000000000000000000 ) ) ;
#5155 = CARTESIAN_POINT ( 'NONE',  ( -65.67049891305357789, 66.68554913837694187, 13.99999999999999467 ) ) ;
#5156 = CARTESIAN_POINT ( 'NONE',  ( -43.80787268920096977, 67.19864238473648754, 46.67551889433173073 ) ) ;
#5157 = CARTESIAN_POINT ( 'NONE',  ( 81.66163811171740861, 55.43896195922570058, 2.505933770446723496 ) ) ;
#5158 = CARTESIAN_POINT ( 'NONE',  ( 31.30840847379750969, 79.32694058684504057, -23.08450501518418818 ) ) ;
#5159 = CARTESIAN_POINT ( 'NONE',  ( 64.87171462065590788, 67.41452947052931677, -14.00000000000000178 ) ) ;
#5160 = EDGE_CURVE ( 'NONE', #3561, #3031, #7315, .T. ) ;
#5161 = ORIENTED_EDGE ( 'NONE', *, *, #4251, .T. ) ;
#5162 = CARTESIAN_POINT ( 'NONE',  ( 27.77275866404814408, 71.00000000000000000, -67.10382907247947060 ) ) ;
#5163 = ORIENTED_EDGE ( 'NONE', *, *, #8460, .T. ) ;
#5164 = CARTESIAN_POINT ( 'NONE',  ( -41.81015964152998521, 64.92052763320843667, 50.91642807076581789 ) ) ;
#5165 = VERTEX_POINT ( 'NONE', #8388 ) ;
#5166 = CARTESIAN_POINT ( 'NONE',  ( 28.85461696447215374, 79.90139835813064906, -23.04867785017854231 ) ) ;
#5167 = DIRECTION ( 'NONE',  ( 0.000000000000000000, 0.000000000000000000, 1.000000000000000000 ) ) ;
#5168 = CARTESIAN_POINT ( 'NONE',  ( -12.12435565298215856, 0.000000000000000000, 6.999999999999972466 ) ) ;
#5169 = CARTESIAN_POINT ( 'NONE',  ( 72.00000000000000000, 71.00000000000000000, -10.50000000000000888 ) ) ;
#5170 = CARTESIAN_POINT ( 'NONE',  ( -12.12435565298224738, 60.99999999999988631, 6.999999999999813483 ) ) ;
#5171 = CARTESIAN_POINT ( 'NONE',  ( 43.91044964678155083, 67.61735050355572696, 47.84947792289503354 ) ) ;
#5172 = AXIS2_PLACEMENT_3D ( 'NONE', #2972, #907, #2927 ) ;
#5173 = B_SPLINE_CURVE_WITH_KNOTS ( 'NONE', 3,
 ( #8521, #241, #5667, #3708, #5716, #4291, #7108, #196, #3615, #1622 ),
 .UNSPECIFIED., .F., .F.,
 ( 4, 2, 2, 2, 4 ),
 ( 0.000000000000000000, 0.0006174258119178758185, 0.001234851623835751637, 0.001852277435753627455, 0.002469703247671503274 ),
 .UNSPECIFIED. ) ;
#5174 = CARTESIAN_POINT ( 'NONE',  ( 73.95284459978367408, 55.22173470843916476, -14.00000000000000888 ) ) ;
#5175 = CARTESIAN_POINT ( 'NONE',  ( 46.03681823767325909, 64.62690840039593354, -46.78160642398103874 ) ) ;
#5176 = CARTESIAN_POINT ( 'NONE',  ( 39.39711431703025113, 71.00000000000000000, -59.23780366869495850 ) ) ;
#5177 = ORIENTED_EDGE ( 'NONE', *, *, #3296, .T. ) ;
#5178 = PLANE ( 'NONE',  #2460 ) ;
#5179 = CARTESIAN_POINT ( 'NONE',  ( 43.45579845180815681, 52.68017534079228881, 69.18442826679300595 ) ) ;
#5180 = CARTESIAN_POINT ( 'NONE',  ( 0.000000000000000000, 48.61675045524525984, 0.000000000000000000 ) ) ;
#5181 = LINE ( 'NONE', #2457, #2607 ) ;
#5182 = CARTESIAN_POINT ( 'NONE',  ( 25.74585322367945039, 68.50552130179207211, -58.21434892574673370 ) ) ;
#5183 = AXIS2_PLACEMENT_3D ( 'NONE', #4149, #6162, #8280 ) ;
#5184 = ORIENTED_EDGE ( 'NONE', *, *, #1616, .T. ) ;
#5185 = CARTESIAN_POINT ( 'NONE',  ( -44.45202071417288181, 64.16889629970404485, 48.99315837604972046 ) ) ;
#5186 = CARTESIAN_POINT ( 'NONE',  ( -17.90883459807255207, 63.85246432331045696, -63.95956714160233503 ) ) ;
#5187 = EDGE_CURVE ( 'NONE', #5888, #3389, #1437, .T. ) ;
#5188 = CARTESIAN_POINT ( 'NONE',  ( 50.39078350707134746, 70.11677784523557477, -30.15417782223615717 ) ) ;
#5189 = CARTESIAN_POINT ( 'NONE',  ( -81.65441183111560974, 55.09176624766079300, -2.731280755847905084 ) ) ;
#5190 = CARTESIAN_POINT ( 'NONE',  ( 37.13336945953601287, 68.60050988506115743, -51.76310283617500119 ) ) ;
#5191 = EDGE_CURVE ( 'NONE', #66, #5399, #3865, .T. ) ;
#5192 = VECTOR ( 'NONE', #3843, 1000.000000000000000 ) ;
#5193 = CARTESIAN_POINT ( 'NONE',  ( -60.20053056545826564, 67.42165079097325986, -16.50659709052886370 ) ) ;
#5194 = CARTESIAN_POINT ( 'NONE',  ( 0.000000000000000000, 9.500000000000000000, 0.000000000000000000 ) ) ;
#5195 = CARTESIAN_POINT ( 'NONE',  ( -42.06217782649093806, 71.00000000000000000, -58.85382907247966955 ) ) ;
#5196 = CARTESIAN_POINT ( 'NONE',  ( 23.87564434701818783, 0.000000000000000000, -69.35382907247948481 ) ) ;
#5197 = CYLINDRICAL_SURFACE ( 'NONE', #5517, 81.70000000000000284 ) ;
#5198 = CARTESIAN_POINT ( 'NONE',  ( -50.03658622505672326, 47.05105508795758595, -58.66590957909960480 ) ) ;
#5199 = CARTESIAN_POINT ( 'NONE',  ( -16.57649413764591273, 66.22292686396978922, -61.70045532388727594 ) ) ;
#5200 = CARTESIAN_POINT ( 'NONE',  ( 81.66168732828495536, 55.44104302869432388, -2.504318202208733357 ) ) ;
#5201 = CARTESIAN_POINT ( 'NONE',  ( 29.37495277271337102, 80.27899380149108310, -20.16137280985472913 ) ) ;
#5202 = PLANE ( 'NONE',  #443 ) ;
#5203 = CARTESIAN_POINT ( 'NONE',  ( 35.11805822557743539, 71.45227402772215441, 54.78011462469731185 ) ) ;
#5204 = EDGE_CURVE ( 'NONE', #367, #878, #4017, .T. ) ;
#5205 = CARTESIAN_POINT ( 'NONE',  ( -19.90035552566494204, 68.11553659766627788, -62.46842685913602367 ) ) ;
#5206 = VERTEX_POINT ( 'NONE', #8247 ) ;
#5207 = ORIENTED_EDGE ( 'NONE', *, *, #3476, .F. ) ;
#5208 = VECTOR ( 'NONE', #5652, 1000.000000000000000 ) ;
#5209 = CARTESIAN_POINT ( 'NONE',  ( 36.42270427423358825, 79.43147309126267430, -12.38164866957953869 ) ) ;
#5210 = CARTESIAN_POINT ( 'NONE',  ( 43.40534035225326903, 52.47775072392899887, -69.21612835011734433 ) ) ;
#5211 = EDGE_CURVE ( 'NONE', #4555, #8202, #4856, .T. ) ;
#5212 = DIRECTION ( 'NONE',  ( 0.000000000000000000, 0.000000000000000000, 1.000000000000000000 ) ) ;
#5213 = CARTESIAN_POINT ( 'NONE',  ( -72.00000000000000000, 71.00000000000000000, -7.000000000000000000 ) ) ;
#5214 = DIRECTION ( 'NONE',  ( 1.000000000000000000, 0.000000000000000000, 0.000000000000000000 ) ) ;
#5215 = AXIS2_PLACEMENT_3D ( 'NONE', #3011, #8457, #3549 ) ;
#5216 = LINE ( 'NONE', #211, #1578 ) ;
#5217 = CARTESIAN_POINT ( 'NONE',  ( 0.000000000000000000, 0.000000000000000000, -14.00000000000000000 ) ) ;
#5218 = ORIENTED_EDGE ( 'NONE', *, *, #3593, .T. ) ;
#5219 = CARTESIAN_POINT ( 'NONE',  ( 64.99999999999998579, 71.00000000000000000, 9.500000000000003553 ) ) ;
#5220 = CIRCLE ( 'NONE', #549, 81.70000000000000284 ) ;
#5221 = CARTESIAN_POINT ( 'NONE',  ( -72.34072158105323069, 58.46542898070538286, -13.99999999999999467 ) ) ;
#5222 = VECTOR ( 'NONE', #8632, 1000.000000000000114 ) ;
#5223 = EDGE_CURVE ( 'NONE', #5315, #7170, #7735, .T. ) ;
#5224 = VERTEX_POINT ( 'NONE', #1538 ) ;
#5225 = CARTESIAN_POINT ( 'NONE',  ( 24.27294201064076518, 70.96746529199602094, -61.04154539078378860 ) ) ;
#5226 = CARTESIAN_POINT ( 'NONE',  ( 27.67280027441479717, 69.33091689129848589, -58.19600997358359962 ) ) ;
#5227 = AXIS2_PLACEMENT_3D ( 'NONE', #3564, #2104, #1467 ) ;
#5228 = ORIENTED_EDGE ( 'NONE', *, *, #1073, .F. ) ;
#5229 = ORIENTED_EDGE ( 'NONE', *, *, #354, .F. ) ;
#5230 = CARTESIAN_POINT ( 'NONE',  ( -48.49704453754404199, 51.19777907934369665, 55.99934515595042228 ) ) ;
#5231 = DIRECTION ( 'NONE',  ( -6.938893903907287542E-16, 1.000000000000000000, 1.201851678989724858E-15 ) ) ;
#5232 = CARTESIAN_POINT ( 'NONE',  ( 47.86044776298215453, 70.16627729830187832, -33.86907331643284635 ) ) ;
#5233 = CARTESIAN_POINT ( 'NONE',  ( 25.74486126327963120, 48.24151529171869868, -72.59140774181139477 ) ) ;
#5234 = AXIS2_PLACEMENT_3D ( 'NONE', #5437, #8881, #7472 ) ;
#5235 = CARTESIAN_POINT ( 'NONE',  ( 37.61264424761488101, 68.50083817214022019, -51.36755389447097997 ) ) ;
#5236 = CIRCLE ( 'NONE', #427, 2.499999999999999112 ) ;
#5237 = VECTOR ( 'NONE', #2558, 1000.000000000000000 ) ;
#5238 = VECTOR ( 'NONE', #6754, 1000.000000000000000 ) ;
#5239 = DIRECTION ( 'NONE',  ( 0.000000000000000000, 0.000000000000000000, -1.000000000000000000 ) ) ;
#5240 = VECTOR ( 'NONE', #6497, 999.9999999999998863 ) ;
#5241 = DIRECTION ( 'NONE',  ( 0.8660254037844326014, 0.000000000000000000, 0.5000000000000104361 ) ) ;
#5242 =( BOUNDED_SURFACE ( )  B_SPLINE_SURFACE ( 3, 2, ( 
 ( #2142, #6907, #6234 ),
 ( #1407, #3552, #4904 ),
 ( #4809, #2779, #4855 ),
 ( #4177, #4963, #2190 ),
 ( #1505, #6949, #713 ),
 ( #4272, #7046, #3598 ),
 ( #6378, #4794, #6174 ),
 ( #2631, #6130, #7391 ),
 ( #4700, #6080, #8927 ),
 ( #5402, #7431, #2716 ),
 ( #3305, #5354, #6761 ),
 ( #5441, #3394, #8794 ) ),
 .UNSPECIFIED., .F., .F., .F. ) 
 B_SPLINE_SURFACE_WITH_KNOTS ( ( 4, 2, 2, 2, 2, 4 ),
 ( 3, 3 ),
 ( 0.04596579152697865406, 0.05469982312265932178, 0.05906683892049965218, 0.06343385471833998257, 0.07216788631402065723, 0.08090191790970131802 ),
 ( 0.000000000000000000, 1.000000000000000000 ),
 .UNSPECIFIED. ) 
 GEOMETRIC_REPRESENTATION_ITEM ( )  RATIONAL_B_SPLINE_SURFACE ( (
 ( 1.000000000000000000, 0.4470413949512956897, 1.000000000000000000),
 ( 1.000000000000000000, 0.4508719092581101595, 1.000000000000000000),
 ( 1.000000000000000000, 0.4535957092000723612, 1.000000000000000000),
 ( 1.000000000000000000, 0.4562964902223958785, 1.000000000000000000),
 ( 1.000000000000000000, 0.4569643652243163268, 1.000000000000000000),
 ( 1.000000000000000000, 0.4578526834162054970, 1.000000000000000000),
 ( 1.000000000000000000, 0.4580721740606116255, 1.000000000000000000),
 ( 1.000000000000000000, 0.4580613410313871259, 1.000000000000000000),
 ( 1.000000000000000000, 0.4571748802265165335, 1.000000000000000000),
 ( 1.000000000000000000, 0.4535762175660909001, 1.000000000000000000),
 ( 1.000000000000000000, 0.4508604777194364366, 1.000000000000000000),
 ( 1.000000000000000000, 0.4470422633554517189, 1.000000000000000000) ) ) 
 REPRESENTATION_ITEM ( '' )  SURFACE ( )  );
#5243 = CARTESIAN_POINT ( 'NONE',  ( -19.72388365894084927, 67.84252621657633142, -62.20625511380601580 ) ) ;
#5244 = FACE_OUTER_BOUND ( 'NONE', #7647, .T. ) ;
#5245 = DIRECTION ( 'NONE',  ( -0.5000000000000101030, -0.000000000000000000, 0.8660254037844328234 ) ) ;
#5246 = CARTESIAN_POINT ( 'NONE',  ( -48.17954716718557506, 53.27527253398953633, -55.44942357926341003 ) ) ;
#5247 = DIRECTION ( 'NONE',  ( -0.000000000000000000, -1.000000000000000000, -0.000000000000000000 ) ) ;
#5248 = CARTESIAN_POINT ( 'NONE',  ( 49.65591337551022377, 46.92052225583240954, 56.65933477755881853 ) ) ;
#5249 = CIRCLE ( 'NONE', #1308, 2.500000000000005773 ) ;
#5250 = ORIENTED_EDGE ( 'NONE', *, *, #6969, .T. ) ;
#5251 = DIRECTION ( 'NONE',  ( 0.8660254037844433705, 0.000000000000000000, -0.4999999999999916733 ) ) ;
#5252 = EDGE_LOOP ( 'NONE', ( #3750, #4098, #5177, #3656 ) ) ;
#5253 = ADVANCED_FACE ( 'NONE', ( #2225 ), #8361, .F. ) ;
#5254 = CARTESIAN_POINT ( 'NONE',  ( -50.03308624046297837, 46.02785684633894903, 58.65984742795541962 ) ) ;
#5255 = ORIENTED_EDGE ( 'NONE', *, *, #4996, .F. ) ;
#5256 = CARTESIAN_POINT ( 'NONE',  ( 50.03308624046258046, 46.02785684633894903, -58.65984742795578910 ) ) ;
#5257 = ORIENTED_EDGE ( 'NONE', *, *, #1819, .F. ) ;
#5258 = CARTESIAN_POINT ( 'NONE',  ( 46.76632487716751285, 75.66779182648178903, -12.81196524760367339 ) ) ;
#5259 = CARTESIAN_POINT ( 'NONE',  ( -81.63965085961420698, 53.49999999999852207, 3.139650859617251211 ) ) ;
#5260 = CARTESIAN_POINT ( 'NONE',  ( 30.53652718018593148, 77.95031877936354192, -30.05684981827582902 ) ) ;
#5261 = EDGE_CURVE ( 'NONE', #1936, #8693, #969, .T. ) ;
#5262 = DIRECTION ( 'NONE',  ( 0.000000000000000000, 1.000000000000000000, 0.000000000000000000 ) ) ;
#5263 = ADVANCED_FACE ( 'NONE', ( #4998 ), #7758, .F. ) ;
#5264 = CARTESIAN_POINT ( 'NONE',  ( 0.000000000000000000, 0.000000000000000000, -81.70000000000000284 ) ) ;
#5265 = B_SPLINE_CURVE_WITH_KNOTS ( 'NONE', 3,
 ( #5259, #1837, #5299, #3251, #8016, #1962, #3289, #8138, #6836, #6018, #7454, #3212, #8868, #5340, #8053, #7374, #1269, #8818, #2612, #1920, #1225, #4012, #6787, #3331, #2657, #5423, #2102, #4975, #4284, #6296, #8275, #8322, #7056, #6340 ),
 .UNSPECIFIED., .F., .F.,
 ( 4, 2, 2, 2, 2, 2, 2, 2, 2, 2, 2, 2, 2, 2, 2, 2, 4 ),
 ( 0.01241991533998208427, 0.01304106205080795937, 0.01366220876163383446, 0.01428335547245970956, 0.01490450218328558465, 0.01552564889411145801, 0.01614679560493733484, 0.01676794231576320821, 0.01738908902658908157, 0.01801023573741495840, 0.01863138244824083523, 0.01925252915906670859, 0.01987367586989258195, 0.02049482258071845531, 0.02111596929154433214, 0.02173711600237020897, 0.02235826271319608233 ),
 .UNSPECIFIED. ) ;
#5266 = CIRCLE ( 'NONE', #1321, 2.499999999999991562 ) ;
#5267 = CARTESIAN_POINT ( 'NONE',  ( 44.45202071416223788, 64.16889629969949738, -48.99315837604828516 ) ) ;
#5268 = CARTESIAN_POINT ( 'NONE',  ( -26.00248621017737705, 68.54262392680480787, -58.10186422269374873 ) ) ;
#5269 = ORIENTED_EDGE ( 'NONE', *, *, #2646, .F. ) ;
#5270 = FACE_OUTER_BOUND ( 'NONE', #3045, .T. ) ;
#5271 = CARTESIAN_POINT ( 'NONE',  ( -65.05800944454372825, 63.77279572264611573, -14.00000000000725997 ) ) ;
#5272 = CARTESIAN_POINT ( 'NONE',  ( -43.81650759811265772, 67.16491873033091053, -46.47097631146824170 ) ) ;
#5273 = CARTESIAN_POINT ( 'NONE',  ( -36.42142207180046398, 71.37356801941000128, -54.02761715722837010 ) ) ;
#5274 = FACE_OUTER_BOUND ( 'NONE', #8631, .T. ) ;
#5275 = EDGE_CURVE ( 'NONE', #7771, #8201, #5631, .T. ) ;
#5276 = ORIENTED_EDGE ( 'NONE', *, *, #3112, .T. ) ;
#5277 = ORIENTED_EDGE ( 'NONE', *, *, #4922, .F. ) ;
#5278 = CARTESIAN_POINT ( 'NONE',  ( -43.18352162670740313, 66.45418853074068011, 46.79605350717541512 ) ) ;
#5279 = CARTESIAN_POINT ( 'NONE',  ( -20.20330940821539656, 64.16889629969531939, -62.99315837604020629 ) ) ;
#5280 = CARTESIAN_POINT ( 'NONE',  ( 46.74537767635474950, 72.15591293161971009, -33.38635843358188282 ) ) ;
#5281 = B_SPLINE_CURVE_WITH_KNOTS ( 'NONE', 3,
 ( #2291, #5057, #7184, #957, #35, #5601, #6606, #8599, #7180, #1739 ),
 .UNSPECIFIED., .F., .F.,
 ( 4, 2, 2, 2, 4 ),
 ( 0.000000000000000000, 0.0006174258119178758185, 0.001234851623835751637, 0.001852277435753627455, 0.002469703247671503274 ),
 .UNSPECIFIED. ) ;
#5282 = CARTESIAN_POINT ( 'NONE',  ( -81.66168101034143945, 55.44082625378889162, -2.504540001264243365 ) ) ;
#5283 = CARTESIAN_POINT ( 'NONE',  ( -44.14906683162923429, 68.11553659766630631, -48.46842685913603788 ) ) ;
#5284 = EDGE_CURVE ( 'NONE', #7142, #4027, #2864, .T. ) ;
#5285 = ORIENTED_EDGE ( 'NONE', *, *, #6760, .F. ) ;
#5286 = B_SPLINE_CURVE_WITH_KNOTS ( 'NONE', 3,
 ( #5597, #666, #8356, #6327 ),
 .UNSPECIFIED., .F., .F.,
 ( 4, 4 ),
 ( 0.000000000000000000, 0.0003740696040165258549 ),
 .UNSPECIFIED. ) ;
#5287 = CARTESIAN_POINT ( 'NONE',  ( 25.17867762304184609, 53.47034647065111557, 71.61074891050745350 ) ) ;
#5288 = CARTESIAN_POINT ( 'NONE',  ( 73.04231581609172963, 47.93259350557799081, -15.64873215280289109 ) ) ;
#5289 = FACE_OUTER_BOUND ( 'NONE', #5931, .T. ) ;
#5290 = CARTESIAN_POINT ( 'NONE',  ( 76.23219817601714965, 45.99999999999999289, -14.00000000000000000 ) ) ;
#5291 = ORIENTED_EDGE ( 'NONE', *, *, #7201, .F. ) ;
#5292 = CARTESIAN_POINT ( 'NONE',  ( -63.56094302519359474, 68.57946923655197224, -7.645922414084629359 ) ) ;
#5293 = ORIENTED_EDGE ( 'NONE', *, *, #741, .T. ) ;
#5294 = LINE ( 'NONE', #3884, #4592 ) ;
#5295 = ORIENTED_EDGE ( 'NONE', *, *, #2823, .T. ) ;
#5296 = CARTESIAN_POINT ( 'NONE',  ( -66.70000000000008811, 60.11331709634244902, -133.4000000000000625 ) ) ;
#5297 = ORIENTED_EDGE ( 'NONE', *, *, #5859, .F. ) ;
#5298 = CARTESIAN_POINT ( 'NONE',  ( -36.38537941636812434, 70.99999999999809575, 54.02132580181889665 ) ) ;
#5299 = CARTESIAN_POINT ( 'NONE',  ( -81.64043316476862344, 53.08305297158940306, 3.119490735062720788 ) ) ;
#5300 = CARTESIAN_POINT ( 'NONE',  ( 31.94555085444570608, 77.06038323273595836, -31.94443970277180256 ) ) ;
#5301 = CARTESIAN_POINT ( 'NONE',  ( 51.49461208978286209, 73.70860150083609597, -20.07039087264272226 ) ) ;
#5302 = FACE_OUTER_BOUND ( 'NONE', #8669, .T. ) ;
#5303 = ADVANCED_FACE ( 'NONE', ( #4260 ), #8296, .T. ) ;
#5304 = VERTEX_POINT ( 'NONE', #8972 ) ;
#5305 = CARTESIAN_POINT ( 'NONE',  ( 34.58601226432365650, 53.49999999999999289, -64.90473047300821463 ) ) ;
#5306 = VECTOR ( 'NONE', #4039, 1000.000000000000000 ) ;
#5307 = ORIENTED_EDGE ( 'NONE', *, *, #929, .F. ) ;
#5308 = DIRECTION ( 'NONE',  ( 1.000000000000000000, -0.000000000000000000, 0.000000000000000000 ) ) ;
#5309 = DIRECTION ( 'NONE',  ( 0.5000000000000041078, -0.000000000000000000, -0.8660254037844363761 ) ) ;
#5310 = ORIENTED_EDGE ( 'NONE', *, *, #7573, .T. ) ;
#5311 = DIRECTION ( 'NONE',  ( 0.000000000000000000, 0.000000000000000000, -1.000000000000000000 ) ) ;
#5312 = CARTESIAN_POINT ( 'NONE',  ( 8.681445989019579037E-15, 96.99999999999998579, 14.00000000000000000 ) ) ;
#5313 = DIRECTION ( 'NONE',  ( -1.000000000000000000, 0.000000000000000000, 0.000000000000000000 ) ) ;
#5314 = DIRECTION ( 'NONE',  ( -0.4848096202463325066, 0.000000000000000000, -0.8746197071393982947 ) ) ;
#5315 = VERTEX_POINT ( 'NONE', #5584 ) ;
#5316 = ORIENTED_EDGE ( 'NONE', *, *, #3294, .T. ) ;
#5317 = CARTESIAN_POINT ( 'NONE',  ( -81.99999999999998579, 53.49999999999999289, 0.000000000000000000 ) ) ;
#5318 = CARTESIAN_POINT ( 'NONE',  ( -26.90673326026417200, 71.00000000000000000, 67.60382907247927164 ) ) ;
#5319 = CARTESIAN_POINT ( 'NONE',  ( 47.51440614660879902, 70.26547817786419614, -34.09542284411083557 ) ) ;
#5320 = CARTESIAN_POINT ( 'NONE',  ( 0.000000000000000000, 49.00000000000000000, 0.000000000000000000 ) ) ;
#5321 = CARTESIAN_POINT ( 'NONE',  ( 39.84501218937553801, 69.26824522736524159, -51.39429361168372168 ) ) ;
#5322 = EDGE_CURVE ( 'NONE', #5399, #66, #7212, .T. ) ;
#5323 =( NAMED_UNIT ( * ) PLANE_ANGLE_UNIT ( ) SI_UNIT ( $, .RADIAN. ) );
#5324 = AXIS2_PLACEMENT_3D ( 'NONE', #5711, #1418, #7104 ) ;
#5325 = CARTESIAN_POINT ( 'NONE',  ( -22.08084192095269671, 50.03241630556812680, -70.94977899300612023 ) ) ;
#5326 = CARTESIAN_POINT ( 'NONE',  ( 0.000000000000000000, 46.00000000000000000, 0.000000000000000000 ) ) ;
#5327 = CARTESIAN_POINT ( 'NONE',  ( -34.58601226432411124, 53.49999999999999289, 64.90473047300795884 ) ) ;
#5328 = AXIS2_PLACEMENT_3D ( 'NONE', #3963, #8129, #5375 ) ;
#5329 = CARTESIAN_POINT ( 'NONE',  ( 72.38935063020871041, 50.54137333704081669, -16.35436224005047734 ) ) ;
#5330 = DIRECTION ( 'NONE',  ( -0.8660254037844398178, 0.000000000000000000, 0.4999999999999978906 ) ) ;
#5331 = ORIENTED_EDGE ( 'NONE', *, *, #3304, .T. ) ;
#5332 = CARTESIAN_POINT ( 'NONE',  ( -63.30167245065045023, 68.52742641648094946, -6.620011514763632476 ) ) ;
#5333 = CARTESIAN_POINT ( 'NONE',  ( -22.20114393954578347, 48.61675045524525984, 71.14828336734677805 ) ) ;
#5334 = AXIS2_PLACEMENT_3D ( 'NONE', #1287, #7429, #5485 ) ;
#5335 = FACE_OUTER_BOUND ( 'NONE', #4093, .T. ) ;
#5336 = ORIENTED_EDGE ( 'NONE', *, *, #2501, .T. ) ;
#5337 = FACE_OUTER_BOUND ( 'NONE', #4575, .T. ) ;
#5338 = ORIENTED_EDGE ( 'NONE', *, *, #7448, .F. ) ;
#5339 = DIRECTION ( 'NONE',  ( 0.000000000000000000, 0.000000000000000000, -1.000000000000000000 ) ) ;
#5340 = CARTESIAN_POINT ( 'NONE',  ( -81.69383419969777549, 50.46688936758245347, 1.021743441746620684 ) ) ;
#5341 = CARTESIAN_POINT ( 'NONE',  ( 35.27067306593024654, 75.26538153894053096, -34.55751760697432218 ) ) ;
#5342 = CARTESIAN_POINT ( 'NONE',  ( 46.01455010535454448, 75.79414944858807246, -14.48050801831618983 ) ) ;
#5343 = CARTESIAN_POINT ( 'NONE',  ( 24.42471221318935903, 49.60266825054842599, 70.30484251349692215 ) ) ;
#5344 = EDGE_CURVE ( 'NONE', #723, #8749, #27, .T. ) ;
#5345 = VERTEX_POINT ( 'NONE', #7126 ) ;
#5346 = CARTESIAN_POINT ( 'NONE',  ( -24.35003843953768055, 70.09497369518282994, -60.84871556619965105 ) ) ;
#5347 = EDGE_LOOP ( 'NONE', ( #8565, #3085 ) ) ;
#5348 = CARTESIAN_POINT ( 'NONE',  ( -24.67959002009347103, 55.96238029589260776, -70.74630382477209878 ) ) ;
#5349 = CARTESIAN_POINT ( 'NONE',  ( 22.97019348131048133, 70.79964327383027012, 61.79368760487884771 ) ) ;
#5350 = CARTESIAN_POINT ( 'NONE',  ( -42.64359674965296421, 51.09975063280641905, 69.68812403373939901 ) ) ;
#5351 = DIRECTION ( 'NONE',  ( -0.8660254037844373753, 0.000000000000000000, -0.5000000000000021094 ) ) ;
#5352 = EDGE_CURVE ( 'NONE', #8331, #2441, #5775, .T. ) ;
#5353 = EDGE_CURVE ( 'NONE', #6591, #4797, #8613, .T. ) ;
#5354 = CARTESIAN_POINT ( 'NONE',  ( -65.00000000017777779, 64.46462010831865541, 13.40256265601175123 ) ) ;
#5355 = AXIS2_PLACEMENT_3D ( 'NONE', #5821, #3135, #1033 ) ;
#5356 = EDGE_LOOP ( 'NONE', ( #2035, #8271, #3471, #4034 ) ) ;
#5357 = ORIENTED_EDGE ( 'NONE', *, *, #8854, .T. ) ;
#5358 = CARTESIAN_POINT ( 'NONE',  ( -62.68053806138232176, 67.29655345658417787, 14.40062326129873327 ) ) ;
#5359 = CARTESIAN_POINT ( 'NONE',  ( -36.75107577378430079, 53.49999999999999289, -63.65473047300844200 ) ) ;
#5360 = CARTESIAN_POINT ( 'NONE',  ( 47.34723682905874398, 71.93707881959346651, -33.03794013008241848 ) ) ;
#5361 = CARTESIAN_POINT ( 'NONE',  ( 25.78787491908676444, 47.05105508795758595, -72.66590957908879034 ) ) ;
#5362 = CARTESIAN_POINT ( 'NONE',  ( 0.000000000000000000, 0.000000000000000000, -81.70000000000000284 ) ) ;
#5363 = VECTOR ( 'NONE', #8168, 1000.000000000000114 ) ;
#5364 = CARTESIAN_POINT ( 'NONE',  ( 28.87508545269598770, 79.57588136914630184, -24.70728397442879398 ) ) ;
#5365 = EDGE_CURVE ( 'NONE', #3121, #4054, #521, .T. ) ;
#5366 = EDGE_CURVE ( 'NONE', #8223, #3896, #6355, .T. ) ;
#5367 = APPLICATION_PROTOCOL_DEFINITION ( 'draft international standard', 'automotive_design', 1998, #2079 ) ;
#5368 = EDGE_CURVE ( 'NONE', #459, #3004, #4799, .T. ) ;
#5369 = CARTESIAN_POINT ( 'NONE',  ( -24.58327197799668440, 45.87307673031754973, -70.57947608217486390 ) ) ;
#5370 = CIRCLE ( 'NONE', #1446, 2.500000000000003553 ) ;
#5371 = CARTESIAN_POINT ( 'NONE',  ( -72.00000000000000000, 71.00000000000000000, 7.000000000000005329 ) ) ;
#5372 = DIRECTION ( 'NONE',  ( -0.5000000000000101030, -0.000000000000000000, 0.8660254037844328234 ) ) ;
#5373 = CIRCLE ( 'NONE', #2026, 66.70000000000000284 ) ;
#5374 = CARTESIAN_POINT ( 'NONE',  ( 71.54594170067126413, 53.31457523385762443, -16.37109445571446642 ) ) ;
#5375 = DIRECTION ( 'NONE',  ( 0.000000000000000000, 0.000000000000000000, -1.000000000000000000 ) ) ;
#5376 = CARTESIAN_POINT ( 'NONE',  ( -39.02967813764711735, 51.10005297342044628, -71.77461254820593695 ) ) ;
#5377 = CIRCLE ( 'NONE', #8265, 77.50708379720883556 ) ;
#5378 = AXIS2_PLACEMENT_3D ( 'NONE', #7680, #3373, #6196 ) ;
#5379 = VERTEX_POINT ( 'NONE', #6456 ) ;
#5380 = EDGE_CURVE ( 'NONE', #7476, #3207, #1637, .T. ) ;
#5381 = DIRECTION ( 'NONE',  ( 0.8660254037844431485, 0.000000000000000000, -0.4999999999999922839 ) ) ;
#5382 = CARTESIAN_POINT ( 'NONE',  ( 72.32922377359081167, 65.71575228053563933, -1.771555047582812371E-14 ) ) ;
#5383 = EDGE_LOOP ( 'NONE', ( #6406, #1375 ) ) ;
#5384 = CARTESIAN_POINT ( 'NONE',  ( 60.25778334587435126, 69.01529260138785560, 2.774591182591620520 ) ) ;
#5385 = VERTEX_POINT ( 'NONE', #212 ) ;
#5386 = CARTESIAN_POINT ( 'NONE',  ( 31.31710157795293625, 81.48699651356143647, -24.93611547190164046 ) ) ;
#5387 = CARTESIAN_POINT ( 'NONE',  ( 50.03242244084319879, 47.11423984721405844, -58.65869769328899253 ) ) ;
#5388 = CARTESIAN_POINT ( 'NONE',  ( 53.04859611082355286, 69.84886995874855131, -26.06689732804136028 ) ) ;
#5389 = FACE_OUTER_BOUND ( 'NONE', #8866, .T. ) ;
#5390 = CARTESIAN_POINT ( 'NONE',  ( 24.54747839862206149, 48.00576291640018667, 70.51747978410713813 ) ) ;
#5391 = EDGE_LOOP ( 'NONE', ( #3462, #6262, #8717 ) ) ;
#5392 = CIRCLE ( 'NONE', #8860, 1.999999999999999112 ) ;
#5393 = CIRCLE ( 'NONE', #2365, 3.500000000000002665 ) ;
#5394 = CARTESIAN_POINT ( 'NONE',  ( -64.89680306375910845, 69.52068220640249763, -13.99999999999999822 ) ) ;
#5395 = DIRECTION ( 'NONE',  ( -0.8660254037844370423, 0.000000000000000000, -0.5000000000000029976 ) ) ;
#5396 = ORIENTED_EDGE ( 'NONE', *, *, #1764, .T. ) ;
#5397 = CARTESIAN_POINT ( 'NONE',  ( -42.06217782649175518, 71.00000000000000000, 58.85382907247908690 ) ) ;
#5398 = CARTESIAN_POINT ( 'NONE',  ( -50.10155788679283262, 46.00937601690883128, 58.77844379827659793 ) ) ;
#5399 = VERTEX_POINT ( 'NONE', #5176 ) ;
#5400 = CARTESIAN_POINT ( 'NONE',  ( -41.72769048489257671, 50.46527999774288986, 70.24048809801512050 ) ) ;
#5401 = CARTESIAN_POINT ( 'NONE',  ( 0.000000000000000000, 0.000000000000000000, 14.00000000000000000 ) ) ;
#5402 = CARTESIAN_POINT ( 'NONE',  ( -60.23436888534779143, 68.35783077697472265, 11.22629262179929555 ) ) ;
#5403 = DIRECTION ( 'NONE',  ( -0.8660254037844363761, 0.000000000000000000, -0.5000000000000039968 ) ) ;
#5404 = ORIENTED_EDGE ( 'NONE', *, *, #8641, .T. ) ;
#5405 = ORIENTED_EDGE ( 'NONE', *, *, #6094, .T. ) ;
#5406 = CARTESIAN_POINT ( 'NONE',  ( -41.56217782649094517, 71.00000000000000000, -57.98780366869523561 ) ) ;
#5407 = CARTESIAN_POINT ( 'NONE',  ( 38.18756287287126128, 52.68006794593971165, -72.22604503933713715 ) ) ;
#5408 = CARTESIAN_POINT ( 'NONE',  ( -40.50000000000081002, 53.49999999999999289, 70.14805770653904915 ) ) ;
#5409 = CARTESIAN_POINT ( 'NONE',  ( 36.38222694118285006, 70.30717204307060797, -53.83237318105337721 ) ) ;
#5410 = CARTESIAN_POINT ( 'NONE',  ( -38.77620972199647298, 55.60344473953553290, -71.91186547830884024 ) ) ;
#5411 = EDGE_CURVE ( 'NONE', #4831, #5206, #4492, .T. ) ;
#5412 = LINE ( 'NONE', #8165, #4067 ) ;
#5413 = LINE ( 'NONE', #1214, #1291 ) ;
#5414 = DIRECTION ( 'NONE',  ( 1.000000000000000000, -0.000000000000000000, 0.000000000000000000 ) ) ;
#5415 = CARTESIAN_POINT ( 'NONE',  ( -63.65603546720771533, 68.62506435647097192, -7.795332282648883115 ) ) ;
#5416 = CARTESIAN_POINT ( 'NONE',  ( 18.68698588504410552, 63.85723507571429280, -64.26659866357850603 ) ) ;
#5417 = CARTESIAN_POINT ( 'NONE',  ( -19.96340200533990838, 83.58148700043116719, -39.92680401067980256 ) ) ;
#5418 = CARTESIAN_POINT ( 'NONE',  ( 50.59889340631322341, 45.87634716325730722, 54.95257857073241325 ) ) ;
#5419 = ORIENTED_EDGE ( 'NONE', *, *, #5832, .T. ) ;
#5420 = FACE_OUTER_BOUND ( 'NONE', #8767, .T. ) ;
#5421 = ORIENTED_EDGE ( 'NONE', *, *, #7250, .T. ) ;
#5422 = FACE_OUTER_BOUND ( 'NONE', #829, .T. ) ;
#5423 = CARTESIAN_POINT ( 'NONE',  ( -81.66558053848962118, 51.39752181463180847, -2.375762442874687075 ) ) ;
#5424 = CARTESIAN_POINT ( 'NONE',  ( 50.59145300810330781, 69.57346837423841635, -31.33767002207481056 ) ) ;
#5425 = ADVANCED_FACE ( 'NONE', ( #5730 ), #989, .F. ) ;
#5426 = CARTESIAN_POINT ( 'NONE',  ( 50.89797529052891178, 74.36327549710723872, -18.86484434960657808 ) ) ;
#5427 = DIRECTION ( 'NONE',  ( -1.000000000000000000, 0.000000000000000000, 0.000000000000000000 ) ) ;
#5428 = ORIENTED_EDGE ( 'NONE', *, *, #1341, .T. ) ;
#5429 = CARTESIAN_POINT ( 'NONE',  ( 64.04942235729440370, 68.11553659766630631, -14.00000000000000000 ) ) ;
#5430 = DIRECTION ( 'NONE',  ( 1.000000000000000000, -0.000000000000000000, 0.000000000000000000 ) ) ;
#5431 = CARTESIAN_POINT ( 'NONE',  ( 37.96891108675377779, 53.49999999999999289, 72.76408311032430731 ) ) ;
#5432 = VERTEX_POINT ( 'NONE', #5899 ) ;
#5433 = LINE ( 'NONE', #4024, #136 ) ;
#5434 = CARTESIAN_POINT ( 'NONE',  ( 39.96083074078146069, 50.46742787166849098, 71.26049594570375234 ) ) ;
#5435 = VERTEX_POINT ( 'NONE', #381 ) ;
#5436 = FACE_OUTER_BOUND ( 'NONE', #8217, .T. ) ;
#5437 = CARTESIAN_POINT ( 'NONE',  ( 0.000000000000000000, 0.000000000000000000, 14.00000000000000000 ) ) ;
#5438 = CARTESIAN_POINT ( 'NONE',  ( -49.63530917173854107, 46.80642417838966907, -56.82956393271516760 ) ) ;
#5439 = CONICAL_SURFACE ( 'NONE', #1687, 3.500000000000003109, 0.7853981633974482790 ) ;
#5440 = CARTESIAN_POINT ( 'NONE',  ( 63.47373482184369209, 68.65347261867843542, 6.123220919687937247 ) ) ;
#5441 = CARTESIAN_POINT ( 'NONE',  ( -60.19908071135573380, 67.38180933480941803, 16.70026143196217916 ) ) ;
#5442 = CARTESIAN_POINT ( 'NONE',  ( -38.56217782649168413, 71.00000000000000000, 52.79165124598804937 ) ) ;
#5443 = VERTEX_POINT ( 'NONE', #8490 ) ;
#5444 = ORIENTED_EDGE ( 'NONE', *, *, #8761, .F. ) ;
#5445 = DIRECTION ( 'NONE',  ( -0.5000000000000101030, -0.000000000000000000, 0.8660254037844328234 ) ) ;
#5446 = CARTESIAN_POINT ( 'NONE',  ( 38.10080802636783659, 53.29266051904335910, -72.27183703032503104 ) ) ;
#5447 = CARTESIAN_POINT ( 'NONE',  ( 18.03843840236969598, 67.85093932666330829, -59.24349180210524679 ) ) ;
#5448 = CARTESIAN_POINT ( 'NONE',  ( 60.45650340525819644, 67.30525097660125766, -16.19901732785228532 ) ) ;
#5449 = CARTESIAN_POINT ( 'NONE',  ( 25.85271985048716914, 46.00941022204251851, -72.77822429488755063 ) ) ;
#5450 = VECTOR ( 'NONE', #2730, 1000.000000000000000 ) ;
#5451 = CARTESIAN_POINT ( 'NONE',  ( -25.07365741570417939, 68.62721756489253266, 59.03213558518256576 ) ) ;
#5452 = CARTESIAN_POINT ( 'NONE',  ( -41.02722528612756037, 56.70013002936128288, -70.65196008170910602 ) ) ;
#5453 = DIRECTION ( 'NONE',  ( -0.4999999999999980016, -0.000000000000000000, -0.8660254037844398178 ) ) ;
#5454 = CARTESIAN_POINT ( 'NONE',  ( 36.88217080016054439, 68.77887806258435432, 52.19837738702858587 ) ) ;
#5455 = B_SPLINE_CURVE_WITH_KNOTS ( 'NONE', 3,
 ( #3680, #4257, #792, #6414, #5729, #5082, #6454, #3089, #3763, #8622, #7208, #5684 ),
 .UNSPECIFIED., .F., .F.,
 ( 4, 2, 2, 2, 2, 4 ),
 ( 3.469446951953614959E-18, 0.008300315384362542612, 0.01245047307654381825, 0.01660063076872509563, 0.02490094615308764692, 0.03320126153745020514 ),
 .UNSPECIFIED. ) ;
#5456 = DIRECTION ( 'NONE',  ( -0.5000000000000101030, -0.000000000000000000, 0.8660254037844328234 ) ) ;
#5457 = VECTOR ( 'NONE', #4382, 1000.000000000000000 ) ;
#5458 = CARTESIAN_POINT ( 'NONE',  ( -38.18776140123802776, 52.67941076275704404, -72.22594003923346406 ) ) ;
#5459 = EDGE_CURVE ( 'NONE', #86, #751, #1008, .T. ) ;
#5460 = VERTEX_POINT ( 'NONE', #5305 ) ;
#5461 = CARTESIAN_POINT ( 'NONE',  ( 33.72988503646005398, 71.49226878982209143, -55.58157678911604904 ) ) ;
#5462 = AXIS2_PLACEMENT_3D ( 'NONE', #1184, #6738, #1140 ) ;
#5463 = FACE_OUTER_BOUND ( 'NONE', #1795, .T. ) ;
#5464 = CARTESIAN_POINT ( 'NONE',  ( 49.31968164224068829, 54.10447137732717238, 57.42419441748426578 ) ) ;
#5465 = VERTEX_POINT ( 'NONE', #8189 ) ;
#5466 = CARTESIAN_POINT ( 'NONE',  ( 64.43331582578622374, 69.27093940922775062, -8.812094413016428263 ) ) ;
#5467 = EDGE_LOOP ( 'NONE', ( #3541, #2625 ) ) ;
#5468 = CARTESIAN_POINT ( 'NONE',  ( 24.32333437304513879, 70.26211178556560810, 60.91965363718556148 ) ) ;
#5469 = CARTESIAN_POINT ( 'NONE',  ( 49.51902660800982403, 71.30835943347774730, -31.23642451967481648 ) ) ;
#5470 = CARTESIAN_POINT ( 'NONE',  ( 36.66490689053787122, 74.58404207244566919, -35.19268663379540385 ) ) ;
#5471 = CARTESIAN_POINT ( 'NONE',  ( 48.32241916914372837, 76.43682242111432856, -15.88138570759058510 ) ) ;
#5472 = CARTESIAN_POINT ( 'NONE',  ( 19.79609569920929601, 59.75118097121294625, 67.14345530806090778 ) ) ;
#5473 = EDGE_CURVE ( 'NONE', #4938, #3666, #4570, .T. ) ;
#5474 = ORIENTED_EDGE ( 'NONE', *, *, #8602, .T. ) ;
#5475 = B_SPLINE_CURVE_WITH_KNOTS ( 'NONE', 3,
 ( #6215, #3579, #2074, #2806, #60, #6270, #5580, #4940, #8338, #4994, #108, #791, #4255, #8443, #164, #8487 ),
 .UNSPECIFIED., .F., .F.,
 ( 4, 2, 2, 2, 2, 2, 2, 4 ),
 ( 0.000000000000000000, 0.002904847265335193818, 0.005809694530670387637, 0.01161938906134078048, 0.01452423632667598601, 0.01742908359201119153, 0.02033393085734639880, 0.02323877812268160606 ),
 .UNSPECIFIED. ) ;
#5476 = CARTESIAN_POINT ( 'NONE',  ( -28.12142052291080674, 46.00000000000000000, 76.70772912668978449 ) ) ;
#5477 = CARTESIAN_POINT ( 'NONE',  ( -49.37598776186671046, 55.95718616389152800, -52.73723657071889903 ) ) ;
#5478 = ADVANCED_FACE ( 'NONE', ( #2573 ), #7333, .F. ) ;
#5479 = ORIENTED_EDGE ( 'NONE', *, *, #5767, .F. ) ;
#5480 = CARTESIAN_POINT ( 'NONE',  ( -27.82163702297006935, 69.44361272362557713, -58.22901098906343975 ) ) ;
#5481 = ORIENTED_EDGE ( 'NONE', *, *, #6382, .T. ) ;
#5482 = LINE ( 'NONE', #4070, #848 ) ;
#5483 = CARTESIAN_POINT ( 'NONE',  ( 42.89002206090142266, 51.39747044533060460, 69.53672924101695685 ) ) ;
#5484 = ORIENTED_EDGE ( 'NONE', *, *, #3140, .F. ) ;
#5485 = DIRECTION ( 'NONE',  ( -0.8660254037844370423, 0.000000000000000000, -0.5000000000000029976 ) ) ;
#5486 = CARTESIAN_POINT ( 'NONE',  ( -48.57350829741131548, 57.41502476473658589, 56.13178427298321083 ) ) ;
#5487 = DIRECTION ( 'NONE',  ( 0.000000000000000000, 0.000000000000000000, -1.000000000000000000 ) ) ;
#5488 = CARTESIAN_POINT ( 'NONE',  ( -24.71189067379294713, 46.58991269261733237, -71.56635610030842543 ) ) ;
#5489 = FACE_OUTER_BOUND ( 'NONE', #2585, .T. ) ;
#5490 = EDGE_LOOP ( 'NONE', ( #4871, #5527, #7883, #7821 ) ) ;
#5491 = VERTEX_POINT ( 'NONE', #4654 ) ;
#5492 = CARTESIAN_POINT ( 'NONE',  ( 44.39539769316164097, 67.42165079097325986, -43.88189024572380958 ) ) ;
#5493 = EDGE_CURVE ( 'NONE', #4691, #8822, #3172, .T. ) ;
#5494 = CARTESIAN_POINT ( 'NONE',  ( -75.73730886387731687, 48.19213390078297010, -13.99999999999999112 ) ) ;
#5495 = CARTESIAN_POINT ( 'NONE',  ( 25.61026215520469762, 50.02349546675423397, -72.35827524797215915 ) ) ;
#5496 = CARTESIAN_POINT ( 'NONE',  ( 75.19960044665729981, 51.39785929380890650, 14.00000000000001066 ) ) ;
#5497 = B_SPLINE_CURVE_WITH_KNOTS ( 'NONE', 3,
 ( #7367, #5203, #6697, #7322, #2524, #5928 ),
 .UNSPECIFIED., .F., .F.,
 ( 4, 2, 4 ),
 ( 0.009524894790028963151, 0.01404405234227062288, 0.01856320989451229128 ),
 .UNSPECIFIED. ) ;
#5498 = CARTESIAN_POINT ( 'NONE',  ( -74.49557934478731624, 46.48927249478057178, 14.29799101818622198 ) ) ;
#5499 =( BOUNDED_SURFACE ( )  B_SPLINE_SURFACE ( 3, 2, ( 
 ( #2935, #3022, #961 ),
 ( #5198, #1702, #7227 ),
 ( #233, #1006, #4332 ),
 ( #3796, #1614, #5709 ),
 ( #6570, #6611, #8469 ),
 ( #5017, #7779, #7149 ),
 ( #1559, #6436, #8681 ),
 ( #3155, #5246, #2478 ),
 ( #5922, #361, #4988 ),
 ( #1572, #247, #3036 ),
 ( #5722, #1527, #7068 ),
 ( #4297, #7700, #5031 ),
 ( #3673, #4390, #8437 ),
 ( #158, #8571, #5764 ),
 ( #102, #5127, #7114 ),
 ( #5807, #2360, #1628 ),
 ( #2947, #926, #7791 ),
 ( #833, #3715, #1480 ),
 ( #3621, #7022, #7892 ),
 ( #6492, #885, #3755 ) ),
 .UNSPECIFIED., .F., .F., .F. ) 
 B_SPLINE_SURFACE_WITH_KNOTS ( ( 4, 2, 2, 2, 2, 2, 2, 2, 2, 4 ),
 ( 3, 3 ),
 ( 0.01252048609959066465, 0.01610381331546698394, 0.01789547692340514445, 0.01968714053134330150, 0.02327046774721961905, 0.02685379496309593661, 0.03402044939484857172, 0.03581211300278673570, 0.03760377661072489275, 0.04118710382660120684 ),
 ( 0.000000000000000000, 1.000000000000000000 ),
 .UNSPECIFIED. ) 
 GEOMETRIC_REPRESENTATION_ITEM ( )  RATIONAL_B_SPLINE_SURFACE ( (
 ( 1.000000000000000000, 0.7806367264523383920, 1.000000000000000000),
 ( 1.000000000000000000, 0.7806525983863324969, 1.000000000000000000),
 ( 1.000000000000000000, 0.7804736193015505696, 1.000000000000000000),
 ( 1.000000000000000000, 0.7799347764561237462, 1.000000000000000000),
 ( 1.000000000000000000, 0.7797094506914524770, 1.000000000000000000),
 ( 1.000000000000000000, 0.7791796795202313719, 1.000000000000000000),
 ( 1.000000000000000000, 0.7788772256531339977, 1.000000000000000000),
 ( 1.000000000000000000, 0.7778777612635212613, 1.000000000000000000),
 ( 1.000000000000000000, 0.7770891790791398801, 1.000000000000000000),
 ( 1.000000000000000000, 0.7753695393491784049, 1.000000000000000000),
 ( 1.000000000000000000, 0.7744333973521235759, 1.000000000000000000),
 ( 1.000000000000000000, 0.7716017430412807077, 1.000000000000000000),
 ( 1.000000000000000000, 0.7696820186680942699, 1.000000000000000000),
 ( 1.000000000000000000, 0.7674401967822178650, 1.000000000000000000),
 ( 1.000000000000000000, 0.7669988342217106680, 1.000000000000000000),
 ( 1.000000000000000000, 0.7661320856133595480, 1.000000000000000000),
 ( 1.000000000000000000, 0.7657059992060497589, 1.000000000000000000),
 ( 1.000000000000000000, 0.7644628963683617329, 1.000000000000000000),
 ( 1.000000000000000000, 0.7636784586039148115, 1.000000000000000000),
 ( 1.000000000000000000, 0.7629366208023392604, 1.000000000000000000) ) ) 
 REPRESENTATION_ITEM ( '' )  SURFACE ( )  );
#5500 = CARTESIAN_POINT ( 'NONE',  ( -43.19146487817550195, 55.09387004163385626, -69.34983815176727262 ) ) ;
#5501 = CARTESIAN_POINT ( 'NONE',  ( -72.00000000000000000, 71.00000000000000000, -10.50000000000000178 ) ) ;
#5502 = VECTOR ( 'NONE', #7003, 1000.000000000000114 ) ;
#5503 = CARTESIAN_POINT ( 'NONE',  ( 39.98198824399757001, 69.38643680411230719, 51.41815136327908675 ) ) ;
#5504 = CARTESIAN_POINT ( 'NONE',  ( -42.06217782649093806, 71.00000000000000000, -58.85382907247966955 ) ) ;
#5505 = AXIS2_PLACEMENT_3D ( 'NONE', #4237, #90, #7631 ) ;
#5506 = DIRECTION ( 'NONE',  ( -0.000000000000000000, -1.000000000000000000, -0.000000000000000000 ) ) ;
#5507 = CARTESIAN_POINT ( 'NONE',  ( 0.000000000000000000, 49.00000000000000000, 0.000000000000000000 ) ) ;
#5508 = CARTESIAN_POINT ( 'NONE',  ( 47.50592715603906413, 56.26540278045522570, 54.28267949492710187 ) ) ;
#5509 = EDGE_LOOP ( 'NONE', ( #8795, #8615, #2608, #4949 ) ) ;
#5510 = CARTESIAN_POINT ( 'NONE',  ( -48.12435565298278561, 80.99999999999998579, 55.35382907247901585 ) ) ;
#5511 = ORIENTED_EDGE ( 'NONE', *, *, #6746, .F. ) ;
#5512 = DIRECTION ( 'NONE',  ( 0.5000000000000041078, -0.000000000000000000, -0.8660254037844363761 ) ) ;
#5513 = CARTESIAN_POINT ( 'NONE',  ( 15.80513287229626940, 67.42165079097325986, 60.38848733625300724 ) ) ;
#5514 = CARTESIAN_POINT ( 'NONE',  ( 40.72705798935976418, 70.96746529199602094, -51.54175710119293541 ) ) ;
#5515 = VECTOR ( 'NONE', #7625, 1000.000000000000000 ) ;
#5516 = CARTESIAN_POINT ( 'NONE',  ( 44.66944225774980026, 76.63555733936286174, -11.93768326170933491 ) ) ;
#5517 = AXIS2_PLACEMENT_3D ( 'NONE', #8724, #2476, #8004 ) ;
#5518 = CARTESIAN_POINT ( 'NONE',  ( 44.08268259391426369, 67.18321445489924315, 44.83869065433878376 ) ) ;
#5519 = EDGE_LOOP ( 'NONE', ( #8188, #8864, #8250, #3203, #4497, #7078, #6739, #3226, #5336, #2988, #1812, #5161, #4275 ) ) ;
#5520 = CARTESIAN_POINT ( 'NONE',  ( 64.20084615512422488, 68.25930828242513826, -14.00000000000000000 ) ) ;
#5521 = AXIS2_PLACEMENT_3D ( 'NONE', #4943, #4030, #1388 ) ;
#5522 = CARTESIAN_POINT ( 'NONE',  ( -64.20085859982009424, 68.25932009823503677, -14.00000000000000000 ) ) ;
#5523 = VERTEX_POINT ( 'NONE', #510 ) ;
#5524 = CIRCLE ( 'NONE', #6260, 2.500000000000005329 ) ;
#5525 = AXIS2_PLACEMENT_3D ( 'NONE', #7891, #5851, #1496 ) ;
#5526 = CARTESIAN_POINT ( 'NONE',  ( -28.35161711609266533, 70.14790019138084176, -58.39424149315157564 ) ) ;
#5527 = ORIENTED_EDGE ( 'NONE', *, *, #467, .F. ) ;
#5528 = LINE ( 'NONE', #1334, #3048 ) ;
#5529 = EDGE_CURVE ( 'NONE', #4475, #5432, #2278, .T. ) ;
#5530 = DIRECTION ( 'NONE',  ( -1.000000000000000000, -0.000000000000000000, -0.000000000000000000 ) ) ;
#5531 = DIRECTION ( 'NONE',  ( 1.000000000000000000, 0.000000000000000000, 0.000000000000000000 ) ) ;
#5532 = ORIENTED_EDGE ( 'NONE', *, *, #8474, .T. ) ;
#5533 = CARTESIAN_POINT ( 'NONE',  ( 36.42142207180008739, 71.37356801941000128, 54.02761715722862590 ) ) ;
#5534 = EDGE_CURVE ( 'NONE', #701, #2574, #6844, .T. ) ;
#5535 = DIRECTION ( 'NONE',  ( 0.000000000000000000, 0.000000000000000000, -1.000000000000000000 ) ) ;
#5536 = CARTESIAN_POINT ( 'NONE',  ( -50.41663699459054016, 48.47812969211376100, -54.91644950123122726 ) ) ;
#5537 = CARTESIAN_POINT ( 'NONE',  ( -25.92232667802469237, 46.00000000000000000, -72.89878685673728853 ) ) ;
#5538 = CARTESIAN_POINT ( 'NONE',  ( 48.58930946422272257, 57.39959067741811083, -56.15915269672024834 ) ) ;
#5539 = CARTESIAN_POINT ( 'NONE',  ( -15.80513287229751818, 67.42165079097325986, 60.38848733625269460 ) ) ;
#5540 = EDGE_LOOP ( 'NONE', ( #8320, #6633, #7052, #6028 ) ) ;
#5541 = VERTEX_POINT ( 'NONE', #8145 ) ;
#5542 = LINE ( 'NONE', #8797, #3482 ) ;
#5543 = CARTESIAN_POINT ( 'NONE',  ( -71.00000000000000000, 71.00000000000000000, -4.499999999999998224 ) ) ;
#5544 = CARTESIAN_POINT ( 'NONE',  ( 15.74048458246989135, 67.51887975670250341, -60.27845158425633088 ) ) ;
#5545 = CARTESIAN_POINT ( 'NONE',  ( 0.000000000000000000, 8.999999999999994671, 0.000000000000000000 ) ) ;
#5546 = CARTESIAN_POINT ( 'NONE',  ( 25.99174343502677687, 45.99999999999999289, -73.01902020676048721 ) ) ;
#5547 = ADVANCED_FACE ( 'NONE', ( #8706 ), #1450, .F. ) ;
#5548 = VECTOR ( 'NONE', #7646, 1000.000000000000114 ) ;
#5549 = CARTESIAN_POINT ( 'NONE',  ( -44.61365582388792461, 69.92061267400556801, -49.27311859836532904 ) ) ;
#5550 = LINE ( 'NONE', #6186, #8855 ) ;
#5551 = CARTESIAN_POINT ( 'NONE',  ( 38.41060635965691716, 68.58148004594080760, 51.22257983185305363 ) ) ;
#5552 = CARTESIAN_POINT ( 'NONE',  ( -63.39407949067302184, 67.61734521269769971, -14.10282844842592098 ) ) ;
#5553 = CARTESIAN_POINT ( 'NONE',  ( 22.81298096947933729, 48.06695786158528705, 71.08141356089615215 ) ) ;
#5554 = CARTESIAN_POINT ( 'NONE',  ( 50.03308624046258046, 46.02785684633894903, -58.65984742795578910 ) ) ;
#5555 = CARTESIAN_POINT ( 'NONE',  ( 42.48993734904601638, 70.76547318469320658, -50.52395822832923500 ) ) ;
#5556 = CARTESIAN_POINT ( 'NONE',  ( 15.80513287229709540, 67.42165079097325986, -60.38848733625282250 ) ) ;
#5557 = CARTESIAN_POINT ( 'NONE',  ( 44.33242808152118641, 67.51887975670250341, 43.77088530842458169 ) ) ;
#5558 = ORIENTED_EDGE ( 'NONE', *, *, #5149, .F. ) ;
#5559 = VERTEX_POINT ( 'NONE', #8825 ) ;
#5560 = CARTESIAN_POINT ( 'NONE',  ( 64.74543963938627655, 70.14503718263755161, -4.644961807259601727 ) ) ;
#5561 = ORIENTED_EDGE ( 'NONE', *, *, #6609, .T. ) ;
#5562 = DIRECTION ( 'NONE',  ( 8.949944318576885364E-17, 1.000000000000000000, 0.000000000000000000 ) ) ;
#5563 = CARTESIAN_POINT ( 'NONE',  ( 49.98217194408945119, 71.22279978742443518, -30.69725765097546599 ) ) ;
#5564 = CARTESIAN_POINT ( 'NONE',  ( 75.81746117496031445, 46.02785684633894903, 14.00000000000000000 ) ) ;
#5565 = CARTESIAN_POINT ( 'NONE',  ( 35.84773673857824150, 79.28561397404668298, -15.42920309438419224 ) ) ;
#5566 = CARTESIAN_POINT ( 'NONE',  ( 31.27011496353432918, 71.49226878984232769, 57.00172570286422058 ) ) ;
#5567 = ORIENTED_EDGE ( 'NONE', *, *, #1649, .F. ) ;
#5568 = B_SPLINE_CURVE_WITH_KNOTS ( 'NONE', 3,
 ( #244, #2258, #3751, #155 ),
 .UNSPECIFIED., .F., .F.,
 ( 4, 4 ),
 ( 5.953312170681638636E-16, 0.004536617054218350029 ),
 .UNSPECIFIED. ) ;
#5569 = CARTESIAN_POINT ( 'NONE',  ( 64.33485816182211181, 68.41608997342393650, -14.00000000000000178 ) ) ;
#5570 = CARTESIAN_POINT ( 'NONE',  ( 52.25859997505607879, 72.30170309110776827, -23.37074201914607485 ) ) ;
#5571 = EDGE_LOOP ( 'NONE', ( #3427, #7818, #4407, #3033 ) ) ;
#5572 = CARTESIAN_POINT ( 'NONE',  ( -28.06640372781975401, 69.69405292433602028, -58.29798441667497144 ) ) ;
#5573 = ORIENTED_EDGE ( 'NONE', *, *, #557, .T. ) ;
#5574 = CARTESIAN_POINT ( 'NONE',  ( 71.70771068003281812, 54.28634147769994200, 14.00000000000105160 ) ) ;
#5575 = EDGE_CURVE ( 'NONE', #8221, #1568, #5696, .T. ) ;
#5576 = CARTESIAN_POINT ( 'NONE',  ( -72.88977574887108801, 45.87634716325730722, 16.34363780788265075 ) ) ;
#5577 = CARTESIAN_POINT ( 'NONE',  ( -38.77650538761757559, 55.60380507710249276, 71.91170559385874128 ) ) ;
#5578 = ORIENTED_EDGE ( 'NONE', *, *, #7346, .F. ) ;
#5579 = CARTESIAN_POINT ( 'NONE',  ( 29.43782217350922892, 71.00000000000000000, -64.98780366869500824 ) ) ;
#5580 = CARTESIAN_POINT ( 'NONE',  ( -19.36459197632512641, 60.80372878173845663, 66.41781701759511236 ) ) ;
#5581 = ADVANCED_FACE ( 'NONE', ( #6304 ), #7090, .F. ) ;
#5582 = CARTESIAN_POINT ( 'NONE',  ( 63.29192872668555481, 68.50083817214022019, 6.889728474705359318 ) ) ;
#5583 = CARTESIAN_POINT ( 'NONE',  ( 50.28809977248303653, 51.06858755565090746, -54.38699465584275572 ) ) ;
#5584 = CARTESIAN_POINT ( 'NONE',  ( -44.39539769316193940, 67.42165079097325986, 43.88189024572348984 ) ) ;
#5585 = ORIENTED_EDGE ( 'NONE', *, *, #6249, .T. ) ;
#5586 = EDGE_LOOP ( 'NONE', ( #6305, #6807, #5032, #408, #6914 ) ) ;
#5587 = DIRECTION ( 'NONE',  ( -0.4999999999999980016, -0.000000000000000000, -0.8660254037844398178 ) ) ;
#5588 = CARTESIAN_POINT ( 'NONE',  ( 53.26071178722144595, 70.61829152200940030, -22.80206823597352539 ) ) ;
#5589 = CARTESIAN_POINT ( 'NONE',  ( 18.80811186595785500, 69.87390944627894385, -60.57660534627743942 ) ) ;
#5590 = CARTESIAN_POINT ( 'NONE',  ( -19.72388617156850188, 67.84252944039390343, 62.20625838209289782 ) ) ;
#5591 = CARTESIAN_POINT ( 'NONE',  ( -72.82751716945597309, 48.33918353723867511, 16.06108646291572484 ) ) ;
#5592 = ADVANCED_FACE ( 'NONE', ( #4930 ), #99, .T. ) ;
#5593 = CARTESIAN_POINT ( 'NONE',  ( -29.93782217350877417, 71.00000000000000000, -65.85382907247965534 ) ) ;
#5594 = EDGE_CURVE ( 'NONE', #4331, #2622, #6466, .T. ) ;
#5595 = DIRECTION ( 'NONE',  ( -0.8660254037844407060, 0.000000000000000000, 0.4999999999999963918 ) ) ;
#5596 = LINE ( 'NONE', #2869, #6676 ) ;
#5597 = CARTESIAN_POINT ( 'NONE',  ( 36.42142207180008739, 71.37356801941000128, 54.02761715722862590 ) ) ;
#5598 = VECTOR ( 'NONE', #1343, 1000.000000000000000 ) ;
#5599 = CARTESIAN_POINT ( 'NONE',  ( 73.50215154756890001, 53.49999999999999289, 0.000000000000000000 ) ) ;
#5600 = CARTESIAN_POINT ( 'NONE',  ( 32.55084823175430131, 69.01500649859146108, -50.78644227587600568 ) ) ;
#5601 = CARTESIAN_POINT ( 'NONE',  ( -20.29262180662762205, 69.31868612655863160, 63.14785198785769182 ) ) ;
#5602 = CARTESIAN_POINT ( 'NONE',  ( 48.42478646402478404, 51.72162299948836051, 55.87419050136565346 ) ) ;
#5603 = ORIENTED_EDGE ( 'NONE', *, *, #2862, .T. ) ;
#5604 = ORIENTED_EDGE ( 'NONE', *, *, #5767, .T. ) ;
#5605 = CARTESIAN_POINT ( 'NONE',  ( 64.75294746888690156, 69.78956602597118319, -9.193971392691549838 ) ) ;
#5606 = ORIENTED_EDGE ( 'NONE', *, *, #5493, .F. ) ;
#5607 = AXIS2_PLACEMENT_3D ( 'NONE', #6734, #3281, #1950 ) ;
#5608 = CARTESIAN_POINT ( 'NONE',  ( 64.99999999999998579, 71.37356801941000128, -4.528068177520425230 ) ) ;
#5609 = CARTESIAN_POINT ( 'NONE',  ( 35.25160532788436996, 78.04613033289217583, -32.36918163664888226 ) ) ;
#5610 = EDGE_CURVE ( 'NONE', #4601, #4331, #3630, .T. ) ;
#5611 = CARTESIAN_POINT ( 'NONE',  ( 73.51665191472547178, 47.27665630569254773, 15.00329897136843726 ) ) ;
#5612 = CARTESIAN_POINT ( 'NONE',  ( 40.81832232142667038, 80.28054076697915775, -13.64745435532290863 ) ) ;
#5613 = CARTESIAN_POINT ( 'NONE',  ( 75.73724549811923623, 48.19300188175393629, -13.99999999999998579 ) ) ;
#5614 = ORIENTED_EDGE ( 'NONE', *, *, #5459, .T. ) ;
#5615 = AXIS2_PLACEMENT_3D ( 'NONE', #8048, #368, #6013 ) ;
#5616 = CARTESIAN_POINT ( 'NONE',  ( -28.57857792820008669, 71.37356801941000128, 58.55568533474838233 ) ) ;
#5617 = CARTESIAN_POINT ( 'NONE',  ( 71.00000000000000000, 71.00000000000000000, -7.000000000000005329 ) ) ;
#5618 = ORIENTED_EDGE ( 'NONE', *, *, #6868, .T. ) ;
#5619 = CARTESIAN_POINT ( 'NONE',  ( 60.21959683208189773, 67.94542186843422371, -13.97894245341299246 ) ) ;
#5620 = ORIENTED_EDGE ( 'NONE', *, *, #5204, .F. ) ;
#5621 = CARTESIAN_POINT ( 'NONE',  ( 65.05800944453940815, 63.77279572264211538, 14.00000000000052403 ) ) ;
#5622 = CARTESIAN_POINT ( 'NONE',  ( 61.72240880437619381, 66.22292686396981765, 16.49456263305833659 ) ) ;
#5623 = CARTESIAN_POINT ( 'NONE',  ( -65.54398523580105973, 66.79099053448267398, 14.00000000000000178 ) ) ;
#5624 = VECTOR ( 'NONE', #7653, 1000.000000000000000 ) ;
#5625 = CARTESIAN_POINT ( 'NONE',  ( -41.72963129466838694, 56.53407565002050461, 70.23933981061244936 ) ) ;
#5626 = CARTESIAN_POINT ( 'NONE',  ( -42.89039717354721404, 51.39785687194783037, 69.53649980682259013 ) ) ;
#5627 = CARTESIAN_POINT ( 'NONE',  ( 41.78572573259913980, 82.99999999999998579, -17.12500000000006040 ) ) ;
#5628 = AXIS2_PLACEMENT_3D ( 'NONE', #5579, #2220, #3485 ) ;
#5629 = CARTESIAN_POINT ( 'NONE',  ( 64.87155268775138950, 70.09497369518282994, 9.336605911332448215 ) ) ;
#5630 = FACE_OUTER_BOUND ( 'NONE', #7945, .T. ) ;
#5631 = LINE ( 'NONE', #1492, #2135 ) ;
#5632 = EDGE_LOOP ( 'NONE', ( #725, #5086, #1185, #5059 ) ) ;
#5633 = EDGE_LOOP ( 'NONE', ( #1098, #2713, #5481, #1361 ) ) ;
#5634 = CARTESIAN_POINT ( 'NONE',  ( -19.96340200533990838, 83.58148700043116719, 39.92680401067983809 ) ) ;
#5635 = CARTESIAN_POINT ( 'NONE',  ( 50.03308624046174202, 46.02785684633895613, 58.65984742795645701 ) ) ;
#5636 = CARTESIAN_POINT ( 'NONE',  ( -48.12435565298278561, 60.99999999999999289, 55.35382907247901585 ) ) ;
#5637 = CARTESIAN_POINT ( 'NONE',  ( -28.59115078230739471, 70.99999999999809575, -58.52132580181935850 ) ) ;
#5638 = EDGE_CURVE ( 'NONE', #2788, #3972, #5568, .T. ) ;
#5639 = CARTESIAN_POINT ( 'NONE',  ( 35.98245601952991279, 68.57086903418991142, -25.25754628362330934 ) ) ;
#5640 = CARTESIAN_POINT ( 'NONE',  ( -50.60202157902251230, 46.91607545010148783, 54.95828140415242302 ) ) ;
#5641 = CARTESIAN_POINT ( 'NONE',  ( 39.58137231974379944, 75.51087768465282579, -34.41247811063963269 ) ) ;
#5642 = EDGE_CURVE ( 'NONE', #3031, #5769, #2357, .T. ) ;
#5643 = FILL_AREA_STYLE_COLOUR ( '', #7116 ) ;
#5644 = ADVANCED_FACE ( 'NONE', ( #3711 ), #8017, .F. ) ;
#5645 = CARTESIAN_POINT ( 'NONE',  ( -60.87275177997344855, 67.18322181085427758, -15.75741201742437347 ) ) ;
#5646 = CARTESIAN_POINT ( 'NONE',  ( 0.000000000000000000, 49.00000000000000000, 0.000000000000000000 ) ) ;
#5647 = VECTOR ( 'NONE', #2820, 1000.000000000000000 ) ;
#5648 = EDGE_CURVE ( 'NONE', #5689, #5345, #2485, .T. ) ;
#5649 = ORIENTED_EDGE ( 'NONE', *, *, #5987, .F. ) ;
#5650 = CARTESIAN_POINT ( 'NONE',  ( -36.56282289880869030, 69.33091689129845747, -53.06335301828791984 ) ) ;
#5651 = CARTESIAN_POINT ( 'NONE',  ( -22.13259784580278478, 49.51133489086934958, 71.03520529326175392 ) ) ;
#5652 = DIRECTION ( 'NONE',  ( -1.000000000000000000, -0.000000000000000000, -0.000000000000000000 ) ) ;
#5653 = VERTEX_POINT ( 'NONE', #7239 ) ;
#5654 = ORIENTED_EDGE ( 'NONE', *, *, #1649, .T. ) ;
#5655 = CARTESIAN_POINT ( 'NONE',  ( 63.66015776426748118, 68.62721756489254687, -7.801643504804140150 ) ) ;
#5656 = AXIS2_PLACEMENT_3D ( 'NONE', #419, #7932, #5212 ) ;
#5657 = ORIENTED_EDGE ( 'NONE', *, *, #854, .F. ) ;
#5658 = VECTOR ( 'NONE', #7441, 1000.000000000000000 ) ;
#5659 = CARTESIAN_POINT ( 'NONE',  ( 44.29303325344388043, 68.41912133313326194, -48.71778401630200506 ) ) ;
#5660 = CARTESIAN_POINT ( 'NONE',  ( 31.87306574765378642, 80.64329588005521998, -27.60403507567592385 ) ) ;
#5661 = DIRECTION ( 'NONE',  ( 0.8660254037844326014, 0.000000000000000000, 0.5000000000000104361 ) ) ;
#5662 = CARTESIAN_POINT ( 'NONE',  ( 41.44950524744188414, 77.68009498336050456, -13.59941378591662975 ) ) ;
#5663 = AXIS2_PLACEMENT_3D ( 'NONE', #2523, #6099, #4761 ) ;
#5664 = CARTESIAN_POINT ( 'NONE',  ( 22.51006265092241776, 70.76547318469322079, 62.05934426366582812 ) ) ;
#5665 = EDGE_CURVE ( 'NONE', #883, #3707, #2442, .T. ) ;
#5666 = ORIENTED_EDGE ( 'NONE', *, *, #151, .F. ) ;
#5667 = CARTESIAN_POINT ( 'NONE',  ( 44.29178473389274728, 68.41608997342393650, 48.71562151700699417 ) ) ;
#5668 = CARTESIAN_POINT ( 'NONE',  ( 60.73010771166394761, 67.21757477858389507, 15.90223487972848204 ) ) ;
#5669 = VERTEX_POINT ( 'NONE', #8614 ) ;
#5670 = CARTESIAN_POINT ( 'NONE',  ( 64.99999999999995737, 69.72852694534910256, -17.19986744891169295 ) ) ;
#5671 = AXIS2_PLACEMENT_3D ( 'NONE', #3326, #8315, #628 ) ;
#5672 = ORIENTED_EDGE ( 'NONE', *, *, #6483, .T. ) ;
#5673 = CARTESIAN_POINT ( 'NONE',  ( 63.53246871184960298, 64.62690840039769569, 16.47825089123387343 ) ) ;
#5674 = LINE ( 'NONE', #2895, #3932 ) ;
#5675 = AXIS2_PLACEMENT_3D ( 'NONE', #7888, #4431, #3080 ) ;
#5676 = CARTESIAN_POINT ( 'NONE',  ( -63.53246871185788791, 64.62690840038925444, 16.47825089123593756 ) ) ;
#5677 = DIRECTION ( 'NONE',  ( 8.949944318576885364E-17, 1.000000000000000000, 0.000000000000000000 ) ) ;
#5678 = ORIENTED_EDGE ( 'NONE', *, *, #1860, .F. ) ;
#5679 = CARTESIAN_POINT ( 'NONE',  ( 0.000000000000000000, 46.00000000000000000, 0.000000000000000000 ) ) ;
#5680 = FACE_OUTER_BOUND ( 'NONE', #3249, .T. ) ;
#5681 = VECTOR ( 'NONE', #2630, 1000.000000000000000 ) ;
#5682 = AXIS2_PLACEMENT_3D ( 'NONE', #3745, #238, #5843 ) ;
#5683 = VECTOR ( 'NONE', #7574, 1000.000000000000114 ) ;
#5684 = CARTESIAN_POINT ( 'NONE',  ( -44.39539769316134965, 67.42165079097325986, -43.88189024572409380 ) ) ;
#5685 = CARTESIAN_POINT ( 'NONE',  ( 72.10514368832272680, 51.58051168083133575, -16.36010227012055651 ) ) ;
#5686 = CARTESIAN_POINT ( 'NONE',  ( -46.21647353772078759, 64.29485628078595028, 47.09960167101185391 ) ) ;
#5687 = CARTESIAN_POINT ( 'NONE',  ( -36.11425322312457098, 68.78253537071573476, 48.71958097715530300 ) ) ;
#5688 = ORIENTED_EDGE ( 'NONE', *, *, #482, .T. ) ;
#5689 = VERTEX_POINT ( 'NONE', #2399 ) ;
#5690 = CARTESIAN_POINT ( 'NONE',  ( -19.96340200533990128, 83.58148700043116719, 0.000000000000000000 ) ) ;
#5691 = CARTESIAN_POINT ( 'NONE',  ( 45.14591466672974462, 66.22292686396980343, 45.20589269082935857 ) ) ;
#5692 = DIRECTION ( 'NONE',  ( 0.000000000000000000, 0.000000000000000000, -1.000000000000000000 ) ) ;
#5693 = CARTESIAN_POINT ( 'NONE',  ( 40.49149913447363502, 56.67921093326646087, -70.96034237027045322 ) ) ;
#5694 = CARTESIAN_POINT ( 'NONE',  ( 64.89680306375909424, 69.52068220640249763, 13.99999999999999822 ) ) ;
#5695 = CARTESIAN_POINT ( 'NONE',  ( 40.27554540591650323, 68.42394441596688637, -18.41820324239365902 ) ) ;
#5696 = B_SPLINE_CURVE_WITH_KNOTS ( 'NONE', 3,
 ( #7337, #1843, #3258, #1105, #5346, #428, #2621, #4692, #4608, #7463, #1972, #4735, #7504, #3941, #8745, #4021, #3341, #1279, #4068, #2503, #5268, #1805, #2112, #643, #3571, #2020, #4829, #5480, #5572, #5526, #4246, #1379, #3432, #8234 ),
 .UNSPECIFIED., .F., .F.,
 ( 4, 2, 2, 2, 2, 2, 2, 2, 2, 2, 2, 2, 2, 2, 2, 2, 4 ),
 ( 0.000000000000000000, 0.0005381759984485017228, 0.001076351996897003446, 0.001614527995345505168, 0.002152703993794006891, 0.002690879992242508831, 0.003229055990691010337, 0.003767231989139511843, 0.004305407987588013782, 0.004574495986812261716, 0.004843583986036509650, 0.005381759984485006386, 0.005919935982933503121, 0.006458111981382000724, 0.007534463978278965572, 0.008072639976727467512, 0.008610815975175970319 ),
 .UNSPECIFIED. ) ;
#5697 = CARTESIAN_POINT ( 'NONE',  ( -12.12435565298211593, 60.99999999999988631, 7.000000000000046185 ) ) ;
#5698 = CARTESIAN_POINT ( 'NONE',  ( 31.29217131154551979, 78.93427536505784303, -25.07162603735980611 ) ) ;
#5699 = CARTESIAN_POINT ( 'NONE',  ( 38.18829395104765467, 54.32294160776213943, 72.22565855646297450 ) ) ;
#5700 = CARTESIAN_POINT ( 'NONE',  ( 50.51564886200418414, 48.61675045524525984, -54.80089632839413838 ) ) ;
#5701 = ADVANCED_FACE ( 'NONE', ( #1018 ), #3807, .F. ) ;
#5702 = CARTESIAN_POINT ( 'NONE',  ( 45.72528493463561716, 65.17850407179143701, 51.19851669735388100 ) ) ;
#5703 = CARTESIAN_POINT ( 'NONE',  ( -21.29558425964478019, 65.53555765175977399, 64.88503391456721658 ) ) ;
#5704 = CYLINDRICAL_SURFACE ( 'NONE', #8092, 2.499999999999995559 ) ;
#5705 = EDGE_LOOP ( 'NONE', ( #8997, #8156, #654, #2019, #5567, #2081, #8482, #4862, #8169, #5255, #5310, #2633, #5015, #7926, #6737, #6353 ) ) ;
#5706 = CARTESIAN_POINT ( 'NONE',  ( -44.96323996859977257, 70.32645668458086163, -49.09599629514254104 ) ) ;
#5707 = ORIENTED_EDGE ( 'NONE', *, *, #910, .T. ) ;
#5708 = PLANE ( 'NONE',  #5964 ) ;
#5709 = CARTESIAN_POINT ( 'NONE',  ( -50.45199342410451493, 49.51133489086468842, -54.68499463284322104 ) ) ;
#5710 = CARTESIAN_POINT ( 'NONE',  ( -20.48958420640801847, 57.64672313975280815, -68.30425702708247115 ) ) ;
#5711 = CARTESIAN_POINT ( 'NONE',  ( 29.93782217350923602, 71.00000000000000000, -65.85382907247945639 ) ) ;
#5712 = CARTESIAN_POINT ( 'NONE',  ( 34.63979636190300937, 79.85385040920094468, -13.27781947525003403 ) ) ;
#5713 = CARTESIAN_POINT ( 'NONE',  ( 15.63615224998719100, 67.38168135652030344, 60.48436881748135363 ) ) ;
#5714 = VERTEX_POINT ( 'NONE', #7065 ) ;
#5716 = CARTESIAN_POINT ( 'NONE',  ( 44.46009469550956794, 68.93822299895373362, 49.00714292194729893 ) ) ;
#5715 = B_SPLINE_CURVE_WITH_KNOTS ( 'NONE', 3,
 ( #1953, #4719, #2691, #2783, #8314, #1409, #539, #2827, #1261, #4049, #3369, #4183, #7094, #2195, #5702, #4966, #5108, #4229 ),
 .UNSPECIFIED., .F., .F.,
 ( 4, 2, 2, 2, 2, 2, 2, 2, 4 ),
 ( 0.000000000000000000, 0.003241508590931729914, 0.006483017181863459828, 0.009724525772795190176, 0.01134528006826106099, 0.01296603436372693006, 0.01944905154559044280, 0.02269056013652219830, 0.02593206872745395380 ),
 .UNSPECIFIED. ) ;
#5717 = VERTEX_POINT ( 'NONE', #6620 ) ;
#5718 = CARTESIAN_POINT ( 'NONE',  ( -34.99041841349090021, 68.87759478923355516, 49.37232557988057380 ) ) ;
#5719 = VERTEX_POINT ( 'NONE', #3248 ) ;
#5720 = CARTESIAN_POINT ( 'NONE',  ( 72.11038302844949044, 53.27527253398302776, 14.00000000000940759 ) ) ;
#5721 = EDGE_CURVE ( 'NONE', #4027, #7142, #3791, .T. ) ;
#5722 = CARTESIAN_POINT ( 'NONE',  ( -48.29471644350468296, 58.46542898071790262, -55.64890261728263710 ) ) ;
#5723 = ORIENTED_EDGE ( 'NONE', *, *, #1663, .T. ) ;
#5724 = CARTESIAN_POINT ( 'NONE',  ( -75.73843383250509476, 48.24151529171036401, 13.99999999999999467 ) ) ;
#5725 = DIRECTION ( 'NONE',  ( 0.5000000000000039968, -0.000000000000000000, -0.8660254037844362651 ) ) ;
#5726 = ORIENTED_EDGE ( 'NONE', *, *, #2023, .F. ) ;
#5727 = CARTESIAN_POINT ( 'NONE',  ( -43.52238791667899420, 53.08767831195811482, 69.14255793394207217 ) ) ;
#5728 = CARTESIAN_POINT ( 'NONE',  ( 25.68060580985597596, 46.05586463635721373, 72.48011403182044887 ) ) ;
#5729 = CARTESIAN_POINT ( 'NONE',  ( -25.33310934557536953, 68.88246064476265929, -54.94817507130539269 ) ) ;
#5730 = FACE_OUTER_BOUND ( 'NONE', #89, .T. ) ;
#5731 = ORIENTED_EDGE ( 'NONE', *, *, #3170, .F. ) ;
#5732 = ORIENTED_EDGE ( 'NONE', *, *, #8351, .F. ) ;
#5733 = CARTESIAN_POINT ( 'NONE',  ( 87.00000000000000000, 46.00000000000000000, 0.000000000000000000 ) ) ;
#5734 = ADVANCED_FACE ( 'NONE', ( #6108 ), #7371, .F. ) ;
#5735 = CARTESIAN_POINT ( 'NONE',  ( 43.40566393477497797, 54.52144986793060610, -69.21592621917022825 ) ) ;
#5736 = CARTESIAN_POINT ( 'NONE',  ( -64.97860034181181277, 69.92061267400556801, 14.00000000000000000 ) ) ;
#5737 = DIRECTION ( 'NONE',  ( 0.000000000000000000, 0.000000000000000000, -1.000000000000000000 ) ) ;
#5738 = ORIENTED_EDGE ( 'NONE', *, *, #2265, .F. ) ;
#5739 = CARTESIAN_POINT ( 'NONE',  ( 0.000000000000000000, 80.99999999999998579, 14.00000000000000000 ) ) ;
#5740 = CARTESIAN_POINT ( 'NONE',  ( -24.34059815825580841, 57.39959067741811083, -70.15915269671678800 ) ) ;
#5741 = CARTESIAN_POINT ( 'NONE',  ( 29.83535134698819746, 78.47841056906510460, -28.63995579688603854 ) ) ;
#5742 = B_SPLINE_CURVE_WITH_KNOTS ( 'NONE', 3,
 ( #906, #6564, #7812, #5743, #2385, #860, #226, #5876, #6429, #1000, #8676, #5105, #2470, #3063, #181, #5193 ),
 .UNSPECIFIED., .F., .F.,
 ( 4, 2, 2, 2, 2, 2, 2, 4 ),
 ( 0.000000000000000000, 0.002922268352081784301, 0.005844536704163568602, 0.008766805056245352903, 0.01168907340832713720, 0.01753361011249070581, 0.02045587846457248143, 0.02337814681665426053 ),
 .UNSPECIFIED. ) ;
#5743 = CARTESIAN_POINT ( 'NONE',  ( -71.86785523261146125, 52.40596060623926178, -16.36484686775789754 ) ) ;
#5744 = ADVANCED_FACE ( 'NONE', ( #6015, #5420 ), #8935, .T. ) ;
#5745 = CARTESIAN_POINT ( 'NONE',  ( -36.43494555644723931, 69.84325152652395730, -53.55199375624236779 ) ) ;
#5746 = AXIS2_PLACEMENT_3D ( 'NONE', #4527, #5262, #3891 ) ;
#5747 = LINE ( 'NONE', #7914, #1424 ) ;
#5748 = ORIENTED_EDGE ( 'NONE', *, *, #1470, .F. ) ;
#5749 = CARTESIAN_POINT ( 'NONE',  ( 38.56217782649058279, 71.00000000000000000, 52.79165124598885939 ) ) ;
#5750 = ORIENTED_EDGE ( 'NONE', *, *, #3853, .T. ) ;
#5751 = CARTESIAN_POINT ( 'NONE',  ( -71.29333510636418225, 60.24613397907616275, 13.99999999999998401 ) ) ;
#5752 = CARTESIAN_POINT ( 'NONE',  ( -19.36459197632423468, 60.80372878173846374, -66.41781701759532552 ) ) ;
#5753 = CARTESIAN_POINT ( 'NONE',  ( 72.96480036538356728, 48.06695786158527994, 15.78408572482731209 ) ) ;
#5754 = CARTESIAN_POINT ( 'NONE',  ( 32.41828750284278016, 79.68977407324396722, -19.33620253430487068 ) ) ;
#5755 = CARTESIAN_POINT ( 'NONE',  ( 26.24437010086899846, 71.20242650879477253, 59.90334085220238336 ) ) ;
#5756 = EDGE_LOOP ( 'NONE', ( #3635, #3946, #6396, #4825, #1586 ) ) ;
#5757 = AXIS2_PLACEMENT_3D ( 'NONE', #7379, #8022, #8098 ) ;
#5758 = CARTESIAN_POINT ( 'NONE',  ( 1.018163831797508618E-14, 96.99999999999998579, -12.24999999999999289 ) ) ;
#5759 = CARTESIAN_POINT ( 'NONE',  ( 52.28572573259913980, 72.05034558377231235, -24.12499999999817746 ) ) ;
#5760 = ORIENTED_EDGE ( 'NONE', *, *, #6321, .T. ) ;
#5761 = CARTESIAN_POINT ( 'NONE',  ( -80.49155235178410805, 0.000000000000000000, -14.00000000000000000 ) ) ;
#5762 = VERTEX_POINT ( 'NONE', #2565 ) ;
#5763 = CARTESIAN_POINT ( 'NONE',  ( 37.97260346477746396, 79.01102997553024920, -11.85322035190666057 ) ) ;
#5764 = CARTESIAN_POINT ( 'NONE',  ( -46.63079273948564207, 63.45883282103524436, -47.83447327729973608 ) ) ;
#5765 = EDGE_LOOP ( 'NONE', ( #8336, #8344, #6722, #7019 ) ) ;
#5766 = CARTESIAN_POINT ( 'NONE',  ( -68.04598584424388719, 59.75118097122703631, 16.42780588275770626 ) ) ;
#5767 = EDGE_CURVE ( 'NONE', #8146, #3707, #4681, .T. ) ;
#5768 = DIRECTION ( 'NONE',  ( 0.5000000000000041078, -0.000000000000000000, -0.8660254037844363761 ) ) ;
#5769 = VERTEX_POINT ( 'NONE', #8177 ) ;
#5770 = DIRECTION ( 'NONE',  ( -1.000000000000000000, -0.000000000000000000, -0.000000000000000000 ) ) ;
#5771 = ADVANCED_FACE ( 'NONE', ( #5337, #3886, #2527, #415 ), #7416, .T. ) ;
#5772 = CARTESIAN_POINT ( 'NONE',  ( 8.168394150312846688E-15, 43.00000000000000000, 66.70000000000000284 ) ) ;
#5773 = CARTESIAN_POINT ( 'NONE',  ( 72.89627863384454542, 46.91607545010204205, -16.34349546819060706 ) ) ;
#5774 = CARTESIAN_POINT ( 'NONE',  ( 48.83198328396059651, 45.87307673031754263, 56.57947608217526181 ) ) ;
#5775 = LINE ( 'NONE', #8663, #7189 ) ;
#5776 = AXIS2_PLACEMENT_3D ( 'NONE', #8971, #3987, #1896 ) ;
#5777 = ORIENTED_EDGE ( 'NONE', *, *, #5004, .F. ) ;
#5778 = DIRECTION ( 'NONE',  ( -1.000000000000000000, 8.950701582355715899E-17, 0.000000000000000000 ) ) ;
#5779 = CARTESIAN_POINT ( 'NONE',  ( 49.37598776186633387, 55.95718616389151379, 52.73723657071923299 ) ) ;
#5780 = CARTESIAN_POINT ( 'NONE',  ( -73.42201695636704528, 46.94028658333848369, -14.00000000005174705 ) ) ;
#5781 = CARTESIAN_POINT ( 'NONE',  ( 44.22724133595244922, 71.00000000000000000, -57.60382907247938533 ) ) ;
#5782 = CARTESIAN_POINT ( 'NONE',  ( 40.46320826316975428, 68.35513018623937853, -18.37193947427999063 ) ) ;
#5783 = EDGE_CURVE ( 'NONE', #973, #7120, #1877, .T. ) ;
#5784 = CARTESIAN_POINT ( 'NONE',  ( 41.78572573259913980, 82.99999999999998579, -24.12500000000006040 ) ) ;
#5785 = CARTESIAN_POINT ( 'NONE',  ( 31.58045222701716881, 78.50267896993403838, -26.70177513975250250 ) ) ;
#5786 = CARTESIAN_POINT ( 'NONE',  ( 41.56711307268819411, 56.61457354478380921, 70.33640374027864084 ) ) ;
#5787 = CARTESIAN_POINT ( 'NONE',  ( -25.99174343502728135, 45.99999999999999289, 73.01902020676028826 ) ) ;
#5788 = CARTESIAN_POINT ( 'NONE',  ( -24.67874356484799492, 55.96612926941604371, 70.74483772127845782 ) ) ;
#5789 = CARTESIAN_POINT ( 'NONE',  ( -22.33355912069544047, 63.37520769591046843, 66.68285911088617013 ) ) ;
#5790 = DIRECTION ( 'NONE',  ( 0.4999999999999919509, -0.000000000000000000, 0.8660254037844432595 ) ) ;
#5791 = DIRECTION ( 'NONE',  ( -1.000000000000000000, -0.000000000000000000, -0.000000000000000000 ) ) ;
#5792 = ORIENTED_EDGE ( 'NONE', *, *, #6903, .T. ) ;
#5793 = CARTESIAN_POINT ( 'NONE',  ( -44.29303325344422859, 68.41912133313326194, 48.71778401630169242 ) ) ;
#5794 = CARTESIAN_POINT ( 'NONE',  ( -44.25854252746602668, 67.30765027970352321, 44.25812257398341387 ) ) ;
#5795 = CARTESIAN_POINT ( 'NONE',  ( 81.67740095358605856, 56.03332585173904334, 1.929215454803142604 ) ) ;
#5796 = CIRCLE ( 'NONE', #265, 81.70000000000000284 ) ;
#5797 = CARTESIAN_POINT ( 'NONE',  ( 28.83341966079532526, 79.90868622437920976, -23.04797753737358335 ) ) ;
#5798 = CARTESIAN_POINT ( 'NONE',  ( 20.36494451792406224, 69.92061267400556801, -63.27311859836515140 ) ) ;
#5799 = ORIENTED_EDGE ( 'NONE', *, *, #4615, .F. ) ;
#5800 = AXIS2_PLACEMENT_3D ( 'NONE', #7339, #1769, #1107 ) ;
#5801 = CARTESIAN_POINT ( 'NONE',  ( -12.12435565298215323, 60.99999999999988631, -6.999999999999984013 ) ) ;
#5802 = CARTESIAN_POINT ( 'NONE',  ( 60.26208608987998616, 67.39059217359788079, 16.42997367936253994 ) ) ;
#5803 = ORIENTED_EDGE ( 'NONE', *, *, #3491, .T. ) ;
#5804 = CARTESIAN_POINT ( 'NONE',  ( -33.64757749825260902, 65.67055975811317126, 55.62909706844395430 ) ) ;
#5805 = VERTEX_POINT ( 'NONE', #5256 ) ;
#5806 = CARTESIAN_POINT ( 'NONE',  ( 31.51143811664326577, 80.34741737452175414, -16.09869125092094322 ) ) ;
#5807 = CARTESIAN_POINT ( 'NONE',  ( -44.89634827087775193, 66.79099053449105838, -49.76275627946773028 ) ) ;
#5808 = CARTESIAN_POINT ( 'NONE',  ( -40.99999999999982947, 53.49999999999999289, -71.01408311032406573 ) ) ;
#5809 = DIRECTION ( 'NONE',  ( 1.000000000000000000, -0.000000000000000000, 0.000000000000000000 ) ) ;
#5810 = VECTOR ( 'NONE', #2025, 1000.000000000000000 ) ;
#5811 = PLANE ( 'NONE',  #8423 ) ;
#5812 = CIRCLE ( 'NONE', #4196, 18.25000000000000000 ) ;
#5813 = FACE_OUTER_BOUND ( 'NONE', #169, .T. ) ;
#5814 = CONICAL_SURFACE ( 'NONE', #6837, 3.500000000000000888, 0.7853981633974482790 ) ;
#5815 = EDGE_CURVE ( 'NONE', #7476, #4119, #4600, .T. ) ;
#5816 = CARTESIAN_POINT ( 'NONE',  ( 45.54429556560837256, 65.53555765175977399, -50.88503391456704605 ) ) ;
#5817 = EDGE_CURVE ( 'NONE', #7161, #6365, #1110, .T. ) ;
#5818 = PRESENTATION_LAYER_ASSIGNMENT (  '', '', ( #1602 ) ) ;
#5819 = CARTESIAN_POINT ( 'NONE',  ( -50.41679377038710896, 48.47834918484085875, 54.91626653385635137 ) ) ;
#5820 = ORIENTED_EDGE ( 'NONE', *, *, #5149, .T. ) ;
#5821 = CARTESIAN_POINT ( 'NONE',  ( 42.06217782649135017, 71.00000000000000000, -58.85382907247939244 ) ) ;
#5822 = ORIENTED_EDGE ( 'NONE', *, *, #2193, .T. ) ;
#5823 = FACE_OUTER_BOUND ( 'NONE', #8230, .T. ) ;
#5824 = VECTOR ( 'NONE', #2852, 1000.000000000000114 ) ;
#5825 = B_SPLINE_CURVE_WITH_KNOTS ( 'NONE', 3,
 ( #2514, #446, #8675, #1044, #1818, #4546, #1904, #3272, #485, #8721, #3236, #4502, #7355, #4586, #5961, #6046, #3994, #5283 ),
 .UNSPECIFIED., .F., .F.,
 ( 4, 2, 2, 2, 2, 2, 2, 2, 4 ),
 ( 0.000000000000000000, 0.003241508590931750731, 0.006483017181863501462, 0.009724525772795252626, 0.01134528006826112864, 0.01296603436372700639, 0.01944905154559048790, 0.02269056013652222259, 0.02593206872745395380 ),
 .UNSPECIFIED. ) ;
#5826 = ORIENTED_EDGE ( 'NONE', *, *, #5284, .F. ) ;
#5827 = DIRECTION ( 'NONE',  ( -1.000000000000000000, -0.000000000000000000, -0.000000000000000000 ) ) ;
#5828 = CARTESIAN_POINT ( 'NONE',  ( -24.24833323156324028, 51.19777907934528116, -69.99934515596588369 ) ) ;
#5829 = CARTESIAN_POINT ( 'NONE',  ( 32.75421548308347752, 79.82325989003807365, -29.52378530908936582 ) ) ;
#5830 =( BOUNDED_SURFACE ( )  B_SPLINE_SURFACE ( 3, 2, ( 
 ( #4053, #3461, #6243 ),
 ( #6833, #8319, #2099 ),
 ( #4863, #7629, #724 ),
 ( #6293, #39, #4375 ),
 ( #6569, #8553, #1557 ),
 ( #324, #8603, #3070 ),
 ( #6434, #2977, #1656 ),
 ( #1612, #3606, #5112 ),
 ( #7147, #4330, #1512 ),
 ( #231, #4420, #912 ),
 ( #275, #3700, #5706 ),
 ( #2345, #7226, #3657 ) ),
 .UNSPECIFIED., .F., .F., .F. ) 
 B_SPLINE_SURFACE_WITH_KNOTS ( ( 4, 2, 2, 2, 2, 4 ),
 ( 3, 3 ),
 ( 0.04596579152697865406, 0.05469982312265932178, 0.05906683892049965218, 0.06343385471833998257, 0.07216788631402065723, 0.08090191790970131802 ),
 ( 0.000000000000000000, 1.000000000000000000 ),
 .UNSPECIFIED. ) 
 GEOMETRIC_REPRESENTATION_ITEM ( )  RATIONAL_B_SPLINE_SURFACE ( (
 ( 1.000000000000000000, 0.4470413949512915264, 1.000000000000000000),
 ( 1.000000000000000000, 0.4508719092557714192, 1.000000000000000000),
 ( 1.000000000000000000, 0.4535957092031954740, 1.000000000000000000),
 ( 1.000000000000000000, 0.4562964902208275220, 1.000000000000000000),
 ( 1.000000000000000000, 0.4569643652227424746, 1.000000000000000000),
 ( 1.000000000000000000, 0.4578526834177765736, 1.000000000000000000),
 ( 1.000000000000000000, 0.4580721740606142345, 1.000000000000000000),
 ( 1.000000000000000000, 0.4580613410313897349, 1.000000000000000000),
 ( 1.000000000000000000, 0.4571748802250806820, 1.000000000000000000),
 ( 1.000000000000000000, 0.4535762175675287500, 1.000000000000000000),
 ( 1.000000000000000000, 0.4508604777183607415, 1.000000000000000000),
 ( 1.000000000000000000, 0.4470422633554507197, 1.000000000000000000) ) ) 
 REPRESENTATION_ITEM ( '' )  SURFACE ( )  );
#5831 = DIRECTION ( 'NONE',  ( 0.4999999999999919509, -0.000000000000000000, 0.8660254037844432595 ) ) ;
#5832 = EDGE_CURVE ( 'NONE', #2443, #4723, #1748, .T. ) ;
#5833 = B_SPLINE_CURVE_WITH_KNOTS ( 'NONE', 3,
 ( #2635, #2082, #4844, #7608, #572, #1299, #5358, #8203, #1986, #3354, #1394, #4168, #6134, #8158, #480, #3269 ),
 .UNSPECIFIED., .F., .F.,
 ( 4, 2, 2, 2, 2, 2, 2, 4 ),
 ( 0.000000000000000000, 0.0006220389796316446807, 0.001244077959263289361, 0.001866116938894933934, 0.002488155918526560942, 0.003732233877789819729, 0.004354272857421456928, 0.004976311837053093261 ),
 .UNSPECIFIED. ) ;
#5834 = CARTESIAN_POINT ( 'NONE',  ( -25.85271985048767718, 46.00941022204251851, 72.77822429488735168 ) ) ;
#5835 = AXIS2_PLACEMENT_3D ( 'NONE', #836, #4207, #2166 ) ;
#5836 = CARTESIAN_POINT ( 'NONE',  ( 80.49155235178410805, 0.000000000000000000, -14.00000000000000000 ) ) ;
#5837 = CARTESIAN_POINT ( 'NONE',  ( 81.69609908747565896, 50.40493772248575510, 0.8241054777108266505 ) ) ;
#5838 = CARTESIAN_POINT ( 'NONE',  ( 50.24045474099099806, 45.99999999999999289, -59.01902020676037353 ) ) ;
#5839 = CARTESIAN_POINT ( 'NONE',  ( -75.19910997705312639, 51.39998651261345941, 14.00000000000002487 ) ) ;
#5840 = CARTESIAN_POINT ( 'NONE',  ( 0.000000000000000000, 9.500000000000000000, -77.70000000000000284 ) ) ;
#5841 = CARTESIAN_POINT ( 'NONE',  ( 81.63965085961432067, 53.49999999999994316, 3.139650859614402378 ) ) ;
#5842 = CARTESIAN_POINT ( 'NONE',  ( 32.94596178407539355, 82.31911592023094215, -18.44692326285998618 ) ) ;
#5843 = DIRECTION ( 'NONE',  ( 0.8660254037844432595, 0.000000000000000000, -0.4999999999999919509 ) ) ;
#5844 = DIRECTION ( 'NONE',  ( 0.000000000000000000, 0.000000000000000000, 1.000000000000000000 ) ) ;
#5845 = DIRECTION ( 'NONE',  ( -0.4999999999999980016, -0.000000000000000000, -0.8660254037844398178 ) ) ;
#5846 = CARTESIAN_POINT ( 'NONE',  ( 42.06217782649051884, 71.00000000000000000, 58.85382907247996087 ) ) ;
#5847 = ORIENTED_EDGE ( 'NONE', *, *, #7636, .T. ) ;
#5848 = DIRECTION ( 'NONE',  ( -1.000000000000000000, 0.000000000000000000, 0.000000000000000000 ) ) ;
#5849 = ORIENTED_EDGE ( 'NONE', *, *, #7910, .T. ) ;
#5850 = CARTESIAN_POINT ( 'NONE',  ( 29.77987925565197713, 80.36925052286268567, -18.98239224797324454 ) ) ;
#5851 = DIRECTION ( 'NONE',  ( 0.000000000000000000, 1.000000000000000000, 0.000000000000000000 ) ) ;
#5852 = DIRECTION ( 'NONE',  ( 0.000000000000000000, -1.000000000000000000, -0.000000000000000000 ) ) ;
#5853 = ORIENTED_EDGE ( 'NONE', *, *, #3747, .F. ) ;
#5854 = DIRECTION ( 'NONE',  ( -0.8660254037844361541, 0.000000000000000000, -0.5000000000000041078 ) ) ;
#5855 = CARTESIAN_POINT ( 'NONE',  ( 43.64046470641387288, 63.76993307688461243, -29.73909815423490244 ) ) ;
#5856 = CARTESIAN_POINT ( 'NONE',  ( 52.08140045724179856, 72.80923122887375598, -22.03687666322732142 ) ) ;
#5857 = CARTESIAN_POINT ( 'NONE',  ( 28.12142052290920446, 45.99999999999999289, 76.70772912669036714 ) ) ;
#5858 = CARTESIAN_POINT ( 'NONE',  ( 72.58459126991013477, 49.51133489086505080, -16.35021066041835525 ) ) ;
#5859 = EDGE_CURVE ( 'NONE', #4916, #4999, #3925, .T. ) ;
#5860 = DIRECTION ( 'NONE',  ( 0.8660254037844320463, 0.000000000000000000, 0.5000000000000112133 ) ) ;
#5861 = CARTESIAN_POINT ( 'NONE',  ( 65.00000000000000000, 71.37356801940973128, 4.528068177525805815 ) ) ;
#5862 = VERTEX_POINT ( 'NONE', #5980 ) ;
#5863 = CARTESIAN_POINT ( 'NONE',  ( -38.33493649053973229, 53.49999999999999289, 71.39805770653907757 ) ) ;
#5864 = CARTESIAN_POINT ( 'NONE',  ( -74.92538051898064566, 52.38165315073362649, -14.00000000000001599 ) ) ;
#5865 = CYLINDRICAL_SURFACE ( 'NONE', #8103, 10.50000000000000178 ) ;
#5866 = EDGE_CURVE ( 'NONE', #8438, #439, #8904, .T. ) ;
#5867 = CARTESIAN_POINT ( 'NONE',  ( 25.67069248138062676, 68.50041615695934638, -58.26332571976023900 ) ) ;
#5868 = EDGE_CURVE ( 'NONE', #5669, #4555, #667, .T. ) ;
#5869 = ORIENTED_EDGE ( 'NONE', *, *, #6143, .T. ) ;
#5870 = CARTESIAN_POINT ( 'NONE',  ( -44.03946415403954973, 64.94776857187224550, 48.27858945290362414 ) ) ;
#5871 = DIRECTION ( 'NONE',  ( 0.2588190451025094707, 0.000000000000000000, 0.9659258262890713098 ) ) ;
#5872 = CARTESIAN_POINT ( 'NONE',  ( 46.46842980493225639, 71.03035649593734036, -33.53535305274600375 ) ) ;
#5873 = CARTESIAN_POINT ( 'NONE',  ( 39.68649356440150910, 68.38019243795176294, 46.64057446519211680 ) ) ;
#5874 = CARTESIAN_POINT ( 'NONE',  ( 49.58584774075902146, 55.08934122040998460, -53.11563786187379321 ) ) ;
#5875 = EDGE_CURVE ( 'NONE', #4747, #6300, #4914, .T. ) ;
#5876 = CARTESIAN_POINT ( 'NONE',  ( -69.39801387527920440, 57.64672313975279394, -16.40762807781137056 ) ) ;
#5877 = EDGE_CURVE ( 'NONE', #4938, #2015, #6405, .T. ) ;
#5878 = DIRECTION ( 'NONE',  ( 0.000000000000000000, 0.000000000000000000, 1.000000000000000000 ) ) ;
#5879 = CARTESIAN_POINT ( 'NONE',  ( -21.47657362867256126, 65.17850407179143701, 65.19851669735321309 ) ) ;
#5880 = CYLINDRICAL_SURFACE ( 'NONE', #5070, 2.500000000000004441 ) ;
#5881 = DIRECTION ( 'NONE',  ( 0.8660254037844431485, 0.000000000000000000, -0.4999999999999922839 ) ) ;
#5882 = CARTESIAN_POINT ( 'NONE',  ( -43.93945776398124536, 67.11011901865587959, 45.43674623218851139 ) ) ;
#5883 = CARTESIAN_POINT ( 'NONE',  ( 81.69611434575988085, 56.59547741911086405, 0.8223614053374475041 ) ) ;
#5884 = DIRECTION ( 'NONE',  ( -0.000000000000000000, -1.000000000000000000, -0.000000000000000000 ) ) ;
#5885 = CARTESIAN_POINT ( 'NONE',  ( 19.90035552566450505, 68.11553659766627788, 62.46842685913616577 ) ) ;
#5886 = CARTESIAN_POINT ( 'NONE',  ( -25.74486126328167757, 48.24151529171036401, 72.59140774181392430 ) ) ;
#5887 = FACE_BOUND ( 'NONE', #6938, .T. ) ;
#5888 = VERTEX_POINT ( 'NONE', #5510 ) ;
#5889 = EDGE_CURVE ( 'NONE', #5762, #8233, #3560, .T. ) ;
#5890 = CARTESIAN_POINT ( 'NONE',  ( -34.99193667013324927, 71.45628046717176574, 54.85293093868351377 ) ) ;
#5891 = ORIENTED_EDGE ( 'NONE', *, *, #8497, .T. ) ;
#5892 = CARTESIAN_POINT ( 'NONE',  ( 42.71259775365942346, 77.42459153384805859, -11.53698388413794795 ) ) ;
#5893 = DIRECTION ( 'NONE',  ( -1.000000000000000000, -0.000000000000000000, -0.000000000000000000 ) ) ;
#5894 = FACE_OUTER_BOUND ( 'NONE', #6335, .T. ) ;
#5895 = CARTESIAN_POINT ( 'NONE',  ( 29.93782217350923602, 71.00000000000000000, -65.85382907247945639 ) ) ;
#5896 = CARTESIAN_POINT ( 'NONE',  ( 65.00000000000000000, 70.79964327383027012, 11.00407271778023066 ) ) ;
#5897 = AXIS2_PLACEMENT_3D ( 'NONE', #7369, #8691, #2490 ) ;
#5898 = CARTESIAN_POINT ( 'NONE',  ( 48.12435565298240192, 80.99999999999998579, -55.35382907247937112 ) ) ;
#5899 = CARTESIAN_POINT ( 'NONE',  ( 28.57857792819967457, 71.37356801941000128, -58.55568533474859549 ) ) ;
#5900 = ORIENTED_EDGE ( 'NONE', *, *, #7422, .F. ) ;
#5901 = LINE ( 'NONE', #6670, #2324 ) ;
#5902 =( BOUNDED_SURFACE ( )  B_SPLINE_SURFACE ( 3, 2, ( 
 ( #795, #17, #1390 ),
 ( #4889, #5041, #3632 ),
 ( #64, #3583, #7604 ),
 ( #1491, #3539, #6416 ),
 ( #8387, #7652, #8489 ),
 ( #5583, #892, #6314 ),
 ( #4309, #843, #8341 ),
 ( #4259, #3492, #3681 ),
 ( #7076, #7032, #2765 ),
 ( #6362, #6455, #5538 ),
 ( #4164, #2125, #4213 ),
 ( #749, #8021, #1804 ),
 ( #3043, #4397, #6628 ),
 ( #2451, #6500, #5816 ),
 ( #340, #5267, #1065 ),
 ( #5175, #1766, #7336 ),
 ( #4569, #8536, #3092 ),
 ( #257, #3854, #1104 ),
 ( #8581, #5135, #8624 ),
 ( #2319, #7900, #1680 ) ),
 .UNSPECIFIED., .F., .F., .F. ) 
 B_SPLINE_SURFACE_WITH_KNOTS ( ( 4, 2, 2, 2, 2, 2, 2, 2, 2, 4 ),
 ( 3, 3 ),
 ( 0.01252048609958923177, 0.01610381331546554759, 0.01789547692340370810, 0.01968714053134186515, 0.02327046774721817923, 0.02685379496309449679, 0.03402044939484712843, 0.03581211300278529241, 0.03760377661072344946, 0.04118710382659976355 ),
 ( 0.000000000000000000, 1.000000000000000000 ),
 .UNSPECIFIED. ) 
 GEOMETRIC_REPRESENTATION_ITEM ( )  RATIONAL_B_SPLINE_SURFACE ( (
 ( 1.000000000000000000, 0.7806367264523382810, 1.000000000000000000),
 ( 1.000000000000000000, 0.7806525983853733752, 1.000000000000000000),
 ( 1.000000000000000000, 0.7804736193028203317, 1.000000000000000000),
 ( 1.000000000000000000, 0.7799347764554926954, 1.000000000000000000),
 ( 1.000000000000000000, 0.7797094506920575485, 1.000000000000000000),
 ( 1.000000000000000000, 0.7791796795196254122, 1.000000000000000000),
 ( 1.000000000000000000, 0.7788772256525302584, 1.000000000000000000),
 ( 1.000000000000000000, 0.7778777612647199691, 1.000000000000000000),
 ( 1.000000000000000000, 0.7770891790818151845, 1.000000000000000000),
 ( 1.000000000000000000, 0.7753695393465110941, 1.000000000000000000),
 ( 1.000000000000000000, 0.7744333973532622206, 1.000000000000000000),
 ( 1.000000000000000000, 0.7716017430390149645, 1.000000000000000000),
 ( 1.000000000000000000, 0.7696820186699562250, 1.000000000000000000),
 ( 1.000000000000000000, 0.7674401967817513492, 1.000000000000000000),
 ( 1.000000000000000000, 0.7669988342214073551, 1.000000000000000000),
 ( 1.000000000000000000, 0.7661320856136577540, 1.000000000000000000),
 ( 1.000000000000000000, 0.7657059992049460861, 1.000000000000000000),
 ( 1.000000000000000000, 0.7644628963705663027, 1.000000000000000000),
 ( 1.000000000000000000, 0.7636784586022600241, 1.000000000000000000),
 ( 1.000000000000000000, 0.7629366208023392604, 1.000000000000000000) ) ) 
 REPRESENTATION_ITEM ( '' )  SURFACE ( )  );
#5903 = CARTESIAN_POINT ( 'NONE',  ( -70.21699464147010872, 57.23846896690255193, -13.99999999999999467 ) ) ;
#5904 = AXIS2_PLACEMENT_3D ( 'NONE', #1516, #2836, #7633 ) ;
#5905 = DIRECTION ( 'NONE',  ( 0.000000000000000000, 1.000000000000000000, 0.000000000000000000 ) ) ;
#5906 = CARTESIAN_POINT ( 'NONE',  ( 28.57996589611312643, 70.82197401033184292, -58.50195301064958642 ) ) ;
#5907 = CIRCLE ( 'NONE', #5615, 2.500000000000002220 ) ;
#5908 = ORIENTED_EDGE ( 'NONE', *, *, #304, .T. ) ;
#5909 = ORIENTED_EDGE ( 'NONE', *, *, #4419, .F. ) ;
#5910 = CARTESIAN_POINT ( 'NONE',  ( -49.10077795286751723, 55.22173470845584120, 57.04504210552259735 ) ) ;
#5911 = PLANE ( 'NONE',  #8422 ) ;
#5912 = CARTESIAN_POINT ( 'NONE',  ( 43.53769711524484620, 73.51966355238729989, -34.48320016377535069 ) ) ;
#5913 = CARTESIAN_POINT ( 'NONE',  ( 28.93748899668712937, 69.04875912864969223, 52.87399526674032302 ) ) ;
#5914 = CARTESIAN_POINT ( 'NONE',  ( 36.51698424228726481, 69.44361272362557713, -53.20874993129338293 ) ) ;
#5915 = CARTESIAN_POINT ( 'NONE',  ( 16.19938720914224461, 67.30765027970345216, 60.45808345025130848 ) ) ;
#5916 = CARTESIAN_POINT ( 'NONE',  ( 12.12435565298220652, 45.99999999999999289, -6.999999999999887201 ) ) ;
#5917 = FACE_OUTER_BOUND ( 'NONE', #2839, .T. ) ;
#5918 = CARTESIAN_POINT ( 'NONE',  ( 25.78437493449733964, 46.02785684633894903, 72.65984742795623674 ) ) ;
#5919 = ADVANCED_FACE ( 'NONE', ( #676 ), #5830, .F. ) ;
#5920 = EDGE_CURVE ( 'NONE', #7425, #3443, #818, .T. ) ;
#5921 = DIRECTION ( 'NONE',  ( -1.000000000000000000, 8.950314809320438195E-17, 0.000000000000000000 ) ) ;
#5922 = CARTESIAN_POINT ( 'NONE',  ( -49.10077795286849778, 55.22173470843916476, -57.04504210552640586 ) ) ;
#5923 = CARTESIAN_POINT ( 'NONE',  ( 70.79241559697683783, 55.08934122040998460, -16.38478488074734329 ) ) ;
#5924 = CARTESIAN_POINT ( 'NONE',  ( 49.84816189516567420, 46.10331055350754781, 58.29707188652150052 ) ) ;
#5925 = EDGE_CURVE ( 'NONE', #4999, #6338, #4059, .T. ) ;
#5926 = ORIENTED_EDGE ( 'NONE', *, *, #6470, .F. ) ;
#5927 = CARTESIAN_POINT ( 'NONE',  ( 67.20185856330792262, 65.17850407179145122, -14.00000000000005151 ) ) ;
#5928 = CARTESIAN_POINT ( 'NONE',  ( 28.57857792819420695, 71.37356801940973128, 58.55568533475167925 ) ) ;
#5929 = B_SPLINE_CURVE_WITH_KNOTS ( 'NONE', 3,
 ( #2181, #7082, #2913, #8542, #217, #898, #4317, #5736, #4955, #3639 ),
 .UNSPECIFIED., .F., .F.,
 ( 4, 2, 2, 2, 4 ),
 ( 0.000000000000000000, 0.0006174258119178758185, 0.001234851623835751637, 0.001852277435753627455, 0.002469703247671503274 ),
 .UNSPECIFIED. ) ;
#5930 = FACE_OUTER_BOUND ( 'NONE', #7157, .T. ) ;
#5931 = EDGE_LOOP ( 'NONE', ( #6581, #7198, #8416, #5731 ) ) ;
#5932 = CARTESIAN_POINT ( 'NONE',  ( 66.70000000000000284, 60.11331709634244902, -1.633678830062569653E-14 ) ) ;
#5933 = EDGE_LOOP ( 'NONE', ( #8298, #6764, #5143, #5803, #8730, #3037, #6387, #7301, #7637 ) ) ;
#5934 = AXIS2_PLACEMENT_3D ( 'NONE', #3894, #3721, #1030 ) ;
#5935 = CARTESIAN_POINT ( 'NONE',  ( 42.32237383146429721, 77.57259200438150515, -11.49251607985254253 ) ) ;
#5936 = PLANE ( 'NONE',  #5097 ) ;
#5937 = DIRECTION ( 'NONE',  ( -0.8660254037844397068, 0.000000000000000000, 0.4999999999999979461 ) ) ;
#5938 = EDGE_CURVE ( 'NONE', #5805, #7306, #130, .T. ) ;
#5939 = CARTESIAN_POINT ( 'NONE',  ( 47.27665278041234842, 64.22010627969450525, -21.93424523115153235 ) ) ;
#5940 = CARTESIAN_POINT ( 'NONE',  ( 60.25896109168538572, 69.04857540238329250, -2.364491987692073359E-14 ) ) ;
#5941 = VECTOR ( 'NONE', #7373, 1000.000000000000000 ) ;
#5942 = B_SPLINE_CURVE_WITH_KNOTS ( 'NONE', 3,
 ( #1951, #3965, #493, #4717, #6735, #4595, #3923, #8898, #8046, #4675, #1871, #1830, #6146, #6778, #7489, #1914, #6056, #2602, #3243, #1258, #2689, #7446, #5376, #3282, #6823, #7536, #8810, #8086, #5458, #8215, #8130, #8768 ),
 .UNSPECIFIED., .F., .F.,
 ( 4, 2, 2, 2, 2, 2, 2, 2, 2, 2, 2, 2, 2, 2, 2, 4 ),
 ( 0.01719824336320321945, 0.01781933306157024166, 0.01844042275993726387, 0.01968260215667130136, 0.02030369185503832011, 0.02092478155340533885, 0.02154587125177235413, 0.02216696095013937287, 0.02278805064850639162, 0.02340914034687340689, 0.02403023004524042563, 0.02465131974360744438, 0.02527240944197445965, 0.02589349914034147493, 0.02651458883870849714, 0.02713567853707551242 ),
 .UNSPECIFIED. ) ;
#5943 = B_SPLINE_CURVE_WITH_KNOTS ( 'NONE', 3,
 ( #5787, #4414, #5834, #8598 ),
 .UNSPECIFIED., .F., .F.,
 ( 4, 4 ),
 ( 0.000000000000000000, 0.0004135464275951804963 ),
 .UNSPECIFIED. ) ;
#5944 = FACE_OUTER_BOUND ( 'NONE', #3527, .T. ) ;
#5945 = DIRECTION ( 'NONE',  ( 0.8660254037844320463, 0.000000000000000000, 0.5000000000000112133 ) ) ;
#5946 = EDGE_LOOP ( 'NONE', ( #6958, #106, #291, #789 ) ) ;
#5947 = CARTESIAN_POINT ( 'NONE',  ( 42.66506350946045245, 53.49999999999999289, 68.89805770653991601 ) ) ;
#5948 = CIRCLE ( 'NONE', #2469, 2.499999999999999112 ) ;
#5949 = CARTESIAN_POINT ( 'NONE',  ( -72.58459126990818788, 49.51133489086475237, -16.35021066042733651 ) ) ;
#5950 = ORIENTED_EDGE ( 'NONE', *, *, #4181, .F. ) ;
#5951 = CARTESIAN_POINT ( 'NONE',  ( -64.99999999999998579, 71.37356801941000128, 4.528068177520425230 ) ) ;
#5952 = CARTESIAN_POINT ( 'NONE',  ( 25.46700905033879536, 68.50409903061287764, -58.44281050240955011 ) ) ;
#5953 = CYLINDRICAL_SURFACE ( 'NONE', #3788, 2.500000000000003109 ) ;
#5954 = VECTOR ( 'NONE', #5445, 1000.000000000000000 ) ;
#5955 = ORIENTED_EDGE ( 'NONE', *, *, #3937, .T. ) ;
#5956 = ORIENTED_EDGE ( 'NONE', *, *, #1798, .F. ) ;
#5957 = CARTESIAN_POINT ( 'NONE',  ( -49.58704591247912674, 52.38165315073361228, 57.88728291766271639 ) ) ;
#5958 = CARTESIAN_POINT ( 'NONE',  ( 51.08747539526558512, 69.52113046989529721, -30.67015168152552107 ) ) ;
#5959 = CARTESIAN_POINT ( 'NONE',  ( 15.80513287229626940, 67.42165079097325986, 60.38848733625300724 ) ) ;
#5960 = CIRCLE ( 'NONE', #2339, 81.70000000000000284 ) ;
#5961 = CARTESIAN_POINT ( 'NONE',  ( -45.72528493463600796, 65.17850407179143701, -51.19851669735353283 ) ) ;
#5962 = AXIS2_PLACEMENT_3D ( 'NONE', #1005, #7731, #7819 ) ;
#5963 = AXIS2_PLACEMENT_3D ( 'NONE', #6007, #8726, #6776 ) ;
#5964 = AXIS2_PLACEMENT_3D ( 'NONE', #1692, #142, #4820 ) ;
#5965 = CIRCLE ( 'NONE', #2493, 2.499999999999994227 ) ;
#5966 = CARTESIAN_POINT ( 'NONE',  ( -24.68707248424581735, 69.06316985497892347, 59.93544120672659403 ) ) ;
#5967 = AXIS2_PLACEMENT_3D ( 'NONE', #3446, #6278, #614 ) ;
#5968 = DIRECTION ( 'NONE',  ( 0.000000000000000000, 0.000000000000000000, -1.000000000000000000 ) ) ;
#5969 = DIRECTION ( 'NONE',  ( -0.8660254037844328234, 0.000000000000000000, -0.5000000000000101030 ) ) ;
#5970 = DIRECTION ( 'NONE',  ( 0.000000000000000000, 1.000000000000000000, 0.000000000000000000 ) ) ;
#5971 = CARTESIAN_POINT ( 'NONE',  ( 25.68060616855541056, 46.05586453954275328, -72.48011465310401036 ) ) ;
#5972 = CARTESIAN_POINT ( 'NONE',  ( 81.64560041593762207, 54.52257522378238974, 2.981929750513677480 ) ) ;
#5973 = ORIENTED_EDGE ( 'NONE', *, *, #5353, .F. ) ;
#5974 = CARTESIAN_POINT ( 'NONE',  ( -64.99207744085306615, 71.12373005538609050, 4.500000000001228351 ) ) ;
#5975 = EDGE_CURVE ( 'NONE', #2794, #1646, #7186, .T. ) ;
#5976 = EDGE_CURVE ( 'NONE', #1412, #8151, #5236, .T. ) ;
#5977 = CARTESIAN_POINT ( 'NONE',  ( -24.58327197799768982, 45.87307673031754263, 70.57947608217452284 ) ) ;
#5978 = CARTESIAN_POINT ( 'NONE',  ( -8.465450562766808523E-14, 60.99999999999988631, -14.00000000000000000 ) ) ;
#5979 = ORIENTED_EDGE ( 'NONE', *, *, #5191, .F. ) ;
#5980 = CARTESIAN_POINT ( 'NONE',  ( 50.24045474099016673, 45.99999999999999289, 59.01902020676106275 ) ) ;
#5981 = ORIENTED_EDGE ( 'NONE', *, *, #2023, .T. ) ;
#5982 = CARTESIAN_POINT ( 'NONE',  ( -36.39508800974680724, 70.14790019138084176, 53.75034140748142164 ) ) ;
#5983 = CARTESIAN_POINT ( 'NONE',  ( -29.93782217350969077, 71.00000000000000000, 65.85382907247922901 ) ) ;
#5984 = FACE_OUTER_BOUND ( 'NONE', #1960, .T. ) ;
#5985 = CARTESIAN_POINT ( 'NONE',  ( 49.56165683116240928, 73.80579918306995069, -17.03376356356220001 ) ) ;
#5986 = CARTESIAN_POINT ( 'NONE',  ( 50.96643086590043481, 74.29311676814326404, -18.98825461357304434 ) ) ;
#5987 = EDGE_CURVE ( 'NONE', #342, #5460, #2341, .T. ) ;
#5988 = ORIENTED_EDGE ( 'NONE', *, *, #8414, .T. ) ;
#5989 = CARTESIAN_POINT ( 'NONE',  ( 45.83166933732427850, 65.00834819740761361, 46.41844595414718810 ) ) ;
#5990 = CARTESIAN_POINT ( 'NONE',  ( -22.50444969546535035, 48.33918353723856143, 71.10102319475389265 ) ) ;
#5991 = EDGE_LOOP ( 'NONE', ( #4819, #743 ) ) ;
#5992 = CARTESIAN_POINT ( 'NONE',  ( -29.93782217350877417, 71.00000000000000000, -65.85382907247965534 ) ) ;
#5993 = CARTESIAN_POINT ( 'NONE',  ( -66.41440648060145691, 65.95929522014937163, -14.00000000000001243 ) ) ;
#5994 = ORIENTED_EDGE ( 'NONE', *, *, #4787, .F. ) ;
#5995 = CARTESIAN_POINT ( 'NONE',  ( -65.00000000000000000, 71.45243200156991747, -3.020052509531625073 ) ) ;
#5996 = CARTESIAN_POINT ( 'NONE',  ( 0.000000000000000000, 46.00000000000000000, 0.000000000000000000 ) ) ;
#5997 = ORIENTED_EDGE ( 'NONE', *, *, #7447, .F. ) ;
#5998 = VERTEX_POINT ( 'NONE', #5060 ) ;
#5999 = CARTESIAN_POINT ( 'NONE',  ( -44.77554707644492282, 66.83697915472060913, 44.55197465330100215 ) ) ;
#6000 = DIRECTION ( 'NONE',  ( 0.000000000000000000, 0.000000000000000000, -1.000000000000000000 ) ) ;
#6001 = ADVANCED_FACE ( 'NONE', ( #3739 ), #6251, .F. ) ;
#6002 = CARTESIAN_POINT ( 'NONE',  ( 43.41451214217644150, 72.13875637876849112, -34.51441270500315994 ) ) ;
#6003 = CARTESIAN_POINT ( 'NONE',  ( 24.13526817638744149, 68.78253537071574897, 55.63565121850753314 ) ) ;
#6004 = DIRECTION ( 'NONE',  ( -0.000000000000000000, -1.000000000000000000, -0.000000000000000000 ) ) ;
#6005 = LINE ( 'NONE', #6568, #4491 ) ;
#6006 = CARTESIAN_POINT ( 'NONE',  ( -64.99999999999998579, 71.00000000000000000, -7.000000000000000000 ) ) ;
#6007 = CARTESIAN_POINT ( 'NONE',  ( -2.693117830258380211E-16, 85.56084588387216172, 0.000000000000000000 ) ) ;
#6008 = DIRECTION ( 'NONE',  ( -0.4999999999999980016, -0.000000000000000000, -0.8660254037844398178 ) ) ;
#6009 = ORIENTED_EDGE ( 'NONE', *, *, #6579, .F. ) ;
#6010 = ADVANCED_FACE ( 'NONE', ( #3113 ), #6517, .F. ) ;
#6011 = CARTESIAN_POINT ( 'NONE',  ( -38.91613928324626670, 53.49999999999999289, 62.40473047300790910 ) ) ;
#6012 = CARTESIAN_POINT ( 'NONE',  ( 76.23219817601714965, 45.99999999999999289, 14.00000000000000000 ) ) ;
#6013 = DIRECTION ( 'NONE',  ( 0.8660254037844322683, 0.000000000000000000, 0.5000000000000111022 ) ) ;
#6014 = ORIENTED_EDGE ( 'NONE', *, *, #8742, .T. ) ;
#6015 = FACE_BOUND ( 'NONE', #817, .T. ) ;
#6016 = VERTEX_POINT ( 'NONE', #1700 ) ;
#6017 = CARTESIAN_POINT ( 'NONE',  ( 20.37564434701814875, 70.33830226810667341, -63.29165124598841174 ) ) ;
#6018 = CARTESIAN_POINT ( 'NONE',  ( -81.67350391318038305, 51.09898485629413756, 2.085671222080665022 ) ) ;
#6019 = EDGE_CURVE ( 'NONE', #6074, #7902, #7400, .T. ) ;
#6020 = DIRECTION ( 'NONE',  ( 0.000000000000000000, 0.000000000000000000, 1.000000000000000000 ) ) ;
#6021 = CARTESIAN_POINT ( 'NONE',  ( 47.79640213274318938, 76.78461359478507120, -15.49061754820402470 ) ) ;
#6022 = FACE_OUTER_BOUND ( 'NONE', #8955, .T. ) ;
#6023 = B_SPLINE_CURVE_WITH_KNOTS ( 'NONE', 3,
 ( #1113, #3901, #6675, #3228, #2544, #4614, #6720, #3486, #5486, #8242, #7029, #7074, #2029, #2902, #1387, #15, #649, #2120 ),
 .UNSPECIFIED., .F., .F.,
 ( 4, 2, 2, 2, 2, 2, 2, 2, 4 ),
 ( -0.001263708229997874367, 0.001977653895833444107, 0.005219016021664762799, 0.01170174027332740105, 0.01332242133624304999, 0.01494310239915869545, 0.01818446452498998292, 0.02142582665082127039, 0.02466718877665255438 ),
 .UNSPECIFIED. ) ;
#6024 = CARTESIAN_POINT ( 'NONE',  ( 60.07291266399118967, 67.51887975670250341, -16.50756627583223235 ) ) ;
#6025 = ORIENTED_EDGE ( 'NONE', *, *, #7358, .F. ) ;
#6026 = CARTESIAN_POINT ( 'NONE',  ( -25.30293057147930114, 46.22973997552794856, 72.02446550866027053 ) ) ;
#6027 = CIRCLE ( 'NONE', #221, 2.500000000000002220 ) ;
#6028 = ORIENTED_EDGE ( 'NONE', *, *, #4351, .F. ) ;
#6029 = FACE_OUTER_BOUND ( 'NONE', #8267, .T. ) ;
#6030 = ADVANCED_FACE ( 'NONE', ( #4972 ), #5096, .F. ) ;
#6031 = EDGE_CURVE ( 'NONE', #8059, #4739, #7115, .T. ) ;
#6032 = CARTESIAN_POINT ( 'NONE',  ( 41.03125903765773330, 50.29999448101079196, 70.64962577520289244 ) ) ;
#6033 = ORIENTED_EDGE ( 'NONE', *, *, #7346, .T. ) ;
#6034 = AXIS2_PLACEMENT_3D ( 'NONE', #2632, #6647, #610 ) ;
#6035 = CARTESIAN_POINT ( 'NONE',  ( -42.05493504141806227, 50.62717617414346449, 70.04504807702330993 ) ) ;
#6036 = EDGE_CURVE ( 'NONE', #5345, #837, #2031, .T. ) ;
#6037 = CARTESIAN_POINT ( 'NONE',  ( -43.72724133595282581, 71.00000000000000000, 56.73780366869462455 ) ) ;
#6038 = CARTESIAN_POINT ( 'NONE',  ( -12.25000000000000355, 76.42166581354543098, 4.834293239634177704E-15 ) ) ;
#6039 = CARTESIAN_POINT ( 'NONE',  ( 0.000000000000000000, 0.000000000000000000, 0.000000000000000000 ) ) ;
#6040 = B_SPLINE_CURVE_WITH_KNOTS ( 'NONE', 3,
 ( #6796, #2752, #6168, #8918, #555, #1282, #512, #2576, #645, #3943, #5348, #2708, #2022, #3343, #7555, #6886, #1845, #3982 ),
 .UNSPECIFIED., .F., .F.,
 ( 4, 2, 2, 2, 2, 2, 2, 2, 4 ),
 ( -0.001263708229997874367, 0.001977653895833440638, 0.005219016021664755860, 0.01170174027332736288, 0.01332242133624301182, 0.01494310239915866076, 0.01818446452498995863, 0.02142582665082125651, 0.02466718877665255438 ),
 .UNSPECIFIED. ) ;
#6041 = ORIENTED_EDGE ( 'NONE', *, *, #4677, .T. ) ;
#6042 = EDGE_LOOP ( 'NONE', ( #4295, #5444, #5218, #5750 ) ) ;
#6043 = CARTESIAN_POINT ( 'NONE',  ( -38.83493649053973940, 53.49999999999999289, 72.26408311032351151 ) ) ;
#6044 = CARTESIAN_POINT ( 'NONE',  ( 42.31827624100488805, 72.10237429800980635, -35.91490825190283687 ) ) ;
#6045 = CARTESIAN_POINT ( 'NONE',  ( -81.69612364755415967, 56.59572946646594005, -0.8211736977428780726 ) ) ;
#6046 = CARTESIAN_POINT ( 'NONE',  ( -44.95960510950883560, 66.68554913837692766, -49.87232033790281349 ) ) ;
#6047 = CARTESIAN_POINT ( 'NONE',  ( 31.53201477057012525, 80.34559172983064457, -16.07272427977911633 ) ) ;
#6048 = EDGE_CURVE ( 'NONE', #4875, #8223, #1824, .T. ) ;
#6049 = AXIS2_PLACEMENT_3D ( 'NONE', #6577, #7741, #1915 ) ;
#6050 = CARTESIAN_POINT ( 'NONE',  ( -24.74261879096976102, 68.97042246349049321, 59.79042293688296894 ) ) ;
#6051 = DIRECTION ( 'NONE',  ( 0.5000000000000039968, 0.000000000000000000, -0.8660254037844362651 ) ) ;
#6052 = DIRECTION ( 'NONE',  ( 0.000000000000000000, 0.000000000000000000, -1.000000000000000000 ) ) ;
#6053 = AXIS2_PLACEMENT_3D ( 'NONE', #4948, #7033, #6274 ) ;
#6054 = CARTESIAN_POINT ( 'NONE',  ( 63.18582752819850157, 64.95410340582363062, -16.48162287518127300 ) ) ;
#6055 = CARTESIAN_POINT ( 'NONE',  ( -36.75107577378518897, 53.49999999999999289, 63.65473047300793041 ) ) ;
#6056 = CARTESIAN_POINT ( 'NONE',  ( -40.49038520036403810, 50.32098315661163923, -70.96097710524492186 ) ) ;
#6057 = ORIENTED_EDGE ( 'NONE', *, *, #2709, .T. ) ;
#6058 = CIRCLE ( 'NONE', #2139, 2.500000000000002220 ) ;
#6059 = CARTESIAN_POINT ( 'NONE',  ( 47.39607444059537755, 69.72839117303325907, -47.69139865784197951 ) ) ;
#6060 = VERTEX_POINT ( 'NONE', #4511 ) ;
#6061 = DIRECTION ( 'NONE',  ( 0.000000000000000000, -1.000000000000000000, 0.000000000000000000 ) ) ;
#6062 = VERTEX_POINT ( 'NONE', #1213 ) ;
#6063 = CARTESIAN_POINT ( 'NONE',  ( -37.03973228035655296, 68.65347261867843542, 51.90825636894921047 ) ) ;
#6064 = CARTESIAN_POINT ( 'NONE',  ( 25.78437493449835216, 46.02785684633895613, -72.65984742795589568 ) ) ;
#6065 = CARTESIAN_POINT ( 'NONE',  ( 37.74492186285092998, 74.07394246484406608, -35.56606223606357986 ) ) ;
#6066 = CARTESIAN_POINT ( 'NONE',  ( 50.37415405558181192, 73.61074514201261820, -15.68257680403928944 ) ) ;
#6067 = DIRECTION ( 'NONE',  ( -0.5000000000000101030, 0.000000000000000000, 0.8660254037844328234 ) ) ;
#6068 = EDGE_LOOP ( 'NONE', ( #7009, #6871, #1564 ) ) ;
#6069 = DIRECTION ( 'NONE',  ( 0.5000000000000039968, 0.000000000000000000, -0.8660254037844362651 ) ) ;
#6070 = ORIENTED_EDGE ( 'NONE', *, *, #7023, .F. ) ;
#6071 = CARTESIAN_POINT ( 'NONE',  ( 75.81703671462719285, 45.85812873523628497, 14.00000000000000888 ) ) ;
#6072 = ADVANCED_FACE ( 'NONE', ( #8806 ), #3961, .T. ) ;
#6073 = CARTESIAN_POINT ( 'NONE',  ( 41.21001162611689494, 50.32113313278882316, 70.54549397321650872 ) ) ;
#6074 = VERTEX_POINT ( 'NONE', #1786 ) ;
#6075 = CARTESIAN_POINT ( 'NONE',  ( -76.09336466201399674, 46.00000000000000000, -14.00000000000000000 ) ) ;
#6076 = PLANE ( 'NONE',  #7835 ) ;
#6077 = ADVANCED_FACE ( 'NONE', ( #2597 ), #5197, .T. ) ;
#6078 = EDGE_CURVE ( 'NONE', #4404, #308, #3340, .T. ) ;
#6079 = FACE_OUTER_BOUND ( 'NONE', #7887, .T. ) ;
#6080 = CARTESIAN_POINT ( 'NONE',  ( -64.99999999994037125, 65.51688459736473646, 5.452655033219041769 ) ) ;
#6081 = CONICAL_SURFACE ( 'NONE', #2168, 3.500000000000002665, 0.7853981633974482790 ) ;
#6083 = ORIENTED_EDGE ( 'NONE', *, *, #3966, .F. ) ;
#6082 = VECTOR ( 'NONE', #1354, 1000.000000000000000 ) ;
#6084 = ORIENTED_EDGE ( 'NONE', *, *, #1971, .F. ) ;
#6085 = CARTESIAN_POINT ( 'NONE',  ( 43.81157361633418645, 67.29654735507111241, -47.08260620806192520 ) ) ;
#6086 = CARTESIAN_POINT ( 'NONE',  ( 41.55994901534070607, 50.40444222071263169, -70.33990287880857295 ) ) ;
#6087 = CARTESIAN_POINT ( 'NONE',  ( 18.49217935523863332, 67.16783077006469682, -60.02939418601502553 ) ) ;
#6088 = CARTESIAN_POINT ( 'NONE',  ( 40.59630045302897372, 70.26211178556559389, -51.52445229039329888 ) ) ;
#6089 = CARTESIAN_POINT ( 'NONE',  ( -66.70000000000000284, 60.11331709634244902, 133.4000000000000057 ) ) ;
#6090 = CIRCLE ( 'NONE', #3777, 14.00000000000000000 ) ;
#6091 = CARTESIAN_POINT ( 'NONE',  ( -22.13259784580976230, 49.51133489086552686, -71.03520529326019073 ) ) ;
#6092 = TOROIDAL_SURFACE ( 'NONE', #861, 77.50708379720883556, 3.000000000000000000 ) ;
#6093 = CARTESIAN_POINT ( 'NONE',  ( -38.10080802636733210, 53.70926916414948948, -72.27183703032532947 ) ) ;
#6094 = EDGE_CURVE ( 'NONE', #7583, #2786, #489, .T. ) ;
#6095 = CARTESIAN_POINT ( 'NONE',  ( -60.22077324338516036, 67.97807327255348753, 13.78358734409640896 ) ) ;
#6096 = AXIS2_PLACEMENT_3D ( 'NONE', #3820, #941, #1807 ) ;
#6097 = CARTESIAN_POINT ( 'NONE',  ( 22.20114393954528964, 48.61675045524525984, -71.14828336734694858 ) ) ;
#6098 = DIRECTION ( 'NONE',  ( -0.5000000000000101030, -0.000000000000000000, 0.8660254037844328234 ) ) ;
#6099 = DIRECTION ( 'NONE',  ( -0.4999999999999980016, 0.000000000000000000, -0.8660254037844398178 ) ) ;
#6100 = AXIS2_PLACEMENT_3D ( 'NONE', #6847, #8333, #1382 ) ;
#6101 = AXIS2_PLACEMENT_3D ( 'NONE', #3256, #5427, #7500 ) ;
#6102 = VECTOR ( 'NONE', #5372, 1000.000000000000000 ) ;
#6103 = CIRCLE ( 'NONE', #6688, 2.500000000000000000 ) ;
#6104 = ORIENTED_EDGE ( 'NONE', *, *, #6736, .T. ) ;
#6105 = CARTESIAN_POINT ( 'NONE',  ( 31.32483863467503582, 69.04912902142564235, -51.49567343822872090 ) ) ;
#6106 = DIRECTION ( 'NONE',  ( -0.000000000000000000, 1.000000000000000000, -0.000000000000000000 ) ) ;
#6107 = VERTEX_POINT ( 'NONE', #4671 ) ;
#6108 = FACE_OUTER_BOUND ( 'NONE', #8921, .T. ) ;
#6109 = ORIENTED_EDGE ( 'NONE', *, *, #8518, .T. ) ;
#6110 = CARTESIAN_POINT ( 'NONE',  ( -36.45433363036047325, 69.69405292433600607, 53.45521082949932179 ) ) ;
#6111 = CARTESIAN_POINT ( 'NONE',  ( 24.67874356484749754, 55.96612926941605792, -70.74483772127862835 ) ) ;
#6112 = CARTESIAN_POINT ( 'NONE',  ( 41.94444910425643513, 72.25318834306310123, -35.95020239196325917 ) ) ;
#6113 = CARTESIAN_POINT ( 'NONE',  ( 52.20829928185020208, 72.54693159650756229, -22.67231674871381131 ) ) ;
#6114 = CARTESIAN_POINT ( 'NONE',  ( 20.96607231804463112, 56.03426478453500437, 69.09993629086713440 ) ) ;
#6115 = EDGE_LOOP ( 'NONE', ( #1878, #7349, #1393 ) ) ;
#6116 = AXIS2_PLACEMENT_3D ( 'NONE', #888, #1575, #6452 ) ;
#6117 = CARTESIAN_POINT ( 'NONE',  ( -50.10630073282614916, 52.40596060623923336, -54.05696491306511575 ) ) ;
#6118 = ORIENTED_EDGE ( 'NONE', *, *, #1074, .F. ) ;
#6119 = CARTESIAN_POINT ( 'NONE',  ( -22.81299171753077104, 48.06694853713058535, 71.08141333400467943 ) ) ;
#6120 = ORIENTED_EDGE ( 'NONE', *, *, #5665, .F. ) ;
#6121 = DIRECTION ( 'NONE',  ( -1.000000000000000000, -0.000000000000000000, -0.000000000000000000 ) ) ;
#6122 = CARTESIAN_POINT ( 'NONE',  ( -72.00000000000000000, 71.00000000000000000, 9.500000000000008882 ) ) ;
#6123 = ORIENTED_EDGE ( 'NONE', *, *, #4685, .F. ) ;
#6124 = CARTESIAN_POINT ( 'NONE',  ( 64.99999999999998579, 80.99999999999998579, 14.00000000000000000 ) ) ;
#6125 = FACE_OUTER_BOUND ( 'NONE', #8144, .T. ) ;
#6126 = EDGE_CURVE ( 'NONE', #5022, #7325, #7264, .T. ) ;
#6127 = EDGE_CURVE ( 'NONE', #5998, #687, #405, .T. ) ;
#6128 = CARTESIAN_POINT ( 'NONE',  ( 72.00000000000000000, 71.00000000000000000, -3.500000000000002220 ) ) ;
#6129 = CARTESIAN_POINT ( 'NONE',  ( 63.39484676460194379, 68.60050988506117164, 6.276889861983646846 ) ) ;
#6130 = CARTESIAN_POINT ( 'NONE',  ( -64.99999999997980638, 65.66873067397916941, 2.749198011751390780 ) ) ;
#6131 = CARTESIAN_POINT ( 'NONE',  ( -19.48363204378563651, 67.61734521269772813, -61.95229751266591478 ) ) ;
#6132 = ORIENTED_EDGE ( 'NONE', *, *, #3150, .F. ) ;
#6133 = ORIENTED_EDGE ( 'NONE', *, *, #7851, .F. ) ;
#6134 = CARTESIAN_POINT ( 'NONE',  ( -60.73014323639761614, 67.21756541262421081, 15.90219810501424291 ) ) ;
#6135 = CARTESIAN_POINT ( 'NONE',  ( 29.43782217350922892, 71.00000000000000000, -64.98780366869500824 ) ) ;
#6136 = CARTESIAN_POINT ( 'NONE',  ( 20.64763696491553446, 66.79099053449102996, -63.76275627947032376 ) ) ;
#6137 = CARTESIAN_POINT ( 'NONE',  ( 36.37163061373761508, 70.64416282352654264, -53.95859145912869081 ) ) ;
#6138 = EDGE_CURVE ( 'NONE', #1978, #2510, #4503, .T. ) ;
#6139 = CARTESIAN_POINT ( 'NONE',  ( -31.60288568296988032, 71.00000000000000000, -63.73780366869522140 ) ) ;
#6140 = CARTESIAN_POINT ( 'NONE',  ( -24.28587634255642769, 70.60829653923211424, 61.01526376058050971 ) ) ;
#6141 = CARTESIAN_POINT ( 'NONE',  ( 12.12435565298215856, 45.99999999999999289, -6.999999999999972466 ) ) ;
#6142 = DIRECTION ( 'NONE',  ( 0.4999999999999919509, -0.000000000000000000, 0.8660254037844432595 ) ) ;
#6143 = EDGE_CURVE ( 'NONE', #2634, #8012, #7687, .T. ) ;
#6144 = CARTESIAN_POINT ( 'NONE',  ( 38.14470988793972595, 68.53356777737461414, 51.23619939589206496 ) ) ;
#6145 = DIRECTION ( 'NONE',  ( -1.000000000000000000, -0.000000000000000000, -0.000000000000000000 ) ) ;
#6146 = CARTESIAN_POINT ( 'NONE',  ( -41.55815841089737006, 50.40391538339072497, -70.34095899922442641 ) ) ;
#6147 = EDGE_CURVE ( 'NONE', #6364, #8754, #3109, .T. ) ;
#6148 = CARTESIAN_POINT ( 'NONE',  ( -48.12435565298278561, 0.000000000000000000, 55.35382907247901585 ) ) ;
#6149 = CARTESIAN_POINT ( 'NONE',  ( 50.03308624046174202, 46.02785684633895613, 58.65984742795645701 ) ) ;
#6150 = CARTESIAN_POINT ( 'NONE',  ( 81.64340255251514122, 52.67654424854742956, -3.040787747902957694 ) ) ;
#6151 = ORIENTED_EDGE ( 'NONE', *, *, #2818, .F. ) ;
#6152 = CARTESIAN_POINT ( 'NONE',  ( 63.95304598258200457, 68.80897696851241108, -8.213295530028679181 ) ) ;
#6153 = ORIENTED_EDGE ( 'NONE', *, *, #1546, .T. ) ;
#6154 = CARTESIAN_POINT ( 'NONE',  ( 25.07706194588844539, 68.62506435647097192, 59.02540996012979946 ) ) ;
#6155 = CARTESIAN_POINT ( 'NONE',  ( 33.05427089815183450, 79.58393345538588903, -29.99351308609247369 ) ) ;
#6156 = LINE ( 'NONE', #4014, #1283 ) ;
#6157 = CARTESIAN_POINT ( 'NONE',  ( 48.83706188296604722, 74.27028836173890625, -16.31014076865341522 ) ) ;
#6158 = B_SPLINE_CURVE_WITH_KNOTS ( 'NONE', 3,
 ( #1676, #4440, #300, #5171, #4483, #7248, #1149, #8911, #3292, #1230, #1965, #5518, #6879, #6790, #4060, #8953 ),
 .UNSPECIFIED., .F., .F.,
 ( 4, 2, 2, 2, 2, 2, 2, 4 ),
 ( 0.000000000000000000, 0.0006220389796316289598, 0.001244077959263257920, 0.001866116938894886662, 0.002488155918526515839, 0.003732233877789794575, 0.004354272857421443918, 0.004976311837053093261 ),
 .UNSPECIFIED. ) ;
#6159 = CARTESIAN_POINT ( 'NONE',  ( 25.74486126327759195, 48.24151529171869868, 72.59140774181003053 ) ) ;
#6160 = ORIENTED_EDGE ( 'NONE', *, *, #4742, .F. ) ;
#6161 = EDGE_CURVE ( 'NONE', #7583, #6336, #7848, .T. ) ;
#6162 = DIRECTION ( 'NONE',  ( -0.5000000000000101030, -0.000000000000000000, 0.8660254037844328234 ) ) ;
#6163 = CARTESIAN_POINT ( 'NONE',  ( 17.68121478636404831, 64.29485628078596449, 63.57444099250334091 ) ) ;
#6164 = EDGE_LOOP ( 'NONE', ( #2212, #1096, #7469, #8485, #6885, #894, #8728, #114, #7393, #2128, #6209, #3559 ) ) ;
#6165 = CARTESIAN_POINT ( 'NONE',  ( -60.20053056545826564, 67.42165079097325986, -16.50659709052886370 ) ) ;
#6166 =( BOUNDED_SURFACE ( )  B_SPLINE_SURFACE ( 3, 2, ( 
 ( #4641, #494, #6059 ),
 ( #8811, #34, #8943 ),
 ( #2145, #7538, #5555 ),
 ( #6953, #627, #6829 ),
 ( #8360, #1316, #3325 ),
 ( #5600, #2001, #4908 ),
 ( #6105, #2095, #5461 ),
 ( #4134, #6781, #4813 ),
 ( #8174, #8218, #4094 ),
 ( #6191, #7490, #6869 ),
 ( #8900, #7578, #6288 ),
 ( #719, #5416, #1363 ) ),
 .UNSPECIFIED., .F., .F., .F. ) 
 B_SPLINE_SURFACE_WITH_KNOTS ( ( 4, 2, 2, 2, 2, 4 ),
 ( 3, 3 ),
 ( 0.04596579152697865406, 0.05469982312265932178, 0.05906683892049965912, 0.06343385471833999645, 0.07216788631402065723, 0.08090191790970133190 ),
 ( 0.000000000000000000, 1.000000000000000000 ),
 .UNSPECIFIED. ) 
 GEOMETRIC_REPRESENTATION_ITEM ( )  RATIONAL_B_SPLINE_SURFACE ( (
 ( 1.000000000000000000, 0.4470413949512903606, 1.000000000000000000),
 ( 1.000000000000000000, 0.4508719092557677000, 1.000000000000000000),
 ( 1.000000000000000000, 0.4535957092031970839, 1.000000000000000000),
 ( 1.000000000000000000, 0.4562964902208291318, 1.000000000000000000),
 ( 1.000000000000000000, 0.4569643652234259279, 1.000000000000000000),
 ( 1.000000000000000000, 0.4578526834170891235, 1.000000000000000000),
 ( 1.000000000000000000, 0.4580721740620663507, 1.000000000000000000),
 ( 1.000000000000000000, 0.4580613410284788412, 1.000000000000000000),
 ( 1.000000000000000000, 0.4571748802188535521, 1.000000000000000000),
 ( 1.000000000000000000, 0.4535762175737543256, 1.000000000000000000),
 ( 1.000000000000000000, 0.4508604777136890340, 1.000000000000000000),
 ( 1.000000000000000000, 0.4470422633554479441, 1.000000000000000000) ) ) 
 REPRESENTATION_ITEM ( '' )  SURFACE ( )  );
#6167 = ORIENTED_EDGE ( 'NONE', *, *, #4638, .T. ) ;
#6168 = CARTESIAN_POINT ( 'NONE',  ( -20.71117671095253598, 66.68505529899967144, -63.87281034790733258 ) ) ;
#6169 = CARTESIAN_POINT ( 'NONE',  ( 38.18759893438490138, 52.67989809620174668, 72.22602598220646541 ) ) ;
#6170 = EDGE_LOOP ( 'NONE', ( #3345, #1682, #8136, #8418 ) ) ;
#6171 = DIRECTION ( 'NONE',  ( 0.4999999999999979461, 0.000000000000000000, 0.8660254037844397068 ) ) ;
#6172 = CYLINDRICAL_SURFACE ( 'NONE', #132, 2.500000000000005773 ) ;
#6173 = LINE ( 'NONE', #4886, #7988 ) ;
#6174 = CARTESIAN_POINT ( 'NONE',  ( -65.00000000000000000, 71.49226878982210565, -1.420148913742232955 ) ) ;
#6175 = CARTESIAN_POINT ( 'NONE',  ( -24.19527909130692933, 57.89736674009616024, 69.90745268945087787 ) ) ;
#6176 = ORIENTED_EDGE ( 'NONE', *, *, #1150, .F. ) ;
#6177 = ORIENTED_EDGE ( 'NONE', *, *, #1861, .T. ) ;
#6178 = CARTESIAN_POINT ( 'NONE',  ( 43.87312328229903358, 67.51982151313316649, -47.66430720752210703 ) ) ;
#6179 = EDGE_CURVE ( 'NONE', #3905, #3177, #3411, .T. ) ;
#6180 = CARTESIAN_POINT ( 'NONE',  ( -67.93850260878130598, 64.39652032117643898, -14.00000000000000533 ) ) ;
#6181 = CARTESIAN_POINT ( 'NONE',  ( 24.04600513754488489, 58.46542898070119776, -69.64890261728926646 ) ) ;
#6182 = FACE_OUTER_BOUND ( 'NONE', #2107, .T. ) ;
#6183 = CARTESIAN_POINT ( 'NONE',  ( -74.03350063759245359, 46.80642417838967617, 14.57065670106288557 ) ) ;
#6184 = VECTOR ( 'NONE', #6515, 1000.000000000000000 ) ;
#6185 = CARTESIAN_POINT ( 'NONE',  ( -38.66031265631356462, 55.43834936292410021, -71.97418221966493945 ) ) ;
#6186 = CARTESIAN_POINT ( 'NONE',  ( 41.78572573259913980, 82.99999999999998579, -18.22500000000006537 ) ) ;
#6187 = CARTESIAN_POINT ( 'NONE',  ( 36.38229990665277569, 70.30594628184095995, 53.83181654457219167 ) ) ;
#6188 = CARTESIAN_POINT ( 'NONE',  ( -61.64566371216908180, 67.10144858561956482, -15.06400558078639840 ) ) ;
#6189 = DIRECTION ( 'NONE',  ( -1.000000000000000000, -0.000000000000000000, -0.000000000000000000 ) ) ;
#6190 = EDGE_CURVE ( 'NONE', #732, #687, #5524, .T. ) ;
#6191 = CARTESIAN_POINT ( 'NONE',  ( 20.39492984182550117, 68.35783077699159094, -57.77763994653013668 ) ) ;
#6192 = VECTOR ( 'NONE', #652, 1000.000000000000114 ) ;
#6193 = CARTESIAN_POINT ( 'NONE',  ( 72.32922377359079746, 65.71575228053565354, -144.6584475471816233 ) ) ;
#6194 = CARTESIAN_POINT ( 'NONE',  ( 49.85897346116791340, 50.02349546675840486, 58.35827524797252153 ) ) ;
#6195 = ORIENTED_EDGE ( 'NONE', *, *, #3147, .F. ) ;
#6196 = DIRECTION ( 'NONE',  ( 0.000000000000000000, 0.000000000000000000, -1.000000000000000000 ) ) ;
#6197 = ORIENTED_EDGE ( 'NONE', *, *, #7181, .T. ) ;
#6198 = FACE_OUTER_BOUND ( 'NONE', #8917, .T. ) ;
#6199 = CARTESIAN_POINT ( 'NONE',  ( 41.10159526179102585, 74.71360407736457887, -34.60754075748195646 ) ) ;
#6200 = EDGE_CURVE ( 'NONE', #308, #4404, #6826, .T. ) ;
#6201 = CARTESIAN_POINT ( 'NONE',  ( 46.83275098220627086, 70.47161354780530473, -34.49569106079451331 ) ) ;
#6202 = CARTESIAN_POINT ( 'NONE',  ( 33.68821137750774852, 79.63159250881122375, -17.43034801963728597 ) ) ;
#6203 = CARTESIAN_POINT ( 'NONE',  ( 25.41726925142969762, 51.79954327710279216, 72.02400173313579046 ) ) ;
#6204 = ORIENTED_EDGE ( 'NONE', *, *, #9, .T. ) ;
#6205 = CARTESIAN_POINT ( 'NONE',  ( -63.46960167583026902, 68.65059679230793677, 6.130904377564034391 ) ) ;
#6206 = CARTESIAN_POINT ( 'NONE',  ( -48.65393309633782337, 58.45755855706298831, -51.44017716991718459 ) ) ;
#6207 = VERTEX_POINT ( 'NONE', #4224 ) ;
#6208 = CARTESIAN_POINT ( 'NONE',  ( 64.99999999999998579, 63.85709599279896764, 15.95047812675908538 ) ) ;
#6209 = ORIENTED_EDGE ( 'NONE', *, *, #8894, .T. ) ;
#6210 = CARTESIAN_POINT ( 'NONE',  ( -72.00000000000000000, 71.00000000000000000, -7.000000000000000000 ) ) ;
#6211 = EDGE_CURVE ( 'NONE', #4331, #1378, #3964, .T. ) ;
#6212 = CARTESIAN_POINT ( 'NONE',  ( 41.73412303479664587, 50.46794556578542768, 70.23666408745449985 ) ) ;
#6213 = ORIENTED_EDGE ( 'NONE', *, *, #1764, .F. ) ;
#6214 = CYLINDRICAL_SURFACE ( 'NONE', #3298, 2.500000000000003553 ) ;
#6215 = CARTESIAN_POINT ( 'NONE',  ( -15.80513287229751818, 67.42165079097325986, 60.38848733625269460 ) ) ;
#6216 = DIRECTION ( 'NONE',  ( -0.2588190451025162431, 0.000000000000000000, -0.9659258262890695335 ) ) ;
#6217 = CARTESIAN_POINT ( 'NONE',  ( -76.23219817601714965, 45.99999999999999289, 14.00000000000000000 ) ) ;
#6218 = CARTESIAN_POINT ( 'NONE',  ( 34.58601226432366360, 53.49999999999999289, -64.90473047300820042 ) ) ;
#6219 = DIRECTION ( 'NONE',  ( -0.5150380749100547106, 0.000000000000000000, 0.8571673007021120005 ) ) ;
#6220 = VERTEX_POINT ( 'NONE', #2138 ) ;
#6221 = ORIENTED_EDGE ( 'NONE', *, *, #8850, .T. ) ;
#6222 = DIRECTION ( 'NONE',  ( -0.8660254037844399289, 0.000000000000000000, 0.4999999999999976685 ) ) ;
#6223 = CARTESIAN_POINT ( 'NONE',  ( 52.23456072936279782, 71.16411944596228523, -23.03695702326926664 ) ) ;
#6224 = CARTESIAN_POINT ( 'NONE',  ( 22.33355912070134153, 63.37520769587720793, -66.68285911089738249 ) ) ;
#6225 = AXIS2_PLACEMENT_3D ( 'NONE', #2556, #7405, #8041 ) ;
#6226 = CARTESIAN_POINT ( 'NONE',  ( -19.90035552566578403, 68.11553659766630631, 62.46842685913570392 ) ) ;
#6227 = DIRECTION ( 'NONE',  ( -1.000000000000000000, 0.000000000000000000, 0.000000000000000000 ) ) ;
#6228 = CIRCLE ( 'NONE', #119, 3.500000000000000444 ) ;
#6229 = AXIS2_PLACEMENT_3D ( 'NONE', #2475, #6051, #3278 ) ;
#6230 = CARTESIAN_POINT ( 'NONE',  ( -40.49048989993165293, 56.69973809397848896, -70.96182734349400789 ) ) ;
#6231 = CARTESIAN_POINT ( 'NONE',  ( -60.23518915044326150, 68.38075147845465551, 11.04543814222986242 ) ) ;
#6232 = AXIS2_PLACEMENT_3D ( 'NONE', #7357, #3189, #4628 ) ;
#6233 = CARTESIAN_POINT ( 'NONE',  ( 39.56207842993109125, 69.06316985497893768, 51.34735251978788995 ) ) ;
#6234 = CARTESIAN_POINT ( 'NONE',  ( -64.99999999999991473, 69.72839117303327328, -17.20050517629264419 ) ) ;
#6235 = AXIS2_PLACEMENT_3D ( 'NONE', #5408, #1250, #4037 ) ;
#6236 = B_SPLINE_CURVE_WITH_KNOTS ( 'NONE', 3,
 ( #7242, #2230, #293, #5635 ),
 .UNSPECIFIED., .F., .F.,
 ( 4, 4 ),
 ( 0.000000000000000000, 0.0004135464275951883026 ),
 .UNSPECIFIED. ) ;
#6237 = CARTESIAN_POINT ( 'NONE',  ( -72.00000000000000000, 71.00000000000000000, 10.50000000000000888 ) ) ;
#6238 = CARTESIAN_POINT ( 'NONE',  ( 64.99999999999998579, 71.00000000000000000, -7.000000000000005329 ) ) ;
#6239 = CARTESIAN_POINT ( 'NONE',  ( 19.72388617156806490, 67.84252944039390343, -62.20625838209306124 ) ) ;
#6240 = CARTESIAN_POINT ( 'NONE',  ( 44.77554707645953869, 66.83697915471802276, 44.55197465329086270 ) ) ;
#6241 = ORIENTED_EDGE ( 'NONE', *, *, #967, .F. ) ;
#6242 = ORIENTED_EDGE ( 'NONE', *, *, #1066, .T. ) ;
#6243 = CARTESIAN_POINT ( 'NONE',  ( -17.60392555940470416, 69.72839117303327328, -64.89190383413483687 ) ) ;
#6244 = EDGE_LOOP ( 'NONE', ( #334, #3767, #3968, #3970 ) ) ;
#6245 = FACE_OUTER_BOUND ( 'NONE', #2274, .T. ) ;
#6246 = CARTESIAN_POINT ( 'NONE',  ( 44.94251381715382365, 72.88786985815603714, -34.14467543676071415 ) ) ;
#6247 = CARTESIAN_POINT ( 'NONE',  ( -60.97048025357695877, 66.83309344415620501, 16.50072612793134397 ) ) ;
#6248 = VECTOR ( 'NONE', #4827, 1000.000000000000114 ) ;
#6249 = EDGE_CURVE ( 'NONE', #4999, #8946, #4901, .T. ) ;
#6250 = CARTESIAN_POINT ( 'NONE',  ( 33.80567340074319560, 82.24425109057912664, -17.29150731879271774 ) ) ;
#6251 = CONICAL_SURFACE ( 'NONE', #5962, 2.499999999999994227, 1.029744258676653867 ) ;
#6252 = AXIS2_PLACEMENT_3D ( 'NONE', #2131, #8392, #5692 ) ;
#6253 = EDGE_CURVE ( 'NONE', #6435, #13, #2726, .T. ) ;
#6254 = CARTESIAN_POINT ( 'NONE',  ( 16.63872370370972575, 66.12567138047681681, 61.80628083038682519 ) ) ;
#6255 = EDGE_LOOP ( 'NONE', ( #6621, #6418, #152, #1775, #7414 ) ) ;
#6256 = CARTESIAN_POINT ( 'NONE',  ( 64.89535547324332754, 69.51517159522333600, -14.00000000000000000 ) ) ;
#6257 = VECTOR ( 'NONE', #3864, 1000.000000000000000 ) ;
#6258 = CARTESIAN_POINT ( 'NONE',  ( 20.25000000000000355, 85.56084588387216172, 2.479909768273391089E-15 ) ) ;
#6259 = ORIENTED_EDGE ( 'NONE', *, *, #1595, .T. ) ;
#6260 = AXIS2_PLACEMENT_3D ( 'NONE', #8680, #5245, #8857 ) ;
#6261 = CARTESIAN_POINT ( 'NONE',  ( 60.25898069980997462, 69.04912902144069164, 1.380269307963181369 ) ) ;
#6262 = ORIENTED_EDGE ( 'NONE', *, *, #879, .T. ) ;
#6263 = CARTESIAN_POINT ( 'NONE',  ( 66.83987982525103178, 65.53555765176808734, 14.00000000000000178 ) ) ;
#6264 = DIRECTION ( 'NONE',  ( 0.5000000000000041078, -0.000000000000000000, -0.8660254037844363761 ) ) ;
#6265 = CARTESIAN_POINT ( 'NONE',  ( -60.07291266399119678, 67.51887975670250341, 16.50756627583225011 ) ) ;
#6266 = EDGE_CURVE ( 'NONE', #7854, #6062, #4781, .T. ) ;
#6267 = CARTESIAN_POINT ( 'NONE',  ( -40.66996739006177819, 56.69997325868287419, 70.85821620115626729 ) ) ;
#6268 = ORIENTED_EDGE ( 'NONE', *, *, #5284, .T. ) ;
#6269 = CARTESIAN_POINT ( 'NONE',  ( 31.28572573259913980, 81.84526917168646776, -23.42353341952182788 ) ) ;
#6270 = CARTESIAN_POINT ( 'NONE',  ( -18.72345348080522953, 62.25354003921474799, 65.33753323871283669 ) ) ;
#6271 = ADVANCED_FACE ( 'NONE', ( #1996 ), #7123, .F. ) ;
#6272 = CARTESIAN_POINT ( 'NONE',  ( -25.99174343502626172, 45.99999999999999289, -73.01902020676067195 ) ) ;
#6273 = FACE_OUTER_BOUND ( 'NONE', #571, .T. ) ;
#6274 = DIRECTION ( 'NONE',  ( 0.000000000000000000, 0.000000000000000000, 1.000000000000000000 ) ) ;
#6275 = ORIENTED_EDGE ( 'NONE', *, *, #4411, .T. ) ;
#6276 = ORIENTED_EDGE ( 'NONE', *, *, #1352, .F. ) ;
#6277 = DIRECTION ( 'NONE',  ( 0.000000000000000000, 0.000000000000000000, -1.000000000000000000 ) ) ;
#6278 = DIRECTION ( 'NONE',  ( -0.000000000000000000, -1.000000000000000000, -0.000000000000000000 ) ) ;
#6279 = VECTOR ( 'NONE', #5048, 999.9999999999998863 ) ;
#6280 = CARTESIAN_POINT ( 'NONE',  ( 21.88430766970801145, 51.58051168082997862, -70.62493731268078534 ) ) ;
#6281 = CARTESIAN_POINT ( 'NONE',  ( 62.85995339676189531, 67.36036662748426807, -14.31145289357714567 ) ) ;
#6282 = CARTESIAN_POINT ( 'NONE',  ( -72.76735885100671908, 48.47812969211376100, 16.20386366007829793 ) ) ;
#6283 = CARTESIAN_POINT ( 'NONE',  ( 9.515505629374934896E-15, 0.000000000000000000, 77.70000000000000284 ) ) ;
#6284 = CARTESIAN_POINT ( 'NONE',  ( 27.77275866404719906, 71.00000000000000000, 67.10382907247984008 ) ) ;
#6285 = CARTESIAN_POINT ( 'NONE',  ( 15.80513287229709540, 67.42165079097325986, -60.38848733625282250 ) ) ;
#6286 = CARTESIAN_POINT ( 'NONE',  ( -60.73010771166396893, 67.21757477858389507, -15.90223487972846428 ) ) ;
#6287 = LINE ( 'NONE', #4964, #5502 ) ;
#6288 = CARTESIAN_POINT ( 'NONE',  ( 20.03676003144520479, 70.32645668455866428, -63.48730619680861764 ) ) ;
#6289 = CARTESIAN_POINT ( 'NONE',  ( -17.90883459806984135, 63.85246432331294386, 63.95956714160048762 ) ) ;
#6290 = CARTESIAN_POINT ( 'NONE',  ( 48.83536413121892394, 46.94028658334366355, 56.58533188131641367 ) ) ;
#6291 = ORIENTED_EDGE ( 'NONE', *, *, #3762, .T. ) ;
#6292 = ORIENTED_EDGE ( 'NONE', *, *, #346, .T. ) ;
#6293 = CARTESIAN_POINT ( 'NONE',  ( -24.04553583802501038, 68.77445268785521648, -55.68712641609763381 ) ) ;
#6294 = ORIENTED_EDGE ( 'NONE', *, *, #5151, .T. ) ;
#6295 = LINE ( 'NONE', #8419, #4760 ) ;
#6296 = CARTESIAN_POINT ( 'NONE',  ( -81.64558644222918815, 52.47855144057975707, -2.982312307275722496 ) ) ;
#6297 = DIRECTION ( 'NONE',  ( -0.000000000000000000, -1.000000000000000000, 0.000000000000000000 ) ) ;
#6298 = CARTESIAN_POINT ( 'NONE',  ( 44.09533867024714482, 76.66144602643962003, -13.83203371371330803 ) ) ;
#6299 = CARTESIAN_POINT ( 'NONE',  ( 20.41138059579242281, 68.36078836301911110, 57.76826457593716668 ) ) ;
#6300 = VERTEX_POINT ( 'NONE', #6904 ) ;
#6301 = CARTESIAN_POINT ( 'NONE',  ( 64.67147808505578155, 68.93822299895373362, -14.00000000000000000 ) ) ;
#6302 = CARTESIAN_POINT ( 'NONE',  ( -49.95075453673879196, 53.31457523385763153, -53.77505582260462802 ) ) ;
#6303 = ORIENTED_EDGE ( 'NONE', *, *, #8039, .T. ) ;
#6304 = FACE_OUTER_BOUND ( 'NONE', #4216, .T. ) ;
#6305 = ORIENTED_EDGE ( 'NONE', *, *, #7244, .F. ) ;
#6306 = CARTESIAN_POINT ( 'NONE',  ( 75.35567716728735377, 50.61866292743543738, 14.00000000000000178 ) ) ;
#6307 = CARTESIAN_POINT ( 'NONE',  ( -72.92990762247323744, 57.39959067743480148, 14.00000000000000178 ) ) ;
#6308 = CARTESIAN_POINT ( 'NONE',  ( -43.19165744167721499, 55.09348949844027032, 69.34971835214422242 ) ) ;
#6309 = ORIENTED_EDGE ( 'NONE', *, *, #5987, .T. ) ;
#6310 = CARTESIAN_POINT ( 'NONE',  ( 46.99434599800301271, 77.28338143084316414, -14.98621586903444047 ) ) ;
#6311 = CARTESIAN_POINT ( 'NONE',  ( 0.000000000000000000, 49.00000000000000000, 0.000000000000000000 ) ) ;
#6312 = DIRECTION ( 'NONE',  ( -0.8660254037844397068, 0.000000000000000000, 0.4999999999999979461 ) ) ;
#6313 = ADVANCED_FACE ( 'NONE', ( #664 ), #4756, .F. ) ;
#6314 = CARTESIAN_POINT ( 'NONE',  ( 49.66598055739722639, 51.79954327709440065, -58.02400173313932186 ) ) ;
#6315 = CARTESIAN_POINT ( 'NONE',  ( -18.17181231038301803, 67.97768854755391033, 59.04544239513655413 ) ) ;
#6316 = ORIENTED_EDGE ( 'NONE', *, *, #955, .F. ) ;
#6317 = CARTESIAN_POINT ( 'NONE',  ( 72.32922377359081167, 65.71575228053563933, -2.524614531562005443E-14 ) ) ;
#6318 = CARTESIAN_POINT ( 'NONE',  ( 49.83937475237090098, 50.33153266396304559, -58.32432928857115684 ) ) ;
#6319 = CARTESIAN_POINT ( 'NONE',  ( 43.00104735866896277, 55.43873549984596139, -69.46806876215447346 ) ) ;
#6320 = LINE ( 'NONE', #2232, #3 ) ;
#6321 = EDGE_CURVE ( 'NONE', #3173, #4027, #3451, .T. ) ;
#6322 = CARTESIAN_POINT ( 'NONE',  ( 41.02764745042779992, 68.14015830570825472, -18.26135362625990766 ) ) ;
#6323 = CARTESIAN_POINT ( 'NONE',  ( -39.03108891324539798, 71.00000000000000000, -60.60382907247966955 ) ) ;
#6324 = CARTESIAN_POINT ( 'NONE',  ( 40.29805823222757510, 73.45470887770510160, -34.55820325606698162 ) ) ;
#6325 = CARTESIAN_POINT ( 'NONE',  ( 37.87945403847701442, 68.50409903061287764, 51.27648204720650682 ) ) ;
#6326 = EDGE_CURVE ( 'NONE', #66, #3484, #6864, .T. ) ;
#6327 = CARTESIAN_POINT ( 'NONE',  ( 36.38537941636861461, 71.00000000002408740, 54.02132580182247068 ) ) ;
#6328 = EDGE_CURVE ( 'NONE', #2560, #7392, #7694, .T. ) ;
#6329 = CIRCLE ( 'NONE', #3568, 3.500000000000002665 ) ;
#6330 = CARTESIAN_POINT ( 'NONE',  ( 49.75156400714101324, 47.27665630569252642, -56.16563867364570939 ) ) ;
#6331 = ORIENTED_EDGE ( 'NONE', *, *, #62, .T. ) ;
#6332 = CARTESIAN_POINT ( 'NONE',  ( -38.58650034856385957, 68.62721756489254687, -51.23049208037883062 ) ) ;
#6333 = CARTESIAN_POINT ( 'NONE',  ( -18.11047266504728626, 63.45883282103224587, 64.30068774965410228 ) ) ;
#6334 = DIRECTION ( 'NONE',  ( 0.8660254037844318242, 0.000000000000000000, 0.5000000000000116573 ) ) ;
#6335 = EDGE_LOOP ( 'NONE', ( #7689, #2908, #3847, #5061 ) ) ;
#6336 = VERTEX_POINT ( 'NONE', #621 ) ;
#6337 = CARTESIAN_POINT ( 'NONE',  ( 63.44420521417725212, 68.53356777737464256, -7.416188084997835439 ) ) ;
#6338 = VERTEX_POINT ( 'NONE', #2685 ) ;
#6339 = CARTESIAN_POINT ( 'NONE',  ( 41.00000000000033396, 53.49999999999999289, -71.01408311032378151 ) ) ;
#6340 = CARTESIAN_POINT ( 'NONE',  ( -81.63965085961430646, 53.49999999999999289, -3.139650859614323775 ) ) ;
#6341 = LINE ( 'NONE', #9003, #7974 ) ;
#6342 = CARTESIAN_POINT ( 'NONE',  ( 34.28904333907835422, 82.17449575671813022, -16.76445582623483332 ) ) ;
#6343 = CARTESIAN_POINT ( 'NONE',  ( 21.08284758731781849, 65.95929522014517943, 64.51656318946662338 ) ) ;
#6344 = ORIENTED_EDGE ( 'NONE', *, *, #7851, .T. ) ;
#6345 = VECTOR ( 'NONE', #3523, 1000.000000000000000 ) ;
#6346 = DIRECTION ( 'NONE',  ( -0.000000000000000000, -1.000000000000000000, -0.000000000000000000 ) ) ;
#6347 = FACE_OUTER_BOUND ( 'NONE', #262, .T. ) ;
#6348 = ORIENTED_EDGE ( 'NONE', *, *, #5142, .F. ) ;
#6349 = CARTESIAN_POINT ( 'NONE',  ( -60.22074172699917938, 67.97720696297915310, -13.78782687339720958 ) ) ;
#6350 = ORIENTED_EDGE ( 'NONE', *, *, #5473, .T. ) ;
#6351 = CARTESIAN_POINT ( 'NONE',  ( 67.01606875057940726, 61.76078178284110010, 13.99999999999793054 ) ) ;
#6352 = CARTESIAN_POINT ( 'NONE',  ( 60.20053056545826564, 67.42165079097325986, 16.50659709052886370 ) ) ;
#6353 = ORIENTED_EDGE ( 'NONE', *, *, #202, .T. ) ;
#6354 = CARTESIAN_POINT ( 'NONE',  ( -50.24045474099140307, 45.99999999999999289, 59.01902020676000404 ) ) ;
#6355 = CIRCLE ( 'NONE', #947, 2.499999999999999556 ) ;
#6356 = CARTESIAN_POINT ( 'NONE',  ( -43.53884283324763516, 53.70663634891992899, 69.13218617071039773 ) ) ;
#6357 = EDGE_LOOP ( 'NONE', ( #1524, #8178, #943, #5853, #7519, #4345, #8441, #170, #6679, #1247, #3352, #6132 ) ) ;
#6358 = CARTESIAN_POINT ( 'NONE',  ( 31.35529578470852030, 81.97657355450692762, -22.72316392215029879 ) ) ;
#6359 = CARTESIAN_POINT ( 'NONE',  ( -39.39711431702984612, 71.00000000000000000, -59.23780366869522851 ) ) ;
#6360 = CARTESIAN_POINT ( 'NONE',  ( -26.42528189877215183, 68.65059679230793677, 58.03173960813015242 ) ) ;
#6361 = CARTESIAN_POINT ( 'NONE',  ( 64.34502725870832762, 63.85246432331888400, -16.47027785670918476 ) ) ;
#6362 = CARTESIAN_POINT ( 'NONE',  ( 49.35926406873576155, 56.03426478453663151, -52.70711939045875027 ) ) ;
#6363 = DIRECTION ( 'NONE',  ( 0.5000000000000101030, 0.000000000000000000, -0.8660254037844328234 ) ) ;
#6364 = VERTEX_POINT ( 'NONE', #3407 ) ;
#6365 = VERTEX_POINT ( 'NONE', #3317 ) ;
#6366 = CARTESIAN_POINT ( 'NONE',  ( -27.77275866404767157, 71.00000000000000000, -67.10382907247965534 ) ) ;
#6367 = CARTESIAN_POINT ( 'NONE',  ( 43.00129880641404156, 51.56152868854803728, -69.46791405558172983 ) ) ;
#6368 = CARTESIAN_POINT ( 'NONE',  ( 42.21650147140262277, 56.26911936213080168, -69.94773838848141168 ) ) ;
#6369 = CARTESIAN_POINT ( 'NONE',  ( -18.51827132324322989, 67.19864738945641136, 61.27650245578068677 ) ) ;
#6370 = B_SPLINE_CURVE_WITH_KNOTS ( 'NONE', 3,
 ( #8044, #7364, #1130, #3921, #2870, #6286, #5645, #7666, #6188, #2824, #1359, #8310, #8263, #8403, #5552, #31, #3453, #1453 ),
 .UNSPECIFIED., .F., .F.,
 ( 4, 2, 2, 2, 2, 2, 2, 2, 4 ),
 ( -1.082020055210793705E-05, 0.0002984106444301931659, 0.0006076414894124942739, 0.001226103179377110259, 0.002463026559306318378, 0.003081488249270931869, 0.003699949939235527580, 0.004318411629200123725, 0.004936873319164719436 ),
 .UNSPECIFIED. ) ;
#6371 = CARTESIAN_POINT ( 'NONE',  ( 37.54723212225739104, 67.13392243348074828, -28.24546008055508395 ) ) ;
#6372 = EDGE_CURVE ( 'NONE', #5717, #7459, #5550, .T. ) ;
#6373 = ADVANCED_FACE ( 'NONE', ( #2090 ), #8939, .F. ) ;
#6374 = B_SPLINE_CURVE_WITH_KNOTS ( 'NONE', 3,
 ( #1703, #2297, #8558, #3660, #279, #1560, #1658, #5710, #915, #5752, #8605, #143, #6519, #5199, #1615, #7957 ),
 .UNSPECIFIED., .F., .F.,
 ( 4, 2, 2, 2, 2, 2, 2, 4 ),
 ( 0.000000000000000000, 0.002922268352081773459, 0.005844536704163546918, 0.008766805056245319944, 0.01168907340832709384, 0.01753361011249066070, 0.02045587846457245368, 0.02337814681665426053 ),
 .UNSPECIFIED. ) ;
#6375 = DIRECTION ( 'NONE',  ( -0.8660254037844407060, 0.000000000000000000, 0.4999999999999963918 ) ) ;
#6376 = CARTESIAN_POINT ( 'NONE',  ( 36.82207245037212573, 77.07793368173535953, -33.38362776570519230 ) ) ;
#6377 = CARTESIAN_POINT ( 'NONE',  ( 0.000000000000000000, 46.00000000000000000, -81.70000000000000284 ) ) ;
#6378 = CARTESIAN_POINT ( 'NONE',  ( -60.25898069983629313, 69.04912902142196174, -1.380269307963183145 ) ) ;
#6379 = CARTESIAN_POINT ( 'NONE',  ( 22.35048501412342148, 48.47834918484082323, 71.12035744944439841 ) ) ;
#6380 = CARTESIAN_POINT ( 'NONE',  ( -36.75107577378430079, 53.49999999999999289, -63.65473047300844200 ) ) ;
#6381 = CONICAL_SURFACE ( 'NONE', #7960, 3.500000000000005773, 0.7853981633974482790 ) ;
#6382 = EDGE_CURVE ( 'NONE', #732, #4723, #1403, .T. ) ;
#6383 = LINE ( 'NONE', #5836, #6184 ) ;
#6384 = TOROIDAL_SURFACE ( 'NONE', #8969, 77.50708379720883556, 3.000000000000000000 ) ;
#6385 = CARTESIAN_POINT ( 'NONE',  ( -19.74746494593022206, 68.39397752114253137, 62.20361260703511874 ) ) ;
#6386 = DIRECTION ( 'NONE',  ( -1.000000000000000000, 0.000000000000000000, 0.000000000000000000 ) ) ;
#6387 = ORIENTED_EDGE ( 'NONE', *, *, #842, .T. ) ;
#6388 = CARTESIAN_POINT ( 'NONE',  ( 50.03308624046258046, 46.02785684633894903, -58.65984742795578910 ) ) ;
#6389 = ORIENTED_EDGE ( 'NONE', *, *, #4308, .T. ) ;
#6390 = TOROIDAL_SURFACE ( 'NONE', #8248, 20.25000000000000355, 2.000000000000000000 ) ;
#6391 = DIRECTION ( 'NONE',  ( -1.000000000000000000, 0.000000000000000000, 0.000000000000000000 ) ) ;
#6392 = CARTESIAN_POINT ( 'NONE',  ( -44.07253677412096948, 67.97021128605156548, 48.33587291122376683 ) ) ;
#6393 = CARTESIAN_POINT ( 'NONE',  ( -68.87546675248944439, 58.45755855706296700, 16.41545347049859771 ) ) ;
#6394 = CARTESIAN_POINT ( 'NONE',  ( 40.11009381049962030, 78.13754308189922426, -13.71393949731540296 ) ) ;
#6395 = CARTESIAN_POINT ( 'NONE',  ( 42.21591769870731525, 67.94542186845801268, 45.16222943552123326 ) ) ;
#6396 = ORIENTED_EDGE ( 'NONE', *, *, #5191, .T. ) ;
#6397 = LINE ( 'NONE', #5801, #7483 ) ;
#6398 = CARTESIAN_POINT ( 'NONE',  ( 63.89636224227654537, 67.97021128605156548, 14.00000000000000888 ) ) ;
#6399 = ORIENTED_EDGE ( 'NONE', *, *, #6828, .T. ) ;
#6400 = CARTESIAN_POINT ( 'NONE',  ( -32.55084823174642139, 69.01500649859612224, 50.78644227587346904 ) ) ;
#6401 = AXIS2_PLACEMENT_3D ( 'NONE', #3616, #4340, #4385 ) ;
#6402 = ORIENTED_EDGE ( 'NONE', *, *, #8170, .T. ) ;
#6403 = CARTESIAN_POINT ( 'NONE',  ( 52.39024751483727016, 71.98669608350921578, -18.94307019521556512 ) ) ;
#6404 = CARTESIAN_POINT ( 'NONE',  ( 71.54594170067126413, 53.31457523385764574, 16.37109445571442023 ) ) ;
#6405 = CIRCLE ( 'NONE', #5378, 2.500000000000003109 ) ;
#6406 = ORIENTED_EDGE ( 'NONE', *, *, #7334, .T. ) ;
#6407 = CARTESIAN_POINT ( 'NONE',  ( -63.11538806915007171, 65.00834819740724413, 16.48216696689348382 ) ) ;
#6408 = CARTESIAN_POINT ( 'NONE',  ( 36.00000000000029843, 53.49999999999999289, -62.35382907247942796 ) ) ;
#6409 = ORIENTED_EDGE ( 'NONE', *, *, #6190, .T. ) ;
#6410 = CARTESIAN_POINT ( 'NONE',  ( -43.53884283324762805, 53.49999999999999289, 69.13218617071039773 ) ) ;
#6411 = CARTESIAN_POINT ( 'NONE',  ( 0.000000000000000000, 0.000000000000000000, -66.70000000000000284 ) ) ;
#6412 = AXIS2_PLACEMENT_3D ( 'NONE', #7271, #1080, #6000 ) ;
#6413 = VECTOR ( 'NONE', #234, 999.9999999999998863 ) ;
#6414 = CARTESIAN_POINT ( 'NONE',  ( -24.13526817638785005, 68.78253537071573476, -55.63565121850734130 ) ) ;
#6415 = CARTESIAN_POINT ( 'NONE',  ( 65.54398523580104552, 66.79099053448267398, -14.00000000000001599 ) ) ;
#6416 = CARTESIAN_POINT ( 'NONE',  ( 49.85897346117041451, 50.02349546675423397, -58.35827524797468868 ) ) ;
#6417 = DIRECTION ( 'NONE',  ( -0.8660254037844363761, 0.000000000000000000, -0.5000000000000039968 ) ) ;
#6418 = ORIENTED_EDGE ( 'NONE', *, *, #6565, .F. ) ;
#6419 = ORIENTED_EDGE ( 'NONE', *, *, #8636, .T. ) ;
#6420 = DIRECTION ( 'NONE',  ( 0.000000000000000000, 0.000000000000000000, 1.000000000000000000 ) ) ;
#6421 = CARTESIAN_POINT ( 'NONE',  ( 38.18832477132330894, 54.32309470086470071, -72.22564227140021842 ) ) ;
#6422 = LINE ( 'NONE', #5781, #6279 ) ;
#6423 = CARTESIAN_POINT ( 'NONE',  ( 41.42095714328259248, 64.81778050549112891, -30.02500000000074820 ) ) ;
#6424 = CARTESIAN_POINT ( 'NONE',  ( 36.75107577378386026, 53.49999999999999289, 63.65473047300869780 ) ) ;
#6425 = CARTESIAN_POINT ( 'NONE',  ( -20.96607231806451921, 56.03426478453595649, -69.09993629086061162 ) ) ;
#6426 = CARTESIAN_POINT ( 'NONE',  ( 34.27661759080696413, 75.76913320618355385, -33.98550113669409711 ) ) ;
#6427 = EDGE_CURVE ( 'NONE', #2986, #8176, #5412, .T. ) ;
#6428 = CARTESIAN_POINT ( 'NONE',  ( 38.11869406749917033, 53.91720434316687260, 72.26241562108758387 ) ) ;
#6429 = CARTESIAN_POINT ( 'NONE',  ( -68.87546675248940176, 58.45755855706298831, -16.41545347049860837 ) ) ;
#6430 = CARTESIAN_POINT ( 'NONE',  ( -36.37419453016961768, 70.82197401033181450, -54.00195301065154752 ) ) ;
#6431 = DIRECTION ( 'NONE',  ( 6.938893903907204712E-16, 1.000000000000000000, 1.201851678989729592E-15 ) ) ;
#6432 = ADVANCED_FACE ( 'NONE', ( #583 ), #6744, .F. ) ;
#6433 = ORIENTED_EDGE ( 'NONE', *, *, #3159, .F. ) ;
#6434 = CARTESIAN_POINT ( 'NONE',  ( -28.93414206515117826, 69.04912902142808662, -52.87594274619004153 ) ) ;
#6435 = VERTEX_POINT ( 'NONE', #2083 ) ;
#6436 = CARTESIAN_POINT ( 'NONE',  ( -48.42478646403561982, 51.72162299948441699, -55.87419050136525556 ) ) ;
#6437 = CARTESIAN_POINT ( 'NONE',  ( -29.88455780598251721, 71.45243200156990326, -57.80167750075437283 ) ) ;
#6438 = CARTESIAN_POINT ( 'NONE',  ( 75.41082479041074293, 46.10331087986509147, 14.02123873504438478 ) ) ;
#6439 = EDGE_CURVE ( 'NONE', #4447, #4916, #1994, .T. ) ;
#6440 = CARTESIAN_POINT ( 'NONE',  ( 29.25774091211194872, 80.24045120151069455, -20.56816121202621162 ) ) ;
#6441 = CARTESIAN_POINT ( 'NONE',  ( 17.28371873182299723, 65.00834819740127557, 62.90061292105229995 ) ) ;
#6442 =( BOUNDED_SURFACE ( )  B_SPLINE_SURFACE ( 3, 2, ( 
 ( #1944, #5369, #8124 ),
 ( #4713, #4587, #7439 ),
 ( #7359, #8892, #3315 ),
 ( #6091, #3914, #448 ),
 ( #5325, #2683, #7484 ),
 ( #7088, #5828, #8595 ),
 ( #4409, #7135, #3691 ),
 ( #6464, #2284, #857 ),
 ( #4455, #3647, #5145 ),
 ( #6425, #2967, #5740 ),
 ( #901, #4960, #7721 ),
 ( #1502, #223, #8500 ),
 ( #7044, #5052, #806 ),
 ( #6560, #6641, #4583 ),
 ( #5186, #5279, #8672 ),
 ( #7395, #1169, #3869 ),
 ( #8633, #8033, #1815 ),
 ( #6725, #8113, #395 ),
 ( #481, #2588, #4543 ),
 ( #7996, #7352, #1120 ) ),
 .UNSPECIFIED., .F., .F., .F. ) 
 B_SPLINE_SURFACE_WITH_KNOTS ( ( 4, 2, 2, 2, 2, 2, 2, 2, 2, 4 ),
 ( 3, 3 ),
 ( 0.01252048609958923003, 0.01610381331546554412, 0.01789547692340370116, 0.01968714053134185821, 0.02327046774721817229, 0.02685379496309448985, 0.03402044939484712149, 0.03581211300278527854, 0.03760377661072343558, 0.04118710382659974967 ),
 ( 0.000000000000000000, 1.000000000000000000 ),
 .UNSPECIFIED. ) 
 GEOMETRIC_REPRESENTATION_ITEM ( )  RATIONAL_B_SPLINE_SURFACE ( (
 ( 1.000000000000000000, 0.7806367264523379479, 1.000000000000000000),
 ( 1.000000000000000000, 0.7806525983860252982, 1.000000000000000000),
 ( 1.000000000000000000, 0.7804736193019530255, 1.000000000000000000),
 ( 1.000000000000000000, 0.7799347764559259044, 1.000000000000000000),
 ( 1.000000000000000000, 0.7797094506912839451, 1.000000000000000000),
 ( 1.000000000000000000, 0.7791796795203992376, 1.000000000000000000),
 ( 1.000000000000000000, 0.7788772256531637517, 1.000000000000000000),
 ( 1.000000000000000000, 0.7778777612634508731, 1.000000000000000000),
 ( 1.000000000000000000, 0.7770891790803416965, 1.000000000000000000),
 ( 1.000000000000000000, 0.7753695393479761444, 1.000000000000000000),
 ( 1.000000000000000000, 0.7744333973517893988, 1.000000000000000000),
 ( 1.000000000000000000, 0.7716017430419477297, 1.000000000000000000),
 ( 1.000000000000000000, 0.7696820186715533918, 1.000000000000000000),
 ( 1.000000000000000000, 0.7674401967813526682, 1.000000000000000000),
 ( 1.000000000000000000, 0.7669988342213081012, 1.000000000000000000),
 ( 1.000000000000000000, 0.7661320856137590063, 1.000000000000000000),
 ( 1.000000000000000000, 0.7657059992055134101, 1.000000000000000000),
 ( 1.000000000000000000, 0.7644628963694294344, 1.000000000000000000),
 ( 1.000000000000000000, 0.7636784586031152289, 1.000000000000000000),
 ( 1.000000000000000000, 0.7629366208023407037, 1.000000000000000000) ) ) 
 REPRESENTATION_ITEM ( '' )  SURFACE ( )  );
#6443 = ORIENTED_EDGE ( 'NONE', *, *, #4633, .F. ) ;
#6444 = CARTESIAN_POINT ( 'NONE',  ( -29.43782217350877772, 71.00000000000000000, -64.98780366869520719 ) ) ;
#6445 = VERTEX_POINT ( 'NONE', #5543 ) ;
#6446 = CARTESIAN_POINT ( 'NONE',  ( -22.49316449119759653, 70.76234598752695604, 62.06910042073203471 ) ) ;
#6447 = VERTEX_POINT ( 'NONE', #6858 ) ;
#6448 = CARTESIAN_POINT ( 'NONE',  ( 75.73843383252173567, 48.24151529171869868, 14.00000000000000178 ) ) ;
#6449 = CARTESIAN_POINT ( 'NONE',  ( -29.43782217350877772, 71.00000000000000000, -64.98780366869520719 ) ) ;
#6450 = VERTEX_POINT ( 'NONE', #6940 ) ;
#6451 = CARTESIAN_POINT ( 'NONE',  ( -66.83987982525519556, 65.53555765175977399, 14.00000000000000178 ) ) ;
#6452 = DIRECTION ( 'NONE',  ( 0.8660254037844431485, 0.000000000000000000, -0.4999999999999921174 ) ) ;
#6453 = CARTESIAN_POINT ( 'NONE',  ( 36.84558750324912779, 81.60808131456393255, -14.83360595613112132 ) ) ;
#6454 = CARTESIAN_POINT ( 'NONE',  ( -28.93748899668748820, 69.04875912864970644, -52.87399526674015249 ) ) ;
#6455 = CARTESIAN_POINT ( 'NONE',  ( 47.50592715600172511, 56.26540278044072352, -54.28267949494220090 ) ) ;
#6456 = CARTESIAN_POINT ( 'NONE',  ( -25.99174343502626172, 45.99999999999999289, -73.01902020676067195 ) ) ;
#6457 = ORIENTED_EDGE ( 'NONE', *, *, #4525, .F. ) ;
#6458 = FACE_OUTER_BOUND ( 'NONE', #4932, .T. ) ;
#6459 = CARTESIAN_POINT ( 'NONE',  ( 48.65393309633746810, 58.45755855706296700, 51.44017716991749012 ) ) ;
#6460 = CARTESIAN_POINT ( 'NONE',  ( -75.81703671462719285, 45.85812873523628497, -14.00000000000001243 ) ) ;
#6461 = CARTESIAN_POINT ( 'NONE',  ( -18.25000000000000000, 96.99999999999998579, 0.000000000000000000 ) ) ;
#6462 = LINE ( 'NONE', #219, #6950 ) ;
#6463 = CYLINDRICAL_SURFACE ( 'NONE', #2746, 2.500000000000005329 ) ;
#6464 = CARTESIAN_POINT ( 'NONE',  ( -21.63939982123132211, 53.09967776846032450, -70.21941952555881983 ) ) ;
#6465 = CARTESIAN_POINT ( 'NONE',  ( 36.31711812507957404, 74.75106300893429534, -35.05389759226630275 ) ) ;
#6466 =( BOUNDED_CURVE ( )  B_SPLINE_CURVE ( 3, ( #2211, #4985, #1523, #600 ),
 .UNSPECIFIED., .F., .F. ) 
 B_SPLINE_CURVE_WITH_KNOTS ( ( 4, 4 ),
 ( 3.773877097876503939, 4.441853286942891721 ),
 .UNSPECIFIED. ) 
 CURVE ( )  GEOMETRIC_REPRESENTATION_ITEM ( )  RATIONAL_B_SPLINE_CURVE ( ( 1.000000000000000000, 0.9631616729203271721, 0.9631616729203271721, 1.000000000000000000 ) ) 
 REPRESENTATION_ITEM ( '' )  );
#6467 = CARTESIAN_POINT ( 'NONE',  ( 39.62998394765313748, 56.37091646508516618, 71.44501930189511540 ) ) ;
#6468 = DIRECTION ( 'NONE',  ( -0.000000000000000000, -1.000000000000000000, -0.000000000000000000 ) ) ;
#6469 = EDGE_LOOP ( 'NONE', ( #5926, #2100, #6259, #3840 ) ) ;
#6470 = EDGE_CURVE ( 'NONE', #8331, #7630, #3489, .T. ) ;
#6471 = CARTESIAN_POINT ( 'NONE',  ( -25.78371086761871567, 47.11467724965588388, 72.65869723037964434 ) ) ;
#6472 = CARTESIAN_POINT ( 'NONE',  ( -21.88430766971453423, 51.58051168082873517, 70.62493731267916530 ) ) ;
#6473 = CARTESIAN_POINT ( 'NONE',  ( 81.68819756500846552, 50.62897481804274236, 1.401626988582490796 ) ) ;
#6474 = ORIENTED_EDGE ( 'NONE', *, *, #4980, .T. ) ;
#6475 = EDGE_CURVE ( 'NONE', #7902, #6074, #8847, .T. ) ;
#6476 = CARTESIAN_POINT ( 'NONE',  ( 26.43782217350836916, 71.00000000000000000, 59.79165124598874570 ) ) ;
#6477 = ORIENTED_EDGE ( 'NONE', *, *, #2368, .T. ) ;
#6478 = CARTESIAN_POINT ( 'NONE',  ( -75.42973034920575515, 50.33324878643517053, 14.00000000000003375 ) ) ;
#6479 = CARTESIAN_POINT ( 'NONE',  ( -45.09326673973647814, 71.00000000000000000, -57.10382907247967665 ) ) ;
#6480 = CARTESIAN_POINT ( 'NONE',  ( 49.63021311722411610, 46.48927249478057178, 57.36606867313244607 ) ) ;
#6481 = CARTESIAN_POINT ( 'NONE',  ( 31.26213641409632871, 81.67173040577931431, -24.22671013820151131 ) ) ;
#6482 = CARTESIAN_POINT ( 'NONE',  ( 87.00000000000000000, 46.00000000000000000, 0.000000000000000000 ) ) ;
#6483 = EDGE_CURVE ( 'NONE', #777, #723, #8920, .T. ) ;
#6484 = ORIENTED_EDGE ( 'NONE', *, *, #2157, .T. ) ;
#6485 = B_SPLINE_CURVE_WITH_KNOTS ( 'NONE', 3,
 ( #3463, #2882, #1369, #7010, #4141, #726, #4190, #5659, #3517, #772 ),
 .UNSPECIFIED., .F., .F.,
 ( 4, 2, 2, 2, 4 ),
 ( 0.000000000000000000, 0.0006175157415189905371, 0.001235031483037981074, 0.001852547224556971503, 0.002470062966075962149 ),
 .UNSPECIFIED. ) ;
#6486 = CARTESIAN_POINT ( 'NONE',  ( 29.93782217350923602, 71.00000000000000000, -65.85382907247945639 ) ) ;
#6487 = CARTESIAN_POINT ( 'NONE',  ( -23.87564434701769400, 0.000000000000000000, -69.35382907247964113 ) ) ;
#6488 = ORIENTED_EDGE ( 'NONE', *, *, #7334, .F. ) ;
#6489 = CARTESIAN_POINT ( 'NONE',  ( -60.25778334587434415, 69.01529260138786981, -2.774591182591630734 ) ) ;
#6490 = ORIENTED_EDGE ( 'NONE', *, *, #8465, .F. ) ;
#6491 = CARTESIAN_POINT ( 'NONE',  ( -40.72500282037905350, 70.78512895719381959, 51.54294365355710283 ) ) ;
#6492 = CARTESIAN_POINT ( 'NONE',  ( -43.05682317192168540, 69.87390944627894385, -46.57660534627761706 ) ) ;
#6493 = ORIENTED_EDGE ( 'NONE', *, *, #7573, .F. ) ;
#6494 = CARTESIAN_POINT ( 'NONE',  ( 42.06217782649135017, 71.00000000000000000, -58.85382907247939244 ) ) ;
#6495 = CARTESIAN_POINT ( 'NONE',  ( 46.08568594239000760, 65.35062411553907680, -20.06870546570859659 ) ) ;
#6496 = LINE ( 'NONE', #1720, #6825 ) ;
#6497 = DIRECTION ( 'NONE',  ( 0.9998476951563913806, 1.049727191138618572E-16, -0.01745240643727946628 ) ) ;
#6498 = CARTESIAN_POINT ( 'NONE',  ( 72.24456889368387635, 51.06858755565750130, -16.35727458311503568 ) ) ;
#6499 = EDGE_CURVE ( 'NONE', #6016, #7655, #3950, .T. ) ;
#6500 = CARTESIAN_POINT ( 'NONE',  ( 44.65336037524992463, 63.77279572263394414, -49.34188889862306837 ) ) ;
#6501 = CARTESIAN_POINT ( 'NONE',  ( 0.000000000000000000, 48.61675045524525984, 0.000000000000000000 ) ) ;
#6502 = ORIENTED_EDGE ( 'NONE', *, *, #2810, .T. ) ;
#6503 = CARTESIAN_POINT ( 'NONE',  ( -73.50215154756890001, 53.49999999999999289, -2.499999999999995115 ) ) ;
#6504 = CARTESIAN_POINT ( 'NONE',  ( 38.66136068420318850, 55.43991810568329726, -71.97361924048394144 ) ) ;
#6505 = VERTEX_POINT ( 'NONE', #3166 ) ;
#6506 = DIRECTION ( 'NONE',  ( 0.8660254037844328234, 0.000000000000000000, 0.5000000000000101030 ) ) ;
#6507 = CARTESIAN_POINT ( 'NONE',  ( 24.34980051973129278, 70.09640354703707033, -60.84935066625932620 ) ) ;
#6508 = VECTOR ( 'NONE', #1103, 999.9999999999998863 ) ;
#6509 = ORIENTED_EDGE ( 'NONE', *, *, #7847, .T. ) ;
#6510 = CARTESIAN_POINT ( 'NONE',  ( -40.72705798936012656, 70.96746529199602094, 51.54175710119264409 ) ) ;
#6511 = CARTESIAN_POINT ( 'NONE',  ( 38.29915816500273706, 74.38503999092334595, -34.07356310068540495 ) ) ;
#6512 = CARTESIAN_POINT ( 'NONE',  ( 43.45527891038130264, 54.32212952632906422, 69.18475466459265988 ) ) ;
#6513 = DIRECTION ( 'NONE',  ( 0.4999999999999919509, 0.000000000000000000, 0.8660254037844432595 ) ) ;
#6514 = CARTESIAN_POINT ( 'NONE',  ( -12.12435565298206086, 0.000000000000000000, -7.000000000000141220 ) ) ;
#6515 = DIRECTION ( 'NONE',  ( -0.000000000000000000, -1.000000000000000000, -0.000000000000000000 ) ) ;
#6516 = CARTESIAN_POINT ( 'NONE',  ( 0.000000000000000000, 80.99999999999998579, 14.00000000000000000 ) ) ;
#6517 = PLANE ( 'NONE',  #7530 ) ;
#6518 = CARTESIAN_POINT ( 'NONE',  ( -44.54158383167560942, 69.32011107992944687, 49.14828624604908214 ) ) ;
#6519 = CARTESIAN_POINT ( 'NONE',  ( -17.31940965859742576, 64.95410340582363062, -62.96134323615264350 ) ) ;
#6520 = CARTESIAN_POINT ( 'NONE',  ( 50.07335748939097186, 47.93259350557801213, 55.43213497158033221 ) ) ;
#6521 = VECTOR ( 'NONE', #7774, 1000.000000000000000 ) ;
#6522 = CARTESIAN_POINT ( 'NONE',  ( 32.08799181080326690, 82.29605172310806438, -20.03605315319161662 ) ) ;
#6523 = ADVANCED_FACE ( 'NONE', ( #5126 ), #5936, .T. ) ;
#6524 = CARTESIAN_POINT ( 'NONE',  ( -39.89711431703067035, 71.00000000000000000, 60.10382907247911533 ) ) ;
#6525 = EDGE_CURVE ( 'NONE', #6107, #3121, #8573, .T. ) ;
#6526 = CARTESIAN_POINT ( 'NONE',  ( -42.06217782649175518, 71.00000000000000000, 58.85382907247908690 ) ) ;
#6527 = VECTOR ( 'NONE', #3757, 1000.000000000000000 ) ;
#6528 = DIRECTION ( 'NONE',  ( -0.8660254037844361541, 0.000000000000000000, -0.5000000000000041078 ) ) ;
#6529 = CARTESIAN_POINT ( 'NONE',  ( -38.10080802636733210, 53.49999999999999289, -72.27183703032532947 ) ) ;
#6530 = ORIENTED_EDGE ( 'NONE', *, *, #4810, .F. ) ;
#6531 = CARTESIAN_POINT ( 'NONE',  ( -38.33428291162466905, 65.37143774606030888, 52.92322643642695823 ) ) ;
#6532 = ORIENTED_EDGE ( 'NONE', *, *, #1170, .F. ) ;
#6533 = CARTESIAN_POINT ( 'NONE',  ( 49.55908648501448255, 74.13786398998955463, -14.81858554215912882 ) ) ;
#6534 = EDGE_CURVE ( 'NONE', #382, #2634, #2911, .T. ) ;
#6535 = FACE_OUTER_BOUND ( 'NONE', #4992, .T. ) ;
#6536 = CARTESIAN_POINT ( 'NONE',  ( 65.94569034573784450, 62.25354003921476220, 16.45378025840366121 ) ) ;
#6537 = ADVANCED_FACE ( 'NONE', ( #6535 ), #3214, .F. ) ;
#6538 = EDGE_LOOP ( 'NONE', ( #1020, #3287 ) ) ;
#6539 = CARTESIAN_POINT ( 'NONE',  ( 29.88194177442232657, 71.45227402772209757, -57.80318786727993086 ) ) ;
#6540 = CARTESIAN_POINT ( 'NONE',  ( 43.63966118738609623, 66.92035082085034503, -18.51182794878259941 ) ) ;
#6541 = AXIS2_PLACEMENT_3D ( 'NONE', #1335, #4696, #514 ) ;
#6542 = CARTESIAN_POINT ( 'NONE',  ( 49.87731569815980492, 75.27341127633346218, -17.42601029498166909 ) ) ;
#6543 = DIRECTION ( 'NONE',  ( 8.659560562354947649E-17, 0.7071067811865464625, -0.7071067811865486830 ) ) ;
#6544 = VECTOR ( 'NONE', #6312, 1000.000000000000114 ) ;
#6545 = CARTESIAN_POINT ( 'NONE',  ( 75.73843383252174988, 48.24151529171869868, -13.99999999999996092 ) ) ;
#6546 = DIRECTION ( 'NONE',  ( -0.5000000000000101030, -0.000000000000000000, 0.8660254037844328234 ) ) ;
#6547 = AXIS2_PLACEMENT_3D ( 'NONE', #3962, #4000, #4715 ) ;
#6548 = CARTESIAN_POINT ( 'NONE',  ( -72.71679280154886271, 48.61675045524525984, -16.34738703895267875 ) ) ;
#6549 = ORIENTED_EDGE ( 'NONE', *, *, #8131, .T. ) ;
#6550 = CARTESIAN_POINT ( 'NONE',  ( -75.81746117496030024, 46.02785684633895613, 14.00000000000000000 ) ) ;
#6551 = EDGE_CURVE ( 'NONE', #5862, #630, #6236, .T. ) ;
#6552 = CARTESIAN_POINT ( 'NONE',  ( -63.40701041271611871, 65.33113625351140286, -13.99999999999896616 ) ) ;
#6553 = CARTESIAN_POINT ( 'NONE',  ( -44.62435565298271456, 0.000000000000000000, 49.29165124598798542 ) ) ;
#6554 = AXIS2_PLACEMENT_3D ( 'NONE', #1551, #7092, #5054 ) ;
#6555 = EDGE_CURVE ( 'NONE', #2622, #4262, #4942, .T. ) ;
#6556 = CARTESIAN_POINT ( 'NONE',  ( 28.05037708600532298, 69.70509232733361671, -58.29636633301922188 ) ) ;
#6557 = CIRCLE ( 'NONE', #7691, 77.70000000000000284 ) ;
#6558 = ORIENTED_EDGE ( 'NONE', *, *, #933, .T. ) ;
#6559 = CYLINDRICAL_SURFACE ( 'NONE', #1276, 2.499999999999998668 ) ;
#6560 = CARTESIAN_POINT ( 'NONE',  ( -18.11047266504242259, 63.45883282103703493, -64.30068774965083378 ) ) ;
#6561 = CARTESIAN_POINT ( 'NONE',  ( 43.08789949551542975, 71.79853008293579819, -35.80509258132554606 ) ) ;
#6562 = CARTESIAN_POINT ( 'NONE',  ( -81.69919968829844947, 56.67896480570274065, 0.4144905801805651158 ) ) ;
#6563 = CARTESIAN_POINT ( 'NONE',  ( 50.51564886200418414, 48.61675045524525984, -54.80089632839413838 ) ) ;
#6564 = CARTESIAN_POINT ( 'NONE',  ( -72.58857721167626664, 49.58324814417437665, -16.35013874407907863 ) ) ;
#6565 = EDGE_CURVE ( 'NONE', #798, #95, #8266, .T. ) ;
#6566 = PLANE ( 'NONE',  #7528 ) ;
#6567 = DIRECTION ( 'NONE',  ( -0.8660254037844399289, 0.000000000000000000, 0.4999999999999976685 ) ) ;
#6568 = CARTESIAN_POINT ( 'NONE',  ( 12.12435565298206974, 60.99999999999988631, 7.000000000000131450 ) ) ;
#6569 = CARTESIAN_POINT ( 'NONE',  ( -25.26247898932397007, 68.87759478922565393, -54.98875402509388266 ) ) ;
#6570 = CARTESIAN_POINT ( 'NONE',  ( -49.80219423662157396, 50.61866292744388574, -58.25993074624285128 ) ) ;
#6571 = CARTESIAN_POINT ( 'NONE',  ( 64.99207744085306615, 71.12373005538609050, -4.500000000001228351 ) ) ;
#6572 = CARTESIAN_POINT ( 'NONE',  ( 81.67349529460857127, 55.90064225611612869, -2.085940820160082421 ) ) ;
#6573 = LINE ( 'NONE', #2982, #946 ) ;
#6574 = CARTESIAN_POINT ( 'NONE',  ( 20.04432194747877460, 68.41912133313326194, 62.71778401630238875 ) ) ;
#6575 = CARTESIAN_POINT ( 'NONE',  ( -22.29088234255818790, 45.87634716325730722, 71.29621637861434635 ) ) ;
#6576 = CONICAL_SURFACE ( 'NONE', #7719, 3.500000000000003109, 0.7853981633974482790 ) ;
#6577 = CARTESIAN_POINT ( 'NONE',  ( 44.62435565298236639, 0.000000000000000000, -49.29165124598830516 ) ) ;
#6578 = ORIENTED_EDGE ( 'NONE', *, *, #7266, .T. ) ;
#6579 = EDGE_CURVE ( 'NONE', #95, #8221, #6103, .T. ) ;
#6580 = CARTESIAN_POINT ( 'NONE',  ( 41.00000000000033396, 53.49999999999999289, -71.01408311032378151 ) ) ;
#6581 = ORIENTED_EDGE ( 'NONE', *, *, #3762, .F. ) ;
#6582 = CARTESIAN_POINT ( 'NONE',  ( 28.83340213244966677, 79.74961673298243170, -23.87752603878159974 ) ) ;
#6583 = CARTESIAN_POINT ( 'NONE',  ( 47.14275735574663173, 61.97093712385061082, -53.65365094904404941 ) ) ;
#6584 = CARTESIAN_POINT ( 'NONE',  ( 29.99531108250677036, 78.35218261058847133, -28.99485598968122346 ) ) ;
#6585 = CARTESIAN_POINT ( 'NONE',  ( -27.27275866404767157, 71.00000000000000000, -66.23780366869520719 ) ) ;
#6586 = B_SPLINE_CURVE_WITH_KNOTS ( 'NONE', 3,
 ( #6285, #3551, #2091, #78, #7619, #7664, #4903, #4176, #30, #6948, #8402, #2687, #4758, #2141, #712, #2822 ),
 .UNSPECIFIED., .F., .F.,
 ( 4, 2, 2, 2, 2, 2, 2, 4 ),
 ( 0.000000000000000000, 0.002904847265335189048, 0.005809694530670378096, 0.01161938906134077701, 0.01452423632667598254, 0.01742908359201119153, 0.02033393085734639880, 0.02323877812268160606 ),
 .UNSPECIFIED. ) ;
#6587 = CARTESIAN_POINT ( 'NONE',  ( 0.000000000000000000, 0.000000000000000000, -14.00000000000000000 ) ) ;
#6588 = CARTESIAN_POINT ( 'NONE',  ( -64.57274241378013357, 68.75925333859645150, -14.00000000000000000 ) ) ;
#6589 = CARTESIAN_POINT ( 'NONE',  ( -76.09237551173426084, 46.00000000000000000, 14.00000000000000000 ) ) ;
#6590 = DIRECTION ( 'NONE',  ( 0.000000000000000000, 1.000000000000000000, 0.000000000000000000 ) ) ;
#6591 = VERTEX_POINT ( 'NONE', #3849 ) ;
#6592 = CARTESIAN_POINT ( 'NONE',  ( -12.12435565298201823, 60.99999999999988631, -7.000000000000214939 ) ) ;
#6593 = EDGE_CURVE ( 'NONE', #1646, #5224, #2187, .T. ) ;
#6594 = CARTESIAN_POINT ( 'NONE',  ( -70.41471449238997593, 61.51576396132963964, -13.99999999999999467 ) ) ;
#6595 = CARTESIAN_POINT ( 'NONE',  ( -36.39315303745745211, 71.12373005538609050, -54.03479010850375630 ) ) ;
#6596 = CARTESIAN_POINT ( 'NONE',  ( 24.68707248424539813, 69.06316985497895189, -59.93544120672676456 ) ) ;
#6597 = EDGE_CURVE ( 'NONE', #7325, #6435, #4894, .T. ) ;
#6598 = DIRECTION ( 'NONE',  ( 0.000000000000000000, 0.000000000000000000, -1.000000000000000000 ) ) ;
#6599 = ORIENTED_EDGE ( 'NONE', *, *, #4182, .T. ) ;
#6600 = CARTESIAN_POINT ( 'NONE',  ( -44.65336037524613744, 63.77279572263809371, 49.34188889861651006 ) ) ;
#6601 = CARTESIAN_POINT ( 'NONE',  ( -60.20053056545826564, 67.42165079097325986, 16.50659709052888502 ) ) ;
#6602 = CARTESIAN_POINT ( 'NONE',  ( 52.09037510543117122, 71.50589544204181891, -26.17213834624447344 ) ) ;
#6603 = DIRECTION ( 'NONE',  ( -0.000000000000000000, -1.000000000000000000, -0.000000000000000000 ) ) ;
#6604 = CARTESIAN_POINT ( 'NONE',  ( 25.99174343502575724, 45.99999999999999289, 73.01902020676082827 ) ) ;
#6605 = CARTESIAN_POINT ( 'NONE',  ( 19.72388365894040518, 67.84252621657628879, 62.20625511380615791 ) ) ;
#6606 = CARTESIAN_POINT ( 'NONE',  ( -20.32332208364024950, 69.51517159522333600, 63.20102642744998889 ) ) ;
#6607 = CARTESIAN_POINT ( 'NONE',  ( -24.27294201064119505, 70.96746529199602094, 61.04154539078361807 ) ) ;
#6608 = CARTESIAN_POINT ( 'NONE',  ( 25.59066344640564949, 50.33153266396305270, 72.32432928857166132 ) ) ;
#6609 = EDGE_CURVE ( 'NONE', #5491, #5805, #6762, .T. ) ;
#6610 = CARTESIAN_POINT ( 'NONE',  ( 74.03350063759245359, 46.80642417838967617, -14.57065670106289090 ) ) ;
#6611 = CARTESIAN_POINT ( 'NONE',  ( -48.62157839393310610, 50.13673092390443742, -56.21504412253629113 ) ) ;
#6612 = CARTESIAN_POINT ( 'NONE',  ( 63.89768832408483945, 64.29485628078595028, -16.47483932149080488 ) ) ;
#6613 = CARTESIAN_POINT ( 'NONE',  ( 81.64041643279129801, 53.91444050131924826, -3.119932580407819955 ) ) ;
#6614 = ORIENTED_EDGE ( 'NONE', *, *, #5866, .T. ) ;
#6615 = CARTESIAN_POINT ( 'NONE',  ( 65.67049891305352105, 66.68554913837694187, -14.00000000000005151 ) ) ;
#6616 = VERTEX_POINT ( 'NONE', #4647 ) ;
#6617 = AXIS2_PLACEMENT_3D ( 'NONE', #3009, #122, #8396 ) ;
#6618 = CARTESIAN_POINT ( 'NONE',  ( 44.14906683162889323, 68.11553659766630631, 48.46842685913634341 ) ) ;
#6619 = ORIENTED_EDGE ( 'NONE', *, *, #455, .T. ) ;
#6620 = CARTESIAN_POINT ( 'NONE',  ( 41.78572573259914691, 67.81936671805857486, -18.22500000000005471 ) ) ;
#6621 = ORIENTED_EDGE ( 'NONE', *, *, #2543, .F. ) ;
#6622 = CARTESIAN_POINT ( 'NONE',  ( -37.31644731899881151, 68.54262392680480787, 51.56974573091471825 ) ) ;
#6623 = CARTESIAN_POINT ( 'NONE',  ( 44.56018096600156753, 67.41458402617207923, -49.18049742757773402 ) ) ;
#6624 = CARTESIAN_POINT ( 'NONE',  ( 28.87508545269598770, 79.57588136914630184, -24.70728397442879398 ) ) ;
#6625 = FACE_OUTER_BOUND ( 'NONE', #4812, .T. ) ;
#6626 = LINE ( 'NONE', #8621, #7944 ) ;
#6627 = CIRCLE ( 'NONE', #4712, 2.500000000000003109 ) ;
#6628 = CARTESIAN_POINT ( 'NONE',  ( 46.58227042665971851, 63.37520769591046843, -52.68285911088719331 ) ) ;
#6629 = CARTESIAN_POINT ( 'NONE',  ( -49.62233710225457628, 46.58991269261732526, 57.18430314920220070 ) ) ;
#6630 = ORIENTED_EDGE ( 'NONE', *, *, #4424, .F. ) ;
#6631 = CARTESIAN_POINT ( 'NONE',  ( -36.42142207180589253, 71.37356801940973128, 54.02761715722519398 ) ) ;
#6632 = CARTESIAN_POINT ( 'NONE',  ( -62.81518613565300058, 69.15083099226428942, -14.00000000000001243 ) ) ;
#6633 = ORIENTED_EDGE ( 'NONE', *, *, #5151, .F. ) ;
#6634 = CARTESIAN_POINT ( 'NONE',  ( 0.000000000000000000, 48.61675045524525984, 0.000000000000000000 ) ) ;
#6635 = CARTESIAN_POINT ( 'NONE',  ( 25.53146110997928631, 68.49963253946566510, -58.37727133189854101 ) ) ;
#6636 = ADVANCED_FACE ( 'NONE', ( #7497, #7420, #4684 ), #1100, .T. ) ;
#6637 = AXIS2_PLACEMENT_3D ( 'NONE', #4558, #4006, #2606 ) ;
#6638 = ORIENTED_EDGE ( 'NONE', *, *, #8636, .F. ) ;
#6639 = VERTEX_POINT ( 'NONE', #1880 ) ;
#6640 = CARTESIAN_POINT ( 'NONE',  ( -45.63239002829626401, 61.76078178285991527, 51.03761799977152691 ) ) ;
#6641 = CARTESIAN_POINT ( 'NONE',  ( -20.40464906928830402, 63.77279572263829976, -63.34188889861273708 ) ) ;
#6642 = CARTESIAN_POINT ( 'NONE',  ( 45.37467410366052434, 70.94941170105057893, -35.19100898159675239 ) ) ;
#6643 = CARTESIAN_POINT ( 'NONE',  ( -81.70000171329513705, 56.70004545586231615, 0.2086284732206700465 ) ) ;
#6644 = EDGE_CURVE ( 'NONE', #7726, #868, #8120, .T. ) ;
#6645 = CARTESIAN_POINT ( 'NONE',  ( 39.08294427622325884, 68.80615214901963839, -51.27750068079148349 ) ) ;
#6646 = EDGE_CURVE ( 'NONE', #7993, #2856, #1115, .T. ) ;
#6647 = DIRECTION ( 'NONE',  ( 0.4999999999999919509, -0.000000000000000000, 0.8660254037844432595 ) ) ;
#6648 = CARTESIAN_POINT ( 'NONE',  ( 23.52394538582405659, 60.24119735950314691, 68.74466860272407587 ) ) ;
#6649 = DIRECTION ( 'NONE',  ( -1.000000000000000000, 0.000000000000000000, 0.000000000000000000 ) ) ;
#6650 = CARTESIAN_POINT ( 'NONE',  ( 25.56266427239205896, 46.10331055350753360, -72.31831047643380828 ) ) ;
#6651 = LINE ( 'NONE', #2480, #8063 ) ;
#6652 = ORIENTED_EDGE ( 'NONE', *, *, #2384, .F. ) ;
#6653 = CARTESIAN_POINT ( 'NONE',  ( 64.04942235729440370, 68.11553659766630631, -14.00000000000000000 ) ) ;
#6654 = EDGE_CURVE ( 'NONE', #7392, #1611, #1154, .T. ) ;
#6655 = DIRECTION ( 'NONE',  ( 0.000000000000000000, -0.9769017270119949581, 0.2136890632694656844 ) ) ;
#6656 = CARTESIAN_POINT ( 'NONE',  ( -39.03108891324624352, 71.00000000000000000, 60.60382907247912243 ) ) ;
#6657 = ORIENTED_EDGE ( 'NONE', *, *, #8313, .F. ) ;
#6658 = DIRECTION ( 'NONE',  ( -1.000000000000000000, -0.000000000000000000, -0.000000000000000000 ) ) ;
#6659 = ORIENTED_EDGE ( 'NONE', *, *, #4040, .F. ) ;
#6660 = VECTOR ( 'NONE', #6386, 1000.000000000000000 ) ;
#6661 = CARTESIAN_POINT ( 'NONE',  ( 47.10441535317885808, 75.49978413265149868, -12.99527806961267729 ) ) ;
#6662 = CARTESIAN_POINT ( 'NONE',  ( 24.32368674301832456, 57.41926555727933135, -70.12986126629667183 ) ) ;
#6663 = CARTESIAN_POINT ( 'NONE',  ( 28.93756001591786742, 79.39570385582401002, -25.53255750383113920 ) ) ;
#6664 = CARTESIAN_POINT ( 'NONE',  ( 47.37966016147987602, 62.92233429081709062, -26.01205533791846847 ) ) ;
#6665 = EDGE_LOOP ( 'NONE', ( #1973, #6765 ) ) ;
#6666 = CARTESIAN_POINT ( 'NONE',  ( 45.63239002828770907, 61.76078178285826681, 51.03761799974066804 ) ) ;
#6667 = CARTESIAN_POINT ( 'NONE',  ( -24.39819146585464438, 46.80642417838966196, 71.40022063377760730 ) ) ;
#6668 = AXIS2_PLACEMENT_3D ( 'NONE', #1694, #1604, #3733 ) ;
#6669 = ORIENTED_EDGE ( 'NONE', *, *, #8039, .F. ) ;
#6670 = CARTESIAN_POINT ( 'NONE',  ( -45.09326673973727395, 71.00000000000000000, 57.10382907247905138 ) ) ;
#6671 = CIRCLE ( 'NONE', #3320, 2.000000000000001776 ) ;
#6672 = FACE_OUTER_BOUND ( 'NONE', #5756, .T. ) ;
#6673 = ORIENTED_EDGE ( 'NONE', *, *, #2214, .F. ) ;
#6674 = CARTESIAN_POINT ( 'NONE',  ( 25.78437493449835216, 46.02785684633895613, -72.65984742795589568 ) ) ;
#6675 = CARTESIAN_POINT ( 'NONE',  ( -44.95988801691753167, 66.68505529899964301, 49.87281034790677836 ) ) ;
#6676 = VECTOR ( 'NONE', #8355, 1000.000000000000000 ) ;
#6677 = DIRECTION ( 'NONE',  ( -1.000000000000000000, -0.000000000000000000, -0.000000000000000000 ) ) ;
#6678 = ORIENTED_EDGE ( 'NONE', *, *, #3714, .F. ) ;
#6679 = ORIENTED_EDGE ( 'NONE', *, *, #626, .T. ) ;
#6680 = CARTESIAN_POINT ( 'NONE',  ( -45.54429556560786807, 65.53555765176807313, 50.88503391456516312 ) ) ;
#6681 = DIRECTION ( 'NONE',  ( -0.8660254037844392627, 0.000000000000000000, 0.4999999999999988343 ) ) ;
#6682 = CARTESIAN_POINT ( 'NONE',  ( 50.60467601006197924, 70.10238260225176532, -29.83642428135963698 ) ) ;
#6683 = CARTESIAN_POINT ( 'NONE',  ( 27.73434385179970718, 69.01561503458023594, 53.56727717247358100 ) ) ;
#6684 = CARTESIAN_POINT ( 'NONE',  ( 45.09326673973608024, 71.00000000000000000, 57.10382907247998929 ) ) ;
#6685 = B_SPLINE_CURVE_WITH_KNOTS ( 'NONE', 3,
 ( #2347, #872, #4467, #7879, #6437, #8645 ),
 .UNSPECIFIED., .F., .F.,
 ( 4, 2, 4 ),
 ( 0.009524894790028959682, 0.01404405234227062982, 0.01856320989451228781 ),
 .UNSPECIFIED. ) ;
#6686 = CIRCLE ( 'NONE', #301, 2.499999999999995115 ) ;
#6687 = CARTESIAN_POINT ( 'NONE',  ( 1.039595150782587427E-14, 96.99999999999998579, -14.00000000000000000 ) ) ;
#6688 = AXIS2_PLACEMENT_3D ( 'NONE', #1061, #2402, #7657 ) ;
#6689 = EDGE_CURVE ( 'NONE', #3512, #2948, #2530, .T. ) ;
#6690 = DIRECTION ( 'NONE',  ( 0.000000000000000000, 1.000000000000000000, 0.000000000000000000 ) ) ;
#6691 = DIRECTION ( 'NONE',  ( 0.000000000000000000, 0.000000000000000000, 1.000000000000000000 ) ) ;
#6692 = DIRECTION ( 'NONE',  ( -0.4999999999999980016, -0.000000000000000000, -0.8660254037844398178 ) ) ;
#6693 = FACE_OUTER_BOUND ( 'NONE', #8555, .T. ) ;
#6694 = B_SPLINE_CURVE_WITH_KNOTS ( 'NONE', 3,
 ( #5637, #4266, #3591, #2802 ),
 .UNSPECIFIED., .F., .F.,
 ( 4, 4 ),
 ( 0.008610815975175970319, 0.008985602743808124987 ),
 .UNSPECIFIED. ) ;
#6695 = EDGE_LOOP ( 'NONE', ( #156, #3844, #3380, #7543 ) ) ;
#6696 = CARTESIAN_POINT ( 'NONE',  ( -64.99999999999998579, 71.37356801941000128, 4.528068177520425230 ) ) ;
#6697 = CARTESIAN_POINT ( 'NONE',  ( 33.81189432581587795, 71.49162586044771217, 55.53422870383038656 ) ) ;
#6698 = EDGE_CURVE ( 'NONE', #7678, #2733, #5265, .T. ) ;
#6699 = EDGE_CURVE ( 'NONE', #973, #3008, #3197, .T. ) ;
#6700 = CARTESIAN_POINT ( 'NONE',  ( 12.12435565298210172, 60.99999999999988631, 7.000000000000067502 ) ) ;
#6701 = ORIENTED_EDGE ( 'NONE', *, *, #966, .T. ) ;
#6702 = CARTESIAN_POINT ( 'NONE',  ( -71.00000000000000000, 71.00000000000000000, 7.000000000000005329 ) ) ;
#6703 = EDGE_LOOP ( 'NONE', ( #3587, #7840, #8813, #372 ) ) ;
#6704 = CARTESIAN_POINT ( 'NONE',  ( 24.53924625107902457, 69.38428490166306517, 60.33226822746564011 ) ) ;
#6705 = DIRECTION ( 'NONE',  ( -0.5000000000000101030, -0.000000000000000000, 0.8660254037844328234 ) ) ;
#6706 = EDGE_CURVE ( 'NONE', #8176, #1844, #7839, .T. ) ;
#6707 = CARTESIAN_POINT ( 'NONE',  ( -40.72705798935939470, 70.96746529199602094, -51.54175710119322673 ) ) ;
#6708 = CARTESIAN_POINT ( 'NONE',  ( -48.12435565298201112, 60.99999999999999289, -55.35382907247969086 ) ) ;
#6709 = CARTESIAN_POINT ( 'NONE',  ( 29.93782217350831232, 71.00000000000000000, 65.85382907247985429 ) ) ;
#6710 = CARTESIAN_POINT ( 'NONE',  ( 60.32558811070307314, 67.85093932666330829, -13.99999999999996980 ) ) ;
#6711 = VERTEX_POINT ( 'NONE', #5513 ) ;
#6712 = CARTESIAN_POINT ( 'NONE',  ( -22.96895832670104909, 47.93259350557802634, 71.08086712438246479 ) ) ;
#6713 = VERTEX_POINT ( 'NONE', #5840 ) ;
#6714 = CARTESIAN_POINT ( 'NONE',  ( 42.02980651868917050, 70.79964327383025591, -50.78961488709822447 ) ) ;
#6715 = EDGE_CURVE ( 'NONE', #1038, #4018, #8987, .T. ) ;
#6716 = CARTESIAN_POINT ( 'NONE',  ( -71.24205642004626782, 54.09044109429535041, -16.37679888229213532 ) ) ;
#6717 = EDGE_CURVE ( 'NONE', #6060, #232, #1007, .T. ) ;
#6718 = ORIENTED_EDGE ( 'NONE', *, *, #5875, .F. ) ;
#6719 = CARTESIAN_POINT ( 'NONE',  ( 87.00000000000000000, 46.00000000000000000, 0.000000000000000000 ) ) ;
#6720 = CARTESIAN_POINT ( 'NONE',  ( -47.77265669178958518, 60.24119735950314691, 54.74466860272330138 ) ) ;
#6721 = CARTESIAN_POINT ( 'NONE',  ( -42.06217782649093806, 71.00000000000000000, -58.85382907247966955 ) ) ;
#6722 = ORIENTED_EDGE ( 'NONE', *, *, #7402, .F. ) ;
#6723 = ORIENTED_EDGE ( 'NONE', *, *, #5920, .T. ) ;
#6724 = CARTESIAN_POINT ( 'NONE',  ( -44.67347013246006071, 67.19961627838669926, 49.37672001983007419 ) ) ;
#6725 = CARTESIAN_POINT ( 'NONE',  ( -16.63872370369612952, 66.12567138047046456, -61.80628083039776755 ) ) ;
#6726 = CARTESIAN_POINT ( 'NONE',  ( 46.43925410701029222, 72.27278671952473132, -33.54367518367743628 ) ) ;
#6727 = DIRECTION ( 'NONE',  ( 0.000000000000000000, 0.000000000000000000, -1.000000000000000000 ) ) ;
#6728 = CARTESIAN_POINT ( 'NONE',  ( 37.03973228035619769, 68.65347261867843542, -51.90825636894948047 ) ) ;
#6729 = CARTESIAN_POINT ( 'NONE',  ( 31.46853013192323090, 79.46439414435330661, -22.11698310409541435 ) ) ;
#6730 = CARTESIAN_POINT ( 'NONE',  ( -24.53843117423452114, 69.38643680411233561, 60.33449319475217010 ) ) ;
#6731 = CARTESIAN_POINT ( 'NONE',  ( 24.99714948976315299, 54.48109043193350232, 71.29633296066559467 ) ) ;
#6732 = CARTESIAN_POINT ( 'NONE',  ( 0.000000000000000000, 46.00000000000000000, 0.000000000000000000 ) ) ;
#6733 = LINE ( 'NONE', #1949, #5237 ) ;
#6734 = CARTESIAN_POINT ( 'NONE',  ( 8.681445989019579037E-15, 96.99999999999998579, 0.000000000000000000 ) ) ;
#6735 = CARTESIAN_POINT ( 'NONE',  ( -43.40536183998899844, 52.47799902316432963, -69.21611445388559503 ) ) ;
#6736 = EDGE_CURVE ( 'NONE', #4054, #1422, #6374, .T. ) ;
#6737 = ORIENTED_EDGE ( 'NONE', *, *, #6715, .T. ) ;
#6738 = DIRECTION ( 'NONE',  ( -0.000000000000000000, -1.000000000000000000, -0.000000000000000000 ) ) ;
#6739 = ORIENTED_EDGE ( 'NONE', *, *, #10, .F. ) ;
#6740 = DIRECTION ( 'NONE',  ( 8.949944318576885364E-17, 1.000000000000000000, 0.000000000000000000 ) ) ;
#6741 = ORIENTED_EDGE ( 'NONE', *, *, #5648, .F. ) ;
#6742 = CARTESIAN_POINT ( 'NONE',  ( 24.28590256430343075, 70.60771697037358763, 61.01520800842673253 ) ) ;
#6743 = CARTESIAN_POINT ( 'NONE',  ( 20.71089380354489862, 66.68554913837692766, -63.87232033790265717 ) ) ;
#6744 =( BOUNDED_SURFACE ( )  B_SPLINE_SURFACE ( 3, 2, ( 
 ( #7486, #1255, #4043 ),
 ( #6819, #5698, #7722 ),
 ( #177, #224, #2968 ),
 ( #2334, #5785, #807 ),
 ( #7089, #4366, #8458 ),
 ( #5741, #8596, #8501 ),
 ( #2867, #2235, #5006 ),
 ( #1548, #5146, #5829 ),
 ( #268, #4961, #7176 ),
 ( #1503, #7766, #4270 ),
 ( #759, #858, #7810 ),
 ( #3059, #2285, #3012 ),
 ( #4321, #8547, #2188 ),
 ( #3648, #3596, #3550 ),
 ( #6426, #5053, #1600 ),
 ( #7136, #5103, #6376 ),
 ( #902, #3692, #2382 ),
 ( #6465, #2922, #7868 ),
 ( #950, #4410, #1648 ),
 ( #3730, #6511, #7909 ),
 ( #7045, #1691, #5641 ),
 ( #4456, #6324, #125 ),
 ( #76, #8399, #317 ),
 ( #350, #3234, #3782 ),
 ( #6044, #2465, #8798 ),
 ( #6561, #2549, #5912 ),
 ( #4584, #6002, #7997 ),
 ( #7948, #8673, #4544 ),
 ( #6642, #1732, #1778 ),
 ( #3145, #8034, #6726 ),
 ( #1171, #5872, #5280 ),
 ( #5319, #3870, #5360 ),
 ( #5232, #7353, #3270 ),
 ( #4621, #1816, #8076 ),
 ( #1121, #2589, #3105 ),
 ( #7310, #396, #3908 ),
 ( #1081, #3184, #4499 ),
 ( #5958, #5188, #8719 ),
 ( #2512, #6682, #444 ),
 ( #483, #8114, #1901 ),
 ( #1041, #2421, #7396 ),
 ( #8758, #1856, #3829 ),
 ( #3954, #7272, #7219 ),
 ( #996, #8634, #6602 ),
 ( #3992, #7522, #1249 ),
 ( #4705, #6897, #1208 ),
 ( #573, #4083, #4121 ),
 ( #5588, #6223, #658 ) ),
 .UNSPECIFIED., .F., .F., .F. ) 
 B_SPLINE_SURFACE_WITH_KNOTS ( ( 4, 2, 2, 2, 2, 2, 2, 2, 2, 2, 2, 2, 2, 2, 2, 2, 2, 2, 2, 2, 2, 2, 2, 4 ),
 ( 3, 3 ),
 ( 0.000000000000000000, 0.002563236090080241864, 0.003844854135120362795, 0.005126472180160483727, 0.007689708270240725591, 0.008971326315280846522, 0.01025294436032096745, 0.01281618045040120932, 0.01409779849544133025, 0.01537941654048145118, 0.01794265263056169304, 0.02050588872064193491, 0.02178750676568205757, 0.02306912481072217677, 0.02563236090080241864, 0.02691397894584254130, 0.02819559699088266050, 0.03075883308096290236, 0.03204045112600302503, 0.03332206917104314770, 0.03588530526112338609, 0.03716692330616350182, 0.03844854135120362448, 0.04101177744128386982 ),
 ( 0.000000000000000000, 1.000000000000000000 ),
 .UNSPECIFIED. ) 
 GEOMETRIC_REPRESENTATION_ITEM ( )  RATIONAL_B_SPLINE_SURFACE ( (
 ( 1.000000000000000000, 0.6290783086456886997, 1.000000000000000000),
 ( 1.000000000000000000, 0.6343918625893752994, 1.000000000000000000),
 ( 1.000000000000000000, 0.6403390486317845909, 1.000000000000000000),
 ( 1.000000000000000000, 0.6501367209967467975, 1.000000000000000000),
 ( 1.000000000000000000, 0.6535494138147984744, 1.000000000000000000),
 ( 1.000000000000000000, 0.6606686625870329399, 1.000000000000000000),
 ( 1.000000000000000000, 0.6643541600866723629, 1.000000000000000000),
 ( 1.000000000000000000, 0.6756290167853814532, 1.000000000000000000),
 ( 1.000000000000000000, 0.6834909079140195631, 1.000000000000000000),
 ( 1.000000000000000000, 0.6957897521134083219, 1.000000000000000000),
 ( 1.000000000000000000, 0.6999918785308429925, 1.000000000000000000),
 ( 1.000000000000000000, 0.7084218744402179802, 1.000000000000000000),
 ( 1.000000000000000000, 0.7126622824832956615, 1.000000000000000000),
 ( 1.000000000000000000, 0.7254605006517568233, 1.000000000000000000),
 ( 1.000000000000000000, 0.7340945482387215559, 1.000000000000000000),
 ( 1.000000000000000000, 0.7472158771784851439, 1.000000000000000000),
 ( 1.000000000000000000, 0.7515859702558649325, 1.000000000000000000),
 ( 1.000000000000000000, 0.7602386164625798415, 1.000000000000000000),
 ( 1.000000000000000000, 0.7645343156846056143, 1.000000000000000000),
 ( 1.000000000000000000, 0.7773343254694047300, 1.000000000000000000),
 ( 1.000000000000000000, 0.7857624553432280834, 1.000000000000000000),
 ( 1.000000000000000000, 0.8023499094217967365, 1.000000000000000000),
 ( 1.000000000000000000, 0.8102855406006402861, 1.000000000000000000),
 ( 1.000000000000000000, 0.8216610407145551465, 1.000000000000000000),
 ( 1.000000000000000000, 0.8253641861871847674, 1.000000000000000000),
 ( 1.000000000000000000, 0.8325857339251249156, 1.000000000000000000),
 ( 1.000000000000000000, 0.8361146047926679703, 1.000000000000000000),
 ( 1.000000000000000000, 0.8463341066996100670, 1.000000000000000000),
 ( 1.000000000000000000, 0.8525213293958209260, 1.000000000000000000),
 ( 1.000000000000000000, 0.8608281328002730381, 1.000000000000000000),
 ( 1.000000000000000000, 0.8634335178059528992, 1.000000000000000000),
 ( 1.000000000000000000, 0.8682947415613411213, 1.000000000000000000),
 ( 1.000000000000000000, 0.8705641280921886382, 1.000000000000000000),
 ( 1.000000000000000000, 0.8766772032554506211, 1.000000000000000000),
 ( 1.000000000000000000, 0.8798349701773128251, 1.000000000000000000),
 ( 1.000000000000000000, 0.8831387190724204750, 1.000000000000000000),
 ( 1.000000000000000000, 0.8839995215780220850, 1.000000000000000000),
 ( 1.000000000000000000, 0.8852082731266679438, 1.000000000000000000),
 ( 1.000000000000000000, 0.8855458166717128377, 1.000000000000000000),
 ( 1.000000000000000000, 0.8857640284607543046, 1.000000000000000000),
 ( 1.000000000000000000, 0.8848674494627117859, 1.000000000000000000),
 ( 1.000000000000000000, 0.8819445119656936782, 1.000000000000000000),
 ( 1.000000000000000000, 0.8807147912698375380, 1.000000000000000000),
 ( 1.000000000000000000, 0.8778002157532022176, 1.000000000000000000),
 ( 1.000000000000000000, 0.8761117716414624779, 1.000000000000000000),
 ( 1.000000000000000000, 0.8703794346812948612, 1.000000000000000000),
 ( 1.000000000000000000, 0.8656336147135869075, 1.000000000000000000),
 ( 1.000000000000000000, 0.8601783075791858968, 1.000000000000000000) ) ) 
 REPRESENTATION_ITEM ( '' )  SURFACE ( )  );
#6745 = CARTESIAN_POINT ( 'NONE',  ( -72.00000000000000000, 71.00000000000000000, -7.000000000000000000 ) ) ;
#6746 = EDGE_CURVE ( 'NONE', #1936, #7655, #191, .T. ) ;
#6747 = CARTESIAN_POINT ( 'NONE',  ( 49.85787162013646423, 73.95023338213172792, -15.11592429685225980 ) ) ;
#6748 = CARTESIAN_POINT ( 'NONE',  ( 24.34059815825678186, 57.39959067741811083, 70.15915269671954491 ) ) ;
#6749 = ORIENTED_EDGE ( 'NONE', *, *, #6717, .F. ) ;
#6750 = CARTESIAN_POINT ( 'NONE',  ( 60.97091537673039596, 66.83697915471560691, -16.50077390996130333 ) ) ;
#6751 = ORIENTED_EDGE ( 'NONE', *, *, #8170, .F. ) ;
#6752 = CARTESIAN_POINT ( 'NONE',  ( -25.56266427239257766, 46.10331055350753360, 72.31831047643360932 ) ) ;
#6753 = EDGE_LOOP ( 'NONE', ( #4776, #4247, #2694, #8523, #5036 ) ) ;
#6754 = DIRECTION ( 'NONE',  ( 0.5150380749100547106, 1.049727191138618326E-16, 0.8571673007021120005 ) ) ;
#6755 = CYLINDRICAL_SURFACE ( 'NONE', #6541, 2.500000000000003109 ) ;
#6756 = ORIENTED_EDGE ( 'NONE', *, *, #4419, .T. ) ;
#6757 = VECTOR ( 'NONE', #2427, 1000.000000000000000 ) ;
#6758 = DIRECTION ( 'NONE',  ( 4.474972159288442682E-17, 1.000000000000000000, 0.000000000000000000 ) ) ;
#6759 = FACE_OUTER_BOUND ( 'NONE', #2148, .T. ) ;
#6760 = EDGE_CURVE ( 'NONE', #2380, #798, #6685, .T. ) ;
#6761 = CARTESIAN_POINT ( 'NONE',  ( -64.99999999999994316, 70.32645668451382903, 14.39130990164900759 ) ) ;
#6763 = B_SPLINE_CURVE_WITH_KNOTS ( 'NONE', 3,
 ( #2096, #4051, #3371, #6150, #2344, #2929, #186, #4279, #909, #2197, #4328, #229, #274, #1610, #3018, #767, #4373, #3069, #8463, #5837, #7051, #6473, #2974, #2389, #2877, #816, #4969, #8601, #7817, #5153, #138, #4418, #1655, #2243 ),
 .UNSPECIFIED., .F., .F.,
 ( 4, 2, 2, 2, 2, 2, 2, 2, 2, 2, 2, 2, 2, 2, 2, 2, 4 ),
 ( 0.01740728256642721378, 0.01802830098751147941, 0.01864931940859574852, 0.01927033782968001416, 0.01989135625076428326, 0.02051237467184854890, 0.02113339309293281454, 0.02175441151401708018, 0.02237542993510134928, 0.02299644835618561839, 0.02361746677726988403, 0.02423848519835414966, 0.02485950361943841530, 0.02548052204052268441, 0.02610154046160695004, 0.02672255888269121915, 0.02734357730377548479 ),
 .UNSPECIFIED. ) ;
#6762 = B_SPLINE_CURVE_WITH_KNOTS ( 'NONE', 3,
 ( #4480, #6623, #374, #1023, #3810, #6583, #1442, #2445, #8657, #3125, #7971, #1758, #7290, #4218, #6318, #68, #5387, #1797 ),
 .UNSPECIFIED., .F., .F.,
 ( 4, 2, 2, 2, 2, 2, 2, 2, 4 ),
 ( -0.001263708229997874367, 0.001977653895833434566, 0.005219016021664743717, 0.01170174027332737503, 0.01332242133624301876, 0.01494310239915866076, 0.01818446452498995863, 0.02142582665082125651, 0.02466718877665255438 ),
 .UNSPECIFIED. ) ;
#6764 = ORIENTED_EDGE ( 'NONE', *, *, #2690, .F. ) ;
#6765 = ORIENTED_EDGE ( 'NONE', *, *, #670, .F. ) ;
#6766 = CARTESIAN_POINT ( 'NONE',  ( 43.80787268920061450, 67.19864238473647333, -46.67551889433204337 ) ) ;
#6767 = DIRECTION ( 'NONE',  ( 0.5000000000000039968, -0.000000000000000000, -0.8660254037844362651 ) ) ;
#6768 = CARTESIAN_POINT ( 'NONE',  ( 21.63939982124140471, 53.09967776845947895, -70.21941952555597766 ) ) ;
#6769 = CARTESIAN_POINT ( 'NONE',  ( 45.14591466673036990, 66.22292686396980343, -45.20589269082871908 ) ) ;
#6770 = CARTESIAN_POINT ( 'NONE',  ( 66.70000000000001705, 60.11331709634244902, 133.4000000000000057 ) ) ;
#6771 = CONICAL_SURFACE ( 'NONE', #7348, 3.500000000000003109, 0.7853981633974482790 ) ;
#6772 = ORIENTED_EDGE ( 'NONE', *, *, #6328, .T. ) ;
#6773 = CARTESIAN_POINT ( 'NONE',  ( -39.03007921556514503, 55.90038080388336539, -71.77439483131398390 ) ) ;
#6774 = CARTESIAN_POINT ( 'NONE',  ( 73.51665744896405386, 47.27665030204770602, -15.00329326489663728 ) ) ;
#6775 = AXIS2_PLACEMENT_3D ( 'NONE', #6501, #6590, #7296 ) ;
#6776 = DIRECTION ( 'NONE',  ( -1.000000000000000000, 4.474972159288442682E-17, 0.000000000000000000 ) ) ;
#6777 = FACE_OUTER_BOUND ( 'NONE', #5383, .T. ) ;
#6778 = CARTESIAN_POINT ( 'NONE',  ( -41.20880000362674878, 50.32107078741753980, -70.54619653600686036 ) ) ;
#6779 = ORIENTED_EDGE ( 'NONE', *, *, #669, .T. ) ;
#6780 = VECTOR ( 'NONE', #7975, 999.9999999999998863 ) ;
#6781 = CARTESIAN_POINT ( 'NONE',  ( 30.11912468181351699, 65.66873067393875374, -57.66625025183969910 ) ) ;
#6782 = DIRECTION ( 'NONE',  ( 0.000000000000000000, 0.000000000000000000, 1.000000000000000000 ) ) ;
#6783 = ORIENTED_EDGE ( 'NONE', *, *, #5493, .T. ) ;
#6784 = CARTESIAN_POINT ( 'NONE',  ( 45.25124237241453784, 73.27866529735059942, -90.50248474482917516 ) ) ;
#6785 = VERTEX_POINT ( 'NONE', #6479 ) ;
#6786 = CARTESIAN_POINT ( 'NONE',  ( -36.87867731509504665, 68.78243406335054999, 52.20583606293718049 ) ) ;
#6787 = CARTESIAN_POINT ( 'NONE',  ( -81.68487314391239806, 50.72767257594787793, -1.581469812225281490 ) ) ;
#6788 = CARTESIAN_POINT ( 'NONE',  ( 53.31444074687306056, 70.38187359378910912, -23.61300058997155560 ) ) ;
#6789 = CARTESIAN_POINT ( 'NONE',  ( 49.32802870213725299, 73.96004247141331689, -16.78494922997805006 ) ) ;
#6790 = CARTESIAN_POINT ( 'NONE',  ( 44.25701222489306019, 67.30525097660130029, 44.25735910900827008 ) ) ;
#6791 = VERTEX_POINT ( 'NONE', #8470 ) ;
#6792 = CARTESIAN_POINT ( 'NONE',  ( 0.000000000000000000, 46.00000000000000000, 0.000000000000000000 ) ) ;
#6793 = CARTESIAN_POINT ( 'NONE',  ( -25.78437493449885309, 46.02785684633895613, 72.65984742795569673 ) ) ;
#6794 = ADVANCED_FACE ( 'NONE', ( #3703 ), #7228, .F. ) ;
#6795 = EDGE_LOOP ( 'NONE', ( #1152, #5900, #924, #8317, #2254, #2056, #8885, #8099, #6912 ) ) ;
#6796 = CARTESIAN_POINT ( 'NONE',  ( -19.90035552566494204, 68.11553659766627788, -62.46842685913602367 ) ) ;
#6797 = CARTESIAN_POINT ( 'NONE',  ( 42.51034004772154873, 50.96753823579948772, 69.76955306073664076 ) ) ;
#6798 = EDGE_CURVE ( 'NONE', #7643, #5465, #4333, .T. ) ;
#6799 = EDGE_LOOP ( 'NONE', ( #2219, #2210, #3231, #8023 ) ) ;
#6800 = DIRECTION ( 'NONE',  ( -0.8660254037844398178, 0.000000000000000000, 0.4999999999999980016 ) ) ;
#6801 = FACE_OUTER_BOUND ( 'NONE', #684, .T. ) ;
#6802 = B_SPLINE_CURVE_WITH_KNOTS ( 'NONE', 3,
 ( #7412, #537, #4004, #1314, #4092, #8861, #4636, #3321, #6867, #625, #8729, #4048, #2649, #5415, #5292, #7366, #1135, #454, #2561, #5332, #1181, #2094, #8358, #3454, #81, #1360, #8264, #4907, #3412, #2781, #8406, #8942, #3554, #2238 ),
 .UNSPECIFIED., .F., .F.,
 ( 4, 2, 2, 2, 2, 2, 2, 2, 2, 2, 2, 2, 2, 2, 2, 2, 4 ),
 ( 0.000000000000000000, 0.0005381759984485005302, 0.001076351996897001060, 0.001614527995345501699, 0.002152703993794002121, 0.002690879992242502759, 0.003229055990691003398, 0.003767231989139503603, 0.004305407987588004241, 0.004574495986812251308, 0.004843583986036498375, 0.005381759984484992508, 0.005919935982933486641, 0.006458111981381980775, 0.007534463978278993328, 0.008072639976727481390, 0.008610815975175970319 ),
 .UNSPECIFIED. ) ;
#6803 = EDGE_CURVE ( 'NONE', #3164, #5669, #2124, .T. ) ;
#6804 = CARTESIAN_POINT ( 'NONE',  ( -22.81298096947988086, 48.06695786158532968, -71.08141356089598162 ) ) ;
#6805 = CARTESIAN_POINT ( 'NONE',  ( -18.33676687713097664, 67.16491451319366490, -61.18168395791180814 ) ) ;
#6806 = VECTOR ( 'NONE', #1817, 1000.000000000000000 ) ;
#6807 = ORIENTED_EDGE ( 'NONE', *, *, #8172, .F. ) ;
#6808 = EDGE_LOOP ( 'NONE', ( #4562, #4199, #3525, #7035, #4796 ) ) ;
#6809 = CARTESIAN_POINT ( 'NONE',  ( -12.12435565298224738, 60.99999999999988631, 6.999999999999813483 ) ) ;
#6810 = CARTESIAN_POINT ( 'NONE',  ( 39.47097309883645977, 50.72903318132679118, -71.53293973677662621 ) ) ;
#6811 = CARTESIAN_POINT ( 'NONE',  ( 24.37286708800811397, 50.13673092390455110, -70.21504412252765803 ) ) ;
#6812 = DIRECTION ( 'NONE',  ( 0.000000000000000000, -1.000000000000000000, 0.000000000000000000 ) ) ;
#6813 = EDGE_CURVE ( 'NONE', #5315, #2918, #46, .T. ) ;
#6814 = CARTESIAN_POINT ( 'NONE',  ( -74.33423221236316181, 46.58990982170580963, 14.38205052489358593 ) ) ;
#6815 = CIRCLE ( 'NONE', #2175, 81.70000000000000284 ) ;
#6816 = FACE_OUTER_BOUND ( 'NONE', #1888, .T. ) ;
#6817 = AXIS2_PLACEMENT_3D ( 'NONE', #6487, #242, #97 ) ;
#6818 = DIRECTION ( 'NONE',  ( 0.000000000000000000, 0.7071067811865464625, 0.7071067811865486830 ) ) ;
#6819 = CARTESIAN_POINT ( 'NONE',  ( 28.93783253526955690, 79.39491790933838899, -25.53615740145105306 ) ) ;
#6820 = AXIS2_PLACEMENT_3D ( 'NONE', #5406, #3445, #6222 ) ;
#6821 = DIRECTION ( 'NONE',  ( -1.000000000000000000, 8.949944318576885364E-17, 0.000000000000000000 ) ) ;
#6822 = EDGE_CURVE ( 'NONE', #6107, #7993, #2887, .T. ) ;
#6823 = CARTESIAN_POINT ( 'NONE',  ( -38.66031195502969808, 51.56161622452372484, -71.97418285258892467 ) ) ;
#6824 = CIRCLE ( 'NONE', #435, 6.999999999999999112 ) ;
#6825 = VECTOR ( 'NONE', #7206, 1000.000000000000114 ) ;
#6826 = CIRCLE ( 'NONE', #4956, 2.500000000000002220 ) ;
#6827 = AXIS2_PLACEMENT_3D ( 'NONE', #7037, #5893, #5167 ) ;
#6828 = EDGE_CURVE ( 'NONE', #3561, #5443, #5413, .T. ) ;
#6829 = CARTESIAN_POINT ( 'NONE',  ( 38.75562989914632084, 71.20242650879475832, -52.67996163976567914 ) ) ;
#6830 = CARTESIAN_POINT ( 'NONE',  ( 19.34194825078797209, 67.51982736465295432, -61.82740059755276008 ) ) ;
#6831 = CARTESIAN_POINT ( 'NONE',  ( 48.49704453753444255, 51.19777907935239369, 55.99934515594716800 ) ) ;
#6832 = ORIENTED_EDGE ( 'NONE', *, *, #1094, .T. ) ;
#6833 = CARTESIAN_POINT ( 'NONE',  ( -18.01065532991446361, 67.94710706917351217, -59.13721505682627821 ) ) ;
#6834 = ORIENTED_EDGE ( 'NONE', *, *, #4850, .F. ) ;
#6835 = CARTESIAN_POINT ( 'NONE',  ( -36.69821982174743624, 69.02699666791923505, 52.64840773449665789 ) ) ;
#6836 = CARTESIAN_POINT ( 'NONE',  ( -81.66553799082096532, 51.39923078883091279, 2.377219083863317373 ) ) ;
#6837 = AXIS2_PLACEMENT_3D ( 'NONE', #6526, #3927, #3076 ) ;
#6838 = DIRECTION ( 'NONE',  ( -1.000000000000000000, 0.000000000000000000, 0.000000000000000000 ) ) ;
#6839 = CARTESIAN_POINT ( 'NONE',  ( 52.15896313486751978, 71.39098548369834418, -22.29995799549600832 ) ) ;
#6840 = CARTESIAN_POINT ( 'NONE',  ( 21.43830434527811946, 54.09044109429535041, 69.88583011875387285 ) ) ;
#6841 = ORIENTED_EDGE ( 'NONE', *, *, #4044, .T. ) ;
#6842 = CARTESIAN_POINT ( 'NONE',  ( -63.44420521417725212, 68.53356777737462835, 7.416188084997838992 ) ) ;
#6843 = CARTESIAN_POINT ( 'NONE',  ( -37.96891108675530546, 53.49999999999999289, 72.76408311032352572 ) ) ;
#6844 = LINE ( 'NONE', #5431, #8503 ) ;
#6845 = EDGE_LOOP ( 'NONE', ( #675, #5585, #6502, #4329, #3989 ) ) ;
#6846 = CARTESIAN_POINT ( 'NONE',  ( 0.000000000000000000, 8.999999999999994671, 0.000000000000000000 ) ) ;
#6847 = CARTESIAN_POINT ( 'NONE',  ( 29.93782217350923602, 71.00000000000000000, -65.85382907247945639 ) ) ;
#6848 = CARTESIAN_POINT ( 'NONE',  ( 38.66097536236588894, 51.56043167472714828, 71.97382786957626877 ) ) ;
#6849 = ORIENTED_EDGE ( 'NONE', *, *, #5411, .F. ) ;
#6850 = CARTESIAN_POINT ( 'NONE',  ( -38.17105941507582401, 52.67205235427737620, 72.23492608563860529 ) ) ;
#6851 = DIRECTION ( 'NONE',  ( -0.8660254037844432595, 0.000000000000000000, 0.4999999999999919509 ) ) ;
#6852 = ADVANCED_FACE ( 'NONE', ( #4593 ), #406, .F. ) ;
#6853 = CARTESIAN_POINT ( 'NONE',  ( -40.50000000000081002, 53.49999999999999289, 70.14805770653904915 ) ) ;
#6854 = CARTESIAN_POINT ( 'NONE',  ( -23.52231190020075502, 60.24613397907617696, 68.74183932262809549 ) ) ;
#6855 = ORIENTED_EDGE ( 'NONE', *, *, #5877, .F. ) ;
#6856 = ORIENTED_EDGE ( 'NONE', *, *, #4126, .T. ) ;
#6857 = CARTESIAN_POINT ( 'NONE',  ( 43.81650911529712999, 67.16491451319363648, -46.47094791782428302 ) ) ;
#6858 = CARTESIAN_POINT ( 'NONE',  ( 43.53884283324617854, 53.49999999999999289, 69.13218617071132144 ) ) ;
#6859 = CARTESIAN_POINT ( 'NONE',  ( 22.08084192095396148, 50.03241630556713915, -70.94977899300597812 ) ) ;
#6860 = CARTESIAN_POINT ( 'NONE',  ( 8.681445989019579037E-15, 95.24999999999998579, 0.000000000000000000 ) ) ;
#6861 = DIRECTION ( 'NONE',  ( 0.000000000000000000, -1.000000000000000000, 0.000000000000000000 ) ) ;
#6862 = ADVANCED_FACE ( 'NONE', ( #5289 ), #7828, .F. ) ;
#6863 = CARTESIAN_POINT ( 'NONE',  ( -42.50638950092937307, 56.03594835245738182, -69.77195628386161275 ) ) ;
#6864 = LINE ( 'NONE', #8988, #3074 ) ;
#6865 =( LENGTH_UNIT ( ) NAMED_UNIT ( * ) SI_UNIT ( .MILLI., .METRE. ) );
#6866 = FACE_OUTER_BOUND ( 'NONE', #5391, .T. ) ;
#6867 = CARTESIAN_POINT ( 'NONE',  ( -64.43126997196220884, 69.26824522736524159, -8.809645964257672546 ) ) ;
#6868 = EDGE_CURVE ( 'NONE', #6937, #6785, #8409, .T. ) ;
#6869 = CARTESIAN_POINT ( 'NONE',  ( 22.49316449114795802, 70.76234598750697558, -62.06910042076061984 ) ) ;
#6870 = CARTESIAN_POINT ( 'NONE',  ( 49.80219423662580880, 50.61866292743543738, 58.25993074625121437 ) ) ;
#6871 = ORIENTED_EDGE ( 'NONE', *, *, #2826, .T. ) ;
#6872 = CARTESIAN_POINT ( 'NONE',  ( 63.39019740839131600, 68.59727111945987588, -6.287962771878142121 ) ) ;
#6873 = B_SPLINE_CURVE_WITH_KNOTS ( 'NONE', 3,
 ( #914, #7878, #4466, #1052, #6518, #7956, #2248, #5793, #325, #7917 ),
 .UNSPECIFIED., .F., .F.,
 ( 4, 2, 2, 2, 4 ),
 ( 0.000000000000000000, 0.0006175157415189905371, 0.001235031483037981074, 0.001852547224556971503, 0.002470062966075962149 ),
 .UNSPECIFIED. ) ;
#6874 = EDGE_LOOP ( 'NONE', ( #940, #3542, #8716, #948, #8104, #911, #4693, #5137, #1793, #5404 ) ) ;
#6875 = CARTESIAN_POINT ( 'NONE',  ( 24.74553931705008125, 68.96597822076709861, 59.78297032157472302 ) ) ;
#6876 = CARTESIAN_POINT ( 'NONE',  ( 31.37099767296456321, 81.30585568320373113, -25.63172291822203164 ) ) ;
#6877 = CARTESIAN_POINT ( 'NONE',  ( -42.06217782649175518, 71.00000000000000000, 58.85382907247908690 ) ) ;
#6878 = CARTESIAN_POINT ( 'NONE',  ( 45.75691722499872327, 76.14709066921210479, -12.34324955966655502 ) ) ;
#6879 = CARTESIAN_POINT ( 'NONE',  ( 44.13677915315356870, 67.21756541262415396, 44.64274776568134229 ) ) ;
#6880 = ORIENTED_EDGE ( 'NONE', *, *, #4442, .T. ) ;
#6881 = CARTESIAN_POINT ( 'NONE',  ( 24.27294201064076518, 70.96746529199602094, -61.04154539078378860 ) ) ;
#6882 = CARTESIAN_POINT ( 'NONE',  ( -44.77528813446654254, 66.83309344415619080, -44.55162171656953518 ) ) ;
#6883 = ORIENTED_EDGE ( 'NONE', *, *, #2429, .F. ) ;
#6884 = DIRECTION ( 'NONE',  ( -1.387778780781446464E-15, 1.000000000000000000, 0.000000000000000000 ) ) ;
#6885 = ORIENTED_EDGE ( 'NONE', *, *, #4256, .T. ) ;
#6886 = CARTESIAN_POINT ( 'NONE',  ( -25.74429877895630980, 48.19213390078298431, -72.59043349038614679 ) ) ;
#6887 = CARTESIAN_POINT ( 'NONE',  ( -50.03308624046297837, 46.02785684633894903, 58.65984742795541962 ) ) ;
#6888 = CYLINDRICAL_SURFACE ( 'NONE', #4887, 2.499999999999999112 ) ;
#6889 = CARTESIAN_POINT ( 'NONE',  ( 25.92232667802418433, 46.00000000000000000, 72.89878685673744485 ) ) ;
#6890 = DIRECTION ( 'NONE',  ( -0.000000000000000000, -1.000000000000000000, -0.000000000000000000 ) ) ;
#6891 = CIRCLE ( 'NONE', #1530, 81.70000000000000284 ) ;
#6892 = CARTESIAN_POINT ( 'NONE',  ( 64.04436338936713469, 69.12285726949806985, 5.341910111699453623 ) ) ;
#6893 = CARTESIAN_POINT ( 'NONE',  ( 71.00000000000000000, 71.00000000000000000, 4.499999999999998224 ) ) ;
#6894 = CARTESIAN_POINT ( 'NONE',  ( -75.02647950168650937, 46.22974096026070612, -14.09925275311572612 ) ) ;
#6895 = EDGE_LOOP ( 'NONE', ( #3396, #4453, #3674, #8612 ) ) ;
#6896 = DIRECTION ( 'NONE',  ( -1.000000000000000000, 0.000000000000000000, 0.000000000000000000 ) ) ;
#6897 = CARTESIAN_POINT ( 'NONE',  ( 52.30834244015469636, 70.74265042070821607, -24.51009918068092475 ) ) ;
#6898 = CARTESIAN_POINT ( 'NONE',  ( 21.95646912118796834, 51.06858755565206565, -70.74426923894372976 ) ) ;
#6899 = CARTESIAN_POINT ( 'NONE',  ( 75.81613357572155110, 47.11423984721403713, 13.99999999999999645 ) ) ;
#6900 = CARTESIAN_POINT ( 'NONE',  ( 0.000000000000000000, 46.00000000000000000, 0.000000000000000000 ) ) ;
#6901 = AXIS2_PLACEMENT_3D ( 'NONE', #553, #6069, #5395 ) ;
#6902 = CARTESIAN_POINT ( 'NONE',  ( -43.27379606479438934, 54.90743859443972497, -69.29844594580117700 ) ) ;
#6903 = EDGE_CURVE ( 'NONE', #1412, #2021, #6733, .T. ) ;
#6904 = CARTESIAN_POINT ( 'NONE',  ( 44.62435565298236639, 70.33830226810675867, -49.29165124598830516 ) ) ;
#6905 = EDGE_CURVE ( 'NONE', #7072, #886, #2486, .T. ) ;
#6906 = CARTESIAN_POINT ( 'NONE',  ( 37.04431977705834811, 68.65059679230793677, 51.90083523056676995 ) ) ;
#6907 = CARTESIAN_POINT ( 'NONE',  ( -64.99999999999991473, 63.85709599279906001, -15.95047812675911025 ) ) ;
#6908 = FACE_OUTER_BOUND ( 'NONE', #4232, .T. ) ;
#6909 = CARTESIAN_POINT ( 'NONE',  ( -35.99999999999985079, 53.49999999999999289, -62.35382907247966244 ) ) ;
#6910 = CIRCLE ( 'NONE', #8069, 81.70000000000000284 ) ;
#6911 = CARTESIAN_POINT ( 'NONE',  ( 43.99617625189252124, 68.39397752114253137, 48.20361260703429451 ) ) ;
#6912 = ORIENTED_EDGE ( 'NONE', *, *, #5030, .T. ) ;
#6913 = DIRECTION ( 'NONE',  ( 8.949944318576885364E-17, 1.000000000000000000, 0.000000000000000000 ) ) ;
#6914 = ORIENTED_EDGE ( 'NONE', *, *, #5322, .T. ) ;
#6915 = FACE_OUTER_BOUND ( 'NONE', #2960, .T. ) ;
#6916 = CARTESIAN_POINT ( 'NONE',  ( 46.78866943406563905, 72.13421329607371035, -33.38232258785978956 ) ) ;
#6917 = CARTESIAN_POINT ( 'NONE',  ( 74.49557533683919530, 46.48927481284903962, 14.29799290833598846 ) ) ;
#6918 = EDGE_CURVE ( 'NONE', #2208, #3905, #1582, .T. ) ;
#6919 = CARTESIAN_POINT ( 'NONE',  ( 32.66425235951663097, 80.20859221474233891, -14.83612364665607863 ) ) ;
#6920 = CARTESIAN_POINT ( 'NONE',  ( 44.56239100559819377, 67.38180933480943224, 43.78380246452319824 ) ) ;
#6921 = ORIENTED_EDGE ( 'NONE', *, *, #8761, .T. ) ;
#6922 = CARTESIAN_POINT ( 'NONE',  ( -63.34646308881597321, 68.50409903061287764, 7.166328455203474945 ) ) ;
#6923 = CARTESIAN_POINT ( 'NONE',  ( -45.14591466673007147, 66.22292686396978922, -45.20589269082903883 ) ) ;
#6924 = ORIENTED_EDGE ( 'NONE', *, *, #501, .T. ) ;
#6925 = CARTESIAN_POINT ( 'NONE',  ( 64.99999999999997158, 71.45628046717176574, 2.877440614617357895 ) ) ;
#6926 = ORIENTED_EDGE ( 'NONE', *, *, #7201, .T. ) ;
#6927 = CARTESIAN_POINT ( 'NONE',  ( 63.11538806915362443, 65.00834819740245507, 16.48216696690065675 ) ) ;
#6928 = CARTESIAN_POINT ( 'NONE',  ( 38.10080802636652919, 53.50000000000019185, 72.27183703032575579 ) ) ;
#6929 = LINE ( 'NONE', #4348, #5548 ) ;
#6930 = ORIENTED_EDGE ( 'NONE', *, *, #1957, .T. ) ;
#6931 = CARTESIAN_POINT ( 'NONE',  ( -41.02606869883302210, 50.29979247090648187, 70.65263121065676444 ) ) ;
#6932 = DIRECTION ( 'NONE',  ( -0.4999999999999980016, -0.000000000000000000, -0.8660254037844398178 ) ) ;
#6933 = EDGE_CURVE ( 'NONE', #8872, #4430, #8682, .T. ) ;
#6934 = CARTESIAN_POINT ( 'NONE',  ( -25.78437493449784768, 46.02785684633894903, -72.65984742795606621 ) ) ;
#6935 = DIRECTION ( 'NONE',  ( -0.000000000000000000, -1.000000000000000000, -0.000000000000000000 ) ) ;
#6936 = CARTESIAN_POINT ( 'NONE',  ( 0.000000000000000000, 49.00000000000000000, 0.000000000000000000 ) ) ;
#6937 = VERTEX_POINT ( 'NONE', #535 ) ;
#6938 = EDGE_LOOP ( 'NONE', ( #5847, #5723 ) ) ;
#6939 = DIRECTION ( 'NONE',  ( 0.000000000000000000, 1.000000000000000000, 0.000000000000000000 ) ) ;
#6940 = CARTESIAN_POINT ( 'NONE',  ( 72.00000000000000000, 71.00000000000000000, 10.50000000000000178 ) ) ;
#6941 = CARTESIAN_POINT ( 'NONE',  ( 17.90883459805468902, 63.85246432331280175, -63.95956714160485035 ) ) ;
#6942 = CARTESIAN_POINT ( 'NONE',  ( -19.03589492747953926, 67.36036662748425385, 61.59404296909006149 ) ) ;
#6943 = LINE ( 'NONE', #2724, #1948 ) ;
#6944 = EDGE_CURVE ( 'NONE', #2804, #7902, #8128, .T. ) ;
#6945 = DIRECTION ( 'NONE',  ( 0.000000000000000000, 0.000000000000000000, 1.000000000000000000 ) ) ;
#6946 = DIRECTION ( 'NONE',  ( 0.000000000000000000, 0.000000000000000000, -1.000000000000000000 ) ) ;
#6947 = CIRCLE ( 'NONE', #3323, 2.500000000000002220 ) ;
#6948 = CARTESIAN_POINT ( 'NONE',  ( 20.98379271469909924, 55.95718616389150668, -69.12947802408554310 ) ) ;
#6949 = CARTESIAN_POINT ( 'NONE',  ( -64.99999999999998579, 65.48387241164297734, -5.390923584078373132 ) ) ;
#6950 = VECTOR ( 'NONE', #3051, 1000.000000000000000 ) ;
#6951 = CARTESIAN_POINT ( 'NONE',  ( 25.15986046986508029, 46.30971242683347100, 71.89202420230299140 ) ) ;
#6952 = DIRECTION ( 'NONE',  ( -0.4999999999999980016, -0.000000000000000000, -0.8660254037844398178 ) ) ;
#6953 = CARTESIAN_POINT ( 'NONE',  ( 36.20369822107720381, 68.77445268785594124, -48.66760809139130828 ) ) ;
#6954 = AXIS2_PLACEMENT_3D ( 'NONE', #2130, #4356, #6420 ) ;
#6955 = CARTESIAN_POINT ( 'NONE',  ( 19.90035552566535415, 68.11553659766630631, -62.46842685913584603 ) ) ;
#6956 = CARTESIAN_POINT ( 'NONE',  ( 49.10077795286918700, 55.22173470843916476, 57.04504210552853039 ) ) ;
#6957 = ORIENTED_EDGE ( 'NONE', *, *, #7870, .T. ) ;
#6958 = ORIENTED_EDGE ( 'NONE', *, *, #6822, .F. ) ;
#6959 = CARTESIAN_POINT ( 'NONE',  ( 63.34646308881603005, 68.50409903061287764, -7.166328455203456294 ) ) ;
#6960 = ORIENTED_EDGE ( 'NONE', *, *, #3873, .F. ) ;
#6961 = CARTESIAN_POINT ( 'NONE',  ( 0.000000000000000000, 80.99999999999998579, -14.00000000000000000 ) ) ;
#6962 = CARTESIAN_POINT ( 'NONE',  ( 36.86091910987564546, 77.05486963405445522, -33.40385321762668269 ) ) ;
#6963 = DIRECTION ( 'NONE',  ( 0.000000000000000000, 0.000000000000000000, -1.000000000000000000 ) ) ;
#6964 = AXIS2_PLACEMENT_3D ( 'NONE', #2340, #698, #5487 ) ;
#6965 = CARTESIAN_POINT ( 'NONE',  ( 45.06796595535459460, 76.23376827100736364, -14.11778798369723908 ) ) ;
#6966 = AXIS2_PLACEMENT_3D ( 'NONE', #6006, #6649, #7362 ) ;
#6967 = CARTESIAN_POINT ( 'NONE',  ( 47.39552215248209421, 69.72852694534910256, 47.69171752153307864 ) ) ;
#6968 = EDGE_CURVE ( 'NONE', #7425, #3972, #7000, .T. ) ;
#6969 = EDGE_CURVE ( 'NONE', #1570, #6107, #6586, .T. ) ;
#6970 = ORIENTED_EDGE ( 'NONE', *, *, #75, .F. ) ;
#6971 = CARTESIAN_POINT ( 'NONE',  ( -28.59115078230985674, 71.00000000002407319, 58.52132580182182409 ) ) ;
#6972 = VECTOR ( 'NONE', #5535, 1000.000000000000000 ) ;
#6973 = CARTESIAN_POINT ( 'NONE',  ( 22.03138215252702636, 50.54137333704083801, 70.86819772924523875 ) ) ;
#6974 = EDGE_CURVE ( 'NONE', #3707, #8899, #5596, .T. ) ;
#6975 = ORIENTED_EDGE ( 'NONE', *, *, #3150, .T. ) ;
#6976 = CARTESIAN_POINT ( 'NONE',  ( 65.00000000000000000, 71.34451325395471599, -5.832435989032530799 ) ) ;
#6977 = ORIENTED_EDGE ( 'NONE', *, *, #3424, .F. ) ;
#6978 = CARTESIAN_POINT ( 'NONE',  ( 64.74126540453057999, 63.45883282103691414, 16.46621447235191482 ) ) ;
#6979 = MANIFOLD_SOLID_BREP ( 'Wyciêcie-obrót2', #1168 ) ;
#6980 = CARTESIAN_POINT ( 'NONE',  ( -61.84517116441423923, 66.12567138046493653, 16.49358300124665888 ) ) ;
#6981 = CARTESIAN_POINT ( 'NONE',  ( -64.99999999999998579, 71.00000000000000000, 9.500000000000008882 ) ) ;
#6982 = ORIENTED_EDGE ( 'NONE', *, *, #9005, .F. ) ;
#6983 = CARTESIAN_POINT ( 'NONE',  ( 31.65951161597273966, 82.17301288336557263, -21.32552592742032260 ) ) ;
#6984 = CARTESIAN_POINT ( 'NONE',  ( -0.000000000000000000, 80.99999999999998579, -14.00000000000000000 ) ) ;
#6985 = CARTESIAN_POINT ( 'NONE',  ( -49.86151216686295129, 47.53496170213737315, -55.85618044940750337 ) ) ;
#6986 = CARTESIAN_POINT ( 'NONE',  ( 64.99999999999998579, 70.78512895719383380, 9.497415184861864645 ) ) ;
#6987 = ADVANCED_FACE ( 'NONE', ( #3693 ), #2952, .F. ) ;
#6988 = CARTESIAN_POINT ( 'NONE',  ( -45.14591466673071096, 66.22292686396980343, 45.20589269082842776 ) ) ;
#6989 = CARTESIAN_POINT ( 'NONE',  ( 64.99999999999998579, 71.00000000000000000, -7.000000000000005329 ) ) ;
#6990 = ORIENTED_EDGE ( 'NONE', *, *, #4979, .F. ) ;
#6991 = ORIENTED_EDGE ( 'NONE', *, *, #3831, .F. ) ;
#6992 = CARTESIAN_POINT ( 'NONE',  ( 74.53166453491235188, 48.61675045524524563, 149.0633290698246185 ) ) ;
#6993 = CARTESIAN_POINT ( 'NONE',  ( 43.53884283324715909, 53.29170167436994632, -69.13218617071071037 ) ) ;
#6994 = CARTESIAN_POINT ( 'NONE',  ( -73.50215154756890001, 53.49999999999999289, 0.000000000000000000 ) ) ;
#6995 = DIRECTION ( 'NONE',  ( 0.5000000000000041078, -0.000000000000000000, -0.8660254037844363761 ) ) ;
#6996 = FACE_OUTER_BOUND ( 'NONE', #8962, .T. ) ;
#6997 = CARTESIAN_POINT ( 'NONE',  ( -50.59889340631436738, 45.87634716325730722, 54.95257857073135455 ) ) ;
#6998 = DIRECTION ( 'NONE',  ( 0.000000000000000000, 0.000000000000000000, 1.000000000000000000 ) ) ;
#6999 = CARTESIAN_POINT ( 'NONE',  ( 37.79046942205123827, 68.49963253946566510, 51.29952958292589216 ) ) ;
#7000 = B_SPLINE_CURVE_WITH_KNOTS ( 'NONE', 3,
 ( #8005, #4553, #7318, #6187, #4131, #4854, #3504, #8261, #2048, #8213, #8940, #4808, #5454, #6906, #1997, #7575, #1406, #623, #8308, #6999, #6325, #1452, #6144, #5551, #665, #3409, #2727, #3452, #6233, #4090, #5503, #8989, #7533, #4225, #8896, #1356, #3364, #2778 ),
 .UNSPECIFIED., .F., .F.,
 ( 4, 2, 2, 2, 2, 2, 2, 2, 2, 2, 2, 2, 2, 2, 2, 2, 2, 2, 4 ),
 ( 0.0003740696040165258549, 0.0009122905825379909982, 0.001450511561059456087, 0.001988732539580921176, 0.002526953518102386265, 0.003065174496623851788, 0.003603395475145316443, 0.004141616453666781099, 0.004410726942927503669, 0.004679837432188226239, 0.004948947921448948808, 0.005218058410709672246, 0.005756279389231111314, 0.006294500367752549515, 0.006832721346273987716, 0.007370942324795426784, 0.007909163303316864985, 0.008447384281838303186, 0.008985605260359741386 ),
 .UNSPECIFIED. ) ;
#7001 = CARTESIAN_POINT ( 'NONE',  ( -12.12435565298215856, 45.99999999999999289, 6.999999999999972466 ) ) ;
#7002 = CARTESIAN_POINT ( 'NONE',  ( 23.76508790758407130, 47.27665630569254063, 71.16893764501458008 ) ) ;
#7003 = DIRECTION ( 'NONE',  ( 0.4999999999999979461, 0.000000000000000000, 0.8660254037844397068 ) ) ;
#7004 = CARTESIAN_POINT ( 'NONE',  ( -25.74426709607830333, 48.19300188175394339, 72.59037861402956082 ) ) ;
#7005 = DIRECTION ( 'NONE',  ( 0.8660254037844443697, 0.000000000000000000, -0.4999999999999902300 ) ) ;
#7006 = ORIENTED_EDGE ( 'NONE', *, *, #399, .F. ) ;
#7007 = ORIENTED_EDGE ( 'NONE', *, *, #2414, .F. ) ;
#7008 = CARTESIAN_POINT ( 'NONE',  ( 64.59485979443512349, 69.84325152652399993, -4.777591559265220056 ) ) ;
#7009 = ORIENTED_EDGE ( 'NONE', *, *, #7672, .F. ) ;
#7010 = CARTESIAN_POINT ( 'NONE',  ( 44.57275718486194194, 69.52068220640249763, -49.20228007761097899 ) ) ;
#7011 = CARTESIAN_POINT ( 'NONE',  ( 33.65107819415664636, 79.13958850341819584, -30.77213823891306532 ) ) ;
#7012 = CARTESIAN_POINT ( 'NONE',  ( 75.60992292567755158, 46.05586463635719952, 14.00000000000000178 ) ) ;
#7013 = CARTESIAN_POINT ( 'NONE',  ( 41.84062216674769275, 79.86244316513553088, -13.61961117304186430 ) ) ;
#7014 = EDGE_CURVE ( 'NONE', #2574, #6447, #7534, .T. ) ;
#7015 = VERTEX_POINT ( 'NONE', #178 ) ;
#7016 = CARTESIAN_POINT ( 'NONE',  ( -64.91510150348808850, 70.64321809928574680, 4.519584932379327569 ) ) ;
#7017 = VERTEX_POINT ( 'NONE', #6377 ) ;
#7018 = CARTESIAN_POINT ( 'NONE',  ( 65.00000000000000000, 65.37143774606052204, 6.736849619091680452 ) ) ;
#7019 = ORIENTED_EDGE ( 'NONE', *, *, #3225, .F. ) ;
#7020 = CARTESIAN_POINT ( 'NONE',  ( 75.08324980882186139, 51.79954327710279216, 14.00000000000000178 ) ) ;
#7021 = EDGE_CURVE ( 'NONE', #8014, #3182, #1808, .T. ) ;
#7022 = CARTESIAN_POINT ( 'NONE',  ( -42.74089066124676606, 67.16783077012775038, -46.02939418604284327 ) ) ;
#7023 = EDGE_CURVE ( 'NONE', #5304, #4253, #3785, .T. ) ;
#7024 = ORIENTED_EDGE ( 'NONE', *, *, #5030, .F. ) ;
#7025 = CARTESIAN_POINT ( 'NONE',  ( -71.63150105874400708, 53.09967776846266219, 16.36943979495305257 ) ) ;
#7026 = CARTESIAN_POINT ( 'NONE',  ( -41.02934585244489085, 56.70002669026435171, 70.65073127462275693 ) ) ;
#7027 = ORIENTED_EDGE ( 'NONE', *, *, #6699, .T. ) ;
#7028 = CARTESIAN_POINT ( 'NONE',  ( 64.99999999999998579, 71.00000000000000000, -9.500000000000008882 ) ) ;
#7029 = CARTESIAN_POINT ( 'NONE',  ( -48.92830132605863014, 55.96238029589262908, 56.74630382477148061 ) ) ;
#7030 = CARTESIAN_POINT ( 'NONE',  ( -25.67069248138104953, 68.50041615695936059, 58.26332571976005426 ) ) ;
#7031 = CARTESIAN_POINT ( 'NONE',  ( 63.30167245065050707, 68.52742641648099209, 6.620011514763636917 ) ) ;
#7032 = CARTESIAN_POINT ( 'NONE',  ( 47.97821099304417203, 54.28634147770641505, -55.10069909612958838 ) ) ;
#7033 = DIRECTION ( 'NONE',  ( -1.000000000000000000, -0.000000000000000000, -0.000000000000000000 ) ) ;
#7034 = VERTEX_POINT ( 'NONE', #859 ) ;
#7035 = ORIENTED_EDGE ( 'NONE', *, *, #4351, .T. ) ;
#7036 = CARTESIAN_POINT ( 'NONE',  ( -12.12435565298211060, 80.99999999999998579, -7.000000000000057732 ) ) ;
#7037 = CARTESIAN_POINT ( 'NONE',  ( -80.99999999999998579, 53.49999999999999289, 0.000000000000000000 ) ) ;
#7038 = CARTESIAN_POINT ( 'NONE',  ( 26.90673326026371015, 71.00000000000000000, -67.60382907247947060 ) ) ;
#7039 = CARTESIAN_POINT ( 'NONE',  ( -17.37968718960686232, 67.11011714587894517, 60.77107372865071966 ) ) ;
#7040 = CARTESIAN_POINT ( 'NONE',  ( 37.29630314430337990, 67.31722588028230803, -27.97138810716625201 ) ) ;
#7041 = EDGE_CURVE ( 'NONE', #8685, #834, #3217, .T. ) ;
#7042 = VECTOR ( 'NONE', #1307, 1000.000000000000227 ) ;
#7043 = DIRECTION ( 'NONE',  ( 0.8660254037844326014, 0.000000000000000000, 0.5000000000000104361 ) ) ;
#7044 = CARTESIAN_POINT ( 'NONE',  ( -19.09263111135843616, 61.45732291406982739, -65.96052081463766115 ) ) ;
#7045 = CARTESIAN_POINT ( 'NONE',  ( 38.48931626819178575, 73.73357705609637947, -35.74762568513955330 ) ) ;
#7046 = CARTESIAN_POINT ( 'NONE',  ( -64.99999999999998579, 65.63336495314503338, -2.686221345670010585 ) ) ;
#7047 = AXIS2_PLACEMENT_3D ( 'NONE', #2525, #8088, #3161 ) ;
#7048 = CARTESIAN_POINT ( 'NONE',  ( 50.41679377038674659, 48.47834918484085165, -54.91626653385671375 ) ) ;
#7049 = CARTESIAN_POINT ( 'NONE',  ( -37.32391409646042746, 68.54077820446755709, -51.56289357022417619 ) ) ;
#7050 = CARTESIAN_POINT ( 'NONE',  ( -18.49217935529681966, 67.16783077009802128, 60.02939418601053490 ) ) ;
#7051 = CARTESIAN_POINT ( 'NONE',  ( 81.69383837385981906, 50.46678515849485080, 1.021249910963137442 ) ) ;
#7052 = ORIENTED_EDGE ( 'NONE', *, *, #6736, .F. ) ;
#7053 = CARTESIAN_POINT ( 'NONE',  ( -29.93782217350969077, 71.00000000000000000, 65.85382907247922901 ) ) ;
#7054 = ORIENTED_EDGE ( 'NONE', *, *, #4285, .T. ) ;
#7055 = FACE_BOUND ( 'NONE', #2830, .T. ) ;
#7056 = CARTESIAN_POINT ( 'NONE',  ( -81.63965085961430646, 53.29358488135265759, -3.139650859614334877 ) ) ;
#7057 = CARTESIAN_POINT ( 'NONE',  ( -38.91613928324626670, 53.49999999999999289, 62.40473047300790910 ) ) ;
#7058 = CARTESIAN_POINT ( 'NONE',  ( 39.20830471180000387, 78.64534654833242655, -11.56918089067406719 ) ) ;
#7059 = CARTESIAN_POINT ( 'NONE',  ( 41.82572651505663686, 64.91731202440135462, 50.90744053210847397 ) ) ;
#7060 = ORIENTED_EDGE ( 'NONE', *, *, #2965, .T. ) ;
#7061 = CONICAL_SURFACE ( 'NONE', #4157, 3.500000000000002665, 0.7853981633974482790 ) ;
#7062 = FACE_OUTER_BOUND ( 'NONE', #1713, .T. ) ;
#7063 = ORIENTED_EDGE ( 'NONE', *, *, #967, .T. ) ;
#7064 = EDGE_CURVE ( 'NONE', #8754, #1507, #5825, .T. ) ;
#7065 = CARTESIAN_POINT ( 'NONE',  ( -76.23219817601714965, 45.99999999999999289, -14.00000000000000000 ) ) ;
#7066 = ORIENTED_EDGE ( 'NONE', *, *, #2144, .T. ) ;
#7067 = CARTESIAN_POINT ( 'NONE',  ( 53.23380624890397428, 70.73668115151122038, -22.39598236226849437 ) ) ;
#7068 = CARTESIAN_POINT ( 'NONE',  ( -49.10130074123539146, 56.99209030537450360, -52.24290195363387568 ) ) ;
#7069 = VERTEX_POINT ( 'NONE', #8036 ) ;
#7070 = CARTESIAN_POINT ( 'NONE',  ( -65.09822895895847239, 67.19961627838671347, 13.99999999999998757 ) ) ;
#7071 = LINE ( 'NONE', #2950, #2204 ) ;
#7072 = VERTEX_POINT ( 'NONE', #3910 ) ;
#7073 = CARTESIAN_POINT ( 'NONE',  ( 35.10628910596081909, 82.02411674159681354, -16.01568504159641648 ) ) ;
#7074 = CARTESIAN_POINT ( 'NONE',  ( -49.24586079572876685, 54.48109043193351653, 57.29633296066477754 ) ) ;
#7075 = CARTESIAN_POINT ( 'NONE',  ( 1.039595150782587427E-14, 96.99999999999998579, -14.00000000000000000 ) ) ;
#7076 = CARTESIAN_POINT ( 'NONE',  ( 49.80375207478414978, 54.09044109429373748, -53.50903123643368531 ) ) ;
#7077 = DIRECTION ( 'NONE',  ( 0.000000000000000000, 0.000000000000000000, 1.000000000000000000 ) ) ;
#7078 = ORIENTED_EDGE ( 'NONE', *, *, #4537, .T. ) ;
#7079 = ORIENTED_EDGE ( 'NONE', *, *, #3294, .F. ) ;
#7080 = CARTESIAN_POINT ( 'NONE',  ( -72.32922377359081167, 65.71575228053563933, 1.983292718851806476E-15 ) ) ;
#7081 = CARTESIAN_POINT ( 'NONE',  ( 43.27320505782261506, 54.90904685643918270, -69.29881548785576229 ) ) ;
#7082 = CARTESIAN_POINT ( 'NONE',  ( -64.20084615512422488, 68.25930828242512405, 14.00000000000000000 ) ) ;
#7083 = CARTESIAN_POINT ( 'NONE',  ( 36.84692656017963941, 67.66924773589428810, -27.37428905789538547 ) ) ;
#7084 = EDGE_CURVE ( 'NONE', #4739, #7520, #8800, .T. ) ;
#7085 = VECTOR ( 'NONE', #5084, 1000.000000000000114 ) ;
#7086 = LINE ( 'NONE', #5697, #850 ) ;
#7087 = EDGE_CURVE ( 'NONE', #1166, #5076, #1357, .T. ) ;
#7088 = CARTESIAN_POINT ( 'NONE',  ( -21.95646912118828453, 51.06858755565107089, -70.74426923894384345 ) ) ;
#7089 = CARTESIAN_POINT ( 'NONE',  ( 29.54008147192455169, 78.72948008309282386, -27.88755938994730244 ) ) ;
#7090 =( BOUNDED_SURFACE ( )  B_SPLINE_SURFACE ( 3, 2, ( 
 ( #7593, #6208, #2066 ),
 ( #8330, #8434, #7743 ),
 ( #4877, #1332, #3478 ),
 ( #8961, #7018, #7642 ),
 ( #3526, #3384, #1427 ),
 ( #4152, #2892, #6925 ),
 ( #6261, #4108, #2750 ),
 ( #4294, #2798, #688 ),
 ( #4782, #4200, #6976 ),
 ( #737, #51, #2844 ),
 ( #5619, #8377, #8283 ),
 ( #2162, #1477, #5670 ) ),
 .UNSPECIFIED., .F., .F., .F. ) 
 B_SPLINE_SURFACE_WITH_KNOTS ( ( 4, 2, 2, 2, 2, 4 ),
 ( 3, 3 ),
 ( 0.04596579152697865406, 0.05469982312265932178, 0.05906683892049965218, 0.06343385471833998257, 0.07216788631402065723, 0.08090191790970131802 ),
 ( 0.000000000000000000, 1.000000000000000000 ),
 .UNSPECIFIED. ) 
 GEOMETRIC_REPRESENTATION_ITEM ( )  RATIONAL_B_SPLINE_SURFACE ( (
 ( 1.000000000000000000, 0.4470413949512919149, 1.000000000000000000),
 ( 1.000000000000000000, 0.4508719092567937126, 1.000000000000000000),
 ( 1.000000000000000000, 0.4535957092018329528, 1.000000000000000000),
 ( 1.000000000000000000, 0.4562964902215099761, 1.000000000000000000),
 ( 1.000000000000000000, 0.4569643652234284814, 1.000000000000000000),
 ( 1.000000000000000000, 0.4578526834170916771, 1.000000000000000000),
 ( 1.000000000000000000, 0.4580721740623110994, 1.000000000000000000),
 ( 1.000000000000000000, 0.4580613410279964492, 1.000000000000000000),
 ( 1.000000000000000000, 0.4571748802214085639, 1.000000000000000000),
 ( 1.000000000000000000, 0.4535762175712005351, 1.000000000000000000),
 ( 1.000000000000000000, 0.4508604777156060006, 1.000000000000000000),
 ( 1.000000000000000000, 0.4470422633554487768, 1.000000000000000000) ) ) 
 REPRESENTATION_ITEM ( '' )  SURFACE ( )  );
#7091 = CARTESIAN_POINT ( 'NONE',  ( 39.96327931300331926, 56.53357651241778825, 71.25912374770187796 ) ) ;
#7092 = DIRECTION ( 'NONE',  ( 0.000000000000000000, -1.000000000000000000, 0.000000000000000000 ) ) ;
#7093 = CARTESIAN_POINT ( 'NONE',  ( -50.03308624046215414, 46.02785684633895613, -58.65984742795610885 ) ) ;
#7094 = CARTESIAN_POINT ( 'NONE',  ( 47.14105016936918702, 61.97525265978688935, 53.65069401550216099 ) ) ;
#7095 = TOROIDAL_SURFACE ( 'NONE', #3054, 77.50708379720883556, 3.000000000000000000 ) ;
#7096 = CARTESIAN_POINT ( 'NONE',  ( -18.93481032074741321, 66.45418853071925014, 60.79605350714694367 ) ) ;
#7097 = FACE_OUTER_BOUND ( 'NONE', #6703, .T. ) ;
#7098 = ORIENTED_EDGE ( 'NONE', *, *, #8068, .T. ) ;
#7099 = DIRECTION ( 'NONE',  ( 0.4999999999999919509, 0.000000000000000000, 0.8660254037844432595 ) ) ;
#7100 = CONICAL_SURFACE ( 'NONE', #1874, 3.500000000000002665, 0.7853981633974482790 ) ;
#7101 = ORIENTED_EDGE ( 'NONE', *, *, #4308, .F. ) ;
#7102 = CARTESIAN_POINT ( 'NONE',  ( -70.03338903277506233, 61.97525265978689646, 14.00000000000000178 ) ) ;
#7103 = CARTESIAN_POINT ( 'NONE',  ( -44.22697078289295547, 67.28334231014488864, 44.35365434295568576 ) ) ;
#7104 = DIRECTION ( 'NONE',  ( -0.8660254037844358210, 0.000000000000000000, -0.5000000000000051070 ) ) ;
#7105 = CARTESIAN_POINT ( 'NONE',  ( 0.000000000000000000, 61.00000000000000000, 0.000000000000000000 ) ) ;
#7106 = CARTESIAN_POINT ( 'NONE',  ( 19.57914955337839658, 65.33113625351153075, 61.91208179545262169 ) ) ;
#7107 = ORIENTED_EDGE ( 'NONE', *, *, #6968, .F. ) ;
#7108 = CARTESIAN_POINT ( 'NONE',  ( 44.57203338960335515, 69.51517159522333600, 49.20102642745064969 ) ) ;
#7109 = FACE_BOUND ( 'NONE', #296, .T. ) ;
#7110 = VERTEX_POINT ( 'NONE', #6684 ) ;
#7111 = CARTESIAN_POINT ( 'NONE',  ( -36.20369822106487590, 68.77445268785120902, 48.66760809140914290 ) ) ;
#7112 = VERTEX_POINT ( 'NONE', #6604 ) ;
#7113 = CARTESIAN_POINT ( 'NONE',  ( 73.34366810320956631, 48.00576291639673343, 13.99999999999271161 ) ) ;
#7114 = CARTESIAN_POINT ( 'NONE',  ( -46.43619266065576312, 63.85246432330959721, -47.48928928489906554 ) ) ;
#7115 = CIRCLE ( 'NONE', #8119, 81.70000000000000284 ) ;
#7116 = COLOUR_RGB ( '',0.7921568627450980005, 0.8196078431372548767, 0.9333333333333333481 ) ;
#7117 = EDGE_LOOP ( 'NONE', ( #1931, #1260 ) ) ;
#7118 = CIRCLE ( 'NONE', #5355, 3.500000000000002665 ) ;
#7119 = DIRECTION ( 'NONE',  ( -0.8660254037844358210, 0.000000000000000000, -0.5000000000000051070 ) ) ;
#7120 = VERTEX_POINT ( 'NONE', #3148 ) ;
#7121 = CARTESIAN_POINT ( 'NONE',  ( 31.28572573259913270, 81.68513390735827784, -24.12500000000006040 ) ) ;
#7122 = AXIS2_PLACEMENT_3D ( 'NONE', #3740, #1657, #1743 ) ;
#7123 = CONICAL_SURFACE ( 'NONE', #1759, 3.500000000000000444, 0.7853981633974482790 ) ;
#7124 = CARTESIAN_POINT ( 'NONE',  ( -49.63021311722452822, 46.48927249478056467, -57.36606867313210500 ) ) ;
#7125 = CYLINDRICAL_SURFACE ( 'NONE', #3799, 5.899999999999995914 ) ;
#7126 = CARTESIAN_POINT ( 'NONE',  ( -12.25000000000000355, 76.42166581354543098, 4.834293239634177704E-15 ) ) ;
#7127 = ORIENTED_EDGE ( 'NONE', *, *, #7041, .T. ) ;
#7128 = FACE_OUTER_BOUND ( 'NONE', #1528, .T. ) ;
#7129 = CARTESIAN_POINT ( 'NONE',  ( 45.86641786960050382, 64.95410340582364483, 46.47972036097181103 ) ) ;
#7130 = CARTESIAN_POINT ( 'NONE',  ( -72.88977574887108801, 45.87634716325730722, -16.34363780788266496 ) ) ;
#7131 = CARTESIAN_POINT ( 'NONE',  ( 64.33735520092299964, 68.41912133313323352, 14.00000000000000000 ) ) ;
#7132 = DIRECTION ( 'NONE',  ( 0.5000000000000041078, -0.000000000000000000, -0.8660254037844363761 ) ) ;
#7133 = AXIS2_PLACEMENT_3D ( 'NONE', #7659, #6995, #8206 ) ;
#7134 = FACE_OUTER_BOUND ( 'NONE', #3094, .T. ) ;
#7135 = CARTESIAN_POINT ( 'NONE',  ( -24.17607515805458362, 51.72162299948858077, -69.87419050137771137 ) ) ;
#7136 = CARTESIAN_POINT ( 'NONE',  ( 35.27951431683958816, 75.26096159005743402, -34.56220792643735962 ) ) ;
#7137 = EDGE_CURVE ( 'NONE', #3887, #6207, #4945, .T. ) ;
#7138 = CARTESIAN_POINT ( 'NONE',  ( 38.64731626069670511, 55.45272575471968679, 71.98166205186977606 ) ) ;
#7139 = EDGE_CURVE ( 'NONE', #2951, #159, #4301, .T. ) ;
#7140 = CIRCLE ( 'NONE', #4235, 2.500000000000004441 ) ;
#7141 = CARTESIAN_POINT ( 'NONE',  ( 19.34193925435004502, 67.51982151313322333, 61.82739290959860767 ) ) ;
#7142 = VERTEX_POINT ( 'NONE', #2639 ) ;
#7143 = CARTESIAN_POINT ( 'NONE',  ( -40.72705798935939470, 70.96746529199602094, -51.54175710119322673 ) ) ;
#7144 = CARTESIAN_POINT ( 'NONE',  ( -22.08666886390425077, 60.03922181401538438, 66.25523264216997177 ) ) ;
#7145 = CARTESIAN_POINT ( 'NONE',  ( 40.99999999999933209, 53.49999999999999289, 71.01408311032433573 ) ) ;
#7146 = ORIENTED_EDGE ( 'NONE', *, *, #2075, .T. ) ;
#7147 = CARTESIAN_POINT ( 'NONE',  ( -35.03620661177698992, 68.90896350641951074, -49.34720195088139150 ) ) ;
#7148 = ORIENTED_EDGE ( 'NONE', *, *, #468, .F. ) ;
#7149 = CARTESIAN_POINT ( 'NONE',  ( -50.28809977250179486, 51.06858755564891794, -54.38699465582603665 ) ) ;
#7150 = CARTESIAN_POINT ( 'NONE',  ( -43.81157361633453462, 67.29654735507108398, 47.08260620806159125 ) ) ;
#7151 = CARTESIAN_POINT ( 'NONE',  ( 50.51564886200339544, 48.61675045524525984, 54.80089632839485603 ) ) ;
#7152 = CARTESIAN_POINT ( 'NONE',  ( 33.57736099069747127, 82.27108862308369908, -17.56740387921610491 ) ) ;
#7153 = DIRECTION ( 'NONE',  ( 0.000000000000000000, 1.000000000000000000, 0.000000000000000000 ) ) ;
#7154 = ADVANCED_FACE ( 'NONE', ( #7570 ), #3945, .F. ) ;
#7155 = EDGE_LOOP ( 'NONE', ( #1476, #7079, #2, #4658 ) ) ;
#7156 = DIRECTION ( 'NONE',  ( 0.000000000000000000, 0.000000000000000000, 1.000000000000000000 ) ) ;
#7157 = EDGE_LOOP ( 'NONE', ( #3374, #5092 ) ) ;
#7158 = CARTESIAN_POINT ( 'NONE',  ( -20.89304026404963466, 64.46462010838368428, 62.99293257398586121 ) ) ;
#7159 = EDGE_LOOP ( 'NONE', ( #3522, #7775, #7174, #6488, #5269 ) ) ;
#7160 = CARTESIAN_POINT ( 'NONE',  ( 33.25855619512852002, 80.11401346901681109, -14.30514028948256744 ) ) ;
#7161 = VERTEX_POINT ( 'NONE', #4085 ) ;
#7162 = EDGE_CURVE ( 'NONE', #8912, #2208, #8171, .T. ) ;
#7163 = CARTESIAN_POINT ( 'NONE',  ( -70.32533638679591093, 56.03426478454696280, 16.39281690041649142 ) ) ;
#7164 = DIRECTION ( 'NONE',  ( 0.000000000000000000, 0.000000000000000000, -1.000000000000000000 ) ) ;
#7165 = CARTESIAN_POINT ( 'NONE',  ( -44.39539769316134965, 67.42165079097325986, -43.88189024572409380 ) ) ;
#7166 = CARTESIAN_POINT ( 'NONE',  ( -26.92800334071220902, 68.85403784749225053, 58.05821622485445488 ) ) ;
#7167 = CARTESIAN_POINT ( 'NONE',  ( 66.41440648059729313, 65.95929522015353541, -14.00000000000001599 ) ) ;
#7168 = FACE_OUTER_BOUND ( 'NONE', #6538, .T. ) ;
#7169 = CARTESIAN_POINT ( 'NONE',  ( -36.75107577378518897, 53.49999999999999289, 63.65473047300793041 ) ) ;
#7170 = VERTEX_POINT ( 'NONE', #4708 ) ;
#7171 = CARTESIAN_POINT ( 'NONE',  ( 0.000000000000000000, 8.999999999999994671, 0.000000000000000000 ) ) ;
#7172 = CARTESIAN_POINT ( 'NONE',  ( 42.88949749638661757, 55.60336612750663932, -69.53705461940350574 ) ) ;
#7173 = CARTESIAN_POINT ( 'NONE',  ( 36.00688434541464744, 69.13955642298321891, -22.86862755952554949 ) ) ;
#7174 = ORIENTED_EDGE ( 'NONE', *, *, #5783, .T. ) ;
#7175 = DIRECTION ( 'NONE',  ( -0.4999999999999980016, 0.000000000000000000, -0.8660254037844398178 ) ) ;
#7176 = CARTESIAN_POINT ( 'NONE',  ( 33.11931411485905841, 79.53285447904720229, -30.09135123076135088 ) ) ;
#7177 = CARTESIAN_POINT ( 'NONE',  ( 43.53884283324617854, 53.49999999999999289, 69.13218617071132144 ) ) ;
#7178 = CARTESIAN_POINT ( 'NONE',  ( 0.000000000000000000, 46.00000000000000000, 0.000000000000000000 ) ) ;
#7179 = EDGE_CURVE ( 'NONE', #8110, #8297, #4379, .T. ) ;
#7180 = CARTESIAN_POINT ( 'NONE',  ( -20.37564434701859639, 70.12954027454739503, 63.29165124598826253 ) ) ;
#7181 = EDGE_CURVE ( 'NONE', #7606, #1331, #7707, .T. ) ;
#7182 = CARTESIAN_POINT ( 'NONE',  ( -36.52468737338193705, 69.44931544584076732, -53.19685784415210605 ) ) ;
#7183 = AXIS2_PLACEMENT_3D ( 'NONE', #2363, #5809, #7164 ) ;
#7184 = CARTESIAN_POINT ( 'NONE',  ( -20.04307342792964519, 68.41608997342393650, 62.71562151700635468 ) ) ;
#7185 = DIRECTION ( 'NONE',  ( -0.000000000000000000, -1.000000000000000000, -0.000000000000000000 ) ) ;
#7186 = LINE ( 'NONE', #7877, #3334 ) ;
#7187 = DIRECTION ( 'NONE',  ( -0.9659258262890676461, 0.000000000000000000, -0.2588190451025229599 ) ) ;
#7188 = CARTESIAN_POINT ( 'NONE',  ( 49.72355153875640354, 46.22973997552796277, 57.92521341942499191 ) ) ;
#7189 = VECTOR ( 'NONE', #307, 1000.000000000000000 ) ;
#7190 = DIRECTION ( 'NONE',  ( 1.000000000000000000, -0.000000000000000000, 0.000000000000000000 ) ) ;
#7191 = DIRECTION ( 'NONE',  ( -1.000000000000000000, 1.387778780781446464E-15, 0.000000000000000000 ) ) ;
#7192 = CARTESIAN_POINT ( 'NONE',  ( 52.37013182887448437, 61.00000000000000000, -62.70772912668985555 ) ) ;
#7193 = ADVANCED_FACE ( 'NONE', ( #6182 ), #4958, .F. ) ;
#7194 = DIRECTION ( 'NONE',  ( -0.4999999999999980016, -0.000000000000000000, -0.8660254037844398178 ) ) ;
#7195 = LINE ( 'NONE', #3749, #3784 ) ;
#7196 = ORIENTED_EDGE ( 'NONE', *, *, #5099, .T. ) ;
#7197 = CARTESIAN_POINT ( 'NONE',  ( -34.82633592555245627, 65.63336495311490637, 54.94854057315073703 ) ) ;
#7198 = ORIENTED_EDGE ( 'NONE', *, *, #505, .T. ) ;
#7199 = CARTESIAN_POINT ( 'NONE',  ( 29.37210421043258535, 80.27812238252350596, -20.17091414165441421 ) ) ;
#7200 = CARTESIAN_POINT ( 'NONE',  ( 43.53884283324711646, 53.49999999999999289, -69.13218617071072458 ) ) ;
#7201 = EDGE_CURVE ( 'NONE', #3230, #7170, #810, .T. ) ;
#7202 = CARTESIAN_POINT ( 'NONE',  ( 72.71679280154886271, 48.61675045524525984, 16.34738703895267875 ) ) ;
#7203 = VERTEX_POINT ( 'NONE', #1544 ) ;
#7204 = CARTESIAN_POINT ( 'NONE',  ( 26.90673326026275802, 71.00000000000000000, 67.60382907247982587 ) ) ;
#7205 = CARTESIAN_POINT ( 'NONE',  ( 47.69827127702891545, 63.31249841569503189, -24.20943076361757917 ) ) ;
#7206 = DIRECTION ( 'NONE',  ( 0.000000000000000000, 0.7071067811865474617, 0.7071067811865474617 ) ) ;
#7207 = CONICAL_SURFACE ( 'NONE', #4007, 3.500000000000003997, 0.7853981633974482790 ) ;
#7208 = CARTESIAN_POINT ( 'NONE',  ( -42.04894693668786942, 67.97768854755389611, -45.25997229116234877 ) ) ;
#7209 = CARTESIAN_POINT ( 'NONE',  ( 64.65533012237179378, 64.16889629971257136, -14.00000000001253575 ) ) ;
#7210 = DIRECTION ( 'NONE',  ( -0.000000000000000000, -1.000000000000000000, -0.000000000000000000 ) ) ;
#7211 = CARTESIAN_POINT ( 'NONE',  ( -49.75156400714141114, 47.27665630569252642, 56.16563867364534701 ) ) ;
#7212 = CIRCLE ( 'NONE', #4459, 2.500000000000000888 ) ;
#7213 = VERTEX_POINT ( 'NONE', #6461 ) ;
#7214 = CARTESIAN_POINT ( 'NONE',  ( 12.12435565298220652, 0.000000000000000000, -6.999999999999887201 ) ) ;
#7215 = CARTESIAN_POINT ( 'NONE',  ( 43.52210460215587062, 53.08611578708833179, 69.14273602256572815 ) ) ;
#7216 = CARTESIAN_POINT ( 'NONE',  ( -28.57857792820008669, 71.37356801941000128, 58.55568533474838233 ) ) ;
#7217 = VERTEX_POINT ( 'NONE', #173 ) ;
#7218 = CARTESIAN_POINT ( 'NONE',  ( -49.80375207476649280, 54.09044109429565594, 53.50903123644896908 ) ) ;
#7219 = CARTESIAN_POINT ( 'NONE',  ( 51.92817373413029003, 71.37285461452779600, -26.86494938674220734 ) ) ;
#7220 = CARTESIAN_POINT ( 'NONE',  ( -81.66166523778767328, 55.45486200856085190, 2.519018479139630617 ) ) ;
#7221 = CARTESIAN_POINT ( 'NONE',  ( -31.18810567418428548, 71.49162586044771217, 57.04907378814657903 ) ) ;
#7222 = CARTESIAN_POINT ( 'NONE',  ( 0.000000000000000000, 0.000000000000000000, 0.000000000000000000 ) ) ;
#7223 = LINE ( 'NONE', #5916, #3652 ) ;
#7224 = DIRECTION ( 'NONE',  ( -0.000000000000000000, -1.000000000000000000, -0.000000000000000000 ) ) ;
#7225 = DIRECTION ( 'NONE',  ( -0.8660254037844361541, 0.000000000000000000, -0.5000000000000041078 ) ) ;
#7226 = CARTESIAN_POINT ( 'NONE',  ( -46.31301411495604015, 63.85723507571437807, -48.31670382839855193 ) ) ;
#7227 = CARTESIAN_POINT ( 'NONE',  ( -50.60202157901782272, 46.91607545010149494, -54.95828140415676444 ) ) ;
#7228 = CYLINDRICAL_SURFACE ( 'NONE', #134, 2.500000000000002220 ) ;
#7229 = CARTESIAN_POINT ( 'NONE',  ( 49.68038972736071912, 46.30971102074840928, 57.73509366133851728 ) ) ;
#7230 = CIRCLE ( 'NONE', #4751, 3.500000000000002665 ) ;
#7231 = FACE_OUTER_BOUND ( 'NONE', #6170, .T. ) ;
#7232 = EDGE_CURVE ( 'NONE', #7240, #7213, #6320, .T. ) ;
#7233 = FACE_OUTER_BOUND ( 'NONE', #1266, .T. ) ;
#7234 = FACE_OUTER_BOUND ( 'NONE', #5633, .T. ) ;
#7235 = EDGE_CURVE ( 'NONE', #5435, #2653, #5929, .T. ) ;
#7236 = AXIS2_PLACEMENT_3D ( 'NONE', #41, #5562, #8274 ) ;
#7237 = FACE_OUTER_BOUND ( 'NONE', #3857, .T. ) ;
#7238 = ORIENTED_EDGE ( 'NONE', *, *, #6143, .F. ) ;
#7239 = CARTESIAN_POINT ( 'NONE',  ( -72.00000000000000000, 71.00000000000000000, -3.499999999999996891 ) ) ;
#7240 = VERTEX_POINT ( 'NONE', #3007 ) ;
#7241 = CARTESIAN_POINT ( 'NONE',  ( -39.97965382738259166, 69.38428490166305096, 51.41774475688924895 ) ) ;
#7242 = CARTESIAN_POINT ( 'NONE',  ( 50.24045474099016673, 45.99999999999999289, 59.01902020676106275 ) ) ;
#7243 = CARTESIAN_POINT ( 'NONE',  ( 31.18810567418384849, 71.49162586044771217, -57.04907378814680641 ) ) ;
#7244 = EDGE_CURVE ( 'NONE', #2259, #66, #6422, .T. ) ;
#7245 = CARTESIAN_POINT ( 'NONE',  ( 44.64524275918595464, 66.34175770667141592, -18.95140971859018819 ) ) ;
#7246 = EDGE_CURVE ( 'NONE', #1380, #3605, #5393, .T. ) ;
#7247 = VECTOR ( 'NONE', #7455, 1000.000000000000000 ) ;
#7248 = CARTESIAN_POINT ( 'NONE',  ( 43.82405846928259052, 67.36036662748425385, 47.28259007551354642 ) ) ;
#7249 = CIRCLE ( 'NONE', #7385, 2.500000000000000000 ) ;
#7250 = EDGE_CURVE ( 'NONE', #2259, #3887, #3806, .T. ) ;
#7251 = CIRCLE ( 'NONE', #6401, 81.70000000000000284 ) ;
#7252 = CARTESIAN_POINT ( 'NONE',  ( 73.42201695638358672, 46.94028658333935766, -13.99999999992555466 ) ) ;
#7253 = DIRECTION ( 'NONE',  ( 0.5000000000000039968, -0.000000000000000000, -0.8660254037844362651 ) ) ;
#7254 = VECTOR ( 'NONE', #6913, 1000.000000000000000 ) ;
#7255 = CARTESIAN_POINT ( 'NONE',  ( -74.33422777604702958, 46.58991269261736790, -14.38205295110557280 ) ) ;
#7256 = AXIS2_PLACEMENT_3D ( 'NONE', #3858, #7903, #2455 ) ;
#7257 = ORIENTED_EDGE ( 'NONE', *, *, #2678, .F. ) ;
#7258 = DIRECTION ( 'NONE',  ( 0.8660254037844422603, 0.000000000000000000, -0.4999999999999936717 ) ) ;
#7259 = CARTESIAN_POINT ( 'NONE',  ( -62.11833194743079645, 66.45418853073395837, -14.00000000000210143 ) ) ;
#7260 = CARTESIAN_POINT ( 'NONE',  ( -44.07253773871837410, 67.97021311775698393, -48.33587458195725617 ) ) ;
#7261 = CARTESIAN_POINT ( 'NONE',  ( 12.25000000000000355, 76.42166581354543098, 0.000000000000000000 ) ) ;
#7262 = VECTOR ( 'NONE', #1339, 1000.000000000000114 ) ;
#7263 = CARTESIAN_POINT ( 'NONE',  ( 24.92833949183497566, 68.74074753328160625, -59.33910067228513441 ) ) ;
#7264 = CIRCLE ( 'NONE', #6966, 2.500000000000002220 ) ;
#7265 = VECTOR ( 'NONE', #2645, 1000.000000000000114 ) ;
#7266 = EDGE_CURVE ( 'NONE', #5523, #2951, #58, .T. ) ;
#7267 = EDGE_CURVE ( 'NONE', #1568, #798, #6694, .T. ) ;
#7268 = CIRCLE ( 'NONE', #1455, 74.53166453491230925 ) ;
#7269 = ORIENTED_EDGE ( 'NONE', *, *, #6534, .F. ) ;
#7270 = CARTESIAN_POINT ( 'NONE',  ( -49.35926406875410066, 56.03426478453469883, 52.70711939044284122 ) ) ;
#7271 = CARTESIAN_POINT ( 'NONE',  ( 0.000000000000000000, 76.42166581354543098, 0.000000000000000000 ) ) ;
#7272 = CARTESIAN_POINT ( 'NONE',  ( 51.96780431907870224, 70.30755739149991257, -26.72062224548501064 ) ) ;
#7273 = CARTESIAN_POINT ( 'NONE',  ( -81.64285719113162543, 54.33088578275240366, -3.059029421009962224 ) ) ;
#7274 = CARTESIAN_POINT ( 'NONE',  ( 36.69821982174705965, 69.02699666791919242, -52.64840773449690658 ) ) ;
#7275 = CARTESIAN_POINT ( 'NONE',  ( 15.80513287229626940, 67.42165079097325986, 60.38848733625300724 ) ) ;
#7276 = CARTESIAN_POINT ( 'NONE',  ( 28.12142052290920446, 0.000000000000000000, 76.70772912669036714 ) ) ;
#7277 = DIRECTION ( 'NONE',  ( 0.5000000000000039968, -0.000000000000000000, -0.8660254037844362651 ) ) ;
#7278 = CARTESIAN_POINT ( 'NONE',  ( 24.56617576439650463, 56.45032650170057309, 70.54986457160330815 ) ) ;
#7279 = CARTESIAN_POINT ( 'NONE',  ( -50.10143115645097822, 46.00941022204251851, -58.77822429488777090 ) ) ;
#7280 = CARTESIAN_POINT ( 'NONE',  ( -72.89608479200035163, 57.41926555727933135, 13.99999999999998579 ) ) ;
#7281 = CARTESIAN_POINT ( 'NONE',  ( -44.01025537338163929, 67.84252621657630300, 48.18451186683411436 ) ) ;
#7282 = CARTESIAN_POINT ( 'NONE',  ( 81.64340860591602222, 54.32409750304400120, -3.040625894993016942 ) ) ;
#7283 = LINE ( 'NONE', #6524, #147 ) ;
#7284 = DIRECTION ( 'NONE',  ( -0.07547505575237814512, 0.2130795558481460850, 0.9741153005875292648 ) ) ;
#7285 = LINE ( 'NONE', #1057, #4441 ) ;
#7286 = ORIENTED_EDGE ( 'NONE', *, *, #7754, .F. ) ;
#7287 = CARTESIAN_POINT ( 'NONE',  ( 60.23516308986386747, 68.38002314025985129, 11.05123572594846948 ) ) ;
#7288 = VERTEX_POINT ( 'NONE', #6408 ) ;
#7289 = CARTESIAN_POINT ( 'NONE',  ( -40.72705798936012656, 70.96746529199602094, 51.54175710119264409 ) ) ;
#7290 = CARTESIAN_POINT ( 'NONE',  ( 49.42738892900705139, 53.47034647065111557, -57.61074891050695612 ) ) ;
#7291 = FACE_OUTER_BOUND ( 'NONE', #6895, .T. ) ;
#7292 = CARTESIAN_POINT ( 'NONE',  ( 46.97445490942407531, 62.84345077375455446, -26.96407078961420112 ) ) ;
#7293 = CARTESIAN_POINT ( 'NONE',  ( 31.60288568297032441, 71.00000000000000000, -63.73780366869500114 ) ) ;
#7294 = ADVANCED_FACE ( 'NONE', ( #3624 ), #2071, .F. ) ;
#7295 = CARTESIAN_POINT ( 'NONE',  ( 72.00000000000000000, 71.00000000000000000, -3.500000000000002220 ) ) ;
#7296 = DIRECTION ( 'NONE',  ( 0.000000000000000000, 0.000000000000000000, -1.000000000000000000 ) ) ;
#7297 = ORIENTED_EDGE ( 'NONE', *, *, #3047, .T. ) ;
#7298 = LINE ( 'NONE', #991, #2764 ) ;
#7299 = CARTESIAN_POINT ( 'NONE',  ( -63.83021700212211869, 64.94776857186795382, -14.00000000000001243 ) ) ;
#7300 = CARTESIAN_POINT ( 'NONE',  ( -43.91044964678188478, 67.61735050355575538, -47.84947792289472801 ) ) ;
#7301 = ORIENTED_EDGE ( 'NONE', *, *, #3530, .T. ) ;
#7302 = CARTESIAN_POINT ( 'NONE',  ( 39.68496082273948389, 68.38058296212535936, -46.64147560146535199 ) ) ;
#7303 = CARTESIAN_POINT ( 'NONE',  ( 25.35147855595690203, 68.52109989633046894, -58.58009690426587213 ) ) ;
#7304 = LINE ( 'NONE', #476, #5681 ) ;
#7305 = B_SPLINE_CURVE_WITH_KNOTS ( 'NONE', 3,
 ( #4755, #6093, #581, #8856, #8985, #8125, #8211, #6185, #5410, #6773, #7529, #1254, #7616, #2776, #6230, #5452, #2725, #3998, #4087, #1310, #2684, #6863, #620, #3405, #2644, #5500, #6902, #1946, #2088, #8257, #4852, #2046 ),
 .UNSPECIFIED., .F., .F.,
 ( 4, 2, 2, 2, 2, 2, 2, 2, 2, 2, 2, 2, 2, 2, 2, 4 ),
 ( 0.007257104184891850426, 0.007878425383536301341, 0.008499746582180750520, 0.009121067780825199700, 0.009742388979469650614, 0.01036371017811410153, 0.01098503137675855071, 0.01222767377404746988, 0.01284899497269193815, 0.01347031617133640641, 0.01409163736998087640, 0.01471295856862534640, 0.01533427976726981293, 0.01595560096591428292, 0.01657692216455874945, 0.01719824336320321945 ),
 .UNSPECIFIED. ) ;
#7306 = VERTEX_POINT ( 'NONE', #206 ) ;
#7307 = ORIENTED_EDGE ( 'NONE', *, *, #7087, .F. ) ;
#7308 = CARTESIAN_POINT ( 'NONE',  ( -45.83166933732525195, 65.00834819740761361, 46.41844595414625019 ) ) ;
#7309 = DIRECTION ( 'NONE',  ( 0.5000000000000039968, 1.387778780781446267E-15, -0.8660254037844363761 ) ) ;
#7310 = CARTESIAN_POINT ( 'NONE',  ( 50.31476143700422909, 69.61285911108818425, -31.67255153446270199 ) ) ;
#7311 = CARTESIAN_POINT ( 'NONE',  ( -81.64041019462976578, 53.91279190651071218, 3.120091961377425616 ) ) ;
#7312 = CARTESIAN_POINT ( 'NONE',  ( 47.22223686493359907, 62.25354003921476931, -48.88375298030913285 ) ) ;
#7313 = ADVANCED_FACE ( 'NONE', ( #4158 ), #4520, .F. ) ;
#7314 = CARTESIAN_POINT ( 'NONE',  ( 64.99999999999998579, 71.45243200156991747, 3.020052509531626406 ) ) ;
#7315 = LINE ( 'NONE', #2078, #5624 ) ;
#7316 = CARTESIAN_POINT ( 'NONE',  ( -44.54133311259106165, 69.31868612655863160, -49.14785198785801157 ) ) ;
#7317 = CARTESIAN_POINT ( 'NONE',  ( 71.00000000000000000, 71.00000000000000000, 7.000000000000000000 ) ) ;
#7318 = CARTESIAN_POINT ( 'NONE',  ( 36.37162611774541432, 70.64321809928574680, 53.95833452507677208 ) ) ;
#7319 = CARTESIAN_POINT ( 'NONE',  ( -71.86785523261148967, 52.40596060623924046, 16.36484686775792596 ) ) ;
#7320 = ORIENTED_EDGE ( 'NONE', *, *, #5366, .T. ) ;
#7321 = CARTESIAN_POINT ( 'NONE',  ( 72.89608479200035163, 57.41926555727935266, -13.99999999999995914 ) ) ;
#7322 = CARTESIAN_POINT ( 'NONE',  ( 31.19397513006165923, 71.49174360388097682, 57.04568505621572427 ) ) ;
#7323 = AXIS2_PLACEMENT_3D ( 'NONE', #578, #6861, #1942 ) ;
#7324 = CARTESIAN_POINT ( 'NONE',  ( 36.75107577378386026, 53.49999999999999289, 63.65473047300869780 ) ) ;
#7325 = VERTEX_POINT ( 'NONE', #7795 ) ;
#7326 = CARTESIAN_POINT ( 'NONE',  ( -66.70000000000008811, 43.00000000000000000, -133.4000000000000909 ) ) ;
#7327 = ORIENTED_EDGE ( 'NONE', *, *, #1419, .T. ) ;
#7328 = CARTESIAN_POINT ( 'NONE',  ( 30.77745427123048216, 80.39320227576833133, -17.12725004148914110 ) ) ;
#7329 = CARTESIAN_POINT ( 'NONE',  ( 19.90035552566535415, 68.11553659766630631, -62.46842685913584603 ) ) ;
#7330 = DIRECTION ( 'NONE',  ( -0.4999999999999980016, 0.000000000000000000, -0.8660254037844398178 ) ) ;
#7331 = CARTESIAN_POINT ( 'NONE',  ( 42.52418742573631505, 64.27160445449790416, -29.99096037422915728 ) ) ;
#7332 = CARTESIAN_POINT ( 'NONE',  ( 36.29640855982325576, 81.21657633948643706, 0.000000000000000000 ) ) ;
#7333 = CONICAL_SURFACE ( 'NONE', #5757, 3.500000000000003109, 0.7853981633974482790 ) ;
#7334 = EDGE_CURVE ( 'NONE', #7681, #7120, #585, .T. ) ;
#7335 = ORIENTED_EDGE ( 'NONE', *, *, #1341, .F. ) ;
#7336 = CARTESIAN_POINT ( 'NONE',  ( 44.89634827088177360, 66.79099053449100154, -49.76275627947380542 ) ) ;
#7337 = CARTESIAN_POINT ( 'NONE',  ( -24.27294201064032109, 70.96746529199602094, -61.04154539078394492 ) ) ;
#7338 = VERTEX_POINT ( 'NONE', #7598 ) ;
#7339 = CARTESIAN_POINT ( 'NONE',  ( -48.12435565298278561, 0.000000000000000000, 55.35382907247901585 ) ) ;
#7340 = CARTESIAN_POINT ( 'NONE',  ( -73.95284459977533231, 55.22173470845584120, -14.00000000000002309 ) ) ;
#7341 = CIRCLE ( 'NONE', #5607, 14.00000000000000000 ) ;
#7342 = CARTESIAN_POINT ( 'NONE',  ( -44.14906683162923429, 68.11553659766630631, -48.46842685913603788 ) ) ;
#7343 = ORIENTED_EDGE ( 'NONE', *, *, #5352, .F. ) ;
#7344 = CARTESIAN_POINT ( 'NONE',  ( 36.11425322312420150, 68.78253537071573476, -48.71958097715557301 ) ) ;
#7345 = CARTESIAN_POINT ( 'NONE',  ( 44.39539769316164097, 67.42165079097325986, -43.88189024572380958 ) ) ;
#7346 = EDGE_CURVE ( 'NONE', #4249, #3458, #7071, .T. ) ;
#7347 = CARTESIAN_POINT ( 'NONE',  ( 52.37013182887360330, 61.00000000000000000, 62.70772912669059451 ) ) ;
#7348 = AXIS2_PLACEMENT_3D ( 'NONE', #8231, #4244, #8186 ) ;
#7349 = ORIENTED_EDGE ( 'NONE', *, *, #1150, .T. ) ;
#7350 = VERTEX_POINT ( 'NONE', #4937 ) ;
#7351 = CARTESIAN_POINT ( 'NONE',  ( -42.28714970833419784, 67.85093932666330829, 45.24349180210484889 ) ) ;
#7352 = CARTESIAN_POINT ( 'NONE',  ( -18.03843840236922347, 67.85093932666332250, -59.24349180210539600 ) ) ;
#7353 = CARTESIAN_POINT ( 'NONE',  ( 47.42969308583145249, 70.73414569113334949, -32.99074381962471136 ) ) ;
#7354 = CARTESIAN_POINT ( 'NONE',  ( -81.69383127477122741, 56.53303100366787248, -1.022000499914978766 ) ) ;
#7355 = CARTESIAN_POINT ( 'NONE',  ( -47.14105016936956360, 61.97525265978688935, -53.65069401550182704 ) ) ;
#7356 = EDGE_CURVE ( 'NONE', #5460, #342, #5266, .T. ) ;
#7357 = CARTESIAN_POINT ( 'NONE',  ( 8.681445989019579037E-15, 96.99999999999998579, 0.000000000000000000 ) ) ;
#7358 = EDGE_CURVE ( 'NONE', #769, #516, #6929, .T. ) ;
#7359 = CARTESIAN_POINT ( 'NONE',  ( -22.25519729061237584, 47.95356825463579753, -71.23746514324355417 ) ) ;
#7360 = CARTESIAN_POINT ( 'NONE',  ( 0.000000000000000000, 46.00000000000000000, 0.000000000000000000 ) ) ;
#7361 = DIRECTION ( 'NONE',  ( 0.5000000000000041078, -0.000000000000000000, -0.8660254037844363761 ) ) ;
#7362 = DIRECTION ( 'NONE',  ( 0.000000000000000000, 0.000000000000000000, 1.000000000000000000 ) ) ;
#7363 = CARTESIAN_POINT ( 'NONE',  ( -41.00000000000081712, 53.49999999999999289, 71.01408311032348308 ) ) ;
#7364 = CARTESIAN_POINT ( 'NONE',  ( -60.26208608987997195, 67.39059217359782394, -16.42997367936252928 ) ) ;
#7365 = ORIENTED_EDGE ( 'NONE', *, *, #5832, .F. ) ;
#7366 = CARTESIAN_POINT ( 'NONE',  ( -63.40008566577247251, 68.51639824282607094, -7.328492395007524252 ) ) ;
#7367 = CARTESIAN_POINT ( 'NONE',  ( 36.42142207180008739, 71.37356801941000128, 54.02761715722862590 ) ) ;
#7368 = EDGE_CURVE ( 'NONE', #8693, #1936, #7140, .T. ) ;
#7369 = CARTESIAN_POINT ( 'NONE',  ( -73.50215154756890001, 53.49999999999999289, 0.000000000000000000 ) ) ;
#7370 = ORIENTED_EDGE ( 'NONE', *, *, #1200, .T. ) ;
#7371 = CYLINDRICAL_SURFACE ( 'NONE', #1290, 2.499999999999998668 ) ;
#7372 = ORIENTED_EDGE ( 'NONE', *, *, #5322, .F. ) ;
#7373 = DIRECTION ( 'NONE',  ( -0.000000000000000000, -1.000000000000000000, -0.000000000000000000 ) ) ;
#7374 = CARTESIAN_POINT ( 'NONE',  ( -81.69917569853534189, 50.32167080734981113, 0.4192935964027749152 ) ) ;
#7375 = CARTESIAN_POINT ( 'NONE',  ( -43.32830913595569911, 70.59092840437290306, -50.03992405147602085 ) ) ;
#7376 = CARTESIAN_POINT ( 'NONE',  ( 0.000000000000000000, 0.000000000000000000, -81.70000000000000284 ) ) ;
#7377 = CARTESIAN_POINT ( 'NONE',  ( 18.11047266504652242, 63.45883282103424960, 64.30068774965239697 ) ) ;
#7378 = ORIENTED_EDGE ( 'NONE', *, *, #1908, .T. ) ;
#7379 = CARTESIAN_POINT ( 'NONE',  ( 81.99999999999998579, 53.49999999999999289, 0.000000000000000000 ) ) ;
#7380 = VECTOR ( 'NONE', #7403, 1000.000000000000000 ) ;
#7381 = ORIENTED_EDGE ( 'NONE', *, *, #7084, .F. ) ;
#7382 = DIRECTION ( 'NONE',  ( 0.000000000000000000, -1.000000000000000000, 0.000000000000000000 ) ) ;
#7383 = VECTOR ( 'NONE', #70, 1000.000000000000000 ) ;
#7384 = CARTESIAN_POINT ( 'NONE',  ( 72.00000000000000000, 53.49999999999999289, 0.000000000000000000 ) ) ;
#7385 = AXIS2_PLACEMENT_3D ( 'NONE', #4408, #7175, #4959 ) ;
#7386 = CIRCLE ( 'NONE', #3779, 74.53166453491230925 ) ;
#7387 = ORIENTED_EDGE ( 'NONE', *, *, #4783, .T. ) ;
#7388 = CARTESIAN_POINT ( 'NONE',  ( 22.97085560332116572, 70.79972856937999381, -61.79330532855790636 ) ) ;
#7389 = CARTESIAN_POINT ( 'NONE',  ( -12.12435565298220652, 80.99999999999998579, 6.999999999999887201 ) ) ;
#7390 = VECTOR ( 'NONE', #2598, 1000.000000000000000 ) ;
#7391 = CARTESIAN_POINT ( 'NONE',  ( -65.00000000000000000, 71.49049528587673308, 2.946308645633887391 ) ) ;
#7392 = VERTEX_POINT ( 'NONE', #6981 ) ;
#7393 = ORIENTED_EDGE ( 'NONE', *, *, #8465, .T. ) ;
#7394 = CARTESIAN_POINT ( 'NONE',  ( -49.99210123753057644, 53.09967776846307430, 53.84997973059889631 ) ) ;
#7395 = CARTESIAN_POINT ( 'NONE',  ( -17.49565047417542019, 64.62690840039871887, -63.25985731521963373 ) ) ;
#7396 = CARTESIAN_POINT ( 'NONE',  ( 51.47448063352061354, 71.18263559544244856, -28.23604258115540944 ) ) ;
#7397 = CARTESIAN_POINT ( 'NONE',  ( 25.78416270433175939, 45.85812873523628497, -72.65947983452451808 ) ) ;
#7398 = CIRCLE ( 'NONE', #2184, 77.50708379720883556 ) ;
#7399 = CARTESIAN_POINT ( 'NONE',  ( 38.04670341840406422, 68.51639824282607094, -51.24183859116475048 ) ) ;
#7400 = CIRCLE ( 'NONE', #8572, 81.70000000000000284 ) ;
#7401 = CARTESIAN_POINT ( 'NONE',  ( 30.13906779877401831, 80.39889349334566759, -18.20277648173370366 ) ) ;
#7402 = EDGE_CURVE ( 'NONE', #2510, #1978, #4805, .T. ) ;
#7403 = DIRECTION ( 'NONE',  ( 0.000000000000000000, -1.000000000000000000, 0.000000000000000000 ) ) ;
#7404 = CONICAL_SURFACE ( 'NONE', #6554, 66.70000000000000284, 0.7853981633974490562 ) ;
#7405 = DIRECTION ( 'NONE',  ( -0.5000000000000101030, -0.000000000000000000, 0.8660254037844328234 ) ) ;
#7406 = EDGE_CURVE ( 'NONE', #439, #8285, #3553, .T. ) ;
#7407 = ADVANCED_FACE ( 'NONE', ( #298 ), #6576, .F. ) ;
#7408 = CARTESIAN_POINT ( 'NONE',  ( 72.71679280154886271, 48.61675045524525984, -16.34738703895265743 ) ) ;
#7409 = CARTESIAN_POINT ( 'NONE',  ( 72.71679280154886271, 48.61675045524525984, -16.34738703895265743 ) ) ;
#7410 = FACE_BOUND ( 'NONE', #3951, .T. ) ;
#7411 = AXIS2_PLACEMENT_3D ( 'NONE', #2473, #4507, #5241 ) ;
#7412 = CARTESIAN_POINT ( 'NONE',  ( -64.99999999999998579, 70.96746529199602094, -9.499788289590771484 ) ) ;
#7413 = DIRECTION ( 'NONE',  ( -0.5000000000000101030, 1.387778780781446464E-15, 0.8660254037844328234 ) ) ;
#7414 = ORIENTED_EDGE ( 'NONE', *, *, #1462, .T. ) ;
#7415 = AXIS2_PLACEMENT_3D ( 'NONE', #1591, #2860, #803 ) ;
#7416 = CYLINDRICAL_SURFACE ( 'NONE', #7979, 81.70000000000000284 ) ;
#7417 = B_SPLINE_CURVE_WITH_KNOTS ( 'NONE', 3,
 ( #2170, #4791, #6889, #4161 ),
 .UNSPECIFIED., .F., .F.,
 ( 4, 4 ),
 ( 0.003934532143711287795, 0.004345251362166941030 ),
 .UNSPECIFIED. ) ;
#7418 = ORIENTED_EDGE ( 'NONE', *, *, #6266, .T. ) ;
#7419 = CARTESIAN_POINT ( 'NONE',  ( 24.41475728295029768, 69.78750414715344164, 60.67332856177814193 ) ) ;
#7420 = FACE_BOUND ( 'NONE', #5347, .T. ) ;
#7421 = CARTESIAN_POINT ( 'NONE',  ( 44.64528157543072240, 71.20900755564558438, -35.44560141368371831 ) ) ;
#7422 = EDGE_CURVE ( 'NONE', #3285, #4018, #2406, .T. ) ;
#7423 = CARTESIAN_POINT ( 'NONE',  ( 51.58105721506463226, 72.17018537386293531, -20.24857197945009091 ) ) ;
#7424 = CARTESIAN_POINT ( 'NONE',  ( 24.17607515805520180, 51.72162299948809761, 69.87419050136551846 ) ) ;
#7425 = VERTEX_POINT ( 'NONE', #1800 ) ;
#7426 = CARTESIAN_POINT ( 'NONE',  ( 72.00000000000000000, 71.00000000000000000, -10.50000000000000888 ) ) ;
#7427 = ORIENTED_EDGE ( 'NONE', *, *, #4728, .T. ) ;
#7428 = CARTESIAN_POINT ( 'NONE',  ( 42.05993489772856009, 50.63018495483497361, 70.04204368817562454 ) ) ;
#7429 = DIRECTION ( 'NONE',  ( 0.5000000000000039968, 0.000000000000000000, -0.8660254037844362651 ) ) ;
#7430 = LINE ( 'NONE', #475, #2759 ) ;
#7431 = CARTESIAN_POINT ( 'NONE',  ( -65.00000000006011192, 64.91731202429818381, 10.76842142772495237 ) ) ;
#7432 = VERTEX_POINT ( 'NONE', #6585 ) ;
#7433 = ORIENTED_EDGE ( 'NONE', *, *, #2629, .T. ) ;
#7434 = CARTESIAN_POINT ( 'NONE',  ( 44.13679323862407955, 67.21757477858389507, -44.64269861300180509 ) ) ;
#7435 = CARTESIAN_POINT ( 'NONE',  ( 41.20950760566179838, 50.32113708475153402, -70.54578500560356247 ) ) ;
#7436 = LINE ( 'NONE', #1301, #3470 ) ;
#7437 = CARTESIAN_POINT ( 'NONE',  ( 44.77528813446686229, 66.83309344415617659, -44.55162171656925096 ) ) ;
#7438 = CARTESIAN_POINT ( 'NONE',  ( -45.25124237241455205, 73.27866529735059942, 90.50248474482911831 ) ) ;
#7439 = CARTESIAN_POINT ( 'NONE',  ( -25.78787491911598906, 47.05105508795723068, -72.66590957914041837 ) ) ;
#7440 = ADVANCED_FACE ( 'NONE', ( #6625 ), #376, .F. ) ;
#7441 = DIRECTION ( 'NONE',  ( 0.000000000000000000, -1.000000000000000000, 0.000000000000000000 ) ) ;
#7442 = ADVANCED_FACE ( 'NONE', ( #8659 ), #4566, .F. ) ;
#7443 = DIRECTION ( 'NONE',  ( 0.000000000000000000, 1.000000000000000000, 0.000000000000000000 ) ) ;
#7444 = CARTESIAN_POINT ( 'NONE',  ( 23.44211514412329578, 47.53496170213736605, -71.10942643231388161 ) ) ;
#7445 = CYLINDRICAL_SURFACE ( 'NONE', #369, 2.500000000000002220 ) ;
#7446 = CARTESIAN_POINT ( 'NONE',  ( -39.16820814063683542, 50.96649274606399871, -71.69917012051304539 ) ) ;
#7447 = EDGE_CURVE ( 'NONE', #86, #3619, #638, .T. ) ;
#7448 = EDGE_CURVE ( 'NONE', #4950, #1380, #3168, .T. ) ;
#7449 = DIRECTION ( 'NONE',  ( 1.000000000000000000, -0.000000000000000000, 0.000000000000000000 ) ) ;
#7450 = ORIENTED_EDGE ( 'NONE', *, *, #2629, .F. ) ;
#7451 = CARTESIAN_POINT ( 'NONE',  ( 52.28572573259913270, -0.001999999999989062176, -24.12500000000006040 ) ) ;
#7452 = ORIENTED_EDGE ( 'NONE', *, *, #4850, .T. ) ;
#7453 = CARTESIAN_POINT ( 'NONE',  ( 24.27499717962098202, 70.78512895719383380, 61.04035883841967092 ) ) ;
#7454 = CARTESIAN_POINT ( 'NONE',  ( -81.67743309946982322, 50.96567015409367940, 1.927642205598473435 ) ) ;
#7455 = DIRECTION ( 'NONE',  ( 1.000000000000000000, -0.000000000000000000, 0.000000000000000000 ) ) ;
#7456 = CARTESIAN_POINT ( 'NONE',  ( 48.57818312271533046, 74.42703070951220923, -16.08346600746719091 ) ) ;
#7457 = CARTESIAN_POINT ( 'NONE',  ( 22.98414166774784562, 57.23846896689924790, 67.80970113690028711 ) ) ;
#7458 = EDGE_CURVE ( 'NONE', #3712, #5717, #8852, .T. ) ;
#7459 = VERTEX_POINT ( 'NONE', #1228 ) ;
#7460 = DIRECTION ( 'NONE',  ( -1.224646799147353207E-16, 5.480260331146110693E-33, 1.000000000000000000 ) ) ;
#7461 = ADVANCED_FACE ( 'NONE', ( #5389 ), #1882, .F. ) ;
#7462 = ORIENTED_EDGE ( 'NONE', *, *, #1781, .T. ) ;
#7463 = CARTESIAN_POINT ( 'NONE',  ( -24.68939019522871448, 69.05891681664445514, -59.92934151269416532 ) ) ;
#7464 = ORIENTED_EDGE ( 'NONE', *, *, #6828, .F. ) ;
#7465 = CARTESIAN_POINT ( 'NONE',  ( 72.89627863383496731, 46.91607545010175784, 16.34349546823332133 ) ) ;
#7466 = CARTESIAN_POINT ( 'NONE',  ( 50.51564886200339544, 48.61675045524525984, 54.80089632839485603 ) ) ;
#7467 = APPLICATION_CONTEXT ( 'automotive_design' ) ;
#7468 = CARTESIAN_POINT ( 'NONE',  ( 38.77549054986091193, 51.39756592418973469, 71.91225235782994218 ) ) ;
#7469 = ORIENTED_EDGE ( 'NONE', *, *, #6439, .T. ) ;
#7470 = VECTOR ( 'NONE', #7224, 1000.000000000000000 ) ;
#7471 = PLANE ( 'NONE',  #278 ) ;
#7472 = DIRECTION ( 'NONE',  ( 1.000000000000000000, 0.000000000000000000, 0.000000000000000000 ) ) ;
#7473 = DIRECTION ( 'NONE',  ( -0.000000000000000000, -1.000000000000000000, -0.000000000000000000 ) ) ;
#7474 = LINE ( 'NONE', #6218, #1841 ) ;
#7475 = CARTESIAN_POINT ( 'NONE',  ( -16.19938720914268870, 67.30765027970345216, -60.45808345025115926 ) ) ;
#7476 = VERTEX_POINT ( 'NONE', #4605 ) ;
#7477 = ORIENTED_EDGE ( 'NONE', *, *, #6499, .T. ) ;
#7478 = CARTESIAN_POINT ( 'NONE',  ( 0.000000000000000000, 45.99999999999999289, -14.00000000000000000 ) ) ;
#7479 = CARTESIAN_POINT ( 'NONE',  ( 38.77532864220784603, 51.39765773918296787, -71.91234150003332104 ) ) ;
#7480 = CARTESIAN_POINT ( 'NONE',  ( 22.98414166777668655, 57.23846896688841923, -67.80970113687632761 ) ) ;
#7481 = DIRECTION ( 'NONE',  ( -0.000000000000000000, 1.000000000000000000, -0.000000000000000000 ) ) ;
#7482 = CARTESIAN_POINT ( 'NONE',  ( -75.41082616755795698, 46.10331055350754070, 14.02123858991285843 ) ) ;
#7483 = VECTOR ( 'NONE', #7925, 999.9999999999998863 ) ;
#7484 = CARTESIAN_POINT ( 'NONE',  ( -25.55348293066139931, 50.61866292744384310, -72.25993074624996382 ) ) ;
#7485 = CARTESIAN_POINT ( 'NONE',  ( -64.99999999999998579, 0.000000000000000000, 14.00000000000000000 ) ) ;
#7486 = CARTESIAN_POINT ( 'NONE',  ( 28.87508545269598770, 79.57588136914630184, -24.70728397442879398 ) ) ;
#7487 = SURFACE_SIDE_STYLE ('',( #1312 ) ) ;
#7488 = CARTESIAN_POINT ( 'NONE',  ( 81.63965085961432067, 53.49999999999999289, -3.139650859614330880 ) ) ;
#7489 = CARTESIAN_POINT ( 'NONE',  ( -41.02724426123011625, 50.29984359792425863, -70.65195027422845442 ) ) ;
#7490 = CARTESIAN_POINT ( 'NONE',  ( 23.17427348488390138, 64.91731202446352711, -61.67586195982958941 ) ) ;
#7491 = DIRECTION ( 'NONE',  ( -1.000000000000000000, -0.000000000000000000, -0.000000000000000000 ) ) ;
#7492 = CARTESIAN_POINT ( 'NONE',  ( 42.28714970833324571, 67.85093932666332250, 45.24349180210573707 ) ) ;
#7493 = ORIENTED_EDGE ( 'NONE', *, *, #8460, .F. ) ;
#7494 = CARTESIAN_POINT ( 'NONE',  ( 63.64620625357415662, 68.77887806258435432, -5.841708166141988734 ) ) ;
#7495 = ORIENTED_EDGE ( 'NONE', *, *, #8216, .T. ) ;
#7496 = LINE ( 'NONE', #2698, #3928 ) ;
#7497 = FACE_BOUND ( 'NONE', #8111, .T. ) ;
#7498 = CARTESIAN_POINT ( 'NONE',  ( 51.97178352759790698, 69.49680592351072050, -29.22734725542888512 ) ) ;
#7499 = DIRECTION ( 'NONE',  ( 0.4999999999999919509, -0.000000000000000000, 0.8660254037844432595 ) ) ;
#7500 = DIRECTION ( 'NONE',  ( 0.000000000000000000, 0.000000000000000000, 1.000000000000000000 ) ) ;
#7501 = ORIENTED_EDGE ( 'NONE', *, *, #717, .F. ) ;
#7502 = CARTESIAN_POINT ( 'NONE',  ( -72.00000000000000000, 80.99999999999998579, 14.00000000000000000 ) ) ;
#7503 = CARTESIAN_POINT ( 'NONE',  ( 21.20656785621743623, 55.08934122041001302, 69.50042274262155217 ) ) ;
#7504 = CARTESIAN_POINT ( 'NONE',  ( -24.93090091686201504, 68.73826010861060354, -59.33324262852148934 ) ) ;
#7505 = ORIENTED_EDGE ( 'NONE', *, *, #7872, .T. ) ;
#7506 = DIRECTION ( 'NONE',  ( 0.8660254037844327124, 0.000000000000000000, 0.5000000000000102141 ) ) ;
#7507 = EDGE_CURVE ( 'NONE', #4027, #1233, #465, .T. ) ;
#7508 = CARTESIAN_POINT ( 'NONE',  ( 21.67101805015304450, 70.59079725910042669, 62.54376688978211263 ) ) ;
#7509 = VERTEX_POINT ( 'NONE', #6708 ) ;
#7510 = CARTESIAN_POINT ( 'NONE',  ( 76.09237551173426084, 46.00000000000000000, -14.00000000000000000 ) ) ;
#7511 = AXIS2_PLACEMENT_3D ( 'NONE', #5784, #267, #7720 ) ;
#7512 = DIRECTION ( 'NONE',  ( 0.5000000000000041078, -0.000000000000000000, -0.8660254037844363761 ) ) ;
#7513 = CARTESIAN_POINT ( 'NONE',  ( 41.78572573259913980, 82.99999999999998579, -24.12500000000006040 ) ) ;
#7514 = AXIS2_PLACEMENT_3D ( 'NONE', #4178, #715, #2926 ) ;
#7515 = CARTESIAN_POINT ( 'NONE',  ( 63.94909037025090015, 68.80615214901965260, 8.208072257504943181 ) ) ;
#7516 = CARTESIAN_POINT ( 'NONE',  ( -24.24046058635628853, 46.92052664019998787, -71.33294738826580783 ) ) ;
#7517 = CARTESIAN_POINT ( 'NONE',  ( -17.77702034037282885, 67.10144858561956482, -60.91871359828416388 ) ) ;
#7518 = VECTOR ( 'NONE', #2834, 1000.000000000000000 ) ;
#7519 = ORIENTED_EDGE ( 'NONE', *, *, #1411, .T. ) ;
#7520 = VERTEX_POINT ( 'NONE', #7376 ) ;
#7521 = CARTESIAN_POINT ( 'NONE',  ( 0.000000000000000000, 0.000000000000000000, -75.70000000000001705 ) ) ;
#7522 = CARTESIAN_POINT ( 'NONE',  ( 52.18740535125201774, 70.50177235711086610, -25.61982429468672606 ) ) ;
#7523 = CARTESIAN_POINT ( 'NONE',  ( 19.79075284809150759, 64.94776857186423058, -62.27858945289327863 ) ) ;
#7524 = CARTESIAN_POINT ( 'NONE',  ( 60.32435370986140555, 67.35917425946303183, -16.35246386188218892 ) ) ;
#7525 = CARTESIAN_POINT ( 'NONE',  ( 34.58601226432274700, 53.49999999999999289, 64.90473047300866938 ) ) ;
#7526 = ADVANCED_FACE ( 'NONE', ( #8228 ), #3976, .F. ) ;
#7527 = B_SPLINE_CURVE_WITH_KNOTS ( 'NONE', 3,
 ( #681, #6247, #2884, #4286, #823, #1561, #3610, #6393, #144, #8471, #4423, #2435, #7319, #3157, #8683, #3116 ),
 .UNSPECIFIED., .F., .F.,
 ( 4, 2, 2, 2, 2, 2, 2, 4 ),
 ( 0.000000000000000000, 0.002904847265335207263, 0.005809694530670414525, 0.01161938906134079956, 0.01452423632667599815, 0.01742908359201120194, 0.02033393085734640227, 0.02323877812268160606 ),
 .UNSPECIFIED. ) ;
#7528 = AXIS2_PLACEMENT_3D ( 'NONE', #5194, #3875, #4588 ) ;
#7529 = CARTESIAN_POINT ( 'NONE',  ( -39.16847218611546566, 56.03367292541334166, -71.69902412574937500 ) ) ;
#7530 = AXIS2_PLACEMENT_3D ( 'NONE', #2390, #5154, #7916 ) ;
#7531 = CARTESIAN_POINT ( 'NONE',  ( -72.00000000000000000, 71.00000000000000000, 4.500000000000003553 ) ) ;
#7532 = AXIS2_PLACEMENT_3D ( 'NONE', #8709, #1725, #7258 ) ;
#7533 = CARTESIAN_POINT ( 'NONE',  ( 40.33868652218126272, 69.78956602597119740, 51.48071178162995665 ) ) ;
#7534 = B_SPLINE_CURVE_WITH_KNOTS ( 'NONE', 3,
 ( #4367, #2924, #6428, #5699, #8597, #4962, #7138, #3013, #2236, #3597, #6467, #7091, #4458, #2383, #5148, #225, #5786, #808, #8548, #2335, #8502, #5104, #7869, #1650, #5007, #4412, #6512, #7767, #7911, #7177 ),
 .UNSPECIFIED., .F., .F.,
 ( 4, 2, 2, 2, 2, 2, 2, 2, 2, 2, 2, 2, 2, 2, 4 ),
 ( 0.004956500379064532336, 0.005577478541217145182, 0.006198456703369758028, 0.007440413027674990659, 0.008061391189827614781, 0.008682369351980237168, 0.009303347514132861290, 0.009924325676285483677, 0.01116628200059073192, 0.01178726016274337166, 0.01240823832489601312, 0.01302921648704865633, 0.01365019464920129606, 0.01427117281135393927, 0.01489215097350657900 ),
 .UNSPECIFIED. ) ;
#7535 = CYLINDRICAL_SURFACE ( 'NONE', #1968, 81.70000000000000284 ) ;
#7536 = CARTESIAN_POINT ( 'NONE',  ( -38.46146863044041453, 51.90913066679526366, -72.08063643273250420 ) ) ;
#7537 = VECTOR ( 'NONE', #6890, 1000.000000000000000 ) ;
#7538 = CARTESIAN_POINT ( 'NONE',  ( 41.81015964149636943, 64.92052763323027875, -50.91642807078373067 ) ) ;
#7539 = CARTESIAN_POINT ( 'NONE',  ( 16.59336408324397283, 67.21756541262419660, -60.54494587069513756 ) ) ;
#7540 = CARTESIAN_POINT ( 'NONE',  ( 48.67342351915161203, 49.60266825055335715, 56.30484251348662639 ) ) ;
#7541 = ORIENTED_EDGE ( 'NONE', *, *, #8405, .T. ) ;
#7542 = CARTESIAN_POINT ( 'NONE',  ( 64.23562317322331694, 69.33091689129847168, -5.132656955295899159 ) ) ;
#7543 = ORIENTED_EDGE ( 'NONE', *, *, #7232, .F. ) ;
#7544 = CARTESIAN_POINT ( 'NONE',  ( 28.06640372781936321, 69.69405292433600607, 58.29798441667519882 ) ) ;
#7545 = CARTESIAN_POINT ( 'NONE',  ( 31.31710157795293625, 81.48699651356143647, -24.93611547190164046 ) ) ;
#7546 = VECTOR ( 'NONE', #5844, 1000.000000000000000 ) ;
#7547 = CARTESIAN_POINT ( 'NONE',  ( 47.87754250482561957, 70.16149125040082879, -33.85742945107283930 ) ) ;
#7548 = CARTESIAN_POINT ( 'NONE',  ( 47.20784171739987300, 75.19954100483172965, -15.08113778805262761 ) ) ;
#7549 = CARTESIAN_POINT ( 'NONE',  ( 25.07097033627783844, 54.10447137732717238, 71.42419441748675979 ) ) ;
#7550 = ORIENTED_EDGE ( 'NONE', *, *, #6551, .T. ) ;
#7551 = DIRECTION ( 'NONE',  ( 0.000000000000000000, 1.000000000000000000, 0.000000000000000000 ) ) ;
#7552 = CARTESIAN_POINT ( 'NONE',  ( -64.33735520092299964, 68.41912133313326194, -14.00000000000000000 ) ) ;
#7553 = ORIENTED_EDGE ( 'NONE', *, *, #2336, .T. ) ;
#7554 = ORIENTED_EDGE ( 'NONE', *, *, #4013, .F. ) ;
#7555 = CARTESIAN_POINT ( 'NONE',  ( -25.59066344640612201, 50.33153266396303138, -72.32432928857147658 ) ) ;
#7556 = CARTESIAN_POINT ( 'NONE',  ( -28.12142052290973027, 61.00000000000000000, -76.70772912669016819 ) ) ;
#7557 = ORIENTED_EDGE ( 'NONE', *, *, #8359, .T. ) ;
#7558 = CARTESIAN_POINT ( 'NONE',  ( -38.77574620166157615, 51.39714010057032567, 71.91211583170714050 ) ) ;
#7559 = LINE ( 'NONE', #8291, #575 ) ;
#7560 = ADVANCED_FACE ( 'NONE', ( #8820 ), #1989, .F. ) ;
#7561 = LINE ( 'NONE', #8925, #7262 ) ;
#7562 = EDGE_CURVE ( 'NONE', #6365, #2208, #8639, .T. ) ;
#7563 = CARTESIAN_POINT ( 'NONE',  ( 64.81131619138777467, 70.30717204307060797, 4.591746186787976747 ) ) ;
#7564 = CYLINDRICAL_SURFACE ( 'NONE', #5776, 18.25000000000000000 ) ;
#7565 = CARTESIAN_POINT ( 'NONE',  ( -75.60992292567755158, 46.05586463635720662, -14.00000000000000533 ) ) ;
#7566 = EDGE_LOOP ( 'NONE', ( #4891, #3301, #4069, #4337 ) ) ;
#7567 = ORIENTED_EDGE ( 'NONE', *, *, #1526, .F. ) ;
#7568 = CARTESIAN_POINT ( 'NONE',  ( -75.81613357572155110, 47.11423984721405134, -13.99999999999999822 ) ) ;
#7569 = CARTESIAN_POINT ( 'NONE',  ( 20.40464906927037703, 63.77279572264585994, -63.34188889863403915 ) ) ;
#7570 = FACE_OUTER_BOUND ( 'NONE', #1315, .T. ) ;
#7571 = CARTESIAN_POINT ( 'NONE',  ( -75.60992364307440994, 46.05586453954276038, 13.99999999999999645 ) ) ;
#7572 = CARTESIAN_POINT ( 'NONE',  ( -8.465450562766808523E-14, 60.99999999999988631, 14.00000000000000000 ) ) ;
#7573 = EDGE_CURVE ( 'NONE', #845, #1368, #8184, .T. ) ;
#7574 = DIRECTION ( 'NONE',  ( -0.7071067811865474617, 8.659560562354932858E-17, -0.7071067811865474617 ) ) ;
#7575 = CARTESIAN_POINT ( 'NONE',  ( 37.32391409646005087, 68.54077820446757130, 51.56289357022445330 ) ) ;
#7576 = DIRECTION ( 'NONE',  ( -0.4999999999999979461, 0.000000000000000000, -0.8660254037844397068 ) ) ;
#7577 = CARTESIAN_POINT ( 'NONE',  ( 49.84816133228044066, 46.10331087986506304, -58.29707062131060269 ) ) ;
#7578 = CARTESIAN_POINT ( 'NONE',  ( 20.89304026415158333, 64.46462010836214063, -62.99293257400941570 ) ) ;
#7579 = CARTESIAN_POINT ( 'NONE',  ( 51.59461799496915546, 79.00149741535466319, -103.1892359899383820 ) ) ;
#7580 = CARTESIAN_POINT ( 'NONE',  ( 48.79618970459037541, 48.00576291639495707, 56.51747978412778650 ) ) ;
#7581 = ORIENTED_EDGE ( 'NONE', *, *, #2089, .T. ) ;
#7582 = CARTESIAN_POINT ( 'NONE',  ( 64.24915091417669544, 69.06316985497892347, -8.588088686939354233 ) ) ;
#7583 = VERTEX_POINT ( 'NONE', #2300 ) ;
#7584 = CARTESIAN_POINT ( 'NONE',  ( 72.00000000000000000, 71.00000000000000000, 7.000000000000000000 ) ) ;
#7585 = CARTESIAN_POINT ( 'NONE',  ( 43.01639268400472815, 73.76205797093119543, -34.57314596901164805 ) ) ;
#7586 = CARTESIAN_POINT ( 'NONE',  ( 40.72705798935904653, 70.96746529199602094, 51.54175710119350384 ) ) ;
#7587 = CARTESIAN_POINT ( 'NONE',  ( 46.06879294107283584, 77.81487915691255353, -14.53253936698583715 ) ) ;
#7588 = CARTESIAN_POINT ( 'NONE',  ( 37.55103773241670240, 71.34451325393476395, 53.37543325149083984 ) ) ;
#7589 = ORIENTED_EDGE ( 'NONE', *, *, #8131, .F. ) ;
#7590 = CARTESIAN_POINT ( 'NONE',  ( -63.39019740839128758, 68.59727111945984745, 6.287962771878135904 ) ) ;
#7591 = CARTESIAN_POINT ( 'NONE',  ( 20.48958420640751399, 57.64672313975280815, 68.30425702708264168 ) ) ;
#7592 = ORIENTED_EDGE ( 'NONE', *, *, #5380, .F. ) ;
#7593 = CARTESIAN_POINT ( 'NONE',  ( 60.19907605279995977, 67.38168135652030344, 16.70087934281000841 ) ) ;
#7594 = ORIENTED_EDGE ( 'NONE', *, *, #2368, .F. ) ;
#7595 = CARTESIAN_POINT ( 'NONE',  ( 51.70007341432521031, 72.62542314396186782, -17.53267063755625088 ) ) ;
#7596 = CARTESIAN_POINT ( 'NONE',  ( -28.59115078230739471, 70.99999999999809575, -58.52132580181935850 ) ) ;
#7597 = CARTESIAN_POINT ( 'NONE',  ( 40.66860034734767027, 50.30000552112946366, 70.85900638718622702 ) ) ;
#7598 = CARTESIAN_POINT ( 'NONE',  ( -28.12142052291080674, 61.00000000000000000, 76.70772912668978449 ) ) ;
#7599 = EDGE_LOOP ( 'NONE', ( #2797, #5726, #4388, #8185 ) ) ;
#7600 = CARTESIAN_POINT ( 'NONE',  ( 75.81746117496030024, 46.02785684633895613, -14.00000000000000000 ) ) ;
#7601 = CARTESIAN_POINT ( 'NONE',  ( -52.37013182887405094, 0.000000000000000000, -62.70772912669023214 ) ) ;
#7602 = CARTESIAN_POINT ( 'NONE',  ( -49.75156183231038654, 47.27665030204768470, -56.16564631967315790 ) ) ;
#7603 = CARTESIAN_POINT ( 'NONE',  ( 64.98367143464109574, 70.60771697037358763, 9.475395429692341054 ) ) ;
#7604 = CARTESIAN_POINT ( 'NONE',  ( 49.99357256924077575, 48.24151529171869868, -58.59140774180600175 ) ) ;
#7605 = DIRECTION ( 'NONE',  ( -0.5000000000000039968, 0.000000000000000000, 0.8660254037844363761 ) ) ;
#7606 = VERTEX_POINT ( 'NONE', #8121 ) ;
#7607 = ORIENTED_EDGE ( 'NONE', *, *, #5098, .T. ) ;
#7608 = CARTESIAN_POINT ( 'NONE',  ( -63.39408826244039119, 67.61735050355576959, 14.10282592426333181 ) ) ;
#7609 = CARTESIAN_POINT ( 'NONE',  ( -72.64169657945068082, 57.89293898239950664, -13.99999999999999289 ) ) ;
#7610 = VECTOR ( 'NONE', #7413, 1000.000000000000000 ) ;
#7611 = CARTESIAN_POINT ( 'NONE',  ( 22.08666886383767647, 60.03922181402496250, -66.25523264226239917 ) ) ;
#7612 = CARTESIAN_POINT ( 'NONE',  ( 70.03680340552855910, 61.97093712385065345, 13.99999999999999645 ) ) ;
#7613 = ADVANCED_FACE ( 'NONE', ( #7231 ), #5439, .F. ) ;
#7614 = CARTESIAN_POINT ( 'NONE',  ( -12.24999999999999645, 76.42166581354543098, 24.49999999999999289 ) ) ;
#7615 = AXIS2_PLACEMENT_3D ( 'NONE', #92, #8421, #6963 ) ;
#7616 = CARTESIAN_POINT ( 'NONE',  ( -39.62982385115176243, 56.37075549655882867, -71.44510576728274032 ) ) ;
#7617 = DIRECTION ( 'NONE',  ( 0.000000000000000000, 0.000000000000000000, -1.000000000000000000 ) ) ;
#7618 = EDGE_CURVE ( 'NONE', #1513, #3512, #6891, .T. ) ;
#7619 = CARTESIAN_POINT ( 'NONE',  ( 17.68121478636490806, 64.29485628078596449, -63.57444099250312775 ) ) ;
#7620 = DIRECTION ( 'NONE',  ( -1.000000000000000000, -0.000000000000000000, -0.000000000000000000 ) ) ;
#7621 = CARTESIAN_POINT ( 'NONE',  ( 52.28572573259913980, 72.05034558377231235, -24.12499999999817746 ) ) ;
#7622 = CARTESIAN_POINT ( 'NONE',  ( 49.92931711582121324, 46.05586463635719241, -58.48011403182000123 ) ) ;
#7623 = EDGE_CURVE ( 'NONE', #5460, #8693, #6573, .T. ) ;
#7624 = DIRECTION ( 'NONE',  ( 0.000000000000000000, 0.000000000000000000, -1.000000000000000000 ) ) ;
#7625 = DIRECTION ( 'NONE',  ( -0.000000000000000000, -1.000000000000000000, -0.000000000000000000 ) ) ;
#7626 = CARTESIAN_POINT ( 'NONE',  ( 50.60202157906700648, 46.91607545010842983, 54.95828140411151708 ) ) ;
#7627 = ORIENTED_EDGE ( 'NONE', *, *, #3147, .T. ) ;
#7628 = VERTEX_POINT ( 'NONE', #8515 ) ;
#7629 = CARTESIAN_POINT ( 'NONE',  ( -23.18984035851380554, 64.92052763325038711, -61.66687442120323936 ) ) ;
#7630 = VERTEX_POINT ( 'NONE', #5066 ) ;
#7631 = DIRECTION ( 'NONE',  ( 0.000000000000000000, 0.000000000000000000, -1.000000000000000000 ) ) ;
#7632 = CARTESIAN_POINT ( 'NONE',  ( 39.20976347556675279, 75.71312880320957106, -34.32402504243157892 ) ) ;
#7633 = DIRECTION ( 'NONE',  ( 0.000000000000000000, 0.000000000000000000, 1.000000000000000000 ) ) ;
#7634 = CARTESIAN_POINT ( 'NONE',  ( 35.08134130071298529, 82.02925388986240307, -16.03609917469368185 ) ) ;
#7635 = CARTESIAN_POINT ( 'NONE',  ( 34.88087531824950105, 65.66873067393879637, 54.91705224012159903 ) ) ;
#7636 = EDGE_CURVE ( 'NONE', #470, #7217, #2264, .T. ) ;
#7637 = ORIENTED_EDGE ( 'NONE', *, *, #8488, .T. ) ;
#7638 = ADVANCED_FACE ( 'NONE', ( #1619 ), #8648, .F. ) ;
#7639 = CARTESIAN_POINT ( 'NONE',  ( -63.94018314316994633, 69.02349889316259635, 5.461863555241362356 ) ) ;
#7640 = DIRECTION ( 'NONE',  ( -0.000000000000000000, -1.000000000000000000, -0.000000000000000000 ) ) ;
#7641 = ORIENTED_EDGE ( 'NONE', *, *, #3213, .F. ) ;
#7642 = CARTESIAN_POINT ( 'NONE',  ( 65.00000000000000000, 71.20242650879477253, 7.223379212426979556 ) ) ;
#7643 = VERTEX_POINT ( 'NONE', #6139 ) ;
#7644 = CARTESIAN_POINT ( 'NONE',  ( 62.81518613568241705, 69.15083099225918772, 14.00000000000000178 ) ) ;
#7645 = CARTESIAN_POINT ( 'NONE',  ( -75.81703671462719285, 45.85812873523628497, 13.99999999999998757 ) ) ;
#7646 = DIRECTION ( 'NONE',  ( 0.7071067811865474617, 0.000000000000000000, -0.7071067811865474617 ) ) ;
#7647 = EDGE_LOOP ( 'NONE', ( #8771, #6856, #4612, #414 ) ) ;
#7648 = CARTESIAN_POINT ( 'NONE',  ( 44.63563906989740815, 78.58107764365556136, -13.99871063777126778 ) ) ;
#7649 = CARTESIAN_POINT ( 'NONE',  ( 80.49155235178410805, 61.00000000000000000, -14.00000000000000000 ) ) ;
#7650 = CARTESIAN_POINT ( 'NONE',  ( -50.07335748939137687, 47.93259350557801923, -55.43213497158000536 ) ) ;
#7651 = CARTESIAN_POINT ( 'NONE',  ( 64.95422226576312141, 70.82246614917504246, 4.500000000000131450 ) ) ;
#7652 = CARTESIAN_POINT ( 'NONE',  ( 48.62157839396707715, 50.13673092390481401, -56.21504412252956229 ) ) ;
#7653 = DIRECTION ( 'NONE',  ( -1.000000000000000000, 1.387778780781446464E-15, 0.000000000000000000 ) ) ;
#7654 = ORIENTED_EDGE ( 'NONE', *, *, #8284, .T. ) ;
#7655 = VERTEX_POINT ( 'NONE', #8255 ) ;
#7656 = CARTESIAN_POINT ( 'NONE',  ( -80.49155235178410805, 45.99999999999999289, 14.00000000000000000 ) ) ;
#7657 = DIRECTION ( 'NONE',  ( -0.8660254037844399289, 0.000000000000000000, 0.4999999999999976685 ) ) ;
#7658 = CARTESIAN_POINT ( 'NONE',  ( -72.82105316056942002, 47.95356825463733230, -16.34516635168984777 ) ) ;
#7659 = CARTESIAN_POINT ( 'NONE',  ( 41.00000000000033396, 53.49999999999999289, -71.01408311032378151 ) ) ;
#7660 = CARTESIAN_POINT ( 'NONE',  ( 45.09326673973608024, 71.00000000000000000, 57.10382907247998929 ) ) ;
#7661 = VECTOR ( 'NONE', #7894, 1000.000000000000000 ) ;
#7662 = DIRECTION ( 'NONE',  ( 0.000000000000000000, 0.000000000000000000, -1.000000000000000000 ) ) ;
#7663 = CIRCLE ( 'NONE', #5663, 2.500000000000000000 ) ;
#7664 = CARTESIAN_POINT ( 'NONE',  ( 18.72345348080476768, 62.25354003921474089, -65.33753323871290775 ) ) ;
#7665 = EDGE_CURVE ( 'NONE', #7630, #3329, #6943, .T. ) ;
#7666 = CARTESIAN_POINT ( 'NONE',  ( -61.31910538437296054, 67.11011901865587959, -15.33431353602618330 ) ) ;
#7667 = AXIS2_PLACEMENT_3D ( 'NONE', #7684, #4868, #4822 ) ;
#7668 = AXIS2_PLACEMENT_3D ( 'NONE', #6553, #345, #8713 ) ;
#7669 = CARTESIAN_POINT ( 'NONE',  ( 41.78572573259913980, 82.99999999999998579, -30.02500000000005542 ) ) ;
#7670 = CIRCLE ( 'NONE', #3065, 2.500000000000003109 ) ;
#7671 = EDGE_CURVE ( 'NONE', #7325, #7069, #6027, .T. ) ;
#7672 = EDGE_CURVE ( 'NONE', #7350, #6336, #8891, .T. ) ;
#7673 = MECHANICAL_DESIGN_GEOMETRIC_PRESENTATION_REPRESENTATION (  '', ( #1602 ), #2753 ) ;
#7674 = CARTESIAN_POINT ( 'NONE',  ( 28.57857792819420695, 71.37356801940973128, 58.55568533475167925 ) ) ;
#7675 = AXIS2_PLACEMENT_3D ( 'NONE', #6809, #3308, #1938 ) ;
#7676 = CARTESIAN_POINT ( 'NONE',  ( -16.63872370372233789, 66.12567138046388493, 61.80628083039808018 ) ) ;
#7677 = CARTESIAN_POINT ( 'NONE',  ( 49.99210123752373391, 53.09967776846053056, 53.84997973060629306 ) ) ;
#7678 = VERTEX_POINT ( 'NONE', #8207 ) ;
#7679 = ORIENTED_EDGE ( 'NONE', *, *, #4130, .F. ) ;
#7680 = CARTESIAN_POINT ( 'NONE',  ( 71.00000000000000000, 71.00000000000000000, -7.000000000000005329 ) ) ;
#7681 = VERTEX_POINT ( 'NONE', #3449 ) ;
#7682 = PLANE ( 'NONE',  #7236 ) ;
#7683 = CARTESIAN_POINT ( 'NONE',  ( 34.30541229523502977, 78.67772425197389907, -31.50068971208298052 ) ) ;
#7684 = CARTESIAN_POINT ( 'NONE',  ( 0.000000000000000000, 0.000000000000000000, 0.000000000000000000 ) ) ;
#7685 = TOROIDAL_SURFACE ( 'NONE', #716, 77.50708379720883556, 3.000000000000000000 ) ;
#7686 = CARTESIAN_POINT ( 'NONE',  ( 41.59232935658092600, 77.84073186198658334, -11.44367928224373010 ) ) ;
#7687 = CIRCLE ( 'NONE', #437, 81.70000000000000284 ) ;
#7688 = LINE ( 'NONE', #3566, #2620 ) ;
#7689 = ORIENTED_EDGE ( 'NONE', *, *, #4411, .F. ) ;
#7690 = CARTESIAN_POINT ( 'NONE',  ( 64.99999999999997158, 70.12954027454739503, -14.00000000000000000 ) ) ;
#7691 = AXIS2_PLACEMENT_3D ( 'NONE', #2272, #6935, #2957 ) ;
#7692 = DIRECTION ( 'NONE',  ( 0.4999999999999919509, -0.000000000000000000, 0.8660254037844432595 ) ) ;
#7693 = ORIENTED_EDGE ( 'NONE', *, *, #4485, .T. ) ;
#7694 = CIRCLE ( 'NONE', #3801, 2.500000000000003109 ) ;
#7695 = VECTOR ( 'NONE', #1504, 1000.000000000000000 ) ;
#7696 = CARTESIAN_POINT ( 'NONE',  ( -8.465450562766808523E-14, 60.99999999999988631, 14.00000000000000000 ) ) ;
#7697 = ORIENTED_EDGE ( 'NONE', *, *, #1074, .T. ) ;
#7698 = CARTESIAN_POINT ( 'NONE',  ( 65.09822895896259354, 67.19961627837840012, 14.00000000000000178 ) ) ;
#7699 = EDGE_CURVE ( 'NONE', #1937, #2634, #529, .T. ) ;
#7700 = CARTESIAN_POINT ( 'NONE',  ( -46.33538016985313135, 60.03922181398318969, -52.25523264220777264 ) ) ;
#7701 = ORIENTED_EDGE ( 'NONE', *, *, #1198, .F. ) ;
#7702 = CARTESIAN_POINT ( 'NONE',  ( -75.08324980882187560, 51.79954327710280637, 13.99999999999999112 ) ) ;
#7703 = CARTESIAN_POINT ( 'NONE',  ( 0.000000000000000000, 0.000000000000000000, 0.000000000000000000 ) ) ;
#7704 = ORIENTED_EDGE ( 'NONE', *, *, #5721, .T. ) ;
#7705 = CARTESIAN_POINT ( 'NONE',  ( 42.06217782649051884, 71.00000000000000000, 58.85382907247996087 ) ) ;
#7706 = DIRECTION ( 'NONE',  ( 1.000000000000000000, 0.000000000000000000, 0.000000000000000000 ) ) ;
#7707 = CIRCLE ( 'NONE', #7864, 66.70000000000000284 ) ;
#7708 = CARTESIAN_POINT ( 'NONE',  ( -25.90862046438592969, 68.52590978556904133, 58.13431876316430902 ) ) ;
#7709 = CARTESIAN_POINT ( 'NONE',  ( -32.10288568296986966, 71.00000000000000000, -64.60382907247965534 ) ) ;
#7710 = CARTESIAN_POINT ( 'NONE',  ( -50.45392411361143559, 49.58324814417438375, 54.68848251783968095 ) ) ;
#7711 = CARTESIAN_POINT ( 'NONE',  ( -48.12435565298278561, 80.99999999999998579, 55.35382907247901585 ) ) ;
#7712 = ORIENTED_EDGE ( 'NONE', *, *, #2874, .T. ) ;
#7713 = ORIENTED_EDGE ( 'NONE', *, *, #7562, .T. ) ;
#7714 = CARTESIAN_POINT ( 'NONE',  ( -44.62435565298271456, 80.99999999999998579, 49.29165124598798542 ) ) ;
#7715 = CARTESIAN_POINT ( 'NONE',  ( 42.88974748026925710, 51.39708559503186791, -69.53689874593626996 ) ) ;
#7716 = CARTESIAN_POINT ( 'NONE',  ( 41.20976584169776658, 56.67889258968425281, -70.54563702876532716 ) ) ;
#7717 = CARTESIAN_POINT ( 'NONE',  ( -15.80513287229751818, 67.42165079097325986, 60.38848733625269460 ) ) ;
#7718 = CARTESIAN_POINT ( 'NONE',  ( 35.87238069960952203, 68.90637391107530618, -24.07010755447038619 ) ) ;
#7719 = AXIS2_PLACEMENT_3D ( 'NONE', #5213, #2312, #252 ) ;
#7720 = DIRECTION ( 'NONE',  ( -1.000000000000000000, 0.000000000000000000, 0.000000000000000000 ) ) ;
#7721 = CARTESIAN_POINT ( 'NONE',  ( -24.04600513753343094, 58.46542898070119776, -69.64890261727039444 ) ) ;
#7722 = CARTESIAN_POINT ( 'NONE',  ( 31.37197471986673136, 81.30257189981581689, -25.64433312867128123 ) ) ;
#7723 = CARTESIAN_POINT ( 'NONE',  ( 47.83722081298198248, 60.80372878173846374, -49.97913709421465711 ) ) ;
#7724 = CARTESIAN_POINT ( 'NONE',  ( 8.681445989019579037E-15, 96.99999999999998579, 12.24999999999999289 ) ) ;
#7725 = FACE_OUTER_BOUND ( 'NONE', #2541, .T. ) ;
#7726 = VERTEX_POINT ( 'NONE', #2682 ) ;
#7727 = CARTESIAN_POINT ( 'NONE',  ( -37.87945403847736969, 68.50409903061283501, -51.27648204720627234 ) ) ;
#7728 = CARTESIAN_POINT ( 'NONE',  ( -20.42475882649757324, 67.19961627838671347, 63.37672001983322900 ) ) ;
#7729 = CARTESIAN_POINT ( 'NONE',  ( 20.31146966003646881, 67.41458402617207923, 63.18049742757810350 ) ) ;
#7730 = ORIENTED_EDGE ( 'NONE', *, *, #8074, .F. ) ;
#7731 = DIRECTION ( 'NONE',  ( -0.4999999999999980016, -0.000000000000000000, -0.8660254037844398178 ) ) ;
#7732 = ORIENTED_EDGE ( 'NONE', *, *, #8650, .F. ) ;
#7733 = PLANE ( 'NONE',  #5080 ) ;
#7734 = CARTESIAN_POINT ( 'NONE',  ( 51.16662097613480142, 71.14123788417349203, -28.89570103449665694 ) ) ;
#7735 = B_SPLINE_CURVE_WITH_KNOTS ( 'NONE', 3,
 ( #844, #4165, #8448, #5687, #3493, #796, #3540, #168, #3442, #113, #6315, #5539 ),
 .UNSPECIFIED., .F., .F.,
 ( 4, 2, 2, 2, 2, 4 ),
 ( 9.813077866773596333E-18, 0.008300315384362565163, 0.01245047307654383387, 0.01660063076872510604, 0.02490094615308765386, 0.03320126153745020514 ),
 .UNSPECIFIED. ) ;
#7736 = CYLINDRICAL_SURFACE ( 'NONE', #5324, 2.500000000000004441 ) ;
#7737 = CARTESIAN_POINT ( 'NONE',  ( 43.92298551662575079, 76.94901114177795876, -11.73760673269545585 ) ) ;
#7738 = CARTESIAN_POINT ( 'NONE',  ( 31.35242250173954304, 65.67055975809300605, 56.95420542350943549 ) ) ;
#7739 = ORIENTED_EDGE ( 'NONE', *, *, #4911, .T. ) ;
#7740 = EDGE_CURVE ( 'NONE', #6060, #7993, #819, .T. ) ;
#7741 = DIRECTION ( 'NONE',  ( 0.5000000000000039968, 0.000000000000000000, -0.8660254037844363761 ) ) ;
#7742 = VERTEX_POINT ( 'NONE', #3501 ) ;
#7743 = CARTESIAN_POINT ( 'NONE',  ( 64.99999999999998579, 70.32824487247533796, 14.38303163650674499 ) ) ;
#7744 = ORIENTED_EDGE ( 'NONE', *, *, #3368, .T. ) ;
#7745 = CARTESIAN_POINT ( 'NONE',  ( 61.23307001656853288, 67.16783077013863590, 13.99999999999896794 ) ) ;
#7746 = CARTESIAN_POINT ( 'NONE',  ( 23.87564434701720728, 0.000000000000000000, 69.35382907247979745 ) ) ;
#7747 = ORIENTED_EDGE ( 'NONE', *, *, #7406, .T. ) ;
#7748 = CARTESIAN_POINT ( 'NONE',  ( -72.11038302844941938, 53.27527253397911267, 14.00000000000521361 ) ) ;
#7749 = EDGE_CURVE ( 'NONE', #3613, #2751, #4517, .T. ) ;
#7750 = CARTESIAN_POINT ( 'NONE',  ( -42.21579640126808641, 56.26955719243985499, 69.94816270846743578 ) ) ;
#7751 =( BOUNDED_SURFACE ( )  B_SPLINE_SURFACE ( 3, 2, ( 
 ( #2502, #5774, #5418 ),
 ( #8902, #6290, #7626 ),
 ( #4095, #7580, #8744 ),
 ( #6194, #7540, #1410 ),
 ( #6870, #2693, #4184 ),
 ( #4763, #6831, #8220 ),
 ( #2732, #5602, #4910 ),
 ( #5464, #8945, #7677 ),
 ( #6956, #8996, #1318 ),
 ( #2784, #5508, #629 ),
 ( #2829, #1459, #36 ),
 ( #1365, #673, #8270 ),
 ( #721, #6666, #2003 ),
 ( #3416, #426, #8363 ),
 ( #2147, #3511, #4860 ),
 ( #4136, #2535, #2053 ),
 ( #4815, #3219, #5989 ),
 ( #6911, #8175, #1955 ),
 ( #588, #3457, #6240 ),
 ( #4722, #7492, #5557 ) ),
 .UNSPECIFIED., .F., .F., .F. ) 
 B_SPLINE_SURFACE_WITH_KNOTS ( ( 4, 2, 2, 2, 2, 2, 2, 2, 2, 4 ),
 ( 3, 3 ),
 ( 0.01252048609959066812, 0.01610381331546698047, 0.01789547692340513751, 0.01968714053134329456, 0.02327046774721960865, 0.02685379496309591926, 0.03402044939484854397, 0.03581211300278670101, 0.03760377661072485805, 0.04118710382660117214 ),
 ( 0.000000000000000000, 1.000000000000000000 ),
 .UNSPECIFIED. ) 
 GEOMETRIC_REPRESENTATION_ITEM ( )  RATIONAL_B_SPLINE_SURFACE ( (
 ( 1.000000000000000000, 0.7806367264523375038, 1.000000000000000000),
 ( 1.000000000000000000, 0.7806525983848272565, 1.000000000000000000),
 ( 1.000000000000000000, 0.7804736193035516356, 1.000000000000000000),
 ( 1.000000000000000000, 0.7799347764551235462, 1.000000000000000000),
 ( 1.000000000000000000, 0.7797094506924954205, 1.000000000000000000),
 ( 1.000000000000000000, 0.7791796795191888725, 1.000000000000000000),
 ( 1.000000000000000000, 0.7788772256528310178, 1.000000000000000000),
 ( 1.000000000000000000, 0.7778777612641194494, 1.000000000000000000),
 ( 1.000000000000000000, 0.7770891790800793508, 1.000000000000000000),
 ( 1.000000000000000000, 0.7753695393482480380, 1.000000000000000000),
 ( 1.000000000000000000, 0.7744333973521256853, 1.000000000000000000),
 ( 1.000000000000000000, 0.7716017430412828171, 1.000000000000000000),
 ( 1.000000000000000000, 0.7696820186692925336, 1.000000000000000000),
 ( 1.000000000000000000, 0.7674401967819193260, 1.000000000000000000),
 ( 1.000000000000000000, 0.7669988342220133148, 1.000000000000000000),
 ( 1.000000000000000000, 0.7661320856130606760, 1.000000000000000000),
 ( 1.000000000000000000, 0.7657059992055477160, 1.000000000000000000),
 ( 1.000000000000000000, 0.7644628963693634871, 1.000000000000000000),
 ( 1.000000000000000000, 0.7636784586031616362, 1.000000000000000000),
 ( 1.000000000000000000, 0.7629366208023399265, 1.000000000000000000) ) ) 
 REPRESENTATION_ITEM ( '' )  SURFACE ( )  );
#7752 = CARTESIAN_POINT ( 'NONE',  ( 31.56941905603521903, 82.12954374443779670, -21.67462631173340526 ) ) ;
#7753 = CARTESIAN_POINT ( 'NONE',  ( -44.62435565298271456, 0.000000000000000000, 49.29165124598798542 ) ) ;
#7754 = EDGE_CURVE ( 'NONE', #3210, #5769, #8339, .T. ) ;
#7755 = CARTESIAN_POINT ( 'NONE',  ( 38.91613928324584037, 53.49999999999999289, -62.40473047300818621 ) ) ;
#7756 = CARTESIAN_POINT ( 'NONE',  ( 65.05800944454347245, 63.77279572263804397, -13.99999999999533351 ) ) ;
#7757 = CARTESIAN_POINT ( 'NONE',  ( -49.37598776186746363, 55.95718616389152089, 52.73723657071822402 ) ) ;
#7758 = PLANE ( 'NONE',  #2840 ) ;
#7759 = ORIENTED_EDGE ( 'NONE', *, *, #1198, .T. ) ;
#7760 = ORIENTED_EDGE ( 'NONE', *, *, #1801, .F. ) ;
#7761 = DIRECTION ( 'NONE',  ( -0.8660254037844407060, 0.000000000000000000, 0.4999999999999963918 ) ) ;
#7762 = CARTESIAN_POINT ( 'NONE',  ( 38.23992580680374687, 54.52141713085631380, -72.19836673302228292 ) ) ;
#7763 = DIRECTION ( 'NONE',  ( 8.949944318576885364E-17, 1.000000000000000000, 0.000000000000000000 ) ) ;
#7764 = CARTESIAN_POINT ( 'NONE',  ( 9.515505629374934896E-15, 9.500000000000000000, 77.70000000000000284 ) ) ;
#7765 = CARTESIAN_POINT ( 'NONE',  ( -43.32898194984695550, 70.59079725910042669, 50.03953560219460428 ) ) ;
#7766 = CARTESIAN_POINT ( 'NONE',  ( 33.26053679973618671, 77.14911037239082248, -30.30923222570334019 ) ) ;
#7767 = CARTESIAN_POINT ( 'NONE',  ( 43.52179017449208231, 53.91667414674981273, 69.14293400765103570 ) ) ;
#7768 = CARTESIAN_POINT ( 'NONE',  ( 36.40500710969367049, 71.24814534648243125, -54.03709434001955003 ) ) ;
#7769 = TOROIDAL_SURFACE ( 'NONE', #8195, 77.50708379720883556, 3.000000000000000000 ) ;
#7770 = CARTESIAN_POINT ( 'NONE',  ( 49.86151541782532348, 47.53496888141331311, -55.85617208477703599 ) ) ;
#7771 = VERTEX_POINT ( 'NONE', #1252 ) ;
#7772 = CARTESIAN_POINT ( 'NONE',  ( -37.14063420269283000, 68.59727111945987588, -51.75353992063837438 ) ) ;
#7773 = CARTESIAN_POINT ( 'NONE',  ( -23.93083586124953399, 53.27527253398393015, 69.44942357927180865 ) ) ;
#7774 = DIRECTION ( 'NONE',  ( 0.000000000000000000, -1.000000000000000000, 0.000000000000000000 ) ) ;
#7775 = ORIENTED_EDGE ( 'NONE', *, *, #530, .T. ) ;
#7776 = DIRECTION ( 'NONE',  ( -0.000000000000000000, -1.000000000000000000, -0.000000000000000000 ) ) ;
#7777 = ORIENTED_EDGE ( 'NONE', *, *, #5610, .T. ) ;
#7778 = CARTESIAN_POINT ( 'NONE',  ( -36.42142207180589253, 71.37356801940973128, 54.02761715722519398 ) ) ;
#7779 = CARTESIAN_POINT ( 'NONE',  ( -48.49704453756855571, 51.19777907934332006, -55.99934515594909357 ) ) ;
#7780 = AXIS2_PLACEMENT_3D ( 'NONE', #282, #1012, #8561 ) ;
#7781 = CARTESIAN_POINT ( 'NONE',  ( -44.35981763477814610, 67.39059217359786658, 43.97351059919911620 ) ) ;
#7782 = FACE_OUTER_BOUND ( 'NONE', #6, .T. ) ;
#7783 = CARTESIAN_POINT ( 'NONE',  ( 35.07339613363843256, 79.43205828583130312, -16.03566421362787509 ) ) ;
#7784 = CARTESIAN_POINT ( 'NONE',  ( 35.05157813452318294, 71.49049528583634583, 54.81849692316320244 ) ) ;
#7785 = ORIENTED_EDGE ( 'NONE', *, *, #4025, .F. ) ;
#7786 = FACE_OUTER_BOUND ( 'NONE', #2411, .T. ) ;
#7787 = EDGE_LOOP ( 'NONE', ( #5044, #7747 ) ) ;
#7788 = CARTESIAN_POINT ( 'NONE',  ( -38.75562989912511824, 71.20242650879475832, 52.67996163977787205 ) ) ;
#7789 = ORIENTED_EDGE ( 'NONE', *, *, #5721, .F. ) ;
#7790 = CARTESIAN_POINT ( 'NONE',  ( 68.04598584425589536, 59.75118097120521554, 16.42780588276517406 ) ) ;
#7791 = CARTESIAN_POINT ( 'NONE',  ( -45.83166933733071602, 65.00834819740651938, -46.41844595414251984 ) ) ;
#7792 = EDGE_CURVE ( 'NONE', #7213, #8233, #1374, .T. ) ;
#7793 = ORIENTED_EDGE ( 'NONE', *, *, #6127, .F. ) ;
#7794 = CARTESIAN_POINT ( 'NONE',  ( -60.97091537674126016, 66.83697915471586271, 16.50077390992048976 ) ) ;
#7795 = CARTESIAN_POINT ( 'NONE',  ( -64.99999999999998579, 71.00000000000000000, -9.500000000000003553 ) ) ;
#7796 = ORIENTED_EDGE ( 'NONE', *, *, #3815, .T. ) ;
#7797 = CARTESIAN_POINT ( 'NONE',  ( 32.97744677126045332, 82.31774751102972232, -18.39850519886067914 ) ) ;
#7798 = CARTESIAN_POINT ( 'NONE',  ( -49.92931747451923030, 46.05586453954277459, -58.48011465310423063 ) ) ;
#7799 = ADVANCED_FACE ( 'NONE', ( #8982 ), #1659, .T. ) ;
#7800 = CARTESIAN_POINT ( 'NONE',  ( -48.90842966887169041, 57.64672313975282947, 51.89662894927054992 ) ) ;
#7801 = CARTESIAN_POINT ( 'NONE',  ( -72.82751238113404213, 48.33919397457051303, -16.06109714981060321 ) ) ;
#7802 = ORIENTED_EDGE ( 'NONE', *, *, #6905, .F. ) ;
#7803 = ORIENTED_EDGE ( 'NONE', *, *, #75, .T. ) ;
#7804 = LINE ( 'NONE', #7714, #8836 ) ;
#7805 = CARTESIAN_POINT ( 'NONE',  ( 38.11869007796523334, 53.91720765145125682, -72.26241773630586351 ) ) ;
#7806 = CARTESIAN_POINT ( 'NONE',  ( 64.97903156796981250, 69.92428822641963393, 14.00000000000000000 ) ) ;
#7807 = FACE_OUTER_BOUND ( 'NONE', #6469, .T. ) ;
#7808 = CARTESIAN_POINT ( 'NONE',  ( 24.27499502860753466, 70.78531979700609611, -61.04036008030801241 ) ) ;
#7809 = CARTESIAN_POINT ( 'NONE',  ( -36.38537941636812434, 70.99999999999809575, 54.02132580181889665 ) ) ;
#7810 = CARTESIAN_POINT ( 'NONE',  ( 33.96706950260372793, 78.91307960772478225, -31.14146617562902009 ) ) ;
#7811 = ADVANCED_FACE ( 'NONE', ( #2861 ), #353, .F. ) ;
#7812 = CARTESIAN_POINT ( 'NONE',  ( -72.38935063020871041, 50.54137333704083801, -16.35436224005043115 ) ) ;
#7813 = VECTOR ( 'NONE', #6818, 1000.000000000000000 ) ;
#7814 = CARTESIAN_POINT ( 'NONE',  ( -37.62217394158941630, 68.50041615695938901, -51.36313468149380412 ) ) ;
#7815 = PRODUCT_DEFINITION_FORMATION_WITH_SPECIFIED_SOURCE ( 'ANY', '', #2353, .NOT_KNOWN. ) ;
#7816 = CARTESIAN_POINT ( 'NONE',  ( -24.24833323158202703, 51.19777907935215921, 69.99934515594439688 ) ) ;
#7817 = CARTESIAN_POINT ( 'NONE',  ( 81.65112517299850481, 52.09168152832719301, 2.826632566468516128 ) ) ;
#7818 = ORIENTED_EDGE ( 'NONE', *, *, #4003, .F. ) ;
#7819 = DIRECTION ( 'NONE',  ( -0.8660254037844392627, 0.000000000000000000, 0.4999999999999988343 ) ) ;
#7820 = TOROIDAL_SURFACE ( 'NONE', #8101, 77.50708379720883556, 3.000000000000000000 ) ;
#7821 = ORIENTED_EDGE ( 'NONE', *, *, #7064, .F. ) ;
#7822 = CARTESIAN_POINT ( 'NONE',  ( -74.60512294179893900, 53.47322573449753236, 14.00000000000002132 ) ) ;
#7823 = CIRCLE ( 'NONE', #8557, 2.500000000000002220 ) ;
#7824 = DIRECTION ( 'NONE',  ( 0.000000000000000000, 0.000000000000000000, -1.000000000000000000 ) ) ;
#7825 = CARTESIAN_POINT ( 'NONE',  ( 81.68816685806307021, 56.37011882402984497, 1.403383502507374869 ) ) ;
#7826 = DIRECTION ( 'NONE',  ( 0.000000000000000000, 0.000000000000000000, -1.000000000000000000 ) ) ;
#7827 = CARTESIAN_POINT ( 'NONE',  ( 20.29262180662719572, 69.31868612655860318, -63.14785198785784104 ) ) ;
#7828 = TOROIDAL_SURFACE ( 'NONE', #5963, 20.25000000000000355, 2.000000000000000000 ) ;
#7829 = ORIENTED_EDGE ( 'NONE', *, *, #6126, .F. ) ;
#7830 = CIRCLE ( 'NONE', #285, 3.500000000000003109 ) ;
#7831 = CARTESIAN_POINT ( 'NONE',  ( -64.99999999999998579, 70.59079725910042669, -12.50423128758679958 ) ) ;
#7832 = CARTESIAN_POINT ( 'NONE',  ( 60.20053056545826564, 67.42165079097325986, 16.50659709052886370 ) ) ;
#7833 = ORIENTED_EDGE ( 'NONE', *, *, #7921, .T. ) ;
#7834 = CARTESIAN_POINT ( 'NONE',  ( -27.44896226756187474, 71.34451325391479770, 59.20786924049869526 ) ) ;
#7835 = AXIS2_PLACEMENT_3D ( 'NONE', #8751, #562, #3347 ) ;
#7836 = VERTEX_POINT ( 'NONE', #7764 ) ;
#7837 = CARTESIAN_POINT ( 'NONE',  ( 51.29453741800726618, 72.95305059049196927, -16.87520266443858574 ) ) ;
#7838 = VECTOR ( 'NONE', #8734, 1000.000000000000000 ) ;
#7839 = CIRCLE ( 'NONE', #3926, 2.500000000000003553 ) ;
#7840 = ORIENTED_EDGE ( 'NONE', *, *, #7618, .F. ) ;
#7841 = CARTESIAN_POINT ( 'NONE',  ( -72.34072158106992845, 58.46542898070119776, 13.99999999999998046 ) ) ;
#7842 = AXIS2_PLACEMENT_3D ( 'NONE', #7171, #471, #1236 ) ;
#7843 = CARTESIAN_POINT ( 'NONE',  ( 43.27163849062255707, 63.92961629124348377, -29.84748897419653701 ) ) ;
#7844 = DIRECTION ( 'NONE',  ( 8.949944318576885364E-17, 1.000000000000000000, 0.000000000000000000 ) ) ;
#7845 = B_SPLINE_CURVE_WITH_KNOTS ( 'NONE', 3,
 ( #5273, #1160, #6595, #4576 ),
 .UNSPECIFIED., .F., .F.,
 ( 4, 4 ),
 ( 0.000000000000000000, 0.0003740696040165260717 ),
 .UNSPECIFIED. ) ;
#7846 = VECTOR ( 'NONE', #5871, 1000.000000000000114 ) ;
#7847 = EDGE_CURVE ( 'NONE', #5717, #3712, #1677, .T. ) ;
#7848 = CIRCLE ( 'NONE', #2042, 2.499999999999999112 ) ;
#7849 = CARTESIAN_POINT ( 'NONE',  ( -28.05037708600571733, 69.70509232733358829, 58.29636633301900872 ) ) ;
#7850 = CARTESIAN_POINT ( 'NONE',  ( 64.74126540453492851, 63.45883282103292800, -16.46621447234988977 ) ) ;
#7851 = EDGE_CURVE ( 'NONE', #7836, #6713, #4277, .T. ) ;
#7852 = CARTESIAN_POINT ( 'NONE',  ( 29.93782217350923602, 71.00000000000000000, -65.85382907247945639 ) ) ;
#7853 = CARTESIAN_POINT ( 'NONE',  ( -20.16201555390779276, 68.75925333859643729, -62.92163532236255463 ) ) ;
#7854 = VERTEX_POINT ( 'NONE', #5049 ) ;
#7855 = DIRECTION ( 'NONE',  ( -0.000000000000000000, -1.000000000000000000, -0.000000000000000000 ) ) ;
#7856 = CARTESIAN_POINT ( 'NONE',  ( 49.95075453673835852, 53.31457523385759600, 53.77505582260500461 ) ) ;
#7857 = CARTESIAN_POINT ( 'NONE',  ( 41.56191962371064363, 56.59499769723787921, -70.33874139984366991 ) ) ;
#7858 = CARTESIAN_POINT ( 'NONE',  ( 64.57274241378014779, 68.75925333859646571, 14.00000000000000000 ) ) ;
#7859 = CIRCLE ( 'NONE', #4790, 3.500000000000000888 ) ;
#7860 = ORIENTED_EDGE ( 'NONE', *, *, #6699, .F. ) ;
#7861 = CARTESIAN_POINT ( 'NONE',  ( 36.10916910461158125, 69.19360831154665448, -22.46551813281322652 ) ) ;
#7862 = ADVANCED_FACE ( 'NONE', ( #7807 ), #4629, .F. ) ;
#7863 = CARTESIAN_POINT ( 'NONE',  ( 25.99281867621736453, 68.54077820446754288, -58.10490456131486070 ) ) ;
#7864 = AXIS2_PLACEMENT_3D ( 'NONE', #5545, #6812, #577 ) ;
#7865 = B_SPLINE_CURVE_WITH_KNOTS ( 'NONE', 3,
 ( #2671, #5536, #8292, #747, #7650, #6985, #7602, #697, #5438, #3537, #7124, #2271, #2366, #302, #7798, #1535 ),
 .UNSPECIFIED., .F., .F.,
 ( 4, 2, 2, 2, 2, 2, 2, 4 ),
 ( -1.074445212797931989E-05, 0.0006067862582658848074, 0.001224316968659748799, 0.002459378389447470278, 0.003076909099841322343, 0.003694439810235174843, 0.004311970520629027775, 0.004929501231022879841 ),
 .UNSPECIFIED. ) ;
#7866 = VERTEX_POINT ( 'NONE', #3688 ) ;
#7867 = CARTESIAN_POINT ( 'NONE',  ( -42.02980651868953288, 70.79964327383027012, 50.78961488709790473 ) ) ;
#7868 = CARTESIAN_POINT ( 'NONE',  ( 37.71385021316217490, 76.55518175864040131, -33.80888948348234635 ) ) ;
#7869 = CARTESIAN_POINT ( 'NONE',  ( 43.00060246020746746, 55.43946546310554879, 69.46834443757599331 ) ) ;
#7870 = EDGE_CURVE ( 'NONE', #4680, #1038, #6462, .T. ) ;
#7871 = FACE_OUTER_BOUND ( 'NONE', #2718, .T. ) ;
#7872 = EDGE_CURVE ( 'NONE', #3297, #2080, #4405, .T. ) ;
#7873 = DIRECTION ( 'NONE',  ( -0.000000000000000000, -1.000000000000000000, -0.000000000000000000 ) ) ;
#7874 = CARTESIAN_POINT ( 'NONE',  ( -37.04431977705869627, 68.65059679230793677, -51.90083523056647863 ) ) ;
#7875 = CARTESIAN_POINT ( 'NONE',  ( -16.19536830031107399, 66.83697915472404816, 61.05274856318957433 ) ) ;
#7876 = LINE ( 'NONE', #3604, #6521 ) ;
#7877 = CARTESIAN_POINT ( 'NONE',  ( -81.99999999999998579, 53.49999999999999289, -2.499999999999998668 ) ) ;
#7878 = CARTESIAN_POINT ( 'NONE',  ( -44.62435565298271456, 70.12951399001688912, 49.29165124598797831 ) ) ;
#7879 = CARTESIAN_POINT ( 'NONE',  ( -31.19397513006206779, 71.49174360388096261, -57.04568505621548269 ) ) ;
#7880 = CARTESIAN_POINT ( 'NONE',  ( 81.69919645055158242, 56.67888234142503734, 0.4155439936272156687 ) ) ;
#7881 = DIRECTION ( 'NONE',  ( 0.000000000000000000, 0.000000000000000000, -1.000000000000000000 ) ) ;
#7882 = CARTESIAN_POINT ( 'NONE',  ( 71.29333510636419646, 60.24613397907614853, -14.00000000000004974 ) ) ;
#7883 = ORIENTED_EDGE ( 'NONE', *, *, #1645, .F. ) ;
#7884 = B_SPLINE_CURVE_WITH_KNOTS ( 'NONE', 3,
 ( #5492, #1899, #3398, #4664, #4704, #7434, #4082, #1207, #3990, #6857, #6766, #6085, #8841, #6178, #8931, #2720, #8251, #2037 ),
 .UNSPECIFIED., .F., .F.,
 ( 4, 2, 2, 2, 2, 2, 2, 2, 4 ),
 ( -1.082020055211298367E-05, 0.0002984106444301844381, 0.0006076414894124818056, 0.001226103179377090093, 0.002463026559306295826, 0.003081488249270901078, 0.003699949939235505896, 0.004318411629200111582, 0.004936873319164716833 ),
 .UNSPECIFIED. ) ;
#7885 = DIRECTION ( 'NONE',  ( -0.8660254037844387076, 0.000000000000000000, 0.4999999999999997224 ) ) ;
#7886 = DIRECTION ( 'NONE',  ( -0.000000000000000000, -1.000000000000000000, -0.000000000000000000 ) ) ;
#7887 = EDGE_LOOP ( 'NONE', ( #1196, #5760, #7704, #3397, #550 ) ) ;
#7888 = CARTESIAN_POINT ( 'NONE',  ( 0.000000000000000000, 76.42166581354543098, 0.000000000000000000 ) ) ;
#7889 = ORIENTED_EDGE ( 'NONE', *, *, #1123, .F. ) ;
#7890 = CARTESIAN_POINT ( 'NONE',  ( 41.12999383681815857, 78.00479187935984271, -11.43535639374072055 ) ) ;
#7891 = CARTESIAN_POINT ( 'NONE',  ( 0.000000000000000000, 48.61675045524525984, 0.000000000000000000 ) ) ;
#7892 = CARTESIAN_POINT ( 'NONE',  ( -44.77554707645033716, 66.83697915471945805, -44.55197465329752049 ) ) ;
#7893 = VERTEX_POINT ( 'NONE', #8350 ) ;
#7894 = DIRECTION ( 'NONE',  ( 0.000000000000000000, -1.000000000000000000, -0.000000000000000000 ) ) ;
#7895 = CARTESIAN_POINT ( 'NONE',  ( 45.37411261331743617, 63.12927195812366676, -28.82564049118979099 ) ) ;
#7896 = DIRECTION ( 'NONE',  ( 8.659560562354932858E-17, 0.7071067811865474617, -0.7071067811865474617 ) ) ;
#7897 = CARTESIAN_POINT ( 'NONE',  ( -28.59115078230985674, 71.00000000002407319, 58.52132580182182409 ) ) ;
#7898 = ORIENTED_EDGE ( 'NONE', *, *, #8850, .F. ) ;
#7899 = CARTESIAN_POINT ( 'NONE',  ( 61.84517116442624740, 66.12567138046185278, -16.49358300121431498 ) ) ;
#7900 = CARTESIAN_POINT ( 'NONE',  ( 42.28714970833388520, 67.85093932666332250, -45.24349180210514731 ) ) ;
#7901 = CARTESIAN_POINT ( 'NONE',  ( -49.63021275016896539, 46.48927481284901120, 57.36606425707161350 ) ) ;
#7902 = VERTEX_POINT ( 'NONE', #2134 ) ;
#7903 = DIRECTION ( 'NONE',  ( -0.000000000000000000, -1.000000000000000000, -0.000000000000000000 ) ) ;
#7904 = CARTESIAN_POINT ( 'NONE',  ( -44.14906683162923429, 68.11553659766630631, -48.46842685913603788 ) ) ;
#7905 = CARTESIAN_POINT ( 'NONE',  ( 43.53884283324617854, 53.49999999999999289, 69.13218617071132144 ) ) ;
#7906 = CARTESIAN_POINT ( 'NONE',  ( 45.25124237241455916, 73.27866529735059942, 0.000000000000000000 ) ) ;
#7907 = ORIENTED_EDGE ( 'NONE', *, *, #4783, .F. ) ;
#7908 = CARTESIAN_POINT ( 'NONE',  ( -50.56585586994890491, 47.95356825463750994, 54.89229879152844660 ) ) ;
#7909 = CARTESIAN_POINT ( 'NONE',  ( 38.94354332363142390, 75.85919638580352853, -34.25414132833885361 ) ) ;
#7910 = EDGE_CURVE ( 'NONE', #2021, #7110, #4898, .T. ) ;
#7911 = CARTESIAN_POINT ( 'NONE',  ( 43.53884283324621407, 53.70831857168273160, 69.13218617071130723 ) ) ;
#7912 = FACE_OUTER_BOUND ( 'NONE', #1755, .T. ) ;
#7913 = CARTESIAN_POINT ( 'NONE',  ( 71.00000000000000000, 71.00000000000000000, -9.500000000000008882 ) ) ;
#7914 = CARTESIAN_POINT ( 'NONE',  ( 8.168394150312846688E-15, 0.000000000000000000, 66.70000000000000284 ) ) ;
#7915 = ADVANCED_FACE ( 'NONE', ( #6996 ), #1036, .F. ) ;
#7916 = DIRECTION ( 'NONE',  ( 0.000000000000000000, 0.000000000000000000, -1.000000000000000000 ) ) ;
#7917 = CARTESIAN_POINT ( 'NONE',  ( -44.14906683162993062, 68.11553659766627788, 48.46842685913546944 ) ) ;
#7918 = CARTESIAN_POINT ( 'NONE',  ( -43.87312328229938174, 67.51982151313318070, 47.66430720752176597 ) ) ;
#7919 = CARTESIAN_POINT ( 'NONE',  ( 81.69380993285072634, 56.53242027930843250, 1.023478647126355723 ) ) ;
#7920 = AXIS2_PLACEMENT_3D ( 'NONE', #7324, #3120, #5381 ) ;
#7921 = EDGE_CURVE ( 'NONE', #2668, #3306, #3913, .T. ) ;
#7922 = CARTESIAN_POINT ( 'NONE',  ( 0.000000000000000000, 61.00000000000000000, 0.000000000000000000 ) ) ;
#7923 = CARTESIAN_POINT ( 'NONE',  ( 20.37564434701726412, 70.12951399001688912, 63.29165124598866754 ) ) ;
#7924 = CARTESIAN_POINT ( 'NONE',  ( -65.00000000000000000, 70.79972856937999381, 11.00330816513900700 ) ) ;
#7925 = DIRECTION ( 'NONE',  ( 0.5000000000000039968, 1.387778780781446267E-15, -0.8660254037844363761 ) ) ;
#7926 = ORIENTED_EDGE ( 'NONE', *, *, #5098, .F. ) ;
#7927 = CARTESIAN_POINT ( 'NONE',  ( -27.77786222319929621, 65.51688459719053981, 59.01797876260574327 ) ) ;
#7928 = ORIENTED_EDGE ( 'NONE', *, *, #2136, .F. ) ;
#7929 = CARTESIAN_POINT ( 'NONE',  ( 36.80464303816372507, 79.33260865622362701, -12.22962203137510606 ) ) ;
#7930 = DIRECTION ( 'NONE',  ( -1.000000000000000000, -0.000000000000000000, -0.000000000000000000 ) ) ;
#7931 = DIRECTION ( 'NONE',  ( -0.8660254037844398178, 0.000000000000000000, 0.4999999999999980016 ) ) ;
#7932 = DIRECTION ( 'NONE',  ( -0.000000000000000000, 1.000000000000000000, -0.000000000000000000 ) ) ;
#7933 = EDGE_CURVE ( 'NONE', #1611, #5022, #8712, .T. ) ;
#7934 = CARTESIAN_POINT ( 'NONE',  ( 46.63697977199005607, 62.86216453158628781, -27.48931903956983547 ) ) ;
#7935 = DIRECTION ( 'NONE',  ( 0.8660254037844363761, 0.000000000000000000, 0.5000000000000039968 ) ) ;
#7936 = CARTESIAN_POINT ( 'NONE',  ( 71.24205642005088635, 54.09044109428501201, -16.37679888229319403 ) ) ;
#7937 = LINE ( 'NONE', #7295, #7085 ) ;
#7938 = CARTESIAN_POINT ( 'NONE',  ( -19.97607364692775178, 68.25932009823505098, -62.59957449221688108 ) ) ;
#7939 = CIRCLE ( 'NONE', #7920, 2.499999999999999112 ) ;
#7940 = ORIENTED_EDGE ( 'NONE', *, *, #6593, .F. ) ;
#7941 = DIRECTION ( 'NONE',  ( 0.000000000000000000, 0.000000000000000000, -1.000000000000000000 ) ) ;
#7942 = CARTESIAN_POINT ( 'NONE',  ( 43.19350840724279550, 51.91031407754684324, 69.34856573538958457 ) ) ;
#7943 = CARTESIAN_POINT ( 'NONE',  ( -65.00000000000001421, 71.45227402772212599, 3.023073242583059539 ) ) ;
#7944 = VECTOR ( 'NONE', #5214, 1000.000000000000000 ) ;
#7945 = EDGE_LOOP ( 'NONE', ( #8975, #4167, #3622, #478 ) ) ;
#7946 = CARTESIAN_POINT ( 'NONE',  ( -49.99357256924267290, 48.24151529171869868, 58.59140774180830391 ) ) ;
#7947 = CARTESIAN_POINT ( 'NONE',  ( -36.75107577378430079, 53.49999999999999289, -63.65473047300844200 ) ) ;
#7948 = CARTESIAN_POINT ( 'NONE',  ( 44.62867644710877357, 71.21505147874130159, -35.45069381539813236 ) ) ;
#7949 = LINE ( 'NONE', #1857, #2744 ) ;
#7950 = CARTESIAN_POINT ( 'NONE',  ( 36.87867731509468427, 68.78243406335056420, -52.20583606293745049 ) ) ;
#7951 = CARTESIAN_POINT ( 'NONE',  ( 18.86894624439317170, 67.29654735507111241, 61.48323883554849800 ) ) ;
#7952 = B_SPLINE_CURVE_WITH_KNOTS ( 'NONE', 3,
 ( #8290, #7510, #2714, #7600 ),
 .UNSPECIFIED., .F., .F.,
 ( 4, 4 ),
 ( 0.000000000000000000, 0.0004135464275951780027 ),
 .UNSPECIFIED. ) ;
#7953 = CARTESIAN_POINT ( 'NONE',  ( 81.99999999999998579, 53.49999999999999289, 0.000000000000000000 ) ) ;
#7954 = CYLINDRICAL_SURFACE ( 'NONE', #1001, 2.500000000000003109 ) ;
#7955 = DIRECTION ( 'NONE',  ( 0.4848096202463263449, 0.000000000000000000, 0.8746197071394017364 ) ) ;
#7956 = CARTESIAN_POINT ( 'NONE',  ( -44.46041527354813638, 68.93947535392155146, 49.00769817939520578 ) ) ;
#7957 = CARTESIAN_POINT ( 'NONE',  ( -15.80513287229669217, 67.42165079097325986, -60.38848733625290777 ) ) ;
#7958 = B_SPLINE_CURVE_WITH_KNOTS ( 'NONE', 3,
 ( #7121, #6269, #6358, #7752, #6983, #8337, #4993, #2850, #208, #3678, #7797, #1533, #4303, #2805, #7073, #3627, #4254, #6453, #2314, #5037, #8384, #8533, #5081, #3534, #14, #2119, #4884, #7648, #1432, #4208, #6310, #59, #4939, #1027, #1765, #6542, #1802, #3129, #5986, #984, #4528, #3852, #5856, #2364, #8741, #253 ),
 .UNSPECIFIED., .F., .F.,
 ( 4, 2, 2, 2, 2, 2, 2, 2, 2, 2, 2, 2, 2, 2, 2, 2, 2, 2, 2, 2, 2, 2, 4 ),
 ( 0.0005005045729675383550, 0.002648353133062553155, 0.003722277413110061314, 0.004796201693157568606, 0.005870125973205075898, 0.006944050253252584057, 0.009091898813347598640, 0.01016582309339511200, 0.01123974737344262363, 0.01338759593353762434, 0.01446152021358513076, 0.01553544449363263545, 0.01768329305372761187, 0.01983114161382259003, 0.02197899017391756471, 0.02412683873401254286, 0.02627468729410751755, 0.02734861157415501703, 0.02842253585420251652, 0.03057038441429753978, 0.03271823297439256650, 0.03379215725444006252, 0.03486608153448755854 ),
 .UNSPECIFIED. ) ;
#7959 = CARTESIAN_POINT ( 'NONE',  ( 81.65444210661503632, 55.09330622334758942, -2.730361005058994373 ) ) ;
#7960 = AXIS2_PLACEMENT_3D ( 'NONE', #805, #1449, #1547 ) ;
#7961 = CARTESIAN_POINT ( 'NONE',  ( 31.80421882529015676, 79.60201718049660258, -20.84266242241520573 ) ) ;
#7962 = CARTESIAN_POINT ( 'NONE',  ( 19.97607364692731835, 68.25932009823505098, 62.59957449221702319 ) ) ;
#7963 = EDGE_CURVE ( 'NONE', #3028, #4516, #3846, .T. ) ;
#7964 = CARTESIAN_POINT ( 'NONE',  ( -25.78416270433231361, 45.85812873523628497, 72.65947983452431913 ) ) ;
#7965 = VECTOR ( 'NONE', #4219, 1000.000000000000114 ) ;
#7966 = DIRECTION ( 'NONE',  ( 0.000000000000000000, -0.000000000000000000, 1.000000000000000000 ) ) ;
#7967 = ORIENTED_EDGE ( 'NONE', *, *, #8117, .F. ) ;
#7968 = DIRECTION ( 'NONE',  ( 0.5000000000000041078, -0.000000000000000000, -0.8660254037844363761 ) ) ;
#7969 = ORIENTED_EDGE ( 'NONE', *, *, #1183, .T. ) ;
#7970 = CARTESIAN_POINT ( 'NONE',  ( -37.61264424761523628, 68.50083817214020598, 51.36755389447069575 ) ) ;
#7971 = CARTESIAN_POINT ( 'NONE',  ( 48.92830132605824645, 55.96238029589260066, -56.74630382477178614 ) ) ;
#7972 = CARTESIAN_POINT ( 'NONE',  ( 29.53631846924995585, 78.73288877954195186, -27.87684519351970280 ) ) ;
#7973 = CARTESIAN_POINT ( 'NONE',  ( -38.10080802636835529, 53.70863418555010327, 72.27183703032484630 ) ) ;
#7974 = VECTOR ( 'NONE', #6297, 1000.000000000000000 ) ;
#7975 = DIRECTION ( 'NONE',  ( 0.5000000000000039968, 0.000000000000000000, -0.8660254037844363761 ) ) ;
#7976 = VECTOR ( 'NONE', #436, 999.9999999999998863 ) ;
#7977 = EDGE_CURVE ( 'NONE', #2380, #1813, #7845, .T. ) ;
#7978 = PLANE ( 'NONE',  #1028 ) ;
#7979 = AXIS2_PLACEMENT_3D ( 'NONE', #8090, #1186, #1917 ) ;
#7980 = VECTOR ( 'NONE', #5114, 1000.000000000000000 ) ;
#7981 = CARTESIAN_POINT ( 'NONE',  ( -20.37564434701770466, 70.33830226810675867, -63.29165124598855385 ) ) ;
#7982 = CIRCLE ( 'NONE', #6096, 2.500000000000002220 ) ;
#7983 = ORIENTED_EDGE ( 'NONE', *, *, #179, .F. ) ;
#7984 = DIRECTION ( 'NONE',  ( 0.8660254037844432595, 0.000000000000000000, -0.4999999999999919509 ) ) ;
#7985 = CARTESIAN_POINT ( 'NONE',  ( -72.74537776911411413, 51.19777907935416295, -13.99999999999844036 ) ) ;
#7986 = ORIENTED_EDGE ( 'NONE', *, *, #530, .F. ) ;
#7987 = CARTESIAN_POINT ( 'NONE',  ( -65.00000000000002842, 71.49162586044771217, 1.514845084316866375 ) ) ;
#7988 = VECTOR ( 'NONE', #6216, 1000.000000000000000 ) ;
#7989 = CIRCLE ( 'NONE', #3339, 3.500000000000002665 ) ;
#7990 = CARTESIAN_POINT ( 'NONE',  ( 24.74261879096936312, 68.97042246349046479, -59.79042293688316079 ) ) ;
#7991 = VECTOR ( 'NONE', #6142, 1000.000000000000000 ) ;
#7992 =( BOUNDED_SURFACE ( )  B_SPLINE_SURFACE ( 3, 2, ( 
 ( #8245, #210, #841 ),
 ( #8623, #7252, #5773 ),
 ( #6545, #2223, #1635 ),
 ( #5040, #8446, #5858 ),
 ( #3091, #1581, #5083 ),
 ( #303, #3720, #6498 ),
 ( #111, #2903, #5685 ),
 ( #4352, #936, #891 ),
 ( #5174, #4484, #7936 ),
 ( #986, #3000, #1536 ),
 ( #3764, #3582, #8535 ),
 ( #3631, #4995, #2317 ),
 ( #1721, #4444, #1679 ),
 ( #4396, #7756, #7850 ),
 ( #7167, #7209, #6361 ),
 ( #6415, #8580, #166 ),
 ( #2956, #256, #3042 ),
 ( #2367, #5134, #7899 ),
 ( #3940, #8143, #6750 ),
 ( #3257, #6710, #6024 ) ),
 .UNSPECIFIED., .F., .F., .F. ) 
 B_SPLINE_SURFACE_WITH_KNOTS ( ( 4, 2, 2, 2, 2, 2, 2, 2, 2, 4 ),
 ( 3, 3 ),
 ( 0.01252048609959066638, 0.01610381331546698047, 0.01789547692340513751, 0.01968714053134329456, 0.02327046774721960865, 0.02685379496309591926, 0.03402044939484854397, 0.03581211300278670101, 0.03760377661072485805, 0.04118710382660117214 ),
 ( 0.000000000000000000, 1.000000000000000000 ),
 .UNSPECIFIED. ) 
 GEOMETRIC_REPRESENTATION_ITEM ( )  RATIONAL_B_SPLINE_SURFACE ( (
 ( 1.000000000000000000, 0.7806367264523408345, 1.000000000000000000),
 ( 1.000000000000000000, 0.7806525983858263462, 1.000000000000000000),
 ( 1.000000000000000000, 0.7804736193022173696, 1.000000000000000000),
 ( 1.000000000000000000, 0.7799347764557901241, 1.000000000000000000),
 ( 1.000000000000000000, 0.7797094506915512868, 1.000000000000000000),
 ( 1.000000000000000000, 0.7791796795201283432, 1.000000000000000000),
 ( 1.000000000000000000, 0.7788772256521306891, 1.000000000000000000),
 ( 1.000000000000000000, 0.7778777612655221052, 1.000000000000000000),
 ( 1.000000000000000000, 0.7770891790788753140, 1.000000000000000000),
 ( 1.000000000000000000, 0.7753695393494480781, 1.000000000000000000),
 ( 1.000000000000000000, 0.7744333973509905933, 1.000000000000000000),
 ( 1.000000000000000000, 0.7716017430435520019, 1.000000000000000000),
 ( 1.000000000000000000, 0.7696820186695584320, 1.000000000000000000),
 ( 1.000000000000000000, 0.7674401967818526016, 1.000000000000000000),
 ( 1.000000000000000000, 0.7669988342224127731, 1.000000000000000000),
 ( 1.000000000000000000, 0.7661320856126583312, 1.000000000000000000),
 ( 1.000000000000000000, 0.7657059992062148490, 1.000000000000000000),
 ( 1.000000000000000000, 0.7644628963680256684, 1.000000000000000000),
 ( 1.000000000000000000, 0.7636784586041689415, 1.000000000000000000),
 ( 1.000000000000000000, 0.7629366208023373730, 1.000000000000000000) ) ) 
 REPRESENTATION_ITEM ( '' )  SURFACE ( )  );
#7993 = VERTEX_POINT ( 'NONE', #6674 ) ;
#7994 = ORIENTED_EDGE ( 'NONE', *, *, #237, .T. ) ;
#7995 = CARTESIAN_POINT ( 'NONE',  ( -48.79618970457526927, 48.00576291639410442, 56.51747978410244855 ) ) ;
#7996 = CARTESIAN_POINT ( 'NONE',  ( -15.74048458246943305, 67.51887975670250341, -60.27845158425644456 ) ) ;
#7997 = CARTESIAN_POINT ( 'NONE',  ( 43.87040394984681058, 73.36579871578209122, -34.42159605593190008 ) ) ;
#7998 = CARTESIAN_POINT ( 'NONE',  ( -81.69384308963124397, 56.53335557866931538, 1.021001011095639122 ) ) ;
#7999 = CARTESIAN_POINT ( 'NONE',  ( 38.40203455855915848, 68.57946923655194382, -51.22243014127054295 ) ) ;
#8000 = CARTESIAN_POINT ( 'NONE',  ( 16.59331447303956963, 67.21757477858389507, 60.54493349273062819 ) ) ;
#8001 = PLANE ( 'NONE',  #1013 ) ;
#8002 = LINE ( 'NONE', #3110, #1708 ) ;
#8003 = CARTESIAN_POINT ( 'NONE',  ( -44.46009469550990900, 68.93822299895373362, -49.00714292194697919 ) ) ;
#8004 = DIRECTION ( 'NONE',  ( 0.000000000000000000, 0.000000000000000000, -1.000000000000000000 ) ) ;
#8005 = CARTESIAN_POINT ( 'NONE',  ( 36.38537941636861461, 71.00000000002408740, 54.02132580182247068 ) ) ;
#8006 = CARTESIAN_POINT ( 'NONE',  ( 81.65437181854656501, 55.08964697082549122, 2.732472519443115200 ) ) ;
#8007 = VERTEX_POINT ( 'NONE', #1771 ) ;
#8008 = CARTESIAN_POINT ( 'NONE',  ( 73.37920088587458167, 56.45424203979325029, -13.99999999999996270 ) ) ;
#8009 = CARTESIAN_POINT ( 'NONE',  ( 75.81746117496031445, 46.02785684633894903, 14.00000000000000000 ) ) ;
#8010 = AXIS2_PLACEMENT_3D ( 'NONE', #760, #5831, #2286 ) ;
#8011 = CARTESIAN_POINT ( 'NONE',  ( 23.87564434701818783, 60.99999999999999289, -69.35382907247948481 ) ) ;
#8012 = VERTEX_POINT ( 'NONE', #3900 ) ;
#8013 = CARTESIAN_POINT ( 'NONE',  ( 26.43782217350836916, 71.00000000000000000, 59.79165124598874570 ) ) ;
#8014 = VERTEX_POINT ( 'NONE', #7216 ) ;
#8015 = CARTESIAN_POINT ( 'NONE',  ( 37.58220829601507518, 79.12166547793415816, -11.96457745110004645 ) ) ;
#8016 = CARTESIAN_POINT ( 'NONE',  ( -81.64557783396601565, 52.47910526853268465, 2.982557476274739106 ) ) ;
#8017 =( BOUNDED_SURFACE ( )  B_SPLINE_SURFACE ( 3, 2, ( 
 ( #1712, #3032, #4476 ),
 ( #830, #8567, #5027 ),
 ( #2944, #5164, #8524 ),
 ( #7111, #6531, #7788 ),
 ( #5718, #4387, #199 ),
 ( #6400, #7197, #5890 ),
 ( #8654, #5804, #8478 ),
 ( #5072, #5123, #1569 ),
 ( #4342, #7927, #7834 ),
 ( #882, #289, #6446 ),
 ( #2989, #7158, #1625 ),
 ( #1668, #3122, #923 ) ),
 .UNSPECIFIED., .F., .F., .F. ) 
 B_SPLINE_SURFACE_WITH_KNOTS ( ( 4, 2, 2, 2, 2, 4 ),
 ( 3, 3 ),
 ( 0.04596579152697865406, 0.05469982312265932178, 0.05906683892049965912, 0.06343385471833999645, 0.07216788631402065723, 0.08090191790970133190 ),
 ( 0.000000000000000000, 1.000000000000000000 ),
 .UNSPECIFIED. ) 
 GEOMETRIC_REPRESENTATION_ITEM ( )  RATIONAL_B_SPLINE_SURFACE ( (
 ( 1.000000000000000000, 0.4470413949512946905, 1.000000000000000000),
 ( 1.000000000000000000, 0.4508719092576952137, 1.000000000000000000),
 ( 1.000000000000000000, 0.4535957092006301927, 1.000000000000000000),
 ( 1.000000000000000000, 0.4562964902221116614, 1.000000000000000000),
 ( 1.000000000000000000, 0.4569643652248795984, 1.000000000000000000),
 ( 1.000000000000000000, 0.4578526834156397829, 1.000000000000000000),
 ( 1.000000000000000000, 0.4580721740624701388, 1.000000000000000000),
 ( 1.000000000000000000, 0.4580613410276707098, 1.000000000000000000),
 ( 1.000000000000000000, 0.4571748802194147143, 1.000000000000000000),
 ( 1.000000000000000000, 0.4535762175731979373, 1.000000000000000000),
 ( 1.000000000000000000, 0.4508604777141038689, 1.000000000000000000),
 ( 1.000000000000000000, 0.4470422633554493319, 1.000000000000000000) ) ) 
 REPRESENTATION_ITEM ( '' )  SURFACE ( )  );
#8018 = FACE_OUTER_BOUND ( 'NONE', #2843, .T. ) ;
#8019 = CARTESIAN_POINT ( 'NONE',  ( 41.78572573261078560, 64.63471761378610836, -30.02500000000003411 ) ) ;
#8020 = DIRECTION ( 'NONE',  ( 0.000000000000000000, -1.000000000000000000, 0.000000000000000000 ) ) ;
#8021 = CARTESIAN_POINT ( 'NONE',  ( 46.33538016979328233, 60.03922181399701685, -52.25523264222947972 ) ) ;
#8022 = DIRECTION ( 'NONE',  ( 1.000000000000000000, -0.000000000000000000, 0.000000000000000000 ) ) ;
#8023 = ORIENTED_EDGE ( 'NONE', *, *, #7368, .T. ) ;
#8024 = PLANE ( 'NONE',  #5800 ) ;
#8025 = ADVANCED_FACE ( 'NONE', ( #5823 ), #5865, .T. ) ;
#8026 = CARTESIAN_POINT ( 'NONE',  ( -65.09822895895011641, 67.19961627839089147, -14.00000000000000888 ) ) ;
#8027 = CARTESIAN_POINT ( 'NONE',  ( 41.78572573259913270, -0.001999999999988122390, -24.12500000000006040 ) ) ;
#8028 = EDGE_CURVE ( 'NONE', #1806, #189, #5181, .T. ) ;
#8029 = PLANE ( 'NONE',  #5234 ) ;
#8030 = ORIENTED_EDGE ( 'NONE', *, *, #218, .F. ) ;
#8031 = ORIENTED_EDGE ( 'NONE', *, *, #3304, .F. ) ;
#8032 = CARTESIAN_POINT ( 'NONE',  ( -42.74089066120196634, 67.16783077009644387, 46.02939418604928079 ) ) ;
#8033 = CARTESIAN_POINT ( 'NONE',  ( -19.57914955338732099, 65.33113625350715381, -61.91208179544224066 ) ) ;
#8034 = CARTESIAN_POINT ( 'NONE',  ( 46.14161095528941559, 71.13795477360143593, -33.69127576897819409 ) ) ;
#8035 = CARTESIAN_POINT ( 'NONE',  ( 44.39539769316103701, 67.42165079097325986, 43.88189024572440644 ) ) ;
#8036 = CARTESIAN_POINT ( 'NONE',  ( -64.99999999999998579, 70.96746529199602094, -9.499788289590771484 ) ) ;
#8037 = FACE_OUTER_BOUND ( 'NONE', #8508, .T. ) ;
#8038 = FACE_OUTER_BOUND ( 'NONE', #2768, .T. ) ;
#8039 = EDGE_CURVE ( 'NONE', #5385, #976, #2578, .T. ) ;
#8040 = CARTESIAN_POINT ( 'NONE',  ( 28.12142052291027028, 46.00000000000000000, -76.70772912669001187 ) ) ;
#8041 = DIRECTION ( 'NONE',  ( 0.8660254037844322683, 0.000000000000000000, 0.5000000000000111022 ) ) ;
#8042 = DIRECTION ( 'NONE',  ( 0.000000000000000000, 0.000000000000000000, -1.000000000000000000 ) ) ;
#8043 = CARTESIAN_POINT ( 'NONE',  ( 68.87546675248943018, 58.45755855706295989, -16.41545347049860126 ) ) ;
#8044 = CARTESIAN_POINT ( 'NONE',  ( -60.20053056545826564, 67.42165079097325986, -16.50659709052886370 ) ) ;
#8045 = ORIENTED_EDGE ( 'NONE', *, *, #7014, .F. ) ;
#8046 = CARTESIAN_POINT ( 'NONE',  ( -42.50601940989130867, 50.96368383524545465, -69.77218244821574444 ) ) ;
#8047 = CARTESIAN_POINT ( 'NONE',  ( 31.28572573259913270, 81.68513390735827784, -24.12500000000006040 ) ) ;
#8048 = CARTESIAN_POINT ( 'NONE',  ( -26.43782217350961972, 71.00000000000000000, 59.79165124598819858 ) ) ;
#8049 = ORIENTED_EDGE ( 'NONE', *, *, #557, .F. ) ;
#8050 = CARTESIAN_POINT ( 'NONE',  ( -45.25124237241460889, 73.27866529735059942, -90.50248474482914673 ) ) ;
#8051 = ORIENTED_EDGE ( 'NONE', *, *, #5594, .T. ) ;
#8052 = CARTESIAN_POINT ( 'NONE',  ( 25.75696313988142450, 68.50658283686243522, 58.20798173792523755 ) ) ;
#8053 = CARTESIAN_POINT ( 'NONE',  ( -81.69608788406723932, 50.40524721334218583, 0.8248280905090132897 ) ) ;
#8054 = PLANE ( 'NONE',  #3188 ) ;
#8055 = CARTESIAN_POINT ( 'NONE',  ( 49.58404665989256443, 74.12239821698460673, -14.84270631032079635 ) ) ;
#8056 = CARTESIAN_POINT ( 'NONE',  ( 64.99999999999998579, 70.59079725910042669, 12.50423128758679958 ) ) ;
#8057 = ORIENTED_EDGE ( 'NONE', *, *, #73, .T. ) ;
#8058 = CARTESIAN_POINT ( 'NONE',  ( 81.99999999999998579, 53.49999999999999289, 3.500000000000003109 ) ) ;
#8059 = VERTEX_POINT ( 'NONE', #8750 ) ;
#8060 = CARTESIAN_POINT ( 'NONE',  ( 72.00000000000000000, 60.99999999999999289, 14.00000000000000000 ) ) ;
#8061 = ADVANCED_FACE ( 'NONE', ( #4450 ), #8065, .T. ) ;
#8062 = CARTESIAN_POINT ( 'NONE',  ( -72.99444548196096605, 50.13673092389425534, -14.00000000000159694 ) ) ;
#8063 = VECTOR ( 'NONE', #1054, 1000.000000000000000 ) ;
#8064 = ORIENTED_EDGE ( 'NONE', *, *, #3255, .T. ) ;
#8065 = PLANE ( 'NONE',  #1141 ) ;
#8066 = DIRECTION ( 'NONE',  ( 0.000000000000000000, 0.000000000000000000, -1.000000000000000000 ) ) ;
#8067 = EDGE_CURVE ( 'NONE', #834, #1570, #145, .T. ) ;
#8068 = EDGE_CURVE ( 'NONE', #3613, #5206, #7386, .T. ) ;
#8069 = AXIS2_PLACEMENT_3D ( 'NONE', #96, #7551, #2704 ) ;
#8070 = CARTESIAN_POINT ( 'NONE',  ( -44.62435565298201823, 70.33830226810667341, -49.29165124598860359 ) ) ;
#8071 = VERTEX_POINT ( 'NONE', #8588 ) ;
#8072 = VERTEX_POINT ( 'NONE', #8629 ) ;
#8073 = CARTESIAN_POINT ( 'NONE',  ( -48.17954716722426411, 53.27527253398285723, 55.44942357925091159 ) ) ;
#8074 = EDGE_CURVE ( 'NONE', #8157, #5022, #2093, .T. ) ;
#8075 = CARTESIAN_POINT ( 'NONE',  ( 12.12435565298206974, 60.99999999999988631, 7.000000000000131450 ) ) ;
#8076 = CARTESIAN_POINT ( 'NONE',  ( 48.50454762759473226, 71.55739055155291339, -32.22481361228308572 ) ) ;
#8077 = CARTESIAN_POINT ( 'NONE',  ( -52.37013182887405094, 46.00000000000000000, -62.70772912669023214 ) ) ;
#8078 = CARTESIAN_POINT ( 'NONE',  ( 39.55563708445225046, 69.05891681664445514, -51.34630986936152652 ) ) ;
#8079 = CYLINDRICAL_SURFACE ( 'NONE', #6232, 12.24999999999999289 ) ;
#8080 = CARTESIAN_POINT ( 'NONE',  ( 21.47756107892580957, 65.17649743225112502, 65.20022701136460341 ) ) ;
#8081 = EDGE_CURVE ( 'NONE', #769, #4691, #7823, .T. ) ;
#8082 = CARTESIAN_POINT ( 'NONE',  ( 74.49557934478730203, 46.48927249478055757, -14.29799101818623264 ) ) ;
#8083 = CARTESIAN_POINT ( 'NONE',  ( 72.58857721167626664, 49.58324814417438375, -16.35013874407906087 ) ) ;
#8084 = DIRECTION ( 'NONE',  ( -0.000000000000000000, -1.000000000000000000, -0.000000000000000000 ) ) ;
#8085 = ORIENTED_EDGE ( 'NONE', *, *, #7933, .T. ) ;
#8086 = CARTESIAN_POINT ( 'NONE',  ( -38.24020358303445732, 52.47781186670763276, -72.19821924695186510 ) ) ;
#8087 = ORIENTED_EDGE ( 'NONE', *, *, #8081, .T. ) ;
#8088 = DIRECTION ( 'NONE',  ( 0.000000000000000000, 1.000000000000000000, 0.000000000000000000 ) ) ;
#8089 = ORIENTED_EDGE ( 'NONE', *, *, #7368, .F. ) ;
#8090 = CARTESIAN_POINT ( 'NONE',  ( 0.000000000000000000, 0.000000000000000000, 0.000000000000000000 ) ) ;
#8091 = ORIENTED_EDGE ( 'NONE', *, *, #3815, .F. ) ;
#8092 = AXIS2_PLACEMENT_3D ( 'NONE', #7145, #1555, #7005 ) ;
#8093 = CARTESIAN_POINT ( 'NONE',  ( 65.00000000000000000, 71.37356801940973128, 4.528068177525805815 ) ) ;
#8094 = DIRECTION ( 'NONE',  ( -1.000000000000000000, 0.000000000000000000, 0.000000000000000000 ) ) ;
#8095 = CARTESIAN_POINT ( 'NONE',  ( 53.28735730058450315, 70.17454642929814668, -24.43986047657607585 ) ) ;
#8096 = DIRECTION ( 'NONE',  ( 0.8660254037844443697, 0.000000000000000000, -0.4999999999999902300 ) ) ;
#8097 = CARTESIAN_POINT ( 'NONE',  ( 25.61026215520416827, 50.02349546675423397, 72.35827524797340971 ) ) ;
#8098 = DIRECTION ( 'NONE',  ( 0.000000000000000000, 0.000000000000000000, -1.000000000000000000 ) ) ;
#8099 = ORIENTED_EDGE ( 'NONE', *, *, #955, .T. ) ;
#8100 = CARTESIAN_POINT ( 'NONE',  ( 73.50215154756890001, 53.49999999999999289, 2.499999999999995115 ) ) ;
#8101 = AXIS2_PLACEMENT_3D ( 'NONE', #5320, #6603, #6727 ) ;
#8102 = CARTESIAN_POINT ( 'NONE',  ( 80.49155235178410805, 46.00000000000000000, -14.00000000000000000 ) ) ;
#8103 = AXIS2_PLACEMENT_3D ( 'NONE', #8027, #3773, #1685 ) ;
#8104 = ORIENTED_EDGE ( 'NONE', *, *, #1861, .F. ) ;
#8105 = CARTESIAN_POINT ( 'NONE',  ( -65.00000000000008527, 71.24814534648243125, -4.509113811937754512 ) ) ;
#8106 = CARTESIAN_POINT ( 'NONE',  ( 38.33493649053824015, 53.49999999999999289, 71.39805770653987338 ) ) ;
#8107 = EDGE_CURVE ( 'NONE', #7240, #5762, #5812, .T. ) ;
#8108 = ADVANCED_FACE ( 'NONE', ( #8152 ), #7471, .F. ) ;
#8109 = CARTESIAN_POINT ( 'NONE',  ( -22.50443804618104338, 48.33919397457055567, -71.10102439139318165 ) ) ;
#8110 = VERTEX_POINT ( 'NONE', #1240 ) ;
#8111 = EDGE_LOOP ( 'NONE', ( #6151, #5558 ) ) ;
#8112 = CARTESIAN_POINT ( 'NONE',  ( 39.03108891324582430, 71.00000000000000000, -60.60382907247940665 ) ) ;
#8113 = CARTESIAN_POINT ( 'NONE',  ( -18.93481032071029446, 66.45418853074204435, -60.79605350717877599 ) ) ;
#8114 = CARTESIAN_POINT ( 'NONE',  ( 51.18819501936255989, 70.09309209452375455, -28.85978130690443777 ) ) ;
#8115 = CARTESIAN_POINT ( 'NONE',  ( 18.17139975875005220, 67.97759162091476526, 59.04567651023210573 ) ) ;
#8116 = CIRCLE ( 'NONE', #4201, 2.000000000000001776 ) ;
#8117 = EDGE_CURVE ( 'NONE', #723, #5714, #3400, .T. ) ;
#8118 = CARTESIAN_POINT ( 'NONE',  ( -21.67169086404489775, 70.59092840437290306, 62.54337844050083817 ) ) ;
#8119 = AXIS2_PLACEMENT_3D ( 'NONE', #5014, #7776, #6052 ) ;
#8120 = CIRCLE ( 'NONE', #8426, 3.500000000000007550 ) ;
#8121 = CARTESIAN_POINT ( 'NONE',  ( 8.168394150312846688E-15, 8.999999999999994671, 66.70000000000000284 ) ) ;
#8122 = DIRECTION ( 'NONE',  ( 1.000000000000000000, 0.000000000000000000, 0.000000000000000000 ) ) ;
#8123 = VECTOR ( 'NONE', #7706, 1000.000000000000000 ) ;
#8124 = CARTESIAN_POINT ( 'NONE',  ( -25.78416270433127622, 45.85812873523628497, -72.65947983452468861 ) ) ;
#8125 = CARTESIAN_POINT ( 'NONE',  ( -38.37763948176291251, 54.90822781306076905, -72.12525799679734462 ) ) ;
#8126 = CARTESIAN_POINT ( 'NONE',  ( -50.17054340884913444, 46.00000000000000000, -58.89793022746691520 ) ) ;
#8127 = ADVANCED_FACE ( 'NONE', ( #4028 ), #6888, .F. ) ;
#8128 = LINE ( 'NONE', #2479, #864 ) ;
#8129 = DIRECTION ( 'NONE',  ( -0.000000000000000000, -1.000000000000000000, -0.000000000000000000 ) ) ;
#8130 = CARTESIAN_POINT ( 'NONE',  ( -38.10080802636734632, 53.29080880819337551, -72.27183703032532947 ) ) ;
#8131 = EDGE_CURVE ( 'NONE', #3285, #4680, #1932, .T. ) ;
#8132 = CARTESIAN_POINT ( 'NONE',  ( 6.505213034912981245E-16, 2.999999999999999556, 0.000000000000000000 ) ) ;
#8133 = CARTESIAN_POINT ( 'NONE',  ( -51.59461799496919809, 79.00149741535466319, -103.1892359899383678 ) ) ;
#8134 = ORIENTED_EDGE ( 'NONE', *, *, #4560, .F. ) ;
#8135 = CARTESIAN_POINT ( 'NONE',  ( 60.25896109168538572, 69.04857540238329250, -2.364491987692073359E-14 ) ) ;
#8136 = ORIENTED_EDGE ( 'NONE', *, *, #2808, .T. ) ;
#8137 = CARTESIAN_POINT ( 'NONE',  ( -36.64841155614887214, 69.12285726949811249, 52.79309060854384938 ) ) ;
#8138 = CARTESIAN_POINT ( 'NONE',  ( -81.66163739918734166, 51.56121634515589136, 2.505915023953451115 ) ) ;
#8139 = DIRECTION ( 'NONE',  ( 0.000000000000000000, 0.000000000000000000, -1.000000000000000000 ) ) ;
#8140 = CARTESIAN_POINT ( 'NONE',  ( 53.20676931433984436, 70.85564894856652529, -21.98791332859378400 ) ) ;
#8141 = CARTESIAN_POINT ( 'NONE',  ( 23.93083586125232998, 53.27527253397929030, 69.44942357926404952 ) ) ;
#8142 = ORIENTED_EDGE ( 'NONE', *, *, #4474, .F. ) ;
#8143 = CARTESIAN_POINT ( 'NONE',  ( 61.23307001653084569, 67.16783077011727698, -14.00000000008481571 ) ) ;
#8144 = EDGE_LOOP ( 'NONE', ( #1239, #7387, #4005, #6070 ) ) ;
#8145 = CARTESIAN_POINT ( 'NONE',  ( 52.37013182887450569, 45.99999999999999289, -62.70772912668988397 ) ) ;
#8146 = VERTEX_POINT ( 'NONE', #6124 ) ;
#8147 = CARTESIAN_POINT ( 'NONE',  ( -66.70000000000000284, 43.00000000000000000, 8.168394150312845110E-15 ) ) ;
#8148 = CARTESIAN_POINT ( 'NONE',  ( 50.45392411361028451, 49.58324814417438375, 54.68848251784074677 ) ) ;
#8149 = ADVANCED_FACE ( 'NONE', ( #5436 ), #6214, .F. ) ;
#8150 = CARTESIAN_POINT ( 'NONE',  ( 38.11816184336063884, 53.08713178452804016, 72.26269631863432608 ) ) ;
#8151 = VERTEX_POINT ( 'NONE', #5533 ) ;
#8152 = FACE_OUTER_BOUND ( 'NONE', #3436, .T. ) ;
#8153 = CARTESIAN_POINT ( 'NONE',  ( 0.000000000000000000, 83.58148700043116719, 0.000000000000000000 ) ) ;
#8154 = DIRECTION ( 'NONE',  ( 0.000000000000000000, -0.000000000000000000, 1.000000000000000000 ) ) ;
#8155 = DIRECTION ( 'NONE',  ( -0.8660254037844361541, 0.000000000000000000, -0.5000000000000041078 ) ) ;
#8156 = ORIENTED_EDGE ( 'NONE', *, *, #6944, .T. ) ;
#8157 = VERTEX_POINT ( 'NONE', #517 ) ;
#8158 = CARTESIAN_POINT ( 'NONE',  ( -60.45650340525811828, 67.30525097660134293, 16.19901732785221782 ) ) ;
#8159 = CARTESIAN_POINT ( 'NONE',  ( 38.46038625740075645, 51.91115227280263156, -72.08121495837245618 ) ) ;
#8160 = CARTESIAN_POINT ( 'NONE',  ( 17.49565047419415720, 64.62690840039637408, -63.25985731521686972 ) ) ;
#8161 = CARTESIAN_POINT ( 'NONE',  ( 61.31913725907184443, 67.11011714587898780, -15.33428624829951303 ) ) ;
#8162 = CARTESIAN_POINT ( 'NONE',  ( 66.70000000000000284, 43.00000000000000000, 133.3999999999999773 ) ) ;
#8163 = CARTESIAN_POINT ( 'NONE',  ( -24.27499502860796099, 70.78531979700608190, 61.04036008030781346 ) ) ;
#8164 = DIRECTION ( 'NONE',  ( -0.000000000000000000, -1.000000000000000000, -0.000000000000000000 ) ) ;
#8165 = CARTESIAN_POINT ( 'NONE',  ( -38.83493649053873042, 53.49999999999999289, -72.26408311032406573 ) ) ;
#8166 = DIRECTION ( 'NONE',  ( -0.5000000000000101030, -0.000000000000000000, 0.8660254037844328234 ) ) ;
#8167 = DIRECTION ( 'NONE',  ( 0.000000000000000000, 0.9591523068285034981, -0.2828901771104119223 ) ) ;
#8168 = DIRECTION ( 'NONE',  ( -0.9998476951563913806, 1.049727191138618203E-16, 0.01745240643727241289 ) ) ;
#8169 = ORIENTED_EDGE ( 'NONE', *, *, #251, .F. ) ;
#8170 = EDGE_CURVE ( 'NONE', #4249, #3177, #7952, .T. ) ;
#8171 = B_SPLINE_CURVE_WITH_KNOTS ( 'NONE', 3,
 ( #4896, #1991, #8980, #756, #706, #6281, #660, #3500, #3546, #3448, #8161, #1941, #1349, #5448, #7524, #1304 ),
 .UNSPECIFIED., .F., .F.,
 ( 4, 2, 2, 2, 2, 2, 2, 4 ),
 ( 0.000000000000000000, 0.0006220389796316498849, 0.001244077959263299770, 0.001866116938894949763, 0.002488155918526582192, 0.003732233877789837510, 0.004354272857421465602, 0.004976311837053093261 ),
 .UNSPECIFIED. ) ;
#8172 = EDGE_CURVE ( 'NONE', #2397, #2259, #250, .T. ) ;
#8173 = B_SPLINE_CURVE_WITH_KNOTS ( 'NONE', 3,
 ( #249, #6539, #7243, #3127, #375, #8658 ),
 .UNSPECIFIED., .F., .F.,
 ( 4, 2, 4 ),
 ( 0.009524894790028964886, 0.01404405234227062635, 0.01856320989451228781 ),
 .UNSPECIFIED. ) ;
#8174 = CARTESIAN_POINT ( 'NONE',  ( 25.21782718934334611, 68.90896350639825130, -55.01584595347576112 ) ) ;
#8175 = CARTESIAN_POINT ( 'NONE',  ( 43.18352162668885086, 66.45418853073375942, 46.79605350717487511 ) ) ;
#8176 = VERTEX_POINT ( 'NONE', #2073 ) ;
#8177 = CARTESIAN_POINT ( 'NONE',  ( -80.49155235178410805, 45.99999999999999289, -14.00000000000000000 ) ) ;
#8178 = ORIENTED_EDGE ( 'NONE', *, *, #7137, .T. ) ;
#8179 = CARTESIAN_POINT ( 'NONE',  ( 36.75107577378475554, 53.49999999999999289, -63.65473047300819331 ) ) ;
#8180 = CARTESIAN_POINT ( 'NONE',  ( 25.17820581791766088, 53.47322573449751815, -71.60993172005903773 ) ) ;
#8181 = CARTESIAN_POINT ( 'NONE',  ( 40.02200572614468399, 73.05613881577964719, -35.96853710351968658 ) ) ;
#8182 = CARTESIAN_POINT ( 'NONE',  ( 49.74097464796067669, 75.38460914944703006, -17.26403396684581537 ) ) ;
#8183 = CARTESIAN_POINT ( 'NONE',  ( 22.29425705479855324, 46.91607545010221259, 71.30177687236435702 ) ) ;
#8184 = CIRCLE ( 'NONE', #2686, 81.70000000000000284 ) ;
#8185 = ORIENTED_EDGE ( 'NONE', *, *, #1046, .T. ) ;
#8186 = DIRECTION ( 'NONE',  ( 0.000000000000000000, 0.000000000000000000, -1.000000000000000000 ) ) ;
#8187 = DIRECTION ( 'NONE',  ( 0.000000000000000000, 0.000000000000000000, -1.000000000000000000 ) ) ;
#8188 = ORIENTED_EDGE ( 'NONE', *, *, #4552, .F. ) ;
#8189 = CARTESIAN_POINT ( 'NONE',  ( -32.96891108675431070, 71.00000000000000000, -64.10382907247965534 ) ) ;
#8190 = EDGE_LOOP ( 'NONE', ( #3826, #2462, #8134, #1522 ) ) ;
#8191 = CARTESIAN_POINT ( 'NONE',  ( 43.32898194984660023, 70.59079725910042669, -50.03953560219490981 ) ) ;
#8192 = EDGE_CURVE ( 'NONE', #8285, #439, #2229, .T. ) ;
#8193 = CARTESIAN_POINT ( 'NONE',  ( 43.00174305929547103, 51.56226294022874868, 69.46763873880080098 ) ) ;
#8194 = EDGE_LOOP ( 'NONE', ( #5073, #8743, #6599, #8087 ) ) ;
#8195 = AXIS2_PLACEMENT_3D ( 'NONE', #5507, #2651, #7624 ) ;
#8196 = CARTESIAN_POINT ( 'NONE',  ( -75.81746117496031445, 46.02785684633894903, -14.00000000000000000 ) ) ;
#8197 = CARTESIAN_POINT ( 'NONE',  ( -28.57857792819461196, 71.37356801940973128, -58.55568533475148030 ) ) ;
#8198 = DIRECTION ( 'NONE',  ( -0.8660254037844387076, 0.000000000000000000, 0.4999999999999997224 ) ) ;
#8199 = FACE_OUTER_BOUND ( 'NONE', #3885, .T. ) ;
#8200 = CARTESIAN_POINT ( 'NONE',  ( -20.71089380354536047, 66.68554913837694187, 63.87232033790249375 ) ) ;
#8201 = VERTEX_POINT ( 'NONE', #163 ) ;
#8202 = VERTEX_POINT ( 'NONE', #7028 ) ;
#8203 = CARTESIAN_POINT ( 'NONE',  ( -62.32614344338708179, 67.19864738945641136, 14.60095782778957307 ) ) ;
#8204 = CARTESIAN_POINT ( 'NONE',  ( 38.11815645147012788, 53.08720507502842167, -72.26269915340208172 ) ) ;
#8205 = CARTESIAN_POINT ( 'NONE',  ( 25.33833460650648917, 52.38165315073361228, -71.88728291764927292 ) ) ;
#8206 = DIRECTION ( 'NONE',  ( -0.8660254037844361541, 0.000000000000000000, -0.5000000000000041078 ) ) ;
#8207 = CARTESIAN_POINT ( 'NONE',  ( -81.63965085961420698, 53.49999999999852207, 3.139650859617251211 ) ) ;
#8208 = CARTESIAN_POINT ( 'NONE',  ( 64.04942235729440370, 68.11553659766630631, -14.00000000000000000 ) ) ;
#8209 = ORIENTED_EDGE ( 'NONE', *, *, #7623, .F. ) ;
#8210 = CARTESIAN_POINT ( 'NONE',  ( -24.86360041349770000, 68.80897696851241108, 59.49161023532441561 ) ) ;
#8211 = CARTESIAN_POINT ( 'NONE',  ( -38.46175810279288498, 55.09141082428277514, -72.08048171672894000 ) ) ;
#8212 = DIRECTION ( 'NONE',  ( 1.000000000000000000, -0.000000000000000000, 0.000000000000000000 ) ) ;
#8213 = CARTESIAN_POINT ( 'NONE',  ( 36.65064850725308787, 69.11826310527095529, 52.78646211639046726 ) ) ;
#8214 = CARTESIAN_POINT ( 'NONE',  ( -72.00000000000000000, 71.00000000000000000, 7.000000000000005329 ) ) ;
#8215 = CARTESIAN_POINT ( 'NONE',  ( -38.11846345781567891, 53.08490049077142459, -72.26253717524731712 ) ) ;
#8216 = EDGE_CURVE ( 'NONE', #8233, #7213, #982, .T. ) ;
#8217 = EDGE_LOOP ( 'NONE', ( #6009, #4280, #6167, #5229, #3307 ) ) ;
#8218 = CARTESIAN_POINT ( 'NONE',  ( 27.77786222328618848, 65.51688459721070501, -59.01797876257449360 ) ) ;
#8219 = CARTESIAN_POINT ( 'NONE',  ( 74.53166453491229504, 48.61675045524524563, -1.825499288156092688E-14 ) ) ;
#8220 = CARTESIAN_POINT ( 'NONE',  ( 50.28809977248969432, 51.06858755565826868, 54.38699465583434289 ) ) ;
#8221 = VERTEX_POINT ( 'NONE', #2953 ) ;
#8222 = CARTESIAN_POINT ( 'NONE',  ( 63.46960167583029744, 68.65059679230792256, -6.130904377564035279 ) ) ;
#8223 = VERTEX_POINT ( 'NONE', #695 ) ;
#8224 = CARTESIAN_POINT ( 'NONE',  ( 24.68939019522830947, 69.05891681664445514, 59.92934151269434295 ) ) ;
#8225 = CARTESIAN_POINT ( 'NONE',  ( 52.19973221459617463, 71.65767899002499064, -25.51038273904403297 ) ) ;
#8226 = CARTESIAN_POINT ( 'NONE',  ( 43.10136935822334436, 71.79328629224492886, -35.80275705000362052 ) ) ;
#8227 = EDGE_CURVE ( 'NONE', #7630, #8331, #3737, .T. ) ;
#8228 = FACE_OUTER_BOUND ( 'NONE', #677, .T. ) ;
#8229 = CARTESIAN_POINT ( 'NONE',  ( 23.08300159322365630, 61.51576396133796720, 67.98093155065804183 ) ) ;
#8230 = EDGE_LOOP ( 'NONE', ( #479, #7027, #200, #4519, #3495 ) ) ;
#8231 = CARTESIAN_POINT ( 'NONE',  ( 72.00000000000000000, 71.00000000000000000, 7.000000000000000000 ) ) ;
#8232 = CARTESIAN_POINT ( 'NONE',  ( 16.57649413764547930, 66.22292686396981765, 61.70045532388744647 ) ) ;
#8233 = VERTEX_POINT ( 'NONE', #3578 ) ;
#8234 = CARTESIAN_POINT ( 'NONE',  ( -28.59115078230739471, 70.99999999999809575, -58.52132580181935850 ) ) ;
#8235 = ORIENTED_EDGE ( 'NONE', *, *, #5353, .T. ) ;
#8236 = CARTESIAN_POINT ( 'NONE',  ( -36.75107577378518897, 53.49999999999999289, 63.65473047300793041 ) ) ;
#8237 = LINE ( 'NONE', #2577, #5810 ) ;
#8238 = EDGE_LOOP ( 'NONE', ( #7427, #7066, #8746, #3577 ) ) ;
#8239 = CIRCLE ( 'NONE', #3902, 3.500000000000003109 ) ;
#8240 = CARTESIAN_POINT ( 'NONE',  ( -38.46189891063295363, 51.90834620835580182, 72.08040631072107374 ) ) ;
#8241 = AXIS2_PLACEMENT_3D ( 'NONE', #8643, #8723, #1086 ) ;
#8242 = CARTESIAN_POINT ( 'NONE',  ( -48.81488707036206165, 56.45032650170060151, 56.54986457160253366 ) ) ;
#8243 = EDGE_CURVE ( 'NONE', #6435, #6445, #6058, .T. ) ;
#8244 = AXIS2_PLACEMENT_3D ( 'NONE', #6380, #6952, #131 ) ;
#8245 = CARTESIAN_POINT ( 'NONE',  ( 75.81703671462717864, 45.85812873523628497, -14.00000000000004974 ) ) ;
#8246 = CARTESIAN_POINT ( 'NONE',  ( -22.96894804134648993, 47.93260228642032672, -71.08086691936114221 ) ) ;
#8247 = CARTESIAN_POINT ( 'NONE',  ( -50.51564886200456073, 48.61675045524525984, 54.80089632839377600 ) ) ;
#8249 = ORIENTED_EDGE ( 'NONE', *, *, #853, .T. ) ;
#8248 = AXIS2_PLACEMENT_3D ( 'NONE', #8887, #1248, #1346 ) ;
#8250 = ORIENTED_EDGE ( 'NONE', *, *, #8074, .T. ) ;
#8251 = CARTESIAN_POINT ( 'NONE',  ( 44.07253677412063553, 67.97021128605155127, -48.33587291122408658 ) ) ;
#8252 = CARTESIAN_POINT ( 'NONE',  ( 38.66034658639382116, 51.56142641440436591, -71.97416524533973359 ) ) ;
#8253 = CARTESIAN_POINT ( 'NONE',  ( 19.09263111140172597, 61.45732291407179559, -65.96052081462347871 ) ) ;
#8254 = CARTESIAN_POINT ( 'NONE',  ( 36.38537941636774065, 70.99999999999810996, -54.02132580181913823 ) ) ;
#8255 = CARTESIAN_POINT ( 'NONE',  ( 43.53884283324711646, 53.49999999999999289, -69.13218617071072458 ) ) ;
#8256 = VECTOR ( 'NONE', #3915, 1000.000000000000000 ) ;
#8257 = CARTESIAN_POINT ( 'NONE',  ( -43.52179004703558718, 53.91698235677730366, -69.14293418743667985 ) ) ;
#8258 = VECTOR ( 'NONE', #333, 1000.000000000000000 ) ;
#8259 = CARTESIAN_POINT ( 'NONE',  ( 71.00000000000000000, 71.00000000000000000, 7.000000000000000000 ) ) ;
#8260 = AXIS2_PLACEMENT_3D ( 'NONE', #6846, #7382, #4737 ) ;
#8261 = CARTESIAN_POINT ( 'NONE',  ( 36.52468737338153204, 69.44931544584073890, 53.19685784415235474 ) ) ;
#8262 = B_SPLINE_CURVE_WITH_KNOTS ( 'NONE', 3,
 ( #2979, #5062, #4421, #3702 ),
 .UNSPECIFIED., .F., .F.,
 ( 4, 4 ),
 ( 0.000000000000000000, 0.0003740696040165261260 ),
 .UNSPECIFIED. ) ;
#8263 = CARTESIAN_POINT ( 'NONE',  ( -62.85993769661686770, 67.36036041969006760, -14.31146016718092540 ) ) ;
#8264 = CARTESIAN_POINT ( 'NONE',  ( -64.04436338936709205, 69.12285726949806985, -5.341910111699436747 ) ) ;
#8265 = AXIS2_PLACEMENT_3D ( 'NONE', #1895, #7473, #4539 ) ;
#8266 = CIRCLE ( 'NONE', #1306, 2.500000000000000000 ) ;
#8267 = EDGE_LOOP ( 'NONE', ( #4843, #5295, #5419, #2226 ) ) ;
#8268 = LINE ( 'NONE', #2051, #5023 ) ;
#8269 = CARTESIAN_POINT ( 'NONE',  ( -72.00000000000000000, 71.00000000000000000, 7.000000000000005329 ) ) ;
#8270 = CARTESIAN_POINT ( 'NONE',  ( 48.24989014503489670, 59.75118097120382288, 50.71564942530723386 ) ) ;
#8271 = ORIENTED_EDGE ( 'NONE', *, *, #8107, .F. ) ;
#8272 = CARTESIAN_POINT ( 'NONE',  ( -44.03108891324633589, 53.49999999999999289, 69.26408311032344045 ) ) ;
#8273 = ORIENTED_EDGE ( 'NONE', *, *, #8444, .F. ) ;
#8274 = DIRECTION ( 'NONE',  ( -1.000000000000000000, 8.949944318576885364E-17, 0.000000000000000000 ) ) ;
#8275 = CARTESIAN_POINT ( 'NONE',  ( -81.64340442407936393, 52.67654039673440280, -3.040736239850570843 ) ) ;
#8276 = CARTESIAN_POINT ( 'NONE',  ( -44.62435565298201823, 70.33830226810667341, -49.29165124598860359 ) ) ;
#8277 = CARTESIAN_POINT ( 'NONE',  ( 37.58190680642979942, 78.87317626797472769, -14.47975691917850938 ) ) ;
#8278 = CARTESIAN_POINT ( 'NONE',  ( 22.13259784580433376, 49.51133489086512895, 71.03520529326193866 ) ) ;
#8279 = EDGE_LOOP ( 'NONE', ( #2896, #425 ) ) ;
#8280 = DIRECTION ( 'NONE',  ( 0.8660254037844322683, 0.000000000000000000, 0.5000000000000111022 ) ) ;
#8281 = CARTESIAN_POINT ( 'NONE',  ( -50.45392411361067531, 49.58324814417439086, -54.68848251784042702 ) ) ;
#8282 = ORIENTED_EDGE ( 'NONE', *, *, #7507, .F. ) ;
#8283 = CARTESIAN_POINT ( 'NONE',  ( 64.99999999999995737, 70.32645668451381482, -14.39130990167894275 ) ) ;
#8284 = EDGE_CURVE ( 'NONE', #5379, #7893, #1718, .T. ) ;
#8285 = VERTEX_POINT ( 'NONE', #4394 ) ;
#8286 = CARTESIAN_POINT ( 'NONE',  ( 66.66980222800422951, 61.45732291407031767, 16.44555683980904703 ) ) ;
#8287 = CARTESIAN_POINT ( 'NONE',  ( 39.46976248230415507, 50.72978826453483947, 71.53360922356388585 ) ) ;
#8288 = CARTESIAN_POINT ( 'NONE',  ( -43.40543989527444069, 54.52188225036583447, 69.21606587485226214 ) ) ;
#8289 = ORIENTED_EDGE ( 'NONE', *, *, #3758, .T. ) ;
#8290 = CARTESIAN_POINT ( 'NONE',  ( 76.23219817601714965, 45.99999999999999289, -14.00000000000000000 ) ) ;
#8291 = CARTESIAN_POINT ( 'NONE',  ( -73.50215154756890001, 53.49999999999999289, -2.499999999999995115 ) ) ;
#8292 = CARTESIAN_POINT ( 'NONE',  ( -50.32306747399132973, 48.33918353723851880, -55.03993673183843782 ) ) ;
#8293 = LINE ( 'NONE', #7709, #5824 ) ;
#8294 = EDGE_CURVE ( 'NONE', #7866, #7110, #1405, .T. ) ;
#8295 = CARTESIAN_POINT ( 'NONE',  ( -47.22223686493394723, 62.25354003921476931, 48.88375298030878469 ) ) ;
#8296 = PLANE ( 'NONE',  #2417 ) ;
#8297 = VERTEX_POINT ( 'NONE', #8486 ) ;
#8298 = ORIENTED_EDGE ( 'NONE', *, *, #622, .F. ) ;
#8299 = PLANE ( 'NONE',  #7675 ) ;
#8300 = CARTESIAN_POINT ( 'NONE',  ( -71.29660207761371282, 60.24119735950313981, -13.99999999999998757 ) ) ;
#8301 = CARTESIAN_POINT ( 'NONE',  ( 24.24833323156577336, 51.19777907934344086, -69.99934515595727191 ) ) ;
#8302 = CARTESIAN_POINT ( 'NONE',  ( 65.67106472786962001, 66.68505529899965723, 14.00000000000000355 ) ) ;
#8303 = EDGE_CURVE ( 'NONE', #3433, #7203, #7958, .T. ) ;
#8304 = B_SPLINE_CURVE_WITH_KNOTS ( 'NONE', 3,
 ( #4557, #3803, #3842, #8769, #1831, #8047 ),
 .UNSPECIFIED., .F., .F.,
 ( 4, 2, 4 ),
 ( 0.07013156871659768921, 0.07054649042408711601, 0.07096141213157655669 ),
 .UNSPECIFIED. ) ;
#8305 = DIRECTION ( 'NONE',  ( 0.000000000000000000, 0.000000000000000000, 1.000000000000000000 ) ) ;
#8306 = DIRECTION ( 'NONE',  ( -1.000000000000000000, 0.000000000000000000, 0.000000000000000000 ) ) ;
#8307 = DIRECTION ( 'NONE',  ( -0.000000000000000000, 1.000000000000000000, -0.000000000000000000 ) ) ;
#8308 = CARTESIAN_POINT ( 'NONE',  ( 37.62217394158906103, 68.50041615695936059, 51.36313468149406702 ) ) ;
#8309 = EDGE_CURVE ( 'NONE', #3306, #5523, #8814, .T. ) ;
#8310 = CARTESIAN_POINT ( 'NONE',  ( -62.68051986072768500, 67.29654735507109820, -14.40063262748622641 ) ) ;
#8311 = CARTESIAN_POINT ( 'NONE',  ( 36.38537941636774065, 70.99999999999810996, -54.02132580181913823 ) ) ;
#8312 = CARTESIAN_POINT ( 'NONE',  ( 50.51564886200418414, 48.61675045524525984, -54.80089632839413838 ) ) ;
#8313 = EDGE_CURVE ( 'NONE', #8946, #3605, #8660, .T. ) ;
#8314 = CARTESIAN_POINT ( 'NONE',  ( 49.72391064150819773, 51.39998651261343099, 58.12433958210832685 ) ) ;
#8315 = DIRECTION ( 'NONE',  ( 0.000000000000000000, 1.000000000000000000, 0.000000000000000000 ) ) ;
#8316 = CARTESIAN_POINT ( 'NONE',  ( -42.66506350946093562, 53.49999999999999289, -68.89805770653963179 ) ) ;
#8317 = ORIENTED_EDGE ( 'NONE', *, *, #7023, .T. ) ;
#8318 = VERTEX_POINT ( 'NONE', #2533 ) ;
#8319 = CARTESIAN_POINT ( 'NONE',  ( -20.89947254010607125, 64.46641794768498812, -62.98921889766067039 ) ) ;
#8320 = ORIENTED_EDGE ( 'NONE', *, *, #2938, .F. ) ;
#8321 = CARTESIAN_POINT ( 'NONE',  ( -32.10288568297077205, 71.00000000000000000, 64.60382907247920059 ) ) ;
#8322 = CARTESIAN_POINT ( 'NONE',  ( -81.64042351278584420, 53.08452487703181077, -3.119745420235781719 ) ) ;
#8323 = CARTESIAN_POINT ( 'NONE',  ( 72.76727878451055176, 48.47834918484085165, 16.20409091558724057 ) ) ;
#8324 = CARTESIAN_POINT ( 'NONE',  ( 45.38916642961194725, 76.08791597401081219, -14.22900749413208921 ) ) ;
#8325 = CARTESIAN_POINT ( 'NONE',  ( 18.80811186595698103, 69.87390944627894385, 60.57660534627771654 ) ) ;
#8326 = ORIENTED_EDGE ( 'NONE', *, *, #2377, .T. ) ;
#8327 = CARTESIAN_POINT ( 'NONE',  ( -64.81087061278927308, 70.30594628184095995, 4.592087694980029333 ) ) ;
#8328 = CARTESIAN_POINT ( 'NONE',  ( 52.26759456128593229, 72.25785222557335885, -23.49563187492405802 ) ) ;
#8329 = ORIENTED_EDGE ( 'NONE', *, *, #1475, .T. ) ;
#8330 = CARTESIAN_POINT ( 'NONE',  ( 60.21965821330014279, 67.94710706913190279, 13.97092247385284303 ) ) ;
#8331 = VERTEX_POINT ( 'NONE', #7293 ) ;
#8332 = CARTESIAN_POINT ( 'NONE',  ( 70.32533638680079946, 56.03426478453282300, 16.39281690042404449 ) ) ;
#8333 = DIRECTION ( 'NONE',  ( 0.5000000000000039968, -0.000000000000000000, -0.8660254037844362651 ) ) ;
#8334 = CARTESIAN_POINT ( 'NONE',  ( -73.42201695639188586, 46.94028658334308801, 14.00000000002171774 ) ) ;
#8335 = CARTESIAN_POINT ( 'NONE',  ( -38.46141720392220265, 55.09082905672639185, 72.08066432303381532 ) ) ;
#8336 = ORIENTED_EDGE ( 'NONE', *, *, #7181, .F. ) ;
#8337 = CARTESIAN_POINT ( 'NONE',  ( 31.87287235295585575, 82.24302308782479543, -20.64468316205194398 ) ) ;
#8338 = CARTESIAN_POINT ( 'NONE',  ( -20.48958420640896705, 57.64672313975278684, 68.30425702708220115 ) ) ;
#8339 = CIRCLE ( 'NONE', #3856, 81.70000000000000284 ) ;
#8340 = CARTESIAN_POINT ( 'NONE',  ( 63.28807245800473424, 68.50658283686247785, 6.797806465485317418 ) ) ;
#8341 = CARTESIAN_POINT ( 'NONE',  ( 49.58704591247894911, 52.38165315072526340, -57.88728291766350509 ) ) ;
#8342 = CARTESIAN_POINT ( 'NONE',  ( 40.50000000000032685, 53.49999999999999289, -70.14805770653934758 ) ) ;
#8343 = ORIENTED_EDGE ( 'NONE', *, *, #5642, .F. ) ;
#8344 = ORIENTED_EDGE ( 'NONE', *, *, #1526, .T. ) ;
#8345 = CARTESIAN_POINT ( 'NONE',  ( 38.10080802636652919, 53.50000000000019185, 72.27183703032575579 ) ) ;
#8346 = CARTESIAN_POINT ( 'NONE',  ( -70.03680340552858752, 61.97093712385064634, -13.99999999999999822 ) ) ;
#8347 = AXIS2_PLACEMENT_3D ( 'NONE', #6989, #750, #4841 ) ;
#8348 = CARTESIAN_POINT ( 'NONE',  ( 19.57914955336772778, 65.33113625351582243, -61.91208179545220958 ) ) ;
#8349 = CARTESIAN_POINT ( 'NONE',  ( -18.86896345607807035, 67.29655345658419208, 61.48324991468366818 ) ) ;
#8350 = CARTESIAN_POINT ( 'NONE',  ( 0.000000000000000000, 46.00000000000000000, -77.50708379720883556 ) ) ;
#8351 = EDGE_CURVE ( 'NONE', #6365, #4262, #3506, .T. ) ;
#8352 = CONICAL_SURFACE ( 'NONE', #4002, 2.499999999999999556, 1.029744258676653867 ) ;
#8353 = DIRECTION ( 'NONE',  ( -0.4999999999999980016, -0.000000000000000000, -0.8660254037844398178 ) ) ;
#8354 = DIRECTION ( 'NONE',  ( -1.000000000000000000, -0.000000000000000000, -0.000000000000000000 ) ) ;
#8355 = DIRECTION ( 'NONE',  ( 0.000000000000000000, -1.000000000000000000, 0.000000000000000000 ) ) ;
#8356 = CARTESIAN_POINT ( 'NONE',  ( 36.39315303745706842, 71.12373005538609050, 54.03479010850400499 ) ) ;
#8357 = AXIS2_PLACEMENT_3D ( 'NONE', #3804, #7194, #7885 ) ;
#8358 = CARTESIAN_POINT ( 'NONE',  ( -63.47373482184369209, 68.65347261867843542, -6.123220919687927477 ) ) ;
#8359 = EDGE_CURVE ( 'NONE', #7306, #5541, #3040, .T. ) ;
#8360 = CARTESIAN_POINT ( 'NONE',  ( 34.99041841348235238, 68.87759478923818790, -49.37232557987855586 ) ) ;
#8361 = TOROIDAL_SURFACE ( 'NONE', #1091, 77.50708379720883556, 3.000000000000000000 ) ;
#8362 = CARTESIAN_POINT ( 'NONE',  ( -21.95646912120172800, 51.06858755565806263, 70.74426923893801700 ) ) ;
#8363 = CARTESIAN_POINT ( 'NONE',  ( 46.63079273948475389, 63.45883282103448408, 47.83447327730157639 ) ) ;
#8364 = ORIENTED_EDGE ( 'NONE', *, *, #8630, .T. ) ;
#8365 = VERTEX_POINT ( 'NONE', #3892 ) ;
#8366 = CARTESIAN_POINT ( 'NONE',  ( 64.97653019867830437, 71.00000000002407319, -4.500000000000003553 ) ) ;
#8367 = ORIENTED_EDGE ( 'NONE', *, *, #8809, .T. ) ;
#8368 = DIRECTION ( 'NONE',  ( -0.8660254037844361541, 0.000000000000000000, -0.5000000000000041078 ) ) ;
#8369 = CARTESIAN_POINT ( 'NONE',  ( 34.53555736225467143, 78.52124269181923921, -31.72683357368467227 ) ) ;
#8370 = CARTESIAN_POINT ( 'NONE',  ( -25.99174343502728135, 45.99999999999999289, 73.01902020676028826 ) ) ;
#8371 = CARTESIAN_POINT ( 'NONE',  ( 37.27909650625259985, 78.95082814488804956, -14.61893305124641174 ) ) ;
#8372 = CARTESIAN_POINT ( 'NONE',  ( 75.42973034920576936, 50.33324878643514921, -13.99999999999998401 ) ) ;
#8373 = ORIENTED_EDGE ( 'NONE', *, *, #6654, .T. ) ;
#8374 = CARTESIAN_POINT ( 'NONE',  ( -28.59498000971603204, 71.24824376404994553, 58.54621558856987917 ) ) ;
#8375 = CARTESIAN_POINT ( 'NONE',  ( -46.21647353772011968, 64.29485628078596449, -47.09960167101252182 ) ) ;
#8376 = EDGE_LOOP ( 'NONE', ( #5909, #6614, #3431, #2227 ) ) ;
#8377 = CARTESIAN_POINT ( 'NONE',  ( 65.00000000017779200, 64.46462010824194522, -13.40256265600683783 ) ) ;
#8378 = ORIENTED_EDGE ( 'NONE', *, *, #5817, .T. ) ;
#8379 = CARTESIAN_POINT ( 'NONE',  ( 60.32558811070302340, 67.85093932666330829, 14.00000000000000178 ) ) ;
#8380 = CARTESIAN_POINT ( 'NONE',  ( -75.82446114416397620, 47.05105508796378189, 13.99999999999998757 ) ) ;
#8381 = CARTESIAN_POINT ( 'NONE',  ( -39.46420830810643565, 56.28995235181120194, 71.53747865874005640 ) ) ;
#8382 = B_SPLINE_CURVE_WITH_KNOTS ( 'NONE', 3,
 ( #3816, #6589, #937, #3131 ),
 .UNSPECIFIED., .F., .F.,
 ( 4, 4 ),
 ( 0.000000000000000000, 0.0004135464275951780027 ),
 .UNSPECIFIED. ) ;
#8383 = ORIENTED_EDGE ( 'NONE', *, *, #5344, .F. ) ;
#8384 = CARTESIAN_POINT ( 'NONE',  ( 38.76631604617453064, 81.01813499818595687, -14.06277081867422929 ) ) ;
#8385 = LINE ( 'NONE', #4113, #6972 ) ;
#8386 = CARTESIAN_POINT ( 'NONE',  ( 64.14634067069998480, 68.96597822076709861, 8.461219481874756809 ) ) ;
#8387 = CARTESIAN_POINT ( 'NONE',  ( 50.40389004037294995, 50.03241630556832575, -54.59745953698305243 ) ) ;
#8388 = CARTESIAN_POINT ( 'NONE',  ( 80.49155235178410805, 45.99999999999999289, 14.00000000000000000 ) ) ;
#8389 = ORIENTED_EDGE ( 'NONE', *, *, #8068, .F. ) ;
#8390 = ORIENTED_EDGE ( 'NONE', *, *, #582, .T. ) ;
#8391 = FACE_OUTER_BOUND ( 'NONE', #4581, .T. ) ;
#8392 = DIRECTION ( 'NONE',  ( 1.000000000000000000, -0.000000000000000000, 0.000000000000000000 ) ) ;
#8393 = DIRECTION ( 'NONE',  ( -0.000000000000000000, 1.000000000000000000, -0.000000000000000000 ) ) ;
#8394 = CARTESIAN_POINT ( 'NONE',  ( -16.79010388213229632, 67.18321445489922894, 60.59606832046523550 ) ) ;
#8395 = EDGE_CURVE ( 'NONE', #8318, #5165, #6626, .T. ) ;
#8396 = DIRECTION ( 'NONE',  ( 0.000000000000000000, 0.000000000000000000, -1.000000000000000000 ) ) ;
#8397 = AXIS2_PLACEMENT_3D ( 'NONE', #3388, #3300, #1199 ) ;
#8398 = CARTESIAN_POINT ( 'NONE',  ( -48.83536413114973840, 46.94028658333687076, 56.58533188135260161 ) ) ;
#8399 = CARTESIAN_POINT ( 'NONE',  ( 40.98152994081917910, 73.15140243119877539, -34.63246869777139381 ) ) ;
#8400 = ADVANCED_FACE ( 'NONE', ( #5302 ), #339, .T. ) ;
#8401 = CONICAL_SURFACE ( 'NONE', #1594, 2.499999999999995115, 1.029744258676653867 ) ;
#8402 = CARTESIAN_POINT ( 'NONE',  ( 21.20656785621838480, 55.08934122040996328, -69.50042274262128217 ) ) ;
#8403 = CARTESIAN_POINT ( 'NONE',  ( -63.21506253664943387, 67.51982151313319491, -14.16308570207612050 ) ) ;
#8404 = CIRCLE ( 'NONE', #129, 2.500000000000005329 ) ;
#8405 = EDGE_CURVE ( 'NONE', #8477, #8331, #2500, .T. ) ;
#8406 = CARTESIAN_POINT ( 'NONE',  ( -64.81131619138773203, 70.30717204307059376, -4.591746186787970530 ) ) ;
#8407 = AXIS2_PLACEMENT_3D ( 'NONE', #5846, #7692, #1474 ) ;
#8408 = AXIS2_PLACEMENT_3D ( 'NONE', #7317, #3153, #1088 ) ;
#8409 = CIRCLE ( 'NONE', #6547, 3.500000000000003997 ) ;
#8410 = CARTESIAN_POINT ( 'NONE',  ( -25.17820581791814050, 53.47322573449753236, 71.60993172005881036 ) ) ;
#8411 = AXIS2_PLACEMENT_3D ( 'NONE', #21, #5587, #7761 ) ;
#8412 = CARTESIAN_POINT ( 'NONE',  ( -19.79075284807543866, 64.94776857187632402, 62.27858945290613235 ) ) ;
#8413 = CARTESIAN_POINT ( 'NONE',  ( 19.90035552566450505, 68.11553659766627788, 62.46842685913616577 ) ) ;
#8414 = EDGE_CURVE ( 'NONE', #7017, #6074, #3088, .T. ) ;
#8415 = ORIENTED_EDGE ( 'NONE', *, *, #3758, .F. ) ;
#8416 = ORIENTED_EDGE ( 'NONE', *, *, #6555, .F. ) ;
#8417 = CARTESIAN_POINT ( 'NONE',  ( 0.000000000000000000, 9.500000000000000000, 0.000000000000000000 ) ) ;
#8418 = ORIENTED_EDGE ( 'NONE', *, *, #3296, .F. ) ;
#8419 = CARTESIAN_POINT ( 'NONE',  ( -72.00000000000000000, 0.000000000000000000, 14.00000000000000000 ) ) ;
#8420 = CARTESIAN_POINT ( 'NONE',  ( 44.30619536201312059, 73.16821524915087593, -34.32335475535216318 ) ) ;
#8421 = DIRECTION ( 'NONE',  ( 1.000000000000000000, -0.000000000000000000, 0.000000000000000000 ) ) ;
#8422 = AXIS2_PLACEMENT_3D ( 'NONE', #8075, #5231, #7309 ) ;
#8423 = AXIS2_PLACEMENT_3D ( 'NONE', #3169, #8020, #7935 ) ;
#8424 = ADVANCED_FACE ( 'NONE', ( #422 ), #5811, .F. ) ;
#8425 = CARTESIAN_POINT ( 'NONE',  ( 36.47542547748182074, 79.41801852159350972, -12.35974425706412916 ) ) ;
#8426 = AXIS2_PLACEMENT_3D ( 'NONE', #5983, #6705, #593 ) ;
#8427 = CARTESIAN_POINT ( 'NONE',  ( 20.64763696491588263, 66.79099053449102996, 63.76275627947279645 ) ) ;
#8428 = ORIENTED_EDGE ( 'NONE', *, *, #5223, .T. ) ;
#8429 = B_SPLINE_CURVE_WITH_KNOTS ( 'NONE', 3,
 ( #965, #7923, #1055, #3200, #8517, #4470, #3841, #6574, #7962, #5885 ),
 .UNSPECIFIED., .F., .F.,
 ( 4, 2, 2, 2, 4 ),
 ( 0.000000000000000000, 0.0006175157415189902119, 0.001235031483037980424, 0.001852547224556970636, 0.002470062966075960847 ),
 .UNSPECIFIED. ) ;
#8430 = CARTESIAN_POINT ( 'NONE',  ( -72.00000000000000000, 80.99999999999998579, -14.00000000000000000 ) ) ;
#8431 = CARTESIAN_POINT ( 'NONE',  ( 60.32696670750900836, 67.36105576203954115, 16.35198032585716987 ) ) ;
#8432 = ORIENTED_EDGE ( 'NONE', *, *, #5459, .F. ) ;
#8433 = AXIS2_PLACEMENT_3D ( 'NONE', #29, #4089, #3363 ) ;
#8434 = CARTESIAN_POINT ( 'NONE',  ( 65.00000000003963407, 64.46641794751317889, 13.39513530331331204 ) ) ;
#8435 = VERTEX_POINT ( 'NONE', #7165 ) ;
#8436 = CARTESIAN_POINT ( 'NONE',  ( 63.40701041272850347, 65.33113625350733855, 14.00000000000208900 ) ) ;
#8437 = CARTESIAN_POINT ( 'NONE',  ( -47.57717111665462539, 61.45732291407706782, -49.51496397482572576 ) ) ;
#8438 = VERTEX_POINT ( 'NONE', #932 ) ;
#8439 = CARTESIAN_POINT ( 'NONE',  ( -73.34366810319271224, 48.00576291639394100, 14.00000000001249312 ) ) ;
#8440 = CARTESIAN_POINT ( 'NONE',  ( -43.27424947136686484, 54.90621253068160001, 69.29816246037178473 ) ) ;
#8441 = ORIENTED_EDGE ( 'NONE', *, *, #7963, .F. ) ;
#8442 = CARTESIAN_POINT ( 'NONE',  ( -43.53884283324762094, 53.29347130691822798, 69.13218617071039773 ) ) ;
#8443 = CARTESIAN_POINT ( 'NONE',  ( -22.03138215252850785, 50.54137333704079538, 70.86819772924475558 ) ) ;
#8444 = EDGE_CURVE ( 'NONE', #5013, #367, #4568, .T. ) ;
#8445 = LINE ( 'NONE', #7075, #1302 ) ;
#8446 = CARTESIAN_POINT ( 'NONE',  ( 73.09813573234423245, 49.60266825055082052, -13.99999999999578826 ) ) ;
#8447 = DIRECTION ( 'NONE',  ( 0.000000000000000000, 1.000000000000000000, 0.000000000000000000 ) ) ;
#8448 = CARTESIAN_POINT ( 'NONE',  ( -39.68496082273983916, 68.38058296212537357, 46.64147560146506777 ) ) ;
#8449 = ORIENTED_EDGE ( 'NONE', *, *, #2863, .F. ) ;
#8450 = ORIENTED_EDGE ( 'NONE', *, *, #6905, .T. ) ;
#8451 = LINE ( 'NONE', #7036, #1603 ) ;
#8452 = CARTESIAN_POINT ( 'NONE',  ( 0.000000000000000000, 45.99999999999999289, 14.00000000000000000 ) ) ;
#8453 = CARTESIAN_POINT ( 'NONE',  ( 72.00000000000000000, 71.00000000000000000, 3.499999999999996891 ) ) ;
#8454 = CARTESIAN_POINT ( 'NONE',  ( -17.77705430554548727, 67.10144975086281249, 60.91872760693325972 ) ) ;
#8455 = CARTESIAN_POINT ( 'NONE',  ( 38.15382399669525171, 69.06561277300411916, -19.45808308599146130 ) ) ;
#8456 = UNCERTAINTY_MEASURE_WITH_UNIT (LENGTH_MEASURE( 1.000000000000000082E-05 ), #3314, 'distance_accuracy_value', 'NONE');
#8457 = DIRECTION ( 'NONE',  ( 0.8660254037844432595, 0.000000000000000000, -0.4999999999999919509 ) ) ;
#8458 = CARTESIAN_POINT ( 'NONE',  ( 31.89088509803806559, 80.62401289369697110, -27.65514134303527172 ) ) ;
#8459 = CARTESIAN_POINT ( 'NONE',  ( 38.33493649053923491, 53.49999999999999289, -71.39805770653936179 ) ) ;
#8460 = EDGE_CURVE ( 'NONE', #7459, #878, #6496, .T. ) ;
#8461 = CARTESIAN_POINT ( 'NONE',  ( -36.38537941636899120, 71.00000000002408740, -54.02132580182220778 ) ) ;
#8462 = CARTESIAN_POINT ( 'NONE',  ( -19.28323741483998077, 69.15083099222896124, 61.39954693691453258 ) ) ;
#8463 = CARTESIAN_POINT ( 'NONE',  ( 81.69919933743832985, 50.32103730861284419, 0.4154317880902997362 ) ) ;
#8464 = ORIENTED_EDGE ( 'NONE', *, *, #7699, .F. ) ;
#8465 = EDGE_CURVE ( 'NONE', #4828, #8475, #6158, .T. ) ;
#8466 = DIRECTION ( 'NONE',  ( 0.000000000000000000, 0.000000000000000000, -1.000000000000000000 ) ) ;
#8467 = ORIENTED_EDGE ( 'NONE', *, *, #7267, .T. ) ;
#8468 = CARTESIAN_POINT ( 'NONE',  ( -64.97653019867827595, 71.00000000002408740, 4.500000000000003553 ) ) ;
#8469 = CARTESIAN_POINT ( 'NONE',  ( -50.40389004035340292, 50.03241630557035791, -54.59745953700049625 ) ) ;
#8470 = CARTESIAN_POINT ( 'NONE',  ( -50.24045474099140307, 45.99999999999999289, 59.01902020676000404 ) ) ;
#8471 = CARTESIAN_POINT ( 'NONE',  ( -70.35978047656563206, 55.95718616389151379, 16.39224145336684657 ) ) ;
#8472 = CARTESIAN_POINT ( 'NONE',  ( 42.12003960603804131, 77.43713763468906564, -13.59876311466116228 ) ) ;
#8473 = CARTESIAN_POINT ( 'NONE',  ( 18.93481032072607917, 66.45418853073451260, 60.79605350715718259 ) ) ;
#8474 = EDGE_CURVE ( 'NONE', #3605, #1380, #7989, .T. ) ;
#8475 = VERTEX_POINT ( 'NONE', #8821 ) ;
#8476 = LINE ( 'NONE', #8430, #1550 ) ;
#8477 = VERTEX_POINT ( 'NONE', #2702 ) ;
#8478 = CARTESIAN_POINT ( 'NONE',  ( -33.72988503648052472, 71.49226878983220956, 55.58157678910418298 ) ) ;
#8479 = ORIENTED_EDGE ( 'NONE', *, *, #4025, .T. ) ;
#8480 = CARTESIAN_POINT ( 'NONE',  ( 70.21699464146189484, 57.23846896691071606, 13.99999999999688427 ) ) ;
#8481 = CARTESIAN_POINT ( 'NONE',  ( 70.79241559697685204, 55.08934122041000592, 16.38478488074730421 ) ) ;
#8482 = ORIENTED_EDGE ( 'NONE', *, *, #2729, .T. ) ;
#8483 = CARTESIAN_POINT ( 'NONE',  ( -62.81518613562926845, 69.15083099221016028, 14.00000000000000178 ) ) ;
#8484 = CARTESIAN_POINT ( 'NONE',  ( 41.78572573259913980, 82.99999999999998579, -24.12500000000006040 ) ) ;
#8485 = ORIENTED_EDGE ( 'NONE', *, *, #62, .F. ) ;
#8486 = CARTESIAN_POINT ( 'NONE',  ( 8.681445989019579037E-15, 95.24999999999998579, 12.24999999999999289 ) ) ;
#8487 = CARTESIAN_POINT ( 'NONE',  ( -22.20114393954578347, 48.61675045524525984, 71.14828336734677805 ) ) ;
#8488 = EDGE_CURVE ( 'NONE', #6791, #8012, #2660, .T. ) ;
#8489 = CARTESIAN_POINT ( 'NONE',  ( 49.80219423662221345, 50.61866292744385731, -58.25993074624287971 ) ) ;
#8490 = CARTESIAN_POINT ( 'NONE',  ( -72.00000000000000000, 60.99999999999999289, 14.00000000000000000 ) ) ;
#8491 = EDGE_LOOP ( 'NONE', ( #6558, #4973, #5479, #3728 ) ) ;
#8492 = ORIENTED_EDGE ( 'NONE', *, *, #4044, .F. ) ;
#8493 = DIRECTION ( 'NONE',  ( -0.4999999999999979461, -0.000000000000000000, -0.8660254037844397068 ) ) ;
#8494 = CARTESIAN_POINT ( 'NONE',  ( 64.99999999999998579, 70.96746529199602094, 9.499788289590771484 ) ) ;
#8495 = CARTESIAN_POINT ( 'NONE',  ( 64.99999999999998579, 70.12951399001688912, 13.99999999999999645 ) ) ;
#8496 = CARTESIAN_POINT ( 'NONE',  ( 39.90130148428071521, 68.55571112111420007, -18.53061718291685978 ) ) ;
#8497 = EDGE_CURVE ( 'NONE', #7893, #3121, #3789, .T. ) ;
#8498 = ORIENTED_EDGE ( 'NONE', *, *, #2430, .F. ) ;
#8499 = FACE_OUTER_BOUND ( 'NONE', #5133, .T. ) ;
#8500 = CARTESIAN_POINT ( 'NONE',  ( -23.08300159323460576, 61.51576396133796720, -67.98093155067591908 ) ) ;
#8501 = CARTESIAN_POINT ( 'NONE',  ( 32.14481228806324253, 80.36785830362941851, -28.29903366542903598 ) ) ;
#8502 = CARTESIAN_POINT ( 'NONE',  ( 42.64225017387429517, 55.90164008002004437, 69.68894770286064499 ) ) ;
#8503 = VECTOR ( 'NONE', #1155, 999.9999999999998863 ) ;
#8504 = LINE ( 'NONE', #953, #2330 ) ;
#8505 = CARTESIAN_POINT ( 'NONE',  ( -38.14470988794009543, 68.53356777737461414, -51.23619939589180206 ) ) ;
#8506 = CARTESIAN_POINT ( 'NONE',  ( -25.07097033627826832, 54.10447137732717238, 71.42419441748444342 ) ) ;
#8507 = CARTESIAN_POINT ( 'NONE',  ( -80.49155235178410805, 61.00000000000000000, 14.00000000000000000 ) ) ;
#8508 = EDGE_LOOP ( 'NONE', ( #6549, #1632, #5257, #8329 ) ) ;
#8509 = CARTESIAN_POINT ( 'NONE',  ( 36.75107577378475554, 53.49999999999999289, -63.65473047300819331 ) ) ;
#8510 = ORIENTED_EDGE ( 'NONE', *, *, #4181, .T. ) ;
#8511 = CARTESIAN_POINT ( 'NONE',  ( -64.04942235729440370, 68.11553659766630631, 14.00000000000000000 ) ) ;
#8512 = CONICAL_SURFACE ( 'NONE', #7780, 3.500000000000003109, 0.7853981633974482790 ) ;
#8513 = CARTESIAN_POINT ( 'NONE',  ( -12.12435565298211060, 45.99999999999999289, -7.000000000000057732 ) ) ;
#8514 = CARTESIAN_POINT ( 'NONE',  ( -39.89711431702983901, 71.00000000000000000, -60.10382907247966244 ) ) ;
#8515 = CARTESIAN_POINT ( 'NONE',  ( -44.62435565298271456, 80.99999999999998579, 49.29165124598798542 ) ) ;
#8516 = ADVANCED_FACE ( 'NONE', ( #6022 ), #1009, .F. ) ;
#8517 = CARTESIAN_POINT ( 'NONE',  ( 20.29287252571016253, 69.32011107992944687, 63.14828624604977847 ) ) ;
#8518 = EDGE_CURVE ( 'NONE', #5399, #2509, #7688, .T. ) ;
#8519 = ORIENTED_EDGE ( 'NONE', *, *, #8294, .F. ) ;
#8520 = AXIS2_PLACEMENT_3D ( 'NONE', #6039, #6346, #598 ) ;
#8521 = CARTESIAN_POINT ( 'NONE',  ( 44.14906683162889323, 68.11553659766630631, 48.46842685913634341 ) ) ;
#8522 = CARTESIAN_POINT ( 'NONE',  ( 61.31910538437295344, 67.11011901865587959, 15.33431353602617797 ) ) ;
#8523 = ORIENTED_EDGE ( 'NONE', *, *, #4310, .T. ) ;
#8524 = CARTESIAN_POINT ( 'NONE',  ( -42.48993734908945186, 70.76547318469320658, 50.52395822830408179 ) ) ;
#8525 = ORIENTED_EDGE ( 'NONE', *, *, #1851, .T. ) ;
#8526 = CARTESIAN_POINT ( 'NONE',  ( 31.01233671063067732, 80.38320956900392389, -16.77344606912917158 ) ) ;
#8527 = ADVANCED_FACE ( 'NONE', ( #1469 ), #182, .F. ) ;
#8528 = CARTESIAN_POINT ( 'NONE',  ( 70.35978047656563206, 55.95718616389152089, 16.39224145336684657 ) ) ;
#8529 = EDGE_CURVE ( 'NONE', #3177, #8912, #4967, .T. ) ;
#8530 = ORIENTED_EDGE ( 'NONE', *, *, #3026, .F. ) ;
#8531 = CARTESIAN_POINT ( 'NONE',  ( -72.58459126990992161, 49.51133489086792849, 16.35021066041749549 ) ) ;
#8532 = CARTESIAN_POINT ( 'NONE',  ( -38.10080802636834107, 53.49999999999999289, 72.27183703032480366 ) ) ;
#8533 = CARTESIAN_POINT ( 'NONE',  ( 39.42272203645462980, 80.79328386846064802, -13.88871627571773715 ) ) ;
#8534 = CARTESIAN_POINT ( 'NONE',  ( -28.42857070613669279, 70.30594628184097417, 58.42390423955154688 ) ) ;
#8535 = CARTESIAN_POINT ( 'NONE',  ( 69.79433062989100733, 56.99209030537040377, -16.40152282393532701 ) ) ;
#8536 = CARTESIAN_POINT ( 'NONE',  ( 43.82786085933229003, 65.33113625350272002, -47.91208179544849344 ) ) ;
#8537 = CARTESIAN_POINT ( 'NONE',  ( -20.04432194747921514, 68.41912133313326194, -62.71778401630223243 ) ) ;
#8538 = ORIENTED_EDGE ( 'NONE', *, *, #2863, .T. ) ;
#8539 = CARTESIAN_POINT ( 'NONE',  ( 72.00000000000000000, 0.000000000000000000, 14.00000000000000000 ) ) ;
#8540 = B_SPLINE_CURVE_WITH_KNOTS ( 'NONE', 3,
 ( #3211, #7453, #6742, #5468, #499, #7419, #8817, #6704, #3250, #8224, #6875, #1919, #1188, #6154, #1836, #1224, #2611, #1879, #8052, #2008, #4602, #3973, #3330, #4767, #4055, #3375, #4011, #8906, #7544, #544, #1323, #2529, #8867, #2656 ),
 .UNSPECIFIED., .F., .F.,
 ( 4, 2, 2, 2, 2, 2, 2, 2, 2, 2, 2, 2, 2, 2, 2, 2, 4 ),
 ( 0.000000000000000000, 0.0005381759984485071438, 0.001076351996897014288, 0.001614527995345521215, 0.002152703993794028575, 0.002690879992242535719, 0.003229055990691042429, 0.003767231989139549573, 0.004305407987588057150, 0.004574495986812306819, 0.004843583986036555621, 0.005381759984485055825, 0.005919935982933555163, 0.006458111981382054501, 0.007534463978279032359, 0.008072639976727502206, 0.008610815975175970319 ),
 .UNSPECIFIED. ) ;
#8541 = CARTESIAN_POINT ( 'NONE',  ( 38.10080802636786501, 53.70738493166162186, -72.27183703032505946 ) ) ;
#8542 = CARTESIAN_POINT ( 'NONE',  ( -64.56976996564227989, 68.75439463849414778, 13.99999999999999822 ) ) ;
#8543 = CARTESIAN_POINT ( 'NONE',  ( 41.78572573261078560, 64.63471761378610836, -30.02500000000003411 ) ) ;
#8544 = ADVANCED_FACE ( 'NONE', ( #1706 ), #1757, .F. ) ;
#8545 = CIRCLE ( 'NONE', #5934, 2.499999999999999112 ) ;
#8546 = CARTESIAN_POINT ( 'NONE',  ( 40.72724133595240659, 71.00000000000000000, -51.54165124598831937 ) ) ;
#8547 = CARTESIAN_POINT ( 'NONE',  ( 34.11654945496776037, 76.61137739717152328, -31.34382511604549393 ) ) ;
#8548 = CARTESIAN_POINT ( 'NONE',  ( 42.21484798499158586, 56.27031654299789665, 69.94873772110769039 ) ) ;
#8549 = CARTESIAN_POINT ( 'NONE',  ( 72.00000000000000000, 80.99999999999998579, 14.00000000000000000 ) ) ;
#8550 = CARTESIAN_POINT ( 'NONE',  ( -24.56524478995595828, 56.45424203979325029, 70.54825207656870134 ) ) ;
#8551 = CARTESIAN_POINT ( 'NONE',  ( -20.20330940820877430, 64.16889629969978159, 62.99315837604805779 ) ) ;
#8552 = FACE_OUTER_BOUND ( 'NONE', #8376, .T. ) ;
#8553 = CARTESIAN_POINT ( 'NONE',  ( -27.83132322630048705, 65.48387241162252792, -58.98711303805720263 ) ) ;
#8554 = AXIS2_PLACEMENT_3D ( 'NONE', #431, #5309, #2413 ) ;
#8555 = EDGE_LOOP ( 'NONE', ( #2891, #6457, #1585, #2676, #204 ) ) ;
#8556 = CARTESIAN_POINT ( 'NONE',  ( 40.72724133595168183, 71.00000000000000000, 51.54165124598887360 ) ) ;
#8557 = AXIS2_PLACEMENT_3D ( 'NONE', #5141, #2027, #4659 ) ;
#8558 = CARTESIAN_POINT ( 'NONE',  ( -22.03138215252754861, 50.54137333704083090, -70.86819772924506822 ) ) ;
#8559 = CARTESIAN_POINT ( 'NONE',  ( -20.37564434701770466, 70.33830226810675867, -63.29165124598855385 ) ) ;
#8560 = CARTESIAN_POINT ( 'NONE',  ( 32.92154566249158165, 79.68529934956235650, -18.48713322563747496 ) ) ;
#8561 = DIRECTION ( 'NONE',  ( 0.000000000000000000, 0.000000000000000000, 1.000000000000000000 ) ) ;
#8562 = ORIENTED_EDGE ( 'NONE', *, *, #5050, .F. ) ;
#8563 = FACE_OUTER_BOUND ( 'NONE', #288, .T. ) ;
#8564 = CARTESIAN_POINT ( 'NONE',  ( 62.15327599242801426, 67.16491451319366490, 14.71073604008728708 ) ) ;
#8565 = ORIENTED_EDGE ( 'NONE', *, *, #1773, .F. ) ;
#8566 = EDGE_CURVE ( 'NONE', #2307, #732, #7283, .T. ) ;
#8567 = CARTESIAN_POINT ( 'NONE',  ( -44.10052745985937861, 64.46641794740561693, 49.59408359441880521 ) ) ;
#8568 = AXIS2_PLACEMENT_3D ( 'NONE', #4577, #519, #4029 ) ;
#8569 = ORIENTED_EDGE ( 'NONE', *, *, #6147, .F. ) ;
#8570 = CARTESIAN_POINT ( 'NONE',  ( 28.88608391623502669, 79.96995785009579549, -22.63508864747080551 ) ) ;
#8571 = CARTESIAN_POINT ( 'NONE',  ( -44.65336037525176494, 63.77279572263785923, -49.34188889862149097 ) ) ;
#8572 = AXIS2_PLACEMENT_3D ( 'NONE', #8417, #2200, #8466 ) ;
#8573 = CIRCLE ( 'NONE', #5525, 74.53166453491230925 ) ;
#8574 = ORIENTED_EDGE ( 'NONE', *, *, #4902, .T. ) ;
#8575 = CYLINDRICAL_SURFACE ( 'NONE', #5656, 5.899999999999995914 ) ;
#8576 = CARTESIAN_POINT ( 'NONE',  ( 44.35415301169904012, 63.48194348393099062, -29.45053622261145065 ) ) ;
#8577 = CARTESIAN_POINT ( 'NONE',  ( 50.24199361207740111, 76.18699096226941947, 0.000000000000000000 ) ) ;
#8578 = VECTOR ( 'NONE', #2420, 1000.000000000000000 ) ;
#8579 = ADVANCED_FACE ( 'NONE', ( #7233 ), #3158, .F. ) ;
#8580 = CARTESIAN_POINT ( 'NONE',  ( 63.83021700212179894, 64.94776857186406005, -13.99999999998747846 ) ) ;
#8581 = CARTESIAN_POINT ( 'NONE',  ( 44.77554707640280185, 66.83697915472318130, -44.55197465333902329 ) ) ;
#8582 = CARTESIAN_POINT ( 'NONE',  ( -20.29287252571060662, 69.32011107992944687, -63.14828624604963636 ) ) ;
#8583 = EDGE_LOOP ( 'NONE', ( #7889, #5620 ) ) ;
#8584 = CARTESIAN_POINT ( 'NONE',  ( -36.38537941636812434, 70.99999999999809575, 54.02132580181889665 ) ) ;
#8585 = EDGE_CURVE ( 'NONE', #4447, #4950, #919, .T. ) ;
#8586 = CARTESIAN_POINT ( 'NONE',  ( -71.63150105874353812, 53.09967776846411880, -16.36943979495315560 ) ) ;
#8587 = ORIENTED_EDGE ( 'NONE', *, *, #2429, .T. ) ;
#8588 = CARTESIAN_POINT ( 'NONE',  ( 72.00000000000000000, 60.99999999999999289, -14.00000000000000000 ) ) ;
#8589 = CARTESIAN_POINT ( 'NONE',  ( 27.80748660785438275, 69.44931544584075311, -58.22973605270946251 ) ) ;
#8590 = ADVANCED_FACE ( 'NONE', ( #4515 ), #8512, .F. ) ;
#8591 = ADVANCED_FACE ( 'NONE', ( #2395 ), #8983, .F. ) ;
#8592 = ORIENTED_EDGE ( 'NONE', *, *, #1229, .T. ) ;
#8593 = CARTESIAN_POINT ( 'NONE',  ( -49.66598055739478923, 51.79954327709438644, 58.02400173313406384 ) ) ;
#8594 = ADVANCED_FACE ( 'NONE', ( #4556 ), #5202, .T. ) ;
#8595 = CARTESIAN_POINT ( 'NONE',  ( -25.41726925142856786, 51.79954327709438644, -72.02400173313282039 ) ) ;
#8596 = CARTESIAN_POINT ( 'NONE',  ( 31.86906527102582842, 78.20422801285327807, -27.66067077355301507 ) ) ;
#8597 = CARTESIAN_POINT ( 'NONE',  ( 38.23985895547509273, 54.52115489933504477, 72.19840204799426431 ) ) ;
#8598 = CARTESIAN_POINT ( 'NONE',  ( -25.78437493449885309, 46.02785684633895613, 72.65984742795569673 ) ) ;
#8599 = CARTESIAN_POINT ( 'NONE',  ( -20.36494451792450278, 69.92061267400556801, 63.27311859836500219 ) ) ;
#8600 = CARTESIAN_POINT ( 'NONE',  ( -39.84815553511214148, 69.27093940922775062, -51.39484114868866271 ) ) ;
#8601 = CARTESIAN_POINT ( 'NONE',  ( 81.65443108707965791, 51.90735911702634553, 2.730665864201149429 ) ) ;
#8602 = EDGE_CURVE ( 'NONE', #5443, #1937, #4426, .T. ) ;
#8603 = CARTESIAN_POINT ( 'NONE',  ( -30.17366407448031751, 65.63336495316488595, -57.63476191879883004 ) ) ;
#8604 = CARTESIAN_POINT ( 'NONE',  ( -67.20185856330790841, 65.17850407179143701, 13.99999999999999467 ) ) ;
#8605 = CARTESIAN_POINT ( 'NONE',  ( -18.72345348080433070, 62.25354003921479062, -65.33753323871302143 ) ) ;
#8606 = EDGE_CURVE ( 'NONE', #2004, #1322, #8429, .T. ) ;
#8607 = CARTESIAN_POINT ( 'NONE',  ( 81.68481288208099045, 56.27044388395734842, -1.584415721777002961 ) ) ;
#8608 = CARTESIAN_POINT ( 'NONE',  ( 31.27909917402083551, 81.82610833990011656, -23.51867822367002248 ) ) ;
#8609 = DIRECTION ( 'NONE',  ( 0.000000000000000000, 0.000000000000000000, 1.000000000000000000 ) ) ;
#8610 = CARTESIAN_POINT ( 'NONE',  ( 29.32307792944893521, 81.48699651356143647, -25.09061365702576296 ) ) ;
#8611 = DIRECTION ( 'NONE',  ( -0.8660254037844387076, 0.000000000000000000, 0.4999999999999997224 ) ) ;
#8612 = ORIENTED_EDGE ( 'NONE', *, *, #1182, .T. ) ;
#8613 = B_SPLINE_CURVE_WITH_KNOTS ( 'NONE', 3,
 ( #7981, #3093, #1767, #5042, #8582, #2321, #7853, #8537, #7938, #2273 ),
 .UNSPECIFIED., .F., .F.,
 ( 4, 2, 2, 2, 4 ),
 ( 0.000000000000000000, 0.0006175157415189902119, 0.001235031483037980424, 0.001852547224556970636, 0.002470062966075960847 ),
 .UNSPECIFIED. ) ;
#8614 = CARTESIAN_POINT ( 'NONE',  ( 64.97653019867830437, 71.00000000002407319, -4.500000000000003553 ) ) ;
#8615 = ORIENTED_EDGE ( 'NONE', *, *, #3476, .T. ) ;
#8616 = CARTESIAN_POINT ( 'NONE',  ( 44.61642987121397397, 76.65832051113561363, -11.92168051116933292 ) ) ;
#8617 = CARTESIAN_POINT ( 'NONE',  ( -26.43782217350878483, 71.00000000000000000, -59.79165124598856096 ) ) ;
#8618 = FACE_OUTER_BOUND ( 'NONE', #4376, .T. ) ;
#8619 = DIRECTION ( 'NONE',  ( -0.4999999999999980016, -0.000000000000000000, -0.8660254037844398178 ) ) ;
#8620 = CARTESIAN_POINT ( 'NONE',  ( 46.95631527504257008, 64.58046466548736930, -21.25887193495936245 ) ) ;
#8621 = CARTESIAN_POINT ( 'NONE',  ( 0.000000000000000000, 45.99999999999999289, 14.00000000000000000 ) ) ;
#8622 = CARTESIAN_POINT ( 'NONE',  ( -39.68649356440183595, 68.38019243795176294, -46.64057446519183969 ) ) ;
#8623 = CARTESIAN_POINT ( 'NONE',  ( 75.82446114418877414, 47.05105508795730884, -14.00000000000004974 ) ) ;
#8624 = CARTESIAN_POINT ( 'NONE',  ( 43.53194872081551381, 69.15083099224979435, -47.39954693693483279 ) ) ;
#8625 = DIRECTION ( 'NONE',  ( -0.8660254037844397068, 0.000000000000000000, 0.4999999999999979461 ) ) ;
#8626 = ORIENTED_EDGE ( 'NONE', *, *, #6200, .T. ) ;
#8627 = DIRECTION ( 'NONE',  ( -0.8660254037844407060, 0.000000000000000000, 0.4999999999999963918 ) ) ;
#8628 = CARTESIAN_POINT ( 'NONE',  ( -72.92990762247322323, 57.39959067741811083, -14.00000000000002309 ) ) ;
#8629 = CARTESIAN_POINT ( 'NONE',  ( 48.12435565298162032, 80.99999999999998579, 55.35382907248002482 ) ) ;
#8630 = EDGE_CURVE ( 'NONE', #2856, #3028, #606, .T. ) ;
#8631 = EDGE_LOOP ( 'NONE', ( #5474, #1494, #7269, #1461, #7327, #4180, #3617, #6673, #1854 ) ) ;
#8632 = DIRECTION ( 'NONE',  ( -0.4999999999999979461, -0.000000000000000000, -0.8660254037844397068 ) ) ;
#8633 = CARTESIAN_POINT ( 'NONE',  ( -17.28371873183049345, 65.00834819740447301, -62.90061292104660851 ) ) ;
#8634 = CARTESIAN_POINT ( 'NONE',  ( 52.12765546959995078, 70.43059870512199439, -25.98787276511046329 ) ) ;
#8635 = CARTESIAN_POINT ( 'NONE',  ( 42.04894693668752126, 67.97768854755386769, 45.25997229116264720 ) ) ;
#8636 = EDGE_CURVE ( 'NONE', #4875, #3896, #3366, .T. ) ;
#8637 = CARTESIAN_POINT ( 'NONE',  ( 49.37598776186707994, 55.95718616389149958, -52.73723657071857218 ) ) ;
#8638 = EDGE_CURVE ( 'NONE', #5559, #589, #5942, .T. ) ;
#8639 = B_SPLINE_CURVE_WITH_KNOTS ( 'NONE', 3,
 ( #193, #3274, #3025, #2394, #4381, #1011 ),
 .UNSPECIFIED., .F., .F.,
 ( 4, 2, 4 ),
 ( 0.01658914471838028939, 0.02489520312791524553, 0.03320126153745020514 ),
 .UNSPECIFIED. ) ;
#8640 = CARTESIAN_POINT ( 'NONE',  ( 18.33676687713054676, 67.16491451319367911, 61.18168395791194314 ) ) ;
#8641 = EDGE_CURVE ( 'NONE', #8007, #2380, #7663, .T. ) ;
#8642 = CARTESIAN_POINT ( 'NONE',  ( -19.90035552566578403, 68.11553659766630631, 62.46842685913570392 ) ) ;
#8643 = CARTESIAN_POINT ( 'NONE',  ( -42.06217782649093806, 71.00000000000000000, -58.85382907247966955 ) ) ;
#8644 = CARTESIAN_POINT ( 'NONE',  ( 75.41082616755795698, 46.10331055350754781, -14.02123858991290106 ) ) ;
#8645 = CARTESIAN_POINT ( 'NONE',  ( -28.57857792819461196, 71.37356801940973128, -58.55568533475148030 ) ) ;
#8646 = CARTESIAN_POINT ( 'NONE',  ( 81.66558508062711041, 55.60259189628662568, -2.375541239910674118 ) ) ;
#8647 = CIRCLE ( 'NONE', #5172, 81.70000000000000284 ) ;
#8648 = PLANE ( 'NONE',  #7323 ) ;
#8649 = CARTESIAN_POINT ( 'NONE',  ( 19.90035552566535415, 68.11553659766630631, -62.46842685913584603 ) ) ;
#8650 = EDGE_CURVE ( 'NONE', #1611, #3173, #3130, .T. ) ;
#8651 = CARTESIAN_POINT ( 'NONE',  ( -24.54747839862131897, 48.00576291639366389, 70.51747978412304008 ) ) ;
#8652 = CARTESIAN_POINT ( 'NONE',  ( 72.00000000000000000, 0.000000000000000000, 14.00000000000000000 ) ) ;
#8653 = ORIENTED_EDGE ( 'NONE', *, *, #8395, .F. ) ;
#8654 = CARTESIAN_POINT ( 'NONE',  ( -31.32483863469443008, 69.04912902143254883, 51.49567343820631748 ) ) ;
#8655 = ORIENTED_EDGE ( 'NONE', *, *, #5050, .T. ) ;
#8656 = CARTESIAN_POINT ( 'NONE',  ( -38.04670341840440528, 68.51639824282605673, 51.24183859116441653 ) ) ;
#8657 = CARTESIAN_POINT ( 'NONE',  ( 48.57350829741093889, 57.41502476473660010, -56.13178427298355189 ) ) ;
#8658 = CARTESIAN_POINT ( 'NONE',  ( 36.42142207180550884, 71.37356801940973128, -54.02761715722545688 ) ) ;
#8659 = FACE_OUTER_BOUND ( 'NONE', #913, .T. ) ;
#8660 = LINE ( 'NONE', #3218, #6508 ) ;
#8661 = VECTOR ( 'NONE', #3667, 999.9999999999998863 ) ;
#8662 = CARTESIAN_POINT ( 'NONE',  ( -36.38537941636899120, 71.00000000002408740, -54.02132580182220778 ) ) ;
#8663 = CARTESIAN_POINT ( 'NONE',  ( 32.96891108675476545, 71.00000000000000000, -64.10382907247944217 ) ) ;
#8664 = ORIENTED_EDGE ( 'NONE', *, *, #299, .F. ) ;
#8665 = DIRECTION ( 'NONE',  ( -0.9659258262890713098, 8.659560562354932858E-17, 0.2588190451025094707 ) ) ;
#8666 = CARTESIAN_POINT ( 'NONE',  ( -63.53246871185370992, 64.62690840039348927, -16.47825089123490727 ) ) ;
#8667 = CARTESIAN_POINT ( 'NONE',  ( 64.99999999999998579, 71.00000000000000000, 7.000000000000000000 ) ) ;
#8668 = CARTESIAN_POINT ( 'NONE',  ( 28.59115078230945528, 71.00000000002407319, -58.52132580182203014 ) ) ;
#8669 = EDGE_LOOP ( 'NONE', ( #1319, #5128, #5578, #6402, #20, #7693, #2371, #6120, #6041 ) ) ;
#8670 = ORIENTED_EDGE ( 'NONE', *, *, #5976, .F. ) ;
#8671 = CARTESIAN_POINT ( 'NONE',  ( -46.43619266065014983, 63.85246432331247490, 47.48928928490051504 ) ) ;
#8672 = CARTESIAN_POINT ( 'NONE',  ( -21.08284758731908326, 65.95929522014517943, -64.51656318946785973 ) ) ;
#8673 = CARTESIAN_POINT ( 'NONE',  ( 44.46032529869038541, 71.73177783720853995, -34.31169578156189459 ) ) ;
#8674 = CARTESIAN_POINT ( 'NONE',  ( -81.63965085961430646, 53.70716194169280300, 3.139650859614443235 ) ) ;
#8675 = CARTESIAN_POINT ( 'NONE',  ( -49.99297840204161503, 48.19300188175394339, -58.59037861402995873 ) ) ;
#8676 = CARTESIAN_POINT ( 'NONE',  ( -65.94569034573784450, 62.25354003921476931, -16.45378025840367897 ) ) ;
#8677 = EDGE_CURVE ( 'NONE', #7069, #8157, #6802, .T. ) ;
#8678 = DIRECTION ( 'NONE',  ( -0.4999999999999980016, -0.000000000000000000, -0.8660254037844398178 ) ) ;
#8679 = DIRECTION ( 'NONE',  ( 0.000000000000000000, 0.000000000000000000, 1.000000000000000000 ) ) ;
#8680 = CARTESIAN_POINT ( 'NONE',  ( -41.56217782649174097, 71.00000000000000000, 57.98780366869465297 ) ) ;
#8681 = CARTESIAN_POINT ( 'NONE',  ( -50.22083601860751401, 51.58051168082446480, -54.26483504254771617 ) ) ;
#8682 = LINE ( 'NONE', #3280, #7390 ) ;
#8683 = CARTESIAN_POINT ( 'NONE',  ( -72.58857721167628085, 49.58324814417438375, 16.35013874407906442 ) ) ;
#8684 = AXIS2_PLACEMENT_3D ( 'NONE', #1401, #3450, #6945 ) ;
#8685 = VERTEX_POINT ( 'NONE', #8312 ) ;
#8686 = DIRECTION ( 'NONE',  ( 0.4999999999999919509, -0.000000000000000000, 0.8660254037844432595 ) ) ;
#8687 = CARTESIAN_POINT ( 'NONE',  ( -64.99999999999998579, 70.59092840437290306, 12.50345438902516015 ) ) ;
#8688 = VECTOR ( 'NONE', #2825, 1000.000000000000114 ) ;
#8689 = ADVANCED_FACE ( 'NONE', ( #4132 ), #7095, .F. ) ;
#8690 = AXIS2_PLACEMENT_3D ( 'NONE', #1543, #8393, #172 ) ;
#8691 = DIRECTION ( 'NONE',  ( -1.000000000000000000, -0.000000000000000000, -0.000000000000000000 ) ) ;
#8692 = AXIS2_PLACEMENT_3D ( 'NONE', #4748, #4035, #2769 ) ;
#8693 = VERTEX_POINT ( 'NONE', #8459 ) ;
#8694 = CARTESIAN_POINT ( 'NONE',  ( -12.24999999999999822, 76.42166581354543098, 6.940285149618774980E-15 ) ) ;
#8695 = EDGE_LOOP ( 'NONE', ( #6957, #7607, #7983, #7550, #2661, #2899, #1484, #7907, #1478 ) ) ;
#8696 = CARTESIAN_POINT ( 'NONE',  ( 32.63460576818039272, 80.21292967863432466, -14.86457824786073090 ) ) ;
#8697 = CARTESIAN_POINT ( 'NONE',  ( 21.84365750218870161, 64.39919800490793023, -65.83432461692324011 ) ) ;
#8698 = EDGE_CURVE ( 'NONE', #7142, #570, #2050, .T. ) ;
#8699 = CARTESIAN_POINT ( 'NONE',  ( -31.60288568297076850, 71.00000000000000000, 63.73780366869477376 ) ) ;
#8700 = CARTESIAN_POINT ( 'NONE',  ( 42.16888021022025868, 67.65175000312693498, -18.22500000000005471 ) ) ;
#8701 = CARTESIAN_POINT ( 'NONE',  ( 64.99999999999998579, 70.96746529199602094, 9.499788289590771484 ) ) ;
#8702 = CONICAL_SURFACE ( 'NONE', #8411, 3.500000000000000444, 0.7853981633974482790 ) ;
#8703 = CIRCLE ( 'NONE', #2916, 3.500000000000003997 ) ;
#8704 = AXIS2_PLACEMENT_3D ( 'NONE', #1221, #4009, #3208 ) ;
#8705 = VECTOR ( 'NONE', #7187, 1000.000000000000114 ) ;
#8706 = FACE_OUTER_BOUND ( 'NONE', #2177, .T. ) ;
#8707 = AXIS2_PLACEMENT_3D ( 'NONE', #8179, #1961, #4725 ) ;
#8708 = ORIENTED_EDGE ( 'NONE', *, *, #320, .T. ) ;
#8709 = CARTESIAN_POINT ( 'NONE',  ( 29.43782217350832298, 71.00000000000000000, 64.98780366869542036 ) ) ;
#8710 = CARTESIAN_POINT ( 'NONE',  ( -75.08324980882184718, 51.79954327710279216, -14.00000000000001599 ) ) ;
#8711 = CARTESIAN_POINT ( 'NONE',  ( -43.80787212014441678, 67.19864738945642557, -46.67554462799144233 ) ) ;
#8712 = B_SPLINE_CURVE_WITH_KNOTS ( 'NONE', 3,
 ( #5951, #7943, #7987, #3947, #5995, #434 ),
 .UNSPECIFIED., .F., .F.,
 ( 4, 2, 4 ),
 ( 0.009524894790028961417, 0.01404405234227062635, 0.01856320989451229128 ),
 .UNSPECIFIED. ) ;
#8713 = DIRECTION ( 'NONE',  ( 0.8660254037844328234, 0.000000000000000000, 0.5000000000000101030 ) ) ;
#8714 = CIRCLE ( 'NONE', #5521, 5.899999999999995914 ) ;
#8715 = CARTESIAN_POINT ( 'NONE',  ( -48.12435565298201112, 0.000000000000000000, -55.35382907247969086 ) ) ;
#8716 = ORIENTED_EDGE ( 'NONE', *, *, #6579, .T. ) ;
#8717 = ORIENTED_EDGE ( 'NONE', *, *, #3312, .T. ) ;
#8718 = CARTESIAN_POINT ( 'NONE',  ( -45.20644746070806264, 66.12567138046422599, 45.31269782916317013 ) ) ;
#8719 = CARTESIAN_POINT ( 'NONE',  ( 50.41764364601637283, 71.16690043325201032, -30.11428377355289498 ) ) ;
#8720 = CARTESIAN_POINT ( 'NONE',  ( 25.33310934557500005, 68.88246064476265929, 54.94817507130557033 ) ) ;
#8721 = CARTESIAN_POINT ( 'NONE',  ( -48.57239804898218694, 57.41926555727933845, -56.12986126629690631 ) ) ;
#8722 = CARTESIAN_POINT ( 'NONE',  ( -65.00000000000000000, 71.37356801940973128, -4.528068177525805815 ) ) ;
#8723 = DIRECTION ( 'NONE',  ( -0.4999999999999980016, -0.000000000000000000, -0.8660254037844398178 ) ) ;
#8724 = CARTESIAN_POINT ( 'NONE',  ( 0.000000000000000000, 0.000000000000000000, 0.000000000000000000 ) ) ;
#8725 = ORIENTED_EDGE ( 'NONE', *, *, #7562, .F. ) ;
#8726 = DIRECTION ( 'NONE',  ( 4.474972159288442682E-17, 1.000000000000000000, 0.000000000000000000 ) ) ;
#8727 = FACE_BOUND ( 'NONE', #8279, .T. ) ;
#8728 = ORIENTED_EDGE ( 'NONE', *, *, #5638, .F. ) ;
#8729 = CARTESIAN_POINT ( 'NONE',  ( -64.14634067069998480, 68.96597822076711282, -8.461219481874762138 ) ) ;
#8730 = ORIENTED_EDGE ( 'NONE', *, *, #929, .T. ) ;
#8731 = ADVANCED_FACE ( 'NONE', ( #4857 ), #3187, .F. ) ;
#8732 = LINE ( 'NONE', #1792, #3277 ) ;
#8733 = ORIENTED_EDGE ( 'NONE', *, *, #8227, .F. ) ;
#8734 = DIRECTION ( 'NONE',  ( 0.000000000000000000, 0.000000000000000000, -1.000000000000000000 ) ) ;
#8735 = ORIENTED_EDGE ( 'NONE', *, *, #4803, .T. ) ;
#8736 = CARTESIAN_POINT ( 'NONE',  ( -34.58601226432320175, 53.49999999999999289, -64.90473047300842779 ) ) ;
#8737 = CARTESIAN_POINT ( 'NONE',  ( 20.31150165734611690, 67.41452947052927414, -63.18055284854229114 ) ) ;
#8738 = CARTESIAN_POINT ( 'NONE',  ( 29.40834082808802563, 78.85201971632071150, -27.49522146350231466 ) ) ;
#8739 = EDGE_CURVE ( 'NONE', #3712, #5013, #3507, .T. ) ;
#8740 = CARTESIAN_POINT ( 'NONE',  ( 46.80903827728170796, 75.64677207154146288, -12.83439942526556798 ) ) ;
#8741 = CARTESIAN_POINT ( 'NONE',  ( 52.23412933271944780, 72.42100361469189806, -23.03096707963032941 ) ) ;
#8742 = EDGE_CURVE ( 'NONE', #5805, #8685, #4319, .T. ) ;
#8743 = ORIENTED_EDGE ( 'NONE', *, *, #6266, .F. ) ;
#8744 = CARTESIAN_POINT ( 'NONE',  ( 50.56585586993584513, 47.95356825462839367, 54.89229879154230929 ) ) ;
#8745 = CARTESIAN_POINT ( 'NONE',  ( -25.15890846663458547, 68.57946923655192961, -58.86835255535537215 ) ) ;
#8746 = ORIENTED_EDGE ( 'NONE', *, *, #7636, .F. ) ;
#8747 = CARTESIAN_POINT ( 'NONE',  ( 44.62435565298167717, 70.33830226810667341, 49.29165124598891623 ) ) ;
#8748 = CARTESIAN_POINT ( 'NONE',  ( -70.32533638679710464, 56.03426478453500437, -16.39281690043556594 ) ) ;
#8749 = VERTEX_POINT ( 'NONE', #4324 ) ;
#8750 = CARTESIAN_POINT ( 'NONE',  ( 1.000536434903387707E-14, 3.000000000000000000, 81.70000000000000284 ) ) ;
#8751 = CARTESIAN_POINT ( 'NONE',  ( 12.12435565298215856, 80.99999999999998579, -6.999999999999972466 ) ) ;
#8752 = EDGE_CURVE ( 'NONE', #8201, #2794, #1138, .T. ) ;
#8753 = CARTESIAN_POINT ( 'NONE',  ( -66.70000000000000284, 60.11331709634244902, 8.168394150312846688E-15 ) ) ;
#8754 = VERTEX_POINT ( 'NONE', #7093 ) ;
#8755 = ORIENTED_EDGE ( 'NONE', *, *, #2923, .T. ) ;
#8756 = CARTESIAN_POINT ( 'NONE',  ( 36.42142207180550884, 71.37356801940973128, -54.02761715722545688 ) ) ;
#8757 = DIRECTION ( 'NONE',  ( -0.4999999999999980016, -0.000000000000000000, -0.8660254037844398178 ) ) ;
#8758 = CARTESIAN_POINT ( 'NONE',  ( 52.73859345258103559, 69.66569124531525858, -27.28014885755687047 ) ) ;
#8759 = CARTESIAN_POINT ( 'NONE',  ( 20.55022232949106353, 68.38058296212537357, 57.68892202141538661 ) ) ;
#8760 = CARTESIAN_POINT ( 'NONE',  ( 46.21647353772045363, 64.29485628078590764, -47.09960167101219497 ) ) ;
#8761 = EDGE_CURVE ( 'NONE', #6445, #6435, #6947, .T. ) ;
#8762 = CARTESIAN_POINT ( 'NONE',  ( 27.27275866404720617, 71.00000000000000000, 66.23780366869540615 ) ) ;
#8763 = CARTESIAN_POINT ( 'NONE',  ( -12.12435565298206086, 80.99999999999998579, -7.000000000000141220 ) ) ;
#8764 = CARTESIAN_POINT ( 'NONE',  ( 36.75107577378386026, 53.49999999999999289, 63.65473047300869780 ) ) ;
#8765 = CARTESIAN_POINT ( 'NONE',  ( 71.86785523261144704, 52.40596060623923336, -16.36484686775793662 ) ) ;
#8766 = FACE_OUTER_BOUND ( 'NONE', #7566, .T. ) ;
#8767 = EDGE_LOOP ( 'NONE', ( #4965, #7697, #4147, #1058, #6669, #7006 ) ) ;
#8768 = CARTESIAN_POINT ( 'NONE',  ( -38.10080802636733210, 53.49999999999999289, -72.27183703032532947 ) ) ;
#8769 = CARTESIAN_POINT ( 'NONE',  ( 31.28834802107987301, 81.62217649848089707, -24.39606004190339306 ) ) ;
#8770 = LINE ( 'NONE', #8652, #497 ) ;
#8771 = ORIENTED_EDGE ( 'NONE', *, *, #5187, .T. ) ;
#8772 = CARTESIAN_POINT ( 'NONE',  ( -45.25124237241456626, 73.27866529735059942, 2.563726738278111793E-14 ) ) ;
#8773 = CIRCLE ( 'NONE', #2108, 66.70000000000000284 ) ;
#8774 = ORIENTED_EDGE ( 'NONE', *, *, #9, .F. ) ;
#8775 = DIRECTION ( 'NONE',  ( 1.000000000000000000, 0.000000000000000000, 0.000000000000000000 ) ) ;
#8776 = CARTESIAN_POINT ( 'NONE',  ( 21.47657362867207809, 65.17850407179143701, -65.19851669735339783 ) ) ;
#8777 = CARTESIAN_POINT ( 'NONE',  ( 52.85689915062636857, 69.72046152577605937, -26.87367521094678580 ) ) ;
#8778 = CARTESIAN_POINT ( 'NONE',  ( 52.25859997505608590, 72.30170309110775406, -23.37074201914607130 ) ) ;
#8779 = ADVANCED_FACE ( 'NONE', ( #6908 ), #411, .F. ) ;
#8780 = CARTESIAN_POINT ( 'NONE',  ( -12.12435565298206086, 45.99999999999999289, -7.000000000000141220 ) ) ;
#8781 = EDGE_CURVE ( 'NONE', #7476, #8862, #6287, .T. ) ;
#8782 = ORIENTED_EDGE ( 'NONE', *, *, #4728, .F. ) ;
#8783 = CARTESIAN_POINT ( 'NONE',  ( -29.93782217350969077, 71.00000000000000000, 65.85382907247922901 ) ) ;
#8784 = ADVANCED_FACE ( 'NONE', ( #7725 ), #8401, .F. ) ;
#8785 = ORIENTED_EDGE ( 'NONE', *, *, #2818, .T. ) ;
#8786 = DIRECTION ( 'NONE',  ( 0.8660254037844319353, 0.000000000000000000, 0.5000000000000116573 ) ) ;
#8787 = CARTESIAN_POINT ( 'NONE',  ( -26.90673326026323053, 71.00000000000000000, -67.60382907247964113 ) ) ;
#8788 = AXIS2_PLACEMENT_3D ( 'NONE', #492, #584, #624 ) ;
#8789 = ORIENTED_EDGE ( 'NONE', *, *, #2453, .F. ) ;
#8790 = CARTESIAN_POINT ( 'NONE',  ( -42.21333654666736379, 50.72862352515699769, 69.94965034171423213 ) ) ;
#8791 = FACE_OUTER_BOUND ( 'NONE', #846, .T. ) ;
#8792 = CIRCLE ( 'NONE', #3284, 2.000000000000002665 ) ;
#8793 = EDGE_CURVE ( 'NONE', #8749, #4601, #5742, .T. ) ;
#8794 = CARTESIAN_POINT ( 'NONE',  ( -64.99999999999994316, 69.72852694534910256, 17.19986744891168229 ) ) ;
#8795 = ORIENTED_EDGE ( 'NONE', *, *, #4638, .F. ) ;
#8796 = EDGE_LOOP ( 'NONE', ( #6348, #2163, #5955, #2943, #8879 ) ) ;
#8797 = CARTESIAN_POINT ( 'NONE',  ( -43.16506350946190196, 53.49999999999999289, 69.76408311032345466 ) ) ;
#8798 = CARTESIAN_POINT ( 'NONE',  ( 42.87537136769922341, 73.83277005144563532, -34.57365478175792362 ) ) ;
#8799 = CARTESIAN_POINT ( 'NONE',  ( -81.69999828121268592, 56.69995439842290352, -0.2099681930906286409 ) ) ;
#8800 = LINE ( 'NONE', #5362, #4222 ) ;
#8801 = ADVANCED_FACE ( 'NONE', ( #7871 ), #3694, .F. ) ;
#8802 = CARTESIAN_POINT ( 'NONE',  ( 31.53718085787501124, 79.50459521388872020, -21.79586433242636190 ) ) ;
#8803 = AXIS2_PLACEMENT_3D ( 'NONE', #5679, #1486, #4350 ) ;
#8804 = CARTESIAN_POINT ( 'NONE',  ( -24.41426094670590530, 69.78956602597118319, 60.67468317432084035 ) ) ;
#8805 = CARTESIAN_POINT ( 'NONE',  ( 24.19649263674254058, 57.89293898239949243, 69.90955461180566033 ) ) ;
#8806 = FACE_OUTER_BOUND ( 'NONE', #7159, .T. ) ;
#8807 = DIRECTION ( 'NONE',  ( 0.000000000000000000, 0.000000000000000000, 1.000000000000000000 ) ) ;
#8808 = CYLINDRICAL_SURFACE ( 'NONE', #5328, 81.70000000000000284 ) ;
#8809 = EDGE_CURVE ( 'NONE', #3988, #751, #5943, .T. ) ;
#8810 = CARTESIAN_POINT ( 'NONE',  ( -38.37740672823554888, 52.09236640194967549, -72.12538169963765711 ) ) ;
#8811 = CARTESIAN_POINT ( 'NONE',  ( 42.20900288333281480, 67.94710706912806586, -45.16629258299096250 ) ) ;
#8812 = CARTESIAN_POINT ( 'NONE',  ( -72.32922377359082589, 65.71575228053565354, -144.6584475471816233 ) ) ;
#8813 = ORIENTED_EDGE ( 'NONE', *, *, #2282, .F. ) ;
#8814 = B_SPLINE_CURVE_WITH_KNOTS ( 'NONE', 3,
 ( #8701, #5896, #8056, #5131 ),
 .UNSPECIFIED., .F., .F.,
 ( 4, 4 ),
 ( 0.02354415749652201753, 0.02807886266299668143 ),
 .UNSPECIFIED. ) ;
#8815 = CARTESIAN_POINT ( 'NONE',  ( 60.22074172699917938, 67.97720696297915310, 13.78782687339720603 ) ) ;
#8816 = ORIENTED_EDGE ( 'NONE', *, *, #264, .T. ) ;
#8817 = CARTESIAN_POINT ( 'NONE',  ( 24.45355004976048008, 69.64327861410839660, 60.56679418827256001 ) ) ;
#8818 = CARTESIAN_POINT ( 'NONE',  ( -81.70000644424115421, 50.29982902616993812, -0.2041578870235521981 ) ) ;
#8819 = CARTESIAN_POINT ( 'NONE',  ( 35.61413471153369414, 75.09454769564219134, -34.73398720239502779 ) ) ;
#8820 = FACE_OUTER_BOUND ( 'NONE', #1077, .T. ) ;
#8821 = CARTESIAN_POINT ( 'NONE',  ( 44.39539769316103701, 67.42165079097325986, 43.88189024572440644 ) ) ;
#8822 = VERTEX_POINT ( 'NONE', #5150 ) ;
#8823 = B_SPLINE_CURVE_WITH_KNOTS ( 'NONE', 3,
 ( #8311, #5008, #7768, #2288 ),
 .UNSPECIFIED., .F., .F.,
 ( 4, 4 ),
 ( 0.008610815975175984197, 0.008985602743808124987 ),
 .UNSPECIFIED. ) ;
#8824 = CARTESIAN_POINT ( 'NONE',  ( -64.99999999999998579, 70.12951399001688912, -13.99999999999999645 ) ) ;
#8825 = CARTESIAN_POINT ( 'NONE',  ( -43.53884283324665461, 53.49999999999999289, -69.13218617071102301 ) ) ;
#8826 = AXIS2_PLACEMENT_3D ( 'NONE', #7178, #6468, #3832 ) ;
#8827 = ORIENTED_EDGE ( 'NONE', *, *, #1034, .T. ) ;
#8828 = DIRECTION ( 'NONE',  ( 0.000000000000000000, -1.000000000000000000, -0.000000000000000000 ) ) ;
#8829 = AXIS2_PLACEMENT_3D ( 'NONE', #6745, #1226, #6020 ) ;
#8830 = CARTESIAN_POINT ( 'NONE',  ( 39.02856645605549346, 51.10122057802496442, 71.77521652314143807 ) ) ;
#8831 = CONICAL_SURFACE ( 'NONE', #1597, 2.499999999999999112, 1.029744258676653867 ) ;
#8832 = VERTEX_POINT ( 'NONE', #8549 ) ;
#8833 = CARTESIAN_POINT ( 'NONE',  ( -38.66014679866934500, 51.56193737487708262, 71.97427103650110780 ) ) ;
#8834 = DIRECTION ( 'NONE',  ( -1.776356839400250465E-15, 0.000000000000000000, 1.000000000000000000 ) ) ;
#8835 = CIRCLE ( 'NONE', #6964, 3.500000000000003997 ) ;
#8836 = VECTOR ( 'NONE', #4263, 1000.000000000000000 ) ;
#8837 = DIRECTION ( 'NONE',  ( -0.8660254037844399289, 0.000000000000000000, 0.4999999999999976685 ) ) ;
#8838 = B_SPLINE_CURVE_WITH_KNOTS ( 'NONE', 3,
 ( #2164, #7067, #832, #4933, #3620, #4832, #6403, #7595, #7837, #1670, #4433, #3124, #6533, #1099, #1796, #6661, #5258, #925, #3165, #8616, #3713, #5892, #5935, #417, #7890, #3034, #977, #5763, #8015, #7929, #5209, #3888, #292, #4523, #7160, #8696, #2401, #5806, #8526, #7328, #3082, #5850, #7199, #373, #4563, #3753, #8570, #5166, #6582, #1714, #2308 ),
 .UNSPECIFIED., .F., .F.,
 ( 4, 2, 2, 2, 2, 2, 2, 2, 2, 2, 2, 2, 2, 2, 2, 2, 2, 2, 1, 2, 2, 2, 2, 2, 2, 4 ),
 ( 0.04103622931584437195, 0.04230854430921432430, 0.04358085930258427665, 0.04612548928932417441, 0.04867011927606406524, 0.04994243426943402453, 0.05121474926280397688, 0.05375937924954388158, 0.05503169424291382700, 0.05630400923628378629, 0.05884863922302368405, 0.06012095421639364334, 0.06139326920976360957, 0.06393789919650354203, 0.06521021418987350826, 0.06648252918324347449, 0.06902715916998340695, 0.07029947416335337318, 0.07157178915672332553, 0.07284410415009329176, 0.07411641914346325799, 0.07666104913020319045, 0.07793336412357317056, 0.07920567911694315066, 0.08047799411031311689, 0.08175030910368308312 ),
 .UNSPECIFIED. ) ;
#8839 = ORIENTED_EDGE ( 'NONE', *, *, #2103, .F. ) ;
#8840 = ORIENTED_EDGE ( 'NONE', *, *, #531, .F. ) ;
#8841 = CARTESIAN_POINT ( 'NONE',  ( 43.82405691833645278, 67.36036041969005339, -47.28257284198664934 ) ) ;
#8842 = CARTESIAN_POINT ( 'NONE',  ( 28.59891842534112882, 71.12363490468463567, 58.53477975420957335 ) ) ;
#8843 = CARTESIAN_POINT ( 'NONE',  ( 25.07097033628352989, 54.10447137732717238, -71.42419441749454734 ) ) ;
#8844 = VECTOR ( 'NONE', #3392, 1000.000000000000114 ) ;
#8845 = CARTESIAN_POINT ( 'NONE',  ( 73.60789134615161800, 55.96238029589260776, 14.00000000000000533 ) ) ;
#8846 = AXIS2_PLACEMENT_3D ( 'NONE', #6580, #7968, #1753 ) ;
#8847 = CIRCLE ( 'NONE', #5967, 81.70000000000000284 ) ;
#8848 = CARTESIAN_POINT ( 'NONE',  ( -66.70000000000000284, 60.11331709634244902, 8.168394150312846688E-15 ) ) ;
#8849 = ADVANCED_FACE ( 'NONE', ( #7912 ), #355, .F. ) ;
#8850 = EDGE_CURVE ( 'NONE', #5714, #6364, #2012, .T. ) ;
#8851 = CARTESIAN_POINT ( 'NONE',  ( 65.00000000000000000, 71.49162586044771217, -1.514845084316846835 ) ) ;
#8852 = B_SPLINE_CURVE_WITH_KNOTS ( 'NONE', 3,
 ( #8019, #338, #7331, #7843, #5855, #8576, #5130, #7895, #1763, #1631, #1675, #4439, #7934, #7292, #1102, #6664, #3087, #1063, #1719, #2448, #7205, #2996, #4392, #930, #5939, #8620, #3717, #983, #6495, #3851, #3759, #7245, #1026, #6540, #3812, #3128, #8700, #8910 ),
 .UNSPECIFIED., .F., .F.,
 ( 4, 2, 2, 2, 2, 2, 2, 2, 2, 2, 2, 2, 2, 2, 2, 2, 2, 2, 4 ),
 ( 0.01964245723598382481, 0.02088074727992631288, 0.02211903732386879748, 0.02335732736781128555, 0.02459561741175377361, 0.02521476243372502979, 0.02583390745569628943, 0.02707219749963878444, 0.02769134252161002674, 0.02831048754358126557, 0.02954877758752375017, 0.03078706763146622782, 0.03202535767540871242, 0.03326364771935119702, 0.03450193776329367468, 0.03574022780723615927, 0.03697851785117864387, 0.03821680789512112153, 0.03945509793906360613 ),
 .UNSPECIFIED. ) ;
#8853 = VECTOR ( 'NONE', #4530, 1000.000000000000000 ) ;
#8854 = EDGE_CURVE ( 'NONE', #4682, #1166, #8504, .T. ) ;
#8855 = VECTOR ( 'NONE', #8307, 1000.000000000000000 ) ;
#8856 = CARTESIAN_POINT ( 'NONE',  ( -38.18785501140858685, 54.32098885482164974, -72.22589055685517678 ) ) ;
#8857 = DIRECTION ( 'NONE',  ( 0.8660254037844326014, 0.000000000000000000, 0.5000000000000104361 ) ) ;
#8858 = CARTESIAN_POINT ( 'NONE',  ( 22.81299171753025234, 48.06694853713055693, -71.08141333400487838 ) ) ;
#8859 = LINE ( 'NONE', #3241, #4865 ) ;
#8860 = AXIS2_PLACEMENT_3D ( 'NONE', #8610, #7284, #6655 ) ;
#8861 = CARTESIAN_POINT ( 'NONE',  ( -64.75202250813505600, 69.78750414715344164, -9.192864246622372448 ) ) ;
#8862 = VERTEX_POINT ( 'NONE', #4368 ) ;
#8863 = ADVANCED_FACE ( 'NONE', ( #3149 ), #4504, .F. ) ;
#8864 = ORIENTED_EDGE ( 'NONE', *, *, #8677, .T. ) ;
#8865 = DIRECTION ( 'NONE',  ( 0.000000000000000000, 0.000000000000000000, 1.000000000000000000 ) ) ;
#8866 = EDGE_LOOP ( 'NONE', ( #5994, #3601, #8655, #2888 ) ) ;
#8867 = CARTESIAN_POINT ( 'NONE',  ( 28.57999681585092944, 70.82246614917511351, 58.50200656521203513 ) ) ;
#8868 = CARTESIAN_POINT ( 'NONE',  ( -81.68816170287331602, 50.63002188090851519, 1.403831725557486365 ) ) ;
#8869 = CARTESIAN_POINT ( 'NONE',  ( 34.26608705586978942, 75.77459152286276378, -33.97864130158326645 ) ) ;
#8870 = CARTESIAN_POINT ( 'NONE',  ( 52.39485120077869595, 71.98178771786086827, -18.95480878389946966 ) ) ;
#8871 = CARTESIAN_POINT ( 'NONE',  ( 23.25721585007474701, 56.26540278044216592, 68.28267949493960032 ) ) ;
#8872 = VERTEX_POINT ( 'NONE', #321 ) ;
#8873 = CARTESIAN_POINT ( 'NONE',  ( -50.35796847768089179, 50.54137333704083090, -54.51383548919473299 ) ) ;
#8874 = CARTESIAN_POINT ( 'NONE',  ( -23.44211514412379316, 47.53496170213737315, 71.10942643231373950 ) ) ;
#8875 = ORIENTED_EDGE ( 'NONE', *, *, #3967, .T. ) ;
#8876 = FACE_OUTER_BOUND ( 'NONE', #5765, .T. ) ;
#8877 = DIRECTION ( 'NONE',  ( 0.000000000000000000, 0.000000000000000000, 1.000000000000000000 ) ) ;
#8878 = CARTESIAN_POINT ( 'NONE',  ( 41.56247495145478155, 50.40516750689709369, 70.33841378691667501 ) ) ;
#8879 = ORIENTED_EDGE ( 'NONE', *, *, #2985, .F. ) ;
#8880 = CARTESIAN_POINT ( 'NONE',  ( -29.93782217350877417, 71.00000000000000000, -65.85382907247965534 ) ) ;
#8881 = DIRECTION ( 'NONE',  ( -0.000000000000000000, 0.000000000000000000, 1.000000000000000000 ) ) ;
#8882 = CARTESIAN_POINT ( 'NONE',  ( 64.33862126525724534, 69.44361272362557713, 5.020261057769822344 ) ) ;
#8883 = CARTESIAN_POINT ( 'NONE',  ( -24.39818602573622996, 46.80642804332594409, -71.40021809402546182 ) ) ;
#8884 = CARTESIAN_POINT ( 'NONE',  ( -19.90035552566494204, 68.11553659766627788, -62.46842685913602367 ) ) ;
#8885 = ORIENTED_EDGE ( 'NONE', *, *, #1945, .T. ) ;
#8886 = ORIENTED_EDGE ( 'NONE', *, *, #4471, .F. ) ;
#8887 = CARTESIAN_POINT ( 'NONE',  ( -2.693117830258380211E-16, 85.56084588387216172, 0.000000000000000000 ) ) ;
#8888 = CARTESIAN_POINT ( 'NONE',  ( -73.60789134615158957, 55.96238029589262197, -13.99999999999998757 ) ) ;
#8889 = CARTESIAN_POINT ( 'NONE',  ( 19.28323741483661635, 69.15083099222114527, -61.39954693690948773 ) ) ;
#8890 = CARTESIAN_POINT ( 'NONE',  ( 36.45433363036012508, 69.69405292433600607, -53.45521082949961311 ) ) ;
#8891 = LINE ( 'NONE', #7525, #7042 ) ;
#8892 = CARTESIAN_POINT ( 'NONE',  ( -24.54747839860786129, 48.00576291640110327, -70.51747978412355167 ) ) ;
#8893 = FACE_OUTER_BOUND ( 'NONE', #3533, .T. ) ;
#8894 = EDGE_CURVE ( 'NONE', #6711, #1322, #2498, .T. ) ;
#8895 = DIRECTION ( 'NONE',  ( 1.000000000000000000, -0.000000000000000000, 0.000000000000000000 ) ) ;
#8896 = CARTESIAN_POINT ( 'NONE',  ( 40.59689719644966033, 70.26377626125636766, 51.52454672500820010 ) ) ;
#8897 = DIRECTION ( 'NONE',  ( 0.000000000000000000, 0.000000000000000000, 1.000000000000000000 ) ) ;
#8898 = CARTESIAN_POINT ( 'NONE',  ( -42.64316940596000904, 51.09927514089383038, -69.68838595364535138 ) ) ;
#8899 = VERTEX_POINT ( 'NONE', #1993 ) ;
#8900 = CARTESIAN_POINT ( 'NONE',  ( 18.00367913337626291, 67.94542186846632603, -59.14117188889647281 ) ) ;
#8901 = FACE_OUTER_BOUND ( 'NONE', #6753, .T. ) ;
#8902 = CARTESIAN_POINT ( 'NONE',  ( 50.03658622505619036, 47.05105508796383162, 58.66590957909977533 ) ) ;
#8903 = ORIENTED_EDGE ( 'NONE', *, *, #7740, .T. ) ;
#8904 = LINE ( 'NONE', #8272, #863 ) ;
#8905 = VERTEX_POINT ( 'NONE', #447 ) ;
#8906 = CARTESIAN_POINT ( 'NONE',  ( 27.82163702296967500, 69.44361272362559134, 58.22901098906362449 ) ) ;
#8907 = CARTESIAN_POINT ( 'NONE',  ( 31.76622089375418057, 80.76210314298838000, -27.28319797636457977 ) ) ;
#8908 = CARTESIAN_POINT ( 'NONE',  ( 50.32542917053102371, 69.61123806769739986, -31.66002243126907345 ) ) ;
#8909 = ADVANCED_FACE ( 'NONE', ( #6816 ), #8079, .F. ) ;
#8910 = CARTESIAN_POINT ( 'NONE',  ( 41.78572573259914691, 67.81936671805857486, -18.22500000000005471 ) ) ;
#8911 = CARTESIAN_POINT ( 'NONE',  ( 43.80787212014411125, 67.19864738945642557, 46.67554462799174786 ) ) ;
#8912 = VERTEX_POINT ( 'NONE', #8208 ) ;
#8913 = CARTESIAN_POINT ( 'NONE',  ( -63.56535856158958353, 68.58148004594083602, 7.653270966301074729 ) ) ;
#8914 = CARTESIAN_POINT ( 'NONE',  ( -44.39539769316134965, 67.42165079097325986, -43.88189024572409380 ) ) ;
#8915 = ORIENTED_EDGE ( 'NONE', *, *, #3404, .F. ) ;
#8916 = CARTESIAN_POINT ( 'NONE',  ( -60.23516308986387457, 68.38002314025985129, -11.05123572594847303 ) ) ;
#8917 = EDGE_LOOP ( 'NONE', ( #4020, #7495 ) ) ;
#8918 = CARTESIAN_POINT ( 'NONE',  ( -21.47756107892628918, 65.17649743225113923, -65.20022701136441867 ) ) ;
#8919 = LINE ( 'NONE', #8787, #4627 ) ;
#8920 = B_SPLINE_CURVE_WITH_KNOTS ( 'NONE', 3,
 ( #1939, #3355, #3399, #8978, #6180, #8346, #8300, #7609, #8932, #1347, #8888, #2636, #3497, #526, #3309, #5494, #7568, #2721 ),
 .UNSPECIFIED., .F., .F.,
 ( 4, 2, 2, 2, 2, 2, 2, 2, 4 ),
 ( -0.001263708229997874367, 0.001977653895833455383, 0.005219016021664785350, 0.01170174027332744615, 0.01332242133624309335, 0.01494310239915873709, 0.01818446452499000721, 0.02142582665082128426, 0.02466718877665255438 ),
 .UNSPECIFIED. ) ;
#8921 = EDGE_LOOP ( 'NONE', ( #4104, #1576, #2065, #4926 ) ) ;
#8922 = CIRCLE ( 'NONE', #7047, 74.53166453491230925 ) ;
#8923 = DIRECTION ( 'NONE',  ( 0.8660254037844431485, 0.000000000000000000, -0.4999999999999922839 ) ) ;
#8924 = DIRECTION ( 'NONE',  ( 0.4999999999999919509, -0.000000000000000000, 0.8660254037844432595 ) ) ;
#8925 = CARTESIAN_POINT ( 'NONE',  ( -34.58601226432320885, 53.49999999999999289, -64.90473047300842779 ) ) ;
#8926 = CARTESIAN_POINT ( 'NONE',  ( 63.40008566577254356, 68.51639824282604252, 7.328492395007487836 ) ) ;
#8927 = CARTESIAN_POINT ( 'NONE',  ( -65.00000000000000000, 71.34451325395471599, 5.832435988992608955 ) ) ;
#8928 = LINE ( 'NONE', #3876, #7470 ) ;
#8929 = ORIENTED_EDGE ( 'NONE', *, *, #6525, .T. ) ;
#8930 = ORIENTED_EDGE ( 'NONE', *, *, #7665, .T. ) ;
#8931 = CARTESIAN_POINT ( 'NONE',  ( 43.91044744688745993, 67.61734521269769971, -47.84946906423973445 ) ) ;
#8932 = CARTESIAN_POINT ( 'NONE',  ( -72.89830528885710237, 57.41502476473658589, -14.00000000000001243 ) ) ;
#8933 = CARTESIAN_POINT ( 'NONE',  ( 21.38367872238175593, 61.76078178281755271, -65.03761799971330504 ) ) ;
#8934 = DIRECTION ( 'NONE',  ( 1.000000000000000000, -0.000000000000000000, 0.000000000000000000 ) ) ;
#8935 =( BOUNDED_SURFACE ( )  B_SPLINE_SURFACE ( 3, 3, ( 
 ( #8694, #2492, #4643, #460 ),
 ( #8772, #8050, #6784, #1834 ),
 ( #1143, #5296, #3286, #5932 ),
 ( #3931, #7326, #4521, #2654 ) ),
 .UNSPECIFIED., .F., .F., .F. ) 
 B_SPLINE_SURFACE_WITH_KNOTS ( ( 4, 4 ),
 ( 4, 4 ),
 ( 0.000000000000000000, 1.000000000000000000 ),
 ( 0.000000000000000000, 1.000000000000000000 ),
 .UNSPECIFIED. ) 
 GEOMETRIC_REPRESENTATION_ITEM ( )  RATIONAL_B_SPLINE_SURFACE ( (
 ( 1.000000000000000000, 0.3333333333333332038, 0.3333333333333332038, 1.000000000000000000),
 ( 0.8462028577663227580, 0.2820676192554408268, 0.2820676192554408268, 0.8462028577663227580),
 ( 0.8462028577663227580, 0.2820676192554408268, 0.2820676192554408268, 0.8462028577663227580),
 ( 1.000000000000000000, 0.3333333333333332038, 0.3333333333333332038, 1.000000000000000000) ) ) 
 REPRESENTATION_ITEM ( '' )  SURFACE ( )  );
#8936 = CARTESIAN_POINT ( 'NONE',  ( -73.89637996664806963, 46.92052225583239533, 14.67361504253260840 ) ) ;
#8937 = VECTOR ( 'NONE', #5120, 1000.000000000000000 ) ;
#8938 = DIRECTION ( 'NONE',  ( 0.000000000000000000, 0.000000000000000000, 1.000000000000000000 ) ) ;
#8939 = CYLINDRICAL_SURFACE ( 'NONE', #3792, 2.499999999999998668 ) ;
#8940 = CARTESIAN_POINT ( 'NONE',  ( 36.70020416242790162, 69.02349889316261056, 52.64289114699437988 ) ) ;
#8941 = CARTESIAN_POINT ( 'NONE',  ( 20.37564434701726768, 80.99999999999998579, 63.29165124598868886 ) ) ;
#8942 = CARTESIAN_POINT ( 'NONE',  ( -64.91532626290027963, 70.64416282352651422, -4.519460358995921467 ) ) ;
#8943 = CARTESIAN_POINT ( 'NONE',  ( 44.95607078066765894, 70.32824487244009504, -49.10013542772493622 ) ) ;
#8944 = CARTESIAN_POINT ( 'NONE',  ( -74.53166453491229504, 48.61675045524524563, 9.127496440780463442E-15 ) ) ;
#8945 = CARTESIAN_POINT ( 'NONE',  ( 48.17954716720615949, 53.27527253398035612, 55.44942357926397847 ) ) ;
#8946 = VERTEX_POINT ( 'NONE', #8762 ) ;
#8947 = DIRECTION ( 'NONE',  ( -0.000000000000000000, -1.000000000000000000, 0.000000000000000000 ) ) ;
#8948 = ORIENTED_EDGE ( 'NONE', *, *, #4251, .F. ) ;
#8949 = CARTESIAN_POINT ( 'NONE',  ( 0.000000000000000000, 48.61675045524525984, -74.53166453491230925 ) ) ;
#8950 = DIRECTION ( 'NONE',  ( -0.8660254037844387076, 0.000000000000000000, 0.4999999999999997224 ) ) ;
#8951 = DIRECTION ( 'NONE',  ( 4.474972159288442682E-17, 1.000000000000000000, 0.000000000000000000 ) ) ;
#8952 = CARTESIAN_POINT ( 'NONE',  ( 42.77127371989185178, 77.40204834613723506, -11.54476841887182736 ) ) ;
#8953 = CARTESIAN_POINT ( 'NONE',  ( 44.39539769316103701, 67.42165079097325986, 43.88189024572440644 ) ) ;
#8954 = EDGE_CURVE ( 'NONE', #3164, #3004, #77, .T. ) ;
#8955 = EDGE_LOOP ( 'NONE', ( #1366, #1667, #2664, #6241 ) ) ;
#8956 = CARTESIAN_POINT ( 'NONE',  ( -63.85333836583857448, 68.74074753328163467, 8.080975062050955060 ) ) ;
#8957 = AXIS2_PLACEMENT_3D ( 'NONE', #867, #6431, #5110 ) ;
#8958 = CARTESIAN_POINT ( 'NONE',  ( 21.59518716393171545, 53.31457523385764574, 70.14615027831915484 ) ) ;
#8959 = ADVANCED_FACE ( 'NONE', ( #8038 ), #6384, .F. ) ;
#8960 = ORIENTED_EDGE ( 'NONE', *, *, #5275, .T. ) ;
#8961 = CARTESIAN_POINT ( 'NONE',  ( 60.24923405911530239, 68.77445268785311328, 7.019518324682500143 ) ) ;
#8962 = EDGE_LOOP ( 'NONE', ( #4061, #7994, #689, #7553, #5307, #8965, #5357, #1464, #506, #453 ) ) ;
#8963 = LINE ( 'NONE', #8100, #5238 ) ;
#8964 = CYLINDRICAL_SURFACE ( 'NONE', #1736, 2.500000000000002220 ) ;
#8965 = ORIENTED_EDGE ( 'NONE', *, *, #2582, .T. ) ;
#8966 = CIRCLE ( 'NONE', #7532, 2.500000000000005773 ) ;
#8967 = CARTESIAN_POINT ( 'NONE',  ( -39.46746245964195055, 50.73142159451082023, 71.53487624346946916 ) ) ;
#8968 = DIRECTION ( 'NONE',  ( -0.000000000000000000, -1.000000000000000000, -0.000000000000000000 ) ) ;
#8969 = AXIS2_PLACEMENT_3D ( 'NONE', #1175, #3912, #3237 ) ;
#8970 = CARTESIAN_POINT ( 'NONE',  ( 63.65091891385693401, 68.78243406335054999, 5.834953381371867920 ) ) ;
#8971 = CARTESIAN_POINT ( 'NONE',  ( -8.196361130604803409E-15, -0.001999999999988122390, 0.000000000000000000 ) ) ;
#8972 = CARTESIAN_POINT ( 'NONE',  ( 23.87564434701720728, 80.99999999999998579, 69.35382907247979745 ) ) ;
#8973 = CIRCLE ( 'NONE', #5505, 66.70000000000000284 ) ;
#8974 = ORIENTED_EDGE ( 'NONE', *, *, #1696, .T. ) ;
#8975 = ORIENTED_EDGE ( 'NONE', *, *, #6609, .F. ) ;
#8977 = CARTESIAN_POINT ( 'NONE',  ( 32.96891108675476545, 71.00000000000000000, -64.10382907247944217 ) ) ;
#8976 = AXIS2_PLACEMENT_3D ( 'NONE', #5093, #2964, #5737 ) ;
#8978 = CARTESIAN_POINT ( 'NONE',  ( -67.20383346381713352, 65.17649743225115344, -14.00000000000000888 ) ) ;
#8979 = CARTESIAN_POINT ( 'NONE',  ( 17.28371873181368912, 65.00834819740657622, -62.90061292104881829 ) ) ;
#8980 = CARTESIAN_POINT ( 'NONE',  ( 63.73414311905520435, 67.84252944039393185, -14.02174270511629395 ) ) ;
#8981 = CARTESIAN_POINT ( 'NONE',  ( -44.39539769316134965, 67.42165079097325986, -43.88189024572409380 ) ) ;
#8982 = FACE_OUTER_BOUND ( 'NONE', #612, .T. ) ;
#8983 = CONICAL_SURFACE ( 'NONE', #4139, 3.500000000000005773, 0.7853981633974482790 ) ;
#8984 = CIRCLE ( 'NONE', #1289, 19.96340200533989417 ) ;
#8985 = CARTESIAN_POINT ( 'NONE',  ( -38.24020018787088304, 54.52223815635978355, -72.19822118922533605 ) ) ;
#8986 = AXIS2_PLACEMENT_3D ( 'NONE', #8509, #3795, #4465 ) ;
#8987 = CIRCLE ( 'NONE', #149, 81.70000000000000284 ) ;
#8988 = CARTESIAN_POINT ( 'NONE',  ( 45.09326673973688315, 71.00000000000000000, -57.10382907247937823 ) ) ;
#8989 = CARTESIAN_POINT ( 'NONE',  ( 40.22764268673507360, 69.64573361806574781, 51.46115088983618335 ) ) ;
#8990 = DIRECTION ( 'NONE',  ( -0.8660254037844398178, 0.000000000000000000, 0.4999999999999978906 ) ) ;
#8991 = DIRECTION ( 'NONE',  ( -0.000000000000000000, 1.000000000000000000, -0.000000000000000000 ) ) ;
#8992 = AXIS2_PLACEMENT_3D ( 'NONE', #5168, #7931, #3084 ) ;
#8993 = ORIENTED_EDGE ( 'NONE', *, *, #6147, .T. ) ;
#8994 = DIRECTION ( 'NONE',  ( 0.000000000000000000, 0.000000000000000000, -1.000000000000000000 ) ) ;
#8995 = CARTESIAN_POINT ( 'NONE',  ( 19.82382643275449041, 67.97021311775698393, -62.33587458195707143 ) ) ;
#8996 = CARTESIAN_POINT ( 'NONE',  ( 47.97821099300637115, 54.28634147768752882, 55.10069909614786354 ) ) ;
#8997 = ORIENTED_EDGE ( 'NONE', *, *, #1957, .F. ) ;
#8998 = EDGE_LOOP ( 'NONE', ( #6657, #6970, #4107, #920 ) ) ;
#8999 = CARTESIAN_POINT ( 'NONE',  ( 64.98370660654882158, 70.60829653923211424, -9.475446014469644851 ) ) ;
#9000 = ORIENTED_EDGE ( 'NONE', *, *, #7507, .T. ) ;
#9001 = DIRECTION ( 'NONE',  ( 0.4999999999999919509, -0.000000000000000000, 0.8660254037844432595 ) ) ;
#9002 = CARTESIAN_POINT ( 'NONE',  ( 43.98228536255541599, 73.31477017110692884, -34.39788662576449241 ) ) ;
#9003 = CARTESIAN_POINT ( 'NONE',  ( 20.37564434701814875, 0.000000000000000000, -63.29165124598841174 ) ) ;
#9004 = CARTESIAN_POINT ( 'NONE',  ( 44.82547269858361716, 78.48529479507801909, -14.05265061095124501 ) ) ;
#9005 = EDGE_CURVE ( 'NONE', #8905, #3293, #1943, .T. ) ;
ENDSEC;
END-ISO-10303-21;
