ISO-10303-21;
HEADER;
FILE_DESCRIPTION (( 'STEP AP214' ),
    '1' );
FILE_NAME ('23T zawor 400bar.STEP',
    '2026-06-18T21:40:13',
    ( '' ),
    ( '' ),
    'SwSTEP 2.0',
    'SolidWorks 2024',
    '' );
FILE_SCHEMA (( 'AUTOMOTIVE_DESIGN' ));
ENDSEC;

DATA;
#1 = ORIENTED_EDGE ( 'NONE', *, *, #2722, .F. ) ;
#2 = CYLINDRICAL_SURFACE ( 'NONE', #560, 5.750000000000000000 ) ;
#3 = FACE_OUTER_BOUND ( 'NONE', #3659, .T. ) ;
#4 = ORIENTED_EDGE ( 'NONE', *, *, #2935, .F. ) ;
#5 = EDGE_CURVE ( 'NONE', #18, #2184, #725, .T. ) ;
#6 = DIRECTION ( 'NONE',  ( 0.000000000000000000, 0.000000000000000000, -1.000000000000000000 ) ) ;
#7 = EDGE_CURVE ( 'NONE', #636, #2977, #911, .T. ) ;
#8 = LINE ( 'NONE', #1266, #1362 ) ;
#9 = AXIS2_PLACEMENT_3D ( 'NONE', #3753, #3127, #1562 ) ;
#10 = CARTESIAN_POINT ( 'NONE',  ( 10.00000000000000000, 0.000000000000000000, 0.000000000000000000 ) ) ;
#11 = EDGE_CURVE ( 'NONE', #1583, #3096, #1805, .T. ) ;
#12 = DIRECTION ( 'NONE',  ( 0.000000000000000000, 0.000000000000000000, 1.000000000000000000 ) ) ;
#13 = CIRCLE ( 'NONE', #2052, 5.750000000000000000 ) ;
#14 = ORIENTED_EDGE ( 'NONE', *, *, #3338, .T. ) ;
#15 =( LENGTH_UNIT ( ) NAMED_UNIT ( * ) SI_UNIT ( .MILLI., .METRE. ) );
#16 = ORIENTED_EDGE ( 'NONE', *, *, #2852, .F. ) ;
#17 = DIRECTION ( 'NONE',  ( 1.000000000000000000, 0.000000000000000000, 0.000000000000000000 ) ) ;
#18 = VERTEX_POINT ( 'NONE', #3715 ) ;
#19 = ORIENTED_EDGE ( 'NONE', *, *, #3900, .T. ) ;
#20 = CARTESIAN_POINT ( 'NONE',  ( 10.00000000000000000, -7.874147165256660585, -10.10605455506154016 ) ) ;
#21 = DIRECTION ( 'NONE',  ( -1.000000000000000000, -0.000000000000000000, -0.000000000000000000 ) ) ;
#22 = CYLINDRICAL_SURFACE ( 'NONE', #2200, 5.750000000000000000 ) ;
#23 = ORIENTED_EDGE ( 'NONE', *, *, #3322, .T. ) ;
#24 = CARTESIAN_POINT ( 'NONE',  ( 3.000000000000000000, -7.000000000000000000, 4.888073874380386697E-14 ) ) ;
#25 = CARTESIAN_POINT ( 'NONE',  ( 10.00000000000000000, 0.000000000000000000, 0.000000000000000000 ) ) ;
#26 = DIRECTION ( 'NONE',  ( -1.000000000000000000, 0.000000000000000000, 0.000000000000000000 ) ) ;
#27 = DIRECTION ( 'NONE',  ( 0.000000000000000000, 0.000000000000000000, -1.000000000000000000 ) ) ;
#28 = DIRECTION ( 'NONE',  ( -1.000000000000000000, 0.000000000000000000, 0.000000000000000000 ) ) ;
#29 = ORIENTED_EDGE ( 'NONE', *, *, #3289, .T. ) ;
#30 = AXIS2_PLACEMENT_3D ( 'NONE', #2019, #3030, #3899 ) ;
#31 = CARTESIAN_POINT ( 'NONE',  ( 0.000000000000000000, -1.752075746886789798, 13.39397231526523946 ) ) ;
#32 = DIRECTION ( 'NONE',  ( -1.000000000000000000, 0.000000000000000000, 0.000000000000000000 ) ) ;
#33 = ORIENTED_EDGE ( 'NONE', *, *, #1224, .F. ) ;
#34 = CARTESIAN_POINT ( 'NONE',  ( 0.000000000000000000, 7.000000000000000000, 0.000000000000000000 ) ) ;
#35 = CIRCLE ( 'NONE', #1092, 12.81150000000000411 ) ;
#36 = ORIENTED_EDGE ( 'NONE', *, *, #1221, .F. ) ;
#37 = ADVANCED_FACE ( 'NONE', ( #885 ), #582, .T. ) ;
#38 = EDGE_LOOP ( 'NONE', ( #2974, #3196, #1763, #3339 ) ) ;
#39 = AXIS2_PLACEMENT_3D ( 'NONE', #31, #2211, #3482 ) ;
#40 = CARTESIAN_POINT ( 'NONE',  ( 10.00000000000000000, 11.95285973547135860, -6.292647133684549310 ) ) ;
#41 = CARTESIAN_POINT ( 'NONE',  ( 10.00000000000000000, -15.13506446477570044, -3.882067573739954813 ) ) ;
#42 = CARTESIAN_POINT ( 'NONE',  ( 10.00000000000000000, -7.493331224602709284, 13.71096685716926089 ) ) ;
#43 = EDGE_CURVE ( 'NONE', #569, #3249, #1952, .T. ) ;
#44 = VERTEX_POINT ( 'NONE', #41 ) ;
#45 = VECTOR ( 'NONE', #2244, 1000.000000000000000 ) ;
#46 = DIRECTION ( 'NONE',  ( 0.000000000000000000, 0.9422609221188191775, 0.3348796121709901596 ) ) ;
#47 = CIRCLE ( 'NONE', #3866, 15.62500000000000000 ) ;
#48 = DIRECTION ( 'NONE',  ( 0.000000000000000000, 0.000000000000000000, 1.000000000000000000 ) ) ;
#49 = VECTOR ( 'NONE', #3974, 1000.000000000000000 ) ;
#50 = DIRECTION ( 'NONE',  ( 0.000000000000000000, 0.1361666490962399334, 0.9906859460363316439 ) ) ;
#51 = DIRECTION ( 'NONE',  ( -1.000000000000000000, 0.000000000000000000, 0.000000000000000000 ) ) ;
#52 = CIRCLE ( 'NONE', #1497, 15.62500000000000000 ) ;
#53 = ORIENTED_EDGE ( 'NONE', *, *, #1467, .F. ) ;
#54 = CARTESIAN_POINT ( 'NONE',  ( 0.000000000000000000, -7.493331224602529872, -13.71096685716936214 ) ) ;
#55 = FACE_OUTER_BOUND ( 'NONE', #1824, .T. ) ;
#56 = AXIS2_PLACEMENT_3D ( 'NONE', #740, #3604, #1704 ) ;
#57 = ORIENTED_EDGE ( 'NONE', *, *, #1030, .F. ) ;
#58 = AXIS2_PLACEMENT_3D ( 'NONE', #1810, #3118, #3472 ) ;
#59 = CARTESIAN_POINT ( 'NONE',  ( 10.00000000000000000, 0.000000000000000000, 0.000000000000000000 ) ) ;
#60 = EDGE_CURVE ( 'NONE', #4066, #165, #1438, .T. ) ;
#61 = ORIENTED_EDGE ( 'NONE', *, *, #1496, .T. ) ;
#62 = EDGE_CURVE ( 'NONE', #937, #983, #1431, .T. ) ;
#63 = ORIENTED_EDGE ( 'NONE', *, *, #2471, .T. ) ;
#64 = DIRECTION ( 'NONE',  ( -1.000000000000000000, 0.000000000000000000, 0.000000000000000000 ) ) ;
#65 = ADVANCED_FACE ( 'NONE', ( #2550 ), #1568, .T. ) ;
#66 = ADVANCED_FACE ( 'NONE', ( #3 ), #3759, .F. ) ;
#67 = DIRECTION ( 'NONE',  ( 0.000000000000000000, 0.000000000000000000, 1.000000000000000000 ) ) ;
#68 = DIRECTION ( 'NONE',  ( -1.000000000000000000, 0.000000000000000000, 0.000000000000000000 ) ) ;
#69 = CARTESIAN_POINT ( 'NONE',  ( 3.000000000000000000, -2.444036937190193349E-14, -7.000000000000000000 ) ) ;
#70 = EDGE_LOOP ( 'NONE', ( #3126, #1712, #2390, #1385, #1412, #1499, #2890, #3420, #1279, #1305, #2214, #336, #545, #1151, #2914, #3067, #1530, #589, #3665, #614, #304, #3555, #3907, #1038, #1886, #1299, #3930, #1077, #4069, #1972, #745, #3058, #196, #2464, #2856, #2608, #393, #2345, #61, #244, #595, #1749, #834, #23, #242, #946, #3911, #2720, #1183, #1379, #1943, #3945, #1620, #122, #3116, #926, #944, #2926, #1982, #1537, #571, #1617, #2044, #3697, #797, #511, #1492, #2468, #1025, #3293, #3360, #838, #2334, #1162, #133, #2174, #2728, #2400, #2790, #1071, #3461, #3788, #450, #2293, #3530, #576, #1902, #2171, #149, #1010, #925, #2406, #783, #1195, #2631 ) ) ;
#71 = ORIENTED_EDGE ( 'NONE', *, *, #2872, .F. ) ;
#72 = CARTESIAN_POINT ( 'NONE',  ( 5.000000000000000000, 12.33543222387130101, -9.590502429501670534 ) ) ;
#73 = EDGE_LOOP ( 'NONE', ( #374, #1012, #3750, #3724 ) ) ;
#74 = FACE_OUTER_BOUND ( 'NONE', #2667, .T. ) ;
#75 = CARTESIAN_POINT ( 'NONE',  ( 0.000000000000000000, 13.20735115122741909, -2.834455745481440303 ) ) ;
#76 = DIRECTION ( 'NONE',  ( -1.000000000000000000, 0.000000000000000000, 0.000000000000000000 ) ) ;
#77 = CARTESIAN_POINT ( 'NONE',  ( 0.000000000000000000, -2.840164252701424807, 15.36470279626900037 ) ) ;
#78 = CYLINDRICAL_SURFACE ( 'NONE', #2109, 3.000000000000000000 ) ;
#79 = CARTESIAN_POINT ( 'NONE',  ( 0.000000000000000000, -15.13506446477570044, -3.882067573739960142 ) ) ;
#80 = ORIENTED_EDGE ( 'NONE', *, *, #3748, .F. ) ;
#81 = DIRECTION ( 'NONE',  ( -1.000000000000000000, 0.000000000000000000, 0.000000000000000000 ) ) ;
#82 = CARTESIAN_POINT ( 'NONE',  ( 10.00000000000000000, 0.000000000000000000, 3.000000000000000000 ) ) ;
#83 = ORIENTED_EDGE ( 'NONE', *, *, #1093, .T. ) ;
#84 = ADVANCED_FACE ( 'NONE', ( #623 ), #641, .T. ) ;
#85 = ORIENTED_EDGE ( 'NONE', *, *, #2651, .F. ) ;
#86 = FACE_OUTER_BOUND ( 'NONE', #38, .T. ) ;
#87 = FACE_OUTER_BOUND ( 'NONE', #3617, .T. ) ;
#88 = ORIENTED_EDGE ( 'NONE', *, *, #3783, .F. ) ;
#89 = CYLINDRICAL_SURFACE ( 'NONE', #1289, 5.750000000000000000 ) ;
#90 = ORIENTED_EDGE ( 'NONE', *, *, #861, .T. ) ;
#91 = DIRECTION ( 'NONE',  ( -1.000000000000000000, 0.000000000000000000, 0.000000000000000000 ) ) ;
#92 = VERTEX_POINT ( 'NONE', #2508 ) ;
#93 = EDGE_CURVE ( 'NONE', #799, #238, #1605, .T. ) ;
#94 = CARTESIAN_POINT ( 'NONE',  ( 0.000000000000000000, 0.000000000000000000, 0.000000000000000000 ) ) ;
#95 = CARTESIAN_POINT ( 'NONE',  ( 10.00000000000000000, -13.47029551076155940, -1.009654722010389971 ) ) ;
#96 = LINE ( 'NONE', #2850, #3243 ) ;
#97 = ADVANCED_FACE ( 'NONE', ( #1586 ), #681, .T. ) ;
#98 = EDGE_LOOP ( 'NONE', ( #1382, #1732, #2765, #2927 ) ) ;
#99 = DIRECTION ( 'NONE',  ( 1.000000000000000000, -0.000000000000000000, -0.000000000000000000 ) ) ;
#100 = CARTESIAN_POINT ( 'NONE',  ( 0.000000000000000000, 1.926546458205049994, 13.36999186795932104 ) ) ;
#101 = ORIENTED_EDGE ( 'NONE', *, *, #520, .T. ) ;
#102 = ORIENTED_EDGE ( 'NONE', *, *, #3589, .F. ) ;
#103 = CARTESIAN_POINT ( 'NONE',  ( 10.00000000000000000, 8.292634615677430432, -9.765589761036881811 ) ) ;
#104 = VECTOR ( 'NONE', #1399, 1000.000000000000000 ) ;
#105 = CARTESIAN_POINT ( 'NONE',  ( 10.00000000000000000, 0.000000000000000000, 0.000000000000000000 ) ) ;
#106 = AXIS2_PLACEMENT_3D ( 'NONE', #24, #3816, #1280 ) ;
#107 = PLANE ( 'NONE',  #3526 ) ;
#108 = ORIENTED_EDGE ( 'NONE', *, *, #665, .T. ) ;
#109 = AXIS2_PLACEMENT_3D ( 'NONE', #2568, #64, #3240 ) ;
#110 = ORIENTED_EDGE ( 'NONE', *, *, #2625, .F. ) ;
#111 = DIRECTION ( 'NONE',  ( -1.000000000000000000, 0.000000000000000000, 0.000000000000000000 ) ) ;
#112 = VERTEX_POINT ( 'NONE', #3448 ) ;
#113 = DIRECTION ( 'NONE',  ( -1.000000000000000000, 0.000000000000000000, 0.000000000000000000 ) ) ;
#114 = CARTESIAN_POINT ( 'NONE',  ( 10.00000000000000000, 9.811879393830221119, 9.284141670927407830 ) ) ;
#115 = CARTESIAN_POINT ( 'NONE',  ( 10.00000000000000000, 6.943196843910330429, -11.58707389255953935 ) ) ;
#116 = DIRECTION ( 'NONE',  ( 0.000000000000000000, 0.000000000000000000, 1.000000000000000000 ) ) ;
#117 = EDGE_CURVE ( 'NONE', #683, #1338, #394, .T. ) ;
#118 = AXIS2_PLACEMENT_3D ( 'NONE', #2583, #986, #1005 ) ;
#119 = AXIS2_PLACEMENT_3D ( 'NONE', #1229, #26, #1534 ) ;
#120 = FACE_OUTER_BOUND ( 'NONE', #3246, .T. ) ;
#121 = AXIS2_PLACEMENT_3D ( 'NONE', #3434, #607, #2808 ) ;
#122 = ORIENTED_EDGE ( 'NONE', *, *, #667, .T. ) ;
#123 = CARTESIAN_POINT ( 'NONE',  ( 10.00000000000000000, 0.000000000000000000, 0.000000000000000000 ) ) ;
#124 = DIRECTION ( 'NONE',  ( 1.000000000000000000, 0.000000000000000000, 0.000000000000000000 ) ) ;
#125 = AXIS2_PLACEMENT_3D ( 'NONE', #554, #254, #476 ) ;
#126 = ORIENTED_EDGE ( 'NONE', *, *, #431, .F. ) ;
#127 = EDGE_CURVE ( 'NONE', #1900, #348, #1967, .T. ) ;
#128 = AXIS2_PLACEMENT_3D ( 'NONE', #2979, #826, #3635 ) ;
#129 = ORIENTED_EDGE ( 'NONE', *, *, #7, .F. ) ;
#130 = AXIS2_PLACEMENT_3D ( 'NONE', #463, #827, #852 ) ;
#131 = DIRECTION ( 'NONE',  ( 0.000000000000000000, 0.5195839500354346718, -0.8544194045464877929 ) ) ;
#132 = ORIENTED_EDGE ( 'NONE', *, *, #2302, .T. ) ;
#133 = ORIENTED_EDGE ( 'NONE', *, *, #702, .T. ) ;
#134 = CARTESIAN_POINT ( 'NONE',  ( 10.00000000000000000, -7.000000000000000000, 4.888073874380386697E-14 ) ) ;
#135 = ORIENTED_EDGE ( 'NONE', *, *, #3517, .T. ) ;
#136 = ADVANCED_FACE ( 'NONE', ( #2199 ), #1868, .T. ) ;
#137 = EDGE_CURVE ( 'NONE', #3832, #1272, #1054, .T. ) ;
#138 = CARTESIAN_POINT ( 'NONE',  ( 10.00000000000000000, -12.69837882901398096, 4.606456221410399898 ) ) ;
#139 = DIRECTION ( 'NONE',  ( 0.000000000000000000, 0.000000000000000000, 1.000000000000000000 ) ) ;
#140 = DIRECTION ( 'NONE',  ( 0.000000000000000000, 0.000000000000000000, -1.000000000000000000 ) ) ;
#141 = CARTESIAN_POINT ( 'NONE',  ( 10.00000000000000000, 0.000000000000000000, 0.000000000000000000 ) ) ;
#142 = ADVANCED_FACE ( 'NONE', ( #3492 ), #1907, .T. ) ;
#143 = EDGE_CURVE ( 'NONE', #2863, #572, #1924, .T. ) ;
#144 = ORIENTED_EDGE ( 'NONE', *, *, #1043, .T. ) ;
#145 = CARTESIAN_POINT ( 'NONE',  ( 10.00000000000000000, 11.24851991847267918, 6.132318639285090356 ) ) ;
#146 = DIRECTION ( 'NONE',  ( 0.000000000000000000, 0.000000000000000000, -1.000000000000000000 ) ) ;
#147 = ORIENTED_EDGE ( 'NONE', *, *, #2160, .F. ) ;
#148 = VECTOR ( 'NONE', #1317, 1000.000000000000000 ) ;
#149 = ORIENTED_EDGE ( 'NONE', *, *, #3639, .T. ) ;
#150 = CARTESIAN_POINT ( 'NONE',  ( 0.000000000000000000, 0.000000000000000000, 0.000000000000000000 ) ) ;
#151 = CIRCLE ( 'NONE', #2442, 3.000000000000000444 ) ;
#152 = DIRECTION ( 'NONE',  ( 0.000000000000000000, 0.000000000000000000, -1.000000000000000000 ) ) ;
#153 = ORIENTED_EDGE ( 'NONE', *, *, #1542, .F. ) ;
#154 = CARTESIAN_POINT ( 'NONE',  ( 10.00000000000000000, 0.000000000000000000, 0.000000000000000000 ) ) ;
#155 = EDGE_LOOP ( 'NONE', ( #1453, #3032, #1784, #3504 ) ) ;
#156 = DIRECTION ( 'NONE',  ( -1.000000000000000000, 0.000000000000000000, 0.000000000000000000 ) ) ;
#157 = DIRECTION ( 'NONE',  ( -1.000000000000000000, 0.000000000000000000, 0.000000000000000000 ) ) ;
#158 = AXIS2_PLACEMENT_3D ( 'NONE', #2591, #2236, #2522 ) ;
#159 = CARTESIAN_POINT ( 'NONE',  ( 0.000000000000000000, 11.08624123981535980, 7.717740535774570532 ) ) ;
#160 = FACE_BOUND ( 'NONE', #1256, .T. ) ;
#161 = ORIENTED_EDGE ( 'NONE', *, *, #1743, .T. ) ;
#162 = DIRECTION ( 'NONE',  ( -1.000000000000000000, 0.000000000000000000, 0.000000000000000000 ) ) ;
#163 = DIRECTION ( 'NONE',  ( -1.000000000000000000, 0.000000000000000000, 0.000000000000000000 ) ) ;
#164 = EDGE_LOOP ( 'NONE', ( #1815, #3159, #3989, #3302 ) ) ;
#165 = VERTEX_POINT ( 'NONE', #3737 ) ;
#166 = EDGE_CURVE ( 'NONE', #1706, #1275, #914, .T. ) ;
#167 = CARTESIAN_POINT ( 'NONE',  ( 5.000000000000000000, -15.13506446477574841, 3.882067573739744759 ) ) ;
#168 = CIRCLE ( 'NONE', #1089, 5.750000000000000888 ) ;
#169 = CIRCLE ( 'NONE', #962, 3.000000000000000444 ) ;
#170 = ADVANCED_FACE ( 'NONE', ( #3915 ), #1094, .T. ) ;
#171 = LINE ( 'NONE', #2676, #3481 ) ;
#172 = ORIENTED_EDGE ( 'NONE', *, *, #2425, .F. ) ;
#173 = AXIS2_PLACEMENT_3D ( 'NONE', #898, #3439, #1559 ) ;
#174 = DIRECTION ( 'NONE',  ( 0.000000000000000000, 0.000000000000000000, 1.000000000000000000 ) ) ;
#175 = DIRECTION ( 'NONE',  ( 0.000000000000000000, -0.9976687691905398170, 0.06824241336466078944 ) ) ;
#176 =( NAMED_UNIT ( * ) SI_UNIT ( $, .STERADIAN. ) SOLID_ANGLE_UNIT ( ) );
#177 = LINE ( 'NONE', #3680, #247 ) ;
#178 = DIRECTION ( 'NONE',  ( 1.000000000000000000, -0.000000000000000000, -0.000000000000000000 ) ) ;
#179 = VERTEX_POINT ( 'NONE', #3572 ) ;
#180 = CARTESIAN_POINT ( 'NONE',  ( 10.00000000000000000, -12.76039202360792046, -1.143209365708229841 ) ) ;
#181 = ORIENTED_EDGE ( 'NONE', *, *, #2785, .F. ) ;
#182 = AXIS2_PLACEMENT_3D ( 'NONE', #2205, #2530, #3797 ) ;
#183 = AXIS2_PLACEMENT_3D ( 'NONE', #539, #2964, #3906 ) ;
#184 = EDGE_LOOP ( 'NONE', ( #3608, #2521, #3486, #2716 ) ) ;
#185 = ADVANCED_FACE ( 'NONE', ( #1996 ), #785, .T. ) ;
#186 = VECTOR ( 'NONE', #2523, 1000.000000000000000 ) ;
#187 = EDGE_CURVE ( 'NONE', #1179, #44, #1836, .T. ) ;
#188 = CIRCLE ( 'NONE', #2480, 5.750000000000002665 ) ;
#189 = AXIS2_PLACEMENT_3D ( 'NONE', #2328, #1444, #3636 ) ;
#190 = CYLINDRICAL_SURFACE ( 'NONE', #2008, 1.600000000000000089 ) ;
#191 = EDGE_CURVE ( 'NONE', #467, #3214, #432, .T. ) ;
#192 = EDGE_CURVE ( 'NONE', #2966, #719, #2168, .T. ) ;
#193 = AXIS2_PLACEMENT_3D ( 'NONE', #1393, #3545, #2335 ) ;
#194 = DIRECTION ( 'NONE',  ( 0.000000000000000000, 0.1361666490962399056, 0.9906859460363315328 ) ) ;
#195 = FACE_BOUND ( 'NONE', #367, .T. ) ;
#196 = ORIENTED_EDGE ( 'NONE', *, *, #2934, .F. ) ;
#197 = CARTESIAN_POINT ( 'NONE',  ( 10.00000000000000000, 0.000000000000000000, 0.000000000000000000 ) ) ;
#198 = CARTESIAN_POINT ( 'NONE',  ( 10.00000000000000000, -13.24318199697755993, -2.662028249258475032 ) ) ;
#199 = CARTESIAN_POINT ( 'NONE',  ( 10.00000000000000000, -9.932084523302840751, 9.155433404644988116 ) ) ;
#200 = ORIENTED_EDGE ( 'NONE', *, *, #3291, .T. ) ;
#201 = FACE_BOUND ( 'NONE', #2131, .T. ) ;
#202 = ORIENTED_EDGE ( 'NONE', *, *, #795, .F. ) ;
#203 = CYLINDRICAL_SURFACE ( 'NONE', #3826, 5.750000000000000000 ) ;
#204 = EDGE_CURVE ( 'NONE', #2339, #2880, #2571, .T. ) ;
#205 = ORIENTED_EDGE ( 'NONE', *, *, #1205, .F. ) ;
#206 = VERTEX_POINT ( 'NONE', #4041 ) ;
#207 = EDGE_LOOP ( 'NONE', ( #967, #3023, #2851, #730 ) ) ;
#208 = VERTEX_POINT ( 'NONE', #370 ) ;
#209 = VECTOR ( 'NONE', #3024, 1000.000000000000000 ) ;
#210 = DIRECTION ( 'NONE',  ( -1.000000000000000000, 0.000000000000000000, 0.000000000000000000 ) ) ;
#211 = CARTESIAN_POINT ( 'NONE',  ( 0.000000000000000000, 7.332110811570580046E-14, 7.000000000000000888 ) ) ;
#212 = CIRCLE ( 'NONE', #2308, 1.600000000000000089 ) ;
#213 = DIRECTION ( 'NONE',  ( -1.000000000000000000, 0.000000000000000000, 0.000000000000000000 ) ) ;
#214 = ORIENTED_EDGE ( 'NONE', *, *, #1270, .T. ) ;
#215 = CARTESIAN_POINT ( 'NONE',  ( 0.000000000000000000, 13.48231375170810153, 6.583954258591799835 ) ) ;
#216 = CARTESIAN_POINT ( 'NONE',  ( 10.00000000000000000, 0.000000000000000000, 0.000000000000000000 ) ) ;
#217 = LINE ( 'NONE', #2980, #3350 ) ;
#218 = EDGE_CURVE ( 'NONE', #471, #248, #3176, .T. ) ;
#219 = DIRECTION ( 'NONE',  ( 0.000000000000000000, -0.1361666490962538112, 0.9906859460363297565 ) ) ;
#220 = CYLINDRICAL_SURFACE ( 'NONE', #1450, 3.000000000000000444 ) ;
#221 = EDGE_CURVE ( 'NONE', #3205, #799, #3721, .T. ) ;
#222 = VERTEX_POINT ( 'NONE', #2886 ) ;
#223 = ORIENTED_EDGE ( 'NONE', *, *, #1590, .T. ) ;
#224 = ORIENTED_EDGE ( 'NONE', *, *, #1270, .F. ) ;
#225 = DIRECTION ( 'NONE',  ( 0.000000000000000000, 0.000000000000000000, 1.000000000000000000 ) ) ;
#226 = CARTESIAN_POINT ( 'NONE',  ( 10.00000000000000000, -13.47029551076155940, -1.009654722010389971 ) ) ;
#227 = CARTESIAN_POINT ( 'NONE',  ( 10.00000000000000000, 8.592911864346650219, 10.42257787193224061 ) ) ;
#228 = EDGE_LOOP ( 'NONE', ( #3603, #290, #2725, #1363 ) ) ;
#229 = CARTESIAN_POINT ( 'NONE',  ( 10.00000000000000000, 11.95285973547135860, 6.292647133684549310 ) ) ;
#230 = EDGE_CURVE ( 'NONE', #799, #2053, #3191, .T. ) ;
#231 = DIRECTION ( 'NONE',  ( 0.000000000000000000, -0.6310879443260586363, 0.7757112907044149130 ) ) ;
#232 = CYLINDRICAL_SURFACE ( 'NONE', #2418, 12.81150000000000055 ) ;
#233 = CIRCLE ( 'NONE', #3851, 5.749999999999998224 ) ;
#234 = EDGE_CURVE ( 'NONE', #2955, #732, #282, .T. ) ;
#235 = CIRCLE ( 'NONE', #1802, 15.62500000000000000 ) ;
#236 = CYLINDRICAL_SURFACE ( 'NONE', #1039, 12.81150000000000055 ) ;
#237 = EDGE_CURVE ( 'NONE', #791, #523, #3507, .T. ) ;
#238 = VERTEX_POINT ( 'NONE', #726 ) ;
#239 = CARTESIAN_POINT ( 'NONE',  ( 10.00000000000000000, 0.000000000000000000, 0.000000000000000000 ) ) ;
#240 = LINE ( 'NONE', #1577, #280 ) ;
#241 = AXIS2_PLACEMENT_3D ( 'NONE', #1915, #3185, #2561 ) ;
#242 = ORIENTED_EDGE ( 'NONE', *, *, #618, .F. ) ;
#243 = CARTESIAN_POINT ( 'NONE',  ( 10.00000000000000000, 3.195993620908514909, 12.40645626378104005 ) ) ;
#244 = ORIENTED_EDGE ( 'NONE', *, *, #1245, .T. ) ;
#245 = EDGE_LOOP ( 'NONE', ( #3691, #1797, #287, #528 ) ) ;
#246 = CARTESIAN_POINT ( 'NONE',  ( 10.00000000000000000, 6.424699349295070583, 11.08412245155959930 ) ) ;
#247 = VECTOR ( 'NONE', #874, 1000.000000000000000 ) ;
#248 = VERTEX_POINT ( 'NONE', #703 ) ;
#249 = CARTESIAN_POINT ( 'NONE',  ( 0.000000000000000000, 3.195993620908689881, -12.40645626378100097 ) ) ;
#250 = DIRECTION ( 'NONE',  ( 0.000000000000000000, 0.000000000000000000, -1.000000000000000000 ) ) ;
#251 = AXIS2_PLACEMENT_3D ( 'NONE', #2764, #3696, #2384 ) ;
#252 = AXIS2_PLACEMENT_3D ( 'NONE', #2266, #1328, #1984 ) ;
#253 = CIRCLE ( 'NONE', #3744, 3.000000000000000000 ) ;
#254 = DIRECTION ( 'NONE',  ( -1.000000000000000000, 0.000000000000000000, 0.000000000000000000 ) ) ;
#255 = CARTESIAN_POINT ( 'NONE',  ( 10.00000000000000000, 3.195993620908689881, -12.40645626378100097 ) ) ;
#256 = AXIS2_PLACEMENT_3D ( 'NONE', #3035, #3677, #2386 ) ;
#257 = AXIS2_PLACEMENT_3D ( 'NONE', #3411, #1855, #6 ) ;
#258 = CARTESIAN_POINT ( 'NONE',  ( 0.000000000000000000, 9.811879393830349017, -9.284141670927279932 ) ) ;
#259 = DIRECTION ( 'NONE',  ( 0.000000000000000000, -0.9422609221188236184, 0.3348796121709773366 ) ) ;
#260 = DIRECTION ( 'NONE',  ( 0.000000000000000000, 0.000000000000000000, -1.000000000000000000 ) ) ;
#261 = CYLINDRICAL_SURFACE ( 'NONE', #1752, 12.81150000000000055 ) ;
#262 = EDGE_CURVE ( 'NONE', #3919, #1216, #2908, .T. ) ;
#263 = ORIENTED_EDGE ( 'NONE', *, *, #968, .F. ) ;
#264 = CYLINDRICAL_SURFACE ( 'NONE', #449, 5.750000000000000000 ) ;
#265 = ADVANCED_FACE ( 'NONE', ( #3466 ), #1604, .T. ) ;
#266 = ORIENTED_EDGE ( 'NONE', *, *, #932, .T. ) ;
#267 = DIRECTION ( 'NONE',  ( 0.000000000000000000, 0.000000000000000000, -1.000000000000000000 ) ) ;
#268 = ORIENTED_EDGE ( 'NONE', *, *, #1814, .T. ) ;
#269 = CARTESIAN_POINT ( 'NONE',  ( 0.000000000000000000, 9.811879393830221119, 9.284141670927407830 ) ) ;
#270 = VERTEX_POINT ( 'NONE', #3833 ) ;
#271 = VERTEX_POINT ( 'NONE', #2549 ) ;
#272 = LINE ( 'NONE', #881, #3926 ) ;
#273 = CYLINDRICAL_SURFACE ( 'NONE', #912, 5.750000000000000000 ) ;
#274 = ORIENTED_EDGE ( 'NONE', *, *, #858, .F. ) ;
#275 = CARTESIAN_POINT ( 'NONE',  ( 10.00000000000000000, -7.093669515771450662, 11.49556943373993967 ) ) ;
#276 = ORIENTED_EDGE ( 'NONE', *, *, #2673, .T. ) ;
#277 = CIRCLE ( 'NONE', #2570, 15.62500000000000000 ) ;
#278 = DIRECTION ( 'NONE',  ( 1.000000000000000000, 0.000000000000000000, 0.000000000000000000 ) ) ;
#279 = DIRECTION ( 'NONE',  ( -1.000000000000000000, 0.000000000000000000, 0.000000000000000000 ) ) ;
#280 = VECTOR ( 'NONE', #924, 1000.000000000000000 ) ;
#281 = CARTESIAN_POINT ( 'NONE',  ( 10.00000000000000000, -9.932084523302840751, 9.155433404644988116 ) ) ;
#282 = CIRCLE ( 'NONE', #1458, 5.750000000000000000 ) ;
#283 = FACE_OUTER_BOUND ( 'NONE', #1198, .T. ) ;
#284 = DIRECTION ( 'NONE',  ( -1.000000000000000000, 0.000000000000000000, 0.000000000000000000 ) ) ;
#285 = PRODUCT_DEFINITION_SHAPE ( 'NONE', 'NONE',  #3354 ) ;
#286 = EDGE_LOOP ( 'NONE', ( #1999, #3767 ) ) ;
#287 = ORIENTED_EDGE ( 'NONE', *, *, #776, .T. ) ;
#288 = ORIENTED_EDGE ( 'NONE', *, *, #2198, .T. ) ;
#289 = CARTESIAN_POINT ( 'NONE',  ( 10.00000000000000000, 14.19036643571210021, 6.540193072090120019 ) ) ;
#290 = ORIENTED_EDGE ( 'NONE', *, *, #3464, .F. ) ;
#291 = CARTESIAN_POINT ( 'NONE',  ( 10.00000000000000000, 5.462285525855590684, -12.35442028744972021 ) ) ;
#292 = ADVANCED_FACE ( 'NONE', ( #87 ), #3812, .T. ) ;
#293 = CARTESIAN_POINT ( 'NONE',  ( -0.0009999999999992653654, 7.000000000000000000, 0.000000000000000000 ) ) ;
#294 = DIRECTION ( 'NONE',  ( 0.000000000000000000, 0.000000000000000000, -1.000000000000000000 ) ) ;
#295 = DIRECTION ( 'NONE',  ( 0.000000000000000000, 0.000000000000000000, -1.000000000000000000 ) ) ;
#296 = ADVANCED_FACE ( 'NONE', ( #680 ), #1011, .T. ) ;
#297 = DIRECTION ( 'NONE',  ( 0.000000000000000000, 0.6310879443260489774, 0.7757112907044229066 ) ) ;
#298 = CARTESIAN_POINT ( 'NONE',  ( 10.00000000000000000, -11.97876787724253944, 4.543528627965479849 ) ) ;
#299 = CIRCLE ( 'NONE', #3529, 15.62500000000000000 ) ;
#300 = CARTESIAN_POINT ( 'NONE',  ( 5.000000000000000000, -10.91463276349825939, 11.18085044341308176 ) ) ;
#301 = ORIENTED_EDGE ( 'NONE', *, *, #2192, .T. ) ;
#302 = AXIS2_PLACEMENT_3D ( 'NONE', #1479, #2874, #1580 ) ;
#303 = SURFACE_STYLE_USAGE ( .BOTH. , #3694 ) ;
#304 = ORIENTED_EDGE ( 'NONE', *, *, #1524, .T. ) ;
#305 = VECTOR ( 'NONE', #1215, 1000.000000000000000 ) ;
#306 = DIRECTION ( 'NONE',  ( 1.000000000000000000, 0.000000000000000000, 0.000000000000000000 ) ) ;
#307 = VERTEX_POINT ( 'NONE', #3553 ) ;
#308 = DIRECTION ( 'NONE',  ( 1.000000000000000000, 0.000000000000000000, 0.000000000000000000 ) ) ;
#309 = EDGE_CURVE ( 'NONE', #3981, #2562, #3527, .T. ) ;
#310 = EDGE_CURVE ( 'NONE', #1056, #661, #2089, .T. ) ;
#311 = AXIS2_PLACEMENT_3D ( 'NONE', #2875, #3805, #2009 ) ;
#312 = DIRECTION ( 'NONE',  ( 0.000000000000000000, 0.7308359642781254717, -0.6825531432186525693 ) ) ;
#313 = DIRECTION ( 'NONE',  ( 0.000000000000000000, 0.000000000000000000, -1.000000000000000000 ) ) ;
#314 = CIRCLE ( 'NONE', #835, 5.750000000000000000 ) ;
#315 = EDGE_CURVE ( 'NONE', #2159, #3232, #1505, .T. ) ;
#316 = EDGE_CURVE ( 'NONE', #719, #2209, #1372, .T. ) ;
#317 = DIRECTION ( 'NONE',  ( 0.000000000000000000, 0.000000000000000000, 1.000000000000000000 ) ) ;
#318 = CIRCLE ( 'NONE', #713, 15.62500000000000000 ) ;
#319 = AXIS2_PLACEMENT_3D ( 'NONE', #2961, #1935, #2643 ) ;
#320 = CARTESIAN_POINT ( 'NONE',  ( 10.00000000000000000, 15.42867212834060098, 2.469149925817745395 ) ) ;
#321 = CIRCLE ( 'NONE', #1246, 5.749999999999997335 ) ;
#322 = CARTESIAN_POINT ( 'NONE',  ( 10.00000000000000000, 0.000000000000000000, 0.000000000000000000 ) ) ;
#323 = FACE_OUTER_BOUND ( 'NONE', #2779, .T. ) ;
#324 = ORIENTED_EDGE ( 'NONE', *, *, #702, .F. ) ;
#325 = DIRECTION ( 'NONE',  ( -1.000000000000000000, 0.000000000000000000, 0.000000000000000000 ) ) ;
#326 = ORIENTED_EDGE ( 'NONE', *, *, #1766, .T. ) ;
#327 = DIRECTION ( 'NONE',  ( 0.000000000000000000, 0.000000000000000000, 1.000000000000000000 ) ) ;
#328 = VERTEX_POINT ( 'NONE', #2399 ) ;
#329 = ORIENTED_EDGE ( 'NONE', *, *, #1848, .F. ) ;
#330 = CARTESIAN_POINT ( 'NONE',  ( 10.00000000000000000, 3.559569147089330254, 13.03064585091661876 ) ) ;
#331 = CARTESIAN_POINT ( 'NONE',  ( 10.00000000000000000, -7.000000000000000000, 4.888073874380386697E-14 ) ) ;
#332 = DIRECTION ( 'NONE',  ( 1.000000000000000000, 0.000000000000000000, 0.000000000000000000 ) ) ;
#333 = ORIENTED_EDGE ( 'NONE', *, *, #3490, .T. ) ;
#334 = DIRECTION ( 'NONE',  ( 1.000000000000000000, 0.000000000000000000, 0.000000000000000000 ) ) ;
#335 = LINE ( 'NONE', #1575, #2535 ) ;
#336 = ORIENTED_EDGE ( 'NONE', *, *, #3019, .T. ) ;
#337 = LINE ( 'NONE', #3201, #1628 ) ;
#338 = EDGE_CURVE ( 'NONE', #2481, #2955, #386, .T. ) ;
#339 = DIRECTION ( 'NONE',  ( 1.000000000000000000, -0.000000000000000000, -0.000000000000000000 ) ) ;
#340 = AXIS2_PLACEMENT_3D ( 'NONE', #4065, #2128, #267 ) ;
#341 = EDGE_LOOP ( 'NONE', ( #2142, #3807, #2235, #3184 ) ) ;
#343 = CARTESIAN_POINT ( 'NONE',  ( 10.00000000000000000, -12.03388225800420130, 6.136280763248409542 ) ) ;
#342 = DIRECTION ( 'NONE',  ( 0.000000000000000000, 0.000000000000000000, -1.000000000000000000 ) ) ;
#344 = ORIENTED_EDGE ( 'NONE', *, *, #4007, .T. ) ;
#345 = DIRECTION ( 'NONE',  ( -1.000000000000000000, 0.000000000000000000, 0.000000000000000000 ) ) ;
#346 = ORIENTED_EDGE ( 'NONE', *, *, #2066, .T. ) ;
#347 = EDGE_CURVE ( 'NONE', #2573, #307, #4001, .T. ) ;
#348 = VERTEX_POINT ( 'NONE', #2113 ) ;
#349 = DIRECTION ( 'NONE',  ( 0.000000000000000000, 0.000000000000000000, -1.000000000000000000 ) ) ;
#350 = CARTESIAN_POINT ( 'NONE',  ( 10.00000000000000000, -0.08805550942563289407, -13.50779441774935918 ) ) ;
#351 = ORIENTED_EDGE ( 'NONE', *, *, #1716, .T. ) ;
#352 = DIRECTION ( 'NONE',  ( -1.000000000000000000, 0.000000000000000000, 0.000000000000000000 ) ) ;
#353 = DIRECTION ( 'NONE',  ( -1.000000000000000000, 0.000000000000000000, 0.000000000000000000 ) ) ;
#354 = CARTESIAN_POINT ( 'NONE',  ( 10.00000000000000000, -9.545144203574858821, -8.545452263219379674 ) ) ;
#355 = EDGE_CURVE ( 'NONE', #1272, #1603, #3710, .T. ) ;
#356 = ADVANCED_FACE ( 'NONE', ( #4030 ), #1501, .T. ) ;
#357 = DIRECTION ( 'NONE',  ( -1.000000000000000000, 0.000000000000000000, 0.000000000000000000 ) ) ;
#358 = CARTESIAN_POINT ( 'NONE',  ( 10.00000000000000000, -11.49671979254302023, 5.653314626106469731 ) ) ;
#359 = ORIENTED_EDGE ( 'NONE', *, *, #3449, .F. ) ;
#360 = VECTOR ( 'NONE', #544, 1000.000000000000000 ) ;
#361 = EDGE_CURVE ( 'NONE', #678, #3664, #2094, .T. ) ;
#363 = LINE ( 'NONE', #738, #2746 ) ;
#362 = CARTESIAN_POINT ( 'NONE',  ( 0.000000000000000000, -13.47029551076155940, -1.009654722010389971 ) ) ;
#364 = DIRECTION ( 'NONE',  ( -1.000000000000000000, 0.000000000000000000, 0.000000000000000000 ) ) ;
#365 = ORIENTED_EDGE ( 'NONE', *, *, #4039, .F. ) ;
#366 = DIRECTION ( 'NONE',  ( -1.000000000000000000, 0.000000000000000000, 0.000000000000000000 ) ) ;
#367 = EDGE_LOOP ( 'NONE', ( #812, #288 ) ) ;
#368 = EDGE_LOOP ( 'NONE', ( #1397, #2585, #3195, #3318 ) ) ;
#369 = CIRCLE ( 'NONE', #3859, 5.750000000000000000 ) ;
#370 = CARTESIAN_POINT ( 'NONE',  ( 0.000000000000000000, 12.79720803224639880, 0.6049783710250079549 ) ) ;
#371 = AXIS2_PLACEMENT_3D ( 'NONE', #1237, #3402, #2177 ) ;
#372 = DIRECTION ( 'NONE',  ( 0.000000000000000000, 0.000000000000000000, -1.000000000000000000 ) ) ;
#373 = DIRECTION ( 'NONE',  ( -1.000000000000000000, 0.000000000000000000, 0.000000000000000000 ) ) ;
#374 = ORIENTED_EDGE ( 'NONE', *, *, #3019, .F. ) ;
#375 = ORIENTED_EDGE ( 'NONE', *, *, #396, .T. ) ;
#376 = AXIS2_PLACEMENT_3D ( 'NONE', #1014, #706, #1956 ) ;
#377 = DIRECTION ( 'NONE',  ( -1.000000000000000000, 0.000000000000000000, 0.000000000000000000 ) ) ;
#378 = CARTESIAN_POINT ( 'NONE',  ( 10.00000000000000000, 0.000000000000000000, 0.000000000000000000 ) ) ;
#379 = AXIS2_PLACEMENT_3D ( 'NONE', #3387, #803, #2060 ) ;
#380 = DIRECTION ( 'NONE',  ( 0.000000000000000000, 0.000000000000000000, 1.000000000000000000 ) ) ;
#381 = DIRECTION ( 'NONE',  ( -1.000000000000000000, 0.000000000000000000, 0.000000000000000000 ) ) ;
#382 = CARTESIAN_POINT ( 'NONE',  ( 10.00000000000000000, 0.000000000000000000, 0.000000000000000000 ) ) ;
#383 = VECTOR ( 'NONE', #1659, 1000.000000000000000 ) ;
#384 = ORIENTED_EDGE ( 'NONE', *, *, #3713, .F. ) ;
#385 = EDGE_CURVE ( 'NONE', #3707, #3970, #1500, .T. ) ;
#386 = CIRCLE ( 'NONE', #1306, 15.62500000000000000 ) ;
#387 = CYLINDRICAL_SURFACE ( 'NONE', #1880, 15.62500000000000000 ) ;
#388 = AXIS2_PLACEMENT_3D ( 'NONE', #1725, #2647, #1992 ) ;
#389 = EDGE_LOOP ( 'NONE', ( #2448, #223, #2901, #2422 ) ) ;
#390 = CARTESIAN_POINT ( 'NONE',  ( 10.00000000000000000, -8.456300558605988726, -10.53371941279247892 ) ) ;
#391 = CARTESIAN_POINT ( 'NONE',  ( 10.00000000000000000, 0.000000000000000000, 0.000000000000000000 ) ) ;
#392 = EDGE_LOOP ( 'NONE', ( #1946, #16, #927, #1589 ) ) ;
#393 = ORIENTED_EDGE ( 'NONE', *, *, #892, .F. ) ;
#394 = CIRCLE ( 'NONE', #2689, 1.600000000000000089 ) ;
#395 = DIRECTION ( 'NONE',  ( -1.000000000000000000, 0.000000000000000000, 0.000000000000000000 ) ) ;
#396 = EDGE_CURVE ( 'NONE', #3913, #562, #3612, .T. ) ;
#397 = AXIS2_PLACEMENT_3D ( 'NONE', #1031, #3554, #2040 ) ;
#398 = ORIENTED_EDGE ( 'NONE', *, *, #1556, .T. ) ;
#399 = VERTEX_POINT ( 'NONE', #246 ) ;
#400 = EDGE_CURVE ( 'NONE', #3877, #2732, #253, .T. ) ;
#401 = CARTESIAN_POINT ( 'NONE',  ( -10.00000000000000000, 0.000000000000000000, 0.000000000000000000 ) ) ;
#402 = ORIENTED_EDGE ( 'NONE', *, *, #3057, .F. ) ;
#403 = CARTESIAN_POINT ( 'NONE',  ( 5.000000000000000000, -10.40994441961329997, 11.65219645305389840 ) ) ;
#404 = CYLINDRICAL_SURFACE ( 'NONE', #3479, 5.750000000000000000 ) ;
#405 = DIRECTION ( 'NONE',  ( -1.000000000000000000, -0.000000000000000000, -0.000000000000000000 ) ) ;
#406 = DIRECTION ( 'NONE',  ( -1.000000000000000000, 0.000000000000000000, 0.000000000000000000 ) ) ;
#407 = DIRECTION ( 'NONE',  ( -1.000000000000000000, 0.000000000000000000, 0.000000000000000000 ) ) ;
#408 = AXIS2_PLACEMENT_3D ( 'NONE', #2582, #423, #1018 ) ;
#409 = ORIENTED_EDGE ( 'NONE', *, *, #1409, .F. ) ;
#410 = CYLINDRICAL_SURFACE ( 'NONE', #2858, 1.600000000000000755 ) ;
#411 = DIRECTION ( 'NONE',  ( -1.000000000000000000, -0.000000000000000000, -0.000000000000000000 ) ) ;
#412 = ORIENTED_EDGE ( 'NONE', *, *, #221, .F. ) ;
#413 = VECTOR ( 'NONE', #2007, 1000.000000000000000 ) ;
#414 = VERTEX_POINT ( 'NONE', #1201 ) ;
#415 = CARTESIAN_POINT ( 'NONE',  ( 10.00000000000000000, 13.20735115122741909, 2.915544254518559697 ) ) ;
#416 = ADVANCED_FACE ( 'NONE', ( #2158 ), #273, .T. ) ;
#417 = EDGE_LOOP ( 'NONE', ( #2774, #1498, #3569, #3167 ) ) ;
#418 = DIRECTION ( 'NONE',  ( 0.000000000000000000, 0.000000000000000000, 1.000000000000000000 ) ) ;
#419 = ORIENTED_EDGE ( 'NONE', *, *, #776, .F. ) ;
#420 = DIRECTION ( 'NONE',  ( 0.000000000000000000, 0.000000000000000000, 1.000000000000000000 ) ) ;
#421 = EDGE_CURVE ( 'NONE', #1977, #615, #980, .T. ) ;
#422 = DIRECTION ( 'NONE',  ( 0.000000000000000000, 0.000000000000000000, 1.000000000000000000 ) ) ;
#423 = DIRECTION ( 'NONE',  ( -1.000000000000000000, 0.000000000000000000, 0.000000000000000000 ) ) ;
#424 = DIRECTION ( 'NONE',  ( 0.000000000000000000, -0.5195839500354231255, -0.8544194045464948983 ) ) ;
#425 = ORIENTED_EDGE ( 'NONE', *, *, #4034, .F. ) ;
#426 = CARTESIAN_POINT ( 'NONE',  ( 10.00000000000000000, -12.59563626849159945, 2.341896505368910475 ) ) ;
#427 = CARTESIAN_POINT ( 'NONE',  ( 10.00000000000000000, 8.292634615677300758, 9.765589761036990168 ) ) ;
#428 = EDGE_LOOP ( 'NONE', ( #3236, #3108, #764, #2566 ) ) ;
#429 = VERTEX_POINT ( 'NONE', #3864 ) ;
#430 = CIRCLE ( 'NONE', #1480, 5.750000000000000000 ) ;
#431 = EDGE_CURVE ( 'NONE', #1788, #1313, #780, .T. ) ;
#432 = LINE ( 'NONE', #3303, #1647 ) ;
#433 = CIRCLE ( 'NONE', #1355, 5.749999999999996447 ) ;
#434 = DIRECTION ( 'NONE',  ( 1.000000000000000000, -0.000000000000000000, -0.000000000000000000 ) ) ;
#435 = EDGE_CURVE ( 'NONE', #1578, #1655, #581, .T. ) ;
#436 = ORIENTED_EDGE ( 'NONE', *, *, #2198, .F. ) ;
#437 = CIRCLE ( 'NONE', #2734, 15.62500000000000000 ) ;
#438 = ORIENTED_EDGE ( 'NONE', *, *, #2688, .F. ) ;
#439 = EDGE_CURVE ( 'NONE', #1269, #1003, #2247, .T. ) ;
#440 = DIRECTION ( 'NONE',  ( -1.000000000000000000, 0.000000000000000000, 0.000000000000000000 ) ) ;
#441 = EDGE_LOOP ( 'NONE', ( #1630, #1448, #2759, #2712 ) ) ;
#442 = ADVANCED_FACE ( 'NONE', ( #1612 ), #2228, .F. ) ;
#443 = FACE_OUTER_BOUND ( 'NONE', #1352, .T. ) ;
#444 = AXIS2_PLACEMENT_3D ( 'NONE', #668, #3743, #3099 ) ;
#445 = DIRECTION ( 'NONE',  ( -1.000000000000000000, 0.000000000000000000, 0.000000000000000000 ) ) ;
#446 = CIRCLE ( 'NONE', #1426, 5.749999999999997335 ) ;
#447 = CIRCLE ( 'NONE', #2210, 1.600000000000000755 ) ;
#448 = LINE ( 'NONE', #1701, #2537 ) ;
#449 = AXIS2_PLACEMENT_3D ( 'NONE', #921, #1555, #4022 ) ;
#450 = ORIENTED_EDGE ( 'NONE', *, *, #2364, .T. ) ;
#451 = CYLINDRICAL_SURFACE ( 'NONE', #388, 5.750000000000000000 ) ;
#452 = CARTESIAN_POINT ( 'NONE',  ( 0.000000000000000000, -12.76039202360794000, 1.143209365708051983 ) ) ;
#453 = EDGE_LOOP ( 'NONE', ( #1392, #1452, #1287, #438 ) ) ;
#454 = AXIS2_PLACEMENT_3D ( 'NONE', #3326, #1164, #2350 ) ;
#455 = ORIENTED_EDGE ( 'NONE', *, *, #3445, .T. ) ;
#456 = DIRECTION ( 'NONE',  ( -1.000000000000000000, 0.000000000000000000, 0.000000000000000000 ) ) ;
#457 = CARTESIAN_POINT ( 'NONE',  ( 0.000000000000000000, -0.2697443336426980087, -12.80865997067872009 ) ) ;
#458 = VERTEX_POINT ( 'NONE', #3252 ) ;
#459 = ORIENTED_EDGE ( 'NONE', *, *, #3987, .T. ) ;
#460 = DIRECTION ( 'NONE',  ( 0.000000000000000000, 0.000000000000000000, -1.000000000000000000 ) ) ;
#461 = VERTEX_POINT ( 'NONE', #3515 ) ;
#462 = DIRECTION ( 'NONE',  ( -1.000000000000000000, 0.000000000000000000, 0.000000000000000000 ) ) ;
#463 = CARTESIAN_POINT ( 'NONE',  ( -10.00000000000000000, 0.000000000000000000, 0.000000000000000000 ) ) ;
#464 = CARTESIAN_POINT ( 'NONE',  ( 10.00000000000000000, 7.332110811570580046E-14, 7.000000000000000888 ) ) ;
#465 = EDGE_CURVE ( 'NONE', #3381, #414, #3676, .T. ) ;
#466 = ADVANCED_FACE ( 'NONE', ( #3203 ), #2897, .T. ) ;
#467 = VERTEX_POINT ( 'NONE', #77 ) ;
#468 = DIRECTION ( 'NONE',  ( -1.000000000000000000, 0.000000000000000000, 0.000000000000000000 ) ) ;
#469 = DIRECTION ( 'NONE',  ( -1.000000000000000000, 0.000000000000000000, 0.000000000000000000 ) ) ;
#470 = ORIENTED_EDGE ( 'NONE', *, *, #1766, .F. ) ;
#471 = VERTEX_POINT ( 'NONE', #3313 ) ;
#472 = ADVANCED_FACE ( 'NONE', ( #793 ), #1719, .T. ) ;
#473 = AXIS2_PLACEMENT_3D ( 'NONE', #2770, #4006, #3102 ) ;
#474 = DIRECTION ( 'NONE',  ( 1.000000000000000000, 0.000000000000000000, 0.000000000000000000 ) ) ;
#475 = ORIENTED_EDGE ( 'NONE', *, *, #192, .T. ) ;
#476 = DIRECTION ( 'NONE',  ( 0.000000000000000000, 0.000000000000000000, 1.000000000000000000 ) ) ;
#477 = ORIENTED_EDGE ( 'NONE', *, *, #3086, .F. ) ;
#478 = CARTESIAN_POINT ( 'NONE',  ( 3.000000000000000000, 7.000000000000000000, -1.600000000000000089 ) ) ;
#479 = FACE_BOUND ( 'NONE', #3092, .T. ) ;
#480 = DIRECTION ( 'NONE',  ( 0.000000000000000000, 0.000000000000000000, -1.000000000000000000 ) ) ;
#481 = ADVANCED_FACE ( 'NONE', ( #2387 ), #2410, .T. ) ;
#482 = FACE_BOUND ( 'NONE', #2443, .T. ) ;
#483 = ADVANCED_FACE ( 'NONE', ( #807 ), #3036, .T. ) ;
#484 = VERTEX_POINT ( 'NONE', #3943 ) ;
#485 = CARTESIAN_POINT ( 'NONE',  ( 0.000000000000000000, 0.000000000000000000, 0.000000000000000000 ) ) ;
#486 = EDGE_LOOP ( 'NONE', ( #863, #2634, #2426, #2277 ) ) ;
#487 = EDGE_CURVE ( 'NONE', #562, #683, #217, .T. ) ;
#488 = EDGE_CURVE ( 'NONE', #3027, #3642, #2483, .T. ) ;
#489 = ORIENTED_EDGE ( 'NONE', *, *, #2173, .T. ) ;
#490 = CARTESIAN_POINT ( 'NONE',  ( 10.00000000000000000, -4.855571540453960111, -11.85571411875021930 ) ) ;
#491 = CARTESIAN_POINT ( 'NONE',  ( 10.00000000000000000, 15.52270379068854922, 1.785018774843234901 ) ) ;
#492 = VECTOR ( 'NONE', #1096, 1000.000000000000000 ) ;
#493 = AXIS2_PLACEMENT_3D ( 'NONE', #3117, #1789, #4036 ) ;
#494 = DIRECTION ( 'NONE',  ( 0.000000000000000000, 0.5195839500354346718, -0.8544194045464877929 ) ) ;
#495 = DIRECTION ( 'NONE',  ( 1.000000000000000000, 0.000000000000000000, 0.000000000000000000 ) ) ;
#496 = ORIENTED_EDGE ( 'NONE', *, *, #2137, .T. ) ;
#497 = AXIS2_PLACEMENT_3D ( 'NONE', #3824, #1004, #2332 ) ;
#498 = CYLINDRICAL_SURFACE ( 'NONE', #1764, 15.62500000000000000 ) ;
#499 = PLANE ( 'NONE',  #3551 ) ;
#500 = DIRECTION ( 'NONE',  ( 0.000000000000000000, 0.9976687691905389288, 0.06824241336467466723 ) ) ;
#501 = PLANE ( 'NONE',  #1754 ) ;
#502 = VERTEX_POINT ( 'NONE', #3600 ) ;
#503 = LINE ( 'NONE', #1761, #209 ) ;
#504 = AXIS2_PLACEMENT_3D ( 'NONE', #3064, #3730, #2057 ) ;
#505 = EDGE_CURVE ( 'NONE', #3707, #1274, #2996, .T. ) ;
#506 = AXIS2_PLACEMENT_3D ( 'NONE', #809, #2999, #3703 ) ;
#507 = CIRCLE ( 'NONE', #3140, 12.81150000000000766 ) ;
#508 = ORIENTED_EDGE ( 'NONE', *, *, #1707, .T. ) ;
#509 = LINE ( 'NONE', #1138, #2958 ) ;
#510 = AXIS2_PLACEMENT_3D ( 'NONE', #3618, #213, #790 ) ;
#511 = ORIENTED_EDGE ( 'NONE', *, *, #3658, .T. ) ;
#512 = DIRECTION ( 'NONE',  ( 0.000000000000000000, 0.000000000000000000, -1.000000000000000000 ) ) ;
#513 = AXIS2_PLACEMENT_3D ( 'NONE', #1751, #3678, #3959 ) ;
#514 = DIRECTION ( 'NONE',  ( 0.000000000000000000, 0.000000000000000000, -1.000000000000000000 ) ) ;
#515 = ADVANCED_FACE ( 'NONE', ( #1488, #2032, #1404, #479, #2351, #3017 ), #1775, .F. ) ;
#516 = CARTESIAN_POINT ( 'NONE',  ( 10.00000000000000000, 8.292634615677300758, 9.765589761036990168 ) ) ;
#517 = ORIENTED_EDGE ( 'NONE', *, *, #2565, .T. ) ;
#518 = CARTESIAN_POINT ( 'NONE',  ( 10.00000000000000000, 13.48231375170812107, -0.8339542585916149831 ) ) ;
#519 = DIRECTION ( 'NONE',  ( 0.000000000000000000, 0.000000000000000000, 1.000000000000000000 ) ) ;
#520 = EDGE_CURVE ( 'NONE', #328, #1706, #321, .T. ) ;
#521 = CARTESIAN_POINT ( 'NONE',  ( 0.000000000000000000, 5.462285525855421042, 12.35442028744980014 ) ) ;
#522 = DIRECTION ( 'NONE',  ( -1.000000000000000000, 0.000000000000000000, 0.000000000000000000 ) ) ;
#523 = VERTEX_POINT ( 'NONE', #3374 ) ;
#524 = DIRECTION ( 'NONE',  ( 0.000000000000000000, -0.8169698930104469792, 0.5766803221148599778 ) ) ;
#525 = ORIENTED_EDGE ( 'NONE', *, *, #1717, .T. ) ;
#526 = ORIENTED_EDGE ( 'NONE', *, *, #3702, .F. ) ;
#527 = CARTESIAN_POINT ( 'NONE',  ( 3.000000000000000000, 7.332110811570580046E-14, 4.000000000000000000 ) ) ;
#528 = ORIENTED_EDGE ( 'NONE', *, *, #3493, .T. ) ;
#529 = AXIS2_PLACEMENT_3D ( 'NONE', #2925, #1069, #758 ) ;
#530 = DIRECTION ( 'NONE',  ( 0.000000000000000000, 0.000000000000000000, 1.000000000000000000 ) ) ;
#531 = CARTESIAN_POINT ( 'NONE',  ( 5.000000000000000000, -13.16764042189669937, 8.411532007882540185 ) ) ;
#532 = AXIS2_PLACEMENT_3D ( 'NONE', #1150, #833, #2088 ) ;
#533 = DIRECTION ( 'NONE',  ( -1.000000000000000000, 0.000000000000000000, 0.000000000000000000 ) ) ;
#534 = EDGE_LOOP ( 'NONE', ( #2202, #3088 ) ) ;
#535 = ADVANCED_FACE ( 'NONE', ( #2370 ), #2064, .T. ) ;
#536 = DIRECTION ( 'NONE',  ( 0.000000000000000000, -0.9790840876823206917, -0.2034560130526444355 ) ) ;
#537 = DIRECTION ( 'NONE',  ( 0.000000000000000000, 0.000000000000000000, -1.000000000000000000 ) ) ;
#538 = DIRECTION ( 'NONE',  ( 0.000000000000000000, 0.9790840876823234673, -0.2034560130526310295 ) ) ;
#539 = CARTESIAN_POINT ( 'NONE',  ( 0.000000000000000000, 0.000000000000000000, 0.000000000000000000 ) ) ;
#540 = ADVANCED_FACE ( 'NONE', ( #1734, #1791 ), #499, .T. ) ;
#541 = LINE ( 'NONE', #832, #4060 ) ;
#542 = DIRECTION ( 'NONE',  ( 0.000000000000000000, 0.000000000000000000, 1.000000000000000000 ) ) ;
#543 = ORIENTED_EDGE ( 'NONE', *, *, #2192, .F. ) ;
#544 = DIRECTION ( 'NONE',  ( -1.000000000000000000, 0.000000000000000000, 0.000000000000000000 ) ) ;
#545 = ORIENTED_EDGE ( 'NONE', *, *, #2071, .T. ) ;
#546 = EDGE_CURVE ( 'NONE', #1269, #2140, #4062, .T. ) ;
#547 = ORIENTED_EDGE ( 'NONE', *, *, #3135, .T. ) ;
#548 = DIRECTION ( 'NONE',  ( 0.000000000000000000, 0.000000000000000000, 1.000000000000000000 ) ) ;
#549 = ORIENTED_EDGE ( 'NONE', *, *, #2797, .F. ) ;
#550 = DIRECTION ( 'NONE',  ( -1.000000000000000000, 0.000000000000000000, 0.000000000000000000 ) ) ;
#551 = DIRECTION ( 'NONE',  ( -1.000000000000000000, 0.000000000000000000, 0.000000000000000000 ) ) ;
#552 = ADVANCED_FACE ( 'NONE', ( #1146 ), #232, .T. ) ;
#553 = ADVANCED_FACE ( 'NONE', ( #3295 ), #2658, .T. ) ;
#554 = CARTESIAN_POINT ( 'NONE',  ( 10.00000000000000000, 0.000000000000000000, 0.000000000000000000 ) ) ;
#555 = ORIENTED_EDGE ( 'NONE', *, *, #1646, .F. ) ;
#556 = CIRCLE ( 'NONE', #1679, 1.600000000000000755 ) ;
#557 = DIRECTION ( 'NONE',  ( 0.000000000000000000, 0.000000000000000000, -1.000000000000000000 ) ) ;
#558 = CARTESIAN_POINT ( 'NONE',  ( 10.00000000000000000, -9.932084523302711077, -9.155433404645119566 ) ) ;
#559 = DIRECTION ( 'NONE',  ( -1.000000000000000000, 0.000000000000000000, 0.000000000000000000 ) ) ;
#560 = AXIS2_PLACEMENT_3D ( 'NONE', #2403, #3669, #845 ) ;
#561 = EDGE_CURVE ( 'NONE', #3557, #1236, #3878, .T. ) ;
#562 = VERTEX_POINT ( 'NONE', #2825 ) ;
#563 = AXIS2_PLACEMENT_3D ( 'NONE', #2536, #1599, #674 ) ;
#564 = LINE ( 'NONE', #1857, #3798 ) ;
#565 = ORIENTED_EDGE ( 'NONE', *, *, #611, .T. ) ;
#566 = DIRECTION ( 'NONE',  ( 0.000000000000000000, -0.6310879443260588584, 0.7757112907044149130 ) ) ;
#567 = CYLINDRICAL_SURFACE ( 'NONE', #340, 1.600000000000000089 ) ;
#568 = AXIS2_PLACEMENT_3D ( 'NONE', #1440, #928, #1522 ) ;
#569 = VERTEX_POINT ( 'NONE', #2435 ) ;
#570 = CARTESIAN_POINT ( 'NONE',  ( 0.000000000000000000, 7.351705160356937417E-14, 8.600000000000001421 ) ) ;
#571 = ORIENTED_EDGE ( 'NONE', *, *, #3416, .F. ) ;
#572 = VERTEX_POINT ( 'NONE', #3076 ) ;
#573 = DIRECTION ( 'NONE',  ( 0.000000000000000000, 0.000000000000000000, 1.000000000000000000 ) ) ;
#574 = DIRECTION ( 'NONE',  ( 0.000000000000000000, 0.000000000000000000, 1.000000000000000000 ) ) ;
#575 = AXIS2_PLACEMENT_3D ( 'NONE', #2143, #2805, #1210 ) ;
#576 = ORIENTED_EDGE ( 'NONE', *, *, #2122, .F. ) ;
#577 = VECTOR ( 'NONE', #364, 1000.000000000000000 ) ;
#578 = LINE ( 'NONE', #3425, #3331 ) ;
#579 = CIRCLE ( 'NONE', #3145, 15.62500000000000000 ) ;
#580 = AXIS2_PLACEMENT_3D ( 'NONE', #2887, #2489, #2841 ) ;
#581 = CIRCLE ( 'NONE', #844, 5.749999999999999112 ) ;
#582 = CYLINDRICAL_SURFACE ( 'NONE', #3015, 12.81150000000000055 ) ;
#583 = AXIS2_PLACEMENT_3D ( 'NONE', #390, #81, #3872 ) ;
#584 = AXIS2_PLACEMENT_3D ( 'NONE', #604, #956, #2511 ) ;
#585 = DIRECTION ( 'NONE',  ( 0.000000000000000000, 0.000000000000000000, 1.000000000000000000 ) ) ;
#586 = CARTESIAN_POINT ( 'NONE',  ( 0.000000000000000000, 0.000000000000000000, 0.000000000000000000 ) ) ;
#587 = EDGE_LOOP ( 'NONE', ( #3275, #3189, #743, #108 ) ) ;
#588 = CYLINDRICAL_SURFACE ( 'NONE', #2241, 12.81150000000000055 ) ;
#589 = ORIENTED_EDGE ( 'NONE', *, *, #1097, .T. ) ;
#590 = EDGE_CURVE ( 'NONE', #3249, #3785, #2956, .T. ) ;
#591 = ORIENTED_EDGE ( 'NONE', *, *, #2297, .F. ) ;
#592 = ORIENTED_EDGE ( 'NONE', *, *, #3291, .F. ) ;
#593 = CARTESIAN_POINT ( 'NONE',  ( 3.000000000000000000, 7.351705160356937417E-14, 8.600000000000001421 ) ) ;
#594 = DIRECTION ( 'NONE',  ( -1.000000000000000000, 0.000000000000000000, 0.000000000000000000 ) ) ;
#595 = ORIENTED_EDGE ( 'NONE', *, *, #2520, .F. ) ;
#596 = DIRECTION ( 'NONE',  ( 1.000000000000000000, 0.000000000000000000, 0.000000000000000000 ) ) ;
#597 = ADVANCED_FACE ( 'NONE', ( #1573 ), #1834, .T. ) ;
#598 = AXIS2_PLACEMENT_3D ( 'NONE', #1582, #17, #2855 ) ;
#599 = CARTESIAN_POINT ( 'NONE',  ( 10.00000000000000000, 0.000000000000000000, 0.000000000000000000 ) ) ;
#600 = CARTESIAN_POINT ( 'NONE',  ( 10.00000000000000000, 2.011344227983399957, 12.65262923848470145 ) ) ;
#601 = CIRCLE ( 'NONE', #669, 1.599999999999999867 ) ;
#602 = ORIENTED_EDGE ( 'NONE', *, *, #3912, .F. ) ;
#603 = CARTESIAN_POINT ( 'NONE',  ( 0.000000000000000000, 11.24851991847267918, 6.132318639285090356 ) ) ;
#604 = CARTESIAN_POINT ( 'NONE',  ( 10.00000000000000000, 12.75735481870603927, -4.440513690391989954 ) ) ;
#605 = VECTOR ( 'NONE', #1268, 1000.000000000000000 ) ;
#606 = DIRECTION ( 'NONE',  ( 0.000000000000000000, 0.000000000000000000, -1.000000000000000000 ) ) ;
#607 = DIRECTION ( 'NONE',  ( -1.000000000000000000, 0.000000000000000000, 0.000000000000000000 ) ) ;
#608 = ORIENTED_EDGE ( 'NONE', *, *, #2420, .T. ) ;
#609 = CARTESIAN_POINT ( 'NONE',  ( 0.000000000000000000, 15.52270379068854922, 1.785018774843230016 ) ) ;
#610 = ORIENTED_EDGE ( 'NONE', *, *, #590, .T. ) ;
#611 = EDGE_CURVE ( 'NONE', #2460, #3770, #2033, .T. ) ;
#612 = ADVANCED_FACE ( 'NONE', ( #1193 ), #2126, .T. ) ;
#613 = CARTESIAN_POINT ( 'NONE',  ( 0.000000000000000000, -13.47029551076158072, 1.009654722010205896 ) ) ;
#614 = ORIENTED_EDGE ( 'NONE', *, *, #3168, .F. ) ;
#615 = VERTEX_POINT ( 'NONE', #2166 ) ;
#616 = CARTESIAN_POINT ( 'NONE',  ( 10.00000000000000000, 0.000000000000000000, 0.000000000000000000 ) ) ;
#617 = DIRECTION ( 'NONE',  ( 0.000000000000000000, 0.000000000000000000, -1.000000000000000000 ) ) ;
#618 = EDGE_CURVE ( 'NONE', #3096, #1235, #784, .T. ) ;
#619 = ORIENTED_EDGE ( 'NONE', *, *, #2584, .T. ) ;
#620 = EDGE_CURVE ( 'NONE', #1419, #859, #1309, .T. ) ;
#621 = CARTESIAN_POINT ( 'NONE',  ( 10.00000000000000000, -2.407297533215772804E-14, -3.999999999999999112 ) ) ;
#622 = CARTESIAN_POINT ( 'NONE',  ( 10.00000000000000000, -1.476880387257710092, 12.72608960253436017 ) ) ;
#623 = FACE_OUTER_BOUND ( 'NONE', #1240, .T. ) ;
#624 = ORIENTED_EDGE ( 'NONE', *, *, #769, .F. ) ;
#625 = CARTESIAN_POINT ( 'NONE',  ( 0.000000000000000000, -13.24318199697760079, 2.662028249258294732 ) ) ;
#626 = CARTESIAN_POINT ( 'NONE',  ( 10.00000000000000000, 15.52270379068854922, -1.785018774843234901 ) ) ;
#627 = DIRECTION ( 'NONE',  ( 0.000000000000000000, 0.7308359642781255827, -0.6825531432186525693 ) ) ;
#628 = AXIS2_PLACEMENT_3D ( 'NONE', #1007, #720, #3520 ) ;
#629 = CARTESIAN_POINT ( 'NONE',  ( 10.00000000000000000, 5.556561520398770604, -14.60360397538990007 ) ) ;
#630 = ORIENTED_EDGE ( 'NONE', *, *, #2985, .F. ) ;
#631 = CIRCLE ( 'NONE', #2861, 5.750000000000000000 ) ;
#632 = CARTESIAN_POINT ( 'NONE',  ( 10.00000000000000000, -10.40994441961329997, 11.65219645305389840 ) ) ;
#633 = ORIENTED_EDGE ( 'NONE', *, *, #4059, .T. ) ;
#634 = AXIS2_PLACEMENT_3D ( 'NONE', #2096, #1785, #2172 ) ;
#635 = CARTESIAN_POINT ( 'NONE',  ( 5.000000000000000000, 14.46548752452594044, -5.906800798891419291 ) ) ;
#636 = VERTEX_POINT ( 'NONE', #3452 ) ;
#637 = ORIENTED_EDGE ( 'NONE', *, *, #2990, .F. ) ;
#638 = CARTESIAN_POINT ( 'NONE',  ( 5.000000000000000000, 14.19036643571219969, -6.540193072089929949 ) ) ;
#639 = AXIS2_PLACEMENT_3D ( 'NONE', #3254, #3186, #424 ) ;
#640 = CARTESIAN_POINT ( 'NONE',  ( 0.000000000000000000, 2.011344227983399957, 12.65262923848470145 ) ) ;
#641 = CYLINDRICAL_SURFACE ( 'NONE', #1759, 12.81150000000000055 ) ;
#642 = VECTOR ( 'NONE', #998, 1000.000000000000000 ) ;
#643 = DIRECTION ( 'NONE',  ( 0.000000000000000000, 0.8169698930104390966, 0.5766803221148710801 ) ) ;
#644 = EDGE_CURVE ( 'NONE', #484, #1357, #1830, .T. ) ;
#645 = VECTOR ( 'NONE', #3842, 1000.000000000000000 ) ;
#646 = FACE_OUTER_BOUND ( 'NONE', #2937, .T. ) ;
#647 = DIRECTION ( 'NONE',  ( 1.000000000000000000, 0.000000000000000000, 0.000000000000000000 ) ) ;
#648 = AXIS2_PLACEMENT_3D ( 'NONE', #330, #2507, #312 ) ;
#649 = AXIS2_PLACEMENT_3D ( 'NONE', #197, #462, #2681 ) ;
#650 = DIRECTION ( 'NONE',  ( -1.000000000000000000, 0.000000000000000000, 0.000000000000000000 ) ) ;
#651 = ORIENTED_EDGE ( 'NONE', *, *, #620, .T. ) ;
#652 = CARTESIAN_POINT ( 'NONE',  ( 10.00000000000000000, 2.011344227983399957, 12.65262923848470145 ) ) ;
#653 = EDGE_CURVE ( 'NONE', #3785, #1519, #3719, .T. ) ;
#654 = CIRCLE ( 'NONE', #915, 12.81150000000000055 ) ;
#655 = CARTESIAN_POINT ( 'NONE',  ( 0.000000000000000000, -3.729149491633809710, -12.98313166666534002 ) ) ;
#656 = ORIENTED_EDGE ( 'NONE', *, *, #2297, .T. ) ;
#657 = CARTESIAN_POINT ( 'NONE',  ( 10.00000000000000000, -4.855571540453960111, -11.85571411875021930 ) ) ;
#658 = ORIENTED_EDGE ( 'NONE', *, *, #1091, .T. ) ;
#659 = CARTESIAN_POINT ( 'NONE',  ( 5.000000000000000000, 15.52270379068854922, 1.785018774843234901 ) ) ;
#660 = ORIENTED_EDGE ( 'NONE', *, *, #1627, .F. ) ;
#661 = VERTEX_POINT ( 'NONE', #1227 ) ;
#662 = ADVANCED_FACE ( 'NONE', ( #3761 ), #4021, .F. ) ;
#663 = DIRECTION ( 'NONE',  ( -1.000000000000000000, 0.000000000000000000, 0.000000000000000000 ) ) ;
#664 = DIRECTION ( 'NONE',  ( -1.000000000000000000, 0.000000000000000000, 0.000000000000000000 ) ) ;
#665 = EDGE_CURVE ( 'NONE', #3225, #467, #1423, .T. ) ;
#666 = ORIENTED_EDGE ( 'NONE', *, *, #3523, .F. ) ;
#667 = EDGE_CURVE ( 'NONE', #429, #3104, #3343, .T. ) ;
#668 = CARTESIAN_POINT ( 'NONE',  ( 0.000000000000000000, 0.000000000000000000, 0.000000000000000000 ) ) ;
#669 = AXIS2_PLACEMENT_3D ( 'NONE', #3732, #2195, #3485 ) ;
#670 = CARTESIAN_POINT ( 'NONE',  ( 5.000000000000000000, -13.16764042189658035, -8.411532007882719597 ) ) ;
#671 = CARTESIAN_POINT ( 'NONE',  ( 0.000000000000000000, 0.000000000000000000, 0.000000000000000000 ) ) ;
#672 = AXIS2_PLACEMENT_3D ( 'NONE', #159, #3925, #3653 ) ;
#673 = ORIENTED_EDGE ( 'NONE', *, *, #2137, .F. ) ;
#674 = DIRECTION ( 'NONE',  ( 0.000000000000000000, 0.000000000000000000, 1.000000000000000000 ) ) ;
#675 = DIRECTION ( 'NONE',  ( -1.000000000000000000, 0.000000000000000000, 0.000000000000000000 ) ) ;
#676 = ORIENTED_EDGE ( 'NONE', *, *, #2579, .F. ) ;
#677 = FACE_OUTER_BOUND ( 'NONE', #1006, .T. ) ;
#678 = VERTEX_POINT ( 'NONE', #3742 ) ;
#679 = ORIENTED_EDGE ( 'NONE', *, *, #1343, .T. ) ;
#680 = FACE_OUTER_BOUND ( 'NONE', #3550, .T. ) ;
#681 = CYLINDRICAL_SURFACE ( 'NONE', #580, 12.81150000000000055 ) ;
#682 = DIRECTION ( 'NONE',  ( -1.000000000000000000, 0.000000000000000000, 0.000000000000000000 ) ) ;
#683 = VERTEX_POINT ( 'NONE', #2453 ) ;
#684 = EDGE_CURVE ( 'NONE', #1275, #1337, #2873, .T. ) ;
#685 = LINE ( 'NONE', #1929, #3738 ) ;
#686 = EDGE_CURVE ( 'NONE', #2393, #4010, #2146, .T. ) ;
#687 = CARTESIAN_POINT ( 'NONE',  ( 0.000000000000000000, 7.000000000000000000, -1.600000000000000089 ) ) ;
#688 = DIRECTION ( 'NONE',  ( 1.000000000000000000, 0.000000000000000000, 0.000000000000000000 ) ) ;
#689 = DIRECTION ( 'NONE',  ( 0.000000000000000000, -0.9790840876823204697, -0.2034560130526450183 ) ) ;
#690 = CYLINDRICAL_SURFACE ( 'NONE', #1780, 3.000000000000000444 ) ;
#691 = EDGE_LOOP ( 'NONE', ( #4046, #90, #1218, #856 ) ) ;
#692 = AXIS2_PLACEMENT_3D ( 'NONE', #1075, #474, #3285 ) ;
#693 = CARTESIAN_POINT ( 'NONE',  ( 5.000000000000000000, 14.19036643571210021, 6.540193072090120019 ) ) ;
#694 = ADVANCED_FACE ( 'NONE', ( #1250 ), #2493, .T. ) ;
#695 = ORIENTED_EDGE ( 'NONE', *, *, #1176, .T. ) ;
#696 = CARTESIAN_POINT ( 'NONE',  ( -10.00000000000000000, 0.000000000000000000, 0.000000000000000000 ) ) ;
#697 = DIRECTION ( 'NONE',  ( -1.000000000000000000, 0.000000000000000000, 0.000000000000000000 ) ) ;
#698 = EDGE_LOOP ( 'NONE', ( #3776, #2440, #630, #496 ) ) ;
#699 = ORIENTED_EDGE ( 'NONE', *, *, #1447, .F. ) ;
#700 = AXIS2_PLACEMENT_3D ( 'NONE', #613, #325, #1291 ) ;
#701 = FACE_OUTER_BOUND ( 'NONE', #2519, .T. ) ;
#702 = EDGE_CURVE ( 'NONE', #3685, #484, #3796, .T. ) ;
#703 = CARTESIAN_POINT ( 'NONE',  ( 10.00000000000000000, 14.19036643571218015, -6.540193072089929949 ) ) ;
#704 = ORIENTED_EDGE ( 'NONE', *, *, #1873, .F. ) ;
#705 = ORIENTED_EDGE ( 'NONE', *, *, #2781, .F. ) ;
#706 = DIRECTION ( 'NONE',  ( -1.000000000000000000, 0.000000000000000000, 0.000000000000000000 ) ) ;
#707 = CIRCLE ( 'NONE', #2951, 5.750000000000000000 ) ;
#708 = VERTEX_POINT ( 'NONE', #2528 ) ;
#709 = DIRECTION ( 'NONE',  ( 0.000000000000000000, -0.6310879443260587474, 0.7757112907044149130 ) ) ;
#710 = ORIENTED_EDGE ( 'NONE', *, *, #1388, .F. ) ;
#711 = CIRCLE ( 'NONE', #2078, 3.000000000000000888 ) ;
#712 = DIRECTION ( 'NONE',  ( 0.000000000000000000, 0.9422609221188190665, 0.3348796121709900486 ) ) ;
#713 = AXIS2_PLACEMENT_3D ( 'NONE', #599, #1547, #2821 ) ;
#714 = DIRECTION ( 'NONE',  ( -1.000000000000000000, 0.000000000000000000, 0.000000000000000000 ) ) ;
#715 = DIRECTION ( 'NONE',  ( 1.000000000000000000, -0.000000000000000000, -0.000000000000000000 ) ) ;
#716 = AXIS2_PLACEMENT_3D ( 'NONE', #2938, #1898, #981 ) ;
#717 = LINE ( 'NONE', #1990, #2281 ) ;
#718 = AXIS2_PLACEMENT_3D ( 'NONE', #2946, #1683, #2036 ) ;
#719 = VERTEX_POINT ( 'NONE', #1608 ) ;
#720 = DIRECTION ( 'NONE',  ( -1.000000000000000000, 0.000000000000000000, 0.000000000000000000 ) ) ;
#721 = FACE_OUTER_BOUND ( 'NONE', #1316, .T. ) ;
#722 = EDGE_LOOP ( 'NONE', ( #1665, #3846, #409, #2164 ) ) ;
#723 = EDGE_CURVE ( 'NONE', #1603, #1539, #1174, .T. ) ;
#724 = ORIENTED_EDGE ( 'NONE', *, *, #1041, .F. ) ;
#725 = CIRCLE ( 'NONE', #3026, 5.750000000000000000 ) ;
#726 = CARTESIAN_POINT ( 'NONE',  ( 0.000000000000000000, 15.52270379068854922, -1.785018774843230016 ) ) ;
#727 = PLANE ( 'NONE',  #959 ) ;
#728 = EDGE_CURVE ( 'NONE', #2323, #2966, #3607, .T. ) ;
#729 = ORIENTED_EDGE ( 'NONE', *, *, #3311, .F. ) ;
#730 = ORIENTED_EDGE ( 'NONE', *, *, #2797, .T. ) ;
#731 = CYLINDRICAL_SURFACE ( 'NONE', #1495, 12.81150000000000055 ) ;
#732 = VERTEX_POINT ( 'NONE', #997 ) ;
#733 = DIRECTION ( 'NONE',  ( 0.000000000000000000, 0.000000000000000000, 1.000000000000000000 ) ) ;
#734 = CYLINDRICAL_SURFACE ( 'NONE', #1430, 5.750000000000000888 ) ;
#735 = DIRECTION ( 'NONE',  ( 1.000000000000000000, -0.000000000000000000, -0.000000000000000000 ) ) ;
#736 = CARTESIAN_POINT ( 'NONE',  ( 10.00000000000000000, -15.62118451506434980, -0.3452815464436014836 ) ) ;
#737 = AXIS2_PLACEMENT_3D ( 'NONE', #3566, #1008, #741 ) ;
#738 = CARTESIAN_POINT ( 'NONE',  ( 5.000000000000000000, 4.905870903713871023, -14.83485947611550060 ) ) ;
#739 = ORIENTED_EDGE ( 'NONE', *, *, #315, .F. ) ;
#740 = CARTESIAN_POINT ( 'NONE',  ( 10.00000000000000000, 0.000000000000000000, 0.000000000000000000 ) ) ;
#741 = DIRECTION ( 'NONE',  ( 0.000000000000000000, -0.2697967711570119498, -0.9629172873478027972 ) ) ;
#742 = EDGE_CURVE ( 'NONE', #2285, #3685, #685, .T. ) ;
#743 = ORIENTED_EDGE ( 'NONE', *, *, #1225, .T. ) ;
#744 = EDGE_CURVE ( 'NONE', #2260, #3705, #3279, .T. ) ;
#745 = ORIENTED_EDGE ( 'NONE', *, *, #2912, .T. ) ;
#746 = ADVANCED_FACE ( 'NONE', ( #1776 ), #2702, .T. ) ;
#747 = EDGE_CURVE ( 'NONE', #2140, #1781, #1813, .T. ) ;
#748 = CARTESIAN_POINT ( 'NONE',  ( 10.00000000000000000, 13.20735115122737824, 2.834455745481625044 ) ) ;
#749 = ORIENTED_EDGE ( 'NONE', *, *, #3702, .T. ) ;
#750 = ORIENTED_EDGE ( 'NONE', *, *, #1329, .T. ) ;
#751 = CARTESIAN_POINT ( 'NONE',  ( 10.00000000000000000, 0.000000000000000000, 0.000000000000000000 ) ) ;
#752 = ORIENTED_EDGE ( 'NONE', *, *, #3535, .F. ) ;
#753 = DIRECTION ( 'NONE',  ( 0.000000000000000000, 0.000000000000000000, 1.000000000000000000 ) ) ;
#754 = DIRECTION ( 'NONE',  ( -1.000000000000000000, 0.000000000000000000, 0.000000000000000000 ) ) ;
#755 = DIRECTION ( 'NONE',  ( 0.000000000000000000, 0.2697967711570250504, -0.9629172873477991335 ) ) ;
#756 = ORIENTED_EDGE ( 'NONE', *, *, #2985, .T. ) ;
#757 = FACE_OUTER_BOUND ( 'NONE', #587, .T. ) ;
#758 = DIRECTION ( 'NONE',  ( 0.000000000000000000, 0.000000000000000000, 1.000000000000000000 ) ) ;
#759 = ORIENTED_EDGE ( 'NONE', *, *, #262, .F. ) ;
#760 = VERTEX_POINT ( 'NONE', #3330 ) ;
#761 = CIRCLE ( 'NONE', #1285, 3.000000000000000000 ) ;
#762 = STYLED_ITEM ( 'NONE', ( #2831 ), #2931 ) ;
#763 = CYLINDRICAL_SURFACE ( 'NONE', #1798, 15.62500000000000000 ) ;
#764 = ORIENTED_EDGE ( 'NONE', *, *, #505, .F. ) ;
#765 = VECTOR ( 'NONE', #4008, 1000.000000000000000 ) ;
#766 = VERTEX_POINT ( 'NONE', #1489 ) ;
#767 = DIRECTION ( 'NONE',  ( 0.000000000000000000, 0.3984010898462361228, 0.9172113015054553786 ) ) ;
#768 = ORIENTED_EDGE ( 'NONE', *, *, #465, .T. ) ;
#769 = EDGE_CURVE ( 'NONE', #708, #3740, #1623, .T. ) ;
#770 = CYLINDRICAL_SURFACE ( 'NONE', #3149, 3.000000000000000000 ) ;
#771 = DIRECTION ( 'NONE',  ( 0.000000000000000000, 0.000000000000000000, 1.000000000000000000 ) ) ;
#772 = AXIS2_PLACEMENT_3D ( 'NONE', #3777, #1591, #2845 ) ;
#773 = CARTESIAN_POINT ( 'NONE',  ( 3.000000000000000000, 7.332110811570580046E-14, 7.000000000000000888 ) ) ;
#774 = CIRCLE ( 'NONE', #2344, 5.750000000000002665 ) ;
#775 = CARTESIAN_POINT ( 'NONE',  ( 10.00000000000000000, 12.15943163291379925, 4.035189538856315039 ) ) ;
#776 = EDGE_CURVE ( 'NONE', #1117, #2650, #177, .T. ) ;
#777 = ORIENTED_EDGE ( 'NONE', *, *, #3839, .F. ) ;
#778 = CYLINDRICAL_SURFACE ( 'NONE', #3552, 5.750000000000000000 ) ;
#779 = CARTESIAN_POINT ( 'NONE',  ( 0.000000000000000000, -12.59563626849155860, -2.341896505369085002 ) ) ;
#780 = CIRCLE ( 'NONE', #2680, 15.62500000000000000 ) ;
#781 = ORIENTED_EDGE ( 'NONE', *, *, #234, .F. ) ;
#782 = AXIS2_PLACEMENT_3D ( 'NONE', #3373, #1733, #231 ) ;
#783 = ORIENTED_EDGE ( 'NONE', *, *, #3120, .T. ) ;
#784 = CIRCLE ( 'NONE', #3083, 5.749999999999998224 ) ;
#785 = CYLINDRICAL_SURFACE ( 'NONE', #2361, 15.62500000000000000 ) ;
#786 = DIRECTION ( 'NONE',  ( -1.000000000000000000, 0.000000000000000000, 0.000000000000000000 ) ) ;
#787 = ADVANCED_FACE ( 'NONE', ( #828 ), #261, .T. ) ;
#788 = EDGE_LOOP ( 'NONE', ( #3718, #459, #2534, #969 ) ) ;
#789 = EDGE_CURVE ( 'NONE', #3770, #2460, #3477, .T. ) ;
#790 = DIRECTION ( 'NONE',  ( 0.000000000000000000, 0.000000000000000000, 1.000000000000000000 ) ) ;
#791 = VERTEX_POINT ( 'NONE', #3453 ) ;
#792 = DIRECTION ( 'NONE',  ( 0.000000000000000000, -0.3984010898462483352, 0.9172113015054499385 ) ) ;
#793 = FACE_OUTER_BOUND ( 'NONE', #2144, .T. ) ;
#794 = APPLICATION_PROTOCOL_DEFINITION ( 'draft international standard', 'automotive_design', 1998, #1120 ) ;
#795 = EDGE_CURVE ( 'NONE', #1672, #3948, #1948, .T. ) ;
#796 = FACE_OUTER_BOUND ( 'NONE', #2212, .T. ) ;
#797 = ORIENTED_EDGE ( 'NONE', *, *, #3493, .F. ) ;
#798 = CARTESIAN_POINT ( 'NONE',  ( 10.00000000000000000, -1.752075746886609942, -13.39397231526528032 ) ) ;
#799 = VERTEX_POINT ( 'NONE', #626 ) ;
#800 = ORIENTED_EDGE ( 'NONE', *, *, #1073, .T. ) ;
#801 = CIRCLE ( 'NONE', #2505, 15.62500000000000000 ) ;
#802 = FACE_OUTER_BOUND ( 'NONE', #2552, .T. ) ;
#803 = DIRECTION ( 'NONE',  ( -1.000000000000000000, 0.000000000000000000, 0.000000000000000000 ) ) ;
#804 = DIRECTION ( 'NONE',  ( -1.000000000000000000, 0.000000000000000000, 0.000000000000000000 ) ) ;
#805 = EDGE_CURVE ( 'NONE', #719, #429, #2187, .T. ) ;
#806 = DIRECTION ( 'NONE',  ( -1.000000000000000000, 0.000000000000000000, 0.000000000000000000 ) ) ;
#807 = FACE_OUTER_BOUND ( 'NONE', #184, .T. ) ;
#808 = CARTESIAN_POINT ( 'NONE',  ( 5.000000000000000000, -10.40994441961315964, -11.65219645305401919 ) ) ;
#809 = CARTESIAN_POINT ( 'NONE',  ( 10.00000000000000000, 6.943196843910169669, 11.58707389255961928 ) ) ;
#810 = VERTEX_POINT ( 'NONE', #320 ) ;
#811 = LINE ( 'NONE', #2105, #1241 ) ;
#812 = ORIENTED_EDGE ( 'NONE', *, *, #117, .T. ) ;
#813 = DIRECTION ( 'NONE',  ( -1.000000000000000000, 0.000000000000000000, 0.000000000000000000 ) ) ;
#814 = EDGE_LOOP ( 'NONE', ( #3747, #759, #455, #2264 ) ) ;
#815 = EDGE_CURVE ( 'NONE', #2562, #636, #314, .T. ) ;
#816 = EDGE_LOOP ( 'NONE', ( #2445, #2303 ) ) ;
#817 = DIRECTION ( 'NONE',  ( -1.000000000000000000, 0.000000000000000000, 0.000000000000000000 ) ) ;
#818 = ORIENTED_EDGE ( 'NONE', *, *, #385, .F. ) ;
#819 = CARTESIAN_POINT ( 'NONE',  ( 10.00000000000000000, -13.52644592144759983, 7.821501501256260092 ) ) ;
#820 = VECTOR ( 'NONE', #2509, 1000.000000000000000 ) ;
#821 = EDGE_CURVE ( 'NONE', #2326, #2816, #1856, .T. ) ;
#822 = AXIS2_PLACEMENT_3D ( 'NONE', #1572, #2553, #955 ) ;
#823 = CARTESIAN_POINT ( 'NONE',  ( 10.00000000000000000, -10.91463276349825939, 11.18085044341308176 ) ) ;
#824 = ORIENTED_EDGE ( 'NONE', *, *, #3105, .T. ) ;
#825 = CIRCLE ( 'NONE', #39, 5.749999999999999112 ) ;
#826 = DIRECTION ( 'NONE',  ( -1.000000000000000000, 0.000000000000000000, 0.000000000000000000 ) ) ;
#827 = DIRECTION ( 'NONE',  ( -1.000000000000000000, 0.000000000000000000, 0.000000000000000000 ) ) ;
#828 = FACE_OUTER_BOUND ( 'NONE', #1914, .T. ) ;
#829 = VERTEX_POINT ( 'NONE', #920 ) ;
#830 = DIRECTION ( 'NONE',  ( 0.000000000000000000, 0.6310879443260488664, 0.7757112907044229066 ) ) ;
#831 = ORIENTED_EDGE ( 'NONE', *, *, #2654, .F. ) ;
#832 = CARTESIAN_POINT ( 'NONE',  ( 10.00000000000000000, -13.47029551076155940, 4.740345277989609585 ) ) ;
#833 = DIRECTION ( 'NONE',  ( -1.000000000000000000, 0.000000000000000000, 0.000000000000000000 ) ) ;
#834 = ORIENTED_EDGE ( 'NONE', *, *, #868, .T. ) ;
#835 = AXIS2_PLACEMENT_3D ( 'NONE', #1897, #353, #297 ) ;
#836 = CIRCLE ( 'NONE', #1822, 5.750000000000000000 ) ;
#837 = ORIENTED_EDGE ( 'NONE', *, *, #2240, .F. ) ;
#838 = ORIENTED_EDGE ( 'NONE', *, *, #923, .T. ) ;
#839 = DIRECTION ( 'NONE',  ( 1.000000000000000000, 0.000000000000000000, 0.000000000000000000 ) ) ;
#840 = CIRCLE ( 'NONE', #2953, 15.62500000000000000 ) ;
#841 = EDGE_CURVE ( 'NONE', #1357, #2792, #335, .T. ) ;
#842 = EDGE_LOOP ( 'NONE', ( #2642, #2588, #2378, #750 ) ) ;
#843 = DIRECTION ( 'NONE',  ( -1.000000000000000000, 0.000000000000000000, 0.000000000000000000 ) ) ;
#844 = AXIS2_PLACEMENT_3D ( 'NONE', #3821, #1661, #2006 ) ;
#845 = DIRECTION ( 'NONE',  ( 0.000000000000000000, 0.000000000000000000, 1.000000000000000000 ) ) ;
#846 = EDGE_CURVE ( 'NONE', #222, #3298, #447, .T. ) ;
#847 = DIRECTION ( 'NONE',  ( 0.000000000000000000, 0.5195839500354346718, -0.8544194045464877929 ) ) ;
#848 = VERTEX_POINT ( 'NONE', #1593 ) ;
#849 = DIRECTION ( 'NONE',  ( -1.000000000000000000, 0.000000000000000000, 0.000000000000000000 ) ) ;
#850 = CARTESIAN_POINT ( 'NONE',  ( 0.000000000000000000, -6.885648935156789996, -10.80381279881200030 ) ) ;
#851 = CARTESIAN_POINT ( 'NONE',  ( 10.00000000000000000, -4.855571540454119983, 11.85571411875016068 ) ) ;
#852 = DIRECTION ( 'NONE',  ( 0.000000000000000000, 0.000000000000000000, 1.000000000000000000 ) ) ;
#853 = DIRECTION ( 'NONE',  ( -1.000000000000000000, 0.000000000000000000, 0.000000000000000000 ) ) ;
#854 = CARTESIAN_POINT ( 'NONE',  ( 0.000000000000000000, -3.715476584966189932, 12.26090396327153975 ) ) ;
#855 = DIRECTION ( 'NONE',  ( -1.000000000000000000, 0.000000000000000000, 0.000000000000000000 ) ) ;
#856 = ORIENTED_EDGE ( 'NONE', *, *, #1940, .T. ) ;
#857 = AXIS2_PLACEMENT_3D ( 'NONE', #3018, #2048, #1735 ) ;
#858 = EDGE_CURVE ( 'NONE', #3376, #92, #8, .T. ) ;
#859 = VERTEX_POINT ( 'NONE', #2866 ) ;
#860 = DIRECTION ( 'NONE',  ( -1.000000000000000000, 0.000000000000000000, 0.000000000000000000 ) ) ;
#861 = EDGE_CURVE ( 'NONE', #3968, #2904, #2672, .T. ) ;
#862 = CARTESIAN_POINT ( 'NONE',  ( 0.000000000000000000, 5.462285525855590684, -12.35442028744972021 ) ) ;
#863 = ORIENTED_EDGE ( 'NONE', *, *, #1597, .F. ) ;
#864 = CIRCLE ( 'NONE', #3631, 12.81150000000000055 ) ;
#865 = CYLINDRICAL_SURFACE ( 'NONE', #3661, 5.750000000000000000 ) ;
#866 = DIRECTION ( 'NONE',  ( 0.000000000000000000, 0.3984010898462364558, 0.9172113015054551566 ) ) ;
#867 = EDGE_CURVE ( 'NONE', #307, #2705, #2786, .T. ) ;
#868 = EDGE_CURVE ( 'NONE', #3838, #1519, #904, .T. ) ;
#869 = VECTOR ( 'NONE', #1662, 1000.000000000000000 ) ;
#870 = DIRECTION ( 'NONE',  ( -1.000000000000000000, 0.000000000000000000, 0.000000000000000000 ) ) ;
#871 = VERTEX_POINT ( 'NONE', #957 ) ;
#872 = DIRECTION ( 'NONE',  ( 1.000000000000000000, 0.000000000000000000, 0.000000000000000000 ) ) ;
#873 = DIRECTION ( 'NONE',  ( 0.000000000000000000, -0.8878852184023700023, -0.4600650377311622519 ) ) ;
#874 = DIRECTION ( 'NONE',  ( -1.000000000000000000, 0.000000000000000000, 0.000000000000000000 ) ) ;
#875 = CARTESIAN_POINT ( 'NONE',  ( 10.00000000000000000, 0.000000000000000000, 0.000000000000000000 ) ) ;
#876 = ORIENTED_EDGE ( 'NONE', *, *, #4067, .T. ) ;
#877 = CARTESIAN_POINT ( 'NONE',  ( 3.000000000000000000, -2.407297533215772804E-14, -3.999999999999999112 ) ) ;
#878 = ORIENTED_EDGE ( 'NONE', *, *, #2872, .T. ) ;
#879 = ORIENTED_EDGE ( 'NONE', *, *, #1290, .T. ) ;
#880 = ORIENTED_EDGE ( 'NONE', *, *, #2849, .F. ) ;
#881 = CARTESIAN_POINT ( 'NONE',  ( 10.00000000000000000, -11.97876787724250036, -4.543528627965640609 ) ) ;
#882 = VERTEX_POINT ( 'NONE', #3512 ) ;
#883 = DIRECTION ( 'NONE',  ( -1.000000000000000000, 0.000000000000000000, 0.000000000000000000 ) ) ;
#884 = VECTOR ( 'NONE', #3156, 1000.000000000000000 ) ;
#885 = FACE_OUTER_BOUND ( 'NONE', #3655, .T. ) ;
#886 = CIRCLE ( 'NONE', #30, 5.749999999999998224 ) ;
#887 = FACE_OUTER_BOUND ( 'NONE', #228, .T. ) ;
#888 = ORIENTED_EDGE ( 'NONE', *, *, #3364, .T. ) ;
#889 = DIRECTION ( 'NONE',  ( 0.000000000000000000, -0.5195839500354229035, -0.8544194045464951204 ) ) ;
#890 = CARTESIAN_POINT ( 'NONE',  ( 0.000000000000000000, -3.729149491633989566, 12.98313166666529916 ) ) ;
#891 = AXIS2_PLACEMENT_3D ( 'NONE', #291, #908, #3405 ) ;
#892 = EDGE_CURVE ( 'NONE', #3499, #1905, #970, .T. ) ;
#893 = AXIS2_PLACEMENT_3D ( 'NONE', #2427, #3367, #530 ) ;
#894 = DIRECTION ( 'NONE',  ( -1.000000000000000000, 0.000000000000000000, 0.000000000000000000 ) ) ;
#895 = CYLINDRICAL_SURFACE ( 'NONE', #1451, 5.750000000000000000 ) ;
#896 = VECTOR ( 'NONE', #306, 1000.000000000000000 ) ;
#897 = EDGE_LOOP ( 'NONE', ( #1471, #656, #679, #161 ) ) ;
#898 = CARTESIAN_POINT ( 'NONE',  ( 10.00000000000000000, 8.592911864346650219, 10.42257787193224061 ) ) ;
#899 = EDGE_CURVE ( 'NONE', #937, #1056, #3817, .T. ) ;
#900 = EDGE_LOOP ( 'NONE', ( #2003, #990 ) ) ;
#901 = ORIENTED_EDGE ( 'NONE', *, *, #723, .F. ) ;
#902 = CARTESIAN_POINT ( 'NONE',  ( 0.000000000000000000, -7.874147165256660585, -10.10605455506154016 ) ) ;
#903 = DIRECTION ( 'NONE',  ( -1.000000000000000000, -0.000000000000000000, -0.000000000000000000 ) ) ;
#904 = CIRCLE ( 'NONE', #119, 5.749999999999999112 ) ;
#905 = VERTEX_POINT ( 'NONE', #2472 ) ;
#907 = AXIS2_PLACEMENT_3D ( 'NONE', #1736, #178, #1130 ) ;
#906 = APPLICATION_CONTEXT ( 'automotive_design' ) ;
#908 = DIRECTION ( 'NONE',  ( -1.000000000000000000, 0.000000000000000000, 0.000000000000000000 ) ) ;
#909 = CIRCLE ( 'NONE', #2879, 5.749999999999999112 ) ;
#910 = AXIS2_PLACEMENT_3D ( 'NONE', #2327, #357, #3863 ) ;
#911 = CIRCLE ( 'NONE', #1629, 15.62500000000000000 ) ;
#912 = AXIS2_PLACEMENT_3D ( 'NONE', #3423, #594, #3111 ) ;
#913 = DIRECTION ( 'NONE',  ( 0.000000000000000000, 0.000000000000000000, 1.000000000000000000 ) ) ;
#914 = LINE ( 'NONE', #600, #3624 ) ;
#915 = AXIS2_PLACEMENT_3D ( 'NONE', #1192, #2744, #2657 ) ;
#916 = EDGE_LOOP ( 'NONE', ( #3084, #4031 ) ) ;
#917 = EDGE_CURVE ( 'NONE', #1216, #4033, #1104, .T. ) ;
#918 = DIRECTION ( 'NONE',  ( 0.000000000000000000, 0.000000000000000000, -1.000000000000000000 ) ) ;
#919 = ADVANCED_FACE ( 'NONE', ( #2167 ), #3762, .T. ) ;
#920 = CARTESIAN_POINT ( 'NONE',  ( 10.00000000000000000, -15.13506446477574841, 3.882067573739744759 ) ) ;
#921 = CARTESIAN_POINT ( 'NONE',  ( 10.00000000000000000, -13.47029551076158072, 1.009654722010205896 ) ) ;
#922 = CLOSED_SHELL ( 'NONE', ( #2497, #1550, #3782, #2348, #2479, #3645, #3654, #442, #3412, #787, #2261, #3095, #2972, #2751, #1220, #37, #2893, #1877, #3814, #3773, #472, #552, #535, #265, #1675, #2020, #919, #1168, #1893, #1650, #3473, #292, #1321, #3222, #4013, #356, #2372, #1288, #2272, #84, #142, #553, #1592, #3049, #3611, #1921, #3695, #3237, #746, #2227, #1651, #1579, #2748, #1885, #1345, #612, #3426, #1867, #2025, #3588, #2222, #2447, #3163, #1026, #2756, #65, #3215, #3789, #1155, #97, #2669, #1175, #694, #1913, #3819, #3361, #416, #597, #4025, #1460, #2117, #3319, #483, #136, #991, #1297, #296, #2802, #2543, #3997, #1755, #185, #466, #3662, #3840, #1276, #2363, #2526, #1019, #2757, #170, #2318, #515, #481, #2243, #2058, #1975, #2630, #540, #3241, #3267, #3954, #2444, #3869, #2404, #1811, #989, #662, #66 ) ) ;
#923 = EDGE_CURVE ( 'NONE', #1013, #1236, #3407, .T. ) ;
#924 = DIRECTION ( 'NONE',  ( -1.000000000000000000, 0.000000000000000000, 0.000000000000000000 ) ) ;
#925 = ORIENTED_EDGE ( 'NONE', *, *, #3835, .T. ) ;
#926 = ORIENTED_EDGE ( 'NONE', *, *, #1980, .T. ) ;
#927 = ORIENTED_EDGE ( 'NONE', *, *, #2138, .T. ) ;
#928 = DIRECTION ( 'NONE',  ( -1.000000000000000000, 0.000000000000000000, 0.000000000000000000 ) ) ;
#929 = CARTESIAN_POINT ( 'NONE',  ( 10.00000000000000000, 7.000000000000000000, 0.000000000000000000 ) ) ;
#930 = ORIENTED_EDGE ( 'NONE', *, *, #2356, .F. ) ;
#931 = DIRECTION ( 'NONE',  ( 0.000000000000000000, 0.5195839500354346718, -0.8544194045464877929 ) ) ;
#932 = EDGE_CURVE ( 'NONE', #3362, #1603, #3206, .T. ) ;
#933 = CIRCLE ( 'NONE', #1978, 5.749999999999999112 ) ;
#934 = CARTESIAN_POINT ( 'NONE',  ( 10.00000000000000000, 0.000000000000000000, 0.000000000000000000 ) ) ;
#935 = DIRECTION ( 'NONE',  ( 1.000000000000000000, -0.000000000000000000, -0.000000000000000000 ) ) ;
#936 = CIRCLE ( 'NONE', #672, 5.749999999999996447 ) ;
#937 = VERTEX_POINT ( 'NONE', #1251 ) ;
#938 = DIRECTION ( 'NONE',  ( -1.000000000000000000, 0.000000000000000000, 0.000000000000000000 ) ) ;
#939 = CARTESIAN_POINT ( 'NONE',  ( 10.00000000000000000, 0.000000000000000000, 0.000000000000000000 ) ) ;
#940 = CIRCLE ( 'NONE', #3245, 1.600000000000000755 ) ;
#941 = DIRECTION ( 'NONE',  ( 1.000000000000000000, 0.000000000000000000, 0.000000000000000000 ) ) ;
#942 = CARTESIAN_POINT ( 'NONE',  ( 10.00000000000000000, 14.46548752452586051, 5.906800798891620019 ) ) ;
#943 = CARTESIAN_POINT ( 'NONE',  ( 10.00000000000000000, 13.20735115122741909, -2.834455745481440303 ) ) ;
#944 = ORIENTED_EDGE ( 'NONE', *, *, #3039, .F. ) ;
#945 = CARTESIAN_POINT ( 'NONE',  ( 0.000000000000000000, 13.48231375170812107, -0.8339542585916149831 ) ) ;
#946 = ORIENTED_EDGE ( 'NONE', *, *, #2871, .T. ) ;
#947 = LINE ( 'NONE', #1882, #896 ) ;
#948 = EDGE_LOOP ( 'NONE', ( #2232, #3593, #1436, #3871 ) ) ;
#949 = EDGE_CURVE ( 'NONE', #3649, #1419, #3931, .T. ) ;
#950 = CARTESIAN_POINT ( 'NONE',  ( 0.000000000000000000, -12.76039202360792046, -1.143209365708229841 ) ) ;
#951 = DIRECTION ( 'NONE',  ( -1.000000000000000000, 0.000000000000000000, 0.000000000000000000 ) ) ;
#952 = CYLINDRICAL_SURFACE ( 'NONE', #3979, 15.62500000000000000 ) ;
#953 = EDGE_CURVE ( 'NONE', #2092, #1713, #707, .T. ) ;
#954 = ORIENTED_EDGE ( 'NONE', *, *, #1225, .F. ) ;
#955 = DIRECTION ( 'NONE',  ( 0.000000000000000000, 0.000000000000000000, 1.000000000000000000 ) ) ;
#956 = DIRECTION ( 'NONE',  ( -1.000000000000000000, 0.000000000000000000, 0.000000000000000000 ) ) ;
#957 = CARTESIAN_POINT ( 'NONE',  ( 0.000000000000000000, 12.79720803224639880, -0.6049783710250069557 ) ) ;
#958 = CARTESIAN_POINT ( 'NONE',  ( 10.00000000000000000, 0.000000000000000000, 0.000000000000000000 ) ) ;
#959 = AXIS2_PLACEMENT_3D ( 'NONE', #2615, #1032, #2551 ) ;
#960 = CARTESIAN_POINT ( 'NONE',  ( -10.00000000000000000, 0.000000000000000000, 0.000000000000000000 ) ) ;
#961 = ORIENTED_EDGE ( 'NONE', *, *, #1396, .T. ) ;
#962 = AXIS2_PLACEMENT_3D ( 'NONE', #3760, #2433, #294 ) ;
#963 = DIRECTION ( 'NONE',  ( 0.000000000000000000, 0.000000000000000000, 1.000000000000000000 ) ) ;
#964 = VERTEX_POINT ( 'NONE', #2655 ) ;
#965 = AXIS2_PLACEMENT_3D ( 'NONE', #3341, #3994, #512 ) ;
#966 = DIRECTION ( 'NONE',  ( -1.000000000000000000, 0.000000000000000000, 0.000000000000000000 ) ) ;
#967 = ORIENTED_EDGE ( 'NONE', *, *, #3839, .T. ) ;
#968 = EDGE_CURVE ( 'NONE', #1395, #3729, #1239, .T. ) ;
#969 = ORIENTED_EDGE ( 'NONE', *, *, #347, .T. ) ;
#970 = CIRCLE ( 'NONE', #2411, 5.750000000000000000 ) ;
#971 = EDGE_CURVE ( 'NONE', #179, #1067, #3147, .T. ) ;
#972 = CARTESIAN_POINT ( 'NONE',  ( 10.00000000000000000, 12.48587405515859849, -2.870101274993160256 ) ) ;
#973 = CIRCLE ( 'NONE', #1034, 12.81149999999999523 ) ;
#974 = CARTESIAN_POINT ( 'NONE',  ( 0.000000000000000000, 0.000000000000000000, 0.000000000000000000 ) ) ;
#975 = CIRCLE ( 'NONE', #1243, 3.000000000000000444 ) ;
#976 = CIRCLE ( 'NONE', #2082, 5.749999999999999112 ) ;
#977 = ORIENTED_EDGE ( 'NONE', *, *, #1261, .F. ) ;
#978 = VECTOR ( 'NONE', #3071, 1000.000000000000000 ) ;
#979 = DIRECTION ( 'NONE',  ( 1.000000000000000000, 0.000000000000000000, 0.000000000000000000 ) ) ;
#980 = CIRCLE ( 'NONE', #2546, 1.600000000000000089 ) ;
#981 = DIRECTION ( 'NONE',  ( 0.000000000000000000, 0.000000000000000000, 1.000000000000000000 ) ) ;
#982 = DIRECTION ( 'NONE',  ( 0.000000000000000000, 0.000000000000000000, -1.000000000000000000 ) ) ;
#983 = VERTEX_POINT ( 'NONE', #3885 ) ;
#985 = DIRECTION ( 'NONE',  ( -1.000000000000000000, 0.000000000000000000, 0.000000000000000000 ) ) ;
#984 = FILL_AREA_STYLE_COLOUR ( '', #3000 ) ;
#986 = DIRECTION ( 'NONE',  ( -1.000000000000000000, 0.000000000000000000, 0.000000000000000000 ) ) ;
#987 = ORIENTED_EDGE ( 'NONE', *, *, #2983, .F. ) ;
#988 = DIRECTION ( 'NONE',  ( -1.000000000000000000, -0.000000000000000000, -0.000000000000000000 ) ) ;
#989 = ADVANCED_FACE ( 'NONE', ( #74 ), #1037, .F. ) ;
#990 = ORIENTED_EDGE ( 'NONE', *, *, #3490, .F. ) ;
#991 = ADVANCED_FACE ( 'NONE', ( #3226 ), #2287, .T. ) ;
#992 = DIRECTION ( 'NONE',  ( 0.000000000000000000, 0.000000000000000000, 1.000000000000000000 ) ) ;
#993 = CARTESIAN_POINT ( 'NONE',  ( 10.00000000000000000, 0.000000000000000000, 0.000000000000000000 ) ) ;
#994 = DIRECTION ( 'NONE',  ( 0.000000000000000000, -0.9422609221188236184, 0.3348796121709773366 ) ) ;
#995 = ORIENTED_EDGE ( 'NONE', *, *, #2700, .F. ) ;
#996 = CARTESIAN_POINT ( 'NONE',  ( 10.00000000000000000, -5.300754509045249918, 12.42458310929414012 ) ) ;
#997 = CARTESIAN_POINT ( 'NONE',  ( 10.00000000000000000, -10.30873331663876158, 7.606875157147110045 ) ) ;
#998 = DIRECTION ( 'NONE',  ( 1.000000000000000000, -0.000000000000000000, -0.000000000000000000 ) ) ;
#999 = CIRCLE ( 'NONE', #1654, 5.749999999999999112 ) ;
#1000 = DIRECTION ( 'NONE',  ( -1.000000000000000000, 0.000000000000000000, 0.000000000000000000 ) ) ;
#1001 = CARTESIAN_POINT ( 'NONE',  ( 3.000000000000000000, 7.332110811570580046E-14, 7.000000000000000888 ) ) ;
#1002 = CARTESIAN_POINT ( 'NONE',  ( 5.000000000000000000, -13.52644592144759983, 7.821501501256260092 ) ) ;
#1003 = VERTEX_POINT ( 'NONE', #1656 ) ;
#1004 = DIRECTION ( 'NONE',  ( -1.000000000000000000, 0.000000000000000000, 0.000000000000000000 ) ) ;
#1005 = DIRECTION ( 'NONE',  ( 0.000000000000000000, 0.000000000000000000, 1.000000000000000000 ) ) ;
#1006 = EDGE_LOOP ( 'NONE', ( #3815, #710, #3583, #768 ) ) ;
#1007 = CARTESIAN_POINT ( 'NONE',  ( 10.00000000000000000, 0.000000000000000000, 0.000000000000000000 ) ) ;
#1008 = DIRECTION ( 'NONE',  ( -1.000000000000000000, 0.000000000000000000, 0.000000000000000000 ) ) ;
#1009 = EDGE_LOOP ( 'NONE', ( #1920, #2596, #2986, #3359 ) ) ;
#1010 = ORIENTED_EDGE ( 'NONE', *, *, #1940, .F. ) ;
#1011 = CYLINDRICAL_SURFACE ( 'NONE', #1567, 15.62500000000000000 ) ;
#1012 = ORIENTED_EDGE ( 'NONE', *, *, #3433, .F. ) ;
#1013 = VERTEX_POINT ( 'NONE', #1079 ) ;
#1014 = CARTESIAN_POINT ( 'NONE',  ( 0.000000000000000000, -8.456300558606130835, 10.53371941279235990 ) ) ;
#1015 = CARTESIAN_POINT ( 'NONE',  ( 10.00000000000000000, -5.300754509045070506, -12.42458310929422005 ) ) ;
#1016 = CARTESIAN_POINT ( 'NONE',  ( 10.00000000000000000, 12.15943163291384010, -4.035189538856145397 ) ) ;
#1017 = DIRECTION ( 'NONE',  ( 0.000000000000000000, -0.6310879443260586363, 0.7757112907044149130 ) ) ;
#1018 = DIRECTION ( 'NONE',  ( 0.000000000000000000, -0.9976687691905398170, 0.06824241336466078944 ) ) ;
#1019 = ADVANCED_FACE ( 'NONE', ( #1059 ), #1714, .T. ) ;
#1020 = VECTOR ( 'NONE', #4032, 1000.000000000000000 ) ;
#1021 = VERTEX_POINT ( 'NONE', #3920 ) ;
#1022 = CARTESIAN_POINT ( 'NONE',  ( 0.000000000000000000, -10.30873331663866033, -7.606875157147260147 ) ) ;
#1023 = DIRECTION ( 'NONE',  ( 1.000000000000000000, 0.000000000000000000, 0.000000000000000000 ) ) ;
#1024 = CIRCLE ( 'NONE', #1552, 12.81150000000000411 ) ;
#1025 = ORIENTED_EDGE ( 'NONE', *, *, #1743, .F. ) ;
#1026 = ADVANCED_FACE ( 'NONE', ( #3558 ), #731, .T. ) ;
#1027 = ORIENTED_EDGE ( 'NONE', *, *, #3050, .F. ) ;
#1028 = CIRCLE ( 'NONE', #3005, 15.62500000000000000 ) ;
#1029 = DIRECTION ( 'NONE',  ( -1.000000000000000000, 0.000000000000000000, 0.000000000000000000 ) ) ;
#1030 = EDGE_CURVE ( 'NONE', #3948, #2481, #909, .T. ) ;
#1031 = CARTESIAN_POINT ( 'NONE',  ( 10.00000000000000000, 1.926546458205234957, -13.36999186795929973 ) ) ;
#1032 = DIRECTION ( 'NONE',  ( 1.000000000000000000, 0.000000000000000000, 0.000000000000000000 ) ) ;
#1033 = EDGE_LOOP ( 'NONE', ( #2284, #19 ) ) ;
#1034 = AXIS2_PLACEMENT_3D ( 'NONE', #586, #1838, #1212 ) ;
#1035 = AXIS2_PLACEMENT_3D ( 'NONE', #1265, #647, #295 ) ;
#1036 = VERTEX_POINT ( 'NONE', #2597 ) ;
#1037 = CYLINDRICAL_SURFACE ( 'NONE', #2541, 1.600000000000000089 ) ;
#1038 = ORIENTED_EDGE ( 'NONE', *, *, #1934, .T. ) ;
#1039 = AXIS2_PLACEMENT_3D ( 'NONE', #322, #3080, #1536 ) ;
#1040 = CARTESIAN_POINT ( 'NONE',  ( 10.00000000000000000, -0.2697443336426980087, -12.80865997067872009 ) ) ;
#1041 = EDGE_CURVE ( 'NONE', #859, #328, #840, .T. ) ;
#1042 = AXIS2_PLACEMENT_3D ( 'NONE', #2026, #3292, #2976 ) ;
#1043 = EDGE_CURVE ( 'NONE', #1781, #18, #1981, .T. ) ;
#1044 = CARTESIAN_POINT ( 'NONE',  ( 10.00000000000000000, -0.2697443336428784755, 12.80865997067872009 ) ) ;
#1045 = LINE ( 'NONE', #2248, #1207 ) ;
#1046 = AXIS2_PLACEMENT_3D ( 'NONE', #10, #2455, #3745 ) ;
#1047 = EDGE_CURVE ( 'NONE', #1545, #502, #2614, .T. ) ;
#1048 = CIRCLE ( 'NONE', #4004, 1.599999999999999867 ) ;
#1049 = ORIENTED_EDGE ( 'NONE', *, *, #1341, .T. ) ;
#1050 = DIRECTION ( 'NONE',  ( 0.000000000000000000, 0.000000000000000000, 1.000000000000000000 ) ) ;
#1051 = LINE ( 'NONE', #427, #148 ) ;
#1052 = EDGE_LOOP ( 'NONE', ( #2989, #2359, #1760, #1979, #3559, #2795, #2110, #2042, #2502, #1740, #2015, #3395, #549, #2347, #781, #2380, #57, #202, #831, #1926, #3628, #3802, #2216, #2933, #1027, #818, #2130, #591, #2176, #3524, #2564, #1918, #1085, #2538, #3576, #263, #555, #1671, #3178, #526, #2190, #673, #2307, #3173, #1782, #4035, #2090, #3830, #1344, #543, #2022, #3548, #3483, #2611, #1668, #153, #3278, #3450, #3380, #2108, #977, #3522, #3940, #1088, #2454, #1793, #3458, #1525, #2823, #412, #3305, #71, #2482, #2256, #3013, #1938, #901, #3518, #2396, #205, #88, #3406, #1293, #1995, #2889, #224, #1724, #3113, #3564, #1927, #3438, #3975, #1378, #3956, #724 ) ) ;
#1053 = VERTEX_POINT ( 'NONE', #3578 ) ;
#1054 = CIRCLE ( 'NONE', #3160, 15.62500000000000000 ) ;
#1055 = DIRECTION ( 'NONE',  ( -1.000000000000000000, 0.000000000000000000, 0.000000000000000000 ) ) ;
#1056 = VERTEX_POINT ( 'NONE', #3199 ) ;
#1057 = DIRECTION ( 'NONE',  ( -1.000000000000000000, 0.000000000000000000, 0.000000000000000000 ) ) ;
#1058 = ORIENTED_EDGE ( 'NONE', *, *, #1792, .F. ) ;
#1059 = FACE_OUTER_BOUND ( 'NONE', #1123, .T. ) ;
#1060 = ORIENTED_EDGE ( 'NONE', *, *, #1627, .T. ) ;
#1061 = CARTESIAN_POINT ( 'NONE',  ( 0.000000000000000000, 15.42867212834064894, -2.469149925817534896 ) ) ;
#1062 = FACE_OUTER_BOUND ( 'NONE', #428, .T. ) ;
#1063 = CARTESIAN_POINT ( 'NONE',  ( 0.000000000000000000, -7.000000000000000000, 1.600000000000048939 ) ) ;
#1064 = VECTOR ( 'NONE', #1903, 1000.000000000000000 ) ;
#1065 = CARTESIAN_POINT ( 'NONE',  ( 10.00000000000000000, -10.91463276349809775, -11.18085044341322032 ) ) ;
#1066 = AXIS2_PLACEMENT_3D ( 'NONE', #655, #1899, #1613 ) ;
#1067 = VERTEX_POINT ( 'NONE', #687 ) ;
#1068 = CARTESIAN_POINT ( 'NONE',  ( -0.0009999999999992653654, 7.332110811570580046E-14, 5.400000000000000355 ) ) ;
#1069 = DIRECTION ( 'NONE',  ( -1.000000000000000000, 0.000000000000000000, 0.000000000000000000 ) ) ;
#1070 = ORIENTED_EDGE ( 'NONE', *, *, #117, .F. ) ;
#1071 = ORIENTED_EDGE ( 'NONE', *, *, #744, .T. ) ;
#1072 = CYLINDRICAL_SURFACE ( 'NONE', #109, 12.81150000000000055 ) ;
#1073 = EDGE_CURVE ( 'NONE', #2285, #829, #3213, .T. ) ;
#1074 = CARTESIAN_POINT ( 'NONE',  ( -10.00000000000000000, 0.000000000000000000, 0.000000000000000000 ) ) ;
#1075 = CARTESIAN_POINT ( 'NONE',  ( 0.000000000000000000, 13.20735115122737824, 2.834455745481625044 ) ) ;
#1076 = ORIENTED_EDGE ( 'NONE', *, *, #2191, .F. ) ;
#1077 = ORIENTED_EDGE ( 'NONE', *, *, #3235, .T. ) ;
#1078 = EDGE_CURVE ( 'NONE', #165, #4066, #975, .T. ) ;
#1079 = CARTESIAN_POINT ( 'NONE',  ( 0.000000000000000000, -15.62118451506434980, -0.3452815464436034820 ) ) ;
#1080 = ORIENTED_EDGE ( 'NONE', *, *, #3879, .F. ) ;
#1081 = CARTESIAN_POINT ( 'NONE',  ( 10.00000000000000000, -7.874147165256800918, 10.10605455506144068 ) ) ;
#1082 = CARTESIAN_POINT ( 'NONE',  ( 10.00000000000000000, 0.000000000000000000, 0.000000000000000000 ) ) ;
#1083 = CARTESIAN_POINT ( 'NONE',  ( 5.000000000000000000, -7.493331224602709284, 13.71096685716926089 ) ) ;
#1084 = DIRECTION ( 'NONE',  ( -1.000000000000000000, 0.000000000000000000, 0.000000000000000000 ) ) ;
#1085 = ORIENTED_EDGE ( 'NONE', *, *, #3541, .F. ) ;
#1086 = CARTESIAN_POINT ( 'NONE',  ( 10.00000000000000000, 9.811879393830349017, -9.284141670927279932 ) ) ;
#1087 = CARTESIAN_POINT ( 'NONE',  ( 10.00000000000000000, 9.176914517988240760, 8.939729983592158646 ) ) ;
#1088 = ORIENTED_EDGE ( 'NONE', *, *, #3179, .F. ) ;
#1089 = AXIS2_PLACEMENT_3D ( 'NONE', #3509, #664, #2862 ) ;
#1090 = VERTEX_POINT ( 'NONE', #3596 ) ;
#1091 = EDGE_CURVE ( 'NONE', #562, #3913, #2282, .T. ) ;
#1092 = AXIS2_PLACEMENT_3D ( 'NONE', #3094, #551, #2780 ) ;
#1093 = EDGE_CURVE ( 'NONE', #1713, #964, #1107, .T. ) ;
#1094 = CYLINDRICAL_SURFACE ( 'NONE', #2298, 15.62500000000000000 ) ;
#1095 = CIRCLE ( 'NONE', #1615, 15.62500000000000000 ) ;
#1096 = DIRECTION ( 'NONE',  ( -1.000000000000000000, 0.000000000000000000, 0.000000000000000000 ) ) ;
#1097 = EDGE_CURVE ( 'NONE', #2880, #3832, #1181, .T. ) ;
#1098 = VECTOR ( 'NONE', #2157, 1000.000000000000000 ) ;
#1099 = ORIENTED_EDGE ( 'NONE', *, *, #1442, .F. ) ;
#1100 = DIRECTION ( 'NONE',  ( 0.000000000000000000, 0.9976687691905389288, 0.06824241336467469499 ) ) ;
#1101 = ORIENTED_EDGE ( 'NONE', *, *, #435, .T. ) ;
#1102 = DIRECTION ( 'NONE',  ( -1.000000000000000000, 0.000000000000000000, 0.000000000000000000 ) ) ;
#1103 = DIRECTION ( 'NONE',  ( -1.000000000000000000, 0.000000000000000000, 0.000000000000000000 ) ) ;
#1104 = CIRCLE ( 'NONE', #182, 12.81150000000000055 ) ;
#1105 = DIRECTION ( 'NONE',  ( 1.000000000000000000, 0.000000000000000000, 0.000000000000000000 ) ) ;
#1106 = CIRCLE ( 'NONE', #3408, 5.749999999999999112 ) ;
#1107 = CIRCLE ( 'NONE', #3077, 12.81150000000000233 ) ;
#1108 = DIRECTION ( 'NONE',  ( -1.000000000000000000, 0.000000000000000000, 0.000000000000000000 ) ) ;
#1109 = CIRCLE ( 'NONE', #716, 15.62500000000000000 ) ;
#1110 = ORIENTED_EDGE ( 'NONE', *, *, #1206, .T. ) ;
#1111 = CARTESIAN_POINT ( 'NONE',  ( 5.000000000000000000, -3.516283588487755463, 15.22420358262894879 ) ) ;
#1112 = DIRECTION ( 'NONE',  ( -1.000000000000000000, 0.000000000000000000, 0.000000000000000000 ) ) ;
#1113 = AXIS2_PLACEMENT_3D ( 'NONE', #1001, #735, #1986 ) ;
#1114 = ORIENTED_EDGE ( 'NONE', *, *, #2625, .T. ) ;
#1115 = CARTESIAN_POINT ( 'NONE',  ( 10.00000000000000000, 13.48231375170812107, -0.8339542585916149831 ) ) ;
#1116 = AXIS2_PLACEMENT_3D ( 'NONE', #2586, #1353, #3908 ) ;
#1117 = VERTEX_POINT ( 'NONE', #2715 ) ;
#1118 = EDGE_CURVE ( 'NONE', #810, #2450, #1887, .T. ) ;
#1119 = CYLINDRICAL_SURFACE ( 'NONE', #3787, 3.000000000000000444 ) ;
#1120 = APPLICATION_CONTEXT ( 'automotive_design' ) ;
#1121 = DIRECTION ( 'NONE',  ( 0.000000000000000000, 0.000000000000000000, 1.000000000000000000 ) ) ;
#1122 = CARTESIAN_POINT ( 'NONE',  ( 0.000000000000000000, -2.444036937190193349E-14, -8.599999999999999645 ) ) ;
#1123 = EDGE_LOOP ( 'NONE', ( #36, #1474, #2640, #1199 ) ) ;
#1124 = CYLINDRICAL_SURFACE ( 'NONE', #3283, 5.750000000000000000 ) ;
#1125 = CYLINDRICAL_SURFACE ( 'NONE', #3880, 5.750000000000000000 ) ;
#1126 = DIRECTION ( 'NONE',  ( 1.000000000000000000, -0.000000000000000000, -0.000000000000000000 ) ) ;
#1127 = FACE_OUTER_BOUND ( 'NONE', #691, .T. ) ;
#1128 = EDGE_CURVE ( 'NONE', #3557, #3685, #3800, .T. ) ;
#1129 = EDGE_LOOP ( 'NONE', ( #2710, #4055, #2035, #2622 ) ) ;
#1130 = DIRECTION ( 'NONE',  ( 0.000000000000000000, 0.000000000000000000, -1.000000000000000000 ) ) ;
#1131 = EDGE_LOOP ( 'NONE', ( #2653, #1639, #3988, #3175 ) ) ;
#1132 = DIRECTION ( 'NONE',  ( 0.000000000000000000, 0.000000000000000000, 1.000000000000000000 ) ) ;
#1133 = AXIS2_PLACEMENT_3D ( 'NONE', #2336, #163, #1408 ) ;
#1134 = EDGE_LOOP ( 'NONE', ( #3579, #101, #3398, #2545 ) ) ;
#1135 = EDGE_CURVE ( 'NONE', #1953, #766, #2430, .T. ) ;
#1136 = CIRCLE ( 'NONE', #2179, 12.81149999999999878 ) ;
#1137 = ORIENTED_EDGE ( 'NONE', *, *, #2494, .F. ) ;
#1138 = CARTESIAN_POINT ( 'NONE',  ( 10.00000000000000000, -10.30873331663876158, 7.606875157147110045 ) ) ;
#1139 = VECTOR ( 'NONE', #1912, 1000.000000000000000 ) ;
#1140 = ORIENTED_EDGE ( 'NONE', *, *, #2364, .F. ) ;
#1141 = CARTESIAN_POINT ( 'NONE',  ( 0.000000000000000000, 0.000000000000000000, 0.000000000000000000 ) ) ;
#1142 = CARTESIAN_POINT ( 'NONE',  ( 10.00000000000000000, 0.000000000000000000, 0.000000000000000000 ) ) ;
#1143 = CARTESIAN_POINT ( 'NONE',  ( 10.00000000000000000, 5.350396643122720342, -11.64078124574382045 ) ) ;
#1144 = ORIENTED_EDGE ( 'NONE', *, *, #3289, .F. ) ;
#1145 = DIRECTION ( 'NONE',  ( -1.000000000000000000, -0.000000000000000000, -0.000000000000000000 ) ) ;
#1146 = FACE_OUTER_BOUND ( 'NONE', #73, .T. ) ;
#1147 = CARTESIAN_POINT ( 'NONE',  ( 0.000000000000000000, -12.69837882901398096, 4.606456221410399898 ) ) ;
#1148 = EDGE_CURVE ( 'NONE', #112, #1402, #1417, .T. ) ;
#1149 = VERTEX_POINT ( 'NONE', #823 ) ;
#1150 = CARTESIAN_POINT ( 'NONE',  ( 0.000000000000000000, 13.20735115122741909, -2.834455745481440303 ) ) ;
#1151 = ORIENTED_EDGE ( 'NONE', *, *, #3056, .T. ) ;
#1152 = ORIENTED_EDGE ( 'NONE', *, *, #309, .T. ) ;
#1153 = ORIENTED_EDGE ( 'NONE', *, *, #1771, .F. ) ;
#1154 = CARTESIAN_POINT ( 'NONE',  ( 0.000000000000000000, 3.559569147089330254, 13.03064585091661876 ) ) ;
#1155 = ADVANCED_FACE ( 'NONE', ( #3632 ), #1439, .T. ) ;
#1156 = DIRECTION ( 'NONE',  ( 0.000000000000000000, -0.9422609221188237294, 0.3348796121709768370 ) ) ;
#1157 = ORIENTED_EDGE ( 'NONE', *, *, #3033, .F. ) ;
#1158 = CARTESIAN_POINT ( 'NONE',  ( -0.0009999999999992653654, -2.444036937190193349E-14, -8.599999999999999645 ) ) ;
#1159 = DIRECTION ( 'NONE',  ( 1.000000000000000000, 0.000000000000000000, 0.000000000000000000 ) ) ;
#1160 = AXIS2_PLACEMENT_3D ( 'NONE', #229, #3451, #3074 ) ;
#1161 = CYLINDRICAL_SURFACE ( 'NONE', #1626, 5.750000000000001776 ) ;
#1162 = ORIENTED_EDGE ( 'NONE', *, *, #1128, .T. ) ;
#1163 = AXIS2_PLACEMENT_3D ( 'NONE', #4068, #1257, #342 ) ;
#1164 = DIRECTION ( 'NONE',  ( -1.000000000000000000, 0.000000000000000000, 0.000000000000000000 ) ) ;
#1165 = DIRECTION ( 'NONE',  ( 1.000000000000000000, 0.000000000000000000, 0.000000000000000000 ) ) ;
#1166 = FACE_OUTER_BOUND ( 'NONE', #1129, .T. ) ;
#1167 = DIRECTION ( 'NONE',  ( 0.000000000000000000, 0.000000000000000000, 1.000000000000000000 ) ) ;
#1168 = ADVANCED_FACE ( 'NONE', ( #2119 ), #2405, .T. ) ;
#1169 = VERTEX_POINT ( 'NONE', #2043 ) ;
#1170 = CARTESIAN_POINT ( 'NONE',  ( 10.00000000000000000, -15.62118451506434980, 0.3452815464433829917 ) ) ;
#1171 = EDGE_CURVE ( 'NONE', #3403, #461, #1566, .T. ) ;
#1172 = CARTESIAN_POINT ( 'NONE',  ( 10.00000000000000000, -1.476880387257710092, 12.72608960253436017 ) ) ;
#1173 = AXIS2_PLACEMENT_3D ( 'NONE', #2645, #2414, #3682 ) ;
#1174 = CIRCLE ( 'NONE', #2613, 5.749999999999999112 ) ;
#1175 = ADVANCED_FACE ( 'NONE', ( #1208 ), #4017, .T. ) ;
#1176 = EDGE_CURVE ( 'NONE', #3913, #1338, #1482, .T. ) ;
#1177 = AXIS2_PLACEMENT_3D ( 'NONE', #3229, #3514, #689 ) ;
#1178 = ORIENTED_EDGE ( 'NONE', *, *, #805, .F. ) ;
#1179 = VERTEX_POINT ( 'NONE', #3673 ) ;
#1180 = CARTESIAN_POINT ( 'NONE',  ( 10.00000000000000000, -3.729149491633809710, -12.98313166666534002 ) ) ;
#1181 = CIRCLE ( 'NONE', #1303, 5.750000000000000888 ) ;
#1182 = DIRECTION ( 'NONE',  ( -1.000000000000000000, 0.000000000000000000, 0.000000000000000000 ) ) ;
#1183 = ORIENTED_EDGE ( 'NONE', *, *, #347, .F. ) ;
#1184 = CYLINDRICAL_SURFACE ( 'NONE', #1358, 5.750000000000000000 ) ;
#1185 = AXIS2_PLACEMENT_3D ( 'NONE', #1551, #279, #873 ) ;
#1186 = CARTESIAN_POINT ( 'NONE',  ( 10.00000000000000000, 2.011344227983579813, -12.65262923848465881 ) ) ;
#1187 = DIRECTION ( 'NONE',  ( -1.000000000000000000, 0.000000000000000000, 0.000000000000000000 ) ) ;
#1188 = CIRCLE ( 'NONE', #2091, 3.000000000000000000 ) ;
#1189 = DIRECTION ( 'NONE',  ( 1.000000000000000000, -0.000000000000000000, -0.000000000000000000 ) ) ;
#1190 = ORIENTED_EDGE ( 'NONE', *, *, #3570, .F. ) ;
#1191 = CARTESIAN_POINT ( 'NONE',  ( -10.00000000000000000, 0.000000000000000000, 0.000000000000000000 ) ) ;
#1192 = CARTESIAN_POINT ( 'NONE',  ( 10.00000000000000000, 0.000000000000000000, 0.000000000000000000 ) ) ;
#1193 = FACE_OUTER_BOUND ( 'NONE', #1870, .T. ) ;
#1194 = FACE_OUTER_BOUND ( 'NONE', #3494, .T. ) ;
#1195 = ORIENTED_EDGE ( 'NONE', *, *, #665, .F. ) ;
#1196 = CYLINDRICAL_SURFACE ( 'NONE', #1983, 5.749999999999998224 ) ;
#1197 = DIRECTION ( 'NONE',  ( -1.000000000000000000, 0.000000000000000000, 0.000000000000000000 ) ) ;
#1198 = EDGE_LOOP ( 'NONE', ( #2677, #1178, #1947, #756 ) ) ;
#1199 = ORIENTED_EDGE ( 'NONE', *, *, #3107, .F. ) ;
#1200 = CARTESIAN_POINT ( 'NONE',  ( 0.000000000000000000, 0.000000000000000000, 0.000000000000000000 ) ) ;
#1201 = CARTESIAN_POINT ( 'NONE',  ( 10.00000000000000000, 12.33543222387130101, -9.590502429501659876 ) ) ;
#1202 = ORIENTED_EDGE ( 'NONE', *, *, #5, .T. ) ;
#1203 = AXIS2_PLACEMENT_3D ( 'NONE', #391, #697, #2903 ) ;
#1204 = DIRECTION ( 'NONE',  ( -1.000000000000000000, 0.000000000000000000, 0.000000000000000000 ) ) ;
#1205 = EDGE_CURVE ( 'NONE', #2252, #2339, #3672, .T. ) ;
#1206 = EDGE_CURVE ( 'NONE', #3376, #2574, #2413, .T. ) ;
#1207 = VECTOR ( 'NONE', #1596, 1000.000000000000000 ) ;
#1208 = FACE_OUTER_BOUND ( 'NONE', #3043, .T. ) ;
#1209 = DIRECTION ( 'NONE',  ( -1.000000000000000000, 0.000000000000000000, 0.000000000000000000 ) ) ;
#1210 = DIRECTION ( 'NONE',  ( 0.000000000000000000, -0.9422609221188237294, 0.3348796121709768370 ) ) ;
#1211 = EDGE_CURVE ( 'NONE', #1858, #1053, #3306, .T. ) ;
#1212 = DIRECTION ( 'NONE',  ( 0.000000000000000000, 0.9790840876823234673, -0.2034560130526310850 ) ) ;
#1213 = DIRECTION ( 'NONE',  ( -1.000000000000000000, 0.000000000000000000, 0.000000000000000000 ) ) ;
#1214 = VERTEX_POINT ( 'NONE', #516 ) ;
#1215 = DIRECTION ( 'NONE',  ( -1.000000000000000000, 0.000000000000000000, 0.000000000000000000 ) ) ;
#1216 = VERTEX_POINT ( 'NONE', #1731 ) ;
#1217 = CARTESIAN_POINT ( 'NONE',  ( 0.000000000000000000, 15.42867212834060098, 2.469149925817750280 ) ) ;
#1218 = ORIENTED_EDGE ( 'NONE', *, *, #2098, .T. ) ;
#1219 = CYLINDRICAL_SURFACE ( 'NONE', #2394, 3.000000000000000888 ) ;
#1220 = ADVANCED_FACE ( 'NONE', ( #1772 ), #1161, .T. ) ;
#1221 = EDGE_CURVE ( 'NONE', #3586, #3155, #2099, .T. ) ;
#1222 = EDGE_LOOP ( 'NONE', ( #2948, #2154, #1144, #2288 ) ) ;
#1223 = CIRCLE ( 'NONE', #3128, 5.749999999999999112 ) ;
#1224 = EDGE_CURVE ( 'NONE', #3970, #1013, #171, .T. ) ;
#1225 = EDGE_CURVE ( 'NONE', #3649, #3225, #1851, .T. ) ;
#1226 = VERTEX_POINT ( 'NONE', #20 ) ;
#1227 = CARTESIAN_POINT ( 'NONE',  ( 10.00000000000000000, 7.000000000000000000, -3.000000000000000444 ) ) ;
#1228 = VECTOR ( 'NONE', #1324, 1000.000000000000000 ) ;
#1229 = CARTESIAN_POINT ( 'NONE',  ( 0.000000000000000000, -0.08805550942563289407, -13.50779441774935918 ) ) ;
#1230 = CIRCLE ( 'NONE', #893, 15.62500000000000000 ) ;
#1231 = DIRECTION ( 'NONE',  ( -1.000000000000000000, 0.000000000000000000, 0.000000000000000000 ) ) ;
#1232 = CARTESIAN_POINT ( 'NONE',  ( 0.000000000000000000, -6.880190462054130762, 14.02867079255405969 ) ) ;
#1233 = VERTEX_POINT ( 'NONE', #3447 ) ;
#1234 = DIRECTION ( 'NONE',  ( 0.000000000000000000, 0.000000000000000000, -1.000000000000000000 ) ) ;
#1235 = VERTEX_POINT ( 'NONE', #2139 ) ;
#1236 = VERTEX_POINT ( 'NONE', #2859 ) ;
#1237 = CARTESIAN_POINT ( 'NONE',  ( 0.000000000000000000, 0.000000000000000000, 0.000000000000000000 ) ) ;
#1238 = DIRECTION ( 'NONE',  ( 1.000000000000000000, 0.000000000000000000, 0.000000000000000000 ) ) ;
#1239 = CIRCLE ( 'NONE', #2809, 5.750000000000001776 ) ;
#1240 = EDGE_LOOP ( 'NONE', ( #1469, #2915, #2039, #351 ) ) ;
#1241 = VECTOR ( 'NONE', #3625, 1000.000000000000000 ) ;
#1242 = CARTESIAN_POINT ( 'NONE',  ( 0.000000000000000000, 11.95285973547135860, 6.292647133684549310 ) ) ;
#1243 = AXIS2_PLACEMENT_3D ( 'NONE', #134, #1384, #3903 ) ;
#1244 = VECTOR ( 'NONE', #3002, 1000.000000000000000 ) ;
#1245 = EDGE_CURVE ( 'NONE', #523, #3667, #3934, .T. ) ;
#1246 = AXIS2_PLACEMENT_3D ( 'NONE', #3978, #2047, #538 ) ;
#1247 = DIRECTION ( 'NONE',  ( 0.000000000000000000, 0.000000000000000000, 1.000000000000000000 ) ) ;
#1248 = AXIS2_PLACEMENT_3D ( 'NONE', #123, #468, #1376 ) ;
#1249 = EDGE_LOOP ( 'NONE', ( #704, #3519, #3042, #1602 ) ) ;
#1250 = FACE_OUTER_BOUND ( 'NONE', #3025, .T. ) ;
#1251 = CARTESIAN_POINT ( 'NONE',  ( 3.000000000000000000, 7.000000000000000000, 3.000000000000000444 ) ) ;
#1252 = DIRECTION ( 'NONE',  ( -1.000000000000000000, 0.000000000000000000, 0.000000000000000000 ) ) ;
#1253 = AXIS2_PLACEMENT_3D ( 'NONE', #331, #3508, #313 ) ;
#1254 = EDGE_CURVE ( 'NONE', #1823, #2573, #3793, .T. ) ;
#1255 = FACE_OUTER_BOUND ( 'NONE', #98, .T. ) ;
#1256 = EDGE_LOOP ( 'NONE', ( #3264, #739 ) ) ;
#1257 = DIRECTION ( 'NONE',  ( 1.000000000000000000, 0.000000000000000000, 0.000000000000000000 ) ) ;
#1258 = ORIENTED_EDGE ( 'NONE', *, *, #1980, .F. ) ;
#1259 = CYLINDRICAL_SURFACE ( 'NONE', #2368, 3.000000000000000000 ) ;
#1260 = ORIENTED_EDGE ( 'NONE', *, *, #2051, .T. ) ;
#1261 = EDGE_CURVE ( 'NONE', #414, #2092, #318, .T. ) ;
#1262 = VECTOR ( 'NONE', #3585, 1000.000000000000000 ) ;
#1263 = DIRECTION ( 'NONE',  ( 0.000000000000000000, 0.000000000000000000, 1.000000000000000000 ) ) ;
#1264 = AXIS2_PLACEMENT_3D ( 'NONE', #2189, #4040, #3455 ) ;
#1265 = CARTESIAN_POINT ( 'NONE',  ( 0.000000000000000000, -7.093669515771450662, 11.49556943373993967 ) ) ;
#1266 = CARTESIAN_POINT ( 'NONE',  ( 10.00000000000000000, 12.48587405515855941, 2.870101274993335227 ) ) ;
#1267 = CARTESIAN_POINT ( 'NONE',  ( 10.00000000000000000, -0.08805550942581240326, 13.50779441774935918 ) ) ;
#1268 = DIRECTION ( 'NONE',  ( -1.000000000000000000, 0.000000000000000000, 0.000000000000000000 ) ) ;
#1269 = VERTEX_POINT ( 'NONE', #3133 ) ;
#1270 = EDGE_CURVE ( 'NONE', #1053, #1214, #1696, .T. ) ;
#1271 = DIRECTION ( 'NONE',  ( -1.000000000000000000, 0.000000000000000000, 0.000000000000000000 ) ) ;
#1272 = VERTEX_POINT ( 'NONE', #3491 ) ;
#1273 = CARTESIAN_POINT ( 'NONE',  ( 5.000000000000000000, -15.13506446477570044, -3.882067573739954813 ) ) ;
#1274 = VERTEX_POINT ( 'NONE', #950 ) ;
#1275 = VERTEX_POINT ( 'NONE', #640 ) ;
#1276 = ADVANCED_FACE ( 'NONE', ( #1890 ), #3157, .T. ) ;
#1277 = DIRECTION ( 'NONE',  ( -1.000000000000000000, 0.000000000000000000, 0.000000000000000000 ) ) ;
#1278 = DIRECTION ( 'NONE',  ( 0.000000000000000000, 0.000000000000000000, 1.000000000000000000 ) ) ;
#1279 = ORIENTED_EDGE ( 'NONE', *, *, #4009, .T. ) ;
#1280 = DIRECTION ( 'NONE',  ( 0.000000000000000000, 0.000000000000000000, -1.000000000000000000 ) ) ;
#1281 = DIRECTION ( 'NONE',  ( -1.000000000000000000, 0.000000000000000000, 0.000000000000000000 ) ) ;
#1282 = AXIS2_PLACEMENT_3D ( 'NONE', #2592, #373, #994 ) ;
#1283 = DIRECTION ( 'NONE',  ( 1.000000000000000000, 0.000000000000000000, 0.000000000000000000 ) ) ;
#1284 = DIRECTION ( 'NONE',  ( -1.000000000000000000, 0.000000000000000000, 0.000000000000000000 ) ) ;
#1285 = AXIS2_PLACEMENT_3D ( 'NONE', #1892, #2888, #3244 ) ;
#1286 = DIRECTION ( 'NONE',  ( 0.000000000000000000, 0.000000000000000000, -1.000000000000000000 ) ) ;
#1287 = ORIENTED_EDGE ( 'NONE', *, *, #2730, .F. ) ;
#1288 = ADVANCED_FACE ( 'NONE', ( #3717 ), #1124, .T. ) ;
#1289 = AXIS2_PLACEMENT_3D ( 'NONE', #2844, #2594, #3471 ) ;
#1290 = EDGE_CURVE ( 'NONE', #1235, #270, #363, .T. ) ;
#1291 = DIRECTION ( 'NONE',  ( 0.000000000000000000, -0.3984010898462483352, 0.9172113015054499385 ) ) ;
#1292 = CARTESIAN_POINT ( 'NONE',  ( 10.00000000000000000, 12.75735481870599841, 4.440513690392164925 ) ) ;
#1293 = ORIENTED_EDGE ( 'NONE', *, *, #546, .F. ) ;
#1294 = AXIS2_PLACEMENT_3D ( 'NONE', #2694, #495, #3307 ) ;
#1295 = CARTESIAN_POINT ( 'NONE',  ( 10.00000000000000000, -12.76039202360794000, 1.143209365708051983 ) ) ;
#1296 = ORIENTED_EDGE ( 'NONE', *, *, #3011, .T. ) ;
#1297 = ADVANCED_FACE ( 'NONE', ( #120 ), #387, .T. ) ;
#1298 = EDGE_CURVE ( 'NONE', #3123, #2323, #3739, .T. ) ;
#1299 = ORIENTED_EDGE ( 'NONE', *, *, #2849, .T. ) ;
#1300 = DIRECTION ( 'NONE',  ( -1.000000000000000000, 0.000000000000000000, 0.000000000000000000 ) ) ;
#1301 = AXIS2_PLACEMENT_3D ( 'NONE', #2661, #522, #2685 ) ;
#1302 = DIRECTION ( 'NONE',  ( -1.000000000000000000, 0.000000000000000000, 0.000000000000000000 ) ) ;
#1303 = AXIS2_PLACEMENT_3D ( 'NONE', #1747, #3323, #494 ) ;
#1304 = VECTOR ( 'NONE', #2847, 1000.000000000000000 ) ;
#1305 = ORIENTED_EDGE ( 'NONE', *, *, #3107, .T. ) ;
#1306 = AXIS2_PLACEMENT_3D ( 'NONE', #4012, #3690, #3991 ) ;
#1307 = AXIS2_PLACEMENT_3D ( 'NONE', #2776, #860, #548 ) ;
#1308 = DIRECTION ( 'NONE',  ( 0.000000000000000000, 0.000000000000000000, 1.000000000000000000 ) ) ;
#1309 = CIRCLE ( 'NONE', #3616, 5.750000000000000888 ) ;
#1310 = CARTESIAN_POINT ( 'NONE',  ( 0.000000000000000000, -10.98468148073603956, -7.861617936003749918 ) ) ;
#1311 = DIRECTION ( 'NONE',  ( 0.000000000000000000, 0.000000000000000000, 1.000000000000000000 ) ) ;
#1312 = DIRECTION ( 'NONE',  ( 0.000000000000000000, -0.8169698930104469792, 0.5766803221148600889 ) ) ;
#1313 = VERTEX_POINT ( 'NONE', #79 ) ;
#1314 = DIRECTION ( 'NONE',  ( 0.000000000000000000, 0.000000000000000000, -1.000000000000000000 ) ) ;
#1315 = FACE_OUTER_BOUND ( 'NONE', #3489, .T. ) ;
#1316 = EDGE_LOOP ( 'NONE', ( #2077, #2375, #2975, #1296 ) ) ;
#1317 = DIRECTION ( 'NONE',  ( -1.000000000000000000, 0.000000000000000000, 0.000000000000000000 ) ) ;
#1318 = ORIENTED_EDGE ( 'NONE', *, *, #2191, .T. ) ;
#1319 = ORIENTED_EDGE ( 'NONE', *, *, #1837, .T. ) ;
#1320 = DIRECTION ( 'NONE',  ( 0.000000000000000000, 0.6310879443260490884, 0.7757112907044229066 ) ) ;
#1321 = ADVANCED_FACE ( 'NONE', ( #55 ), #2292, .T. ) ;
#1322 = ORIENTED_EDGE ( 'NONE', *, *, #4067, .F. ) ;
#1323 = EDGE_LOOP ( 'NONE', ( #3336, #1531, #3966, #2598 ) ) ;
#1324 = DIRECTION ( 'NONE',  ( -1.000000000000000000, 0.000000000000000000, 0.000000000000000000 ) ) ;
#1325 = ORIENTED_EDGE ( 'NONE', *, *, #3589, .T. ) ;
#1326 = DIRECTION ( 'NONE',  ( -1.000000000000000000, 0.000000000000000000, 0.000000000000000000 ) ) ;
#1327 = AXIS2_PLACEMENT_3D ( 'NONE', #1971, #124, #1684 ) ;
#1328 = DIRECTION ( 'NONE',  ( 1.000000000000000000, -0.000000000000000000, -0.000000000000000000 ) ) ;
#1329 = EDGE_CURVE ( 'NONE', #2854, #1269, #2675, .T. ) ;
#1330 = DIRECTION ( 'NONE',  ( 0.000000000000000000, -0.5195839500354229035, -0.8544194045464951204 ) ) ;
#1331 = CARTESIAN_POINT ( 'NONE',  ( 10.00000000000000000, -9.545144203574979613, 8.545452263219248223 ) ) ;
#1332 = AXIS2_PLACEMENT_3D ( 'NONE', #1937, #2311, #3562 ) ;
#1333 = CARTESIAN_POINT ( 'NONE',  ( 0.000000000000000000, -14.94875277203466091, 4.547022713884990353 ) ) ;
#1334 = VERTEX_POINT ( 'NONE', #1640 ) ;
#1335 = CYLINDRICAL_SURFACE ( 'NONE', #56, 12.81150000000000055 ) ;
#1336 = CARTESIAN_POINT ( 'NONE',  ( 10.00000000000000000, 0.000000000000000000, 0.000000000000000000 ) ) ;
#1337 = VERTEX_POINT ( 'NONE', #2231 ) ;
#1338 = VERTEX_POINT ( 'NONE', #1917 ) ;
#1339 = CYLINDRICAL_SURFACE ( 'NONE', #1744, 5.750000000000000000 ) ;
#1340 = CARTESIAN_POINT ( 'NONE',  ( 10.00000000000000000, -12.69837882901390103, -4.606456221410580198 ) ) ;
#1341 = EDGE_CURVE ( 'NONE', #3362, #3832, #2251, .T. ) ;
#1342 = FACE_OUTER_BOUND ( 'NONE', #2357, .T. ) ;
#1343 = EDGE_CURVE ( 'NONE', #1884, #3633, #1664, .T. ) ;
#1344 = ORIENTED_EDGE ( 'NONE', *, *, #2196, .F. ) ;
#1345 = ADVANCED_FACE ( 'NONE', ( #1315 ), #3208, .T. ) ;
#1346 = CARTESIAN_POINT ( 'NONE',  ( 0.000000000000000000, 7.000000000000000000, 0.000000000000000000 ) ) ;
#1347 = ORIENTED_EDGE ( 'NONE', *, *, #846, .F. ) ;
#1348 = FACE_OUTER_BOUND ( 'NONE', #3901, .T. ) ;
#1349 = CARTESIAN_POINT ( 'NONE',  ( 0.000000000000000000, -13.24318199697755993, -2.662028249258475032 ) ) ;
#1350 = CARTESIAN_POINT ( 'NONE',  ( 3.000000000000000000, -2.444036937190193349E-14, -7.000000000000000000 ) ) ;
#1351 = AXIS2_PLACEMENT_3D ( 'NONE', #696, #162, #2632 ) ;
#1352 = EDGE_LOOP ( 'NONE', ( #3587, #1765, #3726, #3646 ) ) ;
#1353 = DIRECTION ( 'NONE',  ( -1.000000000000000000, 0.000000000000000000, 0.000000000000000000 ) ) ;
#1354 = CARTESIAN_POINT ( 'NONE',  ( 0.000000000000000000, 9.176914517988359776, -8.939729983592028972 ) ) ;
#1355 = AXIS2_PLACEMENT_3D ( 'NONE', #3372, #2165, #1807 ) ;
#1356 = EDGE_LOOP ( 'NONE', ( #2476, #2178, #425, #3640 ) ) ;
#1357 = VERTEX_POINT ( 'NONE', #1333 ) ;
#1358 = AXIS2_PLACEMENT_3D ( 'NONE', #3029, #2762, #225 ) ;
#1359 = DIRECTION ( 'NONE',  ( -1.000000000000000000, 0.000000000000000000, 0.000000000000000000 ) ) ;
#1360 = EDGE_LOOP ( 'NONE', ( #666, #3964 ) ) ;
#1361 = AXIS2_PLACEMENT_3D ( 'NONE', #3415, #3141, #2827 ) ;
#1362 = VECTOR ( 'NONE', #2225, 1000.000000000000000 ) ;
#1363 = ORIENTED_EDGE ( 'NONE', *, *, #143, .T. ) ;
#1364 = DIRECTION ( 'NONE',  ( 0.000000000000000000, 0.000000000000000000, -1.000000000000000000 ) ) ;
#1365 = ORIENTED_EDGE ( 'NONE', *, *, #2373, .T. ) ;
#1366 = AXIS2_PLACEMENT_3D ( 'NONE', #3534, #2599, #3862 ) ;
#1367 = LINE ( 'NONE', #2918, #1304 ) ;
#1368 = VECTOR ( 'NONE', #1189, 1000.000000000000000 ) ;
#1369 = DIRECTION ( 'NONE',  ( 0.000000000000000000, 0.000000000000000000, 1.000000000000000000 ) ) ;
#1370 = CARTESIAN_POINT ( 'NONE',  ( 0.000000000000000000, 6.424699349295070583, 11.08412245155959930 ) ) ;
#1371 = CIRCLE ( 'NONE', #3675, 15.62500000000000000 ) ;
#1372 = CIRCLE ( 'NONE', #3484, 12.81150000000000411 ) ;
#1373 = AXIS2_PLACEMENT_3D ( 'NONE', #1750, #1443, #2697 ) ;
#1374 = EDGE_CURVE ( 'NONE', #1578, #1863, #3500, .T. ) ;
#1375 = ORIENTED_EDGE ( 'NONE', *, *, #2068, .F. ) ;
#1376 = DIRECTION ( 'NONE',  ( 0.000000000000000000, 0.000000000000000000, 1.000000000000000000 ) ) ;
#1377 = LINE ( 'NONE', #2275, #1849 ) ;
#1378 = ORIENTED_EDGE ( 'NONE', *, *, #3941, .F. ) ;
#1379 = ORIENTED_EDGE ( 'NONE', *, *, #3748, .T. ) ;
#1380 = EDGE_CURVE ( 'NONE', #3770, #2732, #717, .T. ) ;
#1381 = DIRECTION ( 'NONE',  ( 0.000000000000000000, 0.000000000000000000, -1.000000000000000000 ) ) ;
#1382 = ORIENTED_EDGE ( 'NONE', *, *, #1933, .F. ) ;
#1383 = VERTEX_POINT ( 'NONE', #3891 ) ;
#1384 = DIRECTION ( 'NONE',  ( 1.000000000000000000, 0.000000000000000000, 0.000000000000000000 ) ) ;
#1385 = ORIENTED_EDGE ( 'NONE', *, *, #1597, .T. ) ;
#1386 = DIRECTION ( 'NONE',  ( -1.000000000000000000, 0.000000000000000000, 0.000000000000000000 ) ) ;
#1387 = AXIS2_PLACEMENT_3D ( 'NONE', #3188, #366, #1779 ) ;
#1388 = EDGE_CURVE ( 'NONE', #882, #1169, #2811, .T. ) ;
#1389 = CARTESIAN_POINT ( 'NONE',  ( 0.000000000000000000, 0.000000000000000000, 0.000000000000000000 ) ) ;
#1390 = EDGE_CURVE ( 'NONE', #2397, #3968, #47, .T. ) ;
#1391 = CIRCLE ( 'NONE', #408, 5.750000000000000888 ) ;
#1392 = ORIENTED_EDGE ( 'NONE', *, *, #1205, .T. ) ;
#1393 = CARTESIAN_POINT ( 'NONE',  ( 10.00000000000000000, -10.98468148073603956, -7.861617936003749918 ) ) ;
#1394 = CARTESIAN_POINT ( 'NONE',  ( 0.000000000000000000, -12.59563626849159945, 2.341896505368910475 ) ) ;
#1395 = VERTEX_POINT ( 'NONE', #1065 ) ;
#1396 = EDGE_CURVE ( 'NONE', #2574, #810, #1106, .T. ) ;
#1397 = ORIENTED_EDGE ( 'NONE', *, *, #1693, .F. ) ;
#1398 = DIRECTION ( 'NONE',  ( 0.000000000000000000, 0.000000000000000000, 1.000000000000000000 ) ) ;
#1399 = DIRECTION ( 'NONE',  ( -1.000000000000000000, 0.000000000000000000, 0.000000000000000000 ) ) ;
#1400 = ORIENTED_EDGE ( 'NONE', *, *, #2602, .T. ) ;
#1401 = CARTESIAN_POINT ( 'NONE',  ( -10.00000000000000000, 0.000000000000000000, 0.000000000000000000 ) ) ;
#1402 = VERTEX_POINT ( 'NONE', #3273 ) ;
#1403 = DIRECTION ( 'NONE',  ( 0.000000000000000000, 0.000000000000000000, 1.000000000000000000 ) ) ;
#1404 = FACE_BOUND ( 'NONE', #534, .T. ) ;
#1405 = CARTESIAN_POINT ( 'NONE',  ( 50.00005080000000390, 0.000000000000000000, 3.000000000000000000 ) ) ;
#1406 = ORIENTED_EDGE ( 'NONE', *, *, #218, .T. ) ;
#1407 = DIRECTION ( 'NONE',  ( 0.000000000000000000, -0.2697967711570118943, -0.9629172873478027972 ) ) ;
#1408 = DIRECTION ( 'NONE',  ( 0.000000000000000000, -0.3984010898462484462, 0.9172113015054500496 ) ) ;
#1409 = EDGE_CURVE ( 'NONE', #3948, #2260, #448, .T. ) ;
#1410 = ORIENTED_EDGE ( 'NONE', *, *, #2320, .T. ) ;
#1411 = EDGE_CURVE ( 'NONE', #1334, #471, #2949, .T. ) ;
#1412 = ORIENTED_EDGE ( 'NONE', *, *, #127, .T. ) ;
#1413 = AXIS2_PLACEMENT_3D ( 'NONE', #2452, #278, #2743 ) ;
#1414 = AXIS2_PLACEMENT_3D ( 'NONE', #3207, #1187, #963 ) ;
#1415 = CARTESIAN_POINT ( 'NONE',  ( 0.000000000000000000, -9.545144203574979613, 8.545452263219248223 ) ) ;
#1416 = AXIS2_PLACEMENT_3D ( 'NONE', #2834, #1845, #2461 ) ;
#1417 = LINE ( 'NONE', #3369, #1368 ) ;
#1418 = CARTESIAN_POINT ( 'NONE',  ( 0.000000000000000000, 13.20735115122741909, 2.915544254518559697 ) ) ;
#1419 = VERTEX_POINT ( 'NONE', #2333 ) ;
#1420 = UNCERTAINTY_MEASURE_WITH_UNIT (LENGTH_MEASURE( 1.000000000000000082E-05 ), #15, 'distance_accuracy_value', 'NONE');
#1421 = DIRECTION ( 'NONE',  ( -1.000000000000000000, 0.000000000000000000, 0.000000000000000000 ) ) ;
#1422 = DIRECTION ( 'NONE',  ( 0.000000000000000000, 0.000000000000000000, 1.000000000000000000 ) ) ;
#1423 = CIRCLE ( 'NONE', #1035, 5.750000000000000000 ) ;
#1424 = LINE ( 'NONE', #3581, #3831 ) ;
#1425 = EDGE_CURVE ( 'NONE', #1648, #248, #2475, .T. ) ;
#1426 = AXIS2_PLACEMENT_3D ( 'NONE', #1267, #4005, #2513 ) ;
#1427 = DIRECTION ( 'NONE',  ( -1.000000000000000000, 0.000000000000000000, 0.000000000000000000 ) ) ;
#1428 = AXIS2_PLACEMENT_3D ( 'NONE', #1401, #2578, #418 ) ;
#1429 = DIRECTION ( 'NONE',  ( 0.000000000000000000, 0.1361666490962399056, 0.9906859460363315328 ) ) ;
#1430 = AXIS2_PLACEMENT_3D ( 'NONE', #138, #2246, #2290 ) ;
#1431 = CIRCLE ( 'NONE', #3224, 3.000000000000000444 ) ;
#1432 = VERTEX_POINT ( 'NONE', #2984 ) ;
#1433 = CARTESIAN_POINT ( 'NONE',  ( 0.000000000000000000, -2.424442588403835977E-14, -5.400000000000000355 ) ) ;
#1434 = AXIS2_PLACEMENT_3D ( 'NONE', #3733, #1828, #2485 ) ;
#1435 = CIRCLE ( 'NONE', #193, 5.750000000000001776 ) ;
#1436 = ORIENTED_EDGE ( 'NONE', *, *, #2471, .F. ) ;
#1437 = DIRECTION ( 'NONE',  ( 1.000000000000000000, -0.000000000000000000, -0.000000000000000000 ) ) ;
#1438 = CIRCLE ( 'NONE', #1253, 3.000000000000000444 ) ;
#1439 = CYLINDRICAL_SURFACE ( 'NONE', #2024, 5.750000000000000000 ) ;
#1440 = CARTESIAN_POINT ( 'NONE',  ( 0.000000000000000000, 0.000000000000000000, 0.000000000000000000 ) ) ;
#1441 = ORIENTED_EDGE ( 'NONE', *, *, #1290, .F. ) ;
#1442 = EDGE_CURVE ( 'NONE', #1402, #3664, #711, .T. ) ;
#1443 = DIRECTION ( 'NONE',  ( -1.000000000000000000, 0.000000000000000000, 0.000000000000000000 ) ) ;
#1444 = DIRECTION ( 'NONE',  ( -1.000000000000000000, 0.000000000000000000, 0.000000000000000000 ) ) ;
#1445 = CARTESIAN_POINT ( 'NONE',  ( 0.000000000000000000, 12.15943163291384010, -4.035189538856145397 ) ) ;
#1446 = DIRECTION ( 'NONE',  ( 1.000000000000000000, -0.000000000000000000, -0.000000000000000000 ) ) ;
#1447 = EDGE_CURVE ( 'NONE', #1233, #3595, #811, .T. ) ;
#1448 = ORIENTED_EDGE ( 'NONE', *, *, #1767, .F. ) ;
#1449 = DIRECTION ( 'NONE',  ( -1.000000000000000000, 0.000000000000000000, 0.000000000000000000 ) ) ;
#1450 = AXIS2_PLACEMENT_3D ( 'NONE', #3300, #2379, #146 ) ;
#1451 = AXIS2_PLACEMENT_3D ( 'NONE', #943, #284, #2810 ) ;
#1452 = ORIENTED_EDGE ( 'NONE', *, *, #204, .T. ) ;
#1453 = ORIENTED_EDGE ( 'NONE', *, *, #3900, .F. ) ;
#1454 = AXIS2_PLACEMENT_3D ( 'NONE', #2065, #2388, #2644 ) ;
#1455 = VERTEX_POINT ( 'NONE', #3963 ) ;
#1456 = CARTESIAN_POINT ( 'NONE',  ( 10.00000000000000000, 0.000000000000000000, 0.000000000000000000 ) ) ;
#1457 = DIRECTION ( 'NONE',  ( -1.000000000000000000, -0.000000000000000000, -0.000000000000000000 ) ) ;
#1458 = AXIS2_PLACEMENT_3D ( 'NONE', #3881, #1300, #1320 ) ;
#1459 = EDGE_CURVE ( 'NONE', #1274, #1013, #774, .T. ) ;
#1460 = ADVANCED_FACE ( 'NONE', ( #482, #2067, #2034, #201, #160, #2703 ), #501, .F. ) ;
#1461 = CARTESIAN_POINT ( 'NONE',  ( 5.000000000000000000, -6.880190462053950462, -14.02867079255413785 ) ) ;
#1462 = ORIENTED_EDGE ( 'NONE', *, *, #1097, .F. ) ;
#1463 = FACE_OUTER_BOUND ( 'NONE', #389, .T. ) ;
#1464 = UNCERTAINTY_MEASURE_WITH_UNIT (LENGTH_MEASURE( 1.000000000000000082E-05 ), #2330, 'distance_accuracy_value', 'NONE');
#1465 = DIRECTION ( 'NONE',  ( 0.000000000000000000, 0.000000000000000000, 1.000000000000000000 ) ) ;
#1466 = CARTESIAN_POINT ( 'NONE',  ( 3.000000000000000000, 7.332110811570580046E-14, 7.000000000000000888 ) ) ;
#1467 = EDGE_CURVE ( 'NONE', #3531, #3232, #1777, .T. ) ;
#1468 = EDGE_CURVE ( 'NONE', #1226, #3403, #2391, .T. ) ;
#1469 = ORIENTED_EDGE ( 'NONE', *, *, #3410, .F. ) ;
#1470 = CARTESIAN_POINT ( 'NONE',  ( 10.00000000000000000, -7.874147165256660585, -10.10605455506154016 ) ) ;
#1471 = ORIENTED_EDGE ( 'NONE', *, *, #3311, .T. ) ;
#1472 = LINE ( 'NONE', #3641, #3432 ) ;
#1473 = EDGE_LOOP ( 'NONE', ( #135, #3223, #3171, #1607 ) ) ;
#1474 = ORIENTED_EDGE ( 'NONE', *, *, #2321, .T. ) ;
#1475 = CARTESIAN_POINT ( 'NONE',  ( 0.000000000000000000, -7.000000000000000000, 4.888073874380386697E-14 ) ) ;
#1476 = ORIENTED_EDGE ( 'NONE', *, *, #3910, .F. ) ;
#1477 = DIRECTION ( 'NONE',  ( 1.000000000000000000, 0.000000000000000000, 0.000000000000000000 ) ) ;
#1478 = CARTESIAN_POINT ( 'NONE',  ( 10.00000000000000000, 12.15943163291384010, -4.035189538856145397 ) ) ;
#1479 = CARTESIAN_POINT ( 'NONE',  ( 0.000000000000000000, 0.000000000000000000, 0.000000000000000000 ) ) ;
#1480 = AXIS2_PLACEMENT_3D ( 'NONE', #3613, #1159, #514 ) ;
#1481 = CIRCLE ( 'NONE', #2013, 5.750000000000000000 ) ;
#1482 = LINE ( 'NONE', #2993, #2813 ) ;
#1483 = VERTEX_POINT ( 'NONE', #1170 ) ;
#1484 = CARTESIAN_POINT ( 'NONE',  ( 0.000000000000000000, 0.000000000000000000, 0.000000000000000000 ) ) ;
#1485 = AXIS2_PLACEMENT_3D ( 'NONE', #3386, #1271, #3784 ) ;
#1486 = DIRECTION ( 'NONE',  ( -1.000000000000000000, 0.000000000000000000, 0.000000000000000000 ) ) ;
#1487 = CARTESIAN_POINT ( 'NONE',  ( 5.000000000000000000, 15.42867212834060098, 2.469149925817745395 ) ) ;
#1488 = FACE_BOUND ( 'NONE', #286, .T. ) ;
#1489 = CARTESIAN_POINT ( 'NONE',  ( 0.000000000000000000, -6.880190462053940692, -14.02867079255413785 ) ) ;
#1490 = CARTESIAN_POINT ( 'NONE',  ( 0.000000000000000000, 11.24851991847275912, -6.132318639284929596 ) ) ;
#1491 = AXIS2_PLACEMENT_3D ( 'NONE', #939, #3138, #317 ) ;
#1492 = ORIENTED_EDGE ( 'NONE', *, *, #2935, .T. ) ;
#1493 = DIRECTION ( 'NONE',  ( -1.000000000000000000, -0.000000000000000000, -0.000000000000000000 ) ) ;
#1494 = AXIS2_PLACEMENT_3D ( 'NONE', #3983, #1757, #1722 ) ;
#1495 = AXIS2_PLACEMENT_3D ( 'NONE', #2916, #91, #3841 ) ;
#1496 = EDGE_CURVE ( 'NONE', #1090, #523, #4054, .T. ) ;
#1497 = AXIS2_PLACEMENT_3D ( 'NONE', #1610, #1594, #420 ) ;
#1498 = ORIENTED_EDGE ( 'NONE', *, *, #4009, .F. ) ;
#1499 = ORIENTED_EDGE ( 'NONE', *, *, #1998, .T. ) ;
#1500 = CIRCLE ( 'NONE', #1434, 5.750000000000002665 ) ;
#1501 = CYLINDRICAL_SURFACE ( 'NONE', #2754, 5.749999999999998224 ) ;
#1502 = ORIENTED_EDGE ( 'NONE', *, *, #2425, .T. ) ;
#1503 = VECTOR ( 'NONE', #156, 1000.000000000000000 ) ;
#1504 = FACE_OUTER_BOUND ( 'NONE', #2056, .T. ) ;
#1505 = CIRCLE ( 'NONE', #2156, 3.000000000000000000 ) ;
#1506 = CARTESIAN_POINT ( 'NONE',  ( 0.000000000000000000, 5.556561520398570764, 14.60360397538998001 ) ) ;
#1507 = EDGE_CURVE ( 'NONE', #3499, #1090, #3932, .T. ) ;
#1508 = DIRECTION ( 'NONE',  ( 0.000000000000000000, -0.7308359642781157017, -0.6825531432186630054 ) ) ;
#1509 = ORIENTED_EDGE ( 'NONE', *, *, #789, .T. ) ;
#1510 = LINE ( 'NONE', #2183, #820 ) ;
#1511 = DIRECTION ( 'NONE',  ( -1.000000000000000000, 0.000000000000000000, 0.000000000000000000 ) ) ;
#1512 = CARTESIAN_POINT ( 'NONE',  ( 5.000000000000000000, 5.556561520398770604, -14.60360397538990007 ) ) ;
#1513 = ORIENTED_EDGE ( 'NONE', *, *, #487, .F. ) ;
#1514 = CYLINDRICAL_SURFACE ( 'NONE', #121, 12.81150000000000055 ) ;
#1515 = DIRECTION ( 'NONE',  ( 0.000000000000000000, 0.5195839500354347829, -0.8544194045464877929 ) ) ;
#1516 = EDGE_CURVE ( 'NONE', #732, #3981, #3543, .T. ) ;
#1517 = DIRECTION ( 'NONE',  ( -1.000000000000000000, 0.000000000000000000, 0.000000000000000000 ) ) ;
#1518 = EDGE_CURVE ( 'NONE', #1455, #2285, #507, .T. ) ;
#1519 = VERTEX_POINT ( 'NONE', #3356 ) ;
#1520 = ORIENTED_EDGE ( 'NONE', *, *, #2609, .T. ) ;
#1521 = DIRECTION ( 'NONE',  ( 0.000000000000000000, 0.000000000000000000, -1.000000000000000000 ) ) ;
#1522 = DIRECTION ( 'NONE',  ( 0.000000000000000000, 0.000000000000000000, 1.000000000000000000 ) ) ;
#1523 = DIRECTION ( 'NONE',  ( 1.000000000000000000, 0.000000000000000000, 0.000000000000000000 ) ) ;
#1524 = EDGE_CURVE ( 'NONE', #2155, #92, #3073, .T. ) ;
#1525 = ORIENTED_EDGE ( 'NONE', *, *, #3488, .F. ) ;
#1526 = VECTOR ( 'NONE', #2968, 1000.000000000000000 ) ;
#1527 = CARTESIAN_POINT ( 'NONE',  ( 10.00000000000000000, 0.000000000000000000, 0.000000000000000000 ) ) ;
#1528 = AXIS2_PLACEMENT_3D ( 'NONE', #2269, #3539, #116 ) ;
#1529 = CARTESIAN_POINT ( 'NONE',  ( 0.000000000000000000, 0.000000000000000000, 0.000000000000000000 ) ) ;
#1530 = ORIENTED_EDGE ( 'NONE', *, *, #2730, .T. ) ;
#1531 = ORIENTED_EDGE ( 'NONE', *, *, #3488, .T. ) ;
#1532 = CARTESIAN_POINT ( 'NONE',  ( 0.000000000000000000, -0.08805550942581240326, 13.50779441774935918 ) ) ;
#1533 = DIRECTION ( 'NONE',  ( 0.000000000000000000, 0.000000000000000000, -1.000000000000000000 ) ) ;
#1534 = DIRECTION ( 'NONE',  ( 0.000000000000000000, -0.8878852184023700023, -0.4600650377311622519 ) ) ;
#1535 = PRODUCT_RELATED_PRODUCT_CATEGORY ( 'part', '', ( #4024 ) ) ;
#1536 = DIRECTION ( 'NONE',  ( 0.000000000000000000, 0.000000000000000000, 1.000000000000000000 ) ) ;
#1537 = ORIENTED_EDGE ( 'NONE', *, *, #3274, .T. ) ;
#1538 = CARTESIAN_POINT ( 'NONE',  ( 3.000000000000000000, 7.000000000000000000, 0.000000000000000000 ) ) ;
#1539 = VERTEX_POINT ( 'NONE', #775 ) ;
#1540 = CARTESIAN_POINT ( 'NONE',  ( 0.000000000000000000, 0.000000000000000000, 0.000000000000000000 ) ) ;
#1541 = EDGE_LOOP ( 'NONE', ( #1080, #3262, #2758, #1058 ) ) ;
#1542 = EDGE_CURVE ( 'NONE', #2223, #569, #1690, .T. ) ;
#1543 = ORIENTED_EDGE ( 'NONE', *, *, #3858, .F. ) ;
#1544 = LINE ( 'NONE', #3771, #2867 ) ;
#1545 = VERTEX_POINT ( 'NONE', #2355 ) ;
#1546 = CARTESIAN_POINT ( 'NONE',  ( 0.000000000000000000, 13.48231375170810153, 0.8339542585917989470 ) ) ;
#1547 = DIRECTION ( 'NONE',  ( -1.000000000000000000, 0.000000000000000000, 0.000000000000000000 ) ) ;
#1548 = DIRECTION ( 'NONE',  ( -1.000000000000000000, 0.000000000000000000, 0.000000000000000000 ) ) ;
#1549 = VECTOR ( 'NONE', #1730, 1000.000000000000000 ) ;
#1550 = ADVANCED_FACE ( 'NONE', ( #796 ), #2050, .F. ) ;
#1551 = CARTESIAN_POINT ( 'NONE',  ( 10.00000000000000000, -0.08805550942563289407, -13.50779441774935918 ) ) ;
#1552 = AXIS2_PLACEMENT_3D ( 'NONE', #3429, #938, #536 ) ;
#1553 = CARTESIAN_POINT ( 'NONE',  ( 10.00000000000000000, 0.000000000000000000, 0.000000000000000000 ) ) ;
#1554 = AXIS2_PLACEMENT_3D ( 'NONE', #269, #2772, #1234 ) ;
#1555 = DIRECTION ( 'NONE',  ( -1.000000000000000000, 0.000000000000000000, 0.000000000000000000 ) ) ;
#1556 = EDGE_CURVE ( 'NONE', #3136, #3298, #2376, .T. ) ;
#1557 = CARTESIAN_POINT ( 'NONE',  ( 10.00000000000000000, 6.943196843910169669, 11.58707389255961928 ) ) ;
#1558 = VERTEX_POINT ( 'NONE', #2750 ) ;
#1559 = DIRECTION ( 'NONE',  ( 0.000000000000000000, 0.9790840876823234673, -0.2034560130526310295 ) ) ;
#1560 = AXIS2_PLACEMENT_3D ( 'NONE', #3542, #1616, #2900 ) ;
#1561 = EDGE_LOOP ( 'NONE', ( #2423, #359, #2111, #2923 ) ) ;
#1562 = DIRECTION ( 'NONE',  ( 0.000000000000000000, -0.6310879443260588584, 0.7757112907044149130 ) ) ;
#1563 = AXIS2_PLACEMENT_3D ( 'NONE', #521, #2389, #500 ) ;
#1564 = VERTEX_POINT ( 'NONE', #1490 ) ;
#1565 = FACE_OUTER_BOUND ( 'NONE', #897, .T. ) ;
#1566 = CIRCLE ( 'NONE', #251, 5.750000000000000888 ) ;
#1567 = AXIS2_PLACEMENT_3D ( 'NONE', #2258, #395, #2280 ) ;
#1568 = CYLINDRICAL_SURFACE ( 'NONE', #3754, 5.750000000000000000 ) ;
#1569 = DIRECTION ( 'NONE',  ( 0.000000000000000000, 0.000000000000000000, -1.000000000000000000 ) ) ;
#1570 = CIRCLE ( 'NONE', #3081, 5.750000000000002665 ) ;
#1571 = ORIENTED_EDGE ( 'NONE', *, *, #2928, .T. ) ;
#1572 = CARTESIAN_POINT ( 'NONE',  ( 10.00000000000000000, 11.08624123981545928, -7.717740535774420430 ) ) ;
#1573 = FACE_OUTER_BOUND ( 'NONE', #3210, .T. ) ;
#1574 = EDGE_CURVE ( 'NONE', #1233, #399, #3209, .T. ) ;
#1575 = CARTESIAN_POINT ( 'NONE',  ( 5.000000000000000000, -14.94875277203466091, 4.547022713884990353 ) ) ;
#1576 = DIRECTION ( 'NONE',  ( -1.000000000000000000, 0.000000000000000000, 0.000000000000000000 ) ) ;
#1577 = CARTESIAN_POINT ( 'NONE',  ( 10.00000000000000000, 6.424699349295219797, -11.08412245155949982 ) ) ;
#1578 = VERTEX_POINT ( 'NONE', #3764 ) ;
#1579 = ADVANCED_FACE ( 'NONE', ( #1194 ), #1812, .T. ) ;
#1580 = DIRECTION ( 'NONE',  ( 0.000000000000000000, -0.8169698930104469792, 0.5766803221148600889 ) ) ;
#1581 = ORIENTED_EDGE ( 'NONE', *, *, #3397, .T. ) ;
#1582 = CARTESIAN_POINT ( 'NONE',  ( 0.000000000000000000, -5.300754509045070506, -12.42458310929422005 ) ) ;
#1583 = VERTEX_POINT ( 'NONE', #2496 ) ;
#1584 = ORIENTED_EDGE ( 'NONE', *, *, #1211, .T. ) ;
#1585 = AXIS2_PLACEMENT_3D ( 'NONE', #34, #988, #2233 ) ;
#1586 = FACE_OUTER_BOUND ( 'NONE', #2666, .T. ) ;
#1587 = CARTESIAN_POINT ( 'NONE',  ( 5.000000000000000000, 15.42867212834064894, -2.469149925817534896 ) ) ;
#1588 = CIRCLE ( 'NONE', #2909, 12.81149999999999523 ) ;
#1589 = ORIENTED_EDGE ( 'NONE', *, *, #1078, .T. ) ;
#1590 = EDGE_CURVE ( 'NONE', #1847, #1233, #446, .T. ) ;
#1591 = DIRECTION ( 'NONE',  ( -1.000000000000000000, 0.000000000000000000, 0.000000000000000000 ) ) ;
#1592 = ADVANCED_FACE ( 'NONE', ( #283 ), #236, .T. ) ;
#1593 = CARTESIAN_POINT ( 'NONE',  ( 0.000000000000000000, -10.91463276349809775, -11.18085044341322032 ) ) ;
#1594 = DIRECTION ( 'NONE',  ( -1.000000000000000000, 0.000000000000000000, 0.000000000000000000 ) ) ;
#1595 = EDGE_CURVE ( 'NONE', #1214, #2854, #2742, .T. ) ;
#1596 = DIRECTION ( 'NONE',  ( -1.000000000000000000, 0.000000000000000000, 0.000000000000000000 ) ) ;
#1597 = EDGE_CURVE ( 'NONE', #1275, #1900, #973, .T. ) ;
#1598 = ORIENTED_EDGE ( 'NONE', *, *, #237, .F. ) ;
#1599 = DIRECTION ( 'NONE',  ( -1.000000000000000000, 0.000000000000000000, 0.000000000000000000 ) ) ;
#1600 = ORIENTED_EDGE ( 'NONE', *, *, #3757, .F. ) ;
#1601 = CARTESIAN_POINT ( 'NONE',  ( 10.00000000000000000, -10.40994441961314010, -11.65219645305401919 ) ) ;
#1602 = ORIENTED_EDGE ( 'NONE', *, *, #3716, .T. ) ;
#1603 = VERTEX_POINT ( 'NONE', #942 ) ;
#1604 = CYLINDRICAL_SURFACE ( 'NONE', #158, 5.750000000000000888 ) ;
#1605 = LINE ( 'NONE', #2182, #3217 ) ;
#1606 = LINE ( 'NONE', #415, #3460 ) ;
#1607 = ORIENTED_EDGE ( 'NONE', *, *, #3416, .T. ) ;
#1608 = CARTESIAN_POINT ( 'NONE',  ( 10.00000000000000000, -3.715476584966020290, -12.26090396327160015 ) ) ;
#1609 = CARTESIAN_POINT ( 'NONE',  ( 3.000000000000000000, 7.332110811570580046E-14, 7.000000000000000888 ) ) ;
#1610 = CARTESIAN_POINT ( 'NONE',  ( 10.00000000000000000, 0.000000000000000000, 0.000000000000000000 ) ) ;
#1611 = DIRECTION ( 'NONE',  ( -1.000000000000000000, 0.000000000000000000, 0.000000000000000000 ) ) ;
#1612 = FACE_OUTER_BOUND ( 'NONE', #155, .T. ) ;
#1613 = DIRECTION ( 'NONE',  ( 0.000000000000000000, -0.9790840876823206917, -0.2034560130526450183 ) ) ;
#1614 = ORIENTED_EDGE ( 'NONE', *, *, #2316, .T. ) ;
#1615 = AXIS2_PLACEMENT_3D ( 'NONE', #3706, #2459, #3419 ) ;
#1616 = DIRECTION ( 'NONE',  ( -1.000000000000000000, 0.000000000000000000, 0.000000000000000000 ) ) ;
#1617 = ORIENTED_EDGE ( 'NONE', *, *, #3410, .T. ) ;
#1618 = VECTOR ( 'NONE', #2133, 1000.000000000000000 ) ;
#1619 = DIRECTION ( 'NONE',  ( 0.000000000000000000, -0.2697967711570115057, -0.9629172873478030192 ) ) ;
#1620 = ORIENTED_EDGE ( 'NONE', *, *, #2320, .F. ) ;
#1621 = EDGE_CURVE ( 'NONE', #905, #208, #3100, .T. ) ;
#1622 = ORIENTED_EDGE ( 'NONE', *, *, #3391, .T. ) ;
#1623 = CIRCLE ( 'NONE', #1563, 5.750000000000000888 ) ;
#1624 = AXIS2_PLACEMENT_3D ( 'NONE', #1389, #853, #3375 ) ;
#1625 = CARTESIAN_POINT ( 'NONE',  ( 10.00000000000000000, -6.885648935156940098, 10.80381279881190082 ) ) ;
#1626 = AXIS2_PLACEMENT_3D ( 'NONE', #227, #3999, #1804 ) ;
#1627 = EDGE_CURVE ( 'NONE', #1236, #1483, #564, .T. ) ;
#1628 = VECTOR ( 'NONE', #1000, 1000.000000000000000 ) ;
#1629 = AXIS2_PLACEMENT_3D ( 'NONE', #2739, #804, #2062 ) ;
#1630 = ORIENTED_EDGE ( 'NONE', *, *, #1746, .F. ) ;
#1631 = ORIENTED_EDGE ( 'NONE', *, *, #1467, .T. ) ;
#1632 = DIRECTION ( 'NONE',  ( 0.000000000000000000, 0.6310879443260489774, 0.7757112907044229066 ) ) ;
#1633 = AXIS2_PLACEMENT_3D ( 'NONE', #3352, #3327, #2682 ) ;
#1634 = CARTESIAN_POINT ( 'NONE',  ( -0.0009999999999992653654, -7.000000000000000000, 4.888073874380386697E-14 ) ) ;
#1635 = CARTESIAN_POINT ( 'NONE',  ( -10.00000000000000000, 0.000000000000000000, 0.000000000000000000 ) ) ;
#1636 = CARTESIAN_POINT ( 'NONE',  ( 0.000000000000000000, 0.000000000000000000, 0.000000000000000000 ) ) ;
#1637 = DIRECTION ( 'NONE',  ( 0.000000000000000000, 0.000000000000000000, 1.000000000000000000 ) ) ;
#1638 = DIRECTION ( 'NONE',  ( 0.000000000000000000, 0.9790840876823234673, -0.2034560130526310850 ) ) ;
#1639 = ORIENTED_EDGE ( 'NONE', *, *, #899, .T. ) ;
#1640 = CARTESIAN_POINT ( 'NONE',  ( 0.000000000000000000, 14.46548752452594044, -5.906800798891419291 ) ) ;
#1641 = ORIENTED_EDGE ( 'NONE', *, *, #2492, .T. ) ;
#1642 = DIRECTION ( 'NONE',  ( 1.000000000000000000, 0.000000000000000000, 0.000000000000000000 ) ) ;
#1643 = FACE_OUTER_BOUND ( 'NONE', #1561, .T. ) ;
#1644 = EDGE_CURVE ( 'NONE', #3062, #4066, #2473, .T. ) ;
#1645 = ORIENTED_EDGE ( 'NONE', *, *, #2990, .T. ) ;
#1646 = EDGE_CURVE ( 'NONE', #3320, #1395, #2023, .T. ) ;
#1647 = VECTOR ( 'NONE', #2910, 1000.000000000000000 ) ;
#1648 = VERTEX_POINT ( 'NONE', #2188 ) ;
#1649 = CARTESIAN_POINT ( 'NONE',  ( 0.000000000000000000, -1.476880387257710092, 12.72608960253436017 ) ) ;
#1650 = ADVANCED_FACE ( 'NONE', ( #2127 ), #3476, .T. ) ;
#1651 = ADVANCED_FACE ( 'NONE', ( #3779 ), #264, .T. ) ;
#1652 = DIRECTION ( 'NONE',  ( 0.000000000000000000, 0.000000000000000000, 1.000000000000000000 ) ) ;
#1653 = ORIENTED_EDGE ( 'NONE', *, *, #3180, .T. ) ;
#1654 = AXIS2_PLACEMENT_3D ( 'NONE', #100, #1705, #2607 ) ;
#1655 = VERTEX_POINT ( 'NONE', #2169 ) ;
#1656 = CARTESIAN_POINT ( 'NONE',  ( 0.000000000000000000, 11.89962618115369963, 10.12618001759801878 ) ) ;
#1657 = EDGE_LOOP ( 'NONE', ( #29, #2646, #85, #2783 ) ) ;
#1658 = CIRCLE ( 'NONE', #2913, 12.81150000000000411 ) ;
#1659 = DIRECTION ( 'NONE',  ( -1.000000000000000000, 0.000000000000000000, 0.000000000000000000 ) ) ;
#1660 = FACE_OUTER_BOUND ( 'NONE', #1009, .T. ) ;
#1661 = DIRECTION ( 'NONE',  ( -1.000000000000000000, 0.000000000000000000, 0.000000000000000000 ) ) ;
#1662 = DIRECTION ( 'NONE',  ( -1.000000000000000000, 0.000000000000000000, 0.000000000000000000 ) ) ;
#1663 = VECTOR ( 'NONE', #445, 1000.000000000000000 ) ;
#1664 = LINE ( 'NONE', #3563, #577 ) ;
#1665 = ORIENTED_EDGE ( 'NONE', *, *, #3912, .T. ) ;
#1666 = CYLINDRICAL_SURFACE ( 'NONE', #1351, 15.62500000000000000 ) ;
#1667 = DIRECTION ( 'NONE',  ( 0.000000000000000000, 0.000000000000000000, 1.000000000000000000 ) ) ;
#1668 = ORIENTED_EDGE ( 'NONE', *, *, #43, .F. ) ;
#1669 = EDGE_LOOP ( 'NONE', ( #3861, #525, #930, #1258 ) ) ;
#1670 = DIRECTION ( 'NONE',  ( -1.000000000000000000, 0.000000000000000000, 0.000000000000000000 ) ) ;
#1671 = ORIENTED_EDGE ( 'NONE', *, *, #2118, .F. ) ;
#1672 = VERTEX_POINT ( 'NONE', #298 ) ;
#1673 = DIRECTION ( 'NONE',  ( 0.000000000000000000, 0.000000000000000000, 1.000000000000000000 ) ) ;
#1674 = ORIENTED_EDGE ( 'NONE', *, *, #2373, .F. ) ;
#1675 = ADVANCED_FACE ( 'NONE', ( #3059 ), #1514, .T. ) ;
#1676 = LINE ( 'NONE', #403, #645 ) ;
#1677 = DIRECTION ( 'NONE',  ( -1.000000000000000000, 0.000000000000000000, 0.000000000000000000 ) ) ;
#1678 = FACE_OUTER_BOUND ( 'NONE', #1356, .T. ) ;
#1679 = AXIS2_PLACEMENT_3D ( 'NONE', #211, #1457, #152 ) ;
#1680 = CARTESIAN_POINT ( 'NONE',  ( 10.00000000000000000, 0.000000000000000000, 0.000000000000000000 ) ) ;
#1681 = EDGE_CURVE ( 'NONE', #1539, #3376, #3549, .T. ) ;
#1682 = EDGE_LOOP ( 'NONE', ( #676, #3950, #2515, #3904 ) ) ;
#1683 = DIRECTION ( 'NONE',  ( 1.000000000000000000, 0.000000000000000000, 0.000000000000000000 ) ) ;
#1684 = DIRECTION ( 'NONE',  ( 0.000000000000000000, 0.000000000000000000, -1.000000000000000000 ) ) ;
#1685 = VERTEX_POINT ( 'NONE', #1061 ) ;
#1686 = ORIENTED_EDGE ( 'NONE', *, *, #1047, .F. ) ;
#1687 = AXIS2_PLACEMENT_3D ( 'NONE', #2419, #1197, #3686 ) ;
#1688 = CARTESIAN_POINT ( 'NONE',  ( 10.00000000000000000, 12.79720803224639880, -0.6049783710250069557 ) ) ;
#1689 = ORIENTED_EDGE ( 'NONE', *, *, #2579, .T. ) ;
#1690 = CIRCLE ( 'NONE', #3280, 5.749999999999999112 ) ;
#1691 = AXIS2_PLACEMENT_3D ( 'NONE', #3474, #3119, #3431 ) ;
#1692 = EDGE_LOOP ( 'NONE', ( #705, #1708, #2761, #1829 ) ) ;
#1693 = EDGE_CURVE ( 'NONE', #3444, #1432, #2309, .T. ) ;
#1694 = DIRECTION ( 'NONE',  ( 0.000000000000000000, 0.1361666490962399334, 0.9906859460363316439 ) ) ;
#1695 = VERTEX_POINT ( 'NONE', #3250 ) ;
#1696 = CIRCLE ( 'NONE', #648, 5.750000000000004441 ) ;
#1697 = DIRECTION ( 'NONE',  ( 0.000000000000000000, 0.000000000000000000, 1.000000000000000000 ) ) ;
#1698 = CARTESIAN_POINT ( 'NONE',  ( 10.00000000000000000, 3.673940397442060361E-16, -3.000000000000000000 ) ) ;
#1699 = EDGE_CURVE ( 'NONE', #3123, #3027, #1367, .T. ) ;
#1700 = AXIS2_PLACEMENT_3D ( 'NONE', #2203, #334, #260 ) ;
#1701 = CARTESIAN_POINT ( 'NONE',  ( 10.00000000000000000, -11.49671979254302023, 5.653314626106469731 ) ) ;
#1702 = AXIS2_PLACEMENT_3D ( 'NONE', #1154, #839, #3363 ) ;
#1703 = ORIENTED_EDGE ( 'NONE', *, *, #3004, .T. ) ;
#1704 = DIRECTION ( 'NONE',  ( 0.000000000000000000, 0.000000000000000000, 1.000000000000000000 ) ) ;
#1705 = DIRECTION ( 'NONE',  ( -1.000000000000000000, 0.000000000000000000, 0.000000000000000000 ) ) ;
#1706 = VERTEX_POINT ( 'NONE', #652 ) ;
#1707 = EDGE_CURVE ( 'NONE', #2904, #1578, #3998, .T. ) ;
#1708 = ORIENTED_EDGE ( 'NONE', *, *, #2540, .F. ) ;
#1709 = CARTESIAN_POINT ( 'NONE',  ( 0.000000000000000000, 0.000000000000000000, 3.000000000000000000 ) ) ;
#1710 = DIRECTION ( 'NONE',  ( 0.000000000000000000, 0.000000000000000000, 1.000000000000000000 ) ) ;
#1711 = CARTESIAN_POINT ( 'NONE',  ( 5.000000000000000000, 0.7215507154582809779, 15.60833077446214823 ) ) ;
#1712 = ORIENTED_EDGE ( 'NONE', *, *, #3914, .T. ) ;
#1713 = VERTEX_POINT ( 'NONE', #2623 ) ;
#1714 = CYLINDRICAL_SURFACE ( 'NONE', #1428, 15.62500000000000000 ) ;
#1715 = ORIENTED_EDGE ( 'NONE', *, *, #2691, .T. ) ;
#1716 = EDGE_CURVE ( 'NONE', #1383, #2255, #337, .T. ) ;
#1717 = EDGE_CURVE ( 'NONE', #1953, #458, #52, .T. ) ;
#1718 = FACE_OUTER_BOUND ( 'NONE', #1541, .T. ) ;
#1719 = CYLINDRICAL_SURFACE ( 'NONE', #1957, 5.750000000000000000 ) ;
#1720 = DIRECTION ( 'NONE',  ( 0.000000000000000000, 0.000000000000000000, 1.000000000000000000 ) ) ;
#1721 = AXIS2_PLACEMENT_3D ( 'NONE', #2254, #1023, #3894 ) ;
#1722 = DIRECTION ( 'NONE',  ( 0.000000000000000000, 0.000000000000000000, 1.000000000000000000 ) ) ;
#1723 = AXIS2_PLACEMENT_3D ( 'NONE', #2498, #2457, #1859 ) ;
#1724 = ORIENTED_EDGE ( 'NONE', *, *, #2321, .F. ) ;
#1725 = CARTESIAN_POINT ( 'NONE',  ( 10.00000000000000000, -1.752075746886789798, 13.39397231526523946 ) ) ;
#1726 = CARTESIAN_POINT ( 'NONE',  ( 0.000000000000000000, 5.350396643122560469, 11.64078124574390039 ) ) ;
#1727 = VERTEX_POINT ( 'NONE', #1016 ) ;
#1728 = EDGE_LOOP ( 'NONE', ( #3597, #3902, #333, #384 ) ) ;
#1729 = DIRECTION ( 'NONE',  ( -1.000000000000000000, 0.000000000000000000, 0.000000000000000000 ) ) ;
#1730 = DIRECTION ( 'NONE',  ( -1.000000000000000000, 0.000000000000000000, 0.000000000000000000 ) ) ;
#1731 = CARTESIAN_POINT ( 'NONE',  ( 0.000000000000000000, 12.48587405515859849, -2.870101274993160256 ) ) ;
#1732 = ORIENTED_EDGE ( 'NONE', *, *, #1043, .F. ) ;
#1733 = DIRECTION ( 'NONE',  ( -1.000000000000000000, 0.000000000000000000, 0.000000000000000000 ) ) ;
#1734 = FACE_BOUND ( 'NONE', #916, .T. ) ;
#1735 = DIRECTION ( 'NONE',  ( 1.000000000000000000, 0.000000000000000000, 0.000000000000000000 ) ) ;
#1736 = CARTESIAN_POINT ( 'NONE',  ( -0.0009999999999992653654, -2.444036937190193349E-14, -7.000000000000000000 ) ) ;
#1737 = EDGE_LOOP ( 'NONE', ( #1581, #878, #2313, #1715 ) ) ;
#1738 = CARTESIAN_POINT ( 'NONE',  ( 10.00000000000000000, 9.176914517988359776, -8.939729983592028972 ) ) ;
#1739 = CIRCLE ( 'NONE', #2463, 5.750000000000000888 ) ;
#1740 = ORIENTED_EDGE ( 'NONE', *, *, #2004, .F. ) ;
#1741 = CARTESIAN_POINT ( 'NONE',  ( 0.000000000000000000, 12.33543222387117844, 9.590502429501830406 ) ) ;
#1742 = CIRCLE ( 'NONE', #3131, 5.750000000000000888 ) ;
#1743 = EDGE_CURVE ( 'NONE', #3633, #1313, #836, .T. ) ;
#1744 = AXIS2_PLACEMENT_3D ( 'NONE', #2590, #1359, #2612 ) ;
#1745 = DIRECTION ( 'NONE',  ( 0.000000000000000000, 0.000000000000000000, 1.000000000000000000 ) ) ;
#1746 = EDGE_CURVE ( 'NONE', #2114, #2260, #2412, .T. ) ;
#1747 = CARTESIAN_POINT ( 'NONE',  ( 0.000000000000000000, 13.48231375170810153, 0.8339542585917989470 ) ) ;
#1748 = DIRECTION ( 'NONE',  ( 0.000000000000000000, 0.000000000000000000, -1.000000000000000000 ) ) ;
#1749 = ORIENTED_EDGE ( 'NONE', *, *, #1795, .T. ) ;
#1750 = CARTESIAN_POINT ( 'NONE',  ( 10.00000000000000000, -12.03388225800412137, -6.136280763248569414 ) ) ;
#1751 = CARTESIAN_POINT ( 'NONE',  ( 10.00000000000000000, 0.000000000000000000, 0.000000000000000000 ) ) ;
#1752 = AXIS2_PLACEMENT_3D ( 'NONE', #3720, #1427, #1308 ) ;
#1753 = DIRECTION ( 'NONE',  ( -1.000000000000000000, -0.000000000000000000, -0.000000000000000000 ) ) ;
#1754 = AXIS2_PLACEMENT_3D ( 'NONE', #3927, #3657, #2084 ) ;
#1755 = ADVANCED_FACE ( 'NONE', ( #1962 ), #3799, .T. ) ;
#1756 = AXIS2_PLACEMENT_3D ( 'NONE', #1346, #2641, #460 ) ;
#1757 = DIRECTION ( 'NONE',  ( -1.000000000000000000, 0.000000000000000000, 0.000000000000000000 ) ) ;
#1758 = AXIS2_PLACEMENT_3D ( 'NONE', #1636, #2626, #1697 ) ;
#1759 = AXIS2_PLACEMENT_3D ( 'NONE', #934, #1548, #1263 ) ;
#1760 = ORIENTED_EDGE ( 'NONE', *, *, #2624, .F. ) ;
#1761 = CARTESIAN_POINT ( 'NONE',  ( 3.000000000000000000, -2.444036937190193349E-14, -10.00000000000000000 ) ) ;
#1762 = AXIS2_PLACEMENT_3D ( 'NONE', #2745, #3622, #519 ) ;
#1763 = ORIENTED_EDGE ( 'NONE', *, *, #1468, .F. ) ;
#1764 = AXIS2_PLACEMENT_3D ( 'NONE', #2102, #1790, #174 ) ;
#1765 = ORIENTED_EDGE ( 'NONE', *, *, #723, .T. ) ;
#1766 = EDGE_CURVE ( 'NONE', #2977, #3007, #1676, .T. ) ;
#1767 = EDGE_CURVE ( 'NONE', #1672, #2114, #2895, .T. ) ;
#1768 = EDGE_LOOP ( 'NONE', ( #1318, #3823 ) ) ;
#1769 = CARTESIAN_POINT ( 'NONE',  ( 0.000000000000000000, -4.855571540454119983, 11.85571411875016068 ) ) ;
#1770 = CARTESIAN_POINT ( 'NONE',  ( -10.00000000000000000, 0.000000000000000000, 0.000000000000000000 ) ) ;
#1771 = EDGE_CURVE ( 'NONE', #3247, #3383, #976, .T. ) ;
#1772 = FACE_OUTER_BOUND ( 'NONE', #2305, .T. ) ;
#1773 = EDGE_LOOP ( 'NONE', ( #565, #1509 ) ) ;
#1774 = CARTESIAN_POINT ( 'NONE',  ( 0.000000000000000000, -11.97876787724253944, 4.543528627965479849 ) ) ;
#1775 = PLANE ( 'NONE',  #189 ) ;
#1776 = FACE_OUTER_BOUND ( 'NONE', #2619, .T. ) ;
#1777 = LINE ( 'NONE', #1405, #2148 ) ;
#1778 = ORIENTED_EDGE ( 'NONE', *, *, #1888, .T. ) ;
#1779 = DIRECTION ( 'NONE',  ( 0.000000000000000000, 0.000000000000000000, 1.000000000000000000 ) ) ;
#1780 = AXIS2_PLACEMENT_3D ( 'NONE', #3844, #715, #1286 ) ;
#1781 = VERTEX_POINT ( 'NONE', #2556 ) ;
#1782 = ORIENTED_EDGE ( 'NONE', *, *, #728, .F. ) ;
#1783 = DIRECTION ( 'NONE',  ( 1.000000000000000000, 0.000000000000000000, 0.000000000000000000 ) ) ;
#1784 = ORIENTED_EDGE ( 'NONE', *, *, #1442, .T. ) ;
#1785 = DIRECTION ( 'NONE',  ( -1.000000000000000000, 0.000000000000000000, 0.000000000000000000 ) ) ;
#1786 = DIRECTION ( 'NONE',  ( 1.000000000000000000, -0.000000000000000000, -0.000000000000000000 ) ) ;
#1787 = CARTESIAN_POINT ( 'NONE',  ( 5.000000000000000000, 8.726345089906628161, 12.96115451539183994 ) ) ;
#1788 = VERTEX_POINT ( 'NONE', #1932 ) ;
#1789 = DIRECTION ( 'NONE',  ( -1.000000000000000000, 0.000000000000000000, 0.000000000000000000 ) ) ;
#1790 = DIRECTION ( 'NONE',  ( -1.000000000000000000, 0.000000000000000000, 0.000000000000000000 ) ) ;
#1791 = FACE_OUTER_BOUND ( 'NONE', #1033, .T. ) ;
#1792 = EDGE_CURVE ( 'NONE', #1036, #307, #1109, .T. ) ;
#1793 = ORIENTED_EDGE ( 'NONE', *, *, #2279, .F. ) ;
#1794 = CARTESIAN_POINT ( 'NONE',  ( 10.00000000000000000, 0.000000000000000000, 0.000000000000000000 ) ) ;
#1795 = EDGE_CURVE ( 'NONE', #2969, #3838, #2215, .T. ) ;
#1796 = ORIENTED_EDGE ( 'NONE', *, *, #3577, .T. ) ;
#1797 = ORIENTED_EDGE ( 'NONE', *, *, #2395, .T. ) ;
#1798 = AXIS2_PLACEMENT_3D ( 'NONE', #1770, #3304, #2322 ) ;
#1799 = ORIENTED_EDGE ( 'NONE', *, *, #3125, .T. ) ;
#1800 = CARTESIAN_POINT ( 'NONE',  ( 10.00000000000000000, 5.462285525855421042, 12.35442028744980014 ) ) ;
#1801 = DIRECTION ( 'NONE',  ( -1.000000000000000000, 0.000000000000000000, 0.000000000000000000 ) ) ;
#1802 = AXIS2_PLACEMENT_3D ( 'NONE', #1879, #2736, #1901 ) ;
#1803 = PRESENTATION_LAYER_ASSIGNMENT (  '', '', ( #762 ) ) ;
#1804 = DIRECTION ( 'NONE',  ( 0.000000000000000000, 0.000000000000000000, 1.000000000000000000 ) ) ;
#1805 = LINE ( 'NONE', #255, #2153 ) ;
#1806 = CYLINDRICAL_SURFACE ( 'NONE', #2525, 12.81150000000000055 ) ;
#1807 = DIRECTION ( 'NONE',  ( 0.000000000000000000, 0.8878852184023761085, -0.4600650377311503170 ) ) ;
#1808 = EDGE_CURVE ( 'NONE', #3729, #3574, #3182, .T. ) ;
#1809 = DIRECTION ( 'NONE',  ( 0.000000000000000000, 0.000000000000000000, -1.000000000000000000 ) ) ;
#1810 = CARTESIAN_POINT ( 'NONE',  ( 0.000000000000000000, 0.000000000000000000, 0.000000000000000000 ) ) ;
#1811 = ADVANCED_FACE ( 'NONE', ( #1348 ), #3818, .F. ) ;
#1812 = CYLINDRICAL_SURFACE ( 'NONE', #1361, 12.81150000000000055 ) ;
#1813 = CIRCLE ( 'NONE', #506, 5.750000000000000888 ) ;
#1814 = EDGE_CURVE ( 'NONE', #2863, #2397, #2678, .T. ) ;
#1815 = ORIENTED_EDGE ( 'NONE', *, *, #3338, .F. ) ;
#1816 = FACE_OUTER_BOUND ( 'NONE', #1249, .T. ) ;
#1817 = FACE_OUTER_BOUND ( 'NONE', #2577, .T. ) ;
#1818 = VECTOR ( 'NONE', #2604, 1000.000000000000000 ) ;
#1819 = ORIENTED_EDGE ( 'NONE', *, *, #2068, .T. ) ;
#1820 = CARTESIAN_POINT ( 'NONE',  ( 10.00000000000000000, 9.811879393830349017, -9.284141670927279932 ) ) ;
#1821 = AXIS2_PLACEMENT_3D ( 'NONE', #1931, #2306, #1364 ) ;
#1822 = AXIS2_PLACEMENT_3D ( 'NONE', #1310, #688, #27 ) ;
#1823 = VERTEX_POINT ( 'NONE', #1040 ) ;
#1824 = EDGE_LOOP ( 'NONE', ( #63, #324, #3629, #800 ) ) ;
#1825 = DIRECTION ( 'NONE',  ( -1.000000000000000000, 0.000000000000000000, 0.000000000000000000 ) ) ;
#1826 = VECTOR ( 'NONE', #3270, 1000.000000000000000 ) ;
#1827 = CYLINDRICAL_SURFACE ( 'NONE', #2304, 12.81150000000000055 ) ;
#1828 = DIRECTION ( 'NONE',  ( -1.000000000000000000, 0.000000000000000000, 0.000000000000000000 ) ) ;
#1829 = ORIENTED_EDGE ( 'NONE', *, *, #1261, .T. ) ;
#1830 = CIRCLE ( 'NONE', #58, 15.62500000000000000 ) ;
#1831 = CARTESIAN_POINT ( 'NONE',  ( 10.00000000000000000, 0.7215507154584980265, -15.60833077446210027 ) ) ;
#1832 = ORIENTED_EDGE ( 'NONE', *, *, #3536, .T. ) ;
#1833 = CARTESIAN_POINT ( 'NONE',  ( 10.00000000000000000, -13.52644592144747904, -7.821501501256438615 ) ) ;
#1834 = CYLINDRICAL_SURFACE ( 'NONE', #3808, 5.750000000000000000 ) ;
#1835 = CARTESIAN_POINT ( 'NONE',  ( 3.000000000000000000, 7.000000000000000000, 3.000000000000000444 ) ) ;
#1836 = CIRCLE ( 'NONE', #2899, 15.62500000000000000 ) ;
#1837 = EDGE_CURVE ( 'NONE', #1655, #3214, #579, .T. ) ;
#1838 = DIRECTION ( 'NONE',  ( -1.000000000000000000, 0.000000000000000000, 0.000000000000000000 ) ) ;
#1839 = EDGE_CURVE ( 'NONE', #1655, #1954, #2706, .T. ) ;
#1840 = ORIENTED_EDGE ( 'NONE', *, *, #2654, .T. ) ;
#1841 = DIRECTION ( 'NONE',  ( 0.000000000000000000, 0.000000000000000000, -1.000000000000000000 ) ) ;
#1842 = ORIENTED_EDGE ( 'NONE', *, *, #11, .F. ) ;
#1843 = DIRECTION ( 'NONE',  ( -1.000000000000000000, 0.000000000000000000, 0.000000000000000000 ) ) ;
#1844 = EDGE_LOOP ( 'NONE', ( #172, #1878 ) ) ;
#1845 = DIRECTION ( 'NONE',  ( -1.000000000000000000, 0.000000000000000000, 0.000000000000000000 ) ) ;
#1846 = CARTESIAN_POINT ( 'NONE',  ( 0.000000000000000000, 0.000000000000000000, 0.000000000000000000 ) ) ;
#1847 = VERTEX_POINT ( 'NONE', #2416 ) ;
#1848 = EDGE_CURVE ( 'NONE', #271, #3544, #541, .T. ) ;
#1849 = VECTOR ( 'NONE', #3521, 1000.000000000000000 ) ;
#1850 = CARTESIAN_POINT ( 'NONE',  ( -0.0009999999999992653654, -2.424442588403835977E-14, -5.400000000000000355 ) ) ;
#1851 = LINE ( 'NONE', #622, #186 ) ;
#1852 = DIRECTION ( 'NONE',  ( -1.000000000000000000, 0.000000000000000000, 0.000000000000000000 ) ) ;
#1853 = EDGE_CURVE ( 'NONE', #3729, #1383, #3349, .T. ) ;
#1854 = ORIENTED_EDGE ( 'NONE', *, *, #1148, .F. ) ;
#1855 = DIRECTION ( 'NONE',  ( 1.000000000000000000, 0.000000000000000000, 0.000000000000000000 ) ) ;
#1856 = LINE ( 'NONE', #3164, #45 ) ;
#1857 = CARTESIAN_POINT ( 'NONE',  ( 5.000000000000000000, -15.62118451506434980, 0.3452815464433814929 ) ) ;
#1858 = VERTEX_POINT ( 'NONE', #2663 ) ;
#1859 = DIRECTION ( 'NONE',  ( 0.000000000000000000, 0.000000000000000000, 1.000000000000000000 ) ) ;
#1860 = EDGE_LOOP ( 'NONE', ( #3109, #3287, #2296, #1904 ) ) ;
#1861 = CARTESIAN_POINT ( 'NONE',  ( 0.000000000000000000, -10.40994441961329997, 11.65219645305389840 ) ) ;
#1862 = EDGE_LOOP ( 'NONE', ( #660, #2259, #33, #3366 ) ) ;
#1863 = VERTEX_POINT ( 'NONE', #854 ) ;
#1864 = LINE ( 'NONE', #659, #1064 ) ;
#1865 = ORIENTED_EDGE ( 'NONE', *, *, #868, .F. ) ;
#1866 = LINE ( 'NONE', #3130, #4044 ) ;
#1867 = ADVANCED_FACE ( 'NONE', ( #1816 ), #3377, .T. ) ;
#1868 = CYLINDRICAL_SURFACE ( 'NONE', #2824, 15.62500000000000000 ) ;
#1869 = AXIS2_PLACEMENT_3D ( 'NONE', #1141, #2973, #1745 ) ;
#1870 = EDGE_LOOP ( 'NONE', ( #3028, #2438, #1325, #2970 ) ) ;
#1871 = CARTESIAN_POINT ( 'NONE',  ( 10.00000000000000000, 11.95285973547135860, -6.292647133684549310 ) ) ;
#1872 = CIRCLE ( 'NONE', #2660, 12.81149999999999523 ) ;
#1873 = EDGE_CURVE ( 'NONE', #1564, #882, #2544, .T. ) ;
#1874 = CARTESIAN_POINT ( 'NONE',  ( 3.000000000000000000, -2.444036937190193349E-14, -7.000000000000000000 ) ) ;
#1875 = DIRECTION ( 'NONE',  ( 0.000000000000000000, 0.2697967711570245508, -0.9629172873477991335 ) ) ;
#1876 = DIRECTION ( 'NONE',  ( -1.000000000000000000, 0.000000000000000000, 0.000000000000000000 ) ) ;
#1877 = ADVANCED_FACE ( 'NONE', ( #2005 ), #2557, .T. ) ;
#1878 = ORIENTED_EDGE ( 'NONE', *, *, #2028, .F. ) ;
#1879 = CARTESIAN_POINT ( 'NONE',  ( 0.000000000000000000, 0.000000000000000000, 0.000000000000000000 ) ) ;
#1880 = AXIS2_PLACEMENT_3D ( 'NONE', #2922, #675, #1942 ) ;
#1881 = ORIENTED_EDGE ( 'NONE', *, *, #2708, .F. ) ;
#1882 = CARTESIAN_POINT ( 'NONE',  ( 5.000000000000000000, 12.33543222387117844, 9.590502429501841064 ) ) ;
#1883 = VECTOR ( 'NONE', #979, 1000.000000000000000 ) ;
#1884 = VERTEX_POINT ( 'NONE', #3580 ) ;
#1885 = ADVANCED_FACE ( 'NONE', ( #1062 ), #734, .T. ) ;
#1886 = ORIENTED_EDGE ( 'NONE', *, *, #2691, .F. ) ;
#1887 = CIRCLE ( 'NONE', #3547, 15.62500000000000000 ) ;
#1888 = EDGE_CURVE ( 'NONE', #270, #1583, #1951, .T. ) ;
#1889 = CIRCLE ( 'NONE', #2616, 5.750000000000000888 ) ;
#1890 = FACE_OUTER_BOUND ( 'NONE', #3687, .T. ) ;
#1891 = CARTESIAN_POINT ( 'NONE',  ( 0.000000000000000000, 8.592911864346650219, 10.42257787193224061 ) ) ;
#1892 = CARTESIAN_POINT ( 'NONE',  ( 10.00000000000000000, 0.000000000000000000, 0.000000000000000000 ) ) ;
#1893 = ADVANCED_FACE ( 'NONE', ( #3251 ), #404, .T. ) ;
#1894 = VECTOR ( 'NONE', #3990, 1000.000000000000000 ) ;
#1895 = CARTESIAN_POINT ( 'NONE',  ( 5.000000000000000000, 11.89962618115381865, -10.12618001759785891 ) ) ;
#1896 = DIRECTION ( 'NONE',  ( 1.000000000000000000, -0.000000000000000000, -0.000000000000000000 ) ) ;
#1897 = CARTESIAN_POINT ( 'NONE',  ( 0.000000000000000000, -5.300754509045249918, 12.42458310929414012 ) ) ;
#1898 = DIRECTION ( 'NONE',  ( -1.000000000000000000, 0.000000000000000000, 0.000000000000000000 ) ) ;
#1899 = DIRECTION ( 'NONE',  ( -1.000000000000000000, 0.000000000000000000, 0.000000000000000000 ) ) ;
#1900 = VERTEX_POINT ( 'NONE', #2581 ) ;
#1901 = DIRECTION ( 'NONE',  ( 0.000000000000000000, 0.000000000000000000, 1.000000000000000000 ) ) ;
#1902 = ORIENTED_EDGE ( 'NONE', *, *, #3947, .T. ) ;
#1903 = DIRECTION ( 'NONE',  ( 1.000000000000000000, 0.000000000000000000, 0.000000000000000000 ) ) ;
#1904 = ORIENTED_EDGE ( 'NONE', *, *, #841, .T. ) ;
#1905 = VERTEX_POINT ( 'NONE', #2600 ) ;
#1906 = AXIS2_PLACEMENT_3D ( 'NONE', #1200, #3110, #573 ) ;
#1907 = CYLINDRICAL_SURFACE ( 'NONE', #3093, 5.750000000000000000 ) ;
#1908 = ORIENTED_EDGE ( 'NONE', *, *, #653, .T. ) ;
#1909 = DIRECTION ( 'NONE',  ( 0.000000000000000000, 0.3984010898462361228, 0.9172113015054553786 ) ) ;
#1910 = DIRECTION ( 'NONE',  ( -1.000000000000000000, 0.000000000000000000, 0.000000000000000000 ) ) ;
#1911 = EDGE_CURVE ( 'NONE', #1483, #1455, #188, .T. ) ;
#1912 = DIRECTION ( 'NONE',  ( 1.000000000000000000, 0.000000000000000000, 0.000000000000000000 ) ) ;
#1913 = ADVANCED_FACE ( 'NONE', ( #443 ), #2940, .T. ) ;
#1914 = EDGE_LOOP ( 'NONE', ( #837, #954, #3897, #2695 ) ) ;
#1916 = DIRECTION ( 'NONE',  ( 0.000000000000000000, 0.000000000000000000, 1.000000000000000000 ) ) ;
#1915 = CARTESIAN_POINT ( 'NONE',  ( 10.00000000000000000, 3.559569147089505226, -13.03064585091657968 ) ) ;
#1917 = CARTESIAN_POINT ( 'NONE',  ( 3.000000000000000000, -7.000000000000000000, 1.600000000000048939 ) ) ;
#1918 = ORIENTED_EDGE ( 'NONE', *, *, #2395, .F. ) ;
#1919 = CYLINDRICAL_SURFACE ( 'NONE', #1387, 5.750000000000000000 ) ;
#1920 = ORIENTED_EDGE ( 'NONE', *, *, #2919, .F. ) ;
#1921 = ADVANCED_FACE ( 'NONE', ( #1660 ), #3820, .T. ) ;
#1922 = EDGE_LOOP ( 'NONE', ( #3337, #2857, #3129, #301 ) ) ;
#1923 = DIRECTION ( 'NONE',  ( -1.000000000000000000, 0.000000000000000000, 0.000000000000000000 ) ) ;
#1924 = LINE ( 'NONE', #1625, #2559 ) ;
#1925 = CARTESIAN_POINT ( 'NONE',  ( 3.000000000000000000, -7.000000000000000000, -2.999999999999951594 ) ) ;
#1926 = ORIENTED_EDGE ( 'NONE', *, *, #2547, .F. ) ;
#1927 = ORIENTED_EDGE ( 'NONE', *, *, #1590, .F. ) ;
#1928 = CYLINDRICAL_SURFACE ( 'NONE', #3656, 15.62500000000000000 ) ;
#1929 = CARTESIAN_POINT ( 'NONE',  ( 10.00000000000000000, -12.59563626849159945, 2.341896505368910475 ) ) ;
#1930 = VECTOR ( 'NONE', #3261, 1000.000000000000000 ) ;
#1931 = CARTESIAN_POINT ( 'NONE',  ( 3.000000000000000000, -2.444036937190193349E-14, -7.000000000000000000 ) ) ;
#1932 = CARTESIAN_POINT ( 'NONE',  ( 0.000000000000000000, -14.94875277203460051, -4.547022713885190193 ) ) ;
#1933 = EDGE_CURVE ( 'NONE', #18, #2804, #2349, .T. ) ;
#1934 = EDGE_CURVE ( 'NONE', #3383, #3790, #3014, .T. ) ;
#1935 = DIRECTION ( 'NONE',  ( 1.000000000000000000, 0.000000000000000000, 0.000000000000000000 ) ) ;
#1936 = DIRECTION ( 'NONE',  ( -1.000000000000000000, 0.000000000000000000, 0.000000000000000000 ) ) ;
#1937 = CARTESIAN_POINT ( 'NONE',  ( 3.000000000000000000, 7.332110811570580046E-14, 7.000000000000000888 ) ) ;
#1938 = ORIENTED_EDGE ( 'NONE', *, *, #1681, .F. ) ;
#1939 = CIRCLE ( 'NONE', #1485, 15.62500000000000000 ) ;
#1940 = EDGE_CURVE ( 'NONE', #3046, #3836, #2283, .T. ) ;
#1941 = CARTESIAN_POINT ( 'NONE',  ( 10.00000000000000000, -13.16764042189669937, 8.411532007882540185 ) ) ;
#1942 = DIRECTION ( 'NONE',  ( 0.000000000000000000, 0.000000000000000000, 1.000000000000000000 ) ) ;
#1943 = ORIENTED_EDGE ( 'NONE', *, *, #488, .T. ) ;
#1944 = CARTESIAN_POINT ( 'NONE',  ( 0.000000000000000000, 8.292634615677300758, 9.765589761036990168 ) ) ;
#1945 = CARTESIAN_POINT ( 'NONE',  ( 0.000000000000000000, -2.444036937190193349E-14, -7.000000000000000000 ) ) ;
#1946 = ORIENTED_EDGE ( 'NONE', *, *, #1644, .F. ) ;
#1947 = ORIENTED_EDGE ( 'NONE', *, *, #316, .T. ) ;
#1948 = CIRCLE ( 'NONE', #4053, 12.81149999999999523 ) ;
#1949 = VECTOR ( 'NONE', #1446, 1000.000000000000000 ) ;
#1950 = AXIS2_PLACEMENT_3D ( 'NONE', #3347, #2738, #194 ) ;
#1951 = CIRCLE ( 'NONE', #1177, 5.750000000000002665 ) ;
#1952 = CIRCLE ( 'NONE', #2679, 12.81149999999999878 ) ;
#1953 = VERTEX_POINT ( 'NONE', #3905 ) ;
#1954 = VERTEX_POINT ( 'NONE', #2896 ) ;
#1955 = EDGE_CURVE ( 'NONE', #2255, #1432, #1889, .T. ) ;
#1956 = DIRECTION ( 'NONE',  ( 0.000000000000000000, 0.3984010898462361228, 0.9172113015054553786 ) ) ;
#1957 = AXIS2_PLACEMENT_3D ( 'NONE', #2719, #3924, #1422 ) ;
#1958 = ORIENTED_EDGE ( 'NONE', *, *, #2930, .F. ) ;
#1959 = AXIS2_PLACEMENT_3D ( 'NONE', #3958, #872, #1809 ) ;
#1960 = DIRECTION ( 'NONE',  ( 1.000000000000000000, -0.000000000000000000, -0.000000000000000000 ) ) ;
#1961 = VERTEX_POINT ( 'NONE', #2268 ) ;
#1962 = FACE_OUTER_BOUND ( 'NONE', #368, .T. ) ;
#1963 = DIRECTION ( 'NONE',  ( -1.000000000000000000, 0.000000000000000000, 0.000000000000000000 ) ) ;
#1964 = CARTESIAN_POINT ( 'NONE',  ( 5.000000000000000000, 11.89962618115369963, 10.12618001759801878 ) ) ;
#1965 = DIRECTION ( 'NONE',  ( 1.000000000000000000, -0.000000000000000000, -0.000000000000000000 ) ) ;
#1966 = EDGE_CURVE ( 'NONE', #1419, #708, #3537, .T. ) ;
#1967 = CIRCLE ( 'NONE', #2224, 5.749999999999997335 ) ;
#1968 = DIRECTION ( 'NONE',  ( 1.000000000000000000, -0.000000000000000000, -0.000000000000000000 ) ) ;
#1969 = ORIENTED_EDGE ( 'NONE', *, *, #1681, .T. ) ;
#1970 = CARTESIAN_POINT ( 'NONE',  ( 10.00000000000000000, 13.48231375170810153, 6.583954258591799835 ) ) ;
#1971 = CARTESIAN_POINT ( 'NONE',  ( 0.000000000000000000, -8.456300558605988726, -10.53371941279247892 ) ) ;
#1972 = ORIENTED_EDGE ( 'NONE', *, *, #917, .T. ) ;
#1973 = VERTEX_POINT ( 'NONE', #1081 ) ;
#1974 = CARTESIAN_POINT ( 'NONE',  ( 10.00000000000000000, -9.545144203574979613, 8.545452263219248223 ) ) ;
#1975 = ADVANCED_FACE ( 'NONE', ( #3599 ), #770, .F. ) ;
#1976 = CARTESIAN_POINT ( 'NONE',  ( 10.00000000000000000, -12.03388225800420130, 6.136280763248409542 ) ) ;
#1977 = VERTEX_POINT ( 'NONE', #478 ) ;
#1978 = AXIS2_PLACEMENT_3D ( 'NONE', #3334, #855, #524 ) ;
#1979 = ORIENTED_EDGE ( 'NONE', *, *, #1837, .F. ) ;
#1980 = EDGE_CURVE ( 'NONE', #766, #2994, #1371, .T. ) ;
#1981 = LINE ( 'NONE', #2936, #2083 ) ;
#1982 = ORIENTED_EDGE ( 'NONE', *, *, #1171, .T. ) ;
#1983 = AXIS2_PLACEMENT_3D ( 'NONE', #1557, #2829, #2170 ) ;
#1984 = DIRECTION ( 'NONE',  ( 0.000000000000000000, 0.000000000000000000, -1.000000000000000000 ) ) ;
#1985 = DIRECTION ( 'NONE',  ( -1.000000000000000000, 0.000000000000000000, 0.000000000000000000 ) ) ;
#1986 = DIRECTION ( 'NONE',  ( 0.000000000000000000, 0.000000000000000000, -1.000000000000000000 ) ) ;
#1987 = CARTESIAN_POINT ( 'NONE',  ( 10.00000000000000000, 12.48587405515859849, -2.870101274993160256 ) ) ;
#1988 = CIRCLE ( 'NONE', #1454, 15.62500000000000000 ) ;
#1989 = AXIS2_PLACEMENT_3D ( 'NONE', #105, #2839, #67 ) ;
#1990 = CARTESIAN_POINT ( 'NONE',  ( 3.000000000000000000, -2.407297533215772804E-14, -4.000000000000000000 ) ) ;
#1991 = EDGE_LOOP ( 'NONE', ( #3886, #2838 ) ) ;
#1992 = DIRECTION ( 'NONE',  ( 0.000000000000000000, 0.000000000000000000, 1.000000000000000000 ) ) ;
#1993 = CARTESIAN_POINT ( 'NONE',  ( 10.00000000000000000, 4.905870903713659636, 14.83485947611555922 ) ) ;
#1994 = ORIENTED_EDGE ( 'NONE', *, *, #2520, .T. ) ;
#1995 = ORIENTED_EDGE ( 'NONE', *, *, #1329, .F. ) ;
#1996 = FACE_OUTER_BOUND ( 'NONE', #2835, .T. ) ;
#1997 = CARTESIAN_POINT ( 'NONE',  ( 3.000000000000000000, 7.000000000000000000, 0.000000000000000000 ) ) ;
#1998 = EDGE_CURVE ( 'NONE', #348, #2723, #2085, .T. ) ;
#1999 = ORIENTED_EDGE ( 'NONE', *, *, #2302, .F. ) ;
#2000 = DIRECTION ( 'NONE',  ( 0.000000000000000000, 0.2697967711570244398, -0.9629172873477991335 ) ) ;
#2001 = ORIENTED_EDGE ( 'NONE', *, *, #488, .F. ) ;
#2002 = DIRECTION ( 'NONE',  ( 0.000000000000000000, 0.000000000000000000, -1.000000000000000000 ) ) ;
#2003 = ORIENTED_EDGE ( 'NONE', *, *, #400, .F. ) ;
#2004 = EDGE_CURVE ( 'NONE', #1973, #2863, #2415, .T. ) ;
#2005 = FACE_OUTER_BOUND ( 'NONE', #417, .T. ) ;
#2006 = DIRECTION ( 'NONE',  ( 0.000000000000000000, 0.9422609221188191775, 0.3348796121709901596 ) ) ;
#2007 = DIRECTION ( 'NONE',  ( -1.000000000000000000, 0.000000000000000000, 0.000000000000000000 ) ) ;
#2008 = AXIS2_PLACEMENT_3D ( 'NONE', #2692, #1437, #1381 ) ;
#2009 = DIRECTION ( 'NONE',  ( 0.000000000000000000, -0.9976687691905398170, 0.06824241336466078944 ) ) ;
#2010 = VERTEX_POINT ( 'NONE', #3942 ) ;
#2011 = CARTESIAN_POINT ( 'NONE',  ( 10.00000000000000000, 8.726345089906798691, -12.96115451539171914 ) ) ;
#2012 = DIRECTION ( 'NONE',  ( -1.000000000000000000, 0.000000000000000000, 0.000000000000000000 ) ) ;
#2013 = AXIS2_PLACEMENT_3D ( 'NONE', #362, #3996, #2500 ) ;
#2014 = VERTEX_POINT ( 'NONE', #4002 ) ;
#2015 = ORIENTED_EDGE ( 'NONE', *, *, #2420, .F. ) ;
#2016 = AXIS2_PLACEMENT_3D ( 'NONE', #1115, #3967, #2884 ) ;
#2017 = EDGE_CURVE ( 'NONE', #1383, #3444, #4064, .T. ) ;
#2018 = DIRECTION ( 'NONE',  ( -1.000000000000000000, 0.000000000000000000, 0.000000000000000000 ) ) ;
#2019 = CARTESIAN_POINT ( 'NONE',  ( 10.00000000000000000, -13.47029551076155940, -1.009654722010389971 ) ) ;
#2020 = ADVANCED_FACE ( 'NONE', ( #3294 ), #2046, .T. ) ;
#2021 = AXIS2_PLACEMENT_3D ( 'NONE', #3962, #2436, #1167 ) ;
#2022 = ORIENTED_EDGE ( 'NONE', *, *, #3736, .F. ) ;
#2023 = CIRCLE ( 'NONE', #1046, 15.62500000000000000 ) ;
#2024 = AXIS2_PLACEMENT_3D ( 'NONE', #3031, #2365, #3955 ) ;
#2025 = ADVANCED_FACE ( 'NONE', ( #2409 ), #3351, .T. ) ;
#2026 = CARTESIAN_POINT ( 'NONE',  ( 0.000000000000000000, -7.000000000000000000, 4.888073874380386697E-14 ) ) ;
#2027 = ORIENTED_EDGE ( 'NONE', *, *, #3449, .T. ) ;
#2028 = EDGE_CURVE ( 'NONE', #4050, #3531, #1188, .T. ) ;
#2029 = AXIS2_PLACEMENT_3D ( 'NONE', #94, #3165, #3497 ) ;
#2030 = VECTOR ( 'NONE', #3242, 1000.000000000000000 ) ;
#2031 = CARTESIAN_POINT ( 'NONE',  ( 50.00005080000000390, 0.000000000000000000, 0.000000000000000000 ) ) ;
#2032 = FACE_BOUND ( 'NONE', #900, .T. ) ;
#2033 = CIRCLE ( 'NONE', #257, 3.000000000000000000 ) ;
#2034 = FACE_BOUND ( 'NONE', #3734, .T. ) ;
#2035 = ORIENTED_EDGE ( 'NONE', *, *, #3397, .F. ) ;
#2036 = DIRECTION ( 'NONE',  ( 0.000000000000000000, 0.000000000000000000, -1.000000000000000000 ) ) ;
#2037 = CARTESIAN_POINT ( 'NONE',  ( 3.000000000000000000, -2.444036937190193349E-14, -7.000000000000000000 ) ) ;
#2038 = ORIENTED_EDGE ( 'NONE', *, *, #2602, .F. ) ;
#2039 = ORIENTED_EDGE ( 'NONE', *, *, #1853, .T. ) ;
#2040 = DIRECTION ( 'NONE',  ( 0.000000000000000000, -0.9422609221188236184, 0.3348796121709773366 ) ) ;
#2041 = CARTESIAN_POINT ( 'NONE',  ( 50.00005080000000390, 3.673940397442060361E-16, -3.000000000000000000 ) ) ;
#2042 = ORIENTED_EDGE ( 'NONE', *, *, #1390, .F. ) ;
#2043 = CARTESIAN_POINT ( 'NONE',  ( 0.000000000000000000, 12.33543222387130101, -9.590502429501659876 ) ) ;
#2044 = ORIENTED_EDGE ( 'NONE', *, *, #1955, .T. ) ;
#2045 = PRODUCT_DEFINITION_FORMATION_WITH_SPECIFIED_SOURCE ( 'ANY', '', #4024, .NOT_KNOWN. ) ;
#2046 = CYLINDRICAL_SURFACE ( 'NONE', #256, 5.750000000000000000 ) ;
#2047 = DIRECTION ( 'NONE',  ( -1.000000000000000000, 0.000000000000000000, 0.000000000000000000 ) ) ;
#2048 = DIRECTION ( 'NONE',  ( 0.000000000000000000, 0.000000000000000000, 1.000000000000000000 ) ) ;
#2049 = CIRCLE ( 'NONE', #3371, 12.81150000000000411 ) ;
#2050 = CYLINDRICAL_SURFACE ( 'NONE', #907, 1.599999999999999867 ) ;
#2051 = EDGE_CURVE ( 'NONE', #810, #3383, #2995, .T. ) ;
#2052 = AXIS2_PLACEMENT_3D ( 'NONE', #2147, #1876, #1841 ) ;
#2053 = VERTEX_POINT ( 'NONE', #2063 ) ;
#2054 = DIRECTION ( 'NONE',  ( -1.000000000000000000, 0.000000000000000000, 0.000000000000000000 ) ) ;
#2055 = ORIENTED_EDGE ( 'NONE', *, *, #400, .T. ) ;
#2056 = EDGE_LOOP ( 'NONE', ( #1689, #624, #2299, #651 ) ) ;
#2057 = DIRECTION ( 'NONE',  ( 0.000000000000000000, 0.000000000000000000, -1.000000000000000000 ) ) ;
#2058 = ADVANCED_FACE ( 'NONE', ( #2718 ), #1125, .T. ) ;
#2059 = DIRECTION ( 'NONE',  ( -1.000000000000000000, 0.000000000000000000, 0.000000000000000000 ) ) ;
#2060 = DIRECTION ( 'NONE',  ( 0.000000000000000000, 0.2697967711570250504, -0.9629172873477991335 ) ) ;
#2061 = CARTESIAN_POINT ( 'NONE',  ( 3.000000000000000000, -7.000000000000000000, 4.888073874380386697E-14 ) ) ;
#2062 = DIRECTION ( 'NONE',  ( 0.000000000000000000, 0.000000000000000000, 1.000000000000000000 ) ) ;
#2063 = CARTESIAN_POINT ( 'NONE',  ( 10.00000000000000000, 15.42867212834064894, -2.469149925817534896 ) ) ;
#2064 = CYLINDRICAL_SURFACE ( 'NONE', #1762, 5.750000000000001776 ) ;
#2065 = CARTESIAN_POINT ( 'NONE',  ( 10.00000000000000000, 0.000000000000000000, 0.000000000000000000 ) ) ;
#2066 = EDGE_CURVE ( 'NONE', #1117, #2014, #654, .T. ) ;
#2067 = FACE_BOUND ( 'NONE', #1360, .T. ) ;
#2068 = EDGE_CURVE ( 'NONE', #1695, #3136, #2221, .T. ) ;
#2069 = ORIENTED_EDGE ( 'NONE', *, *, #2238, .T. ) ;
#2070 = FACE_OUTER_BOUND ( 'NONE', #3021, .T. ) ;
#2071 = EDGE_CURVE ( 'NONE', #2135, #1003, #2819, .T. ) ;
#2072 = ORIENTED_EDGE ( 'NONE', *, *, #2138, .F. ) ;
#2073 = EDGE_LOOP ( 'NONE', ( #2038, #2273, #1631, #824 ) ) ;
#2074 = VECTOR ( 'NONE', #2115, 1000.000000000000000 ) ;
#2075 = LINE ( 'NONE', #1688, #2329 ) ;
#2076 = DIRECTION ( 'NONE',  ( 1.000000000000000000, 0.000000000000000000, 0.000000000000000000 ) ) ;
#2077 = ORIENTED_EDGE ( 'NONE', *, *, #237, .T. ) ;
#2078 = AXIS2_PLACEMENT_3D ( 'NONE', #464, #3315, #3038 ) ;
#2079 = DIRECTION ( 'NONE',  ( 1.000000000000000000, 0.000000000000000000, 0.000000000000000000 ) ) ;
#2080 = CARTESIAN_POINT ( 'NONE',  ( 10.00000000000000000, -12.76039202360792046, -1.143209365708229841 ) ) ;
#2081 = VECTOR ( 'NONE', #3139, 1000.000000000000000 ) ;
#2082 = AXIS2_PLACEMENT_3D ( 'NONE', #75, #2226, #2245 ) ;
#2083 = VECTOR ( 'NONE', #111, 1000.000000000000000 ) ;
#2084 = DIRECTION ( 'NONE',  ( 0.000000000000000000, 1.000000000000000000, 0.000000000000000000 ) ) ;
#2085 = CIRCLE ( 'NONE', #128, 15.62500000000000000 ) ;
#2086 = ORIENTED_EDGE ( 'NONE', *, *, #355, .F. ) ;
#2087 = DIRECTION ( 'NONE',  ( -1.000000000000000000, 0.000000000000000000, 0.000000000000000000 ) ) ;
#2088 = DIRECTION ( 'NONE',  ( 0.000000000000000000, 0.2697967711570250504, -0.9629172873477991335 ) ) ;
#2089 = CIRCLE ( 'NONE', #3803, 3.000000000000000444 ) ;
#2090 = ORIENTED_EDGE ( 'NONE', *, *, #3143, .F. ) ;
#2091 = AXIS2_PLACEMENT_3D ( 'NONE', #216, #2079, #1465 ) ;
#2092 = VERTEX_POINT ( 'NONE', #3621 ) ;
#2093 = ORIENTED_EDGE ( 'NONE', *, *, #1699, .F. ) ;
#2094 = LINE ( 'NONE', #527, #3288 ) ;
#2095 = EDGE_LOOP ( 'NONE', ( #880, #3984, #888, #2230 ) ) ;
#2096 = CARTESIAN_POINT ( 'NONE',  ( 0.000000000000000000, 0.000000000000000000, 0.000000000000000000 ) ) ;
#2097 = DIRECTION ( 'NONE',  ( -1.000000000000000000, 0.000000000000000000, 0.000000000000000000 ) ) ;
#2098 = EDGE_CURVE ( 'NONE', #2904, #3046, #3923, .T. ) ;
#2099 = LINE ( 'NONE', #1787, #978 ) ;
#2100 = ORIENTED_EDGE ( 'NONE', *, *, #1839, .T. ) ;
#2101 = DIRECTION ( 'NONE',  ( -1.000000000000000000, 0.000000000000000000, 0.000000000000000000 ) ) ;
#2102 = CARTESIAN_POINT ( 'NONE',  ( -10.00000000000000000, 0.000000000000000000, 0.000000000000000000 ) ) ;
#2103 = DIRECTION ( 'NONE',  ( -1.000000000000000000, 0.000000000000000000, 0.000000000000000000 ) ) ;
#2104 = EDGE_CURVE ( 'NONE', #2014, #1179, #3221, .T. ) ;
#2105 = CARTESIAN_POINT ( 'NONE',  ( 10.00000000000000000, 5.350396643122560469, 11.64078124574390039 ) ) ;
#2106 = LINE ( 'NONE', #3765, #2978 ) ;
#2107 = AXIS2_PLACEMENT_3D ( 'NONE', #1945, #411, #2315 ) ;
#2108 = ORIENTED_EDGE ( 'NONE', *, *, #953, .F. ) ;
#2109 = AXIS2_PLACEMENT_3D ( 'NONE', #1350, #1965, #2869 ) ;
#2110 = ORIENTED_EDGE ( 'NONE', *, *, #861, .F. ) ;
#2111 = ORIENTED_EDGE ( 'NONE', *, *, #1518, .T. ) ;
#2112 = CARTESIAN_POINT ( 'NONE',  ( 0.000000000000000000, 12.15943163291379925, 4.035189538856315039 ) ) ;
#2113 = CARTESIAN_POINT ( 'NONE',  ( 0.000000000000000000, 4.905870903713659636, 14.83485947611555922 ) ) ;
#2114 = VERTEX_POINT ( 'NONE', #1774 ) ;
#2115 = DIRECTION ( 'NONE',  ( 1.000000000000000000, -0.000000000000000000, -0.000000000000000000 ) ) ;
#2116 = DIRECTION ( 'NONE',  ( -1.000000000000000000, 0.000000000000000000, 0.000000000000000000 ) ) ;
#2117 = ADVANCED_FACE ( 'NONE', ( #1718 ), #498, .T. ) ;
#2118 = EDGE_CURVE ( 'NONE', #1226, #3320, #3746, .T. ) ;
#2119 = FACE_OUTER_BOUND ( 'NONE', #441, .T. ) ;
#2120 = DIRECTION ( 'NONE',  ( 1.000000000000000000, 0.000000000000000000, 0.000000000000000000 ) ) ;
#2121 = DIRECTION ( 'NONE',  ( 0.000000000000000000, 0.6310879443260488664, 0.7757112907044229066 ) ) ;
#2122 = EDGE_CURVE ( 'NONE', #1021, #2977, #3286, .T. ) ;
#2123 = CARTESIAN_POINT ( 'NONE',  ( 10.00000000000000000, -4.855571540454119983, 11.85571411875016068 ) ) ;
#2124 = PRODUCT_DEFINITION_CONTEXT ( 'detailed design', #1120, 'design' ) ;
#2125 = DIRECTION ( 'NONE',  ( -1.000000000000000000, 0.000000000000000000, 0.000000000000000000 ) ) ;
#2126 = CYLINDRICAL_SURFACE ( 'NONE', #584, 5.750000000000000000 ) ;
#2127 = FACE_OUTER_BOUND ( 'NONE', #722, .T. ) ;
#2128 = DIRECTION ( 'NONE',  ( 1.000000000000000000, -0.000000000000000000, -0.000000000000000000 ) ) ;
#2129 = CARTESIAN_POINT ( 'NONE',  ( 3.000000000000000000, 7.000000000000000000, -3.000000000000000444 ) ) ;
#2130 = ORIENTED_EDGE ( 'NONE', *, *, #3536, .F. ) ;
#2131 = EDGE_LOOP ( 'NONE', ( #1375, #2560 ) ) ;
#2132 = CARTESIAN_POINT ( 'NONE',  ( 10.00000000000000000, 12.33543222387117844, 9.590502429501841064 ) ) ;
#2133 = DIRECTION ( 'NONE',  ( 1.000000000000000000, 0.000000000000000000, 0.000000000000000000 ) ) ;
#2134 = VECTOR ( 'NONE', #332, 1000.000000000000000 ) ;
#2135 = VERTEX_POINT ( 'NONE', #3075 ) ;
#2136 = DIRECTION ( 'NONE',  ( -1.000000000000000000, 0.000000000000000000, 0.000000000000000000 ) ) ;
#2137 = EDGE_CURVE ( 'NONE', #2209, #1953, #2548, .T. ) ;
#2138 = EDGE_CURVE ( 'NONE', #2431, #165, #3389, .T. ) ;
#2139 = CARTESIAN_POINT ( 'NONE',  ( 0.000000000000000000, 4.905870903713871023, -14.83485947611550060 ) ) ;
#2140 = VERTEX_POINT ( 'NONE', #2132 ) ;
#2141 = CARTESIAN_POINT ( 'NONE',  ( -0.0009999999999992653654, 7.332110811570580046E-14, 7.000000000000000888 ) ) ;
#2142 = ORIENTED_EDGE ( 'NONE', *, *, #4029, .F. ) ;
#2143 = CARTESIAN_POINT ( 'NONE',  ( 0.000000000000000000, 0.000000000000000000, 0.000000000000000000 ) ) ;
#2144 = EDGE_LOOP ( 'NONE', ( #3620, #1641, #1049, #1462 ) ) ;
#2145 = DIRECTION ( 'NONE',  ( 0.000000000000000000, 0.8878852184023762195, -0.4600650377311501504 ) ) ;
#2146 = CIRCLE ( 'NONE', #3142, 5.750000000000000000 ) ;
#2147 = CARTESIAN_POINT ( 'NONE',  ( 0.000000000000000000, 11.95285973547135860, -6.292647133684549310 ) ) ;
#2148 = VECTOR ( 'NONE', #3001, 1000.000000000000000 ) ;
#2149 = ORIENTED_EDGE ( 'NONE', *, *, #971, .F. ) ;
#2150 = FACE_OUTER_BOUND ( 'NONE', #1657, .T. ) ;
#2151 = AXIS2_PLACEMENT_3D ( 'NONE', #1529, #2782, #913 ) ;
#2152 = AXIS2_PLACEMENT_3D ( 'NONE', #3454, #894, #3121 ) ;
#2153 = VECTOR ( 'NONE', #1209, 1000.000000000000000 ) ;
#2154 = ORIENTED_EDGE ( 'NONE', *, *, #1411, .F. ) ;
#2155 = VERTEX_POINT ( 'NONE', #2112 ) ;
#2156 = AXIS2_PLACEMENT_3D ( 'NONE', #1846, #3443, #617 ) ;
#2157 = DIRECTION ( 'NONE',  ( 1.000000000000000000, 0.000000000000000000, 0.000000000000000000 ) ) ;
#2158 = FACE_OUTER_BOUND ( 'NONE', #1737, .T. ) ;
#2159 = VERTEX_POINT ( 'NONE', #2711 ) ;
#2160 = EDGE_CURVE ( 'NONE', #1539, #2155, #3644, .T. ) ;
#2161 = CARTESIAN_POINT ( 'NONE',  ( 10.00000000000000000, -6.885648935156789996, -10.80381279881200030 ) ) ;
#2162 = CARTESIAN_POINT ( 'NONE',  ( 10.00000000000000000, -0.2697443336426980087, -12.80865997067872009 ) ) ;
#2163 = DIRECTION ( 'NONE',  ( 1.000000000000000000, -0.000000000000000000, -0.000000000000000000 ) ) ;
#2164 = ORIENTED_EDGE ( 'NONE', *, *, #1030, .T. ) ;
#2165 = DIRECTION ( 'NONE',  ( -1.000000000000000000, 0.000000000000000000, 0.000000000000000000 ) ) ;
#2166 = CARTESIAN_POINT ( 'NONE',  ( 3.000000000000000000, 7.000000000000000000, 1.600000000000000089 ) ) ;
#2167 = FACE_OUTER_BOUND ( 'NONE', #207, .T. ) ;
#2168 = CIRCLE ( 'NONE', #397, 5.750000000000001776 ) ;
#2169 = CARTESIAN_POINT ( 'NONE',  ( 10.00000000000000000, -3.516283588487755463, 15.22420358262894879 ) ) ;
#2170 = DIRECTION ( 'NONE',  ( 0.000000000000000000, 0.000000000000000000, 1.000000000000000000 ) ) ;
#2171 = ORIENTED_EDGE ( 'NONE', *, *, #2983, .T. ) ;
#2172 = DIRECTION ( 'NONE',  ( 0.000000000000000000, 0.000000000000000000, -1.000000000000000000 ) ) ;
#2173 = EDGE_CURVE ( 'NONE', #732, #2393, #509, .T. ) ;
#2174 = ORIENTED_EDGE ( 'NONE', *, *, #644, .T. ) ;
#2175 = CIRCLE ( 'NONE', #1585, 1.600000000000000089 ) ;
#2176 = ORIENTED_EDGE ( 'NONE', *, *, #187, .F. ) ;
#2177 = DIRECTION ( 'NONE',  ( 0.000000000000000000, 0.000000000000000000, 1.000000000000000000 ) ) ;
#2178 = ORIENTED_EDGE ( 'NONE', *, *, #3274, .F. ) ;
#2179 = AXIS2_PLACEMENT_3D ( 'NONE', #3865, #3230, #1312 ) ;
#2180 = DIRECTION ( 'NONE',  ( -1.000000000000000000, 0.000000000000000000, 0.000000000000000000 ) ) ;
#2181 = EDGE_CURVE ( 'NONE', #2324, #1858, #3487, .T. ) ;
#2182 = CARTESIAN_POINT ( 'NONE',  ( 5.000000000000000000, 15.52270379068854922, -1.785018774843234901 ) ) ;
#2183 = CARTESIAN_POINT ( 'NONE',  ( 5.000000000000000000, -7.493331224602529872, -13.71096685716936214 ) ) ;
#2184 = VERTEX_POINT ( 'NONE', #1741 ) ;
#2185 = DIRECTION ( 'NONE',  ( -1.000000000000000000, 0.000000000000000000, 0.000000000000000000 ) ) ;
#2186 = DIRECTION ( 'NONE',  ( -1.000000000000000000, 0.000000000000000000, 0.000000000000000000 ) ) ;
#2187 = LINE ( 'NONE', #3181, #2081 ) ;
#2188 = CARTESIAN_POINT ( 'NONE',  ( 10.00000000000000000, 14.46548752452594044, -5.906800798891419291 ) ) ;
#2189 = CARTESIAN_POINT ( 'NONE',  ( 0.000000000000000000, 0.000000000000000000, 0.000000000000000000 ) ) ;
#2190 = ORIENTED_EDGE ( 'NONE', *, *, #1717, .F. ) ;
#2191 = EDGE_CURVE ( 'NONE', #502, #1545, #1048, .T. ) ;
#2192 = EDGE_CURVE ( 'NONE', #3281, #2499, #1570, .T. ) ;
#2193 = CARTESIAN_POINT ( 'NONE',  ( 0.000000000000000000, 6.424699349295219797, -11.08412245155949982 ) ) ;
#2194 = ORIENTED_EDGE ( 'NONE', *, *, #2356, .T. ) ;
#2195 = DIRECTION ( 'NONE',  ( -1.000000000000000000, -0.000000000000000000, -0.000000000000000000 ) ) ;
#2196 = EDGE_CURVE ( 'NONE', #2499, #2705, #3353, .T. ) ;
#2197 = ORIENTED_EDGE ( 'NONE', *, *, #747, .T. ) ;
#2198 = EDGE_CURVE ( 'NONE', #1338, #683, #3615, .T. ) ;
#2199 = FACE_OUTER_BOUND ( 'NONE', #1222, .T. ) ;
#2200 = AXIS2_PLACEMENT_3D ( 'NONE', #748, #3936, #3573 ) ;
#2201 = DIRECTION ( 'NONE',  ( -1.000000000000000000, 0.000000000000000000, 0.000000000000000000 ) ) ;
#2202 = ORIENTED_EDGE ( 'NONE', *, *, #1078, .F. ) ;
#2203 = CARTESIAN_POINT ( 'NONE',  ( 0.000000000000000000, -12.69837882901390103, -4.606456221410580198 ) ) ;
#2204 = AXIS2_PLACEMENT_3D ( 'NONE', #1242, #596, #250 ) ;
#2205 = CARTESIAN_POINT ( 'NONE',  ( 0.000000000000000000, 0.000000000000000000, 0.000000000000000000 ) ) ;
#2206 = AXIS2_PLACEMENT_3D ( 'NONE', #3282, #456, #2907 ) ;
#2207 = DIRECTION ( 'NONE',  ( 1.000000000000000000, 0.000000000000000000, 0.000000000000000000 ) ) ;
#2208 = CARTESIAN_POINT ( 'NONE',  ( 10.00000000000000000, 0.000000000000000000, 0.000000000000000000 ) ) ;
#2209 = VERTEX_POINT ( 'NONE', #490 ) ;
#2210 = AXIS2_PLACEMENT_3D ( 'NONE', #1609, #2826, #2555 ) ;
#2211 = DIRECTION ( 'NONE',  ( -1.000000000000000000, 0.000000000000000000, 0.000000000000000000 ) ) ;
#2212 = EDGE_LOOP ( 'NONE', ( #3837, #3187, #1076, #477 ) ) ;
#2213 = FACE_OUTER_BOUND ( 'NONE', #2360, .T. ) ;
#2214 = ORIENTED_EDGE ( 'NONE', *, *, #2181, .F. ) ;
#2215 = CIRCLE ( 'NONE', #2029, 12.81149999999999878 ) ;
#2216 = ORIENTED_EDGE ( 'NONE', *, *, #1518, .F. ) ;
#2217 = AXIS2_PLACEMENT_3D ( 'NONE', #401, #2265, #1673 ) ;
#2218 = AXIS2_PLACEMENT_3D ( 'NONE', #2369, #1145, #537 ) ;
#2219 = DIRECTION ( 'NONE',  ( 0.000000000000000000, 0.000000000000000000, 1.000000000000000000 ) ) ;
#2220 = LINE ( 'NONE', #1587, #2134 ) ;
#2221 = CIRCLE ( 'NONE', #2218, 1.600000000000000755 ) ;
#2222 = ADVANCED_FACE ( 'NONE', ( #3008 ), #1335, .T. ) ;
#2223 = VERTEX_POINT ( 'NONE', #2011 ) ;
#2224 = AXIS2_PLACEMENT_3D ( 'NONE', #1891, #951, #2524 ) ;
#2225 = DIRECTION ( 'NONE',  ( -1.000000000000000000, 0.000000000000000000, 0.000000000000000000 ) ) ;
#2226 = DIRECTION ( 'NONE',  ( -1.000000000000000000, 0.000000000000000000, 0.000000000000000000 ) ) ;
#2227 = ADVANCED_FACE ( 'NONE', ( #2902 ), #2606, .T. ) ;
#2228 = CYLINDRICAL_SURFACE ( 'NONE', #1113, 3.000000000000000888 ) ;
#2229 = FACE_OUTER_BOUND ( 'NONE', #2542, .T. ) ;
#2230 = ORIENTED_EDGE ( 'NONE', *, *, #2494, .T. ) ;
#2231 = CARTESIAN_POINT ( 'NONE',  ( 0.000000000000000000, 1.410503946387251961, 15.56120508242294953 ) ) ;
#2232 = ORIENTED_EDGE ( 'NONE', *, *, #841, .F. ) ;
#2233 = DIRECTION ( 'NONE',  ( 0.000000000000000000, 0.000000000000000000, -1.000000000000000000 ) ) ;
#2234 = ORIENTED_EDGE ( 'NONE', *, *, #505, .T. ) ;
#2235 = ORIENTED_EDGE ( 'NONE', *, *, #3961, .F. ) ;
#2236 = DIRECTION ( 'NONE',  ( -1.000000000000000000, 0.000000000000000000, 0.000000000000000000 ) ) ;
#2237 = AXIS2_PLACEMENT_3D ( 'NONE', #3234, #2012, #1667 ) ;
#2238 = EDGE_CURVE ( 'NONE', #1695, #222, #3893, .T. ) ;
#2239 = DIRECTION ( 'NONE',  ( -1.000000000000000000, 0.000000000000000000, 0.000000000000000000 ) ) ;
#2240 = EDGE_CURVE ( 'NONE', #3225, #708, #2885, .T. ) ;
#2241 = AXIS2_PLACEMENT_3D ( 'NONE', #3394, #2789, #12 ) ;
#2242 = ORIENTED_EDGE ( 'NONE', *, *, #2017, .T. ) ;
#2243 = ADVANCED_FACE ( 'NONE', ( #3299 ), #778, .T. ) ;
#2244 = DIRECTION ( 'NONE',  ( 1.000000000000000000, 0.000000000000000000, 0.000000000000000000 ) ) ;
#2245 = DIRECTION ( 'NONE',  ( 0.000000000000000000, 0.2697967711570250504, -0.9629172873477991335 ) ) ;
#2246 = DIRECTION ( 'NONE',  ( -1.000000000000000000, 0.000000000000000000, 0.000000000000000000 ) ) ;
#2247 = LINE ( 'NONE', #1964, #1826 ) ;
#2248 = CARTESIAN_POINT ( 'NONE',  ( 5.000000000000000000, 1.410503946387468011, -15.56120508242294953 ) ) ;
#2249 = EDGE_LOOP ( 'NONE', ( #879, #1778, #3301, #3393 ) ) ;
#2250 = CYLINDRICAL_SURFACE ( 'NONE', #1414, 12.81150000000000055 ) ;
#2251 = LINE ( 'NONE', #693, #1818 ) ;
#2252 = VERTEX_POINT ( 'NONE', #145 ) ;
#2253 = CARTESIAN_POINT ( 'NONE',  ( 10.00000000000000000, -2.840164252701209868, -15.36470279626905011 ) ) ;
#2254 = CARTESIAN_POINT ( 'NONE',  ( 10.00000000000000000, -2.444036937190193349E-14, -7.000000000000000000 ) ) ;
#2255 = VERTEX_POINT ( 'NONE', #1022 ) ;
#2256 = ORIENTED_EDGE ( 'NONE', *, *, #1396, .F. ) ;
#2257 = DIRECTION ( 'NONE',  ( -1.000000000000000000, 0.000000000000000000, 0.000000000000000000 ) ) ;
#2258 = CARTESIAN_POINT ( 'NONE',  ( -10.00000000000000000, 0.000000000000000000, 0.000000000000000000 ) ) ;
#2259 = ORIENTED_EDGE ( 'NONE', *, *, #923, .F. ) ;
#2260 = VERTEX_POINT ( 'NONE', #3565 ) ;
#2261 = ADVANCED_FACE ( 'NONE', ( #757 ), #3584, .T. ) ;
#2262 = AXIS2_PLACEMENT_3D ( 'NONE', #40, #1029, #349 ) ;
#2263 = CIRCLE ( 'NONE', #2595, 5.749999999999998224 ) ;
#2264 = ORIENTED_EDGE ( 'NONE', *, *, #2651, .T. ) ;
#2265 = DIRECTION ( 'NONE',  ( -1.000000000000000000, 0.000000000000000000, 0.000000000000000000 ) ) ;
#2266 = CARTESIAN_POINT ( 'NONE',  ( -0.0009999999999992653654, 7.332110811570580046E-14, 7.000000000000000888 ) ) ;
#2267 = AXIS2_PLACEMENT_3D ( 'NONE', #1532, #3409, #557 ) ;
#2268 = CARTESIAN_POINT ( 'NONE',  ( 0.000000000000000000, -7.493331224602709284, 13.71096685716926089 ) ) ;
#2269 = CARTESIAN_POINT ( 'NONE',  ( -10.00000000000000000, 0.000000000000000000, 0.000000000000000000 ) ) ;
#2270 = VECTOR ( 'NONE', #843, 1000.000000000000000 ) ;
#2271 = CARTESIAN_POINT ( 'NONE',  ( 10.00000000000000000, -3.715476584966189932, 12.26090396327153975 ) ) ;
#2272 = ADVANCED_FACE ( 'NONE', ( #2294 ), #451, .T. ) ;
#2273 = ORIENTED_EDGE ( 'NONE', *, *, #2028, .T. ) ;
#2274 = CARTESIAN_POINT ( 'NONE',  ( 10.00000000000000000, -7.093669515771450662, 11.49556943373993967 ) ) ;
#2275 = CARTESIAN_POINT ( 'NONE',  ( 5.000000000000000000, -10.91463276349809775, -11.18085044341322032 ) ) ;
#2276 = ORIENTED_EDGE ( 'NONE', *, *, #2122, .T. ) ;
#2277 = ORIENTED_EDGE ( 'NONE', *, *, #3112, .T. ) ;
#2278 = AXIS2_PLACEMENT_3D ( 'NONE', #2470, #1896, #4003 ) ;
#2279 = EDGE_CURVE ( 'NONE', #1727, #1648, #2683, .T. ) ;
#2280 = DIRECTION ( 'NONE',  ( 0.000000000000000000, 0.000000000000000000, 1.000000000000000000 ) ) ;
#2281 = VECTOR ( 'NONE', #1968, 1000.000000000000000 ) ;
#2282 = CIRCLE ( 'NONE', #1042, 1.600000000000000089 ) ;
#2283 = CIRCLE ( 'NONE', #319, 5.750000000000000000 ) ;
#2284 = ORIENTED_EDGE ( 'NONE', *, *, #2828, .T. ) ;
#2285 = VERTEX_POINT ( 'NONE', #426 ) ;
#2286 = AXIS2_PLACEMENT_3D ( 'NONE', #518, #806, #3977 ) ;
#2287 = CYLINDRICAL_SURFACE ( 'NONE', #2217, 15.62500000000000000 ) ;
#2288 = ORIENTED_EDGE ( 'NONE', *, *, #1425, .T. ) ;
#2289 = CARTESIAN_POINT ( 'NONE',  ( 10.00000000000000000, 0.000000000000000000, 0.000000000000000000 ) ) ;
#2290 = DIRECTION ( 'NONE',  ( 0.000000000000000000, 0.000000000000000000, 1.000000000000000000 ) ) ;
#2291 = CARTESIAN_POINT ( 'NONE',  ( 0.000000000000000000, 0.000000000000000000, 0.000000000000000000 ) ) ;
#2292 = CYLINDRICAL_SURFACE ( 'NONE', #118, 5.750000000000000000 ) ;
#2293 = ORIENTED_EDGE ( 'NONE', *, *, #815, .T. ) ;
#2294 = FACE_OUTER_BOUND ( 'NONE', #3355, .T. ) ;
#2295 = LINE ( 'NONE', #3257, #3170 ) ;
#2296 = ORIENTED_EDGE ( 'NONE', *, *, #3953, .T. ) ;
#2297 = EDGE_CURVE ( 'NONE', #44, #1884, #1435, .T. ) ;
#2298 = AXIS2_PLACEMENT_3D ( 'NONE', #1074, #1055, #2341 ) ;
#2299 = ORIENTED_EDGE ( 'NONE', *, *, #1966, .F. ) ;
#2300 = FACE_OUTER_BOUND ( 'NONE', #392, .T. ) ;
#2301 = CARTESIAN_POINT ( 'NONE',  ( 0.000000000000000000, -10.30873331663876158, 7.606875157147110045 ) ) ;
#2302 = EDGE_CURVE ( 'NONE', #661, #1056, #2487, .T. ) ;
#2303 = ORIENTED_EDGE ( 'NONE', *, *, #3834, .T. ) ;
#2304 = AXIS2_PLACEMENT_3D ( 'NONE', #616, #2446, #3786 ) ;
#2305 = EDGE_LOOP ( 'NONE', ( #2605, #3480, #2486, #547 ) ) ;
#2306 = DIRECTION ( 'NONE',  ( -1.000000000000000000, -0.000000000000000000, -0.000000000000000000 ) ) ;
#2307 = ORIENTED_EDGE ( 'NONE', *, *, #316, .F. ) ;
#2308 = AXIS2_PLACEMENT_3D ( 'NONE', #1538, #1493, #2514 ) ;
#2309 = LINE ( 'NONE', #670, #3284 ) ;
#2310 = CARTESIAN_POINT ( 'NONE',  ( 10.00000000000000000, 11.08624123981535980, 7.717740535774570532 ) ) ;
#2311 = DIRECTION ( 'NONE',  ( 1.000000000000000000, 0.000000000000000000, 0.000000000000000000 ) ) ;
#2312 = CARTESIAN_POINT ( 'NONE',  ( 10.00000000000000000, 13.20735115122741909, -2.834455745481440303 ) ) ;
#2313 = ORIENTED_EDGE ( 'NONE', *, *, #1621, .T. ) ;
#2314 = DIRECTION ( 'NONE',  ( -1.000000000000000000, 0.000000000000000000, 0.000000000000000000 ) ) ;
#2315 = DIRECTION ( 'NONE',  ( 0.000000000000000000, 0.000000000000000000, -1.000000000000000000 ) ) ;
#2316 = EDGE_CURVE ( 'NONE', #3785, #270, #3020, .T. ) ;
#2317 = ORIENTED_EDGE ( 'NONE', *, *, #1245, .F. ) ;
#2318 = ADVANCED_FACE ( 'NONE', ( #2987 ), #1666, .T. ) ;
#2319 = ORIENTED_EDGE ( 'NONE', *, *, #3658, .F. ) ;
#2320 = EDGE_CURVE ( 'NONE', #429, #760, #2263, .T. ) ;
#2321 = EDGE_CURVE ( 'NONE', #3586, #1053, #3723, .T. ) ;
#2322 = DIRECTION ( 'NONE',  ( 0.000000000000000000, 0.000000000000000000, 1.000000000000000000 ) ) ;
#2323 = VERTEX_POINT ( 'NONE', #2253 ) ;
#2324 = VERTEX_POINT ( 'NONE', #1944 ) ;
#2325 = DIRECTION ( 'NONE',  ( -1.000000000000000000, 0.000000000000000000, 0.000000000000000000 ) ) ;
#2326 = VERTEX_POINT ( 'NONE', #3211 ) ;
#2327 = CARTESIAN_POINT ( 'NONE',  ( 0.000000000000000000, 0.000000000000000000, 0.000000000000000000 ) ) ;
#2328 = CARTESIAN_POINT ( 'NONE',  ( 10.00000000000000000, 0.000000000000000000, 0.000000000000000000 ) ) ;
#2329 = VECTOR ( 'NONE', #2059, 1000.000000000000000 ) ;
#2330 =( LENGTH_UNIT ( ) NAMED_UNIT ( * ) SI_UNIT ( .MILLI., .METRE. ) );
#2331 = CIRCLE ( 'NONE', #2204, 5.750000000000000000 ) ;
#2332 = DIRECTION ( 'NONE',  ( 0.000000000000000000, 0.7308359642781255827, -0.6825531432186525693 ) ) ;
#2333 = CARTESIAN_POINT ( 'NONE',  ( 10.00000000000000000, -0.2697443336428784755, 12.80865997067872009 ) ) ;
#2334 = ORIENTED_EDGE ( 'NONE', *, *, #561, .F. ) ;
#2335 = DIRECTION ( 'NONE',  ( 0.000000000000000000, -0.1361666490962538112, 0.9906859460363297565 ) ) ;
#2336 = CARTESIAN_POINT ( 'NONE',  ( 0.000000000000000000, 0.000000000000000000, 0.000000000000000000 ) ) ;
#2337 = VECTOR ( 'NONE', #3457, 1000.000000000000000 ) ;
#2338 = ORIENTED_EDGE ( 'NONE', *, *, #396, .F. ) ;
#2339 = VERTEX_POINT ( 'NONE', #1970 ) ;
#2340 = CYLINDRICAL_SURFACE ( 'NONE', #2206, 12.81150000000000055 ) ;
#2341 = DIRECTION ( 'NONE',  ( 0.000000000000000000, 0.000000000000000000, 1.000000000000000000 ) ) ;
#2342 = LINE ( 'NONE', #2041, #1549 ) ;
#2343 = AXIS2_PLACEMENT_3D ( 'NONE', #890, #3162, #918 ) ;
#2344 = AXIS2_PLACEMENT_3D ( 'NONE', #1147, #3022, #219 ) ;
#2345 = ORIENTED_EDGE ( 'NONE', *, *, #1507, .T. ) ;
#2346 = DIRECTION ( 'NONE',  ( 0.000000000000000000, 0.000000000000000000, 1.000000000000000000 ) ) ;
#2347 = ORIENTED_EDGE ( 'NONE', *, *, #1516, .F. ) ;
#2348 = ADVANCED_FACE ( 'NONE', ( #3233 ), #410, .F. ) ;
#2349 = CIRCLE ( 'NONE', #910, 12.81150000000000411 ) ;
#2350 = DIRECTION ( 'NONE',  ( 0.000000000000000000, 0.7308359642781255827, -0.6825531432186525693 ) ) ;
#2351 = FACE_BOUND ( 'NONE', #1844, .T. ) ;
#2352 = CARTESIAN_POINT ( 'NONE',  ( 0.000000000000000000, -13.16764042189669937, 8.411532007882540185 ) ) ;
#2353 = VECTOR ( 'NONE', #99, 1000.000000000000000 ) ;
#2354 = VECTOR ( 'NONE', #2186, 1000.000000000000000 ) ;
#2355 = CARTESIAN_POINT ( 'NONE',  ( 3.000000000000000000, -2.424442588403835977E-14, -5.400000000000000355 ) ) ;
#2356 = EDGE_CURVE ( 'NONE', #2994, #458, #1510, .T. ) ;
#2357 = EDGE_LOOP ( 'NONE', ( #344, #3969 ) ) ;
#2358 = DIRECTION ( 'NONE',  ( 0.000000000000000000, 0.000000000000000000, 1.000000000000000000 ) ) ;
#2359 = ORIENTED_EDGE ( 'NONE', *, *, #949, .F. ) ;
#2360 = EDGE_LOOP ( 'NONE', ( #3626, #1614, #1441, #2917 ) ) ;
#2361 = AXIS2_PLACEMENT_3D ( 'NONE', #3853, #2018, #1652 ) ;
#2362 = DIRECTION ( 'NONE',  ( 0.000000000000000000, 0.000000000000000000, -1.000000000000000000 ) ) ;
#2363 = ADVANCED_FACE ( 'NONE', ( #3775 ), #952, .T. ) ;
#2364 = EDGE_CURVE ( 'NONE', #2393, #2562, #2997, .T. ) ;
#2365 = DIRECTION ( 'NONE',  ( -1.000000000000000000, 0.000000000000000000, 0.000000000000000000 ) ) ;
#2366 = FACE_OUTER_BOUND ( 'NONE', #1991, .T. ) ;
#2367 = ORIENTED_EDGE ( 'NONE', *, *, #1380, .F. ) ;
#2368 = AXIS2_PLACEMENT_3D ( 'NONE', #3459, #3152, #327 ) ;
#2369 = CARTESIAN_POINT ( 'NONE',  ( 0.000000000000000000, 7.332110811570580046E-14, 7.000000000000000888 ) ) ;
#2370 = FACE_OUTER_BOUND ( 'NONE', #2684, .T. ) ;
#2371 = LINE ( 'NONE', #808, #1663 ) ;
#2372 = ADVANCED_FACE ( 'NONE', ( #887 ), #1806, .T. ) ;
#2373 = EDGE_CURVE ( 'NONE', #2574, #3247, #1606, .T. ) ;
#2374 = AXIS2_PLACEMENT_3D ( 'NONE', #2777, #2793, #2484 ) ;
#2375 = ORIENTED_EDGE ( 'NONE', *, *, #1496, .F. ) ;
#2376 = LINE ( 'NONE', #3638, #1949 ) ;
#2377 = AXIS2_PLACEMENT_3D ( 'NONE', #2208, #1213, #3749 ) ;
#2378 = ORIENTED_EDGE ( 'NONE', *, *, #3592, .F. ) ;
#2379 = DIRECTION ( 'NONE',  ( 1.000000000000000000, -0.000000000000000000, -0.000000000000000000 ) ) ;
#2380 = ORIENTED_EDGE ( 'NONE', *, *, #338, .F. ) ;
#2381 = ORIENTED_EDGE ( 'NONE', *, *, #1911, .T. ) ;
#2382 = ORIENTED_EDGE ( 'NONE', *, *, #1998, .F. ) ;
#2383 = CARTESIAN_POINT ( 'NONE',  ( 3.000000000000000000, -2.444036937190193349E-14, -10.00000000000000000 ) ) ;
#2384 = DIRECTION ( 'NONE',  ( 0.000000000000000000, -0.8169698930104470902, 0.5766803221148599778 ) ) ;
#2385 = ORIENTED_EDGE ( 'NONE', *, *, #805, .T. ) ;
#2386 = DIRECTION ( 'NONE',  ( 0.000000000000000000, 0.000000000000000000, 1.000000000000000000 ) ) ;
#2387 = FACE_OUTER_BOUND ( 'NONE', #2617, .T. ) ;
#2388 = DIRECTION ( 'NONE',  ( -1.000000000000000000, 0.000000000000000000, 0.000000000000000000 ) ) ;
#2389 = DIRECTION ( 'NONE',  ( -1.000000000000000000, 0.000000000000000000, 0.000000000000000000 ) ) ;
#2390 = ORIENTED_EDGE ( 'NONE', *, *, #684, .F. ) ;
#2391 = LINE ( 'NONE', #1470, #3340 ) ;
#2392 = CARTESIAN_POINT ( 'NONE',  ( 0.000000000000000000, 8.726345089906798691, -12.96115451539171914 ) ) ;
#2393 = VERTEX_POINT ( 'NONE', #2301 ) ;
#2394 = AXIS2_PLACEMENT_3D ( 'NONE', #4016, #1786, #2428 ) ;
#2395 = EDGE_CURVE ( 'NONE', #2816, #1117, #168, .T. ) ;
#2396 = ORIENTED_EDGE ( 'NONE', *, *, #2492, .F. ) ;
#2397 = VERTEX_POINT ( 'NONE', #42 ) ;
#2398 = VECTOR ( 'NONE', #3114, 1000.000000000000000 ) ;
#2399 = CARTESIAN_POINT ( 'NONE',  ( 10.00000000000000000, 1.410503946387249741, 15.56120508242294953 ) ) ;
#2400 = ORIENTED_EDGE ( 'NONE', *, *, #2928, .F. ) ;
#2401 = CARTESIAN_POINT ( 'NONE',  ( 3.000000000000000000, -7.000000000000000000, 3.000000000000049294 ) ) ;
#2402 = CIRCLE ( 'NONE', #173, 5.749999999999997335 ) ;
#2403 = CARTESIAN_POINT ( 'NONE',  ( 10.00000000000000000, -10.98468148073603956, -7.861617936003749918 ) ) ;
#2404 = ADVANCED_FACE ( 'NONE', ( #2911, #1342 ), #727, .T. ) ;
#2405 = CYLINDRICAL_SURFACE ( 'NONE', #125, 12.81150000000000055 ) ;
#2406 = ORIENTED_EDGE ( 'NONE', *, *, #3570, .T. ) ;
#2407 = AXIS2_PLACEMENT_3D ( 'NONE', #1292, #407, #3845 ) ;
#2408 = CARTESIAN_POINT ( 'NONE',  ( 10.00000000000000000, -0.08805550942581240326, 13.50779441774935918 ) ) ;
#2409 = FACE_OUTER_BOUND ( 'NONE', #2527, .T. ) ;
#2410 = CYLINDRICAL_SURFACE ( 'NONE', #1633, 5.750000000000000000 ) ;
#2411 = AXIS2_PLACEMENT_3D ( 'NONE', #3496, #1283, #2495 ) ;
#2412 = CIRCLE ( 'NONE', #2747, 12.81149999999999523 ) ;
#2413 = CIRCLE ( 'NONE', #379, 5.749999999999999112 ) ;
#2414 = DIRECTION ( 'NONE',  ( -1.000000000000000000, 0.000000000000000000, 0.000000000000000000 ) ) ;
#2415 = CIRCLE ( 'NONE', #649, 12.81149999999999700 ) ;
#2416 = CARTESIAN_POINT ( 'NONE',  ( 10.00000000000000000, 5.556561520398570764, 14.60360397538998001 ) ) ;
#2417 = DIRECTION ( 'NONE',  ( 0.000000000000000000, 0.000000000000000000, 1.000000000000000000 ) ) ;
#2418 = AXIS2_PLACEMENT_3D ( 'NONE', #1082, #2103, #771 ) ;
#2419 = CARTESIAN_POINT ( 'NONE',  ( 10.00000000000000000, 0.000000000000000000, 0.000000000000000000 ) ) ;
#2420 = EDGE_CURVE ( 'NONE', #3007, #1973, #1223, .T. ) ;
#2421 = VECTOR ( 'NONE', #2434, 1000.000000000000000 ) ;
#2422 = ORIENTED_EDGE ( 'NONE', *, *, #2848, .T. ) ;
#2423 = ORIENTED_EDGE ( 'NONE', *, *, #1128, .F. ) ;
#2424 = DIRECTION ( 'NONE',  ( -1.000000000000000000, 0.000000000000000000, 0.000000000000000000 ) ) ;
#2425 = EDGE_CURVE ( 'NONE', #3531, #4050, #761, .T. ) ;
#2426 = ORIENTED_EDGE ( 'NONE', *, *, #3941, .T. ) ;
#2427 = CARTESIAN_POINT ( 'NONE',  ( 0.000000000000000000, 0.000000000000000000, 0.000000000000000000 ) ) ;
#2428 = DIRECTION ( 'NONE',  ( 0.000000000000000000, 0.000000000000000000, -1.000000000000000000 ) ) ;
#2429 = EDGE_CURVE ( 'NONE', #1685, #2053, #2220, .T. ) ;
#2430 = LINE ( 'NONE', #1461, #49 ) ;
#2431 = VERTEX_POINT ( 'NONE', #1925 ) ;
#2432 = DIRECTION ( 'NONE',  ( 0.000000000000000000, 0.000000000000000000, 1.000000000000000000 ) ) ;
#2433 = DIRECTION ( 'NONE',  ( 1.000000000000000000, 0.000000000000000000, 0.000000000000000000 ) ) ;
#2434 = DIRECTION ( 'NONE',  ( -1.000000000000000000, 0.000000000000000000, 0.000000000000000000 ) ) ;
#2435 = CARTESIAN_POINT ( 'NONE',  ( 10.00000000000000000, 6.424699349295219797, -11.08412245155949982 ) ) ;
#2436 = DIRECTION ( 'NONE',  ( -1.000000000000000000, 0.000000000000000000, 0.000000000000000000 ) ) ;
#2437 = EDGE_CURVE ( 'NONE', #3104, #766, #2659, .T. ) ;
#2438 = ORIENTED_EDGE ( 'NONE', *, *, #953, .T. ) ;
#2439 = DIRECTION ( 'NONE',  ( -1.000000000000000000, 0.000000000000000000, 0.000000000000000000 ) ) ;
#2440 = ORIENTED_EDGE ( 'NONE', *, *, #2437, .F. ) ;
#2441 = CARTESIAN_POINT ( 'NONE',  ( 10.00000000000000000, 3.195993620908514909, 12.40645626378104005 ) ) ;
#2442 = AXIS2_PLACEMENT_3D ( 'NONE', #2628, #3890, #140 ) ;
#2443 = EDGE_LOOP ( 'NONE', ( #3827, #2149 ) ) ;
#2444 = ADVANCED_FACE ( 'NONE', ( #2929, #3855 ), #107, .T. ) ;
#2445 = ORIENTED_EDGE ( 'NONE', *, *, #421, .T. ) ;
#2446 = DIRECTION ( 'NONE',  ( -1.000000000000000000, 0.000000000000000000, 0.000000000000000000 ) ) ;
#2447 = ADVANCED_FACE ( 'NONE', ( #2842 ), #22, .T. ) ;
#2448 = ORIENTED_EDGE ( 'NONE', *, *, #3310, .T. ) ;
#2449 = LINE ( 'NONE', #531, #1020 ) ;
#2450 = VERTEX_POINT ( 'NONE', #491 ) ;
#2451 = DIRECTION ( 'NONE',  ( 0.000000000000000000, 0.000000000000000000, 1.000000000000000000 ) ) ;
#2452 = CARTESIAN_POINT ( 'NONE',  ( 3.000000000000000000, 7.332110811570580046E-14, 7.000000000000000888 ) ) ;
#2453 = CARTESIAN_POINT ( 'NONE',  ( 3.000000000000000000, -7.000000000000000000, -1.599999999999951239 ) ) ;
#2454 = ORIENTED_EDGE ( 'NONE', *, *, #1425, .F. ) ;
#2455 = DIRECTION ( 'NONE',  ( -1.000000000000000000, 0.000000000000000000, 0.000000000000000000 ) ) ;
#2456 = ORIENTED_EDGE ( 'NONE', *, *, #1343, .F. ) ;
#2457 = DIRECTION ( 'NONE',  ( -1.000000000000000000, 0.000000000000000000, 0.000000000000000000 ) ) ;
#2458 = ORIENTED_EDGE ( 'NONE', *, *, #3310, .F. ) ;
#2459 = DIRECTION ( 'NONE',  ( -1.000000000000000000, 0.000000000000000000, 0.000000000000000000 ) ) ;
#2460 = VERTEX_POINT ( 'NONE', #2383 ) ;
#2461 = DIRECTION ( 'NONE',  ( 0.000000000000000000, 0.000000000000000000, 1.000000000000000000 ) ) ;
#2462 = CARTESIAN_POINT ( 'NONE',  ( 10.00000000000000000, 0.000000000000000000, 0.000000000000000000 ) ) ;
#2463 = AXIS2_PLACEMENT_3D ( 'NONE', #3009, #3630, #131 ) ;
#2464 = ORIENTED_EDGE ( 'NONE', *, *, #1873, .T. ) ;
#2465 = LINE ( 'NONE', #1850, #2398 ) ;
#2466 = CIRCLE ( 'NONE', #1160, 5.750000000000000000 ) ;
#2467 = DIRECTION ( 'NONE',  ( -1.000000000000000000, 0.000000000000000000, 0.000000000000000000 ) ) ;
#2468 = ORIENTED_EDGE ( 'NONE', *, *, #431, .T. ) ;
#2469 = CARTESIAN_POINT ( 'NONE',  ( 10.00000000000000000, 9.176914517988240760, 8.939729983592158646 ) ) ;
#2470 = CARTESIAN_POINT ( 'NONE',  ( -0.0009999999999992653654, -2.444036937190193349E-14, -7.000000000000000000 ) ) ;
#2471 = EDGE_CURVE ( 'NONE', #829, #484, #2954, .T. ) ;
#2472 = CARTESIAN_POINT ( 'NONE',  ( 10.00000000000000000, 12.79720803224639880, 0.6049783710250079549 ) ) ;
#2473 = LINE ( 'NONE', #2769, #3668 ) ;
#2474 = CARTESIAN_POINT ( 'NONE',  ( 0.000000000000000000, 5.350396643122720342, -11.64078124574382045 ) ) ;
#2475 = CIRCLE ( 'NONE', #1494, 15.62500000000000000 ) ;
#2476 = ORIENTED_EDGE ( 'NONE', *, *, #3517, .F. ) ;
#2477 = CYLINDRICAL_SURFACE ( 'NONE', #3986, 5.750000000000000000 ) ;
#2478 = VECTOR ( 'NONE', #3427, 1000.000000000000000 ) ;
#2479 = ADVANCED_FACE ( 'NONE', ( #3647 ), #1119, .F. ) ;
#2480 = AXIS2_PLACEMENT_3D ( 'NONE', #3202, #1963, #50 ) ;
#2481 = VERTEX_POINT ( 'NONE', #819 ) ;
#2482 = ORIENTED_EDGE ( 'NONE', *, *, #1118, .F. ) ;
#2483 = CIRCLE ( 'NONE', #2817, 5.750000000000000888 ) ;
#2484 = DIRECTION ( 'NONE',  ( 0.000000000000000000, 0.000000000000000000, -1.000000000000000000 ) ) ;
#2485 = DIRECTION ( 'NONE',  ( 0.000000000000000000, -0.1361666490962538112, 0.9906859460363297565 ) ) ;
#2486 = ORIENTED_EDGE ( 'NONE', *, *, #3112, .F. ) ;
#2487 = CIRCLE ( 'NONE', #718, 3.000000000000000444 ) ;
#2488 = FACE_OUTER_BOUND ( 'NONE', #788, .T. ) ;
#2489 = DIRECTION ( 'NONE',  ( -1.000000000000000000, 0.000000000000000000, 0.000000000000000000 ) ) ;
#2490 = EDGE_LOOP ( 'NONE', ( #1819, #398, #1347, #3875 ) ) ;
#2491 = CARTESIAN_POINT ( 'NONE',  ( 10.00000000000000000, 0.000000000000000000, 0.000000000000000000 ) ) ;
#2492 = EDGE_CURVE ( 'NONE', #2339, #3362, #1739, .T. ) ;
#2493 = CYLINDRICAL_SURFACE ( 'NONE', #1491, 12.81150000000000055 ) ;
#2494 = EDGE_CURVE ( 'NONE', #3205, #871, #2075, .T. ) ;
#2495 = DIRECTION ( 'NONE',  ( 0.000000000000000000, 0.000000000000000000, -1.000000000000000000 ) ) ;
#2496 = CARTESIAN_POINT ( 'NONE',  ( 10.00000000000000000, 3.195993620908689881, -12.40645626378100097 ) ) ;
#2497 = ADVANCED_FACE ( 'NONE', ( #3342 ), #190, .F. ) ;
#2498 = CARTESIAN_POINT ( 'NONE',  ( 10.00000000000000000, 8.592911864346801210, -10.42257787193211982 ) ) ;
#2499 = VERTEX_POINT ( 'NONE', #3952 ) ;
#2500 = DIRECTION ( 'NONE',  ( 0.000000000000000000, 0.000000000000000000, -1.000000000000000000 ) ) ;
#2501 = CIRCLE ( 'NONE', #9, 12.81150000000000233 ) ;
#2502 = ORIENTED_EDGE ( 'NONE', *, *, #1814, .F. ) ;
#2503 = CARTESIAN_POINT ( 'NONE',  ( 5.000000000000000000, 5.556561520398570764, 14.60360397538998001 ) ) ;
#2504 = ORIENTED_EDGE ( 'NONE', *, *, #1839, .F. ) ;
#2505 = AXIS2_PLACEMENT_3D ( 'NONE', #2291, #51, #3183 ) ;
#2506 = VECTOR ( 'NONE', #3852, 1000.000000000000000 ) ;
#2507 = DIRECTION ( 'NONE',  ( -1.000000000000000000, 0.000000000000000000, 0.000000000000000000 ) ) ;
#2508 = CARTESIAN_POINT ( 'NONE',  ( 0.000000000000000000, 12.48587405515855941, 2.870101274993335227 ) ) ;
#2509 = DIRECTION ( 'NONE',  ( 1.000000000000000000, 0.000000000000000000, 0.000000000000000000 ) ) ;
#2510 = EDGE_LOOP ( 'NONE', ( #3239, #2686, #2504, #1319 ) ) ;
#2511 = DIRECTION ( 'NONE',  ( 0.000000000000000000, 0.000000000000000000, 1.000000000000000000 ) ) ;
#2512 = DIRECTION ( 'NONE',  ( -1.000000000000000000, 0.000000000000000000, 0.000000000000000000 ) ) ;
#2513 = DIRECTION ( 'NONE',  ( 0.000000000000000000, 0.8878852184023763305, -0.4600650377311500394 ) ) ;
#2514 = DIRECTION ( 'NONE',  ( 0.000000000000000000, 0.000000000000000000, -1.000000000000000000 ) ) ;
#2515 = ORIENTED_EDGE ( 'NONE', *, *, #2737, .F. ) ;
#2516 =( NAMED_UNIT ( * ) PLANE_ANGLE_UNIT ( ) SI_UNIT ( $, .RADIAN. ) );
#2517 = ORIENTED_EDGE ( 'NONE', *, *, #187, .T. ) ;
#2518 = CYLINDRICAL_SURFACE ( 'NONE', #1416, 15.62500000000000000 ) ;
#2519 = EDGE_LOOP ( 'NONE', ( #2788, #1842, #3316, #1520 ) ) ;
#2520 = EDGE_CURVE ( 'NONE', #2969, #3667, #430, .T. ) ;
#2521 = ORIENTED_EDGE ( 'NONE', *, *, #3235, .F. ) ;
#2522 = DIRECTION ( 'NONE',  ( 0.000000000000000000, 0.000000000000000000, 1.000000000000000000 ) ) ;
#2523 = DIRECTION ( 'NONE',  ( -1.000000000000000000, 0.000000000000000000, 0.000000000000000000 ) ) ;
#2524 = DIRECTION ( 'NONE',  ( 0.000000000000000000, 0.9790840876823234673, -0.2034560130526310295 ) ) ;
#2525 = AXIS2_PLACEMENT_3D ( 'NONE', #2766, #4019, #2451 ) ;
#2526 = ADVANCED_FACE ( 'NONE', ( #802 ), #3590, .T. ) ;
#2527 = EDGE_LOOP ( 'NONE', ( #1406, #3255, #3290, #3063 ) ) ;
#2528 = CARTESIAN_POINT ( 'NONE',  ( 0.000000000000000000, -0.2697443336428784755, 12.80865997067872009 ) ) ;
#2529 = VECTOR ( 'NONE', #3161, 1000.000000000000000 ) ;
#2530 = DIRECTION ( 'NONE',  ( -1.000000000000000000, 0.000000000000000000, 0.000000000000000000 ) ) ;
#2531 = VECTOR ( 'NONE', #2257, 1000.000000000000000 ) ;
#2532 = CARTESIAN_POINT ( 'NONE',  ( 0.000000000000000000, 0.000000000000000000, 0.000000000000000000 ) ) ;
#2533 = CARTESIAN_POINT ( 'NONE',  ( 0.000000000000000000, -13.47029551076155940, -1.009654722010389971 ) ) ;
#2534 = ORIENTED_EDGE ( 'NONE', *, *, #1254, .T. ) ;
#2535 = VECTOR ( 'NONE', #941, 1000.000000000000000 ) ;
#2536 = CARTESIAN_POINT ( 'NONE',  ( 10.00000000000000000, 0.000000000000000000, 0.000000000000000000 ) ) ;
#2537 = VECTOR ( 'NONE', #32, 1000.000000000000000 ) ;
#2538 = ORIENTED_EDGE ( 'NONE', *, *, #2017, .F. ) ;
#2539 = DIRECTION ( 'NONE',  ( -1.000000000000000000, 0.000000000000000000, 0.000000000000000000 ) ) ;
#2540 = EDGE_CURVE ( 'NONE', #1169, #1905, #3591, .T. ) ;
#2541 = AXIS2_PLACEMENT_3D ( 'NONE', #1634, #1960, #2002 ) ;
#2542 = EDGE_LOOP ( 'NONE', ( #2367, #3567, #3756, #2055 ) ) ;
#2543 = ADVANCED_FACE ( 'NONE', ( #2637 ), #763, .T. ) ;
#2544 = CIRCLE ( 'NONE', #2881, 12.81150000000000055 ) ;
#2545 = ORIENTED_EDGE ( 'NONE', *, *, #684, .T. ) ;
#2546 = AXIS2_PLACEMENT_3D ( 'NONE', #3755, #405, #3538 ) ;
#2547 = EDGE_CURVE ( 'NONE', #2792, #271, #886, .T. ) ;
#2548 = CIRCLE ( 'NONE', #2752, 5.750000000000001776 ) ;
#2549 = CARTESIAN_POINT ( 'NONE',  ( 10.00000000000000000, -13.47029551076155940, 4.740345277989609585 ) ) ;
#2550 = FACE_OUTER_BOUND ( 'NONE', #4045, .T. ) ;
#2551 = DIRECTION ( 'NONE',  ( 0.000000000000000000, 0.000000000000000000, -1.000000000000000000 ) ) ;
#2552 = EDGE_LOOP ( 'NONE', ( #2882, #266, #2086, #3781 ) ) ;
#2553 = DIRECTION ( 'NONE',  ( -1.000000000000000000, 0.000000000000000000, 0.000000000000000000 ) ) ;
#2554 = DIRECTION ( 'NONE',  ( 0.000000000000000000, 0.000000000000000000, 1.000000000000000000 ) ) ;
#2555 = DIRECTION ( 'NONE',  ( 0.000000000000000000, 0.000000000000000000, -1.000000000000000000 ) ) ;
#2556 = CARTESIAN_POINT ( 'NONE',  ( 10.00000000000000000, 10.61984581506632175, 7.166129158354469730 ) ) ;
#2557 = CYLINDRICAL_SURFACE ( 'NONE', #2952, 5.749999999999999112 ) ;
#2558 = LINE ( 'NONE', #3822, #869 ) ;
#2559 = VECTOR ( 'NONE', #2467, 1000.000000000000000 ) ;
#2560 = ORIENTED_EDGE ( 'NONE', *, *, #2565, .F. ) ;
#2561 = DIRECTION ( 'NONE',  ( 0.000000000000000000, -0.7308359642781157017, -0.6825531432186630054 ) ) ;
#2562 = VERTEX_POINT ( 'NONE', #1415 ) ;
#2563 = DIRECTION ( 'NONE',  ( -1.000000000000000000, 0.000000000000000000, 0.000000000000000000 ) ) ;
#2564 = ORIENTED_EDGE ( 'NONE', *, *, #2066, .F. ) ;
#2565 = EDGE_CURVE ( 'NONE', #3136, #1695, #556, .T. ) ;
#2566 = ORIENTED_EDGE ( 'NONE', *, *, #385, .T. ) ;
#2567 = EDGE_CURVE ( 'NONE', #1216, #1685, #2726, .T. ) ;
#2568 = CARTESIAN_POINT ( 'NONE',  ( 10.00000000000000000, 0.000000000000000000, 0.000000000000000000 ) ) ;
#2569 = CARTESIAN_POINT ( 'NONE',  ( 5.000000000000000000, 9.290514346019628888, -12.56292036854502037 ) ) ;
#2570 = AXIS2_PLACEMENT_3D ( 'NONE', #485, #469, #1132 ) ;
#2571 = LINE ( 'NONE', #3528, #360 ) ;
#2572 = CIRCLE ( 'NONE', #1332, 3.000000000000000888 ) ;
#2573 = VERTEX_POINT ( 'NONE', #457 ) ;
#2574 = VERTEX_POINT ( 'NONE', #2714 ) ;
#2575 = DIRECTION ( 'NONE',  ( 0.000000000000000000, 0.000000000000000000, 1.000000000000000000 ) ) ;
#2576 = EDGE_LOOP ( 'NONE', ( #3399, #2991, #3883, #2242 ) ) ;
#2577 = EDGE_LOOP ( 'NONE', ( #14, #2197, #144, #1202 ) ) ;
#2578 = DIRECTION ( 'NONE',  ( -1.000000000000000000, 0.000000000000000000, 0.000000000000000000 ) ) ;
#2579 = EDGE_CURVE ( 'NONE', #859, #3740, #3972, .T. ) ;
#2580 = DIRECTION ( 'NONE',  ( -1.000000000000000000, 0.000000000000000000, 0.000000000000000000 ) ) ;
#2581 = CARTESIAN_POINT ( 'NONE',  ( 0.000000000000000000, 3.195993620908514909, 12.40645626378104005 ) ) ;
#2582 = CARTESIAN_POINT ( 'NONE',  ( 10.00000000000000000, 5.462285525855590684, -12.35442028744972021 ) ) ;
#2583 = CARTESIAN_POINT ( 'NONE',  ( 10.00000000000000000, -10.98468148073613904, 7.861617936003590046 ) ) ;
#2584 = EDGE_CURVE ( 'NONE', #399, #4000, #2652, .T. ) ;
#2585 = ORIENTED_EDGE ( 'NONE', *, *, #3541, .T. ) ;
#2586 = CARTESIAN_POINT ( 'NONE',  ( 0.000000000000000000, 0.000000000000000000, 0.000000000000000000 ) ) ;
#2587 = DIRECTION ( 'NONE',  ( -1.000000000000000000, 0.000000000000000000, 0.000000000000000000 ) ) ;
#2588 = ORIENTED_EDGE ( 'NONE', *, *, #2071, .F. ) ;
#2589 = ORIENTED_EDGE ( 'NONE', *, *, #1374, .F. ) ;
#2590 = CARTESIAN_POINT ( 'NONE',  ( 10.00000000000000000, -12.03388225800412137, -6.136280763248569414 ) ) ;
#2591 = CARTESIAN_POINT ( 'NONE',  ( 10.00000000000000000, 12.75735481870599841, 4.440513690392164925 ) ) ;
#2592 = CARTESIAN_POINT ( 'NONE',  ( 0.000000000000000000, -9.932084523302711077, -9.155433404645119566 ) ) ;
#2593 = EDGE_LOOP ( 'NONE', ( #4014, #475, #2385, #1410 ) ) ;
#2594 = DIRECTION ( 'NONE',  ( -1.000000000000000000, 0.000000000000000000, 0.000000000000000000 ) ) ;
#2595 = AXIS2_PLACEMENT_3D ( 'NONE', #3828, #1642, #2924 ) ;
#2596 = ORIENTED_EDGE ( 'NONE', *, *, #2673, .F. ) ;
#2597 = CARTESIAN_POINT ( 'NONE',  ( 0.000000000000000000, 1.410503946387470009, -15.56120508242294953 ) ) ;
#2598 = ORIENTED_EDGE ( 'NONE', *, *, #2567, .T. ) ;
#2599 = DIRECTION ( 'NONE',  ( -1.000000000000000000, 0.000000000000000000, 0.000000000000000000 ) ) ;
#2600 = CARTESIAN_POINT ( 'NONE',  ( 0.000000000000000000, 11.89962618115381865, -10.12618001759785891 ) ) ;
#2601 = FACE_OUTER_BOUND ( 'NONE', #3421, .T. ) ;
#2602 = EDGE_CURVE ( 'NONE', #4050, #2159, #2342, .T. ) ;
#2603 = CIRCLE ( 'NONE', #2016, 5.750000000000000888 ) ;
#2604 = DIRECTION ( 'NONE',  ( -1.000000000000000000, 0.000000000000000000, 0.000000000000000000 ) ) ;
#2605 = ORIENTED_EDGE ( 'NONE', *, *, #3614, .T. ) ;
#2606 = CYLINDRICAL_SURFACE ( 'NONE', #583, 5.750000000000000000 ) ;
#2607 = DIRECTION ( 'NONE',  ( 0.000000000000000000, 0.9422609221188191775, 0.3348796121709901596 ) ) ;
#2608 = ORIENTED_EDGE ( 'NONE', *, *, #2540, .T. ) ;
#2609 = EDGE_CURVE ( 'NONE', #3281, #206, #2992, .T. ) ;
#2610 = VECTOR ( 'NONE', #1231, 1000.000000000000000 ) ;
#2611 = ORIENTED_EDGE ( 'NONE', *, *, #590, .F. ) ;
#2612 = DIRECTION ( 'NONE',  ( 0.000000000000000000, 0.000000000000000000, 1.000000000000000000 ) ) ;
#2613 = AXIS2_PLACEMENT_3D ( 'NONE', #3575, #1057, #2000 ) ;
#2614 = CIRCLE ( 'NONE', #1821, 1.599999999999999867 ) ;
#2615 = CARTESIAN_POINT ( 'NONE',  ( 3.000000000000000000, 7.000000000000000000, 0.000000000000000000 ) ) ;
#2616 = AXIS2_PLACEMENT_3D ( 'NONE', #1349, #3843, #1017 ) ;
#2617 = EDGE_LOOP ( 'NONE', ( #1110, #1365, #3772, #274 ) ) ;
#2618 = AXIS2_PLACEMENT_3D ( 'NONE', #862, #4049, #3666 ) ;
#2619 = EDGE_LOOP ( 'NONE', ( #2319, #419, #346, #200 ) ) ;
#2620 = AXIS2_PLACEMENT_3D ( 'NONE', #1086, #3256, #1407 ) ;
#2621 = DIRECTION ( 'NONE',  ( 0.000000000000000000, -0.7308359642781160348, -0.6825531432186627834 ) ) ;
#2622 = ORIENTED_EDGE ( 'NONE', *, *, #1934, .F. ) ;
#2623 = CARTESIAN_POINT ( 'NONE',  ( 10.00000000000000000, 9.176914517988359776, -8.939729983592028972 ) ) ;
#2624 = EDGE_CURVE ( 'NONE', #3214, #3649, #2794, .T. ) ;
#2625 = EDGE_CURVE ( 'NONE', #4010, #2955, #2449, .T. ) ;
#2626 = DIRECTION ( 'NONE',  ( -1.000000000000000000, 0.000000000000000000, 0.000000000000000000 ) ) ;
#2627 = DIRECTION ( 'NONE',  ( 0.000000000000000000, -0.5195839500354231255, -0.8544194045464948983 ) ) ;
#2628 = CARTESIAN_POINT ( 'NONE',  ( 3.000000000000000000, 7.000000000000000000, 0.000000000000000000 ) ) ;
#2629 = DIRECTION ( 'NONE',  ( 0.000000000000000000, 0.000000000000000000, 1.000000000000000000 ) ) ;
#2630 = ADVANCED_FACE ( 'NONE', ( #2763 ), #1219, .F. ) ;
#2631 = ORIENTED_EDGE ( 'NONE', *, *, #2240, .T. ) ;
#2632 = DIRECTION ( 'NONE',  ( 0.000000000000000000, 0.000000000000000000, 1.000000000000000000 ) ) ;
#2633 = LINE ( 'NONE', #3809, #1262 ) ;
#2634 = ORIENTED_EDGE ( 'NONE', *, *, #166, .F. ) ;
#2635 = ORIENTED_EDGE ( 'NONE', *, *, #899, .F. ) ;
#2636 = LINE ( 'NONE', #103, #2531 ) ;
#2637 = FACE_OUTER_BOUND ( 'NONE', #1669, .T. ) ;
#2638 = VERTEX_POINT ( 'NONE', #3048 ) ;
#2639 = VECTOR ( 'NONE', #2687, 1000.000000000000000 ) ;
#2640 = ORIENTED_EDGE ( 'NONE', *, *, #1211, .F. ) ;
#2641 = DIRECTION ( 'NONE',  ( -1.000000000000000000, -0.000000000000000000, -0.000000000000000000 ) ) ;
#2642 = ORIENTED_EDGE ( 'NONE', *, *, #439, .T. ) ;
#2643 = DIRECTION ( 'NONE',  ( 0.000000000000000000, 0.000000000000000000, -1.000000000000000000 ) ) ;
#2644 = DIRECTION ( 'NONE',  ( 0.000000000000000000, 0.000000000000000000, 1.000000000000000000 ) ) ;
#2645 = CARTESIAN_POINT ( 'NONE',  ( 0.000000000000000000, 3.559569147089505226, -13.03064585091657968 ) ) ;
#2646 = ORIENTED_EDGE ( 'NONE', *, *, #2912, .F. ) ;
#2647 = DIRECTION ( 'NONE',  ( -1.000000000000000000, 0.000000000000000000, 0.000000000000000000 ) ) ;
#2648 = DIRECTION ( 'NONE',  ( 1.000000000000000000, -0.000000000000000000, -0.000000000000000000 ) ) ;
#2649 = ORIENTED_EDGE ( 'NONE', *, *, #1254, .F. ) ;
#2650 = VERTEX_POINT ( 'NONE', #3693 ) ;
#2651 = EDGE_CURVE ( 'NONE', #1727, #4033, #3995, .T. ) ;
#2652 = LINE ( 'NONE', #3916, #492 ) ;
#2653 = ORIENTED_EDGE ( 'NONE', *, *, #62, .F. ) ;
#2654 = EDGE_CURVE ( 'NONE', #271, #1672, #233, .T. ) ;
#2655 = CARTESIAN_POINT ( 'NONE',  ( 10.00000000000000000, 8.292634615677430432, -9.765589761036881811 ) ) ;
#2656 = ORIENTED_EDGE ( 'NONE', *, *, #1390, .T. ) ;
#2657 = DIRECTION ( 'NONE',  ( 0.000000000000000000, -0.3984010898462484462, 0.9172113015054500496 ) ) ;
#2658 = CYLINDRICAL_SURFACE ( 'NONE', #3151, 5.750000000000000000 ) ;
#2659 = CIRCLE ( 'NONE', #1282, 5.750000000000001776 ) ;
#2660 = AXIS2_PLACEMENT_3D ( 'NONE', #2735, #2097, #3758 ) ;
#2661 = CARTESIAN_POINT ( 'NONE',  ( 0.000000000000000000, 0.000000000000000000, 0.000000000000000000 ) ) ;
#2662 = ORIENTED_EDGE ( 'NONE', *, *, #3835, .F. ) ;
#2663 = CARTESIAN_POINT ( 'NONE',  ( 0.000000000000000000, 9.290514346019460135, 12.56292036854514116 ) ) ;
#2664 = LINE ( 'NONE', #3317, #1526 ) ;
#2665 = CIRCLE ( 'NONE', #1163, 3.000000000000000888 ) ;
#2666 = EDGE_LOOP ( 'NONE', ( #80, #2649, #3388, #3417 ) ) ;
#2667 = EDGE_LOOP ( 'NONE', ( #3643, #375, #3348, #436 ) ) ;
#2668 = VECTOR ( 'NONE', #3090, 1000.000000000000000 ) ;
#2669 = ADVANCED_FACE ( 'NONE', ( #2488 ), #2820, .T. ) ;
#2670 = EDGE_CURVE ( 'NONE', #829, #2792, #299, .T. ) ;
#2671 = DIRECTION ( 'NONE',  ( 0.000000000000000000, 0.000000000000000000, 1.000000000000000000 ) ) ;
#2672 = CIRCLE ( 'NONE', #3670, 5.749999999999999112 ) ;
#2673 = EDGE_CURVE ( 'NONE', #1558, #2833, #3712, .T. ) ;
#2674 = EDGE_CURVE ( 'NONE', #791, #2223, #3396, .T. ) ;
#2675 = CIRCLE ( 'NONE', #2407, 5.750000000000003553 ) ;
#2676 = CARTESIAN_POINT ( 'NONE',  ( 5.000000000000000000, -15.62118451506434980, -0.3452815464436004844 ) ) ;
#2677 = ORIENTED_EDGE ( 'NONE', *, *, #667, .F. ) ;
#2678 = CIRCLE ( 'NONE', #1366, 5.749999999999999112 ) ;
#2679 = AXIS2_PLACEMENT_3D ( 'NONE', #3794, #3134, #3813 ) ;
#2680 = AXIS2_PLACEMENT_3D ( 'NONE', #2941, #2962, #139 ) ;
#2681 = DIRECTION ( 'NONE',  ( 0.000000000000000000, 0.8169698930104392076, 0.5766803221148710801 ) ) ;
#2682 = DIRECTION ( 'NONE',  ( 0.000000000000000000, 0.000000000000000000, 1.000000000000000000 ) ) ;
#2683 = CIRCLE ( 'NONE', #2620, 5.750000000000002665 ) ;
#2684 = EDGE_LOOP ( 'NONE', ( #1584, #214, #2945, #3811 ) ) ;
#2685 = DIRECTION ( 'NONE',  ( 0.000000000000000000, 0.2697967711570245508, -0.9629172873477991335 ) ) ;
#2686 = ORIENTED_EDGE ( 'NONE', *, *, #3120, .F. ) ;
#2687 = DIRECTION ( 'NONE',  ( -1.000000000000000000, 0.000000000000000000, 0.000000000000000000 ) ) ;
#2688 = EDGE_CURVE ( 'NONE', #2252, #2804, #578, .T. ) ;
#2689 = AXIS2_PLACEMENT_3D ( 'NONE', #3428, #21, #3774 ) ;
#2690 = ORIENTED_EDGE ( 'NONE', *, *, #3961, .T. ) ;
#2691 = EDGE_CURVE ( 'NONE', #208, #3790, #2331, .T. ) ;
#2692 = CARTESIAN_POINT ( 'NONE',  ( -0.0009999999999992653654, 7.000000000000000000, 0.000000000000000000 ) ) ;
#2693 = CARTESIAN_POINT ( 'NONE',  ( 5.000000000000000000, 9.290514346019460135, 12.56292036854514116 ) ) ;
#2694 = CARTESIAN_POINT ( 'NONE',  ( 3.000000000000000000, -7.000000000000000000, 4.888073874380386697E-14 ) ) ;
#2695 = ORIENTED_EDGE ( 'NONE', *, *, #1966, .T. ) ;
#2696 = CIRCLE ( 'NONE', #2107, 1.599999999999999867 ) ;
#2697 = DIRECTION ( 'NONE',  ( 0.000000000000000000, -0.8169698930104470902, 0.5766803221148599778 ) ) ;
#2698 = DIRECTION ( 'NONE',  ( -1.000000000000000000, 0.000000000000000000, 0.000000000000000000 ) ) ;
#2699 = APPLICATION_PROTOCOL_DEFINITION ( 'draft international standard', 'automotive_design', 1998, #906 ) ;
#2700 = EDGE_CURVE ( 'NONE', #3595, #4000, #1872, .T. ) ;
#2701 = AXIS2_PLACEMENT_3D ( 'NONE', #671, #406, #2898 ) ;
#2702 = CYLINDRICAL_SURFACE ( 'NONE', #2021, 12.81150000000000055 ) ;
#2703 = FACE_OUTER_BOUND ( 'NONE', #70, .T. ) ;
#2704 = AXIS2_PLACEMENT_3D ( 'NONE', #3314, #754, #1720 ) ;
#2705 = VERTEX_POINT ( 'NONE', #1831 ) ;
#2706 = LINE ( 'NONE', #1111, #1244 ) ;
#2707 = CARTESIAN_POINT ( 'NONE',  ( 0.000000000000000000, -2.840164252701209868, -15.36470279626905011 ) ) ;
#2708 = EDGE_CURVE ( 'NONE', #3633, #1274, #35, .T. ) ;
#2709 = ORIENTED_EDGE ( 'NONE', *, *, #3639, .F. ) ;
#2710 = ORIENTED_EDGE ( 'NONE', *, *, #2051, .F. ) ;
#2711 = CARTESIAN_POINT ( 'NONE',  ( 0.000000000000000000, 3.673940397442060361E-16, -3.000000000000000000 ) ) ;
#2712 = ORIENTED_EDGE ( 'NONE', *, *, #1409, .T. ) ;
#2713 = DIRECTION ( 'NONE',  ( 0.000000000000000000, 0.000000000000000000, 1.000000000000000000 ) ) ;
#2714 = CARTESIAN_POINT ( 'NONE',  ( 10.00000000000000000, 13.20735115122741909, 2.915544254518559697 ) ) ;
#2715 = CARTESIAN_POINT ( 'NONE',  ( 10.00000000000000000, -11.49671979254296161, -5.653314626106629603 ) ) ;
#2716 = ORIENTED_EDGE ( 'NONE', *, *, #230, .T. ) ;
#2717 = FACE_OUTER_BOUND ( 'NONE', #341, .T. ) ;
#2718 = FACE_OUTER_BOUND ( 'NONE', #453, .T. ) ;
#2719 = CARTESIAN_POINT ( 'NONE',  ( 10.00000000000000000, 13.48231375170810153, 0.8339542585917989470 ) ) ;
#2720 = ORIENTED_EDGE ( 'NONE', *, *, #1792, .T. ) ;
#2721 = DIRECTION ( 'NONE',  ( -1.000000000000000000, 0.000000000000000000, 0.000000000000000000 ) ) ;
#2722 = EDGE_CURVE ( 'NONE', #3708, #1545, #2465, .T. ) ;
#2723 = VERTEX_POINT ( 'NONE', #1506 ) ;
#2724 = CARTESIAN_POINT ( 'NONE',  ( 10.00000000000000000, 7.332110811570580046E-14, 4.000000000000000000 ) ) ;
#2725 = ORIENTED_EDGE ( 'NONE', *, *, #2004, .T. ) ;
#2726 = CIRCLE ( 'NONE', #692, 5.750000000000000000 ) ;
#2727 = EDGE_LOOP ( 'NONE', ( #2100, #1190, #2589, #1101 ) ) ;
#2728 = ORIENTED_EDGE ( 'NONE', *, *, #3953, .F. ) ;
#2729 = CIRCLE ( 'NONE', #2267, 5.750000000000000000 ) ;
#2730 = EDGE_CURVE ( 'NONE', #2804, #2880, #1742, .T. ) ;
#2731 = DIRECTION ( 'NONE',  ( -1.000000000000000000, 0.000000000000000000, 0.000000000000000000 ) ) ;
#2732 = VERTEX_POINT ( 'NONE', #621 ) ;
#2733 = FACE_OUTER_BOUND ( 'NONE', #2593, .T. ) ;
#2734 = AXIS2_PLACEMENT_3D ( 'NONE', #150, #3609, #1398 ) ;
#2735 = CARTESIAN_POINT ( 'NONE',  ( 0.000000000000000000, 0.000000000000000000, 0.000000000000000000 ) ) ;
#2736 = DIRECTION ( 'NONE',  ( -1.000000000000000000, 0.000000000000000000, 0.000000000000000000 ) ) ;
#2737 = EDGE_CURVE ( 'NONE', #1337, #328, #1866, .T. ) ;
#2738 = DIRECTION ( 'NONE',  ( -1.000000000000000000, 0.000000000000000000, 0.000000000000000000 ) ) ;
#2739 = CARTESIAN_POINT ( 'NONE',  ( 0.000000000000000000, 0.000000000000000000, 0.000000000000000000 ) ) ;
#2740 = AXIS2_PLACEMENT_3D ( 'NONE', #3533, #1326, #1100 ) ;
#2741 = DIRECTION ( 'NONE',  ( -1.000000000000000000, 0.000000000000000000, 0.000000000000000000 ) ) ;
#2742 = CIRCLE ( 'NONE', #2807, 12.81150000000000766 ) ;
#2743 = DIRECTION ( 'NONE',  ( 0.000000000000000000, 0.000000000000000000, -1.000000000000000000 ) ) ;
#2744 = DIRECTION ( 'NONE',  ( -1.000000000000000000, 0.000000000000000000, 0.000000000000000000 ) ) ;
#2745 = CARTESIAN_POINT ( 'NONE',  ( 10.00000000000000000, 3.559569147089330254, 13.03064585091661876 ) ) ;
#2746 = VECTOR ( 'NONE', #3231, 1000.000000000000000 ) ;
#2747 = AXIS2_PLACEMENT_3D ( 'NONE', #2532, #1284, #3887 ) ;
#2748 = ADVANCED_FACE ( 'NONE', ( #1565 ), #2, .T. ) ;
#2749 = AXIS2_PLACEMENT_3D ( 'NONE', #2840, #849, #2432 ) ;
#2750 = CARTESIAN_POINT ( 'NONE',  ( 10.00000000000000000, -6.885648935156789996, -10.80381279881200030 ) ) ;
#2751 = ADVANCED_FACE ( 'NONE', ( #3495 ), #89, .T. ) ;
#2752 = AXIS2_PLACEMENT_3D ( 'NONE', #558, #2125, #259 ) ;
#2753 = DIRECTION ( 'NONE',  ( 0.000000000000000000, 0.000000000000000000, 1.000000000000000000 ) ) ;
#2754 = AXIS2_PLACEMENT_3D ( 'NONE', #3382, #2731, #574 ) ;
#2755 = DIRECTION ( 'NONE',  ( 0.000000000000000000, 0.000000000000000000, 1.000000000000000000 ) ) ;
#2756 = ADVANCED_FACE ( 'NONE', ( #3857 ), #3137, .T. ) ;
#2757 = ADVANCED_FACE ( 'NONE', ( #646 ), #1928, .T. ) ;
#2758 = ORIENTED_EDGE ( 'NONE', *, *, #867, .F. ) ;
#2759 = ORIENTED_EDGE ( 'NONE', *, *, #795, .T. ) ;
#2760 = DIRECTION ( 'NONE',  ( 0.000000000000000000, 0.000000000000000000, -1.000000000000000000 ) ) ;
#2761 = ORIENTED_EDGE ( 'NONE', *, *, #2799, .F. ) ;
#2762 = DIRECTION ( 'NONE',  ( -1.000000000000000000, 0.000000000000000000, 0.000000000000000000 ) ) ;
#2763 = FACE_OUTER_BOUND ( 'NONE', #2960, .T. ) ;
#2764 = CARTESIAN_POINT ( 'NONE',  ( 0.000000000000000000, -12.03388225800412137, -6.136280763248569414 ) ) ;
#2765 = ORIENTED_EDGE ( 'NONE', *, *, #3783, .T. ) ;
#2766 = CARTESIAN_POINT ( 'NONE',  ( 10.00000000000000000, 0.000000000000000000, 0.000000000000000000 ) ) ;
#2767 = DIRECTION ( 'NONE',  ( 0.000000000000000000, -0.2697967711570118943, -0.9629172873478027972 ) ) ;
#2768 = DIRECTION ( 'NONE',  ( 0.000000000000000000, 0.9976687691905389288, 0.06824241336467466723 ) ) ;
#2769 = CARTESIAN_POINT ( 'NONE',  ( 3.000000000000000000, -7.000000000000000000, 3.000000000000049294 ) ) ;
#2770 = CARTESIAN_POINT ( 'NONE',  ( 0.000000000000000000, 0.000000000000000000, 0.000000000000000000 ) ) ;
#2771 = CIRCLE ( 'NONE', #1327, 5.750000000000000000 ) ;
#2772 = DIRECTION ( 'NONE',  ( 1.000000000000000000, 0.000000000000000000, 0.000000000000000000 ) ) ;
#2773 = CIRCLE ( 'NONE', #1264, 12.81149999999999878 ) ;
#2774 = ORIENTED_EDGE ( 'NONE', *, *, #1221, .T. ) ;
#2775 = ORIENTED_EDGE ( 'NONE', *, *, #858, .T. ) ;
#2776 = CARTESIAN_POINT ( 'NONE',  ( 10.00000000000000000, 0.000000000000000000, 0.000000000000000000 ) ) ;
#2777 = CARTESIAN_POINT ( 'NONE',  ( 10.00000000000000000, 0.000000000000000000, 0.000000000000000000 ) ) ;
#2778 = CARTESIAN_POINT ( 'NONE',  ( 5.000000000000000000, 14.46548752452586051, 5.906800798891620019 ) ) ;
#2779 = EDGE_LOOP ( 'NONE', ( #110, #1958, #602, #2877 ) ) ;
#2780 = DIRECTION ( 'NONE',  ( 0.000000000000000000, -0.1361666490962539500, 0.9906859460363297565 ) ) ;
#2781 = EDGE_CURVE ( 'NONE', #1905, #2092, #3532, .T. ) ;
#2782 = DIRECTION ( 'NONE',  ( -1.000000000000000000, 0.000000000000000000, 0.000000000000000000 ) ) ;
#2783 = ORIENTED_EDGE ( 'NONE', *, *, #2279, .T. ) ;
#2784 = CARTESIAN_POINT ( 'NONE',  ( 10.00000000000000000, 5.462285525855421042, 12.35442028744980014 ) ) ;
#2785 = EDGE_CURVE ( 'NONE', #3062, #2431, #3791, .T. ) ;
#2786 = LINE ( 'NONE', #3778, #1883 ) ;
#2787 = CARTESIAN_POINT ( 'NONE',  ( 10.00000000000000000, 12.79720803224639880, 0.6049783710250079549 ) ) ;
#2788 = ORIENTED_EDGE ( 'NONE', *, *, #2871, .F. ) ;
#2789 = DIRECTION ( 'NONE',  ( -1.000000000000000000, 0.000000000000000000, 0.000000000000000000 ) ) ;
#2790 = ORIENTED_EDGE ( 'NONE', *, *, #1746, .T. ) ;
#2791 = LINE ( 'NONE', #2129, #765 ) ;
#2792 = VERTEX_POINT ( 'NONE', #2864 ) ;
#2793 = DIRECTION ( 'NONE',  ( -1.000000000000000000, 0.000000000000000000, 0.000000000000000000 ) ) ;
#2794 = CIRCLE ( 'NONE', #3263, 5.750000000000000888 ) ;
#2795 = ORIENTED_EDGE ( 'NONE', *, *, #1707, .F. ) ;
#2796 = DIRECTION ( 'NONE',  ( -1.000000000000000000, 0.000000000000000000, 0.000000000000000000 ) ) ;
#2797 = EDGE_CURVE ( 'NONE', #3981, #1149, #631, .T. ) ;
#2798 = CIRCLE ( 'NONE', #3463, 5.750000000000002665 ) ;
#2799 = EDGE_CURVE ( 'NONE', #414, #1169, #2891, .T. ) ;
#2800 = CIRCLE ( 'NONE', #497, 12.81150000000000766 ) ;
#2801 = CARTESIAN_POINT ( 'NONE',  ( 3.000000000000000000, 7.000000000000000000, 0.000000000000000000 ) ) ;
#2802 = ADVANCED_FACE ( 'NONE', ( #2717 ), #3097, .T. ) ;
#2803 = EDGE_CURVE ( 'NONE', #399, #3586, #433, .T. ) ;
#2804 = VERTEX_POINT ( 'NONE', #603 ) ;
#2805 = DIRECTION ( 'NONE',  ( -1.000000000000000000, 0.000000000000000000, 0.000000000000000000 ) ) ;
#2806 = DIRECTION ( 'NONE',  ( -1.000000000000000000, 0.000000000000000000, 0.000000000000000000 ) ) ;
#2807 = AXIS2_PLACEMENT_3D ( 'NONE', #958, #1576, #627 ) ;
#2808 = DIRECTION ( 'NONE',  ( 0.000000000000000000, 0.000000000000000000, 1.000000000000000000 ) ) ;
#2809 = AXIS2_PLACEMENT_3D ( 'NONE', #1015, #2325, #709 ) ;
#2810 = DIRECTION ( 'NONE',  ( 0.000000000000000000, 0.000000000000000000, 1.000000000000000000 ) ) ;
#2811 = CIRCLE ( 'NONE', #639, 5.749999999999999112 ) ;
#2812 = ORIENTED_EDGE ( 'NONE', *, *, #234, .T. ) ;
#2813 = VECTOR ( 'NONE', #3648, 1000.000000000000000 ) ;
#2814 = LINE ( 'NONE', #657, #2337 ) ;
#2815 = AXIS2_PLACEMENT_3D ( 'NONE', #1635, #2580, #48 ) ;
#2816 = VERTEX_POINT ( 'NONE', #1833 ) ;
#2817 = AXIS2_PLACEMENT_3D ( 'NONE', #3651, #157, #175 ) ;
#2818 = LINE ( 'NONE', #2503, #1618 ) ;
#2819 = CIRCLE ( 'NONE', #454, 5.750000000000003553 ) ;
#2820 = CYLINDRICAL_SURFACE ( 'NONE', #891, 5.750000000000000000 ) ;
#2821 = DIRECTION ( 'NONE',  ( 0.000000000000000000, 0.000000000000000000, 1.000000000000000000 ) ) ;
#2822 = DIRECTION ( 'NONE',  ( 1.000000000000000000, 0.000000000000000000, 0.000000000000000000 ) ) ;
#2823 = ORIENTED_EDGE ( 'NONE', *, *, #230, .F. ) ;
#2824 = AXIS2_PLACEMENT_3D ( 'NONE', #3158, #3468, #4052 ) ;
#2825 = CARTESIAN_POINT ( 'NONE',  ( 0.000000000000000000, -7.000000000000000000, -1.599999999999951239 ) ) ;
#2826 = DIRECTION ( 'NONE',  ( -1.000000000000000000, -0.000000000000000000, -0.000000000000000000 ) ) ;
#2827 = DIRECTION ( 'NONE',  ( 0.000000000000000000, 0.000000000000000000, 1.000000000000000000 ) ) ;
#2828 = EDGE_CURVE ( 'NONE', #678, #112, #3598, .T. ) ;
#2829 = DIRECTION ( 'NONE',  ( -1.000000000000000000, 0.000000000000000000, 0.000000000000000000 ) ) ;
#2830 = EDGE_LOOP ( 'NONE', ( #1796, #3856, #3006, #1543 ) ) ;
#2831 = PRESENTATION_STYLE_ASSIGNMENT (( #303 ) ) ;
#2832 = CIRCLE ( 'NONE', #1721, 3.000000000000000000 ) ;
#2833 = VERTEX_POINT ( 'NONE', #850 ) ;
#2834 = CARTESIAN_POINT ( 'NONE',  ( -10.00000000000000000, 0.000000000000000000, 0.000000000000000000 ) ) ;
#2835 = EDGE_LOOP ( 'NONE', ( #1157, #2709, #1322, #2656 ) ) ;
#2836 = EDGE_CURVE ( 'NONE', #2010, #3381, #2939, .T. ) ;
#2837 = AXIS2_PLACEMENT_3D ( 'NONE', #960, #3061, #2753 ) ;
#2838 = ORIENTED_EDGE ( 'NONE', *, *, #2785, .T. ) ;
#2839 = DIRECTION ( 'NONE',  ( -1.000000000000000000, 0.000000000000000000, 0.000000000000000000 ) ) ;
#2840 = CARTESIAN_POINT ( 'NONE',  ( -10.00000000000000000, 0.000000000000000000, 0.000000000000000000 ) ) ;
#2841 = DIRECTION ( 'NONE',  ( 0.000000000000000000, 0.000000000000000000, 1.000000000000000000 ) ) ;
#2842 = FACE_OUTER_BOUND ( 'NONE', #1323, .T. ) ;
#2843 = EDGE_LOOP ( 'NONE', ( #1674, #961, #1260, #1153 ) ) ;
#2844 = CARTESIAN_POINT ( 'NONE',  ( 10.00000000000000000, -3.729149491633989566, 12.98313166666529916 ) ) ;
#2845 = DIRECTION ( 'NONE',  ( 0.000000000000000000, 0.1361666490962399334, 0.9906859460363316439 ) ) ;
#2846 = CARTESIAN_POINT ( 'NONE',  ( 10.00000000000000000, 0.000000000000000000, 0.000000000000000000 ) ) ;
#2847 = DIRECTION ( 'NONE',  ( -1.000000000000000000, 0.000000000000000000, 0.000000000000000000 ) ) ;
#2848 = EDGE_CURVE ( 'NONE', #3595, #2723, #2729, .T. ) ;
#2849 = EDGE_CURVE ( 'NONE', #208, #871, #3727, .T. ) ;
#2850 = CARTESIAN_POINT ( 'NONE',  ( -0.0009999999999992653654, 7.000000000000000000, -1.600000000000000089 ) ) ;
#2851 = ORIENTED_EDGE ( 'NONE', *, *, #309, .F. ) ;
#2852 = EDGE_CURVE ( 'NONE', #2431, #3062, #169, .T. ) ;
#2853 = FACE_OUTER_BOUND ( 'NONE', #486, .T. ) ;
#2854 = VERTEX_POINT ( 'NONE', #2469 ) ;
#2855 = DIRECTION ( 'NONE',  ( 0.000000000000000000, 0.000000000000000000, -1.000000000000000000 ) ) ;
#2856 = ORIENTED_EDGE ( 'NONE', *, *, #1388, .T. ) ;
#2857 = ORIENTED_EDGE ( 'NONE', *, *, #3896, .F. ) ;
#2858 = AXIS2_PLACEMENT_3D ( 'NONE', #2141, #935, #1569 ) ;
#2859 = CARTESIAN_POINT ( 'NONE',  ( 0.000000000000000000, -15.62118451506434980, 0.3452815464433839909 ) ) ;
#2860 = DIRECTION ( 'NONE',  ( 0.000000000000000000, 0.000000000000000000, 1.000000000000000000 ) ) ;
#2861 = AXIS2_PLACEMENT_3D ( 'NONE', #996, #3511, #1632 ) ;
#2862 = DIRECTION ( 'NONE',  ( 0.000000000000000000, -0.3984010898462483352, 0.9172113015054499385 ) ) ;
#2863 = VERTEX_POINT ( 'NONE', #3741 ) ;
#2864 = CARTESIAN_POINT ( 'NONE',  ( 10.00000000000000000, -14.94875277203466091, 4.547022713884990353 ) ) ;
#2865 = CIRCLE ( 'NONE', #241, 5.750000000000000888 ) ;
#2866 = CARTESIAN_POINT ( 'NONE',  ( 10.00000000000000000, 0.7215507154582819771, 15.60833077446214823 ) ) ;
#2867 = VECTOR ( 'NONE', #345, 1000.000000000000000 ) ;
#2868 = DIRECTION ( 'NONE',  ( 0.000000000000000000, 0.000000000000000000, 1.000000000000000000 ) ) ;
#2869 = DIRECTION ( 'NONE',  ( 0.000000000000000000, 0.000000000000000000, -1.000000000000000000 ) ) ;
#2870 = ORIENTED_EDGE ( 'NONE', *, *, #686, .T. ) ;
#2871 = EDGE_CURVE ( 'NONE', #3096, #206, #1024, .T. ) ;
#2872 = EDGE_CURVE ( 'NONE', #2450, #905, #2466, .T. ) ;
#2873 = CIRCLE ( 'NONE', #2343, 5.750000000000000000 ) ;
#2874 = DIRECTION ( 'NONE',  ( -1.000000000000000000, 0.000000000000000000, 0.000000000000000000 ) ) ;
#2875 = CARTESIAN_POINT ( 'NONE',  ( 10.00000000000000000, -7.093669515771289902, -11.49556943374001960 ) ) ;
#2876 = VECTOR ( 'NONE', #3825, 1000.000000000000000 ) ;
#2877 = ORIENTED_EDGE ( 'NONE', *, *, #338, .T. ) ;
#2878 = CARTESIAN_POINT ( 'NONE',  ( 10.00000000000000000, -13.16764042189655903, -8.411532007882719597 ) ) ;
#2879 = AXIS2_PLACEMENT_3D ( 'NONE', #2959, #377, #767 ) ;
#2880 = VERTEX_POINT ( 'NONE', #215 ) ;
#2881 = AXIS2_PLACEMENT_3D ( 'NONE', #3888, #1985, #1330 ) ;
#2882 = ORIENTED_EDGE ( 'NONE', *, *, #1341, .F. ) ;
#2883 = AXIS2_PLACEMENT_3D ( 'NONE', #115, #1936, #2627 ) ;
#2884 = DIRECTION ( 'NONE',  ( 0.000000000000000000, -0.5195839500354229035, -0.8544194045464948983 ) ) ;
#2885 = CIRCLE ( 'NONE', #1116, 12.81150000000000055 ) ;
#2886 = CARTESIAN_POINT ( 'NONE',  ( 3.000000000000000000, 7.332110811570580046E-14, 5.400000000000000355 ) ) ;
#2887 = CARTESIAN_POINT ( 'NONE',  ( 10.00000000000000000, 0.000000000000000000, 0.000000000000000000 ) ) ;
#2888 = DIRECTION ( 'NONE',  ( 1.000000000000000000, 0.000000000000000000, 0.000000000000000000 ) ) ;
#2889 = ORIENTED_EDGE ( 'NONE', *, *, #1595, .F. ) ;
#2890 = ORIENTED_EDGE ( 'NONE', *, *, #2848, .F. ) ;
#2891 = LINE ( 'NONE', #72, #1228 ) ;
#2892 = ORIENTED_EDGE ( 'NONE', *, *, #93, .T. ) ;
#2893 = ADVANCED_FACE ( 'NONE', ( #1463 ), #3976, .T. ) ;
#2894 = CARTESIAN_POINT ( 'NONE',  ( 10.00000000000000000, 12.75735481870603927, -4.440513690391989954 ) ) ;
#2895 = LINE ( 'NONE', #3513, #383 ) ;
#2896 = CARTESIAN_POINT ( 'NONE',  ( 0.000000000000000000, -3.516283588487755463, 15.22420358262894879 ) ) ;
#2897 = CYLINDRICAL_SURFACE ( 'NONE', #3414, 15.62500000000000000 ) ;
#2898 = DIRECTION ( 'NONE',  ( 0.000000000000000000, 0.8169698930104392076, 0.5766803221148710801 ) ) ;
#2899 = AXIS2_PLACEMENT_3D ( 'NONE', #3260, #1729, #1710 ) ;
#2900 = DIRECTION ( 'NONE',  ( 0.000000000000000000, 0.000000000000000000, 1.000000000000000000 ) ) ;
#2901 = ORIENTED_EDGE ( 'NONE', *, *, #1447, .T. ) ;
#2902 = FACE_OUTER_BOUND ( 'NONE', #245, .T. ) ;
#2903 = DIRECTION ( 'NONE',  ( 0.000000000000000000, 0.000000000000000000, 1.000000000000000000 ) ) ;
#2904 = VERTEX_POINT ( 'NONE', #2123 ) ;
#2905 = CIRCLE ( 'NONE', #1133, 12.81150000000000055 ) ;
#2906 = ORIENTED_EDGE ( 'NONE', *, *, #3296, .F. ) ;
#2907 = DIRECTION ( 'NONE',  ( 0.000000000000000000, 0.000000000000000000, 1.000000000000000000 ) ) ;
#2908 = LINE ( 'NONE', #972, #2506 ) ;
#2909 = AXIS2_PLACEMENT_3D ( 'NONE', #382, #28, #1638 ) ;
#2910 = DIRECTION ( 'NONE',  ( 1.000000000000000000, 0.000000000000000000, 0.000000000000000000 ) ) ;
#2911 = FACE_BOUND ( 'NONE', #816, .T. ) ;
#2912 = EDGE_CURVE ( 'NONE', #4033, #1334, #2798, .T. ) ;
#2913 = AXIS2_PLACEMENT_3D ( 'NONE', #1794, #3725, #1515 ) ;
#2914 = ORIENTED_EDGE ( 'NONE', *, *, #5, .F. ) ;
#2915 = ORIENTED_EDGE ( 'NONE', *, *, #1808, .F. ) ;
#2916 = CARTESIAN_POINT ( 'NONE',  ( 10.00000000000000000, 0.000000000000000000, 0.000000000000000000 ) ) ;
#2917 = ORIENTED_EDGE ( 'NONE', *, *, #3322, .F. ) ;
#2918 = CARTESIAN_POINT ( 'NONE',  ( 10.00000000000000000, -1.476880387257530236, -12.72608960253440102 ) ) ;
#2919 = EDGE_CURVE ( 'NONE', #2833, #3403, #3854, .T. ) ;
#2920 = DIRECTION ( 'NONE',  ( -1.000000000000000000, 0.000000000000000000, 0.000000000000000000 ) ) ;
#2921 = CARTESIAN_POINT ( 'NONE',  ( 10.00000000000000000, -6.880190462054130762, 14.02867079255405969 ) ) ;
#2922 = CARTESIAN_POINT ( 'NONE',  ( -10.00000000000000000, 0.000000000000000000, 0.000000000000000000 ) ) ;
#2923 = ORIENTED_EDGE ( 'NONE', *, *, #742, .T. ) ;
#2924 = DIRECTION ( 'NONE',  ( 0.000000000000000000, 0.000000000000000000, -1.000000000000000000 ) ) ;
#2925 = CARTESIAN_POINT ( 'NONE',  ( 10.00000000000000000, 3.559569147089505226, -13.03064585091657968 ) ) ;
#2926 = ORIENTED_EDGE ( 'NONE', *, *, #2919, .T. ) ;
#2927 = ORIENTED_EDGE ( 'NONE', *, *, #2688, .T. ) ;
#2928 = EDGE_CURVE ( 'NONE', #2114, #3544, #1481, .T. ) ;
#2929 = FACE_BOUND ( 'NONE', #1768, .T. ) ;
#2930 = EDGE_CURVE ( 'NONE', #3705, #4010, #235, .T. ) ;
#2931 = MANIFOLD_SOLID_BREP ( 'Bore[1]', #922 ) ;
#2932 = EDGE_LOOP ( 'NONE', ( #3266, #4, #592, #4026 ) ) ;
#2933 = ORIENTED_EDGE ( 'NONE', *, *, #1911, .F. ) ;
#2934 = EDGE_CURVE ( 'NONE', #1564, #471, #369, .T. ) ;
#2935 = EDGE_CURVE ( 'NONE', #2638, #1788, #3922, .T. ) ;
#2936 = CARTESIAN_POINT ( 'NONE',  ( 10.00000000000000000, 10.61984581506632175, 7.166129158354469730 ) ) ;
#2937 = EDGE_LOOP ( 'NONE', ( #3674, #1703, #2458, #2382 ) ) ;
#2938 = CARTESIAN_POINT ( 'NONE',  ( 0.000000000000000000, 0.000000000000000000, 0.000000000000000000 ) ) ;
#2939 = CIRCLE ( 'NONE', #3982, 12.81150000000000055 ) ;
#2940 = CYLINDRICAL_SURFACE ( 'NONE', #3078, 5.750000000000000000 ) ;
#2941 = CARTESIAN_POINT ( 'NONE',  ( 0.000000000000000000, 0.000000000000000000, 0.000000000000000000 ) ) ;
#2942 = CYLINDRICAL_SURFACE ( 'NONE', #1528, 15.62500000000000000 ) ;
#2943 =( GEOMETRIC_REPRESENTATION_CONTEXT ( 3 ) GLOBAL_UNCERTAINTY_ASSIGNED_CONTEXT ( ( #1420 ) ) GLOBAL_UNIT_ASSIGNED_CONTEXT ( ( #15, #2516, #3124 ) ) REPRESENTATION_CONTEXT ( 'NONE', 'WORKASPACE' ) );
#2944 = DIRECTION ( 'NONE',  ( -1.000000000000000000, 0.000000000000000000, 0.000000000000000000 ) ) ;
#2945 = ORIENTED_EDGE ( 'NONE', *, *, #3433, .T. ) ;
#2946 = CARTESIAN_POINT ( 'NONE',  ( 10.00000000000000000, 7.000000000000000000, 0.000000000000000000 ) ) ;
#2947 = CYLINDRICAL_SURFACE ( 'NONE', #529, 5.750000000000000000 ) ;
#2948 = ORIENTED_EDGE ( 'NONE', *, *, #218, .F. ) ;
#2949 = CIRCLE ( 'NONE', #1624, 15.62500000000000000 ) ;
#2950 = ORIENTED_EDGE ( 'NONE', *, *, #3858, .T. ) ;
#2951 = AXIS2_PLACEMENT_3D ( 'NONE', #2894, #3248, #2621 ) ;
#2952 = AXIS2_PLACEMENT_3D ( 'NONE', #2310, #714, #1311 ) ;
#2953 = AXIS2_PLACEMENT_3D ( 'NONE', #751, #3860, #2346 ) ;
#2954 = LINE ( 'NONE', #167, #1930 ) ;
#2955 = VERTEX_POINT ( 'NONE', #1941 ) ;
#2956 = CIRCLE ( 'NONE', #1185, 5.749999999999999112 ) ;
#2957 = ORIENTED_EDGE ( 'NONE', *, *, #1795, .F. ) ;
#2958 = VECTOR ( 'NONE', #1825, 1000.000000000000000 ) ;
#2959 = CARTESIAN_POINT ( 'NONE',  ( 10.00000000000000000, -8.456300558606130835, 10.53371941279235990 ) ) ;
#2960 = EDGE_LOOP ( 'NONE', ( #1854, #3379, #3681, #1645 ) ) ;
#2961 = CARTESIAN_POINT ( 'NONE',  ( 0.000000000000000000, -9.932084523302840751, 9.155433404644988116 ) ) ;
#2962 = DIRECTION ( 'NONE',  ( -1.000000000000000000, 0.000000000000000000, 0.000000000000000000 ) ) ;
#2963 = LINE ( 'NONE', #1083, #413 ) ;
#2964 = DIRECTION ( 'NONE',  ( -1.000000000000000000, 0.000000000000000000, 0.000000000000000000 ) ) ;
#2965 = EDGE_CURVE ( 'NONE', #3642, #760, #1939, .T. ) ;
#2966 = VERTEX_POINT ( 'NONE', #3148 ) ;
#2967 = CARTESIAN_POINT ( 'NONE',  ( 10.00000000000000000, -13.47029551076155940, -1.009654722010389971 ) ) ;
#2968 = DIRECTION ( 'NONE',  ( -1.000000000000000000, 0.000000000000000000, 0.000000000000000000 ) ) ;
#2969 = VERTEX_POINT ( 'NONE', #2193 ) ;
#2970 = ORIENTED_EDGE ( 'NONE', *, *, #892, .T. ) ;
#2971 = CARTESIAN_POINT ( 'NONE',  ( 10.00000000000000000, 12.79720803224639880, -0.6049783710250069557 ) ) ;
#2972 = ADVANCED_FACE ( 'NONE', ( #2853 ), #2250, .T. ) ;
#2973 = DIRECTION ( 'NONE',  ( -1.000000000000000000, 0.000000000000000000, 0.000000000000000000 ) ) ;
#2974 = ORIENTED_EDGE ( 'NONE', *, *, #4034, .T. ) ;
#2975 = ORIENTED_EDGE ( 'NONE', *, *, #3180, .F. ) ;
#2976 = DIRECTION ( 'NONE',  ( 0.000000000000000000, 0.000000000000000000, -1.000000000000000000 ) ) ;
#2977 = VERTEX_POINT ( 'NONE', #1861 ) ;
#2978 = VECTOR ( 'NONE', #2439, 1000.000000000000000 ) ;
#2979 = CARTESIAN_POINT ( 'NONE',  ( 0.000000000000000000, 0.000000000000000000, 0.000000000000000000 ) ) ;
#2980 = CARTESIAN_POINT ( 'NONE',  ( -0.0009999999999992653654, -7.000000000000000000, -1.599999999999951239 ) ) ;
#2981 = DIRECTION ( 'NONE',  ( -1.000000000000000000, 0.000000000000000000, 0.000000000000000000 ) ) ;
#2982 = VECTOR ( 'NONE', #1277, 1000.000000000000000 ) ;
#2983 = EDGE_CURVE ( 'NONE', #572, #1961, #825, .T. ) ;
#2984 = CARTESIAN_POINT ( 'NONE',  ( 0.000000000000000000, -13.16764042189655903, -8.411532007882719597 ) ) ;
#2985 = EDGE_CURVE ( 'NONE', #2209, #3104, #2814, .T. ) ;
#2986 = ORIENTED_EDGE ( 'NONE', *, *, #3960, .T. ) ;
#2987 = FACE_OUTER_BOUND ( 'NONE', #1682, .T. ) ;
#2988 = CYLINDRICAL_SURFACE ( 'NONE', #3568, 3.000000000000000000 ) ;
#2989 = ORIENTED_EDGE ( 'NONE', *, *, #620, .F. ) ;
#2990 = EDGE_CURVE ( 'NONE', #3664, #1402, #2665, .T. ) ;
#2991 = ORIENTED_EDGE ( 'NONE', *, *, #1955, .F. ) ;
#2992 = LINE ( 'NONE', #1186, #3917 ) ;
#2993 = CARTESIAN_POINT ( 'NONE',  ( -0.0009999999999992653654, -7.000000000000000000, 1.600000000000048939 ) ) ;
#2994 = VERTEX_POINT ( 'NONE', #54 ) ;
#2995 = LINE ( 'NONE', #1487, #1503 ) ;
#2996 = LINE ( 'NONE', #2080, #3935 ) ;
#2997 = CIRCLE ( 'NONE', #3652, 12.81150000000000233 ) ;
#2998 = CARTESIAN_POINT ( 'NONE',  ( 10.00000000000000000, -7.000000000000000000, 3.000000000000049294 ) ) ;
#2999 = DIRECTION ( 'NONE',  ( -1.000000000000000000, 0.000000000000000000, 0.000000000000000000 ) ) ;
#3000 = COLOUR_RGB ( '',0.7921568627450980005, 0.8196078431372548767, 0.9333333333333333481 ) ;
#3001 = DIRECTION ( 'NONE',  ( -1.000000000000000000, 0.000000000000000000, 0.000000000000000000 ) ) ;
#3002 = DIRECTION ( 'NONE',  ( -1.000000000000000000, 0.000000000000000000, 0.000000000000000000 ) ) ;
#3003 = LINE ( 'NONE', #1738, #2639 ) ;
#3004 = EDGE_CURVE ( 'NONE', #3462, #1847, #3132, .T. ) ;
#3005 = AXIS2_PLACEMENT_3D ( 'NONE', #1540, #1843, #2755 ) ;
#3006 = ORIENTED_EDGE ( 'NONE', *, *, #421, .F. ) ;
#3007 = VERTEX_POINT ( 'NONE', #632 ) ;
#3008 = FACE_OUTER_BOUND ( 'NONE', #814, .T. ) ;
#3009 = CARTESIAN_POINT ( 'NONE',  ( 10.00000000000000000, 13.48231375170810153, 0.8339542585917989470 ) ) ;
#3010 = AXIS2_PLACEMENT_3D ( 'NONE', #25, #1281, #2554 ) ;
#3011 = EDGE_CURVE ( 'NONE', #964, #791, #2865, .T. ) ;
#3012 = CARTESIAN_POINT ( 'NONE',  ( 10.00000000000000000, 13.48231375170810153, 0.8339542585917989470 ) ) ;
#3013 = ORIENTED_EDGE ( 'NONE', *, *, #1206, .F. ) ;
#3014 = CIRCLE ( 'NONE', #1758, 15.62500000000000000 ) ;
#3015 = AXIS2_PLACEMENT_3D ( 'NONE', #993, #1302, #1278 ) ;
#3016 = DIRECTION ( 'NONE',  ( 0.000000000000000000, 0.000000000000000000, 1.000000000000000000 ) ) ;
#3017 = FACE_OUTER_BOUND ( 'NONE', #1052, .T. ) ;
#3018 = CARTESIAN_POINT ( 'NONE',  ( 0.000000000000000000, 0.000000000000000000, 0.000000000000000000 ) ) ;
#3019 = EDGE_CURVE ( 'NONE', #2324, #2135, #2800, .T. ) ;
#3020 = CIRCLE ( 'NONE', #1248, 15.62500000000000000 ) ;
#3021 = EDGE_LOOP ( 'NONE', ( #181, #3259, #3928, #2072 ) ) ;
#3022 = DIRECTION ( 'NONE',  ( -1.000000000000000000, 0.000000000000000000, 0.000000000000000000 ) ) ;
#3023 = ORIENTED_EDGE ( 'NONE', *, *, #815, .F. ) ;
#3024 = DIRECTION ( 'NONE',  ( 1.000000000000000000, -0.000000000000000000, -0.000000000000000000 ) ) ;
#3025 = EDGE_LOOP ( 'NONE', ( #3502, #147, #1969, #2775 ) ) ;
#3026 = AXIS2_PLACEMENT_3D ( 'NONE', #3072, #2120, #3052 ) ;
#3027 = VERTEX_POINT ( 'NONE', #3868 ) ;
#3028 = ORIENTED_EDGE ( 'NONE', *, *, #2781, .T. ) ;
#3029 = CARTESIAN_POINT ( 'NONE',  ( 10.00000000000000000, 1.926546458205234957, -13.36999186795929973 ) ) ;
#3030 = DIRECTION ( 'NONE',  ( -1.000000000000000000, 0.000000000000000000, 0.000000000000000000 ) ) ;
#3031 = CARTESIAN_POINT ( 'NONE',  ( 10.00000000000000000, -3.729149491633809710, -12.98313166666534002 ) ) ;
#3032 = ORIENTED_EDGE ( 'NONE', *, *, #1148, .T. ) ;
#3033 = EDGE_CURVE ( 'NONE', #3836, #3968, #3070, .T. ) ;
#3034 = VECTOR ( 'NONE', #3848, 1000.000000000000000 ) ;
#3035 = CARTESIAN_POINT ( 'NONE',  ( 10.00000000000000000, -13.24318199697760079, 2.662028249258294732 ) ) ;
#3036 = CYLINDRICAL_SURFACE ( 'NONE', #130, 15.62500000000000000 ) ;
#3037 = CIRCLE ( 'NONE', #532, 5.749999999999999112 ) ;
#3038 = DIRECTION ( 'NONE',  ( 0.000000000000000000, 0.000000000000000000, -1.000000000000000000 ) ) ;
#3039 = EDGE_CURVE ( 'NONE', #2833, #2994, #4047, .T. ) ;
#3040 = LINE ( 'NONE', #1087, #3951 ) ;
#3041 = ORIENTED_EDGE ( 'NONE', *, *, #561, .T. ) ;
#3042 = ORIENTED_EDGE ( 'NONE', *, *, #2836, .T. ) ;
#3043 = EDGE_LOOP ( 'NONE', ( #2690, #2001, #2093, #3992 ) ) ;
#3044 = CARTESIAN_POINT ( 'NONE',  ( 3.000000000000000000, -2.444036937190193349E-14, -7.000000000000000000 ) ) ;
#3045 = DIRECTION ( 'NONE',  ( 1.000000000000000000, -0.000000000000000000, -0.000000000000000000 ) ) ;
#3046 = VERTEX_POINT ( 'NONE', #1769 ) ;
#3047 = LINE ( 'NONE', #1158, #2074 ) ;
#3048 = CARTESIAN_POINT ( 'NONE',  ( 0.000000000000000000, -11.97876787724250036, -4.543528627965640609 ) ) ;
#3049 = ADVANCED_FACE ( 'NONE', ( #2733 ), #1184, .T. ) ;
#3050 = EDGE_CURVE ( 'NONE', #3970, #1483, #3731, .T. ) ;
#3051 = DIRECTION ( 'NONE',  ( -1.000000000000000000, 0.000000000000000000, 0.000000000000000000 ) ) ;
#3052 = DIRECTION ( 'NONE',  ( 0.000000000000000000, 0.000000000000000000, -1.000000000000000000 ) ) ;
#3053 = CARTESIAN_POINT ( 'NONE',  ( -10.00000000000000000, 0.000000000000000000, 0.000000000000000000 ) ) ;
#3054 = CARTESIAN_POINT ( 'NONE',  ( 0.000000000000000000, 0.000000000000000000, 0.000000000000000000 ) ) ;
#3055 = DIRECTION ( 'NONE',  ( 0.000000000000000000, 0.000000000000000000, -1.000000000000000000 ) ) ;
#3056 = EDGE_CURVE ( 'NONE', #1003, #2184, #1230, .T. ) ;
#3057 = EDGE_CURVE ( 'NONE', #3249, #3838, #3692, .T. ) ;
#3058 = ORIENTED_EDGE ( 'NONE', *, *, #1411, .T. ) ;
#3059 = FACE_OUTER_BOUND ( 'NONE', #3506, .T. ) ;
#3060 = AXIS2_PLACEMENT_3D ( 'NONE', #3321, #786, #2671 ) ;
#3061 = DIRECTION ( 'NONE',  ( -1.000000000000000000, 0.000000000000000000, 0.000000000000000000 ) ) ;
#3062 = VERTEX_POINT ( 'NONE', #2401 ) ;
#3063 = ORIENTED_EDGE ( 'NONE', *, *, #2934, .T. ) ;
#3064 = CARTESIAN_POINT ( 'NONE',  ( 3.000000000000000000, -7.000000000000000000, 4.888073874380386697E-14 ) ) ;
#3065 = VECTOR ( 'NONE', #883, 1000.000000000000000 ) ;
#3066 = DIRECTION ( 'NONE',  ( 0.000000000000000000, 0.000000000000000000, -1.000000000000000000 ) ) ;
#3067 = ORIENTED_EDGE ( 'NONE', *, *, #1933, .T. ) ;
#3068 = CARTESIAN_POINT ( 'NONE',  ( 5.000000000000000000, -6.880190462054130762, 14.02867079255405969 ) ) ;
#3069 = DIRECTION ( 'NONE',  ( 0.000000000000000000, 0.000000000000000000, 1.000000000000000000 ) ) ;
#3070 = LINE ( 'NONE', #3068, #3272 ) ;
#3071 = DIRECTION ( 'NONE',  ( -1.000000000000000000, 0.000000000000000000, 0.000000000000000000 ) ) ;
#3072 = CARTESIAN_POINT ( 'NONE',  ( 0.000000000000000000, 6.943196843910169669, 11.58707389255961928 ) ) ;
#3073 = CIRCLE ( 'NONE', #1301, 12.81149999999999878 ) ;
#3074 = DIRECTION ( 'NONE',  ( 0.000000000000000000, 0.000000000000000000, -1.000000000000000000 ) ) ;
#3075 = CARTESIAN_POINT ( 'NONE',  ( 0.000000000000000000, 9.176914517988240760, 8.939729983592158646 ) ) ;
#3076 = CARTESIAN_POINT ( 'NONE',  ( 0.000000000000000000, -6.885648935156940098, 10.80381279881190082 ) ) ;
#3077 = AXIS2_PLACEMENT_3D ( 'NONE', #154, #533, #1508 ) ;
#3078 = AXIS2_PLACEMENT_3D ( 'NONE', #114, #76, #1369 ) ;
#3079 = AXIS2_PLACEMENT_3D ( 'NONE', #1475, #903, #3066 ) ;
#3080 = DIRECTION ( 'NONE',  ( -1.000000000000000000, 0.000000000000000000, 0.000000000000000000 ) ) ;
#3081 = AXIS2_PLACEMENT_3D ( 'NONE', #1180, #2424, #3689 ) ;
#3082 = FACE_OUTER_BOUND ( 'NONE', #3308, .T. ) ;
#3083 = AXIS2_PLACEMENT_3D ( 'NONE', #4037, #3390, #1533 ) ;
#3084 = ORIENTED_EDGE ( 'NONE', *, *, #846, .T. ) ;
#3085 = DIRECTION ( 'NONE',  ( 0.000000000000000000, 0.000000000000000000, 1.000000000000000000 ) ) ;
#3086 = EDGE_CURVE ( 'NONE', #3258, #502, #3047, .T. ) ;
#3087 = ORIENTED_EDGE ( 'NONE', *, *, #3057, .T. ) ;
#3088 = ORIENTED_EDGE ( 'NONE', *, *, #60, .F. ) ;
#3089 = DIRECTION ( 'NONE',  ( -1.000000000000000000, -0.000000000000000000, -0.000000000000000000 ) ) ;
#3090 = DIRECTION ( 'NONE',  ( -1.000000000000000000, 0.000000000000000000, 0.000000000000000000 ) ) ;
#3091 = CARTESIAN_POINT ( 'NONE',  ( 10.00000000000000000, -2.444036937190193349E-14, -7.000000000000000000 ) ) ;
#3092 = EDGE_LOOP ( 'NONE', ( #637, #1099 ) ) ;
#3093 = AXIS2_PLACEMENT_3D ( 'NONE', #3177, #1852, #2860 ) ;
#3094 = CARTESIAN_POINT ( 'NONE',  ( 0.000000000000000000, 0.000000000000000000, 0.000000000000000000 ) ) ;
#3095 = ADVANCED_FACE ( 'NONE', ( #1504 ), #865, .T. ) ;
#3096 = VERTEX_POINT ( 'NONE', #249 ) ;
#3097 = CYLINDRICAL_SURFACE ( 'NONE', #3918, 15.62500000000000000 ) ;
#3098 = DIRECTION ( 'NONE',  ( 0.000000000000000000, 0.000000000000000000, 1.000000000000000000 ) ) ;
#3099 = DIRECTION ( 'NONE',  ( 0.000000000000000000, 0.000000000000000000, 1.000000000000000000 ) ) ;
#3100 = LINE ( 'NONE', #2787, #2610 ) ;
#3101 = ORIENTED_EDGE ( 'NONE', *, *, #2674, .T. ) ;
#3102 = DIRECTION ( 'NONE',  ( 0.000000000000000000, -0.9976687691905399280, 0.06824241336466067842 ) ) ;
#3103 = CIRCLE ( 'NONE', #598, 5.750000000000000000 ) ;
#3104 = VERTEX_POINT ( 'NONE', #4015 ) ;
#3105 = EDGE_CURVE ( 'NONE', #3232, #2159, #3401, .T. ) ;
#3106 = CARTESIAN_POINT ( 'NONE',  ( 10.00000000000000000, -1.476880387257530236, -12.72608960253440102 ) ) ;
#3107 = EDGE_CURVE ( 'NONE', #3155, #1858, #1095, .T. ) ;
#3108 = ORIENTED_EDGE ( 'NONE', *, *, #1459, .F. ) ;
#3109 = ORIENTED_EDGE ( 'NONE', *, *, #2547, .T. ) ;
#3110 = DIRECTION ( 'NONE',  ( -1.000000000000000000, 0.000000000000000000, 0.000000000000000000 ) ) ;
#3111 = DIRECTION ( 'NONE',  ( 0.000000000000000000, 0.000000000000000000, 1.000000000000000000 ) ) ;
#3112 = EDGE_CURVE ( 'NONE', #3146, #1900, #3751, .T. ) ;
#3113 = ORIENTED_EDGE ( 'NONE', *, *, #2803, .F. ) ;
#3114 = DIRECTION ( 'NONE',  ( 1.000000000000000000, -0.000000000000000000, -0.000000000000000000 ) ) ;
#3115 = DIRECTION ( 'NONE',  ( -1.000000000000000000, 0.000000000000000000, 0.000000000000000000 ) ) ;
#3116 = ORIENTED_EDGE ( 'NONE', *, *, #2437, .T. ) ;
#3117 = CARTESIAN_POINT ( 'NONE',  ( 0.000000000000000000, 0.000000000000000000, 0.000000000000000000 ) ) ;
#3118 = DIRECTION ( 'NONE',  ( -1.000000000000000000, 0.000000000000000000, 0.000000000000000000 ) ) ;
#3119 = DIRECTION ( 'NONE',  ( -1.000000000000000000, 0.000000000000000000, 0.000000000000000000 ) ) ;
#3120 = EDGE_CURVE ( 'NONE', #1954, #467, #1028, .T. ) ;
#3121 = DIRECTION ( 'NONE',  ( 0.000000000000000000, 0.000000000000000000, 1.000000000000000000 ) ) ;
#3122 = LINE ( 'NONE', #300, #605 ) ;
#3123 = VERTEX_POINT ( 'NONE', #3106 ) ;
#3124 =( NAMED_UNIT ( * ) SI_UNIT ( $, .STERADIAN. ) SOLID_ANGLE_UNIT ( ) );
#3125 = EDGE_CURVE ( 'NONE', #983, #661, #2791, .T. ) ;
#3126 = ORIENTED_EDGE ( 'NONE', *, *, #769, .T. ) ;
#3127 = DIRECTION ( 'NONE',  ( -1.000000000000000000, 0.000000000000000000, 0.000000000000000000 ) ) ;
#3128 = AXIS2_PLACEMENT_3D ( 'NONE', #1976, #682, #643 ) ;
#3129 = ORIENTED_EDGE ( 'NONE', *, *, #2609, .F. ) ;
#3130 = CARTESIAN_POINT ( 'NONE',  ( 5.000000000000000000, 1.410503946387249741, 15.56120508242294953 ) ) ;
#3131 = AXIS2_PLACEMENT_3D ( 'NONE', #1546, #2796, #931 ) ;
#3132 = CIRCLE ( 'NONE', #563, 15.62500000000000000 ) ;
#3133 = CARTESIAN_POINT ( 'NONE',  ( 10.00000000000000000, 11.89962618115369963, 10.12618001759801878 ) ) ;
#3134 = DIRECTION ( 'NONE',  ( -1.000000000000000000, 0.000000000000000000, 0.000000000000000000 ) ) ;
#3135 = EDGE_CURVE ( 'NONE', #3146, #3462, #2402, .T. ) ;
#3136 = VERTEX_POINT ( 'NONE', #570 ) ;
#3137 = CYLINDRICAL_SURFACE ( 'NONE', #822, 5.750000000000000000 ) ;
#3138 = DIRECTION ( 'NONE',  ( -1.000000000000000000, 0.000000000000000000, 0.000000000000000000 ) ) ;
#3139 = DIRECTION ( 'NONE',  ( -1.000000000000000000, 0.000000000000000000, 0.000000000000000000 ) ) ;
#3140 = AXIS2_PLACEMENT_3D ( 'NONE', #3602, #3332, #1429 ) ;
#3141 = DIRECTION ( 'NONE',  ( -1.000000000000000000, 0.000000000000000000, 0.000000000000000000 ) ) ;
#3142 = AXIS2_PLACEMENT_3D ( 'NONE', #625, #3430, #4057 ) ;
#3143 = EDGE_CURVE ( 'NONE', #1823, #3123, #3335, .T. ) ;
#3144 = CARTESIAN_POINT ( 'NONE',  ( 0.000000000000000000, 14.19036643571210021, 6.540193072090120019 ) ) ;
#3145 = AXIS2_PLACEMENT_3D ( 'NONE', #2289, #3560, #733 ) ;
#3146 = VERTEX_POINT ( 'NONE', #2441 ) ;
#3147 = CIRCLE ( 'NONE', #1756, 1.600000000000000089 ) ;
#3148 = CARTESIAN_POINT ( 'NONE',  ( 10.00000000000000000, -3.516283588487544964, -15.22420358262899853 ) ) ;
#3149 = AXIS2_PLACEMENT_3D ( 'NONE', #2031, #1611, #2868 ) ;
#3150 = ORIENTED_EDGE ( 'NONE', *, *, #3768, .T. ) ;
#3151 = AXIS2_PLACEMENT_3D ( 'NONE', #198, #2698, #585 ) ;
#3152 = DIRECTION ( 'NONE',  ( -1.000000000000000000, 0.000000000000000000, 0.000000000000000000 ) ) ;
#3153 = EDGE_LOOP ( 'NONE', ( #1114, #2812, #489, #2870 ) ) ;
#3154 = CIRCLE ( 'NONE', #1906, 15.62500000000000000 ) ;
#3155 = VERTEX_POINT ( 'NONE', #4043 ) ;
#3156 = DIRECTION ( 'NONE',  ( 1.000000000000000000, 0.000000000000000000, 0.000000000000000000 ) ) ;
#3157 = CYLINDRICAL_SURFACE ( 'NONE', #2749, 15.62500000000000000 ) ;
#3158 = CARTESIAN_POINT ( 'NONE',  ( -10.00000000000000000, 0.000000000000000000, 0.000000000000000000 ) ) ;
#3159 = ORIENTED_EDGE ( 'NONE', *, *, #3056, .F. ) ;
#3160 = AXIS2_PLACEMENT_3D ( 'NONE', #974, #663, #2219 ) ;
#3161 = DIRECTION ( 'NONE',  ( 1.000000000000000000, 0.000000000000000000, 0.000000000000000000 ) ) ;
#3162 = DIRECTION ( 'NONE',  ( 1.000000000000000000, 0.000000000000000000, 0.000000000000000000 ) ) ;
#3163 = ADVANCED_FACE ( 'NONE', ( #2150 ), #2477, .T. ) ;
#3164 = CARTESIAN_POINT ( 'NONE',  ( 5.000000000000000000, -13.52644592144747904, -7.821501501256438615 ) ) ;
#3165 = DIRECTION ( 'NONE',  ( -1.000000000000000000, 0.000000000000000000, 0.000000000000000000 ) ) ;
#3166 = CARTESIAN_POINT ( 'NONE',  ( 10.00000000000000000, -2.444036937190193349E-14, -10.00000000000000000 ) ) ;
#3167 = ORIENTED_EDGE ( 'NONE', *, *, #2803, .T. ) ;
#3168 = EDGE_CURVE ( 'NONE', #2155, #1272, #3792, .T. ) ;
#3169 = DIRECTION ( 'NONE',  ( 1.000000000000000000, 0.000000000000000000, 0.000000000000000000 ) ) ;
#3170 = VECTOR ( 'NONE', #2539, 1000.000000000000000 ) ;
#3171 = ORIENTED_EDGE ( 'NONE', *, *, #1808, .T. ) ;
#3172 = CARTESIAN_POINT ( 'NONE',  ( 10.00000000000000000, 2.011344227983579813, -12.65262923848465881 ) ) ;
#3173 = ORIENTED_EDGE ( 'NONE', *, *, #192, .F. ) ;
#3174 = CIRCLE ( 'NONE', #473, 12.81150000000000233 ) ;
#3175 = ORIENTED_EDGE ( 'NONE', *, *, #3125, .F. ) ;
#3176 = LINE ( 'NONE', #638, #884 ) ;
#3177 = CARTESIAN_POINT ( 'NONE',  ( 10.00000000000000000, -5.300754509045070506, -12.42458310929422005 ) ) ;
#3178 = ORIENTED_EDGE ( 'NONE', *, *, #3960, .F. ) ;
#3179 = EDGE_CURVE ( 'NONE', #248, #2010, #2603, .T. ) ;
#3180 = EDGE_CURVE ( 'NONE', #964, #1090, #2636, .T. ) ;
#3181 = CARTESIAN_POINT ( 'NONE',  ( 10.00000000000000000, -3.715476584966020290, -12.26090396327160015 ) ) ;
#3182 = LINE ( 'NONE', #354, #3870 ) ;
#3183 = DIRECTION ( 'NONE',  ( 0.000000000000000000, 0.000000000000000000, 1.000000000000000000 ) ) ;
#3184 = ORIENTED_EDGE ( 'NONE', *, *, #728, .T. ) ;
#3185 = DIRECTION ( 'NONE',  ( -1.000000000000000000, 0.000000000000000000, 0.000000000000000000 ) ) ;
#3186 = DIRECTION ( 'NONE',  ( -1.000000000000000000, 0.000000000000000000, 0.000000000000000000 ) ) ;
#3187 = ORIENTED_EDGE ( 'NONE', *, *, #2722, .T. ) ;
#3188 = CARTESIAN_POINT ( 'NONE',  ( 10.00000000000000000, 6.943196843910330429, -11.58707389255953935 ) ) ;
#3189 = ORIENTED_EDGE ( 'NONE', *, *, #2624, .T. ) ;
#3190 = EDGE_LOOP ( 'NONE', ( #2662, #3435, #508, #3752 ) ) ;
#3191 = CIRCLE ( 'NONE', #1989, 15.62500000000000000 ) ;
#3192 = DIRECTION ( 'NONE',  ( 0.000000000000000000, 0.000000000000000000, -1.000000000000000000 ) ) ;
#3193 = AXIS2_PLACEMENT_3D ( 'NONE', #1527, #3446, #3069 ) ;
#3194 = DIRECTION ( 'NONE',  ( 1.000000000000000000, 0.000000000000000000, 0.000000000000000000 ) ) ;
#3195 = ORIENTED_EDGE ( 'NONE', *, *, #821, .F. ) ;
#3196 = ORIENTED_EDGE ( 'NONE', *, *, #1171, .F. ) ;
#3197 = CARTESIAN_POINT ( 'NONE',  ( -10.00000000000000000, 0.000000000000000000, 0.000000000000000000 ) ) ;
#3198 = DIRECTION ( 'NONE',  ( -1.000000000000000000, 0.000000000000000000, 0.000000000000000000 ) ) ;
#3199 = CARTESIAN_POINT ( 'NONE',  ( 10.00000000000000000, 7.000000000000000000, 3.000000000000000444 ) ) ;
#3200 = CIRCLE ( 'NONE', #371, 15.62500000000000000 ) ;
#3201 = CARTESIAN_POINT ( 'NONE',  ( 10.00000000000000000, -10.30873331663866033, -7.606875157147260147 ) ) ;
#3202 = CARTESIAN_POINT ( 'NONE',  ( 10.00000000000000000, -12.69837882901390103, -4.606456221410580198 ) ) ;
#3203 = FACE_OUTER_BOUND ( 'NONE', #1862, .T. ) ;
#3204 = CARTESIAN_POINT ( 'NONE',  ( 5.000000000000000000, 8.726345089906798691, -12.96115451539171914 ) ) ;
#3205 = VERTEX_POINT ( 'NONE', #2971 ) ;
#3206 = CIRCLE ( 'NONE', #3540, 15.62500000000000000 ) ;
#3207 = CARTESIAN_POINT ( 'NONE',  ( 10.00000000000000000, 0.000000000000000000, 0.000000000000000000 ) ) ;
#3208 = CYLINDRICAL_SURFACE ( 'NONE', #1560, 12.81150000000000055 ) ;
#3209 = CIRCLE ( 'NONE', #3993, 12.81149999999999523 ) ;
#3210 = EDGE_LOOP ( 'NONE', ( #2892, #1600, #1137, #3850 ) ) ;
#3211 = CARTESIAN_POINT ( 'NONE',  ( 0.000000000000000000, -13.52644592144747904, -7.821501501256438615 ) ) ;
#3212 = CYLINDRICAL_SURFACE ( 'NONE', #1203, 12.81150000000000055 ) ;
#3213 = CIRCLE ( 'NONE', #4058, 5.750000000000001776 ) ;
#3214 = VERTEX_POINT ( 'NONE', #3525 ) ;
#3215 = ADVANCED_FACE ( 'NONE', ( #701 ), #1072, .T. ) ;
#3216 = AXIS2_PLACEMENT_3D ( 'NONE', #239, #3561, #422 ) ;
#3217 = VECTOR ( 'NONE', #68, 1000.000000000000000 ) ;
#3218 = ORIENTED_EDGE ( 'NONE', *, *, #43, .T. ) ;
#3219 = VECTOR ( 'NONE', #1783, 1000.000000000000000 ) ;
#3220 = FACE_OUTER_BOUND ( 'NONE', #3190, .T. ) ;
#3221 = CIRCLE ( 'NONE', #3679, 5.750000000000000888 ) ;
#3222 = ADVANCED_FACE ( 'NONE', ( #3220 ), #2340, .T. ) ;
#3223 = ORIENTED_EDGE ( 'NONE', *, *, #968, .T. ) ;
#3224 = AXIS2_PLACEMENT_3D ( 'NONE', #2801, #2822, #372 ) ;
#3225 = VERTEX_POINT ( 'NONE', #1649 ) ;
#3226 = FACE_OUTER_BOUND ( 'NONE', #1692, .T. ) ;
#3227 = EDGE_LOOP ( 'NONE', ( #329, #1840, #3711, #1571 ) ) ;
#3228 = DIRECTION ( 'NONE',  ( -1.000000000000000000, 0.000000000000000000, 0.000000000000000000 ) ) ;
#3229 = CARTESIAN_POINT ( 'NONE',  ( 10.00000000000000000, 8.592911864346801210, -10.42257787193211982 ) ) ;
#3230 = DIRECTION ( 'NONE',  ( -1.000000000000000000, 0.000000000000000000, 0.000000000000000000 ) ) ;
#3231 = DIRECTION ( 'NONE',  ( 1.000000000000000000, 0.000000000000000000, 0.000000000000000000 ) ) ;
#3232 = VERTEX_POINT ( 'NONE', #1709 ) ;
#3233 = FACE_OUTER_BOUND ( 'NONE', #2490, .T. ) ;
#3234 = CARTESIAN_POINT ( 'NONE',  ( 10.00000000000000000, 0.000000000000000000, 0.000000000000000000 ) ) ;
#3235 = EDGE_CURVE ( 'NONE', #238, #1685, #437, .T. ) ;
#3236 = ORIENTED_EDGE ( 'NONE', *, *, #1224, .T. ) ;
#3237 = ADVANCED_FACE ( 'NONE', ( #86 ), #1339, .T. ) ;
#3238 = AXIS2_PLACEMENT_3D ( 'NONE', #798, #813, #2417 ) ;
#3239 = ORIENTED_EDGE ( 'NONE', *, *, #191, .F. ) ;
#3240 = DIRECTION ( 'NONE',  ( 0.000000000000000000, 0.000000000000000000, 1.000000000000000000 ) ) ;
#3241 = ADVANCED_FACE ( 'NONE', ( #2300 ), #3619, .F. ) ;
#3242 = DIRECTION ( 'NONE',  ( -1.000000000000000000, 0.000000000000000000, 0.000000000000000000 ) ) ;
#3243 = VECTOR ( 'NONE', #339, 1000.000000000000000 ) ;
#3244 = DIRECTION ( 'NONE',  ( 0.000000000000000000, 0.000000000000000000, 1.000000000000000000 ) ) ;
#3245 = AXIS2_PLACEMENT_3D ( 'NONE', #773, #1753, #480 ) ;
#3246 = EDGE_LOOP ( 'NONE', ( #1598, #3101, #1476, #2317 ) ) ;
#3247 = VERTEX_POINT ( 'NONE', #1418 ) ;
#3248 = DIRECTION ( 'NONE',  ( -1.000000000000000000, 0.000000000000000000, 0.000000000000000000 ) ) ;
#3249 = VERTEX_POINT ( 'NONE', #1143 ) ;
#3250 = CARTESIAN_POINT ( 'NONE',  ( 0.000000000000000000, 7.332110811570580046E-14, 5.400000000000000355 ) ) ;
#3251 = FACE_OUTER_BOUND ( 'NONE', #3227, .T. ) ;
#3252 = CARTESIAN_POINT ( 'NONE',  ( 10.00000000000000000, -7.493331224602519214, -13.71096685716936214 ) ) ;
#3253 = DIRECTION ( 'NONE',  ( 1.000000000000000000, 0.000000000000000000, 0.000000000000000000 ) ) ;
#3254 = CARTESIAN_POINT ( 'NONE',  ( 0.000000000000000000, 6.943196843910330429, -11.58707389255953935 ) ) ;
#3255 = ORIENTED_EDGE ( 'NONE', *, *, #3179, .T. ) ;
#3256 = DIRECTION ( 'NONE',  ( -1.000000000000000000, 0.000000000000000000, 0.000000000000000000 ) ) ;
#3257 = CARTESIAN_POINT ( 'NONE',  ( 10.00000000000000000, -7.874147165256800918, 10.10605455506144068 ) ) ;
#3258 = VERTEX_POINT ( 'NONE', #1122 ) ;
#3259 = ORIENTED_EDGE ( 'NONE', *, *, #1644, .T. ) ;
#3260 = CARTESIAN_POINT ( 'NONE',  ( 10.00000000000000000, 0.000000000000000000, 0.000000000000000000 ) ) ;
#3261 = DIRECTION ( 'NONE',  ( -1.000000000000000000, 0.000000000000000000, 0.000000000000000000 ) ) ;
#3262 = ORIENTED_EDGE ( 'NONE', *, *, #2196, .T. ) ;
#3263 = AXIS2_PLACEMENT_3D ( 'NONE', #275, #3385, #3368 ) ;
#3264 = ORIENTED_EDGE ( 'NONE', *, *, #3105, .F. ) ;
#3265 = CARTESIAN_POINT ( 'NONE',  ( 10.00000000000000000, -10.98468148073613904, 7.861617936003590046 ) ) ;
#3266 = ORIENTED_EDGE ( 'NONE', *, *, #3296, .T. ) ;
#3267 = ADVANCED_FACE ( 'NONE', ( #195, #2366 ), #3939, .T. ) ;
#3268 = AXIS2_PLACEMENT_3D ( 'NONE', #2408, #1486, #3699 ) ;
#3269 = CARTESIAN_POINT ( 'NONE',  ( 10.00000000000000000, 0.000000000000000000, 0.000000000000000000 ) ) ;
#3270 = DIRECTION ( 'NONE',  ( -1.000000000000000000, 0.000000000000000000, 0.000000000000000000 ) ) ;
#3271 = CYLINDRICAL_SURFACE ( 'NONE', #2704, 15.62500000000000000 ) ;
#3272 = VECTOR ( 'NONE', #1477, 1000.000000000000000 ) ;
#3273 = CARTESIAN_POINT ( 'NONE',  ( 10.00000000000000000, 7.368850215545000591E-14, 10.00000000000000178 ) ) ;
#3274 = EDGE_CURVE ( 'NONE', #461, #848, #3404, .T. ) ;
#3275 = ORIENTED_EDGE ( 'NONE', *, *, #191, .T. ) ;
#3276 = DIRECTION ( 'NONE',  ( -1.000000000000000000, 0.000000000000000000, 0.000000000000000000 ) ) ;
#3277 = CARTESIAN_POINT ( 'NONE',  ( 0.000000000000000000, -13.47029551076155940, 4.740345277989609585 ) ) ;
#3278 = ORIENTED_EDGE ( 'NONE', *, *, #2674, .F. ) ;
#3279 = CIRCLE ( 'NONE', #376, 5.749999999999999112 ) ;
#3280 = AXIS2_PLACEMENT_3D ( 'NONE', #3297, #1108, #3946 ) ;
#3281 = VERTEX_POINT ( 'NONE', #3172 ) ;
#3282 = CARTESIAN_POINT ( 'NONE',  ( 10.00000000000000000, 0.000000000000000000, 0.000000000000000000 ) ) ;
#3283 = AXIS2_PLACEMENT_3D ( 'NONE', #343, #985, #1916 ) ;
#3284 = VECTOR ( 'NONE', #3228, 1000.000000000000000 ) ;
#3285 = DIRECTION ( 'NONE',  ( 0.000000000000000000, 0.000000000000000000, -1.000000000000000000 ) ) ;
#3286 = CIRCLE ( 'NONE', #1959, 5.750000000000000000 ) ;
#3287 = ORIENTED_EDGE ( 'NONE', *, *, #1848, .T. ) ;
#3288 = VECTOR ( 'NONE', #3045, 1000.000000000000000 ) ;
#3289 = EDGE_CURVE ( 'NONE', #1648, #1334, #3422, .T. ) ;
#3290 = ORIENTED_EDGE ( 'NONE', *, *, #3663, .T. ) ;
#3291 = EDGE_CURVE ( 'NONE', #2014, #2638, #272, .T. ) ;
#3292 = DIRECTION ( 'NONE',  ( -1.000000000000000000, -0.000000000000000000, -0.000000000000000000 ) ) ;
#3293 = ORIENTED_EDGE ( 'NONE', *, *, #2708, .T. ) ;
#3294 = FACE_OUTER_BOUND ( 'NONE', #3153, .T. ) ;
#3295 = FACE_OUTER_BOUND ( 'NONE', #2576, .T. ) ;
#3296 = EDGE_CURVE ( 'NONE', #1179, #1788, #1544, .T. ) ;
#3297 = CARTESIAN_POINT ( 'NONE',  ( 10.00000000000000000, 11.08624123981545928, -7.717740535774420430 ) ) ;
#3298 = VERTEX_POINT ( 'NONE', #593 ) ;
#3299 = FACE_OUTER_BOUND ( 'NONE', #1860, .T. ) ;
#3300 = CARTESIAN_POINT ( 'NONE',  ( 3.000000000000000000, -7.000000000000000000, 4.888073874380386697E-14 ) ) ;
#3301 = ORIENTED_EDGE ( 'NONE', *, *, #11, .T. ) ;
#3302 = ORIENTED_EDGE ( 'NONE', *, *, #546, .T. ) ;
#3303 = CARTESIAN_POINT ( 'NONE',  ( 5.000000000000000000, -2.840164252701424807, 15.36470279626900037 ) ) ;
#3304 = DIRECTION ( 'NONE',  ( -1.000000000000000000, 0.000000000000000000, 0.000000000000000000 ) ) ;
#3305 = ORIENTED_EDGE ( 'NONE', *, *, #3364, .F. ) ;
#3306 = LINE ( 'NONE', #2693, #3345 ) ;
#3307 = DIRECTION ( 'NONE',  ( 0.000000000000000000, 0.000000000000000000, -1.000000000000000000 ) ) ;
#3308 = EDGE_LOOP ( 'NONE', ( #658, #695, #1070, #1513 ) ) ;
#3309 = AXIS2_PLACEMENT_3D ( 'NONE', #199, #2981, #3637 ) ;
#3310 = EDGE_CURVE ( 'NONE', #2723, #1847, #2818, .T. ) ;
#3311 = EDGE_CURVE ( 'NONE', #1313, #44, #3709, .T. ) ;
#3312 = DIRECTION ( 'NONE',  ( -1.000000000000000000, 0.000000000000000000, 0.000000000000000000 ) ) ;
#3313 = CARTESIAN_POINT ( 'NONE',  ( 0.000000000000000000, 14.19036643571219969, -6.540193072089929949 ) ) ;
#3314 = CARTESIAN_POINT ( 'NONE',  ( -10.00000000000000000, 0.000000000000000000, 0.000000000000000000 ) ) ;
#3315 = DIRECTION ( 'NONE',  ( 1.000000000000000000, 0.000000000000000000, 0.000000000000000000 ) ) ;
#3316 = ORIENTED_EDGE ( 'NONE', *, *, #3736, .T. ) ;
#3317 = CARTESIAN_POINT ( 'NONE',  ( 5.000000000000000000, 4.905870903713659636, 14.83485947611555922 ) ) ;
#3318 = ORIENTED_EDGE ( 'NONE', *, *, #3346, .F. ) ;
#3319 = ADVANCED_FACE ( 'NONE', ( #2213 ), #2518, .T. ) ;
#3320 = VERTEX_POINT ( 'NONE', #1601 ) ;
#3321 = CARTESIAN_POINT ( 'NONE',  ( -10.00000000000000000, 0.000000000000000000, 0.000000000000000000 ) ) ;
#3322 = EDGE_CURVE ( 'NONE', #1519, #1235, #3200, .T. ) ;
#3323 = DIRECTION ( 'NONE',  ( -1.000000000000000000, 0.000000000000000000, 0.000000000000000000 ) ) ;
#3324 = DIRECTION ( 'NONE',  ( 1.000000000000000000, -0.000000000000000000, -0.000000000000000000 ) ) ;
#3325 = EDGE_LOOP ( 'NONE', ( #1, #1622, #4018, #1686 ) ) ;
#3326 = CARTESIAN_POINT ( 'NONE',  ( 0.000000000000000000, 12.75735481870599841, 4.440513690392164925 ) ) ;
#3327 = DIRECTION ( 'NONE',  ( -1.000000000000000000, 0.000000000000000000, 0.000000000000000000 ) ) ;
#3328 = VECTOR ( 'NONE', #2180, 1000.000000000000000 ) ;
#3329 =( NAMED_UNIT ( * ) PLANE_ANGLE_UNIT ( ) SI_UNIT ( $, .RADIAN. ) );
#3330 = CARTESIAN_POINT ( 'NONE',  ( 0.000000000000000000, -3.516283588487544964, -15.22420358262899853 ) ) ;
#3331 = VECTOR ( 'NONE', #1801, 1000.000000000000000 ) ;
#3332 = DIRECTION ( 'NONE',  ( -1.000000000000000000, 0.000000000000000000, 0.000000000000000000 ) ) ;
#3333 = ORIENTED_EDGE ( 'NONE', *, *, #1542, .T. ) ;
#3334 = CARTESIAN_POINT ( 'NONE',  ( 10.00000000000000000, -1.752075746886609942, -13.39397231526528032 ) ) ;
#3335 = CIRCLE ( 'NONE', #1687, 12.81150000000000233 ) ;
#3336 = ORIENTED_EDGE ( 'NONE', *, *, #2429, .T. ) ;
#3337 = ORIENTED_EDGE ( 'NONE', *, *, #3879, .T. ) ;
#3338 = EDGE_CURVE ( 'NONE', #2184, #2140, #947, .T. ) ;
#3339 = ORIENTED_EDGE ( 'NONE', *, *, #2118, .T. ) ;
#3340 = VECTOR ( 'NONE', #2721, 1000.000000000000000 ) ;
#3341 = CARTESIAN_POINT ( 'NONE',  ( 0.000000000000000000, -1.752075746886609942, -13.39397231526528032 ) ) ;
#3342 = FACE_OUTER_BOUND ( 'NONE', #2830, .T. ) ;
#3343 = CIRCLE ( 'NONE', #575, 12.81150000000000411 ) ;
#3344 = AXIS2_PLACEMENT_3D ( 'NONE', #3357, #3683, #566 ) ;
#3345 = VECTOR ( 'NONE', #2076, 1000.000000000000000 ) ;
#3346 = EDGE_CURVE ( 'NONE', #1432, #2326, #3154, .T. ) ;
#3347 = CARTESIAN_POINT ( 'NONE',  ( 0.000000000000000000, 0.000000000000000000, 0.000000000000000000 ) ) ;
#3348 = ORIENTED_EDGE ( 'NONE', *, *, #487, .T. ) ;
#3349 = CIRCLE ( 'NONE', #3344, 12.81150000000000233 ) ;
#3350 = VECTOR ( 'NONE', #1126, 1000.000000000000000 ) ;
#3351 = CYLINDRICAL_SURFACE ( 'NONE', #2286, 5.750000000000000000 ) ;
#3352 = CARTESIAN_POINT ( 'NONE',  ( 10.00000000000000000, 13.20735115122741909, -2.834455745481440303 ) ) ;
#3353 = CIRCLE ( 'NONE', #1307, 15.62500000000000000 ) ;
#3354 = PRODUCT_DEFINITION ( 'UNKNOWN', '', #2045, #2124 ) ;
#3355 = EDGE_LOOP ( 'NONE', ( #876, #987, #4011, #268 ) ) ;
#3356 = CARTESIAN_POINT ( 'NONE',  ( 0.000000000000000000, 5.556561520398770604, -14.60360397538990007 ) ) ;
#3357 = CARTESIAN_POINT ( 'NONE',  ( 10.00000000000000000, 0.000000000000000000, 0.000000000000000000 ) ) ;
#3358 = FACE_OUTER_BOUND ( 'NONE', #948, .T. ) ;
#3359 = ORIENTED_EDGE ( 'NONE', *, *, #1468, .T. ) ;
#3360 = ORIENTED_EDGE ( 'NONE', *, *, #1459, .T. ) ;
#3361 = ADVANCED_FACE ( 'NONE', ( #3442 ), #1827, .T. ) ;
#3362 = VERTEX_POINT ( 'NONE', #289 ) ;
#3363 = DIRECTION ( 'NONE',  ( 0.000000000000000000, 0.000000000000000000, -1.000000000000000000 ) ) ;
#3364 = EDGE_CURVE ( 'NONE', #905, #3205, #3698, .T. ) ;
#3365 = DIRECTION ( 'NONE',  ( 0.000000000000000000, 0.000000000000000000, -1.000000000000000000 ) ) ;
#3366 = ORIENTED_EDGE ( 'NONE', *, *, #3050, .T. ) ;
#3367 = DIRECTION ( 'NONE',  ( -1.000000000000000000, 0.000000000000000000, 0.000000000000000000 ) ) ;
#3368 = DIRECTION ( 'NONE',  ( 0.000000000000000000, 0.9976687691905389288, 0.06824241336467466723 ) ) ;
#3369 = CARTESIAN_POINT ( 'NONE',  ( 3.000000000000000000, 7.368850215545000591E-14, 10.00000000000000178 ) ) ;
#3370 = EDGE_LOOP ( 'NONE', ( #3424, #3333, #3150, #1994 ) ) ;
#3371 = AXIS2_PLACEMENT_3D ( 'NONE', #1336, #2587, #3546 ) ;
#3372 = CARTESIAN_POINT ( 'NONE',  ( 10.00000000000000000, 11.08624123981535980, 7.717740535774570532 ) ) ;
#3373 = CARTESIAN_POINT ( 'NONE',  ( 10.00000000000000000, -13.24318199697755993, -2.662028249258475032 ) ) ;
#3374 = CARTESIAN_POINT ( 'NONE',  ( 0.000000000000000000, 9.290514346019628888, -12.56292036854502037 ) ) ;
#3375 = DIRECTION ( 'NONE',  ( 0.000000000000000000, 0.000000000000000000, 1.000000000000000000 ) ) ;
#3376 = VERTEX_POINT ( 'NONE', #4028 ) ;
#3377 = CYLINDRICAL_SURFACE ( 'NONE', #3216, 12.81150000000000055 ) ;
#3378 = CARTESIAN_POINT ( 'NONE',  ( -10.00000000000000000, 0.000000000000000000, 0.000000000000000000 ) ) ;
#3379 = ORIENTED_EDGE ( 'NONE', *, *, #2828, .F. ) ;
#3380 = ORIENTED_EDGE ( 'NONE', *, *, #1093, .F. ) ;
#3381 = VERTEX_POINT ( 'NONE', #4048 ) ;
#3382 = CARTESIAN_POINT ( 'NONE',  ( 10.00000000000000000, 1.926546458205049994, 13.36999186795932104 ) ) ;
#3383 = VERTEX_POINT ( 'NONE', #1217 ) ;
#3384 = CARTESIAN_POINT ( 'NONE',  ( 10.00000000000000000, 5.350396643122720342, -11.64078124574382045 ) ) ;
#3385 = DIRECTION ( 'NONE',  ( -1.000000000000000000, 0.000000000000000000, 0.000000000000000000 ) ) ;
#3386 = CARTESIAN_POINT ( 'NONE',  ( 0.000000000000000000, 0.000000000000000000, 0.000000000000000000 ) ) ;
#3387 = CARTESIAN_POINT ( 'NONE',  ( 10.00000000000000000, 13.20735115122741909, -2.834455745481440303 ) ) ;
#3388 = ORIENTED_EDGE ( 'NONE', *, *, #3143, .T. ) ;
#3389 = LINE ( 'NONE', #4027, #1894 ) ;
#3390 = DIRECTION ( 'NONE',  ( 1.000000000000000000, 0.000000000000000000, 0.000000000000000000 ) ) ;
#3391 = EDGE_CURVE ( 'NONE', #3708, #3258, #601, .T. ) ;
#3392 = DIRECTION ( 'NONE',  ( 1.000000000000000000, -0.000000000000000000, -0.000000000000000000 ) ) ;
#3393 = ORIENTED_EDGE ( 'NONE', *, *, #618, .T. ) ;
#3394 = CARTESIAN_POINT ( 'NONE',  ( 10.00000000000000000, 0.000000000000000000, 0.000000000000000000 ) ) ;
#3395 = ORIENTED_EDGE ( 'NONE', *, *, #4059, .F. ) ;
#3396 = CIRCLE ( 'NONE', #3193, 15.62500000000000000 ) ;
#3397 = EDGE_CURVE ( 'NONE', #3790, #2450, #1864, .T. ) ;
#3398 = ORIENTED_EDGE ( 'NONE', *, *, #166, .T. ) ;
#3399 = ORIENTED_EDGE ( 'NONE', *, *, #1693, .T. ) ;
#3400 = CARTESIAN_POINT ( 'NONE',  ( 10.00000000000000000, 12.15943163291379925, 4.035189538856315039 ) ) ;
#3401 = CIRCLE ( 'NONE', #634, 3.000000000000000000 ) ;
#3402 = DIRECTION ( 'NONE',  ( -1.000000000000000000, 0.000000000000000000, 0.000000000000000000 ) ) ;
#3403 = VERTEX_POINT ( 'NONE', #902 ) ;
#3404 = CIRCLE ( 'NONE', #568, 15.62500000000000000 ) ;
#3405 = DIRECTION ( 'NONE',  ( 0.000000000000000000, 0.000000000000000000, 1.000000000000000000 ) ) ;
#3406 = ORIENTED_EDGE ( 'NONE', *, *, #747, .F. ) ;
#3407 = CIRCLE ( 'NONE', #444, 15.62500000000000000 ) ;
#3408 = AXIS2_PLACEMENT_3D ( 'NONE', #2312, #3582, #755 ) ;
#3409 = DIRECTION ( 'NONE',  ( 1.000000000000000000, 0.000000000000000000, 0.000000000000000000 ) ) ;
#3410 = EDGE_CURVE ( 'NONE', #3574, #2255, #2501, .T. ) ;
#3411 = CARTESIAN_POINT ( 'NONE',  ( 3.000000000000000000, -2.444036937190193349E-14, -7.000000000000000000 ) ) ;
#3412 = ADVANCED_FACE ( 'NONE', ( #4070 ), #1259, .F. ) ;
#3413 = AXIS2_PLACEMENT_3D ( 'NONE', #4063, #1252, #1875 ) ;
#3414 = AXIS2_PLACEMENT_3D ( 'NONE', #3889, #381, #1637 ) ;
#3415 = CARTESIAN_POINT ( 'NONE',  ( 10.00000000000000000, 0.000000000000000000, 0.000000000000000000 ) ) ;
#3416 = EDGE_CURVE ( 'NONE', #3574, #848, #3103, .T. ) ;
#3417 = ORIENTED_EDGE ( 'NONE', *, *, #1699, .T. ) ;
#3418 = FACE_OUTER_BOUND ( 'NONE', #2249, .T. ) ;
#3419 = DIRECTION ( 'NONE',  ( 0.000000000000000000, 0.000000000000000000, 1.000000000000000000 ) ) ;
#3420 = ORIENTED_EDGE ( 'NONE', *, *, #2700, .T. ) ;
#3421 = EDGE_LOOP ( 'NONE', ( #2635, #4042, #1799, #132 ) ) ;
#3422 = LINE ( 'NONE', #635, #2668 ) ;
#3423 = CARTESIAN_POINT ( 'NONE',  ( 10.00000000000000000, 11.95285973547135860, 6.292647133684549310 ) ) ;
#3424 = ORIENTED_EDGE ( 'NONE', *, *, #3910, .T. ) ;
#3425 = CARTESIAN_POINT ( 'NONE',  ( 10.00000000000000000, 11.24851991847267918, 6.132318639285090356 ) ) ;
#3426 = ADVANCED_FACE ( 'NONE', ( #721 ), #2947, .T. ) ;
#3427 = DIRECTION ( 'NONE',  ( -1.000000000000000000, 0.000000000000000000, 0.000000000000000000 ) ) ;
#3428 = CARTESIAN_POINT ( 'NONE',  ( 3.000000000000000000, -7.000000000000000000, 4.888073874380386697E-14 ) ) ;
#3429 = CARTESIAN_POINT ( 'NONE',  ( 0.000000000000000000, 0.000000000000000000, 0.000000000000000000 ) ) ;
#3430 = DIRECTION ( 'NONE',  ( 1.000000000000000000, 0.000000000000000000, 0.000000000000000000 ) ) ;
#3431 = DIRECTION ( 'NONE',  ( 0.000000000000000000, 0.000000000000000000, 1.000000000000000000 ) ) ;
#3432 = VECTOR ( 'NONE', #1112, 1000.000000000000000 ) ;
#3433 = EDGE_CURVE ( 'NONE', #1214, #2324, #1051, .T. ) ;
#3434 = CARTESIAN_POINT ( 'NONE',  ( 10.00000000000000000, 0.000000000000000000, 0.000000000000000000 ) ) ;
#3435 = ORIENTED_EDGE ( 'NONE', *, *, #2098, .F. ) ;
#3436 = CARTESIAN_POINT ( 'NONE',  ( 10.00000000000000000, -9.545144203574858821, -8.545452263219379674 ) ) ;
#3437 = CIRCLE ( 'NONE', #2377, 12.81150000000000411 ) ;
#3438 = ORIENTED_EDGE ( 'NONE', *, *, #3004, .F. ) ;
#3439 = DIRECTION ( 'NONE',  ( -1.000000000000000000, 0.000000000000000000, 0.000000000000000000 ) ) ;
#3440 = ORIENTED_EDGE ( 'NONE', *, *, #1556, .F. ) ;
#3441 = EDGE_LOOP ( 'NONE', ( #2957, #3688, #3218, #3087 ) ) ;
#3442 = FACE_OUTER_BOUND ( 'NONE', #2095, .T. ) ;
#3443 = DIRECTION ( 'NONE',  ( -1.000000000000000000, 0.000000000000000000, 0.000000000000000000 ) ) ;
#3444 = VERTEX_POINT ( 'NONE', #2878 ) ;
#3445 = EDGE_CURVE ( 'NONE', #3919, #1727, #864, .T. ) ;
#3446 = DIRECTION ( 'NONE',  ( -1.000000000000000000, 0.000000000000000000, 0.000000000000000000 ) ) ;
#3447 = CARTESIAN_POINT ( 'NONE',  ( 10.00000000000000000, 5.350396643122560469, 11.64078124574390039 ) ) ;
#3448 = CARTESIAN_POINT ( 'NONE',  ( 3.000000000000000000, 7.368850215545000591E-14, 10.00000000000000178 ) ) ;
#3449 = EDGE_CURVE ( 'NONE', #1455, #3557, #3829, .T. ) ;
#3450 = ORIENTED_EDGE ( 'NONE', *, *, #3011, .F. ) ;
#3451 = DIRECTION ( 'NONE',  ( -1.000000000000000000, 0.000000000000000000, 0.000000000000000000 ) ) ;
#3452 = CARTESIAN_POINT ( 'NONE',  ( 0.000000000000000000, -10.91463276349823985, 11.18085044341308176 ) ) ;
#3453 = CARTESIAN_POINT ( 'NONE',  ( 10.00000000000000000, 9.290514346019628888, -12.56292036854502037 ) ) ;
#3454 = CARTESIAN_POINT ( 'NONE',  ( 10.00000000000000000, -8.456300558606130835, 10.53371941279235990 ) ) ;
#3455 = DIRECTION ( 'NONE',  ( 0.000000000000000000, 0.9422609221188190665, 0.3348796121709900486 ) ) ;
#3456 = ORIENTED_EDGE ( 'NONE', *, *, #1574, .T. ) ;
#3457 = DIRECTION ( 'NONE',  ( -1.000000000000000000, 0.000000000000000000, 0.000000000000000000 ) ) ;
#3458 = ORIENTED_EDGE ( 'NONE', *, *, #3445, .F. ) ;
#3459 = CARTESIAN_POINT ( 'NONE',  ( 50.00005080000000390, 0.000000000000000000, 0.000000000000000000 ) ) ;
#3460 = VECTOR ( 'NONE', #1670, 1000.000000000000000 ) ;
#3461 = ORIENTED_EDGE ( 'NONE', *, *, #2930, .T. ) ;
#3462 = VERTEX_POINT ( 'NONE', #1993 ) ;
#3463 = AXIS2_PLACEMENT_3D ( 'NONE', #258, #1511, #2767 ) ;
#3464 = EDGE_CURVE ( 'NONE', #1973, #1021, #2295, .T. ) ;
#3465 = ADVANCED_BREP_SHAPE_REPRESENTATION ( '23T zawor 400bar', ( #2931, #857 ), #3957 ) ;
#3466 = FACE_OUTER_BOUND ( 'NONE', #842, .T. ) ;
#3467 = AXIS2_PLACEMENT_3D ( 'NONE', #1456, #210, #2713 ) ;
#3468 = DIRECTION ( 'NONE',  ( -1.000000000000000000, 0.000000000000000000, 0.000000000000000000 ) ) ;
#3469 = DIRECTION ( 'NONE',  ( 0.000000000000000000, 0.000000000000000000, 1.000000000000000000 ) ) ;
#3470 = ORIENTED_EDGE ( 'NONE', *, *, #1091, .F. ) ;
#3471 = DIRECTION ( 'NONE',  ( 0.000000000000000000, 0.000000000000000000, 1.000000000000000000 ) ) ;
#3472 = DIRECTION ( 'NONE',  ( 0.000000000000000000, 0.000000000000000000, 1.000000000000000000 ) ) ;
#3473 = ADVANCED_FACE ( 'NONE', ( #1643 ), #3212, .T. ) ;
#3474 = CARTESIAN_POINT ( 'NONE',  ( 10.00000000000000000, -5.300754509045249918, 12.42458310929414012 ) ) ;
#3475 = AXIS2_PLACEMENT_3D ( 'NONE', #141, #1084, #830 ) ;
#3476 = CYLINDRICAL_SURFACE ( 'NONE', #2152, 5.749999999999998224 ) ;
#3477 = CIRCLE ( 'NONE', #3867, 3.000000000000000000 ) ;
#3478 = CYLINDRICAL_SURFACE ( 'NONE', #1723, 5.750000000000000000 ) ;
#3479 = AXIS2_PLACEMENT_3D ( 'NONE', #95, #1677, #753 ) ;
#3480 = ORIENTED_EDGE ( 'NONE', *, *, #127, .F. ) ;
#3481 = VECTOR ( 'NONE', #3938, 1000.000000000000000 ) ;
#3482 = DIRECTION ( 'NONE',  ( 0.000000000000000000, 0.8169698930104390966, 0.5766803221148710801 ) ) ;
#3483 = ORIENTED_EDGE ( 'NONE', *, *, #2316, .F. ) ;
#3484 = AXIS2_PLACEMENT_3D ( 'NONE', #2462, #1182, #1156 ) ;
#3485 = DIRECTION ( 'NONE',  ( 0.000000000000000000, 0.000000000000000000, -1.000000000000000000 ) ) ;
#3486 = ORIENTED_EDGE ( 'NONE', *, *, #93, .F. ) ;
#3487 = CIRCLE ( 'NONE', #1702, 5.750000000000000000 ) ;
#3488 = EDGE_CURVE ( 'NONE', #2053, #3919, #4020, .T. ) ;
#3489 = EDGE_LOOP ( 'NONE', ( #3933, #102, #83, #1653 ) ) ;
#3490 = EDGE_CURVE ( 'NONE', #2732, #3877, #2832, .T. ) ;
#3491 = CARTESIAN_POINT ( 'NONE',  ( 0.000000000000000000, 14.46548752452586051, 5.906800798891620019 ) ) ;
#3492 = FACE_OUTER_BOUND ( 'NONE', #1473, .T. ) ;
#3493 = EDGE_CURVE ( 'NONE', #2650, #2326, #2771, .T. ) ;
#3494 = EDGE_LOOP ( 'NONE', ( #1881, #2456, #1832, #2234 ) ) ;
#3495 = FACE_OUTER_BOUND ( 'NONE', #1134, .T. ) ;
#3496 = CARTESIAN_POINT ( 'NONE',  ( 0.000000000000000000, 12.75735481870603927, -4.440513690391989954 ) ) ;
#3497 = DIRECTION ( 'NONE',  ( 0.000000000000000000, -0.8878852184023700023, -0.4600650377311620853 ) ) ;
#3498 = LINE ( 'NONE', #3204, #1139 ) ;
#3499 = VERTEX_POINT ( 'NONE', #1354 ) ;
#3500 = LINE ( 'NONE', #2271, #2876 ) ;
#3501 = CIRCLE ( 'NONE', #2237, 15.62500000000000000 ) ;
#3502 = ORIENTED_EDGE ( 'NONE', *, *, #1524, .F. ) ;
#3503 = CARTESIAN_POINT ( 'NONE',  ( 10.00000000000000000, 8.726345089906628161, 12.96115451539183994 ) ) ;
#3504 = ORIENTED_EDGE ( 'NONE', *, *, #361, .F. ) ;
#3505 = CIRCLE ( 'NONE', #2701, 12.81149999999999700 ) ;
#3506 = EDGE_LOOP ( 'NONE', ( #1140, #3810, #3510, #1152 ) ) ;
#3507 = LINE ( 'NONE', #2569, #2982 ) ;
#3508 = DIRECTION ( 'NONE',  ( 1.000000000000000000, 0.000000000000000000, 0.000000000000000000 ) ) ;
#3509 = CARTESIAN_POINT ( 'NONE',  ( 10.00000000000000000, -8.456300558605988726, -10.53371941279247892 ) ) ;
#3510 = ORIENTED_EDGE ( 'NONE', *, *, #1516, .T. ) ;
#3511 = DIRECTION ( 'NONE',  ( -1.000000000000000000, 0.000000000000000000, 0.000000000000000000 ) ) ;
#3512 = CARTESIAN_POINT ( 'NONE',  ( 0.000000000000000000, 10.61984581506641945, -7.166129158354319628 ) ) ;
#3513 = CARTESIAN_POINT ( 'NONE',  ( 10.00000000000000000, -11.97876787724253944, 4.543528627965479849 ) ) ;
#3514 = DIRECTION ( 'NONE',  ( -1.000000000000000000, 0.000000000000000000, 0.000000000000000000 ) ) ;
#3515 = CARTESIAN_POINT ( 'NONE',  ( 0.000000000000000000, -10.40994441961314010, -11.65219645305401919 ) ) ;
#3516 = LINE ( 'NONE', #1002, #3766 ) ;
#3517 = EDGE_CURVE ( 'NONE', #848, #1395, #1377, .T. ) ;
#3518 = ORIENTED_EDGE ( 'NONE', *, *, #932, .F. ) ;
#3519 = ORIENTED_EDGE ( 'NONE', *, *, #3663, .F. ) ;
#3520 = DIRECTION ( 'NONE',  ( 0.000000000000000000, 0.000000000000000000, 1.000000000000000000 ) ) ;
#3521 = DIRECTION ( 'NONE',  ( 1.000000000000000000, 0.000000000000000000, 0.000000000000000000 ) ) ;
#3522 = ORIENTED_EDGE ( 'NONE', *, *, #465, .F. ) ;
#3523 = EDGE_CURVE ( 'NONE', #3258, #3708, #2696, .T. ) ;
#3524 = ORIENTED_EDGE ( 'NONE', *, *, #2104, .F. ) ;
#3525 = CARTESIAN_POINT ( 'NONE',  ( 10.00000000000000000, -2.840164252701424807, 15.36470279626900037 ) ) ;
#3526 = AXIS2_PLACEMENT_3D ( 'NONE', #69, #3194, #3882 ) ;
#3527 = LINE ( 'NONE', #1974, #2030 ) ;
#3528 = CARTESIAN_POINT ( 'NONE',  ( 10.00000000000000000, 13.48231375170810153, 6.583954258591799835 ) ) ;
#3529 = AXIS2_PLACEMENT_3D ( 'NONE', #4051, #2116, #3735 ) ;
#3530 = ORIENTED_EDGE ( 'NONE', *, *, #7, .T. ) ;
#3531 = VERTEX_POINT ( 'NONE', #82 ) ;
#3532 = LINE ( 'NONE', #1895, #2529 ) ;
#3533 = CARTESIAN_POINT ( 'NONE',  ( 10.00000000000000000, 0.000000000000000000, 0.000000000000000000 ) ) ;
#3534 = CARTESIAN_POINT ( 'NONE',  ( 10.00000000000000000, -1.752075746886789798, 13.39397231526523946 ) ) ;
#3535 = EDGE_CURVE ( 'NONE', #179, #615, #2633, .T. ) ;
#3536 = EDGE_CURVE ( 'NONE', #1884, #3707, #2049, .T. ) ;
#3537 = LINE ( 'NONE', #1044, #3876 ) ;
#3538 = DIRECTION ( 'NONE',  ( 0.000000000000000000, 0.000000000000000000, -1.000000000000000000 ) ) ;
#3539 = DIRECTION ( 'NONE',  ( -1.000000000000000000, 0.000000000000000000, 0.000000000000000000 ) ) ;
#3540 = AXIS2_PLACEMENT_3D ( 'NONE', #1553, #2806, #4061 ) ;
#3541 = EDGE_CURVE ( 'NONE', #3444, #2816, #3501, .T. ) ;
#3542 = CARTESIAN_POINT ( 'NONE',  ( 10.00000000000000000, 0.000000000000000000, 0.000000000000000000 ) ) ;
#3543 = CIRCLE ( 'NONE', #3475, 12.81150000000000233 ) ;
#3544 = VERTEX_POINT ( 'NONE', #3277 ) ;
#3545 = DIRECTION ( 'NONE',  ( -1.000000000000000000, 0.000000000000000000, 0.000000000000000000 ) ) ;
#3546 = DIRECTION ( 'NONE',  ( 0.000000000000000000, -0.1361666490962539500, 0.9906859460363297565 ) ) ;
#3547 = AXIS2_PLACEMENT_3D ( 'NONE', #1142, #870, #1121 ) ;
#3548 = ORIENTED_EDGE ( 'NONE', *, *, #1888, .F. ) ;
#3549 = CIRCLE ( 'NONE', #3413, 12.81149999999999878 ) ;
#3550 = EDGE_LOOP ( 'NONE', ( #2906, #2517, #729, #126 ) ) ;
#3551 = AXIS2_PLACEMENT_3D ( 'NONE', #1466, #1165, #3055 ) ;
#3552 = AXIS2_PLACEMENT_3D ( 'NONE', #2967, #2314, #3847 ) ;
#3553 = CARTESIAN_POINT ( 'NONE',  ( 0.000000000000000000, 0.7215507154584960281, -15.60833077446210027 ) ) ;
#3554 = DIRECTION ( 'NONE',  ( -1.000000000000000000, 0.000000000000000000, 0.000000000000000000 ) ) ;
#3555 = ORIENTED_EDGE ( 'NONE', *, *, #3714, .T. ) ;
#3556 = AXIS2_PLACEMENT_3D ( 'NONE', #293, #2163, #3192 ) ;
#3557 = VERTEX_POINT ( 'NONE', #452 ) ;
#3558 = FACE_OUTER_BOUND ( 'NONE', #3441, .T. ) ;
#3559 = ORIENTED_EDGE ( 'NONE', *, *, #435, .F. ) ;
#3560 = DIRECTION ( 'NONE',  ( -1.000000000000000000, 0.000000000000000000, 0.000000000000000000 ) ) ;
#3561 = DIRECTION ( 'NONE',  ( -1.000000000000000000, 0.000000000000000000, 0.000000000000000000 ) ) ;
#3562 = DIRECTION ( 'NONE',  ( 0.000000000000000000, 0.000000000000000000, -1.000000000000000000 ) ) ;
#3563 = CARTESIAN_POINT ( 'NONE',  ( 10.00000000000000000, -12.59563626849155860, -2.341896505369085002 ) ) ;
#3564 = ORIENTED_EDGE ( 'NONE', *, *, #1574, .F. ) ;
#3565 = CARTESIAN_POINT ( 'NONE',  ( 0.000000000000000000, -11.49671979254302023, 5.653314626106469731 ) ) ;
#3566 = CARTESIAN_POINT ( 'NONE',  ( 10.00000000000000000, 13.20735115122737824, 2.834455745481625044 ) ) ;
#3567 = ORIENTED_EDGE ( 'NONE', *, *, #611, .F. ) ;
#3568 = AXIS2_PLACEMENT_3D ( 'NONE', #2037, #2648, #3684 ) ;
#3569 = ORIENTED_EDGE ( 'NONE', *, *, #2584, .F. ) ;
#3570 = EDGE_CURVE ( 'NONE', #1863, #1954, #999, .T. ) ;
#3571 = CIRCLE ( 'NONE', #1066, 5.750000000000002665 ) ;
#3572 = CARTESIAN_POINT ( 'NONE',  ( 0.000000000000000000, 7.000000000000000000, 1.600000000000000089 ) ) ;
#3573 = DIRECTION ( 'NONE',  ( 0.000000000000000000, 0.000000000000000000, 1.000000000000000000 ) ) ;
#3574 = VERTEX_POINT ( 'NONE', #3873 ) ;
#3575 = CARTESIAN_POINT ( 'NONE',  ( 10.00000000000000000, 9.811879393830221119, 9.284141670927407830 ) ) ;
#3576 = ORIENTED_EDGE ( 'NONE', *, *, #1853, .F. ) ;
#3577 = EDGE_CURVE ( 'NONE', #1067, #179, #2175, .T. ) ;
#3578 = CARTESIAN_POINT ( 'NONE',  ( 10.00000000000000000, 9.290514346019460135, 12.56292036854514116 ) ) ;
#3579 = ORIENTED_EDGE ( 'NONE', *, *, #2737, .T. ) ;
#3580 = CARTESIAN_POINT ( 'NONE',  ( 10.00000000000000000, -12.59563626849155860, -2.341896505369085002 ) ) ;
#3581 = CARTESIAN_POINT ( 'NONE',  ( 5.000000000000000000, -3.516283588487544964, -15.22420358262899853 ) ) ;
#3582 = DIRECTION ( 'NONE',  ( -1.000000000000000000, 0.000000000000000000, 0.000000000000000000 ) ) ;
#3583 = ORIENTED_EDGE ( 'NONE', *, *, #3716, .F. ) ;
#3584 = CYLINDRICAL_SURFACE ( 'NONE', #3937, 5.750000000000001776 ) ;
#3585 = DIRECTION ( 'NONE',  ( 1.000000000000000000, -0.000000000000000000, -0.000000000000000000 ) ) ;
#3586 = VERTEX_POINT ( 'NONE', #3503 ) ;
#3587 = ORIENTED_EDGE ( 'NONE', *, *, #355, .T. ) ;
#3588 = ADVANCED_FACE ( 'NONE', ( #677 ), #1919, .T. ) ;
#3589 = EDGE_CURVE ( 'NONE', #1713, #3499, #3003, .T. ) ;
#3590 = CYLINDRICAL_SURFACE ( 'NONE', #3060, 15.62500000000000000 ) ;
#3591 = CIRCLE ( 'NONE', #1869, 15.62500000000000000 ) ;
#3592 = EDGE_CURVE ( 'NONE', #2854, #2135, #3040, .T. ) ;
#3593 = ORIENTED_EDGE ( 'NONE', *, *, #644, .F. ) ;
#3594 = MECHANICAL_DESIGN_GEOMETRIC_PRESENTATION_REPRESENTATION (  '', ( #762 ), #2943 ) ;
#3595 = VERTEX_POINT ( 'NONE', #1726 ) ;
#3596 = CARTESIAN_POINT ( 'NONE',  ( 0.000000000000000000, 8.292634615677430432, -9.765589761036881811 ) ) ;
#3597 = ORIENTED_EDGE ( 'NONE', *, *, #789, .F. ) ;
#3598 = CIRCLE ( 'NONE', #1413, 3.000000000000000888 ) ;
#3599 = FACE_OUTER_BOUND ( 'NONE', #3606, .T. ) ;
#3600 = CARTESIAN_POINT ( 'NONE',  ( 3.000000000000000000, -2.444036937190193349E-14, -8.599999999999999645 ) ) ;
#3601 = AXIS2_PLACEMENT_3D ( 'NONE', #2061, #3324, #1748 ) ;
#3602 = CARTESIAN_POINT ( 'NONE',  ( 10.00000000000000000, 0.000000000000000000, 0.000000000000000000 ) ) ;
#3603 = ORIENTED_EDGE ( 'NONE', *, *, #3947, .F. ) ;
#3604 = DIRECTION ( 'NONE',  ( -1.000000000000000000, 0.000000000000000000, 0.000000000000000000 ) ) ;
#3605 = CARTESIAN_POINT ( 'NONE',  ( 10.00000000000000000, -9.932084523302711077, -9.155433404645119566 ) ) ;
#3606 = EDGE_LOOP ( 'NONE', ( #1502, #1400, #3884, #53 ) ) ;
#3607 = CIRCLE ( 'NONE', #3010, 15.62500000000000000 ) ;
#3608 = ORIENTED_EDGE ( 'NONE', *, *, #2429, .F. ) ;
#3609 = DIRECTION ( 'NONE',  ( -1.000000000000000000, 0.000000000000000000, 0.000000000000000000 ) ) ;
#3610 = AXIS2_PLACEMENT_3D ( 'NONE', #3269, #1386, #380 ) ;
#3611 = ADVANCED_FACE ( 'NONE', ( #3949 ), #203, .T. ) ;
#3612 = CIRCLE ( 'NONE', #3079, 1.600000000000000089 ) ;
#3613 = CARTESIAN_POINT ( 'NONE',  ( 0.000000000000000000, 11.08624123981545928, -7.717740535774420430 ) ) ;
#3614 = EDGE_CURVE ( 'NONE', #3462, #348, #2664, .T. ) ;
#3615 = CIRCLE ( 'NONE', #504, 1.600000000000000089 ) ;
#3616 = AXIS2_PLACEMENT_3D ( 'NONE', #2784, #559, #2768 ) ;
#3617 = EDGE_LOOP ( 'NONE', ( #1060, #2381, #2027, #3041 ) ) ;
#3618 = CARTESIAN_POINT ( 'NONE',  ( 10.00000000000000000, -7.093669515771289902, -11.49556943374001960 ) ) ;
#3619 = CYLINDRICAL_SURFACE ( 'NONE', #3601, 3.000000000000000444 ) ;
#3620 = ORIENTED_EDGE ( 'NONE', *, *, #204, .F. ) ;
#3621 = CARTESIAN_POINT ( 'NONE',  ( 10.00000000000000000, 11.89962618115381865, -10.12618001759785891 ) ) ;
#3622 = DIRECTION ( 'NONE',  ( -1.000000000000000000, 0.000000000000000000, 0.000000000000000000 ) ) ;
#3623 = PRODUCT_CONTEXT ( 'NONE', #906, 'mechanical' ) ;
#3624 = VECTOR ( 'NONE', #3115, 1000.000000000000000 ) ;
#3625 = DIRECTION ( 'NONE',  ( -1.000000000000000000, 0.000000000000000000, 0.000000000000000000 ) ) ;
#3626 = ORIENTED_EDGE ( 'NONE', *, *, #653, .F. ) ;
#3627 = FACE_OUTER_BOUND ( 'NONE', #1728, .T. ) ;
#3628 = ORIENTED_EDGE ( 'NONE', *, *, #2670, .F. ) ;
#3629 = ORIENTED_EDGE ( 'NONE', *, *, #742, .F. ) ;
#3630 = DIRECTION ( 'NONE',  ( -1.000000000000000000, 0.000000000000000000, 0.000000000000000000 ) ) ;
#3631 = AXIS2_PLACEMENT_3D ( 'NONE', #59, #2563, #1619 ) ;
#3632 = FACE_OUTER_BOUND ( 'NONE', #1922, .T. ) ;
#3633 = VERTEX_POINT ( 'NONE', #779 ) ;
#3634 = AXIS2_PLACEMENT_3D ( 'NONE', #2533, #3253, #982 ) ;
#3635 = DIRECTION ( 'NONE',  ( 0.000000000000000000, 0.000000000000000000, 1.000000000000000000 ) ) ;
#3636 = DIRECTION ( 'NONE',  ( 0.000000000000000000, 0.000000000000000000, 1.000000000000000000 ) ) ;
#3637 = DIRECTION ( 'NONE',  ( 0.000000000000000000, 0.000000000000000000, 1.000000000000000000 ) ) ;
#3638 = CARTESIAN_POINT ( 'NONE',  ( -0.0009999999999992653654, 7.351705160356937417E-14, 8.600000000000001421 ) ) ;
#3639 = EDGE_CURVE ( 'NONE', #1961, #3836, #277, .T. ) ;
#3640 = ORIENTED_EDGE ( 'NONE', *, *, #1646, .T. ) ;
#3641 = CARTESIAN_POINT ( 'NONE',  ( 10.00000000000000000, 11.24851991847275912, -6.132318639284929596 ) ) ;
#3642 = VERTEX_POINT ( 'NONE', #2707 ) ;
#3643 = ORIENTED_EDGE ( 'NONE', *, *, #1176, .F. ) ;
#3644 = LINE ( 'NONE', #3400, #3806 ) ;
#3645 = ADVANCED_FACE ( 'NONE', ( #3627 ), #2988, .F. ) ;
#3646 = ORIENTED_EDGE ( 'NONE', *, *, #3168, .T. ) ;
#3647 = FACE_OUTER_BOUND ( 'NONE', #1131, .T. ) ;
#3648 = DIRECTION ( 'NONE',  ( 1.000000000000000000, -0.000000000000000000, -0.000000000000000000 ) ) ;
#3649 = VERTEX_POINT ( 'NONE', #1172 ) ;
#3650 = CARTESIAN_POINT ( 'NONE',  ( 10.00000000000000000, 13.48231375170810153, 0.8339542585917989470 ) ) ;
#3651 = CARTESIAN_POINT ( 'NONE',  ( 0.000000000000000000, -7.093669515771289902, -11.49556943374001960 ) ) ;
#3652 = AXIS2_PLACEMENT_3D ( 'NONE', #1484, #2741, #2121 ) ;
#3653 = DIRECTION ( 'NONE',  ( 0.000000000000000000, 0.8878852184023761085, -0.4600650377311503170 ) ) ;
#3654 = ADVANCED_FACE ( 'NONE', ( #2070 ), #220, .F. ) ;
#3655 = EDGE_LOOP ( 'NONE', ( #995, #699, #3456, #619 ) ) ;
#3656 = AXIS2_PLACEMENT_3D ( 'NONE', #3197, #352, #2575 ) ;
#3657 = DIRECTION ( 'NONE',  ( 1.000000000000000000, 0.000000000000000000, 0.000000000000000000 ) ) ;
#3658 = EDGE_CURVE ( 'NONE', #2650, #2638, #2905, .T. ) ;
#3659 = EDGE_LOOP ( 'NONE', ( #752, #3892, #2950, #3895 ) ) ;
#3660 = DIRECTION ( 'NONE',  ( -1.000000000000000000, 0.000000000000000000, 0.000000000000000000 ) ) ;
#3661 = AXIS2_PLACEMENT_3D ( 'NONE', #1800, #550, #3971 ) ;
#3662 = ADVANCED_FACE ( 'NONE', ( #3358 ), #3929, .T. ) ;
#3663 = EDGE_CURVE ( 'NONE', #2010, #1564, #1472, .T. ) ;
#3664 = VERTEX_POINT ( 'NONE', #2724 ) ;
#3665 = ORIENTED_EDGE ( 'NONE', *, *, #137, .T. ) ;
#3666 = DIRECTION ( 'NONE',  ( 0.000000000000000000, 0.000000000000000000, -1.000000000000000000 ) ) ;
#3667 = VERTEX_POINT ( 'NONE', #2392 ) ;
#3668 = VECTOR ( 'NONE', #3392, 1000.000000000000000 ) ;
#3669 = DIRECTION ( 'NONE',  ( -1.000000000000000000, 0.000000000000000000, 0.000000000000000000 ) ) ;
#3670 = AXIS2_PLACEMENT_3D ( 'NONE', #281, #2512, #46 ) ;
#3671 = AXIS2_PLACEMENT_3D ( 'NONE', #378, #1910, #712 ) ;
#3672 = CIRCLE ( 'NONE', #3874, 5.750000000000000888 ) ;
#3673 = CARTESIAN_POINT ( 'NONE',  ( 10.00000000000000000, -14.94875277203460051, -4.547022713885190193 ) ) ;
#3674 = ORIENTED_EDGE ( 'NONE', *, *, #3614, .F. ) ;
#3675 = AXIS2_PLACEMENT_3D ( 'NONE', #3054, #1421, #3016 ) ;
#3676 = CIRCLE ( 'NONE', #2883, 5.749999999999999112 ) ;
#3677 = DIRECTION ( 'NONE',  ( -1.000000000000000000, 0.000000000000000000, 0.000000000000000000 ) ) ;
#3678 = DIRECTION ( 'NONE',  ( -1.000000000000000000, 0.000000000000000000, 0.000000000000000000 ) ) ;
#3679 = AXIS2_PLACEMENT_3D ( 'NONE', #3700, #3312, #792 ) ;
#3680 = CARTESIAN_POINT ( 'NONE',  ( 10.00000000000000000, -11.49671979254296161, -5.653314626106629603 ) ) ;
#3681 = ORIENTED_EDGE ( 'NONE', *, *, #361, .T. ) ;
#3682 = DIRECTION ( 'NONE',  ( 0.000000000000000000, -0.7308359642781157017, -0.6825531432186630054 ) ) ;
#3683 = DIRECTION ( 'NONE',  ( -1.000000000000000000, 0.000000000000000000, 0.000000000000000000 ) ) ;
#3684 = DIRECTION ( 'NONE',  ( 0.000000000000000000, 0.000000000000000000, -1.000000000000000000 ) ) ;
#3685 = VERTEX_POINT ( 'NONE', #1394 ) ;
#3686 = DIRECTION ( 'NONE',  ( 0.000000000000000000, -0.9976687691905399280, 0.06824241336466067842 ) ) ;
#3687 = EDGE_LOOP ( 'NONE', ( #777, #633, #470, #129 ) ) ;
#3688 = ORIENTED_EDGE ( 'NONE', *, *, #3768, .F. ) ;
#3689 = DIRECTION ( 'NONE',  ( 0.000000000000000000, -0.9790840876823206917, -0.2034560130526450183 ) ) ;
#3690 = DIRECTION ( 'NONE',  ( -1.000000000000000000, 0.000000000000000000, 0.000000000000000000 ) ) ;
#3691 = ORIENTED_EDGE ( 'NONE', *, *, #821, .T. ) ;
#3692 = LINE ( 'NONE', #3384, #2270 ) ;
#3693 = CARTESIAN_POINT ( 'NONE',  ( 0.000000000000000000, -11.49671979254296161, -5.653314626106629603 ) ) ;
#3694 = SURFACE_SIDE_STYLE ('',( #3804 ) ) ;
#3695 = ADVANCED_FACE ( 'NONE', ( #3909 ), #3985, .T. ) ;
#3696 = DIRECTION ( 'NONE',  ( -1.000000000000000000, 0.000000000000000000, 0.000000000000000000 ) ) ;
#3697 = ORIENTED_EDGE ( 'NONE', *, *, #3346, .T. ) ;
#3698 = CIRCLE ( 'NONE', #2374, 12.81150000000000055 ) ;
#3699 = DIRECTION ( 'NONE',  ( 0.000000000000000000, 0.000000000000000000, 1.000000000000000000 ) ) ;
#3700 = CARTESIAN_POINT ( 'NONE',  ( 10.00000000000000000, -13.47029551076158072, 1.009654722010205896 ) ) ;
#3701 = DIRECTION ( 'NONE',  ( -1.000000000000000000, 0.000000000000000000, 0.000000000000000000 ) ) ;
#3702 = EDGE_CURVE ( 'NONE', #458, #1558, #933, .T. ) ;
#3703 = DIRECTION ( 'NONE',  ( 0.000000000000000000, 0.5195839500354350049, -0.8544194045464877929 ) ) ;
#3704 = CARTESIAN_POINT ( 'NONE',  ( 0.000000000000000000, 0.7215507154582819771, 15.60833077446214823 ) ) ;
#3705 = VERTEX_POINT ( 'NONE', #3965 ) ;
#3706 = CARTESIAN_POINT ( 'NONE',  ( 0.000000000000000000, 0.000000000000000000, 0.000000000000000000 ) ) ;
#3707 = VERTEX_POINT ( 'NONE', #180 ) ;
#3708 = VERTEX_POINT ( 'NONE', #1433 ) ;
#3709 = LINE ( 'NONE', #1273, #1098 ) ;
#3710 = LINE ( 'NONE', #2778, #3219 ) ;
#3711 = ORIENTED_EDGE ( 'NONE', *, *, #1767, .T. ) ;
#3712 = LINE ( 'NONE', #2161, #3065 ) ;
#3713 = EDGE_CURVE ( 'NONE', #2460, #3877, #503, .T. ) ;
#3714 = EDGE_CURVE ( 'NONE', #92, #3247, #3037, .T. ) ;
#3715 = CARTESIAN_POINT ( 'NONE',  ( 0.000000000000000000, 10.61984581506632175, 7.166129158354469730 ) ) ;
#3716 = EDGE_CURVE ( 'NONE', #3381, #882, #2106, .T. ) ;
#3717 = FACE_OUTER_BOUND ( 'NONE', #3728, .T. ) ;
#3718 = ORIENTED_EDGE ( 'NONE', *, *, #867, .T. ) ;
#3719 = LINE ( 'NONE', #1512, #2354 ) ;
#3720 = CARTESIAN_POINT ( 'NONE',  ( 10.00000000000000000, 0.000000000000000000, 0.000000000000000000 ) ) ;
#3721 = CIRCLE ( 'NONE', #2262, 5.750000000000000000 ) ;
#3722 = DIRECTION ( 'NONE',  ( -1.000000000000000000, 0.000000000000000000, 0.000000000000000000 ) ) ;
#3723 = CIRCLE ( 'NONE', #628, 15.62500000000000000 ) ;
#3724 = ORIENTED_EDGE ( 'NONE', *, *, #3592, .T. ) ;
#3725 = DIRECTION ( 'NONE',  ( -1.000000000000000000, 0.000000000000000000, 0.000000000000000000 ) ) ;
#3726 = ORIENTED_EDGE ( 'NONE', *, *, #2160, .T. ) ;
#3727 = CIRCLE ( 'NONE', #493, 12.81150000000000055 ) ;
#3728 = EDGE_LOOP ( 'NONE', ( #326, #608, #3921, #2276 ) ) ;
#3729 = VERTEX_POINT ( 'NONE', #3436 ) ;
#3730 = DIRECTION ( 'NONE',  ( -1.000000000000000000, -0.000000000000000000, -0.000000000000000000 ) ) ;
#3731 = CIRCLE ( 'NONE', #3467, 15.62500000000000000 ) ;
#3732 = CARTESIAN_POINT ( 'NONE',  ( 0.000000000000000000, -2.444036937190193349E-14, -7.000000000000000000 ) ) ;
#3733 = CARTESIAN_POINT ( 'NONE',  ( 10.00000000000000000, -12.69837882901398096, 4.606456221410399898 ) ) ;
#3734 = EDGE_LOOP ( 'NONE', ( #3470, #2338 ) ) ;
#3735 = DIRECTION ( 'NONE',  ( 0.000000000000000000, 0.000000000000000000, 1.000000000000000000 ) ) ;
#3736 = EDGE_CURVE ( 'NONE', #1583, #3281, #3437, .T. ) ;
#3737 = CARTESIAN_POINT ( 'NONE',  ( 10.00000000000000000, -7.000000000000000000, -2.999999999999951594 ) ) ;
#3738 = VECTOR ( 'NONE', #3198, 1000.000000000000000 ) ;
#3739 = CIRCLE ( 'NONE', #311, 5.750000000000000888 ) ;
#3740 = VERTEX_POINT ( 'NONE', #3704 ) ;
#3741 = CARTESIAN_POINT ( 'NONE',  ( 10.00000000000000000, -6.885648935156940098, 10.80381279881190082 ) ) ;
#3742 = CARTESIAN_POINT ( 'NONE',  ( 3.000000000000000000, 7.332110811570580046E-14, 4.000000000000000000 ) ) ;
#3743 = DIRECTION ( 'NONE',  ( -1.000000000000000000, 0.000000000000000000, 0.000000000000000000 ) ) ;
#3744 = AXIS2_PLACEMENT_3D ( 'NONE', #3091, #1238, #2760 ) ;
#3745 = DIRECTION ( 'NONE',  ( 0.000000000000000000, 0.000000000000000000, 1.000000000000000000 ) ) ;
#3746 = CIRCLE ( 'NONE', #1373, 5.750000000000000888 ) ;
#3747 = ORIENTED_EDGE ( 'NONE', *, *, #917, .F. ) ;
#3748 = EDGE_CURVE ( 'NONE', #2573, #3027, #3174, .T. ) ;
#3749 = DIRECTION ( 'NONE',  ( 0.000000000000000000, -0.9790840876823206917, -0.2034560130526444355 ) ) ;
#3750 = ORIENTED_EDGE ( 'NONE', *, *, #1595, .T. ) ;
#3751 = LINE ( 'NONE', #243, #305 ) ;
#3752 = ORIENTED_EDGE ( 'NONE', *, *, #1374, .T. ) ;
#3753 = CARTESIAN_POINT ( 'NONE',  ( 0.000000000000000000, 0.000000000000000000, 0.000000000000000000 ) ) ;
#3754 = AXIS2_PLACEMENT_3D ( 'NONE', #350, #2239, #1247 ) ;
#3755 = CARTESIAN_POINT ( 'NONE',  ( 3.000000000000000000, 7.000000000000000000, 0.000000000000000000 ) ) ;
#3756 = ORIENTED_EDGE ( 'NONE', *, *, #3713, .T. ) ;
#3757 = EDGE_CURVE ( 'NONE', #871, #238, #13, .T. ) ;
#3758 = DIRECTION ( 'NONE',  ( 0.000000000000000000, 0.8878852184023762195, -0.4600650377311501504 ) ) ;
#3759 = CYLINDRICAL_SURFACE ( 'NONE', #3556, 1.600000000000000089 ) ;
#3760 = CARTESIAN_POINT ( 'NONE',  ( 3.000000000000000000, -7.000000000000000000, 4.888073874380386697E-14 ) ) ;
#3761 = FACE_OUTER_BOUND ( 'NONE', #3325, .T. ) ;
#3762 = CYLINDRICAL_SURFACE ( 'NONE', #1691, 5.750000000000000000 ) ;
#3763 = AXIS2_PLACEMENT_3D ( 'NONE', #3378, #3660, #2358 ) ;
#3764 = CARTESIAN_POINT ( 'NONE',  ( 10.00000000000000000, -3.715476584966189932, 12.26090396327153975 ) ) ;
#3765 = CARTESIAN_POINT ( 'NONE',  ( 10.00000000000000000, 10.61984581506641945, -7.166129158354319628 ) ) ;
#3766 = VECTOR ( 'NONE', #3801, 1000.000000000000000 ) ;
#3767 = ORIENTED_EDGE ( 'NONE', *, *, #310, .F. ) ;
#3768 = EDGE_CURVE ( 'NONE', #569, #2969, #240, .T. ) ;
#3769 = FILL_AREA_STYLE ('',( #984 ) ) ;
#3770 = VERTEX_POINT ( 'NONE', #877 ) ;
#3771 = CARTESIAN_POINT ( 'NONE',  ( 5.000000000000000000, -14.94875277203460051, -4.547022713885190193 ) ) ;
#3772 = ORIENTED_EDGE ( 'NONE', *, *, #3714, .F. ) ;
#3773 = ADVANCED_FACE ( 'NONE', ( #1817 ), #1196, .T. ) ;
#3774 = DIRECTION ( 'NONE',  ( 0.000000000000000000, 0.000000000000000000, -1.000000000000000000 ) ) ;
#3775 = FACE_OUTER_BOUND ( 'NONE', #164, .T. ) ;
#3776 = ORIENTED_EDGE ( 'NONE', *, *, #1135, .T. ) ;
#3777 = CARTESIAN_POINT ( 'NONE',  ( 0.000000000000000000, -10.98468148073613904, 7.861617936003590046 ) ) ;
#3778 = CARTESIAN_POINT ( 'NONE',  ( 5.000000000000000000, 0.7215507154584990257, -15.60833077446210027 ) ) ;
#3779 = FACE_OUTER_BOUND ( 'NONE', #2932, .T. ) ;
#3780 = CYLINDRICAL_SURFACE ( 'NONE', #2837, 15.62500000000000000 ) ;
#3781 = ORIENTED_EDGE ( 'NONE', *, *, #137, .F. ) ;
#3782 = ADVANCED_FACE ( 'NONE', ( #3082 ), #567, .F. ) ;
#3783 = EDGE_CURVE ( 'NONE', #1781, #2252, #1658, .T. ) ;
#3784 = DIRECTION ( 'NONE',  ( 0.000000000000000000, 0.000000000000000000, 1.000000000000000000 ) ) ;
#3785 = VERTEX_POINT ( 'NONE', #629 ) ;
#3786 = DIRECTION ( 'NONE',  ( 0.000000000000000000, 0.000000000000000000, 1.000000000000000000 ) ) ;
#3787 = AXIS2_PLACEMENT_3D ( 'NONE', #1997, #434, #2362 ) ;
#3788 = ORIENTED_EDGE ( 'NONE', *, *, #686, .F. ) ;
#3789 = ADVANCED_FACE ( 'NONE', ( #3418 ), #3478, .T. ) ;
#3790 = VERTEX_POINT ( 'NONE', #609 ) ;
#3791 = CIRCLE ( 'NONE', #106, 3.000000000000000444 ) ;
#3792 = CIRCLE ( 'NONE', #1554, 5.750000000000000000 ) ;
#3793 = LINE ( 'NONE', #2162, #2478 ) ;
#3794 = CARTESIAN_POINT ( 'NONE',  ( 10.00000000000000000, 0.000000000000000000, 0.000000000000000000 ) ) ;
#3795 = ORIENTED_EDGE ( 'NONE', *, *, #3039, .T. ) ;
#3796 = CIRCLE ( 'NONE', #772, 5.750000000000001776 ) ;
#3797 = DIRECTION ( 'NONE',  ( 0.000000000000000000, -0.2697967711570115057, -0.9629172873478030192 ) ) ;
#3798 = VECTOR ( 'NONE', #2207, 1000.000000000000000 ) ;
#3799 = CYLINDRICAL_SURFACE ( 'NONE', #2815, 15.62500000000000000 ) ;
#3800 = CIRCLE ( 'NONE', #1950, 12.81150000000000766 ) ;
#3801 = DIRECTION ( 'NONE',  ( -1.000000000000000000, 0.000000000000000000, 0.000000000000000000 ) ) ;
#3802 = ORIENTED_EDGE ( 'NONE', *, *, #1073, .F. ) ;
#3803 = AXIS2_PLACEMENT_3D ( 'NONE', #929, #1523, #3365 ) ;
#3804 = SURFACE_STYLE_FILL_AREA ( #3769 ) ;
#3805 = DIRECTION ( 'NONE',  ( -1.000000000000000000, 0.000000000000000000, 0.000000000000000000 ) ) ;
#3806 = VECTOR ( 'NONE', #817, 1000.000000000000000 ) ;
#3807 = ORIENTED_EDGE ( 'NONE', *, *, #2965, .F. ) ;
#3808 = AXIS2_PLACEMENT_3D ( 'NONE', #1871, #3701, #3098 ) ;
#3809 = CARTESIAN_POINT ( 'NONE',  ( -0.0009999999999992653654, 7.000000000000000000, 1.600000000000000089 ) ) ;
#3810 = ORIENTED_EDGE ( 'NONE', *, *, #2173, .F. ) ;
#3811 = ORIENTED_EDGE ( 'NONE', *, *, #2181, .T. ) ;
#3812 = CYLINDRICAL_SURFACE ( 'NONE', #3973, 5.750000000000000000 ) ;
#3813 = DIRECTION ( 'NONE',  ( 0.000000000000000000, -0.8878852184023700023, -0.4600650377311620853 ) ) ;
#3814 = ADVANCED_FACE ( 'NONE', ( #1255 ), #588, .T. ) ;
#3815 = ORIENTED_EDGE ( 'NONE', *, *, #2799, .T. ) ;
#3816 = DIRECTION ( 'NONE',  ( 1.000000000000000000, 0.000000000000000000, 0.000000000000000000 ) ) ;
#3817 = LINE ( 'NONE', #1835, #642 ) ;
#3818 = CYLINDRICAL_SURFACE ( 'NONE', #252, 1.600000000000000755 ) ;
#3819 = ADVANCED_FACE ( 'NONE', ( #4023 ), #895, .T. ) ;
#3820 = CYLINDRICAL_SURFACE ( 'NONE', #3610, 12.81150000000000055 ) ;
#3821 = CARTESIAN_POINT ( 'NONE',  ( 10.00000000000000000, 1.926546458205049994, 13.36999186795932104 ) ) ;
#3822 = CARTESIAN_POINT ( 'NONE',  ( 5.000000000000000000, -2.840164252701209868, -15.36470279626905011 ) ) ;
#3823 = ORIENTED_EDGE ( 'NONE', *, *, #1047, .T. ) ;
#3824 = CARTESIAN_POINT ( 'NONE',  ( 0.000000000000000000, 0.000000000000000000, 0.000000000000000000 ) ) ;
#3825 = DIRECTION ( 'NONE',  ( -1.000000000000000000, 0.000000000000000000, 0.000000000000000000 ) ) ;
#3826 = AXIS2_PLACEMENT_3D ( 'NONE', #3605, #2054, #542 ) ;
#3827 = ORIENTED_EDGE ( 'NONE', *, *, #3577, .F. ) ;
#3828 = CARTESIAN_POINT ( 'NONE',  ( 0.000000000000000000, 1.926546458205234957, -13.36999186795929973 ) ) ;
#3829 = LINE ( 'NONE', #1295, #3034 ) ;
#3830 = ORIENTED_EDGE ( 'NONE', *, *, #3987, .F. ) ;
#3831 = VECTOR ( 'NONE', #1105, 1000.000000000000000 ) ;
#3832 = VERTEX_POINT ( 'NONE', #3144 ) ;
#3833 = CARTESIAN_POINT ( 'NONE',  ( 10.00000000000000000, 4.905870903713871023, -14.83485947611550060 ) ) ;
#3834 = EDGE_CURVE ( 'NONE', #615, #1977, #212, .T. ) ;
#3835 = EDGE_CURVE ( 'NONE', #3046, #1863, #2773, .T. ) ;
#3836 = VERTEX_POINT ( 'NONE', #1232 ) ;
#3837 = ORIENTED_EDGE ( 'NONE', *, *, #3523, .T. ) ;
#3838 = VERTEX_POINT ( 'NONE', #2474 ) ;
#3839 = EDGE_CURVE ( 'NONE', #1149, #636, #3122, .T. ) ;
#3840 = ADVANCED_FACE ( 'NONE', ( #323 ), #3780, .T. ) ;
#3841 = DIRECTION ( 'NONE',  ( 0.000000000000000000, 0.000000000000000000, 1.000000000000000000 ) ) ;
#3842 = DIRECTION ( 'NONE',  ( 1.000000000000000000, 0.000000000000000000, 0.000000000000000000 ) ) ;
#3843 = DIRECTION ( 'NONE',  ( -1.000000000000000000, 0.000000000000000000, 0.000000000000000000 ) ) ;
#3844 = CARTESIAN_POINT ( 'NONE',  ( 3.000000000000000000, 7.000000000000000000, 0.000000000000000000 ) ) ;
#3845 = DIRECTION ( 'NONE',  ( 0.000000000000000000, 0.7308359642781255827, -0.6825531432186525693 ) ) ;
#3846 = ORIENTED_EDGE ( 'NONE', *, *, #744, .F. ) ;
#3847 = DIRECTION ( 'NONE',  ( 0.000000000000000000, 0.000000000000000000, 1.000000000000000000 ) ) ;
#3848 = DIRECTION ( 'NONE',  ( -1.000000000000000000, 0.000000000000000000, 0.000000000000000000 ) ) ;
#3849 = EDGE_LOOP ( 'NONE', ( #2194, #749, #276, #3795 ) ) ;
#3850 = ORIENTED_EDGE ( 'NONE', *, *, #221, .T. ) ;
#3851 = AXIS2_PLACEMENT_3D ( 'NONE', #226, #2136, #866 ) ;
#3852 = DIRECTION ( 'NONE',  ( -1.000000000000000000, 0.000000000000000000, 0.000000000000000000 ) ) ;
#3853 = CARTESIAN_POINT ( 'NONE',  ( -10.00000000000000000, 0.000000000000000000, 0.000000000000000000 ) ) ;
#3854 = CIRCLE ( 'NONE', #302, 12.81149999999999878 ) ;
#3855 = FACE_OUTER_BOUND ( 'NONE', #1773, .T. ) ;
#3856 = ORIENTED_EDGE ( 'NONE', *, *, #3535, .T. ) ;
#3857 = FACE_OUTER_BOUND ( 'NONE', #3370, .T. ) ;
#3858 = EDGE_CURVE ( 'NONE', #1067, #1977, #96, .T. ) ;
#3859 = AXIS2_PLACEMENT_3D ( 'NONE', #945, #3169, #1314 ) ;
#3860 = DIRECTION ( 'NONE',  ( -1.000000000000000000, 0.000000000000000000, 0.000000000000000000 ) ) ;
#3861 = ORIENTED_EDGE ( 'NONE', *, *, #1135, .F. ) ;
#3862 = DIRECTION ( 'NONE',  ( 0.000000000000000000, 0.8169698930104390966, 0.5766803221148710801 ) ) ;
#3863 = DIRECTION ( 'NONE',  ( 0.000000000000000000, 0.5195839500354347829, -0.8544194045464877929 ) ) ;
#3864 = CARTESIAN_POINT ( 'NONE',  ( 0.000000000000000000, -3.715476584966020290, -12.26090396327160015 ) ) ;
#3865 = CARTESIAN_POINT ( 'NONE',  ( 10.00000000000000000, 0.000000000000000000, 0.000000000000000000 ) ) ;
#3866 = AXIS2_PLACEMENT_3D ( 'NONE', #1680, #2944, #2629 ) ;
#3867 = AXIS2_PLACEMENT_3D ( 'NONE', #1874, #4038, #606 ) ;
#3868 = CARTESIAN_POINT ( 'NONE',  ( 0.000000000000000000, -1.476880387257530236, -12.72608960253440102 ) ) ;
#3869 = ADVANCED_FACE ( 'NONE', ( #2601 ), #690, .F. ) ;
#3870 = VECTOR ( 'NONE', #113, 1000.000000000000000 ) ;
#3871 = ORIENTED_EDGE ( 'NONE', *, *, #2670, .T. ) ;
#3872 = DIRECTION ( 'NONE',  ( 0.000000000000000000, 0.000000000000000000, 1.000000000000000000 ) ) ;
#3873 = CARTESIAN_POINT ( 'NONE',  ( 0.000000000000000000, -9.545144203574858821, -8.545452263219379674 ) ) ;
#3874 = AXIS2_PLACEMENT_3D ( 'NONE', #3012, #3051, #847 ) ;
#3875 = ORIENTED_EDGE ( 'NONE', *, *, #2238, .F. ) ;
#3876 = VECTOR ( 'NONE', #2920, 1000.000000000000000 ) ;
#3877 = VERTEX_POINT ( 'NONE', #3166 ) ;
#3878 = CIRCLE ( 'NONE', #1700, 5.750000000000000888 ) ;
#3879 = EDGE_CURVE ( 'NONE', #2499, #1036, #1045, .T. ) ;
#3880 = AXIS2_PLACEMENT_3D ( 'NONE', #3650, #1102, #1403 ) ;
#3881 = CARTESIAN_POINT ( 'NONE',  ( 10.00000000000000000, -13.24318199697760079, 2.662028249258294732 ) ) ;
#3882 = DIRECTION ( 'NONE',  ( 0.000000000000000000, 0.000000000000000000, -1.000000000000000000 ) ) ;
#3883 = ORIENTED_EDGE ( 'NONE', *, *, #1716, .F. ) ;
#3884 = ORIENTED_EDGE ( 'NONE', *, *, #315, .T. ) ;
#3885 = CARTESIAN_POINT ( 'NONE',  ( 3.000000000000000000, 7.000000000000000000, -3.000000000000000444 ) ) ;
#3886 = ORIENTED_EDGE ( 'NONE', *, *, #2852, .T. ) ;
#3887 = DIRECTION ( 'NONE',  ( 0.000000000000000000, 0.3984010898462361228, 0.9172113015054553786 ) ) ;
#3888 = CARTESIAN_POINT ( 'NONE',  ( 0.000000000000000000, 0.000000000000000000, 0.000000000000000000 ) ) ;
#3889 = CARTESIAN_POINT ( 'NONE',  ( -10.00000000000000000, 0.000000000000000000, 0.000000000000000000 ) ) ;
#3890 = DIRECTION ( 'NONE',  ( 1.000000000000000000, 0.000000000000000000, 0.000000000000000000 ) ) ;
#3891 = CARTESIAN_POINT ( 'NONE',  ( 10.00000000000000000, -10.30873331663866033, -7.606875157147260147 ) ) ;
#3892 = ORIENTED_EDGE ( 'NONE', *, *, #971, .T. ) ;
#3893 = LINE ( 'NONE', #1068, #2353 ) ;
#3894 = DIRECTION ( 'NONE',  ( 0.000000000000000000, 0.000000000000000000, -1.000000000000000000 ) ) ;
#3895 = ORIENTED_EDGE ( 'NONE', *, *, #3834, .F. ) ;
#3896 = EDGE_CURVE ( 'NONE', #206, #1036, #3571, .T. ) ;
#3897 = ORIENTED_EDGE ( 'NONE', *, *, #949, .T. ) ;
#3898 = CIRCLE ( 'NONE', #3634, 5.750000000000000000 ) ;
#3899 = DIRECTION ( 'NONE',  ( 0.000000000000000000, 0.3984010898462364558, 0.9172113015054551566 ) ) ;
#3900 = EDGE_CURVE ( 'NONE', #112, #678, #2572, .T. ) ;
#3901 = EDGE_LOOP ( 'NONE', ( #3440, #517, #2069, #365 ) ) ;
#3902 = ORIENTED_EDGE ( 'NONE', *, *, #1380, .T. ) ;
#3903 = DIRECTION ( 'NONE',  ( 0.000000000000000000, 0.000000000000000000, -1.000000000000000000 ) ) ;
#3904 = ORIENTED_EDGE ( 'NONE', *, *, #3914, .F. ) ;
#3905 = CARTESIAN_POINT ( 'NONE',  ( 10.00000000000000000, -6.880190462053940692, -14.02867079255413785 ) ) ;
#3906 = DIRECTION ( 'NONE',  ( 0.000000000000000000, -0.7308359642781157017, -0.6825531432186630054 ) ) ;
#3907 = ORIENTED_EDGE ( 'NONE', *, *, #1771, .T. ) ;
#3908 = DIRECTION ( 'NONE',  ( 0.000000000000000000, 0.9976687691905389288, 0.06824241336467469499 ) ) ;
#3909 = FACE_OUTER_BOUND ( 'NONE', #3849, .T. ) ;
#3910 = EDGE_CURVE ( 'NONE', #3667, #2223, #3498, .T. ) ;
#3911 = ORIENTED_EDGE ( 'NONE', *, *, #3896, .T. ) ;
#3912 = EDGE_CURVE ( 'NONE', #2481, #3705, #3516, .T. ) ;
#3913 = VERTEX_POINT ( 'NONE', #1063 ) ;
#3914 = EDGE_CURVE ( 'NONE', #3740, #1337, #801, .T. ) ;
#3915 = FACE_OUTER_BOUND ( 'NONE', #2510, .T. ) ;
#3916 = CARTESIAN_POINT ( 'NONE',  ( 10.00000000000000000, 6.424699349295070583, 11.08412245155959930 ) ) ;
#3917 = VECTOR ( 'NONE', #1204, 1000.000000000000000 ) ;
#3918 = AXIS2_PLACEMENT_3D ( 'NONE', #3053, #2185, #4056 ) ;
#3919 = VERTEX_POINT ( 'NONE', #1987 ) ;
#3920 = CARTESIAN_POINT ( 'NONE',  ( 0.000000000000000000, -7.874147165256800918, 10.10605455506144068 ) ) ;
#3921 = ORIENTED_EDGE ( 'NONE', *, *, #3464, .T. ) ;
#3922 = CIRCLE ( 'NONE', #700, 5.750000000000000888 ) ;
#3923 = LINE ( 'NONE', #851, #2421 ) ;
#3924 = DIRECTION ( 'NONE',  ( -1.000000000000000000, 0.000000000000000000, 0.000000000000000000 ) ) ;
#3925 = DIRECTION ( 'NONE',  ( -1.000000000000000000, 0.000000000000000000, 0.000000000000000000 ) ) ;
#3926 = VECTOR ( 'NONE', #966, 1000.000000000000000 ) ;
#3927 = CARTESIAN_POINT ( 'NONE',  ( 0.000000000000000000, 0.000000000000000000, 0.000000000000000000 ) ) ;
#3928 = ORIENTED_EDGE ( 'NONE', *, *, #60, .T. ) ;
#3929 = CYLINDRICAL_SURFACE ( 'NONE', #3763, 15.62500000000000000 ) ;
#3930 = ORIENTED_EDGE ( 'NONE', *, *, #3757, .T. ) ;
#3931 = CIRCLE ( 'NONE', #2740, 12.81150000000000055 ) ;
#3932 = CIRCLE ( 'NONE', #183, 12.81150000000000233 ) ;
#3933 = ORIENTED_EDGE ( 'NONE', *, *, #1507, .F. ) ;
#3934 = CIRCLE ( 'NONE', #2151, 15.62500000000000000 ) ;
#3935 = VECTOR ( 'NONE', #1103, 1000.000000000000000 ) ;
#3936 = DIRECTION ( 'NONE',  ( -1.000000000000000000, 0.000000000000000000, 0.000000000000000000 ) ) ;
#3937 = AXIS2_PLACEMENT_3D ( 'NONE', #2274, #3276, #1050 ) ;
#3938 = DIRECTION ( 'NONE',  ( -1.000000000000000000, 0.000000000000000000, 0.000000000000000000 ) ) ;
#3939 = PLANE ( 'NONE',  #1294 ) ;
#3940 = ORIENTED_EDGE ( 'NONE', *, *, #2836, .F. ) ;
#3941 = EDGE_CURVE ( 'NONE', #1706, #3146, #1588, .T. ) ;
#3942 = CARTESIAN_POINT ( 'NONE',  ( 10.00000000000000000, 11.24851991847275912, -6.132318639284929596 ) ) ;
#3943 = CARTESIAN_POINT ( 'NONE',  ( 0.000000000000000000, -15.13506446477574841, 3.882067573739744759 ) ) ;
#3944 = SHAPE_DEFINITION_REPRESENTATION ( #285, #3465 ) ;
#3945 = ORIENTED_EDGE ( 'NONE', *, *, #2965, .T. ) ;
#3946 = DIRECTION ( 'NONE',  ( 0.000000000000000000, -0.8878852184023700023, -0.4600650377311619743 ) ) ;
#3947 = EDGE_CURVE ( 'NONE', #1021, #572, #3505, .T. ) ;
#3948 = VERTEX_POINT ( 'NONE', #358 ) ;
#3949 = FACE_OUTER_BOUND ( 'NONE', #698, .T. ) ;
#3950 = ORIENTED_EDGE ( 'NONE', *, *, #1041, .T. ) ;
#3951 = VECTOR ( 'NONE', #1449, 1000.000000000000000 ) ;
#3952 = CARTESIAN_POINT ( 'NONE',  ( 10.00000000000000000, 1.410503946387470009, -15.56120508242294953 ) ) ;
#3953 = EDGE_CURVE ( 'NONE', #3544, #1357, #3898, .T. ) ;
#3954 = ADVANCED_FACE ( 'NONE', ( #2229 ), #78, .F. ) ;
#3955 = DIRECTION ( 'NONE',  ( 0.000000000000000000, 0.000000000000000000, 1.000000000000000000 ) ) ;
#3956 = ORIENTED_EDGE ( 'NONE', *, *, #520, .F. ) ;
#3957 =( GEOMETRIC_REPRESENTATION_CONTEXT ( 3 ) GLOBAL_UNCERTAINTY_ASSIGNED_CONTEXT ( ( #1464 ) ) GLOBAL_UNIT_ASSIGNED_CONTEXT ( ( #2330, #3329, #176 ) ) REPRESENTATION_CONTEXT ( 'NONE', 'WORKASPACE' ) );
#3958 = CARTESIAN_POINT ( 'NONE',  ( 0.000000000000000000, -12.03388225800420130, 6.136280763248409542 ) ) ;
#3959 = DIRECTION ( 'NONE',  ( 0.000000000000000000, 0.000000000000000000, 1.000000000000000000 ) ) ;
#3960 = EDGE_CURVE ( 'NONE', #1558, #1226, #1136, .T. ) ;
#3961 = EDGE_CURVE ( 'NONE', #2323, #3642, #2558, .T. ) ;
#3962 = CARTESIAN_POINT ( 'NONE',  ( 10.00000000000000000, 0.000000000000000000, 0.000000000000000000 ) ) ;
#3963 = CARTESIAN_POINT ( 'NONE',  ( 10.00000000000000000, -12.76039202360794000, 1.143209365708051983 ) ) ;
#3964 = ORIENTED_EDGE ( 'NONE', *, *, #3391, .F. ) ;
#3965 = CARTESIAN_POINT ( 'NONE',  ( 0.000000000000000000, -13.52644592144759983, 7.821501501256260092 ) ) ;
#3966 = ORIENTED_EDGE ( 'NONE', *, *, #262, .T. ) ;
#3967 = DIRECTION ( 'NONE',  ( -1.000000000000000000, 0.000000000000000000, 0.000000000000000000 ) ) ;
#3968 = VERTEX_POINT ( 'NONE', #2921 ) ;
#3969 = ORIENTED_EDGE ( 'NONE', *, *, #62, .T. ) ;
#3970 = VERTEX_POINT ( 'NONE', #736 ) ;
#3971 = DIRECTION ( 'NONE',  ( 0.000000000000000000, 0.000000000000000000, 1.000000000000000000 ) ) ;
#3972 = LINE ( 'NONE', #1711, #104 ) ;
#3973 = AXIS2_PLACEMENT_3D ( 'NONE', #1340, #1923, #992 ) ;
#3974 = DIRECTION ( 'NONE',  ( -1.000000000000000000, 0.000000000000000000, 0.000000000000000000 ) ) ;
#3975 = ORIENTED_EDGE ( 'NONE', *, *, #3135, .F. ) ;
#3976 = CYLINDRICAL_SURFACE ( 'NONE', #3268, 5.749999999999998224 ) ;
#3977 = DIRECTION ( 'NONE',  ( 0.000000000000000000, 0.000000000000000000, 1.000000000000000000 ) ) ;
#3978 = CARTESIAN_POINT ( 'NONE',  ( 10.00000000000000000, -3.729149491633989566, 12.98313166666529916 ) ) ;
#3979 = AXIS2_PLACEMENT_3D ( 'NONE', #1191, #2201, #3469 ) ;
#3980 = CYLINDRICAL_SURFACE ( 'NONE', #3309, 5.750000000000000000 ) ;
#3981 = VERTEX_POINT ( 'NONE', #1331 ) ;
#3982 = AXIS2_PLACEMENT_3D ( 'NONE', #2491, #2101, #889 ) ;
#3983 = CARTESIAN_POINT ( 'NONE',  ( 10.00000000000000000, 0.000000000000000000, 0.000000000000000000 ) ) ;
#3984 = ORIENTED_EDGE ( 'NONE', *, *, #1621, .F. ) ;
#3985 = CYLINDRICAL_SURFACE ( 'NONE', #3238, 5.750000000000000000 ) ;
#3986 = AXIS2_PLACEMENT_3D ( 'NONE', #1820, #1517, #3085 ) ;
#3987 = EDGE_CURVE ( 'NONE', #2705, #1823, #1391, .T. ) ;
#3988 = ORIENTED_EDGE ( 'NONE', *, *, #310, .T. ) ;
#3989 = ORIENTED_EDGE ( 'NONE', *, *, #439, .F. ) ;
#3990 = DIRECTION ( 'NONE',  ( 1.000000000000000000, -0.000000000000000000, -0.000000000000000000 ) ) ;
#3991 = DIRECTION ( 'NONE',  ( 0.000000000000000000, 0.000000000000000000, 1.000000000000000000 ) ) ;
#3992 = ORIENTED_EDGE ( 'NONE', *, *, #1298, .T. ) ;
#3993 = AXIS2_PLACEMENT_3D ( 'NONE', #875, #3722, #2145 ) ;
#3994 = DIRECTION ( 'NONE',  ( 1.000000000000000000, 0.000000000000000000, 0.000000000000000000 ) ) ;
#3995 = LINE ( 'NONE', #1478, #3328 ) ;
#3996 = DIRECTION ( 'NONE',  ( 1.000000000000000000, 0.000000000000000000, 0.000000000000000000 ) ) ;
#3997 = ADVANCED_FACE ( 'NONE', ( #1678 ), #2942, .T. ) ;
#3998 = CIRCLE ( 'NONE', #3671, 12.81149999999999878 ) ;
#3999 = DIRECTION ( 'NONE',  ( -1.000000000000000000, 0.000000000000000000, 0.000000000000000000 ) ) ;
#4000 = VERTEX_POINT ( 'NONE', #1370 ) ;
#4001 = CIRCLE ( 'NONE', #2618, 5.750000000000000000 ) ;
#4002 = CARTESIAN_POINT ( 'NONE',  ( 10.00000000000000000, -11.97876787724250036, -4.543528627965640609 ) ) ;
#4003 = DIRECTION ( 'NONE',  ( 0.000000000000000000, 0.000000000000000000, -1.000000000000000000 ) ) ;
#4004 = AXIS2_PLACEMENT_3D ( 'NONE', #3044, #3089, #1521 ) ;
#4005 = DIRECTION ( 'NONE',  ( -1.000000000000000000, 0.000000000000000000, 0.000000000000000000 ) ) ;
#4006 = DIRECTION ( 'NONE',  ( -1.000000000000000000, 0.000000000000000000, 0.000000000000000000 ) ) ;
#4007 = EDGE_CURVE ( 'NONE', #983, #937, #151, .T. ) ;
#4008 = DIRECTION ( 'NONE',  ( 1.000000000000000000, -0.000000000000000000, -0.000000000000000000 ) ) ;
#4009 = EDGE_CURVE ( 'NONE', #4000, #3155, #936, .T. ) ;
#4010 = VERTEX_POINT ( 'NONE', #2352 ) ;
#4011 = ORIENTED_EDGE ( 'NONE', *, *, #143, .F. ) ;
#4012 = CARTESIAN_POINT ( 'NONE',  ( 10.00000000000000000, 0.000000000000000000, 0.000000000000000000 ) ) ;
#4013 = ADVANCED_FACE ( 'NONE', ( #1127 ), #3980, .T. ) ;
#4014 = ORIENTED_EDGE ( 'NONE', *, *, #4029, .T. ) ;
#4015 = CARTESIAN_POINT ( 'NONE',  ( 0.000000000000000000, -4.855571540453960111, -11.85571411875021930 ) ) ;
#4016 = CARTESIAN_POINT ( 'NONE',  ( 3.000000000000000000, 7.332110811570580046E-14, 7.000000000000000888 ) ) ;
#4017 = CYLINDRICAL_SURFACE ( 'NONE', #510, 5.750000000000000000 ) ;
#4018 = ORIENTED_EDGE ( 'NONE', *, *, #3086, .T. ) ;
#4019 = DIRECTION ( 'NONE',  ( -1.000000000000000000, 0.000000000000000000, 0.000000000000000000 ) ) ;
#4020 = CIRCLE ( 'NONE', #737, 5.750000000000001776 ) ;
#4021 = CYLINDRICAL_SURFACE ( 'NONE', #2278, 1.599999999999999867 ) ;
#4022 = DIRECTION ( 'NONE',  ( 0.000000000000000000, 0.000000000000000000, 1.000000000000000000 ) ) ;
#4023 = FACE_OUTER_BOUND ( 'NONE', #2843, .T. ) ;
#4024 = PRODUCT ( '23T zawor 400bar', '23T zawor 400bar', '', ( #3623 ) ) ;
#4025 = ADVANCED_FACE ( 'NONE', ( #1166 ), #3271, .T. ) ;
#4026 = ORIENTED_EDGE ( 'NONE', *, *, #2104, .T. ) ;
#4027 = CARTESIAN_POINT ( 'NONE',  ( 3.000000000000000000, -7.000000000000000000, -2.999999999999951594 ) ) ;
#4028 = CARTESIAN_POINT ( 'NONE',  ( 10.00000000000000000, 12.48587405515855941, 2.870101274993335227 ) ) ;
#4029 = EDGE_CURVE ( 'NONE', #760, #2966, #1424, .T. ) ;
#4030 = FACE_OUTER_BOUND ( 'NONE', #2727, .T. ) ;
#4031 = ORIENTED_EDGE ( 'NONE', *, *, #4039, .T. ) ;
#4032 = DIRECTION ( 'NONE',  ( 1.000000000000000000, 0.000000000000000000, 0.000000000000000000 ) ) ;
#4033 = VERTEX_POINT ( 'NONE', #1445 ) ;
#4034 = EDGE_CURVE ( 'NONE', #3320, #461, #2371, .T. ) ;
#4035 = ORIENTED_EDGE ( 'NONE', *, *, #1298, .F. ) ;
#4036 = DIRECTION ( 'NONE',  ( 0.000000000000000000, 0.000000000000000000, -1.000000000000000000 ) ) ;
#4037 = CARTESIAN_POINT ( 'NONE',  ( 0.000000000000000000, 8.592911864346801210, -10.42257787193211982 ) ) ;
#4038 = DIRECTION ( 'NONE',  ( 1.000000000000000000, 0.000000000000000000, 0.000000000000000000 ) ) ;
#4039 = EDGE_CURVE ( 'NONE', #3298, #222, #940, .T. ) ;
#4040 = DIRECTION ( 'NONE',  ( -1.000000000000000000, 0.000000000000000000, 0.000000000000000000 ) ) ;
#4041 = CARTESIAN_POINT ( 'NONE',  ( 0.000000000000000000, 2.011344227983574928, -12.65262923848465881 ) ) ;
#4042 = ORIENTED_EDGE ( 'NONE', *, *, #4007, .F. ) ;
#4043 = CARTESIAN_POINT ( 'NONE',  ( 0.000000000000000000, 8.726345089906628161, 12.96115451539183994 ) ) ;
#4044 = VECTOR ( 'NONE', #308, 1000.000000000000000 ) ;
#4045 = EDGE_LOOP ( 'NONE', ( #1908, #1865, #402, #610 ) ) ;
#4046 = ORIENTED_EDGE ( 'NONE', *, *, #3033, .T. ) ;
#4047 = CIRCLE ( 'NONE', #965, 5.750000000000001776 ) ;
#4048 = CARTESIAN_POINT ( 'NONE',  ( 10.00000000000000000, 10.61984581506641945, -7.166129158354319628 ) ) ;
#4049 = DIRECTION ( 'NONE',  ( 1.000000000000000000, 0.000000000000000000, 0.000000000000000000 ) ) ;
#4050 = VERTEX_POINT ( 'NONE', #1698 ) ;
#4051 = CARTESIAN_POINT ( 'NONE',  ( 10.00000000000000000, 0.000000000000000000, 0.000000000000000000 ) ) ;
#4052 = DIRECTION ( 'NONE',  ( 0.000000000000000000, 0.000000000000000000, 1.000000000000000000 ) ) ;
#4053 = AXIS2_PLACEMENT_3D ( 'NONE', #2846, #650, #1909 ) ;
#4054 = CIRCLE ( 'NONE', #1173, 5.750000000000000888 ) ;
#4055 = ORIENTED_EDGE ( 'NONE', *, *, #1118, .T. ) ;
#4056 = DIRECTION ( 'NONE',  ( 0.000000000000000000, 0.000000000000000000, 1.000000000000000000 ) ) ;
#4057 = DIRECTION ( 'NONE',  ( 0.000000000000000000, 0.000000000000000000, -1.000000000000000000 ) ) ;
#4058 = AXIS2_PLACEMENT_3D ( 'NONE', #3265, #440, #1694 ) ;
#4059 = EDGE_CURVE ( 'NONE', #1149, #3007, #1988, .T. ) ;
#4060 = VECTOR ( 'NONE', #2087, 1000.000000000000000 ) ;
#4061 = DIRECTION ( 'NONE',  ( 0.000000000000000000, 0.000000000000000000, 1.000000000000000000 ) ) ;
#4062 = CIRCLE ( 'NONE', #513, 15.62500000000000000 ) ;
#4063 = CARTESIAN_POINT ( 'NONE',  ( 10.00000000000000000, 0.000000000000000000, 0.000000000000000000 ) ) ;
#4064 = CIRCLE ( 'NONE', #782, 5.750000000000000888 ) ;
#4065 = CARTESIAN_POINT ( 'NONE',  ( -0.0009999999999992653654, -7.000000000000000000, 4.888073874380386697E-14 ) ) ;
#4066 = VERTEX_POINT ( 'NONE', #2998 ) ;
#4067 = EDGE_CURVE ( 'NONE', #2397, #1961, #2963, .T. ) ;
#4068 = CARTESIAN_POINT ( 'NONE',  ( 10.00000000000000000, 7.332110811570580046E-14, 7.000000000000000888 ) ) ;
#4069 = ORIENTED_EDGE ( 'NONE', *, *, #2567, .F. ) ;
#4070 = FACE_OUTER_BOUND ( 'NONE', #2073, .T. ) ;
ENDSEC;
END-ISO-10303-21;
