ISO-10303-21;
HEADER;
FILE_DESCRIPTION (( 'STEP AP214' ),
    '1' );
FILE_NAME ('38bsp trzymak serwo.STEP',
    '2026-06-18T01:43:42',
    ( '' ),
    ( '' ),
    'SwSTEP 2.0',
    'SolidWorks 2024',
    '' );
FILE_SCHEMA (( 'AUTOMOTIVE_DESIGN' ));
ENDSEC;

DATA;
#1 = EDGE_LOOP ( 'NONE', ( #361, #193 ) ) ;
#2 = EDGE_CURVE ( 'NONE', #1144, #1311, #541, .T. ) ;
#3 = ORIENTED_EDGE ( 'NONE', *, *, #210, .F. ) ;
#4 = CARTESIAN_POINT ( 'NONE',  ( 9.500000000000000000, -4.500000000000000000, 7.500000000000000000 ) ) ;
#5 = CARTESIAN_POINT ( 'NONE',  ( 47.00000000000000000, -13.99999999999999822, 8.500000000000000000 ) ) ;
#6 = VERTEX_POINT ( 'NONE', #230 ) ;
#7 = LINE ( 'NONE', #935, #680 ) ;
#8 = EDGE_LOOP ( 'NONE', ( #135, #929, #865, #796 ) ) ;
#9 = STYLED_ITEM ( 'NONE', ( #626 ), #251 ) ;
#10 = AXIS2_PLACEMENT_3D ( 'NONE', #1351, #1122, #598 ) ;
#11 = ORIENTED_EDGE ( 'NONE', *, *, #469, .T. ) ;
#12 = AXIS2_PLACEMENT_3D ( 'NONE', #64, #1063, #50 ) ;
#13 = AXIS2_PLACEMENT_3D ( 'NONE', #1015, #438, #904 ) ;
#14 = DIRECTION ( 'NONE',  ( -0.5000000000000002220, 0.8660254037844384856, 0.000000000000000000 ) ) ;
#15 = CIRCLE ( 'NONE', #585, 1.000000000000000888 ) ;
#16 = CARTESIAN_POINT ( 'NONE',  ( 3.500000000000104361, -24.00000000000000000, 22.50000000000000000 ) ) ;
#17 = ADVANCED_FACE ( 'NONE', ( #683, #919 ), #208, .T. ) ;
#18 = CARTESIAN_POINT ( 'NONE',  ( 55.00000000000000000, 0.000000000000000000, 7.500000000000000000 ) ) ;
#19 = CARTESIAN_POINT ( 'NONE',  ( 13.08771324027146932, -1.749999999999999334, 4.500000000000000000 ) ) ;
#20 = VERTEX_POINT ( 'NONE', #1143 ) ;
#21 = EDGE_CURVE ( 'NONE', #359, #478, #119, .T. ) ;
#22 = VERTEX_POINT ( 'NONE', #770 ) ;
#23 = DIRECTION ( 'NONE',  ( 1.224646799147353207E-16, -1.000000000000000000, 0.000000000000000000 ) ) ;
#24 = FACE_OUTER_BOUND ( 'NONE', #1039, .T. ) ;
#25 = CARTESIAN_POINT ( 'NONE',  ( 45.08771324027146932, -7.250000000000001776, 7.500000000000000000 ) ) ;
#26 = DIRECTION ( 'NONE',  ( -0.000000000000000000, -0.000000000000000000, 1.000000000000000000 ) ) ;
#27 = ORIENTED_EDGE ( 'NONE', *, *, #1112, .F. ) ;
#28 = ADVANCED_FACE ( 'NONE', ( #1369 ), #342, .F. ) ;
#29 = VERTEX_POINT ( 'NONE', #102 ) ;
#30 = PRODUCT_CONTEXT ( 'NONE', #1455, 'mechanical' ) ;
#31 = DIRECTION ( 'NONE',  ( 0.000000000000000000, 0.000000000000000000, 1.000000000000000000 ) ) ;
#32 = DIRECTION ( 'NONE',  ( -0.000000000000000000, -0.000000000000000000, 1.000000000000000000 ) ) ;
#33 = CARTESIAN_POINT ( 'NONE',  ( 48.00000000000000000, -36.00000000000000000, 8.500000000000000000 ) ) ;
#34 = ORIENTED_EDGE ( 'NONE', *, *, #560, .T. ) ;
#35 = ORIENTED_EDGE ( 'NONE', *, *, #55, .F. ) ;
#36 = VECTOR ( 'NONE', #1338, 1000.000000000000000 ) ;
#37 = EDGE_CURVE ( 'NONE', #1459, #143, #323, .T. ) ;
#38 = EDGE_CURVE ( 'NONE', #486, #650, #364, .T. ) ;
#39 = AXIS2_PLACEMENT_3D ( 'NONE', #395, #1303, #1177 ) ;
#40 = EDGE_CURVE ( 'NONE', #1158, #417, #788, .T. ) ;
#41 = AXIS2_PLACEMENT_3D ( 'NONE', #1343, #655, #318 ) ;
#42 = VECTOR ( 'NONE', #1056, 1000.000000000000000 ) ;
#43 = CARTESIAN_POINT ( 'NONE',  ( 8.000000000000000000, 0.000000000000000000, 8.500000000000000000 ) ) ;
#44 = VECTOR ( 'NONE', #725, 1000.000000000000000 ) ;
#45 = FACE_OUTER_BOUND ( 'NONE', #1402, .T. ) ;
#46 = CARTESIAN_POINT ( 'NONE',  ( 41.91228675972853068, -1.749999999999999334, 4.500000000000000000 ) ) ;
#47 = ORIENTED_EDGE ( 'NONE', *, *, #1312, .F. ) ;
#48 = ORIENTED_EDGE ( 'NONE', *, *, #833, .T. ) ;
#49 = EDGE_CURVE ( 'NONE', #523, #233, #480, .T. ) ;
#50 = DIRECTION ( 'NONE',  ( 0.000000000000000000, 0.000000000000000000, 1.000000000000000000 ) ) ;
#51 = CARTESIAN_POINT ( 'NONE',  ( 13.08771324027146932, -1.749999999999999334, 4.500000000000000000 ) ) ;
#52 = LINE ( 'NONE', #857, #1349 ) ;
#53 = ORIENTED_EDGE ( 'NONE', *, *, #112, .F. ) ;
#54 = VERTEX_POINT ( 'NONE', #148 ) ;
#55 = EDGE_CURVE ( 'NONE', #1244, #797, #712, .T. ) ;
#56 = EDGE_CURVE ( 'NONE', #605, #1054, #1391, .T. ) ;
#57 = CARTESIAN_POINT ( 'NONE',  ( 48.00000000000000000, -13.99999999999999822, 8.500000000000000000 ) ) ;
#58 = CARTESIAN_POINT ( 'NONE',  ( 7.000000000000000000, -13.99999999999999822, 7.500000000000000000 ) ) ;
#59 = CARTESIAN_POINT ( 'NONE',  ( 40.32457351945706137, -4.499999999999999112, 7.500000000000000000 ) ) ;
#60 = VERTEX_POINT ( 'NONE', #264 ) ;
#61 = ORIENTED_EDGE ( 'NONE', *, *, #308, .T. ) ;
#62 = CARTESIAN_POINT ( 'NONE',  ( 11.50000000000000000, -4.500000000000000000, 0.000000000000000000 ) ) ;
#63 = VECTOR ( 'NONE', #409, 1000.000000000000000 ) ;
#64 = CARTESIAN_POINT ( 'NONE',  ( 3.500000000000104361, -13.99999999999999822, 22.50000000000000000 ) ) ;
#65 = VECTOR ( 'NONE', #1087, 1000.000000000000227 ) ;
#66 = DIRECTION ( 'NONE',  ( -0.000000000000000000, 1.000000000000000000, -0.000000000000000000 ) ) ;
#67 = CIRCLE ( 'NONE', #91, 1.000000000000000888 ) ;
#68 = CYLINDRICAL_SURFACE ( 'NONE', #321, 1.249999999999999334 ) ;
#69 = ORIENTED_EDGE ( 'NONE', *, *, #720, .T. ) ;
#70 = EDGE_CURVE ( 'NONE', #1269, #1158, #705, .T. ) ;
#71 = CARTESIAN_POINT ( 'NONE',  ( 6.000000000000000000, -36.00000000000000000, 27.50000000000000000 ) ) ;
#72 = LINE ( 'NONE', #1432, #1281 ) ;
#73 = FILL_AREA_STYLE ('',( #1097 ) ) ;
#74 = FACE_OUTER_BOUND ( 'NONE', #1237, .T. ) ;
#75 = ORIENTED_EDGE ( 'NONE', *, *, #37, .F. ) ;
#76 = FACE_OUTER_BOUND ( 'NONE', #1250, .T. ) ;
#77 = UNCERTAINTY_MEASURE_WITH_UNIT (LENGTH_MEASURE( 1.000000000000000082E-05 ), #1264, 'distance_accuracy_value', 'NONE');
#78 = ORIENTED_EDGE ( 'NONE', *, *, #1465, .F. ) ;
#79 = DIRECTION ( 'NONE',  ( 0.000000000000000000, 1.000000000000000000, 0.000000000000000000 ) ) ;
#80 =( LENGTH_UNIT ( ) NAMED_UNIT ( * ) SI_UNIT ( .MILLI., .METRE. ) );
#81 = CARTESIAN_POINT ( 'NONE',  ( 11.50000000000000000, -4.500000000000000000, 7.500000000000000000 ) ) ;
#82 = ORIENTED_EDGE ( 'NONE', *, *, #589, .F. ) ;
#83 = DIRECTION ( 'NONE',  ( 0.5000000000000000000, 0.8660254037844385966, 0.000000000000000000 ) ) ;
#84 = EDGE_CURVE ( 'NONE', #268, #756, #597, .T. ) ;
#85 = DIRECTION ( 'NONE',  ( 0.000000000000000000, 1.000000000000000000, 0.000000000000000000 ) ) ;
#86 = EDGE_CURVE ( 'NONE', #128, #1394, #827, .T. ) ;
#87 = LINE ( 'NONE', #183, #946 ) ;
#88 = AXIS2_PLACEMENT_3D ( 'NONE', #416, #1007, #428 ) ;
#89 = LINE ( 'NONE', #329, #749 ) ;
#90 = ORIENTED_EDGE ( 'NONE', *, *, #764, .T. ) ;
#91 = AXIS2_PLACEMENT_3D ( 'NONE', #1331, #1314, #291 ) ;
#92 = CARTESIAN_POINT ( 'NONE',  ( 45.08771324027146932, -7.250000000000001776, 4.500000000000000000 ) ) ;
#93 = LINE ( 'NONE', #775, #776 ) ;
#94 = CARTESIAN_POINT ( 'NONE',  ( 40.32457351945706137, -4.499999999999999112, 4.500000000000000000 ) ) ;
#95 = DIRECTION ( 'NONE',  ( 0.000000000000000000, 1.000000000000000000, 0.000000000000000000 ) ) ;
#96 = ORIENTED_EDGE ( 'NONE', *, *, #910, .F. ) ;
#97 = PLANE ( 'NONE',  #1138 ) ;
#98 = FACE_OUTER_BOUND ( 'NONE', #615, .T. ) ;
#99 = EDGE_CURVE ( 'NONE', #730, #244, #816, .T. ) ;
#100 = DIRECTION ( 'NONE',  ( 0.000000000000000000, -0.000000000000000000, 1.000000000000000000 ) ) ;
#101 = CARTESIAN_POINT ( 'NONE',  ( 45.50000000000000000, -4.500000000000000000, 7.500000000000000000 ) ) ;
#102 = CARTESIAN_POINT ( 'NONE',  ( 4.408728476930470856E-15, -36.00000000000000000, 0.000000000000000000 ) ) ;
#103 = ORIENTED_EDGE ( 'NONE', *, *, #548, .F. ) ;
#104 = ORIENTED_EDGE ( 'NONE', *, *, #431, .T. ) ;
#105 = LINE ( 'NONE', #1384, #1022 ) ;
#106 = FACE_OUTER_BOUND ( 'NONE', #1207, .T. ) ;
#107 = DIRECTION ( 'NONE',  ( -0.000000000000000000, 1.000000000000000000, -0.000000000000000000 ) ) ;
#108 = ORIENTED_EDGE ( 'NONE', *, *, #267, .F. ) ;
#109 = AXIS2_PLACEMENT_3D ( 'NONE', #51, #962, #1065 ) ;
#110 = ORIENTED_EDGE ( 'NONE', *, *, #528, .F. ) ;
#111 = AXIS2_PLACEMENT_3D ( 'NONE', #81, #1463, #519 ) ;
#112 = EDGE_CURVE ( 'NONE', #592, #1068, #470, .T. ) ;
#113 = CIRCLE ( 'NONE', #1444, 1.250000000000001110 ) ;
#114 = EDGE_LOOP ( 'NONE', ( #708, #1356, #1415, #430 ) ) ;
#115 = AXIS2_PLACEMENT_3D ( 'NONE', #138, #909, #129 ) ;
#116 = DIRECTION ( 'NONE',  ( 0.000000000000000000, -0.000000000000000000, -1.000000000000000000 ) ) ;
#117 = LINE ( 'NONE', #204, #36 ) ;
#118 = DIRECTION ( 'NONE',  ( 0.000000000000000000, 1.000000000000000000, 0.000000000000000000 ) ) ;
#119 = LINE ( 'NONE', #566, #137 ) ;
#120 = ORIENTED_EDGE ( 'NONE', *, *, #55, .T. ) ;
#121 = ADVANCED_FACE ( 'NONE', ( #934 ), #1165, .T. ) ;
#122 = ORIENTED_EDGE ( 'NONE', *, *, #86, .T. ) ;
#123 = EDGE_CURVE ( 'NONE', #29, #1054, #1073, .T. ) ;
#124 = CARTESIAN_POINT ( 'NONE',  ( 41.91228675972853779, -7.250000000000002665, 7.500000000000000000 ) ) ;
#125 = CARTESIAN_POINT ( 'NONE',  ( 51.50000000000010658, -13.99999999999999822, 22.50000000000000000 ) ) ;
#126 = VERTEX_POINT ( 'NONE', #242 ) ;
#127 = ORIENTED_EDGE ( 'NONE', *, *, #1195, .T. ) ;
#128 = VERTEX_POINT ( 'NONE', #1175 ) ;
#129 = DIRECTION ( 'NONE',  ( 0.000000000000000000, 0.000000000000000000, 1.000000000000000000 ) ) ;
#130 = EDGE_CURVE ( 'NONE', #1479, #871, #363, .T. ) ;
#131 = DIRECTION ( 'NONE',  ( 0.000000000000000000, -0.000000000000000000, 1.000000000000000000 ) ) ;
#132 = DIRECTION ( 'NONE',  ( -0.000000000000000000, -0.000000000000000000, 1.000000000000000000 ) ) ;
#133 = ORIENTED_EDGE ( 'NONE', *, *, #1270, .F. ) ;
#134 = CIRCLE ( 'NONE', #1323, 1.250000000000004663 ) ;
#135 = ORIENTED_EDGE ( 'NONE', *, *, #164, .T. ) ;
#136 = VECTOR ( 'NONE', #1337, 1000.000000000000000 ) ;
#137 = VECTOR ( 'NONE', #927, 1000.000000000000000 ) ;
#138 = CARTESIAN_POINT ( 'NONE',  ( 51.50000000000000711, -24.00000000000000000, 12.50000000000000000 ) ) ;
#139 = CYLINDRICAL_SURFACE ( 'NONE', #729, 1.249999999999999334 ) ;
#140 = LINE ( 'NONE', #25, #180 ) ;
#141 = ADVANCED_FACE ( 'NONE', ( #1400 ), #1274, .F. ) ;
#142 = CARTESIAN_POINT ( 'NONE',  ( 13.08771324027146932, -1.749999999999999334, 7.500000000000000000 ) ) ;
#143 = VERTEX_POINT ( 'NONE', #602 ) ;
#144 = ORIENTED_EDGE ( 'NONE', *, *, #953, .T. ) ;
#145 =( NAMED_UNIT ( * ) PLANE_ANGLE_UNIT ( ) SI_UNIT ( $, .RADIAN. ) );
#146 = DIRECTION ( 'NONE',  ( 0.000000000000000000, 1.000000000000000000, 0.000000000000000000 ) ) ;
#147 = ADVANCED_FACE ( 'NONE', ( #832, #351, #698 ), #809, .F. ) ;
#148 = CARTESIAN_POINT ( 'NONE',  ( 45.50000000000000000, -4.500000000000000000, 0.000000000000000000 ) ) ;
#149 = FACE_BOUND ( 'NONE', #1443, .T. ) ;
#150 = ORIENTED_EDGE ( 'NONE', *, *, #1100, .T. ) ;
#151 = EDGE_CURVE ( 'NONE', #6, #143, #162, .T. ) ;
#152 = ORIENTED_EDGE ( 'NONE', *, *, #1332, .T. ) ;
#153 = CARTESIAN_POINT ( 'NONE',  ( 3.500000000000104361, -13.99999999999999822, 23.75000000000000000 ) ) ;
#154 = DIRECTION ( 'NONE',  ( -0.000000000000000000, 1.000000000000000000, -0.000000000000000000 ) ) ;
#155 = LINE ( 'NONE', #163, #1064 ) ;
#156 = EDGE_LOOP ( 'NONE', ( #446, #103, #586, #616 ) ) ;
#157 = ORIENTED_EDGE ( 'NONE', *, *, #1003, .F. ) ;
#158 = AXIS2_PLACEMENT_3D ( 'NONE', #62, #1002, #1116 ) ;
#159 = AXIS2_PLACEMENT_3D ( 'NONE', #301, #755, #648 ) ;
#160 = AXIS2_PLACEMENT_3D ( 'NONE', #753, #79, #1203 ) ;
#161 = DIRECTION ( 'NONE',  ( 0.000000000000000000, 1.000000000000000000, 0.000000000000000000 ) ) ;
#162 = LINE ( 'NONE', #1266, #296 ) ;
#163 = CARTESIAN_POINT ( 'NONE',  ( 48.00000000000000000, -13.99999999999999822, 7.499999999999999112 ) ) ;
#164 = EDGE_CURVE ( 'NONE', #143, #1038, #140, .T. ) ;
#165 = ORIENTED_EDGE ( 'NONE', *, *, #432, .F. ) ;
#166 = ORIENTED_EDGE ( 'NONE', *, *, #451, .F. ) ;
#167 = CARTESIAN_POINT ( 'NONE',  ( 51.50000000000010658, -24.00000000000000000, 21.24999999999999289 ) ) ;
#168 = LINE ( 'NONE', #58, #652 ) ;
#169 = CARTESIAN_POINT ( 'NONE',  ( 55.00000000000000000, 0.000000000000000000, 7.500000000000000000 ) ) ;
#170 = ORIENTED_EDGE ( 'NONE', *, *, #882, .F. ) ;
#171 = ORIENTED_EDGE ( 'NONE', *, *, #195, .T. ) ;
#172 = PRODUCT ( '38bsp trzymak serwo', '38bsp trzymak serwo', '', ( #30 ) ) ;
#173 = APPLICATION_PROTOCOL_DEFINITION ( 'draft international standard', 'automotive_design', 1998, #768 ) ;
#174 = DIRECTION ( 'NONE',  ( -1.000000000000000000, 0.000000000000000000, 0.000000000000000000 ) ) ;
#175 = CARTESIAN_POINT ( 'NONE',  ( 6.000000000000000000, -13.99999999999999822, 27.50000000000000000 ) ) ;
#176 = EDGE_CURVE ( 'NONE', #486, #515, #475, .T. ) ;
#177 = DIRECTION ( 'NONE',  ( 1.927470528863119295E-16, -1.000000000000000000, 0.000000000000000000 ) ) ;
#178 = EDGE_LOOP ( 'NONE', ( #447, #53, #455, #964 ) ) ;
#179 = DIRECTION ( 'NONE',  ( 0.000000000000000000, 1.000000000000000000, 0.000000000000000000 ) ) ;
#180 = VECTOR ( 'NONE', #580, 1000.000000000000114 ) ;
#181 = DIRECTION ( 'NONE',  ( -0.4999999999999999445, -0.8660254037844385966, 0.000000000000000000 ) ) ;
#182 = CIRCLE ( 'NONE', #898, 1.000000000000000888 ) ;
#183 = CARTESIAN_POINT ( 'NONE',  ( 3.500000000000000000, -24.00000000000000000, 11.25000000000000178 ) ) ;
#184 = AXIS2_PLACEMENT_3D ( 'NONE', #1225, #1212, #1438 ) ;
#185 = AXIS2_PLACEMENT_3D ( 'NONE', #1183, #1052, #380 ) ;
#186 = DIRECTION ( 'NONE',  ( -0.4999999999999999445, -0.8660254037844385966, 0.000000000000000000 ) ) ;
#187 = ORIENTED_EDGE ( 'NONE', *, *, #421, .T. ) ;
#188 = CIRCLE ( 'NONE', #902, 1.249999999999999334 ) ;
#189 = LINE ( 'NONE', #645, #798 ) ;
#190 = PLANE ( 'NONE',  #160 ) ;
#191 = CARTESIAN_POINT ( 'NONE',  ( 51.50000000000010658, -24.00000000000000000, 21.24999999999999289 ) ) ;
#192 = LINE ( 'NONE', #1105, #344 ) ;
#193 = ORIENTED_EDGE ( 'NONE', *, *, #589, .T. ) ;
#194 = ADVANCED_FACE ( 'NONE', ( #45 ), #635, .F. ) ;
#195 = EDGE_CURVE ( 'NONE', #650, #1025, #1108, .T. ) ;
#196 = LINE ( 'NONE', #1318, #897 ) ;
#197 = PLANE ( 'NONE',  #347 ) ;
#198 = DIRECTION ( 'NONE',  ( -1.224646799147353207E-16, 1.000000000000000000, -0.000000000000000000 ) ) ;
#199 = DIRECTION ( 'NONE',  ( -0.000000000000000000, -0.000000000000000000, 1.000000000000000000 ) ) ;
#200 = VERTEX_POINT ( 'NONE', #191 ) ;
#201 = LINE ( 'NONE', #742, #726 ) ;
#202 = ADVANCED_FACE ( 'NONE', ( #745 ), #877, .T. ) ;
#203 = CARTESIAN_POINT ( 'NONE',  ( 45.08771324027146932, -1.749999999999999334, 4.500000000000000000 ) ) ;
#204 = CARTESIAN_POINT ( 'NONE',  ( 55.00000000000000711, -36.00000000000000000, 26.50000000000000000 ) ) ;
#205 = VECTOR ( 'NONE', #891, 1000.000000000000114 ) ;
#206 = AXIS2_PLACEMENT_3D ( 'NONE', #482, #503, #401 ) ;
#207 = LINE ( 'NONE', #880, #411 ) ;
#208 = PLANE ( 'NONE',  #996 ) ;
#209 = VECTOR ( 'NONE', #1035, 1000.000000000000000 ) ;
#210 = EDGE_CURVE ( 'NONE', #478, #849, #391, .T. ) ;
#211 = DIRECTION ( 'NONE',  ( -1.224646799147353207E-16, 1.000000000000000000, 0.000000000000000000 ) ) ;
#212 = CARTESIAN_POINT ( 'NONE',  ( 7.000000000000000000, -13.99999999999999822, 26.50000000000000000 ) ) ;
#213 = DIRECTION ( 'NONE',  ( -1.000000000000000000, 0.000000000000000000, 0.000000000000000000 ) ) ;
#214 = DIRECTION ( 'NONE',  ( 0.000000000000000000, 0.000000000000000000, 1.000000000000000000 ) ) ;
#215 = EDGE_LOOP ( 'NONE', ( #96, #550, #869, #543 ) ) ;
#216 = EDGE_LOOP ( 'NONE', ( #483, #35, #1374, #568 ) ) ;
#217 = FACE_OUTER_BOUND ( 'NONE', #1082, .T. ) ;
#218 = ORIENTED_EDGE ( 'NONE', *, *, #688, .T. ) ;
#219 = LINE ( 'NONE', #4, #1117 ) ;
#220 = DIRECTION ( 'NONE',  ( 0.000000000000000000, 0.000000000000000000, 1.000000000000000000 ) ) ;
#221 = DIRECTION ( 'NONE',  ( 1.000000000000000000, -0.000000000000000000, 1.239088197126289831E-16 ) ) ;
#222 = VERTEX_POINT ( 'NONE', #1427 ) ;
#223 = EDGE_CURVE ( 'NONE', #222, #1167, #87, .T. ) ;
#224 = ORIENTED_EDGE ( 'NONE', *, *, #112, .T. ) ;
#225 = EDGE_LOOP ( 'NONE', ( #721, #1473 ) ) ;
#226 = DIRECTION ( 'NONE',  ( 0.000000000000000000, 1.000000000000000000, 0.000000000000000000 ) ) ;
#227 = DIRECTION ( 'NONE',  ( -1.000000000000000000, -1.927470528863117569E-16, 0.000000000000000000 ) ) ;
#228 = DIRECTION ( 'NONE',  ( -0.000000000000000000, 1.000000000000000000, -0.000000000000000000 ) ) ;
#229 = AXIS2_PLACEMENT_3D ( 'NONE', #489, #1290, #1155 ) ;
#230 = CARTESIAN_POINT ( 'NONE',  ( 45.08771324027146932, -7.250000000000001776, 4.500000000000000000 ) ) ;
#231 = AXIS2_PLACEMENT_3D ( 'NONE', #279, #614, #1074 ) ;
#232 = EDGE_LOOP ( 'NONE', ( #1134, #1263, #710, #218 ) ) ;
#233 = VERTEX_POINT ( 'NONE', #175 ) ;
#234 = VECTOR ( 'NONE', #1139, 1000.000000000000000 ) ;
#235 = DIRECTION ( 'NONE',  ( 0.000000000000000000, -1.000000000000000000, 0.000000000000000000 ) ) ;
#236 = CARTESIAN_POINT ( 'NONE',  ( 13.08771324027146932, -1.749999999999999334, 4.500000000000000000 ) ) ;
#237 = ORIENTED_EDGE ( 'NONE', *, *, #795, .F. ) ;
#238 = ORIENTED_EDGE ( 'NONE', *, *, #403, .T. ) ;
#239 = EDGE_LOOP ( 'NONE', ( #1288, #338, #1464, #667 ) ) ;
#240 = EDGE_CURVE ( 'NONE', #20, #504, #1333, .T. ) ;
#241 = CARTESIAN_POINT ( 'NONE',  ( 51.50000000000010658, -24.00000000000000000, 22.50000000000000000 ) ) ;
#242 = CARTESIAN_POINT ( 'NONE',  ( 0.000000000000000000, 0.000000000000000000, 7.500000000000000000 ) ) ;
#243 = LINE ( 'NONE', #1053, #1162 ) ;
#244 = VERTEX_POINT ( 'NONE', #739 ) ;
#245 = EDGE_LOOP ( 'NONE', ( #82, #127, #973, #1277 ) ) ;
#246 = CARTESIAN_POINT ( 'NONE',  ( 54.00000000000000000, -13.99999999999999822, 27.50000000000000000 ) ) ;
#247 = EDGE_CURVE ( 'NONE', #575, #983, #1213, .T. ) ;
#248 = CARTESIAN_POINT ( 'NONE',  ( 55.00000000000000000, 0.000000000000000000, 0.000000000000000000 ) ) ;
#249 = CARTESIAN_POINT ( 'NONE',  ( 47.00000000000000000, -13.99999999999999822, 7.500000000000000000 ) ) ;
#250 = FACE_OUTER_BOUND ( 'NONE', #1271, .T. ) ;
#251 = MANIFOLD_SOLID_BREP ( 'Fillet1', #1258 ) ;
#252 = ORIENTED_EDGE ( 'NONE', *, *, #360, .F. ) ;
#253 = VECTOR ( 'NONE', #199, 1000.000000000000000 ) ;
#254 = ORIENTED_EDGE ( 'NONE', *, *, #611, .T. ) ;
#255 = CIRCLE ( 'NONE', #1231, 2.000000000000001776 ) ;
#256 = ADVANCED_FACE ( 'NONE', ( #991, #1411, #1079 ), #1197, .T. ) ;
#257 = EDGE_CURVE ( 'NONE', #797, #600, #677, .T. ) ;
#258 = DIRECTION ( 'NONE',  ( -0.000000000000000000, 1.000000000000000000, -0.000000000000000000 ) ) ;
#259 = CARTESIAN_POINT ( 'NONE',  ( 3.500000000000000000, -24.00000000000000000, 13.75000000000000000 ) ) ;
#260 = CARTESIAN_POINT ( 'NONE',  ( 0.000000000000000000, 0.000000000000000000, 0.000000000000000000 ) ) ;
#261 = ORIENTED_EDGE ( 'NONE', *, *, #1465, .T. ) ;
#262 = EDGE_LOOP ( 'NONE', ( #78, #950 ) ) ;
#263 = DIRECTION ( 'NONE',  ( 1.000000000000000000, 0.000000000000000000, -0.000000000000000000 ) ) ;
#264 = CARTESIAN_POINT ( 'NONE',  ( 48.00000000000000000, -13.99999999999999822, 26.50000000000000000 ) ) ;
#265 = CARTESIAN_POINT ( 'NONE',  ( 14.67542648054294396, -4.500000000000003553, 4.500000000000000000 ) ) ;
#266 = EDGE_LOOP ( 'NONE', ( #692, #1076, #594, #1070 ) ) ;
#267 = EDGE_CURVE ( 'NONE', #797, #429, #168, .T. ) ;
#268 = VERTEX_POINT ( 'NONE', #967 ) ;
#269 =( NAMED_UNIT ( * ) SI_UNIT ( $, .STERADIAN. ) SOLID_ANGLE_UNIT ( ) );
#270 = EDGE_CURVE ( 'NONE', #268, #842, #754, .T. ) ;
#271 = DIRECTION ( 'NONE',  ( 0.000000000000000000, 1.000000000000000000, 0.000000000000000000 ) ) ;
#272 = CARTESIAN_POINT ( 'NONE',  ( 55.00000000000000711, -36.00000000000000000, 7.500000000000000000 ) ) ;
#273 = PLANE ( 'NONE',  #231 ) ;
#274 = EDGE_LOOP ( 'NONE', ( #836, #573, #1276, #144, #790, #376 ) ) ;
#275 = VERTEX_POINT ( 'NONE', #1085 ) ;
#276 = AXIS2_PLACEMENT_3D ( 'NONE', #125, #118, #933 ) ;
#277 = PLANE ( 'NONE',  #1043 ) ;
#278 = CARTESIAN_POINT ( 'NONE',  ( 1.714505518806294441E-15, -13.99999999999999822, 26.50000000000000000 ) ) ;
#279 = CARTESIAN_POINT ( 'NONE',  ( 0.000000000000000000, 0.000000000000000000, 7.500000000000000000 ) ) ;
#280 = VERTEX_POINT ( 'NONE', #792 ) ;
#281 = VERTEX_POINT ( 'NONE', #657 ) ;
#282 = EDGE_CURVE ( 'NONE', #1068, #244, #1013, .T. ) ;
#283 = LINE ( 'NONE', #1224, #704 ) ;
#284 = ADVANCED_FACE ( 'NONE', ( #1248 ), #444, .T. ) ;
#285 = CARTESIAN_POINT ( 'NONE',  ( 46.67542648054294574, -4.500000000000003553, 7.500000000000000000 ) ) ;
#286 = DIRECTION ( 'NONE',  ( 1.000000000000000000, 0.000000000000000000, -0.000000000000000000 ) ) ;
#287 = CARTESIAN_POINT ( 'NONE',  ( 51.50000000000000711, -24.00000000000000000, 13.74999999999999822 ) ) ;
#288 = ORIENTED_EDGE ( 'NONE', *, *, #644, .T. ) ;
#289 = CARTESIAN_POINT ( 'NONE',  ( 49.00000000000000000, -36.00000000000000000, 27.50000000000000000 ) ) ;
#290 = ADVANCED_FACE ( 'NONE', ( #679 ), #1023, .F. ) ;
#291 = DIRECTION ( 'NONE',  ( 0.000000000000000000, 0.000000000000000000, -1.000000000000000000 ) ) ;
#292 = DIRECTION ( 'NONE',  ( 1.000000000000000000, 2.731481088613017720E-16, 0.000000000000000000 ) ) ;
#293 = DIRECTION ( 'NONE',  ( -1.000000000000000000, 0.000000000000000000, 0.000000000000000000 ) ) ;
#294 = ORIENTED_EDGE ( 'NONE', *, *, #343, .F. ) ;
#295 = DIRECTION ( 'NONE',  ( 0.5000000000000001110, -0.8660254037844384856, 0.000000000000000000 ) ) ;
#296 = VECTOR ( 'NONE', #132, 1000.000000000000000 ) ;
#297 = CARTESIAN_POINT ( 'NONE',  ( 43.50000000000000000, -4.500000000000000000, 4.500000000000000000 ) ) ;
#298 = VECTOR ( 'NONE', #293, 1000.000000000000000 ) ;
#299 = CARTESIAN_POINT ( 'NONE',  ( 8.000000000000000000, -13.99999999999999822, 8.500000000000000000 ) ) ;
#300 = AXIS2_PLACEMENT_3D ( 'NONE', #374, #947, #590 ) ;
#301 = CARTESIAN_POINT ( 'NONE',  ( 6.000000000000000000, -13.99999999999999822, 26.50000000000000000 ) ) ;
#302 = EDGE_LOOP ( 'NONE', ( #520, #811 ) ) ;
#303 = AXIS2_PLACEMENT_3D ( 'NONE', #791, #235, #116 ) ;
#304 = DIRECTION ( 'NONE',  ( -0.000000000000000000, -0.000000000000000000, 1.000000000000000000 ) ) ;
#305 = SURFACE_SIDE_STYLE ('',( #641 ) ) ;
#306 = FACE_OUTER_BOUND ( 'NONE', #215, .T. ) ;
#307 = ORIENTED_EDGE ( 'NONE', *, *, #84, .T. ) ;
#308 = EDGE_CURVE ( 'NONE', #6, #441, #911, .T. ) ;
#309 = FACE_OUTER_BOUND ( 'NONE', #8, .T. ) ;
#310 = LINE ( 'NONE', #1247, #370 ) ;
#311 = CARTESIAN_POINT ( 'NONE',  ( 41.91228675972853068, -1.749999999999999334, 7.500000000000000000 ) ) ;
#312 = ADVANCED_FACE ( 'NONE', ( #1119 ), #422, .F. ) ;
#313 = FACE_BOUND ( 'NONE', #887, .T. ) ;
#314 = ORIENTED_EDGE ( 'NONE', *, *, #70, .F. ) ;
#315 = ADVANCED_FACE ( 'NONE', ( #1006 ), #1235, .F. ) ;
#316 = EDGE_CURVE ( 'NONE', #842, #605, #117, .T. ) ;
#317 = LINE ( 'NONE', #1058, #554 ) ;
#318 = DIRECTION ( 'NONE',  ( 0.5000000000000000000, 0.8660254037844385966, 0.000000000000000000 ) ) ;
#319 = FACE_OUTER_BOUND ( 'NONE', #1, .T. ) ;
#320 = AXIS2_PLACEMENT_3D ( 'NONE', #1462, #1454, #1361 ) ;
#321 = AXIS2_PLACEMENT_3D ( 'NONE', #386, #977, #727 ) ;
#322 = CARTESIAN_POINT ( 'NONE',  ( 41.91228675972853068, -1.749999999999999334, 4.500000000000000000 ) ) ;
#323 = LINE ( 'NONE', #779, #463 ) ;
#324 = ORIENTED_EDGE ( 'NONE', *, *, #151, .F. ) ;
#325 = LINE ( 'NONE', #1047, #1467 ) ;
#326 = VERTEX_POINT ( 'NONE', #94 ) ;
#327 = DIRECTION ( 'NONE',  ( 2.204364238465235576E-16, -0.000000000000000000, -1.000000000000000000 ) ) ;
#328 = CARTESIAN_POINT ( 'NONE',  ( 13.08771324027147287, -7.250000000000001776, 7.500000000000000000 ) ) ;
#329 = CARTESIAN_POINT ( 'NONE',  ( 13.08771324027146932, -1.749999999999999334, 4.500000000000000000 ) ) ;
#330 = ORIENTED_EDGE ( 'NONE', *, *, #1069, .F. ) ;
#331 = EDGE_LOOP ( 'NONE', ( #818, #1328, #108, #696, #1133, #397, #1306 ) ) ;
#332 = ORIENTED_EDGE ( 'NONE', *, *, #878, .F. ) ;
#333 = PLANE ( 'NONE',  #303 ) ;
#334 = DIRECTION ( 'NONE',  ( 1.000000000000000000, 0.000000000000000000, 0.000000000000000000 ) ) ;
#335 = CYLINDRICAL_SURFACE ( 'NONE', #509, 2.000000000000001776 ) ;
#336 = VERTEX_POINT ( 'NONE', #311 ) ;
#337 = EDGE_LOOP ( 'NONE', ( #1145, #1340 ) ) ;
#338 = ORIENTED_EDGE ( 'NONE', *, *, #593, .F. ) ;
#339 = DIRECTION ( 'NONE',  ( -0.000000000000000000, -0.000000000000000000, -1.000000000000000000 ) ) ;
#340 = EDGE_CURVE ( 'NONE', #1167, #871, #870, .T. ) ;
#341 = CARTESIAN_POINT ( 'NONE',  ( 51.50000000000000711, -24.00000000000000000, 12.50000000000000000 ) ) ;
#342 = CYLINDRICAL_SURFACE ( 'NONE', #685, 1.249999999999997558 ) ;
#343 = EDGE_CURVE ( 'NONE', #244, #567, #786, .T. ) ;
#344 = VECTOR ( 'NONE', #526, 1000.000000000000000 ) ;
#345 = ORIENTED_EDGE ( 'NONE', *, *, #1270, .T. ) ;
#346 = ADVANCED_FACE ( 'NONE', ( #106 ), #552, .T. ) ;
#347 = AXIS2_PLACEMENT_3D ( 'NONE', #203, #85, #1103 ) ;
#348 = ORIENTED_EDGE ( 'NONE', *, *, #803, .T. ) ;
#349 = LINE ( 'NONE', #246, #234 ) ;
#350 = PLANE ( 'NONE',  #632 ) ;
#351 = FACE_BOUND ( 'NONE', #262, .T. ) ;
#352 = DIRECTION ( 'NONE',  ( -0.8660254037844387076, 0.4999999999999999445, 0.000000000000000000 ) ) ;
#353 = ORIENTED_EDGE ( 'NONE', *, *, #861, .F. ) ;
#354 = ADVANCED_FACE ( 'NONE', ( #319 ), #663, .T. ) ;
#355 = EDGE_LOOP ( 'NONE', ( #47, #1075, #3, #1238 ) ) ;
#356 = LINE ( 'NONE', #1376, #1285 ) ;
#357 = DIRECTION ( 'NONE',  ( -0.000000000000000000, 1.000000000000000000, -0.000000000000000000 ) ) ;
#358 = CARTESIAN_POINT ( 'NONE',  ( 14.67542648054294396, -4.500000000000003553, 4.500000000000000000 ) ) ;
#359 = VERTEX_POINT ( 'NONE', #545 ) ;
#360 = EDGE_CURVE ( 'NONE', #1380, #1357, #410, .T. ) ;
#361 = ORIENTED_EDGE ( 'NONE', *, *, #1003, .T. ) ;
#362 = DIRECTION ( 'NONE',  ( 0.000000000000000000, 0.000000000000000000, 1.000000000000000000 ) ) ;
#363 = LINE ( 'NONE', #259, #944 ) ;
#364 = CIRCLE ( 'NONE', #13, 1.250000000000001110 ) ;
#365 = CARTESIAN_POINT ( 'NONE',  ( 13.08771324027146932, -1.749999999999999334, 7.500000000000000000 ) ) ;
#366 = ORIENTED_EDGE ( 'NONE', *, *, #653, .T. ) ;
#367 = CIRCLE ( 'NONE', #553, 1.000000000000000888 ) ;
#368 = VECTOR ( 'NONE', #186, 1000.000000000000114 ) ;
#369 = ORIENTED_EDGE ( 'NONE', *, *, #803, .F. ) ;
#370 = VECTOR ( 'NONE', #14, 1000.000000000000227 ) ;
#371 = VECTOR ( 'NONE', #32, 1000.000000000000000 ) ;
#372 = AXIS2_PLACEMENT_3D ( 'NONE', #923, #678, #443 ) ;
#373 = FACE_OUTER_BOUND ( 'NONE', #761, .T. ) ;
#374 = CARTESIAN_POINT ( 'NONE',  ( 49.00000000000000000, -13.99999999999999822, 26.50000000000000000 ) ) ;
#375 = CARTESIAN_POINT ( 'NONE',  ( 45.08771324027146932, -1.749999999999999334, 7.500000000000000000 ) ) ;
#376 = ORIENTED_EDGE ( 'NONE', *, *, #84, .F. ) ;
#377 = ORIENTED_EDGE ( 'NONE', *, *, #560, .F. ) ;
#378 = EDGE_CURVE ( 'NONE', #1479, #222, #603, .T. ) ;
#379 = FACE_OUTER_BOUND ( 'NONE', #114, .T. ) ;
#380 = DIRECTION ( 'NONE',  ( 0.000000000000000000, 0.000000000000000000, 1.000000000000000000 ) ) ;
#381 = CARTESIAN_POINT ( 'NONE',  ( 40.32457351945706137, -4.499999999999999112, 4.500000000000000000 ) ) ;
#382 = EDGE_LOOP ( 'NONE', ( #780, #921, #1060, #638 ) ) ;
#383 = VERTEX_POINT ( 'NONE', #1313 ) ;
#384 = CARTESIAN_POINT ( 'NONE',  ( 9.912286759728528907, -1.749999999999999334, 7.500000000000000000 ) ) ;
#385 = CARTESIAN_POINT ( 'NONE',  ( 0.000000000000000000, -13.99999999999999822, 0.000000000000000000 ) ) ;
#386 = CARTESIAN_POINT ( 'NONE',  ( 3.500000000000000000, -24.00000000000000000, 12.50000000000000000 ) ) ;
#387 = ADVANCED_FACE ( 'NONE', ( #309 ), #1101, .F. ) ;
#388 = VERTEX_POINT ( 'NONE', #639 ) ;
#389 = ADVANCED_FACE ( 'NONE', ( #76 ), #522, .F. ) ;
#390 = ORIENTED_EDGE ( 'NONE', *, *, #548, .T. ) ;
#391 = CIRCLE ( 'NONE', #1040, 1.000000000000000888 ) ;
#392 = CIRCLE ( 'NONE', #10, 2.000000000000000000 ) ;
#393 = VECTOR ( 'NONE', #697, 1000.000000000000000 ) ;
#394 = DIRECTION ( 'NONE',  ( -0.5000000000000003331, 0.8660254037844384856, 0.000000000000000000 ) ) ;
#395 = CARTESIAN_POINT ( 'NONE',  ( 8.324573519457059589, -4.499999999999999112, 4.500000000000000000 ) ) ;
#396 = VERTEX_POINT ( 'NONE', #765 ) ;
#397 = ORIENTED_EDGE ( 'NONE', *, *, #1358, .F. ) ;
#398 = DIRECTION ( 'NONE',  ( -0.000000000000000000, -0.000000000000000000, -1.000000000000000000 ) ) ;
#399 = DIRECTION ( 'NONE',  ( 0.000000000000000000, 1.000000000000000000, 0.000000000000000000 ) ) ;
#400 = DIRECTION ( 'NONE',  ( 0.000000000000000000, 0.000000000000000000, 1.000000000000000000 ) ) ;
#401 = DIRECTION ( 'NONE',  ( 0.000000000000000000, 0.000000000000000000, 1.000000000000000000 ) ) ;
#402 = ORIENTED_EDGE ( 'NONE', *, *, #882, .T. ) ;
#403 = EDGE_CURVE ( 'NONE', #275, #280, #283, .T. ) ;
#404 = DIRECTION ( 'NONE',  ( 0.000000000000000000, 0.000000000000000000, 1.000000000000000000 ) ) ;
#405 = DIRECTION ( 'NONE',  ( -0.000000000000000000, -0.000000000000000000, -1.000000000000000000 ) ) ;
#406 =( NAMED_UNIT ( * ) SI_UNIT ( $, .STERADIAN. ) SOLID_ANGLE_UNIT ( ) );
#407 = CARTESIAN_POINT ( 'NONE',  ( 48.00000000000000000, -36.00000000000000000, 26.50000000000000000 ) ) ;
#408 = ORIENTED_EDGE ( 'NONE', *, *, #2, .F. ) ;
#409 = DIRECTION ( 'NONE',  ( -0.000000000000000000, -0.000000000000000000, -1.000000000000000000 ) ) ;
#410 = CIRCLE ( 'NONE', #1254, 2.000000000000000000 ) ;
#411 = VECTOR ( 'NONE', #221, 1000.000000000000000 ) ;
#412 = DIRECTION ( 'NONE',  ( 0.000000000000000000, -1.000000000000000000, 0.000000000000000000 ) ) ;
#413 = AXIS2_PLACEMENT_3D ( 'NONE', #759, #412, #518 ) ;
#414 = CARTESIAN_POINT ( 'NONE',  ( 3.500000000000104361, -24.00000000000000000, 23.75000000000000000 ) ) ;
#415 = PRODUCT_DEFINITION_FORMATION_WITH_SPECIFIED_SOURCE ( 'ANY', '', #172, .NOT_KNOWN. ) ;
#416 = CARTESIAN_POINT ( 'NONE',  ( 11.50000000000000000, -4.500000000000000000, 0.000000000000000000 ) ) ;
#417 = VERTEX_POINT ( 'NONE', #985 ) ;
#418 = DIRECTION ( 'NONE',  ( 0.000000000000000000, 0.000000000000000000, 1.000000000000000000 ) ) ;
#419 = EDGE_CURVE ( 'NONE', #233, #1152, #1211, .T. ) ;
#420 = CARTESIAN_POINT ( 'NONE',  ( 0.000000000000000000, 0.000000000000000000, 0.000000000000000000 ) ) ;
#421 = EDGE_CURVE ( 'NONE', #714, #1158, #367, .T. ) ;
#422 = PLANE ( 'NONE',  #1180 ) ;
#423 = DIRECTION ( 'NONE',  ( -0.000000000000000000, 0.000000000000000000, 1.000000000000000000 ) ) ;
#424 = ORIENTED_EDGE ( 'NONE', *, *, #469, .F. ) ;
#425 = VERTEX_POINT ( 'NONE', #1217 ) ;
#426 = DIRECTION ( 'NONE',  ( -0.000000000000000000, 0.000000000000000000, 1.000000000000000000 ) ) ;
#427 = DIRECTION ( 'NONE',  ( 0.000000000000000000, 0.000000000000000000, 1.000000000000000000 ) ) ;
#428 = DIRECTION ( 'NONE',  ( 1.000000000000000000, 0.000000000000000000, 0.000000000000000000 ) ) ;
#429 = VERTEX_POINT ( 'NONE', #866 ) ;
#430 = ORIENTED_EDGE ( 'NONE', *, *, #1220, .T. ) ;
#431 = EDGE_CURVE ( 'NONE', #599, #29, #1437, .T. ) ;
#432 = EDGE_CURVE ( 'NONE', #812, #396, #980, .T. ) ;
#433 = DIRECTION ( 'NONE',  ( -1.000000000000000000, 0.000000000000000000, 0.000000000000000000 ) ) ;
#434 = DIRECTION ( 'NONE',  ( -0.4999999999999998890, -0.8660254037844385966, 0.000000000000000000 ) ) ;
#435 = CARTESIAN_POINT ( 'NONE',  ( 11.50000000000000000, -4.500000000000000000, 4.500000000000000000 ) ) ;
#436 = AXIS2_PLACEMENT_3D ( 'NONE', #737, #1451, #1330 ) ;
#437 = DIRECTION ( 'NONE',  ( -1.000000000000000000, 0.000000000000000000, 0.000000000000000000 ) ) ;
#438 = DIRECTION ( 'NONE',  ( 0.000000000000000000, 1.000000000000000000, 0.000000000000000000 ) ) ;
#439 = AXIS2_PLACEMENT_3D ( 'NONE', #297, #1096, #884 ) ;
#440 = VECTOR ( 'NONE', #1295, 1000.000000000000000 ) ;
#441 = VERTEX_POINT ( 'NONE', #1336 ) ;
#442 = ORIENTED_EDGE ( 'NONE', *, *, #653, .F. ) ;
#443 = DIRECTION ( 'NONE',  ( 0.5000000000000002220, -0.8660254037844384856, 0.000000000000000000 ) ) ;
#444 = CYLINDRICAL_SURFACE ( 'NONE', #1160, 1.000000000000000888 ) ;
#445 = DIRECTION ( 'NONE',  ( -0.000000000000000000, -0.000000000000000000, -1.000000000000000000 ) ) ;
#446 = ORIENTED_EDGE ( 'NONE', *, *, #431, .F. ) ;
#447 = ORIENTED_EDGE ( 'NONE', *, *, #1262, .T. ) ;
#448 = ORIENTED_EDGE ( 'NONE', *, *, #820, .T. ) ;
#449 = DIRECTION ( 'NONE',  ( 0.000000000000000000, 0.000000000000000000, 1.000000000000000000 ) ) ;
#450 = EDGE_CURVE ( 'NONE', #908, #1178, #530, .T. ) ;
#451 = EDGE_CURVE ( 'NONE', #326, #388, #196, .T. ) ;
#452 = FACE_OUTER_BOUND ( 'NONE', #1383, .T. ) ;
#453 = CARTESIAN_POINT ( 'NONE',  ( 0.000000000000000000, 0.000000000000000000, 4.500000000000000000 ) ) ;
#454 = ORIENTED_EDGE ( 'NONE', *, *, #340, .T. ) ;
#455 = ORIENTED_EDGE ( 'NONE', *, *, #773, .F. ) ;
#456 = CARTESIAN_POINT ( 'NONE',  ( 51.50000000000000711, -24.00000000000000000, 12.50000000000000000 ) ) ;
#457 = CARTESIAN_POINT ( 'NONE',  ( 41.91228675972853068, -1.749999999999999334, 4.500000000000000000 ) ) ;
#458 = ORIENTED_EDGE ( 'NONE', *, *, #813, .T. ) ;
#459 = VECTOR ( 'NONE', #555, 1000.000000000000000 ) ;
#460 = DIRECTION ( 'NONE',  ( 1.000000000000000000, 0.000000000000000000, -0.000000000000000000 ) ) ;
#461 = EDGE_LOOP ( 'NONE', ( #571, #458, #330, #165 ) ) ;
#462 = CIRCLE ( 'NONE', #607, 1.000000000000000888 ) ;
#463 = VECTOR ( 'NONE', #547, 1000.000000000000000 ) ;
#464 = VECTOR ( 'NONE', #670, 1000.000000000000000 ) ;
#465 = ORIENTED_EDGE ( 'NONE', *, *, #735, .T. ) ;
#466 = CARTESIAN_POINT ( 'NONE',  ( 1.000000000000004441, -36.00000000000000000, 27.50000000000000000 ) ) ;
#467 = EDGE_CURVE ( 'NONE', #849, #714, #750, .T. ) ;
#468 = CYLINDRICAL_SURFACE ( 'NONE', #1140, 1.250000000000004663 ) ;
#469 = EDGE_CURVE ( 'NONE', #592, #730, #189, .T. ) ;
#470 = LINE ( 'NONE', #1057, #371 ) ;
#471 = DIRECTION ( 'NONE',  ( -0.5000000000000002220, 0.8660254037844384856, 0.000000000000000000 ) ) ;
#472 = ORIENTED_EDGE ( 'NONE', *, *, #569, .T. ) ;
#473 = ORIENTED_EDGE ( 'NONE', *, *, #49, .F. ) ;
#474 = CARTESIAN_POINT ( 'NONE',  ( 9.912286759728532459, -7.250000000000002665, 4.500000000000000000 ) ) ;
#475 = LINE ( 'NONE', #823, #1299 ) ;
#476 = CARTESIAN_POINT ( 'NONE',  ( 54.00000000000000711, -36.00000000000000000, 27.50000000000000000 ) ) ;
#477 = ORIENTED_EDGE ( 'NONE', *, *, #1234, .F. ) ;
#478 = VERTEX_POINT ( 'NONE', #289 ) ;
#479 = CYLINDRICAL_SURFACE ( 'NONE', #1066, 2.000000000000001776 ) ;
#480 = LINE ( 'NONE', #613, #1210 ) ;
#481 = PRESENTATION_LAYER_ASSIGNMENT (  '', '', ( #9 ) ) ;
#482 = CARTESIAN_POINT ( 'NONE',  ( 3.500000000000000000, -13.99999999999999822, 12.50000000000000000 ) ) ;
#483 = ORIENTED_EDGE ( 'NONE', *, *, #257, .F. ) ;
#484 = VECTOR ( 'NONE', #198, 1000.000000000000000 ) ;
#485 = VECTOR ( 'NONE', #782, 1000.000000000000000 ) ;
#486 = VERTEX_POINT ( 'NONE', #508 ) ;
#487 = AXIS2_PLACEMENT_3D ( 'NONE', #831, #1289, #263 ) ;
#488 = CARTESIAN_POINT ( 'NONE',  ( 3.500000000000104361, -13.99999999999999822, 22.50000000000000000 ) ) ;
#489 = CARTESIAN_POINT ( 'NONE',  ( 0.000000000000000000, -13.99999999999999822, 0.000000000000000000 ) ) ;
#490 = LINE ( 'NONE', #46, #368 ) ;
#491 = ORIENTED_EDGE ( 'NONE', *, *, #959, .F. ) ;
#492 = ORIENTED_EDGE ( 'NONE', *, *, #496, .F. ) ;
#493 = EDGE_CURVE ( 'NONE', #819, #128, #995, .T. ) ;
#494 = CYLINDRICAL_SURFACE ( 'NONE', #1327, 1.000000000000000888 ) ;
#495 = DIRECTION ( 'NONE',  ( -0.000000000000000000, -0.000000000000000000, 1.000000000000000000 ) ) ;
#496 = EDGE_CURVE ( 'NONE', #1222, #359, #201, .T. ) ;
#497 = FACE_OUTER_BOUND ( 'NONE', #274, .T. ) ;
#498 = ORIENTED_EDGE ( 'NONE', *, *, #833, .F. ) ;
#499 = PRODUCT_DEFINITION_SHAPE ( 'NONE', 'NONE',  #986 ) ;
#500 = EDGE_LOOP ( 'NONE', ( #643, #1260, #166, #69 ) ) ;
#501 = DIRECTION ( 'NONE',  ( 0.000000000000000000, 0.000000000000000000, 1.000000000000000000 ) ) ;
#502 = CARTESIAN_POINT ( 'NONE',  ( 49.00000000000000000, -36.00000000000000000, 26.50000000000000000 ) ) ;
#503 = DIRECTION ( 'NONE',  ( 0.000000000000000000, 1.000000000000000000, 0.000000000000000000 ) ) ;
#504 = VERTEX_POINT ( 'NONE', #1201 ) ;
#505 = EDGE_LOOP ( 'NONE', ( #1149, #941, #492, #895, #805, #1255, #1059 ) ) ;
#506 = AXIS2_PLACEMENT_3D ( 'NONE', #539, #1344, #220 ) ;
#507 = CIRCLE ( 'NONE', #1230, 2.000000000000001776 ) ;
#508 = CARTESIAN_POINT ( 'NONE',  ( 3.500000000000104361, -24.00000000000000000, 21.24999999999999645 ) ) ;
#509 = AXIS2_PLACEMENT_3D ( 'NONE', #793, #1044, #570 ) ;
#510 = VECTOR ( 'NONE', #939, 1000.000000000000000 ) ;
#511 = DIRECTION ( 'NONE',  ( 0.000000000000000000, 0.000000000000000000, 1.000000000000000000 ) ) ;
#512 = CARTESIAN_POINT ( 'NONE',  ( 41.91228675972853779, -7.250000000000002665, 4.500000000000000000 ) ) ;
#513 = EDGE_CURVE ( 'NONE', #1311, #622, #922, .T. ) ;
#514 = LINE ( 'NONE', #375, #298 ) ;
#515 = VERTEX_POINT ( 'NONE', #517 ) ;
#516 = VERTEX_POINT ( 'NONE', #1095 ) ;
#517 = CARTESIAN_POINT ( 'NONE',  ( 3.500000000000104361, -13.99999999999999822, 21.24999999999999645 ) ) ;
#518 = DIRECTION ( 'NONE',  ( 0.000000000000000000, 0.000000000000000000, -1.000000000000000000 ) ) ;
#519 = DIRECTION ( 'NONE',  ( -1.000000000000000000, 0.000000000000000000, 0.000000000000000000 ) ) ;
#520 = ORIENTED_EDGE ( 'NONE', *, *, #378, .T. ) ;
#521 = ORIENTED_EDGE ( 'NONE', *, *, #513, .T. ) ;
#522 = PLANE ( 'NONE',  #436 ) ;
#523 = VERTEX_POINT ( 'NONE', #71 ) ;
#524 = EDGE_CURVE ( 'NONE', #575, #516, #699, .T. ) ;
#525 = PLANE ( 'NONE',  #41 ) ;
#526 = DIRECTION ( 'NONE',  ( -1.000000000000000000, 0.000000000000000000, 0.000000000000000000 ) ) ;
#527 = EDGE_LOOP ( 'NONE', ( #561, #1317, #1365, #1452 ) ) ;
#528 = EDGE_CURVE ( 'NONE', #567, #1106, #1392, .T. ) ;
#529 = CARTESIAN_POINT ( 'NONE',  ( 41.49999999999999289, -4.500000000000000000, 7.500000000000000000 ) ) ;
#530 = CIRCLE ( 'NONE', #158, 2.000000000000000000 ) ;
#531 = AXIS2_PLACEMENT_3D ( 'NONE', #992, #1339, #769 ) ;
#532 = FACE_OUTER_BOUND ( 'NONE', #913, .T. ) ;
#533 = CIRCLE ( 'NONE', #184, 1.000000000000000888 ) ;
#534 = DIRECTION ( 'NONE',  ( 0.000000000000000000, 1.000000000000000000, -0.000000000000000000 ) ) ;
#535 = DIRECTION ( 'NONE',  ( 0.000000000000000000, 1.000000000000000000, 0.000000000000000000 ) ) ;
#536 = ORIENTED_EDGE ( 'NONE', *, *, #773, .T. ) ;
#537 = CARTESIAN_POINT ( 'NONE',  ( 51.50000000000000711, -13.99999999999999822, 12.50000000000000000 ) ) ;
#538 = FACE_OUTER_BOUND ( 'NONE', #156, .T. ) ;
#539 = CARTESIAN_POINT ( 'NONE',  ( 51.50000000000010658, -24.00000000000000000, 22.50000000000000000 ) ) ;
#540 = CARTESIAN_POINT ( 'NONE',  ( 51.50000000000010658, -24.00000000000000000, 23.75000000000000355 ) ) ;
#541 = LINE ( 'NONE', #666, #1092 ) ;
#542 = ADVANCED_FACE ( 'NONE', ( #149, #217 ), #97, .T. ) ;
#543 = ORIENTED_EDGE ( 'NONE', *, *, #611, .F. ) ;
#544 = CARTESIAN_POINT ( 'NONE',  ( 8.000000000000000000, -36.00000000000000000, 7.500000000000000000 ) ) ;
#545 = CARTESIAN_POINT ( 'NONE',  ( 49.00000000000000000, -13.99999999999999822, 27.50000000000000000 ) ) ;
#546 = LINE ( 'NONE', #1000, #774 ) ;
#547 = DIRECTION ( 'NONE',  ( 1.000000000000000000, 2.731481088613017720E-16, 0.000000000000000000 ) ) ;
#548 = EDGE_CURVE ( 'NONE', #383, #599, #668, .T. ) ;
#549 = VERTEX_POINT ( 'NONE', #476 ) ;
#550 = ORIENTED_EDGE ( 'NONE', *, *, #40, .F. ) ;
#551 = LINE ( 'NONE', #466, #558 ) ;
#552 = PLANE ( 'NONE',  #320 ) ;
#553 = AXIS2_PLACEMENT_3D ( 'NONE', #1194, #974, #404 ) ;
#554 = VECTOR ( 'NONE', #1460, 1000.000000000000227 ) ;
#555 = DIRECTION ( 'NONE',  ( -0.000000000000000000, 1.000000000000000000, -0.000000000000000000 ) ) ;
#556 = DIRECTION ( 'NONE',  ( -0.000000000000000000, 1.000000000000000000, -0.000000000000000000 ) ) ;
#557 = AXIS2_PLACEMENT_3D ( 'NONE', #703, #588, #1051 ) ;
#558 = VECTOR ( 'NONE', #23, 1000.000000000000000 ) ;
#559 = ORIENTED_EDGE ( 'NONE', *, *, #1216, .T. ) ;
#560 = EDGE_CURVE ( 'NONE', #1357, #1380, #392, .T. ) ;
#561 = ORIENTED_EDGE ( 'NONE', *, *, #343, .T. ) ;
#562 = ADVANCED_FACE ( 'NONE', ( #250 ), #1010, .F. ) ;
#563 = DIRECTION ( 'NONE',  ( 0.000000000000000000, 1.000000000000000000, 0.000000000000000000 ) ) ;
#564 = DIRECTION ( 'NONE',  ( 0.000000000000000000, 1.000000000000000000, 0.000000000000000000 ) ) ;
#565 = CARTESIAN_POINT ( 'NONE',  ( 6.000000000000000000, -36.00000000000000000, 26.50000000000000000 ) ) ;
#566 = CARTESIAN_POINT ( 'NONE',  ( 49.00000000000000000, -13.99999999999999822, 27.50000000000000000 ) ) ;
#567 = VERTEX_POINT ( 'NONE', #142 ) ;
#568 = ORIENTED_EDGE ( 'NONE', *, *, #820, .F. ) ;
#569 = EDGE_CURVE ( 'NONE', #280, #952, #317, .T. ) ;
#570 = DIRECTION ( 'NONE',  ( -1.000000000000000000, 0.000000000000000000, 0.000000000000000000 ) ) ;
#571 = ORIENTED_EDGE ( 'NONE', *, *, #617, .T. ) ;
#572 = CARTESIAN_POINT ( 'NONE',  ( 32.00000000000000000, 0.000000000000000000, 4.500000000000000000 ) ) ;
#573 = ORIENTED_EDGE ( 'NONE', *, *, #316, .T. ) ;
#574 = EDGE_CURVE ( 'NONE', #969, #567, #707, .T. ) ;
#575 = VERTEX_POINT ( 'NONE', #928 ) ;
#576 = ADVANCED_FACE ( 'NONE', ( #771 ), #1232, .T. ) ;
#577 = DIRECTION ( 'NONE',  ( 0.000000000000000000, 1.000000000000000000, 0.000000000000000000 ) ) ;
#578 = DIRECTION ( 'NONE',  ( 0.000000000000000000, 0.000000000000000000, 1.000000000000000000 ) ) ;
#579 = AXIS2_PLACEMENT_3D ( 'NONE', #1242, #874, #418 ) ;
#580 = DIRECTION ( 'NONE',  ( 0.5000000000000001110, 0.8660254037844385966, 0.000000000000000000 ) ) ;
#581 = VECTOR ( 'NONE', #665, 1000.000000000000000 ) ;
#582 = CARTESIAN_POINT ( 'NONE',  ( 55.00000000000000711, -36.00000000000000000, 26.50000000000000000 ) ) ;
#583 = EDGE_LOOP ( 'NONE', ( #1261, #1137, #1127, #1304, #90, #104 ) ) ;
#584 = VECTOR ( 'NONE', #646, 1000.000000000000000 ) ;
#585 = AXIS2_PLACEMENT_3D ( 'NONE', #1028, #807, #449 ) ;
#586 = ORIENTED_EDGE ( 'NONE', *, *, #953, .F. ) ;
#587 = FACE_OUTER_BOUND ( 'NONE', #500, .T. ) ;
#588 = DIRECTION ( 'NONE',  ( 0.000000000000000000, 1.000000000000000000, 0.000000000000000000 ) ) ;
#589 = EDGE_CURVE ( 'NONE', #200, #819, #134, .T. ) ;
#590 = DIRECTION ( 'NONE',  ( 0.000000000000000000, 0.000000000000000000, -1.000000000000000000 ) ) ;
#591 = CARTESIAN_POINT ( 'NONE',  ( 51.50000000000000711, -13.99999999999999822, 13.74999999999999822 ) ) ;
#592 = VERTEX_POINT ( 'NONE', #661 ) ;
#593 = EDGE_CURVE ( 'NONE', #952, #425, #243, .T. ) ;
#594 = ORIENTED_EDGE ( 'NONE', *, *, #1017, .F. ) ;
#595 = DIRECTION ( 'NONE',  ( 0.000000000000000000, 0.000000000000000000, 1.000000000000000000 ) ) ;
#596 = CARTESIAN_POINT ( 'NONE',  ( 41.91228675972853779, -7.250000000000002665, 4.500000000000000000 ) ) ;
#597 = LINE ( 'NONE', #18, #633 ) ;
#598 = DIRECTION ( 'NONE',  ( 1.000000000000000000, 0.000000000000000000, 0.000000000000000000 ) ) ;
#599 = VERTEX_POINT ( 'NONE', #260 ) ;
#600 = VERTEX_POINT ( 'NONE', #1275 ) ;
#601 = CARTESIAN_POINT ( 'NONE',  ( 1.000000000000001776, -13.99999999999999822, 27.50000000000000000 ) ) ;
#602 = CARTESIAN_POINT ( 'NONE',  ( 45.08771324027146932, -7.250000000000001776, 7.500000000000000000 ) ) ;
#603 = CIRCLE ( 'NONE', #579, 1.249999999999999334 ) ;
#604 = LINE ( 'NONE', #287, #872 ) ;
#605 = VERTEX_POINT ( 'NONE', #582 ) ;
#606 = AXIS2_PLACEMENT_3D ( 'NONE', #169, #740, #177 ) ;
#607 = AXIS2_PLACEMENT_3D ( 'NONE', #565, #1368, #1471 ) ;
#608 = ORIENTED_EDGE ( 'NONE', *, *, #878, .T. ) ;
#609 = EDGE_CURVE ( 'NONE', #1038, #516, #325, .T. ) ;
#610 = SHAPE_DEFINITION_REPRESENTATION ( #499, #906 ) ;
#611 = EDGE_CURVE ( 'NONE', #1027, #714, #7, .T. ) ;
#612 = DIRECTION ( 'NONE',  ( 0.5000000000000001110, -0.8660254037844384856, 0.000000000000000000 ) ) ;
#613 = CARTESIAN_POINT ( 'NONE',  ( 6.000000000000000000, -13.99999999999999822, 27.50000000000000000 ) ) ;
#614 = DIRECTION ( 'NONE',  ( 1.000000000000000000, 1.224646799147353207E-16, -0.000000000000000000 ) ) ;
#615 = EDGE_LOOP ( 'NONE', ( #1200, #1364, #881, #914 ) ) ;
#616 = ORIENTED_EDGE ( 'NONE', *, *, #123, .F. ) ;
#617 = EDGE_CURVE ( 'NONE', #812, #281, #507, .T. ) ;
#618 = CARTESIAN_POINT ( 'NONE',  ( 13.50000000000000000, -4.500000000000000000, 0.000000000000000000 ) ) ;
#619 = DIRECTION ( 'NONE',  ( -0.000000000000000000, -1.000000000000000000, -0.000000000000000000 ) ) ;
#620 = CARTESIAN_POINT ( 'NONE',  ( 3.500000000000104361, -24.00000000000000000, 23.75000000000000000 ) ) ;
#621 = ORIENTED_EDGE ( 'NONE', *, *, #176, .T. ) ;
#622 = VERTEX_POINT ( 'NONE', #591 ) ;
#623 = DIRECTION ( 'NONE',  ( 1.224646799147353207E-16, -1.000000000000000000, 0.000000000000000000 ) ) ;
#624 = ADVANCED_FACE ( 'NONE', ( #1171 ), #68, .F. ) ;
#625 = CARTESIAN_POINT ( 'NONE',  ( 47.00000000000000000, -36.00000000000000000, 7.500000000000000000 ) ) ;
#626 = PRESENTATION_STYLE_ASSIGNMENT (( #856 ) ) ;
#627 = LINE ( 'NONE', #1345, #1020 ) ;
#628 = ORIENTED_EDGE ( 'NONE', *, *, #781, .F. ) ;
#629 = VECTOR ( 'NONE', #623, 1000.000000000000000 ) ;
#630 = AXIS2_PLACEMENT_3D ( 'NONE', #1341, #352, #1268 ) ;
#631 = DIRECTION ( 'NONE',  ( 0.000000000000000000, 0.000000000000000000, 1.000000000000000000 ) ) ;
#632 = AXIS2_PLACEMENT_3D ( 'NONE', #474, #808, #1265 ) ;
#633 = VECTOR ( 'NONE', #1045, 1000.000000000000000 ) ;
#634 = CARTESIAN_POINT ( 'NONE',  ( 51.50000000000000711, -13.99999999999999822, 11.25000000000000355 ) ) ;
#635 = PLANE ( 'NONE',  #1136 ) ;
#636 = EDGE_CURVE ( 'NONE', #126, #1009, #1185, .T. ) ;
#637 = DIRECTION ( 'NONE',  ( 0.000000000000000000, 0.000000000000000000, -1.000000000000000000 ) ) ;
#638 = ORIENTED_EDGE ( 'NONE', *, *, #846, .F. ) ;
#639 = CARTESIAN_POINT ( 'NONE',  ( 41.91228675972853779, -7.250000000000002665, 4.500000000000000000 ) ) ;
#640 = LINE ( 'NONE', #1118, #1256 ) ;
#641 = SURFACE_STYLE_FILL_AREA ( #73 ) ;
#642 = CARTESIAN_POINT ( 'NONE',  ( 43.50000000000000000, -4.500000000000000000, 0.000000000000000000 ) ) ;
#643 = ORIENTED_EDGE ( 'NONE', *, *, #1034, .T. ) ;
#644 = EDGE_CURVE ( 'NONE', #1009, #600, #864, .T. ) ;
#645 = CARTESIAN_POINT ( 'NONE',  ( 13.08771324027147287, -7.250000000000001776, 4.500000000000000000 ) ) ;
#646 = DIRECTION ( 'NONE',  ( 0.000000000000000000, -1.000000000000000000, 0.000000000000000000 ) ) ;
#647 = DIRECTION ( 'NONE',  ( 0.000000000000000000, 0.000000000000000000, 1.000000000000000000 ) ) ;
#648 = DIRECTION ( 'NONE',  ( 0.000000000000000000, 0.000000000000000000, 1.000000000000000000 ) ) ;
#649 = VERTEX_POINT ( 'NONE', #59 ) ;
#650 = VERTEX_POINT ( 'NONE', #620 ) ;
#651 = DIRECTION ( 'NONE',  ( -1.000000000000000000, 0.000000000000000000, 0.000000000000000000 ) ) ;
#652 = VECTOR ( 'NONE', #1315, 1000.000000000000000 ) ;
#653 = EDGE_CURVE ( 'NONE', #516, #336, #514, .T. ) ;
#654 = CIRCLE ( 'NONE', #925, 1.000000000000000000 ) ;
#655 = DIRECTION ( 'NONE',  ( 0.8660254037844387076, -0.5000000000000001110, 0.000000000000000000 ) ) ;
#656 = EDGE_CURVE ( 'NONE', #983, #326, #490, .T. ) ;
#657 = CARTESIAN_POINT ( 'NONE',  ( 45.50000000000000000, -4.500000000000000000, 4.500000000000000000 ) ) ;
#658 =( GEOMETRIC_REPRESENTATION_CONTEXT ( 3 ) GLOBAL_UNCERTAINTY_ASSIGNED_CONTEXT ( ( #77 ) ) GLOBAL_UNIT_ASSIGNED_CONTEXT ( ( #1264, #145, #269 ) ) REPRESENTATION_CONTEXT ( 'NONE', 'WORKASPACE' ) );
#659 = CARTESIAN_POINT ( 'NONE',  ( 9.912286759728532459, -7.250000000000002665, 4.500000000000000000 ) ) ;
#660 = CARTESIAN_POINT ( 'NONE',  ( 51.50000000000000711, -24.00000000000000000, 12.50000000000000000 ) ) ;
#661 = CARTESIAN_POINT ( 'NONE',  ( 13.08771324027147287, -7.250000000000001776, 4.500000000000000000 ) ) ;
#662 = CARTESIAN_POINT ( 'NONE',  ( 9.912286759728532459, -7.250000000000002665, 7.500000000000000000 ) ) ;
#663 = PLANE ( 'NONE',  #1229 ) ;
#664 = EDGE_CURVE ( 'NONE', #441, #575, #1412, .T. ) ;
#665 = DIRECTION ( 'NONE',  ( -0.000000000000000000, -0.000000000000000000, -1.000000000000000000 ) ) ;
#666 = CARTESIAN_POINT ( 'NONE',  ( 51.50000000000000711, -24.00000000000000000, 11.25000000000000355 ) ) ;
#667 = ORIENTED_EDGE ( 'NONE', *, *, #959, .T. ) ;
#668 = LINE ( 'NONE', #817, #970 ) ;
#669 = ORIENTED_EDGE ( 'NONE', *, *, #942, .F. ) ;
#670 = DIRECTION ( 'NONE',  ( -0.000000000000000000, -0.000000000000000000, 1.000000000000000000 ) ) ;
#671 = EDGE_CURVE ( 'NONE', #22, #425, #1428, .T. ) ;
#672 = DIRECTION ( 'NONE',  ( -0.000000000000000000, -0.000000000000000000, -1.000000000000000000 ) ) ;
#673 = FACE_OUTER_BOUND ( 'NONE', #1409, .T. ) ;
#674 = ORIENTED_EDGE ( 'NONE', *, *, #1322, .F. ) ;
#675 = ORIENTED_EDGE ( 'NONE', *, *, #879, .F. ) ;
#676 = ORIENTED_EDGE ( 'NONE', *, *, #1216, .F. ) ;
#677 = CIRCLE ( 'NONE', #1086, 1.000000000000000888 ) ;
#678 = DIRECTION ( 'NONE',  ( -0.8660254037844385966, -0.5000000000000003331, 0.000000000000000000 ) ) ;
#679 = FACE_OUTER_BOUND ( 'NONE', #984, .T. ) ;
#680 = VECTOR ( 'NONE', #1387, 1000.000000000000000 ) ;
#681 = AXIS2_PLACEMENT_3D ( 'NONE', #1150, #211, #433 ) ;
#682 = CARTESIAN_POINT ( 'NONE',  ( 9.500000000000000000, -4.500000000000000000, 0.000000000000000000 ) ) ;
#683 = FACE_BOUND ( 'NONE', #1245, .T. ) ;
#684 = CIRCLE ( 'NONE', #951, 1.249999999999997558 ) ;
#685 = AXIS2_PLACEMENT_3D ( 'NONE', #660, #1121, #1346 ) ;
#686 = AXIS2_PLACEMENT_3D ( 'NONE', #1272, #1021, #799 ) ;
#687 = ORIENTED_EDGE ( 'NONE', *, *, #176, .F. ) ;
#688 = EDGE_CURVE ( 'NONE', #871, #1167, #1114, .T. ) ;
#689 = ORIENTED_EDGE ( 'NONE', *, *, #636, .T. ) ;
#690 = CARTESIAN_POINT ( 'NONE',  ( 51.50000000000000711, -13.99999999999999822, 12.50000000000000000 ) ) ;
#691 = FACE_OUTER_BOUND ( 'NONE', #382, .T. ) ;
#692 = ORIENTED_EDGE ( 'NONE', *, *, #693, .F. ) ;
#693 = EDGE_CURVE ( 'NONE', #1222, #842, #182, .T. ) ;
#694 = ORIENTED_EDGE ( 'NONE', *, *, #1195, .F. ) ;
#695 = EDGE_CURVE ( 'NONE', #1244, #783, #746, .T. ) ;
#696 = ORIENTED_EDGE ( 'NONE', *, *, #257, .T. ) ;
#697 = DIRECTION ( 'NONE',  ( -1.927470528863119049E-16, 1.000000000000000000, -0.000000000000000000 ) ) ;
#698 = FACE_OUTER_BOUND ( 'NONE', #505, .T. ) ;
#699 = LINE ( 'NONE', #940, #706 ) ;
#700 = ORIENTED_EDGE ( 'NONE', *, *, #1406, .F. ) ;
#701 = ORIENTED_EDGE ( 'NONE', *, *, #617, .F. ) ;
#702 = FACE_OUTER_BOUND ( 'NONE', #1393, .T. ) ;
#703 = CARTESIAN_POINT ( 'NONE',  ( 51.50000000000010658, -24.00000000000000000, 22.50000000000000000 ) ) ;
#704 = VECTOR ( 'NONE', #757, 1000.000000000000114 ) ;
#705 = LINE ( 'NONE', #1170, #1283 ) ;
#706 = VECTOR ( 'NONE', #889, 1000.000000000000000 ) ;
#707 = LINE ( 'NONE', #19, #1326 ) ;
#708 = ORIENTED_EDGE ( 'NONE', *, *, #609, .T. ) ;
#709 = AXIS2_PLACEMENT_3D ( 'NONE', #420, #426, #1319 ) ;
#710 = ORIENTED_EDGE ( 'NONE', *, *, #130, .T. ) ;
#711 = LINE ( 'NONE', #961, #851 ) ;
#712 = LINE ( 'NONE', #1405, #510 ) ;
#713 = CARTESIAN_POINT ( 'NONE',  ( 43.50000000000000000, -4.500000000000000000, 4.500000000000000000 ) ) ;
#714 = VERTEX_POINT ( 'NONE', #33 ) ;
#715 = ORIENTED_EDGE ( 'NONE', *, *, #1362, .T. ) ;
#716 = DIRECTION ( 'NONE',  ( 0.000000000000000000, -0.000000000000000000, 1.000000000000000000 ) ) ;
#717 = DIRECTION ( 'NONE',  ( 1.000000000000000000, 0.000000000000000000, 0.000000000000000000 ) ) ;
#718 = PRODUCT_RELATED_PRODUCT_CATEGORY ( 'part', '', ( #172 ) ) ;
#719 = PLANE ( 'NONE',  #39 ) ;
#720 = EDGE_CURVE ( 'NONE', #326, #649, #1407, .T. ) ;
#721 = ORIENTED_EDGE ( 'NONE', *, *, #86, .F. ) ;
#722 = EDGE_CURVE ( 'NONE', #60, #1027, #155, .T. ) ;
#723 = ORIENTED_EDGE ( 'NONE', *, *, #1046, .T. ) ;
#724 = DIRECTION ( 'NONE',  ( -0.000000000000000000, -0.000000000000000000, -1.000000000000000000 ) ) ;
#725 = DIRECTION ( 'NONE',  ( 1.000000000000000000, 0.000000000000000000, 0.000000000000000000 ) ) ;
#726 = VECTOR ( 'NONE', #651, 1000.000000000000000 ) ;
#727 = DIRECTION ( 'NONE',  ( 0.000000000000000000, 0.000000000000000000, 1.000000000000000000 ) ) ;
#728 = ORIENTED_EDGE ( 'NONE', *, *, #40, .T. ) ;
#729 = AXIS2_PLACEMENT_3D ( 'NONE', #1259, #107, #578 ) ;
#730 = VERTEX_POINT ( 'NONE', #265 ) ;
#731 = CARTESIAN_POINT ( 'NONE',  ( 13.08771324027147287, -7.250000000000001776, 7.500000000000000000 ) ) ;
#732 = CARTESIAN_POINT ( 'NONE',  ( 55.00000000000000000, 0.000000000000000000, 7.500000000000000000 ) ) ;
#733 = ADVANCED_FACE ( 'NONE', ( #968 ), #719, .F. ) ;
#734 = ORIENTED_EDGE ( 'NONE', *, *, #247, .T. ) ;
#735 = EDGE_CURVE ( 'NONE', #1371, #622, #604, .T. ) ;
#736 = ORIENTED_EDGE ( 'NONE', *, *, #267, .T. ) ;
#737 = CARTESIAN_POINT ( 'NONE',  ( 4.408728476930470856E-15, -36.00000000000000000, 7.500000000000000000 ) ) ;
#738 = CARTESIAN_POINT ( 'NONE',  ( 43.50000000000000000, -4.500000000000000000, 0.000000000000000000 ) ) ;
#739 = CARTESIAN_POINT ( 'NONE',  ( 14.67542648054294396, -4.500000000000003553, 7.500000000000000000 ) ) ;
#740 = DIRECTION ( 'NONE',  ( -1.000000000000000000, -1.927470528863119295E-16, 0.000000000000000000 ) ) ;
#741 = ORIENTED_EDGE ( 'NONE', *, *, #493, .T. ) ;
#742 = CARTESIAN_POINT ( 'NONE',  ( 55.00000000000000711, -13.99999999999999822, 27.50000000000000000 ) ) ;
#743 = ADVANCED_FACE ( 'NONE', ( #840 ), #273, .F. ) ;
#744 = LINE ( 'NONE', #662, #136 ) ;
#745 = FACE_OUTER_BOUND ( 'NONE', #1199, .T. ) ;
#746 = LINE ( 'NONE', #956, #1042 ) ;
#747 = ORIENTED_EDGE ( 'NONE', *, *, #123, .T. ) ;
#748 = AXIS2_PLACEMENT_3D ( 'NONE', #537, #179, #631 ) ;
#749 = VECTOR ( 'NONE', #437, 1000.000000000000000 ) ;
#750 = LINE ( 'NONE', #1308, #1466 ) ;
#751 = AXIS2_PLACEMENT_3D ( 'NONE', #975, #258, #501 ) ;
#752 = CIRCLE ( 'NONE', #1305, 1.249999999999997558 ) ;
#753 = CARTESIAN_POINT ( 'NONE',  ( 3.500000000000104361, -24.00000000000000000, 22.50000000000000000 ) ) ;
#754 = LINE ( 'NONE', #1420, #1372 ) ;
#755 = DIRECTION ( 'NONE',  ( 0.000000000000000000, 1.000000000000000000, -0.000000000000000000 ) ) ;
#756 = VERTEX_POINT ( 'NONE', #732 ) ;
#757 = DIRECTION ( 'NONE',  ( -0.4999999999999999445, -0.8660254037844385966, 0.000000000000000000 ) ) ;
#758 = PRODUCT_DEFINITION_CONTEXT ( 'detailed design', #768, 'design' ) ;
#759 = CARTESIAN_POINT ( 'NONE',  ( 6.000000000000000000, -13.99999999999999822, 26.50000000000000000 ) ) ;
#760 = CYLINDRICAL_SURFACE ( 'NONE', #1301, 1.000000000000000888 ) ;
#761 = EDGE_LOOP ( 'NONE', ( #1457, #1088, #332, #1366 ) ) ;
#762 = EDGE_CURVE ( 'NONE', #756, #383, #52, .T. ) ;
#763 = ADVANCED_FACE ( 'NONE', ( #497 ), #963, .F. ) ;
#764 = EDGE_CURVE ( 'NONE', #126, #599, #627, .T. ) ;
#765 = CARTESIAN_POINT ( 'NONE',  ( 41.49999999999999289, -4.500000000000000000, 0.000000000000000000 ) ) ;
#766 = CARTESIAN_POINT ( 'NONE',  ( 54.00000000000000000, -13.99999999999999822, 27.50000000000000000 ) ) ;
#767 = CARTESIAN_POINT ( 'NONE',  ( 3.500000000000000000, -13.99999999999999822, 12.50000000000000000 ) ) ;
#768 = APPLICATION_CONTEXT ( 'automotive_design' ) ;
#769 = DIRECTION ( 'NONE',  ( 0.000000000000000000, 0.000000000000000000, 1.000000000000000000 ) ) ;
#770 = CARTESIAN_POINT ( 'NONE',  ( 8.324573519457059589, -4.499999999999999112, 7.500000000000000000 ) ) ;
#771 = FACE_OUTER_BOUND ( 'NONE', #1168, .T. ) ;
#772 = AXIS2_PLACEMENT_3D ( 'NONE', #385, #534, #1190 ) ;
#773 = EDGE_CURVE ( 'NONE', #952, #592, #903, .T. ) ;
#774 = VECTOR ( 'NONE', #1014, 1000.000000000000000 ) ;
#775 = CARTESIAN_POINT ( 'NONE',  ( 46.67542648054294574, -4.500000000000003553, 4.500000000000000000 ) ) ;
#776 = VECTOR ( 'NONE', #304, 1000.000000000000000 ) ;
#777 = CARTESIAN_POINT ( 'NONE',  ( 54.00000000000000000, -1.927470528863119295E-16, 26.50000000000000000 ) ) ;
#778 = CARTESIAN_POINT ( 'NONE',  ( 7.000000000000000000, -36.00000000000000000, 26.50000000000000000 ) ) ;
#779 = CARTESIAN_POINT ( 'NONE',  ( 41.91228675972853779, -7.250000000000002665, 7.500000000000000000 ) ) ;
#780 = ORIENTED_EDGE ( 'NONE', *, *, #813, .F. ) ;
#781 = EDGE_CURVE ( 'NONE', #983, #336, #1227, .T. ) ;
#782 = DIRECTION ( 'NONE',  ( -1.000000000000000000, 0.000000000000000000, 0.000000000000000000 ) ) ;
#783 = VERTEX_POINT ( 'NONE', #778 ) ;
#784 = EDGE_CURVE ( 'NONE', #417, #268, #207, .T. ) ;
#785 = DIRECTION ( 'NONE',  ( 0.000000000000000000, 0.000000000000000000, 1.000000000000000000 ) ) ;
#786 = LINE ( 'NONE', #1029, #1111 ) ;
#787 = CYLINDRICAL_SURFACE ( 'NONE', #111, 2.000000000000000000 ) ;
#788 = LINE ( 'NONE', #249, #440 ) ;
#789 = ORIENTED_EDGE ( 'NONE', *, *, #1332, .F. ) ;
#790 = ORIENTED_EDGE ( 'NONE', *, *, #762, .F. ) ;
#791 = CARTESIAN_POINT ( 'NONE',  ( 0.000000000000000000, 0.000000000000000000, 7.500000000000000000 ) ) ;
#792 = CARTESIAN_POINT ( 'NONE',  ( 8.324573519457059589, -4.499999999999999112, 4.500000000000000000 ) ) ;
#793 = CARTESIAN_POINT ( 'NONE',  ( 43.50000000000000000, -4.500000000000000000, 7.500000000000000000 ) ) ;
#794 = ORIENTED_EDGE ( 'NONE', *, *, #574, .T. ) ;
#795 = EDGE_CURVE ( 'NONE', #1106, #22, #1126, .T. ) ;
#796 = ORIENTED_EDGE ( 'NONE', *, *, #151, .T. ) ;
#797 = VERTEX_POINT ( 'NONE', #1120 ) ;
#798 = VECTOR ( 'NONE', #1083, 1000.000000000000114 ) ;
#799 = DIRECTION ( 'NONE',  ( 1.000000000000000000, 0.000000000000000000, 0.000000000000000000 ) ) ;
#800 = AXIS2_PLACEMENT_3D ( 'NONE', #1442, #423, #1456 ) ;
#801 = CIRCLE ( 'NONE', #972, 1.000000000000000888 ) ;
#802 = DIRECTION ( 'NONE',  ( 0.000000000000000000, 1.000000000000000000, 0.000000000000000000 ) ) ;
#803 = EDGE_CURVE ( 'NONE', #650, #486, #1441, .T. ) ;
#804 = ORIENTED_EDGE ( 'NONE', *, *, #1476, .T. ) ;
#805 = ORIENTED_EDGE ( 'NONE', *, *, #270, .F. ) ;
#806 = ORIENTED_EDGE ( 'NONE', *, *, #846, .T. ) ;
#807 = DIRECTION ( 'NONE',  ( 0.000000000000000000, 1.000000000000000000, 0.000000000000000000 ) ) ;
#808 = DIRECTION ( 'NONE',  ( 2.731481088613017720E-16, -1.000000000000000000, 0.000000000000000000 ) ) ;
#809 = PLANE ( 'NONE',  #229 ) ;
#810 = DIRECTION ( 'NONE',  ( 0.000000000000000000, 0.000000000000000000, 1.000000000000000000 ) ) ;
#811 = ORIENTED_EDGE ( 'NONE', *, *, #1379, .T. ) ;
#812 = VERTEX_POINT ( 'NONE', #1109 ) ;
#813 = EDGE_CURVE ( 'NONE', #281, #54, #1448, .T. ) ;
#814 = CARTESIAN_POINT ( 'NONE',  ( 1.000000000000004441, -36.00000000000000000, 27.50000000000000000 ) ) ;
#815 = LINE ( 'NONE', #1273, #209 ) ;
#816 = LINE ( 'NONE', #358, #1395 ) ;
#817 = CARTESIAN_POINT ( 'NONE',  ( 0.000000000000000000, 0.000000000000000000, 0.000000000000000000 ) ) ;
#818 = ORIENTED_EDGE ( 'NONE', *, *, #419, .F. ) ;
#819 = VERTEX_POINT ( 'NONE', #540 ) ;
#820 = EDGE_CURVE ( 'NONE', #600, #1269, #546, .T. ) ;
#821 = CARTESIAN_POINT ( 'NONE',  ( 9.912286759728532459, -7.250000000000002665, 4.500000000000000000 ) ) ;
#822 = MECHANICAL_DESIGN_GEOMETRIC_PRESENTATION_REPRESENTATION (  '', ( #9 ), #1321 ) ;
#823 = CARTESIAN_POINT ( 'NONE',  ( 3.500000000000104361, -24.00000000000000000, 21.24999999999999645 ) ) ;
#824 = VECTOR ( 'NONE', #1422, 1000.000000000000000 ) ;
#825 = EDGE_LOOP ( 'NONE', ( #1359, #905 ) ) ;
#826 = AXIS2_PLACEMENT_3D ( 'NONE', #954, #161, #716 ) ;
#827 = CIRCLE ( 'NONE', #185, 1.250000000000004663 ) ;
#828 = CIRCLE ( 'NONE', #1329, 1.249999999999997558 ) ;
#829 = ORIENTED_EDGE ( 'NONE', *, *, #282, .T. ) ;
#830 = ADVANCED_FACE ( 'NONE', ( #1324 ), #787, .F. ) ;
#831 = CARTESIAN_POINT ( 'NONE',  ( 55.00000000000000711, -13.99999999999999822, 27.50000000000000000 ) ) ;
#832 = FACE_BOUND ( 'NONE', #225, .T. ) ;
#833 = EDGE_CURVE ( 'NONE', #969, #275, #89, .T. ) ;
#834 = DIRECTION ( 'NONE',  ( -0.000000000000000000, -0.000000000000000000, 1.000000000000000000 ) ) ;
#835 = ORIENTED_EDGE ( 'NONE', *, *, #795, .T. ) ;
#836 = ORIENTED_EDGE ( 'NONE', *, *, #270, .T. ) ;
#837 = CARTESIAN_POINT ( 'NONE',  ( 0.000000000000000000, 0.000000000000000000, 0.000000000000000000 ) ) ;
#838 = CARTESIAN_POINT ( 'NONE',  ( 46.67542648054294574, -4.500000000000003553, 4.500000000000000000 ) ) ;
#839 = DIRECTION ( 'NONE',  ( -0.000000000000000000, 1.000000000000000000, -0.000000000000000000 ) ) ;
#840 = FACE_OUTER_BOUND ( 'NONE', #583, .T. ) ;
#841 = ORIENTED_EDGE ( 'NONE', *, *, #735, .F. ) ;
#842 = VERTEX_POINT ( 'NONE', #1098 ) ;
#843 = ADVANCED_FACE ( 'NONE', ( #1355, #313, #74 ), #1434, .T. ) ;
#844 = CARTESIAN_POINT ( 'NONE',  ( 43.50000000000000000, -4.500000000000000000, 7.500000000000000000 ) ) ;
#845 = CARTESIAN_POINT ( 'NONE',  ( 7.000000000000000000, -13.99999999999999822, 7.500000000000000000 ) ) ;
#846 = EDGE_CURVE ( 'NONE', #54, #396, #850, .T. ) ;
#847 = AXIS2_PLACEMENT_3D ( 'NONE', #1131, #672, #213 ) ;
#848 = CARTESIAN_POINT ( 'NONE',  ( 46.67542648054294574, -4.500000000000003553, 4.500000000000000000 ) ) ;
#849 = VERTEX_POINT ( 'NONE', #407 ) ;
#850 = CIRCLE ( 'NONE', #924, 2.000000000000001776 ) ;
#851 = VECTOR ( 'NONE', #612, 1000.000000000000227 ) ;
#852 = VECTOR ( 'NONE', #955, 1000.000000000000000 ) ;
#853 = ORIENTED_EDGE ( 'NONE', *, *, #56, .F. ) ;
#854 = DIRECTION ( 'NONE',  ( 0.8660254037844387076, -0.5000000000000001110, 0.000000000000000000 ) ) ;
#855 = FACE_OUTER_BOUND ( 'NONE', #461, .T. ) ;
#856 = SURFACE_STYLE_USAGE ( .BOTH. , #305 ) ;
#857 = CARTESIAN_POINT ( 'NONE',  ( 55.00000000000000000, 0.000000000000000000, 7.500000000000000000 ) ) ;
#858 = ORIENTED_EDGE ( 'NONE', *, *, #1414, .T. ) ;
#859 = ORIENTED_EDGE ( 'NONE', *, *, #879, .T. ) ;
#860 = CARTESIAN_POINT ( 'NONE',  ( 51.50000000000010658, -24.00000000000000000, 23.75000000000000355 ) ) ;
#861 = EDGE_CURVE ( 'NONE', #233, #429, #948, .T. ) ;
#862 = DIRECTION ( 'NONE',  ( 0.8660254037844384856, 0.5000000000000003331, 0.000000000000000000 ) ) ;
#863 = DIRECTION ( 'NONE',  ( 0.000000000000000000, 0.000000000000000000, 1.000000000000000000 ) ) ;
#864 = LINE ( 'NONE', #1206, #824 ) ;
#865 = ORIENTED_EDGE ( 'NONE', *, *, #308, .F. ) ;
#866 = CARTESIAN_POINT ( 'NONE',  ( 7.000000000000000000, -13.99999999999999822, 26.50000000000000000 ) ) ;
#867 = LINE ( 'NONE', #212, #584 ) ;
#868 = CARTESIAN_POINT ( 'NONE',  ( 9.912286759728528907, -1.749999999999999334, 7.500000000000000000 ) ) ;
#869 = ORIENTED_EDGE ( 'NONE', *, *, #421, .F. ) ;
#870 = CIRCLE ( 'NONE', #1062, 1.249999999999999334 ) ;
#871 = VERTEX_POINT ( 'NONE', #1214 ) ;
#872 = VECTOR ( 'NONE', #1067, 1000.000000000000000 ) ;
#873 = AXIS2_PLACEMENT_3D ( 'NONE', #16, #228, #1478 ) ;
#874 = DIRECTION ( 'NONE',  ( 0.000000000000000000, 1.000000000000000000, 0.000000000000000000 ) ) ;
#875 = VECTOR ( 'NONE', #1078, 1000.000000000000000 ) ;
#876 = PLANE ( 'NONE',  #709 ) ;
#877 = PLANE ( 'NONE',  #1205 ) ;
#878 = EDGE_CURVE ( 'NONE', #549, #478, #192, .T. ) ;
#879 = EDGE_CURVE ( 'NONE', #1423, #20, #1182, .T. ) ;
#880 = CARTESIAN_POINT ( 'NONE',  ( 55.00000000000000711, -13.99999999999999822, 7.500000000000000000 ) ) ;
#881 = ORIENTED_EDGE ( 'NONE', *, *, #656, .F. ) ;
#882 = EDGE_CURVE ( 'NONE', #1178, #908, #1373, .T. ) ;
#883 = CARTESIAN_POINT ( 'NONE',  ( 0.000000000000000000, -13.99999999999999822, 27.50000000000000000 ) ) ;
#884 = DIRECTION ( 'NONE',  ( 1.000000000000000000, 0.000000000000000000, 0.000000000000000000 ) ) ;
#885 = CARTESIAN_POINT ( 'NONE',  ( 45.08771324027146932, -7.250000000000001776, 4.500000000000000000 ) ) ;
#886 = DIRECTION ( 'NONE',  ( 1.000000000000000000, 0.000000000000000000, 0.000000000000000000 ) ) ;
#887 = EDGE_LOOP ( 'NONE', ( #294, #1389, #1292, #958, #237, #110 ) ) ;
#888 = ORIENTED_EDGE ( 'NONE', *, *, #240, .F. ) ;
#889 = DIRECTION ( 'NONE',  ( -0.000000000000000000, -0.000000000000000000, 1.000000000000000000 ) ) ;
#890 = FACE_OUTER_BOUND ( 'NONE', #1179, .T. ) ;
#891 = DIRECTION ( 'NONE',  ( 0.5000000000000001110, 0.8660254037844385966, 0.000000000000000000 ) ) ;
#892 = DIRECTION ( 'NONE',  ( -0.000000000000000000, -0.000000000000000000, -1.000000000000000000 ) ) ;
#893 = DIRECTION ( 'NONE',  ( 1.000000000000000000, 0.000000000000000000, -0.000000000000000000 ) ) ;
#894 = ADVANCED_FACE ( 'NONE', ( #306 ), #760, .F. ) ;
#895 = ORIENTED_EDGE ( 'NONE', *, *, #693, .T. ) ;
#896 = DIRECTION ( 'NONE',  ( -1.000000000000000000, -0.000000000000000000, -0.000000000000000000 ) ) ;
#897 = VECTOR ( 'NONE', #295, 1000.000000000000227 ) ;
#898 = AXIS2_PLACEMENT_3D ( 'NONE', #1316, #1310, #637 ) ;
#899 = DIRECTION ( 'NONE',  ( 0.000000000000000000, 0.000000000000000000, 1.000000000000000000 ) ) ;
#900 = VECTOR ( 'NONE', #1132, 1000.000000000000000 ) ;
#901 = DIRECTION ( 'NONE',  ( 0.8660254037844384856, 0.5000000000000003331, 0.000000000000000000 ) ) ;
#902 = AXIS2_PLACEMENT_3D ( 'NONE', #1050, #226, #899 ) ;
#903 = LINE ( 'NONE', #659, #1208 ) ;
#904 = DIRECTION ( 'NONE',  ( 0.000000000000000000, 0.000000000000000000, 1.000000000000000000 ) ) ;
#905 = ORIENTED_EDGE ( 'NONE', *, *, #1046, .F. ) ;
#906 = ADVANCED_BREP_SHAPE_REPRESENTATION ( '38bsp trzymak serwo', ( #251, #1094 ), #658 ) ;
#907 = EDGE_CURVE ( 'NONE', #849, #60, #912, .T. ) ;
#908 = VERTEX_POINT ( 'NONE', #682 ) ;
#909 = DIRECTION ( 'NONE',  ( -0.000000000000000000, 1.000000000000000000, -0.000000000000000000 ) ) ;
#910 = EDGE_CURVE ( 'NONE', #417, #1027, #654, .T. ) ;
#911 = LINE ( 'NONE', #885, #205 ) ;
#912 = LINE ( 'NONE', #918, #459 ) ;
#913 = EDGE_LOOP ( 'NONE', ( #829, #1193, #424, #224 ) ) ;
#914 = ORIENTED_EDGE ( 'NONE', *, *, #781, .T. ) ;
#915 = ORIENTED_EDGE ( 'NONE', *, *, #360, .T. ) ;
#916 = ADVANCED_FACE ( 'NONE', ( #673 ), #1148, .F. ) ;
#917 = CARTESIAN_POINT ( 'NONE',  ( 3.500000000000000000, -24.00000000000000000, 13.75000000000000000 ) ) ;
#918 = CARTESIAN_POINT ( 'NONE',  ( 48.00000000000000000, -13.99999999999999822, 26.50000000000000000 ) ) ;
#919 = FACE_OUTER_BOUND ( 'NONE', #1128, .T. ) ;
#920 = ORIENTED_EDGE ( 'NONE', *, *, #764, .F. ) ;
#921 = ORIENTED_EDGE ( 'NONE', *, *, #1322, .T. ) ;
#922 = CIRCLE ( 'NONE', #748, 1.249999999999997558 ) ;
#923 = CARTESIAN_POINT ( 'NONE',  ( 40.32457351945706137, -4.499999999999999112, 4.500000000000000000 ) ) ;
#924 = AXIS2_PLACEMENT_3D ( 'NONE', #642, #1334, #886 ) ;
#925 = AXIS2_PLACEMENT_3D ( 'NONE', #5, #1249, #1363 ) ;
#926 = LINE ( 'NONE', #1164, #900 ) ;
#927 = DIRECTION ( 'NONE',  ( 0.000000000000000000, -1.000000000000000000, 0.000000000000000000 ) ) ;
#928 = CARTESIAN_POINT ( 'NONE',  ( 45.08771324027146932, -1.749999999999999334, 4.500000000000000000 ) ) ;
#929 = ORIENTED_EDGE ( 'NONE', *, *, #1220, .F. ) ;
#930 = ADVANCED_FACE ( 'NONE', ( #1142 ), #468, .F. ) ;
#931 = ORIENTED_EDGE ( 'NONE', *, *, #70, .T. ) ;
#932 = LINE ( 'NONE', #1469, #464 ) ;
#933 = DIRECTION ( 'NONE',  ( 0.000000000000000000, 0.000000000000000000, 1.000000000000000000 ) ) ;
#934 = FACE_OUTER_BOUND ( 'NONE', #355, .T. ) ;
#935 = CARTESIAN_POINT ( 'NONE',  ( 48.00000000000000000, -36.00000000000000000, 8.500000000000000000 ) ) ;
#936 = EDGE_CURVE ( 'NONE', #1394, #128, #1209, .T. ) ;
#937 = ORIENTED_EDGE ( 'NONE', *, *, #1370, .F. ) ;
#938 = LINE ( 'NONE', #1282, #1398 ) ;
#939 = DIRECTION ( 'NONE',  ( -0.000000000000000000, 1.000000000000000000, -0.000000000000000000 ) ) ;
#940 = CARTESIAN_POINT ( 'NONE',  ( 45.08771324027146932, -1.749999999999999334, 4.500000000000000000 ) ) ;
#941 = ORIENTED_EDGE ( 'NONE', *, *, #1312, .T. ) ;
#942 = EDGE_CURVE ( 'NONE', #783, #523, #462, .T. ) ;
#943 = ORIENTED_EDGE ( 'NONE', *, *, #942, .T. ) ;
#944 = VECTOR ( 'NONE', #154, 1000.000000000000000 ) ;
#945 = PLANE ( 'NONE',  #487 ) ;
#946 = VECTOR ( 'NONE', #66, 1000.000000000000000 ) ;
#947 = DIRECTION ( 'NONE',  ( 0.000000000000000000, -1.000000000000000000, 0.000000000000000000 ) ) ;
#948 = CIRCLE ( 'NONE', #159, 1.000000000000000888 ) ;
#949 = DIRECTION ( 'NONE',  ( 0.000000000000000000, 0.000000000000000000, 1.000000000000000000 ) ) ;
#950 = ORIENTED_EDGE ( 'NONE', *, *, #513, .F. ) ;
#951 = AXIS2_PLACEMENT_3D ( 'NONE', #1174, #271, #31 ) ;
#952 = VERTEX_POINT ( 'NONE', #821 ) ;
#953 = EDGE_CURVE ( 'NONE', #1054, #383, #1030, .T. ) ;
#954 = CARTESIAN_POINT ( 'NONE',  ( 3.500000000000000000, -24.00000000000000000, 12.50000000000000000 ) ) ;
#955 = DIRECTION ( 'NONE',  ( -0.000000000000000000, -0.000000000000000000, -1.000000000000000000 ) ) ;
#956 = CARTESIAN_POINT ( 'NONE',  ( 7.000000000000000000, -36.00000000000000000, 7.500000000000000000 ) ) ;
#957 = ORIENTED_EDGE ( 'NONE', *, *, #38, .F. ) ;
#958 = ORIENTED_EDGE ( 'NONE', *, *, #671, .F. ) ;
#959 = EDGE_CURVE ( 'NONE', #280, #22, #926, .T. ) ;
#960 = ADVANCED_FACE ( 'NONE', ( #452 ), #1154, .T. ) ;
#961 = CARTESIAN_POINT ( 'NONE',  ( 40.32457351945706137, -4.499999999999999112, 7.500000000000000000 ) ) ;
#962 = DIRECTION ( 'NONE',  ( 0.000000000000000000, 1.000000000000000000, 0.000000000000000000 ) ) ;
#963 = PLANE ( 'NONE',  #606 ) ;
#964 = ORIENTED_EDGE ( 'NONE', *, *, #593, .T. ) ;
#965 = EDGE_LOOP ( 'NONE', ( #1252, #402 ) ) ;
#966 = DIRECTION ( 'NONE',  ( 0.000000000000000000, 0.000000000000000000, 1.000000000000000000 ) ) ;
#967 = CARTESIAN_POINT ( 'NONE',  ( 55.00000000000000711, -13.99999999999999822, 7.500000000000000000 ) ) ;
#968 = FACE_OUTER_BOUND ( 'NONE', #239, .T. ) ;
#969 = VERTEX_POINT ( 'NONE', #236 ) ;
#970 = VECTOR ( 'NONE', #896, 1000.000000000000000 ) ;
#971 = ADVANCED_FACE ( 'NONE', ( #1385 ), #139, .F. ) ;
#972 = AXIS2_PLACEMENT_3D ( 'NONE', #1426, #1410, #966 ) ;
#973 = ORIENTED_EDGE ( 'NONE', *, *, #936, .T. ) ;
#974 = DIRECTION ( 'NONE',  ( 0.000000000000000000, 1.000000000000000000, 0.000000000000000000 ) ) ;
#975 = CARTESIAN_POINT ( 'NONE',  ( 3.500000000000104361, -24.00000000000000000, 22.50000000000000000 ) ) ;
#976 = DIRECTION ( 'NONE',  ( -0.000000000000000000, 1.000000000000000000, -0.000000000000000000 ) ) ;
#977 = DIRECTION ( 'NONE',  ( -0.000000000000000000, 1.000000000000000000, -0.000000000000000000 ) ) ;
#978 = EDGE_LOOP ( 'NONE', ( #366, #628, #1298, #1215 ) ) ;
#979 = EDGE_CURVE ( 'NONE', #20, #29, #938, .T. ) ;
#980 = LINE ( 'NONE', #529, #63 ) ;
#981 = DIRECTION ( 'NONE',  ( -1.000000000000000000, -0.000000000000000000, -0.000000000000000000 ) ) ;
#982 = DIRECTION ( 'NONE',  ( -0.4999999999999999445, -0.8660254037844385966, 0.000000000000000000 ) ) ;
#983 = VERTEX_POINT ( 'NONE', #457 ) ;
#984 = EDGE_LOOP ( 'NONE', ( #694, #157, #741, #122 ) ) ;
#985 = CARTESIAN_POINT ( 'NONE',  ( 47.00000000000000000, -13.99999999999999822, 7.499999999999999112 ) ) ;
#986 = PRODUCT_DEFINITION ( 'UNKNOWN', '', #415, #758 ) ;
#987 = ORIENTED_EDGE ( 'NONE', *, *, #49, .T. ) ;
#988 = ADVANCED_FACE ( 'NONE', ( #691 ), #335, .F. ) ;
#989 = LINE ( 'NONE', #1446, #1163 ) ;
#990 = EDGE_CURVE ( 'NONE', #388, #6, #815, .T. ) ;
#991 = FACE_BOUND ( 'NONE', #825, .T. ) ;
#992 = CARTESIAN_POINT ( 'NONE',  ( 1.000000000000004441, -36.00000000000000000, 26.50000000000000000 ) ) ;
#993 = ORIENTED_EDGE ( 'NONE', *, *, #130, .F. ) ;
#994 = VECTOR ( 'NONE', #1198, 1000.000000000000000 ) ;
#995 = LINE ( 'NONE', #860, #1396 ) ;
#996 = AXIS2_PLACEMENT_3D ( 'NONE', #453, #1228, #893 ) ;
#997 = CYLINDRICAL_SURFACE ( 'NONE', #413, 1.000000000000000888 ) ;
#998 = DIRECTION ( 'NONE',  ( 0.5000000000000001110, 0.8660254037844385966, 0.000000000000000000 ) ) ;
#999 = ADVANCED_FACE ( 'NONE', ( #1378 ), #350, .F. ) ;
#1000 = CARTESIAN_POINT ( 'NONE',  ( 8.000000000000000000, -36.00000000000000000, 7.500000000000000000 ) ) ;
#1001 = ORIENTED_EDGE ( 'NONE', *, *, #403, .F. ) ;
#1002 = DIRECTION ( 'NONE',  ( 0.000000000000000000, 0.000000000000000000, 1.000000000000000000 ) ) ;
#1003 = EDGE_CURVE ( 'NONE', #819, #200, #1184, .T. ) ;
#1004 = FACE_BOUND ( 'NONE', #965, .T. ) ;
#1005 = ADVANCED_FACE ( 'NONE', ( #24 ), #1390, .F. ) ;
#1006 = FACE_OUTER_BOUND ( 'NONE', #1474, .T. ) ;
#1007 = DIRECTION ( 'NONE',  ( 0.000000000000000000, 0.000000000000000000, 1.000000000000000000 ) ) ;
#1008 = ORIENTED_EDGE ( 'NONE', *, *, #1414, .F. ) ;
#1009 = VERTEX_POINT ( 'NONE', #1294 ) ;
#1010 = PLANE ( 'NONE',  #630 ) ;
#1011 = EDGE_LOOP ( 'NONE', ( #1382, #806 ) ) ;
#1012 = PLANE ( 'NONE',  #1375 ) ;
#1013 = LINE ( 'NONE', #328, #1278 ) ;
#1014 = DIRECTION ( 'NONE',  ( 0.000000000000000000, -1.000000000000000000, 0.000000000000000000 ) ) ;
#1015 = CARTESIAN_POINT ( 'NONE',  ( 3.500000000000104361, -24.00000000000000000, 22.50000000000000000 ) ) ;
#1016 = ORIENTED_EDGE ( 'NONE', *, *, #2, .T. ) ;
#1017 = EDGE_CURVE ( 'NONE', #605, #549, #801, .T. ) ;
#1018 = AXIS2_PLACEMENT_3D ( 'NONE', #92, #854, #83 ) ;
#1019 = EDGE_LOOP ( 'NONE', ( #1429, #1008, #498, #794 ) ) ;
#1020 = VECTOR ( 'NONE', #892, 1000.000000000000000 ) ;
#1021 = DIRECTION ( 'NONE',  ( -0.000000000000000000, 0.000000000000000000, 1.000000000000000000 ) ) ;
#1022 = VECTOR ( 'NONE', #327, 1000.000000000000000 ) ;
#1023 = CYLINDRICAL_SURFACE ( 'NONE', #506, 1.250000000000004663 ) ;
#1024 = DIRECTION ( 'NONE',  ( 0.000000000000000000, 0.000000000000000000, 1.000000000000000000 ) ) ;
#1025 = VERTEX_POINT ( 'NONE', #153 ) ;
#1026 = ORIENTED_EDGE ( 'NONE', *, *, #695, .F. ) ;
#1027 = VERTEX_POINT ( 'NONE', #57 ) ;
#1028 = CARTESIAN_POINT ( 'NONE',  ( 8.000000000000000000, -36.00000000000000000, 8.500000000000000000 ) ) ;
#1029 = CARTESIAN_POINT ( 'NONE',  ( 14.67542648054294396, -4.500000000000003553, 7.500000000000000000 ) ) ;
#1030 = LINE ( 'NONE', #248, #393 ) ;
#1031 = ORIENTED_EDGE ( 'NONE', *, *, #419, .T. ) ;
#1032 = ORIENTED_EDGE ( 'NONE', *, *, #223, .T. ) ;
#1033 = ORIENTED_EDGE ( 'NONE', *, *, #467, .F. ) ;
#1034 = EDGE_CURVE ( 'NONE', #649, #1459, #711, .T. ) ;
#1035 = DIRECTION ( 'NONE',  ( 1.000000000000000000, 2.731481088613017720E-16, 0.000000000000000000 ) ) ;
#1036 = ORIENTED_EDGE ( 'NONE', *, *, #195, .F. ) ;
#1037 = CARTESIAN_POINT ( 'NONE',  ( 51.50000000000010658, -24.00000000000000000, 22.50000000000000000 ) ) ;
#1038 = VERTEX_POINT ( 'NONE', #285 ) ;
#1039 = EDGE_LOOP ( 'NONE', ( #957, #621, #723, #1036 ) ) ;
#1040 = AXIS2_PLACEMENT_3D ( 'NONE', #502, #619, #647 ) ;
#1041 = DIRECTION ( 'NONE',  ( 0.000000000000000000, 0.000000000000000000, 1.000000000000000000 ) ) ;
#1042 = VECTOR ( 'NONE', #949, 1000.000000000000000 ) ;
#1043 = AXIS2_PLACEMENT_3D ( 'NONE', #838, #862, #394 ) ;
#1044 = DIRECTION ( 'NONE',  ( -0.000000000000000000, -0.000000000000000000, -1.000000000000000000 ) ) ;
#1045 = DIRECTION ( 'NONE',  ( -1.927470528863119049E-16, 1.000000000000000000, -0.000000000000000000 ) ) ;
#1046 = EDGE_CURVE ( 'NONE', #515, #1025, #113, .T. ) ;
#1047 = CARTESIAN_POINT ( 'NONE',  ( 46.67542648054294574, -4.500000000000003553, 7.500000000000000000 ) ) ;
#1048 = ORIENTED_EDGE ( 'NONE', *, *, #990, .T. ) ;
#1049 = EDGE_LOOP ( 'NONE', ( #789, #915, #1246, #170 ) ) ;
#1050 = CARTESIAN_POINT ( 'NONE',  ( 3.500000000000000000, -24.00000000000000000, 12.50000000000000000 ) ) ;
#1051 = DIRECTION ( 'NONE',  ( 0.000000000000000000, 0.000000000000000000, 1.000000000000000000 ) ) ;
#1052 = DIRECTION ( 'NONE',  ( 0.000000000000000000, 1.000000000000000000, 0.000000000000000000 ) ) ;
#1053 = CARTESIAN_POINT ( 'NONE',  ( 9.912286759728532459, -7.250000000000002665, 4.500000000000000000 ) ) ;
#1054 = VERTEX_POINT ( 'NONE', #1309 ) ;
#1055 = ORIENTED_EDGE ( 'NONE', *, *, #450, .F. ) ;
#1056 = DIRECTION ( 'NONE',  ( -0.000000000000000000, -0.000000000000000000, 1.000000000000000000 ) ) ;
#1057 = CARTESIAN_POINT ( 'NONE',  ( 13.08771324027147287, -7.250000000000001776, 4.500000000000000000 ) ) ;
#1058 = CARTESIAN_POINT ( 'NONE',  ( 8.324573519457059589, -4.499999999999999112, 4.500000000000000000 ) ) ;
#1059 = ORIENTED_EDGE ( 'NONE', *, *, #910, .T. ) ;
#1060 = ORIENTED_EDGE ( 'NONE', *, *, #432, .T. ) ;
#1061 = ADVANCED_FACE ( 'NONE', ( #379 ), #277, .F. ) ;
#1062 = AXIS2_PLACEMENT_3D ( 'NONE', #767, #564, #427 ) ;
#1063 = DIRECTION ( 'NONE',  ( 0.000000000000000000, 1.000000000000000000, 0.000000000000000000 ) ) ;
#1064 = VECTOR ( 'NONE', #1080, 1000.000000000000000 ) ;
#1065 = DIRECTION ( 'NONE',  ( 0.000000000000000000, -0.000000000000000000, 1.000000000000000000 ) ) ;
#1066 = AXIS2_PLACEMENT_3D ( 'NONE', #844, #724, #174 ) ;
#1067 = DIRECTION ( 'NONE',  ( -0.000000000000000000, 1.000000000000000000, -0.000000000000000000 ) ) ;
#1068 = VERTEX_POINT ( 'NONE', #731 ) ;
#1069 = EDGE_CURVE ( 'NONE', #396, #54, #255, .T. ) ;
#1070 = ORIENTED_EDGE ( 'NONE', *, *, #316, .F. ) ;
#1071 = APPLICATION_PROTOCOL_DEFINITION ( 'draft international standard', 'automotive_design', 1998, #1455 ) ;
#1072 = CARTESIAN_POINT ( 'NONE',  ( 3.500000000000000000, -13.99999999999999822, 11.25000000000000178 ) ) ;
#1073 = LINE ( 'NONE', #1386, #44 ) ;
#1074 = DIRECTION ( 'NONE',  ( -1.224646799147353207E-16, 1.000000000000000000, 0.000000000000000000 ) ) ;
#1075 = ORIENTED_EDGE ( 'NONE', *, *, #907, .F. ) ;
#1076 = ORIENTED_EDGE ( 'NONE', *, *, #1450, .F. ) ;
#1077 = UNCERTAINTY_MEASURE_WITH_UNIT (LENGTH_MEASURE( 1.000000000000000082E-05 ), #80, 'distance_accuracy_value', 'NONE');
#1078 = DIRECTION ( 'NONE',  ( -0.000000000000000000, 1.000000000000000000, -0.000000000000000000 ) ) ;
#1079 = FACE_OUTER_BOUND ( 'NONE', #331, .T. ) ;
#1080 = DIRECTION ( 'NONE',  ( -0.000000000000000000, -0.000000000000000000, -1.000000000000000000 ) ) ;
#1081 = ORIENTED_EDGE ( 'NONE', *, *, #656, .T. ) ;
#1082 = EDGE_LOOP ( 'NONE', ( #1113, #734, #1081, #1348, #1048, #61 ) ) ;
#1083 = DIRECTION ( 'NONE',  ( 0.5000000000000001110, 0.8660254037844385966, 0.000000000000000000 ) ) ;
#1084 = FACE_OUTER_BOUND ( 'NONE', #302, .T. ) ;
#1085 = CARTESIAN_POINT ( 'NONE',  ( 9.912286759728528907, -1.749999999999999334, 4.500000000000000000 ) ) ;
#1086 = AXIS2_PLACEMENT_3D ( 'NONE', #299, #1320, #400 ) ;
#1087 = DIRECTION ( 'NONE',  ( -0.5000000000000002220, 0.8660254037844384856, 0.000000000000000000 ) ) ;
#1088 = ORIENTED_EDGE ( 'NONE', *, *, #21, .T. ) ;
#1089 = ADVANCED_FACE ( 'NONE', ( #1399 ), #494, .F. ) ;
#1090 = AXIS2_PLACEMENT_3D ( 'NONE', #1236, #95, #214 ) ;
#1091 = CIRCLE ( 'NONE', #439, 2.000000000000001776 ) ;
#1092 = VECTOR ( 'NONE', #556, 1000.000000000000000 ) ;
#1093 = ORIENTED_EDGE ( 'NONE', *, *, #1421, .F. ) ;
#1094 = AXIS2_PLACEMENT_3D ( 'NONE', #837, #595, #1188 ) ;
#1095 = CARTESIAN_POINT ( 'NONE',  ( 45.08771324027146932, -1.749999999999999334, 7.500000000000000000 ) ) ;
#1096 = DIRECTION ( 'NONE',  ( 0.000000000000000000, 0.000000000000000000, 1.000000000000000000 ) ) ;
#1097 = FILL_AREA_STYLE_COLOUR ( '', #1416 ) ;
#1098 = CARTESIAN_POINT ( 'NONE',  ( 55.00000000000000711, -13.99999999999999822, 26.50000000000000000 ) ) ;
#1099 = ORIENTED_EDGE ( 'NONE', *, *, #1421, .T. ) ;
#1100 = EDGE_CURVE ( 'NONE', #388, #1459, #1300, .T. ) ;
#1101 = PLANE ( 'NONE',  #1018 ) ;
#1102 = ORIENTED_EDGE ( 'NONE', *, *, #979, .T. ) ;
#1103 = DIRECTION ( 'NONE',  ( 0.000000000000000000, -0.000000000000000000, 1.000000000000000000 ) ) ;
#1104 = DIRECTION ( 'NONE',  ( -1.000000000000000000, 0.000000000000000000, 0.000000000000000000 ) ) ;
#1105 = CARTESIAN_POINT ( 'NONE',  ( 55.00000000000000711, -36.00000000000000000, 27.50000000000000000 ) ) ;
#1106 = VERTEX_POINT ( 'NONE', #384 ) ;
#1107 = CARTESIAN_POINT ( 'NONE',  ( 7.000000000000000000, -36.00000000000000000, 8.500000000000000000 ) ) ;
#1108 = LINE ( 'NONE', #414, #1347 ) ;
#1109 = CARTESIAN_POINT ( 'NONE',  ( 41.49999999999999289, -4.500000000000000000, 4.500000000000000000 ) ) ;
#1110 = ORIENTED_EDGE ( 'NONE', *, *, #695, .T. ) ;
#1111 = VECTOR ( 'NONE', #1226, 1000.000000000000227 ) ;
#1112 = EDGE_CURVE ( 'NONE', #1371, #1144, #684, .T. ) ;
#1113 = ORIENTED_EDGE ( 'NONE', *, *, #664, .T. ) ;
#1114 = CIRCLE ( 'NONE', #206, 1.249999999999999334 ) ;
#1115 = ADVANCED_FACE ( 'NONE', ( #855 ), #479, .F. ) ;
#1116 = DIRECTION ( 'NONE',  ( 1.000000000000000000, 0.000000000000000000, 0.000000000000000000 ) ) ;
#1117 = VECTOR ( 'NONE', #339, 1000.000000000000000 ) ;
#1118 = CARTESIAN_POINT ( 'NONE',  ( 41.91228675972853068, -1.749999999999999334, 7.500000000000000000 ) ) ;
#1119 = FACE_OUTER_BOUND ( 'NONE', #527, .T. ) ;
#1120 = CARTESIAN_POINT ( 'NONE',  ( 7.000000000000000000, -13.99999999999999822, 8.500000000000000000 ) ) ;
#1121 = DIRECTION ( 'NONE',  ( -0.000000000000000000, 1.000000000000000000, -0.000000000000000000 ) ) ;
#1122 = DIRECTION ( 'NONE',  ( 0.000000000000000000, 0.000000000000000000, 1.000000000000000000 ) ) ;
#1123 = ORIENTED_EDGE ( 'NONE', *, *, #38, .T. ) ;
#1124 = DIRECTION ( 'NONE',  ( -0.8660254037844387076, 0.4999999999999999445, 0.000000000000000000 ) ) ;
#1125 = DIRECTION ( 'NONE',  ( 0.000000000000000000, 1.000000000000000000, 0.000000000000000000 ) ) ;
#1126 = LINE ( 'NONE', #868, #1397 ) ;
#1127 = ORIENTED_EDGE ( 'NONE', *, *, #1358, .T. ) ;
#1128 = EDGE_LOOP ( 'NONE', ( #1472, #48, #238, #472, #536, #11 ) ) ;
#1129 = EDGE_LOOP ( 'NONE', ( #408, #27, #465, #261 ) ) ;
#1130 = PLANE ( 'NONE',  #372 ) ;
#1131 = CARTESIAN_POINT ( 'NONE',  ( 11.50000000000000000, -4.500000000000000000, 7.500000000000000000 ) ) ;
#1132 = DIRECTION ( 'NONE',  ( -0.000000000000000000, -0.000000000000000000, 1.000000000000000000 ) ) ;
#1133 = ORIENTED_EDGE ( 'NONE', *, *, #644, .F. ) ;
#1134 = ORIENTED_EDGE ( 'NONE', *, *, #223, .F. ) ;
#1135 = VECTOR ( 'NONE', #1104, 1000.000000000000000 ) ;
#1136 = AXIS2_PLACEMENT_3D ( 'NONE', #512, #1439, #292 ) ;
#1137 = ORIENTED_EDGE ( 'NONE', *, *, #240, .T. ) ;
#1138 = AXIS2_PLACEMENT_3D ( 'NONE', #572, #1156, #460 ) ;
#1139 = DIRECTION ( 'NONE',  ( -1.927470528863119295E-16, 1.000000000000000000, -0.000000000000000000 ) ) ;
#1140 = AXIS2_PLACEMENT_3D ( 'NONE', #241, #357, #1024 ) ;
#1141 = CARTESIAN_POINT ( 'NONE',  ( 14.67542648054294396, -4.500000000000003553, 4.500000000000000000 ) ) ;
#1142 = FACE_OUTER_BOUND ( 'NONE', #245, .T. ) ;
#1143 = CARTESIAN_POINT ( 'NONE',  ( 4.408728476930470856E-15, -36.00000000000000000, 26.50000000000000000 ) ) ;
#1144 = VERTEX_POINT ( 'NONE', #1181 ) ;
#1145 = ORIENTED_EDGE ( 'NONE', *, *, #688, .F. ) ;
#1146 = ADVANCED_FACE ( 'NONE', ( #373 ), #945, .T. ) ;
#1147 = CYLINDRICAL_SURFACE ( 'NONE', #115, 1.249999999999997558 ) ;
#1148 = CYLINDRICAL_SURFACE ( 'NONE', #873, 1.250000000000001110 ) ;
#1149 = ORIENTED_EDGE ( 'NONE', *, *, #722, .F. ) ;
#1150 = CARTESIAN_POINT ( 'NONE',  ( 1.000000000000001776, -13.99999999999999822, 26.50000000000000000 ) ) ;
#1151 = EDGE_LOOP ( 'NONE', ( #133, #987, #1031, #715 ) ) ;
#1152 = VERTEX_POINT ( 'NONE', #601 ) ;
#1153 = FACE_OUTER_BOUND ( 'NONE', #1151, .T. ) ;
#1154 = PLANE ( 'NONE',  #1302 ) ;
#1155 = DIRECTION ( 'NONE',  ( 0.000000000000000000, -0.000000000000000000, -1.000000000000000000 ) ) ;
#1156 = DIRECTION ( 'NONE',  ( 0.000000000000000000, 0.000000000000000000, 1.000000000000000000 ) ) ;
#1157 = ORIENTED_EDGE ( 'NONE', *, *, #1176, .T. ) ;
#1158 = VERTEX_POINT ( 'NONE', #625 ) ;
#1159 = ADVANCED_FACE ( 'NONE', ( #1084 ), #1189, .T. ) ;
#1160 = AXIS2_PLACEMENT_3D ( 'NONE', #777, #1447, #227 ) ;
#1161 = PLANE ( 'NONE',  #686 ) ;
#1162 = VECTOR ( 'NONE', #26, 1000.000000000000000 ) ;
#1163 = VECTOR ( 'NONE', #981, 1000.000000000000000 ) ;
#1164 = CARTESIAN_POINT ( 'NONE',  ( 8.324573519457059589, -4.499999999999999112, 4.500000000000000000 ) ) ;
#1165 = CYLINDRICAL_SURFACE ( 'NONE', #300, 1.000000000000000888 ) ;
#1166 = DIRECTION ( 'NONE',  ( 1.000000000000000000, 0.000000000000000000, 0.000000000000000000 ) ) ;
#1167 = VERTEX_POINT ( 'NONE', #1072 ) ;
#1168 = EDGE_LOOP ( 'NONE', ( #477, #888, #675, #1435 ) ) ;
#1169 = DIRECTION ( 'NONE',  ( 1.000000000000000000, 0.000000000000000000, 0.000000000000000000 ) ) ;
#1170 = CARTESIAN_POINT ( 'NONE',  ( 4.408728476930470856E-15, -36.00000000000000000, 7.500000000000000000 ) ) ;
#1171 = FACE_OUTER_BOUND ( 'NONE', #232, .T. ) ;
#1172 = ORIENTED_EDGE ( 'NONE', *, *, #467, .T. ) ;
#1173 = ORIENTED_EDGE ( 'NONE', *, *, #1379, .F. ) ;
#1174 = CARTESIAN_POINT ( 'NONE',  ( 51.50000000000000711, -24.00000000000000000, 12.50000000000000000 ) ) ;
#1175 = CARTESIAN_POINT ( 'NONE',  ( 51.50000000000010658, -13.99999999999999822, 23.75000000000000355 ) ) ;
#1176 = EDGE_CURVE ( 'NONE', #1025, #515, #1350, .T. ) ;
#1177 = DIRECTION ( 'NONE',  ( 0.5000000000000002220, -0.8660254037844384856, 0.000000000000000000 ) ) ;
#1178 = VERTEX_POINT ( 'NONE', #618 ) ;
#1179 = EDGE_LOOP ( 'NONE', ( #348, #1123 ) ) ;
#1180 = AXIS2_PLACEMENT_3D ( 'NONE', #1141, #901, #1470 ) ;
#1181 = CARTESIAN_POINT ( 'NONE',  ( 51.50000000000000711, -24.00000000000000000, 11.25000000000000355 ) ) ;
#1182 = CIRCLE ( 'NONE', #531, 1.000000000000000888 ) ;
#1183 = CARTESIAN_POINT ( 'NONE',  ( 51.50000000000010658, -13.99999999999999822, 22.50000000000000000 ) ) ;
#1184 = CIRCLE ( 'NONE', #557, 1.250000000000004663 ) ;
#1185 = LINE ( 'NONE', #1296, #994 ) ;
#1186 = ORIENTED_EDGE ( 'NONE', *, *, #1034, .F. ) ;
#1187 = EDGE_LOOP ( 'NONE', ( #1287, #1424, #75, #1186, #1403, #442 ) ) ;
#1188 = DIRECTION ( 'NONE',  ( 1.000000000000000000, 0.000000000000000000, 0.000000000000000000 ) ) ;
#1189 = PLANE ( 'NONE',  #826 ) ;
#1190 = DIRECTION ( 'NONE',  ( 0.000000000000000000, 0.000000000000000000, 1.000000000000000000 ) ) ;
#1191 = DIRECTION ( 'NONE',  ( -0.000000000000000000, -0.000000000000000000, -1.000000000000000000 ) ) ;
#1192 = EDGE_LOOP ( 'NONE', ( #1173, #1032, #454, #993 ) ) ;
#1193 = ORIENTED_EDGE ( 'NONE', *, *, #99, .F. ) ;
#1194 = CARTESIAN_POINT ( 'NONE',  ( 47.00000000000000000, -36.00000000000000000, 8.500000000000000000 ) ) ;
#1195 = EDGE_CURVE ( 'NONE', #200, #1394, #1404, .T. ) ;
#1196 = DIRECTION ( 'NONE',  ( 0.000000000000000000, 0.000000000000000000, 1.000000000000000000 ) ) ;
#1197 = PLANE ( 'NONE',  #772 ) ;
#1198 = DIRECTION ( 'NONE',  ( 1.224646799147353207E-16, -1.000000000000000000, 0.000000000000000000 ) ) ;
#1199 = EDGE_LOOP ( 'NONE', ( #736, #559, #1026, #120 ) ) ;
#1200 = ORIENTED_EDGE ( 'NONE', *, *, #1267, .T. ) ;
#1201 = CARTESIAN_POINT ( 'NONE',  ( 2.204364238465235576E-16, -13.99999999999999822, 26.50000000000000000 ) ) ;
#1202 = ADVANCED_FACE ( 'NONE', ( #1218 ), #197, .F. ) ;
#1203 = DIRECTION ( 'NONE',  ( 0.000000000000000000, -0.000000000000000000, 1.000000000000000000 ) ) ;
#1204 = DIRECTION ( 'NONE',  ( -0.000000000000000000, 0.000000000000000000, -1.000000000000000000 ) ) ;
#1205 = AXIS2_PLACEMENT_3D ( 'NONE', #845, #286, #1204 ) ;
#1206 = CARTESIAN_POINT ( 'NONE',  ( 4.408728476930470856E-15, -13.99999999999999822, 7.500000000000000000 ) ) ;
#1207 = EDGE_LOOP ( 'NONE', ( #1033, #1388, #1408, #254 ) ) ;
#1208 = VECTOR ( 'NONE', #1243, 1000.000000000000000 ) ;
#1209 = CIRCLE ( 'NONE', #276, 1.250000000000004663 ) ;
#1210 = VECTOR ( 'NONE', #839, 1000.000000000000000 ) ;
#1211 = LINE ( 'NONE', #883, #1440 ) ;
#1212 = DIRECTION ( 'NONE',  ( 0.000000000000000000, 1.000000000000000000, -0.000000000000000000 ) ) ;
#1213 = LINE ( 'NONE', #1219, #1135 ) ;
#1214 = CARTESIAN_POINT ( 'NONE',  ( 3.500000000000000000, -13.99999999999999822, 13.75000000000000000 ) ) ;
#1215 = ORIENTED_EDGE ( 'NONE', *, *, #524, .T. ) ;
#1216 = EDGE_CURVE ( 'NONE', #429, #783, #867, .T. ) ;
#1217 = CARTESIAN_POINT ( 'NONE',  ( 9.912286759728532459, -7.250000000000002665, 7.500000000000000000 ) ) ;
#1218 = FACE_OUTER_BOUND ( 'NONE', #978, .T. ) ;
#1219 = CARTESIAN_POINT ( 'NONE',  ( 45.08771324027146932, -1.749999999999999334, 4.500000000000000000 ) ) ;
#1220 = EDGE_CURVE ( 'NONE', #441, #1038, #93, .T. ) ;
#1221 = CARTESIAN_POINT ( 'NONE',  ( 47.00000000000000000, -13.99999999999999822, 8.500000000000000000 ) ) ;
#1222 = VERTEX_POINT ( 'NONE', #766 ) ;
#1223 = ADVANCED_FACE ( 'NONE', ( #890 ), #190, .T. ) ;
#1224 = CARTESIAN_POINT ( 'NONE',  ( 9.912286759728528907, -1.749999999999999334, 4.500000000000000000 ) ) ;
#1225 = CARTESIAN_POINT ( 'NONE',  ( 1.000000000000001776, -13.99999999999999822, 26.50000000000000000 ) ) ;
#1226 = DIRECTION ( 'NONE',  ( -0.5000000000000002220, 0.8660254037844384856, 0.000000000000000000 ) ) ;
#1227 = LINE ( 'NONE', #322, #253 ) ;
#1228 = DIRECTION ( 'NONE',  ( 0.000000000000000000, 0.000000000000000000, 1.000000000000000000 ) ) ;
#1229 = AXIS2_PLACEMENT_3D ( 'NONE', #1477, #1125, #100 ) ;
#1230 = AXIS2_PLACEMENT_3D ( 'NONE', #713, #1381, #1166 ) ;
#1231 = AXIS2_PLACEMENT_3D ( 'NONE', #738, #1418, #1169 ) ;
#1232 = CYLINDRICAL_SURFACE ( 'NONE', #681, 1.000000000000000000 ) ;
#1233 = FACE_OUTER_BOUND ( 'NONE', #1293, .T. ) ;
#1234 = EDGE_CURVE ( 'NONE', #504, #1152, #533, .T. ) ;
#1235 = CYLINDRICAL_SURFACE ( 'NONE', #847, 2.000000000000000000 ) ;
#1236 = CARTESIAN_POINT ( 'NONE',  ( 3.500000000000104361, -24.00000000000000000, 22.50000000000000000 ) ) ;
#1237 = EDGE_LOOP ( 'NONE', ( #931, #728, #1468, #307, #1099, #689, #288, #448 ) ) ;
#1238 = ORIENTED_EDGE ( 'NONE', *, *, #21, .F. ) ;
#1239 = DIRECTION ( 'NONE',  ( -0.000000000000000000, -0.000000000000000000, 1.000000000000000000 ) ) ;
#1240 = ORIENTED_EDGE ( 'NONE', *, *, #1370, .T. ) ;
#1241 = CARTESIAN_POINT ( 'NONE',  ( 13.50000000000000000, -4.500000000000000000, 4.500000000000000000 ) ) ;
#1242 = CARTESIAN_POINT ( 'NONE',  ( 3.500000000000000000, -24.00000000000000000, 12.50000000000000000 ) ) ;
#1243 = DIRECTION ( 'NONE',  ( 1.000000000000000000, 2.731481088613017720E-16, 0.000000000000000000 ) ) ;
#1244 = VERTEX_POINT ( 'NONE', #1107 ) ;
#1245 = EDGE_LOOP ( 'NONE', ( #377, #252 ) ) ;
#1246 = ORIENTED_EDGE ( 'NONE', *, *, #1406, .T. ) ;
#1247 = CARTESIAN_POINT ( 'NONE',  ( 14.67542648054294396, -4.500000000000003553, 4.500000000000000000 ) ) ;
#1248 = FACE_OUTER_BOUND ( 'NONE', #266, .T. ) ;
#1249 = DIRECTION ( 'NONE',  ( 0.000000000000000000, -1.000000000000000000, 0.000000000000000000 ) ) ;
#1250 = EDGE_LOOP ( 'NONE', ( #608, #1449, #1172, #187, #314, #804, #1110, #943, #345, #859, #1102, #747, #853, #1436 ) ) ;
#1251 = ADVANCED_FACE ( 'NONE', ( #532 ), #525, .F. ) ;
#1252 = ORIENTED_EDGE ( 'NONE', *, *, #450, .T. ) ;
#1253 = ADVANCED_FACE ( 'NONE', ( #1233 ), #997, .T. ) ;
#1254 = AXIS2_PLACEMENT_3D ( 'NONE', #435, #1354, #334 ) ;
#1255 = ORIENTED_EDGE ( 'NONE', *, *, #784, .F. ) ;
#1256 = VECTOR ( 'NONE', #181, 1000.000000000000114 ) ;
#1257 = CARTESIAN_POINT ( 'NONE',  ( 51.50000000000010658, -13.99999999999999822, 21.24999999999999289 ) ) ;
#1258 = CLOSED_SHELL ( 'NONE', ( #1005, #971, #930, #28, #315, #1115, #988, #830, #843, #1280, #743, #389, #763, #1458, #1377, #202, #256, #346, #1146, #147, #1430, #960, #290, #354, #624, #1159, #916, #1223, #312, #1251, #999, #733, #562, #141, #17, #1061, #387, #194, #1417, #1307, #1202, #542, #121, #284, #1253, #576, #894, #1089 ) ) ;
#1259 = CARTESIAN_POINT ( 'NONE',  ( 3.500000000000000000, -24.00000000000000000, 12.50000000000000000 ) ) ;
#1260 = ORIENTED_EDGE ( 'NONE', *, *, #1100, .F. ) ;
#1261 = ORIENTED_EDGE ( 'NONE', *, *, #979, .F. ) ;
#1262 = EDGE_CURVE ( 'NONE', #425, #1068, #744, .T. ) ;
#1263 = ORIENTED_EDGE ( 'NONE', *, *, #378, .F. ) ;
#1264 =( LENGTH_UNIT ( ) NAMED_UNIT ( * ) SI_UNIT ( .MILLI., .METRE. ) );
#1265 = DIRECTION ( 'NONE',  ( 1.000000000000000000, 2.731481088613017720E-16, 0.000000000000000000 ) ) ;
#1266 = CARTESIAN_POINT ( 'NONE',  ( 45.08771324027146932, -7.250000000000001776, 4.500000000000000000 ) ) ;
#1267 = EDGE_CURVE ( 'NONE', #336, #649, #640, .T. ) ;
#1268 = DIRECTION ( 'NONE',  ( -0.4999999999999998890, -0.8660254037844385966, 0.000000000000000000 ) ) ;
#1269 = VERTEX_POINT ( 'NONE', #544 ) ;
#1270 = EDGE_CURVE ( 'NONE', #523, #1423, #989, .T. ) ;
#1271 = EDGE_LOOP ( 'NONE', ( #835, #491, #1001, #858 ) ) ;
#1272 = CARTESIAN_POINT ( 'NONE',  ( 0.000000000000000000, -13.99999999999999822, 27.50000000000000000 ) ) ;
#1273 = CARTESIAN_POINT ( 'NONE',  ( 41.91228675972853779, -7.250000000000002665, 4.500000000000000000 ) ) ;
#1274 = PLANE ( 'NONE',  #109 ) ;
#1275 = CARTESIAN_POINT ( 'NONE',  ( 8.000000000000000000, -13.99999999999999822, 7.500000000000000000 ) ) ;
#1276 = ORIENTED_EDGE ( 'NONE', *, *, #56, .T. ) ;
#1277 = ORIENTED_EDGE ( 'NONE', *, *, #493, .F. ) ;
#1278 = VECTOR ( 'NONE', #998, 1000.000000000000114 ) ;
#1279 = VECTOR ( 'NONE', #1401, 1000.000000000000227 ) ;
#1280 = ADVANCED_FACE ( 'NONE', ( #538, #1004, #1453 ), #876, .F. ) ;
#1281 = VECTOR ( 'NONE', #405, 1000.000000000000000 ) ;
#1282 = CARTESIAN_POINT ( 'NONE',  ( 4.408728476930470856E-15, -36.00000000000000000, 7.500000000000000000 ) ) ;
#1283 = VECTOR ( 'NONE', #717, 1000.000000000000000 ) ;
#1284 = DIRECTION ( 'NONE',  ( -0.000000000000000000, 1.000000000000000000, -0.000000000000000000 ) ) ;
#1285 = VECTOR ( 'NONE', #1475, 1000.000000000000000 ) ;
#1286 = DIRECTION ( 'NONE',  ( 0.000000000000000000, 1.000000000000000000, 0.000000000000000000 ) ) ;
#1287 = ORIENTED_EDGE ( 'NONE', *, *, #609, .F. ) ;
#1288 = ORIENTED_EDGE ( 'NONE', *, *, #671, .T. ) ;
#1289 = DIRECTION ( 'NONE',  ( 0.000000000000000000, 0.000000000000000000, 1.000000000000000000 ) ) ;
#1290 = DIRECTION ( 'NONE',  ( 0.000000000000000000, -1.000000000000000000, 0.000000000000000000 ) ) ;
#1291 = CARTESIAN_POINT ( 'NONE',  ( 8.324573519457059589, -4.499999999999999112, 7.500000000000000000 ) ) ;
#1292 = ORIENTED_EDGE ( 'NONE', *, *, #1262, .F. ) ;
#1293 = EDGE_LOOP ( 'NONE', ( #353, #473, #669, #676 ) ) ;
#1294 = CARTESIAN_POINT ( 'NONE',  ( 4.408728476930470856E-15, -13.99999999999999822, 7.500000000000000000 ) ) ;
#1295 = DIRECTION ( 'NONE',  ( -0.000000000000000000, 1.000000000000000000, -0.000000000000000000 ) ) ;
#1296 = CARTESIAN_POINT ( 'NONE',  ( 0.000000000000000000, 0.000000000000000000, 7.500000000000000000 ) ) ;
#1297 = EDGE_LOOP ( 'NONE', ( #937, #1016, #521, #841 ) ) ;
#1298 = ORIENTED_EDGE ( 'NONE', *, *, #247, .F. ) ;
#1299 = VECTOR ( 'NONE', #1284, 1000.000000000000000 ) ;
#1300 = LINE ( 'NONE', #596, #42 ) ;
#1301 = AXIS2_PLACEMENT_3D ( 'NONE', #1221, #535, #362 ) ;
#1302 = AXIS2_PLACEMENT_3D ( 'NONE', #341, #802, #131 ) ;
#1303 = DIRECTION ( 'NONE',  ( -0.8660254037844385966, -0.5000000000000003331, 0.000000000000000000 ) ) ;
#1304 = ORIENTED_EDGE ( 'NONE', *, *, #636, .F. ) ;
#1305 = AXIS2_PLACEMENT_3D ( 'NONE', #690, #563, #1041 ) ;
#1306 = ORIENTED_EDGE ( 'NONE', *, *, #1234, .T. ) ;
#1307 = ADVANCED_FACE ( 'NONE', ( #98 ), #1012, .F. ) ;
#1308 = CARTESIAN_POINT ( 'NONE',  ( 48.00000000000000000, -36.00000000000000000, 7.499999999999999112 ) ) ;
#1309 = CARTESIAN_POINT ( 'NONE',  ( 55.00000000000000711, -36.00000000000000000, 0.000000000000000000 ) ) ;
#1310 = DIRECTION ( 'NONE',  ( -0.000000000000000000, 1.000000000000000000, -0.000000000000000000 ) ) ;
#1311 = VERTEX_POINT ( 'NONE', #634 ) ;
#1312 = EDGE_CURVE ( 'NONE', #60, #359, #67, .T. ) ;
#1313 = CARTESIAN_POINT ( 'NONE',  ( 55.00000000000000000, 0.000000000000000000, 0.000000000000000000 ) ) ;
#1314 = DIRECTION ( 'NONE',  ( -0.000000000000000000, 1.000000000000000000, -0.000000000000000000 ) ) ;
#1315 = DIRECTION ( 'NONE',  ( 0.000000000000000000, 0.000000000000000000, 1.000000000000000000 ) ) ;
#1316 = CARTESIAN_POINT ( 'NONE',  ( 54.00000000000000000, -13.99999999999999822, 26.50000000000000000 ) ) ;
#1317 = ORIENTED_EDGE ( 'NONE', *, *, #574, .F. ) ;
#1318 = CARTESIAN_POINT ( 'NONE',  ( 40.32457351945706137, -4.499999999999999112, 4.500000000000000000 ) ) ;
#1319 = DIRECTION ( 'NONE',  ( 1.000000000000000000, 0.000000000000000000, 0.000000000000000000 ) ) ;
#1320 = DIRECTION ( 'NONE',  ( -0.000000000000000000, -1.000000000000000000, 0.000000000000000000 ) ) ;
#1321 =( GEOMETRIC_REPRESENTATION_CONTEXT ( 3 ) GLOBAL_UNCERTAINTY_ASSIGNED_CONTEXT ( ( #1077 ) ) GLOBAL_UNIT_ASSIGNED_CONTEXT ( ( #80, #1433, #406 ) ) REPRESENTATION_CONTEXT ( 'NONE', 'WORKASPACE' ) );
#1322 = EDGE_CURVE ( 'NONE', #281, #812, #1091, .T. ) ;
#1323 = AXIS2_PLACEMENT_3D ( 'NONE', #1037, #1286, #810 ) ;
#1324 = FACE_OUTER_BOUND ( 'NONE', #1049, .T. ) ;
#1325 = ORIENTED_EDGE ( 'NONE', *, *, #990, .F. ) ;
#1326 = VECTOR ( 'NONE', #1239, 1000.000000000000000 ) ;
#1327 = AXIS2_PLACEMENT_3D ( 'NONE', #43, #146, #1196 ) ;
#1328 = ORIENTED_EDGE ( 'NONE', *, *, #861, .T. ) ;
#1329 = AXIS2_PLACEMENT_3D ( 'NONE', #456, #577, #785 ) ;
#1330 = DIRECTION ( 'NONE',  ( 0.000000000000000000, -0.000000000000000000, 1.000000000000000000 ) ) ;
#1331 = CARTESIAN_POINT ( 'NONE',  ( 49.00000000000000000, -13.99999999999999822, 26.50000000000000000 ) ) ;
#1332 = EDGE_CURVE ( 'NONE', #1380, #1178, #72, .T. ) ;
#1333 = LINE ( 'NONE', #278, #484 ) ;
#1334 = DIRECTION ( 'NONE',  ( 0.000000000000000000, 0.000000000000000000, 1.000000000000000000 ) ) ;
#1335 = ORIENTED_EDGE ( 'NONE', *, *, #762, .T. ) ;
#1336 = CARTESIAN_POINT ( 'NONE',  ( 46.67542648054294574, -4.500000000000003553, 4.500000000000000000 ) ) ;
#1337 = DIRECTION ( 'NONE',  ( 1.000000000000000000, 2.731481088613017720E-16, 0.000000000000000000 ) ) ;
#1338 = DIRECTION ( 'NONE',  ( 1.927470528863119295E-16, -1.000000000000000000, 0.000000000000000000 ) ) ;
#1339 = DIRECTION ( 'NONE',  ( -0.000000000000000000, -1.000000000000000000, -0.000000000000000000 ) ) ;
#1340 = ORIENTED_EDGE ( 'NONE', *, *, #340, .F. ) ;
#1341 = CARTESIAN_POINT ( 'NONE',  ( 9.912286759728528907, -1.749999999999999334, 4.500000000000000000 ) ) ;
#1342 = ORIENTED_EDGE ( 'NONE', *, *, #1112, .T. ) ;
#1343 = CARTESIAN_POINT ( 'NONE',  ( 13.08771324027147287, -7.250000000000001776, 4.500000000000000000 ) ) ;
#1344 = DIRECTION ( 'NONE',  ( -0.000000000000000000, 1.000000000000000000, -0.000000000000000000 ) ) ;
#1345 = CARTESIAN_POINT ( 'NONE',  ( 0.000000000000000000, 0.000000000000000000, 7.500000000000000000 ) ) ;
#1346 = DIRECTION ( 'NONE',  ( 0.000000000000000000, 0.000000000000000000, 1.000000000000000000 ) ) ;
#1347 = VECTOR ( 'NONE', #976, 1000.000000000000000 ) ;
#1348 = ORIENTED_EDGE ( 'NONE', *, *, #451, .T. ) ;
#1349 = VECTOR ( 'NONE', #1191, 1000.000000000000000 ) ;
#1350 = CIRCLE ( 'NONE', #12, 1.250000000000001110 ) ;
#1351 = CARTESIAN_POINT ( 'NONE',  ( 11.50000000000000000, -4.500000000000000000, 4.500000000000000000 ) ) ;
#1352 = EDGE_CURVE ( 'NONE', #730, #969, #310, .T. ) ;
#1353 = CARTESIAN_POINT ( 'NONE',  ( 51.50000000000000711, -24.00000000000000000, 13.74999999999999822 ) ) ;
#1354 = DIRECTION ( 'NONE',  ( 0.000000000000000000, 0.000000000000000000, 1.000000000000000000 ) ) ;
#1355 = FACE_BOUND ( 'NONE', #1187, .T. ) ;
#1356 = ORIENTED_EDGE ( 'NONE', *, *, #524, .F. ) ;
#1357 = VERTEX_POINT ( 'NONE', #1360 ) ;
#1358 = EDGE_CURVE ( 'NONE', #504, #1009, #105, .T. ) ;
#1359 = ORIENTED_EDGE ( 'NONE', *, *, #1176, .F. ) ;
#1360 = CARTESIAN_POINT ( 'NONE',  ( 9.500000000000000000, -4.500000000000000000, 4.500000000000000000 ) ) ;
#1361 = DIRECTION ( 'NONE',  ( 0.000000000000000000, 0.000000000000000000, 1.000000000000000000 ) ) ;
#1362 = EDGE_CURVE ( 'NONE', #1152, #1423, #551, .T. ) ;
#1363 = DIRECTION ( 'NONE',  ( 0.000000000000000000, 0.000000000000000000, -1.000000000000000000 ) ) ;
#1364 = ORIENTED_EDGE ( 'NONE', *, *, #720, .F. ) ;
#1365 = ORIENTED_EDGE ( 'NONE', *, *, #1352, .F. ) ;
#1366 = ORIENTED_EDGE ( 'NONE', *, *, #1450, .T. ) ;
#1367 = FACE_OUTER_BOUND ( 'NONE', #1129, .T. ) ;
#1368 = DIRECTION ( 'NONE',  ( -0.000000000000000000, -1.000000000000000000, -0.000000000000000000 ) ) ;
#1369 = FACE_OUTER_BOUND ( 'NONE', #1297, .T. ) ;
#1370 = EDGE_CURVE ( 'NONE', #1144, #1371, #828, .T. ) ;
#1371 = VERTEX_POINT ( 'NONE', #1353 ) ;
#1372 = VECTOR ( 'NONE', #863, 1000.000000000000000 ) ;
#1373 = CIRCLE ( 'NONE', #88, 2.000000000000000000 ) ;
#1374 = ORIENTED_EDGE ( 'NONE', *, *, #1476, .F. ) ;
#1375 = AXIS2_PLACEMENT_3D ( 'NONE', #1461, #1124, #434 ) ;
#1376 = CARTESIAN_POINT ( 'NONE',  ( 0.000000000000000000, 0.000000000000000000, 7.500000000000000000 ) ) ;
#1377 = ADVANCED_FACE ( 'NONE', ( #1153 ), #1161, .T. ) ;
#1378 = FACE_OUTER_BOUND ( 'NONE', #178, .T. ) ;
#1379 = EDGE_CURVE ( 'NONE', #222, #1479, #188, .T. ) ;
#1380 = VERTEX_POINT ( 'NONE', #1241 ) ;
#1381 = DIRECTION ( 'NONE',  ( 0.000000000000000000, 0.000000000000000000, 1.000000000000000000 ) ) ;
#1382 = ORIENTED_EDGE ( 'NONE', *, *, #1069, .T. ) ;
#1383 = EDGE_LOOP ( 'NONE', ( #1342, #1240 ) ) ;
#1384 = CARTESIAN_POINT ( 'NONE',  ( 4.408728476930470856E-15, -13.99999999999999822, 7.500000000000000000 ) ) ;
#1385 = FACE_OUTER_BOUND ( 'NONE', #1192, .T. ) ;
#1386 = CARTESIAN_POINT ( 'NONE',  ( 4.408728476930470856E-15, -36.00000000000000000, 0.000000000000000000 ) ) ;
#1387 = DIRECTION ( 'NONE',  ( 0.000000000000000000, -1.000000000000000000, 0.000000000000000000 ) ) ;
#1388 = ORIENTED_EDGE ( 'NONE', *, *, #907, .T. ) ;
#1389 = ORIENTED_EDGE ( 'NONE', *, *, #282, .F. ) ;
#1390 = CYLINDRICAL_SURFACE ( 'NONE', #751, 1.250000000000001110 ) ;
#1391 = LINE ( 'NONE', #272, #852 ) ;
#1392 = LINE ( 'NONE', #365, #485 ) ;
#1393 = EDGE_LOOP ( 'NONE', ( #390, #920, #1093, #1335 ) ) ;
#1394 = VERTEX_POINT ( 'NONE', #1257 ) ;
#1395 = VECTOR ( 'NONE', #495, 1000.000000000000000 ) ;
#1396 = VECTOR ( 'NONE', #1445, 1000.000000000000000 ) ;
#1397 = VECTOR ( 'NONE', #982, 1000.000000000000114 ) ;
#1398 = VECTOR ( 'NONE', #445, 1000.000000000000000 ) ;
#1399 = FACE_OUTER_BOUND ( 'NONE', #216, .T. ) ;
#1400 = FACE_OUTER_BOUND ( 'NONE', #1019, .T. ) ;
#1401 = DIRECTION ( 'NONE',  ( 0.5000000000000001110, -0.8660254037844384856, 0.000000000000000000 ) ) ;
#1402 = EDGE_LOOP ( 'NONE', ( #1413, #324, #1325, #150 ) ) ;
#1403 = ORIENTED_EDGE ( 'NONE', *, *, #1267, .F. ) ;
#1404 = LINE ( 'NONE', #167, #875 ) ;
#1405 = CARTESIAN_POINT ( 'NONE',  ( 7.000000000000000000, -13.99999999999999822, 8.500000000000000000 ) ) ;
#1406 = EDGE_CURVE ( 'NONE', #1357, #908, #219, .T. ) ;
#1407 = LINE ( 'NONE', #381, #1419 ) ;
#1408 = ORIENTED_EDGE ( 'NONE', *, *, #722, .T. ) ;
#1409 = EDGE_LOOP ( 'NONE', ( #687, #369, #171, #1157 ) ) ;
#1410 = DIRECTION ( 'NONE',  ( -0.000000000000000000, -1.000000000000000000, -0.000000000000000000 ) ) ;
#1411 = FACE_BOUND ( 'NONE', #337, .T. ) ;
#1412 = LINE ( 'NONE', #848, #65 ) ;
#1413 = ORIENTED_EDGE ( 'NONE', *, *, #37, .T. ) ;
#1414 = EDGE_CURVE ( 'NONE', #275, #1106, #932, .T. ) ;
#1415 = ORIENTED_EDGE ( 'NONE', *, *, #664, .F. ) ;
#1416 = COLOUR_RGB ( '',0.7921568627450980005, 0.8196078431372548767, 0.9333333333333333481 ) ;
#1417 = ADVANCED_FACE ( 'NONE', ( #587 ), #1130, .F. ) ;
#1418 = DIRECTION ( 'NONE',  ( 0.000000000000000000, 0.000000000000000000, 1.000000000000000000 ) ) ;
#1419 = VECTOR ( 'NONE', #834, 1000.000000000000000 ) ;
#1420 = CARTESIAN_POINT ( 'NONE',  ( 55.00000000000000711, -13.99999999999999822, 7.500000000000000000 ) ) ;
#1421 = EDGE_CURVE ( 'NONE', #756, #126, #356, .T. ) ;
#1422 = DIRECTION ( 'NONE',  ( 1.000000000000000000, 0.000000000000000000, 0.000000000000000000 ) ) ;
#1423 = VERTEX_POINT ( 'NONE', #814 ) ;
#1424 = ORIENTED_EDGE ( 'NONE', *, *, #164, .F. ) ;
#1425 = CARTESIAN_POINT ( 'NONE',  ( 0.000000000000000000, 0.000000000000000000, 0.000000000000000000 ) ) ;
#1426 = CARTESIAN_POINT ( 'NONE',  ( 54.00000000000000711, -36.00000000000000000, 26.50000000000000000 ) ) ;
#1427 = CARTESIAN_POINT ( 'NONE',  ( 3.500000000000000000, -24.00000000000000000, 11.25000000000000178 ) ) ;
#1428 = LINE ( 'NONE', #1291, #1279 ) ;
#1429 = ORIENTED_EDGE ( 'NONE', *, *, #528, .T. ) ;
#1430 = ADVANCED_FACE ( 'NONE', ( #1367 ), #1147, .F. ) ;
#1431 = DIRECTION ( 'NONE',  ( -1.000000000000000000, -0.000000000000000000, -0.000000000000000000 ) ) ;
#1432 = CARTESIAN_POINT ( 'NONE',  ( 13.50000000000000000, -4.500000000000000000, 7.500000000000000000 ) ) ;
#1433 =( NAMED_UNIT ( * ) PLANE_ANGLE_UNIT ( ) SI_UNIT ( $, .RADIAN. ) );
#1434 = PLANE ( 'NONE',  #800 ) ;
#1435 = ORIENTED_EDGE ( 'NONE', *, *, #1362, .F. ) ;
#1436 = ORIENTED_EDGE ( 'NONE', *, *, #1017, .T. ) ;
#1437 = LINE ( 'NONE', #1425, #629 ) ;
#1438 = DIRECTION ( 'NONE',  ( 0.000000000000000000, 0.000000000000000000, 1.000000000000000000 ) ) ;
#1439 = DIRECTION ( 'NONE',  ( 2.731481088613017720E-16, -1.000000000000000000, 0.000000000000000000 ) ) ;
#1440 = VECTOR ( 'NONE', #1431, 1000.000000000000000 ) ;
#1441 = CIRCLE ( 'NONE', #1090, 1.250000000000001110 ) ;
#1442 = CARTESIAN_POINT ( 'NONE',  ( 0.000000000000000000, 0.000000000000000000, 7.500000000000000000 ) ) ;
#1443 = EDGE_LOOP ( 'NONE', ( #701, #674 ) ) ;
#1444 = AXIS2_PLACEMENT_3D ( 'NONE', #488, #399, #511 ) ;
#1445 = DIRECTION ( 'NONE',  ( -0.000000000000000000, 1.000000000000000000, -0.000000000000000000 ) ) ;
#1446 = CARTESIAN_POINT ( 'NONE',  ( 0.000000000000000000, -36.00000000000000000, 27.50000000000000000 ) ) ;
#1447 = DIRECTION ( 'NONE',  ( -1.927470528863119295E-16, 1.000000000000000000, 0.000000000000000000 ) ) ;
#1448 = LINE ( 'NONE', #101, #581 ) ;
#1449 = ORIENTED_EDGE ( 'NONE', *, *, #210, .T. ) ;
#1450 = EDGE_CURVE ( 'NONE', #549, #1222, #349, .T. ) ;
#1451 = DIRECTION ( 'NONE',  ( 0.000000000000000000, 1.000000000000000000, 0.000000000000000000 ) ) ;
#1452 = ORIENTED_EDGE ( 'NONE', *, *, #99, .T. ) ;
#1453 = FACE_BOUND ( 'NONE', #1011, .T. ) ;
#1454 = DIRECTION ( 'NONE',  ( -1.000000000000000000, 0.000000000000000000, 0.000000000000000000 ) ) ;
#1455 = APPLICATION_CONTEXT ( 'automotive_design' ) ;
#1456 = DIRECTION ( 'NONE',  ( 1.000000000000000000, 0.000000000000000000, 0.000000000000000000 ) ) ;
#1457 = ORIENTED_EDGE ( 'NONE', *, *, #496, .T. ) ;
#1458 = ADVANCED_FACE ( 'NONE', ( #702 ), #333, .F. ) ;
#1459 = VERTEX_POINT ( 'NONE', #124 ) ;
#1460 = DIRECTION ( 'NONE',  ( 0.5000000000000001110, -0.8660254037844384856, 0.000000000000000000 ) ) ;
#1461 = CARTESIAN_POINT ( 'NONE',  ( 41.91228675972853068, -1.749999999999999334, 4.500000000000000000 ) ) ;
#1462 = CARTESIAN_POINT ( 'NONE',  ( 48.00000000000000000, -13.99999999999999822, 7.499999999999999112 ) ) ;
#1463 = DIRECTION ( 'NONE',  ( -0.000000000000000000, -0.000000000000000000, -1.000000000000000000 ) ) ;
#1464 = ORIENTED_EDGE ( 'NONE', *, *, #569, .F. ) ;
#1465 = EDGE_CURVE ( 'NONE', #622, #1311, #752, .T. ) ;
#1466 = VECTOR ( 'NONE', #398, 1000.000000000000000 ) ;
#1467 = VECTOR ( 'NONE', #471, 1000.000000000000227 ) ;
#1468 = ORIENTED_EDGE ( 'NONE', *, *, #784, .T. ) ;
#1469 = CARTESIAN_POINT ( 'NONE',  ( 9.912286759728528907, -1.749999999999999334, 4.500000000000000000 ) ) ;
#1470 = DIRECTION ( 'NONE',  ( -0.5000000000000003331, 0.8660254037844384856, 0.000000000000000000 ) ) ;
#1471 = DIRECTION ( 'NONE',  ( 0.000000000000000000, 0.000000000000000000, 1.000000000000000000 ) ) ;
#1472 = ORIENTED_EDGE ( 'NONE', *, *, #1352, .T. ) ;
#1473 = ORIENTED_EDGE ( 'NONE', *, *, #936, .F. ) ;
#1474 = EDGE_LOOP ( 'NONE', ( #34, #152, #1055, #700 ) ) ;
#1475 = DIRECTION ( 'NONE',  ( -1.000000000000000000, -0.000000000000000000, -0.000000000000000000 ) ) ;
#1476 = EDGE_CURVE ( 'NONE', #1269, #1244, #15, .T. ) ;
#1477 = CARTESIAN_POINT ( 'NONE',  ( 51.50000000000010658, -24.00000000000000000, 22.50000000000000000 ) ) ;
#1478 = DIRECTION ( 'NONE',  ( 0.000000000000000000, 0.000000000000000000, 1.000000000000000000 ) ) ;
#1479 = VERTEX_POINT ( 'NONE', #917 ) ;
ENDSEC;
END-ISO-10303-21;
