ISO-10303-21;
HEADER;
FILE_DESCRIPTION (( 'STEP AP214' ),
    '1' );
FILE_NAME ('L1_1102_Injector14h.STEP',
    '2026-07-15T14:31:17',
    ( '' ),
    ( '' ),
    'SwSTEP 2.0',
    'SolidWorks 2024',
    '' );
FILE_SCHEMA (( 'AUTOMOTIVE_DESIGN' ));
ENDSEC;

DATA;
#1 = CARTESIAN_POINT ( 'NONE',  ( 76.31811214426682000, -1.601501296317987544, 7.838519581357966004 ) ) ;
#2 = CARTESIAN_POINT ( 'NONE',  ( 76.64730396509264665, 7.976666690803097204, -0.6115804170321839095 ) ) ;
#3 = CARTESIAN_POINT ( 'NONE',  ( 77.00000000000029843, -9.975469913743092221, 0.7000000000045700776 ) ) ;
#4 = VECTOR ( 'NONE', #3903, 1000.000000000000000 ) ;
#5 = EDGE_LOOP ( 'NONE', ( #5819, #5009, #1877, #223 ) ) ;
#6 = VECTOR ( 'NONE', #4719, 1000.000000000000114 ) ;
#7 = EDGE_LOOP ( 'NONE', ( #2292, #3702, #3040, #1602 ) ) ;
#8 = CARTESIAN_POINT ( 'NONE',  ( 76.31805170002294858, -2.403037486827126035, 9.707348597251010958 ) ) ;
#9 = CARTESIAN_POINT ( 'NONE',  ( 77.61174165653739010, 9.157318802503127131, 4.018793775541948499 ) ) ;
#10 = CARTESIAN_POINT ( 'NONE',  ( 76.29992569189747087, -6.163108443358928490, -7.875571753576103617 ) ) ;
#11 = B_SPLINE_CURVE_WITH_KNOTS ( 'NONE', 3,
 ( #5513, #3101, #665, #229, #197, #4000, #2639, #2164, #1230, #4568, #294, #2197, #4095, #3309, #888, #822 ),
 .UNSPECIFIED., .F., .F.,
 ( 4, 2, 2, 2, 2, 2, 2, 4 ),
 ( 0.000000000000000000, 0.0002736956474133480982, 0.0005473912948266961963, 0.001094782589653364203, 0.001368478237066698966, 0.001642173884480034162, 0.001915869531893368925, 0.002189565179306704121 ),
 .UNSPECIFIED. ) ;
#12 = CARTESIAN_POINT ( 'NONE',  ( 77.36548765893751067, -1.166341084461474997, 7.915576075203134110 ) ) ;
#13 = ORIENTED_EDGE ( 'NONE', *, *, #3860, .F. ) ;
#14 = CARTESIAN_POINT ( 'NONE',  ( 69.90860718336328716, 4.421505313550119887, -6.667105126083440858 ) ) ;
#15 = CARTESIAN_POINT ( 'NONE',  ( 69.56947108626573595, 4.538479036509146525, 6.588352794355992970 ) ) ;
#16 = VERTEX_POINT ( 'NONE', #269 ) ;
#17 = CARTESIAN_POINT ( 'NONE',  ( 74.13714124028109609, 4.420910465100382325, -8.970166910244168790 ) ) ;
#18 = EDGE_CURVE ( 'NONE', #5651, #126, #5596, .T. ) ;
#19 = CARTESIAN_POINT ( 'NONE',  ( 77.18505475354399437, -5.516069389005265222, 5.794219403481287500 ) ) ;
#20 = CARTESIAN_POINT ( 'NONE',  ( 76.81727175442981093, -2.902200420386759294, -9.569599402268982757 ) ) ;
#21 = CARTESIAN_POINT ( 'NONE',  ( 70.61173969054669897, -2.122126992272085122, 7.713869406146680596 ) ) ;
#22 = CARTESIAN_POINT ( 'NONE',  ( 76.38871602490033297, 2.568226307581514600, 9.664956625304830240 ) ) ;
#23 = VERTEX_POINT ( 'NONE', #5950 ) ;
#24 = CARTESIAN_POINT ( 'NONE',  ( 76.99999999999980105, -7.483824372735139896, -2.827078484594213403 ) ) ;
#25 = EDGE_CURVE ( 'NONE', #1765, #3033, #3565, .T. ) ;
#26 = CARTESIAN_POINT ( 'NONE',  ( 72.75516024144297944, -7.931203214226058229, -6.091241378101662107 ) ) ;
#27 = CARTESIAN_POINT ( 'NONE',  ( 85.00100000000000477, 9.000000000000181188, 15.58845726811978949 ) ) ;
#28 = CARTESIAN_POINT ( 'NONE',  ( 72.82538912827220656, -3.785437514703970496, 7.048237967869150467 ) ) ;
#29 = EDGE_LOOP ( 'NONE', ( #5225, #4599, #5151, #3955 ) ) ;
#30 = CARTESIAN_POINT ( 'NONE',  ( 73.43710854141983191, 7.925273415605802896, -1.090890135573667763 ) ) ;
#31 = CARTESIAN_POINT ( 'NONE',  ( 72.73710854141978643, -0.1827431330042950663, 8.000000000000021316 ) ) ;
#32 = CARTESIAN_POINT ( 'NONE',  ( 76.64730396509261823, -1.178728502787177002, 7.912764448622364277 ) ) ;
#33 = EDGE_CURVE ( 'NONE', #1423, #4086, #4464, .T. ) ;
#34 = CARTESIAN_POINT ( 'NONE',  ( 73.34572339657508167, 8.235579292278327301, 5.672321722240061703 ) ) ;
#35 = ORIENTED_EDGE ( 'NONE', *, *, #5214, .T. ) ;
#36 = B_SPLINE_CURVE_WITH_KNOTS ( 'NONE', 3,
 ( #2448, #2974, #2480, #4846, #22, #1513, #1015, #1484, #79, #5730, #3431, #3378, #4378, #5386 ),
 .UNSPECIFIED., .F., .F.,
 ( 4, 2, 2, 2, 2, 2, 4 ),
 ( 0.002189188203112913105, 0.002736359354753675928, 0.003009944930574057556, 0.003283530506394439184, 0.003557116082214820379, 0.003830701658035202441, 0.004377872809675966564 ),
 .UNSPECIFIED. ) ;
#37 = CARTESIAN_POINT ( 'NONE',  ( 77.69993446735443854, -9.999995412715103171, -0.1829390553462060531 ) ) ;
#38 = CARTESIAN_POINT ( 'NONE',  ( 70.68189213675296401, 9.087847939419061660, 4.173513015555209371 ) ) ;
#39 = DIRECTION ( 'NONE',  ( 0.000000000000000000, 0.000000000000000000, 1.000000000000000000 ) ) ;
#40 = CARTESIAN_POINT ( 'NONE',  ( 73.80259620035752732, 7.915576075203110129, -1.166341084461633981 ) ) ;
#41 = EDGE_LOOP ( 'NONE', ( #3187, #1007, #5000, #285 ) ) ;
#42 = DIRECTION ( 'NONE',  ( -1.000000000000000000, -0.000000000000000000, -0.000000000000000000 ) ) ;
#43 = B_SPLINE_CURVE_WITH_KNOTS ( 'NONE', 3,
 ( #3020, #3643, #2216, #1778, #3321, #2725, #4113, #2694, #1281, #748, #4735, #4589, #4618, #2865, #5206, #1251 ),
 .UNSPECIFIED., .F., .F.,
 ( 4, 2, 2, 2, 2, 2, 2, 4 ),
 ( 0.000000000000000000, 0.0002736956474133484776, 0.0005473912948266969553, 0.001094782589653366806, 0.001368478237066701568, 0.001642173884480035680, 0.001915869531893370226, 0.002189565179306704554 ),
 .UNSPECIFIED. ) ;
#44 = EDGE_LOOP ( 'NONE', ( #5343, #468 ) ) ;
#45 = FACE_BOUND ( 'NONE', #2930, .T. ) ;
#46 = CARTESIAN_POINT ( 'NONE',  ( 77.00000000000001421, 20.48247790446773919, 26.80692773938175222 ) ) ;
#47 = CARTESIAN_POINT ( 'NONE',  ( 74.13714124028109609, 7.875112256364786845, -6.163679963116729610 ) ) ;
#48 = CARTESIAN_POINT ( 'NONE',  ( 76.44014412312341733, 2.642419297395385946, -9.644781323269883799 ) ) ;
#49 = CARTESIAN_POINT ( 'NONE',  ( 73.61985167632444416, 4.088434899662612310, -6.876387137968658969 ) ) ;
#50 = CARTESIAN_POINT ( 'NONE',  ( 73.80259620035752732, 2.898479859422498972, 7.457580749288147182 ) ) ;
#51 = VERTEX_POINT ( 'NONE', #2234 ) ;
#52 = CYLINDRICAL_SURFACE ( 'NONE', #5857, 0.7000000000000061728 ) ;
#53 = CARTESIAN_POINT ( 'NONE',  ( 69.90860718336330137, -7.483824372733256958, -2.827078484599210295 ) ) ;
#54 = CARTESIAN_POINT ( 'NONE',  ( 77.62417195950938265, 5.945309440034771242, 8.041767044709752454 ) ) ;
#55 = LINE ( 'NONE', #4797, #2360 ) ;
#56 = CARTESIAN_POINT ( 'NONE',  ( 73.43710854142003086, 13.26942195977941452, -29.16757402930349130 ) ) ;
#57 = CARTESIAN_POINT ( 'NONE',  ( 69.63452057087403091, -5.735167672128888228, 8.192955872189870092 ) ) ;
#58 = CARTESIAN_POINT ( 'NONE',  ( 74.04837333078340578, -3.786119015203723404, 7.047870718912031762 ) ) ;
#59 = ADVANCED_FACE ( 'NONE', ( #4007 ), #5919, .F. ) ;
#60 = CARTESIAN_POINT ( 'NONE',  ( 77.35287253598525581, -6.701340667105404769, 7.422484343149404751 ) ) ;
#61 = CARTESIAN_POINT ( 'NONE',  ( 70.00000000000029843, -8.683869217595441725, 4.958872393165440151 ) ) ;
#62 = AXIS2_PLACEMENT_3D ( 'NONE', #941, #5218, #2847 ) ;
#63 = ORIENTED_EDGE ( 'NONE', *, *, #6121, .T. ) ;
#64 = EDGE_CURVE ( 'NONE', #1260, #1423, #3110, .T. ) ;
#65 = CARTESIAN_POINT ( 'NONE',  ( 76.31811214426682000, 1.601501296318038836, -7.838519581357955346 ) ) ;
#66 = CARTESIAN_POINT ( 'NONE',  ( 70.18305898564278777, 9.976789157673380259, -0.6818486142979640618 ) ) ;
#67 = CIRCLE ( 'NONE', #1268, 2.000000000000000888 ) ;
#68 = CARTESIAN_POINT ( 'NONE',  ( 73.43710854142003086, 27.86246663047020533, 7.077427993108639903 ) ) ;
#69 = CARTESIAN_POINT ( 'NONE',  ( 77.18505475354396594, -2.455789212633290752, 7.613744108066274663 ) ) ;
#70 = VERTEX_POINT ( 'NONE', #1885 ) ;
#71 = VECTOR ( 'NONE', #1505, 1000.000000000000000 ) ;
#72 = CARTESIAN_POINT ( 'NONE',  ( 77.61173969054669897, -7.354070491303232870, 3.150373215249024028 ) ) ;
#73 = ORIENTED_EDGE ( 'NONE', *, *, #5553, .T. ) ;
#74 = CARTESIAN_POINT ( 'NONE',  ( 0.000000000000000000, 0.000000000000000000, 0.000000000000000000 ) ) ;
#75 = CYLINDRICAL_SURFACE ( 'NONE', #3086, 0.7000000000000012879 ) ;
#76 = FACE_BOUND ( 'NONE', #3782, .T. ) ;
#77 = CARTESIAN_POINT ( 'NONE',  ( 72.82538912827220656, 3.150352653215211962, 7.354078717951034960 ) ) ;
#78 = FACE_OUTER_BOUND ( 'NONE', #3049, .T. ) ;
#79 = CARTESIAN_POINT ( 'NONE',  ( 76.31805170002294858, 2.046798742259149151, 9.788657766023590057 ) ) ;
#80 = VERTEX_POINT ( 'NONE', #3780 ) ;
#81 = AXIS2_PLACEMENT_3D ( 'NONE', #685, #4521, #246 ) ;
#82 = CARTESIAN_POINT ( 'NONE',  ( 70.43051374540979737, -6.662666612633284302, 7.457416040002618374 ) ) ;
#83 = CARTESIAN_POINT ( 'NONE',  ( 70.62417195950936843, 6.517187345895720796, -7.585709633095845561 ) ) ;
#84 = CARTESIAN_POINT ( 'NONE',  ( 26.30000000000000426, -18.00000000000000000, 0.000000000000000000 ) ) ;
#85 = FACE_OUTER_BOUND ( 'NONE', #4995, .T. ) ;
#86 = AXIS2_PLACEMENT_3D ( 'NONE', #3727, #4675, #3607 ) ;
#87 = CARTESIAN_POINT ( 'NONE',  ( 69.56947108626573595, -1.230449174481646368, -7.905073012739910254 ) ) ;
#88 = CARTESIAN_POINT ( 'NONE',  ( 73.43710854142003086, -2.827078484599142794, 7.483824372733276498 ) ) ;
#89 = CARTESIAN_POINT ( 'NONE',  ( 72.73703423331751594, -4.256106865188272081, 9.049535373842417130 ) ) ;
#90 = ADVANCED_FACE ( 'NONE', ( #5167 ), #5202, .F. ) ;
#91 = ORIENTED_EDGE ( 'NONE', *, *, #5779, .T. ) ;
#92 = CARTESIAN_POINT ( 'NONE',  ( 69.63374405134040046, 1.612828275233261222, 9.869930649319703875 ) ) ;
#93 = CARTESIAN_POINT ( 'NONE',  ( 77.00000000000029843, 9.291306452364079149, 3.697515978093625311 ) ) ;
#94 = CARTESIAN_POINT ( 'NONE',  ( 83.00000000000000000, 0.000000000000000000, 0.000000000000000000 ) ) ;
#95 = CARTESIAN_POINT ( 'NONE',  ( 72.87725266454343398, -7.543144944922521411, 6.565451306409403998 ) ) ;
#96 = EDGE_CURVE ( 'NONE', #2757, #3864, #3346, .T. ) ;
#97 = ORIENTED_EDGE ( 'NONE', *, *, #3292, .T. ) ;
#98 = CIRCLE ( 'NONE', #5184, 2.750000000000000888 ) ;
#99 = CARTESIAN_POINT ( 'NONE',  ( 73.00739568021579373, 6.588821149502547492, -4.537810675375041569 ) ) ;
#100 = ORIENTED_EDGE ( 'NONE', *, *, #3940, .F. ) ;
#101 = CARTESIAN_POINT ( 'NONE',  ( 69.63452057087401670, 8.721997853039452409, -4.893202182891892349 ) ) ;
#102 = FACE_BOUND ( 'NONE', #3159, .T. ) ;
#103 = CARTESIAN_POINT ( 'NONE',  ( 77.00000000000001421, -8.683869217597782963, -4.958872393161340320 ) ) ;
#104 = EDGE_CURVE ( 'NONE', #3864, #2757, #3862, .T. ) ;
#105 = CARTESIAN_POINT ( 'NONE',  ( 76.99999999999980105, 2.455789212638459951, 7.613744108064611105 ) ) ;
#106 = CARTESIAN_POINT ( 'NONE',  ( 76.29992569189744245, 6.306694080061838292, -7.761066029279795053 ) ) ;
#107 = CARTESIAN_POINT ( 'NONE',  ( 74.11872753940536995, 3.635998128719349687, -7.126478546640985456 ) ) ;
#108 = CARTESIAN_POINT ( 'NONE',  ( 74.04837333078336314, 3.149640617807071941, 7.354382560517549017 ) ) ;
#109 = VERTEX_POINT ( 'NONE', #4700 ) ;
#110 = CARTESIAN_POINT ( 'NONE',  ( 77.61126478936333228, -7.992647577801458070, 0.3532188625332659537 ) ) ;
#111 = CARTESIAN_POINT ( 'NONE',  ( 69.90860718336331558, 6.876387137968714036, -4.088434899662528821 ) ) ;
#112 = CYLINDRICAL_SURFACE ( 'NONE', #5047, 2.749999999999999112 ) ;
#113 = CARTESIAN_POINT ( 'NONE',  ( 70.00000000000000000, -21.02975994219558231, -26.37048487808051078 ) ) ;
#114 = CARTESIAN_POINT ( 'NONE',  ( 69.29992569189748508, 8.969851357103198808, 4.421572430912091178 ) ) ;
#115 = FACE_OUTER_BOUND ( 'NONE', #4181, .T. ) ;
#116 = CARTESIAN_POINT ( 'NONE',  ( 70.00000000000000000, 7.483824372733252517, -2.827078484599195196 ) ) ;
#117 = CARTESIAN_POINT ( 'NONE',  ( 76.99999999999980105, -5.516069389009168766, -5.794219403477575803 ) ) ;
#118 = B_SPLINE_CURVE_WITH_KNOTS ( 'NONE', 3,
 ( #2017, #3915, #4419, #3444, #3391, #145, #644, #4514, #2555, #177, #4578, #3606, #2082, #2112, #3982, #2209 ),
 .UNSPECIFIED., .F., .F.,
 ( 4, 2, 2, 2, 2, 2, 2, 4 ),
 ( 0.000000000000000000, 0.0002736956474133486403, 0.0005473912948266972806, 0.001094782589653365288, 0.001368478237066698966, 0.001642173884480032644, 0.001915869531893366106, 0.002189565179306699784 ),
 .UNSPECIFIED. ) ;
#119 = EDGE_LOOP ( 'NONE', ( #5959, #3921, #3092, #713 ) ) ;
#120 = CARTESIAN_POINT ( 'NONE',  ( 69.38825132211496793, 1.880328080273063973, 9.821994311858674109 ) ) ;
#121 = DIRECTION ( 'NONE',  ( -0.000000000000000000, -0.9009688679024218105, -0.4338837391175526248 ) ) ;
#122 = CARTESIAN_POINT ( 'NONE',  ( 73.43710854142003086, 26.80582901495855808, -20.48160170097884958 ) ) ;
#123 = ORIENTED_EDGE ( 'NONE', *, *, #1005, .T. ) ;
#124 = CARTESIAN_POINT ( 'NONE',  ( 73.34455964667168359, 5.794219403481172925, -5.516069389005394008 ) ) ;
#125 = EDGE_CURVE ( 'NONE', #813, #1691, #831, .T. ) ;
#126 = VERTEX_POINT ( 'NONE', #4637 ) ;
#127 = CARTESIAN_POINT ( 'NONE',  ( 73.25208770019281701, -7.362693569676096672, 6.766885797695294080 ) ) ;
#128 = CARTESIAN_POINT ( 'NONE',  ( 70.36548765893751067, 1.166341084461526734, -7.915576075203125228 ) ) ;
#129 = CARTESIAN_POINT ( 'NONE',  ( 76.81663884680023102, -4.436798415087440439, -6.657031133782074228 ) ) ;
#130 = CARTESIAN_POINT ( 'NONE',  ( 0.000000000000000000, 0.000000000000000000, 0.000000000000000000 ) ) ;
#131 = CARTESIAN_POINT ( 'NONE',  ( 73.25374738822024767, 4.072723118145882282, 6.885794804899892263 ) ) ;
#132 = VERTEX_POINT ( 'NONE', #5701 ) ;
#133 = CARTESIAN_POINT ( 'NONE',  ( 73.43710854142003086, 28.01823128423961862, 6.394978454581360161 ) ) ;
#134 = CARTESIAN_POINT ( 'NONE',  ( 77.35269246556353551, 8.727522321603794708, -4.881761316922071714 ) ) ;
#135 = EDGE_CURVE ( 'NONE', #401, #3894, #1344, .T. ) ;
#136 = ORIENTED_EDGE ( 'NONE', *, *, #5717, .T. ) ;
#137 = CARTESIAN_POINT ( 'NONE',  ( 73.86762228682982823, -3.828076984655320203, 9.238506750787102817 ) ) ;
#138 = CARTESIAN_POINT ( 'NONE',  ( 70.56041628925871123, -5.893476039993682747, 8.079060816591006500 ) ) ;
#139 = CARTESIAN_POINT ( 'NONE',  ( 77.56041628925872544, 6.565080101640516475, 7.543474449562314277 ) ) ;
#140 = CARTESIAN_POINT ( 'NONE',  ( 70.00000000000000000, -2.902200420386484403, 9.569599402269064470 ) ) ;
#141 = CARTESIAN_POINT ( 'NONE',  ( 70.00000000000029843, -8.683869217595441725, 4.958872393165440151 ) ) ;
#142 = CARTESIAN_POINT ( 'NONE',  ( 69.31838297155178452, -6.090324137221713841, 7.931905498652399800 ) ) ;
#143 = CARTESIAN_POINT ( 'NONE',  ( -1.619044300812758254E-15, 1.619044300812758254E-15, -13.22049999999999947 ) ) ;
#144 = CARTESIAN_POINT ( 'NONE',  ( 69.37585270615916500, -7.359851907726432607, 3.138362300191163801 ) ) ;
#145 = CARTESIAN_POINT ( 'NONE',  ( 69.37585270615920763, 1.421955884708087758, 7.873676364498964908 ) ) ;
#146 = CARTESIAN_POINT ( 'NONE',  ( 69.99999999999980105, -6.876387137965950913, 4.088434899667164224 ) ) ;
#147 = ORIENTED_EDGE ( 'NONE', *, *, #1044, .T. ) ;
#148 = CARTESIAN_POINT ( 'NONE',  ( 69.31805170002294858, 2.046798742259149151, 9.788657766023590057 ) ) ;
#149 = CARTESIAN_POINT ( 'NONE',  ( 70.00000000000000000, -2.902200420386484403, 9.569599402269064470 ) ) ;
#150 = CYLINDRICAL_SURFACE ( 'NONE', #6048, 0.7000000000000002887 ) ;
#151 = EDGE_LOOP ( 'NONE', ( #5978, #5869, #2130, #4021 ) ) ;
#152 = CYLINDRICAL_SURFACE ( 'NONE', #1170, 0.7000000000000013989 ) ;
#153 = VERTEX_POINT ( 'NONE', #5135 ) ;
#154 = AXIS2_PLACEMENT_3D ( 'NONE', #3958, #1094, #624 ) ;
#155 = CARTESIAN_POINT ( 'NONE',  ( 70.68161899798532488, 1.600548889767946292, -7.838713039730908605 ) ) ;
#156 = DIRECTION ( 'NONE',  ( -1.000000000000000000, -0.000000000000000000, -0.000000000000000000 ) ) ;
#157 = CARTESIAN_POINT ( 'NONE',  ( 73.25208770019280280, 7.362693569676042493, -6.766885797695352700 ) ) ;
#158 = UNCERTAINTY_MEASURE_WITH_UNIT (LENGTH_MEASURE( 1.000000000000000082E-05 ), #4107, 'distance_accuracy_value', 'NONE');
#159 = ADVANCED_FACE ( 'NONE', ( #5646 ), #864, .F. ) ;
#160 = CIRCLE ( 'NONE', #1158, 10.00000000000000000 ) ;
#161 = CARTESIAN_POINT ( 'NONE',  ( 73.25401337745886110, 7.619396865739598290, 2.438448995780401418 ) ) ;
#162 = ORIENTED_EDGE ( 'NONE', *, *, #5438, .T. ) ;
#163 = CARTESIAN_POINT ( 'NONE',  ( 73.43710854141983191, 4.088434899667018563, -6.876387137966036178 ) ) ;
#164 = ORIENTED_EDGE ( 'NONE', *, *, #862, .F. ) ;
#165 = CARTESIAN_POINT ( 'NONE',  ( 73.25325352232965770, 0.6816170203069165101, 9.976805105258081952 ) ) ;
#166 = CARTESIAN_POINT ( 'NONE',  ( 22.30000000000000426, -18.00000000000000000, 2.749999999999999556 ) ) ;
#167 = CARTESIAN_POINT ( 'NONE',  ( 77.69993446735442433, 6.091867645619455374, 7.932371873566500753 ) ) ;
#168 = CARTESIAN_POINT ( 'NONE',  ( 70.68189213675296401, 2.403196643019519740, 9.707308430043401160 ) ) ;
#169 = EDGE_CURVE ( 'NONE', #132, #5952, #4586, .T. ) ;
#170 = CYLINDRICAL_SURFACE ( 'NONE', #413, 0.7000000000000018430 ) ;
#171 = DIRECTION ( 'NONE',  ( 0.000000000000000000, 0.000000000000000000, 1.000000000000000000 ) ) ;
#172 = AXIS2_PLACEMENT_3D ( 'NONE', #1603, #3499, #1664 ) ;
#173 = B_SPLINE_CURVE_WITH_KNOTS ( 'NONE', 3,
 ( #2301, #5587, #6078, #3751, #924, #4732, #3697, #1797, #865, #1886, #4519, #3781, #6045, #1422 ),
 .UNSPECIFIED., .F., .F.,
 ( 4, 2, 2, 2, 2, 2, 4 ),
 ( 0.002189565179306708024, 0.002736829203537982560, 0.003010461215653605083, 0.003284093227769227172, 0.003557725239884850128, 0.003831357252000472217, 0.004378621276231746753 ),
 .UNSPECIFIED. ) ;
#174 = FACE_BOUND ( 'NONE', #2566, .T. ) ;
#175 = ORIENTED_EDGE ( 'NONE', *, *, #4641, .T. ) ;
#176 = CARTESIAN_POINT ( 'NONE',  ( 72.82582456632030699, 4.018081709914879340, 9.157630277993591861 ) ) ;
#177 = CARTESIAN_POINT ( 'NONE',  ( 69.38828058685216149, 2.122148197548618942, 7.713863017780492548 ) ) ;
#178 = CARTESIAN_POINT ( 'NONE',  ( 74.13710854142004791, 0.09253169432819646767, -9.999999999999998224 ) ) ;
#179 = VECTOR ( 'NONE', #3675, 1000.000000000000114 ) ;
#180 = ADVANCED_FACE ( 'NONE', ( #1014 ), #5848, .F. ) ;
#181 = CARTESIAN_POINT ( 'NONE',  ( 77.61173969054669897, -2.122126992272085122, 7.713869406146680596 ) ) ;
#182 = VERTEX_POINT ( 'NONE', #1539 ) ;
#183 = CARTESIAN_POINT ( 'NONE',  ( 77.00000000000029843, 5.672321722236229213, -8.235579292280965191 ) ) ;
#184 = CARTESIAN_POINT ( 'NONE',  ( 70.00000000000029843, -9.975469913743092221, 0.7000000000045700776 ) ) ;
#185 = CARTESIAN_POINT ( 'NONE',  ( 69.38828058685216149, -7.992682765693549740, 0.3524455084488237189 ) ) ;
#186 = CARTESIAN_POINT ( 'NONE',  ( 70.62417195950936843, -9.994146454984102590, -0.3657296480667447947 ) ) ;
#187 = ORIENTED_EDGE ( 'NONE', *, *, #5288, .F. ) ;
#188 = CARTESIAN_POINT ( 'NONE',  ( 70.35269246556350708, 6.701421786604775832, 7.422411027928061955 ) ) ;
#189 = ORIENTED_EDGE ( 'NONE', *, *, #3481, .F. ) ;
#190 = CARTESIAN_POINT ( 'NONE',  ( 26.30000000000000426, 9.000000000000181188, 18.33845726811978949 ) ) ;
#191 = CARTESIAN_POINT ( 'NONE',  ( 77.18274313490444172, 4.421505313549948468, -6.667105126083558098 ) ) ;
#192 = CARTESIAN_POINT ( 'NONE',  ( 72.73707562519641101, -7.819699777368004590, 1.691343352015621582 ) ) ;
#193 = ADVANCED_FACE ( 'NONE', ( #3377 ), #5729, .T. ) ;
#194 = AXIS2_PLACEMENT_3D ( 'NONE', #5095, #3654, #820 ) ;
#195 = CARTESIAN_POINT ( 'NONE',  ( 72.73710854141486948, 5.737254666469916711E-13, 8.000000000000452971 ) ) ;
#196 = VERTEX_POINT ( 'NONE', #4818 ) ;
#197 = CARTESIAN_POINT ( 'NONE',  ( 69.56947108626572174, -5.413262440573623380, 5.890736308578603975 ) ) ;
#198 = CARTESIAN_POINT ( 'NONE',  ( 72.87669828762020074, -7.884012142114421806, 1.358912215219251207 ) ) ;
#199 = ORIENTED_EDGE ( 'NONE', *, *, #2503, .F. ) ;
#200 = FACE_OUTER_BOUND ( 'NONE', #602, .T. ) ;
#201 = AXIS2_PLACEMENT_3D ( 'NONE', #4871, #3097, #5906 ) ;
#202 = ADVANCED_FACE ( 'NONE', ( #2539 ), #4876, .F. ) ;
#203 = CARTESIAN_POINT ( 'NONE',  ( 77.69993446735443854, -8.930310264659093278, -4.503657794417614824 ) ) ;
#204 = FACE_OUTER_BOUND ( 'NONE', #370, .T. ) ;
#205 = CARTESIAN_POINT ( 'NONE',  ( 70.68161899798533909, 7.998335771811197148, -0.1838579591700393312 ) ) ;
#206 = CARTESIAN_POINT ( 'NONE',  ( 73.99631263256586067, -7.884229201073210014, 1.357609640821776376 ) ) ;
#207 = FACE_OUTER_BOUND ( 'NONE', #5030, .T. ) ;
#208 = VERTEX_POINT ( 'NONE', #2447 ) ;
#209 = ADVANCED_FACE ( 'NONE', ( #3430 ), #5385, .T. ) ;
#210 = CARTESIAN_POINT ( 'NONE',  ( 73.86682140262426799, 6.588821149502610552, 4.537810675374946534 ) ) ;
#211 = DIRECTION ( 'NONE',  ( -0.000000000000000000, -0.2225209339563050392, 0.9749279121818257288 ) ) ;
#212 = CARTESIAN_POINT ( 'NONE',  ( 85.00100000000000477, 18.00000000000000000, 2.749999999999999556 ) ) ;
#213 = CARTESIAN_POINT ( 'NONE',  ( 77.61126478936333228, -1.434168475603185611, 7.870853807012984760 ) ) ;
#214 = ORIENTED_EDGE ( 'NONE', *, *, #3150, .F. ) ;
#215 = ADVANCED_FACE ( 'NONE', ( #3904 ), #2807, .F. ) ;
#216 = CARTESIAN_POINT ( 'NONE',  ( 73.43710854142003086, -7.925273415605095906, -1.090890135578783449 ) ) ;
#217 = CARTESIAN_POINT ( 'NONE',  ( 74.04884823196671562, -6.029199791713695689, 5.258892854776085812 ) ) ;
#218 = CARTESIAN_POINT ( 'NONE',  ( 69.56947108626572174, -7.980677027446826166, -0.5594449850645315525 ) ) ;
#219 = CARTESIAN_POINT ( 'NONE',  ( 73.08421115242200017, 7.640621133477393023, -2.371107839581513943 ) ) ;
#220 = ORIENTED_EDGE ( 'NONE', *, *, #3364, .F. ) ;
#221 = B_SPLINE_CURVE_WITH_KNOTS ( 'NONE', 3,
 ( #3417, #1988, #583, #4327, #4390, #933, #2929, #89, #3392, #4831, #2404, #4269, #997, #1926 ),
 .UNSPECIFIED., .F., .F.,
 ( 4, 2, 2, 2, 2, 2, 4 ),
 ( 0.002189188203112915707, 0.002736359354753679831, 0.003009944930574061459, 0.003283530506394443521, 0.003557116082214825149, 0.003830701658035207211, 0.004377872809675971769 ),
 .UNSPECIFIED. ) ;
#222 = CARTESIAN_POINT ( 'NONE',  ( 70.42973211210463091, 6.663255350981017067, 7.456896917604442621 ) ) ;
#223 = ORIENTED_EDGE ( 'NONE', *, *, #1586, .F. ) ;
#224 = CARTESIAN_POINT ( 'NONE',  ( 74.13718088981461563, -6.311950380567666663, -4.916078495656291736 ) ) ;
#225 = CARTESIAN_POINT ( 'NONE',  ( 77.68161899798533909, 4.843134844784714232, -6.367984276285309164 ) ) ;
#226 = CARTESIAN_POINT ( 'NONE',  ( 70.18274313490442751, -4.421505313549899618, 6.667105126083587407 ) ) ;
#227 = CARTESIAN_POINT ( 'NONE',  ( 73.34571572478333223, 2.827078484599315988, 7.483824372733214325 ) ) ;
#228 = ORIENTED_EDGE ( 'NONE', *, *, #635, .T. ) ;
#229 = CARTESIAN_POINT ( 'NONE',  ( 69.64710261100198352, -5.451435612475998838, 5.855176637411945606 ) ) ;
#230 = DIRECTION ( 'NONE',  ( -0.000000000000000000, -0.2225209339563182231, -0.9749279121818227312 ) ) ;
#231 = EDGE_LOOP ( 'NONE', ( #5194, #2576 ) ) ;
#232 = CARTESIAN_POINT ( 'NONE',  ( 73.52849368626500848, -4.958872393161276371, 8.683869217597820267 ) ) ;
#233 = CARTESIAN_POINT ( 'NONE',  ( 77.18332813216636623, -8.692971621401014204, -4.943023867069158861 ) ) ;
#234 = CARTESIAN_POINT ( 'NONE',  ( 77.70003269886102260, 6.306118928294849546, 7.761520972095286020 ) ) ;
#235 = LINE ( 'NONE', #3533, #5192 ) ;
#236 = ORIENTED_EDGE ( 'NONE', *, *, #2711, .T. ) ;
#237 = CARTESIAN_POINT ( 'NONE',  ( 77.68192758678335963, 7.126977464103988247, 3.635023577993591992 ) ) ;
#238 = ORIENTED_EDGE ( 'NONE', *, *, #445, .F. ) ;
#239 = CARTESIAN_POINT ( 'NONE',  ( 76.64710261100198352, -5.451435612475998838, 5.855176637411945606 ) ) ;
#240 = CARTESIAN_POINT ( 'NONE',  ( 77.56041628925873965, 1.804465320102542236, -9.836065698270978430 ) ) ;
#241 = EDGE_CURVE ( 'NONE', #2286, #2219, #3135, .T. ) ;
#242 = CARTESIAN_POINT ( 'NONE',  ( 72.87790416924339354, -9.836299847788348316, 1.803156632733177389 ) ) ;
#243 = ORIENTED_EDGE ( 'NONE', *, *, #5363, .F. ) ;
#244 = CARTESIAN_POINT ( 'NONE',  ( 77.35287253598525581, -2.817204053923195950, 9.595030061414995259 ) ) ;
#245 = DIRECTION ( 'NONE',  ( -1.000000000000000000, -0.000000000000000000, -0.000000000000000000 ) ) ;
#246 = DIRECTION ( 'NONE',  ( 0.000000000000000000, -0.2225209339563233579, -0.9749279121818215099 ) ) ;
#247 = FACE_OUTER_BOUND ( 'NONE', #5755, .T. ) ;
#248 = CARTESIAN_POINT ( 'NONE',  ( 73.34571572478330381, 7.925273415605078142, -1.090890135578959752 ) ) ;
#249 = ADVANCED_FACE ( 'NONE', ( #78 ), #1512, .F. ) ;
#250 = ORIENTED_EDGE ( 'NONE', *, *, #5017, .T. ) ;
#251 = B_SPLINE_CURVE_WITH_KNOTS ( 'NONE', 3,
 ( #1265, #1756, #4604, #4160, #6073, #3200, #1791, #858, #330, #5582, #1296, #5100, #2429, #5362 ),
 .UNSPECIFIED., .F., .F.,
 ( 4, 2, 2, 2, 2, 2, 4 ),
 ( 0.002189565179306700218, 0.002736829203537973019, 0.003010461215653594674, 0.003284093227769216763, 0.003557725239884838419, 0.003831357252000460074, 0.004378621276231732876 ),
 .UNSPECIFIED. ) ;
#252 = CARTESIAN_POINT ( 'NONE',  ( 85.00100000000000477, 8.999999999999962697, -15.58845726811991561 ) ) ;
#253 = EDGE_LOOP ( 'NONE', ( #1365, #3933, #3875, #3923 ) ) ;
#254 = CARTESIAN_POINT ( 'NONE',  ( 76.31811214426680579, -7.126921110565590745, 3.635132887971907145 ) ) ;
#255 = DIRECTION ( 'NONE',  ( -0.000000000000000000, 0.2225209339563114785, -0.9749279121818243965 ) ) ;
#256 = CARTESIAN_POINT ( 'NONE',  ( 70.68161899798533909, 5.130626726347718325, 6.138717151219079682 ) ) ;
#257 = CARTESIAN_POINT ( 'NONE',  ( 73.34599966003662530, 0.7000329283023685178, 7.969313264039013411 ) ) ;
#258 = ORIENTED_EDGE ( 'NONE', *, *, #4890, .F. ) ;
#259 = B_SPLINE_CURVE_WITH_KNOTS ( 'NONE', 3,
 ( #3746, #859, #1266, #4727, #1758, #1727, #2263, #3629, #5199, #4128, #358, #2770, #5549, #3660, #4697, #1387 ),
 .UNSPECIFIED., .F., .F.,
 ( 4, 2, 2, 2, 2, 2, 2, 4 ),
 ( 0.000000000000000000, 0.0002736485253891248717, 0.0005472970507782497435, 0.001094594101556469346, 0.001368242626945580503, 0.001641891152334691443, 0.001915539677723802599, 0.002189188203112913539 ),
 .UNSPECIFIED. ) ;
#260 = CARTESIAN_POINT ( 'NONE',  ( 72.73703619302548873, 6.197363237661997815, 5.059766228066085780 ) ) ;
#261 = CARTESIAN_POINT ( 'NONE',  ( 73.25438029584988442, 9.881128709807889265, -1.537301343331977543 ) ) ;
#262 = ORIENTED_EDGE ( 'NONE', *, *, #4367, .F. ) ;
#263 = CARTESIAN_POINT ( 'NONE',  ( 73.43710854142032929, -4.958872393165316694, 8.683869217595512779 ) ) ;
#264 = CYLINDRICAL_SURFACE ( 'NONE', #3877, 0.7000000000000023981 ) ;
#265 = CARTESIAN_POINT ( 'NONE',  ( 77.69992722027564014, -4.915211372971637793, 6.312625645578295419 ) ) ;
#266 = CARTESIAN_POINT ( 'NONE',  ( 77.00000000000001421, -29.16877668994565198, -13.27000113061971831 ) ) ;
#267 = AXIS2_PLACEMENT_3D ( 'NONE', #5689, #939, #1901 ) ;
#268 = CARTESIAN_POINT ( 'NONE',  ( 70.00000000000029843, -1.537301343327402758, 9.881128709808599808 ) ) ;
#269 = CARTESIAN_POINT ( 'NONE',  ( 70.00000000000029843, -9.975469913743092221, 0.7000000000045700776 ) ) ;
#270 = LINE ( 'NONE', #2078, #5156 ) ;
#271 = AXIS2_PLACEMENT_3D ( 'NONE', #3254, #423, #3717 ) ;
#272 = CARTESIAN_POINT ( 'NONE',  ( 73.07162911229406177, 3.768270852058900555, 9.263736229870000116 ) ) ;
#273 = CARTESIAN_POINT ( 'NONE',  ( 73.99752483067875630, -9.644917136979092476, -2.641941886749744839 ) ) ;
#274 = CARTESIAN_POINT ( 'NONE',  ( 72.73710854141550897, 4.953475575456668607E-13, -10.00000000000031797 ) ) ;
#275 = VECTOR ( 'NONE', #3389, 1000.000000000000000 ) ;
#276 = VERTEX_POINT ( 'NONE', #2942 ) ;
#277 = CARTESIAN_POINT ( 'NONE',  ( 76.90745110525169537, -6.876387137968698937, -4.088434899662539479 ) ) ;
#278 = ORIENTED_EDGE ( 'NONE', *, *, #4317, .F. ) ;
#279 = AXIS2_PLACEMENT_3D ( 'NONE', #2667, #5476, #658 ) ;
#280 = EDGE_CURVE ( 'NONE', #2067, #2390, #1635, .T. ) ;
#281 = CARTESIAN_POINT ( 'NONE',  ( 77.00000000000001421, -24.00100000000000122, 0.7000000000000018430 ) ) ;
#282 = CARTESIAN_POINT ( 'NONE',  ( 77.00000000000001421, -6.395244912017612471, -28.01939871054335995 ) ) ;
#283 = CARTESIAN_POINT ( 'NONE',  ( 70.00000000000000000, 20.48247790446735195, -26.80692773938199380 ) ) ;
#284 = CARTESIAN_POINT ( 'NONE',  ( 70.09138514484499183, -6.766885797695239013, -7.362693569676145522 ) ) ;
#285 = ORIENTED_EDGE ( 'NONE', *, *, #25, .F. ) ;
#286 = CARTESIAN_POINT ( 'NONE',  ( 72.75516024144297944, -4.502876596026935019, -8.929238954838227826 ) ) ;
#287 = VERTEX_POINT ( 'NONE', #2131 ) ;
#288 = EDGE_CURVE ( 'NONE', #3890, #3156, #3131, .T. ) ;
#289 = CARTESIAN_POINT ( 'NONE',  ( 76.29996708377638015, -7.168222800817816598, 3.553157584517224965 ) ) ;
#290 = CARTESIAN_POINT ( 'NONE',  ( 69.64710261100198352, 7.976675940408255450, 0.6114610649733325243 ) ) ;
#291 = LINE ( 'NONE', #1258, #2056 ) ;
#292 = CARTESIAN_POINT ( 'NONE',  ( 72.73710854142015592, 0.09139281218714565003, 7.999999999999989342 ) ) ;
#293 = VERTEX_POINT ( 'NONE', #1661 ) ;
#294 = CARTESIAN_POINT ( 'NONE',  ( 69.43958974620019831, -4.645082267593608982, 6.513639581137963930 ) ) ;
#295 = CARTESIAN_POINT ( 'NONE',  ( 70.00000000000000000, 24.00100000000000122, -0.7000000000000018430 ) ) ;
#296 = ORIENTED_EDGE ( 'NONE', *, *, #1854, .T. ) ;
#297 = CARTESIAN_POINT ( 'NONE',  ( 77.00000000000029843, -6.766885797698668270, -7.362693569672995153 ) ) ;
#298 = EDGE_CURVE ( 'NONE', #2228, #4988, #5602, .T. ) ;
#299 = CARTESIAN_POINT ( 'NONE',  ( 77.36629917073254603, 1.166790938146864409, 7.915513628043803429 ) ) ;
#300 = DIRECTION ( 'NONE',  ( -1.000000000000000000, -0.000000000000000000, -0.000000000000000000 ) ) ;
#301 = CARTESIAN_POINT ( 'NONE',  ( 72.75516024144296523, -7.703379985975074007, 6.376922670326671039 ) ) ;
#302 = CARTESIAN_POINT ( 'NONE',  ( 76.81727175442983935, 6.766885797695467275, 7.362693569675940353 ) ) ;
#303 = CARTESIAN_POINT ( 'NONE',  ( 73.80340771215260531, -7.637882967336405038, 2.383170339350762834 ) ) ;
#304 = ORIENTED_EDGE ( 'NONE', *, *, #4856, .F. ) ;
#305 = AXIS2_PLACEMENT_3D ( 'NONE', #4478, #1762, #2172 ) ;
#306 = CARTESIAN_POINT ( 'NONE',  ( 69.57028713879577708, -2.322069128170378693, -7.655866040473658707 ) ) ;
#307 = CARTESIAN_POINT ( 'NONE',  ( 73.86762228682981402, -8.155050832340357658, -5.787860252868194166 ) ) ;
#308 = CARTESIAN_POINT ( 'NONE',  ( 22.30000000000000426, 9.000000000000181188, 18.33845726811978949 ) ) ;
#309 = ORIENTED_EDGE ( 'NONE', *, *, #4602, .F. ) ;
#310 = CARTESIAN_POINT ( 'NONE',  ( 73.43710854142003086, -7.362693569676096672, 6.766885797695293192 ) ) ;
#311 = B_SPLINE_CURVE_WITH_KNOTS ( 'NONE', 3,
 ( #4574, #302, #3631, #704, #801, #5917, #2714, #3039, #3077, #4944, #2583, #4477, #1636, #4978 ),
 .UNSPECIFIED., .F., .F.,
 ( 4, 2, 2, 2, 2, 2, 4 ),
 ( 0.002189188203112920044, 0.002736359354753686336, 0.003009944930574069699, 0.003283530506394453062, 0.003557116082214835558, 0.003830701658035218921, 0.004377872809675983044 ),
 .UNSPECIFIED. ) ;
#312 = CARTESIAN_POINT ( 'NONE',  ( 69.38871602490029034, 5.955104454708964212, -8.033922072654364754 ) ) ;
#313 = PRESENTATION_STYLE_ASSIGNMENT (( #4648 ) ) ;
#314 = CARTESIAN_POINT ( 'NONE',  ( 73.43710854142032929, -7.362693569673042226, -6.766885797698618532 ) ) ;
#315 = CARTESIAN_POINT ( 'NONE',  ( 73.43710854142003086, 2.827078484599090835, -7.483824372733294261 ) ) ;
#316 = ORIENTED_EDGE ( 'NONE', *, *, #1846, .T. ) ;
#317 = B_SPLINE_CURVE_WITH_KNOTS ( 'NONE', 3,
 ( #1146, #3368, #12, #2411, #213, #1904, #5864, #1584, #2084, #181, #5399, #4333, #69, #1967 ),
 .UNSPECIFIED., .F., .F.,
 ( 4, 2, 2, 2, 2, 2, 4 ),
 ( 0.002189565179306705422, 0.002736829203537979958, 0.003010461215653602047, 0.003284093227769224136, 0.003557725239884846225, 0.003831357252000467881, 0.004378621276231741549 ),
 .UNSPECIFIED. ) ;
#318 = DIRECTION ( 'NONE',  ( -1.000000000000000000, -0.000000000000000000, -0.000000000000000000 ) ) ;
#319 = ORIENTED_EDGE ( 'NONE', *, *, #615, .T. ) ;
#320 = LINE ( 'NONE', #4024, #1950 ) ;
#321 = CARTESIAN_POINT ( 'NONE',  ( 76.99999999999980105, -6.876387137965950913, 4.088434899667164224 ) ) ;
#322 = CARTESIAN_POINT ( 'NONE',  ( 69.90860718336331558, 7.969316156358721592, -0.6999999999999333422 ) ) ;
#323 = CARTESIAN_POINT ( 'NONE',  ( 70.69992722027566856, 5.060617515722760196, 6.196668116154238071 ) ) ;
#324 = DIRECTION ( 'NONE',  ( -0.000000000000000000, 0.7818314824680268060, -0.6234898018587373691 ) ) ;
#325 = ORIENTED_EDGE ( 'NONE', *, *, #3334, .T. ) ;
#326 = EDGE_CURVE ( 'NONE', #2115, #4527, #2533, .T. ) ;
#327 = CARTESIAN_POINT ( 'NONE',  ( 72.87790445027420105, 6.514400310352353785, 4.644002866966049581 ) ) ;
#328 = CARTESIAN_POINT ( 'NONE',  ( 72.82535986353497037, 9.821994311858714966, 1.880328080272867020 ) ) ;
#329 = EDGE_LOOP ( 'NONE', ( #4692, #335, #5725, #1197 ) ) ;
#330 = CARTESIAN_POINT ( 'NONE',  ( 70.68192758678333121, -4.844007195599431270, -6.367322708595535730 ) ) ;
#331 = CARTESIAN_POINT ( 'NONE',  ( 72.87790416924339354, 4.723068019828724928, -8.814578663659533575 ) ) ;
#332 = FACE_BOUND ( 'NONE', #3485, .T. ) ;
#333 = FACE_OUTER_BOUND ( 'NONE', #2498, .T. ) ;
#334 = EDGE_CURVE ( 'NONE', #3854, #3555, #1421, .T. ) ;
#335 = ORIENTED_EDGE ( 'NONE', *, *, #1613, .T. ) ;
#336 = ORIENTED_EDGE ( 'NONE', *, *, #1396, .F. ) ;
#337 = CYLINDRICAL_SURFACE ( 'NONE', #5286, 0.7000000000000018430 ) ;
#338 = FACE_OUTER_BOUND ( 'NONE', #3379, .T. ) ;
#339 = ORIENTED_EDGE ( 'NONE', *, *, #737, .F. ) ;
#340 = CARTESIAN_POINT ( 'NONE',  ( 73.43710854142032929, -8.235579292280927888, 5.672321722236283392 ) ) ;
#341 = DIRECTION ( 'NONE',  ( 0.000000000000000000, 0.000000000000000000, 1.000000000000000000 ) ) ;
#342 = CARTESIAN_POINT ( 'NONE',  ( 69.38825132211498214, 6.506778991434224224, -7.594012977884475823 ) ) ;
#343 = CARTESIAN_POINT ( 'NONE',  ( 69.81497915877275773, -9.975469913743410189, -0.7000000000000018430 ) ) ;
#344 = CARTESIAN_POINT ( 'NONE',  ( 74.13714124028112451, -4.256766303501120063, -9.049214572295818826 ) ) ;
#345 = CARTESIAN_POINT ( 'NONE',  ( 74.13710854142006212, -0.09254886516398111440, -8.000000000000000000 ) ) ;
#346 = ORIENTED_EDGE ( 'NONE', *, *, #4210, .F. ) ;
#347 = CARTESIAN_POINT ( 'NONE',  ( 73.43710854142003086, 9.881128709807894595, 1.537301343331925363 ) ) ;
#348 = ORIENTED_EDGE ( 'NONE', *, *, #2690, .T. ) ;
#349 = CARTESIAN_POINT ( 'NONE',  ( 70.00000000000000000, 1.090890135578890918, 7.925273415605081695 ) ) ;
#350 = CARTESIAN_POINT ( 'NONE',  ( 69.99999999999980105, 7.969316156358251746, -0.7000000000052533089 ) ) ;
#351 = CYLINDRICAL_SURFACE ( 'NONE', #5147, 0.7000000000000007327 ) ;
#352 = CARTESIAN_POINT ( 'NONE',  ( 77.00000000000001421, 8.683869217597814938, 4.958872393161278147 ) ) ;
#353 = ORIENTED_EDGE ( 'NONE', *, *, #1282, .T. ) ;
#354 = FACE_OUTER_BOUND ( 'NONE', #4493, .T. ) ;
#355 = DIRECTION ( 'NONE',  ( -1.000000000000000000, -0.000000000000000000, -0.000000000000000000 ) ) ;
#356 = VERTEX_POINT ( 'NONE', #3556 ) ;
#357 = DIRECTION ( 'NONE',  ( -0.000000000000000000, 0.9749279121818226201, -0.2225209339563182509 ) ) ;
#358 = CARTESIAN_POINT ( 'NONE',  ( 70.56041628925872544, 8.815211551423837832, -4.721898857006523009 ) ) ;
#359 = EDGE_CURVE ( 'NONE', #633, #2007, #11, .T. ) ;
#360 = CARTESIAN_POINT ( 'NONE',  ( 77.55920409114582981, -4.644002866965996290, 6.514400310352393753 ) ) ;
#361 = CIRCLE ( 'NONE', #656, 1.000000000000000888 ) ;
#362 = CARTESIAN_POINT ( 'NONE',  ( 73.43710854142003086, -28.01823128423969678, -6.394978454581570659 ) ) ;
#363 = CARTESIAN_POINT ( 'NONE',  ( 69.64710261100198352, -2.371107839581360288, 7.640621133477440097 ) ) ;
#364 = CARTESIAN_POINT ( 'NONE',  ( 77.18305898564280199, -1.555291195289037143, 9.878375814239179320 ) ) ;
#365 = ORIENTED_EDGE ( 'NONE', *, *, #1780, .F. ) ;
#366 = AXIS2_PLACEMENT_3D ( 'NONE', #84, #1518, #5358 ) ;
#367 = DIRECTION ( 'NONE',  ( -1.000000000000000000, -0.000000000000000000, -0.000000000000000000 ) ) ;
#368 = ADVANCED_FACE ( 'NONE', ( #3772 ), #3253, .F. ) ;
#369 = CARTESIAN_POINT ( 'NONE',  ( 69.30006596912039640, 1.958554358310435450, -7.758701733914637799 ) ) ;
#370 = EDGE_LOOP ( 'NONE', ( #1415, #441, #4603, #258 ) ) ;
#371 = CARTESIAN_POINT ( 'NONE',  ( 70.55920409114582981, 7.384458548941565503, 3.077977578032623729 ) ) ;
#372 = VECTOR ( 'NONE', #3070, 1000.000000000000000 ) ;
#373 = DIRECTION ( 'NONE',  ( -1.000000000000000000, -0.000000000000000000, -0.000000000000000000 ) ) ;
#374 = ADVANCED_FACE ( 'NONE', ( #354 ), #5159, .F. ) ;
#375 = CYLINDRICAL_SURFACE ( 'NONE', #3048, 10.09999999999999787 ) ;
#376 = VECTOR ( 'NONE', #4801, 1000.000000000000114 ) ;
#377 = CARTESIAN_POINT ( 'NONE',  ( 73.43710854142003086, -8.235579292278364605, -5.672321722239999531 ) ) ;
#378 = ORIENTED_EDGE ( 'NONE', *, *, #2690, .F. ) ;
#379 = AXIS2_PLACEMENT_3D ( 'NONE', #4056, #1624, #4528 ) ;
#380 = CARTESIAN_POINT ( 'NONE',  ( 73.25438029584989863, -3.697515978097872136, -9.291306452362388058 ) ) ;
#381 = EDGE_LOOP ( 'NONE', ( #867, #4512 ) ) ;
#382 = DIRECTION ( 'NONE',  ( 0.000000000000000000, -0.4338837391175448532, 0.9009688679024253632 ) ) ;
#383 = CARTESIAN_POINT ( 'NONE',  ( 70.42973211210461670, 9.984508530219265765, -0.5602436274822002460 ) ) ;
#384 = ADVANCED_FACE ( 'NONE', ( #3689 ), #2796, .F. ) ;
#385 = LINE ( 'NONE', #2289, #592 ) ;
#386 = B_SPLINE_CURVE_WITH_KNOTS ( 'NONE', 3,
 ( #2282, #1777, #3676, #1315, #2452, #83, #5116, #3319, #518, #1981, #5086, #4292, #3879, #2425, #5597, #3214 ),
 .UNSPECIFIED., .F., .F.,
 ( 4, 2, 2, 2, 2, 2, 2, 4 ),
 ( 0.000000000000000000, 0.0002736485253891263354, 0.0005472970507782526708, 0.001094594101556474334, 0.001368242626945584623, 0.001641891152334694695, 0.001915539677723804768, 0.002189188203112914840 ),
 .UNSPECIFIED. ) ;
#387 = CARTESIAN_POINT ( 'NONE',  ( 22.30000000000000426, -9.000000000000074607, -12.83845726811985699 ) ) ;
#388 = MECHANICAL_DESIGN_GEOMETRIC_PRESENTATION_REPRESENTATION (  '', ( #5162 ), #3855 ) ;
#389 = CARTESIAN_POINT ( 'NONE',  ( 76.44079562782333426, 9.188443176213439756, 3.946730360091424306 ) ) ;
#390 = ORIENTED_EDGE ( 'NONE', *, *, #2571, .T. ) ;
#391 = CARTESIAN_POINT ( 'NONE',  ( 70.00000000000000000, 5.516069389005306967, -5.794219403481251085 ) ) ;
#392 = FACE_BOUND ( 'NONE', #6155, .T. ) ;
#393 = ORIENTED_EDGE ( 'NONE', *, *, #3558, .T. ) ;
#394 = VECTOR ( 'NONE', #5557, 1000.000000000000000 ) ;
#395 = B_SPLINE_CURVE_WITH_KNOTS ( 'NONE', 3,
 ( #4758, #4287, #2941, #4844, #3344, #1538, #4313, #3404, #3429, #571, #48, #5383, #5351, #4376 ),
 .UNSPECIFIED., .F., .F.,
 ( 4, 2, 2, 2, 2, 2, 4 ),
 ( 0.002189188203112913539, 0.002736359354753676795, 0.003009944930574059291, 0.003283530506394440485, 0.003557116082214821680, 0.003830701658035203308, 0.004377872809675966564 ),
 .UNSPECIFIED. ) ;
#396 = CARTESIAN_POINT ( 'NONE',  ( 72.75516024144297944, 4.173662492721181394, -9.087780111143757722 ) ) ;
#397 = FACE_BOUND ( 'NONE', #4063, .T. ) ;
#398 = CARTESIAN_POINT ( 'NONE',  ( 77.36548765893746804, -7.457580749288185373, -2.898479859422395055 ) ) ;
#399 = CARTESIAN_POINT ( 'NONE',  ( 77.00000000000029843, -5.672321722236169705, 8.235579292281004271 ) ) ;
#400 = DIRECTION ( 'NONE',  ( -1.000000000000000000, 0.000000000000000000, 0.000000000000000000 ) ) ;
#401 = VERTEX_POINT ( 'NONE', #1844 ) ;
#402 = CARTESIAN_POINT ( 'NONE',  ( 22.30000000000000426, 8.999999999999962697, -18.33845726811991383 ) ) ;
#403 = CARTESIAN_POINT ( 'NONE',  ( 77.00000000000001421, -21.02975994219558231, -26.37048487808051078 ) ) ;
#404 = VERTEX_POINT ( 'NONE', #5694 ) ;
#405 = VECTOR ( 'NONE', #5035, 1000.000000000000000 ) ;
#406 = CARTESIAN_POINT ( 'NONE',  ( 72.87725266454344819, -9.644781323269867812, 2.642419297395452560 ) ) ;
#407 = EDGE_CURVE ( 'NONE', #690, #3169, #2542, .T. ) ;
#408 = CARTESIAN_POINT ( 'NONE',  ( 73.61987182635405702, 0.6819276014264303853, -7.970960696616973706 ) ) ;
#409 = CARTESIAN_POINT ( 'NONE',  ( 26.30000000000000426, -8.999999999999854339, 12.83845726811997778 ) ) ;
#410 = AXIS2_PLACEMENT_3D ( 'NONE', #2226, #1354, #6037 ) ;
#411 = ORIENTED_EDGE ( 'NONE', *, *, #288, .F. ) ;
#412 = ADVANCED_FACE ( 'NONE', ( #6102 ), #4693, .F. ) ;
#413 = AXIS2_PLACEMENT_3D ( 'NONE', #5521, #3109, #1670 ) ;
#414 = CARTESIAN_POINT ( 'NONE',  ( 26.30000000000000426, -9.000000000000074607, -18.33845726811985344 ) ) ;
#415 = ORIENTED_EDGE ( 'NONE', *, *, #4435, .F. ) ;
#416 = DIRECTION ( 'NONE',  ( -0.000000000000000000, -0.9009688679024157043, 0.4338837391175651703 ) ) ;
#417 = CARTESIAN_POINT ( 'NONE',  ( 73.52849368626502269, 9.881128709807853738, -1.537301343332198034 ) ) ;
#418 = CYLINDRICAL_SURFACE ( 'NONE', #1689, 0.7000000000000061728 ) ;
#419 = CARTESIAN_POINT ( 'NONE',  ( 72.82535986353498458, -7.594012977884430526, 6.506778991434274850 ) ) ;
#420 = CARTESIAN_POINT ( 'NONE',  ( 73.00657962768575260, 2.958643474510854521, -7.433075628464016482 ) ) ;
#421 = ORIENTED_EDGE ( 'NONE', *, *, #1050, .F. ) ;
#422 = CARTESIAN_POINT ( 'NONE',  ( 74.04837333078339157, 6.469131863210596300, -4.707176627680145664 ) ) ;
#423 = DIRECTION ( 'NONE',  ( -1.000000000000000000, -0.000000000000000000, -0.000000000000000000 ) ) ;
#424 = ORIENTED_EDGE ( 'NONE', *, *, #833, .T. ) ;
#425 = CARTESIAN_POINT ( 'NONE',  ( 76.44079562782333426, -9.188443176213414887, -3.946730360091487810 ) ) ;
#426 = CARTESIAN_POINT ( 'NONE',  ( 73.99752483067875630, 8.079060816590882155, -5.893476039993855053 ) ) ;
#427 = CARTESIAN_POINT ( 'NONE',  ( 77.00000000000001421, -20.48247790446754735, 26.80692773938188012 ) ) ;
#428 = CARTESIAN_POINT ( 'NONE',  ( 69.81690483603883024, -1.108965770761489944, 7.922842736161325838 ) ) ;
#429 = CARTESIAN_POINT ( 'NONE',  ( 77.00000000000001421, -24.00100000000000122, -0.7000000000000018430 ) ) ;
#430 = ORIENTED_EDGE ( 'NONE', *, *, #6083, .F. ) ;
#431 = CARTESIAN_POINT ( 'NONE',  ( 0.000000000000000000, 0.000000000000000000, 0.000000000000000000 ) ) ;
#432 = CARTESIAN_POINT ( 'NONE',  ( 69.56947108626573595, 2.321286237020703247, -7.656096571592448718 ) ) ;
#433 = ORIENTED_EDGE ( 'NONE', *, *, #1022, .T. ) ;
#434 = CARTESIAN_POINT ( 'NONE',  ( 73.00760190747338640, -0.5604165134957916905, 9.984498655909948894 ) ) ;
#435 = CARTESIAN_POINT ( 'NONE',  ( 46.30000000000000426, 0.000000000000000000, 0.000000000000000000 ) ) ;
#436 = CARTESIAN_POINT ( 'NONE',  ( 76.29996708377639436, 8.000002880169384767, -0.09110905475475389315 ) ) ;
#437 = CARTESIAN_POINT ( 'NONE',  ( 70.18332813216636623, 2.884723774536795737, -9.574946960976907562 ) ) ;
#438 = EDGE_CURVE ( 'NONE', #4527, #5232, #4124, .T. ) ;
#439 = VERTEX_POINT ( 'NONE', #916 ) ;
#440 = CARTESIAN_POINT ( 'NONE',  ( 76.64730396509261823, 5.451523158638742927, 5.855094990987793402 ) ) ;
#441 = ORIENTED_EDGE ( 'NONE', *, *, #4392, .T. ) ;
#442 = CARTESIAN_POINT ( 'NONE',  ( 77.35269246556350708, -9.981342759354065564, 0.6115849489476929968 ) ) ;
#443 = CARTESIAN_POINT ( 'NONE',  ( 70.62417195950936843, 9.994146454984102590, 0.3657296480667447947 ) ) ;
#444 = DIRECTION ( 'NONE',  ( -1.000000000000000000, -0.000000000000000000, -0.000000000000000000 ) ) ;
#445 = EDGE_CURVE ( 'NONE', #987, #356, #5680, .T. ) ;
#446 = CARTESIAN_POINT ( 'NONE',  ( 76.44014412312341733, 8.814972908985190259, 4.722334076576989226 ) ) ;
#447 = VERTEX_POINT ( 'NONE', #4662 ) ;
#448 = CARTESIAN_POINT ( 'NONE',  ( 73.80340771215254847, -7.915513628043815864, -1.166790938146757384 ) ) ;
#449 = FACE_BOUND ( 'NONE', #4030, .T. ) ;
#450 = ORIENTED_EDGE ( 'NONE', *, *, #1869, .F. ) ;
#451 = CARTESIAN_POINT ( 'NONE',  ( 77.00000000000001421, 28.86505807256328637, -13.90067933815211987 ) ) ;
#452 = EDGE_CURVE ( 'NONE', #721, #1971, #3652, .T. ) ;
#453 = CARTESIAN_POINT ( 'NONE',  ( 73.08441250651264909, -5.855094990987872450, -5.451523158638658551 ) ) ;
#454 = CARTESIAN_POINT ( 'NONE',  ( 74.13710854142004791, 0.000000000000000000, -10.00000000000000000 ) ) ;
#455 = CARTESIAN_POINT ( 'NONE',  ( 70.68161899798532488, -1.600548889767894112, 7.838713039730919263 ) ) ;
#456 = CARTESIAN_POINT ( 'NONE',  ( 70.68189213675297822, -9.087847939419027909, -4.173513015555273320 ) ) ;
#457 = ORIENTED_EDGE ( 'NONE', *, *, #750, .F. ) ;
#458 = FACE_OUTER_BOUND ( 'NONE', #4726, .T. ) ;
#459 = CARTESIAN_POINT ( 'NONE',  ( 70.43051374540979737, -5.787860252868251898, -8.155050832340315026 ) ) ;
#460 = ORIENTED_EDGE ( 'NONE', *, *, #1514, .T. ) ;
#461 = CARTESIAN_POINT ( 'NONE',  ( 72.73703423331751594, -9.728850883043929088, 2.314734677198082569 ) ) ;
#462 = CARTESIAN_POINT ( 'NONE',  ( 73.99631263256587488, -3.854314544289384692, 7.010594370350283100 ) ) ;
#463 = AXIS2_PLACEMENT_3D ( 'NONE', #1206, #3076, #703 ) ;
#464 = CARTESIAN_POINT ( 'NONE',  ( 76.38828058685213307, -1.434930270128718099, 7.870716025198008836 ) ) ;
#465 = CARTESIAN_POINT ( 'NONE',  ( 22.30000000000000426, -8.999999999999854339, 15.58845726811997778 ) ) ;
#466 = DIRECTION ( 'NONE',  ( 0.000000000000000000, -0.6234898018587313739, 0.7818314824680316910 ) ) ;
#467 = AXIS2_PLACEMENT_3D ( 'NONE', #4766, #2948, #4825 ) ;
#468 = ORIENTED_EDGE ( 'NONE', *, *, #33, .F. ) ;
#469 = EDGE_CURVE ( 'NONE', #6130, #4117, #2626, .T. ) ;
#470 = ORIENTED_EDGE ( 'NONE', *, *, #3622, .F. ) ;
#471 = CARTESIAN_POINT ( 'NONE',  ( 76.81727175442983935, -1.537301343331780812, 9.881128709807919464 ) ) ;
#472 = CARTESIAN_POINT ( 'NONE',  ( 70.09253170642543296, 9.975469913743411965, 0.7000000000000020650 ) ) ;
#473 = DIRECTION ( 'NONE',  ( 0.000000000000000000, 0.000000000000000000, 1.000000000000000000 ) ) ;
#474 = CARTESIAN_POINT ( 'NONE',  ( 77.18305898564281620, 2.884797687212394823, 9.574924633298333987 ) ) ;
#475 = ORIENTED_EDGE ( 'NONE', *, *, #3245, .F. ) ;
#476 = B_SPLINE_CURVE_WITH_KNOTS ( 'NONE', 3,
 ( #4127, #6010, #4571, #5069, #6040, #827, #1726, #797, #3692, #5130, #3659, #5616, #2262, #4632 ),
 .UNSPECIFIED., .F., .F.,
 ( 4, 2, 2, 2, 2, 2, 4 ),
 ( 0.002189565179306699784, 0.002736829203537970850, 0.003010461215653591205, 0.003284093227769212427, 0.003557725239884834082, 0.003831357252000455738, 0.004378621276231729406 ),
 .UNSPECIFIED. ) ;
#477 = CARTESIAN_POINT ( 'NONE',  ( 69.99999999999980105, 7.969316156358251746, -0.7000000000052533089 ) ) ;
#478 = CARTESIAN_POINT ( 'NONE',  ( 70.18274313490441330, -7.483824372733326236, -2.827078484599016228 ) ) ;
#479 = EDGE_CURVE ( 'NONE', #2115, #5396, #5489, .T. ) ;
#480 = EDGE_LOOP ( 'NONE', ( #1328, #5865 ) ) ;
#481 = VECTOR ( 'NONE', #3953, 1000.000000000000114 ) ;
#482 = CARTESIAN_POINT ( 'NONE',  ( 73.43710854142003086, 4.958872393161457559, 8.683869217597710133 ) ) ;
#483 = CARTESIAN_POINT ( 'NONE',  ( 72.75522068568682243, -6.139341153321501210, -5.129881658729901872 ) ) ;
#484 = CARTESIAN_POINT ( 'NONE',  ( 69.81497915877278615, -5.672321722240054598, -8.235579292278330854 ) ) ;
#485 = CARTESIAN_POINT ( 'NONE',  ( 70.70007234839455634, -1.869756716125052343, 7.778981630310472184 ) ) ;
#486 = CARTESIAN_POINT ( 'NONE',  ( 73.43710854141983191, 2.827078484594316432, 7.483824372735099928 ) ) ;
#487 = EDGE_CURVE ( 'NONE', #3529, #51, #4690, .T. ) ;
#488 = EDGE_LOOP ( 'NONE', ( #3655, #3060 ) ) ;
#489 = DIRECTION ( 'NONE',  ( -0.000000000000000000, -1.000000000000000000, -0.000000000000000000 ) ) ;
#490 = CARTESIAN_POINT ( 'NONE',  ( 70.18305898564281620, -5.687335582168715042, 8.225293514841089504 ) ) ;
#491 = CARTESIAN_POINT ( 'NONE',  ( 73.86684065352463335, -3.827353827540518338, -9.238811946942460551 ) ) ;
#492 = CARTESIAN_POINT ( 'NONE',  ( 70.61174165653740431, -1.880339092609739193, 9.821991445619140393 ) ) ;
#493 = CARTESIAN_POINT ( 'NONE',  ( 72.73710854141486948, -5.727457493799904961E-13, -8.000000000000452971 ) ) ;
#494 = ORIENTED_EDGE ( 'NONE', *, *, #5788, .F. ) ;
#495 = CARTESIAN_POINT ( 'NONE',  ( 73.07162911229404756, -9.592159076692292174, -2.829692279826987455 ) ) ;
#496 = LINE ( 'NONE', #2015, #376 ) ;
#497 = CARTESIAN_POINT ( 'NONE',  ( 69.81690483603883024, -6.885756730454276386, 4.072787295166365062 ) ) ;
#498 = CARTESIAN_POINT ( 'NONE',  ( 73.00657962768573839, -3.966728504205513595, -6.947607464563244406 ) ) ;
#499 = DIRECTION ( 'NONE',  ( 0.000000000000000000, 0.9009688679024159264, -0.4338837391175648928 ) ) ;
#500 = VECTOR ( 'NONE', #2365, 1000.000000000000000 ) ;
#501 = ORIENTED_EDGE ( 'NONE', *, *, #2882, .T. ) ;
#502 = CARTESIAN_POINT ( 'NONE',  ( 77.56041628925873965, 9.187923686977621074, 3.947954132766913649 ) ) ;
#503 = CYLINDRICAL_SURFACE ( 'NONE', #1850, 0.7000000000000007327 ) ;
#504 = CARTESIAN_POINT ( 'NONE',  ( 76.43958974620022673, 4.645082267593655168, -6.513639581137935508 ) ) ;
#505 = ORIENTED_EDGE ( 'NONE', *, *, #487, .F. ) ;
#506 = CARTESIAN_POINT ( 'NONE',  ( 72.82538912827222077, 6.468677195827562620, -4.707803199542323291 ) ) ;
#507 = ORIENTED_EDGE ( 'NONE', *, *, #1551, .F. ) ;
#508 = CARTESIAN_POINT ( 'NONE',  ( 70.70007234839455634, 1.869756716125103635, -7.778981630310458861 ) ) ;
#509 = CARTESIAN_POINT ( 'NONE',  ( 74.06128050092942772, 4.665808660154104004, 8.845730669988622452 ) ) ;
#510 = DIRECTION ( 'NONE',  ( -0.000000000000000000, -0.2225209339563050392, 0.9749279121818257288 ) ) ;
#511 = ADVANCED_FACE ( 'NONE', ( #4539 ), #170, .F. ) ;
#512 = CARTESIAN_POINT ( 'NONE',  ( 76.38825132211496793, -1.880328080272999136, -9.821994311858690097 ) ) ;
#513 = CARTESIAN_POINT ( 'NONE',  ( 77.00000000000001421, -9.291306452362306345, 3.697515978098074196 ) ) ;
#514 = CARTESIAN_POINT ( 'NONE',  ( 69.31805170002293437, 6.091241378101774906, 7.931203214225969411 ) ) ;
#515 = ORIENTED_EDGE ( 'NONE', *, *, #783, .F. ) ;
#516 = DIRECTION ( 'NONE',  ( -1.000000000000000000, -0.000000000000000000, -0.000000000000000000 ) ) ;
#517 = DIRECTION ( 'NONE',  ( 1.000000000000000000, 0.000000000000000000, 0.000000000000000000 ) ) ;
#518 = CARTESIAN_POINT ( 'NONE',  ( 70.68189213675294980, 6.091110741851485599, -7.931302603703469956 ) ) ;
#519 = CARTESIAN_POINT ( 'NONE',  ( 73.43710854142032929, -8.235579292280927888, 5.672321722236283392 ) ) ;
#520 = CARTESIAN_POINT ( 'NONE',  ( 73.43710854142003086, 7.925273415605102123, 1.090890135578731490 ) ) ;
#521 = EDGE_CURVE ( 'NONE', #5651, #1115, #235, .T. ) ;
#522 = CARTESIAN_POINT ( 'NONE',  ( 69.63374405134038625, -6.711040529656925990, 7.414761026295756174 ) ) ;
#523 = B_SPLINE_CURVE_WITH_KNOTS ( 'NONE', 3,
 ( #4834, #3332, #4273, #3827, #3799, #1964, #5719, #1086, #38, #2435, #560, #1438, #5748, #4864, #3919, #3857 ),
 .UNSPECIFIED., .F., .F.,
 ( 4, 2, 2, 2, 2, 2, 2, 4 ),
 ( 0.000000000000000000, 0.0002736485253891244923, 0.0005472970507782489846, 0.001094594101556466961, 0.001368242626945578334, 0.001641891152334689708, 0.001915539677723801081, 0.002189188203112912238 ),
 .UNSPECIFIED. ) ;
#524 = CARTESIAN_POINT ( 'NONE',  ( 73.00627465267579908, -0.5592045693895389968, 7.980693942334067259 ) ) ;
#525 = CARTESIAN_POINT ( 'NONE',  ( 77.56041628925872544, -5.893476039993682747, 8.079060816591006500 ) ) ;
#526 = CARTESIAN_POINT ( 'NONE',  ( 73.43710854142003086, -26.36938615365769323, -21.02888373870605676 ) ) ;
#527 = PRODUCT ( 'L1_1102_Injector14h', 'L1_1102_Injector14h', '', ( #806 ) ) ;
#528 = ORIENTED_EDGE ( 'NONE', *, *, #3869, .F. ) ;
#529 = CARTESIAN_POINT ( 'NONE',  ( 76.81663884680024523, 2.438377955450667933, -7.619419704848818142 ) ) ;
#530 = CARTESIAN_POINT ( 'NONE',  ( 70.00000000000000000, 28.86505807256334322, 13.90067933815165091 ) ) ;
#531 = CARTESIAN_POINT ( 'NONE',  ( 85.00000000000000000, 1.102182119232617911E-15, -8.000000000000000000 ) ) ;
#532 = B_SPLINE_CURVE_WITH_KNOTS ( 'NONE', 3,
 ( #6140, #6172, #5740, #371, #3759, #6114, #4297, #874, #5273, #5682, #1400, #1894, #2275, #3324 ),
 .UNSPECIFIED., .F., .F.,
 ( 4, 2, 2, 2, 2, 2, 4 ),
 ( 0.002189565179306704554, 0.002736829203537993402, 0.003010461215653623297, 0.003284093227769253193, 0.003557725239884882654, 0.003831357252000512116, 0.004378621276231740682 ),
 .UNSPECIFIED. ) ;
#533 = CARTESIAN_POINT ( 'NONE',  ( 73.80340771215257689, 7.637882967336389939, -2.383170339350810796 ) ) ;
#534 = ORIENTED_EDGE ( 'NONE', *, *, #5568, .F. ) ;
#535 = CARTESIAN_POINT ( 'NONE',  ( 70.18505475354396594, -6.876387137968699825, -4.088434899662538591 ) ) ;
#536 = ORIENTED_EDGE ( 'NONE', *, *, #5172, .F. ) ;
#537 = CARTESIAN_POINT ( 'NONE',  ( 73.25325352232964349, -0.6816170203069165101, -9.976805105258080175 ) ) ;
#538 = LINE ( 'NONE', #2001, #3264 ) ;
#539 = CARTESIAN_POINT ( 'NONE',  ( 73.62016752706281864, 4.943090958223591791, -8.692933406406462282 ) ) ;
#540 = CARTESIAN_POINT ( 'NONE',  ( 73.78980100698355216, 8.185044985206435086, -5.745109052022971952 ) ) ;
#541 = CARTESIAN_POINT ( 'NONE',  ( 72.87669828762024338, 3.079199194008335638, 7.383957082032518215 ) ) ;
#542 = DIRECTION ( 'NONE',  ( -0.000000000000000000, -0.9749279121818257288, -0.2225209339563050392 ) ) ;
#543 = CARTESIAN_POINT ( 'NONE',  ( 77.18305898564283041, 8.692933406406391228, -4.943090958223717024 ) ) ;
#544 = ORIENTED_EDGE ( 'NONE', *, *, #1044, .F. ) ;
#545 = LINE ( 'NONE', #3842, #4762 ) ;
#546 = EDGE_CURVE ( 'NONE', #726, #1787, #5983, .T. ) ;
#547 = LINE ( 'NONE', #989, #4879 ) ;
#548 = CARTESIAN_POINT ( 'NONE',  ( 77.69992722027565435, 7.999993631776062486, -0.09299071859576445165 ) ) ;
#549 = LINE ( 'NONE', #2453, #4248 ) ;
#550 = CARTESIAN_POINT ( 'NONE',  ( 73.34455964667169781, -2.827078484599143682, 7.483824372733278274 ) ) ;
#551 = CARTESIAN_POINT ( 'NONE',  ( 69.38825132211493951, 8.851509755831900250, 4.653813596832197419 ) ) ;
#552 = CARTESIAN_POINT ( 'NONE',  ( 73.61985167632442995, -2.827078484599068631, -7.483824372733306696 ) ) ;
#553 = EDGE_CURVE ( 'NONE', #2909, #3308, #1121, .T. ) ;
#554 = CARTESIAN_POINT ( 'NONE',  ( 76.81690483603883024, -1.108965770761489944, 7.922842736161325838 ) ) ;
#555 = CARTESIAN_POINT ( 'NONE',  ( 69.30007476368578523, -8.969351910186666998, 4.422585492849026245 ) ) ;
#556 = AXIS2_PLACEMENT_3D ( 'NONE', #5782, #4332, #473 ) ;
#557 = ORIENTED_EDGE ( 'NONE', *, *, #2430, .F. ) ;
#558 = EDGE_CURVE ( 'NONE', #1229, #1435, #3139, .T. ) ;
#559 = CARTESIAN_POINT ( 'NONE',  ( 70.68192758678333121, -7.998362439200166207, -0.1827634471315756348 ) ) ;
#560 = CARTESIAN_POINT ( 'NONE',  ( 70.56041628925872544, 9.187923686977621074, 3.947954132766913649 ) ) ;
#561 = CIRCLE ( 'NONE', #1366, 12.00000000000000000 ) ;
#562 = CARTESIAN_POINT ( 'NONE',  ( 41.30000000000000426, 1.236893267138826614E-15, -10.09999999999999964 ) ) ;
#563 = ORIENTED_EDGE ( 'NONE', *, *, #5363, .T. ) ;
#564 = CARTESIAN_POINT ( 'NONE',  ( 73.08441250651264909, 6.617723297059959542, -4.495217510445376874 ) ) ;
#565 = ORIENTED_EDGE ( 'NONE', *, *, #3777, .T. ) ;
#566 = CARTESIAN_POINT ( 'NONE',  ( 73.86711086835086348, -0.5598560677675058495, -9.984524824329485071 ) ) ;
#567 = CARTESIAN_POINT ( 'NONE',  ( 22.30000000000000426, -18.00000000000000000, 0.000000000000000000 ) ) ;
#568 = CARTESIAN_POINT ( 'NONE',  ( 73.86762228682982823, 3.828076984655252257, -9.238506750787131239 ) ) ;
#569 = CARTESIAN_POINT ( 'NONE',  ( 77.00000000000001421, -4.421505313550106564, -6.667105126083447963 ) ) ;
#570 = AXIS2_PLACEMENT_3D ( 'NONE', #4472, #1573, #4439 ) ;
#571 = CARTESIAN_POINT ( 'NONE',  ( 76.38825132211495372, 2.567486555851950403, -9.665154873935907887 ) ) ;
#572 = CARTESIAN_POINT ( 'NONE',  ( 73.99631263256587488, 3.854314544289333178, -7.010594370350311522 ) ) ;
#573 = CARTESIAN_POINT ( 'NONE',  ( 69.44014412312341733, 2.642419297395385946, -9.644781323269883799 ) ) ;
#574 = VERTEX_POINT ( 'NONE', #268 ) ;
#575 = AXIS2_PLACEMENT_3D ( 'NONE', #4236, #4179, #5563 ) ;
#576 = DIRECTION ( 'NONE',  ( -1.000000000000000000, -0.000000000000000000, -0.000000000000000000 ) ) ;
#577 = DIRECTION ( 'NONE',  ( -0.000000000000000000, 0.9009688679024187019, -0.4338837391175590641 ) ) ;
#578 = CARTESIAN_POINT ( 'NONE',  ( 0.000000000000000000, 0.000000000000000000, 8.000000000000000000 ) ) ;
#579 = CYLINDRICAL_SURFACE ( 'NONE', #2354, 0.7000000000000018430 ) ;
#580 = DIRECTION ( 'NONE',  ( 0.000000000000000000, 0.000000000000000000, 1.000000000000000000 ) ) ;
#581 = DIRECTION ( 'NONE',  ( -1.000000000000000000, -0.000000000000000000, -0.000000000000000000 ) ) ;
#582 = CARTESIAN_POINT ( 'NONE',  ( 77.35269246556353551, -5.745109052022792540, 8.185044985206561208 ) ) ;
#583 = CARTESIAN_POINT ( 'NONE',  ( 73.07162911229403335, -4.893202182891831953, 8.721997853039487936 ) ) ;
#584 = EDGE_CURVE ( 'NONE', #887, #1765, #5037, .T. ) ;
#585 = ORIENTED_EDGE ( 'NONE', *, *, #3217, .F. ) ;
#586 = AXIS2_PLACEMENT_3D ( 'NONE', #4029, #4904, #2098 ) ;
#587 = CARTESIAN_POINT ( 'NONE',  ( 76.90745110525168116, 2.455789212633342267, -7.613744108066258676 ) ) ;
#588 = CARTESIAN_POINT ( 'NONE',  ( 70.00000000000000000, 21.02975994219535849, 26.37048487808063513 ) ) ;
#589 = FACE_OUTER_BOUND ( 'NONE', #2481, .T. ) ;
#590 = EDGE_CURVE ( 'NONE', #1691, #5117, #311, .T. ) ;
#591 = EDGE_LOOP ( 'NONE', ( #3518, #6159 ) ) ;
#592 = VECTOR ( 'NONE', #4188, 1000.000000000000000 ) ;
#593 = CARTESIAN_POINT ( 'NONE',  ( 0.000000000000000000, 0.000000000000000000, 12.00000000000000000 ) ) ;
#594 = VERTEX_POINT ( 'NONE', #4668 ) ;
#595 = CARTESIAN_POINT ( 'NONE',  ( 70.00000000000000000, -20.48247790446796301, -26.80692773938163498 ) ) ;
#596 = DIRECTION ( 'NONE',  ( 0.000000000000000000, 0.9749279121818239524, 0.2225209339563131716 ) ) ;
#597 = FACE_BOUND ( 'NONE', #5524, .T. ) ;
#598 = CARTESIAN_POINT ( 'NONE',  ( 77.00000000000029843, -2.902200420390996349, -9.569599402267700228 ) ) ;
#599 = ORIENTED_EDGE ( 'NONE', *, *, #469, .T. ) ;
#600 = DIRECTION ( 'NONE',  ( -1.000000000000000000, -0.000000000000000000, -0.000000000000000000 ) ) ;
#601 = CARTESIAN_POINT ( 'NONE',  ( 69.81727175442986777, 1.537301343331842984, -9.881128709807912358 ) ) ;
#602 = EDGE_LOOP ( 'NONE', ( #3963, #319, #4428, #4270 ) ) ;
#603 = AXIS2_PLACEMENT_3D ( 'NONE', #2685, #2619, #1243 ) ;
#604 = CARTESIAN_POINT ( 'NONE',  ( 77.68192758678335963, -7.998362439200166207, -0.1827634471315756348 ) ) ;
#605 = CARTESIAN_POINT ( 'NONE',  ( 69.56947108626575016, 7.433075628463977402, -2.958643474510959326 ) ) ;
#606 = LINE ( 'NONE', #578, #2765 ) ;
#607 = CARTESIAN_POINT ( 'NONE',  ( 70.42973211210461670, -2.767959313293610002, -9.609510120297857227 ) ) ;
#608 = DIRECTION ( 'NONE',  ( 0.000000000000000000, -0.9749279121818260618, -0.2225209339563034572 ) ) ;
#609 = CARTESIAN_POINT ( 'NONE',  ( 72.73707562519641101, -7.779152433456211213, -1.868992873081377182 ) ) ;
#610 = VERTEX_POINT ( 'NONE', #4226 ) ;
#611 = FACE_OUTER_BOUND ( 'NONE', #5174, .T. ) ;
#612 = CARTESIAN_POINT ( 'NONE',  ( 73.08441250651266330, -2.909931053535358636, -7.452083156160799859 ) ) ;
#613 = CARTESIAN_POINT ( 'NONE',  ( 70.18505475354398015, -7.483824372733233865, 2.827078484599248043 ) ) ;
#614 = ORIENTED_EDGE ( 'NONE', *, *, #1128, .F. ) ;
#615 = EDGE_CURVE ( 'NONE', #1971, #944, #6076, .T. ) ;
#616 = CARTESIAN_POINT ( 'NONE',  ( 69.44014412312341733, 1.803976260613774807, 9.836150475063153209 ) ) ;
#617 = LINE ( 'NONE', #1469, #880 ) ;
#618 = CARTESIAN_POINT ( 'NONE',  ( 26.30000000000000426, 9.000000000000181188, 12.83845726811979127 ) ) ;
#619 = ORIENTED_EDGE ( 'NONE', *, *, #2771, .F. ) ;
#620 = B_SPLINE_CURVE_WITH_KNOTS ( 'NONE', 3,
 ( #2046, #3942, #4039, #5010, #1211, #4542, #2108, #4510, #237, #2141, #5858, #1580, #1672, #5424 ),
 .UNSPECIFIED., .F., .F.,
 ( 4, 2, 2, 2, 2, 2, 4 ),
 ( 0.002189565179306704554, 0.002736829203537993402, 0.003010461215653623297, 0.003284093227769253193, 0.003557725239884882654, 0.003831357252000512116, 0.004378621276231740682 ),
 .UNSPECIFIED. ) ;
#621 = CARTESIAN_POINT ( 'NONE',  ( 70.18305898564278777, 6.753517008039584546, 7.375042199988370406 ) ) ;
#622 = EDGE_LOOP ( 'NONE', ( #1835, #4653, #3016, #238 ) ) ;
#623 = ADVANCED_FACE ( 'NONE', ( #3695 ), #4255, .F. ) ;
#624 = DIRECTION ( 'NONE',  ( 0.000000000000000000, 0.000000000000000000, -1.000000000000000000 ) ) ;
#625 = FACE_BOUND ( 'NONE', #5889, .T. ) ;
#626 = CARTESIAN_POINT ( 'NONE',  ( 77.36629917073253182, 5.461115503473674693, -5.847475912460713410 ) ) ;
#627 = DIRECTION ( 'NONE',  ( -0.000000000000000000, -0.9009688679024218105, -0.4338837391175526248 ) ) ;
#628 = CARTESIAN_POINT ( 'NONE',  ( 73.62008422907544514, 0.6999340066214227996, 7.969321953011913706 ) ) ;
#629 = VERTEX_POINT ( 'NONE', #1884 ) ;
#630 = B_SPLINE_CURVE_WITH_KNOTS ( 'NONE', 3,
 ( #5654, #1862, #3761, #1804, #4679, #5210, #2839, #4739, #1, #464, #2368, #4418, #32, #554, #4358, #1955 ),
 .UNSPECIFIED., .F., .F.,
 ( 4, 2, 2, 2, 2, 2, 2, 4 ),
 ( 0.000000000000000000, 0.0002736956474133492366, 0.0005473912948266984732, 0.001094782589653367022, 0.001368478237066701351, 0.001642173884480036114, 0.001915869531893370659, 0.002189565179306705422 ),
 .UNSPECIFIED. ) ;
#631 = DIRECTION ( 'NONE',  ( 0.000000000000000000, 0.000000000000000000, 1.000000000000000000 ) ) ;
#632 = CARTESIAN_POINT ( 'NONE',  ( 77.00000000000029843, 2.902200420391060298, 9.569599402267682464 ) ) ;
#633 = VERTEX_POINT ( 'NONE', #5645 ) ;
#634 = CARTESIAN_POINT ( 'NONE',  ( 73.78980100698353795, -4.881761316922018423, 8.727522321603824906 ) ) ;
#635 = EDGE_CURVE ( 'NONE', #2079, #109, #3314, .T. ) ;
#636 = DIRECTION ( 'NONE',  ( -0.000000000000000000, 0.7818314824680310249, 0.6234898018587320401 ) ) ;
#637 = CARTESIAN_POINT ( 'NONE',  ( 69.81690483603883024, 6.885756730454305696, -4.072787295166316213 ) ) ;
#638 = CARTESIAN_POINT ( 'NONE',  ( 73.00657962768573839, -5.890736308578532032, 5.413262440573702428 ) ) ;
#639 = CARTESIAN_POINT ( 'NONE',  ( 70.35269246556350708, 2.817308950349063590, 9.594999203114728203 ) ) ;
#640 = CARTESIAN_POINT ( 'NONE',  ( 73.43710854142003086, -9.881128709807883936, -1.537301343331989978 ) ) ;
#641 = FACE_BOUND ( 'NONE', #6101, .T. ) ;
#642 = ORIENTED_EDGE ( 'NONE', *, *, #2277, .T. ) ;
#643 = CARTESIAN_POINT ( 'NONE',  ( 76.37585270615920763, -5.269313071721215991, 6.020886793746708321 ) ) ;
#644 = CARTESIAN_POINT ( 'NONE',  ( 69.30006596912039640, 1.601778016076519595, 7.840133605846316911 ) ) ;
#645 = CARTESIAN_POINT ( 'NONE',  ( 73.80283786457542305, 0.6241721626670470036, -9.981338501435738308 ) ) ;
#646 = CARTESIAN_POINT ( 'NONE',  ( 76.38828058685216149, 4.707803199542232697, -6.468677195827631010 ) ) ;
#647 = VERTEX_POINT ( 'NONE', #2299 ) ;
#648 = CARTESIAN_POINT ( 'NONE',  ( 73.99631291359668239, 8.079839596185749429, 5.892398547084174432 ) ) ;
#649 = DIRECTION ( 'NONE',  ( 0.000000000000000000, 0.7818314824680316910, 0.6234898018587313739 ) ) ;
#650 = DIRECTION ( 'NONE',  ( 0.000000000000000000, 0.000000000000000000, 1.000000000000000000 ) ) ;
#651 = CARTESIAN_POINT ( 'NONE',  ( 70.70003269886106523, -10.00000228892012721, 0.09109313731424549532 ) ) ;
#652 = ORIENTED_EDGE ( 'NONE', *, *, #3078, .T. ) ;
#653 = EDGE_CURVE ( 'NONE', #1585, #447, #5373, .T. ) ;
#654 = FACE_BOUND ( 'NONE', #2883, .T. ) ;
#655 = ORIENTED_EDGE ( 'NONE', *, *, #1436, .T. ) ;
#656 = AXIS2_PLACEMENT_3D ( 'NONE', #5144, #3211, #5113 ) ;
#657 = CARTESIAN_POINT ( 'NONE',  ( 73.08392839722876033, -0.6112840715787120072, -9.981361312692266452 ) ) ;
#658 = DIRECTION ( 'NONE',  ( 0.000000000000000000, 0.000000000000000000, 1.000000000000000000 ) ) ;
#659 = CARTESIAN_POINT ( 'NONE',  ( 69.81663884680024523, 7.970975084870675076, 0.6817623402896227924 ) ) ;
#660 = FACE_BOUND ( 'NONE', #4683, .T. ) ;
#661 = CIRCLE ( 'NONE', #869, 2.750000000000000000 ) ;
#662 = CARTESIAN_POINT ( 'NONE',  ( -9.797174393178823685E-16, 9.797174393178825657E-16, -8.000000000000000000 ) ) ;
#663 = ORIENTED_EDGE ( 'NONE', *, *, #846, .T. ) ;
#664 = ADVANCED_FACE ( 'NONE', ( #6108 ), #922, .F. ) ;
#665 = CARTESIAN_POINT ( 'NONE',  ( 69.81663884680024523, -5.502844937486377930, 5.806887400858296466 ) ) ;
#666 = CARTESIAN_POINT ( 'NONE',  ( 70.68161899798535330, 7.126478546640933054, -3.635998128719448719 ) ) ;
#667 = VERTEX_POINT ( 'NONE', #1361 ) ;
#668 = CARTESIAN_POINT ( 'NONE',  ( 73.34415260870621012, 0.6999252281089944905, 9.975475160644760919 ) ) ;
#669 = AXIS2_PLACEMENT_3D ( 'NONE', #2613, #5330, #3037 ) ;
#670 = CARTESIAN_POINT ( 'NONE',  ( 77.35287253598525581, -8.727575747872633016, -4.881665917086520423 ) ) ;
#671 = CARTESIAN_POINT ( 'NONE',  ( 70.00000000000000000, 7.483824372733252517, -2.827078484599195196 ) ) ;
#672 = DIRECTION ( 'NONE',  ( -0.000000000000000000, -0.000000000000000000, 1.000000000000000000 ) ) ;
#673 = ADVANCED_FACE ( 'NONE', ( #1333 ), #5229, .F. ) ;
#674 = CARTESIAN_POINT ( 'NONE',  ( 73.43710854142003086, -7.613744108066244465, 2.455789212633394225 ) ) ;
#675 = VECTOR ( 'NONE', #3594, 1000.000000000000000 ) ;
#676 = CARTESIAN_POINT ( 'NONE',  ( 73.34571572478330381, -7.613744108066285321, -2.455789212633276541 ) ) ;
#677 = VERTEX_POINT ( 'NONE', #4636 ) ;
#678 = CARTESIAN_POINT ( 'NONE',  ( 76.99999999999980105, -4.421505313545622151, 6.667105126086423361 ) ) ;
#679 = B_SPLINE_CURVE_WITH_KNOTS ( 'NONE', 3,
 ( #3184, #3351, #5797, #2394, #811, #2245, #548, #3384, #4617, #4180, #4145, #4352, #5302, #4796 ),
 .UNSPECIFIED., .F., .F.,
 ( 4, 2, 2, 2, 2, 2, 4 ),
 ( 0.002189565179306701952, 0.002736829203537974754, 0.003010461215653596409, 0.003284093227769218064, 0.003557725239884840154, 0.003831357252000461809, 0.004378621276231734610 ),
 .UNSPECIFIED. ) ;
#680 = CARTESIAN_POINT ( 'NONE',  ( 73.86684065352463335, -7.456896917604539432, -6.663255350980908709 ) ) ;
#681 = CARTESIAN_POINT ( 'NONE',  ( 77.62417195950939686, -5.945309440034712622, -8.041767044709793311 ) ) ;
#682 = CARTESIAN_POINT ( 'NONE',  ( 73.62216329496399680, 7.613744108066231142, -2.455789212633444407 ) ) ;
#683 = ORIENTED_EDGE ( 'NONE', *, *, #3017, .T. ) ;
#684 = LINE ( 'NONE', #2181, #3441 ) ;
#685 = CARTESIAN_POINT ( 'NONE',  ( 73.43710854142003086, 28.01823128423984599, -6.394978454582003202 ) ) ;
#686 = CARTESIAN_POINT ( 'NONE',  ( 26.30000000000000426, -8.999999999999854339, 18.33845726811997778 ) ) ;
#687 = DIRECTION ( 'NONE',  ( -1.000000000000000000, -0.000000000000000000, -0.000000000000000000 ) ) ;
#688 = ORIENTED_EDGE ( 'NONE', *, *, #6099, .F. ) ;
#689 = CARTESIAN_POINT ( 'NONE',  ( 70.61174165653739010, 6.506769884438264206, 7.594019800604895565 ) ) ;
#690 = VERTEX_POINT ( 'NONE', #6043 ) ;
#691 = CARTESIAN_POINT ( 'NONE',  ( 78.38119784648294797, 9.797174393178825657E-16, -8.000000000000000000 ) ) ;
#692 = FACE_OUTER_BOUND ( 'NONE', #41, .T. ) ;
#693 = DIRECTION ( 'NONE',  ( 0.000000000000000000, -1.000000000000000000, 0.000000000000000000 ) ) ;
#694 = CARTESIAN_POINT ( 'NONE',  ( 77.00000000000001421, 1.090890135578890918, 7.925273415605081695 ) ) ;
#695 = ORIENTED_EDGE ( 'NONE', *, *, #5490, .F. ) ;
#696 = CARTESIAN_POINT ( 'NONE',  ( 72.75518095463669965, 6.139420417717394329, 5.129787629223086398 ) ) ;
#697 = CARTESIAN_POINT ( 'NONE',  ( 72.82535986353497037, 9.665154873935875912, -2.567486555852080965 ) ) ;
#698 = VERTEX_POINT ( 'NONE', #4607 ) ;
#699 = CARTESIAN_POINT ( 'NONE',  ( 77.00000000000029843, -2.902200420390996349, -9.569599402267700228 ) ) ;
#700 = CARTESIAN_POINT ( 'NONE',  ( 76.99999999999980105, 2.455789212638459951, 7.613744108064611105 ) ) ;
#701 = ADVANCED_FACE ( 'NONE', ( #333 ), #4699, .F. ) ;
#702 = CARTESIAN_POINT ( 'NONE',  ( 70.00000000000000000, 21.57704197992260475, -25.93404201677977738 ) ) ;
#703 = DIRECTION ( 'NONE',  ( 0.000000000000000000, 0.9749279121818227312, -0.2225209339563184174 ) ) ;
#704 = CARTESIAN_POINT ( 'NONE',  ( 76.44079562782336268, 6.566079120333472297, 7.542597266412384371 ) ) ;
#705 = DIRECTION ( 'NONE',  ( -0.000000000000000000, -0.2225209339563182231, -0.9749279121818227312 ) ) ;
#706 = CARTESIAN_POINT ( 'NONE',  ( 73.43710854142003086, -4.088434899662587441, -6.876387137968677621 ) ) ;
#707 = ORIENTED_EDGE ( 'NONE', *, *, #5977, .T. ) ;
#708 = CARTESIAN_POINT ( 'NONE',  ( 69.81690483603881603, -2.438448995780502671, -7.619396865739566316 ) ) ;
#709 = ADVANCED_FACE ( 'NONE', ( #1851 ), #863, .F. ) ;
#710 = CARTESIAN_POINT ( 'NONE',  ( 74.13714124028106767, -9.729011223358185134, -2.314019091071628065 ) ) ;
#711 = CARTESIAN_POINT ( 'NONE',  ( 77.69993446735442433, -6.091867645619394978, -7.932371873566544274 ) ) ;
#712 = CARTESIAN_POINT ( 'NONE',  ( 76.31811214426682000, -7.285623965860724915, -3.305583013254436153 ) ) ;
#713 = ORIENTED_EDGE ( 'NONE', *, *, #3777, .F. ) ;
#714 = B_SPLINE_CURVE_WITH_KNOTS ( 'NONE', 3,
 ( #1545, #550, #1519, #5393, #1107, #3353, #1920, #3847, #1021, #28, #2924, #3009, #4912, #3911, #2396, #3438 ),
 .UNSPECIFIED., .F., .F.,
 ( 4, 2, 2, 2, 2, 2, 2, 4 ),
 ( 0.000000000000000000, 0.0002736956474133275525, 0.0005473912948266551051, 0.001094782589653340351, 0.001368478237066682052, 0.001642173884480023754, 0.001915869531893365455, 0.002189565179306707157 ),
 .UNSPECIFIED. ) ;
#715 = CARTESIAN_POINT ( 'NONE',  ( 69.44079562782337689, 9.990923372183994289, -0.4308348975168913020 ) ) ;
#716 = CARTESIAN_POINT ( 'NONE',  ( 74.11872753940536995, -6.367984276285279854, 4.843134844784755089 ) ) ;
#717 = DIRECTION ( 'NONE',  ( -0.000000000000000000, -0.6234898018587267110, 0.7818314824680352437 ) ) ;
#718 = DIRECTION ( 'NONE',  ( -0.000000000000000000, 0.000000000000000000, 1.000000000000000000 ) ) ;
#719 = VERTEX_POINT ( 'NONE', #830 ) ;
#720 = CARTESIAN_POINT ( 'NONE',  ( 69.43958974620022673, 5.316700993054901403, 5.978041520107464812 ) ) ;
#721 = VERTEX_POINT ( 'NONE', #4730 ) ;
#722 = CARTESIAN_POINT ( 'NONE',  ( 69.99999999999980105, -6.876387137965950913, 4.088434899667164224 ) ) ;
#723 = CARTESIAN_POINT ( 'NONE',  ( 0.000000000000000000, 0.000000000000000000, 0.000000000000000000 ) ) ;
#724 = CARTESIAN_POINT ( 'NONE',  ( 69.99999999999980105, 5.516069389009209623, 5.794219403477535835 ) ) ;
#725 = CARTESIAN_POINT ( 'NONE',  ( 72.73707562519639680, 7.779152433456224536, 1.868992873081326556 ) ) ;
#726 = VERTEX_POINT ( 'NONE', #454 ) ;
#727 = CARTESIAN_POINT ( 'NONE',  ( 76.81497915877280036, 9.291306452362332990, -3.697515978098009803 ) ) ;
#728 = CARTESIAN_POINT ( 'NONE',  ( 73.43710854142003086, 9.569599402269011179, -2.902200420386677582 ) ) ;
#729 = ORIENTED_EDGE ( 'NONE', *, *, #744, .T. ) ;
#730 = CARTESIAN_POINT ( 'NONE',  ( 78.38119784648294797, 9.797174393178825657E-16, -8.000000000000000000 ) ) ;
#731 = CARTESIAN_POINT ( 'NONE',  ( 73.43710854142003086, -26.36938615365769323, -21.02888373870605676 ) ) ;
#732 = FACE_BOUND ( 'NONE', #5512, .T. ) ;
#733 = CARTESIAN_POINT ( 'NONE',  ( 73.08441250651266330, -6.617723297059995069, 4.495217510445328912 ) ) ;
#734 = DIRECTION ( 'NONE',  ( -1.000000000000000000, -0.000000000000000000, -0.000000000000000000 ) ) ;
#735 = ORIENTED_EDGE ( 'NONE', *, *, #2199, .F. ) ;
#736 = CARTESIAN_POINT ( 'NONE',  ( 74.13703576169567100, -3.387285407412999660, -7.248092366335399106 ) ) ;
#737 = EDGE_CURVE ( 'NONE', #439, #3196, #4325, .T. ) ;
#738 = ORIENTED_EDGE ( 'NONE', *, *, #5355, .F. ) ;
#739 = CARTESIAN_POINT ( 'NONE',  ( 76.99999999999980105, 7.969316156358251746, -0.7000000000052533089 ) ) ;
#740 = CARTESIAN_POINT ( 'NONE',  ( 77.42973211210461670, 1.675565013184756147, -9.858841990758698159 ) ) ;
#741 = ORIENTED_EDGE ( 'NONE', *, *, #4339, .T. ) ;
#742 = CARTESIAN_POINT ( 'NONE',  ( 76.43958974620021252, -7.383957082032559960, -3.079199194008231721 ) ) ;
#743 = ORIENTED_EDGE ( 'NONE', *, *, #2959, .F. ) ;
#744 = EDGE_CURVE ( 'NONE', #4988, #2228, #4027, .T. ) ;
#745 = DIRECTION ( 'NONE',  ( 0.000000000000000000, 0.2225209339563184174, 0.9749279121818227312 ) ) ;
#746 = DIRECTION ( 'NONE',  ( 0.000000000000000000, 0.000000000000000000, 1.000000000000000000 ) ) ;
#747 = CARTESIAN_POINT ( 'NONE',  ( 73.43710854142003086, 28.17399593800926993, -5.712528916054726125 ) ) ;
#748 = CARTESIAN_POINT ( 'NONE',  ( 69.38828058685216149, 7.354078717951098021, 3.150352653215059195 ) ) ;
#749 = ORIENTED_EDGE ( 'NONE', *, *, #5704, .T. ) ;
#750 = EDGE_CURVE ( 'NONE', #23, #2843, #395, .T. ) ;
#751 = CARTESIAN_POINT ( 'NONE',  ( 69.90860718336330137, 5.516069389005348711, 5.794219403481219111 ) ) ;
#752 = ORIENTED_EDGE ( 'NONE', *, *, #3793, .F. ) ;
#753 = LINE ( 'NONE', #1159, #3454 ) ;
#754 = CARTESIAN_POINT ( 'NONE',  ( 76.81690483603884445, 7.477432428275266219, 2.844160048809199814 ) ) ;
#755 = CARTESIAN_POINT ( 'NONE',  ( 70.68161899798538172, -4.843134844784672488, 6.367984276285341139 ) ) ;
#756 = LINE ( 'NONE', #3998, #3771 ) ;
#757 = ORIENTED_EDGE ( 'NONE', *, *, #635, .F. ) ;
#758 = CARTESIAN_POINT ( 'NONE',  ( 76.38871602490031876, 8.851151867462149880, -4.654490686970897073 ) ) ;
#759 = AXIS2_PLACEMENT_3D ( 'NONE', #972, #1381, #2877 ) ;
#760 = CARTESIAN_POINT ( 'NONE',  ( 73.25208770019280280, 9.569599402269007626, -2.902200420386677582 ) ) ;
#761 = ORIENTED_EDGE ( 'NONE', *, *, #3364, .T. ) ;
#762 = CYLINDRICAL_SURFACE ( 'NONE', #3449, 0.7000000000000007327 ) ;
#763 = CARTESIAN_POINT ( 'NONE',  ( 41.30000000000000426, 0.000000000000000000, 10.09999999999999964 ) ) ;
#764 = CARTESIAN_POINT ( 'NONE',  ( 76.81690483603883024, -2.438448995780502671, -7.619396865739566316 ) ) ;
#765 = DIRECTION ( 'NONE',  ( 0.000000000000000000, 0.000000000000000000, -1.000000000000000000 ) ) ;
#766 = CIRCLE ( 'NONE', #3160, 2.749999999999999112 ) ;
#767 = CARTESIAN_POINT ( 'NONE',  ( 73.43710854142003086, -28.17399593800919533, 5.712528916054516515 ) ) ;
#768 = EDGE_CURVE ( 'NONE', #1779, #109, #5149, .T. ) ;
#769 = EDGE_LOOP ( 'NONE', ( #1347, #304 ) ) ;
#770 = CARTESIAN_POINT ( 'NONE',  ( 69.81497915877278615, 5.672321722240118547, 8.235579292278286445 ) ) ;
#771 = EDGE_LOOP ( 'NONE', ( #761, #741, #652, #3142 ) ) ;
#772 = CIRCLE ( 'NONE', #3164, 24.00000000000000000 ) ;
#773 = CARTESIAN_POINT ( 'NONE',  ( 74.04882795456788358, 6.468677195827626569, 4.707803199542230033 ) ) ;
#774 = CARTESIAN_POINT ( 'NONE',  ( 73.43710854142003086, -9.881128709807883936, -1.537301343331989978 ) ) ;
#775 = CARTESIAN_POINT ( 'NONE',  ( 69.29996708377639436, 1.691343352015567625, -7.819699777368021465 ) ) ;
#776 = AXIS2_PLACEMENT_3D ( 'NONE', #3234, #400, #2329 ) ;
#777 = ORIENTED_EDGE ( 'NONE', *, *, #6004, .F. ) ;
#778 = CARTESIAN_POINT ( 'NONE',  ( 76.90860718336330137, 2.455789212633377794, 7.613744108066253347 ) ) ;
#779 = AXIS2_PLACEMENT_3D ( 'NONE', #3088, #4990, #3542 ) ;
#780 = LINE ( 'NONE', #281, #5253 ) ;
#781 = CARTESIAN_POINT ( 'NONE',  ( 69.64710261100198352, -7.976675940408251897, -0.6114610649733325243 ) ) ;
#782 = CARTESIAN_POINT ( 'NONE',  ( 74.11887089778578286, -0.1833612173971481130, -7.998348105389765372 ) ) ;
#783 = EDGE_CURVE ( 'NONE', #6064, #2438, #2887, .T. ) ;
#784 = B_SPLINE_CURVE_WITH_KNOTS ( 'NONE', 3,
 ( #4090, #6003, #1720, #3620, #1257, #1288, #3192, #1965, #5190, #2377, #2823, #2469, #3858, #2907, #4748, #1439 ),
 .UNSPECIFIED., .F., .F.,
 ( 4, 2, 2, 2, 2, 2, 2, 4 ),
 ( 0.000000000000000000, 0.0002736956474133477729, 0.0005473912948266955458, 0.001094782589653361168, 0.001368478237066694412, 0.001642173884480028091, 0.001915869531893362853, 0.002189565179306697616 ),
 .UNSPECIFIED. ) ;
#785 = ORIENTED_EDGE ( 'NONE', *, *, #96, .T. ) ;
#786 = CARTESIAN_POINT ( 'NONE',  ( 76.56947108626575016, 4.538479036509146525, 6.588352794355992970 ) ) ;
#787 = VERTEX_POINT ( 'NONE', #5815 ) ;
#788 = LINE ( 'NONE', #5409, #2782 ) ;
#789 = CARTESIAN_POINT ( 'NONE',  ( 76.99999999999980105, 7.483824372735157660, 2.827078484594163665 ) ) ;
#790 = EDGE_CURVE ( 'NONE', #3130, #1070, #1503, .T. ) ;
#791 = CARTESIAN_POINT ( 'NONE',  ( 70.00000000000000000, -5.516069389005265222, 5.794219403481287500 ) ) ;
#792 = CARTESIAN_POINT ( 'NONE',  ( 73.08441250651266330, 4.011960885464811000, -6.921373559934855813 ) ) ;
#793 = EDGE_LOOP ( 'NONE', ( #378, #5064 ) ) ;
#794 = CARTESIAN_POINT ( 'NONE',  ( 77.00000000000029843, -2.902200420390996349, -9.569599402267700228 ) ) ;
#795 = CARTESIAN_POINT ( 'NONE',  ( 72.75516024144299365, 9.788657766023634466, 2.046798742258953308 ) ) ;
#796 = VERTEX_POINT ( 'NONE', #694 ) ;
#797 = CARTESIAN_POINT ( 'NONE',  ( 70.70007234839454213, 1.690581044505778729, 7.819877308127043847 ) ) ;
#798 = CARTESIAN_POINT ( 'NONE',  ( 76.31838297155172768, -9.088260682535953094, -4.172611975998801626 ) ) ;
#799 = VECTOR ( 'NONE', #3638, 1000.000000000000000 ) ;
#800 = FACE_BOUND ( 'NONE', #5554, .T. ) ;
#801 = CARTESIAN_POINT ( 'NONE',  ( 76.38871602490033297, 6.507359467855218682, 7.593513395793321408 ) ) ;
#802 = CARTESIAN_POINT ( 'NONE',  ( 69.31805170002296279, -2.046798742259085202, -9.788657766023604268 ) ) ;
#803 = CIRCLE ( 'NONE', #1796, 2.749999999999999556 ) ;
#804 = EDGE_LOOP ( 'NONE', ( #4716, #5213 ) ) ;
#805 = CARTESIAN_POINT ( 'NONE',  ( 77.69993446735443854, -9.089058827387523465, 4.174013007236920814 ) ) ;
#806 = PRODUCT_CONTEXT ( 'NONE', #2518, 'mechanical' ) ;
#807 = EDGE_LOOP ( 'NONE', ( #3408, #1798, #4076, #1411 ) ) ;
#808 = CARTESIAN_POINT ( 'NONE',  ( 74.04885019795737833, -8.033459956996209073, 5.955729357547275171 ) ) ;
#809 = CARTESIAN_POINT ( 'NONE',  ( 77.35269246556350708, 5.745109052022840501, -8.185044985206520352 ) ) ;
#810 =( NAMED_UNIT ( * ) SI_UNIT ( $, .STERADIAN. ) SOLID_ANGLE_UNIT ( ) );
#811 = CARTESIAN_POINT ( 'NONE',  ( 77.61126478936333228, 7.992647577801458070, -0.3532188625332659537 ) ) ;
#812 = CARTESIAN_POINT ( 'NONE',  ( 72.82552838823124830, -0.3526965520947028532, -7.992671916324633585 ) ) ;
#813 = VERTEX_POINT ( 'NONE', #4092 ) ;
#814 = LINE ( 'NONE', #2789, #1961 ) ;
#815 = ADVANCED_FACE ( 'NONE', ( #4968 ), #4999, .F. ) ;
#816 = EDGE_LOOP ( 'NONE', ( #3477, #3057, #565, #1016 ) ) ;
#817 = CARTESIAN_POINT ( 'NONE',  ( 76.81497915877275773, -9.975469913743410189, -0.7000000000000018430 ) ) ;
#818 = CARTESIAN_POINT ( 'NONE',  ( 76.90745110525168116, 6.876387137968728247, 4.088434899662489741 ) ) ;
#819 = CARTESIAN_POINT ( 'NONE',  ( 38.00000000000000711, 1.469576158976823947E-15, -12.00000000000000000 ) ) ;
#820 = DIRECTION ( 'NONE',  ( 0.000000000000000000, 0.000000000000000000, 1.000000000000000000 ) ) ;
#821 = ORIENTED_EDGE ( 'NONE', *, *, #2399, .F. ) ;
#822 = CARTESIAN_POINT ( 'NONE',  ( 69.99999999999980105, -4.421505313545622151, 6.667105126086423361 ) ) ;
#823 = LINE ( 'NONE', #4630, #2773 ) ;
#824 = B_SPLINE_CURVE_WITH_KNOTS ( 'NONE', 3,
 ( #3370, #478, #5317, #4308, #946, #2852, #2935, #1998, #2472, #3896, #1006, #2910, #535, #1033 ),
 .UNSPECIFIED., .F., .F.,
 ( 4, 2, 2, 2, 2, 2, 4 ),
 ( 0.002189565179306711927, 0.002736829203538002509, 0.003010461215653632838, 0.003284093227769263601, 0.003557725239884894364, 0.003831357252000524693, 0.004378621276231757162 ),
 .UNSPECIFIED. ) ;
#825 = EDGE_CURVE ( 'NONE', #2517, #2067, #5029, .T. ) ;
#826 = ORIENTED_EDGE ( 'NONE', *, *, #4736, .F. ) ;
#827 = CARTESIAN_POINT ( 'NONE',  ( 70.68161899798535330, 1.959045402311363926, 7.756888550151248118 ) ) ;
#828 = FACE_OUTER_BOUND ( 'NONE', #5830, .T. ) ;
#829 = DIRECTION ( 'NONE',  ( 0.000000000000000000, 0.000000000000000000, 1.000000000000000000 ) ) ;
#830 = CARTESIAN_POINT ( 'NONE',  ( 22.30000000000000426, 0.000000000000000000, 24.00000000000000000 ) ) ;
#831 = LINE ( 'NONE', #4256, #1091 ) ;
#832 = CARTESIAN_POINT ( 'NONE',  ( 77.69993446735442433, 9.089058827387553663, -4.174013007236856865 ) ) ;
#833 = EDGE_CURVE ( 'NONE', #4185, #4046, #756, .T. ) ;
#834 = ORIENTED_EDGE ( 'NONE', *, *, #2528, .T. ) ;
#835 = DIRECTION ( 'NONE',  ( -0.000000000000000000, 0.4338837391175589531, 0.9009688679024187019 ) ) ;
#836 = CARTESIAN_POINT ( 'NONE',  ( 77.00000000000001421, 28.56133945518099182, -14.53135754568381266 ) ) ;
#837 = CARTESIAN_POINT ( 'NONE',  ( 69.90745110525168116, 2.455789212633342267, -7.613744108066258676 ) ) ;
#838 = B_SPLINE_CURVE_WITH_KNOTS ( 'NONE', 3,
 ( #5721, #3769, #5692, #1114, #4918, #3015, #2878, #1410, #2591, #646, #504, #2437, #5284, #3511, #4452, #3307 ),
 .UNSPECIFIED., .F., .F.,
 ( 4, 2, 2, 2, 2, 2, 2, 4 ),
 ( 0.000000000000000000, 0.0002736956474133500497, 0.0005473912948267000995, 0.001094782589653370709, 0.001368478237066704170, 0.001642173884480037632, 0.001915869531893371310, 0.002189565179306704554 ),
 .UNSPECIFIED. ) ;
#839 = ORIENTED_EDGE ( 'NONE', *, *, #2953, .F. ) ;
#840 = CARTESIAN_POINT ( 'NONE',  ( 76.38828058685216149, -7.354078717951078481, -3.150352653215110710 ) ) ;
#841 = DIRECTION ( 'NONE',  ( 0.000000000000000000, 0.000000000000000000, 1.000000000000000000 ) ) ;
#842 = CARTESIAN_POINT ( 'NONE',  ( 73.43710854142003086, 26.36938615365743388, -21.02888373870646532 ) ) ;
#843 = CARTESIAN_POINT ( 'NONE',  ( 69.31838297155172768, -9.998668424379548725, 0.1838550388020163961 ) ) ;
#844 = CARTESIAN_POINT ( 'NONE',  ( 77.35287253598525581, 5.745198579865227195, 8.184982213713920984 ) ) ;
#845 = ORIENTED_EDGE ( 'NONE', *, *, #2410, .T. ) ;
#846 = EDGE_CURVE ( 'NONE', #2305, #667, #2248, .T. ) ;
#847 = CARTESIAN_POINT ( 'NONE',  ( 74.06128050092941351, 9.824954840260369693, 1.867346761046457138 ) ) ;
#848 = VERTEX_POINT ( 'NONE', #662 ) ;
#849 = FACE_OUTER_BOUND ( 'NONE', #4481, .T. ) ;
#850 = CARTESIAN_POINT ( 'NONE',  ( 76.63374405134041467, -9.981358935436700719, -0.6238748830898027675 ) ) ;
#851 = CARTESIAN_POINT ( 'NONE',  ( 22.30000000000000426, -8.999999999999854339, 12.83845726811997778 ) ) ;
#852 = CARTESIAN_POINT ( 'NONE',  ( 70.36629917073256024, 4.485654960592631468, 6.625379737313140893 ) ) ;
#853 = LINE ( 'NONE', #5193, #1394 ) ;
#854 = ORIENTED_EDGE ( 'NONE', *, *, #1665, .T. ) ;
#855 = CARTESIAN_POINT ( 'NONE',  ( 74.13703576169567100, -7.778724707344127687, -1.870825301720209666 ) ) ;
#856 = FACE_BOUND ( 'NONE', #3670, .T. ) ;
#857 = ORIENTED_EDGE ( 'NONE', *, *, #2771, .T. ) ;
#858 = CARTESIAN_POINT ( 'NONE',  ( 70.70007234839458476, -4.916078495656332592, -6.311950380567632912 ) ) ;
#859 = CARTESIAN_POINT ( 'NONE',  ( 70.09253170642543296, 9.291306452362329438, -3.697515978098010692 ) ) ;
#860 = FACE_OUTER_BOUND ( 'NONE', #5850, .T. ) ;
#861 = B_SPLINE_CURVE_WITH_KNOTS ( 'NONE', 3,
 ( #2569, #5874, #129, #3491, #2029, #3926, #4026, #4465, #4901, #1564, #5410, #2096, #1625, #2127, #5843, #3460 ),
 .UNSPECIFIED., .F., .F.,
 ( 4, 2, 2, 2, 2, 2, 2, 4 ),
 ( 0.000000000000000000, 0.0002736956474133480440, 0.0005473912948266960879, 0.001094782589653364203, 0.001368478237066698315, 0.001642173884480032211, 0.001915869531893366323, 0.002189565179306700218 ),
 .UNSPECIFIED. ) ;
#862 = EDGE_CURVE ( 'NONE', #5552, #2334, #1084, .T. ) ;
#863 = CYLINDRICAL_SURFACE ( 'NONE', #2982, 0.7000000000000012879 ) ;
#864 = CYLINDRICAL_SURFACE ( 'NONE', #2401, 2.749999999999999112 ) ;
#865 = CARTESIAN_POINT ( 'NONE',  ( 77.68192758678335963, 1.957984266027047004, -7.757158100774147691 ) ) ;
#866 = CARTESIAN_POINT ( 'NONE',  ( 77.36548765893749646, -5.461444805813921555, -5.847163137854043846 ) ) ;
#867 = ORIENTED_EDGE ( 'NONE', *, *, #2132, .T. ) ;
#868 = B_SPLINE_CURVE_WITH_KNOTS ( 'NONE', 3,
 ( #4299, #5365, #4388, #60, #4359, #2520, #5277, #3822, #996, #2902, #525, #1523, #582, #2431, #4326, #3851 ),
 .UNSPECIFIED., .F., .F.,
 ( 4, 2, 2, 2, 2, 2, 2, 4 ),
 ( 0.000000000000000000, 0.0002736485253891231912, 0.0005472970507782463825, 0.001094594101556463708, 0.001368242626945573781, 0.001641891152334684287, 0.001915539677723794359, 0.002189188203112904865 ),
 .UNSPECIFIED. ) ;
#869 = AXIS2_PLACEMENT_3D ( 'NONE', #465, #4615, #4208 ) ;
#870 = CARTESIAN_POINT ( 'NONE',  ( 0.000000000000000000, 1.469576158976823947E-15, -12.00000000000000000 ) ) ;
#871 = CARTESIAN_POINT ( 'NONE',  ( 38.00000000000000711, 0.000000000000000000, 0.000000000000000000 ) ) ;
#872 = EDGE_CURVE ( 'NONE', #1615, #3741, #1196, .T. ) ;
#873 = EDGE_LOOP ( 'NONE', ( #421, #5522 ) ) ;
#874 = CARTESIAN_POINT ( 'NONE',  ( 70.70007234839454213, 7.167886308996121336, 3.553864269145415200 ) ) ;
#875 = DIRECTION ( 'NONE',  ( -1.000000000000000000, -0.000000000000000000, -0.000000000000000000 ) ) ;
#876 = CARTESIAN_POINT ( 'NONE',  ( 70.43051374540979737, -9.238506750787049526, 3.828076984655445436 ) ) ;
#877 =( LENGTH_UNIT ( ) NAMED_UNIT ( * ) SI_UNIT ( .MILLI., .METRE. ) );
#878 = AXIS2_PLACEMENT_3D ( 'NONE', #5484, #4065, #1631 ) ;
#879 = EDGE_LOOP ( 'NONE', ( #3774, #752 ) ) ;
#880 = VECTOR ( 'NONE', #4331, 1000.000000000000000 ) ;
#881 = CARTESIAN_POINT ( 'NONE',  ( 74.11900067817302329, 9.707308430043452674, 2.403196643019325673 ) ) ;
#882 = ORIENTED_EDGE ( 'NONE', *, *, #2464, .F. ) ;
#883 = CARTESIAN_POINT ( 'NONE',  ( 85.00100000000000477, -18.00000000000000000, 0.000000000000000000 ) ) ;
#884 = FACE_OUTER_BOUND ( 'NONE', #591, .T. ) ;
#885 = CARTESIAN_POINT ( 'NONE',  ( 69.29996708377639436, 8.000002880169384767, -0.09110905475475389315 ) ) ;
#886 = FACE_OUTER_BOUND ( 'NONE', #2684, .T. ) ;
#887 = VERTEX_POINT ( 'NONE', #2129 ) ;
#888 = CARTESIAN_POINT ( 'NONE',  ( 69.90860718336330137, -4.421505313550072813, 6.667105126083472832 ) ) ;
#889 = CARTESIAN_POINT ( 'NONE',  ( 73.43710854142032929, 9.881128709808569610, -1.537301343327598602 ) ) ;
#890 = ORIENTED_EDGE ( 'NONE', *, *, #3685, .F. ) ;
#891 = DIRECTION ( 'NONE',  ( -1.000000000000000000, -0.000000000000000000, -0.000000000000000000 ) ) ;
#892 = CARTESIAN_POINT ( 'NONE',  ( 74.06128050092939930, 7.585709633095750526, -6.517187345895828265 ) ) ;
#893 = CARTESIAN_POINT ( 'NONE',  ( 77.68161899798533909, -7.286024504223393095, -3.304697534062837949 ) ) ;
#894 = CARTESIAN_POINT ( 'NONE',  ( 70.55920409114581560, -1.357609640821669572, 7.884229201073228666 ) ) ;
#895 = CARTESIAN_POINT ( 'NONE',  ( 77.18332813216636623, -2.884723774536734897, 9.574946960976925325 ) ) ;
#896 = ORIENTED_EDGE ( 'NONE', *, *, #653, .T. ) ;
#897 = ADVANCED_FACE ( 'NONE', ( #4059 ), #1098, .F. ) ;
#898 = CARTESIAN_POINT ( 'NONE',  ( 76.99999999999980105, -7.969316156358251746, 0.7000000000052533089 ) ) ;
#899 = CARTESIAN_POINT ( 'NONE',  ( 73.62016752706283285, -9.574924633298374843, -2.884797687212267370 ) ) ;
#900 = LINE ( 'NONE', #2748, #394 ) ;
#901 = EDGE_LOOP ( 'NONE', ( #5681, #460, #4908, #1156 ) ) ;
#902 = VECTOR ( 'NONE', #2913, 1000.000000000000000 ) ;
#903 = CARTESIAN_POINT ( 'NONE',  ( 73.25208770019281701, -9.569599402269028943, 2.902200420386615409 ) ) ;
#904 = EDGE_CURVE ( 'NONE', #3457, #5054, #3146, .T. ) ;
#905 = CARTESIAN_POINT ( 'NONE',  ( 73.00627465267579908, 0.5592045693895394409, -7.980693942334067259 ) ) ;
#906 = LINE ( 'NONE', #964, #1857 ) ;
#907 = ORIENTED_EDGE ( 'NONE', *, *, #4066, .F. ) ;
#908 = CARTESIAN_POINT ( 'NONE',  ( 72.73718330510583030, -4.255084748079037915, -9.050016017499256549 ) ) ;
#909 = EDGE_CURVE ( 'NONE', #1593, #4205, #1051, .T. ) ;
#910 = ORIENTED_EDGE ( 'NONE', *, *, #1924, .T. ) ;
#911 = CARTESIAN_POINT ( 'NONE',  ( 77.42973211210460249, -9.984508530219265765, 0.5602436274822002460 ) ) ;
#912 = CARTESIAN_POINT ( 'NONE',  ( 76.31805170002294858, -9.998691246639886288, -0.1827000438273091443 ) ) ;
#913 = DIRECTION ( 'NONE',  ( 0.000000000000000000, 0.7818314824680316910, 0.6234898018587313739 ) ) ;
#914 = CYLINDRICAL_SURFACE ( 'NONE', #5591, 0.7000000000000002887 ) ;
#915 = VERTEX_POINT ( 'NONE', #4245 ) ;
#916 = CARTESIAN_POINT ( 'NONE',  ( 70.00000000000029843, -6.766885797698668270, -7.362693569672995153 ) ) ;
#917 = CARTESIAN_POINT ( 'NONE',  ( 73.43710854142032929, 9.569599402267739308, 2.902200420390868452 ) ) ;
#918 = CARTESIAN_POINT ( 'NONE',  ( 77.61173969054669897, -4.707821415441617141, -6.468664599956063910 ) ) ;
#919 = ORIENTED_EDGE ( 'NONE', *, *, #1083, .T. ) ;
#920 = CARTESIAN_POINT ( 'NONE',  ( 73.25438029584989863, 4.958872393161409597, -8.683869217597743884 ) ) ;
#921 = DIRECTION ( 'NONE',  ( 0.000000000000000000, -0.7818314824680359099, -0.6234898018587259338 ) ) ;
#922 = CYLINDRICAL_SURFACE ( 'NONE', #2187, 0.7000000000000015099 ) ;
#923 = CARTESIAN_POINT ( 'NONE',  ( 69.30006596912041061, -1.958554358310385268, 7.758701733914650234 ) ) ;
#924 = CARTESIAN_POINT ( 'NONE',  ( 77.61126478936334649, 1.434168475603237347, -7.870853807012975878 ) ) ;
#925 = ORIENTED_EDGE ( 'NONE', *, *, #4763, .T. ) ;
#926 = CARTESIAN_POINT ( 'NONE',  ( 77.09138514484499183, -8.683869217597750989, 4.958872393161398051 ) ) ;
#927 = CARTESIAN_POINT ( 'NONE',  ( 70.69993446735443854, -6.091867645619394978, -7.932371873566544274 ) ) ;
#928 = ORIENTED_EDGE ( 'NONE', *, *, #2277, .F. ) ;
#929 = ADVANCED_FACE ( 'NONE', ( #2256 ), #914, .F. ) ;
#930 = LINE ( 'NONE', #2838, #3871 ) ;
#931 = CARTESIAN_POINT ( 'NONE',  ( 0.000000000000000000, 0.000000000000000000, 0.000000000000000000 ) ) ;
#932 = CARTESIAN_POINT ( 'NONE',  ( 76.90860718336334401, 7.969316156358721592, -0.6999999999999333422 ) ) ;
#933 = CARTESIAN_POINT ( 'NONE',  ( 72.75549151297175854, -4.503907308334015092, 8.928717259153911456 ) ) ;
#934 = EDGE_CURVE ( 'NONE', #4924, #293, #853, .T. ) ;
#935 = ADVANCED_FACE ( 'NONE', ( #886 ), #4660, .F. ) ;
#936 = VERTEX_POINT ( 'NONE', #5543 ) ;
#937 = ORIENTED_EDGE ( 'NONE', *, *, #2430, .T. ) ;
#938 = B_SPLINE_CURVE_WITH_KNOTS ( 'NONE', 3,
 ( #1144, #3045, #3144, #5042, #307, #1675, #1244, #4074, #4106, #4042, #6019, #680, #2651, #5990, #5497, #1179 ),
 .UNSPECIFIED., .F., .F.,
 ( 4, 2, 2, 2, 2, 2, 2, 4 ),
 ( 0.000000000000000000, 0.0002736485253891043261, 0.0005472970507782086522, 0.001094594101556443108, 0.001368242626945559252, 0.001641891152334675396, 0.001915539677723791757, 0.002189188203112907901 ),
 .UNSPECIFIED. ) ;
#939 = DIRECTION ( 'NONE',  ( -1.000000000000000000, -0.000000000000000000, -0.000000000000000000 ) ) ;
#940 = CARTESIAN_POINT ( 'NONE',  ( 69.30007476368578523, -2.134582873067771835, 9.769958653358449041 ) ) ;
#941 = CARTESIAN_POINT ( 'NONE',  ( 38.00000000000000711, 0.000000000000000000, 0.000000000000000000 ) ) ;
#942 = EDGE_CURVE ( 'NONE', #5836, #4309, #5380, .T. ) ;
#943 = CARTESIAN_POINT ( 'NONE',  ( 77.56041628925872544, 2.641941886749875845, 9.644917136979055172 ) ) ;
#944 = VERTEX_POINT ( 'NONE', #2824 ) ;
#945 = CARTESIAN_POINT ( 'NONE',  ( 85.00100000000000477, -18.00000000000000000, 0.000000000000000000 ) ) ;
#946 = CARTESIAN_POINT ( 'NONE',  ( 70.61126478936333228, -7.354382560517592538, -3.149640617806968912 ) ) ;
#947 = CARTESIAN_POINT ( 'NONE',  ( 77.36629917073253182, -4.485654960592572849, -6.625379737313177309 ) ) ;
#948 = ORIENTED_EDGE ( 'NONE', *, *, #3106, .T. ) ;
#949 = CARTESIAN_POINT ( 'NONE',  ( 73.99752483067874209, 4.721898857006397776, -8.815211551423903558 ) ) ;
#950 = CARTESIAN_POINT ( 'NONE',  ( 73.62043667358638288, 7.375094386039632077, -6.753460102636685392 ) ) ;
#951 = DIRECTION ( 'NONE',  ( -0.000000000000000000, -0.2225209339563050392, 0.9749279121818257288 ) ) ;
#952 = CARTESIAN_POINT ( 'NONE',  ( 76.31838297155175610, -6.090324137221713841, 7.931905498652399800 ) ) ;
#953 = CARTESIAN_POINT ( 'NONE',  ( 77.43051374540979737, -2.767203639603858178, 9.609722389421548883 ) ) ;
#954 = ORIENTED_EDGE ( 'NONE', *, *, #1442, .T. ) ;
#955 = FACE_OUTER_BOUND ( 'NONE', #2904, .T. ) ;
#956 = DIRECTION ( 'NONE',  ( 0.000000000000000000, 0.000000000000000000, 1.000000000000000000 ) ) ;
#957 = CARTESIAN_POINT ( 'NONE',  ( 69.99999999999980105, -1.090890135573508779, 7.925273415605825988 ) ) ;
#958 = DIRECTION ( 'NONE',  ( -0.000000000000000000, 0.4338837391175526248, -0.9009688679024218105 ) ) ;
#959 = CARTESIAN_POINT ( 'NONE',  ( 70.35269246556350708, -6.701421786604718100, -7.422411027928113469 ) ) ;
#960 = EDGE_LOOP ( 'NONE', ( #3930, #4391 ) ) ;
#961 = CARTESIAN_POINT ( 'NONE',  ( 73.07085259276045974, -9.592280206005654009, 2.829294349700037792 ) ) ;
#962 = CARTESIAN_POINT ( 'NONE',  ( 74.13710854142004791, -0.1850547014755492548, 8.000000000000000000 ) ) ;
#963 = DIRECTION ( 'NONE',  ( 0.000000000000000000, 0.000000000000000000, 1.000000000000000000 ) ) ;
#964 = CARTESIAN_POINT ( 'NONE',  ( 77.00000000000001421, -28.56133945518108774, -14.53135754568311633 ) ) ;
#965 = CARTESIAN_POINT ( 'NONE',  ( 69.63374405134038625, -9.263582827204597692, 3.768657489251634907 ) ) ;
#966 = VECTOR ( 'NONE', #1218, 1000.000000000000000 ) ;
#967 = EDGE_LOOP ( 'NONE', ( #309, #4132 ) ) ;
#968 = VECTOR ( 'NONE', #577, 999.9999999999998863 ) ;
#969 = EDGE_CURVE ( 'NONE', #2390, #2067, #1357, .T. ) ;
#970 = CARTESIAN_POINT ( 'NONE',  ( 76.44014412312341733, -2.642419297395322886, 9.644781323269901563 ) ) ;
#971 = CYLINDRICAL_SURFACE ( 'NONE', #3072, 0.7000000000000002887 ) ;
#972 = CARTESIAN_POINT ( 'NONE',  ( 73.43710854142003086, -13.90010016731158871, -28.86385541192115767 ) ) ;
#973 = CIRCLE ( 'NONE', #1769, 10.09999999999999787 ) ;
#974 = CARTESIAN_POINT ( 'NONE',  ( 73.99693945301240205, 7.692712520773862472, -2.196898574127005510 ) ) ;
#975 = ORIENTED_EDGE ( 'NONE', *, *, #5222, .T. ) ;
#976 = CARTESIAN_POINT ( 'NONE',  ( 69.81690483603881603, 4.436736265831621395, -6.657072435396759857 ) ) ;
#977 = CARTESIAN_POINT ( 'NONE',  ( 73.08421115242198596, 5.855176637411831031, -5.451435612476121406 ) ) ;
#978 = ORIENTED_EDGE ( 'NONE', *, *, #4094, .F. ) ;
#979 = ADVANCED_FACE ( 'NONE', ( #1750 ), #4781, .F. ) ;
#980 = AXIS2_PLACEMENT_3D ( 'NONE', #1711, #3578, #746 ) ;
#981 = DIRECTION ( 'NONE',  ( -1.000000000000000000, -0.000000000000000000, -0.000000000000000000 ) ) ;
#982 = CARTESIAN_POINT ( 'NONE',  ( 77.55983091159234277, 4.644660977630971743, 6.513932274375003217 ) ) ;
#983 = CARTESIAN_POINT ( 'NONE',  ( 73.43710854142032929, 8.235579292280885255, -5.672321722236346453 ) ) ;
#984 = CARTESIAN_POINT ( 'NONE',  ( 73.43710854142003086, 4.088434899662630961, 6.876387137968640317 ) ) ;
#985 = DIRECTION ( 'NONE',  ( -1.000000000000000000, -0.000000000000000000, -0.000000000000000000 ) ) ;
#986 = CARTESIAN_POINT ( 'NONE',  ( 73.99631263256586067, 3.077977578032775607, 7.384458548941501554 ) ) ;
#987 = VERTEX_POINT ( 'NONE', #2733 ) ;
#988 = CARTESIAN_POINT ( 'NONE',  ( 26.30000000000000426, 8.999999999999962697, -15.58845726811991561 ) ) ;
#989 = CARTESIAN_POINT ( 'NONE',  ( 70.00000000000000000, -21.57704197992319806, -25.93404201677938659 ) ) ;
#990 = CARTESIAN_POINT ( 'NONE',  ( 74.13704300877445519, -4.503657794417678772, -8.930310264659059527 ) ) ;
#991 = CARTESIAN_POINT ( 'NONE',  ( 73.43710854142003086, 7.925273415605102123, 1.090890135578731490 ) ) ;
#992 = CARTESIAN_POINT ( 'NONE',  ( 73.80259620035752732, 7.637744046083862592, 2.383602738323138848 ) ) ;
#993 = ORIENTED_EDGE ( 'NONE', *, *, #872, .T. ) ;
#994 = CARTESIAN_POINT ( 'NONE',  ( 72.82582456632033541, -9.664956625304865767, -2.568226307581383594 ) ) ;
#995 = CARTESIAN_POINT ( 'NONE',  ( 70.00000000000000000, -28.56133945518103090, 14.53135754568358884 ) ) ;
#996 = CARTESIAN_POINT ( 'NONE',  ( 77.68189213675300664, -6.091110741851438526, 7.931302603703513476 ) ) ;
#997 = CARTESIAN_POINT ( 'NONE',  ( 73.25208770019280280, -3.697515978097943634, 9.291306452362357859 ) ) ;
#998 = CIRCLE ( 'NONE', #3976, 24.00000000000000000 ) ;
#999 = ORIENTED_EDGE ( 'NONE', *, *, #5214, .F. ) ;
#1000 = CARTESIAN_POINT ( 'NONE',  ( 69.99999999999980105, -7.969316156358251746, 0.7000000000052533089 ) ) ;
#1001 = CARTESIAN_POINT ( 'NONE',  ( 77.43051374540979737, 8.753025847433725914, 4.836188468095893533 ) ) ;
#1002 = LINE ( 'NONE', #1409, #6 ) ;
#1003 = CARTESIAN_POINT ( 'NONE',  ( 74.11903612820337628, 7.757158100774122822, -1.957984266027146703 ) ) ;
#1004 = VERTEX_POINT ( 'NONE', #2908 ) ;
#1005 = EDGE_CURVE ( 'NONE', #5580, #915, #3801, .T. ) ;
#1006 = CARTESIAN_POINT ( 'NONE',  ( 70.55983091159235698, -7.010984234371058221, -3.853607314928789052 ) ) ;
#1007 = ORIENTED_EDGE ( 'NONE', *, *, #3678, .F. ) ;
#1008 = CARTESIAN_POINT ( 'NONE',  ( 69.38825132211495372, 9.157324047355515972, -4.018783677105790986 ) ) ;
#1009 = CARTESIAN_POINT ( 'NONE',  ( 76.90745110525168116, -7.483824372733235641, 2.827078484599248043 ) ) ;
#1010 = CARTESIAN_POINT ( 'NONE',  ( 73.78980100698356637, 4.881761316921949145, -8.727522321603865763 ) ) ;
#1011 = CARTESIAN_POINT ( 'NONE',  ( 74.13704300877444098, 7.704250602826436811, -6.377922671304703250 ) ) ;
#1012 = CARTESIAN_POINT ( 'NONE',  ( 76.81727175442982514, 5.672321722239873409, -8.235579292278455199 ) ) ;
#1013 = EDGE_CURVE ( 'NONE', #1088, #6064, #317, .T. ) ;
#1014 = FACE_OUTER_BOUND ( 'NONE', #6126, .T. ) ;
#1015 = CARTESIAN_POINT ( 'NONE',  ( 76.30007476368578523, 2.315833476951348668, 9.728589385792748345 ) ) ;
#1016 = ORIENTED_EDGE ( 'NONE', *, *, #1582, .T. ) ;
#1017 = CARTESIAN_POINT ( 'NONE',  ( 69.64710261100198352, -6.921433678458681626, -4.011857366228785970 ) ) ;
#1019 = B_SPLINE_CURVE_WITH_KNOTS ( 'NONE', 3,
 ( #4489, #2117, #3119, #715, #4082, #3577, #5018, #1249, #6024, #4016, #5927, #3151, #1183, #5995 ),
 .UNSPECIFIED., .F., .F.,
 ( 4, 2, 2, 2, 2, 2, 4 ),
 ( 0.002189188203112912671, 0.002736359354753675928, 0.003009944930574057556, 0.003283530506394439184, 0.003557116082214820812, 0.003830701658035202441, 0.004377872809675965697 ),
 .UNSPECIFIED. ) ;
#1018 = CARTESIAN_POINT ( 'NONE',  ( 72.73718330510583030, -7.760353677051994303, -6.307570605026429966 ) ) ;
#1020 = DIRECTION ( 'NONE',  ( 0.000000000000000000, 0.000000000000000000, 1.000000000000000000 ) ) ;
#1021 = CARTESIAN_POINT ( 'NONE',  ( 72.75522068568682243, -3.635132887971805005, 7.126921110565642259 ) ) ;
#1022 = EDGE_CURVE ( 'NONE', #1212, #2673, #3359, .T. ) ;
#1023 = CARTESIAN_POINT ( 'NONE',  ( 69.38825132211498214, -6.506778991434171822, 7.594012977884519344 ) ) ;
#1024 = CARTESIAN_POINT ( 'NONE',  ( 70.55920409114582981, 4.644002866966043364, -6.514400310352359114 ) ) ;
#1025 = CARTESIAN_POINT ( 'NONE',  ( 73.43710854141983191, -2.827078484594266250, -7.483824372735117691 ) ) ;
#1026 = CYLINDRICAL_SURFACE ( 'NONE', #5475, 0.7000000000000012879 ) ;
#1027 = EDGE_CURVE ( 'NONE', #2079, #4509, #838, .T. ) ;
#1028 = ORIENTED_EDGE ( 'NONE', *, *, #4474, .F. ) ;
#1029 = CARTESIAN_POINT ( 'NONE',  ( 69.38871602490030455, 2.568226307581514600, 9.664956625304830240 ) ) ;
#1030 = CARTESIAN_POINT ( 'NONE',  ( 77.18305898564281620, 9.284619458973892847, 3.714442210013848999 ) ) ;
#1031 = DIRECTION ( 'NONE',  ( 0.000000000000000000, 0.7818314824680316910, 0.6234898018587313739 ) ) ;
#1032 = ORIENTED_EDGE ( 'NONE', *, *, #2670, .T. ) ;
#1033 = CARTESIAN_POINT ( 'NONE',  ( 70.00000000000000000, -6.876387137968698049, -4.088434899662539479 ) ) ;
#1034 = EDGE_LOOP ( 'NONE', ( #1295, #3495, #4015, #470 ) ) ;
#1035 = CARTESIAN_POINT ( 'NONE',  ( 69.30007476368578523, 8.969351910186700749, -4.422585492848964073 ) ) ;
#1036 = CARTESIAN_POINT ( 'NONE',  ( 77.18305898564280199, 9.976789157673380259, -0.6818486142979640618 ) ) ;
#1037 = CARTESIAN_POINT ( 'NONE',  ( 73.52964024784544961, 4.958872393161456671, 8.683869217597710133 ) ) ;
#1038 = CARTESIAN_POINT ( 'NONE',  ( 72.75549151297178696, 7.931905498652270126, -6.090324137221884371 ) ) ;
#1039 = CARTESIAN_POINT ( 'NONE',  ( 69.29992569189745666, -6.163108443358928490, -7.875571753576103617 ) ) ;
#1040 = CARTESIAN_POINT ( 'NONE',  ( 76.44079562782334847, -8.814578663659428770, 4.723068019828910558 ) ) ;
#1041 = CARTESIAN_POINT ( 'NONE',  ( 69.44079562782337689, 1.803156632733107889, -9.836299847788364303 ) ) ;
#1042 = ORIENTED_EDGE ( 'NONE', *, *, #5451, .F. ) ;
#1043 = CARTESIAN_POINT ( 'NONE',  ( 77.55983091159237119, -7.988696079415075424, -0.4300281653687503813 ) ) ;
#1044 = EDGE_CURVE ( 'NONE', #698, #4301, #4998, .T. ) ;
#1045 = CARTESIAN_POINT ( 'NONE',  ( 69.57028713879576287, 6.947208503671121527, -3.967440468639622964 ) ) ;
#1046 = CARTESIAN_POINT ( 'NONE',  ( 70.00000000000000000, -6.766885797695191940, 7.362693569676186378 ) ) ;
#1047 = CARTESIAN_POINT ( 'NONE',  ( 70.00000000000029843, -2.902200420390996349, -9.569599402267700228 ) ) ;
#1048 = CARTESIAN_POINT ( 'NONE',  ( 69.81727175442985356, -5.672321722239827224, 8.235579292278490726 ) ) ;
#1049 = CARTESIAN_POINT ( 'NONE',  ( 74.06093845237678863, -0.3662999981441251718, 7.992655051287255397 ) ) ;
#1050 = EDGE_CURVE ( 'NONE', #447, #1585, #3950, .T. ) ;
#1051 = B_SPLINE_CURVE_WITH_KNOTS ( 'NONE', 3,
 ( #1130, #2705, #5576, #389, #3279, #4598, #1291, #2346, #4721, #5124, #446, #5611, #3223, #352 ),
 .UNSPECIFIED., .F., .F.,
 ( 4, 2, 2, 2, 2, 2, 4 ),
 ( 0.002189188203112912238, 0.002736359354753675928, 0.003009944930574057556, 0.003283530506394439184, 0.003557116082214820812, 0.003830701658035202007, 0.004377872809675966564 ),
 .UNSPECIFIED. ) ;
#1052 = CARTESIAN_POINT ( 'NONE',  ( 73.25378040925369305, 7.375094386039727112, 6.753460102636579698 ) ) ;
#1053 = AXIS2_PLACEMENT_3D ( 'NONE', #931, #5683, #341 ) ;
#1054 = ORIENTED_EDGE ( 'NONE', *, *, #2024, .F. ) ;
#1055 = CARTESIAN_POINT ( 'NONE',  ( 74.13718284952257420, 7.761066029279796830, 6.306694080061838292 ) ) ;
#1056 = FACE_OUTER_BOUND ( 'NONE', #1725, .T. ) ;
#1057 = AXIS2_PLACEMENT_3D ( 'NONE', #3219, #3766, #3711 ) ;
#1058 = CARTESIAN_POINT ( 'NONE',  ( 72.87669828762024338, 7.884012142114414701, -1.358912215219303610 ) ) ;
#1059 = EDGE_LOOP ( 'NONE', ( #175, #5464 ) ) ;
#1060 = VECTOR ( 'NONE', #1517, 1000.000000000000000 ) ;
#1061 = LINE ( 'NONE', #593, #3543 ) ;
#1062 = EDGE_LOOP ( 'NONE', ( #1525, #2379 ) ) ;
#1063 = CARTESIAN_POINT ( 'NONE',  ( 77.35287253598522739, 9.981349502321656075, 0.6114758158766288032 ) ) ;
#1064 = CARTESIAN_POINT ( 'NONE',  ( 77.36629917073256024, 4.485654960592631468, 6.625379737313140893 ) ) ;
#1065 = CARTESIAN_POINT ( 'NONE',  ( 73.07085259276043132, 7.414761026295607849, -6.711040529657087639 ) ) ;
#1066 = AXIS2_PLACEMENT_3D ( 'NONE', #2892, #4794, #3812 ) ;
#1067 = CARTESIAN_POINT ( 'NONE',  ( 73.34455964667169781, 4.088434899662630961, 6.876387137968640317 ) ) ;
#1068 = CARTESIAN_POINT ( 'NONE',  ( 76.44014412312340312, -9.188115164212776520, 3.947496199631649549 ) ) ;
#1069 = CARTESIAN_POINT ( 'NONE',  ( 69.38871602490030455, 1.879575570137422602, -9.822136662260415818 ) ) ;
#1070 = VERTEX_POINT ( 'NONE', #1247 ) ;
#1071 = AXIS2_PLACEMENT_3D ( 'NONE', #1994, #1501, #5314 ) ;
#1072 = CARTESIAN_POINT ( 'NONE',  ( 70.09253170642543296, -6.766885797695192828, 7.362693569676189043 ) ) ;
#1073 = DIRECTION ( 'NONE',  ( -0.000000000000000000, -1.000000000000000000, -0.000000000000000000 ) ) ;
#1074 = CARTESIAN_POINT ( 'NONE',  ( 70.43051374540979737, -2.767203639603858178, 9.609722389421548883 ) ) ;
#1075 = CARTESIAN_POINT ( 'NONE',  ( 70.09253170642543296, 1.537301343332124759, 9.881128709807869726 ) ) ;
#1076 = AXIS2_PLACEMENT_3D ( 'NONE', #3238, #2238, #4579 ) ;
#1077 = CYLINDRICAL_SURFACE ( 'NONE', #3189, 0.7000000000000017319 ) ;
#1078 = CARTESIAN_POINT ( 'NONE',  ( 70.18505475354399437, 5.516069389005306967, -5.794219403481249309 ) ) ;
#1079 = EDGE_CURVE ( 'NONE', #796, #4237, #2549, .T. ) ;
#1080 = DIRECTION ( 'NONE',  ( -0.000000000000000000, 0.9009688679024187019, -0.4338837391175590641 ) ) ;
#1081 = CARTESIAN_POINT ( 'NONE',  ( 77.43051374540978316, 2.767203639603923460, -9.609722389421525790 ) ) ;
#1082 = VERTEX_POINT ( 'NONE', #4109 ) ;
#1083 = EDGE_CURVE ( 'NONE', #3529, #3322, #3574, .T. ) ;
#1084 = CIRCLE ( 'NONE', #4184, 2.749999999999999112 ) ;
#1085 = DIRECTION ( 'NONE',  ( -1.000000000000000000, -0.000000000000000000, -0.000000000000000000 ) ) ;
#1086 = CARTESIAN_POINT ( 'NONE',  ( 70.70003269886105102, 9.049214572295879222, 4.256766303500988613 ) ) ;
#1087 = CARTESIAN_POINT ( 'NONE',  ( 72.82538912827222077, 7.870716025197983967, -1.434930270128876639 ) ) ;
#1088 = VERTEX_POINT ( 'NONE', #5499 ) ;
#1089 = AXIS2_PLACEMENT_3D ( 'NONE', #1841, #3739, #5663 ) ;
#1090 = EDGE_CURVE ( 'NONE', #4072, #3123, #4873, .T. ) ;
#1091 = VECTOR ( 'NONE', #1912, 1000.000000000000000 ) ;
#1092 = CARTESIAN_POINT ( 'NONE',  ( 69.99999999999980105, 5.516069389009209623, 5.794219403477535835 ) ) ;
#1093 = ORIENTED_EDGE ( 'NONE', *, *, #3599, .F. ) ;
#1094 = DIRECTION ( 'NONE',  ( -1.000000000000000000, 0.000000000000000000, 0.000000000000000000 ) ) ;
#1095 = FACE_BOUND ( 'NONE', #2664, .T. ) ;
#1096 = CYLINDRICAL_SURFACE ( 'NONE', #201, 0.7000000000000015099 ) ;
#1097 = DIRECTION ( 'NONE',  ( -0.000000000000000000, 0.2225209339563246069, 0.9749279121818213989 ) ) ;
#1098 = CYLINDRICAL_SURFACE ( 'NONE', #586, 0.7000000000000016209 ) ;
#1099 = ORIENTED_EDGE ( 'NONE', *, *, #1319, .F. ) ;
#1100 = CARTESIAN_POINT ( 'NONE',  ( 76.81727175442982514, -8.683869217597637302, 4.958872393161590786 ) ) ;
#1101 = CARTESIAN_POINT ( 'NONE',  ( 73.43710854142032929, 9.881128709808569610, -1.537301343327598602 ) ) ;
#1102 = ORIENTED_EDGE ( 'NONE', *, *, #1916, .F. ) ;
#1103 = DIRECTION ( 'NONE',  ( 0.000000000000000000, 0.000000000000000000, 1.000000000000000000 ) ) ;
#1104 = CARTESIAN_POINT ( 'NONE',  ( 77.00000000000029843, 6.766885797698723337, 7.362693569672944527 ) ) ;
#1105 = CARTESIAN_POINT ( 'NONE',  ( 77.00000000000001421, 7.483824372733252517, -2.827078484599195196 ) ) ;
#1106 = CARTESIAN_POINT ( 'NONE',  ( 73.08421115242201438, -5.855176637411874552, 5.451435612476078774 ) ) ;
#1107 = CARTESIAN_POINT ( 'NONE',  ( 73.00657962768575260, -2.958643474510907811, 7.433075628463999607 ) ) ;
#1108 = CARTESIAN_POINT ( 'NONE',  ( 69.38871602490029034, -5.955104454708909145, 8.033922072654402058 ) ) ;
#1109 = CARTESIAN_POINT ( 'NONE',  ( 74.04884823196672983, -3.785418262633387876, -7.048248914683496125 ) ) ;
#1110 = CYLINDRICAL_SURFACE ( 'NONE', #2662, 0.7000000000000023981 ) ;
#1111 = CARTESIAN_POINT ( 'NONE',  ( 70.61126478936336071, -7.047870718911980248, 3.786119015203824212 ) ) ;
#1112 = EDGE_CURVE ( 'NONE', #4425, #3488, #1943, .T. ) ;
#1113 = B_SPLINE_CURVE_WITH_KNOTS ( 'NONE', 3,
 ( #4950, #3538, #2050, #3946, #3083, #681, #711, #5862, #1583, #4917, #2083, #2622, #3983, #4515, #4043, #6020 ),
 .UNSPECIFIED., .F., .F.,
 ( 4, 2, 2, 2, 2, 2, 2, 4 ),
 ( 0.000000000000000000, 0.0002736485253891251970, 0.0005472970507782503940, 0.001094594101556469997, 0.001368242626945579635, 0.001641891152334689274, 0.001915539677723798913, 0.002189188203112908335 ),
 .UNSPECIFIED. ) ;
#1114 = CARTESIAN_POINT ( 'NONE',  ( 76.64710261100198352, 5.451435612476037029, -5.855176637411912743 ) ) ;
#1115 = VERTEX_POINT ( 'NONE', #3672 ) ;
#1116 = B_SPLINE_CURVE_WITH_KNOTS ( 'NONE', 3,
 ( #5200, #2801, #4816, #1939, #1481, #1389, #4698, #1849, #483, #3747, #5672, #3287, #453, #4253, #2385, #6162 ),
 .UNSPECIFIED., .F., .F.,
 ( 4, 2, 2, 2, 2, 2, 2, 4 ),
 ( 0.000000000000000000, 0.0002736956474133278778, 0.0005473912948266557556, 0.001094782589653338183, 0.001368478237066680534, 0.001642173884480022670, 0.001915869531893364805, 0.002189565179306707157 ),
 .UNSPECIFIED. ) ;
#1117 = CARTESIAN_POINT ( 'NONE',  ( 74.11905684139711070, 7.703379985975115751, 6.376922670326621301 ) ) ;
#1118 = CYLINDRICAL_SURFACE ( 'NONE', #5061, 0.7000000000000007327 ) ;
#1119 = FACE_OUTER_BOUND ( 'NONE', #1630, .T. ) ;
#1120 = EDGE_CURVE ( 'NONE', #887, #4676, #5617, .T. ) ;
#1121 = B_SPLINE_CURVE_WITH_KNOTS ( 'NONE', 3,
 ( #3566, #4508, #2204, #5072, #6015, #1173, #5885, #1700, #1730, #2614, #3974, #5008, #1139, #1238 ),
 .UNSPECIFIED., .F., .F.,
 ( 4, 2, 2, 2, 2, 2, 4 ),
 ( 0.002189188203112912671, 0.002736359354753675928, 0.003009944930574057556, 0.003283530506394439184, 0.003557116082214820812, 0.003830701658035202441, 0.004377872809675965697 ),
 .UNSPECIFIED. ) ;
#1122 = ORIENTED_EDGE ( 'NONE', *, *, #4142, .T. ) ;
#1123 = CARTESIAN_POINT ( 'NONE',  ( 76.81663884680024523, -7.970975084870675076, -0.6817623402896232365 ) ) ;
#1124 = ORIENTED_EDGE ( 'NONE', *, *, #1195, .F. ) ;
#1125 = CARTESIAN_POINT ( 'NONE',  ( 70.00000000000029843, 8.683869217595479029, -4.958872393165376202 ) ) ;
#1126 = FACE_OUTER_BOUND ( 'NONE', #1610, .T. ) ;
#1127 = CARTESIAN_POINT ( 'NONE',  ( 77.61173969054668476, 5.258892854776049397, -6.029199791713729439 ) ) ;
#1128 = EDGE_CURVE ( 'NONE', #1115, #2463, #5309, .T. ) ;
#1129 = CARTESIAN_POINT ( 'NONE',  ( 73.43710854142003086, 7.362693569676045158, -6.766885797695352700 ) ) ;
#1130 = CARTESIAN_POINT ( 'NONE',  ( 77.00000000000029843, 9.291306452364079149, 3.697515978093625311 ) ) ;
#1131 = ORIENTED_EDGE ( 'NONE', *, *, #2855, .T. ) ;
#1132 = CARTESIAN_POINT ( 'NONE',  ( 76.31838297155174189, 8.928717259153879482, -4.503907308334080817 ) ) ;
#1133 = CARTESIAN_POINT ( 'NONE',  ( 70.61126478936334649, 7.047870718912005117, -3.786119015203774030 ) ) ;
#1134 = ORIENTED_EDGE ( 'NONE', *, *, #3443, .F. ) ;
#1135 = CARTESIAN_POINT ( 'NONE',  ( 73.99752483067874209, -4.721898857006459949, 8.815211551423869807 ) ) ;
#1136 = DIRECTION ( 'NONE',  ( -0.000000000000000000, 0.2225209339563114785, -0.9749279121818243965 ) ) ;
#1137 = CARTESIAN_POINT ( 'NONE',  ( 77.18274313490444172, 6.876387137968606567, -4.088434899662707345 ) ) ;
#1138 = CARTESIAN_POINT ( 'NONE',  ( 70.42973211210463091, 2.767959313293673063, 9.609510120297839464 ) ) ;
#1139 = CARTESIAN_POINT ( 'NONE',  ( 76.81497915877275773, 9.975469913743410189, 0.7000000000000018430 ) ) ;
#1140 = CARTESIAN_POINT ( 'NONE',  ( 69.81497915877277194, -6.766885797695193716, 7.362693569676188154 ) ) ;
#1141 = CARTESIAN_POINT ( 'NONE',  ( 73.43710854142003086, -7.925273415605095906, -1.090890135578783449 ) ) ;
#1142 = ORIENTED_EDGE ( 'NONE', *, *, #2818, .F. ) ;
#1143 = CARTESIAN_POINT ( 'NONE',  ( 72.82535986353498458, 4.653813596832383048, 8.851509755831807880 ) ) ;
#1144 = CARTESIAN_POINT ( 'NONE',  ( 73.43710854142003086, -8.235579292278364605, -5.672321722239999531 ) ) ;
#1145 = CARTESIAN_POINT ( 'NONE',  ( 73.25424445330072842, 0.6818921423476084209, -9.976785982679569287 ) ) ;
#1146 = CARTESIAN_POINT ( 'NONE',  ( 76.99999999999980105, -1.090890135573508779, 7.925273415605825988 ) ) ;
#1147 = ORIENTED_EDGE ( 'NONE', *, *, #904, .T. ) ;
#1148 = CARTESIAN_POINT ( 'NONE',  ( -9.797174393178823685E-16, 0.000000000000000000, 8.000000000000000000 ) ) ;
#1149 = CARTESIAN_POINT ( 'NONE',  ( 69.44079562782337689, -9.990923372183994289, 0.4308348975168913020 ) ) ;
#1150 = CARTESIAN_POINT ( 'NONE',  ( 21.30000000000000426, 0.000000000000000000, 0.000000000000000000 ) ) ;
#1151 = DIRECTION ( 'NONE',  ( -1.000000000000000000, 0.000000000000000000, -0.000000000000000000 ) ) ;
#1152 = AXIS2_PLACEMENT_3D ( 'NONE', #1832, #6115, #963 ) ;
#1153 = EDGE_LOOP ( 'NONE', ( #6167, #4104, #3527, #4023 ) ) ;
#1154 = DIRECTION ( 'NONE',  ( -1.000000000000000000, 0.000000000000000000, 0.000000000000000000 ) ) ;
#1155 = EDGE_CURVE ( 'NONE', #1581, #787, #532, .T. ) ;
#1156 = ORIENTED_EDGE ( 'NONE', *, *, #5532, .T. ) ;
#1157 = B_SPLINE_CURVE_WITH_KNOTS ( 'NONE', 3,
 ( #5542, #4153, #2669, #5610, #6067, #3163, #2160, #1227, #4498, #3128, #1785, #1323, #2222, #2605, #1749, #5060 ),
 .UNSPECIFIED., .F., .F.,
 ( 4, 2, 2, 2, 2, 2, 2, 4 ),
 ( 0.000000000000000000, 0.0002736485253891034588, 0.0005472970507782069175, 0.001094594101556443976, 0.001368242626945562071, 0.001641891152334679516, 0.001915539677723797395, 0.002189188203112914840 ),
 .UNSPECIFIED. ) ;
#1158 = AXIS2_PLACEMENT_3D ( 'NONE', #5798, #4353, #1020 ) ;
#1159 = CARTESIAN_POINT ( 'NONE',  ( 77.00000000000001421, 7.077694450544246507, -27.86363405677371219 ) ) ;
#1160 = CARTESIAN_POINT ( 'NONE',  ( 69.99999999999980105, -4.421505313545622151, 6.667105126086423361 ) ) ;
#1161 = CYLINDRICAL_SURFACE ( 'NONE', #5564, 0.7000000000000015099 ) ;
#1162 = CIRCLE ( 'NONE', #4757, 8.000000000000000000 ) ;
#1163 = CARTESIAN_POINT ( 'NONE',  ( 72.87684941516019421, 0.4297134275012053917, 7.988719123716138348 ) ) ;
#1164 = ORIENTED_EDGE ( 'NONE', *, *, #5861, .F. ) ;
#1165 = CARTESIAN_POINT ( 'NONE',  ( 77.70003269886105102, -2.314019091071695566, -9.729011223358170923 ) ) ;
#1166 = DIRECTION ( 'NONE',  ( 0.000000000000000000, 0.000000000000000000, 1.000000000000000000 ) ) ;
#1167 = EDGE_CURVE ( 'NONE', #610, #3917, #930, .T. ) ;
#1168 = VERTEX_POINT ( 'NONE', #3729 ) ;
#1169 = CARTESIAN_POINT ( 'NONE',  ( 74.13710854142004791, 0.1850208199464385417, 9.999999999999998224 ) ) ;
#1170 = AXIS2_PLACEMENT_3D ( 'NONE', #1684, #3956, #3583 ) ;
#1171 = DIRECTION ( 'NONE',  ( -0.000000000000000000, -0.9009688679024218105, -0.4338837391175526248 ) ) ;
#1172 = CYLINDRICAL_SURFACE ( 'NONE', #4451, 0.7000000000000018430 ) ;
#1173 = CARTESIAN_POINT ( 'NONE',  ( 76.31838297155172768, 9.998668424379548725, -0.1838550388020163961 ) ) ;
#1174 = VERTEX_POINT ( 'NONE', #1458 ) ;
#1175 = AXIS2_PLACEMENT_3D ( 'NONE', #530, #121, #2021 ) ;
#1176 = CARTESIAN_POINT ( 'NONE',  ( 72.75522068568682243, -7.757127483895119191, -1.958103375217820519 ) ) ;
#1177 = EDGE_LOOP ( 'NONE', ( #6046, #4460 ) ) ;
#1178 = FACE_OUTER_BOUND ( 'NONE', #2397, .T. ) ;
#1179 = CARTESIAN_POINT ( 'NONE',  ( 73.43710854142032929, -7.362693569673042226, -6.766885797698618532 ) ) ;
#1180 = CARTESIAN_POINT ( 'NONE',  ( 77.00000000000029843, 1.537301343327464931, -9.881128709808589150 ) ) ;
#1181 = CARTESIAN_POINT ( 'NONE',  ( 76.29996708377639436, 1.868992873081481099, 7.779152433456189009 ) ) ;
#1182 = EDGE_LOOP ( 'NONE', ( #5400, #954, #2641, #4054 ) ) ;
#1183 = CARTESIAN_POINT ( 'NONE',  ( 69.81497915877275773, 9.975469913743410189, 0.7000000000000018430 ) ) ;
#1184 = CARTESIAN_POINT ( 'NONE',  ( 73.62216329496395417, -5.794219403481212005, 5.516069389005342494 ) ) ;
#1185 = CYLINDRICAL_SURFACE ( 'NONE', #3648, 0.7000000000000018430 ) ;
#1186 = CARTESIAN_POINT ( 'NONE',  ( 70.00000000000000000, -9.975469913743411965, -0.7000000000000018430 ) ) ;
#1187 = ORIENTED_EDGE ( 'NONE', *, *, #3422, .F. ) ;
#1188 = DIRECTION ( 'NONE',  ( -1.000000000000000000, -0.000000000000000000, -0.000000000000000000 ) ) ;
#1189 = AXIS2_PLACEMENT_3D ( 'NONE', #5201, #2327, #2233 ) ;
#1190 = ORIENTED_EDGE ( 'NONE', *, *, #3217, .T. ) ;
#1191 = CARTESIAN_POINT ( 'NONE',  ( 73.43710854141983191, -5.794219403477613994, -5.516069389009127022 ) ) ;
#1192 = FACE_OUTER_BOUND ( 'NONE', #2715, .T. ) ;
#1193 = CARTESIAN_POINT ( 'NONE',  ( 22.30000000000000426, 2.939152317953647894E-15, -24.00000000000000000 ) ) ;
#1194 = AXIS2_PLACEMENT_3D ( 'NONE', #5937, #3960, #5379 ) ;
#1195 = EDGE_CURVE ( 'NONE', #3917, #848, #4738, .T. ) ;
#1196 = LINE ( 'NONE', #3002, #4581 ) ;
#1197 = ORIENTED_EDGE ( 'NONE', *, *, #6171, .F. ) ;
#1198 = CARTESIAN_POINT ( 'NONE',  ( 76.63452057087403091, 8.721997853039452409, -4.893202182891892349 ) ) ;
#1199 = CARTESIAN_POINT ( 'NONE',  ( 73.43710854141983191, -7.925273415605810001, 1.090890135573617137 ) ) ;
#1200 = B_SPLINE_CURVE_WITH_KNOTS ( 'NONE', 3,
 ( #4538, #1699, #2741, #360, #6075, #3231, #265, #3597, #1235, #2203, #4100, #6012, #19, #5228 ),
 .UNSPECIFIED., .F., .F.,
 ( 4, 2, 2, 2, 2, 2, 4 ),
 ( 0.002189565179306704121, 0.002736829203537948299, 0.003010461215653585133, 0.003284093227769221968, 0.003557725239884857935, 0.003831357252000494769, 0.004378621276231738947 ),
 .UNSPECIFIED. ) ;
#1201 = ORIENTED_EDGE ( 'NONE', *, *, #5249, .T. ) ;
#1202 = DIRECTION ( 'NONE',  ( -1.000000000000000000, -0.000000000000000000, -0.000000000000000000 ) ) ;
#1203 = VECTOR ( 'NONE', #4069, 1000.000000000000000 ) ;
#1204 = CARTESIAN_POINT ( 'NONE',  ( 70.00000000000000000, -6.395244912017178152, 28.01939871054320008 ) ) ;
#1205 = CARTESIAN_POINT ( 'NONE',  ( 76.43958974620018409, -2.196407067344035902, -7.692859407281587458 ) ) ;
#1206 = CARTESIAN_POINT ( 'NONE',  ( 70.00000000000000000, 6.395244912017401973, 28.01939871054328535 ) ) ;
#1207 = ADVANCED_FACE ( 'NONE', ( #3790 ), #3355, .F. ) ;
#1208 = CARTESIAN_POINT ( 'NONE',  ( 70.69992722027565435, 7.999993631776062486, -0.09299071859576445165 ) ) ;
#1209 = CARTESIAN_POINT ( 'NONE',  ( 69.81497915877275773, -1.537301343332060366, -9.881128709807875055 ) ) ;
#1210 = VECTOR ( 'NONE', #3600, 1000.000000000000000 ) ;
#1211 = CARTESIAN_POINT ( 'NONE',  ( 77.61126478936334649, 7.354382560517616518, 3.149640617806919618 ) ) ;
#1212 = VERTEX_POINT ( 'NONE', #30 ) ;
#1213 = CARTESIAN_POINT ( 'NONE',  ( 76.56947108626573595, -5.413262440573623380, 5.890736308578603975 ) ) ;
#1214 = CARTESIAN_POINT ( 'NONE',  ( 77.69993446735442433, 2.403560710081385832, -9.708566880093432161 ) ) ;
#1215 = EDGE_CURVE ( 'NONE', #5638, #1405, #2392, .T. ) ;
#1216 = CARTESIAN_POINT ( 'NONE',  ( 73.78980100698353795, -8.185044985206474166, 5.745109052022907115 ) ) ;
#1217 = ORIENTED_EDGE ( 'NONE', *, *, #5481, .T. ) ;
#1218 = DIRECTION ( 'NONE',  ( -0.000000000000000000, -0.2225209339563182231, -0.9749279121818227312 ) ) ;
#1219 = DIRECTION ( 'NONE',  ( -0.000000000000000000, 0.2225209339563246069, 0.9749279121818213989 ) ) ;
#1220 = DIRECTION ( 'NONE',  ( -0.000000000000000000, 0.6234898018587431423, 0.7818314824680221431 ) ) ;
#1221 = CARTESIAN_POINT ( 'NONE',  ( 70.18332813216633781, -5.687399122450221611, -8.225249648664240354 ) ) ;
#1222 = ORIENTED_EDGE ( 'NONE', *, *, #1514, .F. ) ;
#1223 = CARTESIAN_POINT ( 'NONE',  ( 85.00100000000000477, -9.000000000000074607, -15.58845726811985699 ) ) ;
#1224 = ORIENTED_EDGE ( 'NONE', *, *, #3106, .F. ) ;
#1225 = CARTESIAN_POINT ( 'NONE',  ( 73.80259620035751311, -5.847163137854081150, -5.461444805813882475 ) ) ;
#1226 = CARTESIAN_POINT ( 'NONE',  ( 77.55983091159237119, 5.317080093697390097, -5.977695923136200129 ) ) ;
#1227 = CARTESIAN_POINT ( 'NONE',  ( 74.13714124028108188, -9.769551483342523213, 2.136400606719957018 ) ) ;
#1228 = CARTESIAN_POINT ( 'NONE',  ( 73.08441250651267751, 7.640585557447587384, 2.371222141004131867 ) ) ;
#1229 = VERTEX_POINT ( 'NONE', #4827 ) ;
#1230 = CARTESIAN_POINT ( 'NONE',  ( 69.31811214426680579, -4.843908994993670447, 6.367396742598961268 ) ) ;
#1231 = CARTESIAN_POINT ( 'NONE',  ( 73.00739568021580794, -7.905204995118131350, 1.229643790225083189 ) ) ;
#1232 = ORIENTED_EDGE ( 'NONE', *, *, #241, .T. ) ;
#1233 = CARTESIAN_POINT ( 'NONE',  ( 74.06098321070402335, 0.3662562875281550334, 9.994126048280422836 ) ) ;
#1234 = CARTESIAN_POINT ( 'NONE',  ( 26.30000000000000426, 18.00000000000000000, 2.749999999999999556 ) ) ;
#1235 = CARTESIAN_POINT ( 'NONE',  ( 77.68192758678335963, -5.129787629223044654, 6.139420417717430745 ) ) ;
#1236 = CARTESIAN_POINT ( 'NONE',  ( 73.43710854142003086, -4.088434899662587441, -6.876387137968677621 ) ) ;
#1237 = B_SPLINE_CURVE_WITH_KNOTS ( 'NONE', 3,
 ( #2597, #5372, #4492, #219, #2120, #3545, #5931, #2525, #2630, #1087, #1058, #3090, #4992, #4523, #248, #2962 ),
 .UNSPECIFIED., .F., .F.,
 ( 4, 2, 2, 2, 2, 2, 2, 4 ),
 ( 0.000000000000000000, 0.0002736956474133270647, 0.0005473912948266541293, 0.001094782589653337098, 0.001368478237066678366, 0.001642173884480019417, 0.001915869531893360468, 0.002189565179306701952 ),
 .UNSPECIFIED. ) ;
#1238 = CARTESIAN_POINT ( 'NONE',  ( 77.00000000000001421, 9.975469913743413741, 0.7000000000000018430 ) ) ;
#1239 = CARTESIAN_POINT ( 'NONE',  ( 74.04837333078339157, -7.870853807012966996, 1.434168475603292192 ) ) ;
#1240 = CARTESIAN_POINT ( 'NONE',  ( 73.80340771215259110, -4.023008134657588108, -6.916080005145085252 ) ) ;
#1241 = ORIENTED_EDGE ( 'NONE', *, *, #2743, .F. ) ;
#1242 = EDGE_CURVE ( 'NONE', #1325, #4086, #2550, .T. ) ;
#1243 = DIRECTION ( 'NONE',  ( 0.000000000000000000, 0.000000000000000000, 1.000000000000000000 ) ) ;
#1244 = CARTESIAN_POINT ( 'NONE',  ( 74.13704300877442677, -7.932371873566586018, -6.091867645619341687 ) ) ;
#1245 = DIRECTION ( 'NONE',  ( 0.000000000000000000, 0.000000000000000000, 1.000000000000000000 ) ) ;
#1246 = ORIENTED_EDGE ( 'NONE', *, *, #615, .F. ) ;
#1247 = CARTESIAN_POINT ( 'NONE',  ( 73.43710854141983191, 2.827078484594316432, 7.483824372735099928 ) ) ;
#1248 = EDGE_CURVE ( 'NONE', #4610, #629, #5529, .T. ) ;
#1249 = CARTESIAN_POINT ( 'NONE',  ( 69.29992569189747087, 10.00000520156549122, 0.09182646127890606302 ) ) ;
#1250 = CARTESIAN_POINT ( 'NONE',  ( 73.99693945301238784, -5.977695923136163714, 5.317080093697432730 ) ) ;
#1251 = CARTESIAN_POINT ( 'NONE',  ( 69.99999999999980105, 7.483824372735157660, 2.827078484594163665 ) ) ;
#1252 = ORIENTED_EDGE ( 'NONE', *, *, #5438, .F. ) ;
#1253 = CARTESIAN_POINT ( 'NONE',  ( 70.00000000000000000, -28.86505807256337164, -13.90067933815141821 ) ) ;
#1254 = EDGE_CURVE ( 'NONE', #4887, #3581, #2778, .T. ) ;
#1255 = ORIENTED_EDGE ( 'NONE', *, *, #2799, .T. ) ;
#1256 = CARTESIAN_POINT ( 'NONE',  ( 22.30000000000000426, 9.000000000000181188, 15.58845726811978949 ) ) ;
#1257 = CARTESIAN_POINT ( 'NONE',  ( 76.56947108626576437, 7.433075628463977402, -2.958643474510959326 ) ) ;
#1258 = CARTESIAN_POINT ( 'NONE',  ( 77.00000000000001421, 28.56133945518105577, 14.53135754568334903 ) ) ;
#1259 = CARTESIAN_POINT ( 'NONE',  ( 77.00000000000001421, -1.090890135578839182, -7.925273415605090577 ) ) ;
#1260 = VERTEX_POINT ( 'NONE', #5771 ) ;
#1261 = CARTESIAN_POINT ( 'NONE',  ( 77.09253170642543296, -1.537301343332059922, -9.881128709807876831 ) ) ;
#1262 = CONICAL_SURFACE ( 'NONE', #4243, 10.00000000000000000, 0.5880026035475671708 ) ;
#1263 = CYLINDRICAL_SURFACE ( 'NONE', #271, 10.00000000000000000 ) ;
#1264 = EDGE_LOOP ( 'NONE', ( #2189, #2405, #5429, #1827 ) ) ;
#1265 = CARTESIAN_POINT ( 'NONE',  ( 69.99999999999980105, -5.516069389009168766, -5.794219403477575803 ) ) ;
#1266 = CARTESIAN_POINT ( 'NONE',  ( 70.18332813216635202, 9.284590831656464260, -3.714513918350483390 ) ) ;
#1267 = FACE_BOUND ( 'NONE', #480, .T. ) ;
#1268 = AXIS2_PLACEMENT_3D ( 'NONE', #1455, #693, #6034 ) ;
#1269 = CARTESIAN_POINT ( 'NONE',  ( 69.99999999999998579, 7.969316156358710934, 0.7000000000000018430 ) ) ;
#1270 = CARTESIAN_POINT ( 'NONE',  ( 73.99693945301240205, -7.692712520773874907, 2.196898574126958881 ) ) ;
#1271 = ORIENTED_EDGE ( 'NONE', *, *, #1764, .F. ) ;
#1272 = CARTESIAN_POINT ( 'NONE',  ( 69.38828058685217570, 1.434930270128769836, -7.870716025197999954 ) ) ;
#1273 = AXIS2_PLACEMENT_3D ( 'NONE', #252, #1188, #2154 ) ;
#1274 = ORIENTED_EDGE ( 'NONE', *, *, #5276, .T. ) ;
#1275 = EDGE_CURVE ( 'NONE', #3691, #719, #998, .T. ) ;
#1276 = B_SPLINE_CURVE_WITH_KNOTS ( 'NONE', 3,
 ( #5301, #1917, #2482, #1017, #3844, #2946, #2511, #2040, #4822, #5267, #3433, #4291, #4411, #4318, #53, #1516 ),
 .UNSPECIFIED., .F., .F.,
 ( 4, 2, 2, 2, 2, 2, 2, 4 ),
 ( 0.000000000000000000, 0.0002736956474133499955, 0.0005473912948266999911, 0.001094782589653371359, 0.001368478237066706339, 0.001642173884480041535, 0.001915869531893376731, 0.002189565179306711927 ),
 .UNSPECIFIED. ) ;
#1277 = CARTESIAN_POINT ( 'NONE',  ( 76.31811214426679157, 1.958103375217924214, 7.757127483895091657 ) ) ;
#1278 = CARTESIAN_POINT ( 'NONE',  ( 77.43051374540981158, 6.662666612633337593, -7.457416040002574853 ) ) ;
#1279 = DIRECTION ( 'NONE',  ( -0.000000000000000000, 0.000000000000000000, 1.000000000000000000 ) ) ;
#1280 = CARTESIAN_POINT ( 'NONE',  ( 69.44079562782334847, -9.188443176213414887, -3.946730360091487810 ) ) ;
#1281 = CARTESIAN_POINT ( 'NONE',  ( 69.31811214426679157, 7.285623965860744455, 3.305583013254386859 ) ) ;
#1282 = EDGE_CURVE ( 'NONE', #447, #5988, #4322, .T. ) ;
#1283 = ORIENTED_EDGE ( 'NONE', *, *, #1282, .F. ) ;
#1284 = CARTESIAN_POINT ( 'NONE',  ( 73.43710854142003086, -9.569599402269028943, 2.902200420386614965 ) ) ;
#1285 = VERTEX_POINT ( 'NONE', #2486 ) ;
#1286 = DIRECTION ( 'NONE',  ( -0.000000000000000000, -0.4338837391175462965, 0.9009688679024248081 ) ) ;
#1287 = DIRECTION ( 'NONE',  ( -1.000000000000000000, -0.000000000000000000, -0.000000000000000000 ) ) ;
#1288 = CARTESIAN_POINT ( 'NONE',  ( 76.37585270615917921, 7.359851907726453923, -3.138362300191109178 ) ) ;
#1289 = CARTESIAN_POINT ( 'NONE',  ( 70.18274313490441330, 5.516069389005496149, 5.794219403481075226 ) ) ;
#1290 = EDGE_CURVE ( 'NONE', #3418, #2305, #2045, .T. ) ;
#1291 = CARTESIAN_POINT ( 'NONE',  ( 76.30007476368578523, 9.050016017499313392, 4.255084748078910906 ) ) ;
#1292 = ORIENTED_EDGE ( 'NONE', *, *, #4967, .F. ) ;
#1293 = CARTESIAN_POINT ( 'NONE',  ( 73.99631263256587488, 6.514400310352290724, -4.644002866966145504 ) ) ;
#1294 = FACE_BOUND ( 'NONE', #4290, .T. ) ;
#1295 = ORIENTED_EDGE ( 'NONE', *, *, #5490, .T. ) ;
#1296 = CARTESIAN_POINT ( 'NONE',  ( 70.55983091159235698, -4.644660977630915788, -6.513932274375044074 ) ) ;
#1297 = DIRECTION ( 'NONE',  ( 0.000000000000000000, 0.000000000000000000, 1.000000000000000000 ) ) ;
#1298 = AXIS2_PLACEMENT_3D ( 'NONE', #431, #2808, #4734 ) ;
#1299 = DIRECTION ( 'NONE',  ( -0.000000000000000000, 0.9009688679024187019, -0.4338837391175590086 ) ) ;
#1300 = CARTESIAN_POINT ( 'NONE',  ( 77.18505475354399437, -6.876387137968699825, -4.088434899662538591 ) ) ;
#1301 = CARTESIAN_POINT ( 'NONE',  ( 69.64730396509261823, -1.178728502787177002, 7.912764448622364277 ) ) ;
#1302 = VECTOR ( 'NONE', #2316, 1000.000000000000000 ) ;
#1303 = CARTESIAN_POINT ( 'NONE',  ( 77.18332813216636623, 9.284590831656464260, -3.714513918350483390 ) ) ;
#1304 = EDGE_LOOP ( 'NONE', ( #5044, #4259, #228, #5538 ) ) ;
#1305 = CARTESIAN_POINT ( 'NONE',  ( 77.00000000000001421, -9.291306452362306345, 3.697515978098074196 ) ) ;
#1306 = CARTESIAN_POINT ( 'NONE',  ( 73.86684065352461914, -9.609510120297873215, -2.767959313293542944 ) ) ;
#1307 = SHAPE_DEFINITION_REPRESENTATION ( #5765, #5598 ) ;
#1308 = ADVANCED_FACE ( 'NONE', ( #3912 ), #5825, .F. ) ;
#1309 = ORIENTED_EDGE ( 'NONE', *, *, #5918, .F. ) ;
#1310 = CARTESIAN_POINT ( 'NONE',  ( 76.64710261100196931, -6.921433678458681626, -4.011857366228785970 ) ) ;
#1311 = CARTESIAN_POINT ( 'NONE',  ( 74.13710854142004791, 0.000000000000000000, -8.000000000000000000 ) ) ;
#1312 = ADVANCED_FACE ( 'NONE', ( #5360 ), #1077, .F. ) ;
#1313 = CARTESIAN_POINT ( 'NONE',  ( 70.18332813216633781, -9.284590831656441168, 3.714513918350546895 ) ) ;
#1314 = CARTESIAN_POINT ( 'NONE',  ( 77.00000000000001421, 6.876387137968727359, 4.088434899662490629 ) ) ;
#1315 = CARTESIAN_POINT ( 'NONE',  ( 70.35287253598525581, 6.701340667105454507, -7.422484343149357677 ) ) ;
#1316 = ORIENTED_EDGE ( 'NONE', *, *, #5648, .F. ) ;
#1317 = CARTESIAN_POINT ( 'NONE',  ( 73.99752483067877051, 9.644917136979112016, 2.641941886749682666 ) ) ;
#1318 = ORIENTED_EDGE ( 'NONE', *, *, #4736, .T. ) ;
#1319 = EDGE_CURVE ( 'NONE', #3180, #3691, #1608, .T. ) ;
#1320 = CARTESIAN_POINT ( 'NONE',  ( 77.62417195950936843, -9.994146454984102590, -0.3657296480667447947 ) ) ;
#1321 = CARTESIAN_POINT ( 'NONE',  ( 70.69993446735445275, 9.999995412715103171, 0.1829390553462060531 ) ) ;
#1322 = CARTESIAN_POINT ( 'NONE',  ( 76.90860718336330137, 7.483824372733276498, 2.827078484599157893 ) ) ;
#1323 = CARTESIAN_POINT ( 'NONE',  ( 73.86684065352463335, -9.858841990758683949, 1.675565013184825203 ) ) ;
#1324 = CARTESIAN_POINT ( 'NONE',  ( 77.61126478936336071, -2.122894331988878225, -7.713656624649190441 ) ) ;
#1325 = VERTEX_POINT ( 'NONE', #2455 ) ;
#1326 = CARTESIAN_POINT ( 'NONE',  ( 74.11903612820334786, 6.139420417717324163, -5.129787629223170775 ) ) ;
#1327 = FACE_BOUND ( 'NONE', #6118, .T. ) ;
#1328 = ORIENTED_EDGE ( 'NONE', *, *, #790, .T. ) ;
#1329 = CARTESIAN_POINT ( 'NONE',  ( 38.00000000000000711, 0.000000000000000000, 0.000000000000000000 ) ) ;
#1330 = EDGE_CURVE ( 'NONE', #1325, #1260, #2466, .T. ) ;
#1331 = CARTESIAN_POINT ( 'NONE',  ( 77.00000000000029843, -9.291306452364052504, -3.697515978093692368 ) ) ;
#1332 = FACE_OUTER_BOUND ( 'NONE', #2755, .T. ) ;
#1333 = FACE_OUTER_BOUND ( 'NONE', #4671, .T. ) ;
#1334 = CARTESIAN_POINT ( 'NONE',  ( 69.31811214426680579, -1.601501296317987544, 7.838519581357966004 ) ) ;
#1335 = CARTESIAN_POINT ( 'NONE',  ( 70.43051374540978316, -8.753025847433692164, -4.836188468095953041 ) ) ;
#1336 = ORIENTED_EDGE ( 'NONE', *, *, #4985, .F. ) ;
#1337 = CARTESIAN_POINT ( 'NONE',  ( 21.30000000000000426, 0.000000000000000000, 0.000000000000000000 ) ) ;
#1338 = VERTEX_POINT ( 'NONE', #2554 ) ;
#1339 = CARTESIAN_POINT ( 'NONE',  ( 72.82535986353497037, -9.821994311858700755, -1.880328080272930968 ) ) ;
#1340 = CARTESIAN_POINT ( 'NONE',  ( 22.30000000000000426, -8.999999999999854339, 18.33845726811997778 ) ) ;
#1341 = CARTESIAN_POINT ( 'NONE',  ( 69.29992569189747087, 6.306694080061838292, -7.761066029279795053 ) ) ;
#1342 = CARTESIAN_POINT ( 'NONE',  ( 69.44014412312341733, -9.990960128906360538, -0.4300025808602422894 ) ) ;
#1343 = B_SPLINE_CURVE_WITH_KNOTS ( 'NONE', 3,
 ( #3572, #4450, #4075, #5397, #1081, #5498, #1214, #5014, #4012, #1676, #240, #740, #4485, #2652, #2987, #1180 ),
 .UNSPECIFIED., .F., .F.,
 ( 4, 2, 2, 2, 2, 2, 2, 4 ),
 ( 0.000000000000000000, 0.0002736485253891255765, 0.0005472970507782511530, 0.001094594101556471731, 0.001368242626945582454, 0.001641891152334692744, 0.001915539677723803250, 0.002189188203112913539 ),
 .UNSPECIFIED. ) ;
#1344 = B_SPLINE_CURVE_WITH_KNOTS ( 'NONE', 3,
 ( #399, #2744, #1420, #3315, #5230, #952, #4166, #6077, #1795, #2300, #4198, #1825, #3696, #5621 ),
 .UNSPECIFIED., .F., .F.,
 ( 4, 2, 2, 2, 2, 2, 4 ),
 ( 0.002189188203112904865, 0.002736359354753668122, 0.003009944930574048449, 0.003283530506394429210, 0.003557116082214809537, 0.003830701658035190298, 0.004377872809675950952 ),
 .UNSPECIFIED. ) ;
#1345 = ORIENTED_EDGE ( 'NONE', *, *, #4895, .T. ) ;
#1346 = CARTESIAN_POINT ( 'NONE',  ( 73.07085259276041711, -4.892841183511906777, -8.722204493171554773 ) ) ;
#1347 = ORIENTED_EDGE ( 'NONE', *, *, #1966, .F. ) ;
#1348 = CARTESIAN_POINT ( 'NONE',  ( 76.38871602490031876, -1.879575570137357987, 9.822136662260428253 ) ) ;
#1349 = CARTESIAN_POINT ( 'NONE',  ( 77.00000000000001421, -9.975469913743411965, -0.7000000000000018430 ) ) ;
#1350 = CARTESIAN_POINT ( 'NONE',  ( 77.00000000000001421, 21.57704197992260475, -25.93404201677977738 ) ) ;
#1351 = CARTESIAN_POINT ( 'NONE',  ( 77.18505475354396594, -1.090890135578838960, -7.925273415605088800 ) ) ;
#1352 = EDGE_LOOP ( 'NONE', ( #2592, #4947 ) ) ;
#1353 = EDGE_CURVE ( 'NONE', #4631, #2500, #2085, .T. ) ;
#1354 = DIRECTION ( 'NONE',  ( -0.000000000000000000, -0.2225209339563182231, -0.9749279121818227312 ) ) ;
#1355 = FACE_BOUND ( 'NONE', #2509, .T. ) ;
#1356 = VERTEX_POINT ( 'NONE', #739 ) ;
#1357 = B_SPLINE_CURVE_WITH_KNOTS ( 'NONE', 3,
 ( #3251, #5157, #2794, #4691, #420, #2320, #3195, #6125, #1842, #1382, #3165, #5063, #792, #2224, #4121, #6035 ),
 .UNSPECIFIED., .F., .F.,
 ( 4, 2, 2, 2, 2, 2, 2, 4 ),
 ( 0.000000000000000000, 0.0002736956474133273357, 0.0005473912948266546714, 0.001094782589653337966, 0.001368478237066679233, 0.001642173884480020284, 0.001915869531893361552, 0.002189565179306702820 ),
 .UNSPECIFIED. ) ;
#1358 = CARTESIAN_POINT ( 'NONE',  ( 0.000000000000000000, 9.797174393178825657E-16, -8.000000000000000000 ) ) ;
#1359 = CARTESIAN_POINT ( 'NONE',  ( 70.00000000000000000, 21.02975994219497835, -26.37048487808088382 ) ) ;
#1360 = VECTOR ( 'NONE', #1080, 999.9999999999998863 ) ;
#1361 = CARTESIAN_POINT ( 'NONE',  ( 72.73710854141486948, 5.737254666469916711E-13, 8.000000000000452971 ) ) ;
#1362 = EDGE_CURVE ( 'NONE', #4527, #2115, #1866, .T. ) ;
#1363 = DIRECTION ( 'NONE',  ( -1.000000000000000000, -0.000000000000000000, -0.000000000000000000 ) ) ;
#1364 = CARTESIAN_POINT ( 'NONE',  ( 77.56041628925873965, -1.804465320102478731, 9.836065698270992641 ) ) ;
#1365 = ORIENTED_EDGE ( 'NONE', *, *, #2152, .T. ) ;
#1366 = AXIS2_PLACEMENT_3D ( 'NONE', #4597, #2732, #4625 ) ;
#1367 = CARTESIAN_POINT ( 'NONE',  ( 73.43710854142003086, -6.667105126083474609, -4.421505313550062155 ) ) ;
#1368 = DIRECTION ( 'NONE',  ( 1.000000000000000000, 0.000000000000000000, 0.000000000000000000 ) ) ;
#1369 = ORIENTED_EDGE ( 'NONE', *, *, #4258, .T. ) ;
#1370 = CARTESIAN_POINT ( 'NONE',  ( 72.82535986353498458, -9.665154873935893676, 2.567486555852017460 ) ) ;
#1371 = CYLINDRICAL_SURFACE ( 'NONE', #1053, 12.00000000000000000 ) ;
#1372 = CARTESIAN_POINT ( 'NONE',  ( 70.35269246556350708, -8.727522321603760957, 4.881761316922133886 ) ) ;
#1373 = CARTESIAN_POINT ( 'NONE',  ( 70.00000000000000000, -9.975469913743411965, -0.7000000000000018430 ) ) ;
#1374 = CIRCLE ( 'NONE', #379, 2.750000000000000888 ) ;
#1375 = EDGE_LOOP ( 'NONE', ( #2142, #4122, #2047, #2155 ) ) ;
#1376 = AXIS2_PLACEMENT_3D ( 'NONE', #3995, #5905, #3522 ) ;
#1377 = CARTESIAN_POINT ( 'NONE',  ( 76.90860718336334401, -7.969316156358719816, 0.6999999999999335643 ) ) ;
#1378 = VERTEX_POINT ( 'NONE', #3981 ) ;
#1379 = CARTESIAN_POINT ( 'NONE',  ( 73.43710854141974664, 8.235579292280965191, 5.672321722236227437 ) ) ;
#1380 = CARTESIAN_POINT ( 'NONE',  ( 69.81727175442985356, -1.537301343331780812, 9.881128709807919464 ) ) ;
#1381 = DIRECTION ( 'NONE',  ( -0.000000000000000000, 0.4338837391175589531, 0.9009688679024187019 ) ) ;
#1382 = CARTESIAN_POINT ( 'NONE',  ( 72.82538912827216393, 3.785437514703920314, -7.048237967869177112 ) ) ;
#1383 = ORIENTED_EDGE ( 'NONE', *, *, #4823, .F. ) ;
#1384 = CARTESIAN_POINT ( 'NONE',  ( 73.61985167632441573, -7.613744108066219596, -2.455789212633474161 ) ) ;
#1385 = CARTESIAN_POINT ( 'NONE',  ( 70.00000000000000000, 7.483824372733252517, -2.827078484599195196 ) ) ;
#1386 = ORIENTED_EDGE ( 'NONE', *, *, #1079, .T. ) ;
#1387 = CARTESIAN_POINT ( 'NONE',  ( 70.00000000000029843, 8.683869217595479029, -4.958872393165376202 ) ) ;
#1388 = EDGE_CURVE ( 'NONE', #2598, #6039, #4703, .T. ) ;
#1389 = CARTESIAN_POINT ( 'NONE',  ( 72.81296124757921007, -6.476973744235363206, -4.697398125282900239 ) ) ;
#1390 = CARTESIAN_POINT ( 'NONE',  ( 77.00000000000001421, -6.876387137968698049, -4.088434899662539479 ) ) ;
#1391 = CARTESIAN_POINT ( 'NONE',  ( 69.29996708377639436, -1.691343352015516555, 7.819699777368030347 ) ) ;
#1392 = CARTESIAN_POINT ( 'NONE',  ( 77.42973211210461670, -1.675565013184692198, 9.858841990758705265 ) ) ;
#1393 = ORIENTED_EDGE ( 'NONE', *, *, #5209, .F. ) ;
#1394 = VECTOR ( 'NONE', #6068, 999.9999999999998863 ) ;
#1395 = DIRECTION ( 'NONE',  ( 0.000000000000000000, 0.4338837391175599523, 0.9009688679024182578 ) ) ;
#1396 = EDGE_CURVE ( 'NONE', #5966, #4170, #5307, .T. ) ;
#1397 = CYLINDRICAL_SURFACE ( 'NONE', #5657, 0.7000000000000030642 ) ;
#1398 = DIRECTION ( 'NONE',  ( -0.000000000000000000, -0.9009688679024158153, 0.4338837391175651703 ) ) ;
#1399 = EDGE_LOOP ( 'NONE', ( #4408, #1466, #2934, #735 ) ) ;
#1400 = CARTESIAN_POINT ( 'NONE',  ( 70.55983091159234277, 7.010984234371085755, 3.853607314928737537 ) ) ;
#1401 = FACE_BOUND ( 'NONE', #5457, .T. ) ;
#1402 = ADVANCED_FACE ( 'NONE', ( #1178 ), #2361, .T. ) ;
#1403 = CARTESIAN_POINT ( 'NONE',  ( 76.43958974620019831, 7.988729912622990703, -0.4295162963641759313 ) ) ;
#1404 = PLANE ( 'NONE',  #4058 ) ;
#1405 = VERTEX_POINT ( 'NONE', #1828 ) ;
#1406 = VERTEX_POINT ( 'NONE', #3237 ) ;
#1407 = CARTESIAN_POINT ( 'NONE',  ( 77.56041628925873965, -9.990986303619580511, 0.4295069185028181358 ) ) ;
#1408 = CARTESIAN_POINT ( 'NONE',  ( 76.81727175442981093, -9.975469913743401307, 0.7000000000001503908 ) ) ;
#1409 = CARTESIAN_POINT ( 'NONE',  ( 73.43710854142003086, -28.17399593800911362, -5.712528916054290917 ) ) ;
#1410 = CARTESIAN_POINT ( 'NONE',  ( 76.29996708377640857, 4.916688283280926441, -6.311459678047919297 ) ) ;
#1411 = ORIENTED_EDGE ( 'NONE', *, *, #3758, .F. ) ;
#1412 = CARTESIAN_POINT ( 'NONE',  ( 73.99631263256586067, -7.692489804795920705, -2.197674824676883354 ) ) ;
#1413 = CARTESIAN_POINT ( 'NONE',  ( 69.64710261100198352, 4.495316590676971202, 6.617656113900951986 ) ) ;
#1414 = CARTESIAN_POINT ( 'NONE',  ( 77.55983091159237119, -4.644660977630915788, -6.513932274375044074 ) ) ;
#1415 = ORIENTED_EDGE ( 'NONE', *, *, #4626, .T. ) ;
#1416 = EDGE_CURVE ( 'NONE', #2463, #2061, #3265, .T. ) ;
#1417 = CARTESIAN_POINT ( 'NONE',  ( 74.13704300877445519, 4.174013007236728079, -9.089058827387614059 ) ) ;
#1418 = CARTESIAN_POINT ( 'NONE',  ( 73.86762228682982823, 7.457416040002478042, -6.662666612633441510 ) ) ;
#1419 = CARTESIAN_POINT ( 'NONE',  ( 77.68192758678335963, -7.126977464103965154, -3.635023577993639954 ) ) ;
#1420 = CARTESIAN_POINT ( 'NONE',  ( 76.63452057087403091, -5.735167672128888228, 8.192955872189870092 ) ) ;
#1421 = B_SPLINE_CURVE_WITH_KNOTS ( 'NONE', 3,
 ( #4501, #1693, #1198, #5001, #758, #1132, #5910, #2100, #2674, #2608, #3591, #3031, #727, #4935 ),
 .UNSPECIFIED., .F., .F.,
 ( 4, 2, 2, 2, 2, 2, 4 ),
 ( 0.002189188203112913539, 0.002736359354753675061, 0.003009944930574054954, 0.003283530506394434847, 0.003557116082214814741, 0.003830701658035194634, 0.004377872809675951819 ),
 .UNSPECIFIED. ) ;
#1422 = CARTESIAN_POINT ( 'NONE',  ( 77.00000000000001421, 2.455789212633342267, -7.613744108066260452 ) ) ;
#1423 = VERTEX_POINT ( 'NONE', #2331 ) ;
#1424 = CARTESIAN_POINT ( 'NONE',  ( 70.62417195950935422, -6.517187345895667505, 7.585709633095886417 ) ) ;
#1425 = CARTESIAN_POINT ( 'NONE',  ( 74.04885019795743517, -4.018793775542077285, -9.157318802503072064 ) ) ;
#1426 = CARTESIAN_POINT ( 'NONE',  ( 70.00000000000000000, 20.48247790446773919, 26.80692773938175222 ) ) ;
#1427 = CARTESIAN_POINT ( 'NONE',  ( 70.35287253598527002, -5.745198579865164135, -8.184982213713972499 ) ) ;
#1428 = ORIENTED_EDGE ( 'NONE', *, *, #1050, .T. ) ;
#1429 = CARTESIAN_POINT ( 'NONE',  ( 74.04858425654194320, -0.3528727369306433048, 9.994131895351111794 ) ) ;
#1430 = CARTESIAN_POINT ( 'NONE',  ( 73.08389015261766986, -0.6112650262913904564, 7.976691082152360224 ) ) ;
#1431 = EDGE_CURVE ( 'NONE', #2219, #2286, #3796, .T. ) ;
#1432 = CARTESIAN_POINT ( 'NONE',  ( 73.86713608300783562, 0.5598313809417320153, -7.980649499839588934 ) ) ;
#1433 = CARTESIAN_POINT ( 'NONE',  ( 77.00000000000001421, 9.975469913743413741, 0.7000000000000018430 ) ) ;
#1434 = DIRECTION ( 'NONE',  ( -0.000000000000000000, -0.4338837391175652258, -0.9009688679024158153 ) ) ;
#1435 = VERTEX_POINT ( 'NONE', #402 ) ;
#1436 = EDGE_CURVE ( 'NONE', #51, #1751, #3179, .T. ) ;
#1437 = CARTESIAN_POINT ( 'NONE',  ( 26.30000000000000426, -18.00000000000000000, 2.749999999999999556 ) ) ;
#1438 = CARTESIAN_POINT ( 'NONE',  ( 70.42973211210461670, 9.238811946942510289, 3.827353827540389108 ) ) ;
#1439 = CARTESIAN_POINT ( 'NONE',  ( 76.99999999999980105, 6.876387137965978447, -4.088434899667116262 ) ) ;
#1440 = CARTESIAN_POINT ( 'NONE',  ( 74.13718088981457299, 7.778981630310432216, -1.869756716125207552 ) ) ;
#1441 = ORIENTED_EDGE ( 'NONE', *, *, #3035, .T. ) ;
#1442 = EDGE_CURVE ( 'NONE', #3244, #2070, #2835, .T. ) ;
#1443 = CARTESIAN_POINT ( 'NONE',  ( 69.30006596912038219, 5.130971021941069132, -6.140563829348880454 ) ) ;
#1444 = CARTESIAN_POINT ( 'NONE',  ( 69.29996708377639436, 5.059152137971348218, 6.197848545054700509 ) ) ;
#1445 = CARTESIAN_POINT ( 'NONE',  ( 77.61126478936336071, -5.259491881540201419, -6.028675145983362071 ) ) ;
#1446 = EDGE_LOOP ( 'NONE', ( #3725, #2965, #1190, #3480 ) ) ;
#1447 = CARTESIAN_POINT ( 'NONE',  ( 73.78998107740527246, 4.881665917086641215, 8.727575747872569067 ) ) ;
#1448 = CYLINDRICAL_SURFACE ( 'NONE', #1467, 0.7000000000000017319 ) ;
#1449 = CARTESIAN_POINT ( 'NONE',  ( 76.31805170002294858, -2.046798742259085202, -9.788657766023604268 ) ) ;
#1450 = DIRECTION ( 'NONE',  ( -0.000000000000000000, -0.9749279121818213989, 0.2225209339563246347 ) ) ;
#1451 = CARTESIAN_POINT ( 'NONE',  ( 69.44079562782337689, 6.566079120333472297, 7.542597266412384371 ) ) ;
#1452 = EDGE_LOOP ( 'NONE', ( #3536, #450 ) ) ;
#1453 = CARTESIAN_POINT ( 'NONE',  ( 85.00100000000000477, 8.999999999999962697, -12.83845726811991561 ) ) ;
#1454 = CARTESIAN_POINT ( 'NONE',  ( 77.00000000000029843, 8.683869217595479029, -4.958872393165376202 ) ) ;
#1455 = CARTESIAN_POINT ( 'NONE',  ( 83.00000000000000000, 0.000000000000000000, 8.000000000000000000 ) ) ;
#1456 = LINE ( 'NONE', #3472, #3343 ) ;
#1457 = VERTEX_POINT ( 'NONE', #1367 ) ;
#1458 = CARTESIAN_POINT ( 'NONE',  ( 76.99999999999980105, 7.483824372735157660, 2.827078484594163665 ) ) ;
#1459 = CARTESIAN_POINT ( 'NONE',  ( 70.68192758678334542, 5.129787629223087286, -6.139420417717396106 ) ) ;
#1460 = AXIS2_PLACEMENT_3D ( 'NONE', #1594, #2567, #1533 ) ;
#1461 = CARTESIAN_POINT ( 'NONE',  ( 69.64710261100198352, -4.495316590676919688, -6.617656113900983961 ) ) ;
#1462 = CARTESIAN_POINT ( 'NONE',  ( 73.34455964667171202, -4.088434899662587441, -6.876387137968677621 ) ) ;
#1463 = CARTESIAN_POINT ( 'NONE',  ( 74.13710854142004791, 0.000000000000000000, -10.00000000000000000 ) ) ;
#1464 = ADVANCED_FACE ( 'NONE', ( #1858 ), #337, .F. ) ;
#1465 = VECTOR ( 'NONE', #211, 1000.000000000000000 ) ;
#1466 = ORIENTED_EDGE ( 'NONE', *, *, #5333, .T. ) ;
#1467 = AXIS2_PLACEMENT_3D ( 'NONE', #2418, #510, #3342 ) ;
#1468 = CARTESIAN_POINT ( 'NONE',  ( 70.69992722027565435, -7.999993631776062486, 0.09299071859576445165 ) ) ;
#1469 = CARTESIAN_POINT ( 'NONE',  ( 70.00000000000000000, -24.00100000000000122, 0.7000000000000018430 ) ) ;
#1470 = DIRECTION ( 'NONE',  ( -0.000000000000000000, 0.6234898018587320401, -0.7818314824680311359 ) ) ;
#1471 = ADVANCED_FACE ( 'NONE', ( #5624 ), #2236, .F. ) ;
#1472 = AXIS2_PLACEMENT_3D ( 'NONE', #74, #981, #4341 ) ;
#1473 = CARTESIAN_POINT ( 'NONE',  ( 77.42973211210463091, 2.767959313293673063, 9.609510120297839464 ) ) ;
#1474 = VERTEX_POINT ( 'NONE', #898 ) ;
#1475 = CARTESIAN_POINT ( 'NONE',  ( 72.75522068568682243, 6.367396742598860904, -4.843908994993803674 ) ) ;
#1476 = ORIENTED_EDGE ( 'NONE', *, *, #1928, .T. ) ;
#1477 = TOROIDAL_SURFACE ( 'NONE', #980, 8.000000000000000000, 2.000000000000000888 ) ;
#1478 = CARTESIAN_POINT ( 'NONE',  ( 77.61174165653739010, 9.994148424587296020, -0.3524036440381290158 ) ) ;
#1479 = CARTESIAN_POINT ( 'NONE',  ( 77.36548765893749646, 5.461444805813965964, 5.847163137854003878 ) ) ;
#1480 = ADVANCED_FACE ( 'NONE', ( #3754 ), #5075, .F. ) ;
#1481 = CARTESIAN_POINT ( 'NONE',  ( 73.00657962768575260, -6.588352794356058695, -4.538479036509048825 ) ) ;
#1482 = CARTESIAN_POINT ( 'NONE',  ( 76.63374405134041467, -1.612828275233202158, -9.869930649319716309 ) ) ;
#1483 = DIRECTION ( 'NONE',  ( 0.000000000000000000, 0.000000000000000000, 1.000000000000000000 ) ) ;
#1484 = CARTESIAN_POINT ( 'NONE',  ( 76.29992569189747087, 2.135686316842768662, 9.769717502895288064 ) ) ;
#1485 = ORIENTED_EDGE ( 'NONE', *, *, #4239, .F. ) ;
#1486 = CARTESIAN_POINT ( 'NONE',  ( 77.18505475354398015, -7.969316156358710934, -0.7000000000000018430 ) ) ;
#1487 = CARTESIAN_POINT ( 'NONE',  ( 73.86762228682982823, -4.836188468096012549, -8.753025847433656637 ) ) ;
#1488 = CARTESIAN_POINT ( 'NONE',  ( 70.09253170642541875, -2.902200420386483959, 9.569599402269066246 ) ) ;
#1489 = ADVANCED_FACE ( 'NONE', ( #458 ), #6168, .F. ) ;
#1490 = CARTESIAN_POINT ( 'NONE',  ( 73.80340771215260531, 7.915513628043827410, 1.166790938146705203 ) ) ;
#1491 = CARTESIAN_POINT ( 'NONE',  ( 77.00000000000001421, 6.395244912016966765, -28.01939871054312547 ) ) ;
#1492 = CARTESIAN_POINT ( 'NONE',  ( 73.43710854142003086, 7.362693569676140193, 6.766885797695245230 ) ) ;
#1493 = CARTESIAN_POINT ( 'NONE',  ( 69.38828058685216149, -5.258909188261755574, -6.029184835370076101 ) ) ;
#1494 = EDGE_CURVE ( 'NONE', #208, #4159, #4682, .T. ) ;
#1495 = CARTESIAN_POINT ( 'NONE',  ( 70.00000000000000000, 4.421505313550157190, 6.667105126083410660 ) ) ;
#1496 = DIRECTION ( 'NONE',  ( -1.000000000000000000, -0.000000000000000000, -0.000000000000000000 ) ) ;
#1497 = VECTOR ( 'NONE', #576, 1000.000000000000000 ) ;
#1498 = ORIENTED_EDGE ( 'NONE', *, *, #4720, .F. ) ;
#1499 = B_SPLINE_CURVE_WITH_KNOTS ( 'NONE', 3,
 ( #314, #5433, #3055, #2119, #6091, #5268, #1018, #1948, #26, #2922, #2724, #5234, #2863, #377 ),
 .UNSPECIFIED., .F., .F.,
 ( 4, 2, 2, 2, 2, 2, 4 ),
 ( 0.002189188203112907901, 0.002736359354753666387, 0.003009944930574045847, 0.003283530506394425307, 0.003557116082214807802, 0.003830701658035190298, 0.004377872809675955289 ),
 .UNSPECIFIED. ) ;
#1500 = CARTESIAN_POINT ( 'NONE',  ( 73.62212938264724471, 7.362693569676139305, 6.766885797695242566 ) ) ;
#1501 = DIRECTION ( 'NONE',  ( -0.000000000000000000, -1.000000000000000000, -0.000000000000000000 ) ) ;
#1502 = DIRECTION ( 'NONE',  ( -0.000000000000000000, -0.9749279121818257288, -0.2225209339563050392 ) ) ;
#1503 = B_SPLINE_CURVE_WITH_KNOTS ( 'NONE', 3,
 ( #984, #1067, #131, #2916, #2419, #2972, #3376, #3463, #4817, #77, #541, #5973, #3129, #3554, #227, #1627 ),
 .UNSPECIFIED., .F., .F.,
 ( 4, 2, 2, 2, 2, 2, 2, 4 ),
 ( 0.000000000000000000, 0.0002736956474133267936, 0.0005473912948266535872, 0.001094782589653338183, 0.001368478237066679233, 0.001642173884480020501, 0.001915869531893361552, 0.002189565179306702820 ),
 .UNSPECIFIED. ) ;
#1504 = ORIENTED_EDGE ( 'NONE', *, *, #452, .F. ) ;
#1505 = DIRECTION ( 'NONE',  ( -0.000000000000000000, -0.000000000000000000, -1.000000000000000000 ) ) ;
#1506 = ADVANCED_FACE ( 'NONE', ( #2272 ), #5139, .F. ) ;
#1507 = ORIENTED_EDGE ( 'NONE', *, *, #64, .F. ) ;
#1508 = DIRECTION ( 'NONE',  ( -0.000000000000000000, 0.9749279121818242855, 0.2225209339563113953 ) ) ;
#1509 = CARTESIAN_POINT ( 'NONE',  ( 74.13714124028109609, 4.256766303501179571, 9.049214572295786851 ) ) ;
#1510 = DIRECTION ( 'NONE',  ( 0.000000000000000000, -0.9749279121818215099, 0.2225209339563233579 ) ) ;
#1511 = CARTESIAN_POINT ( 'NONE',  ( 76.29992569189745666, -2.135686316842704269, -9.769717502895296946 ) ) ;
#1512 = CYLINDRICAL_SURFACE ( 'NONE', #5294, 0.7000000000000061728 ) ;
#1513 = CARTESIAN_POINT ( 'NONE',  ( 76.31838297155175610, 2.404158445235907493, 9.707069336631857226 ) ) ;
#1514 = EDGE_CURVE ( 'NONE', #1229, #1660, #5180, .T. ) ;
#1515 = ORIENTED_EDGE ( 'NONE', *, *, #4285, .T. ) ;
#1516 = CARTESIAN_POINT ( 'NONE',  ( 69.99999999999980105, -7.483824372735139896, -2.827078484594213403 ) ) ;
#1517 = DIRECTION ( 'NONE',  ( -0.000000000000000000, -0.2225209339563050392, 0.9749279121818257288 ) ) ;
#1518 = DIRECTION ( 'NONE',  ( 1.000000000000000000, 0.000000000000000000, 0.000000000000000000 ) ) ;
#1519 = CARTESIAN_POINT ( 'NONE',  ( 73.25374738822024767, -2.844229830327293040, 7.477405991688737430 ) ) ;
#1520 = CARTESIAN_POINT ( 'NONE',  ( 69.31805170002294858, 8.929238954838288223, 4.502876596026810674 ) ) ;
#1521 = CARTESIAN_POINT ( 'NONE',  ( 73.80259620035752732, -2.898479859422448346, -7.457580749288164945 ) ) ;
#1522 = CARTESIAN_POINT ( 'NONE',  ( 70.00000000000000000, -4.421505313550106564, -6.667105126083447963 ) ) ;
#1523 = CARTESIAN_POINT ( 'NONE',  ( 77.42973211210460249, -5.787223139345494261, 8.155509294187570646 ) ) ;
#1524 = CARTESIAN_POINT ( 'NONE',  ( 77.00000000000001421, -8.683869217597782963, -4.958872393161340320 ) ) ;
#1525 = ORIENTED_EDGE ( 'NONE', *, *, #2044, .F. ) ;
#1526 = CARTESIAN_POINT ( 'NONE',  ( 74.04839251651976895, 8.033922072654361202, 5.955104454708967765 ) ) ;
#1527 = CYLINDRICAL_SURFACE ( 'NONE', #3363, 0.7000000000000015099 ) ;
#1528 = DIRECTION ( 'NONE',  ( -0.000000000000000000, -0.9749279121818212879, 0.2225209339563246069 ) ) ;
#1529 = B_SPLINE_CURVE_WITH_KNOTS ( 'NONE', 3,
 ( #1577, #3471, #3564, #1106, #638, #5420, #2547, #1634, #4476, #5488, #3108, #5007, #733, #2645, #5191, #4778 ),
 .UNSPECIFIED., .F., .F.,
 ( 4, 2, 2, 2, 2, 2, 2, 4 ),
 ( 0.000000000000000000, 0.0002736956474133258178, 0.0005473912948266516356, 0.001094782589653333846, 0.001368478237066674246, 0.001642173884480014213, 0.001915869531893354396, 0.002189565179306694580 ),
 .UNSPECIFIED. ) ;
#1530 = ORIENTED_EDGE ( 'NONE', *, *, #2424, .T. ) ;
#1531 = CARTESIAN_POINT ( 'NONE',  ( 77.18274313490444172, -6.876387137968576369, 4.088434899662755306 ) ) ;
#1532 = ORIENTED_EDGE ( 'NONE', *, *, #2882, .F. ) ;
#1533 = DIRECTION ( 'NONE',  ( 0.000000000000000000, 0.4338837391175539571, -0.9009688679024211444 ) ) ;
#1534 = CARTESIAN_POINT ( 'NONE',  ( 77.62417195950936843, 9.994146454984102590, 0.3657296480667447947 ) ) ;
#1535 = CARTESIAN_POINT ( 'NONE',  ( 77.55920409114582981, 5.317682838435420223, 5.977158460482471014 ) ) ;
#1536 = CARTESIAN_POINT ( 'NONE',  ( 73.43710854142003086, 4.958872393161457559, 8.683869217597710133 ) ) ;
#1537 = EDGE_CURVE ( 'NONE', #1474, #3811, #3282, .T. ) ;
#1538 = CARTESIAN_POINT ( 'NONE',  ( 76.31838297155174189, 2.045667626989060128, -9.788892526525486915 ) ) ;
#1539 = CARTESIAN_POINT ( 'NONE',  ( 70.00000000000000000, 9.291306452362329438, -3.697515978098008915 ) ) ;
#1540 = CARTESIAN_POINT ( 'NONE',  ( 73.80340771215257689, 4.023008134657635182, 6.916080005145055942 ) ) ;
#1541 = ORIENTED_EDGE ( 'NONE', *, *, #5126, .T. ) ;
#1542 = CARTESIAN_POINT ( 'NONE',  ( 70.00000000000000000, -6.766885797695191940, 7.362693569676186378 ) ) ;
#1543 = CARTESIAN_POINT ( 'NONE',  ( 73.43710854142003086, -3.697515978097944078, 9.291306452362359636 ) ) ;
#1544 = LINE ( 'NONE', #2426, #1556 ) ;
#1545 = CARTESIAN_POINT ( 'NONE',  ( 73.43710854142003086, -2.827078484599142794, 7.483824372733276498 ) ) ;
#1546 = EDGE_CURVE ( 'NONE', #3718, #3280, #3409, .T. ) ;
#1547 = CARTESIAN_POINT ( 'NONE',  ( 70.00000000000000000, -24.00100000000000122, 0.000000000000000000 ) ) ;
#1548 = CARTESIAN_POINT ( 'NONE',  ( 70.70007234839455634, 5.059766228066085780, -6.197363237661996926 ) ) ;
#1549 = CARTESIAN_POINT ( 'NONE',  ( 73.34571572478330381, -2.827078484599261365, -7.483824372733232977 ) ) ;
#1550 = CARTESIAN_POINT ( 'NONE',  ( 70.00000000000000000, 1.537301343332124537, 9.881128709807864396 ) ) ;
#1551 = EDGE_CURVE ( 'NONE', #4810, #3498, #1276, .T. ) ;
#1552 = ORIENTED_EDGE ( 'NONE', *, *, #3869, .T. ) ;
#1553 = B_SPLINE_CURVE_WITH_KNOTS ( 'NONE', 3,
 ( #146, #4889, #3014, #3509, #1111, #5427, #5892, #5924, #1641, #2113, #3445, #3046, #613, #4420 ),
 .UNSPECIFIED., .F., .F.,
 ( 4, 2, 2, 2, 2, 2, 4 ),
 ( 0.002189565179306700218, 0.002736829203537972585, 0.003010461215653593807, 0.003284093227769215029, 0.003557725239884836684, 0.003831357252000457472, 0.004378621276231729406 ),
 .UNSPECIFIED. ) ;
#1554 = CARTESIAN_POINT ( 'NONE',  ( 76.99999999999980105, 1.090890135573562514, -7.925273415605818883 ) ) ;
#1555 = CARTESIAN_POINT ( 'NONE',  ( 70.35269246556349287, 9.981342759354065564, -0.6115849489476929968 ) ) ;
#1556 = VECTOR ( 'NONE', #4320, 1000.000000000000114 ) ;
#1557 = CARTESIAN_POINT ( 'NONE',  ( 70.43051374540979737, -9.984547324097629684, -0.5594596657860433364 ) ) ;
#1558 = EDGE_LOOP ( 'NONE', ( #5558, #3658, #3943, #5435 ) ) ;
#1559 = VECTOR ( 'NONE', #3807, 1000.000000000000000 ) ;
#1560 = DIRECTION ( 'NONE',  ( -1.000000000000000000, 0.000000000000000000, -0.000000000000000000 ) ) ;
#1561 = ORIENTED_EDGE ( 'NONE', *, *, #1992, .T. ) ;
#1562 = CARTESIAN_POINT ( 'NONE',  ( 73.52893491103309032, -0.7000743162077923687, -9.975464698818313991 ) ) ;
#1563 = FACE_BOUND ( 'NONE', #2053, .T. ) ;
#1564 = CARTESIAN_POINT ( 'NONE',  ( 76.38828058685214728, -5.258909188261755574, -6.029184835370076101 ) ) ;
#1565 = FACE_BOUND ( 'NONE', #5703, .T. ) ;
#1566 = AXIS2_PLACEMENT_3D ( 'NONE', #5772, #2900, #1986 ) ;
#1567 = CARTESIAN_POINT ( 'NONE',  ( 76.44079562782334847, 5.892398547084177096, -8.079839596185742323 ) ) ;
#1568 = ORIENTED_EDGE ( 'NONE', *, *, #5177, .T. ) ;
#1569 = DIRECTION ( 'NONE',  ( 0.000000000000000000, 0.000000000000000000, 1.000000000000000000 ) ) ;
#1570 = CARTESIAN_POINT ( 'NONE',  ( 77.09138514484499183, 8.683869217597786516, -4.958872393161336767 ) ) ;
#1571 = EDGE_LOOP ( 'NONE', ( #3339, #4737, #3841, #4337 ) ) ;
#1572 = AXIS2_PLACEMENT_3D ( 'NONE', #1680, #1646, #4017 ) ;
#1573 = DIRECTION ( 'NONE',  ( -1.000000000000000000, -0.000000000000000000, -0.000000000000000000 ) ) ;
#1574 = EDGE_CURVE ( 'NONE', #3354, #2529, #547, .T. ) ;
#1575 = CARTESIAN_POINT ( 'NONE',  ( 77.68192758678335963, 1.601621894156867176, 7.838495486671714474 ) ) ;
#1576 = CARTESIAN_POINT ( 'NONE',  ( 77.70007234839455634, 7.247626984578079856, -3.388281050122337490 ) ) ;
#1577 = CARTESIAN_POINT ( 'NONE',  ( 73.43710854142003086, -5.794219403481214670, 5.516069389005344270 ) ) ;
#1578 = CARTESIAN_POINT ( 'NONE',  ( 74.13718088981458720, 7.819877308127078486, 1.690581044505622632 ) ) ;
#1579 = CARTESIAN_POINT ( 'NONE',  ( 22.30000000000000426, 0.000000000000000000, 0.000000000000000000 ) ) ;
#1580 = CARTESIAN_POINT ( 'NONE',  ( 77.36629917073253182, 6.916080005145142984, 4.023008134657488633 ) ) ;
#1581 = VERTEX_POINT ( 'NONE', #5796 ) ;
#1582 = EDGE_CURVE ( 'NONE', #3581, #4887, #3493, .T. ) ;
#1583 = CARTESIAN_POINT ( 'NONE',  ( 77.68189213675299243, -6.377048637202770820, -7.703274741287778227 ) ) ;
#1584 = CARTESIAN_POINT ( 'NONE',  ( 77.70007234839452792, -1.869756716125052343, 7.778981630310472184 ) ) ;
#1585 = VERTEX_POINT ( 'NONE', #24 ) ;
#1586 = EDGE_CURVE ( 'NONE', #1660, #5078, #5734, .T. ) ;
#1587 = CARTESIAN_POINT ( 'NONE',  ( 0.000000000000000000, 0.000000000000000000, 0.000000000000000000 ) ) ;
#1588 = CARTESIAN_POINT ( 'NONE',  ( 73.43710854142003086, -5.794219403481214670, 5.516069389005344270 ) ) ;
#1589 = LINE ( 'NONE', #5470, #5040 ) ;
#1590 = EDGE_LOOP ( 'NONE', ( #4088, #948, #1369, #5941 ) ) ;
#1591 = CIRCLE ( 'NONE', #1089, 24.00000000000000000 ) ;
#1592 = CARTESIAN_POINT ( 'NONE',  ( 26.30000000000000426, 12.00000000000000000, 0.000000000000000000 ) ) ;
#1593 = VERTEX_POINT ( 'NONE', #4795 ) ;
#1594 = CARTESIAN_POINT ( 'NONE',  ( 77.00000000000001421, 28.86505807256334322, 13.90067933815165091 ) ) ;
#1595 = CARTESIAN_POINT ( 'NONE',  ( 22.30000000000000426, 8.999999999999962697, -15.58845726811991561 ) ) ;
#1596 = DIRECTION ( 'NONE',  ( -1.000000000000000000, -0.000000000000000000, -0.000000000000000000 ) ) ;
#1597 = CARTESIAN_POINT ( 'NONE',  ( 72.87725266454347661, 7.543144944922463679, -6.565451306409473275 ) ) ;
#1598 = DIRECTION ( 'NONE',  ( -0.000000000000000000, -0.9749279121818257288, -0.2225209339563050392 ) ) ;
#1599 = EDGE_LOOP ( 'NONE', ( #4869, #365 ) ) ;
#1600 = CARTESIAN_POINT ( 'NONE',  ( 77.62417195950938265, -1.867346761046589698, -9.824954840260346600 ) ) ;
#1601 = CARTESIAN_POINT ( 'NONE',  ( 70.18505475354398015, -1.090890135578838960, -7.925273415605088800 ) ) ;
#1602 = ORIENTED_EDGE ( 'NONE', *, *, #2410, .F. ) ;
#1603 = CARTESIAN_POINT ( 'NONE',  ( 83.00000000000000000, 9.797174393178825657E-16, -8.000000000000000000 ) ) ;
#1604 = CARTESIAN_POINT ( 'NONE',  ( 77.68161899798536751, 1.959045402311363926, 7.756888550151248118 ) ) ;
#1605 = CARTESIAN_POINT ( 'NONE',  ( 69.90745110525168116, 7.483824372733251629, -2.827078484599195196 ) ) ;
#1606 = CARTESIAN_POINT ( 'NONE',  ( 70.69993446735443854, 2.046855927511134432, 9.789982418998851799 ) ) ;
#1607 = CARTESIAN_POINT ( 'NONE',  ( 70.36548765893751067, 7.976651364140179723, -0.6242829026904723744 ) ) ;
#1608 = LINE ( 'NONE', #3388, #5981 ) ;
#1609 = DIRECTION ( 'NONE',  ( 0.000000000000000000, 0.9749279121818239524, 0.2225209339563131716 ) ) ;
#1610 = EDGE_LOOP ( 'NONE', ( #4993, #5148, #925, #325 ) ) ;
#1611 = CARTESIAN_POINT ( 'NONE',  ( 69.31811214426680579, -1.958103375217872921, -7.757127483895105868 ) ) ;
#1612 = CARTESIAN_POINT ( 'NONE',  ( 72.75525992867999037, 0.1830590383207321981, -9.998684335809528534 ) ) ;
#1613 = EDGE_CURVE ( 'NONE', #3488, #3745, #1947, .T. ) ;
#1614 = CARTESIAN_POINT ( 'NONE',  ( 77.35287253598525581, 1.624914372878833335, 9.867162400696086522 ) ) ;
#1615 = VERTEX_POINT ( 'NONE', #763 ) ;
#1616 = CARTESIAN_POINT ( 'NONE',  ( 77.69993446735442433, 6.377922671304592228, -7.704250602826528294 ) ) ;
#1617 = CARTESIAN_POINT ( 'NONE',  ( 77.00000000000001421, -7.969316156358710934, -0.7000000000000018430 ) ) ;
#1618 = CARTESIAN_POINT ( 'NONE',  ( 70.69993446735445275, -9.999995412715103171, -0.1829390553462060531 ) ) ;
#1619 = EDGE_CURVE ( 'NONE', #5988, #5500, #3091, .T. ) ;
#1620 = EDGE_LOOP ( 'NONE', ( #4891, #433 ) ) ;
#1621 = CARTESIAN_POINT ( 'NONE',  ( 70.35287253598525581, 5.745198579865227195, 8.184982213713920984 ) ) ;
#1622 = VERTEX_POINT ( 'NONE', #1234 ) ;
#1623 = CARTESIAN_POINT ( 'NONE',  ( 77.00000000000001421, 2.902200420386549240, -9.569599402269048483 ) ) ;
#1624 = DIRECTION ( 'NONE',  ( -1.000000000000000000, 0.000000000000000000, -0.000000000000000000 ) ) ;
#1625 = CARTESIAN_POINT ( 'NONE',  ( 76.64730396509260402, -5.451523158638697630, -5.855094990987834258 ) ) ;
#1626 = CARTESIAN_POINT ( 'NONE',  ( 72.87790416924336512, 8.079839596185655282, -5.892398547084291671 ) ) ;
#1627 = CARTESIAN_POINT ( 'NONE',  ( 73.43710854141983191, 2.827078484594316432, 7.483824372735099928 ) ) ;
#1628 = VERTEX_POINT ( 'NONE', #5391 ) ;
#1629 = CARTESIAN_POINT ( 'NONE',  ( 77.35287253598525581, -1.624914372878767610, -9.867162400696093627 ) ) ;
#1630 = EDGE_LOOP ( 'NONE', ( #1742, #1695, #3255, #494 ) ) ;
#1631 = DIRECTION ( 'NONE',  ( 0.000000000000000000, 0.9749279121818239524, 0.2225209339563131716 ) ) ;
#1632 = CARTESIAN_POINT ( 'NONE',  ( 77.00000000000029843, -9.291306452364052504, -3.697515978093692368 ) ) ;
#1633 = CARTESIAN_POINT ( 'NONE',  ( 77.55983091159234277, 7.384148691003147746, -3.078723336291955714 ) ) ;
#1634 = CARTESIAN_POINT ( 'NONE',  ( 72.73707562519641101, -6.311459678047887323, 4.916688283280969962 ) ) ;
#1635 = B_SPLINE_CURVE_WITH_KNOTS ( 'NONE', 3,
 ( #163, #49, #4845, #572, #1941, #107, #4377, #3839, #5817, #5761, #5352, #4406, #3931, #6007 ),
 .UNSPECIFIED., .F., .F.,
 ( 4, 2, 2, 2, 2, 2, 4 ),
 ( 0.002189565179306702820, 0.002736829203537946131, 0.003010461215653582965, 0.003284093227769219366, 0.003557725239884856200, 0.003831357252000493034, 0.004378621276231737212 ),
 .UNSPECIFIED. ) ;
#1636 = CARTESIAN_POINT ( 'NONE',  ( 76.81497915877277194, 5.672321722240118547, 8.235579292278286445 ) ) ;
#1637 = CARTESIAN_POINT ( 'NONE',  ( 77.00000000000001421, 6.395244912017401973, 28.01939871054328535 ) ) ;
#1638 = CARTESIAN_POINT ( 'NONE',  ( 70.00000000000000000, -6.395244912017178152, 28.01939871054320008 ) ) ;
#1639 = CARTESIAN_POINT ( 'NONE',  ( 72.75516024144296523, 4.502876596026995415, 8.929238954838197628 ) ) ;
#1640 = CARTESIAN_POINT ( 'NONE',  ( 73.86762228682981402, -9.858705364104721980, -1.676337951774469648 ) ) ;
#1641 = CARTESIAN_POINT ( 'NONE',  ( 70.68192758678334542, -7.285573639734842288, 3.305695225881579269 ) ) ;
#1642 = CARTESIAN_POINT ( 'NONE',  ( 73.62016752706280442, -8.225293514841006015, 5.687335582168828729 ) ) ;
#1643 = ORIENTED_EDGE ( 'NONE', *, *, #2663, .F. ) ;
#1644 = EDGE_CURVE ( 'NONE', #4237, #796, #3604, .T. ) ;
#1645 = CARTESIAN_POINT ( 'NONE',  ( 77.68189213675297822, 6.091110741851485599, -7.931302603703469956 ) ) ;
#1646 = DIRECTION ( 'NONE',  ( -1.000000000000000000, -0.000000000000000000, -0.000000000000000000 ) ) ;
#1647 = CARTESIAN_POINT ( 'NONE',  ( 69.31811214426682000, -7.998359094238592704, 0.1828863829027787546 ) ) ;
#1648 = DIRECTION ( 'NONE',  ( 0.000000000000000000, -0.9009688679024253632, -0.4338837391175448532 ) ) ;
#1649 = AXIS2_PLACEMENT_3D ( 'NONE', #3061, #1286, #4963 ) ;
#1650 = ORIENTED_EDGE ( 'NONE', *, *, #407, .T. ) ;
#1651 = FACE_BOUND ( 'NONE', #1599, .T. ) ;
#1652 = ORIENTED_EDGE ( 'NONE', *, *, #5888, .T. ) ;
#1653 = ADVANCED_FACE ( 'NONE', ( #2545 ), #264, .F. ) ;
#1654 = DIRECTION ( 'NONE',  ( 0.000000000000000000, 0.000000000000000000, 1.000000000000000000 ) ) ;
#1655 = CARTESIAN_POINT ( 'NONE',  ( 76.38828058685217570, -7.048237967869100729, 3.785437514704069084 ) ) ;
#1656 = CARTESIAN_POINT ( 'NONE',  ( 77.61126478936334649, 4.707176627680051517, -6.469131863210662914 ) ) ;
#1657 = CARTESIAN_POINT ( 'NONE',  ( 70.61173969054667054, -5.258892854776006764, 6.029199791713764078 ) ) ;
#1658 = AXIS2_PLACEMENT_3D ( 'NONE', #1150, #4922, #650 ) ;
#1659 = CARTESIAN_POINT ( 'NONE',  ( 73.08421115242200017, 7.912746907989003375, 1.178846920671505316 ) ) ;
#1660 = VERTEX_POINT ( 'NONE', #2579 ) ;
#1661 = CARTESIAN_POINT ( 'NONE',  ( 73.43710854141983191, -2.827078484594266250, -7.483824372735117691 ) ) ;
#1662 = CARTESIAN_POINT ( 'NONE',  ( 73.25401337745886110, -7.922842736161308075, 1.108965770761596747 ) ) ;
#1663 = VERTEX_POINT ( 'NONE', #4473 ) ;
#1664 = DIRECTION ( 'NONE',  ( 0.000000000000000000, -1.224646799147353454E-16, 1.000000000000000000 ) ) ;
#1665 = EDGE_CURVE ( 'NONE', #4509, #1779, #5852, .T. ) ;
#1666 = CIRCLE ( 'NONE', #1566, 12.00000000000000000 ) ;
#1667 = B_SPLINE_CURVE_WITH_KNOTS ( 'NONE', 3,
 ( #3176, #5137, #866, #2805, #1445, #2440, #4222, #6129, #5197, #918, #1414, #947, #4725, #5266 ),
 .UNSPECIFIED., .F., .F.,
 ( 4, 2, 2, 2, 2, 2, 4 ),
 ( 0.002189565179306700218, 0.002736829203537973019, 0.003010461215653594674, 0.003284093227769216763, 0.003557725239884838419, 0.003831357252000460074, 0.004378621276231732876 ),
 .UNSPECIFIED. ) ;
#1668 = DIRECTION ( 'NONE',  ( 0.000000000000000000, 0.4338837391175539571, -0.9009688679024211444 ) ) ;
#1669 = CARTESIAN_POINT ( 'NONE',  ( 0.000000000000000000, 0.000000000000000000, 0.000000000000000000 ) ) ;
#1670 = DIRECTION ( 'NONE',  ( 0.000000000000000000, 0.000000000000000000, 1.000000000000000000 ) ) ;
#1671 = CARTESIAN_POINT ( 'NONE',  ( 69.81727175442983935, -2.902200420386759294, -9.569599402268982757 ) ) ;
#1672 = CARTESIAN_POINT ( 'NONE',  ( 77.18505475354399437, 6.876387137968727359, 4.088434899662490629 ) ) ;
#1673 = ORIENTED_EDGE ( 'NONE', *, *, #5243, .F. ) ;
#1674 = CARTESIAN_POINT ( 'NONE',  ( 76.57028713879577708, -4.537810675374898572, 6.588821149502646080 ) ) ;
#1675 = CARTESIAN_POINT ( 'NONE',  ( 74.06128050092941351, -8.041767044709834167, -5.945309440034655779 ) ) ;
#1676 = CARTESIAN_POINT ( 'NONE',  ( 77.61174165653739010, 1.880339092609803142, -9.821991445619126182 ) ) ;
#1677 = CARTESIAN_POINT ( 'NONE',  ( 76.30006596912041061, -7.128355537671454911, -3.635922867561342642 ) ) ;
#1678 = ORIENTED_EDGE ( 'NONE', *, *, #5648, .T. ) ;
#1679 = CARTESIAN_POINT ( 'NONE',  ( 73.43710854142003086, -28.01823128423977138, 6.394978454581793592 ) ) ;
#1680 = CARTESIAN_POINT ( 'NONE',  ( 85.00100000000000477, -9.000000000000074607, -15.58845726811985699 ) ) ;
#1681 = CARTESIAN_POINT ( 'NONE',  ( 70.00000000000000000, -7.969316156358710934, -0.7000000000000018430 ) ) ;
#1682 = CARTESIAN_POINT ( 'NONE',  ( 70.09253170642541875, -5.672321722240054598, -8.235579292278329078 ) ) ;
#1683 = ORIENTED_EDGE ( 'NONE', *, *, #104, .F. ) ;
#1684 = CARTESIAN_POINT ( 'NONE',  ( 70.00000000000000000, -28.86505807256332190, 13.90067933815189427 ) ) ;
#1685 = ORIENTED_EDGE ( 'NONE', *, *, #5288, .T. ) ;
#1686 = CARTESIAN_POINT ( 'NONE',  ( 74.11872753940536995, -6.138717151219150736, -5.130626726347633948 ) ) ;
#1687 = DIRECTION ( 'NONE',  ( 0.000000000000000000, 0.000000000000000000, 1.000000000000000000 ) ) ;
#1688 = FACE_OUTER_BOUND ( 'NONE', #29, .T. ) ;
#1689 = AXIS2_PLACEMENT_3D ( 'NONE', #5573, #6124, #2702 ) ;
#1690 = CARTESIAN_POINT ( 'NONE',  ( 72.87669828762024338, 7.692859407281623874, 2.196407067343931985 ) ) ;
#1691 = VERTEX_POINT ( 'NONE', #1104 ) ;
#1692 = EDGE_CURVE ( 'NONE', #1338, #3418, #5452, .T. ) ;
#1693 = CARTESIAN_POINT ( 'NONE',  ( 76.81727175442985356, 8.683869217597674606, -4.958872393161528613 ) ) ;
#1694 = CARTESIAN_POINT ( 'NONE',  ( 70.55983091159237119, -1.358405651242281742, -7.884093058744628735 ) ) ;
#1695 = ORIENTED_EDGE ( 'NONE', *, *, #1112, .F. ) ;
#1696 = CARTESIAN_POINT ( 'NONE',  ( 74.06128050092942772, -4.006786606199892908, 9.163098964407376812 ) ) ;
#1697 = AXIS2_PLACEMENT_3D ( 'NONE', #1637, #705, #2615 ) ;
#1698 = CARTESIAN_POINT ( 'NONE',  ( 77.36548765893752488, 2.383602738323291614, 7.637744046083815519 ) ) ;
#1699 = CARTESIAN_POINT ( 'NONE',  ( 77.18274313490444172, -4.421505313549899618, 6.667105126083587407 ) ) ;
#1700 = CARTESIAN_POINT ( 'NONE',  ( 76.29992569189745666, 10.00000520156549122, 0.09182646127890606302 ) ) ;
#1701 = ADVANCED_FACE ( 'NONE', ( #4035 ), #4440, .F. ) ;
#1702 = CARTESIAN_POINT ( 'NONE',  ( 69.30007476368578523, -2.315833476951286496, -9.728589385792762556 ) ) ;
#1703 = AXIS2_PLACEMENT_3D ( 'NONE', #362, #2742, #5674 ) ;
#1704 = CARTESIAN_POINT ( 'NONE',  ( 73.25374738822026188, -7.922832490243794545, -1.109039685405154962 ) ) ;
#1705 = CARTESIAN_POINT ( 'NONE',  ( 73.25438029584987021, 3.697515978097936973, 9.291306452362363189 ) ) ;
#1706 =( NAMED_UNIT ( * ) SI_UNIT ( $, .STERADIAN. ) SOLID_ANGLE_UNIT ( ) );
#1707 = ORIENTED_EDGE ( 'NONE', *, *, #2464, .T. ) ;
#1708 = CARTESIAN_POINT ( 'NONE',  ( 77.00000000000001421, -6.876387137968698049, -4.088434899662539479 ) ) ;
#1709 = ORIENTED_EDGE ( 'NONE', *, *, #1022, .F. ) ;
#1710 = CARTESIAN_POINT ( 'NONE',  ( 77.09138514484499183, 5.672321722240058151, -8.235579292278325525 ) ) ;
#1711 = CARTESIAN_POINT ( 'NONE',  ( 83.00000000000000000, 0.000000000000000000, 0.000000000000000000 ) ) ;
#1712 = CARTESIAN_POINT ( 'NONE',  ( 70.00000000000000000, -8.683869217597782963, -4.958872393161340320 ) ) ;
#1713 = B_SPLINE_CURVE_WITH_KNOTS ( 'NONE', 3,
 ( #4151, #1380, #1873, #4187, #1814, #4656, #940, #2344, #3277, #3220, #1840, #4718, #3712, #1783 ),
 .UNSPECIFIED., .F., .F.,
 ( 4, 2, 2, 2, 2, 2, 4 ),
 ( 0.002189188203112911370, 0.002736359354753674627, 0.003009944930574056255, 0.003283530506394437450, 0.003557116082214818210, 0.003830701658035199839, 0.004377872809675960493 ),
 .UNSPECIFIED. ) ;
#1714 = CARTESIAN_POINT ( 'NONE',  ( 70.35287253598525581, -1.624914372878767610, -9.867162400696093627 ) ) ;
#1715 = ORIENTED_EDGE ( 'NONE', *, *, #3517, .T. ) ;
#1716 = CARTESIAN_POINT ( 'NONE',  ( 73.52964024784543540, 9.881128709807892818, 1.537301343331925363 ) ) ;
#1717 = ORIENTED_EDGE ( 'NONE', *, *, #5451, .T. ) ;
#1718 = CARTESIAN_POINT ( 'NONE',  ( 70.00000000000000000, 9.291306452362329438, -3.697515978098008915 ) ) ;
#1719 = CARTESIAN_POINT ( 'NONE',  ( 73.61985167632442995, -5.794219403481158714, -5.516069389005410883 ) ) ;
#1720 = CARTESIAN_POINT ( 'NONE',  ( 76.81663884680023102, 7.477405991688718778, -2.844229830327341890 ) ) ;
#1721 = DIRECTION ( 'NONE',  ( -0.000000000000000000, 0.7818314824680310249, 0.6234898018587320401 ) ) ;
#1722 = DIRECTION ( 'NONE',  ( 0.000000000000000000, 0.000000000000000000, 1.000000000000000000 ) ) ;
#1723 = ORIENTED_EDGE ( 'NONE', *, *, #3968, .T. ) ;
#1724 = CARTESIAN_POINT ( 'NONE',  ( 77.09138514484496341, -2.902200420386544799, -9.569599402269048483 ) ) ;
#1725 = EDGE_LOOP ( 'NONE', ( #475, #2414, #4651, #5544 ) ) ;
#1726 = CARTESIAN_POINT ( 'NONE',  ( 70.69992722027568277, 1.870825301720314693, 7.778724707344104594 ) ) ;
#1727 = CARTESIAN_POINT ( 'NONE',  ( 70.62417195950935422, 9.163098964407346614, -4.006786606199956857 ) ) ;
#1728 = ADVANCED_FACE ( 'NONE', ( #3105 ), #5005, .F. ) ;
#1729 = CARTESIAN_POINT ( 'NONE',  ( 76.57028713879577708, -2.322069128170378693, -7.655866040473658707 ) ) ;
#1730 = CARTESIAN_POINT ( 'NONE',  ( 76.31805170002294858, 9.998691246639886288, 0.1827000438273091443 ) ) ;
#1731 = CARTESIAN_POINT ( 'NONE',  ( 74.13718088981457299, -7.778981630310446427, 1.869756716125157370 ) ) ;
#1732 = VERTEX_POINT ( 'NONE', #166 ) ;
#1733 = CARTESIAN_POINT ( 'NONE',  ( 72.87790416924337933, 3.946730360091617928, 9.188443176213352714 ) ) ;
#1734 = ADVANCED_FACE ( 'NONE', ( #5517 ), #2072, .T. ) ;
#1735 = EDGE_LOOP ( 'NONE', ( #2666, #777 ) ) ;
#1736 = CARTESIAN_POINT ( 'NONE',  ( 76.64730396509261823, -7.452083156160819399, -2.909931053535304013 ) ) ;
#1737 = EDGE_CURVE ( 'NONE', #2990, #5580, #1989, .T. ) ;
#1738 = CARTESIAN_POINT ( 'NONE',  ( 69.30007476368578523, 6.162218906134931729, -7.876267788946811343 ) ) ;
#1739 = DIRECTION ( 'NONE',  ( -1.000000000000000000, -0.000000000000000000, -0.000000000000000000 ) ) ;
#1740 = CARTESIAN_POINT ( 'NONE',  ( 69.29992569189748508, -8.969851357103166833, -4.421572430912155127 ) ) ;
#1741 = LINE ( 'NONE', #5052, #3043 ) ;
#1742 = ORIENTED_EDGE ( 'NONE', *, *, #1613, .F. ) ;
#1743 = CARTESIAN_POINT ( 'NONE',  ( 74.13714124028108188, 9.729011223358202898, 2.314019091071564560 ) ) ;
#1744 = ORIENTED_EDGE ( 'NONE', *, *, #3820, .T. ) ;
#1745 = B_SPLINE_CURVE_WITH_KNOTS ( 'NONE', 3,
 ( #2998, #4928, #5872, #3924, #657, #537, #5841, #1562, #4371, #3458, #566, #5377, #5319, #2094 ),
 .UNSPECIFIED., .F., .F.,
 ( 4, 2, 2, 2, 2, 2, 4 ),
 ( 0.002189188308116649280, 0.002736359494602597434, 0.003009945087845557199, 0.003283530681088516531, 0.003557116274331475862, 0.003830701867574435628, 0.004377873054060355158 ),
 .UNSPECIFIED. ) ;
#1746 = FACE_OUTER_BOUND ( 'NONE', #2364, .T. ) ;
#1747 = CARTESIAN_POINT ( 'NONE',  ( 76.30007476368578523, -9.999994766543689906, 0.09295590044075918712 ) ) ;
#1748 = DIRECTION ( 'NONE',  ( 0.000000000000000000, 0.000000000000000000, 1.000000000000000000 ) ) ;
#1749 = CARTESIAN_POINT ( 'NONE',  ( 73.52849368626500848, -9.881128709807864396, 1.537301343332133641 ) ) ;
#1750 = FACE_OUTER_BOUND ( 'NONE', #5170, .T. ) ;
#1751 = VERTEX_POINT ( 'NONE', #3286 ) ;
#1752 = DIRECTION ( 'NONE',  ( -0.000000000000000000, 0.7818314824680310249, 0.6234898018587320401 ) ) ;
#1753 = VECTOR ( 'NONE', #2454, 999.9999999999998863 ) ;
#1754 = CARTESIAN_POINT ( 'NONE',  ( 73.43710854142003086, 9.881128709807894595, 1.537301343331925363 ) ) ;
#1755 = ORIENTED_EDGE ( 'NONE', *, *, #1551, .T. ) ;
#1756 = CARTESIAN_POINT ( 'NONE',  ( 70.18274313490439908, -5.516069389005446411, -5.794219403481116970 ) ) ;
#1757 = EDGE_CURVE ( 'NONE', #1004, #719, #3230, .T. ) ;
#1758 = CARTESIAN_POINT ( 'NONE',  ( 70.43051374540979737, 9.238506750787076172, -3.828076984655382820 ) ) ;
#1759 = CARTESIAN_POINT ( 'NONE',  ( 76.37585270615917921, -1.421955884708035578, -7.873676364498972013 ) ) ;
#1760 = VECTOR ( 'NONE', #1085, 1000.000000000000000 ) ;
#1761 = CARTESIAN_POINT ( 'NONE',  ( 69.44079562782334847, -6.566079120333415453, -7.542597266412430557 ) ) ;
#1762 = DIRECTION ( 'NONE',  ( -1.000000000000000000, -0.000000000000000000, -0.000000000000000000 ) ) ;
#1763 = CARTESIAN_POINT ( 'NONE',  ( 77.35287253598525581, 9.258194574617622408, -3.779824569926434563 ) ) ;
#1764 = EDGE_CURVE ( 'NONE', #182, #5272, #259, .T. ) ;
#1765 = VERTEX_POINT ( 'NONE', #4605 ) ;
#1766 = AXIS2_PLACEMENT_3D ( 'NONE', #4225, #6106, #2914 ) ;
#1767 = DIRECTION ( 'NONE',  ( -0.000000000000000000, -0.6234898018587372581, -0.7818314824680268060 ) ) ;
#1768 = CARTESIAN_POINT ( 'NONE',  ( 69.57028713879576287, 1.229643790225027900, -7.905204995118139344 ) ) ;
#1769 = AXIS2_PLACEMENT_3D ( 'NONE', #1329, #2739, #3229 ) ;
#1770 = ORIENTED_EDGE ( 'NONE', *, *, #280, .F. ) ;
#1771 = CARTESIAN_POINT ( 'NONE',  ( 73.62043667358639709, -7.375094386039682703, 6.753460102636631213 ) ) ;
#1772 = EDGE_CURVE ( 'NONE', #2517, #5877, #3895, .T. ) ;
#1773 = AXIS2_PLACEMENT_3D ( 'NONE', #526, #2871, #466 ) ;
#1774 = CARTESIAN_POINT ( 'NONE',  ( 73.78953143382599933, 0.6117399584915881317, -7.976654305144761814 ) ) ;
#1775 = CARTESIAN_POINT ( 'NONE',  ( 70.61174165653740431, -8.851514380995205045, 4.653803199969578586 ) ) ;
#1776 = CARTESIAN_POINT ( 'NONE',  ( 70.69993446735443854, 2.403560710081385832, -9.708566880093432161 ) ) ;
#1777 = CARTESIAN_POINT ( 'NONE',  ( 70.09253170642541875, 6.766885797695244342, -7.362693569676141969 ) ) ;
#1778 = CARTESIAN_POINT ( 'NONE',  ( 69.64710261100195510, 6.921433678458708272, 4.011857366228743338 ) ) ;
#1779 = VERTEX_POINT ( 'NONE', #6105 ) ;
#1780 = EDGE_CURVE ( 'NONE', #4148, #1622, #803, .T. ) ;
#1781 = CARTESIAN_POINT ( 'NONE',  ( 76.43958974620019831, -7.988729912622992479, 0.4295162963641747100 ) ) ;
#1782 = ORIENTED_EDGE ( 'NONE', *, *, #1155, .T. ) ;
#1783 = CARTESIAN_POINT ( 'NONE',  ( 70.00000000000000000, -2.902200420386484403, 9.569599402269064470 ) ) ;
#1784 = CARTESIAN_POINT ( 'NONE',  ( 76.43958974620022673, 7.383957082032583052, 3.079199194008182427 ) ) ;
#1785 = CARTESIAN_POINT ( 'NONE',  ( 73.99752483067874209, -9.836065698270964219, 1.804465320102610404 ) ) ;
#1786 = DIRECTION ( 'NONE',  ( -0.000000000000000000, 0.9009688679024249192, 0.4338837391175464075 ) ) ;
#1787 = VERTEX_POINT ( 'NONE', #3720 ) ;
#1788 = CARTESIAN_POINT ( 'NONE',  ( 73.61985167632442995, 6.667105126083490596, -4.421505313550046168 ) ) ;
#1789 = CARTESIAN_POINT ( 'NONE',  ( 70.00000000000000000, -5.712795373489899298, 28.17516336431262047 ) ) ;
#1790 = ORIENTED_EDGE ( 'NONE', *, *, #4474, .T. ) ;
#1791 = CARTESIAN_POINT ( 'NONE',  ( 70.69992722027566856, -5.060617515722713122, -6.196668116154278927 ) ) ;
#1792 = DIRECTION ( 'NONE',  ( 0.000000000000000000, 0.000000000000000000, 1.000000000000000000 ) ) ;
#1793 = FACE_OUTER_BOUND ( 'NONE', #253, .T. ) ;
#1794 = CARTESIAN_POINT ( 'NONE',  ( 69.63452057087401670, -6.711346496273669082, -7.414479237143894785 ) ) ;
#1795 = CARTESIAN_POINT ( 'NONE',  ( 76.31805170002293437, -6.376922670326567122, 7.703379985975161937 ) ) ;
#1796 = AXIS2_PLACEMENT_3D ( 'NONE', #1822, #3693, #5102 ) ;
#1797 = CARTESIAN_POINT ( 'NONE',  ( 77.70007234839454213, 1.869756716125103635, -7.778981630310458861 ) ) ;
#1798 = ORIENTED_EDGE ( 'NONE', *, *, #3510, .T. ) ;
#1799 = AXIS2_PLACEMENT_3D ( 'NONE', #1977, #2888, #2479 ) ;
#1800 = DIRECTION ( 'NONE',  ( 0.000000000000000000, -0.7818314824680204778, 0.6234898018587453628 ) ) ;
#1801 = DIRECTION ( 'NONE',  ( -0.000000000000000000, -0.9009688679024158153, 0.4338837391175651703 ) ) ;
#1802 = ORIENTED_EDGE ( 'NONE', *, *, #5355, .T. ) ;
#1803 = CARTESIAN_POINT ( 'NONE',  ( 72.75525992867997616, -0.1830590383207317540, 9.998684335809526758 ) ) ;
#1804 = CARTESIAN_POINT ( 'NONE',  ( 76.64710261100201194, -2.371107839581360288, 7.640621133477440097 ) ) ;
#1805 = CARTESIAN_POINT ( 'NONE',  ( 76.90745110525168116, 7.969316156358710934, 0.7000000000000020650 ) ) ;
#1806 = CARTESIAN_POINT ( 'NONE',  ( 70.00000000000000000, 2.902200420386549240, -9.569599402269048483 ) ) ;
#1807 = CARTESIAN_POINT ( 'NONE',  ( 73.99752483067877051, -3.947954132767042879, -9.187923686977567783 ) ) ;
#1808 = ADVANCED_FACE ( 'NONE', ( #828 ), #6074, .F. ) ;
#1809 = VERTEX_POINT ( 'NONE', #5643 ) ;
#1810 = B_SPLINE_CURVE_WITH_KNOTS ( 'NONE', 3,
 ( #3373, #1009, #2603, #3585, #4025, #5540, #4595, #289, #254, #1655, #2157, #3490, #6002, #2634, #3096, #321 ),
 .UNSPECIFIED., .F., .F.,
 ( 4, 2, 2, 2, 2, 2, 2, 4 ),
 ( 0.000000000000000000, 0.0002736956474133489655, 0.0005473912948266979311, 0.001094782589653366589, 0.001368478237066700484, 0.001642173884480034379, 0.001915869531893367407, 0.002189565179306700218 ),
 .UNSPECIFIED. ) ;
#1811 = CARTESIAN_POINT ( 'NONE',  ( 72.75549151297178696, -4.172611975998866463, -9.088260682535928225 ) ) ;
#1812 = ORIENTED_EDGE ( 'NONE', *, *, #1090, .T. ) ;
#1813 = CARTESIAN_POINT ( 'NONE',  ( 77.00000000000029843, -1.537301343327402758, 9.881128709808599808 ) ) ;
#1814 = CARTESIAN_POINT ( 'NONE',  ( 69.38871602490029034, -1.879575570137357987, 9.822136662260428253 ) ) ;
#1815 = CARTESIAN_POINT ( 'NONE',  ( 69.31811214426680579, 7.998359094238590927, -0.1828863829027834453 ) ) ;
#1816 = EDGE_CURVE ( 'NONE', #4927, #1787, #2230, .T. ) ;
#1817 = CARTESIAN_POINT ( 'NONE',  ( 76.99999999999980105, -2.455789212638409325, -7.613744108064627980 ) ) ;
#1818 = EDGE_LOOP ( 'NONE', ( #5630, #4503 ) ) ;
#1819 = DIRECTION ( 'NONE',  ( -0.000000000000000000, 0.4338837391175526248, -0.9009688679024218105 ) ) ;
#1820 = CARTESIAN_POINT ( 'NONE',  ( 77.00000000000001421, 24.00100000000000122, 0.7000000000000018430 ) ) ;
#1821 = ORIENTED_EDGE ( 'NONE', *, *, #5861, .T. ) ;
#1822 = CARTESIAN_POINT ( 'NONE',  ( 26.30000000000000426, 18.00000000000000000, 0.000000000000000000 ) ) ;
#1823 = CARTESIAN_POINT ( 'NONE',  ( 22.30000000000000426, 0.000000000000000000, 14.22050000000000125 ) ) ;
#1824 = CARTESIAN_POINT ( 'NONE',  ( 77.61173969054668476, -7.048248914683523658, -3.785418262633337694 ) ) ;
#1825 = CARTESIAN_POINT ( 'NONE',  ( 76.63374405134040046, -6.711040529656925990, 7.414761026295756174 ) ) ;
#1826 = CARTESIAN_POINT ( 'NONE',  ( 77.61174165653741852, -1.880339092609739193, 9.821991445619140393 ) ) ;
#1827 = ORIENTED_EDGE ( 'NONE', *, *, #4602, .T. ) ;
#1828 = CARTESIAN_POINT ( 'NONE',  ( 73.43710854142003086, -9.881128709807883936, -1.537301343331989978 ) ) ;
#1829 = B_SPLINE_CURVE_WITH_KNOTS ( 'NONE', 3,
 ( #4274, #4304, #1931, #2933, #4244, #6152, #4366, #10, #5283, #3278, #1874, #3828, #3768, #5691 ),
 .UNSPECIFIED., .F., .F.,
 ( 4, 2, 2, 2, 2, 2, 4 ),
 ( 0.002189188203112908335, 0.002736359354753673759, 0.003009944930574055821, 0.003283530506394437450, 0.003557116082214818210, 0.003830701658035198971, 0.004377872809675957891 ),
 .UNSPECIFIED. ) ;
#1830 = ORIENTED_EDGE ( 'NONE', *, *, #3157, .T. ) ;
#1831 = CARTESIAN_POINT ( 'NONE',  ( 73.25424445330074263, -0.6818921423476081989, 9.976785982679571063 ) ) ;
#1832 = CARTESIAN_POINT ( 'NONE',  ( 41.30000000000000426, 0.000000000000000000, 0.000000000000000000 ) ) ;
#1833 = CARTESIAN_POINT ( 'NONE',  ( 70.09253170642543296, -9.291306452362308121, 3.697515978098075085 ) ) ;
#1834 = CARTESIAN_POINT ( 'NONE',  ( 70.09253170642544717, 2.902200420386549240, -9.569599402269052035 ) ) ;
#1835 = ORIENTED_EDGE ( 'NONE', *, *, #2359, .F. ) ;
#1836 = DIRECTION ( 'NONE',  ( -0.000000000000000000, -0.6234898018587372581, -0.7818314824680268060 ) ) ;
#1837 = EDGE_CURVE ( 'NONE', #1809, #3457, #5618, .T. ) ;
#1838 = ORIENTED_EDGE ( 'NONE', *, *, #479, .F. ) ;
#1839 = CYLINDRICAL_SURFACE ( 'NONE', #5845, 0.7000000000000016209 ) ;
#1840 = CARTESIAN_POINT ( 'NONE',  ( 69.44014412312341733, -2.642419297395322886, 9.644781323269901563 ) ) ;
#1841 = CARTESIAN_POINT ( 'NONE',  ( 22.30000000000000426, 0.000000000000000000, 0.000000000000000000 ) ) ;
#1842 = CARTESIAN_POINT ( 'NONE',  ( 72.75522068568683665, 3.635132887971757931, -7.126921110565668016 ) ) ;
#1843 = ORIENTED_EDGE ( 'NONE', *, *, #3793, .T. ) ;
#1844 = CARTESIAN_POINT ( 'NONE',  ( 77.00000000000029843, -5.672321722236169705, 8.235579292281004271 ) ) ;
#1845 = CARTESIAN_POINT ( 'NONE',  ( 46.30000000000000426, 0.000000000000000000, 10.00000000000000000 ) ) ;
#1846 = EDGE_CURVE ( 'NONE', #5500, #5988, #3382, .T. ) ;
#1847 = ORIENTED_EDGE ( 'NONE', *, *, #1692, .F. ) ;
#1848 = DIRECTION ( 'NONE',  ( -1.000000000000000000, -0.000000000000000000, -0.000000000000000000 ) ) ;
#1849 = CARTESIAN_POINT ( 'NONE',  ( 72.73707562519641101, -6.197848545054771563, -5.059152137971261176 ) ) ;
#1850 = AXIS2_PLACEMENT_3D ( 'NONE', #2408, #1470, #1031 ) ;
#1851 = FACE_OUTER_BOUND ( 'NONE', #6001, .T. ) ;
#1852 = CARTESIAN_POINT ( 'NONE',  ( 69.90745110525168116, -2.455789212633290752, 7.613744108066274663 ) ) ;
#1853 = DIRECTION ( 'NONE',  ( -0.000000000000000000, -0.6234898018587267110, 0.7818314824680352437 ) ) ;
#1854 = EDGE_CURVE ( 'NONE', #2334, #5552, #4380, .T. ) ;
#1855 = ORIENTED_EDGE ( 'NONE', *, *, #1254, .F. ) ;
#1856 = B_SPLINE_CURVE_WITH_KNOTS ( 'NONE', 3,
 ( #1806, #1834, #437, #4616, #5085, #3732, #1776, #2788, #3213, #4712, #3763, #5656, #5629, #2753, #3243, #2692 ),
 .UNSPECIFIED., .F., .F.,
 ( 4, 2, 2, 2, 2, 2, 2, 4 ),
 ( 0.000000000000000000, 0.0002736485253891255765, 0.0005472970507782511530, 0.001094594101556471731, 0.001368242626945582454, 0.001641891152334692744, 0.001915539677723803250, 0.002189188203112913539 ),
 .UNSPECIFIED. ) ;
#1857 = VECTOR ( 'NONE', #3212, 1000.000000000000114 ) ;
#1858 = FACE_OUTER_BOUND ( 'NONE', #4541, .T. ) ;
#1859 = DIRECTION ( 'NONE',  ( -0.000000000000000000, 0.6234898018587431423, 0.7818314824680221431 ) ) ;
#1860 = EDGE_LOOP ( 'NONE', ( #2844, #278 ) ) ;
#1861 = CARTESIAN_POINT ( 'NONE',  ( 72.75516024144297944, -9.707348597250978983, 2.403037486827257041 ) ) ;
#1862 = CARTESIAN_POINT ( 'NONE',  ( 76.90745110525169537, -2.455789212633290752, 7.613744108066274663 ) ) ;
#1863 = CARTESIAN_POINT ( 'NONE',  ( 70.09138514484496341, -8.683869217597750989, 4.958872393161398051 ) ) ;
#1864 = CARTESIAN_POINT ( 'NONE',  ( 69.29992569189747087, -10.00000520156549122, -0.09182646127890606302 ) ) ;
#1865 = AXIS2_PLACEMENT_3D ( 'NONE', #5388, #4034, #4940 ) ;
#1866 = B_SPLINE_CURVE_WITH_KNOTS ( 'NONE', 3,
 ( #3143, #5525, #5013, #3570, #4982, #2080, #4949, #5496, #4105, #773, #4545, #210, #4513, #4577, #5426, #3013 ),
 .UNSPECIFIED., .F., .F.,
 ( 4, 2, 2, 2, 2, 2, 2, 4 ),
 ( 0.000000000000000000, 0.0002736956474133270647, 0.0005473912948266541293, 0.001094782589653336448, 0.001368478237066676415, 0.001642173884480016815, 0.001915869531893356782, 0.002189565179306697182 ),
 .UNSPECIFIED. ) ;
#1867 = ORIENTED_EDGE ( 'NONE', *, *, #942, .F. ) ;
#1868 = B_SPLINE_CURVE_WITH_KNOTS ( 'NONE', 3,
 ( #3399, #1531, #3424, #2439, #5344, #3310, #4811, #4336, #4783, #72, #3338, #3865, #2382, #2966 ),
 .UNSPECIFIED., .F., .F.,
 ( 4, 2, 2, 2, 2, 2, 4 ),
 ( 0.002189565179306700218, 0.002736829203537972585, 0.003010461215653593807, 0.003284093227769215029, 0.003557725239884836684, 0.003831357252000457472, 0.004378621276231729406 ),
 .UNSPECIFIED. ) ;
#1869 = EDGE_CURVE ( 'NONE', #813, #3285, #5104, .T. ) ;
#1870 = CARTESIAN_POINT ( 'NONE',  ( 76.57028713879576287, 5.413867777422719740, 5.890188923478065774 ) ) ;
#1871 = ORIENTED_EDGE ( 'NONE', *, *, #1090, .F. ) ;
#1872 = CARTESIAN_POINT ( 'NONE',  ( 70.00000000000000000, 28.86505807256328637, -13.90067933815211987 ) ) ;
#1873 = CARTESIAN_POINT ( 'NONE',  ( 69.63452057087403091, -1.612417196537614172, 9.869994170990809224 ) ) ;
#1874 = CARTESIAN_POINT ( 'NONE',  ( 76.44014412312341733, -5.893072195891331688, -8.079349392801109531 ) ) ;
#1875 =( GEOMETRIC_REPRESENTATION_CONTEXT ( 3 ) GLOBAL_UNCERTAINTY_ASSIGNED_CONTEXT ( ( #158 ) ) GLOBAL_UNIT_ASSIGNED_CONTEXT ( ( #4107, #5527, #1706 ) ) REPRESENTATION_CONTEXT ( 'NONE', 'WORKASPACE' ) );
#1876 = DIRECTION ( 'NONE',  ( 0.000000000000000000, 0.6234898018587368140, 0.7818314824680272501 ) ) ;
#1877 = ORIENTED_EDGE ( 'NONE', *, *, #4563, .T. ) ;
#1878 = CARTESIAN_POINT ( 'NONE',  ( 69.56947108626575016, 5.413262440573660683, -5.890736308578572888 ) ) ;
#1879 = DIRECTION ( 'NONE',  ( -0.8320502943378438321, 0.000000000000000000, 0.5547001962252288143 ) ) ;
#1880 = EDGE_LOOP ( 'NONE', ( #5994, #6069 ) ) ;
#1881 = CARTESIAN_POINT ( 'NONE',  ( 77.68161899798535330, 5.130626726347718325, 6.138717151219079682 ) ) ;
#1882 = CYLINDRICAL_SURFACE ( 'NONE', #1766, 0.7000000000000018430 ) ;
#1883 = EDGE_CURVE ( 'NONE', #6009, #5111, #4311, .T. ) ;
#1884 = CARTESIAN_POINT ( 'NONE',  ( 70.00000000000000000, 8.683869217597814938, 4.958872393161278147 ) ) ;
#1885 = CARTESIAN_POINT ( 'NONE',  ( 70.00000000000000000, -7.969316156358710934, -0.7000000000000018430 ) ) ;
#1886 = CARTESIAN_POINT ( 'NONE',  ( 77.61173969054668476, 2.122126992272133972, -7.713869406146662833 ) ) ;
#1887 = ORIENTED_EDGE ( 'NONE', *, *, #5134, .F. ) ;
#1888 = B_SPLINE_CURVE_WITH_KNOTS ( 'NONE', 3,
 ( #2642, #5450, #4003, #2103, #137, #1696, #4536, #2510, #5913, #4909, #1135, #5034, #634, #4504, #232, #263 ),
 .UNSPECIFIED., .F., .F.,
 ( 4, 2, 2, 2, 2, 2, 2, 4 ),
 ( 0.000000000000000000, 0.0002736485253891023746, 0.0005472970507782047491, 0.001094594101556440073, 0.001368242626945559036, 0.001641891152334677782, 0.001915539677723796961, 0.002189188203112915707 ),
 .UNSPECIFIED. ) ;
#1889 = CARTESIAN_POINT ( 'NONE',  ( 73.43710854142003086, 13.90010016731181963, 28.86385541192112925 ) ) ;
#1890 = CARTESIAN_POINT ( 'NONE',  ( 70.56041628925872544, -6.565080101640460519, -7.543474449562366679 ) ) ;
#1891 = ADVANCED_FACE ( 'NONE', ( #3775 ), #75, .F. ) ;
#1892 = ORIENTED_EDGE ( 'NONE', *, *, #1574, .F. ) ;
#1893 = AXIS2_PLACEMENT_3D ( 'NONE', #5636, #6098, #1748 ) ;
#1894 = CARTESIAN_POINT ( 'NONE',  ( 70.36629917073253182, 6.916080005145142984, 4.023008134657488633 ) ) ;
#1895 = CARTESIAN_POINT ( 'NONE',  ( 70.36629917073254603, 5.461115503473674693, -5.847475912460713410 ) ) ;
#1896 = CARTESIAN_POINT ( 'NONE',  ( 72.81282607466654611, 0.3654883885580557656, -7.992694191845728824 ) ) ;
#1897 = CARTESIAN_POINT ( 'NONE',  ( 26.30000000000000426, 1.469576158976823947E-15, -12.00000000000000000 ) ) ;
#1898 = CARTESIAN_POINT ( 'NONE',  ( 73.43710854142032929, 8.235579292280885255, -5.672321722236346453 ) ) ;
#1899 = ORIENTED_EDGE ( 'NONE', *, *, #1431, .T. ) ;
#1900 = EDGE_LOOP ( 'NONE', ( #348, #5437, #683, #515 ) ) ;
#1901 = DIRECTION ( 'NONE',  ( 0.000000000000000000, 0.000000000000000000, 1.000000000000000000 ) ) ;
#1902 = CARTESIAN_POINT ( 'NONE',  ( 77.62417195950938265, 8.845730669988720152, 4.665808660153920151 ) ) ;
#1903 = CARTESIAN_POINT ( 'NONE',  ( 77.00000000000029843, -8.683869217595441725, 4.958872393165440151 ) ) ;
#1904 = CARTESIAN_POINT ( 'NONE',  ( 77.68161899798536751, -1.600548889767894112, 7.838713039730919263 ) ) ;
#1905 = EDGE_LOOP ( 'NONE', ( #1498, #1552, #1830, #563 ) ) ;
#1906 = CARTESIAN_POINT ( 'NONE',  ( 70.18274313490439908, 7.969316156358701164, -0.7000000000001391776 ) ) ;
#1907 = CARTESIAN_POINT ( 'NONE',  ( 73.00657962768573839, 5.890736308578489400, -5.413262440573749501 ) ) ;
#1908 = ORIENTED_EDGE ( 'NONE', *, *, #5901, .F. ) ;
#1909 = CARTESIAN_POINT ( 'NONE',  ( 77.70007234839452792, 4.916078495656380554, 6.311950380567592056 ) ) ;
#1910 = CARTESIAN_POINT ( 'NONE',  ( 22.30000000000000426, -9.000000000000074607, -18.33845726811985344 ) ) ;
#1911 = CARTESIAN_POINT ( 'NONE',  ( 76.81497915877275773, -1.537301343332060366, -9.881128709807875055 ) ) ;
#1912 = DIRECTION ( 'NONE',  ( -0.000000000000000000, 0.6234898018587431423, 0.7818314824680221431 ) ) ;
#1913 = CARTESIAN_POINT ( 'NONE',  ( 70.00000000000029843, 6.766885797698723337, 7.362693569672944527 ) ) ;
#1914 = EDGE_LOOP ( 'NONE', ( #2828, #910, #1232, #1187 ) ) ;
#1915 = DIRECTION ( 'NONE',  ( 1.000000000000000000, 0.000000000000000000, 0.000000000000000000 ) ) ;
#1916 = EDGE_CURVE ( 'NONE', #5877, #2517, #5022, .T. ) ;
#1917 = CARTESIAN_POINT ( 'NONE',  ( 69.90745110525168116, -6.876387137968698937, -4.088434899662539479 ) ) ;
#1918 = CARTESIAN_POINT ( 'NONE',  ( 74.11900067817300908, -4.173513015555334604, -9.087847939419003040 ) ) ;
#1919 = DIRECTION ( 'NONE',  ( -1.000000000000000000, -0.000000000000000000, -0.000000000000000000 ) ) ;
#1920 = CARTESIAN_POINT ( 'NONE',  ( 72.73717451054042726, -3.306211949307313880, 7.287135947446315321 ) ) ;
#1921 = ORIENTED_EDGE ( 'NONE', *, *, #2571, .F. ) ;
#1922 = CARTESIAN_POINT ( 'NONE',  ( 72.87790416924337933, -9.644560280235495497, -2.643222566995535594 ) ) ;
#1923 = CARTESIAN_POINT ( 'NONE',  ( 70.00000000000000000, 24.00100000000000122, 0.7000000000000018430 ) ) ;
#1924 = EDGE_CURVE ( 'NONE', #4370, #2286, #4755, .T. ) ;
#1925 = CARTESIAN_POINT ( 'NONE',  ( 69.90860718336331558, -6.876387137968684726, 4.088434899662579447 ) ) ;
#1926 = CARTESIAN_POINT ( 'NONE',  ( 73.43710854142003086, -3.697515978097944078, 9.291306452362359636 ) ) ;
#1927 = ORIENTED_EDGE ( 'NONE', *, *, #4444, .F. ) ;
#1928 = EDGE_CURVE ( 'NONE', #4170, #5966, #6141, .T. ) ;
#1929 = CARTESIAN_POINT ( 'NONE',  ( 70.00000000000000000, 1.537301343332124537, 9.881128709807864396 ) ) ;
#1930 = CARTESIAN_POINT ( 'NONE',  ( 77.68189213675299243, 9.087847939419061660, 4.173513015555209371 ) ) ;
#1931 = CARTESIAN_POINT ( 'NONE',  ( 76.63452057087404512, -6.711346496273669082, -7.414479237143894785 ) ) ;
#1932 = CARTESIAN_POINT ( 'NONE',  ( 72.73703423331748752, -7.761066029279753309, 6.306694080061888030 ) ) ;
#1933 = CARTESIAN_POINT ( 'NONE',  ( 74.04837333078339157, 7.870853807012959003, -1.434168475603341264 ) ) ;
#1934 = ORIENTED_EDGE ( 'NONE', *, *, #3398, .T. ) ;
#1935 = CARTESIAN_POINT ( 'NONE',  ( 72.73707562519639680, 6.311459678047847355, -4.916688283281017924 ) ) ;
#1936 = ORIENTED_EDGE ( 'NONE', *, *, #2232, .F. ) ;
#1937 = CARTESIAN_POINT ( 'NONE',  ( 70.36629917073253182, 2.383170339350709543, -7.637882967336419249 ) ) ;
#1938 = CARTESIAN_POINT ( 'NONE',  ( 76.81497915877278615, -8.683869217597784740, -4.958872393161342096 ) ) ;
#1939 = CARTESIAN_POINT ( 'NONE',  ( 73.08421115242201438, -6.617656113901014159, -4.495316590676876167 ) ) ;
#1940 = CARTESIAN_POINT ( 'NONE',  ( 76.31838297155174189, 6.090324137221766243, -7.931905498652353614 ) ) ;
#1941 = CARTESIAN_POINT ( 'NONE',  ( 74.04837333078339157, 3.786119015203675442, -7.047870718912057519 ) ) ;
#1942 = CARTESIAN_POINT ( 'NONE',  ( 73.62216329496399680, 4.088434899662631850, 6.876387137968642982 ) ) ;
#1943 = B_SPLINE_CURVE_WITH_KNOTS ( 'NONE', 3,
 ( #310, #3210, #1771, #5112, #2212, #5080, #4516, #4014, #5926, #808, #2721, #4614, #1216, #1642, #2750, #340 ),
 .UNSPECIFIED., .F., .F.,
 ( 4, 2, 2, 2, 2, 2, 2, 4 ),
 ( 0.000000000000000000, 0.0002736485253891028624, 0.0005472970507782057249, 0.001094594101556440723, 0.001368242626945557084, 0.001641891152334673662, 0.001915539677723790022, 0.002189188203112906600 ),
 .UNSPECIFIED. ) ;
#1944 = PRODUCT_RELATED_PRODUCT_CATEGORY ( 'part', '', ( #527 ) ) ;
#1945 = VERTEX_POINT ( 'NONE', #4930 ) ;
#1946 = CARTESIAN_POINT ( 'NONE',  ( 73.43710854142003086, 0.000000000000000000, 24.00000000000000000 ) ) ;
#1947 = LINE ( 'NONE', #4941, #405 ) ;
#1948 = CARTESIAN_POINT ( 'NONE',  ( 72.73703423331750173, -7.875571753576145362, -6.163108443358878752 ) ) ;
#1949 = DIRECTION ( 'NONE',  ( -0.000000000000000000, 0.2225209339563114508, -0.9749279121818242855 ) ) ;
#1950 = VECTOR ( 'NONE', #2251, 1000.000000000000114 ) ;
#1951 = CARTESIAN_POINT ( 'NONE',  ( 70.70003269886107944, -2.314019091071695566, -9.729011223358170923 ) ) ;
#1952 = DIRECTION ( 'NONE',  ( -0.000000000000000000, -0.9009688679024218105, -0.4338837391175526248 ) ) ;
#1953 = DIRECTION ( 'NONE',  ( 0.000000000000000000, 0.000000000000000000, 1.000000000000000000 ) ) ;
#1954 = VECTOR ( 'NONE', #1801, 999.9999999999998863 ) ;
#1955 = CARTESIAN_POINT ( 'NONE',  ( 76.99999999999980105, -1.090890135573508779, 7.925273415605825988 ) ) ;
#1956 = CARTESIAN_POINT ( 'NONE',  ( 72.75522068568682243, -3.305583013254488112, -7.285623965860702711 ) ) ;
#1957 = CARTESIAN_POINT ( 'NONE',  ( 69.38871602490029034, -8.851151867462119682, 4.654490686970961022 ) ) ;
#1958 = VECTOR ( 'NONE', #3198, 1000.000000000000000 ) ;
#1959 = EDGE_CURVE ( 'NONE', #4159, #5285, #4402, .T. ) ;
#1960 = ORIENTED_EDGE ( 'NONE', *, *, #3157, .F. ) ;
#1961 = VECTOR ( 'NONE', #318, 1000.000000000000000 ) ;
#1962 = B_SPLINE_CURVE_WITH_KNOTS ( 'NONE', 3,
 ( #486, #4347, #50, #986, #108, #2508, #5794, #2006, #5762, #2389, #5353, #1540, #1942, #4289 ),
 .UNSPECIFIED., .F., .F.,
 ( 4, 2, 2, 2, 2, 2, 4 ),
 ( 0.002189565179306702820, 0.002736829203537946131, 0.003010461215653582965, 0.003284093227769219799, 0.003557725239884856634, 0.003831357252000493034, 0.004378621276231736345 ),
 .UNSPECIFIED. ) ;
#1963 = CARTESIAN_POINT ( 'NONE',  ( 76.43958974620021252, 1.358912215219196362, -7.884012142114432464 ) ) ;
#1964 = CARTESIAN_POINT ( 'NONE',  ( 70.62417195950936843, 8.845730669988720152, 4.665808660153920151 ) ) ;
#1965 = CARTESIAN_POINT ( 'NONE',  ( 76.29996708377640857, 7.168222800817843243, -3.553157584517175227 ) ) ;
#1966 = EDGE_CURVE ( 'NONE', #4185, #6009, #861, .T. ) ;
#1967 = CARTESIAN_POINT ( 'NONE',  ( 77.00000000000001421, -2.455789212633290752, 7.613744108066274663 ) ) ;
#1968 = ORIENTED_EDGE ( 'NONE', *, *, #2528, .F. ) ;
#1969 = CARTESIAN_POINT ( 'NONE',  ( 73.43710854142003086, 5.794219403481172037, -5.516069389005392232 ) ) ;
#1970 = B_SPLINE_CURVE_WITH_KNOTS ( 'NONE', 3,
 ( #1125, #4462, #101, #3025, #3994, #3521, #1035, #2442, #2474, #1008, #4340, #2937, #2190, #1718 ),
 .UNSPECIFIED., .F., .F.,
 ( 4, 2, 2, 2, 2, 2, 4 ),
 ( 0.002189188203112913539, 0.002736359354753675061, 0.003009944930574054954, 0.003283530506394434847, 0.003557116082214814741, 0.003830701658035194634, 0.004377872809675951819 ),
 .UNSPECIFIED. ) ;
#1971 = VERTEX_POINT ( 'NONE', #3996 ) ;
#1972 = LINE ( 'NONE', #4372, #5361 ) ;
#1973 = CARTESIAN_POINT ( 'NONE',  ( 77.00000000000001421, 4.421505313550157190, 6.667105126083410660 ) ) ;
#1974 = FACE_BOUND ( 'NONE', #488, .T. ) ;
#1975 = B_SPLINE_CURVE_WITH_KNOTS ( 'NONE', 3,
 ( #4552, #5533, #5048, #4585, #312, #2213, #1738, #1341, #3705, #342, #2337, #5684, #2815, #4680 ),
 .UNSPECIFIED., .F., .F.,
 ( 4, 2, 2, 2, 2, 2, 4 ),
 ( 0.002189188203112914840, 0.002736359354753677663, 0.003009944930574061026, 0.003283530506394444388, 0.003557116082214827751, 0.003830701658035210247, 0.004377872809675976973 ),
 .UNSPECIFIED. ) ;
#1976 = CARTESIAN_POINT ( 'NONE',  ( 69.63374405134041467, -5.735510480215698870, -8.192720280780266151 ) ) ;
#1977 = CARTESIAN_POINT ( 'NONE',  ( 78.38119784648294797, 0.000000000000000000, 0.000000000000000000 ) ) ;
#1978 = CARTESIAN_POINT ( 'NONE',  ( 77.42973211210464513, 8.752650747124937070, -4.836877961144883997 ) ) ;
#1979 = ORIENTED_EDGE ( 'NONE', *, *, #825, .T. ) ;
#1980 = CARTESIAN_POINT ( 'NONE',  ( 70.70003269886105102, -6.163679963116562632, 7.875112256364919183 ) ) ;
#1981 = CARTESIAN_POINT ( 'NONE',  ( 70.61174165653739010, 5.955729357547220104, -8.033459956996248152 ) ) ;
#1982 = LINE ( 'NONE', #3880, #4550 ) ;
#1983 = CARTESIAN_POINT ( 'NONE',  ( 70.56041628925873965, -2.641941886749811896, -9.644917136979074712 ) ) ;
#1984 = CARTESIAN_POINT ( 'NONE',  ( 69.30007476368578523, -6.162218906134877550, 7.876267788946854864 ) ) ;
#1985 = AXIS2_PLACEMENT_3D ( 'NONE', #4640, #5589, #1395 ) ;
#1986 = DIRECTION ( 'NONE',  ( 0.000000000000000000, 0.000000000000000000, 1.000000000000000000 ) ) ;
#1987 = CARTESIAN_POINT ( 'NONE',  ( 73.43710854142003086, -4.958872393161402492, -8.683869217597754542 ) ) ;
#1988 = CARTESIAN_POINT ( 'NONE',  ( 73.25438029584987021, -4.958872393161469105, 8.683869217597708356 ) ) ;
#1989 = CIRCLE ( 'NONE', #5985, 2.749999999999999556 ) ;
#1990 = EDGE_LOOP ( 'NONE', ( #2798, #1222 ) ) ;
#1991 = AXIS2_PLACEMENT_3D ( 'NONE', #2171, #734, #2138 ) ;
#1992 = EDGE_CURVE ( 'NONE', #787, #629, #3586, .T. ) ;
#1993 = CARTESIAN_POINT ( 'NONE',  ( 73.43710854142003086, 7.362693569676140193, 6.766885797695245230 ) ) ;
#1994 = CARTESIAN_POINT ( 'NONE',  ( 77.00000000000001421, 24.00100000000000122, 0.000000000000000000 ) ) ;
#1995 = CYLINDRICAL_SURFACE ( 'NONE', #759, 0.7000000000000013989 ) ;
#1996 = VECTOR ( 'NONE', #5166, 1000.000000000000114 ) ;
#1997 = ORIENTED_EDGE ( 'NONE', *, *, #4426, .F. ) ;
#1998 = CARTESIAN_POINT ( 'NONE',  ( 70.70007234839455634, -7.167886308996095579, -3.553864269145463162 ) ) ;
#1999 = ORIENTED_EDGE ( 'NONE', *, *, #1737, .T. ) ;
#2000 = ADVANCED_FACE ( 'NONE', ( #692 ), #1096, .F. ) ;
#2001 = CARTESIAN_POINT ( 'NONE',  ( 77.00000000000001421, -5.712795373490335393, -28.17516336431278745 ) ) ;
#2002 = CARTESIAN_POINT ( 'NONE',  ( 73.99752483067874209, 3.947954132767105495, 9.187923686977534032 ) ) ;
#2003 = DIRECTION ( 'NONE',  ( 0.000000000000000000, 0.4338837391175539571, -0.9009688679024211444 ) ) ;
#2004 = CARTESIAN_POINT ( 'NONE',  ( 77.00000000000001421, 6.766885797695245230, -7.362693569676141081 ) ) ;
#2005 = CARTESIAN_POINT ( 'NONE',  ( 73.43710854142003086, 0.000000000000000000, -24.00000000000000000 ) ) ;
#2006 = CARTESIAN_POINT ( 'NONE',  ( 74.13718088981457299, 3.553864269145563526, 7.167886308996045841 ) ) ;
#2007 = VERTEX_POINT ( 'NONE', #1160 ) ;
#2008 = ADVANCED_FACE ( 'NONE', ( #3523 ), #5509, .F. ) ;
#2009 = CARTESIAN_POINT ( 'NONE',  ( 77.61173969054669897, -7.992684275272107008, -0.3524234132877908099 ) ) ;
#2010 = CARTESIAN_POINT ( 'NONE',  ( 69.99999999999980105, 6.876387137965978447, -4.088434899667116262 ) ) ;
#2011 = DIRECTION ( 'NONE',  ( 0.000000000000000000, 0.000000000000000000, 1.000000000000000000 ) ) ;
#2012 = CARTESIAN_POINT ( 'NONE',  ( 70.35269246556352130, -2.817308950348994756, -9.594999203114751296 ) ) ;
#2013 = B_SPLINE_CURVE_WITH_KNOTS ( 'NONE', 3,
 ( #2754, #3845, #4824, #4765, #1487, #2894, #990, #344, #1918, #1425, #1807, #491, #6058, #5767, #3786, #3814 ),
 .UNSPECIFIED., .F., .F.,
 ( 4, 2, 2, 2, 2, 2, 2, 4 ),
 ( 0.000000000000000000, 0.0002736485253891024830, 0.0005472970507782049659, 0.001094594101556442458, 0.001368242626945559903, 0.001641891152334677348, 0.001915539677723795227, 0.002189188203112912671 ),
 .UNSPECIFIED. ) ;
#2014 = CARTESIAN_POINT ( 'NONE',  ( 0.000000000000000000, 0.000000000000000000, 8.000000000000000000 ) ) ;
#2015 = CARTESIAN_POINT ( 'NONE',  ( 70.00000000000000000, -28.56133945518108774, -14.53135754568311633 ) ) ;
#2016 = CARTESIAN_POINT ( 'NONE',  ( 69.81690483603881603, -5.502899033093842540, -5.806836000287913357 ) ) ;
#2017 = CARTESIAN_POINT ( 'NONE',  ( 70.00000000000000000, 1.090890135578890918, 7.925273415605081695 ) ) ;
#2018 = DIRECTION ( 'NONE',  ( 0.000000000000000000, 0.000000000000000000, 1.000000000000000000 ) ) ;
#2019 = EDGE_LOOP ( 'NONE', ( #1246, #35, #5567, #2023 ) ) ;
#2020 = CARTESIAN_POINT ( 'NONE',  ( 77.00000000000001421, 2.455789212633342267, -7.613744108066260452 ) ) ;
#2021 = DIRECTION ( 'NONE',  ( 0.000000000000000000, 0.4338837391175539571, -0.9009688679024211444 ) ) ;
#2022 = DIRECTION ( 'NONE',  ( -0.000000000000000000, -0.7818314824680221431, 0.6234898018587431423 ) ) ;
#2023 = ORIENTED_EDGE ( 'NONE', *, *, #3881, .T. ) ;
#2024 = EDGE_CURVE ( 'NONE', #4509, #2079, #4729, .T. ) ;
#2025 = PLANE ( 'NONE',  #2957 ) ;
#2026 = ORIENTED_EDGE ( 'NONE', *, *, #4511, .F. ) ;
#2027 = CARTESIAN_POINT ( 'NONE',  ( 85.00100000000000477, 9.000000000000181188, 12.83845726811979127 ) ) ;
#2028 = CARTESIAN_POINT ( 'NONE',  ( 69.99999999999980105, 1.090890135573562514, -7.925273415605818883 ) ) ;
#2029 = CARTESIAN_POINT ( 'NONE',  ( 76.56947108626576437, -4.538479036509095899, -6.588352794356031161 ) ) ;
#2030 = DIRECTION ( 'NONE',  ( -1.000000000000000000, -0.000000000000000000, -0.000000000000000000 ) ) ;
#2031 = CARTESIAN_POINT ( 'NONE',  ( 76.38871602490031876, -2.568226307581450207, -9.664956625304846227 ) ) ;
#2032 = ORIENTED_EDGE ( 'NONE', *, *, #2492, .T. ) ;
#2033 = ADVANCED_FACE ( 'NONE', ( #5477 ), #2534, .T. ) ;
#2034 = ADVANCED_FACE ( 'NONE', ( #1192 ), #3027, .F. ) ;
#2035 = DIRECTION ( 'NONE',  ( 1.000000000000000000, 0.000000000000000000, 0.000000000000000000 ) ) ;
#2036 = CARTESIAN_POINT ( 'NONE',  ( 69.63452057087403091, 1.612417196537677677, -9.869994170990803894 ) ) ;
#2037 = ORIENTED_EDGE ( 'NONE', *, *, #1883, .F. ) ;
#2038 = CARTESIAN_POINT ( 'NONE',  ( 72.73710854141981486, 0.1827282435581515097, 10.00000000000001066 ) ) ;
#2039 = B_SPLINE_CURVE_WITH_KNOTS ( 'NONE', 3,
 ( #1913, #3810, #3840, #1451, #3347, #5263, #2889, #4792, #514, #2421, #4315, #6079, #770, #2683 ),
 .UNSPECIFIED., .F., .F.,
 ( 4, 2, 2, 2, 2, 2, 4 ),
 ( 0.002189188203112920044, 0.002736359354753686336, 0.003009944930574069699, 0.003283530506394453062, 0.003557116082214835558, 0.003830701658035218921, 0.004377872809675983044 ),
 .UNSPECIFIED. ) ;
#2040 = CARTESIAN_POINT ( 'NONE',  ( 69.29996708377639436, -7.247284275506776119, -3.388984740681036278 ) ) ;
#2041 = CARTESIAN_POINT ( 'NONE',  ( 69.31811214426682000, 7.126921110565619166, -3.635132887971854743 ) ) ;
#2042 = FACE_OUTER_BOUND ( 'NONE', #2633, .T. ) ;
#2043 = CARTESIAN_POINT ( 'NONE',  ( 70.61174165653739010, -2.567475390464589058, -9.665157069617166030 ) ) ;
#2044 = EDGE_CURVE ( 'NONE', #4117, #6130, #5837, .T. ) ;
#2045 = LINE ( 'NONE', #2014, #2391 ) ;
#2046 = CARTESIAN_POINT ( 'NONE',  ( 76.99999999999980105, 7.483824372735157660, 2.827078484594163665 ) ) ;
#2047 = ORIENTED_EDGE ( 'NONE', *, *, #904, .F. ) ;
#2048 = B_SPLINE_CURVE_WITH_KNOTS ( 'NONE', 3,
 ( #1522, #3850, #3416, #1461, #3821, #5364, #5742, #2954, #4857, #1493, #5308, #3358, #2928, #2016, #5275, #3914 ),
 .UNSPECIFIED., .F., .F.,
 ( 4, 2, 2, 2, 2, 2, 2, 4 ),
 ( 0.000000000000000000, 0.0002736956474133480440, 0.0005473912948266960879, 0.001094782589653364203, 0.001368478237066698315, 0.001642173884480032211, 0.001915869531893366323, 0.002189565179306700218 ),
 .UNSPECIFIED. ) ;
#2049 = CARTESIAN_POINT ( 'NONE',  ( 69.30006596912039640, -7.287135947446270023, 3.306211949307416909 ) ) ;
#2050 = CARTESIAN_POINT ( 'NONE',  ( 77.18332813216635202, -5.687399122450221611, -8.225249648664240354 ) ) ;
#2051 = B_SPLINE_CURVE_WITH_KNOTS ( 'NONE', 3,
 ( #140, #1488, #2513, #3385, #1074, #2895, #2923, #2979, #3910, #492, #5707, #3352, #3846, #3815, #5768, #5303 ),
 .UNSPECIFIED., .F., .F.,
 ( 4, 2, 2, 2, 2, 2, 2, 4 ),
 ( 0.000000000000000000, 0.0002736485253891253596, 0.0005472970507782507193, 0.001094594101556471948, 0.001368242626945581587, 0.001641891152334691443, 0.001915539677723801515, 0.002189188203112911370 ),
 .UNSPECIFIED. ) ;
#2052 = AXIS2_PLACEMENT_3D ( 'NONE', #5520, #2581, #765 ) ;
#2053 = EDGE_LOOP ( 'NONE', ( #4733, #3228 ) ) ;
#2054 = CARTESIAN_POINT ( 'NONE',  ( 74.04885721930510556, 7.594012977884473159, 6.506778991434226889 ) ) ;
#2055 = LINE ( 'NONE', #3483, #481 ) ;
#2056 = VECTOR ( 'NONE', #5510, 1000.000000000000000 ) ;
#2057 = CARTESIAN_POINT ( 'NONE',  ( 73.43710854142003086, -26.36938615365756888, 21.02888373870624861 ) ) ;
#2058 = VERTEX_POINT ( 'NONE', #4688 ) ;
#2059 = AXIS2_PLACEMENT_3D ( 'NONE', #2978, #4911, #4382 ) ;
#2060 = CARTESIAN_POINT ( 'NONE',  ( 69.64730396509261823, 5.451523158638742927, 5.855094990987793402 ) ) ;
#2061 = VERTEX_POINT ( 'NONE', #4624 ) ;
#2062 = CARTESIAN_POINT ( 'NONE',  ( 70.68192758678333121, 1.957984266027047004, -7.757158100774147691 ) ) ;
#2063 = CARTESIAN_POINT ( 'NONE',  ( 73.43710854142032929, 3.697515978093819378, 9.291306452364000990 ) ) ;
#2064 = FACE_BOUND ( 'NONE', #5746, .T. ) ;
#2065 = CIRCLE ( 'NONE', #4659, 10.09999999999999964 ) ;
#2066 = CARTESIAN_POINT ( 'NONE',  ( 73.34571572478331802, 7.613744108066303085, 2.455789212633228136 ) ) ;
#2067 = VERTEX_POINT ( 'NONE', #5541 ) ;
#2068 = CARTESIAN_POINT ( 'NONE',  ( 22.30000000000000426, 18.00000000000000000, 0.000000000000000000 ) ) ;
#2069 = CARTESIAN_POINT ( 'NONE',  ( 72.73703423331748752, 9.728850883043909548, -2.314734677198145629 ) ) ;
#2070 = VERTEX_POINT ( 'NONE', #851 ) ;
#2071 = CIRCLE ( 'NONE', #4959, 2.750000000000000000 ) ;
#2072 = CYLINDRICAL_SURFACE ( 'NONE', #4486, 13.22049999999999947 ) ;
#2073 = EDGE_CURVE ( 'NONE', #5984, #1174, #4123, .T. ) ;
#2074 = CARTESIAN_POINT ( 'NONE',  ( 77.69992722027565435, 7.167398044960276771, -3.554848892330318311 ) ) ;
#2075 = CARTESIAN_POINT ( 'NONE',  ( 70.61174165653740431, 2.567475390464653451, 9.665157069617150043 ) ) ;
#2076 = DIRECTION ( 'NONE',  ( -1.000000000000000000, -0.000000000000000000, -0.000000000000000000 ) ) ;
#2077 = DIRECTION ( 'NONE',  ( -0.000000000000000000, -0.2225209339563182231, -0.9749279121818227312 ) ) ;
#2078 = CARTESIAN_POINT ( 'NONE',  ( 70.00000000000000000, -29.16877668994561645, 13.27000113062019970 ) ) ;
#2079 = VERTEX_POINT ( 'NONE', #3221 ) ;
#2080 = CARTESIAN_POINT ( 'NONE',  ( 74.06125583526088008, 6.020886793746670129, 5.269313071721258623 ) ) ;
#2081 = EDGE_CURVE ( 'NONE', #3752, #2602, #385, .T. ) ;
#2082 = CARTESIAN_POINT ( 'NONE',  ( 69.64730396509261823, 2.371222141004285078, 7.640585557447539422 ) ) ;
#2083 = CARTESIAN_POINT ( 'NONE',  ( 77.56041628925873965, -6.565080101640460519, -7.543474449562366679 ) ) ;
#2084 = CARTESIAN_POINT ( 'NONE',  ( 77.68192758678335963, -1.957984266026996378, 7.757158100774161014 ) ) ;
#2085 = CIRCLE ( 'NONE', #603, 2.749999999999999112 ) ;
#2086 = LINE ( 'NONE', #3640, #966 ) ;
#2087 = CARTESIAN_POINT ( 'NONE',  ( 73.43710854141983191, -6.667105126086362077, 4.421505313545710969 ) ) ;
#2088 = CARTESIAN_POINT ( 'NONE',  ( 69.57028713879576287, -7.980626485894307010, 0.5602595454983564371 ) ) ;
#2089 = CARTESIAN_POINT ( 'NONE',  ( 70.00000000000029843, -9.975469913743092221, 0.7000000000045700776 ) ) ;
#2090 = ORIENTED_EDGE ( 'NONE', *, *, #2188, .F. ) ;
#2091 = AXIS2_PLACEMENT_3D ( 'NONE', #3893, #4777, #913 ) ;
#2092 = FACE_OUTER_BOUND ( 'NONE', #4138, .T. ) ;
#2093 = ORIENTED_EDGE ( 'NONE', *, *, #4399, .F. ) ;
#2094 = CARTESIAN_POINT ( 'NONE',  ( 74.13710854142004791, 0.000000000000000000, -10.00000000000000000 ) ) ;
#2095 = CYLINDRICAL_SURFACE ( 'NONE', #1376, 0.7000000000000012879 ) ;
#2096 = CARTESIAN_POINT ( 'NONE',  ( 76.57028713879577708, -5.413867777422672667, -5.890188923478112848 ) ) ;
#2097 = FACE_BOUND ( 'NONE', #2163, .T. ) ;
#2098 = DIRECTION ( 'NONE',  ( 0.000000000000000000, -0.4338837391175448532, 0.9009688679024253632 ) ) ;
#2099 = ORIENTED_EDGE ( 'NONE', *, *, #1846, .F. ) ;
#2100 = CARTESIAN_POINT ( 'NONE',  ( 76.29992569189745666, 9.049535373842379826, -4.256106865188340471 ) ) ;
#2101 = CARTESIAN_POINT ( 'NONE',  ( 70.68192758678333121, 7.285573639734866269, -3.305695225881525534 ) ) ;
#2102 = ORIENTED_EDGE ( 'NONE', *, *, #3302, .F. ) ;
#2103 = CARTESIAN_POINT ( 'NONE',  ( 73.78998107740530088, -3.779824569926368394, 9.258194574617652606 ) ) ;
#2104 = CARTESIAN_POINT ( 'NONE',  ( 77.42973211210464513, -9.238811946942487197, -3.827353827540453057 ) ) ;
#2105 = DIRECTION ( 'NONE',  ( 0.000000000000000000, 0.000000000000000000, -1.000000000000000000 ) ) ;
#2106 = CARTESIAN_POINT ( 'NONE',  ( 70.61173969054669897, 7.992684275272107008, 0.3524234132877908099 ) ) ;
#2107 = ORIENTED_EDGE ( 'NONE', *, *, #1619, .T. ) ;
#2108 = CARTESIAN_POINT ( 'NONE',  ( 77.69992722027564014, 7.248092366335443515, 3.387285407412897520 ) ) ;
#2109 = ADVANCED_FACE ( 'NONE', ( #5155 ), #4216, .F. ) ;
#2110 = ORIENTED_EDGE ( 'NONE', *, *, #3588, .F. ) ;
#2111 = CARTESIAN_POINT ( 'NONE',  ( 73.43710854142003086, 4.958872393161457559, 8.683869217597710133 ) ) ;
#2112 = CARTESIAN_POINT ( 'NONE',  ( 69.81690483603881603, 2.438448995780554185, 7.619396865739550329 ) ) ;
#2113 = CARTESIAN_POINT ( 'NONE',  ( 70.61173969054669897, -7.354070491303232870, 3.150373215249024028 ) ) ;
#2114 = CARTESIAN_POINT ( 'NONE',  ( 76.81690483603883024, -7.477432428275245790, -2.844160048809249108 ) ) ;
#2115 = VERTEX_POINT ( 'NONE', #3651 ) ;
#2116 = EDGE_CURVE ( 'NONE', #6039, #401, #3713, .T. ) ;
#2117 = CARTESIAN_POINT ( 'NONE',  ( 69.81727175442983935, 9.975469913743401307, -0.7000000000001503908 ) ) ;
#2118 = CYLINDRICAL_SURFACE ( 'NONE', #81, 0.7000000000000015099 ) ;
#2119 = CARTESIAN_POINT ( 'NONE',  ( 72.87790416924336512, -7.542597266412473189, -6.566079120333365715 ) ) ;
#2120 = CARTESIAN_POINT ( 'NONE',  ( 73.00657962768575260, 7.656096571592418520, -2.321286237020806720 ) ) ;
#2121 = EDGE_LOOP ( 'NONE', ( #1093, #845, #3633, #3330, #2984, #4570, #5528, #5603 ) ) ;
#2122 = ADVANCED_FACE ( 'NONE', ( #3250 ), #418, .F. ) ;
#2123 = CARTESIAN_POINT ( 'NONE',  ( 70.09138514484496341, 6.766885797695298521, 7.362693569676089567 ) ) ;
#2124 = ORIENTED_EDGE ( 'NONE', *, *, #5101, .F. ) ;
#2125 = CARTESIAN_POINT ( 'NONE',  ( 77.00000000000029843, 9.975469913743092221, -0.7000000000045700776 ) ) ;
#2126 = CARTESIAN_POINT ( 'NONE',  ( 73.80340771215256268, -6.625379737313204842, -4.485654960592534657 ) ) ;
#2127 = CARTESIAN_POINT ( 'NONE',  ( 76.81690483603883024, -5.502899033093842540, -5.806836000287913357 ) ) ;
#2128 = CARTESIAN_POINT ( 'NONE',  ( 69.99999999999980105, -4.421505313545622151, 6.667105126086423361 ) ) ;
#2129 = CARTESIAN_POINT ( 'NONE',  ( 73.43710854142032929, -9.881128709808580268, 1.537301343327534875 ) ) ;
#2130 = ORIENTED_EDGE ( 'NONE', *, *, #4518, .T. ) ;
#2131 = CARTESIAN_POINT ( 'NONE',  ( 70.00000000000000000, -7.483824372733234753, 2.827078484599248043 ) ) ;
#2132 = EDGE_CURVE ( 'NONE', #719, #3691, #1591, .T. ) ;
#2133 = CARTESIAN_POINT ( 'NONE',  ( 73.07162911229403335, 9.869994170990775473, -1.612417196537811348 ) ) ;
#2134 = ORIENTED_EDGE ( 'NONE', *, *, #2152, .F. ) ;
#2135 = PLANE ( 'NONE',  #1865 ) ;
#2136 = CARTESIAN_POINT ( 'NONE',  ( 77.61174165653739010, -9.157318802503098709, -4.018793775542011559 ) ) ;
#2137 = CARTESIAN_POINT ( 'NONE',  ( 69.30006596912041061, 7.287135947446294004, -3.306211949307364062 ) ) ;
#2138 = DIRECTION ( 'NONE',  ( 0.000000000000000000, 0.000000000000000000, 1.000000000000000000 ) ) ;
#2139 = EDGE_CURVE ( 'NONE', #4097, #3728, #98, .T. ) ;
#2140 = CARTESIAN_POINT ( 'NONE',  ( 74.11903612820337628, -7.757158100774133480, 1.957984266027100295 ) ) ;
#2141 = CARTESIAN_POINT ( 'NONE',  ( 77.61173969054669897, 7.048248914683548527, 3.785418262633292397 ) ) ;
#2142 = ORIENTED_EDGE ( 'NONE', *, *, #4410, .F. ) ;
#2143 = CARTESIAN_POINT ( 'NONE',  ( 76.81663884680024523, -5.502844937486377930, 5.806887400858296466 ) ) ;
#2144 = CARTESIAN_POINT ( 'NONE',  ( 73.34601547469782190, 0.7000327037732696489, -9.975467618850039742 ) ) ;
#2145 = CARTESIAN_POINT ( 'NONE',  ( 76.43958974620019831, 2.196407067344085640, 7.692859407281583017 ) ) ;
#2146 = ORIENTED_EDGE ( 'NONE', *, *, #104, .T. ) ;
#2147 = CARTESIAN_POINT ( 'NONE',  ( 70.18305898564284462, -9.284619458973873307, -3.714442210013915169 ) ) ;
#2148 = DIRECTION ( 'NONE',  ( -0.000000000000000000, 0.6234898018587431423, 0.7818314824680221431 ) ) ;
#2149 = CYLINDRICAL_SURFACE ( 'NONE', #2470, 0.7000000000000015099 ) ;
#2150 = CARTESIAN_POINT ( 'NONE',  ( 70.00000000000029843, -9.291306452364052504, -3.697515978093692368 ) ) ;
#2151 = CARTESIAN_POINT ( 'NONE',  ( 70.35287253598524160, -9.981349502321656075, -0.6114758158766288032 ) ) ;
#2152 = EDGE_CURVE ( 'NONE', #4804, #4707, #784, .T. ) ;
#2153 = ORIENTED_EDGE ( 'NONE', *, *, #5045, .F. ) ;
#2154 = DIRECTION ( 'NONE',  ( 0.000000000000000000, 0.000000000000000000, 1.000000000000000000 ) ) ;
#2155 = ORIENTED_EDGE ( 'NONE', *, *, #1837, .F. ) ;
#2156 = VECTOR ( 'NONE', #2693, 1000.000000000000000 ) ;
#2157 = CARTESIAN_POINT ( 'NONE',  ( 76.43958974620021252, -7.011236808675682219, 3.853160816570073255 ) ) ;
#2158 = DIRECTION ( 'NONE',  ( -0.000000000000000000, 0.9009688679024248081, 0.4338837391175463520 ) ) ;
#2159 = ADVANCED_FACE ( 'NONE', ( #2436 ), #4081, .T. ) ;
#2160 = CARTESIAN_POINT ( 'NONE',  ( 74.13704300877444098, -9.708566880093416174, 2.403560710081453333 ) ) ;
#2161 = AXIS2_PLACEMENT_3D ( 'NONE', #2264, #1299, #3138 ) ;
#2162 = DIRECTION ( 'NONE',  ( -0.000000000000000000, -0.6234898018587372581, -0.7818314824680268060 ) ) ;
#2163 = EDGE_LOOP ( 'NONE', ( #4962, #1855 ) ) ;
#2164 = CARTESIAN_POINT ( 'NONE',  ( 69.29996708377639436, -4.916688283280885585, 6.311459678047953048 ) ) ;
#2165 = LINE ( 'NONE', #295, #372 ) ;
#2166 = VERTEX_POINT ( 'NONE', #5247 ) ;
#2167 = CYLINDRICAL_SURFACE ( 'NONE', #878, 0.7000000000000023981 ) ;
#2168 = CIRCLE ( 'NONE', #172, 2.000000000000000888 ) ;
#2169 = CARTESIAN_POINT ( 'NONE',  ( 77.68189213675299243, -9.087847939419027909, -4.173513015555273320 ) ) ;
#2170 = FACE_BOUND ( 'NONE', #1620, .T. ) ;
#2171 = CARTESIAN_POINT ( 'NONE',  ( 43.29999999999999716, 0.000000000000000000, 0.000000000000000000 ) ) ;
#2172 = DIRECTION ( 'NONE',  ( 0.000000000000000000, 0.000000000000000000, 1.000000000000000000 ) ) ;
#2173 = VECTOR ( 'NONE', #2568, 999.9999999999998863 ) ;
#2174 = DIRECTION ( 'NONE',  ( -0.000000000000000000, 0.9009688679024187019, -0.4338837391175590641 ) ) ;
#2175 = VERTEX_POINT ( 'NONE', #531 ) ;
#2176 = CARTESIAN_POINT ( 'NONE',  ( 76.90745110525168116, -5.516069389005265222, 5.794219403481288388 ) ) ;
#2177 = CARTESIAN_POINT ( 'NONE',  ( 72.87686508553115061, 0.4297323438335305945, -9.990976438323217579 ) ) ;
#2178 = EDGE_LOOP ( 'NONE', ( #3166, #3688 ) ) ;
#2179 = CARTESIAN_POINT ( 'NONE',  ( 76.90745110525168116, 1.090890135578890918, 7.925273415605081695 ) ) ;
#2180 = VERTEX_POINT ( 'NONE', #562 ) ;
#2181 = CARTESIAN_POINT ( 'NONE',  ( 77.00000000000001421, -21.57704197992319806, -25.93404201677938659 ) ) ;
#2182 = DIRECTION ( 'NONE',  ( -1.000000000000000000, -0.000000000000000000, -0.000000000000000000 ) ) ;
#2183 = CARTESIAN_POINT ( 'NONE',  ( 69.63374405134040046, -8.722204493171593853, -4.892841183511846381 ) ) ;
#2184 = DIRECTION ( 'NONE',  ( 0.000000000000000000, 0.000000000000000000, 1.000000000000000000 ) ) ;
#2185 = EDGE_LOOP ( 'NONE', ( #5407, #896, #353, #2107 ) ) ;
#2186 = CARTESIAN_POINT ( 'NONE',  ( 76.81663884680024523, 4.436798415087492842, 6.657031133782039589 ) ) ;
#2187 = AXIS2_PLACEMENT_3D ( 'NONE', #3722, #2355, #2774 ) ;
#2188 = EDGE_CURVE ( 'NONE', #3123, #4072, #2491, .T. ) ;
#2189 = ORIENTED_EDGE ( 'NONE', *, *, #5398, .F. ) ;
#2190 = CARTESIAN_POINT ( 'NONE',  ( 69.81497915877280036, 9.291306452362332990, -3.697515978098009803 ) ) ;
#2191 = CARTESIAN_POINT ( 'NONE',  ( 73.99693945301235942, -6.513932274375071607, -4.644660977630874044 ) ) ;
#2192 = CARTESIAN_POINT ( 'NONE',  ( 76.81663884680024523, 6.885794804899975752, 4.072723118145741950 ) ) ;
#2193 = DIRECTION ( 'NONE',  ( 0.000000000000000000, -0.6234898018587313739, 0.7818314824680316910 ) ) ;
#2194 = VECTOR ( 'NONE', #5882, 999.9999999999998863 ) ;
#2195 = CARTESIAN_POINT ( 'NONE',  ( 72.75527186339814989, 0.1830952925063250025, 7.998354539136535379 ) ) ;
#2196 = ORIENTED_EDGE ( 'NONE', *, *, #6014, .F. ) ;
#2197 = CARTESIAN_POINT ( 'NONE',  ( 69.57028713879579129, -4.537810675374898572, 6.588821149502646080 ) ) ;
#2198 = CARTESIAN_POINT ( 'NONE',  ( -9.797174393178823685E-16, 0.000000000000000000, 0.000000000000000000 ) ) ;
#2199 = EDGE_CURVE ( 'NONE', #1405, #3169, #1002, .T. ) ;
#2200 = ORIENTED_EDGE ( 'NONE', *, *, #2239, .F. ) ;
#2201 = CARTESIAN_POINT ( 'NONE',  ( 70.00000000000000000, 6.766885797695245230, -7.362693569676141081 ) ) ;
#2202 = DIRECTION ( 'NONE',  ( -1.000000000000000000, -0.000000000000000000, -0.000000000000000000 ) ) ;
#2203 = CARTESIAN_POINT ( 'NONE',  ( 77.61173969054667054, -5.258892854776006764, 6.029199791713764078 ) ) ;
#2204 = CARTESIAN_POINT ( 'NONE',  ( 76.63452057087400249, 9.981329390871614748, -0.6242897900856730908 ) ) ;
#2205 = CARTESIAN_POINT ( 'NONE',  ( 70.00000000000029843, -2.902200420390996349, -9.569599402267700228 ) ) ;
#2206 = ADVANCED_FACE ( 'NONE', ( #3306 ), #5750, .F. ) ;
#2207 = ORIENTED_EDGE ( 'NONE', *, *, #934, .F. ) ;
#2208 = CARTESIAN_POINT ( 'NONE',  ( 76.90860718336330137, -4.421505313550072813, 6.667105126083472832 ) ) ;
#2209 = CARTESIAN_POINT ( 'NONE',  ( 69.99999999999980105, 2.455789212638459951, 7.613744108064611105 ) ) ;
#2210 = CARTESIAN_POINT ( 'NONE',  ( 72.73710854142002802, 0.000000000000000000, 24.00000000000000000 ) ) ;
#2211 = ORIENTED_EDGE ( 'NONE', *, *, #3078, .F. ) ;
#2212 = CARTESIAN_POINT ( 'NONE',  ( 73.86762228682981402, -7.457416040002529556, 6.662666612633383778 ) ) ;
#2213 = CARTESIAN_POINT ( 'NONE',  ( 69.31838297155174189, 6.090324137221766243, -7.931905498652353614 ) ) ;
#2214 = CARTESIAN_POINT ( 'NONE',  ( 69.30007476368578523, -9.999994766543689906, 0.09295590044075918712 ) ) ;
#2215 = CARTESIAN_POINT ( 'NONE',  ( 69.37585270615916500, -7.992681810746259607, -0.3657533364050375435 ) ) ;
#2216 = CARTESIAN_POINT ( 'NONE',  ( 69.81663884680024523, 6.885794804899975752, 4.072723118145741950 ) ) ;
#2217 = ORIENTED_EDGE ( 'NONE', *, *, #2818, .T. ) ;
#2218 = CARTESIAN_POINT ( 'NONE',  ( 73.78998107740528667, 9.867162400696114943, 1.624914372878635049 ) ) ;
#2219 = VERTEX_POINT ( 'NONE', #4807 ) ;
#2220 = CARTESIAN_POINT ( 'NONE',  ( 73.43710854142003086, -6.667105126083474609, -4.421505313550062155 ) ) ;
#2221 = CARTESIAN_POINT ( 'NONE',  ( 76.29996708377639436, 7.247284275506798323, 3.388984740680986985 ) ) ;
#2222 = CARTESIAN_POINT ( 'NONE',  ( 73.78980100698355216, -9.867180111181683699, 1.624806475550201190 ) ) ;
#2223 = ADVANCED_FACE ( 'NONE', ( #2345 ), #1995, .F. ) ;
#2224 = CARTESIAN_POINT ( 'NONE',  ( 73.25401337745886110, 4.072787295166216737, -6.885756730454360763 ) ) ;
#2225 = ORIENTED_EDGE ( 'NONE', *, *, #5430, .F. ) ;
#2226 = CARTESIAN_POINT ( 'NONE',  ( 77.00000000000001421, 6.395244912017401973, 28.01939871054328535 ) ) ;
#2227 = CARTESIAN_POINT ( 'NONE',  ( 72.87725266454344819, 9.836150475063185183, 1.803976260613576299 ) ) ;
#2228 = VERTEX_POINT ( 'NONE', #4835 ) ;
#2229 = DIRECTION ( 'NONE',  ( 0.000000000000000000, 0.7818314824680316910, 0.6234898018587313739 ) ) ;
#2230 = LINE ( 'NONE', #1358, #5492 ) ;
#2231 = FACE_BOUND ( 'NONE', #5413, .T. ) ;
#2232 = EDGE_CURVE ( 'NONE', #2653, #3280, #2898, .T. ) ;
#2233 = DIRECTION ( 'NONE',  ( 0.000000000000000000, 0.000000000000000000, 1.000000000000000000 ) ) ;
#2234 = CARTESIAN_POINT ( 'NONE',  ( 43.29999999999999716, 1.469576158976823947E-15, -12.00000000000000000 ) ) ;
#2235 = ORIENTED_EDGE ( 'NONE', *, *, #2492, .F. ) ;
#2236 = CYLINDRICAL_SURFACE ( 'NONE', #3380, 0.7000000000000013989 ) ;
#2237 = B_SPLINE_CURVE_WITH_KNOTS ( 'NONE', 3,
 ( #5879, #5415, #4096, #2675, #4937, #5944, #2640, #6008, #2540, #4534, #1694, #4062, #1601, #3497 ),
 .UNSPECIFIED., .F., .F.,
 ( 4, 2, 2, 2, 2, 2, 4 ),
 ( 0.002189565179306704121, 0.002736829203537978657, 0.003010461215653600312, 0.003284093227769222401, 0.003557725239884844924, 0.003831357252000466580, 0.004378621276231739814 ),
 .UNSPECIFIED. ) ;
#2238 = DIRECTION ( 'NONE',  ( -1.000000000000000000, -0.000000000000000000, -0.000000000000000000 ) ) ;
#2239 = EDGE_CURVE ( 'NONE', #2383, #5054, #3800, .T. ) ;
#2240 = ORIENTED_EDGE ( 'NONE', *, *, #1195, .T. ) ;
#2241 = CARTESIAN_POINT ( 'NONE',  ( 73.25438029584988442, -9.881128709807899924, 1.537301343331913150 ) ) ;
#2242 = FACE_OUTER_BOUND ( 'NONE', #381, .T. ) ;
#2243 = CARTESIAN_POINT ( 'NONE',  ( 70.70003269886105102, -8.970166910244074643, 4.420910465100568842 ) ) ;
#2244 = SURFACE_SIDE_STYLE ('',( #5146 ) ) ;
#2245 = CARTESIAN_POINT ( 'NONE',  ( 77.68161899798536751, 7.998335771811197148, -0.1838579591700393312 ) ) ;
#2246 = CARTESIAN_POINT ( 'NONE',  ( 73.62008422907544514, -0.6999340066214227996, -7.969321953011911930 ) ) ;
#2247 = ORIENTED_EDGE ( 'NONE', *, *, #6013, .F. ) ;
#2248 = B_SPLINE_CURVE_WITH_KNOTS ( 'NONE', 3,
 ( #2637, #4467, #5908, #5443, #4499, #3962, #628, #257, #2672, #4531, #2606, #1163, #4566, #2195, #292, #195 ),
 .UNSPECIFIED., .F., .F.,
 ( 4, 2, 2, 2, 2, 2, 2, 4 ),
 ( 0.000000000000000000, 0.0002736956795401918182, 0.0005473913590803836365, 0.001094782718160737999, 0.001368478397700936215, 0.001642174077241134430, 0.001915869756781332428, 0.002189565436321530643 ),
 .UNSPECIFIED. ) ;
#2249 = CARTESIAN_POINT ( 'NONE',  ( 76.37585270615917921, -7.992681810746259607, -0.3657533364050375435 ) ) ;
#2250 = ORIENTED_EDGE ( 'NONE', *, *, #4295, .F. ) ;
#2251 = DIRECTION ( 'NONE',  ( -0.000000000000000000, -0.4338837391175651703, -0.9009688679024157043 ) ) ;
#2252 = CARTESIAN_POINT ( 'NONE',  ( 70.18332813216635202, 9.976794478432831070, 0.6817715863917027663 ) ) ;
#2253 = VECTOR ( 'NONE', #4267, 1000.000000000000000 ) ;
#2254 = CARTESIAN_POINT ( 'NONE',  ( 76.64730396509261823, 7.452083156160839827, 2.909931053535254275 ) ) ;
#2255 = LINE ( 'NONE', #3621, #2458 ) ;
#2256 = FACE_OUTER_BOUND ( 'NONE', #329, .T. ) ;
#2257 = ORIENTED_EDGE ( 'NONE', *, *, #6063, .F. ) ;
#2258 = CARTESIAN_POINT ( 'NONE',  ( 74.11903612820336207, -7.838495486671734902, -1.601621894156761483 ) ) ;
#2259 = AXIS2_PLACEMENT_3D ( 'NONE', #4186, #6096, #5634 ) ;
#2260 = FACE_BOUND ( 'NONE', #1818, .T. ) ;
#2261 = ORIENTED_EDGE ( 'NONE', *, *, #5853, .T. ) ;
#2262 = CARTESIAN_POINT ( 'NONE',  ( 70.18505475354398015, 1.090890135578891140, 7.925273415605081695 ) ) ;
#2263 = CARTESIAN_POINT ( 'NONE',  ( 70.69993446735443854, 9.089058827387553663, -4.174013007236856865 ) ) ;
#2264 = CARTESIAN_POINT ( 'NONE',  ( 77.00000000000001421, -28.86505807256332190, 13.90067933815189427 ) ) ;
#2265 = VECTOR ( 'NONE', #5736, 1000.000000000000000 ) ;
#2266 = CARTESIAN_POINT ( 'NONE',  ( 77.70007234839455634, -7.167886308996095579, -3.553864269145463162 ) ) ;
#2267 = CARTESIAN_POINT ( 'NONE',  ( 70.18505475354398015, -2.455789212633290752, 7.613744108066274663 ) ) ;
#2268 = CARTESIAN_POINT ( 'NONE',  ( 70.09253170642544717, -8.683869217597784740, -4.958872393161341208 ) ) ;
#2269 = ORIENTED_EDGE ( 'NONE', *, *, #298, .T. ) ;
#2270 = B_SPLINE_CURVE_WITH_KNOTS ( 'NONE', 3,
 ( #3724, #6110, #895, #244, #953, #3665, #5647, #5136, #4228, #1826, #1364, #1392, #4257, #364, #2745, #3290 ),
 .UNSPECIFIED., .F., .F.,
 ( 4, 2, 2, 2, 2, 2, 2, 4 ),
 ( 0.000000000000000000, 0.0002736485253891253596, 0.0005472970507782507193, 0.001094594101556471948, 0.001368242626945581587, 0.001641891152334691443, 0.001915539677723801515, 0.002189188203112911370 ),
 .UNSPECIFIED. ) ;
#2271 = ADVANCED_FACE ( 'NONE', ( #3367 ), #503, .F. ) ;
#2272 = FACE_OUTER_BOUND ( 'NONE', #4960, .T. ) ;
#2273 = VECTOR ( 'NONE', #357, 1000.000000000000227 ) ;
#2274 = ORIENTED_EDGE ( 'NONE', *, *, #4525, .F. ) ;
#2275 = CARTESIAN_POINT ( 'NONE',  ( 70.18505475354398015, 6.876387137968727359, 4.088434899662490629 ) ) ;
#2276 = B_SPLINE_CURVE_WITH_KNOTS ( 'NONE', 3,
 ( #5359, #1075, #3973, #2548, #5421, #5884, #1606, #3502, #168, #2075, #4443, #1138, #639, #3038, #4141, #5176 ),
 .UNSPECIFIED., .F., .F.,
 ( 4, 2, 2, 2, 2, 2, 2, 4 ),
 ( 0.000000000000000000, 0.0002736485253891241128, 0.0005472970507782482256, 0.001094594101556468262, 0.001368242626945579419, 0.001641891152334690575, 0.001915539677723801949, 0.002189188203112913105 ),
 .UNSPECIFIED. ) ;
#2277 = EDGE_CURVE ( 'NONE', #5111, #4046, #1829, .T. ) ;
#2278 = VECTOR ( 'NONE', #5867, 999.9999999999998863 ) ;
#2279 = FACE_OUTER_BOUND ( 'NONE', #3584, .T. ) ;
#2280 = CARTESIAN_POINT ( 'NONE',  ( 76.81663884680024523, 7.970975084870675076, 0.6817623402896227924 ) ) ;
#2281 = FACE_OUTER_BOUND ( 'NONE', #1914, .T. ) ;
#2282 = CARTESIAN_POINT ( 'NONE',  ( 70.00000000000000000, 6.766885797695245230, -7.362693569676141081 ) ) ;
#2283 = ORIENTED_EDGE ( 'NONE', *, *, #584, .T. ) ;
#2284 = CARTESIAN_POINT ( 'NONE',  ( 70.00000000000000000, 21.57704197992297779, 25.93404201677951804 ) ) ;
#2285 = EDGE_CURVE ( 'NONE', #153, #3718, #5745, .T. ) ;
#2286 = VERTEX_POINT ( 'NONE', #1903 ) ;
#2287 = CARTESIAN_POINT ( 'NONE',  ( 73.43710854142003086, -7.613744108066244465, 2.455789212633394225 ) ) ;
#2288 = CARTESIAN_POINT ( 'NONE',  ( 73.62016752706281864, 9.878375814239149122, -1.555291195289232098 ) ) ;
#2289 = CARTESIAN_POINT ( 'NONE',  ( 85.00100000000000477, -8.999999999999854339, 18.33845726811997778 ) ) ;
#2290 = CARTESIAN_POINT ( 'NONE',  ( 70.55983091159234277, 4.644660977630971743, 6.513932274375003217 ) ) ;
#2291 = CARTESIAN_POINT ( 'NONE',  ( 77.55983091159237119, -1.358405651242281742, -7.884093058744628735 ) ) ;
#2292 = ORIENTED_EDGE ( 'NONE', *, *, #5053, .F. ) ;
#2293 = CARTESIAN_POINT ( 'NONE',  ( 69.90745110525168116, 5.516069389005306078, -5.794219403481251973 ) ) ;
#2294 = FACE_BOUND ( 'NONE', #4379, .T. ) ;
#2295 = ORIENTED_EDGE ( 'NONE', *, *, #6092, .F. ) ;
#2296 = CARTESIAN_POINT ( 'NONE',  ( 73.43710854142003086, 3.697515978097878797, -9.291306452362382728 ) ) ;
#2297 = AXIS2_PLACEMENT_3D ( 'NONE', #3381, #517, #956 ) ;
#2298 = CYLINDRICAL_SURFACE ( 'NONE', #4848, 8.000000000000000000 ) ;
#2299 = CARTESIAN_POINT ( 'NONE',  ( 69.99999999999980105, 1.090890135573562514, -7.925273415605818883 ) ) ;
#2300 = CARTESIAN_POINT ( 'NONE',  ( 76.38825132211496793, -6.506778991434171822, 7.594012977884519344 ) ) ;
#2301 = CARTESIAN_POINT ( 'NONE',  ( 76.99999999999980105, 1.090890135573562514, -7.925273415605818883 ) ) ;
#2302 = EDGE_LOOP ( 'NONE', ( #4532, #3512 ) ) ;
#2303 = AXIS2_PLACEMENT_3D ( 'NONE', #945, #4723, #3743 ) ;
#2304 = CARTESIAN_POINT ( 'NONE',  ( 69.99999999999980105, 7.969316156358251746, -0.7000000000052533089 ) ) ;
#2305 = VERTEX_POINT ( 'NONE', #3516 ) ;
#2306 = EDGE_CURVE ( 'NONE', #1082, #16, #4583, .T. ) ;
#2307 = CARTESIAN_POINT ( 'NONE',  ( 72.73718330510581609, -9.728589385792778543, -2.315833476951217662 ) ) ;
#2308 = CARTESIAN_POINT ( 'NONE',  ( 72.73710854141486948, -5.727457493799904961E-13, -8.000000000000452971 ) ) ;
#2309 = CARTESIAN_POINT ( 'NONE',  ( 77.00000000000001421, 4.421505313550157190, 6.667105126083410660 ) ) ;
#2310 = EDGE_CURVE ( 'NONE', #5074, #2673, #1589, .T. ) ;
#2311 = CARTESIAN_POINT ( 'NONE',  ( 77.00000000000001421, 4.421505313550157190, 6.667105126083410660 ) ) ;
#2312 = ORIENTED_EDGE ( 'NONE', *, *, #2618, .F. ) ;
#2313 = B_SPLINE_CURVE_WITH_KNOTS ( 'NONE', 3,
 ( #184, #5897, #5432, #1149, #3053, #843, #2214, #1864, #2723, #5115, #1342, #4111, #343, #1373 ),
 .UNSPECIFIED., .F., .F.,
 ( 4, 2, 2, 2, 2, 2, 4 ),
 ( 0.002189188203112912671, 0.002736359354753675928, 0.003009944930574057556, 0.003283530506394439184, 0.003557116082214820812, 0.003830701658035202441, 0.004377872809675965697 ),
 .UNSPECIFIED. ) ;
#2314 = CARTESIAN_POINT ( 'NONE',  ( 76.63452057087403091, -1.612417196537614172, 9.869994170990809224 ) ) ;
#2315 = CARTESIAN_POINT ( 'NONE',  ( 74.04885019795740675, 9.821991445619104866, -1.880339092609936147 ) ) ;
#2316 = DIRECTION ( 'NONE',  ( -0.000000000000000000, -0.6234898018587267110, 0.7818314824680352437 ) ) ;
#2317 = CARTESIAN_POINT ( 'NONE',  ( 72.87790416924336512, -8.079839596185703243, 5.892398547084226834 ) ) ;
#2318 = B_SPLINE_CURVE_WITH_KNOTS ( 'NONE', 3,
 ( #5735, #5706, #4319, #844, #4649, #54, #167, #234, #2580, #3909, #139, #4036, #5821, #3501, #5419, #5916 ),
 .UNSPECIFIED., .F., .F.,
 ( 4, 2, 2, 2, 2, 2, 2, 4 ),
 ( 0.000000000000000000, 0.0002736485253891263896, 0.0005472970507782527793, 0.001094594101556476068, 0.001368242626945587225, 0.001641891152334697948, 0.001915539677723809104, 0.002189188203112920044 ),
 .UNSPECIFIED. ) ;
#2319 = ADVANCED_FACE ( 'NONE', ( #589 ), #5434, .F. ) ;
#2320 = CARTESIAN_POINT ( 'NONE',  ( 72.81296124757918165, 3.138362300191006149, -7.359851907726497444 ) ) ;
#2321 = ORIENTED_EDGE ( 'NONE', *, *, #1546, .T. ) ;
#2322 = CARTESIAN_POINT ( 'NONE',  ( 74.13703576169567100, 6.312625645578191502, -4.915211372971772796 ) ) ;
#2323 = LINE ( 'NONE', #4249, #5458 ) ;
#2324 = EDGE_LOOP ( 'NONE', ( #4174, #4471, #5900, #2688 ) ) ;
#2325 = CARTESIAN_POINT ( 'NONE',  ( 76.38871602490031876, -9.157630277993648704, -4.018081709914755884 ) ) ;
#2326 = CARTESIAN_POINT ( 'NONE',  ( 73.62016752706284706, 8.225293514840972264, -5.687335582168895343 ) ) ;
#2327 = DIRECTION ( 'NONE',  ( -0.000000000000000000, 1.000000000000000000, -0.000000000000000000 ) ) ;
#2328 = CARTESIAN_POINT ( 'NONE',  ( 69.57028713879576287, -1.229643790224975275, 7.905204995118146449 ) ) ;
#2329 = DIRECTION ( 'NONE',  ( 0.000000000000000000, 0.000000000000000000, 1.000000000000000000 ) ) ;
#2330 = EDGE_LOOP ( 'NONE', ( #189, #2763 ) ) ;
#2331 = CARTESIAN_POINT ( 'NONE',  ( 70.00000000000029843, -2.902200420390996349, -9.569599402267700228 ) ) ;
#2332 = FACE_OUTER_BOUND ( 'NONE', #3218, .T. ) ;
#2333 = ADVANCED_FACE ( 'NONE', ( #4958, #5899 ), #2496, .F. ) ;
#2334 = VERTEX_POINT ( 'NONE', #618 ) ;
#2335 = CARTESIAN_POINT ( 'NONE',  ( 74.13710854142004791, 0.000000000000000000, 10.00000000000000000 ) ) ;
#2336 = DIRECTION ( 'NONE',  ( 1.000000000000000000, 0.000000000000000000, 0.000000000000000000 ) ) ;
#2337 = CARTESIAN_POINT ( 'NONE',  ( 69.44014412312340312, 6.565451306409349819, -7.543144944922564932 ) ) ;
#2338 =( NAMED_UNIT ( * ) PLANE_ANGLE_UNIT ( ) SI_UNIT ( $, .RADIAN. ) );
#2339 = ORIENTED_EDGE ( 'NONE', *, *, #4635, .T. ) ;
#2340 = CARTESIAN_POINT ( 'NONE',  ( 76.31811214426682000, 5.129881658729989802, 6.139341153321429267 ) ) ;
#2341 = VERTEX_POINT ( 'NONE', #5342 ) ;
#2342 = ADVANCED_FACE ( 'NONE', ( #4395 ), #3920, .F. ) ;
#2343 = CYLINDRICAL_SURFACE ( 'NONE', #5350, 0.7000000000000012879 ) ;
#2344 = CARTESIAN_POINT ( 'NONE',  ( 69.29992569189745666, -2.314734677197950674, 9.728850883043959286 ) ) ;
#2345 = FACE_OUTER_BOUND ( 'NONE', #4774, .T. ) ;
#2346 = CARTESIAN_POINT ( 'NONE',  ( 76.29992569189748508, 8.969851357103198808, 4.421572430912091178 ) ) ;
#2347 = ORIENTED_EDGE ( 'NONE', *, *, #2552, .T. ) ;
#2348 = CARTESIAN_POINT ( 'NONE',  ( 73.62216329496396838, -7.925273415605094129, -1.090890135578783449 ) ) ;
#2349 = LINE ( 'NONE', #1820, #1958 ) ;
#2350 = EDGE_LOOP ( 'NONE', ( #3559, #187 ) ) ;
#2351 = EDGE_CURVE ( 'NONE', #2673, #1212, #1237, .T. ) ;
#2352 = DIRECTION ( 'NONE',  ( 0.000000000000000000, -0.4338837391175648928, -0.9009688679024159264 ) ) ;
#2353 = DIRECTION ( 'NONE',  ( 0.000000000000000000, -0.6234898018587313739, 0.7818314824680316910 ) ) ;
#2354 = AXIS2_PLACEMENT_3D ( 'NONE', #113, #2485, #5823 ) ;
#2355 = DIRECTION ( 'NONE',  ( -0.000000000000000000, 0.2225209339563246069, 0.9749279121818213989 ) ) ;
#2356 = CARTESIAN_POINT ( 'NONE',  ( 70.36629917073253182, -2.383170339350657585, 7.637882967336437900 ) ) ;
#2357 = CARTESIAN_POINT ( 'NONE',  ( 70.61174165653740431, -9.157318802503098709, -4.018793775542011559 ) ) ;
#2358 = ORIENTED_EDGE ( 'NONE', *, *, #3678, .T. ) ;
#2359 = EDGE_CURVE ( 'NONE', #6036, #987, #4424, .T. ) ;
#2360 = VECTOR ( 'NONE', #1949, 1000.000000000000114 ) ;
#2361 = CYLINDRICAL_SURFACE ( 'NONE', #1298, 12.00000000000000000 ) ;
#2362 = CARTESIAN_POINT ( 'NONE',  ( 73.52849368626503690, -9.569599402269068023, -2.902200420386476853 ) ) ;
#2363 = CARTESIAN_POINT ( 'NONE',  ( 73.34599966003661109, -0.7000329283023680738, -7.969313264039013411 ) ) ;
#2364 = EDGE_LOOP ( 'NONE', ( #4832, #1102, #834, #1770 ) ) ;
#2365 = DIRECTION ( 'NONE',  ( -1.000000000000000000, -0.000000000000000000, -0.000000000000000000 ) ) ;
#2366 = AXIS2_PLACEMENT_3D ( 'NONE', #3837, #6133, #2353 ) ;
#2367 = CARTESIAN_POINT ( 'NONE',  ( 70.00000000000000000, 5.516069389005306967, -5.794219403481251085 ) ) ;
#2368 = CARTESIAN_POINT ( 'NONE',  ( 76.43958974620019831, -1.358912215219144182, 7.884012142114443122 ) ) ;
#2369 = CARTESIAN_POINT ( 'NONE',  ( 70.00000000000000000, 28.56133945518105577, 14.53135754568334903 ) ) ;
#2370 = CARTESIAN_POINT ( 'NONE',  ( 69.63452057087401670, -8.721997853039416881, 4.893202182891951857 ) ) ;
#2371 = AXIS2_PLACEMENT_3D ( 'NONE', #988, #1915, #2920 ) ;
#2372 = ORIENTED_EDGE ( 'NONE', *, *, #4047, .T. ) ;
#2373 = PRESENTATION_LAYER_ASSIGNMENT (  '', '', ( #5162 ) ) ;
#2374 = EDGE_LOOP ( 'NONE', ( #4200, #1217 ) ) ;
#2375 = CARTESIAN_POINT ( 'NONE',  ( 76.44079562782333426, -1.803156632733043940, 9.836299847788371409 ) ) ;
#2376 = CARTESIAN_POINT ( 'NONE',  ( 70.70003269886106523, 10.00000228892012721, -0.09109313731424549532 ) ) ;
#2377 = CARTESIAN_POINT ( 'NONE',  ( 76.38828058685216149, 7.048237967869125598, -3.785437514704017570 ) ) ;
#2378 = CARTESIAN_POINT ( 'NONE',  ( 77.09138514484497762, 2.902200420386605195, 9.569599402269032495 ) ) ;
#2379 = ORIENTED_EDGE ( 'NONE', *, *, #469, .F. ) ;
#2380 = ADVANCED_FACE ( 'NONE', ( #1119 ), #150, .F. ) ;
#2381 = CARTESIAN_POINT ( 'NONE',  ( 69.38828058685217570, 4.707803199542232697, -6.468677195827631010 ) ) ;
#2382 = CARTESIAN_POINT ( 'NONE',  ( 77.18505475354396594, -7.483824372733233865, 2.827078484599248043 ) ) ;
#2383 = VERTEX_POINT ( 'NONE', #5403 ) ;
#2384 = CARTESIAN_POINT ( 'NONE',  ( 73.62043667358639709, 4.943023867069278765, 8.692971621400950255 ) ) ;
#2385 = CARTESIAN_POINT ( 'NONE',  ( 73.34571572478331802, -5.794219403481298158, -5.516069389005260781 ) ) ;
#2386 = CARTESIAN_POINT ( 'NONE',  ( 76.30007476368578523, 6.162218906134931729, -7.876267788946811343 ) ) ;
#2387 = EDGE_CURVE ( 'NONE', #787, #1581, #43, .T. ) ;
#2388 = CARTESIAN_POINT ( 'NONE',  ( 70.18274313490444172, -1.090890135578595821, 7.925273415605132321 ) ) ;
#2389 = CARTESIAN_POINT ( 'NONE',  ( 74.04884823196668719, 3.785418262633436726, 7.048248914683468591 ) ) ;
#2390 = VERTEX_POINT ( 'NONE', #315 ) ;
#2391 = VECTOR ( 'NONE', #3941, 1000.000000000000000 ) ;
#2392 = B_SPLINE_CURVE_WITH_KNOTS ( 'NONE', 3,
 ( #2867, #4769, #495, #1922, #994, #4175, #2307, #4206, #5626, #1339, #3240, #5652, #2981, #640 ),
 .UNSPECIFIED., .F., .F.,
 ( 4, 2, 2, 2, 2, 2, 4 ),
 ( 0.002189188203112913539, 0.002736359354753677229, 0.003009944930574059291, 0.003283530506394440919, 0.003557116082214823415, 0.003830701658035205043, 0.004377872809675967432 ),
 .UNSPECIFIED. ) ;
#2393 = CARTESIAN_POINT ( 'NONE',  ( 70.09138514484499183, -5.672321722240008413, 8.235579292278366381 ) ) ;
#2394 = CARTESIAN_POINT ( 'NONE',  ( 77.55920409114581560, 7.988651679389026761, -0.4308345126641982548 ) ) ;
#2395 = LINE ( 'NONE', #4293, #4650 ) ;
#2396 = CARTESIAN_POINT ( 'NONE',  ( 73.34571572478333223, -4.088434899662479083, 6.876387137968738905 ) ) ;
#2397 = EDGE_LOOP ( 'NONE', ( #3030, #4619, #919, #5033 ) ) ;
#2398 = AXIS2_PLACEMENT_3D ( 'NONE', #731, #636, #4537 ) ;
#2399 = EDGE_CURVE ( 'NONE', #5966, #1070, #1741, .T. ) ;
#2400 = CARTESIAN_POINT ( 'NONE',  ( 73.34601547469783611, -0.7000327037732698710, 9.975467618850039742 ) ) ;
#2401 = AXIS2_PLACEMENT_3D ( 'NONE', #2775, #1363, #1483 ) ;
#2402 = CARTESIAN_POINT ( 'NONE',  ( 70.36548765893751067, 4.485276751234003711, -6.625631184458637080 ) ) ;
#2403 = CARTESIAN_POINT ( 'NONE',  ( 69.56947108626575016, -7.433075628463955198, 2.958643474511013505 ) ) ;
#2404 = CARTESIAN_POINT ( 'NONE',  ( 72.87725266454343398, -3.947496199631518987, 9.188115164212835140 ) ) ;
#2405 = ORIENTED_EDGE ( 'NONE', *, *, #3719, .T. ) ;
#2406 = CARTESIAN_POINT ( 'NONE',  ( 77.00000000000001421, -28.86505807256337164, -13.90067933815141821 ) ) ;
#2407 = CARTESIAN_POINT ( 'NONE',  ( 77.00000000000001421, -6.395244912017612471, -28.01939871054335995 ) ) ;
#2408 = CARTESIAN_POINT ( 'NONE',  ( 77.00000000000001421, -21.02975994219517020, 26.37048487808076658 ) ) ;
#2409 = CARTESIAN_POINT ( 'NONE',  ( 72.75549151297175854, -7.931905498652313646, 6.090324137221822198 ) ) ;
#2410 = EDGE_CURVE ( 'NONE', #126, #5651, #3938, .T. ) ;
#2411 = CARTESIAN_POINT ( 'NONE',  ( 77.55920409114581560, -1.357609640821669572, 7.884229201073228666 ) ) ;
#2412 = EDGE_LOOP ( 'NONE', ( #4934, #1568, #5945, #5376 ) ) ;
#2413 = LINE ( 'NONE', #5287, #71 ) ;
#2414 = ORIENTED_EDGE ( 'NONE', *, *, #4444, .T. ) ;
#2415 = FACE_BOUND ( 'NONE', #1177, .T. ) ;
#2416 = CARTESIAN_POINT ( 'NONE',  ( 74.11900067817299487, 4.173513015555397665, 9.087847939418972842 ) ) ;
#2417 = EDGE_CURVE ( 'NONE', #1787, #3917, #2872, .T. ) ;
#2418 = CARTESIAN_POINT ( 'NONE',  ( 70.00000000000000000, 6.395244912016966765, -28.01939871054312547 ) ) ;
#2419 = CARTESIAN_POINT ( 'NONE',  ( 73.00657962768575260, 3.966728504205559336, 6.947607464563214208 ) ) ;
#2420 = CARTESIAN_POINT ( 'NONE',  ( 73.43710854142003086, 28.01823128423984599, -6.394978454582003202 ) ) ;
#2421 = CARTESIAN_POINT ( 'NONE',  ( 69.38825132211496793, 5.955720679389397532, 8.033467317462681834 ) ) ;
#2422 = ORIENTED_EDGE ( 'NONE', *, *, #1737, .F. ) ;
#2423 = CARTESIAN_POINT ( 'NONE',  ( 77.69992722027565435, -7.999993631776062486, 0.09299071859576445165 ) ) ;
#2424 = EDGE_CURVE ( 'NONE', #5444, #2526, #3677, .T. ) ;
#2425 = CARTESIAN_POINT ( 'NONE',  ( 70.18305898564281620, 5.687335582168770109, -8.225293514841050424 ) ) ;
#2426 = CARTESIAN_POINT ( 'NONE',  ( 70.00000000000000000, -20.48247790446754735, 26.80692773938188012 ) ) ;
#2427 = LINE ( 'NONE', #56, #1753 ) ;
#2428 = CARTESIAN_POINT ( 'NONE',  ( 70.00000000000029843, -5.672321722236169705, 8.235579292281004271 ) ) ;
#2429 = CARTESIAN_POINT ( 'NONE',  ( 70.18505475354399437, -4.421505313550108340, -6.667105126083447963 ) ) ;
#2430 = EDGE_CURVE ( 'NONE', #3196, #439, #3383, .T. ) ;
#2431 = CARTESIAN_POINT ( 'NONE',  ( 77.18305898564278777, -5.687335582168715042, 8.225293514841089504 ) ) ;
#2432 = CARTESIAN_POINT ( 'NONE',  ( 69.81727175442982514, -8.683869217597637302, 4.958872393161590786 ) ) ;
#2433 = EDGE_LOOP ( 'NONE', ( #2958, #4590, #2196, #3907 ) ) ;
#2434 = CARTESIAN_POINT ( 'NONE',  ( 76.56947108626575016, 2.321286237020703247, -7.656096571592448718 ) ) ;
#2435 = CARTESIAN_POINT ( 'NONE',  ( 70.61174165653739010, 9.157318802503127131, 4.018793775541948499 ) ) ;
#2436 = FACE_OUTER_BOUND ( 'NONE', #1034, .T. ) ;
#2437 = CARTESIAN_POINT ( 'NONE',  ( 76.57028713879576287, 4.537810675374944758, -6.588821149502613217 ) ) ;
#2438 = VERTEX_POINT ( 'NONE', #5021 ) ;
#2439 = CARTESIAN_POINT ( 'NONE',  ( 77.55920409114584402, -7.010594370350230697, 3.854314544289482836 ) ) ;
#2440 = CARTESIAN_POINT ( 'NONE',  ( 77.68161899798536751, -5.130626726347671251, -6.138717151219117873 ) ) ;
#2441 = ORIENTED_EDGE ( 'NONE', *, *, #3517, .F. ) ;
#2442 = CARTESIAN_POINT ( 'NONE',  ( 69.29992569189747087, 9.049535373842379826, -4.256106865188340471 ) ) ;
#2443 = FACE_BOUND ( 'NONE', #873, .T. ) ;
#2444 = CARTESIAN_POINT ( 'NONE',  ( 26.30000000000000426, 9.000000000000181188, 15.58845726811978949 ) ) ;
#2445 = FACE_OUTER_BOUND ( 'NONE', #2121, .T. ) ;
#2446 = CARTESIAN_POINT ( 'NONE',  ( 76.31838297155172768, -2.404158445235843544, -9.707069336631867884 ) ) ;
#2447 = CARTESIAN_POINT ( 'NONE',  ( 21.30000000000000426, 0.000000000000000000, 13.22049999999999770 ) ) ;
#2448 = CARTESIAN_POINT ( 'NONE',  ( 77.00000000000029843, 2.902200420391060298, 9.569599402267682464 ) ) ;
#2449 = ORIENTED_EDGE ( 'NONE', *, *, #1396, .T. ) ;
#2450 = DIRECTION ( 'NONE',  ( 0.000000000000000000, 0.000000000000000000, 1.000000000000000000 ) ) ;
#2451 = CARTESIAN_POINT ( 'NONE',  ( 70.35287253598527002, -6.701340667105404769, 7.422484343149404751 ) ) ;
#2452 = CARTESIAN_POINT ( 'NONE',  ( 70.43051374540981158, 6.662666612633337593, -7.457416040002574853 ) ) ;
#2453 = CARTESIAN_POINT ( 'NONE',  ( 73.43710854142003086, -25.93294329235657969, -21.57616577643367961 ) ) ;
#2454 = DIRECTION ( 'NONE',  ( -0.000000000000000000, -0.4338837391175462965, 0.9009688679024249192 ) ) ;
#2455 = CARTESIAN_POINT ( 'NONE',  ( 70.00000000000000000, -1.090890135578839182, -7.925273415605090577 ) ) ;
#2456 = CARTESIAN_POINT ( 'NONE',  ( 74.04884823196671562, -3.150373215248919223, 7.354070491303279056 ) ) ;
#2457 = EDGE_CURVE ( 'NONE', #4086, #1423, #5329, .T. ) ;
#2458 = VECTOR ( 'NONE', #5094, 999.9999999999998863 ) ;
#2459 = DIRECTION ( 'NONE',  ( -0.000000000000000000, 0.9749279121818243965, 0.2225209339563114230 ) ) ;
#2460 = CARTESIAN_POINT ( 'NONE',  ( 73.43710854142003086, -4.088434899662587441, -6.876387137968677621 ) ) ;
#2461 = CARTESIAN_POINT ( 'NONE',  ( 72.73717407406563495, 7.704250602826527405, 6.377922671304594004 ) ) ;
#2462 = CIRCLE ( 'NONE', #3258, 2.749999999999999556 ) ;
#2463 = VERTEX_POINT ( 'NONE', #3882 ) ;
#2464 = EDGE_CURVE ( 'NONE', #287, #1406, #1456, .T. ) ;
#2465 = AXIS2_PLACEMENT_3D ( 'NONE', #1638, #2616, #1609 ) ;
#2466 = B_SPLINE_CURVE_WITH_KNOTS ( 'NONE', 3,
 ( #2926, #2515, #4415, #4355, #87, #4073, #5954, #4010, #1611, #5041, #4482, #306, #3082, #708, #5922, #4449 ),
 .UNSPECIFIED., .F., .F.,
 ( 4, 2, 2, 2, 2, 2, 2, 4 ),
 ( 0.000000000000000000, 0.0002736956474133487487, 0.0005473912948266974974, 0.001094782589653365721, 0.001368478237066700267, 0.001642173884480034813, 0.001915869531893369792, 0.002189565179306704121 ),
 .UNSPECIFIED. ) ;
#2467 = CARTESIAN_POINT ( 'NONE',  ( 70.55983091159235698, -7.988696079415075424, -0.4300281653687503813 ) ) ;
#2468 = DIRECTION ( 'NONE',  ( 0.000000000000000000, 0.7818314824680272501, -0.6234898018587368140 ) ) ;
#2469 = CARTESIAN_POINT ( 'NONE',  ( 76.57028713879574866, 6.947208503671121527, -3.967440468639622964 ) ) ;
#2470 = AXIS2_PLACEMENT_3D ( 'NONE', #282, #1219, #4049 ) ;
#2471 = ORIENTED_EDGE ( 'NONE', *, *, #2582, .T. ) ;
#2472 = CARTESIAN_POINT ( 'NONE',  ( 70.68192758678333121, -7.126977464103965154, -3.635023577993639954 ) ) ;
#2473 = ORIENTED_EDGE ( 'NONE', *, *, #3235, .F. ) ;
#2474 = CARTESIAN_POINT ( 'NONE',  ( 69.31805170002294858, 9.087780111143695549, -4.173662492721311956 ) ) ;
#2475 = FACE_BOUND ( 'NONE', #3023, .T. ) ;
#2476 = CARTESIAN_POINT ( 'NONE',  ( 73.78980100698355216, 3.779723318763021034, 9.258235850478657269 ) ) ;
#2477 = CARTESIAN_POINT ( 'NONE',  ( 70.00000000000000000, 2.902200420386549240, -9.569599402269048483 ) ) ;
#2478 = CARTESIAN_POINT ( 'NONE',  ( 69.31805170002296279, -6.091241378101715398, -7.931203214226020037 ) ) ;
#2479 = DIRECTION ( 'NONE',  ( 0.000000000000000000, 0.000000000000000000, 1.000000000000000000 ) ) ;
#2480 = CARTESIAN_POINT ( 'NONE',  ( 76.63452057087401670, 2.829692279827115353, 9.592159076692254871 ) ) ;
#2481 = EDGE_LOOP ( 'NONE', ( #5804, #1979, #4500, #1968 ) ) ;
#2482 = CARTESIAN_POINT ( 'NONE',  ( 69.81663884680024523, -6.885794804899949106, -4.072723118145787247 ) ) ;
#2483 = CARTESIAN_POINT ( 'NONE',  ( 69.64710261100196931, 7.452039704849523716, -2.910042599277969710 ) ) ;
#2484 = DIRECTION ( 'NONE',  ( -1.000000000000000000, -0.000000000000000000, -0.000000000000000000 ) ) ;
#2485 = DIRECTION ( 'NONE',  ( -0.000000000000000000, 0.6234898018587431423, 0.7818314824680221431 ) ) ;
#2486 = CARTESIAN_POINT ( 'NONE',  ( 73.43710854142032929, -7.362693569673042226, -6.766885797698618532 ) ) ;
#2487 = VECTOR ( 'NONE', #5109, 1000.000000000000000 ) ;
#2488 = CARTESIAN_POINT ( 'NONE',  ( 73.80259620035752732, -4.023398779598140962, 6.915848349115183424 ) ) ;
#2489 = DIRECTION ( 'NONE',  ( 0.000000000000000000, -0.2225209339563131716, 0.9749279121818239524 ) ) ;
#2490 = CARTESIAN_POINT ( 'NONE',  ( 72.73707584255900827, 7.875112256364873886, 6.163679963116617699 ) ) ;
#2491 = CIRCLE ( 'NONE', #2704, 14.22050000000000125 ) ;
#2492 = EDGE_CURVE ( 'NONE', #3156, #3455, #714, .T. ) ;
#2493 = ORIENTED_EDGE ( 'NONE', *, *, #3193, .F. ) ;
#2494 = CARTESIAN_POINT ( 'NONE',  ( 69.29992569189748508, 2.135686316842768662, 9.769717502895288064 ) ) ;
#2495 = CARTESIAN_POINT ( 'NONE',  ( 22.30000000000000426, -8.999999999999854339, 15.58845726811997778 ) ) ;
#2496 = PLANE ( 'NONE',  #3155 ) ;
#2497 = ADVANCED_FACE ( 'NONE', ( #85 ), #4884, .F. ) ;
#2498 = EDGE_LOOP ( 'NONE', ( #2749, #4722, #4567, #1960 ) ) ;
#2499 = CARTESIAN_POINT ( 'NONE',  ( 38.00000000000000711, 1.236893267138826416E-15, -10.09999999999999787 ) ) ;
#2500 = VERTEX_POINT ( 'NONE', #5270 ) ;
#2501 = DIRECTION ( 'NONE',  ( -0.000000000000000000, 0.6234898018587431423, 0.7818314824680221431 ) ) ;
#2502 = CARTESIAN_POINT ( 'NONE',  ( 69.99999999999998579, 7.969316156358710934, 0.7000000000000018430 ) ) ;
#2503 = EDGE_CURVE ( 'NONE', #5054, #3457, #5181, .T. ) ;
#2504 = FACE_BOUND ( 'NONE', #5255, .T. ) ;
#2505 = CARTESIAN_POINT ( 'NONE',  ( 76.38871602490031876, 5.955104454708964212, -8.033922072654364754 ) ) ;
#2506 = VERTEX_POINT ( 'NONE', #4321 ) ;
#2507 = CARTESIAN_POINT ( 'NONE',  ( 77.00000000000029843, -8.683869217595441725, 4.958872393165440151 ) ) ;
#2508 = CARTESIAN_POINT ( 'NONE',  ( 74.11872753940536995, 3.304697534062940534, 7.286024504223351350 ) ) ;
#2509 = EDGE_LOOP ( 'NONE', ( #243, #3005 ) ) ;
#2510 = CARTESIAN_POINT ( 'NONE',  ( 74.13714124028108188, -4.420910465100446274, 8.970166910244136815 ) ) ;
#2511 = CARTESIAN_POINT ( 'NONE',  ( 69.30006596912039640, -7.128355537671454911, -3.635922867561342642 ) ) ;
#2512 = CARTESIAN_POINT ( 'NONE',  ( 76.99999999999980105, 6.876387137965978447, -4.088434899667116262 ) ) ;
#2513 = CARTESIAN_POINT ( 'NONE',  ( 70.18332813216635202, -2.884723774536734897, 9.574946960976925325 ) ) ;
#2514 = DIRECTION ( 'NONE',  ( 0.000000000000000000, -0.6234898018587453628, -0.7818314824680204778 ) ) ;
#2515 = CARTESIAN_POINT ( 'NONE',  ( 69.90745110525168116, -1.090890135578839182, -7.925273415605092353 ) ) ;
#2516 = CARTESIAN_POINT ( 'NONE',  ( 74.04837333078340578, -3.149640617807021759, -7.354382560517575662 ) ) ;
#2517 = VERTEX_POINT ( 'NONE', #3386 ) ;
#2518 = APPLICATION_CONTEXT ( 'automotive_design' ) ;
#2519 = PRODUCT_DEFINITION ( 'UNKNOWN', '', #5471, #3462 ) ;
#2520 = CARTESIAN_POINT ( 'NONE',  ( 77.62417195950936843, -6.517187345895667505, 7.585709633095886417 ) ) ;
#2521 = CARTESIAN_POINT ( 'NONE',  ( 72.82552370015680765, 0.3526926766229642185, -9.994138628942973668 ) ) ;
#2522 = ORIENTED_EDGE ( 'NONE', *, *, #3118, .T. ) ;
#2523 = FACE_OUTER_BOUND ( 'NONE', #4551, .T. ) ;
#2524 = CYLINDRICAL_SURFACE ( 'NONE', #1572, 2.749999999999999112 ) ;
#2525 = CARTESIAN_POINT ( 'NONE',  ( 72.73707562519641101, 7.819699777367995708, -1.691343352015672208 ) ) ;
#2526 = VERTEX_POINT ( 'NONE', #141 ) ;
#2527 = CARTESIAN_POINT ( 'NONE',  ( 70.00000000000029843, 6.766885797698723337, 7.362693569672944527 ) ) ;
#2528 = EDGE_CURVE ( 'NONE', #5877, #2390, #2427, .T. ) ;
#2529 = VERTEX_POINT ( 'NONE', #4852 ) ;
#2530 = B_SPLINE_CURVE_WITH_KNOTS ( 'NONE', 3,
 ( #917, #5640, #6158, #5160, #2797, #4601, #5546, #5066, #795, #328, #2227, #4125, #6038, #1754 ),
 .UNSPECIFIED., .F., .F.,
 ( 4, 2, 2, 2, 2, 2, 4 ),
 ( 0.002189188203112913105, 0.002736359354753677229, 0.003009944930574058857, 0.003283530506394440052, 0.003557116082214821680, 0.003830701658035203308, 0.004377872809675966564 ),
 .UNSPECIFIED. ) ;
#2531 = FACE_OUTER_BOUND ( 'NONE', #4134, .T. ) ;
#2532 = CARTESIAN_POINT ( 'NONE',  ( 77.18332813216635202, 9.976794478432831070, 0.6817715863917027663 ) ) ;
#2533 = B_SPLINE_CURVE_WITH_KNOTS ( 'NONE', 3,
 ( #5545, #5942, #4600, #327, #3069, #4970, #3496, #260, #696, #3964, #5975, #5878, #5414, #4469 ),
 .UNSPECIFIED., .F., .F.,
 ( 4, 2, 2, 2, 2, 2, 4 ),
 ( 0.002189565179306697182, 0.002736829203537938758, 0.003010461215653573858, 0.003284093227769209825, 0.003557725239884844924, 0.003831357252000480457, 0.004378621276231723335 ),
 .UNSPECIFIED. ) ;
#2534 = CYLINDRICAL_SURFACE ( 'NONE', #3576, 12.00000000000000000 ) ;
#2535 = CARTESIAN_POINT ( 'NONE',  ( 73.25374738822024767, -7.619419704848801267, 2.438377955450721668 ) ) ;
#2536 = UNCERTAINTY_MEASURE_WITH_UNIT (LENGTH_MEASURE( 1.000000000000000082E-05 ), #877, 'distance_accuracy_value', 'NONE');
#2537 = CARTESIAN_POINT ( 'NONE',  ( 73.43710854142003086, 7.925273415605102123, 1.090890135578731490 ) ) ;
#2538 = ORIENTED_EDGE ( 'NONE', *, *, #4708, .T. ) ;
#2539 = FACE_OUTER_BOUND ( 'NONE', #3268, .T. ) ;
#2540 = CARTESIAN_POINT ( 'NONE',  ( 70.68192758678333121, -1.601621894156812331, -7.838495486671722468 ) ) ;
#2541 = ADVANCED_FACE ( 'NONE', ( #4354 ), #579, .F. ) ;
#2542 = B_SPLINE_CURVE_WITH_KNOTS ( 'NONE', 3,
 ( #2851, #1384, #5667, #1412, #5639, #4629, #855, #4751, #2258, #4220, #6127, #448, #2348, #3283 ),
 .UNSPECIFIED., .F., .F.,
 ( 4, 2, 2, 2, 2, 2, 4 ),
 ( 0.002189565179306700651, 0.002736829203537944830, 0.003010461215653581664, 0.003284093227769218064, 0.003557725239884854031, 0.003831357252000490432, 0.004378621276231733743 ),
 .UNSPECIFIED. ) ;
#2543 = EDGE_LOOP ( 'NONE', ( #3817, #4695, #642, #5119 ) ) ;
#2544 = CARTESIAN_POINT ( 'NONE',  ( 85.00100000000000477, -18.00000000000000000, 2.749999999999999556 ) ) ;
#2545 = FACE_OUTER_BOUND ( 'NONE', #3833, .T. ) ;
#2546 = CARTESIAN_POINT ( 'NONE',  ( 77.36629917073254603, 7.457419765947338242, -2.898904538536363429 ) ) ;
#2547 = CARTESIAN_POINT ( 'NONE',  ( 72.73717451054044147, -6.140563829348847591, 5.130971021941113541 ) ) ;
#2548 = CARTESIAN_POINT ( 'NONE',  ( 70.35287253598525581, 1.624914372878833335, 9.867162400696086522 ) ) ;
#2549 = B_SPLINE_CURVE_WITH_KNOTS ( 'NONE', 3,
 ( #5592, #2179, #3610, #3116, #3539, #2655, #5463, #1181, #1277, #5530, #2145, #4987, #5015, #3148, #778, #5559 ),
 .UNSPECIFIED., .F., .F.,
 ( 4, 2, 2, 2, 2, 2, 2, 4 ),
 ( 0.000000000000000000, 0.0002736956474133486403, 0.0005473912948266972806, 0.001094782589653365288, 0.001368478237066698966, 0.001642173884480032644, 0.001915869531893366106, 0.002189565179306699784 ),
 .UNSPECIFIED. ) ;
#2550 = LINE ( 'NONE', #3505, #5079 ) ;
#2551 = FACE_BOUND ( 'NONE', #1860, .T. ) ;
#2552 = EDGE_CURVE ( 'NONE', #5992, #594, #2276, .T. ) ;
#2553 = ORIENTED_EDGE ( 'NONE', *, *, #744, .F. ) ;
#2554 = CARTESIAN_POINT ( 'NONE',  ( 83.00000000000000000, 0.000000000000000000, 0.000000000000000000 ) ) ;
#2555 = CARTESIAN_POINT ( 'NONE',  ( 69.31811214426679157, 1.958103375217924214, 7.757127483895091657 ) ) ;
#2556 = CARTESIAN_POINT ( 'NONE',  ( 77.00000000000001421, -2.455789212633290752, 7.613744108066274663 ) ) ;
#2557 = CARTESIAN_POINT ( 'NONE',  ( 73.61985167632441573, 7.925273415605105676, -1.090890135578754805 ) ) ;
#2558 = EDGE_LOOP ( 'NONE', ( #3540, #3615, #2936, #1131 ) ) ;
#2559 = CARTESIAN_POINT ( 'NONE',  ( 70.61126478936333228, -7.992647577801458070, 0.3532188625332659537 ) ) ;
#2560 = CARTESIAN_POINT ( 'NONE',  ( 73.80259620035752732, -6.625631184458605993, 4.485276751234050785 ) ) ;
#2561 = AXIS2_PLACEMENT_3D ( 'NONE', #4048, #5562, #3541 ) ;
#2562 = CARTESIAN_POINT ( 'NONE',  ( 69.81497915877280036, -8.683869217597784740, -4.958872393161342096 ) ) ;
#2563 = CARTESIAN_POINT ( 'NONE',  ( 70.42973211210461670, -9.984508530219265765, 0.5602436274822002460 ) ) ;
#2564 = ORIENTED_EDGE ( 'NONE', *, *, #5404, .F. ) ;
#2565 = CARTESIAN_POINT ( 'NONE',  ( 70.18332813216636623, 5.687399122450288225, 8.225249648664197721 ) ) ;
#2566 = EDGE_LOOP ( 'NONE', ( #2649, #1224 ) ) ;
#2567 = DIRECTION ( 'NONE',  ( -0.000000000000000000, -0.9009688679024218105, -0.4338837391175526248 ) ) ;
#2568 = DIRECTION ( 'NONE',  ( -0.5000000000000037748, 1.060575238724904326E-16, -0.8660254037844364872 ) ) ;
#2569 = CARTESIAN_POINT ( 'NONE',  ( 77.00000000000001421, -4.421505313550106564, -6.667105126083447963 ) ) ;
#2570 = CARTESIAN_POINT ( 'NONE',  ( 72.73717451054042726, -7.758701733914622700, 1.958554358310489629 ) ) ;
#2571 = EDGE_CURVE ( 'NONE', #3917, #1787, #3980, .T. ) ;
#2572 = CARTESIAN_POINT ( 'NONE',  ( 73.43710854142003086, 14.53077837484281254, -28.56013679453892706 ) ) ;
#2573 = ORIENTED_EDGE ( 'NONE', *, *, #3979, .T. ) ;
#2574 = CARTESIAN_POINT ( 'NONE',  ( 77.35269246556353551, -2.817308950348994756, -9.594999203114751296 ) ) ;
#2575 = CARTESIAN_POINT ( 'NONE',  ( 70.69992722027565435, 7.167398044960276771, -3.554848892330318311 ) ) ;
#2576 = ORIENTED_EDGE ( 'NONE', *, *, #4324, .F. ) ;
#2577 = CIRCLE ( 'NONE', #5960, 1.000000000000000888 ) ;
#2578 = CARTESIAN_POINT ( 'NONE',  ( 72.81281892855798787, 0.3654797263381237560, 9.994155550782719999 ) ) ;
#2579 = CARTESIAN_POINT ( 'NONE',  ( 26.30000000000000426, 8.999999999999962697, -12.83845726811991561 ) ) ;
#2580 = CARTESIAN_POINT ( 'NONE',  ( 77.68189213675299243, 6.377048637202831216, 7.703274741287727601 ) ) ;
#2581 = DIRECTION ( 'NONE',  ( -0.000000000000000000, -1.000000000000000000, -0.000000000000000000 ) ) ;
#2582 = EDGE_CURVE ( 'NONE', #1615, #2180, #5346, .T. ) ;
#2583 = CARTESIAN_POINT ( 'NONE',  ( 76.44014412312344575, 5.893072195891397413, 8.079349392801061569 ) ) ;
#2584 = CARTESIAN_POINT ( 'NONE',  ( 69.63452057087400249, -2.829692279827054069, -9.592159076692270858 ) ) ;
#2585 = DIRECTION ( 'NONE',  ( -1.000000000000000000, -0.000000000000000000, -0.000000000000000000 ) ) ;
#2586 = EDGE_LOOP ( 'NONE', ( #821, #4953, #2967, #1383 ) ) ;
#2587 = CARTESIAN_POINT ( 'NONE',  ( 73.25208770019281701, 4.958872393161457559, 8.683869217597710133 ) ) ;
#2588 = CARTESIAN_POINT ( 'NONE',  ( 77.00000000000001421, -9.975469913743411965, -0.7000000000000018430 ) ) ;
#2589 = CARTESIAN_POINT ( 'NONE',  ( 72.73710854142014171, 0.09138514240267618660, -9.999999999999991118 ) ) ;
#2590 = ADVANCED_FACE ( 'NONE', ( #2279 ), #1371, .T. ) ;
#2591 = CARTESIAN_POINT ( 'NONE',  ( 76.31811214426682000, 4.843908994993711303, -6.367396742598931070 ) ) ;
#2592 = ORIENTED_EDGE ( 'NONE', *, *, #4744, .F. ) ;
#2593 = VECTOR ( 'NONE', #3699, 1000.000000000000000 ) ;
#2594 = CARTESIAN_POINT ( 'NONE',  ( 70.00000000000000000, -5.672321722240055486, -8.235579292278329078 ) ) ;
#2595 = CARTESIAN_POINT ( 'NONE',  ( 73.61985167632442995, -6.667105126083526123, 4.421505313549991101 ) ) ;
#2596 = DIRECTION ( 'NONE',  ( -0.000000000000000000, -0.9749279121818212879, 0.2225209339563246069 ) ) ;
#2597 = CARTESIAN_POINT ( 'NONE',  ( 73.43710854142003086, 7.613744108066229366, -2.455789212633443963 ) ) ;
#2598 = VERTEX_POINT ( 'NONE', #3792 ) ;
#2599 = AXIS2_PLACEMENT_3D ( 'NONE', #4997, #255, #596 ) ;
#2600 = AXIS2_PLACEMENT_3D ( 'NONE', #2068, #5297, #5262 ) ;
#2601 = FACE_OUTER_BOUND ( 'NONE', #3647, .T. ) ;
#2602 = VERTEX_POINT ( 'NONE', #1340 ) ;
#2603 = CARTESIAN_POINT ( 'NONE',  ( 76.81663884680024523, -7.477405991688696574, 2.844229830327400066 ) ) ;
#2604 = CARTESIAN_POINT ( 'NONE',  ( 77.70007234839454213, 5.059766228066085780, -6.197363237661996926 ) ) ;
#2605 = CARTESIAN_POINT ( 'NONE',  ( 73.62016752706281864, -9.878375814239161556, 1.555291195289167261 ) ) ;
#2606 = CARTESIAN_POINT ( 'NONE',  ( 73.00759294100488717, 0.5604108022979872317, 7.980615678008215141 ) ) ;
#2607 = EDGE_LOOP ( 'NONE', ( #1790, #4866 ) ) ;
#2608 = CARTESIAN_POINT ( 'NONE',  ( 76.38825132211498214, 9.157324047355515972, -4.018783677105790986 ) ) ;
#2609 = CARTESIAN_POINT ( 'NONE',  ( 72.87790416924337933, 9.836299847788335882, -1.803156632733241560 ) ) ;
#2610 = ORIENTED_EDGE ( 'NONE', *, *, #4483, .T. ) ;
#2611 = CARTESIAN_POINT ( 'NONE',  ( 70.00000000000000000, -24.00100000000000122, -0.7000000000000018430 ) ) ;
#2612 = DIRECTION ( 'NONE',  ( -0.000000000000000000, 0.6234898018587319291, -0.7818314824680310249 ) ) ;
#2613 = CARTESIAN_POINT ( 'NONE',  ( 38.00000000000000711, 0.000000000000000000, 0.000000000000000000 ) ) ;
#2614 = CARTESIAN_POINT ( 'NONE',  ( 76.38825132211498214, 9.994148768488768653, 0.3524150180710303726 ) ) ;
#2615 = DIRECTION ( 'NONE',  ( 0.000000000000000000, 0.9749279121818227312, -0.2225209339563184174 ) ) ;
#2616 = DIRECTION ( 'NONE',  ( -0.000000000000000000, 0.2225209339563114785, -0.9749279121818243965 ) ) ;
#2617 = ORIENTED_EDGE ( 'NONE', *, *, #1816, .F. ) ;
#2618 = EDGE_CURVE ( 'NONE', #4159, #3123, #361, .T. ) ;
#2619 = DIRECTION ( 'NONE',  ( 1.000000000000000000, 0.000000000000000000, 0.000000000000000000 ) ) ;
#2620 = B_SPLINE_CURVE_WITH_KNOTS ( 'NONE', 3,
 ( #3202, #5487, #3107, #5103, #2679, #1759, #3694, #4634, #2713, #5619, #1205, #1729, #5550, #764, #3173, #5519 ),
 .UNSPECIFIED., .F., .F.,
 ( 4, 2, 2, 2, 2, 2, 2, 4 ),
 ( 0.000000000000000000, 0.0002736956474133487487, 0.0005473912948266974974, 0.001094782589653365721, 0.001368478237066700267, 0.001642173884480034813, 0.001915869531893369792, 0.002189565179306704121 ),
 .UNSPECIFIED. ) ;
#2621 = CARTESIAN_POINT ( 'NONE',  ( 74.11900067817299487, -9.707308430043433134, -2.403196643019388290 ) ) ;
#2622 = CARTESIAN_POINT ( 'NONE',  ( 77.42973211210463091, -6.663255350980960223, -7.456896917604493247 ) ) ;
#2623 = CARTESIAN_POINT ( 'NONE',  ( 73.43710854142032929, -9.881128709808580268, 1.537301343327534875 ) ) ;
#2624 = ORIENTED_EDGE ( 'NONE', *, *, #3398, .F. ) ;
#2625 = ADVANCED_FACE ( 'NONE', ( #3241, #3704, #3730, #5713, #4234, #2814, #1401, #2242 ), #4177, .F. ) ;
#2626 = B_SPLINE_CURVE_WITH_KNOTS ( 'NONE', 3,
 ( #477, #1906, #1607, #5454, #3503, #205, #1208, #4101, #5422, #2106, #3174, #5551, #5949, #1269 ),
 .UNSPECIFIED., .F., .F.,
 ( 4, 2, 2, 2, 2, 2, 4 ),
 ( 0.002189565179306701952, 0.002736829203537974754, 0.003010461215653596409, 0.003284093227769218064, 0.003557725239884840154, 0.003831357252000461809, 0.004378621276231734610 ),
 .UNSPECIFIED. ) ;
#2627 = DIRECTION ( 'NONE',  ( -0.000000000000000000, 0.9749279121818228422, -0.2225209339563182787 ) ) ;
#2628 = CARTESIAN_POINT ( 'NONE',  ( 74.13703576169565679, -6.312625645578230582, 4.915211372971720394 ) ) ;
#2629 = CARTESIAN_POINT ( 'NONE',  ( 69.29996708377639436, -8.000002880169382991, 0.09110905475474719017 ) ) ;
#2630 = CARTESIAN_POINT ( 'NONE',  ( 72.75522068568683665, 7.838519581357934030, -1.601501296318142531 ) ) ;
#2631 = ORIENTED_EDGE ( 'NONE', *, *, #6083, .T. ) ;
#2632 = CARTESIAN_POINT ( 'NONE',  ( 70.69993446735443854, 6.091867645619455374, 7.932371873566500753 ) ) ;
#2633 = EDGE_LOOP ( 'NONE', ( #3252, #3966, #5158, #4905 ) ) ;
#2634 = CARTESIAN_POINT ( 'NONE',  ( 76.81690483603885866, -6.885756730454276386, 4.072787295166365062 ) ) ;
#2635 = CARTESIAN_POINT ( 'NONE',  ( 0.000000000000000000, 1.619044300812758254E-15, -13.22049999999999947 ) ) ;
#2636 = CARTESIAN_POINT ( 'NONE',  ( 70.36548765893749646, 5.461444805813965964, 5.847163137854003878 ) ) ;
#2637 = CARTESIAN_POINT ( 'NONE',  ( 74.13710854142004791, 0.000000000000000000, 8.000000000000000000 ) ) ;
#2638 = ORIENTED_EDGE ( 'NONE', *, *, #96, .F. ) ;
#2639 = CARTESIAN_POINT ( 'NONE',  ( 69.30006596912039640, -5.130971021941030052, 6.140563829348915981 ) ) ;
#2640 = CARTESIAN_POINT ( 'NONE',  ( 70.69992722027564014, -1.870825301720263623, -7.778724707344113476 ) ) ;
#2641 = ORIENTED_EDGE ( 'NONE', *, *, #3259, .T. ) ;
#2642 = CARTESIAN_POINT ( 'NONE',  ( 73.43710854142003086, -3.697515978097944078, 9.291306452362359636 ) ) ;
#2643 = CARTESIAN_POINT ( 'NONE',  ( 77.56041628925872544, -9.187923686977590876, -3.947954132766977153 ) ) ;
#2644 = FACE_BOUND ( 'NONE', #3593, .T. ) ;
#2645 = CARTESIAN_POINT ( 'NONE',  ( 73.25401337745886110, -6.657072435396730548, 4.436736265831670245 ) ) ;
#2646 = CARTESIAN_POINT ( 'NONE',  ( 73.43710854142003086, -25.93294329235657969, -21.57616577643367961 ) ) ;
#2647 = ORIENTED_EDGE ( 'NONE', *, *, #6063, .T. ) ;
#2648 = CARTESIAN_POINT ( 'NONE',  ( 73.34455964667168359, -7.925273415605098570, -1.090890135578783449 ) ) ;
#2649 = ORIENTED_EDGE ( 'NONE', *, *, #3742, .F. ) ;
#2650 = CARTESIAN_POINT ( 'NONE',  ( 76.43958974620018409, -4.645082267593608982, 6.513639581137963930 ) ) ;
#2651 = CARTESIAN_POINT ( 'NONE',  ( 73.78980100698353795, -7.422411027928158767, -6.701421786604666586 ) ) ;
#2652 = CARTESIAN_POINT ( 'NONE',  ( 77.18305898564280199, 1.555291195289102202, -9.878375814239173991 ) ) ;
#2653 = VERTEX_POINT ( 'NONE', #2751 ) ;
#2654 = ADVANCED_FACE ( 'NONE', ( #3298 ), #1262, .T. ) ;
#2655 = CARTESIAN_POINT ( 'NONE',  ( 76.37585270615920763, 1.421955884708087758, 7.873676364498964908 ) ) ;
#2656 = ORIENTED_EDGE ( 'NONE', *, *, #3476, .T. ) ;
#2657 = B_SPLINE_CURVE_WITH_KNOTS ( 'NONE', 3,
 ( #4888, #5774, #5860, #4802, #2403, #144, #2049, #3945, #5336, #2985, #3442, #4771, #5802, #497, #1925, #4387 ),
 .UNSPECIFIED., .F., .F.,
 ( 4, 2, 2, 2, 2, 2, 2, 4 ),
 ( 0.000000000000000000, 0.0002736956474133489655, 0.0005473912948266979311, 0.001094782589653366589, 0.001368478237066700484, 0.001642173884480034379, 0.001915869531893367407, 0.002189565179306700218 ),
 .UNSPECIFIED. ) ;
#2658 = FACE_OUTER_BOUND ( 'NONE', #2825, .T. ) ;
#2659 = CARTESIAN_POINT ( 'NONE',  ( 69.81727175442983935, -9.291306452362412927, -3.697515978097808187 ) ) ;
#2660 = CARTESIAN_POINT ( 'NONE',  ( 70.00000000000000000, -1.537301343332059922, -9.881128709807875055 ) ) ;
#2661 = B_SPLINE_CURVE_WITH_KNOTS ( 'NONE', 3,
 ( #5628, #1805, #2280, #5655, #3674, #4711, #5595, #436, #4178, #3762, #1403, #3299, #2, #4740, #932, #5714 ),
 .UNSPECIFIED., .F., .F.,
 ( 4, 2, 2, 2, 2, 2, 2, 4 ),
 ( 1.406331840377120533E-17, 0.0002736956474133501039, 0.0005473912948266862217, 0.001094782589653358349, 0.001368478237066694412, 0.001642173884480030693, 0.001915869531893366323, 0.002189565179306701952 ),
 .UNSPECIFIED. ) ;
#2662 = AXIS2_PLACEMENT_3D ( 'NONE', #3390, #2459, #2489 ) ;
#2663 = EDGE_CURVE ( 'NONE', #3957, #356, #2785, .T. ) ;
#2664 = EDGE_LOOP ( 'NONE', ( #2032, #4548 ) ) ;
#2665 = FACE_BOUND ( 'NONE', #1990, .T. ) ;
#2666 = ORIENTED_EDGE ( 'NONE', *, *, #3292, .F. ) ;
#2667 = CARTESIAN_POINT ( 'NONE',  ( 85.00000000000000000, 0.000000000000000000, 0.000000000000000000 ) ) ;
#2668 = CARTESIAN_POINT ( 'NONE',  ( 69.57028713879577708, 7.980626485894310562, -0.5602595454983567702 ) ) ;
#2669 = CARTESIAN_POINT ( 'NONE',  ( 73.62043667358638288, -9.574946960976891575, 2.884723774536863239 ) ) ;
#2670 = EDGE_CURVE ( 'NONE', #2180, #4524, #4207, .T. ) ;
#2671 = CIRCLE ( 'NONE', #2059, 24.00000000000000000 ) ;
#2672 = CARTESIAN_POINT ( 'NONE',  ( 73.25422230436146265, 0.6818878693785515033, 7.970964052569386560 ) ) ;
#2673 = VERTEX_POINT ( 'NONE', #6143 ) ;
#2674 = CARTESIAN_POINT ( 'NONE',  ( 76.31805170002294858, 9.087780111143695549, -4.173662492721311956 ) ) ;
#2675 = CARTESIAN_POINT ( 'NONE',  ( 70.55920409114581560, -2.197674824676937089, -7.692489804795902053 ) ) ;
#2676 = ORIENTED_EDGE ( 'NONE', *, *, #1242, .T. ) ;
#2677 = CARTESIAN_POINT ( 'NONE',  ( 22.30000000000000426, 8.999999999999962697, -12.83845726811991561 ) ) ;
#2678 = CARTESIAN_POINT ( 'NONE',  ( 77.69992722027566856, 1.870825301720314693, 7.778724707344104594 ) ) ;
#2679 = CARTESIAN_POINT ( 'NONE',  ( 76.56947108626575016, -1.230449174481646368, -7.905073012739910254 ) ) ;
#2680 = DIRECTION ( 'NONE',  ( -0.000000000000000000, 0.9749279121818226201, -0.2225209339563182509 ) ) ;
#2681 = EDGE_LOOP ( 'NONE', ( #507, #1927 ) ) ;
#2682 = AXIS2_PLACEMENT_3D ( 'NONE', #4553, #3514, #3612 ) ;
#2683 = CARTESIAN_POINT ( 'NONE',  ( 70.00000000000000000, 5.672321722240117658, 8.235579292278284669 ) ) ;
#2684 = EDGE_LOOP ( 'NONE', ( #3627, #2944, #3095, #619 ) ) ;
#2685 = CARTESIAN_POINT ( 'NONE',  ( 26.30000000000000426, -9.000000000000074607, -15.58845726811985699 ) ) ;
#2686 = CARTESIAN_POINT ( 'NONE',  ( 69.64730396509263244, 1.178728502787229182, -7.912764448622358948 ) ) ;
#2687 = B_SPLINE_CURVE_WITH_KNOTS ( 'NONE', 3,
 ( #4173, #837, #5173, #3668, #432, #3266, #369, #775, #4231, #1272, #5043, #1768, #2686, #2810, #3636, #6051 ),
 .UNSPECIFIED., .F., .F.,
 ( 4, 2, 2, 2, 2, 2, 2, 4 ),
 ( 0.000000000000000000, 0.0002736956474133489113, 0.0005473912948266978227, 0.001094782589653366806, 0.001368478237066702219, 0.001642173884480037415, 0.001915869531893372611, 0.002189565179306708024 ),
 .UNSPECIFIED. ) ;
#2688 = ORIENTED_EDGE ( 'NONE', *, *, #3886, .T. ) ;
#2689 = CARTESIAN_POINT ( 'NONE',  ( 22.30000000000000426, 0.000000000000000000, 0.000000000000000000 ) ) ;
#2690 = EDGE_CURVE ( 'NONE', #6064, #1088, #630, .T. ) ;
#2691 = CARTESIAN_POINT ( 'NONE',  ( 73.43710854142003086, -2.827078484599142794, 7.483824372733276498 ) ) ;
#2692 = CARTESIAN_POINT ( 'NONE',  ( 70.00000000000029843, 1.537301343327464931, -9.881128709808589150 ) ) ;
#2693 = DIRECTION ( 'NONE',  ( -0.000000000000000000, 0.7818314824680310249, 0.6234898018587320401 ) ) ;
#2694 = CARTESIAN_POINT ( 'NONE',  ( 69.29996708377639436, 7.247284275506798323, 3.388984740680986985 ) ) ;
#2695 = EDGE_LOOP ( 'NONE', ( #4453, #2211 ) ) ;
#2696 = CARTESIAN_POINT ( 'NONE',  ( 76.37585270615919342, 4.697398125282992609, 6.476973744235296593 ) ) ;
#2697 = VECTOR ( 'NONE', #4933, 999.9999999999998863 ) ;
#2698 = ORIENTED_EDGE ( 'NONE', *, *, #1167, .T. ) ;
#2699 = ADVANCED_FACE ( 'NONE', ( #611 ), #1110, .F. ) ;
#2700 = CARTESIAN_POINT ( 'NONE',  ( 70.00000000000000000, 6.395244912016966765, -28.01939871054312547 ) ) ;
#2701 = DIRECTION ( 'NONE',  ( -0.8320502943378438321, 6.793118197936351024E-17, -0.5547001962252288143 ) ) ;
#2702 = DIRECTION ( 'NONE',  ( 1.000000000000000000, 0.000000000000000000, 0.000000000000000000 ) ) ;
#2703 = CARTESIAN_POINT ( 'NONE',  ( 73.43710854141983191, -5.794219403477613994, -5.516069389009127022 ) ) ;
#2704 = AXIS2_PLACEMENT_3D ( 'NONE', #3396, #5315, #39 ) ;
#2705 = CARTESIAN_POINT ( 'NONE',  ( 76.81727175442982514, 9.291306452362437796, 3.697515978097742018 ) ) ;
#2706 = ORIENTED_EDGE ( 'NONE', *, *, #2139, .F. ) ;
#2707 = CARTESIAN_POINT ( 'NONE',  ( 77.56041628925873965, -2.641941886749811896, -9.644917136979074712 ) ) ;
#2708 = CARTESIAN_POINT ( 'NONE',  ( 76.99999999999980105, -6.876387137965950913, 4.088434899667164224 ) ) ;
#2709 = EDGE_LOOP ( 'NONE', ( #220, #4639 ) ) ;
#2710 = LINE ( 'NONE', #3628, #2273 ) ;
#2711 = EDGE_CURVE ( 'NONE', #287, #5444, #2657, .T. ) ;
#2712 = CARTESIAN_POINT ( 'NONE',  ( 76.29992569189748508, -8.969851357103166833, -4.421572430912155127 ) ) ;
#2713 = CARTESIAN_POINT ( 'NONE',  ( 76.31811214426683421, -1.958103375217872921, -7.757127483895105868 ) ) ;
#2714 = CARTESIAN_POINT ( 'NONE',  ( 76.30007476368575681, 6.307570605026540100, 7.760353677051901933 ) ) ;
#2715 = EDGE_LOOP ( 'NONE', ( #5016, #2806, #6120, #2879 ) ) ;
#2716 = ORIENTED_EDGE ( 'NONE', *, *, #3719, .F. ) ;
#2717 = CARTESIAN_POINT ( 'NONE',  ( 77.00000000000029843, -8.683869217595441725, 4.958872393165440151 ) ) ;
#2718 = FACE_OUTER_BOUND ( 'NONE', #2324, .T. ) ;
#2719 = APPLICATION_PROTOCOL_DEFINITION ( 'draft international standard', 'automotive_design', 1998, #4461 ) ;
#2720 = VERTEX_POINT ( 'NONE', #1987 ) ;
#2721 = CARTESIAN_POINT ( 'NONE',  ( 73.99752483067874209, -8.079060816590928340, 5.893476039993795546 ) ) ;
#2722 = CARTESIAN_POINT ( 'NONE',  ( 77.18305898564280199, 5.687335582168770109, -8.225293514841050424 ) ) ;
#2723 = CARTESIAN_POINT ( 'NONE',  ( 69.31805170002296279, -9.998691246639886288, -0.1827000438273091443 ) ) ;
#2724 = CARTESIAN_POINT ( 'NONE',  ( 72.87725266454343398, -8.079349392801137952, -5.893072195891286391 ) ) ;
#2725 = CARTESIAN_POINT ( 'NONE',  ( 69.37585270615917921, 7.042463057338225418, 3.797427039055771392 ) ) ;
#2726 = ORIENTED_EDGE ( 'NONE', *, *, #1837, .T. ) ;
#2727 = CARTESIAN_POINT ( 'NONE',  ( 76.30006596912039640, 4.844858609861280030, 6.368730864211471498 ) ) ;
#2728 = EDGE_LOOP ( 'NONE', ( #1292, #599, #2768, #1678 ) ) ;
#2729 = DIRECTION ( 'NONE',  ( -0.000000000000000000, -0.2225209339563050392, 0.9749279121818257288 ) ) ;
#2730 = CARTESIAN_POINT ( 'NONE',  ( 73.86762228682981402, 9.609722389421490263, -2.767203639604054022 ) ) ;
#2731 = CARTESIAN_POINT ( 'NONE',  ( 69.81690483603883024, 7.970968626346127905, -0.6818366816699370503 ) ) ;
#2732 = DIRECTION ( 'NONE',  ( -1.000000000000000000, -0.000000000000000000, -0.000000000000000000 ) ) ;
#2733 = CARTESIAN_POINT ( 'NONE',  ( 73.43710854141983191, 6.667105126086325662, -4.421505313545765148 ) ) ;
#2734 = EDGE_LOOP ( 'NONE', ( #6072, #6170 ) ) ;
#2735 = EDGE_CURVE ( 'NONE', #276, #1168, #2048, .T. ) ;
#2736 = CARTESIAN_POINT ( 'NONE',  ( 70.00000000000000000, -28.86505807256332190, 13.90067933815189427 ) ) ;
#2737 = FACE_BOUND ( 'NONE', #2997, .T. ) ;
#2738 = EDGE_LOOP ( 'NONE', ( #2811, #5605 ) ) ;
#2739 = DIRECTION ( 'NONE',  ( -1.000000000000000000, -0.000000000000000000, -0.000000000000000000 ) ) ;
#2740 = DIRECTION ( 'NONE',  ( -0.000000000000000000, -0.9749279121818257288, -0.2225209339563050392 ) ) ;
#2741 = CARTESIAN_POINT ( 'NONE',  ( 77.36548765893746804, -4.485276751233958414, 6.625631184458669054 ) ) ;
#2742 = DIRECTION ( 'NONE',  ( -0.000000000000000000, 0.9749279121818243965, 0.2225209339563114230 ) ) ;
#2743 = EDGE_CURVE ( 'NONE', #3348, #182, #5827, .T. ) ;
#2744 = CARTESIAN_POINT ( 'NONE',  ( 76.81727175442983935, -5.672321722239827224, 8.235579292278490726 ) ) ;
#2745 = CARTESIAN_POINT ( 'NONE',  ( 77.09138514484497762, -1.537301343332001080, 9.881128709807882160 ) ) ;
#2746 = EDGE_LOOP ( 'NONE', ( #1147, #4150 ) ) ;
#2747 = CARTESIAN_POINT ( 'NONE',  ( 85.00100000000000477, -8.999999999999854339, 12.83845726811997778 ) ) ;
#2748 = CARTESIAN_POINT ( 'NONE',  ( 73.43710854142003086, -25.93294329235645179, 21.57616577643386790 ) ) ;
#2749 = ORIENTED_EDGE ( 'NONE', *, *, #3302, .T. ) ;
#2750 = CARTESIAN_POINT ( 'NONE',  ( 73.52849368626502269, -8.235579292278281116, 5.672321722240115882 ) ) ;
#2751 = CARTESIAN_POINT ( 'NONE',  ( 26.30000000000000426, 0.000000000000000000, 12.00000000000000000 ) ) ;
#2752 = DIRECTION ( 'NONE',  ( 0.000000000000000000, -0.6234898018587453628, -0.7818314824680204778 ) ) ;
#2753 = CARTESIAN_POINT ( 'NONE',  ( 70.18305898564281620, 1.555291195289102202, -9.878375814239173991 ) ) ;
#2754 = CARTESIAN_POINT ( 'NONE',  ( 73.43710854142003086, -4.958872393161402492, -8.683869217597754542 ) ) ;
#2755 = EDGE_LOOP ( 'NONE', ( #2617, #3978, #5368, #663, #4093, #5570, #1124, #390 ) ) ;
#2756 = CARTESIAN_POINT ( 'NONE',  ( 72.82582456632033541, -4.018081709914818944, -9.157630277993622059 ) ) ;
#2757 = VERTEX_POINT ( 'NONE', #2901 ) ;
#2758 = CARTESIAN_POINT ( 'NONE',  ( 77.70003269886105102, -10.00000228892012721, 0.09109313731424549532 ) ) ;
#2759 = CARTESIAN_POINT ( 'NONE',  ( 73.99752483067874209, 9.836065698270951785, -1.804465320102675241 ) ) ;
#2760 = CARTESIAN_POINT ( 'NONE',  ( 76.37585270615919342, 7.042463057338225418, 3.797427039055771392 ) ) ;
#2761 = CARTESIAN_POINT ( 'NONE',  ( 70.61173969054669897, 4.707821415441668655, 6.468664599956028383 ) ) ;
#2762 = CARTESIAN_POINT ( 'NONE',  ( 77.61173969054672739, -1.434952147230869057, -7.870712580292393845 ) ) ;
#2763 = ORIENTED_EDGE ( 'NONE', *, *, #5600, .F. ) ;
#2764 = CARTESIAN_POINT ( 'NONE',  ( 73.99693945301240205, 5.977695923136123746, -5.317080093697478027 ) ) ;
#2765 = VECTOR ( 'NONE', #5235, 1000.000000000000000 ) ;
#2766 = FACE_BOUND ( 'NONE', #1059, .T. ) ;
#2767 = B_SPLINE_CURVE_WITH_KNOTS ( 'NONE', 3,
 ( #3216, #380, #3734, #3188, #2756, #1811, #908, #3708, #286, #5631, #2819, #1346, #5089, #4591 ),
 .UNSPECIFIED., .F., .F.,
 ( 4, 2, 2, 2, 2, 2, 4 ),
 ( 0.002189188203112912671, 0.002736359354753677663, 0.003009944930574059291, 0.003283530506394440919, 0.003557116082214822547, 0.003830701658035204175, 0.004377872809675965697 ),
 .UNSPECIFIED. ) ;
#2768 = ORIENTED_EDGE ( 'NONE', *, *, #5673, .T. ) ;
#2769 = CARTESIAN_POINT ( 'NONE',  ( 70.00000000000000000, -21.02975994219517020, 26.37048487808076658 ) ) ;
#2770 = CARTESIAN_POINT ( 'NONE',  ( 70.42973211210463091, 8.752650747124937070, -4.836877961144883997 ) ) ;
#2771 = EDGE_CURVE ( 'NONE', #5984, #4205, #4829, .T. ) ;
#2772 = CYLINDRICAL_SURFACE ( 'NONE', #2161, 0.7000000000000013989 ) ;
#2773 = VECTOR ( 'NONE', #355, 1000.000000000000000 ) ;
#2774 = DIRECTION ( 'NONE',  ( 0.000000000000000000, -0.9749279121818215099, 0.2225209339563233579 ) ) ;
#2775 = CARTESIAN_POINT ( 'NONE',  ( 85.00100000000000477, 9.000000000000181188, 15.58845726811978949 ) ) ;
#2776 = DIRECTION ( 'NONE',  ( -0.000000000000000000, 1.000000000000000000, -0.000000000000000000 ) ) ;
#2777 = EDGE_LOOP ( 'NONE', ( #3112, #4613, #501, #1241 ) ) ;
#2778 = B_SPLINE_CURVE_WITH_KNOTS ( 'NONE', 3,
 ( #2428, #1048, #57, #5886, #1108, #142, #1984, #4853, #4445, #1023, #4800, #522, #1140, #3848 ),
 .UNSPECIFIED., .F., .F.,
 ( 4, 2, 2, 2, 2, 2, 4 ),
 ( 0.002189188203112904865, 0.002736359354753668122, 0.003009944930574048449, 0.003283530506394429210, 0.003557116082214809537, 0.003830701658035190298, 0.004377872809675950952 ),
 .UNSPECIFIED. ) ;
#2779 = CARTESIAN_POINT ( 'NONE',  ( 0.000000000000000000, 0.000000000000000000, 10.00000000000000000 ) ) ;
#2780 = ADVANCED_FACE ( 'NONE', ( #2042 ), #3937, .F. ) ;
#2781 = DIRECTION ( 'NONE',  ( 0.000000000000000000, 0.000000000000000000, 1.000000000000000000 ) ) ;
#2782 = VECTOR ( 'NONE', #2701, 1000.000000000000114 ) ;
#2783 = EDGE_LOOP ( 'NONE', ( #2207, #13, #1821, #1673 ) ) ;
#2784 = DIRECTION ( 'NONE',  ( 0.000000000000000000, -0.7818314824680359099, -0.6234898018587259338 ) ) ;
#2785 = LINE ( 'NONE', #4646, #2253 ) ;
#2786 = ADVANCED_FACE ( 'NONE', ( #4507 ), #3598, .F. ) ;
#2787 = CARTESIAN_POINT ( 'NONE',  ( 0.000000000000000000, 0.000000000000000000, 0.000000000000000000 ) ) ;
#2788 = CARTESIAN_POINT ( 'NONE',  ( 70.70003269886107944, 2.136400606719888629, -9.769551483342535647 ) ) ;
#2789 = CARTESIAN_POINT ( 'NONE',  ( 0.000000000000000000, 1.224646799147353256E-15, -10.00000000000000000 ) ) ;
#2790 = VERTEX_POINT ( 'NONE', #1236 ) ;
#2791 = DIRECTION ( 'NONE',  ( 0.000000000000000000, -0.4338837391175648928, -0.9009688679024159264 ) ) ;
#2792 = CARTESIAN_POINT ( 'NONE',  ( 76.38871602490031876, -9.994120100610542679, 0.3531803371506751499 ) ) ;
#2793 = CARTESIAN_POINT ( 'NONE',  ( 69.43958974620021252, 7.988729912622990703, -0.4295162963641759313 ) ) ;
#2794 = CARTESIAN_POINT ( 'NONE',  ( 73.25374738822024767, 2.844229830327238862, -7.477405991688756970 ) ) ;
#2795 = ORIENTED_EDGE ( 'NONE', *, *, #2188, .T. ) ;
#2796 = CYLINDRICAL_SURFACE ( 'NONE', #2303, 2.749999999999999556 ) ;
#2797 = CARTESIAN_POINT ( 'NONE',  ( 72.82582456632030699, 9.664956625304879978, 2.568226307581320533 ) ) ;
#2798 = ORIENTED_EDGE ( 'NONE', *, *, #4862, .F. ) ;
#2799 = EDGE_CURVE ( 'NONE', #80, #3745, #1529, .T. ) ;
#2800 = DIRECTION ( 'NONE',  ( 1.000000000000000000, 0.000000000000000000, 0.000000000000000000 ) ) ;
#2801 = CARTESIAN_POINT ( 'NONE',  ( 73.34455964667168359, -6.667105126083475497, -4.421505313550062155 ) ) ;
#2802 = CARTESIAN_POINT ( 'NONE',  ( 77.00000000000001421, 6.395244912016966765, -28.01939871054312547 ) ) ;
#2803 = CARTESIAN_POINT ( 'NONE',  ( 70.68192758678334542, -1.957984266026996378, 7.757158100774161014 ) ) ;
#2804 = CARTESIAN_POINT ( 'NONE',  ( 70.70003269886106523, -9.049214572295847248, -4.256766303501056115 ) ) ;
#2805 = CARTESIAN_POINT ( 'NONE',  ( 77.55920409114584402, -5.317682838435374926, -5.977158460482510982 ) ) ;
#2806 = ORIENTED_EDGE ( 'NONE', *, *, #4399, .T. ) ;
#2807 = CONICAL_SURFACE ( 'NONE', #1799, 8.000000000000000000, 1.047197551196593412 ) ;
#2808 = DIRECTION ( 'NONE',  ( -1.000000000000000000, -0.000000000000000000, -0.000000000000000000 ) ) ;
#2809 = DIRECTION ( 'NONE',  ( 0.000000000000000000, 0.000000000000000000, 1.000000000000000000 ) ) ;
#2810 = CARTESIAN_POINT ( 'NONE',  ( 69.81690483603881603, 1.108965770761541680, -7.922842736161318733 ) ) ;
#2811 = ORIENTED_EDGE ( 'NONE', *, *, #2285, .F. ) ;
#2812 = CARTESIAN_POINT ( 'NONE',  ( 72.82552370015680765, -0.3526926766229638299, 9.994138628942975444 ) ) ;
#2813 = EDGE_CURVE ( 'NONE', #3488, #4425, #5783, .T. ) ;
#2814 = FACE_BOUND ( 'NONE', #3100, .T. ) ;
#2815 = CARTESIAN_POINT ( 'NONE',  ( 69.81497915877275773, 6.766885797695247007, -7.362693569676141969 ) ) ;
#2816 = CYLINDRICAL_SURFACE ( 'NONE', #575, 0.7000000000000012879 ) ;
#2817 = ORIENTED_EDGE ( 'NONE', *, *, #2848, .T. ) ;
#2818 = EDGE_CURVE ( 'NONE', #2334, #5786, #5904, .T. ) ;
#2819 = CARTESIAN_POINT ( 'NONE',  ( 72.87725266454346240, -4.722334076577113571, -8.814972908985131639 ) ) ;
#2820 = ORIENTED_EDGE ( 'NONE', *, *, #2306, .F. ) ;
#2821 = CARTESIAN_POINT ( 'NONE',  ( 77.18332813216635202, -9.976794478432831070, -0.6817715863917027663 ) ) ;
#2822 = CARTESIAN_POINT ( 'NONE',  ( 76.63452057087400249, -9.981329390871614748, 0.6242897900856730908 ) ) ;
#2823 = CARTESIAN_POINT ( 'NONE',  ( 76.43958974620021252, 7.011236808675710641, -3.853160816570022629 ) ) ;
#2824 = CARTESIAN_POINT ( 'NONE',  ( 70.00000000000029843, 5.672321722236229213, -8.235579292280965191 ) ) ;
#2825 = EDGE_LOOP ( 'NONE', ( #5974, #2283, #1485, #2124 ) ) ;
#2826 = CARTESIAN_POINT ( 'NONE',  ( 73.43710854142003086, 5.794219403481172037, -5.516069389005392232 ) ) ;
#2827 = FACE_BOUND ( 'NONE', #6093, .T. ) ;
#2828 = ORIENTED_EDGE ( 'NONE', *, *, #5430, .T. ) ;
#2829 = CARTESIAN_POINT ( 'NONE',  ( 85.00100000000000477, 18.00000000000000000, 0.000000000000000000 ) ) ;
#2830 = CARTESIAN_POINT ( 'NONE',  ( 73.86684065352466178, 8.155509294187444524, -5.787223139345671896 ) ) ;
#2831 = DIRECTION ( 'NONE',  ( 0.000000000000000000, -0.4338837391175648928, -0.9009688679024159264 ) ) ;
#2832 = CARTESIAN_POINT ( 'NONE',  ( 69.43958974620021252, -1.358912215219144182, 7.884012142114443122 ) ) ;
#2833 = CARTESIAN_POINT ( 'NONE',  ( 70.09138514484499183, -9.291306452362334767, -3.697515978098017353 ) ) ;
#2834 = EDGE_LOOP ( 'NONE', ( #4714, #2698, #4276, #2891 ) ) ;
#2835 = LINE ( 'NONE', #2747, #3281 ) ;
#2836 = CARTESIAN_POINT ( 'NONE',  ( 73.08466349562985442, -0.6117196513183212891, -7.976655819449026907 ) ) ;
#2837 = ORIENTED_EDGE ( 'NONE', *, *, #2359, .T. ) ;
#2838 = CARTESIAN_POINT ( 'NONE',  ( 72.73710854142002802, 8.572527594031495376E-17, -24.00000000000000000 ) ) ;
#2839 = CARTESIAN_POINT ( 'NONE',  ( 76.30006596912042482, -1.958554358310385268, 7.758701733914650234 ) ) ;
#2840 = CARTESIAN_POINT ( 'NONE',  ( 41.29999999999999716, 0.000000000000000000, 12.00000000000000000 ) ) ;
#2841 = FACE_OUTER_BOUND ( 'NONE', #807, .T. ) ;
#2842 = EDGE_CURVE ( 'NONE', #610, #726, #1745, .T. ) ;
#2843 = VERTEX_POINT ( 'NONE', #1623 ) ;
#2844 = ORIENTED_EDGE ( 'NONE', *, *, #1330, .F. ) ;
#2845 = CARTESIAN_POINT ( 'NONE',  ( 77.09253170642544717, -9.975469913743411965, -0.7000000000000020650 ) ) ;
#2846 = DIRECTION ( 'NONE',  ( 0.000000000000000000, 0.000000000000000000, 1.000000000000000000 ) ) ;
#2847 = DIRECTION ( 'NONE',  ( 0.000000000000000000, 0.000000000000000000, 1.000000000000000000 ) ) ;
#2848 = EDGE_CURVE ( 'NONE', #3244, #3752, #5555, .T. ) ;
#2849 = CARTESIAN_POINT ( 'NONE',  ( 77.35269246556352130, 2.817308950349063590, 9.594999203114728203 ) ) ;
#2850 = ORIENTED_EDGE ( 'NONE', *, *, #5788, .T. ) ;
#2851 = CARTESIAN_POINT ( 'NONE',  ( 73.43710854141983191, -7.613744108064643967, -2.455789212638358698 ) ) ;
#2852 = CARTESIAN_POINT ( 'NONE',  ( 70.68161899798532488, -7.286024504223393095, -3.304697534062837949 ) ) ;
#2853 = ORIENTED_EDGE ( 'NONE', *, *, #4362, .T. ) ;
#2854 = CARTESIAN_POINT ( 'NONE',  ( 73.43710854142032929, 4.958872393165255410, -8.683869217595548307 ) ) ;
#2855 = EDGE_CURVE ( 'NONE', #1732, #915, #2857, .T. ) ;
#2856 = CARTESIAN_POINT ( 'NONE',  ( 74.04885019795742096, 8.033459956996164664, -5.955729357547338232 ) ) ;
#2857 = CIRCLE ( 'NONE', #154, 2.749999999999999556 ) ;
#2858 = CARTESIAN_POINT ( 'NONE',  ( 69.44014412312340312, -5.893072195891331688, -8.079349392801109531 ) ) ;
#2859 = CARTESIAN_POINT ( 'NONE',  ( 70.55983091159234277, -2.196898574126854076, 7.692712520773906881 ) ) ;
#2860 = CARTESIAN_POINT ( 'NONE',  ( 70.00000000000000000, -6.876387137968698049, -4.088434899662539479 ) ) ;
#2861 = ORIENTED_EDGE ( 'NONE', *, *, #135, .F. ) ;
#2862 = CARTESIAN_POINT ( 'NONE',  ( 77.36548765893749646, -7.976651364140179723, 0.6242829026904723744 ) ) ;
#2863 = CARTESIAN_POINT ( 'NONE',  ( 73.25208770019284543, -8.235579292278366381, -5.672321722240000419 ) ) ;
#2864 = CYLINDRICAL_SURFACE ( 'NONE', #467, 0.7000000000000012879 ) ;
#2865 = CARTESIAN_POINT ( 'NONE',  ( 69.81690483603881603, 7.477432428275266219, 2.844160048809199814 ) ) ;
#2866 = ORIENTED_EDGE ( 'NONE', *, *, #2855, .F. ) ;
#2867 = CARTESIAN_POINT ( 'NONE',  ( 73.43710854142032929, -9.569599402267721544, -2.902200420390931512 ) ) ;
#2868 = VECTOR ( 'NONE', #230, 1000.000000000000000 ) ;
#2869 = CARTESIAN_POINT ( 'NONE',  ( 74.11872753940536995, -3.635998128719399425, 7.126478546640961476 ) ) ;
#2870 = CARTESIAN_POINT ( 'NONE',  ( 73.25325063111965562, 0.6816189781506613032, -7.970987462107868460 ) ) ;
#2871 = DIRECTION ( 'NONE',  ( -0.000000000000000000, 0.7818314824680310249, 0.6234898018587320401 ) ) ;
#2872 = B_SPLINE_CURVE_WITH_KNOTS ( 'NONE', 3,
 ( #3185, #345, #782, #3154, #4263, #6027, #2246, #2363, #4146, #2836, #5566, #5087, #812, #4767, #6059, #493 ),
 .UNSPECIFIED., .F., .F.,
 ( 4, 2, 2, 2, 2, 2, 2, 4 ),
 ( 0.000000000000000000, 0.0002736956795401921435, 0.0005473913590803842870, 0.001094782718160739301, 0.001368478397700937516, 0.001642174077241135514, 0.001915869756781333946, 0.002189565436321531944 ),
 .UNSPECIFIED. ) ;
#2873 = ORIENTED_EDGE ( 'NONE', *, *, #1644, .F. ) ;
#2874 = ADVANCED_FACE ( 'NONE', ( #2531 ), #4429, .F. ) ;
#2875 = CARTESIAN_POINT ( 'NONE',  ( 76.81497915877278615, -2.902200420386485735, 9.569599402269066246 ) ) ;
#2876 = CARTESIAN_POINT ( 'NONE',  ( 77.18332813216633781, 8.692971621401053284, 4.943023867069100241 ) ) ;
#2877 = DIRECTION ( 'NONE',  ( 0.000000000000000000, -0.9009688679024182578, 0.4338837391175599523 ) ) ;
#2878 = CARTESIAN_POINT ( 'NONE',  ( 76.30006596912039640, 5.130971021941069132, -6.140563829348880454 ) ) ;
#2879 = ORIENTED_EDGE ( 'NONE', *, *, #3476, .F. ) ;
#2880 = CARTESIAN_POINT ( 'NONE',  ( 69.99999999999980105, 4.421505313545665672, -6.667105126086390499 ) ) ;
#2881 = CARTESIAN_POINT ( 'NONE',  ( 73.25401337745883268, 6.657072435396695909, -4.436736265831719983 ) ) ;
#2882 = EDGE_CURVE ( 'NONE', #5272, #182, #1970, .T. ) ;
#2883 = EDGE_LOOP ( 'NONE', ( #5480, #3190 ) ) ;
#2884 = CARTESIAN_POINT ( 'NONE',  ( 77.43051374540979737, 9.984547324097629684, 0.5594596657860433364 ) ) ;
#2885 = CARTESIAN_POINT ( 'NONE',  ( 74.11900067817299487, 4.503022823796439589, -8.929164379121951711 ) ) ;
#2886 = CARTESIAN_POINT ( 'NONE',  ( 70.00000000000000000, -1.537301343332059922, -9.881128709807875055 ) ) ;
#2887 = LINE ( 'NONE', #3838, #4 ) ;
#2888 = DIRECTION ( 'NONE',  ( -1.000000000000000000, -0.000000000000000000, -0.000000000000000000 ) ) ;
#2889 = CARTESIAN_POINT ( 'NONE',  ( 69.30007476368577102, 6.307570605026540100, 7.760353677051901933 ) ) ;
#2890 = ADVANCED_FACE ( 'NONE', ( #3618 ), #5539, .F. ) ;
#2891 = ORIENTED_EDGE ( 'NONE', *, *, #546, .F. ) ;
#2892 = CARTESIAN_POINT ( 'NONE',  ( 85.00100000000000477, -8.999999999999854339, 15.58845726811997778 ) ) ;
#2893 = CARTESIAN_POINT ( 'NONE',  ( 77.36629917073253182, -7.976690584523712602, -0.6238304319761305283 ) ) ;
#2894 = CARTESIAN_POINT ( 'NONE',  ( 74.06128050092944193, -4.665808660154043608, -8.845730669988654427 ) ) ;
#2895 = CARTESIAN_POINT ( 'NONE',  ( 70.62417195950938265, -2.580466845471860449, 9.662189834533727151 ) ) ;
#2896 = CARTESIAN_POINT ( 'NONE',  ( 74.04884823196671562, 7.870712580292413385, 1.434952147230764030 ) ) ;
#2897 = EDGE_LOOP ( 'NONE', ( #3507, #4328 ) ) ;
#2898 = CIRCLE ( 'NONE', #556, 12.00000000000000000 ) ;
#2899 = CARTESIAN_POINT ( 'NONE',  ( 74.11888013443893897, -0.1833281582443535285, 9.998679027578500467 ) ) ;
#2900 = DIRECTION ( 'NONE',  ( -1.000000000000000000, -0.000000000000000000, -0.000000000000000000 ) ) ;
#2901 = CARTESIAN_POINT ( 'NONE',  ( 70.00000000000000000, -2.455789212633290752, 7.613744108066274663 ) ) ;
#2902 = CARTESIAN_POINT ( 'NONE',  ( 77.61174165653737589, -5.955729357547166813, 8.033459956996287232 ) ) ;
#2903 = CARTESIAN_POINT ( 'NONE',  ( 73.08423600543477505, 7.422484343149359454, 6.701340667105455395 ) ) ;
#2904 = EDGE_LOOP ( 'NONE', ( #5099, #2817, #5536, #2976 ) ) ;
#2905 = CARTESIAN_POINT ( 'NONE',  ( 70.00000000000000000, -7.969316156358710934, -0.7000000000000018430 ) ) ;
#2906 = DIRECTION ( 'NONE',  ( -0.000000000000000000, -0.6234898018587372581, -0.7818314824680268060 ) ) ;
#2907 = CARTESIAN_POINT ( 'NONE',  ( 76.81690483603885866, 6.885756730454305696, -4.072787295166316213 ) ) ;
#2908 = CARTESIAN_POINT ( 'NONE',  ( 26.30000000000000426, 0.000000000000000000, 24.00000000000000000 ) ) ;
#2909 = VERTEX_POINT ( 'NONE', #2125 ) ;
#2910 = CARTESIAN_POINT ( 'NONE',  ( 70.36629917073253182, -6.916080005145116338, -4.023008134657539259 ) ) ;
#2911 = ORIENTED_EDGE ( 'NONE', *, *, #3947, .T. ) ;
#2912 = FACE_BOUND ( 'NONE', #4839, .T. ) ;
#2913 = DIRECTION ( 'NONE',  ( -0.000000000000000000, -0.6234898018587372581, -0.7818314824680268060 ) ) ;
#2914 = DIRECTION ( 'NONE',  ( 0.000000000000000000, 0.000000000000000000, -1.000000000000000000 ) ) ;
#2915 = EDGE_CURVE ( 'NONE', #4170, #3130, #320, .T. ) ;
#2916 = CARTESIAN_POINT ( 'NONE',  ( 73.08421115242200017, 4.011857366228881894, 6.921433678458628336 ) ) ;
#2917 = DIRECTION ( 'NONE',  ( 0.000000000000000000, -0.2225209339563233579, -0.9749279121818215099 ) ) ;
#2918 = CARTESIAN_POINT ( 'NONE',  ( 70.00000000000000000, 2.902200420386549240, -9.569599402269048483 ) ) ;
#2919 = ORIENTED_EDGE ( 'NONE', *, *, #872, .F. ) ;
#2920 = DIRECTION ( 'NONE',  ( 0.000000000000000000, 0.000000000000000000, 1.000000000000000000 ) ) ;
#2921 = CARTESIAN_POINT ( 'NONE',  ( 76.99999999999980105, -7.969316156358251746, 0.7000000000052533089 ) ) ;
#2922 = CARTESIAN_POINT ( 'NONE',  ( 72.82535986353498458, -8.033467317462770652, -5.955720679389282068 ) ) ;
#2923 = CARTESIAN_POINT ( 'NONE',  ( 70.69993446735445275, -2.403560710081323659, 9.708566880093449925 ) ) ;
#2924 = CARTESIAN_POINT ( 'NONE',  ( 72.87669828762024338, -3.853160816569973779, 7.011236808675740839 ) ) ;
#2925 = EDGE_CURVE ( 'NONE', #2175, #1663, #4936, .T. ) ;
#2926 = CARTESIAN_POINT ( 'NONE',  ( 70.00000000000000000, -1.090890135578839182, -7.925273415605090577 ) ) ;
#2927 = CARTESIAN_POINT ( 'NONE',  ( 73.61987182635405702, -0.6819276014264303853, 7.970960696616973706 ) ) ;
#2928 = CARTESIAN_POINT ( 'NONE',  ( 69.64730396509260402, -5.451523158638697630, -5.855094990987834258 ) ) ;
#2929 = CARTESIAN_POINT ( 'NONE',  ( 72.73718330510583030, -4.422585492848894795, 8.969351910186734500 ) ) ;
#2930 = EDGE_LOOP ( 'NONE', ( #3239, #907 ) ) ;
#2931 = CARTESIAN_POINT ( 'NONE',  ( 76.38828058685214728, 1.434930270128769836, -7.870716025197999954 ) ) ;
#2932 = CARTESIAN_POINT ( 'NONE',  ( 83.00000000000000000, 0.000000000000000000, 10.00000000000000178 ) ) ;
#2933 = CARTESIAN_POINT ( 'NONE',  ( 76.44079562782334847, -6.566079120333415453, -7.542597266412430557 ) ) ;
#2934 = ORIENTED_EDGE ( 'NONE', *, *, #5249, .F. ) ;
#2935 = CARTESIAN_POINT ( 'NONE',  ( 70.69992722027564014, -7.248092366335419534, -3.387285407412946814 ) ) ;
#2936 = ORIENTED_EDGE ( 'NONE', *, *, #5045, .T. ) ;
#2937 = CARTESIAN_POINT ( 'NONE',  ( 69.63374405134038625, 9.263582827204627890, -3.768657489251570070 ) ) ;
#2938 = CARTESIAN_POINT ( 'NONE',  ( 77.09138514484496341, 9.975469913743417294, -0.6999999999999274580 ) ) ;
#2939 = CARTESIAN_POINT ( 'NONE',  ( 74.13704300877444098, 4.503657794417736504, 8.930310264659027553 ) ) ;
#2940 = CARTESIAN_POINT ( 'NONE',  ( 72.73703423331750173, 7.761066029279708012, -6.306694080061952867 ) ) ;
#2941 = CARTESIAN_POINT ( 'NONE',  ( 76.63452057087403091, 1.612417196537677677, -9.869994170990803894 ) ) ;
#2942 = CARTESIAN_POINT ( 'NONE',  ( 70.00000000000000000, -4.421505313550106564, -6.667105126083447963 ) ) ;
#2943 = CARTESIAN_POINT ( 'NONE',  ( 69.81497915877275773, 2.902200420386549240, -9.569599402269048483 ) ) ;
#2944 = ORIENTED_EDGE ( 'NONE', *, *, #3297, .T. ) ;
#2945 = ADVANCED_FACE ( 'NONE', ( #1746 ), #3649, .F. ) ;
#2946 = CARTESIAN_POINT ( 'NONE',  ( 69.37585270615919342, -7.042463057338202326, -3.797427039055818021 ) ) ;
#2947 = CARTESIAN_POINT ( 'NONE',  ( 69.64730396509263244, 6.921373559934801634, -4.011960885464910476 ) ) ;
#2948 = DIRECTION ( 'NONE',  ( -0.000000000000000000, -0.6234898018587267110, 0.7818314824680352437 ) ) ;
#2949 = CARTESIAN_POINT ( 'NONE',  ( 74.13703576169565679, 7.778724707344138345, 1.870825301720158595 ) ) ;
#2950 = DIRECTION ( 'NONE',  ( -1.000000000000000000, -0.000000000000000000, -0.000000000000000000 ) ) ;
#2951 = CARTESIAN_POINT ( 'NONE',  ( 73.62216329496399680, -2.827078484599142794, 7.483824372733275609 ) ) ;
#2952 = AXIS2_PLACEMENT_3D ( 'NONE', #403, #1859, #4705 ) ;
#2953 = EDGE_CURVE ( 'NONE', #5285, #1628, #4338, .T. ) ;
#2954 = CARTESIAN_POINT ( 'NONE',  ( 69.29996708377640857, -5.059152137971301144, -6.197848545054738700 ) ) ;
#2955 = CARTESIAN_POINT ( 'NONE',  ( 73.00739568021580794, -2.957887651761268888, -7.433383516625383436 ) ) ;
#2956 = CARTESIAN_POINT ( 'NONE',  ( 73.43710854142003086, 7.362693569676140193, 6.766885797695245230 ) ) ;
#2957 = AXIS2_PLACEMENT_3D ( 'NONE', #1592, #1560, #3992 ) ;
#2958 = ORIENTED_EDGE ( 'NONE', *, *, #326, .F. ) ;
#2959 = EDGE_CURVE ( 'NONE', #3393, #6030, #3755, .T. ) ;
#2960 = CARTESIAN_POINT ( 'NONE',  ( 69.81727175442988198, 2.902200420386819246, 9.569599402268973876 ) ) ;
#2961 = CYLINDRICAL_SURFACE ( 'NONE', #1175, 0.7000000000000030642 ) ;
#2962 = CARTESIAN_POINT ( 'NONE',  ( 73.43710854141983191, 7.925273415605802896, -1.090890135573667763 ) ) ;
#2963 = CARTESIAN_POINT ( 'NONE',  ( 73.07085259276040290, -7.414761026295663804, 6.711040529657027243 ) ) ;
#2964 = AXIS2_PLACEMENT_3D ( 'NONE', #5690, #4215, #6097 ) ;
#2965 = ORIENTED_EDGE ( 'NONE', *, *, #4967, .T. ) ;
#2966 = CARTESIAN_POINT ( 'NONE',  ( 77.00000000000001421, -7.483824372733234753, 2.827078484599248043 ) ) ;
#2967 = ORIENTED_EDGE ( 'NONE', *, *, #2915, .T. ) ;
#2968 = CARTESIAN_POINT ( 'NONE',  ( 73.43710854141974664, 8.235579292280965191, 5.672321722236227437 ) ) ;
#2969 = CARTESIAN_POINT ( 'NONE',  ( 77.18505475354399437, 4.421505313550158078, 6.667105126083410660 ) ) ;
#2970 = FACE_OUTER_BOUND ( 'NONE', #5871, .T. ) ;
#2971 = B_SPLINE_CURVE_WITH_KNOTS ( 'NONE', 3,
 ( #1463, #178, #4547, #5956, #4984, #645, #5461, #2144, #1145, #3478, #5366, #2177, #2521, #1612, #2589, #274 ),
 .UNSPECIFIED., .F., .F.,
 ( 4, 2, 2, 2, 2, 2, 2, 4 ),
 ( 0.000000000000000000, 0.0002736485385145707517, 0.0005472970770291415033, 0.001094594154058283007, 0.001368242692572874683, 0.001641891231087466360, 0.001915539769602057820, 0.002189188308116649280 ),
 .UNSPECIFIED. ) ;
#2972 = CARTESIAN_POINT ( 'NONE',  ( 72.81296124757922428, 3.797427039055918829, 7.042463057338149923 ) ) ;
#2973 = CARTESIAN_POINT ( 'NONE',  ( 76.63452057087403091, -8.721997853039416881, 4.893202182891951857 ) ) ;
#2974 = CARTESIAN_POINT ( 'NONE',  ( 76.81727175442982514, 2.902200420386819246, 9.569599402268973876 ) ) ;
#2975 = ADVANCED_FACE ( 'NONE', ( #4686 ), #2343, .F. ) ;
#2976 = ORIENTED_EDGE ( 'NONE', *, *, #5731, .T. ) ;
#2977 = DIRECTION ( 'NONE',  ( 0.000000000000000000, 0.9009688679024159264, -0.4338837391175648928 ) ) ;
#2978 = CARTESIAN_POINT ( 'NONE',  ( 26.30000000000000426, 0.000000000000000000, 0.000000000000000000 ) ) ;
#2979 = CARTESIAN_POINT ( 'NONE',  ( 70.70003269886107944, -2.136400606719825568, 9.769551483342551634 ) ) ;
#2980 = CARTESIAN_POINT ( 'NONE',  ( 70.68189213675296401, -2.403196643019455792, -9.707308430043418923 ) ) ;
#2981 = CARTESIAN_POINT ( 'NONE',  ( 73.25208770019278859, -9.881128709807882160, -1.537301343331989534 ) ) ;
#2982 = AXIS2_PLACEMENT_3D ( 'NONE', #3203, #3288, #2831 ) ;
#2983 = CARTESIAN_POINT ( 'NONE',  ( 74.13718088981458720, -3.388281050122286420, 7.247626984578106502 ) ) ;
#2984 = ORIENTED_EDGE ( 'NONE', *, *, #1416, .T. ) ;
#2985 = CARTESIAN_POINT ( 'NONE',  ( 69.38828058685216149, -7.048237967869100729, 3.785437514704069084 ) ) ;
#2986 = CARTESIAN_POINT ( 'NONE',  ( 72.82538912827216393, -3.150352653215162224, -7.354078717951052724 ) ) ;
#2987 = CARTESIAN_POINT ( 'NONE',  ( 77.09138514484499183, 1.537301343332063919, -9.881128709807878607 ) ) ;
#2988 = VECTOR ( 'NONE', #2740, 1000.000000000000000 ) ;
#2989 = EDGE_CURVE ( 'NONE', #1751, #3322, #5943, .T. ) ;
#2990 = VERTEX_POINT ( 'NONE', #1437 ) ;
#2991 = CARTESIAN_POINT ( 'NONE',  ( 22.30000000000000426, 1.741508980727493796E-15, -14.22050000000000125 ) ) ;
#2992 = CARTESIAN_POINT ( 'NONE',  ( 70.09138514484496341, 9.975469913743417294, -0.6999999999999274580 ) ) ;
#2993 = CARTESIAN_POINT ( 'NONE',  ( 70.61174165653740431, -9.994148424587296020, 0.3524036440381290158 ) ) ;
#2994 = ADVANCED_FACE ( 'NONE', ( #3798 ), #4241, .F. ) ;
#2995 = ORIENTED_EDGE ( 'NONE', *, *, #521, .F. ) ;
#2996 = CARTESIAN_POINT ( 'NONE',  ( 73.43710854142003086, 5.794219403481250197, 5.516069389005306967 ) ) ;
#2997 = EDGE_LOOP ( 'NONE', ( #5096, #4052 ) ) ;
#2998 = CARTESIAN_POINT ( 'NONE',  ( 72.73710854141550897, 4.953475575456668607E-13, -10.00000000000031797 ) ) ;
#2999 = FACE_BOUND ( 'NONE', #2681, .T. ) ;
#3000 = CARTESIAN_POINT ( 'NONE',  ( 77.68192758678334542, 5.129787629223087286, -6.139420417717396106 ) ) ;
#3001 = CYLINDRICAL_SURFACE ( 'NONE', #3054, 0.7000000000000030642 ) ;
#3002 = CARTESIAN_POINT ( 'NONE',  ( 0.000000000000000000, 0.000000000000000000, 10.09999999999999787 ) ) ;
#3003 = ORIENTED_EDGE ( 'NONE', *, *, #3259, .F. ) ;
#3004 = CARTESIAN_POINT ( 'NONE',  ( 76.29992569189745666, -9.049535373842351405, 4.256106865188403532 ) ) ;
#3005 = ORIENTED_EDGE ( 'NONE', *, *, #553, .F. ) ;
#3006 = LINE ( 'NONE', #2544, #3171 ) ;
#3007 = CARTESIAN_POINT ( 'NONE',  ( 78.38119784648294797, 0.000000000000000000, 8.000000000000000000 ) ) ;
#3008 = CARTESIAN_POINT ( 'NONE',  ( 77.18505475354398015, 7.483824372733253405, -2.827078484599195196 ) ) ;
#3009 = CARTESIAN_POINT ( 'NONE',  ( 73.00739568021579373, -3.967440468639575002, 6.947208503671149060 ) ) ;
#3010 = CARTESIAN_POINT ( 'NONE',  ( 69.81727175442983935, 9.291306452362437796, 3.697515978097742018 ) ) ;
#3011 = CARTESIAN_POINT ( 'NONE',  ( 73.62216329496399680, -4.088434899662588329, -6.876387137968679397 ) ) ;
#3012 = ORIENTED_EDGE ( 'NONE', *, *, #5518, .T. ) ;
#3013 = CARTESIAN_POINT ( 'NONE',  ( 73.43710854142024402, 6.667105126086388722, 4.421505313545673665 ) ) ;
#3014 = CARTESIAN_POINT ( 'NONE',  ( 70.36548765893751067, -6.915848349115127469, 4.023398779598238661 ) ) ;
#3015 = CARTESIAN_POINT ( 'NONE',  ( 76.37585270615919342, 5.269313071721250630, -6.020886793746677235 ) ) ;
#3016 = ORIENTED_EDGE ( 'NONE', *, *, #2663, .T. ) ;
#3017 = EDGE_CURVE ( 'NONE', #2341, #2438, #4436, .T. ) ;
#3018 = CARTESIAN_POINT ( 'NONE',  ( 70.00000000000029843, 2.902200420391060298, 9.569599402267682464 ) ) ;
#3019 = CARTESIAN_POINT ( 'NONE',  ( 77.00000000000001421, -21.02975994219517020, 26.37048487808076658 ) ) ;
#3020 = CARTESIAN_POINT ( 'NONE',  ( 70.00000000000000000, 6.876387137968727359, 4.088434899662490629 ) ) ;
#3021 = ORIENTED_EDGE ( 'NONE', *, *, #5526, .T. ) ;
#3022 = CARTESIAN_POINT ( 'NONE',  ( 70.68189213675297822, 6.377048637202831216, 7.703274741287727601 ) ) ;
#3023 = EDGE_LOOP ( 'NONE', ( #4664, #3125 ) ) ;
#3024 = ADVANCED_FACE ( 'NONE', ( #849 ), #1839, .F. ) ;
#3025 = CARTESIAN_POINT ( 'NONE',  ( 69.44079562782334847, 8.814578663659462521, -4.723068019828851938 ) ) ;
#3026 = DIRECTION ( 'NONE',  ( 0.000000000000000000, 0.000000000000000000, -1.000000000000000000 ) ) ;
#3027 = CYLINDRICAL_SURFACE ( 'NONE', #2599, 0.7000000000000023981 ) ;
#3028 = CARTESIAN_POINT ( 'NONE',  ( 72.82582456632030699, 8.033922072654272384, -5.955104454709080564 ) ) ;
#3029 = DIRECTION ( 'NONE',  ( 0.000000000000000000, 0.2225209339563034572, -0.9749279121818260618 ) ) ;
#3030 = ORIENTED_EDGE ( 'NONE', *, *, #1436, .F. ) ;
#3031 = CARTESIAN_POINT ( 'NONE',  ( 76.63374405134040046, 9.263582827204627890, -3.768657489251570070 ) ) ;
#3032 = DIRECTION ( 'NONE',  ( -1.000000000000000000, -0.000000000000000000, -0.000000000000000000 ) ) ;
#3033 = VERTEX_POINT ( 'NONE', #2287 ) ;
#3034 = FACE_BOUND ( 'NONE', #5999, .T. ) ;
#3035 = EDGE_CURVE ( 'NONE', #848, #3177, #4045, .T. ) ;
#3036 = CARTESIAN_POINT ( 'NONE',  ( 77.43051374540978316, -8.753025847433692164, -4.836188468095953041 ) ) ;
#3037 = DIRECTION ( 'NONE',  ( 0.000000000000000000, 0.000000000000000000, 1.000000000000000000 ) ) ;
#3038 = CARTESIAN_POINT ( 'NONE',  ( 70.18305898564281620, 2.884797687212394823, 9.574924633298333987 ) ) ;
#3039 = CARTESIAN_POINT ( 'NONE',  ( 76.29992569189747087, 6.163108443358990662, 7.875571753576057432 ) ) ;
#3040 = ORIENTED_EDGE ( 'NONE', *, *, #3622, .T. ) ;
#3041 = CARTESIAN_POINT ( 'NONE',  ( 73.08441250651266330, -7.640585557447574061, -2.371222141004181605 ) ) ;
#3042 = ORIENTED_EDGE ( 'NONE', *, *, #5082, .T. ) ;
#3043 = VECTOR ( 'NONE', #5504, 1000.000000000000114 ) ;
#3044 = CARTESIAN_POINT ( 'NONE',  ( 73.07085259276044553, 4.892841183511966285, 8.722204493171526352 ) ) ;
#3045 = CARTESIAN_POINT ( 'NONE',  ( 73.52964024784542119, -8.235579292278366381, -5.672321722240000419 ) ) ;
#3046 = CARTESIAN_POINT ( 'NONE',  ( 70.36629917073253182, -7.457419765947318702, 2.898904538536417608 ) ) ;
#3047 = CARTESIAN_POINT ( 'NONE',  ( 74.04884823196668719, 7.713869406146633523, -2.122126992272234780 ) ) ;
#3048 = AXIS2_PLACEMENT_3D ( 'NONE', #2787, #4235, #3794 ) ;
#3049 = EDGE_LOOP ( 'NONE', ( #3467, #6060, #4939, #1921 ) ) ;
#3050 = B_SPLINE_CURVE_WITH_KNOTS ( 'NONE', 3,
 ( #5506, #5870, #1123, #4459, #6000, #2249, #6062, #3646, #3680, #6029, #1781, #3158, #5659, #3246, #1377, #5604 ),
 .UNSPECIFIED., .F., .F.,
 ( 4, 2, 2, 2, 2, 2, 2, 4 ),
 ( 0.000000000000000000, 0.0002736956474133489113, 0.0005473912948266978227, 0.001094782589653365721, 0.001368478237066699833, 0.001642173884480033945, 0.001915869531893368057, 0.002189565179306701952 ),
 .UNSPECIFIED. ) ;
#3051 = ADVANCED_FACE ( 'NONE', ( #3248 ), #5153, .F. ) ;
#3052 = CARTESIAN_POINT ( 'NONE',  ( 26.30000000000000426, 2.939152317953647894E-15, -24.00000000000000000 ) ) ;
#3053 = CARTESIAN_POINT ( 'NONE',  ( 69.38871602490029034, -9.994120100610542679, 0.3531803371506751499 ) ) ;
#3054 = AXIS2_PLACEMENT_3D ( 'NONE', #4843, #4343, #2003 ) ;
#3055 = CARTESIAN_POINT ( 'NONE',  ( 73.07162911229403335, -7.414479237143939194, -6.711346496273621121 ) ) ;
#3056 = CARTESIAN_POINT ( 'NONE',  ( 85.00100000000000477, -8.999999999999854339, 15.58845726811997778 ) ) ;
#3057 = ORIENTED_EDGE ( 'NONE', *, *, #3685, .T. ) ;
#3058 = VECTOR ( 'NONE', #3470, 1000.000000000000000 ) ;
#3059 = DIRECTION ( 'NONE',  ( 0.000000000000000000, 0.000000000000000000, 1.000000000000000000 ) ) ;
#3060 = ORIENTED_EDGE ( 'NONE', *, *, #2813, .T. ) ;
#3061 = CARTESIAN_POINT ( 'NONE',  ( 73.43710854142003086, 13.90010016731111264, -28.86385541192121096 ) ) ;
#3062 = CARTESIAN_POINT ( 'NONE',  ( 73.52964024784543540, 9.569599402269012955, -2.902200420386678470 ) ) ;
#3063 = CARTESIAN_POINT ( 'NONE',  ( 73.52849368626502269, 3.697515978098144362, 9.291306452362277923 ) ) ;
#3064 = CARTESIAN_POINT ( 'NONE',  ( 73.00657962768575260, -7.656096571592432731, 2.321286237020756982 ) ) ;
#3065 = CIRCLE ( 'NONE', #776, 2.749999999999999556 ) ;
#3066 = DIRECTION ( 'NONE',  ( 1.000000000000000000, 0.000000000000000000, 0.000000000000000000 ) ) ;
#3067 = EDGE_LOOP ( 'NONE', ( #1723, #5777, #5039, #3617 ) ) ;
#3068 = EDGE_CURVE ( 'NONE', #5396, #5232, #4882, .T. ) ;
#3069 = CARTESIAN_POINT ( 'NONE',  ( 72.82584375205668437, 6.469131863210662914, 4.707176627680049741 ) ) ;
#3070 = DIRECTION ( 'NONE',  ( -0.000000000000000000, -1.000000000000000000, -0.000000000000000000 ) ) ;
#3071 = EDGE_LOOP ( 'NONE', ( #1134, #5784 ) ) ;
#3072 = AXIS2_PLACEMENT_3D ( 'NONE', #588, #2906, #2468 ) ;
#3073 = CYLINDRICAL_SURFACE ( 'NONE', #570, 2.749999999999999112 ) ;
#3074 = CARTESIAN_POINT ( 'NONE',  ( 77.09253170642543296, -8.683869217597784740, -4.958872393161341208 ) ) ;
#3075 = LINE ( 'NONE', #4976, #968 ) ;
#3076 = DIRECTION ( 'NONE',  ( -0.000000000000000000, -0.2225209339563182231, -0.9749279121818227312 ) ) ;
#3077 = CARTESIAN_POINT ( 'NONE',  ( 76.31805170002292016, 6.091241378101774906, 7.931203214225969411 ) ) ;
#3078 = EDGE_CURVE ( 'NONE', #594, #5992, #3760, .T. ) ;
#3079 = CARTESIAN_POINT ( 'NONE',  ( 73.61985167632444416, -7.925273415605112781, 1.090890135578702624 ) ) ;
#3080 = CARTESIAN_POINT ( 'NONE',  ( 72.87669828762020074, -7.692859407281607886, -2.196407067343984387 ) ) ;
#3081 = EDGE_LOOP ( 'NONE', ( #2911, #3199 ) ) ;
#3082 = CARTESIAN_POINT ( 'NONE',  ( 69.64730396509261823, -2.371222141004233119, -7.640585557447558074 ) ) ;
#3083 = CARTESIAN_POINT ( 'NONE',  ( 77.43051374540979737, -5.787860252868251898, -8.155050832340315026 ) ) ;
#3084 = DIRECTION ( 'NONE',  ( 0.000000000000000000, 0.000000000000000000, 1.000000000000000000 ) ) ;
#3085 = ORIENTED_EDGE ( 'NONE', *, *, #3405, .F. ) ;
#3086 = AXIS2_PLACEMENT_3D ( 'NONE', #451, #4815, #2352 ) ;
#3087 = CARTESIAN_POINT ( 'NONE',  ( 77.61174165653740431, 5.955729357547220104, -8.033459956996248152 ) ) ;
#3088 = CARTESIAN_POINT ( 'NONE',  ( 22.30000000000000426, 9.000000000000181188, 15.58845726811978949 ) ) ;
#3089 = CARTESIAN_POINT ( 'NONE',  ( 73.43710854142003086, -26.80582901495880321, -20.48160170097843391 ) ) ;
#3090 = CARTESIAN_POINT ( 'NONE',  ( 73.00739568021583636, 7.905204995118126021, -1.229643790225136257 ) ) ;
#3091 = B_SPLINE_CURVE_WITH_KNOTS ( 'NONE', 3,
 ( #3137, #3074, #233, #670, #3036, #4067, #203, #4505, #2169, #2136, #2643, #2104, #4974, #4004, #4572, #1632 ),
 .UNSPECIFIED., .F., .F.,
 ( 4, 2, 2, 2, 2, 2, 2, 4 ),
 ( 0.000000000000000000, 0.0002736485253891242212, 0.0005472970507782484425, 0.001094594101556467395, 0.001368242626945576816, 0.001641891152334686672, 0.001915539677723796744, 0.002189188203112907034 ),
 .UNSPECIFIED. ) ;
#3092 = ORIENTED_EDGE ( 'NONE', *, *, #1254, .T. ) ;
#3093 = AXIS2_PLACEMENT_3D ( 'NONE', #133, #542, #3345 ) ;
#3094 = FACE_BOUND ( 'NONE', #2302, .T. ) ;
#3095 = ORIENTED_EDGE ( 'NONE', *, *, #909, .T. ) ;
#3096 = CARTESIAN_POINT ( 'NONE',  ( 76.90860718336334401, -6.876387137968684726, 4.088434899662579447 ) ) ;
#3097 = DIRECTION ( 'NONE',  ( -0.000000000000000000, 0.9749279121818228422, -0.2225209339563182787 ) ) ;
#3098 = CARTESIAN_POINT ( 'NONE',  ( 70.70007234839458476, -5.059766228066044924, 6.197363237662030677 ) ) ;
#3099 = CARTESIAN_POINT ( 'NONE',  ( 72.73717451054045569, 7.840133605846351550, 1.601778016076363942 ) ) ;
#3100 = EDGE_LOOP ( 'NONE', ( #826, #4847 ) ) ;
#3101 = CARTESIAN_POINT ( 'NONE',  ( 69.90745110525169537, -5.516069389005265222, 5.794219403481288388 ) ) ;
#3102 = CARTESIAN_POINT ( 'NONE',  ( 72.82582456632032120, 9.822136662260389173, -1.879575570137555829 ) ) ;
#3103 = ORIENTED_EDGE ( 'NONE', *, *, #590, .T. ) ;
#3104 = LINE ( 'NONE', #2611, #675 ) ;
#3105 = FACE_OUTER_BOUND ( 'NONE', #2433, .T. ) ;
#3106 = EDGE_CURVE ( 'NONE', #196, #70, #6085, .T. ) ;
#3107 = CARTESIAN_POINT ( 'NONE',  ( 76.81663884680024523, -1.109039685405210474, -7.922832490243785664 ) ) ;
#3108 = CARTESIAN_POINT ( 'NONE',  ( 72.87669828762020074, -6.513639581137901757, 4.645082267593695136 ) ) ;
#3109 = DIRECTION ( 'NONE',  ( -0.000000000000000000, 1.000000000000000000, -0.000000000000000000 ) ) ;
#3110 = LINE ( 'NONE', #6109, #5186 ) ;
#3111 = CARTESIAN_POINT ( 'NONE',  ( 72.82538912827216393, -7.713863017780520082, -2.122148197548515913 ) ) ;
#3112 = ORIENTED_EDGE ( 'NONE', *, *, #3986, .T. ) ;
#3113 = CARTESIAN_POINT ( 'NONE',  ( 76.64730396509264665, -4.495217510445240094, 6.617723297060055465 ) ) ;
#3114 = EDGE_CURVE ( 'NONE', #3301, #3209, #5925, .T. ) ;
#3115 = LINE ( 'NONE', #212, #5271 ) ;
#3116 = CARTESIAN_POINT ( 'NONE',  ( 76.64710261100198352, 1.178846920671664522, 7.912746907988982947 ) ) ;
#3117 = ORIENTED_EDGE ( 'NONE', *, *, #5369, .T. ) ;
#3118 = EDGE_CURVE ( 'NONE', #2500, #3728, #5370, .T. ) ;
#3119 = CARTESIAN_POINT ( 'NONE',  ( 69.63452057087400249, 9.981329390871614748, -0.6242897900856730908 ) ) ;
#3120 = LINE ( 'NONE', #5019, #6160 ) ;
#3121 = CARTESIAN_POINT ( 'NONE',  ( 78.38119784648294797, 0.000000000000000000, 0.000000000000000000 ) ) ;
#3122 = CARTESIAN_POINT ( 'NONE',  ( 70.70003269886107944, -6.306118928294789150, -7.761520972095333093 ) ) ;
#3123 = VERTEX_POINT ( 'NONE', #2991 ) ;
#3124 = CARTESIAN_POINT ( 'NONE',  ( 73.43710854142003086, 0.000000000000000000, 24.00000000000000000 ) ) ;
#3125 = ORIENTED_EDGE ( 'NONE', *, *, #5243, .T. ) ;
#3126 = CARTESIAN_POINT ( 'NONE',  ( 74.11903612820337628, -6.367322708595571257, -4.844007195599385973 ) ) ;
#3127 = CARTESIAN_POINT ( 'NONE',  ( 76.57028713879576287, 7.433383516625424292, 2.957887651761167636 ) ) ;
#3128 = CARTESIAN_POINT ( 'NONE',  ( 74.04885019795739254, -9.821991445619115524, 1.880339092609870866 ) ) ;
#3129 = CARTESIAN_POINT ( 'NONE',  ( 73.08441250651263488, 2.909931053535407486, 7.452083156160775879 ) ) ;
#3130 = VERTEX_POINT ( 'NONE', #4892 ) ;
#3131 = LINE ( 'NONE', #3528, #6089 ) ;
#3132 = CARTESIAN_POINT ( 'NONE',  ( 70.18274313490442751, 6.876387137968606567, -4.088434899662707345 ) ) ;
#3133 = B_SPLINE_CURVE_WITH_KNOTS ( 'NONE', 3,
 ( #5381, #5791, #3403, #1626, #3028, #1038, #5349, #2940, #5442, #4931, #1597, #1065, #157, #1129 ),
 .UNSPECIFIED., .F., .F.,
 ( 4, 2, 2, 2, 2, 2, 4 ),
 ( 0.002189188203112915274, 0.002736359354753677229, 0.003009944930574057990, 0.003283530506394439184, 0.003557116082214821246, 0.003830701658035203742, 0.004377872809675970034 ),
 .UNSPECIFIED. ) ;
#3134 = EDGE_LOOP ( 'NONE', ( #5251, #3003 ) ) ;
#3135 = B_SPLINE_CURVE_WITH_KNOTS ( 'NONE', 3,
 ( #2507, #1100, #2973, #1040, #3873, #3465, #4437, #3004, #4346, #4791, #1068, #4906, #5793, #513 ),
 .UNSPECIFIED., .F., .F.,
 ( 4, 2, 2, 2, 2, 2, 4 ),
 ( 0.002189188203112913105, 0.002736359354753671591, 0.003009944930574051485, 0.003283530506394431378, 0.003557116082214811272, 0.003830701658035191165, 0.004377872809675952687 ),
 .UNSPECIFIED. ) ;
#3136 = CARTESIAN_POINT ( 'NONE',  ( 74.13710854142004791, 0.000000000000000000, 10.00000000000000000 ) ) ;
#3137 = CARTESIAN_POINT ( 'NONE',  ( 77.00000000000001421, -8.683869217597782963, -4.958872393161340320 ) ) ;
#3138 = DIRECTION ( 'NONE',  ( 0.000000000000000000, 0.4338837391175599523, 0.9009688679024182578 ) ) ;
#3139 = LINE ( 'NONE', #4037, #1210 ) ;
#3140 = ORIENTED_EDGE ( 'NONE', *, *, #4856, .T. ) ;
#3141 = ADVANCED_FACE ( 'NONE', ( #2523 ), #4422, .T. ) ;
#3142 = ORIENTED_EDGE ( 'NONE', *, *, #5888, .F. ) ;
#3143 = CARTESIAN_POINT ( 'NONE',  ( 73.43710854142003086, 5.794219403481250197, 5.516069389005306967 ) ) ;
#3144 = CARTESIAN_POINT ( 'NONE',  ( 73.62043667358639709, -8.225249648664281210, -5.687399122450167432 ) ) ;
#3145 = DIRECTION ( 'NONE',  ( 1.000000000000000000, 0.000000000000000000, 0.000000000000000000 ) ) ;
#3146 = B_SPLINE_CURVE_WITH_KNOTS ( 'NONE', 3,
 ( #2537, #5940, #3494, #1659, #4433, #5412, #3099, #725, #5511, #3589, #1690, #5479, #1228, #161, #2066, #5876 ),
 .UNSPECIFIED., .F., .F.,
 ( 4, 2, 2, 2, 2, 2, 2, 4 ),
 ( 0.000000000000000000, 0.0002736956474133268478, 0.0005473912948266536956, 0.001094782589653337532, 0.001368478237066678800, 0.001642173884480020067, 0.001915869531893361118, 0.002189565179306702386 ),
 .UNSPECIFIED. ) ;
#3147 = ORIENTED_EDGE ( 'NONE', *, *, #2735, .T. ) ;
#3148 = CARTESIAN_POINT ( 'NONE',  ( 76.81690483603884445, 2.438448995780554185, 7.619396865739550329 ) ) ;
#3149 = EDGE_CURVE ( 'NONE', #109, #1779, #5187, .T. ) ;
#3150 = EDGE_CURVE ( 'NONE', #5836, #4988, #2086, .T. ) ;
#3151 = CARTESIAN_POINT ( 'NONE',  ( 69.63374405134042888, 9.981358935436700719, 0.6238748830898027675 ) ) ;
#3152 = LINE ( 'NONE', #4455, #2278 ) ;
#3153 = CARTESIAN_POINT ( 'NONE',  ( 26.30000000000000426, 0.000000000000000000, 0.000000000000000000 ) ) ;
#3154 = CARTESIAN_POINT ( 'NONE',  ( 74.04856935984052768, -0.3528978806103504340, -7.992662687546506994 ) ) ;
#3155 = AXIS2_PLACEMENT_3D ( 'NONE', #3954, #1151, #718 ) ;
#3156 = VERTEX_POINT ( 'NONE', #2691 ) ;
#3157 = EDGE_CURVE ( 'NONE', #3371, #3308, #780, .T. ) ;
#3158 = CARTESIAN_POINT ( 'NONE',  ( 76.57028713879576287, -7.980626485894307010, 0.5602595454983564371 ) ) ;
#3159 = EDGE_LOOP ( 'NONE', ( #2225, #5312 ) ) ;
#3160 = AXIS2_PLACEMENT_3D ( 'NONE', #4674, #1368, #2809 ) ;
#3161 = DIRECTION ( 'NONE',  ( -1.000000000000000000, 0.000000000000000000, 0.000000000000000000 ) ) ;
#3162 = CARTESIAN_POINT ( 'NONE',  ( 76.38828058685216149, 7.354078717951098021, 3.150352653215059195 ) ) ;
#3163 = CARTESIAN_POINT ( 'NONE',  ( 74.06128050092941351, -9.662189834533691624, 2.580466845471991011 ) ) ;
#3164 = AXIS2_PLACEMENT_3D ( 'NONE', #3153, #5565, #4588 ) ;
#3165 = CARTESIAN_POINT ( 'NONE',  ( 72.87669828762020074, 3.853160816569924929, -7.011236808675763932 ) ) ;
#3166 = ORIENTED_EDGE ( 'NONE', *, *, #5568, .T. ) ;
#3167 = CARTESIAN_POINT ( 'NONE',  ( 77.68189213675299243, -2.403196643019455792, -9.707308430043418923 ) ) ;
#3168 = CARTESIAN_POINT ( 'NONE',  ( 70.36629917073254603, 7.457419765947338242, -2.898904538536363429 ) ) ;
#3169 = VERTEX_POINT ( 'NONE', #216 ) ;
#3170 = CARTESIAN_POINT ( 'NONE',  ( 73.43710854142003086, 9.569599402269011179, -2.902200420386677582 ) ) ;
#3171 = VECTOR ( 'NONE', #1202, 1000.000000000000000 ) ;
#3172 = CARTESIAN_POINT ( 'NONE',  ( 73.43710854142003086, 28.17399593800903190, 5.712528916054080419 ) ) ;
#3173 = CARTESIAN_POINT ( 'NONE',  ( 76.90860718336330137, -2.455789212633329832, -7.613744108066267557 ) ) ;
#3174 = CARTESIAN_POINT ( 'NONE',  ( 70.55983091159235698, 7.988696079415075424, 0.4300281653687503813 ) ) ;
#3175 = CARTESIAN_POINT ( 'NONE',  ( 69.44079562782337689, -2.643222566995602207, -9.644560280235483063 ) ) ;
#3176 = CARTESIAN_POINT ( 'NONE',  ( 76.99999999999980105, -5.516069389009168766, -5.794219403477575803 ) ) ;
#3177 = VERTEX_POINT ( 'NONE', #1148 ) ;
#3178 = B_SPLINE_CURVE_WITH_KNOTS ( 'NONE', 3,
 ( #5145, #1833, #1313, #5211, #876, #3271, #3327, #2243, #3731, #1775, #5178, #4647, #1372, #6144, #1863, #4268 ),
 .UNSPECIFIED., .F., .F.,
 ( 4, 2, 2, 2, 2, 2, 2, 4 ),
 ( 0.000000000000000000, 0.0002736485253891257391, 0.0005472970507782514782, 0.001094594101556473466, 0.001368242626945583539, 0.001641891152334693394, 0.001915539677723803250, 0.002189188203112913105 ),
 .UNSPECIFIED. ) ;
#3179 = LINE ( 'NONE', #870, #2593 ) ;
#3180 = VERTEX_POINT ( 'NONE', #3052 ) ;
#3181 = CARTESIAN_POINT ( 'NONE',  ( 76.90860718336330137, -7.483824372733256958, -2.827078484599210295 ) ) ;
#3182 = CARTESIAN_POINT ( 'NONE',  ( 77.62417195950939686, 6.517187345895720796, -7.585709633095845561 ) ) ;
#3183 = LINE ( 'NONE', #4144, #179 ) ;
#3184 = CARTESIAN_POINT ( 'NONE',  ( 76.99999999999980105, 7.969316156358251746, -0.7000000000052533089 ) ) ;
#3185 = CARTESIAN_POINT ( 'NONE',  ( 74.13710854142004791, 0.000000000000000000, -8.000000000000000000 ) ) ;
#3186 = ADVANCED_FACE ( 'NONE', ( #3611 ), #4955, .T. ) ;
#3187 = ORIENTED_EDGE ( 'NONE', *, *, #584, .F. ) ;
#3188 = CARTESIAN_POINT ( 'NONE',  ( 72.87790416924339354, -3.946730360091553536, -9.188443176213382912 ) ) ;
#3189 = AXIS2_PLACEMENT_3D ( 'NONE', #1491, #3975, #608 ) ;
#3190 = ORIENTED_EDGE ( 'NONE', *, *, #2848, .F. ) ;
#3191 = CARTESIAN_POINT ( 'NONE',  ( 70.56041628925873965, 9.990986303619580511, -0.4295069185028181358 ) ) ;
#3192 = CARTESIAN_POINT ( 'NONE',  ( 76.30006596912042482, 7.287135947446294004, -3.306211949307364062 ) ) ;
#3193 = EDGE_CURVE ( 'NONE', #3285, #5117, #684, .T. ) ;
#3194 = CARTESIAN_POINT ( 'NONE',  ( 70.36548765893748225, -4.485276751233958414, 6.625631184458669054 ) ) ;
#3195 = CARTESIAN_POINT ( 'NONE',  ( 72.73717451054042726, 3.306211949307264586, -7.287135947446339301 ) ) ;
#3196 = VERTEX_POINT ( 'NONE', #2594 ) ;
#3197 = CARTESIAN_POINT ( 'NONE',  ( 74.11872753940536995, 6.367984276285239886, -4.843134844784805715 ) ) ;
#3198 = DIRECTION ( 'NONE',  ( -0.000000000000000000, -1.000000000000000000, -0.000000000000000000 ) ) ;
#3199 = ORIENTED_EDGE ( 'NONE', *, *, #5091, .T. ) ;
#3200 = CARTESIAN_POINT ( 'NONE',  ( 70.68161899798535330, -5.130626726347671251, -6.138717151219117873 ) ) ;
#3201 = CARTESIAN_POINT ( 'NONE',  ( 72.75549151297175854, 4.503907308333953807, -8.928717259153939878 ) ) ;
#3202 = CARTESIAN_POINT ( 'NONE',  ( 77.00000000000001421, -1.090890135578839182, -7.925273415605090577 ) ) ;
#3203 = CARTESIAN_POINT ( 'NONE',  ( 70.00000000000000000, 28.86505807256328637, -13.90067933815211987 ) ) ;
#3204 = CARTESIAN_POINT ( 'NONE',  ( 70.00000000000000000, -2.455789212633290752, 7.613744108066274663 ) ) ;
#3205 = CARTESIAN_POINT ( 'NONE',  ( 77.43051374540979737, 9.238506750787076172, -3.828076984655382820 ) ) ;
#3206 = EDGE_LOOP ( 'NONE', ( #1504, #999 ) ) ;
#3207 = DIRECTION ( 'NONE',  ( -0.000000000000000000, 0.6234898018587431423, 0.7818314824680221431 ) ) ;
#3208 = LINE ( 'NONE', #2210, #4064 ) ;
#3209 = VERTEX_POINT ( 'NONE', #4110 ) ;
#3210 = CARTESIAN_POINT ( 'NONE',  ( 73.52964024784542119, -7.362693569676097560, 6.766885797695294968 ) ) ;
#3211 = DIRECTION ( 'NONE',  ( -0.000000000000000000, 1.000000000000000000, 1.224646799147353207E-16 ) ) ;
#3212 = DIRECTION ( 'NONE',  ( -0.000000000000000000, 0.9009688679024248081, 0.4338837391175463520 ) ) ;
#3213 = CARTESIAN_POINT ( 'NONE',  ( 70.68189213675296401, 2.046637919586506094, -9.788690631903870454 ) ) ;
#3214 = CARTESIAN_POINT ( 'NONE',  ( 70.00000000000029843, 5.672321722236229213, -8.235579292280965191 ) ) ;
#3215 = ORIENTED_EDGE ( 'NONE', *, *, #1537, .F. ) ;
#3216 = CARTESIAN_POINT ( 'NONE',  ( 73.43710854142032929, -3.697515978093756761, -9.291306452364025859 ) ) ;
#3217 = EDGE_CURVE ( 'NONE', #3637, #1945, #1019, .T. ) ;
#3218 = EDGE_LOOP ( 'NONE', ( #978, #5738, #5279, #1887 ) ) ;
#3219 = CARTESIAN_POINT ( 'NONE',  ( 77.00000000000001421, -24.00100000000000122, 0.000000000000000000 ) ) ;
#3220 = CARTESIAN_POINT ( 'NONE',  ( 69.38825132211495372, -2.567486555851886454, 9.665154873935927426 ) ) ;
#3221 = CARTESIAN_POINT ( 'NONE',  ( 77.00000000000001421, 5.516069389005306967, -5.794219403481251085 ) ) ;
#3222 = CARTESIAN_POINT ( 'NONE',  ( 69.99999999999980105, 5.516069389009209623, 5.794219403477535835 ) ) ;
#3223 = CARTESIAN_POINT ( 'NONE',  ( 76.81497915877278615, 8.683869217597820267, 4.958872393161278147 ) ) ;
#3224 = ORIENTED_EDGE ( 'NONE', *, *, #2424, .F. ) ;
#3225 = CARTESIAN_POINT ( 'NONE',  ( 73.62216329496398259, 5.794219403481172037, -5.516069389005393120 ) ) ;
#3226 = DIRECTION ( 'NONE',  ( -0.000000000000000000, 0.2225209339563114508, -0.9749279121818242855 ) ) ;
#3227 = ADVANCED_FACE ( 'NONE', ( #2658 ), #5467, .F. ) ;
#3228 = ORIENTED_EDGE ( 'NONE', *, *, #25, .T. ) ;
#3229 = DIRECTION ( 'NONE',  ( 0.000000000000000000, 0.000000000000000000, 1.000000000000000000 ) ) ;
#3230 = LINE ( 'NONE', #4633, #4282 ) ;
#3231 = CARTESIAN_POINT ( 'NONE',  ( 77.68161899798536751, -4.843134844784672488, 6.367984276285341139 ) ) ;
#3232 = CARTESIAN_POINT ( 'NONE',  ( 69.30007476368579944, -6.307570605026484145, -7.760353677051955223 ) ) ;
#3233 = CARTESIAN_POINT ( 'NONE',  ( 69.56947108626573595, -2.321286237020653953, 7.656096571592464706 ) ) ;
#3234 = CARTESIAN_POINT ( 'NONE',  ( 22.30000000000000426, 18.00000000000000000, 0.000000000000000000 ) ) ;
#3235 = EDGE_CURVE ( 'NONE', #944, #5108, #1975, .T. ) ;
#3236 = ORIENTED_EDGE ( 'NONE', *, *, #4938, .T. ) ;
#3237 = CARTESIAN_POINT ( 'NONE',  ( 70.00000000000000000, -9.291306452362306345, 3.697515978098074196 ) ) ;
#3238 = CARTESIAN_POINT ( 'NONE',  ( 46.30000000000000426, 0.000000000000000000, 0.000000000000000000 ) ) ;
#3239 = ORIENTED_EDGE ( 'NONE', *, *, #1388, .F. ) ;
#3240 = CARTESIAN_POINT ( 'NONE',  ( 72.87725266454344819, -9.836150475063172749, -1.803976260613641580 ) ) ;
#3241 = FACE_BOUND ( 'NONE', #4896, .T. ) ;
#3242 = DIRECTION ( 'NONE',  ( -0.000000000000000000, -0.9009688679024218105, -0.4338837391175526248 ) ) ;
#3243 = CARTESIAN_POINT ( 'NONE',  ( 70.09138514484499183, 1.537301343332063919, -9.881128709807878607 ) ) ;
#3244 = VERTEX_POINT ( 'NONE', #409 ) ;
#3245 = EDGE_CURVE ( 'NONE', #3498, #936, #4143, .T. ) ;
#3246 = CARTESIAN_POINT ( 'NONE',  ( 76.81690483603884445, -7.970968626346124353, 0.6818366816699370503 ) ) ;
#3247 = ORIENTED_EDGE ( 'NONE', *, *, #3831, .T. ) ;
#3248 = FACE_OUTER_BOUND ( 'NONE', #3949, .T. ) ;
#3249 = CARTESIAN_POINT ( 'NONE',  ( 73.43710854142032929, -9.569599402267721544, -2.902200420390931512 ) ) ;
#3250 = FACE_OUTER_BOUND ( 'NONE', #2834, .T. ) ;
#3251 = CARTESIAN_POINT ( 'NONE',  ( 73.43710854142003086, 2.827078484599090835, -7.483824372733294261 ) ) ;
#3252 = ORIENTED_EDGE ( 'NONE', *, *, #1330, .T. ) ;
#3253 = CYLINDRICAL_SURFACE ( 'NONE', #5084, 0.7000000000000030642 ) ;
#3254 = CARTESIAN_POINT ( 'NONE',  ( 0.000000000000000000, 0.000000000000000000, 0.000000000000000000 ) ) ;
#3255 = ORIENTED_EDGE ( 'NONE', *, *, #6171, .T. ) ;
#3256 = CARTESIAN_POINT ( 'NONE',  ( 73.43710854142032929, 4.958872393165255410, -8.683869217595548307 ) ) ;
#3257 = FACE_OUTER_BOUND ( 'NONE', #3802, .T. ) ;
#3258 = AXIS2_PLACEMENT_3D ( 'NONE', #4925, #1154, #3519 ) ;
#3259 = EDGE_CURVE ( 'NONE', #2070, #2602, #661, .T. ) ;
#3260 = DIRECTION ( 'NONE',  ( -0.000000000000000000, 0.6234898018587319291, -0.7818314824680310249 ) ) ;
#3261 = CARTESIAN_POINT ( 'NONE',  ( 69.81663884680023102, -2.438377955450617751, 7.619419704848835018 ) ) ;
#3262 = CARTESIAN_POINT ( 'NONE',  ( 70.56041628925872544, -9.187923686977590876, -3.947954132766977153 ) ) ;
#3263 = ORIENTED_EDGE ( 'NONE', *, *, #5333, .F. ) ;
#3264 = VECTOR ( 'NONE', #4900, 1000.000000000000114 ) ;
#3265 = LINE ( 'NONE', #2779, #2487 ) ;
#3266 = CARTESIAN_POINT ( 'NONE',  ( 69.37585270615916500, 2.135122157977778823, -7.710900816470010355 ) ) ;
#3267 = ADVANCED_FACE ( 'NONE', ( #6056 ), #375, .T. ) ;
#3268 = EDGE_LOOP ( 'NONE', ( #2200, #4040, #2726, #199 ) ) ;
#3269 = CARTESIAN_POINT ( 'NONE',  ( 73.80283786457542305, -0.6241721626670472256, 9.981338501435740085 ) ) ;
#3270 = DIRECTION ( 'NONE',  ( 0.000000000000000000, 0.000000000000000000, -1.000000000000000000 ) ) ;
#3271 = CARTESIAN_POINT ( 'NONE',  ( 70.62417195950936843, -9.163098964407323521, 4.006786606200018142 ) ) ;
#3272 = B_SPLINE_CURVE_WITH_KNOTS ( 'NONE', 3,
 ( #4746, #472, #2252, #3650, #5607, #443, #1321, #2376, #6032, #5572, #3191, #383, #1555, #66, #2992, #5833 ),
 .UNSPECIFIED., .F., .F.,
 ( 4, 2, 2, 2, 2, 2, 2, 4 ),
 ( 0.000000000000000000, 0.0002736485253891249802, 0.0005472970507782499603, 0.001094594101556470647, 0.001368242626945581153, 0.001641891152334691226, 0.001915539677723801949, 0.002189188203112912671 ),
 .UNSPECIFIED. ) ;
#3273 = ORIENTED_EDGE ( 'NONE', *, *, #4808, .T. ) ;
#3274 = CARTESIAN_POINT ( 'NONE',  ( 73.62043667358639709, 9.878363861274436886, 1.555367475925225396 ) ) ;
#3275 = ORIENTED_EDGE ( 'NONE', *, *, #6099, .T. ) ;
#3276 = CARTESIAN_POINT ( 'NONE',  ( 73.61983678699021993, 8.235579292278453423, 5.672321722239877850 ) ) ;
#3277 = CARTESIAN_POINT ( 'NONE',  ( 69.31805170002294858, -2.403037486827126035, 9.707348597251010958 ) ) ;
#3278 = CARTESIAN_POINT ( 'NONE',  ( 76.38825132211495372, -5.955720679389336247, -8.033467317462729795 ) ) ;
#3279 = CARTESIAN_POINT ( 'NONE',  ( 76.38871602490031876, 9.157630277993677126, 4.018081709914692823 ) ) ;
#3280 = VERTEX_POINT ( 'NONE', #1897 ) ;
#3281 = VECTOR ( 'NONE', #5650, 1000.000000000000000 ) ;
#3282 = B_SPLINE_CURVE_WITH_KNOTS ( 'NONE', 3,
 ( #2921, #3318, #2862, #4880, #110, #5233, #2423, #4764, #604, #2009, #1043, #2893, #1486, #5356 ),
 .UNSPECIFIED., .F., .F.,
 ( 4, 2, 2, 2, 2, 2, 4 ),
 ( 0.002189565179306701952, 0.002736829203537974754, 0.003010461215653596409, 0.003284093227769218064, 0.003557725239884840154, 0.003831357252000461809, 0.004378621276231734610 ),
 .UNSPECIFIED. ) ;
#3283 = CARTESIAN_POINT ( 'NONE',  ( 73.43710854142003086, -7.925273415605095906, -1.090890135578783449 ) ) ;
#3284 = FACE_BOUND ( 'NONE', #3733, .T. ) ;
#3285 = VERTEX_POINT ( 'NONE', #2309 ) ;
#3286 = CARTESIAN_POINT ( 'NONE',  ( 41.29999999999999716, 1.469576158976823947E-15, -12.00000000000000000 ) ) ;
#3287 = CARTESIAN_POINT ( 'NONE',  ( 73.00739568021579373, -5.890188923478146599, -5.413867777422632699 ) ) ;
#3288 = DIRECTION ( 'NONE',  ( -0.000000000000000000, -0.9009688679024157043, 0.4338837391175651703 ) ) ;
#3289 = CARTESIAN_POINT ( 'NONE',  ( 70.00000000000000000, -2.455789212633290752, 7.613744108066274663 ) ) ;
#3290 = CARTESIAN_POINT ( 'NONE',  ( 77.00000000000029843, -1.537301343327402758, 9.881128709808599808 ) ) ;
#3291 = ORIENTED_EDGE ( 'NONE', *, *, #4317, .T. ) ;
#3292 = EDGE_CURVE ( 'NONE', #1406, #2526, #3178, .T. ) ;
#3293 = DIRECTION ( 'NONE',  ( 0.000000000000000000, 0.000000000000000000, 1.000000000000000000 ) ) ;
#3294 = CARTESIAN_POINT ( 'NONE',  ( 70.00000000000000000, -5.672321722240055486, -8.235579292278329078 ) ) ;
#3295 = ORIENTED_EDGE ( 'NONE', *, *, #6164, .F. ) ;
#3296 = CARTESIAN_POINT ( 'NONE',  ( 73.99656801985186405, -0.4305139935110537941, 9.990937643365318976 ) ) ;
#3297 = EDGE_CURVE ( 'NONE', #1174, #1593, #906, .T. ) ;
#3298 = FACE_OUTER_BOUND ( 'NONE', #3575, .T. ) ;
#3299 = CARTESIAN_POINT ( 'NONE',  ( 76.57028713879576287, 7.980626485894310562, -0.5602595454983567702 ) ) ;
#3300 = FILL_AREA_STYLE ('',( #4681 ) ) ;
#3301 = VERTEX_POINT ( 'NONE', #6116 ) ;
#3302 = EDGE_CURVE ( 'NONE', #3371, #1356, #2661, .T. ) ;
#3303 = ORIENTED_EDGE ( 'NONE', *, *, #1353, .T. ) ;
#3304 = CARTESIAN_POINT ( 'NONE',  ( 77.00000000000029843, -9.975469913743092221, 0.7000000000045700776 ) ) ;
#3305 = CARTESIAN_POINT ( 'NONE',  ( 76.44079562782336268, -9.990923372183994289, 0.4308348975168913020 ) ) ;
#3306 = FACE_OUTER_BOUND ( 'NONE', #2019, .T. ) ;
#3307 = CARTESIAN_POINT ( 'NONE',  ( 76.99999999999980105, 4.421505313545665672, -6.667105126086390499 ) ) ;
#3308 = VERTEX_POINT ( 'NONE', #1433 ) ;
#3309 = CARTESIAN_POINT ( 'NONE',  ( 69.81690483603883024, -4.436736265831580539, 6.657072435396790056 ) ) ;
#3310 = CARTESIAN_POINT ( 'NONE',  ( 77.68161899798536751, -7.126478546640907297, 3.635998128719499345 ) ) ;
#3311 = EDGE_LOOP ( 'NONE', ( #2441, #1541, #2339, #937 ) ) ;
#3312 = CARTESIAN_POINT ( 'NONE',  ( 74.06128050092942772, 4.006786606199827183, -9.163098964407403457 ) ) ;
#3313 = CARTESIAN_POINT ( 'NONE',  ( 69.99999999999998579, 7.969316156358710934, 0.7000000000000018430 ) ) ;
#3314 = LINE ( 'NONE', #427, #4389 ) ;
#3315 = CARTESIAN_POINT ( 'NONE',  ( 76.44079562782334847, -5.892398547084121141, 8.079839596185783179 ) ) ;
#3316 = CARTESIAN_POINT ( 'NONE',  ( 77.00000000000001421, 9.291306452362329438, -3.697515978098008915 ) ) ;
#3317 = ORIENTED_EDGE ( 'NONE', *, *, #6004, .T. ) ;
#3318 = CARTESIAN_POINT ( 'NONE',  ( 77.18274313490439908, -7.969316156358701164, 0.7000000000001391776 ) ) ;
#3319 = CARTESIAN_POINT ( 'NONE',  ( 70.70003269886103681, 6.163679963116612370, -7.875112256364875662 ) ) ;
#3320 = CARTESIAN_POINT ( 'NONE',  ( 73.43710854142003086, -13.90010016731134890, 28.86385541192118254 ) ) ;
#3321 = CARTESIAN_POINT ( 'NONE',  ( 69.56947108626573595, 6.947607464563297697, 3.966728504205417227 ) ) ;
#3322 = VERTEX_POINT ( 'NONE', #2840 ) ;
#3323 = ADVANCED_FACE ( 'NONE', ( #5241 ), #5114, .F. ) ;
#3324 = CARTESIAN_POINT ( 'NONE',  ( 70.00000000000000000, 6.876387137968727359, 4.088434899662490629 ) ) ;
#3325 = CARTESIAN_POINT ( 'NONE',  ( 73.25325063111965562, -0.6816189781506614143, 7.970987462107868460 ) ) ;
#3326 = CARTESIAN_POINT ( 'NONE',  ( 74.06093845237678863, 0.3662999981441252828, -7.992655051287255397 ) ) ;
#3327 = CARTESIAN_POINT ( 'NONE',  ( 70.69993446735445275, -9.089058827387523465, 4.174013007236920814 ) ) ;
#3328 = CARTESIAN_POINT ( 'NONE',  ( 69.81497915877277194, -9.291306452362308121, 3.697515978098073752 ) ) ;
#3329 = EDGE_CURVE ( 'NONE', #2790, #293, #5571, .T. ) ;
#3330 = ORIENTED_EDGE ( 'NONE', *, *, #1128, .T. ) ;
#3331 = CARTESIAN_POINT ( 'NONE',  ( 77.09138514484496341, -9.975469913743417294, 0.6999999999999274580 ) ) ;
#3332 = CARTESIAN_POINT ( 'NONE',  ( 70.09253170642543296, 8.683869217597816714, 4.958872393161279035 ) ) ;
#3333 = CARTESIAN_POINT ( 'NONE',  ( 73.43710854142032929, -8.235579292280927888, 5.672321722236283392 ) ) ;
#3334 = EDGE_CURVE ( 'NONE', #3894, #401, #868, .T. ) ;
#3335 = CARTESIAN_POINT ( 'NONE',  ( 77.68189213675299243, 2.403196643019519740, 9.707308430043401160 ) ) ;
#3336 = ORIENTED_EDGE ( 'NONE', *, *, #3831, .F. ) ;
#3337 = CARTESIAN_POINT ( 'NONE',  ( 69.57028713879577708, 4.537810675374944758, -6.588821149502613217 ) ) ;
#3338 = CARTESIAN_POINT ( 'NONE',  ( 77.55983091159237119, -7.384148691003126430, 3.078723336292013890 ) ) ;
#3339 = ORIENTED_EDGE ( 'NONE', *, *, #3443, .T. ) ;
#3340 = FACE_BOUND ( 'NONE', #6006, .T. ) ;
#3341 = CARTESIAN_POINT ( 'NONE',  ( 76.44014412312341733, -8.814972908985156508, -4.722334076577050510 ) ) ;
#3342 = DIRECTION ( 'NONE',  ( 0.000000000000000000, -0.9749279121818260618, -0.2225209339563034572 ) ) ;
#3343 = VECTOR ( 'NONE', #5304, 999.9999999999998863 ) ;
#3344 = CARTESIAN_POINT ( 'NONE',  ( 76.38871602490033297, 1.879575570137422602, -9.822136662260415818 ) ) ;
#3345 = DIRECTION ( 'NONE',  ( 0.000000000000000000, 0.2225209339563034572, -0.9749279121818260618 ) ) ;
#3346 = B_SPLINE_CURVE_WITH_KNOTS ( 'NONE', 3,
 ( #3289, #1852, #3261, #363, #3233, #3750, #923, #1391, #1334, #5675, #2832, #2328, #1301, #428, #5106, #4227 ),
 .UNSPECIFIED., .F., .F.,
 ( 4, 2, 2, 2, 2, 2, 2, 4 ),
 ( 0.000000000000000000, 0.0002736956474133492366, 0.0005473912948266984732, 0.001094782589653367022, 0.001368478237066701351, 0.001642173884480036114, 0.001915869531893370659, 0.002189565179306705422 ),
 .UNSPECIFIED. ) ;
#3347 = CARTESIAN_POINT ( 'NONE',  ( 69.38871602490030455, 6.507359467855218682, 7.593513395793321408 ) ) ;
#3348 = VERTEX_POINT ( 'NONE', #116 ) ;
#3349 = AXIS2_PLACEMENT_3D ( 'NONE', #1587, #245, #5961 ) ;
#3350 = DIRECTION ( 'NONE',  ( -1.000000000000000000, -0.000000000000000000, -0.000000000000000000 ) ) ;
#3351 = CARTESIAN_POINT ( 'NONE',  ( 77.18274313490439908, 7.969316156358701164, -0.7000000000001391776 ) ) ;
#3352 = CARTESIAN_POINT ( 'NONE',  ( 70.42973211210461670, -1.675565013184692198, 9.858841990758705265 ) ) ;
#3353 = CARTESIAN_POINT ( 'NONE',  ( 72.81296124757918165, -3.138362300191058551, 7.359851907726474352 ) ) ;
#3354 = VERTEX_POINT ( 'NONE', #1495 ) ;
#3355 = CYLINDRICAL_SURFACE ( 'NONE', #4077, 0.7000000000000012879 ) ;
#3356 = VECTOR ( 'NONE', #2596, 1000.000000000000114 ) ;
#3357 = CARTESIAN_POINT ( 'NONE',  ( 73.43710854142003086, -8.235579292278364605, -5.672321722239999531 ) ) ;
#3358 = CARTESIAN_POINT ( 'NONE',  ( 69.57028713879577708, -5.413867777422672667, -5.890188923478112848 ) ) ;
#3359 = B_SPLINE_CURVE_WITH_KNOTS ( 'NONE', 3,
 ( #3863, #2557, #40, #4809, #1933, #4306, #4952, #1440, #1003, #3047, #974, #533, #682, #3984 ),
 .UNSPECIFIED., .F., .F.,
 ( 4, 2, 2, 2, 2, 2, 4 ),
 ( 0.002189565179306701952, 0.002736829203537946131, 0.003010461215653582531, 0.003284093227769219366, 0.003557725239884855332, 0.003831357252000492167, 0.004378621276231734610 ),
 .UNSPECIFIED. ) ;
#3360 = CARTESIAN_POINT ( 'NONE',  ( -1.619044300812758254E-15, 0.000000000000000000, 0.000000000000000000 ) ) ;
#3361 = AXIS2_PLACEMENT_3D ( 'NONE', #5335, #581, #1953 ) ;
#3362 = EDGE_LOOP ( 'NONE', ( #1386, #1802, #3273, #3423 ) ) ;
#3363 = AXIS2_PLACEMENT_3D ( 'NONE', #2407, #5341, #4303 ) ;
#3364 = EDGE_CURVE ( 'NONE', #5633, #5416, #118, .T. ) ;
#3365 = CARTESIAN_POINT ( 'NONE',  ( 70.68161899798533909, -7.998335771811197148, 0.1838579591700393312 ) ) ;
#3366 = CARTESIAN_POINT ( 'NONE',  ( 77.35287253598527002, 8.727575747872668543, 4.881665917086465356 ) ) ;
#3367 = FACE_OUTER_BOUND ( 'NONE', #4919, .T. ) ;
#3368 = CARTESIAN_POINT ( 'NONE',  ( 77.18274313490444172, -1.090890135578595821, 7.925273415605132321 ) ) ;
#3369 = ORIENTED_EDGE ( 'NONE', *, *, #1619, .F. ) ;
#3370 = CARTESIAN_POINT ( 'NONE',  ( 69.99999999999980105, -7.483824372735139896, -2.827078484594213403 ) ) ;
#3371 = VERTEX_POINT ( 'NONE', #5891 ) ;
#3372 = EDGE_CURVE ( 'NONE', #5182, #1285, #938, .T. ) ;
#3373 = CARTESIAN_POINT ( 'NONE',  ( 77.00000000000001421, -7.483824372733234753, 2.827078484599248043 ) ) ;
#3374 = CARTESIAN_POINT ( 'NONE',  ( 73.62043667358638288, 3.714513918350350608, -9.284590831656517551 ) ) ;
#3375 = FACE_OUTER_BOUND ( 'NONE', #119, .T. ) ;
#3376 = CARTESIAN_POINT ( 'NONE',  ( 72.73717451054045569, 3.635922867561443450, 7.128355537671405173 ) ) ;
#3377 = FACE_OUTER_BOUND ( 'NONE', #5474, .T. ) ;
#3378 = CARTESIAN_POINT ( 'NONE',  ( 76.63374405134040046, 1.612828275233261222, 9.869930649319703875 ) ) ;
#3379 = EDGE_LOOP ( 'NONE', ( #4191, #73, #505, #262 ) ) ;
#3380 = AXIS2_PLACEMENT_3D ( 'NONE', #3784, #835, #6049 ) ;
#3381 = CARTESIAN_POINT ( 'NONE',  ( 26.30000000000000426, 8.999999999999962697, -15.58845726811991561 ) ) ;
#3382 = B_SPLINE_CURVE_WITH_KNOTS ( 'NONE', 3,
 ( #1331, #4099, #5070, #425, #2325, #798, #5131, #2712, #5348, #3868, #3341, #5757, #1938, #103 ),
 .UNSPECIFIED., .F., .F.,
 ( 4, 2, 2, 2, 2, 2, 4 ),
 ( 0.002189188203112907034, 0.002736359354753671591, 0.003009944930574052352, 0.003283530506394433113, 0.003557116082214814307, 0.003830701658035195068, 0.004377872809675957023 ),
 .UNSPECIFIED. ) ;
#3383 = B_SPLINE_CURVE_WITH_KNOTS ( 'NONE', 3,
 ( #3294, #1682, #1221, #1427, #459, #3580, #927, #3122, #5236, #6169, #1890, #5708, #959, #4051, #284, #5964 ),
 .UNSPECIFIED., .F., .F.,
 ( 4, 2, 2, 2, 2, 2, 2, 4 ),
 ( 0.000000000000000000, 0.0002736485253891251970, 0.0005472970507782503940, 0.001094594101556469997, 0.001368242626945579635, 0.001641891152334689274, 0.001915539677723798913, 0.002189188203112908335 ),
 .UNSPECIFIED. ) ;
#3384 = CARTESIAN_POINT ( 'NONE',  ( 77.70007234839454213, 8.000006330482586137, 0.09189175393411776194 ) ) ;
#3385 = CARTESIAN_POINT ( 'NONE',  ( 70.35287253598525581, -2.817204053923195950, 9.595030061414995259 ) ) ;
#3386 = CARTESIAN_POINT ( 'NONE',  ( 73.43710854142032929, 4.958872393165255410, -8.683869217595548307 ) ) ;
#3387 = VECTOR ( 'NONE', #5726, 999.9999999999998863 ) ;
#3388 = CARTESIAN_POINT ( 'NONE',  ( 0.000000000000000000, 2.939152317953647894E-15, -24.00000000000000000 ) ) ;
#3389 = DIRECTION ( 'NONE',  ( -0.000000000000000000, -1.000000000000000000, -0.000000000000000000 ) ) ;
#3390 = CARTESIAN_POINT ( 'NONE',  ( 73.43710854142003086, -28.01823128423969678, -6.394978454581570659 ) ) ;
#3391 = CARTESIAN_POINT ( 'NONE',  ( 69.56947108626573595, 1.230449174481698549, 7.905073012739901372 ) ) ;
#3392 = CARTESIAN_POINT ( 'NONE',  ( 72.75516024144299365, -4.173662492721244455, 9.087780111143727524 ) ) ;
#3393 = VERTEX_POINT ( 'NONE', #2588 ) ;
#3394 = CARTESIAN_POINT ( 'NONE',  ( 70.70007234839455634, -8.000006330482586137, -0.09189175393411776194 ) ) ;
#3395 = CARTESIAN_POINT ( 'NONE',  ( 77.35269246556353551, 9.258235850478737206, 3.779723318762830075 ) ) ;
#3396 = CARTESIAN_POINT ( 'NONE',  ( 22.30000000000000426, 0.000000000000000000, 0.000000000000000000 ) ) ;
#3397 = ORIENTED_EDGE ( 'NONE', *, *, #5404, .T. ) ;
#3398 = EDGE_CURVE ( 'NONE', #2757, #5880, #4484, .T. ) ;
#3399 = CARTESIAN_POINT ( 'NONE',  ( 76.99999999999980105, -6.876387137965950913, 4.088434899667164224 ) ) ;
#3400 = EDGE_LOOP ( 'NONE', ( #2358, #5811 ) ) ;
#3401 = CARTESIAN_POINT ( 'NONE',  ( 77.35269246556350708, 9.981342759354065564, -0.6115849489476929968 ) ) ;
#3402 = CARTESIAN_POINT ( 'NONE',  ( 74.04885019795737833, 4.018793775542136792, 9.157318802503038313 ) ) ;
#3403 = CARTESIAN_POINT ( 'NONE',  ( 73.07162911229406177, 8.192955872189752853, -5.735167672129063199 ) ) ;
#3404 = CARTESIAN_POINT ( 'NONE',  ( 76.29992569189747087, 2.314734677198014179, -9.728850883043946851 ) ) ;
#3405 = EDGE_CURVE ( 'NONE', #1405, #5638, #4286, .T. ) ;
#3406 = CARTESIAN_POINT ( 'NONE',  ( 0.000000000000000000, 0.000000000000000000, 0.000000000000000000 ) ) ;
#3407 = CARTESIAN_POINT ( 'NONE',  ( 77.61174165653740431, 8.851514380995240572, -4.653803199969516413 ) ) ;
#3408 = ORIENTED_EDGE ( 'NONE', *, *, #3853, .F. ) ;
#3409 = LINE ( 'NONE', #5328, #1497 ) ;
#3410 = CARTESIAN_POINT ( 'NONE',  ( 77.61173969054669897, 7.354070491303255963, -3.150373215248970293 ) ) ;
#3411 = DIRECTION ( 'NONE',  ( -1.000000000000000000, -0.000000000000000000, -0.000000000000000000 ) ) ;
#3412 = CARTESIAN_POINT ( 'NONE',  ( 73.61985167632441573, 7.613744108066235583, 2.455789212633424423 ) ) ;
#3413 = ADVANCED_FACE ( 'NONE', ( #2718 ), #4612, .F. ) ;
#3414 = CARTESIAN_POINT ( 'NONE',  ( 69.31838297155174189, 9.088260682535985069, 4.172611975998738565 ) ) ;
#3415 = CARTESIAN_POINT ( 'NONE',  ( 73.99631263256588909, -3.077977578032727202, -7.384458548941524647 ) ) ;
#3416 = CARTESIAN_POINT ( 'NONE',  ( 69.81663884680023102, -4.436798415087440439, -6.657031133782074228 ) ) ;
#3417 = CARTESIAN_POINT ( 'NONE',  ( 73.43710854142032929, -4.958872393165316694, 8.683869217595512779 ) ) ;
#3418 = VERTEX_POINT ( 'NONE', #4137 ) ;
#3419 = CARTESIAN_POINT ( 'NONE',  ( 76.64710261100198352, 2.371107839581408694, -7.640621133477422333 ) ) ;
#3420 = CARTESIAN_POINT ( 'NONE',  ( 77.42973211210463091, 9.238811946942510289, 3.827353827540389108 ) ) ;
#3421 = CARTESIAN_POINT ( 'NONE',  ( 70.09138514484496341, -9.975469913743417294, 0.6999999999999274580 ) ) ;
#3422 = EDGE_CURVE ( 'NONE', #2506, #2219, #6050, .T. ) ;
#3423 = ORIENTED_EDGE ( 'NONE', *, *, #5977, .F. ) ;
#3424 = CARTESIAN_POINT ( 'NONE',  ( 77.36548765893749646, -6.915848349115127469, 4.023398779598238661 ) ) ;
#3425 = ORIENTED_EDGE ( 'NONE', *, *, #1155, .F. ) ;
#3426 = LINE ( 'NONE', #595, #4954 ) ;
#3427 = CARTESIAN_POINT ( 'NONE',  ( 77.61126478936334649, 5.259491881540246716, 6.028675145983321215 ) ) ;
#3428 = DIRECTION ( 'NONE',  ( 0.000000000000000000, 0.000000000000000000, 1.000000000000000000 ) ) ;
#3429 = CARTESIAN_POINT ( 'NONE',  ( 76.31805170002296279, 2.403037486827190428, -9.707348597250998523 ) ) ;
#3430 = FACE_OUTER_BOUND ( 'NONE', #5909, .T. ) ;
#3431 = CARTESIAN_POINT ( 'NONE',  ( 76.44014412312343154, 1.803976260613774807, 9.836150475063153209 ) ) ;
#3432 = ORIENTED_EDGE ( 'NONE', *, *, #4250, .F. ) ;
#3433 = CARTESIAN_POINT ( 'NONE',  ( 69.43958974620022673, -7.383957082032559960, -3.079199194008231721 ) ) ;
#3434 = EDGE_CURVE ( 'NONE', #3718, #153, #4448, .T. ) ;
#3435 = CARTESIAN_POINT ( 'NONE',  ( 77.00000000000001421, 24.00100000000000122, 0.000000000000000000 ) ) ;
#3436 = CARTESIAN_POINT ( 'NONE',  ( 43.29999999999999716, 0.000000000000000000, 12.00000000000000000 ) ) ;
#3437 = VECTOR ( 'NONE', #1398, 999.9999999999998863 ) ;
#3438 = CARTESIAN_POINT ( 'NONE',  ( 73.43710854141983191, -4.088434899667067413, 6.876387137966006868 ) ) ;
#3439 = CARTESIAN_POINT ( 'NONE',  ( 69.81497915877278615, 8.683869217597820267, 4.958872393161278147 ) ) ;
#3440 = CARTESIAN_POINT ( 'NONE',  ( 70.61173969054669897, 5.258892854776049397, -6.029199791713729439 ) ) ;
#3441 = VECTOR ( 'NONE', #2148, 1000.000000000000000 ) ;
#3442 = CARTESIAN_POINT ( 'NONE',  ( 69.43958974620021252, -7.011236808675682219, 3.853160816570073255 ) ) ;
#3443 = EDGE_CURVE ( 'NONE', #2500, #4631, #766, .T. ) ;
#3444 = CARTESIAN_POINT ( 'NONE',  ( 69.64710261100199773, 1.178846920671664522, 7.912746907988982947 ) ) ;
#3445 = CARTESIAN_POINT ( 'NONE',  ( 70.55983091159234277, -7.384148691003126430, 3.078723336292013890 ) ) ;
#3446 = AXIS2_PLACEMENT_3D ( 'NONE', #3121, #5020, #4018 ) ;
#3447 = B_SPLINE_CURVE_WITH_KNOTS ( 'NONE', 3,
 ( #4828, #552, #1521, #3415, #2516, #4071, #736, #4886, #4480, #1109, #3506, #1240, #3011, #706 ),
 .UNSPECIFIED., .F., .F.,
 ( 4, 2, 2, 2, 2, 2, 4 ),
 ( 0.002189565179306699784, 0.002736829203537943095, 0.003010461215653579062, 0.003284093227769215029, 0.003557725239884850996, 0.003831357252000486963, 0.004378621276231729406 ),
 .UNSPECIFIED. ) ;
#3448 = ORIENTED_EDGE ( 'NONE', *, *, #5465, .F. ) ;
#3449 = AXIS2_PLACEMENT_3D ( 'NONE', #2769, #4098, #2229 ) ;
#3450 = ADVANCED_FACE ( 'NONE', ( #2332 ), #1397, .F. ) ;
#3451 = CARTESIAN_POINT ( 'NONE',  ( 69.81497915877278615, 1.537301343332124759, 9.881128709807864396 ) ) ;
#3452 = FACE_OUTER_BOUND ( 'NONE', #1571, .T. ) ;
#3453 = CARTESIAN_POINT ( 'NONE',  ( 73.43710854142003086, 13.90010016731111264, -28.86385541192121096 ) ) ;
#3454 = VECTOR ( 'NONE', #4996, 1000.000000000000000 ) ;
#3455 = VERTEX_POINT ( 'NONE', #4413 ) ;
#3456 = CARTESIAN_POINT ( 'NONE',  ( 70.09253170642544717, 5.672321722240117658, 8.235579292278286445 ) ) ;
#3457 = VERTEX_POINT ( 'NONE', #991 ) ;
#3458 = CARTESIAN_POINT ( 'NONE',  ( 73.78952334584174366, -0.6117487876925541412, -9.981332605935635982 ) ) ;
#3459 = CARTESIAN_POINT ( 'NONE',  ( 77.42973211210460249, 9.984508530219265765, -0.5602436274822002460 ) ) ;
#3460 = CARTESIAN_POINT ( 'NONE',  ( 76.99999999999980105, -5.516069389009168766, -5.794219403477575803 ) ) ;
#3461 = FACE_BOUND ( 'NONE', #4156, .T. ) ;
#3462 = PRODUCT_DEFINITION_CONTEXT ( 'detailed design', #4461, 'design' ) ;
#3463 = CARTESIAN_POINT ( 'NONE',  ( 72.73707562519639680, 3.388984740681137975, 7.247284275506726381 ) ) ;
#3464 = ORIENTED_EDGE ( 'NONE', *, *, #4799, .F. ) ;
#3465 = CARTESIAN_POINT ( 'NONE',  ( 76.31838297155172768, -8.928717259153849284, 4.503907308334145654 ) ) ;
#3466 = CARTESIAN_POINT ( 'NONE',  ( 77.00000000000001421, 7.483824372733252517, -2.827078484599195196 ) ) ;
#3467 = ORIENTED_EDGE ( 'NONE', *, *, #1167, .F. ) ;
#3468 = DIRECTION ( 'NONE',  ( -1.000000000000000000, -0.000000000000000000, -0.000000000000000000 ) ) ;
#3469 = CARTESIAN_POINT ( 'NONE',  ( 77.00000000000001421, -21.57704197992279305, 25.93404201677965659 ) ) ;
#3470 = DIRECTION ( 'NONE',  ( -0.000000000000000000, -0.6234898018587267110, 0.7818314824680352437 ) ) ;
#3471 = CARTESIAN_POINT ( 'NONE',  ( 73.34455964667169781, -5.794219403481216446, 5.516069389005345158 ) ) ;
#3472 = CARTESIAN_POINT ( 'NONE',  ( 70.00000000000000000, 28.56133945518099182, -14.53135754568381266 ) ) ;
#3473 = CARTESIAN_POINT ( 'NONE',  ( 77.00000000000001421, 29.16877668994563066, 13.27000113061995457 ) ) ;
#3474 = VECTOR ( 'NONE', #3479, 1000.000000000000000 ) ;
#3475 = CARTESIAN_POINT ( 'NONE',  ( 70.00000000000029843, 6.766885797698723337, 7.362693569672944527 ) ) ;
#3476 = EDGE_CURVE ( 'NONE', #3301, #2843, #55, .T. ) ;
#3477 = ORIENTED_EDGE ( 'NONE', *, *, #3906, .F. ) ;
#3478 = CARTESIAN_POINT ( 'NONE',  ( 73.08470508606276894, 0.6117417536603031447, -9.981332950303558604 ) ) ;
#3479 = DIRECTION ( 'NONE',  ( -1.000000000000000000, -0.000000000000000000, -0.000000000000000000 ) ) ;
#3480 = ORIENTED_EDGE ( 'NONE', *, *, #5673, .F. ) ;
#3481 = EDGE_CURVE ( 'NONE', #5880, #574, #2051, .T. ) ;
#3482 = CARTESIAN_POINT ( 'NONE',  ( 76.37585270615915078, 2.135122157977778823, -7.710900816470010355 ) ) ;
#3483 = CARTESIAN_POINT ( 'NONE',  ( 70.00000000000000000, -7.077694450544888660, -27.86363405677393601 ) ) ;
#3484 = DIRECTION ( 'NONE',  ( 0.000000000000000000, 0.6234898018587368140, 0.7818314824680272501 ) ) ;
#3485 = EDGE_LOOP ( 'NONE', ( #5677, #3425 ) ) ;
#3486 = EDGE_CURVE ( 'NONE', #677, #2061, #160, .T. ) ;
#3487 = FACE_OUTER_BOUND ( 'NONE', #5, .T. ) ;
#3488 = VERTEX_POINT ( 'NONE', #519 ) ;
#3489 = DIRECTION ( 'NONE',  ( 0.000000000000000000, 0.000000000000000000, 1.000000000000000000 ) ) ;
#3490 = CARTESIAN_POINT ( 'NONE',  ( 76.57028713879577708, -6.947208503671093993, 3.967440468639674922 ) ) ;
#3491 = CARTESIAN_POINT ( 'NONE',  ( 76.64710261100199773, -4.495316590676919688, -6.617656113900983961 ) ) ;
#3492 = CARTESIAN_POINT ( 'NONE',  ( 73.08421115242201438, -7.640621133477408122, 2.371107839581463317 ) ) ;
#3493 = B_SPLINE_CURVE_WITH_KNOTS ( 'NONE', 3,
 ( #1542, #1072, #4351, #2451, #82, #1424, #3908, #1980, #3878, #4381, #138, #5820, #5705, #490, #2393, #3813 ),
 .UNSPECIFIED., .F., .F.,
 ( 4, 2, 2, 2, 2, 2, 2, 4 ),
 ( 0.000000000000000000, 0.0002736485253891231912, 0.0005472970507782463825, 0.001094594101556463708, 0.001368242626945573781, 0.001641891152334684287, 0.001915539677723794359, 0.002189188203112904865 ),
 .UNSPECIFIED. ) ;
#3494 = CARTESIAN_POINT ( 'NONE',  ( 73.25374738822026188, 7.922832490243799874, 1.109039685405102338 ) ) ;
#3495 = ORIENTED_EDGE ( 'NONE', *, *, #5053, .T. ) ;
#3496 = CARTESIAN_POINT ( 'NONE',  ( 72.73718132114441914, 6.312625645578261668, 4.915211372971680426 ) ) ;
#3497 = CARTESIAN_POINT ( 'NONE',  ( 70.00000000000000000, -1.090890135578839182, -7.925273415605090577 ) ) ;
#3498 = VERTEX_POINT ( 'NONE', #3787 ) ;
#3499 = DIRECTION ( 'NONE',  ( -0.000000000000000000, 1.000000000000000000, 1.224646799147353207E-16 ) ) ;
#3500 = CARTESIAN_POINT ( 'NONE',  ( 0.000000000000000000, 0.000000000000000000, 0.000000000000000000 ) ) ;
#3501 = CARTESIAN_POINT ( 'NONE',  ( 77.18305898564281620, 6.753517008039584546, 7.375042199988370406 ) ) ;
#3502 = CARTESIAN_POINT ( 'NONE',  ( 70.70003269886107944, 2.314019091071759515, 9.729011223358156712 ) ) ;
#3503 = CARTESIAN_POINT ( 'NONE',  ( 70.61126478936333228, 7.992647577801458070, -0.3532188625332659537 ) ) ;
#3504 = ADVANCED_FACE ( 'NONE', ( #4851 ), #2864, .F. ) ;
#3505 = CARTESIAN_POINT ( 'NONE',  ( 70.00000000000000000, 7.077694450544679938, 27.86363405677386140 ) ) ;
#3506 = CARTESIAN_POINT ( 'NONE',  ( 73.99693945301238784, -3.853607314928833460, -7.010984234371032464 ) ) ;
#3507 = ORIENTED_EDGE ( 'NONE', *, *, #6164, .T. ) ;
#3508 = CARTESIAN_POINT ( 'NONE',  ( 72.73703423331748752, 4.421572430912278584, 8.969851357103104661 ) ) ;
#3509 = CARTESIAN_POINT ( 'NONE',  ( 70.55920409114585823, -7.010594370350230697, 3.854314544289482836 ) ) ;
#3510 = EDGE_CURVE ( 'NONE', #1285, #3698, #549, .T. ) ;
#3511 = CARTESIAN_POINT ( 'NONE',  ( 76.81690483603883024, 4.436736265831621395, -6.657072435396759857 ) ) ;
#3512 = ORIENTED_EDGE ( 'NONE', *, *, #3710, .T. ) ;
#3513 = DIRECTION ( 'NONE',  ( -0.000000000000000000, 1.000000000000000000, -0.000000000000000000 ) ) ;
#3514 = DIRECTION ( 'NONE',  ( 1.000000000000000000, 0.000000000000000000, 0.000000000000000000 ) ) ;
#3515 = CARTESIAN_POINT ( 'NONE',  ( 69.81663884680024523, -7.970975084870675076, -0.6817623402896232365 ) ) ;
#3516 = CARTESIAN_POINT ( 'NONE',  ( 74.13710854142004791, 0.000000000000000000, 8.000000000000000000 ) ) ;
#3517 = EDGE_CURVE ( 'NONE', #1168, #439, #5269, .T. ) ;
#3518 = ORIENTED_EDGE ( 'NONE', *, *, #6013, .T. ) ;
#3519 = DIRECTION ( 'NONE',  ( 0.000000000000000000, 0.8660254037844397068, 0.4999999999999980016 ) ) ;
#3520 = ORIENTED_EDGE ( 'NONE', *, *, #4763, .F. ) ;
#3521 = CARTESIAN_POINT ( 'NONE',  ( 69.31838297155175610, 8.928717259153879482, -4.503907308334080817 ) ) ;
#3522 = DIRECTION ( 'NONE',  ( 0.000000000000000000, -0.7818314824680359099, -0.6234898018587259338 ) ) ;
#3523 = FACE_OUTER_BOUND ( 'NONE', #2543, .T. ) ;
#3524 = EDGE_CURVE ( 'NONE', #721, #5108, #1544, .T. ) ;
#3525 = FACE_BOUND ( 'NONE', #1352, .T. ) ;
#3526 = CARTESIAN_POINT ( 'NONE',  ( 73.43710854142003086, 28.01823128423961862, 6.394978454581360161 ) ) ;
#3527 = ORIENTED_EDGE ( 'NONE', *, *, #4890, .T. ) ;
#3528 = CARTESIAN_POINT ( 'NONE',  ( 73.43710854142003086, -13.26942195977965078, 29.16757402930346998 ) ) ;
#3529 = VERTEX_POINT ( 'NONE', #3436 ) ;
#3530 = CARTESIAN_POINT ( 'NONE',  ( 73.43710854142032929, -3.697515978093756761, -9.291306452364025859 ) ) ;
#3531 = DIRECTION ( 'NONE',  ( 0.000000000000000000, 0.9749279121818239524, 0.2225209339563131716 ) ) ;
#3532 = CARTESIAN_POINT ( 'NONE',  ( 77.61126478936334649, 7.047870718912005117, -3.786119015203774030 ) ) ;
#3533 = CARTESIAN_POINT ( 'NONE',  ( 0.000000000000000000, 0.000000000000000000, 10.00000000000000000 ) ) ;
#3534 = CARTESIAN_POINT ( 'NONE',  ( 74.13703576169562837, -7.820109470446510613, 1.689506807454550286 ) ) ;
#3535 = CARTESIAN_POINT ( 'NONE',  ( 73.00657962768573839, -7.905073012739920912, -1.230449174481591967 ) ) ;
#3536 = ORIENTED_EDGE ( 'NONE', *, *, #4713, .F. ) ;
#3537 = CARTESIAN_POINT ( 'NONE',  ( 76.38828058685217570, -4.707803199542187400, 6.468677195827659432 ) ) ;
#3538 = CARTESIAN_POINT ( 'NONE',  ( 77.09253170642541875, -5.672321722240054598, -8.235579292278329078 ) ) ;
#3539 = CARTESIAN_POINT ( 'NONE',  ( 76.56947108626575016, 1.230449174481698549, 7.905073012739901372 ) ) ;
#3540 = ORIENTED_EDGE ( 'NONE', *, *, #1005, .F. ) ;
#3541 = DIRECTION ( 'NONE',  ( 0.000000000000000000, 0.000000000000000000, 1.000000000000000000 ) ) ;
#3542 = DIRECTION ( 'NONE',  ( 0.000000000000000000, -0.8660254037844326014, 0.5000000000000105471 ) ) ;
#3543 = VECTOR ( 'NONE', #42, 1000.000000000000000 ) ;
#3544 = CARTESIAN_POINT ( 'NONE',  ( 69.43958974620022673, -7.988729912622992479, 0.4295162963641747100 ) ) ;
#3545 = CARTESIAN_POINT ( 'NONE',  ( 72.81296124757919586, 7.710900816469982821, -2.135122157977884960 ) ) ;
#3546 = ORIENTED_EDGE ( 'NONE', *, *, #5632, .F. ) ;
#3547 = CARTESIAN_POINT ( 'NONE',  ( 70.43051374540979737, 5.787860252868311406, 8.155050832340272393 ) ) ;
#3548 = EDGE_CURVE ( 'NONE', #5580, #2990, #3944, .T. ) ;
#3549 = ORIENTED_EDGE ( 'NONE', *, *, #862, .T. ) ;
#3550 = CARTESIAN_POINT ( 'NONE',  ( 74.13703576169565679, -6.196668116154311790, -5.060617515722670490 ) ) ;
#3551 = CARTESIAN_POINT ( 'NONE',  ( 77.00000000000001421, 5.516069389005306967, -5.794219403481251085 ) ) ;
#3552 = CARTESIAN_POINT ( 'NONE',  ( 70.55983091159232856, -5.317080093697351018, 5.977695923136232992 ) ) ;
#3553 = AXIS2_PLACEMENT_3D ( 'NONE', #4687, #1287, #2846 ) ;
#3554 = CARTESIAN_POINT ( 'NONE',  ( 73.25401337745888952, 2.844160048809356134, 7.477432428275207599 ) ) ;
#3555 = VERTEX_POINT ( 'NONE', #5822 ) ;
#3556 = CARTESIAN_POINT ( 'NONE',  ( 73.43710854142003086, 5.794219403481172037, -5.516069389005392232 ) ) ;
#3557 = CARTESIAN_POINT ( 'NONE',  ( 72.75522068568683665, -7.838519581357946464, 1.601501296318093237 ) ) ;
#3558 = EDGE_CURVE ( 'NONE', #5552, #6139, #1982, .T. ) ;
#3559 = ORIENTED_EDGE ( 'NONE', *, *, #2073, .F. ) ;
#3560 = FACE_OUTER_BOUND ( 'NONE', #901, .T. ) ;
#3561 = B_SPLINE_CURVE_WITH_KNOTS ( 'NONE', 3,
 ( #61, #2432, #2370, #3889, #1957, #5743, #555, #3852, #5776, #5803, #4859, #965, #3328, #5338 ),
 .UNSPECIFIED., .F., .F.,
 ( 4, 2, 2, 2, 2, 2, 4 ),
 ( 0.002189188203112913105, 0.002736359354753671591, 0.003009944930574051485, 0.003283530506394431378, 0.003557116082214811272, 0.003830701658035191165, 0.004377872809675952687 ),
 .UNSPECIFIED. ) ;
#3562 = CARTESIAN_POINT ( 'NONE',  ( 77.18274313490442751, 2.455789212633574969, 7.613744108066192062 ) ) ;
#3563 = DIRECTION ( 'NONE',  ( -0.000000000000000000, -0.6234898018587372581, -0.7818314824680268060 ) ) ;
#3564 = CARTESIAN_POINT ( 'NONE',  ( 73.25374738822026188, -5.806887400858221859, 5.502844937486456978 ) ) ;
#3565 = B_SPLINE_CURVE_WITH_KNOTS ( 'NONE', 3,
 ( #4070, #3079, #4945, #206, #1239, #4575, #3534, #1731, #2140, #3601, #1270, #303, #4038, #674 ),
 .UNSPECIFIED., .F., .F.,
 ( 4, 2, 2, 2, 2, 2, 4 ),
 ( 0.002189565179306706289, 0.002736829203537949166, 0.003010461215653585133, 0.003284093227769221100, 0.003557725239884858802, 0.003831357252000496504, 0.004378621276231742417 ),
 .UNSPECIFIED. ) ;
#3566 = CARTESIAN_POINT ( 'NONE',  ( 77.00000000000029843, 9.975469913743092221, -0.7000000000045700776 ) ) ;
#3567 = CARTESIAN_POINT ( 'NONE',  ( 69.44014412312341733, -1.803976260613721294, -9.836150475063158538 ) ) ;
#3568 = CARTESIAN_POINT ( 'NONE',  ( 73.08421115242201438, -7.912746907988999823, -1.178846920671558829 ) ) ;
#3569 = ORIENTED_EDGE ( 'NONE', *, *, #4635, .F. ) ;
#3570 = CARTESIAN_POINT ( 'NONE',  ( 73.79000593041803313, 5.855176637411910967, 5.451435612476038806 ) ) ;
#3571 = CARTESIAN_POINT ( 'NONE',  ( 74.04885019795740675, -9.665157069617185570, -2.567475390464522889 ) ) ;
#3572 = CARTESIAN_POINT ( 'NONE',  ( 77.00000000000001421, 2.902200420386549240, -9.569599402269048483 ) ) ;
#3573 = AXIS2_PLACEMENT_3D ( 'NONE', #3526, #1598, #3029 ) ;
#3574 = LINE ( 'NONE', #4549, #799 ) ;
#3575 = EDGE_LOOP ( 'NONE', ( #4079, #3735, #5894, #536 ) ) ;
#3576 = AXIS2_PLACEMENT_3D ( 'NONE', #723, #156, #1687 ) ;
#3577 = CARTESIAN_POINT ( 'NONE',  ( 69.31838297155172768, 9.998668424379548725, -0.1838550388020163961 ) ) ;
#3578 = DIRECTION ( 'NONE',  ( -1.000000000000000000, -0.000000000000000000, -0.000000000000000000 ) ) ;
#3579 = CARTESIAN_POINT ( 'NONE',  ( 69.44014412312340312, -8.814972908985156508, -4.722334076577050510 ) ) ;
#3580 = CARTESIAN_POINT ( 'NONE',  ( 70.62417195950936843, -5.945309440034712622, -8.041767044709793311 ) ) ;
#3581 = VERTEX_POINT ( 'NONE', #1046 ) ;
#3582 = AXIS2_PLACEMENT_3D ( 'NONE', #4669, #3809, #6165 ) ;
#3583 = DIRECTION ( 'NONE',  ( 0.000000000000000000, 0.4338837391175599523, 0.9009688679024182578 ) ) ;
#3584 = EDGE_LOOP ( 'NONE', ( #4447, #2321, #1936, #5374 ) ) ;
#3585 = CARTESIAN_POINT ( 'NONE',  ( 76.64710261100198352, -7.452039704849501511, 2.910042599278028774 ) ) ;
#3586 = LINE ( 'NONE', #4529, #5081 ) ;
#3587 = CARTESIAN_POINT ( 'NONE',  ( 73.43710854142003086, -26.36938615365769323, -21.02888373870605676 ) ) ;
#3588 = EDGE_CURVE ( 'NONE', #667, #3177, #606, .T. ) ;
#3589 = CARTESIAN_POINT ( 'NONE',  ( 72.82538912827223498, 7.713863017780538733, 2.122148197548466619 ) ) ;
#3590 = ORIENTED_EDGE ( 'NONE', *, *, #3068, .F. ) ;
#3591 = CARTESIAN_POINT ( 'NONE',  ( 76.44014412312340312, 9.188115164212801389, -3.947496199631587377 ) ) ;
#3592 = CARTESIAN_POINT ( 'NONE',  ( 70.55920409114582981, 7.010594370350255566, -3.854314544289433542 ) ) ;
#3593 = EDGE_LOOP ( 'NONE', ( #4434, #2873 ) ) ;
#3594 = DIRECTION ( 'NONE',  ( -0.000000000000000000, 1.000000000000000000, -0.000000000000000000 ) ) ;
#3595 = B_SPLINE_CURVE_WITH_KNOTS ( 'NONE', 3,
 ( #3967, #2038, #2578, #3934, #5516, #165, #668, #4973, #5851, #5881, #5979, #1233, #1169, #3136 ),
 .UNSPECIFIED., .F., .F.,
 ( 4, 2, 2, 2, 2, 2, 4 ),
 ( 0.002189188308116650147, 0.002736359494602598735, 0.003009945087845558066, 0.003283530681088517398, 0.003557116274331476730, 0.003830701867574436495, 0.004377873054060355158 ),
 .UNSPECIFIED. ) ;
#3596 = CARTESIAN_POINT ( 'NONE',  ( 77.18505475354398015, 1.090890135578891140, 7.925273415605081695 ) ) ;
#3597 = CARTESIAN_POINT ( 'NONE',  ( 77.70007234839457055, -5.059766228066044924, 6.197363237662030677 ) ) ;
#3598 = CYLINDRICAL_SURFACE ( 'NONE', #2052, 0.7000000000000018430 ) ;
#3599 = EDGE_CURVE ( 'NONE', #126, #726, #2395, .T. ) ;
#3600 = DIRECTION ( 'NONE',  ( -1.000000000000000000, -0.000000000000000000, -0.000000000000000000 ) ) ;
#3601 = CARTESIAN_POINT ( 'NONE',  ( 74.04884823196670141, -7.713869406146647734, 2.122126992272187707 ) ) ;
#3602 = CARTESIAN_POINT ( 'NONE',  ( 85.00100000000000477, 18.00000000000000000, -2.749999999999999556 ) ) ;
#3603 = ORIENTED_EDGE ( 'NONE', *, *, #1816, .T. ) ;
#3604 = B_SPLINE_CURVE_WITH_KNOTS ( 'NONE', 3,
 ( #700, #3562, #1698, #5947, #5485, #1604, #2678, #3970, #1575, #5980, #5915, #299, #3596, #3935 ),
 .UNSPECIFIED., .F., .F.,
 ( 4, 2, 2, 2, 2, 2, 4 ),
 ( 0.002189565179306699784, 0.002736829203537970850, 0.003010461215653591205, 0.003284093227769212427, 0.003557725239884834082, 0.003831357252000455738, 0.004378621276231729406 ),
 .UNSPECIFIED. ) ;
#3605 = CARTESIAN_POINT ( 'NONE',  ( 72.73718330510584451, 4.255084748079100088, 9.050016017499226351 ) ) ;
#3606 = CARTESIAN_POINT ( 'NONE',  ( 69.57028713879577708, 2.322069128170427099, 7.655866040473644496 ) ) ;
#3607 = DIRECTION ( 'NONE',  ( 1.000000000000000000, 0.000000000000000000, 0.000000000000000000 ) ) ;
#3608 = ADVANCED_FACE ( 'NONE', ( #4383 ), #112, .F. ) ;
#3609 = EDGE_LOOP ( 'NONE', ( #5207, #4194, #2261, #839 ) ) ;
#3610 = CARTESIAN_POINT ( 'NONE',  ( 76.81663884680024523, 1.109039685405261322, 7.922832490243781223 ) ) ;
#3611 = FACE_OUTER_BOUND ( 'NONE', #4969, .T. ) ;
#3612 = DIRECTION ( 'NONE',  ( 0.000000000000000000, 0.000000000000000000, 1.000000000000000000 ) ) ;
#3613 = LINE ( 'NONE', #747, #3356 ) ;
#3614 = CARTESIAN_POINT ( 'NONE',  ( 70.43051374540979737, -1.676337951774538926, -9.858705364104713098 ) ) ;
#3615 = ORIENTED_EDGE ( 'NONE', *, *, #3548, .T. ) ;
#3616 = CARTESIAN_POINT ( 'NONE',  ( 74.13704300877445519, 9.789982418998894431, 2.046855927510938589 ) ) ;
#3617 = ORIENTED_EDGE ( 'NONE', *, *, #1757, .F. ) ;
#3618 = FACE_OUTER_BOUND ( 'NONE', #5455, .T. ) ;
#3619 = LINE ( 'NONE', #691, #2173 ) ;
#3620 = CARTESIAN_POINT ( 'NONE',  ( 76.64710261100196931, 7.452039704849523716, -2.910042599277969710 ) ) ;
#3621 = CARTESIAN_POINT ( 'NONE',  ( 77.00000000000001421, -28.56133945518103090, 14.53135754568358884 ) ) ;
#3622 = EDGE_CURVE ( 'NONE', #1663, #5651, #67, .T. ) ;
#3623 = DIRECTION ( 'NONE',  ( -1.000000000000000000, -0.000000000000000000, -0.000000000000000000 ) ) ;
#3624 = EDGE_LOOP ( 'NONE', ( #1309, #3464 ) ) ;
#3625 = CARTESIAN_POINT ( 'NONE',  ( 77.42973211210463091, -2.767959313293610002, -9.609510120297857227 ) ) ;
#3626 = CARTESIAN_POINT ( 'NONE',  ( 72.73718330510581609, 9.769958653358408185, -2.134582873067969011 ) ) ;
#3627 = ORIENTED_EDGE ( 'NONE', *, *, #2073, .T. ) ;
#3628 = CARTESIAN_POINT ( 'NONE',  ( 73.43710854142003086, -27.86246663047034744, 7.077427993109071558 ) ) ;
#3629 = CARTESIAN_POINT ( 'NONE',  ( 70.70003269886106523, 8.970166910244110170, -4.420910465100508446 ) ) ;
#3630 = FACE_BOUND ( 'NONE', #2607, .T. ) ;
#3631 = CARTESIAN_POINT ( 'NONE',  ( 76.63452057087404512, 6.711346496273725037, 7.414479237143843271 ) ) ;
#3632 = ORIENTED_EDGE ( 'NONE', *, *, #3825, .F. ) ;
#3633 = ORIENTED_EDGE ( 'NONE', *, *, #521, .T. ) ;
#3634 = EDGE_CURVE ( 'NONE', #1585, #5500, #291, .T. ) ;
#3635 = CARTESIAN_POINT ( 'NONE',  ( 72.75549151297175854, 4.172611975998924194, 9.088260682535896251 ) ) ;
#3636 = CARTESIAN_POINT ( 'NONE',  ( 69.90860718336332980, 1.090890135578852949, -7.925273415605094129 ) ) ;
#3637 = VERTEX_POINT ( 'NONE', #5972 ) ;
#3638 = DIRECTION ( 'NONE',  ( -1.000000000000000000, -0.000000000000000000, -0.000000000000000000 ) ) ;
#3639 = ADVANCED_FACE ( 'NONE', ( #1688 ), #351, .F. ) ;
#3640 = CARTESIAN_POINT ( 'NONE',  ( 77.00000000000001421, 5.712795373490124895, 28.17516336431270929 ) ) ;
#3641 = CARTESIAN_POINT ( 'NONE',  ( 69.31805170002294858, -8.929238954838261577, -4.502876596026872846 ) ) ;
#3642 = B_SPLINE_CURVE_WITH_KNOTS ( 'NONE', 3,
 ( #6123, #1408, #2822, #3305, #2792, #5217, #1747, #3737, #912, #5662, #5189, #850, #817, #1349 ),
 .UNSPECIFIED., .F., .F.,
 ( 4, 2, 2, 2, 2, 2, 4 ),
 ( 0.002189188203112912671, 0.002736359354753675928, 0.003009944930574057556, 0.003283530506394439184, 0.003557116082214820812, 0.003830701658035202441, 0.004377872809675965697 ),
 .UNSPECIFIED. ) ;
#3643 = CARTESIAN_POINT ( 'NONE',  ( 69.90745110525168116, 6.876387137968728247, 4.088434899662489741 ) ) ;
#3644 = B_SPLINE_CURVE_WITH_KNOTS ( 'NONE', 3,
 ( #5165, #4312, #950, #5698, #1418, #892, #1011, #47, #4196, #2856, #426, #2830, #540, #2326, #5259, #983 ),
 .UNSPECIFIED., .F., .F.,
 ( 4, 2, 2, 2, 2, 2, 2, 4 ),
 ( 0.000000000000000000, 0.0002736485253891037298, 0.0005472970507782074596, 0.001094594101556447012, 0.001368242626945564023, 0.001641891152334681034, 0.001915539677723798262, 0.002189188203112915274 ),
 .UNSPECIFIED. ) ;
#3645 = ORIENTED_EDGE ( 'NONE', *, *, #737, .T. ) ;
#3646 = CARTESIAN_POINT ( 'NONE',  ( 76.29996708377640857, -8.000002880169382991, 0.09110905475474719017 ) ) ;
#3647 = EDGE_LOOP ( 'NONE', ( #5494, #3336 ) ) ;
#3648 = AXIS2_PLACEMENT_3D ( 'NONE', #5503, #1220, #4050 ) ;
#3649 = CYLINDRICAL_SURFACE ( 'NONE', #1649, 0.7000000000000016209 ) ;
#3650 = CARTESIAN_POINT ( 'NONE',  ( 70.35287253598524160, 9.981349502321656075, 0.6114758158766288032 ) ) ;
#3651 = CARTESIAN_POINT ( 'NONE',  ( 73.43710854142024402, 6.667105126086388722, 4.421505313545673665 ) ) ;
#3652 = B_SPLINE_CURVE_WITH_KNOTS ( 'NONE', 3,
 ( #391, #2293, #4247, #6157, #1878, #4192, #1443, #5723, #3803, #2381, #4278, #3337, #5252, #976, #14, #2880 ),
 .UNSPECIFIED., .F., .F.,
 ( 4, 2, 2, 2, 2, 2, 2, 4 ),
 ( 0.000000000000000000, 0.0002736956474133500497, 0.0005473912948267000995, 0.001094782589653370709, 0.001368478237066704170, 0.001642173884480037632, 0.001915869531893371310, 0.002189565179306704554 ),
 .UNSPECIFIED. ) ;
#3653 = CARTESIAN_POINT ( 'NONE',  ( 70.70007234839455634, 4.916078495656380554, 6.311950380567592056 ) ) ;
#3654 = DIRECTION ( 'NONE',  ( -1.000000000000000000, -0.000000000000000000, -0.000000000000000000 ) ) ;
#3655 = ORIENTED_EDGE ( 'NONE', *, *, #1112, .T. ) ;
#3656 = CARTESIAN_POINT ( 'NONE',  ( 73.80259620035752732, 6.625631184458572243, -4.485276751234104076 ) ) ;
#3657 = CARTESIAN_POINT ( 'NONE',  ( 73.43710854142003086, -7.362693569676096672, 6.766885797695293192 ) ) ;
#3658 = ORIENTED_EDGE ( 'NONE', *, *, #5209, .T. ) ;
#3659 = CARTESIAN_POINT ( 'NONE',  ( 70.55983091159232856, 1.358405651242336365, 7.884093058744618965 ) ) ;
#3660 = CARTESIAN_POINT ( 'NONE',  ( 70.18305898564283041, 8.692933406406391228, -4.943090958223717024 ) ) ;
#3661 = FACE_BOUND ( 'NONE', #3206, .T. ) ;
#3662 = CARTESIAN_POINT ( 'NONE',  ( 69.81727175442983935, -6.766885797695405991, -7.362693569675997196 ) ) ;
#3663 = CARTESIAN_POINT ( 'NONE',  ( 69.29992569189747087, -2.135686316842704269, -9.769717502895296946 ) ) ;
#3664 = AXIS2_PLACEMENT_3D ( 'NONE', #3360, #1496, #2018 ) ;
#3665 = CARTESIAN_POINT ( 'NONE',  ( 77.62417195950936843, -2.580466845471860449, 9.662189834533727151 ) ) ;
#3666 = VERTEX_POINT ( 'NONE', #3222 ) ;
#3667 = DIRECTION ( 'NONE',  ( 0.000000000000000000, 0.7818314824680272501, -0.6234898018587368140 ) ) ;
#3668 = CARTESIAN_POINT ( 'NONE',  ( 69.64710261100195510, 2.371107839581408694, -7.640621133477422333 ) ) ;
#3669 = AXIS2_PLACEMENT_3D ( 'NONE', #4706, #3145, #1245 ) ;
#3670 = EDGE_LOOP ( 'NONE', ( #5140, #6104 ) ) ;
#3671 = EDGE_CURVE ( 'NONE', #4804, #3555, #2255, .T. ) ;
#3672 = CARTESIAN_POINT ( 'NONE',  ( 74.13710854142004791, 0.000000000000000000, 10.00000000000000000 ) ) ;
#3673 = CARTESIAN_POINT ( 'NONE',  ( 74.13710854142004791, 0.1850547014755491715, -8.000000000000000000 ) ) ;
#3674 = CARTESIAN_POINT ( 'NONE',  ( 76.56947108626572174, 7.980677027446827942, 0.5594449850645205613 ) ) ;
#3675 = DIRECTION ( 'NONE',  ( -0.000000000000000000, 0.2225209339563245792, 0.9749279121818212879 ) ) ;
#3676 = CARTESIAN_POINT ( 'NONE',  ( 70.18332813216635202, 6.753460102636577922, -7.375094386039727112 ) ) ;
#3677 = LINE ( 'NONE', #5599, #3437 ) ;
#3678 = EDGE_CURVE ( 'NONE', #4676, #887, #1157, .T. ) ;
#3679 = EDGE_LOOP ( 'NONE', ( #5057, #3603, #4398, #2240, #1441, #2110, #975, #5003 ) ) ;
#3680 = CARTESIAN_POINT ( 'NONE',  ( 76.31811214426682000, -7.998359094238592704, 0.1828863829027787546 ) ) ;
#3681 = ORIENTED_EDGE ( 'NONE', *, *, #4678, .F. ) ;
#3682 = DIRECTION ( 'NONE',  ( 0.000000000000000000, 0.000000000000000000, 1.000000000000000000 ) ) ;
#3683 = FACE_BOUND ( 'NONE', #4535, .T. ) ;
#3684 = CARTESIAN_POINT ( 'NONE',  ( 77.00000000000001421, 6.876387137968727359, 4.088434899662490629 ) ) ;
#3685 = EDGE_CURVE ( 'NONE', #2007, #633, #4667, .T. ) ;
#3686 = AXIS2_PLACEMENT_3D ( 'NONE', #2420, #1450, #2917 ) ;
#3687 = CARTESIAN_POINT ( 'NONE',  ( 77.00000000000001421, -28.86505807256337164, -13.90067933815141821 ) ) ;
#3688 = ORIENTED_EDGE ( 'NONE', *, *, #4295, .T. ) ;
#3689 = FACE_OUTER_BOUND ( 'NONE', #2558, .T. ) ;
#3690 = FACE_BOUND ( 'NONE', #2695, .T. ) ;
#3691 = VERTEX_POINT ( 'NONE', #1193 ) ;
#3692 = CARTESIAN_POINT ( 'NONE',  ( 70.68192758678334542, 1.601621894156867176, 7.838495486671714474 ) ) ;
#3693 = DIRECTION ( 'NONE',  ( 1.000000000000000000, 0.000000000000000000, 0.000000000000000000 ) ) ;
#3694 = CARTESIAN_POINT ( 'NONE',  ( 76.30006596912039640, -1.601778016076468303, -7.840133605846326681 ) ) ;
#3695 = FACE_OUTER_BOUND ( 'NONE', #1399, .T. ) ;
#3696 = CARTESIAN_POINT ( 'NONE',  ( 76.81497915877277194, -6.766885797695193716, 7.362693569676188154 ) ) ;
#3697 = CARTESIAN_POINT ( 'NONE',  ( 77.69992722027564014, 1.689506807454495663, -7.820109470446522160 ) ) ;
#3698 = VERTEX_POINT ( 'NONE', #2703 ) ;
#3699 = DIRECTION ( 'NONE',  ( -1.000000000000000000, -0.000000000000000000, -0.000000000000000000 ) ) ;
#3700 = CARTESIAN_POINT ( 'NONE',  ( 73.78980100698352373, -9.594999203114761954, -2.817308950348935248 ) ) ;
#3701 = DIRECTION ( 'NONE',  ( 0.000000000000000000, 0.000000000000000000, 1.000000000000000000 ) ) ;
#3702 = ORIENTED_EDGE ( 'NONE', *, *, #2925, .T. ) ;
#3703 = CARTESIAN_POINT ( 'NONE',  ( 72.73710854141550897, -4.941229108585178154E-13, 10.00000000000031797 ) ) ;
#3704 = FACE_BOUND ( 'NONE', #3134, .T. ) ;
#3705 = CARTESIAN_POINT ( 'NONE',  ( 69.31805170002294858, 6.376922670326620413, -7.703379985975118416 ) ) ;
#3706 = FACE_OUTER_BOUND ( 'NONE', #5472, .T. ) ;
#3707 = ORIENTED_EDGE ( 'NONE', *, *, #5717, .F. ) ;
#3708 = CARTESIAN_POINT ( 'NONE',  ( 72.73703423331748752, -4.421572430912216412, -8.969851357103134859 ) ) ;
#3709 = ORIENTED_EDGE ( 'NONE', *, *, #2618, .T. ) ;
#3710 = EDGE_CURVE ( 'NONE', #3280, #2653, #561, .T. ) ;
#3711 = DIRECTION ( 'NONE',  ( 0.000000000000000000, 0.000000000000000000, 1.000000000000000000 ) ) ;
#3712 = CARTESIAN_POINT ( 'NONE',  ( 69.81497915877280036, -2.902200420386485735, 9.569599402269066246 ) ) ;
#3713 = LINE ( 'NONE', #1350, #1302 ) ;
#3714 = CARTESIAN_POINT ( 'NONE',  ( 77.70007234839455634, -1.690581044505727659, -7.819877308127050952 ) ) ;
#3715 = ORIENTED_EDGE ( 'NONE', *, *, #4782, .T. ) ;
#3716 = CARTESIAN_POINT ( 'NONE',  ( 73.43710854142003086, -13.90010016731134890, 28.86385541192118254 ) ) ;
#3717 = DIRECTION ( 'NONE',  ( 0.000000000000000000, 0.000000000000000000, 1.000000000000000000 ) ) ;
#3718 = VERTEX_POINT ( 'NONE', #819 ) ;
#3719 = EDGE_CURVE ( 'NONE', #3666, #3354, #5787, .T. ) ;
#3720 = CARTESIAN_POINT ( 'NONE',  ( 74.13710854142004791, 0.000000000000000000, -8.000000000000000000 ) ) ;
#3721 = CARTESIAN_POINT ( 'NONE',  ( 73.43710854142003086, -14.53077837484304702, 28.56013679453889154 ) ) ;
#3722 = CARTESIAN_POINT ( 'NONE',  ( 70.00000000000000000, -6.395244912017612471, -28.01939871054335995 ) ) ;
#3723 = CARTESIAN_POINT ( 'NONE',  ( 69.99999999999980105, -1.090890135573508779, 7.925273415605825988 ) ) ;
#3724 = CARTESIAN_POINT ( 'NONE',  ( 77.00000000000001421, -2.902200420386484403, 9.569599402269064470 ) ) ;
#3725 = ORIENTED_EDGE ( 'NONE', *, *, #2044, .T. ) ;
#3726 = CARTESIAN_POINT ( 'NONE',  ( 77.18305898564281620, -8.692933406406352148, 4.943090958223778308 ) ) ;
#3727 = CARTESIAN_POINT ( 'NONE',  ( 0.000000000000000000, 0.000000000000000000, 0.000000000000000000 ) ) ;
#3728 = VERTEX_POINT ( 'NONE', #387 ) ;
#3729 = CARTESIAN_POINT ( 'NONE',  ( 69.99999999999980105, -5.516069389009168766, -5.794219403477575803 ) ) ;
#3730 = FACE_BOUND ( 'NONE', #4421, .T. ) ;
#3731 = CARTESIAN_POINT ( 'NONE',  ( 70.68189213675297822, -8.929164379121859341, 4.503022823796627883 ) ) ;
#3732 = CARTESIAN_POINT ( 'NONE',  ( 70.62417195950936843, 2.580466845471927950, -9.662189834533707611 ) ) ;
#3733 = EDGE_LOOP ( 'NONE', ( #2257, #457 ) ) ;
#3734 = CARTESIAN_POINT ( 'NONE',  ( 73.07162911229404756, -3.768270852058837939, -9.263736229870024985 ) ) ;
#3735 = ORIENTED_EDGE ( 'NONE', *, *, #3486, .T. ) ;
#3736 = CARTESIAN_POINT ( 'NONE',  ( 76.38825132211495372, -2.567486555851886454, 9.665154873935927426 ) ) ;
#3737 = CARTESIAN_POINT ( 'NONE',  ( 76.29992569189745666, -10.00000520156549122, -0.09182646127890606302 ) ) ;
#3738 = VECTOR ( 'NONE', #4400, 1000.000000000000000 ) ;
#3739 = DIRECTION ( 'NONE',  ( -1.000000000000000000, -0.000000000000000000, -0.000000000000000000 ) ) ;
#3740 = CARTESIAN_POINT ( 'NONE',  ( 77.69992722027564014, -1.870825301720263623, -7.778724707344113476 ) ) ;
#3741 = VERTEX_POINT ( 'NONE', #5051 ) ;
#3742 = EDGE_CURVE ( 'NONE', #70, #196, #5495, .T. ) ;
#3743 = DIRECTION ( 'NONE',  ( 0.000000000000000000, 0.000000000000000000, 1.000000000000000000 ) ) ;
#3744 = FACE_BOUND ( 'NONE', #3993, .T. ) ;
#3745 = VERTEX_POINT ( 'NONE', #4491 ) ;
#3746 = CARTESIAN_POINT ( 'NONE',  ( 70.00000000000000000, 9.291306452362329438, -3.697515978098008915 ) ) ;
#3747 = CARTESIAN_POINT ( 'NONE',  ( 72.82538912827219235, -6.029184835370113404, -5.258909188261714718 ) ) ;
#3748 = CARTESIAN_POINT ( 'NONE',  ( 77.69992722027564014, -7.248092366335419534, -3.387285407412946814 ) ) ;
#3749 = ADVANCED_FACE ( 'NONE', ( #247 ), #1185, .F. ) ;
#3750 = CARTESIAN_POINT ( 'NONE',  ( 69.37585270615919342, -2.135122157977730417, 7.710900816470024566 ) ) ;
#3751 = CARTESIAN_POINT ( 'NONE',  ( 77.55920409114584402, 1.357609640821721309, -7.884229201073218007 ) ) ;
#3752 = VERTEX_POINT ( 'NONE', #686 ) ;
#3753 = AXIS2_PLACEMENT_3D ( 'NONE', #567, #5812, #4401 ) ;
#3754 = FACE_OUTER_BOUND ( 'NONE', #3311, .T. ) ;
#3755 = B_SPLINE_CURVE_WITH_KNOTS ( 'NONE', 3,
 ( #5606, #2845, #2821, #5188, #6150, #1320, #37, #2758, #4717, #4214, #1407, #911, #442, #4745, #3331, #3304 ),
 .UNSPECIFIED., .F., .F.,
 ( 4, 2, 2, 2, 2, 2, 2, 4 ),
 ( 0.000000000000000000, 0.0002736485253891249802, 0.0005472970507782499603, 0.001094594101556470647, 0.001368242626945581153, 0.001641891152334691226, 0.001915539677723801949, 0.002189188203112912671 ),
 .UNSPECIFIED. ) ;
#3756 = AXIS2_PLACEMENT_3D ( 'NONE', #1595, #3161, #5058 ) ;
#3757 = ORIENTED_EDGE ( 'NONE', *, *, #4435, .T. ) ;
#3758 = EDGE_CURVE ( 'NONE', #5182, #1457, #4555, .T. ) ;
#3759 = CARTESIAN_POINT ( 'NONE',  ( 70.61126478936334649, 7.354382560517616518, 3.149640617806919618 ) ) ;
#3760 = B_SPLINE_CURVE_WITH_KNOTS ( 'NONE', 3,
 ( #3018, #2960, #4393, #4833, #1029, #3952, #4364, #2494, #148, #120, #616, #92, #3451, #1929 ),
 .UNSPECIFIED., .F., .F.,
 ( 4, 2, 2, 2, 2, 2, 4 ),
 ( 0.002189188203112913105, 0.002736359354753675928, 0.003009944930574057556, 0.003283530506394439184, 0.003557116082214820379, 0.003830701658035202441, 0.004377872809675966564 ),
 .UNSPECIFIED. ) ;
#3761 = CARTESIAN_POINT ( 'NONE',  ( 76.81663884680023102, -2.438377955450617751, 7.619419704848835018 ) ) ;
#3762 = CARTESIAN_POINT ( 'NONE',  ( 76.38828058685217570, 7.992682765693551517, -0.3524455084488272161 ) ) ;
#3763 = CARTESIAN_POINT ( 'NONE',  ( 70.56041628925873965, 1.804465320102542236, -9.836065698270978430 ) ) ;
#3764 = ORIENTED_EDGE ( 'NONE', *, *, #783, .T. ) ;
#3765 = VERTEX_POINT ( 'NONE', #4456 ) ;
#3766 = DIRECTION ( 'NONE',  ( -0.000000000000000000, 1.000000000000000000, -0.000000000000000000 ) ) ;
#3767 = CARTESIAN_POINT ( 'NONE',  ( 74.13704300877442677, 9.708566880093398410, -2.403560710081516394 ) ) ;
#3768 = CARTESIAN_POINT ( 'NONE',  ( 76.81497915877277194, -5.672321722240054598, -8.235579292278330854 ) ) ;
#3769 = CARTESIAN_POINT ( 'NONE',  ( 76.90745110525168116, 5.516069389005306078, -5.794219403481251973 ) ) ;
#3770 = EDGE_LOOP ( 'NONE', ( #4271, #890 ) ) ;
#3771 = VECTOR ( 'NONE', #2162, 1000.000000000000000 ) ;
#3772 = FACE_OUTER_BOUND ( 'NONE', #5709, .T. ) ;
#3773 = CARTESIAN_POINT ( 'NONE',  ( 69.90745110525169537, 4.421505313550158078, 6.667105126083414213 ) ) ;
#3774 = ORIENTED_EDGE ( 'NONE', *, *, #4754, .F. ) ;
#3775 = FACE_OUTER_BOUND ( 'NONE', #4836, .T. ) ;
#3776 = AXIS2_PLACEMENT_3D ( 'NONE', #2444, #4342, #4842 ) ;
#3777 = EDGE_CURVE ( 'NONE', #633, #3581, #5898, .T. ) ;
#3778 = LINE ( 'NONE', #3721, #1559 ) ;
#3779 = CARTESIAN_POINT ( 'NONE',  ( 77.55920409114582981, -7.384458548941541522, -3.077977578032673467 ) ) ;
#3780 = CARTESIAN_POINT ( 'NONE',  ( 73.43710854142003086, -5.794219403481214670, 5.516069389005344270 ) ) ;
#3781 = CARTESIAN_POINT ( 'NONE',  ( 77.36629917073253182, 2.383170339350709543, -7.637882967336419249 ) ) ;
#3782 = EDGE_LOOP ( 'NONE', ( #2820, #1908 ) ) ;
#3783 = B_SPLINE_CURVE_WITH_KNOTS ( 'NONE', 3,
 ( #2956, #5311, #1052, #2903, #4300, #5242, #2461, #2490, #5278, #4803, #3823, #3916, #5829, #4360, #34, #5212 ),
 .UNSPECIFIED., .F., .F.,
 ( 4, 2, 2, 2, 2, 2, 2, 4 ),
 ( 0.000000000000000000, 0.0002736485253891023203, 0.0005472970507782046407, 0.001094594101556440073, 0.001368242626945557301, 0.001641891152334674746, 0.001915539677723792191, 0.002189188203112909636 ),
 .UNSPECIFIED. ) ;
#3784 = CARTESIAN_POINT ( 'NONE',  ( 73.43710854142003086, -13.90010016731158871, -28.86385541192115767 ) ) ;
#3785 = ADVANCED_FACE ( 'NONE', ( #4112 ), #6057, .F. ) ;
#3786 = CARTESIAN_POINT ( 'NONE',  ( 73.52849368626503690, -3.697515978098080414, -9.291306452362311674 ) ) ;
#3787 = CARTESIAN_POINT ( 'NONE',  ( 69.99999999999980105, -7.483824372735139896, -2.827078484594213403 ) ) ;
#3788 = CARTESIAN_POINT ( 'NONE',  ( 83.00000000000000000, 0.000000000000000000, 0.000000000000000000 ) ) ;
#3789 = ORIENTED_EDGE ( 'NONE', *, *, #3860, .T. ) ;
#3790 = FACE_OUTER_BOUND ( 'NONE', #816, .T. ) ;
#3791 = CARTESIAN_POINT ( 'NONE',  ( 72.73710854141486948, 5.737254666469916711E-13, 8.000000000000452971 ) ) ;
#3792 = CARTESIAN_POINT ( 'NONE',  ( 77.00000000000001421, -5.516069389005265222, 5.794219403481287500 ) ) ;
#3793 = EDGE_CURVE ( 'NONE', #936, #3765, #3902, .T. ) ;
#3794 = DIRECTION ( 'NONE',  ( 0.000000000000000000, 0.000000000000000000, 1.000000000000000000 ) ) ;
#3795 = FACE_OUTER_BOUND ( 'NONE', #2586, .T. ) ;
#3796 = B_SPLINE_CURVE_WITH_KNOTS ( 'NONE', 3,
 ( #1305, #4135, #4172, #4673, #4202, #4704, #805, #4611, #4230, #6081, #5171, #5205, #6138, #3726, #926, #2717 ),
 .UNSPECIFIED., .F., .F.,
 ( 4, 2, 2, 2, 2, 2, 2, 4 ),
 ( 0.000000000000000000, 0.0002736485253891257391, 0.0005472970507782514782, 0.001094594101556473466, 0.001368242626945583539, 0.001641891152334693394, 0.001915539677723803250, 0.002189188203112913105 ),
 .UNSPECIFIED. ) ;
#3797 = ORIENTED_EDGE ( 'NONE', *, *, #5853, .F. ) ;
#3798 = FACE_OUTER_BOUND ( 'NONE', #1905, .T. ) ;
#3799 = CARTESIAN_POINT ( 'NONE',  ( 70.43051374540978316, 8.753025847433725914, 4.836188468095893533 ) ) ;
#3800 = LINE ( 'NONE', #68, #4442 ) ;
#3801 = LINE ( 'NONE', #5250, #3474 ) ;
#3802 = EDGE_LOOP ( 'NONE', ( #1838, #5588, #4229, #3590 ) ) ;
#3803 = CARTESIAN_POINT ( 'NONE',  ( 69.31811214426680579, 4.843908994993711303, -6.367396742598931070 ) ) ;
#3804 = CARTESIAN_POINT ( 'NONE',  ( 69.37585270615919342, 4.697398125282992609, 6.476973744235296593 ) ) ;
#3805 = ORIENTED_EDGE ( 'NONE', *, *, #5526, .F. ) ;
#3806 = CARTESIAN_POINT ( 'NONE',  ( 73.52964024784544961, 3.697515978097878797, -9.291306452362384505 ) ) ;
#3807 = DIRECTION ( 'NONE',  ( -0.000000000000000000, 0.4338837391175526248, -0.9009688679024218105 ) ) ;
#3808 = CARTESIAN_POINT ( 'NONE',  ( 77.00000000000001421, -1.537301343332059922, -9.881128709807875055 ) ) ;
#3809 = DIRECTION ( 'NONE',  ( -0.000000000000000000, -0.2225209339563182231, -0.9749279121818227312 ) ) ;
#3810 = CARTESIAN_POINT ( 'NONE',  ( 69.81727175442986777, 6.766885797695467275, 7.362693569675940353 ) ) ;
#3811 = VERTEX_POINT ( 'NONE', #1617 ) ;
#3812 = DIRECTION ( 'NONE',  ( 0.000000000000000000, 0.000000000000000000, 1.000000000000000000 ) ) ;
#3813 = CARTESIAN_POINT ( 'NONE',  ( 70.00000000000029843, -5.672321722236169705, 8.235579292281004271 ) ) ;
#3814 = CARTESIAN_POINT ( 'NONE',  ( 73.43710854142032929, -3.697515978093756761, -9.291306452364025859 ) ) ;
#3815 = CARTESIAN_POINT ( 'NONE',  ( 70.18305898564280199, -1.555291195289037143, 9.878375814239179320 ) ) ;
#3816 = CARTESIAN_POINT ( 'NONE',  ( 70.69993446735443854, -2.046855927511071371, -9.789982418998864233 ) ) ;
#3817 = ORIENTED_EDGE ( 'NONE', *, *, #1966, .T. ) ;
#3818 = CARTESIAN_POINT ( 'NONE',  ( 73.08470508606276894, -0.6117417536603031447, 9.981332950303556828 ) ) ;
#3819 = CARTESIAN_POINT ( 'NONE',  ( 73.34411774293207031, -0.6999272001833324319, 7.969322550866706933 ) ) ;
#3820 = EDGE_CURVE ( 'NONE', #3418, #4927, #6149, .T. ) ;
#3821 = CARTESIAN_POINT ( 'NONE',  ( 69.56947108626575016, -4.538479036509095899, -6.588352794356031161 ) ) ;
#3822 = CARTESIAN_POINT ( 'NONE',  ( 77.70003269886106523, -6.163679963116562632, 7.875112256364919183 ) ) ;
#3823 = CARTESIAN_POINT ( 'NONE',  ( 72.87669225216131963, 8.079060816590963867, 5.893476039993741367 ) ) ;
#3824 = EDGE_LOOP ( 'NONE', ( #2638, #1683 ) ) ;
#3825 = EDGE_CURVE ( 'NONE', #4405, #1212, #3613, .T. ) ;
#3826 = CARTESIAN_POINT ( 'NONE',  ( 73.80336449007965882, 7.414761026295704660, 6.711040529656978393 ) ) ;
#3827 = CARTESIAN_POINT ( 'NONE',  ( 70.35287253598528423, 8.727575747872668543, 4.881665917086465356 ) ) ;
#3828 = CARTESIAN_POINT ( 'NONE',  ( 76.63374405134040046, -5.735510480215698870, -8.192720280780266151 ) ) ;
#3829 = CARTESIAN_POINT ( 'NONE',  ( 77.00000000000001421, 1.537301343332124537, 9.881128709807864396 ) ) ;
#3830 = ORIENTED_EDGE ( 'NONE', *, *, #3035, .F. ) ;
#3831 = EDGE_CURVE ( 'NONE', #3180, #1004, #772, .T. ) ;
#3832 = DIRECTION ( 'NONE',  ( -1.000000000000000000, -0.000000000000000000, -0.000000000000000000 ) ) ;
#3833 = EDGE_LOOP ( 'NONE', ( #63, #6022, #4972, #4517 ) ) ;
#3834 = AXIS2_PLACEMENT_3D ( 'NONE', #4710, #2336, #3270 ) ;
#3835 = CARTESIAN_POINT ( 'NONE',  ( 70.18505475354398015, 2.455789212633341823, -7.613744108066258676 ) ) ;
#3836 = CARTESIAN_POINT ( 'NONE',  ( 73.86684065352463335, 4.836877961144759652, -8.752650747125001018 ) ) ;
#3837 = CARTESIAN_POINT ( 'NONE',  ( 73.43710854142003086, -26.36938615365769323, -21.02888373870605676 ) ) ;
#3838 = CARTESIAN_POINT ( 'NONE',  ( 77.00000000000001421, 5.712795373489687023, -28.17516336431253876 ) ) ;
#3839 = CARTESIAN_POINT ( 'NONE',  ( 74.13718088981457299, 3.388281050122234461, -7.247626984578129594 ) ) ;
#3840 = CARTESIAN_POINT ( 'NONE',  ( 69.63452057087403091, 6.711346496273725037, 7.414479237143843271 ) ) ;
#3841 = ORIENTED_EDGE ( 'NONE', *, *, #2139, .T. ) ;
#3842 = CARTESIAN_POINT ( 'NONE',  ( 77.00000000000001421, 24.00100000000000122, -0.7000000000000018430 ) ) ;
#3843 = VECTOR ( 'NONE', #5196, 1000.000000000000114 ) ;
#3844 = CARTESIAN_POINT ( 'NONE',  ( 69.56947108626572174, -6.947607464563271051, -3.966728504205462080 ) ) ;
#3845 = CARTESIAN_POINT ( 'NONE',  ( 73.52964024784544961, -4.958872393161402492, -8.683869217597756318 ) ) ;
#3846 = CARTESIAN_POINT ( 'NONE',  ( 70.35269246556350708, -1.624806475550075291, 9.867180111181703239 ) ) ;
#3847 = CARTESIAN_POINT ( 'NONE',  ( 72.73707562519641101, -3.553157584517125933, 7.168222800817866336 ) ) ;
#3848 = CARTESIAN_POINT ( 'NONE',  ( 70.00000000000000000, -6.766885797695191940, 7.362693569676186378 ) ) ;
#3849 = CARTESIAN_POINT ( 'NONE',  ( 74.13710854142004791, 0.000000000000000000, 8.000000000000000000 ) ) ;
#3850 = CARTESIAN_POINT ( 'NONE',  ( 69.90745110525169537, -4.421505313550107452, -6.667105126083448852 ) ) ;
#3851 = CARTESIAN_POINT ( 'NONE',  ( 77.00000000000029843, -5.672321722236169705, 8.235579292281004271 ) ) ;
#3852 = CARTESIAN_POINT ( 'NONE',  ( 69.29992569189747087, -9.049535373842351405, 4.256106865188403532 ) ) ;
#3853 = EDGE_CURVE ( 'NONE', #1285, #5182, #1499, .T. ) ;
#3854 = VERTEX_POINT ( 'NONE', #1454 ) ;
#3855 =( GEOMETRIC_REPRESENTATION_CONTEXT ( 3 ) GLOBAL_UNCERTAINTY_ASSIGNED_CONTEXT ( ( #2536 ) ) GLOBAL_UNIT_ASSIGNED_CONTEXT ( ( #877, #2338, #810 ) ) REPRESENTATION_CONTEXT ( 'NONE', 'WORKASPACE' ) );
#3856 = CARTESIAN_POINT ( 'NONE',  ( 76.64730396509263244, 1.178728502787229182, -7.912764448622358948 ) ) ;
#3857 = CARTESIAN_POINT ( 'NONE',  ( 70.00000000000029843, 9.291306452364079149, 3.697515978093625311 ) ) ;
#3858 = CARTESIAN_POINT ( 'NONE',  ( 76.64730396509263244, 6.921373559934801634, -4.011960885464910476 ) ) ;
#3859 = B_SPLINE_CURVE_WITH_KNOTS ( 'NONE', 3,
 ( #347, #1716, #3274, #2218, #4621, #847, #3616, #1743, #881, #6119, #1317, #4684, #6094, #4183, #5537, #5118 ),
 .UNSPECIFIED., .F., .F.,
 ( 4, 2, 2, 2, 2, 2, 2, 4 ),
 ( 0.000000000000000000, 0.0002736485253891031877, 0.0005472970507782063754, 0.001094594101556442675, 0.001368242626945560337, 0.001641891152334677782, 0.001915539677723795227, 0.002189188203112913105 ),
 .UNSPECIFIED. ) ;
#3860 = EDGE_CURVE ( 'NONE', #2720, #4924, #2013, .T. ) ;
#3861 = CIRCLE ( 'NONE', #3669, 2.749999999999999112 ) ;
#3862 = B_SPLINE_CURVE_WITH_KNOTS ( 'NONE', 3,
 ( #3723, #2388, #4288, #894, #4731, #455, #6135, #485, #2803, #21, #2859, #2356, #2267, #3204 ),
 .UNSPECIFIED., .F., .F.,
 ( 4, 2, 2, 2, 2, 2, 4 ),
 ( 0.002189565179306705422, 0.002736829203537979958, 0.003010461215653602047, 0.003284093227769224136, 0.003557725239884846225, 0.003831357252000467881, 0.004378621276231741549 ),
 .UNSPECIFIED. ) ;
#3863 = CARTESIAN_POINT ( 'NONE',  ( 73.43710854141983191, 7.925273415605802896, -1.090890135573667763 ) ) ;
#3864 = VERTEX_POINT ( 'NONE', #957 ) ;
#3865 = CARTESIAN_POINT ( 'NONE',  ( 77.36629917073253182, -7.457419765947318702, 2.898904538536417608 ) ) ;
#3866 = EDGE_LOOP ( 'NONE', ( #544, #5289 ) ) ;
#3867 = CARTESIAN_POINT ( 'NONE',  ( 77.68189213675299243, 9.998687502092614920, -0.1828641476860214110 ) ) ;
#3868 = CARTESIAN_POINT ( 'NONE',  ( 76.38825132211492530, -8.851509755831870052, -4.653813596832260480 ) ) ;
#3869 = EDGE_CURVE ( 'NONE', #1356, #3371, #679, .T. ) ;
#3870 = CYLINDRICAL_SURFACE ( 'NONE', #4951, 10.00000000000000000 ) ;
#3871 = VECTOR ( 'NONE', #6084, 1000.000000000000000 ) ;
#3872 = CARTESIAN_POINT ( 'NONE',  ( 69.38825132211496793, -5.955720679389336247, -8.033467317462729795 ) ) ;
#3873 = CARTESIAN_POINT ( 'NONE',  ( 76.38871602490031876, -8.851151867462119682, 4.654490686970961022 ) ) ;
#3874 = CARTESIAN_POINT ( 'NONE',  ( 69.29992569189747087, 2.314734677198014179, -9.728850883043946851 ) ) ;
#3875 = ORIENTED_EDGE ( 'NONE', *, *, #334, .T. ) ;
#3876 = FACE_OUTER_BOUND ( 'NONE', #4558, .T. ) ;
#3877 = AXIS2_PLACEMENT_3D ( 'NONE', #1204, #1136, #3531 ) ;
#3878 = CARTESIAN_POINT ( 'NONE',  ( 70.68189213675299243, -6.091110741851438526, 7.931302603703513476 ) ) ;
#3879 = CARTESIAN_POINT ( 'NONE',  ( 70.35269246556349287, 5.745109052022840501, -8.185044985206520352 ) ) ;
#3880 = CARTESIAN_POINT ( 'NONE',  ( 85.00100000000000477, 9.000000000000181188, 18.33845726811978949 ) ) ;
#3881 = EDGE_CURVE ( 'NONE', #5108, #944, #386, .T. ) ;
#3882 = CARTESIAN_POINT ( 'NONE',  ( 72.73710854141550897, -4.941229108585178154E-13, 10.00000000000031797 ) ) ;
#3883 = CARTESIAN_POINT ( 'NONE',  ( 69.38871602490029034, 9.157630277993677126, 4.018081709914692823 ) ) ;
#3884 = VECTOR ( 'NONE', #1752, 1000.000000000000000 ) ;
#3885 = CARTESIAN_POINT ( 'NONE',  ( 70.61126478936334649, 4.707176627680051517, -6.469131863210662914 ) ) ;
#3886 = EDGE_CURVE ( 'NONE', #5117, #1691, #2318, .T. ) ;
#3887 = CARTESIAN_POINT ( 'NONE',  ( 72.81296124757919586, -3.797427039055869979, -7.042463057338174792 ) ) ;
#3888 = VECTOR ( 'NONE', #672, 1000.000000000000000 ) ;
#3889 = CARTESIAN_POINT ( 'NONE',  ( 69.44079562782336268, -8.814578663659428770, 4.723068019828910558 ) ) ;
#3890 = VERTEX_POINT ( 'NONE', #1543 ) ;
#3891 = CARTESIAN_POINT ( 'NONE',  ( 70.18274313490439908, -7.969316156358701164, 0.7000000000001391776 ) ) ;
#3892 = DIRECTION ( 'NONE',  ( 0.000000000000000000, -0.8660254037844434816, -0.4999999999999916178 ) ) ;
#3893 = CARTESIAN_POINT ( 'NONE',  ( 70.00000000000000000, -21.02975994219517020, 26.37048487808076658 ) ) ;
#3894 = VERTEX_POINT ( 'NONE', #4850 ) ;
#3895 = B_SPLINE_CURVE_WITH_KNOTS ( 'NONE', 3,
 ( #3256, #920, #6041, #331, #5163, #3201, #4195, #5583, #396, #4224, #6132, #4665, #4163, #2296 ),
 .UNSPECIFIED., .F., .F.,
 ( 4, 2, 2, 2, 2, 2, 4 ),
 ( 0.002189188203112913539, 0.002736359354753675494, 0.003009944930574057122, 0.003283530506394439184, 0.003557116082214820812, 0.003830701658035202874, 0.004377872809675965697 ),
 .UNSPECIFIED. ) ;
#3896 = CARTESIAN_POINT ( 'NONE',  ( 70.61173969054669897, -7.048248914683523658, -3.785418262633337694 ) ) ;
#3897 = EDGE_CURVE ( 'NONE', #4707, #4804, #5965, .T. ) ;
#3898 = EDGE_LOOP ( 'NONE', ( #4812, #5449, #5138, #3520 ) ) ;
#3899 = CARTESIAN_POINT ( 'NONE',  ( 77.00000000000001421, 9.975469913743413741, 0.7000000000000018430 ) ) ;
#3900 = CARTESIAN_POINT ( 'NONE',  ( 73.43710854142003086, 3.697515978097878797, -9.291306452362382728 ) ) ;
#3901 = CARTESIAN_POINT ( 'NONE',  ( 73.34455964667168359, -7.613744108066243577, 2.455789212633394669 ) ) ;
#3902 = B_SPLINE_CURVE_WITH_KNOTS ( 'NONE', 3,
 ( #2150, #2659, #6026, #1280, #5963, #5534, #5997, #1740, #3641, #5469, #3579, #2183, #2562, #1712 ),
 .UNSPECIFIED., .F., .F.,
 ( 4, 2, 2, 2, 2, 2, 4 ),
 ( 0.002189188203112907034, 0.002736359354753671591, 0.003009944930574052352, 0.003283530506394433113, 0.003557116082214814307, 0.003830701658035195068, 0.004377872809675957023 ),
 .UNSPECIFIED. ) ;
#3903 = DIRECTION ( 'NONE',  ( -0.000000000000000000, -0.2225209339563050392, 0.9749279121818257288 ) ) ;
#3904 = FACE_OUTER_BOUND ( 'NONE', #4363, .T. ) ;
#3905 = CARTESIAN_POINT ( 'NONE',  ( 69.63374405134041467, 2.829294349699969846, -9.592280206005668219 ) ) ;
#3906 = EDGE_CURVE ( 'NONE', #2007, #4887, #4475, .T. ) ;
#3907 = ORIENTED_EDGE ( 'NONE', *, *, #438, .F. ) ;
#3908 = CARTESIAN_POINT ( 'NONE',  ( 70.69993446735442433, -6.377922671304541602, 7.704250602826572702 ) ) ;
#3909 = CARTESIAN_POINT ( 'NONE',  ( 77.61174165653737589, 6.506769884438264206, 7.594019800604895565 ) ) ;
#3910 = CARTESIAN_POINT ( 'NONE',  ( 70.68189213675296401, -2.046637919586441701, 9.788690631903884665 ) ) ;
#3911 = CARTESIAN_POINT ( 'NONE',  ( 73.25401337745888952, -4.072787295166267363, 6.885756730454335006 ) ) ;
#3912 = FACE_OUTER_BOUND ( 'NONE', #1446, .T. ) ;
#3913 = CARTESIAN_POINT ( 'NONE',  ( 70.69992722027566856, 4.915211372971680426, -6.312625645578261668 ) ) ;
#3914 = CARTESIAN_POINT ( 'NONE',  ( 69.99999999999980105, -5.516069389009168766, -5.794219403477575803 ) ) ;
#3915 = CARTESIAN_POINT ( 'NONE',  ( 69.90745110525169537, 1.090890135578890918, 7.925273415605081695 ) ) ;
#3916 = CARTESIAN_POINT ( 'NONE',  ( 73.00737642931545679, 8.155509294187526237, 5.787223139345553768 ) ) ;
#3917 = VERTEX_POINT ( 'NONE', #4412 ) ;
#3918 = CARTESIAN_POINT ( 'NONE',  ( 76.30006596912041061, 1.958554358310435450, -7.758701733914637799 ) ) ;
#3919 = CARTESIAN_POINT ( 'NONE',  ( 70.09138514484499183, 9.291306452362357859, 3.697515978097949851 ) ) ;
#3920 = CYLINDRICAL_SURFACE ( 'NONE', #5653, 2.749999999999999112 ) ;
#3921 = ORIENTED_EDGE ( 'NONE', *, *, #3906, .T. ) ;
#3922 = CARTESIAN_POINT ( 'NONE',  ( 69.81690483603881603, 5.502899033093886061, 5.806836000287872501 ) ) ;
#3923 = ORIENTED_EDGE ( 'NONE', *, *, #3671, .F. ) ;
#3924 = CARTESIAN_POINT ( 'NONE',  ( 73.00627389923744204, -0.5592045679966736182, -9.984561602896388166 ) ) ;
#3925 = CARTESIAN_POINT ( 'NONE',  ( 70.55920409114584402, 1.357609640821721309, -7.884229201073218007 ) ) ;
#3926 = CARTESIAN_POINT ( 'NONE',  ( 76.37585270615917921, -4.697398125282943759, -6.476973744235333008 ) ) ;
#3927 = CARTESIAN_POINT ( 'NONE',  ( 70.00000000000000000, 29.16877668994563066, 13.27000113061995457 ) ) ;
#3928 = ADVANCED_FACE ( 'NONE', ( #204 ), #1172, .F. ) ;
#3929 = CARTESIAN_POINT ( 'NONE',  ( 76.30007476368578523, -2.315833476951286496, -9.728589385792762556 ) ) ;
#3930 = ORIENTED_EDGE ( 'NONE', *, *, #3114, .F. ) ;
#3931 = CARTESIAN_POINT ( 'NONE',  ( 73.62216329496399680, 2.827078484599091279, -7.483824372733296038 ) ) ;
#3932 = CARTESIAN_POINT ( 'NONE',  ( 69.30007476368577102, 2.134582873067837117, -9.769958653358434830 ) ) ;
#3933 = ORIENTED_EDGE ( 'NONE', *, *, #3940, .T. ) ;
#3934 = CARTESIAN_POINT ( 'NONE',  ( 73.00627389923744204, 0.5592045679966830551, 9.984561602896388166 ) ) ;
#3935 = CARTESIAN_POINT ( 'NONE',  ( 77.00000000000001421, 1.090890135578890918, 7.925273415605081695 ) ) ;
#3936 = CARTESIAN_POINT ( 'NONE',  ( 69.38828058685216149, 7.048237967869125598, -3.785437514704017570 ) ) ;
#3937 = CYLINDRICAL_SURFACE ( 'NONE', #463, 0.7000000000000015099 ) ;
#3938 = CIRCLE ( 'NONE', #6142, 10.00000000000000000 ) ;
#3939 = CARTESIAN_POINT ( 'NONE',  ( 73.43710854142003086, 26.36938615365743388, -21.02888373870646532 ) ) ;
#3940 = EDGE_CURVE ( 'NONE', #4707, #3854, #3075, .T. ) ;
#3941 = DIRECTION ( 'NONE',  ( -1.000000000000000000, -0.000000000000000000, -0.000000000000000000 ) ) ;
#3942 = CARTESIAN_POINT ( 'NONE',  ( 77.18274313490439908, 7.483824372733347552, 2.827078484598964270 ) ) ;
#3943 = ORIENTED_EDGE ( 'NONE', *, *, #1248, .T. ) ;
#3944 = CIRCLE ( 'NONE', #366, 2.749999999999999556 ) ;
#3945 = CARTESIAN_POINT ( 'NONE',  ( 69.29996708377638015, -7.168222800817816598, 3.553157584517224965 ) ) ;
#3946 = CARTESIAN_POINT ( 'NONE',  ( 77.35287253598525581, -5.745198579865164135, -8.184982213713972499 ) ) ;
#3947 = EDGE_CURVE ( 'NONE', #3741, #4524, #4254, .T. ) ;
#3948 = VECTOR ( 'NONE', #717, 1000.000000000000000 ) ;
#3949 = EDGE_LOOP ( 'NONE', ( #1999, #123, #3117, #2153 ) ) ;
#3950 = B_SPLINE_CURVE_WITH_KNOTS ( 'NONE', 3,
 ( #1708, #277, #6023, #1310, #4644, #5993, #1677, #6053, #712, #840, #742, #4078, #1736, #2114, #3181, #5046 ),
 .UNSPECIFIED., .F., .F.,
 ( 4, 2, 2, 2, 2, 2, 2, 4 ),
 ( 0.000000000000000000, 0.0002736956474133499955, 0.0005473912948266999911, 0.001094782589653371359, 0.001368478237066706339, 0.001642173884480041535, 0.001915869531893376731, 0.002189565179306711927 ),
 .UNSPECIFIED. ) ;
#3951 = VECTOR ( 'NONE', #1836, 1000.000000000000000 ) ;
#3952 = CARTESIAN_POINT ( 'NONE',  ( 69.31838297155175610, 2.404158445235907493, 9.707069336631857226 ) ) ;
#3953 = DIRECTION ( 'NONE',  ( -0.000000000000000000, 0.2225209339563245792, 0.9749279121818212879 ) ) ;
#3954 = CARTESIAN_POINT ( 'NONE',  ( 38.00000000000000711, 10.09999999999999787, 0.000000000000000000 ) ) ;
#3955 = ORIENTED_EDGE ( 'NONE', *, *, #5481, .F. ) ;
#3956 = DIRECTION ( 'NONE',  ( -0.000000000000000000, 0.9009688679024187019, -0.4338837391175590086 ) ) ;
#3957 = VERTEX_POINT ( 'NONE', #4942 ) ;
#3958 = CARTESIAN_POINT ( 'NONE',  ( 22.30000000000000426, -18.00000000000000000, 0.000000000000000000 ) ) ;
#3959 = CARTESIAN_POINT ( 'NONE',  ( 70.61173969054669897, 2.122126992272133972, -7.713869406146662833 ) ) ;
#3960 = DIRECTION ( 'NONE',  ( -0.000000000000000000, -0.6234898018587372581, -0.7818314824680268060 ) ) ;
#3961 = FACE_BOUND ( 'NONE', #5221, .T. ) ;
#3962 = CARTESIAN_POINT ( 'NONE',  ( 73.80286108331044659, 0.6241477903330739929, 7.976663772252083895 ) ) ;
#3963 = ORIENTED_EDGE ( 'NONE', *, *, #452, .T. ) ;
#3964 = CARTESIAN_POINT ( 'NONE',  ( 72.82536885087337453, 6.029199791713727663, 5.258892854776048509 ) ) ;
#3965 = CARTESIAN_POINT ( 'NONE',  ( 77.00000000000001421, -1.090890135578839182, -7.925273415605090577 ) ) ;
#3966 = ORIENTED_EDGE ( 'NONE', *, *, #64, .T. ) ;
#3967 = CARTESIAN_POINT ( 'NONE',  ( 72.73710854141550897, -4.941229108585178154E-13, 10.00000000000031797 ) ) ;
#3968 = EDGE_CURVE ( 'NONE', #1004, #3180, #2671, .T. ) ;
#3969 = B_SPLINE_CURVE_WITH_KNOTS ( 'NONE', 3,
 ( #3899, #4841, #2532, #1063, #2884, #1534, #5873, #5320, #3867, #1478, #4870, #3459, #3401, #1036, #2938, #4430 ),
 .UNSPECIFIED., .F., .F.,
 ( 4, 2, 2, 2, 2, 2, 2, 4 ),
 ( 0.000000000000000000, 0.0002736485253891249802, 0.0005472970507782499603, 0.001094594101556470647, 0.001368242626945581153, 0.001641891152334691226, 0.001915539677723801949, 0.002189188203112912671 ),
 .UNSPECIFIED. ) ;
#3970 = CARTESIAN_POINT ( 'NONE',  ( 77.70007234839454213, 1.690581044505778729, 7.819877308127043847 ) ) ;
#3971 = CARTESIAN_POINT ( 'NONE',  ( 77.68192758678335963, 7.285573639734866269, -3.305695225881525534 ) ) ;
#3972 = DIRECTION ( 'NONE',  ( -0.000000000000000000, 0.9009688679024248081, 0.4338837391175463520 ) ) ;
#3973 = CARTESIAN_POINT ( 'NONE',  ( 70.18332813216635202, 1.555367475925423681, 9.878363861274403135 ) ) ;
#3974 = CARTESIAN_POINT ( 'NONE',  ( 76.44014412312341733, 9.990960128906360538, 0.4300025808602422894 ) ) ;
#3975 = DIRECTION ( 'NONE',  ( -0.000000000000000000, -0.2225209339563050392, 0.9749279121818257288 ) ) ;
#3976 = AXIS2_PLACEMENT_3D ( 'NONE', #1579, #2950, #580 ) ;
#3977 = CARTESIAN_POINT ( 'NONE',  ( 73.43710854141983191, -7.613744108064643967, -2.455789212638358698 ) ) ;
#3978 = ORIENTED_EDGE ( 'NONE', *, *, #3820, .F. ) ;
#3979 = EDGE_CURVE ( 'NONE', #3864, #574, #4506, .T. ) ;
#3980 = B_SPLINE_CURVE_WITH_KNOTS ( 'NONE', 3,
 ( #2308, #5240, #1896, #905, #5593, #2870, #6086, #6055, #408, #1774, #1432, #3326, #3673, #1311 ),
 .UNSPECIFIED., .F., .F.,
 ( 4, 2, 2, 2, 2, 2, 4 ),
 ( 0.002189565436321531944, 0.002736829545748661625, 0.003010461600462226682, 0.003284093655175791306, 0.003557725709889355929, 0.003831357764602920987, 0.004378621874030050667 ),
 .UNSPECIFIED. ) ;
#3981 = CARTESIAN_POINT ( 'NONE',  ( 73.43710854142032929, -4.958872393165316694, 8.683869217595512779 ) ) ;
#3982 = CARTESIAN_POINT ( 'NONE',  ( 69.90860718336330137, 2.455789212633377794, 7.613744108066253347 ) ) ;
#3983 = CARTESIAN_POINT ( 'NONE',  ( 77.35269246556352130, -6.701421786604718100, -7.422411027928113469 ) ) ;
#3984 = CARTESIAN_POINT ( 'NONE',  ( 73.43710854142003086, 7.613744108066229366, -2.455789212633443963 ) ) ;
#3985 = ORIENTED_EDGE ( 'NONE', *, *, #5091, .F. ) ;
#3986 = EDGE_CURVE ( 'NONE', #3348, #2166, #5143, .T. ) ;
#3987 = CARTESIAN_POINT ( 'NONE',  ( 77.56041628925875386, 5.893476039993742255, -8.079060816590965644 ) ) ;
#3988 = FACE_OUTER_BOUND ( 'NONE', #5425, .T. ) ;
#3989 = CARTESIAN_POINT ( 'NONE',  ( 69.64730396509261823, -7.976666690803097204, 0.6115804170321833544 ) ) ;
#3990 = DIRECTION ( 'NONE',  ( -0.000000000000000000, -0.4338837391175462965, 0.9009688679024248081 ) ) ;
#3991 = ORIENTED_EDGE ( 'NONE', *, *, #5987, .F. ) ;
#3992 = DIRECTION ( 'NONE',  ( -0.000000000000000000, 0.000000000000000000, 1.000000000000000000 ) ) ;
#3993 = EDGE_LOOP ( 'NONE', ( #5088, #4793 ) ) ;
#3994 = CARTESIAN_POINT ( 'NONE',  ( 69.38871602490029034, 8.851151867462149880, -4.654490686970897073 ) ) ;
#3995 = CARTESIAN_POINT ( 'NONE',  ( 77.00000000000001421, 21.02975994219497835, -26.37048487808088382 ) ) ;
#3996 = CARTESIAN_POINT ( 'NONE',  ( 69.99999999999980105, 4.421505313545665672, -6.667105126086390499 ) ) ;
#3997 = CARTESIAN_POINT ( 'NONE',  ( 70.00000000000000000, -6.395244912017612471, -28.01939871054335995 ) ) ;
#3998 = CARTESIAN_POINT ( 'NONE',  ( 77.00000000000001421, 21.57704197992297779, 25.93404201677951804 ) ) ;
#3999 = ORIENTED_EDGE ( 'NONE', *, *, #6156, .T. ) ;
#4000 = CARTESIAN_POINT ( 'NONE',  ( 69.37585270615917921, -5.269313071721215991, 6.020886793746708321 ) ) ;
#4001 = CARTESIAN_POINT ( 'NONE',  ( 72.82538912827216393, -7.870716025197991073, 1.434930270128823571 ) ) ;
#4002 = ORIENTED_EDGE ( 'NONE', *, *, #1248, .F. ) ;
#4003 = CARTESIAN_POINT ( 'NONE',  ( 73.62043667358638288, -3.714513918350417221, 9.284590831656490906 ) ) ;
#4004 = CARTESIAN_POINT ( 'NONE',  ( 77.18305898564285883, -9.284619458973873307, -3.714442210013915169 ) ) ;
#4005 = CARTESIAN_POINT ( 'NONE',  ( 69.37585270615916500, 7.359851907726453923, -3.138362300191109178 ) ) ;
#4006 = CARTESIAN_POINT ( 'NONE',  ( 74.13710854142004791, 0.000000000000000000, -24.00000000000000000 ) ) ;
#4007 = FACE_OUTER_BOUND ( 'NONE', #4108, .T. ) ;
#4008 = CARTESIAN_POINT ( 'NONE',  ( 73.25401337745886110, -7.619396865739583191, -2.438448995780451600 ) ) ;
#4009 = ORIENTED_EDGE ( 'NONE', *, *, #407, .F. ) ;
#4010 = CARTESIAN_POINT ( 'NONE',  ( 69.29996708377639436, -1.868992873081431361, -7.779152433456197890 ) ) ;
#4011 = CARTESIAN_POINT ( 'NONE',  ( 73.78998107740531509, -9.867162400696109614, -1.624914372878700997 ) ) ;
#4012 = CARTESIAN_POINT ( 'NONE',  ( 77.68189213675299243, 2.046637919586506094, -9.788690631903870454 ) ) ;
#4013 = ADVANCED_FACE ( 'NONE', ( #860 ), #5948, .F. ) ;
#4014 = CARTESIAN_POINT ( 'NONE',  ( 74.13714124028109609, -7.875112256364830365, 6.163679963116668326 ) ) ;
#4015 = ORIENTED_EDGE ( 'NONE', *, *, #18, .F. ) ;
#4016 = CARTESIAN_POINT ( 'NONE',  ( 69.38825132211496793, 9.994148768488768653, 0.3524150180710303726 ) ) ;
#4017 = DIRECTION ( 'NONE',  ( 0.000000000000000000, 0.000000000000000000, 1.000000000000000000 ) ) ;
#4018 = DIRECTION ( 'NONE',  ( 0.000000000000000000, 0.000000000000000000, 1.000000000000000000 ) ) ;
#4019 = DIRECTION ( 'NONE',  ( 0.000000000000000000, 0.000000000000000000, 1.000000000000000000 ) ) ;
#4020 = ADVANCED_FACE ( 'NONE', ( #1793 ), #2772, .F. ) ;
#4021 = ORIENTED_EDGE ( 'NONE', *, *, #3710, .F. ) ;
#4022 = CARTESIAN_POINT ( 'NONE',  ( 69.38828058685217570, 5.258909188261802647, 6.029184835370037909 ) ) ;
#4023 = ORIENTED_EDGE ( 'NONE', *, *, #2959, .T. ) ;
#4024 = CARTESIAN_POINT ( 'NONE',  ( 73.43710854142003086, 14.53077837484351065, 28.56013679453883469 ) ) ;
#4025 = CARTESIAN_POINT ( 'NONE',  ( 76.56947108626576437, -7.433075628463955198, 2.958643474511013505 ) ) ;
#4026 = CARTESIAN_POINT ( 'NONE',  ( 76.30006596912041061, -4.844858609861232068, -6.368730864211508802 ) ) ;
#4027 = B_SPLINE_CURVE_WITH_KNOTS ( 'NONE', 3,
 ( #598, #20, #4789, #5846, #2031, #2446, #3929, #1511, #1449, #512, #5760, #1482, #1911, #3808 ),
 .UNSPECIFIED., .F., .F.,
 ( 4, 2, 2, 2, 2, 2, 4 ),
 ( 0.002189188203112910069, 0.002736359354753672458, 0.003009944930574053219, 0.003283530506394434414, 0.003557116082214815608, 0.003830701658035196369, 0.004377872809675958758 ),
 .UNSPECIFIED. ) ;
#4028 = CARTESIAN_POINT ( 'NONE',  ( 70.69992722027565435, -4.915211372971637793, 6.312625645578295419 ) ) ;
#4029 = CARTESIAN_POINT ( 'NONE',  ( 70.00000000000000000, -28.86505807256337164, -13.90067933815141821 ) ) ;
#4030 = EDGE_LOOP ( 'NONE', ( #5237, #4002 ) ) ;
#4031 = CARTESIAN_POINT ( 'NONE',  ( 77.00000000000001421, -1.537301343332059922, -9.881128709807875055 ) ) ;
#4032 = CARTESIAN_POINT ( 'NONE',  ( 72.75516024144297944, 9.707348597250961220, -2.403037486827322322 ) ) ;
#4033 = ORIENTED_EDGE ( 'NONE', *, *, #2711, .F. ) ;
#4034 = DIRECTION ( 'NONE',  ( 1.000000000000000000, 0.000000000000000000, 0.000000000000000000 ) ) ;
#4035 = FACE_OUTER_BOUND ( 'NONE', #2185, .T. ) ;
#4036 = CARTESIAN_POINT ( 'NONE',  ( 77.42973211210464513, 6.663255350981017067, 7.456896917604442621 ) ) ;
#4037 = CARTESIAN_POINT ( 'NONE',  ( 85.00100000000000477, 8.999999999999962697, -18.33845726811991383 ) ) ;
#4038 = CARTESIAN_POINT ( 'NONE',  ( 73.62216329496399680, -7.613744108066245353, 2.455789212633395113 ) ) ;
#4039 = CARTESIAN_POINT ( 'NONE',  ( 77.36548765893751067, 7.457580749288206690, 2.898479859422345317 ) ) ;
#4040 = ORIENTED_EDGE ( 'NONE', *, *, #4641, .F. ) ;
#4041 = CARTESIAN_POINT ( 'NONE',  ( 76.31811214426682000, -4.843908994993670447, 6.367396742598961268 ) ) ;
#4042 = CARTESIAN_POINT ( 'NONE',  ( 74.04885019795743517, -7.594019800604988824, -6.506769884438155849 ) ) ;
#4043 = CARTESIAN_POINT ( 'NONE',  ( 77.09138514484497762, -6.766885797695239013, -7.362693569676145522 ) ) ;
#4044 = CARTESIAN_POINT ( 'NONE',  ( 72.82582456632034962, -9.822136662260401607, 1.879575570137491436 ) ) ;
#4045 = CIRCLE ( 'NONE', #2259, 8.000000000000000000 ) ;
#4046 = VERTEX_POINT ( 'NONE', #5036 ) ;
#4047 = EDGE_CURVE ( 'NONE', #4309, #5836, #2620, .T. ) ;
#4048 = CARTESIAN_POINT ( 'NONE',  ( 0.000000000000000000, 0.000000000000000000, 0.000000000000000000 ) ) ;
#4049 = DIRECTION ( 'NONE',  ( 0.000000000000000000, -0.9749279121818215099, 0.2225209339563233579 ) ) ;
#4050 = DIRECTION ( 'NONE',  ( 0.000000000000000000, -0.7818314824680204778, 0.6234898018587453628 ) ) ;
#4051 = CARTESIAN_POINT ( 'NONE',  ( 70.18305898564281620, -6.753517008039523262, -7.375042199988421920 ) ) ;
#4052 = ORIENTED_EDGE ( 'NONE', *, *, #1772, .T. ) ;
#4053 = FACE_OUTER_BOUND ( 'NONE', #4368, .T. ) ;
#4054 = ORIENTED_EDGE ( 'NONE', *, *, #2081, .F. ) ;
#4055 = ADVANCED_FACE ( 'NONE', ( #1332, #800, #1267, #5982, #2170, #3630, #4164, #5006, #3661, #732, #5584, #4666, #332, #2644, #5132, #2231, #4068, #4130, #6042, #397, #4573 ), #2298, .F. ) ;
#4056 = CARTESIAN_POINT ( 'NONE',  ( 22.30000000000000426, -9.000000000000074607, -15.58845726811985699 ) ) ;
#4057 = CARTESIAN_POINT ( 'NONE',  ( 77.69992722027566856, 4.915211372971680426, -6.312625645578261668 ) ) ;
#4058 = AXIS2_PLACEMENT_3D ( 'NONE', #4587, #6090, #1279 ) ;
#4059 = FACE_OUTER_BOUND ( 'NONE', #1558, .T. ) ;
#4060 = ORIENTED_EDGE ( 'NONE', *, *, #3947, .F. ) ;
#4061 = CARTESIAN_POINT ( 'NONE',  ( 77.61174165653739010, -2.567475390464589058, -9.665157069617166030 ) ) ;
#4062 = CARTESIAN_POINT ( 'NONE',  ( 70.36629917073253182, -1.166790938146810896, -7.915513628043810535 ) ) ;
#4063 = EDGE_LOOP ( 'NONE', ( #2102, #528 ) ) ;
#4064 = VECTOR ( 'NONE', #5110, 1000.000000000000000 ) ;
#4065 = DIRECTION ( 'NONE',  ( -0.000000000000000000, 0.2225209339563114785, -0.9749279121818243965 ) ) ;
#4066 = EDGE_CURVE ( 'NONE', #6039, #2598, #1200, .T. ) ;
#4067 = CARTESIAN_POINT ( 'NONE',  ( 77.62417195950939686, -8.845730669988686401, -4.665808660153983212 ) ) ;
#4068 = FACE_BOUND ( 'NONE', #1452, .T. ) ;
#4069 = DIRECTION ( 'NONE',  ( -0.000000000000000000, 0.7818314824680310249, 0.6234898018587320401 ) ) ;
#4070 = CARTESIAN_POINT ( 'NONE',  ( 73.43710854141983191, -7.925273415605810001, 1.090890135573617137 ) ) ;
#4071 = CARTESIAN_POINT ( 'NONE',  ( 74.11872753940536995, -3.304697534062890352, -7.286024504223371778 ) ) ;
#4072 = VERTEX_POINT ( 'NONE', #1823 ) ;
#4073 = CARTESIAN_POINT ( 'NONE',  ( 69.37585270615917921, -1.421955884708035578, -7.873676364498972013 ) ) ;
#4074 = CARTESIAN_POINT ( 'NONE',  ( 74.13714124028111030, -7.761520972095376614, -6.306118928294736747 ) ) ;
#4075 = CARTESIAN_POINT ( 'NONE',  ( 77.18332813216636623, 2.884723774536795737, -9.574946960976907562 ) ) ;
#4076 = ORIENTED_EDGE ( 'NONE', *, *, #4161, .F. ) ;
#4077 = AXIS2_PLACEMENT_3D ( 'NONE', #5710, #5238, #2784 ) ;
#4078 = CARTESIAN_POINT ( 'NONE',  ( 76.57028713879576287, -7.433383516625402088, -2.957887651761217818 ) ) ;
#4079 = ORIENTED_EDGE ( 'NONE', *, *, #5553, .F. ) ;
#4080 = ADVANCED_FACE ( 'NONE', ( #5758 ), #1882, .F. ) ;
#4081 = TOROIDAL_SURFACE ( 'NONE', #4787, 8.000000000000000000, 2.000000000000000888 ) ;
#4082 = CARTESIAN_POINT ( 'NONE',  ( 69.38871602490029034, 9.994120100610542679, -0.3531803371506751499 ) ) ;
#4083 = CARTESIAN_POINT ( 'NONE',  ( 73.80340771215257689, -5.847475912460679659, 5.461115503473712884 ) ) ;
#4084 = CARTESIAN_POINT ( 'NONE',  ( 69.81690483603881603, -7.970968626346124353, 0.6818366816699370503 ) ) ;
#4085 = CARTESIAN_POINT ( 'NONE',  ( 70.18332813216635202, -1.555367475925358622, -9.878363861274415569 ) ) ;
#4086 = VERTEX_POINT ( 'NONE', #2886 ) ;
#4087 = CARTESIAN_POINT ( 'NONE',  ( 76.64710261100198352, 4.495316590676971202, 6.617656113900951986 ) ) ;
#4088 = ORIENTED_EDGE ( 'NONE', *, *, #5177, .F. ) ;
#4089 = DIRECTION ( 'NONE',  ( 0.000000000000000000, -0.8660254037844326014, 0.5000000000000105471 ) ) ;
#4090 = CARTESIAN_POINT ( 'NONE',  ( 77.00000000000001421, 7.483824372733252517, -2.827078484599195196 ) ) ;
#4091 = CARTESIAN_POINT ( 'NONE',  ( 70.55920409114582981, 5.317682838435420223, 5.977158460482471014 ) ) ;
#4092 = CARTESIAN_POINT ( 'NONE',  ( 76.99999999999980105, 5.516069389009209623, 5.794219403477535835 ) ) ;
#4093 = ORIENTED_EDGE ( 'NONE', *, *, #3588, .T. ) ;
#4094 = EDGE_CURVE ( 'NONE', #1378, #3455, #3778, .T. ) ;
#4095 = CARTESIAN_POINT ( 'NONE',  ( 69.64730396509263244, -4.495217510445240094, 6.617723297060055465 ) ) ;
#4096 = CARTESIAN_POINT ( 'NONE',  ( 70.36548765893748225, -2.383602738323243653, -7.637744046083826177 ) ) ;
#4097 = VERTEX_POINT ( 'NONE', #1910 ) ;
#4098 = DIRECTION ( 'NONE',  ( -0.000000000000000000, 0.6234898018587320401, -0.7818314824680311359 ) ) ;
#4099 = CARTESIAN_POINT ( 'NONE',  ( 76.81727175442982514, -9.291306452362412927, -3.697515978097808187 ) ) ;
#4100 = CARTESIAN_POINT ( 'NONE',  ( 77.55983091159234277, -5.317080093697351018, 5.977695923136232992 ) ) ;
#4101 = CARTESIAN_POINT ( 'NONE',  ( 70.70007234839455634, 8.000006330482586137, 0.09189175393411776194 ) ) ;
#4102 = ADVANCED_FACE ( 'NONE', ( #3375 ), #5644, .F. ) ;
#4103 = CARTESIAN_POINT ( 'NONE',  ( 69.38871602490029034, -2.568226307581450207, -9.664956625304846227 ) ) ;
#4104 = ORIENTED_EDGE ( 'NONE', *, *, #1537, .T. ) ;
#4105 = CARTESIAN_POINT ( 'NONE',  ( 74.11899639715325350, 6.367396742598929293, 4.843908994993708639 ) ) ;
#4106 = CARTESIAN_POINT ( 'NONE',  ( 74.11900067817300908, -7.703274741287821747, -6.377048637202721082 ) ) ;
#4107 =( LENGTH_UNIT ( ) NAMED_UNIT ( * ) SI_UNIT ( .MILLI., .METRE. ) );
#4108 = EDGE_LOOP ( 'NONE', ( #2372, #5327, #729, #5129 ) ) ;
#4109 = CARTESIAN_POINT ( 'NONE',  ( 70.00000000000000000, -9.975469913743411965, -0.7000000000000018430 ) ) ;
#4110 = CARTESIAN_POINT ( 'NONE',  ( 76.99999999999980105, 1.090890135573562514, -7.925273415605818883 ) ) ;
#4111 = CARTESIAN_POINT ( 'NONE',  ( 69.63374405134042888, -9.981358935436700719, -0.6238748830898027675 ) ) ;
#4112 = FACE_OUTER_BOUND ( 'NONE', #4114, .T. ) ;
#4113 = CARTESIAN_POINT ( 'NONE',  ( 69.30006596912039640, 7.128355537671478004, 3.635922867561293792 ) ) ;
#4114 = EDGE_LOOP ( 'NONE', ( #2026, #3709, #2795, #1042 ) ) ;
#4115 = B_SPLINE_CURVE_WITH_KNOTS ( 'NONE', 3,
 ( #1141, #2648, #1704, #3568, #3535, #4946, #5456, #609, #1176, #3111, #3080, #5493, #3041, #4008, #676, #3977 ),
 .UNSPECIFIED., .F., .F.,
 ( 4, 2, 2, 2, 2, 2, 2, 4 ),
 ( 0.000000000000000000, 0.0002736956474133264683, 0.0005473912948266529367, 0.001094782589653334496, 0.001368478237066675981, 0.001642173884480017465, 0.001915869531893359167, 0.002189565179306700651 ),
 .UNSPECIFIED. ) ;
#4116 = CARTESIAN_POINT ( 'NONE',  ( 76.29996708377640857, 5.059152137971348218, 6.197848545054700509 ) ) ;
#4117 = VERTEX_POINT ( 'NONE', #3313 ) ;
#4118 = DIRECTION ( 'NONE',  ( -1.000000000000000000, 0.000000000000000000, 0.000000000000000000 ) ) ;
#4119 = CARTESIAN_POINT ( 'NONE',  ( 76.31811214426679157, 7.285623965860744455, 3.305583013254386859 ) ) ;
#4120 = CARTESIAN_POINT ( 'NONE',  ( 70.55920409114582981, -4.644002866965996290, 6.514400310352393753 ) ) ;
#4121 = CARTESIAN_POINT ( 'NONE',  ( 73.34571572478331802, 4.088434899662432009, -6.876387137968768215 ) ) ;
#4122 = ORIENTED_EDGE ( 'NONE', *, *, #2239, .T. ) ;
#4123 = B_SPLINE_CURVE_WITH_KNOTS ( 'NONE', 3,
 ( #3684, #818, #2192, #5059, #5608, #2760, #4152, #2221, #4119, #3162, #1784, #3127, #2254, #754, #1322, #789 ),
 .UNSPECIFIED., .F., .F.,
 ( 4, 2, 2, 2, 2, 2, 2, 4 ),
 ( 0.000000000000000000, 0.0002736956474133484776, 0.0005473912948266969553, 0.001094782589653366806, 0.001368478237066701568, 0.001642173884480035680, 0.001915869531893370226, 0.002189565179306704554 ),
 .UNSPECIFIED. ) ;
#4124 = LINE ( 'NONE', #5195, #3884 ) ;
#4125 = CARTESIAN_POINT ( 'NONE',  ( 73.07085259276045974, 9.869930649319732296, 1.612828275233062936 ) ) ;
#4126 = ORIENTED_EDGE ( 'NONE', *, *, #1644, .T. ) ;
#4127 = CARTESIAN_POINT ( 'NONE',  ( 69.99999999999980105, 2.455789212638459951, 7.613744108064611105 ) ) ;
#4128 = CARTESIAN_POINT ( 'NONE',  ( 70.61174165653741852, 8.851514380995240572, -4.653803199969516413 ) ) ;
#4129 = ADVANCED_FACE ( 'NONE', ( #4728 ), #1448, .F. ) ;
#4130 = FACE_BOUND ( 'NONE', #2709, .T. ) ;
#4131 = CARTESIAN_POINT ( 'NONE',  ( 70.00000000000029843, -6.766885797698668270, -7.362693569672995153 ) ) ;
#4132 = ORIENTED_EDGE ( 'NONE', *, *, #4830, .F. ) ;
#4133 = CARTESIAN_POINT ( 'NONE',  ( 77.00000000000001421, 20.48247790446735195, -26.80692773938199380 ) ) ;
#4134 = EDGE_LOOP ( 'NONE', ( #1428, #4743, #316, #1283 ) ) ;
#4135 = CARTESIAN_POINT ( 'NONE',  ( 77.09253170642543296, -9.291306452362308121, 3.697515978098075085 ) ) ;
#4136 = ADVANCED_FACE ( 'NONE', ( #3257 ), #5293, .F. ) ;
#4137 = CARTESIAN_POINT ( 'NONE',  ( 78.38119784648294797, 0.000000000000000000, 8.000000000000000000 ) ) ;
#4138 = EDGE_LOOP ( 'NONE', ( #1997, #3303, #2522, #162 ) ) ;
#4139 = CARTESIAN_POINT ( 'NONE',  ( 73.07162911229404756, -9.869994170990786131, 1.612417196537746955 ) ) ;
#4140 = AXIS2_PLACEMENT_3D ( 'NONE', #3939, #5799, #2514 ) ;
#4141 = CARTESIAN_POINT ( 'NONE',  ( 70.09138514484497762, 2.902200420386605195, 9.569599402269032495 ) ) ;
#4142 = EDGE_CURVE ( 'NONE', #3957, #6036, #3644, .T. ) ;
#4143 = LINE ( 'NONE', #2369, #5560 ) ;
#4144 = CARTESIAN_POINT ( 'NONE',  ( 77.00000000000001421, -7.077694450544888660, -27.86363405677393601 ) ) ;
#4145 = CARTESIAN_POINT ( 'NONE',  ( 77.55983091159237119, 7.988696079415075424, 0.4300281653687503813 ) ) ;
#4146 = CARTESIAN_POINT ( 'NONE',  ( 73.25422230436146265, -0.6818878693785512812, -7.970964052569386560 ) ) ;
#4147 = AXIS2_PLACEMENT_3D ( 'NONE', #4899, #5408, #3489 ) ;
#4148 = VERTEX_POINT ( 'NONE', #4788 ) ;
#4149 = LINE ( 'NONE', #2284, #3951 ) ;
#4150 = ORIENTED_EDGE ( 'NONE', *, *, #2503, .T. ) ;
#4151 = CARTESIAN_POINT ( 'NONE',  ( 70.00000000000029843, -1.537301343327402758, 9.881128709808599808 ) ) ;
#4152 = CARTESIAN_POINT ( 'NONE',  ( 76.30006596912041061, 7.128355537671478004, 3.635922867561293792 ) ) ;
#4153 = CARTESIAN_POINT ( 'NONE',  ( 73.52964024784546382, -9.569599402269030719, 2.902200420386614965 ) ) ;
#4154 = AXIS2_PLACEMENT_3D ( 'NONE', #5071, #3563, #4606 ) ;
#4155 = CARTESIAN_POINT ( 'NONE',  ( 77.18274313490441330, -2.455789212633527452, -7.613744108066207161 ) ) ;
#4156 = EDGE_LOOP ( 'NONE', ( #557, #339 ) ) ;
#4157 = DIRECTION ( 'NONE',  ( -0.000000000000000000, 0.9009688679024187019, -0.4338837391175590086 ) ) ;
#4158 = FACE_BOUND ( 'NONE', #5339, .T. ) ;
#4159 = VERTEX_POINT ( 'NONE', #4756 ) ;
#4160 = CARTESIAN_POINT ( 'NONE',  ( 70.55920409114582981, -5.317682838435374926, -5.977158460482510982 ) ) ;
#4161 = EDGE_CURVE ( 'NONE', #1457, #3698, #1116, .T. ) ;
#4162 = CIRCLE ( 'NONE', #3753, 2.749999999999999556 ) ;
#4163 = CARTESIAN_POINT ( 'NONE',  ( 73.25208770019280280, 3.697515978097879241, -9.291306452362382728 ) ) ;
#4164 = FACE_BOUND ( 'NONE', #2734, .T. ) ;
#4165 = CARTESIAN_POINT ( 'NONE',  ( 77.55983091159237119, -7.010984234371058221, -3.853607314928789052 ) ) ;
#4166 = CARTESIAN_POINT ( 'NONE',  ( 76.30007476368578523, -6.162218906134877550, 7.876267788946854864 ) ) ;
#4167 = CIRCLE ( 'NONE', #2682, 2.749999999999999556 ) ;
#4168 = CARTESIAN_POINT ( 'NONE',  ( 70.69993446735445275, -8.930310264659093278, -4.503657794417614824 ) ) ;
#4169 = ADVANCED_FACE ( 'NONE', ( #4283 ), #1161, .F. ) ;
#4170 = VERTEX_POINT ( 'NONE', #1536 ) ;
#4171 = B_SPLINE_CURVE_WITH_KNOTS ( 'NONE', 3,
 ( #5440, #3062, #4964, #4496, #2730, #6065, #3767, #5092, #4623, #2315, #2759, #5121, #6151, #2288, #417, #4242 ),
 .UNSPECIFIED., .F., .F.,
 ( 4, 2, 2, 2, 2, 2, 2, 4 ),
 ( 0.000000000000000000, 0.0002736485253891037298, 0.0005472970507782074596, 0.001094594101556443325, 0.001368242626945561204, 0.001641891152334678432, 0.001915539677723796094, 0.002189188203112913105 ),
 .UNSPECIFIED. ) ;
#4172 = CARTESIAN_POINT ( 'NONE',  ( 77.18332813216635202, -9.284590831656441168, 3.714513918350546895 ) ) ;
#4173 = CARTESIAN_POINT ( 'NONE',  ( 70.00000000000000000, 2.455789212633342267, -7.613744108066260452 ) ) ;
#4174 = ORIENTED_EDGE ( 'NONE', *, *, #125, .F. ) ;
#4175 = CARTESIAN_POINT ( 'NONE',  ( 72.75549151297177275, -9.707069336631887424, -2.404158445235776931 ) ) ;
#4176 = ADVANCED_FACE ( 'NONE', ( #2445, #2064, #3961, #5322, #4466, #1974, #1565, #4966, #4374, #597, #3461, #660, #5875, #5844, #76, #5814, #5907, #2504, #4403, #3525, #2097 ), #3870, .T. ) ;
#4177 = PLANE ( 'NONE',  #3834 ) ;
#4178 = CARTESIAN_POINT ( 'NONE',  ( 76.31811214426682000, 7.998359094238590927, -0.1828863829027834453 ) ) ;
#4179 = DIRECTION ( 'NONE',  ( -0.000000000000000000, -0.9009688679024157043, 0.4338837391175651703 ) ) ;
#4180 = CARTESIAN_POINT ( 'NONE',  ( 77.61173969054669897, 7.992684275272107008, 0.3524234132877908099 ) ) ;
#4181 = EDGE_LOOP ( 'NONE', ( #2312, #4702, #1717, #1812 ) ) ;
#4182 = EDGE_CURVE ( 'NONE', #4810, #3765, #4432, .T. ) ;
#4183 = CARTESIAN_POINT ( 'NONE',  ( 73.62016752706281864, 9.574924633298389054, 2.884797687212201200 ) ) ;
#4184 = AXIS2_PLACEMENT_3D ( 'NONE', #6005, #3066, #1722 ) ;
#4185 = VERTEX_POINT ( 'NONE', #569 ) ;
#4186 = CARTESIAN_POINT ( 'NONE',  ( -9.797174393178823685E-16, 0.000000000000000000, 0.000000000000000000 ) ) ;
#4187 = CARTESIAN_POINT ( 'NONE',  ( 69.44079562782333426, -1.803156632733043940, 9.836299847788371409 ) ) ;
#4188 = DIRECTION ( 'NONE',  ( -1.000000000000000000, -0.000000000000000000, -0.000000000000000000 ) ) ;
#4189 = CLOSED_SHELL ( 'NONE', ( #159, #2342, #3051, #5751, #4609, #2109, #2223, #1728, #6021, #623, #3227, #929, #368, #4902, #1506, #815, #5809, #2497, #2319, #3928, #4217, #2874, #5712, #3504, #709, #5938, #4080, #2034, #5062, #2271, #412, #2008, #2780, #59, #1653, #897, #5824, #2890, #1312, #4102, #935, #1464, #3749, #4169, #4020, #2122, #701, #1308, #193, #3785, #5932, #2590, #3141, #3186, #6131, #4329, #2159, #979, #5323, #5609, #4055, #215, #5968, #5835, #4176, #2654, #1402, #5012, #3267, #2333, #2033, #4592, #209, #2625, #5164, #1734, #511, #2994, #249, #1489, #664, #3413, #2541, #3024, #1207, #673, #4129, #5739, #4672, #5280, #374, #90, #4013, #4620, #5895, #2206, #4977, #2786, #1891, #2975, #5561, #1480, #1701, #5744, #5679, #2945, #3323, #180, #202, #6047, #4557, #3450, #2380, #2000, #2699, #3639, #4136, #1471, #1808, #4926, #4540, #384, #4867, #3608 ) ) ;
#4190 = CARTESIAN_POINT ( 'NONE',  ( 73.43710854142003086, -26.36938615365756888, 21.02888373870624861 ) ) ;
#4191 = ORIENTED_EDGE ( 'NONE', *, *, #5641, .T. ) ;
#4192 = CARTESIAN_POINT ( 'NONE',  ( 69.37585270615917921, 5.269313071721250630, -6.020886793746677235 ) ) ;
#4193 = LINE ( 'NONE', #1789, #3843 ) ;
#4194 = ORIENTED_EDGE ( 'NONE', *, *, #4511, .T. ) ;
#4195 = CARTESIAN_POINT ( 'NONE',  ( 72.73718330510581609, 4.422585492848832622, -8.969351910186766474 ) ) ;
#4196 = CARTESIAN_POINT ( 'NONE',  ( 74.11900067817302329, 7.931302603703383802, -6.091110741851604615 ) ) ;
#4197 = CARTESIAN_POINT ( 'NONE',  ( 77.36629917073254603, -6.916080005145116338, -4.023008134657539259 ) ) ;
#4198 = CARTESIAN_POINT ( 'NONE',  ( 76.44014412312341733, -6.565451306409300081, 7.543144944922608452 ) ) ;
#4199 = LINE ( 'NONE', #4133, #5055 ) ;
#4200 = ORIENTED_EDGE ( 'NONE', *, *, #4161, .T. ) ;
#4201 = B_SPLINE_CURVE_WITH_KNOTS ( 'NONE', 3,
 ( #4877, #601, #2036, #1041, #1069, #5818, #3932, #3874, #5849, #4760, #573, #3905, #2943, #2918 ),
 .UNSPECIFIED., .F., .F.,
 ( 4, 2, 2, 2, 2, 2, 4 ),
 ( 0.002189188203112913539, 0.002736359354753676795, 0.003009944930574059291, 0.003283530506394440485, 0.003557116082214821680, 0.003830701658035203308, 0.004377872809675966564 ),
 .UNSPECIFIED. ) ;
#4202 = CARTESIAN_POINT ( 'NONE',  ( 77.43051374540979737, -9.238506750787049526, 3.828076984655445436 ) ) ;
#4203 = DIRECTION ( 'NONE',  ( -1.000000000000000000, -0.000000000000000000, -0.000000000000000000 ) ) ;
#4204 = DIRECTION ( 'NONE',  ( -1.000000000000000000, -0.000000000000000000, -0.000000000000000000 ) ) ;
#4205 = VERTEX_POINT ( 'NONE', #4872 ) ;
#4206 = CARTESIAN_POINT ( 'NONE',  ( 72.73703423331750173, -9.769717502895314709, -2.135686316842636767 ) ) ;
#4207 = LINE ( 'NONE', #5627, #4544 ) ;
#4208 = DIRECTION ( 'NONE',  ( 0.000000000000000000, -0.8660254037844434816, -0.4999999999999916178 ) ) ;
#4209 = FACE_OUTER_BOUND ( 'NONE', #3067, .T. ) ;
#4210 = EDGE_CURVE ( 'NONE', #6036, #3957, #3133, .T. ) ;
#4211 = ORIENTED_EDGE ( 'NONE', *, *, #2582, .F. ) ;
#4212 = CARTESIAN_POINT ( 'NONE',  ( 76.90745110525169537, 4.421505313550158078, 6.667105126083414213 ) ) ;
#4213 = EDGE_LOOP ( 'NONE', ( #4643, #2564 ) ) ;
#4214 = CARTESIAN_POINT ( 'NONE',  ( 77.61174165653739010, -9.994148424587296020, 0.3524036440381290158 ) ) ;
#4215 = DIRECTION ( 'NONE',  ( 1.000000000000000000, 0.000000000000000000, 0.000000000000000000 ) ) ;
#4216 = CYLINDRICAL_SURFACE ( 'NONE', #1893, 2.749999999999999556 ) ;
#4217 = ADVANCED_FACE ( 'NONE', ( #2970 ), #3001, .F. ) ;
#4218 = CARTESIAN_POINT ( 'NONE',  ( 77.68192758678335963, -1.601621894156812331, -7.838495486671722468 ) ) ;
#4219 = VERTEX_POINT ( 'NONE', #2477 ) ;
#4220 = CARTESIAN_POINT ( 'NONE',  ( 74.04884823196672983, -7.870712580292406280, -1.434952147230816211 ) ) ;
#4221 = LINE ( 'NONE', #6128, #5260 ) ;
#4222 = CARTESIAN_POINT ( 'NONE',  ( 77.69992722027566856, -5.060617515722713122, -6.196668116154278927 ) ) ;
#4223 = ORIENTED_EDGE ( 'NONE', *, *, #487, .T. ) ;
#4224 = CARTESIAN_POINT ( 'NONE',  ( 72.82535986353501301, 4.018783677105660423, -9.157324047355579921 ) ) ;
#4225 = CARTESIAN_POINT ( 'NONE',  ( 70.00000000000000000, 24.00100000000000122, 0.000000000000000000 ) ) ;
#4226 = CARTESIAN_POINT ( 'NONE',  ( 72.73710854141550897, 4.953475575456668607E-13, -10.00000000000031797 ) ) ;
#4227 = CARTESIAN_POINT ( 'NONE',  ( 69.99999999999980105, -1.090890135573508779, 7.925273415605825988 ) ) ;
#4228 = CARTESIAN_POINT ( 'NONE',  ( 77.68189213675299243, -2.046637919586441701, 9.788690631903884665 ) ) ;
#4229 = ORIENTED_EDGE ( 'NONE', *, *, #438, .T. ) ;
#4230 = CARTESIAN_POINT ( 'NONE',  ( 77.68189213675299243, -8.929164379121859341, 4.503022823796627883 ) ) ;
#4231 = CARTESIAN_POINT ( 'NONE',  ( 69.31811214426680579, 1.601501296318038836, -7.838519581357955346 ) ) ;
#4232 = ORIENTED_EDGE ( 'NONE', *, *, #4339, .F. ) ;
#4233 = CARTESIAN_POINT ( 'NONE',  ( 72.87686508553116482, -0.4297323438335305390, 9.990976438323221132 ) ) ;
#4234 = FACE_BOUND ( 'NONE', #1880, .T. ) ;
#4235 = DIRECTION ( 'NONE',  ( -1.000000000000000000, -0.000000000000000000, -0.000000000000000000 ) ) ;
#4236 = CARTESIAN_POINT ( 'NONE',  ( 77.00000000000001421, 28.86505807256328637, -13.90067933815211987 ) ) ;
#4237 = VERTEX_POINT ( 'NONE', #105 ) ;
#4238 = CARTESIAN_POINT ( 'NONE',  ( 76.38828058685218991, 5.258909188261802647, 6.029184835370037909 ) ) ;
#4239 = EDGE_CURVE ( 'NONE', #3033, #1765, #5448, .T. ) ;
#4240 = ORIENTED_EDGE ( 'NONE', *, *, #169, .T. ) ;
#4241 = CYLINDRICAL_SURFACE ( 'NONE', #1057, 0.7000000000000018430 ) ;
#4242 = CARTESIAN_POINT ( 'NONE',  ( 73.43710854142032929, 9.881128709808569610, -1.537301343327598602 ) ) ;
#4243 = AXIS2_PLACEMENT_3D ( 'NONE', #435, #875, #841 ) ;
#4244 = CARTESIAN_POINT ( 'NONE',  ( 76.38871602490031876, -6.507359467855157398, -7.593513395793370258 ) ) ;
#4245 = CARTESIAN_POINT ( 'NONE',  ( 22.30000000000000426, -18.00000000000000000, -2.749999999999999556 ) ) ;
#4246 = EDGE_LOOP ( 'NONE', ( #5686, #1274, #4240, #430 ) ) ;
#4247 = CARTESIAN_POINT ( 'NONE',  ( 69.81663884680025944, 5.502844937486415233, -5.806887400858259163 ) ) ;
#4248 = VECTOR ( 'NONE', #4883, 1000.000000000000000 ) ;
#4249 = CARTESIAN_POINT ( 'NONE',  ( 77.00000000000001421, -7.077694450544457894, 27.86363405677378324 ) ) ;
#4250 = EDGE_CURVE ( 'NONE', #3177, #848, #1162, .T. ) ;
#4251 = ORIENTED_EDGE ( 'NONE', *, *, #3599, .T. ) ;
#4252 = CARTESIAN_POINT ( 'NONE',  ( 77.61173969054668476, 4.707821415441668655, 6.468664599956028383 ) ) ;
#4253 = CARTESIAN_POINT ( 'NONE',  ( 73.25401337745884689, -5.806836000287952437, -5.502899033093804348 ) ) ;
#4254 = CIRCLE ( 'NONE', #669, 10.09999999999999787 ) ;
#4255 = CYLINDRICAL_SURFACE ( 'NONE', #1703, 0.7000000000000023981 ) ;
#4256 = CARTESIAN_POINT ( 'NONE',  ( 77.00000000000001421, -20.48247790446796301, -26.80692773938163498 ) ) ;
#4257 = CARTESIAN_POINT ( 'NONE',  ( 77.35269246556353551, -1.624806475550075291, 9.867180111181703239 ) ) ;
#4258 = EDGE_CURVE ( 'NONE', #70, #1082, #2165, .T. ) ;
#4259 = ORIENTED_EDGE ( 'NONE', *, *, #2024, .T. ) ;
#4260 = VECTOR ( 'NONE', #2776, 1000.000000000000000 ) ;
#4261 = CARTESIAN_POINT ( 'NONE',  ( 70.00000000000029843, -5.672321722236169705, 8.235579292281004271 ) ) ;
#4262 = CARTESIAN_POINT ( 'NONE',  ( 70.00000000000000000, -21.02975994219558231, -26.37048487808051078 ) ) ;
#4263 = CARTESIAN_POINT ( 'NONE',  ( 73.99655306733363602, -0.4305295215714836643, -7.988668579994389951 ) ) ;
#4264 = ORIENTED_EDGE ( 'NONE', *, *, #942, .T. ) ;
#4265 = CARTESIAN_POINT ( 'NONE',  ( 74.13710854142006212, -0.09253169432819653706, 10.00000000000000178 ) ) ;
#4266 = CARTESIAN_POINT ( 'NONE',  ( 73.43710854141983191, -4.088434899667067413, 6.876387137966006868 ) ) ;
#4267 = DIRECTION ( 'NONE',  ( -0.000000000000000000, -0.7818314824680221431, 0.6234898018587431423 ) ) ;
#4268 = CARTESIAN_POINT ( 'NONE',  ( 70.00000000000029843, -8.683869217595441725, 4.958872393165440151 ) ) ;
#4269 = CARTESIAN_POINT ( 'NONE',  ( 73.07085259276041711, -3.768657489251502124, 9.263582827204652759 ) ) ;
#4270 = ORIENTED_EDGE ( 'NONE', *, *, #3524, .F. ) ;
#4271 = ORIENTED_EDGE ( 'NONE', *, *, #359, .F. ) ;
#4272 = CARTESIAN_POINT ( 'NONE',  ( 76.31838297155174189, -2.045667626988995735, 9.788892526525499349 ) ) ;
#4273 = CARTESIAN_POINT ( 'NONE',  ( 70.18332813216633781, 8.692971621401053284, 4.943023867069100241 ) ) ;
#4274 = CARTESIAN_POINT ( 'NONE',  ( 77.00000000000029843, -6.766885797698668270, -7.362693569672995153 ) ) ;
#4275 = CARTESIAN_POINT ( 'NONE',  ( 77.00000000000029843, 2.902200420391060298, 9.569599402267682464 ) ) ;
#4276 = ORIENTED_EDGE ( 'NONE', *, *, #2417, .F. ) ;
#4277 = AXIS2_PLACEMENT_3D ( 'NONE', #3687, #1786, #6154 ) ;
#4278 = CARTESIAN_POINT ( 'NONE',  ( 69.43958974620024094, 4.645082267593655168, -6.513639581137935508 ) ) ;
#4279 = CARTESIAN_POINT ( 'NONE',  ( 76.99999999999980105, 4.421505313545665672, -6.667105126086390499 ) ) ;
#4280 = ORIENTED_EDGE ( 'NONE', *, *, #3825, .T. ) ;
#4281 = CARTESIAN_POINT ( 'NONE',  ( 73.86762228682981402, 4.836188468096072945, 8.753025847433628215 ) ) ;
#4282 = VECTOR ( 'NONE', #1848, 1000.000000000000000 ) ;
#4283 = FACE_OUTER_BOUND ( 'NONE', #771, .T. ) ;
#4284 = AXIS2_PLACEMENT_3D ( 'NONE', #4314, #600, #1569 ) ;
#4285 = EDGE_CURVE ( 'NONE', #4309, #2228, #4569, .T. ) ;
#4286 = B_SPLINE_CURVE_WITH_KNOTS ( 'NONE', 3,
 ( #774, #5923, #5955, #4011, #1640, #5460, #4983, #710, #2621, #3571, #273, #1306, #3700, #899, #2362, #5076 ),
 .UNSPECIFIED., .F., .F.,
 ( 4, 2, 2, 2, 2, 2, 2, 4 ),
 ( 0.000000000000000000, 0.0002736485253891036214, 0.0005472970507782072428, 0.001094594101556443542, 0.001368242626945560987, 0.001641891152334678649, 0.001915539677723795877, 0.002189188203112913539 ),
 .UNSPECIFIED. ) ;
#4287 = CARTESIAN_POINT ( 'NONE',  ( 76.81727175442983935, 1.537301343331842984, -9.881128709807912358 ) ) ;
#4288 = CARTESIAN_POINT ( 'NONE',  ( 70.36548765893752488, -1.166341084461474997, 7.915576075203134110 ) ) ;
#4289 = CARTESIAN_POINT ( 'NONE',  ( 73.43710854142003086, 4.088434899662630961, 6.876387137968640317 ) ) ;
#4290 = EDGE_LOOP ( 'NONE', ( #5859, #5688 ) ) ;
#4291 = CARTESIAN_POINT ( 'NONE',  ( 69.57028713879576287, -7.433383516625402088, -2.957887651761217818 ) ) ;
#4292 = CARTESIAN_POINT ( 'NONE',  ( 70.42973211210464513, 5.787223139345557321, -8.155509294187524461 ) ) ;
#4293 = CARTESIAN_POINT ( 'NONE',  ( 0.000000000000000000, 1.224646799147353256E-15, -10.00000000000000000 ) ) ;
#4294 = CARTESIAN_POINT ( 'NONE',  ( 73.43710854141983191, 7.613744108064659066, 2.455789212638308072 ) ) ;
#4295 = EDGE_CURVE ( 'NONE', #4405, #5074, #5531, .T. ) ;
#4296 = EDGE_LOOP ( 'NONE', ( #1507, #3291, #2676, #4861 ) ) ;
#4297 = CARTESIAN_POINT ( 'NONE',  ( 70.69992722027564014, 7.248092366335443515, 3.387285407412897520 ) ) ;
#4298 = CARTESIAN_POINT ( 'NONE',  ( 70.55983091159234277, 5.317080093697390097, -5.977695923136200129 ) ) ;
#4299 = CARTESIAN_POINT ( 'NONE',  ( 77.00000000000001421, -6.766885797695191940, 7.362693569676186378 ) ) ;
#4300 = CARTESIAN_POINT ( 'NONE',  ( 73.00659479601024771, 7.457416040002575741, 6.662666612633336705 ) ) ;
#4301 = VERTEX_POINT ( 'NONE', #632 ) ;
#4302 = CARTESIAN_POINT ( 'NONE',  ( -1.619044300812758254E-15, 0.000000000000000000, 0.000000000000000000 ) ) ;
#4303 = DIRECTION ( 'NONE',  ( 0.000000000000000000, -0.9749279121818215099, 0.2225209339563233579 ) ) ;
#4304 = CARTESIAN_POINT ( 'NONE',  ( 76.81727175442985356, -6.766885797695405991, -7.362693569675997196 ) ) ;
#4305 = CARTESIAN_POINT ( 'NONE',  ( 72.73718330510580188, -7.876267788946770487, 6.162218906134982355 ) ) ;
#4306 = CARTESIAN_POINT ( 'NONE',  ( 74.11872753940536995, 7.838713039730887289, -1.600548889768051541 ) ) ;
#4307 = ORIENTED_EDGE ( 'NONE', *, *, #2351, .F. ) ;
#4308 = CARTESIAN_POINT ( 'NONE',  ( 70.55920409114581560, -7.384458548941541522, -3.077977578032673467 ) ) ;
#4309 = VERTEX_POINT ( 'NONE', #3965 ) ;
#4310 = CARTESIAN_POINT ( 'NONE',  ( 70.55983091159232856, 2.196898574126905146, -7.692712520773886453 ) ) ;
#4311 = LINE ( 'NONE', #46, #902 ) ;
#4312 = CARTESIAN_POINT ( 'NONE',  ( 73.52964024784544961, 7.362693569676045158, -6.766885797695355365 ) ) ;
#4313 = CARTESIAN_POINT ( 'NONE',  ( 76.30007476368577102, 2.134582873067837117, -9.769958653358434830 ) ) ;
#4314 = CARTESIAN_POINT ( 'NONE',  ( 0.000000000000000000, 0.000000000000000000, 0.000000000000000000 ) ) ;
#4315 = CARTESIAN_POINT ( 'NONE',  ( 69.44014412312343154, 5.893072195891397413, 8.079349392801061569 ) ) ;
#4316 = ORIENTED_EDGE ( 'NONE', *, *, #4047, .F. ) ;
#4317 = EDGE_CURVE ( 'NONE', #1260, #1325, #2237, .T. ) ;
#4318 = CARTESIAN_POINT ( 'NONE',  ( 69.81690483603881603, -7.477432428275245790, -2.844160048809249108 ) ) ;
#4319 = CARTESIAN_POINT ( 'NONE',  ( 77.18332813216636623, 5.687399122450288225, 8.225249648664197721 ) ) ;
#4320 = DIRECTION ( 'NONE',  ( -0.000000000000000000, 0.6234898018587319291, -0.7818314824680310249 ) ) ;
#4321 = CARTESIAN_POINT ( 'NONE',  ( 77.00000000000001421, -7.483824372733234753, 2.827078484599248043 ) ) ;
#4322 = LINE ( 'NONE', #3473, #5382 ) ;
#4323 = CARTESIAN_POINT ( 'NONE',  ( 73.52900007190336851, -0.7000723682486954536, 7.969309799758307555 ) ) ;
#4324 = EDGE_CURVE ( 'NONE', #2166, #3348, #5067, .T. ) ;
#4325 = B_SPLINE_CURVE_WITH_KNOTS ( 'NONE', 3,
 ( #4131, #3662, #1794, #1761, #5585, #5620, #3232, #1039, #2478, #3872, #2858, #1976, #484, #5792 ),
 .UNSPECIFIED., .F., .F.,
 ( 4, 2, 2, 2, 2, 2, 4 ),
 ( 0.002189188203112908335, 0.002736359354753673759, 0.003009944930574055821, 0.003283530506394437450, 0.003557116082214818210, 0.003830701658035198971, 0.004377872809675957891 ),
 .UNSPECIFIED. ) ;
#4326 = CARTESIAN_POINT ( 'NONE',  ( 77.09138514484499183, -5.672321722240008413, 8.235579292278366381 ) ) ;
#4327 = CARTESIAN_POINT ( 'NONE',  ( 72.87790416924336512, -4.723068019828787101, 8.814578663659496272 ) ) ;
#4328 = ORIENTED_EDGE ( 'NONE', *, *, #2989, .T. ) ;
#4329 = ADVANCED_FACE ( 'NONE', ( #4158, #1355, #856, #3690, #2260, #6071, #1327, #4694, #449, #4663, #5668, #1294, #392, #3284, #2737, #2294, #5614, #2766, #2827, #3744, #5098 ), #1263, .T. ) ;
#4330 = CARTESIAN_POINT ( 'NONE',  ( 76.29996708377642278, 1.691343352015567625, -7.819699777368021465 ) ) ;
#4331 = DIRECTION ( 'NONE',  ( -0.000000000000000000, 1.000000000000000000, -0.000000000000000000 ) ) ;
#4332 = DIRECTION ( 'NONE',  ( -1.000000000000000000, -0.000000000000000000, -0.000000000000000000 ) ) ;
#4333 = CARTESIAN_POINT ( 'NONE',  ( 77.36629917073253182, -2.383170339350657585, 7.637882967336437900 ) ) ;
#4334 = ORIENTED_EDGE ( 'NONE', *, *, #934, .T. ) ;
#4335 = B_SPLINE_CURVE_WITH_KNOTS ( 'NONE', 3,
 ( #2028, #5378, #128, #3925, #5842, #155, #4785, #508, #2062, #3959, #4310, #1937, #3835, #5756 ),
 .UNSPECIFIED., .F., .F.,
 ( 4, 2, 2, 2, 2, 2, 4 ),
 ( 0.002189565179306708024, 0.002736829203537982560, 0.003010461215653605083, 0.003284093227769227172, 0.003557725239884850128, 0.003831357252000472217, 0.004378621276231746753 ),
 .UNSPECIFIED. ) ;
#4336 = CARTESIAN_POINT ( 'NONE',  ( 77.70007234839455634, -7.247626984578056764, 3.388281050122387228 ) ) ;
#4337 = ORIENTED_EDGE ( 'NONE', *, *, #3118, .F. ) ;
#4338 = CIRCLE ( 'NONE', #5142, 13.22049999999999947 ) ;
#4339 = EDGE_CURVE ( 'NONE', #5416, #594, #4221, .T. ) ;
#4340 = CARTESIAN_POINT ( 'NONE',  ( 69.44014412312341733, 9.188115164212801389, -3.947496199631587377 ) ) ;
#4341 = DIRECTION ( 'NONE',  ( 0.000000000000000000, 0.000000000000000000, 1.000000000000000000 ) ) ;
#4342 = DIRECTION ( 'NONE',  ( 1.000000000000000000, 0.000000000000000000, 0.000000000000000000 ) ) ;
#4343 = DIRECTION ( 'NONE',  ( -0.000000000000000000, -0.9009688679024218105, -0.4338837391175526248 ) ) ;
#4344 = AXIS2_PLACEMENT_3D ( 'NONE', #883, #6122, #5661 ) ;
#4345 = CARTESIAN_POINT ( 'NONE',  ( 77.00000000000029843, 5.672321722236229213, -8.235579292280965191 ) ) ;
#4346 = CARTESIAN_POINT ( 'NONE',  ( 76.31805170002294858, -9.087780111143668904, 4.173662492721376793 ) ) ;
#4347 = CARTESIAN_POINT ( 'NONE',  ( 73.61985167632441573, 2.827078484599121033, 7.483824372733287156 ) ) ;
#4348 = ORIENTED_EDGE ( 'NONE', *, *, #1924, .F. ) ;
#4349 = DIRECTION ( 'NONE',  ( -1.000000000000000000, 0.000000000000000000, 0.000000000000000000 ) ) ;
#4350 = AXIS2_PLACEMENT_3D ( 'NONE', #3124, #4994, #5024 ) ;
#4351 = CARTESIAN_POINT ( 'NONE',  ( 70.18332813216636623, -6.753460102636529072, 7.375094386039773298 ) ) ;
#4352 = CARTESIAN_POINT ( 'NONE',  ( 77.36629917073253182, 7.976690584523712602, 0.6238304319761305283 ) ) ;
#4353 = DIRECTION ( 'NONE',  ( -1.000000000000000000, -0.000000000000000000, -0.000000000000000000 ) ) ;
#4354 = FACE_OUTER_BOUND ( 'NONE', #1264, .T. ) ;
#4355 = CARTESIAN_POINT ( 'NONE',  ( 69.64710261100198352, -1.178846920671613230, -7.912746907988989165 ) ) ;
#4356 = AXIS2_PLACEMENT_3D ( 'NONE', #5946, #3468, #1103 ) ;
#4357 = CARTESIAN_POINT ( 'NONE',  ( 73.99693945301238784, -3.078723336291903756, 7.384148691003169063 ) ) ;
#4358 = CARTESIAN_POINT ( 'NONE',  ( 76.90860718336328716, -1.090890135578800102, 7.925273415605095906 ) ) ;
#4359 = CARTESIAN_POINT ( 'NONE',  ( 77.43051374540979737, -6.662666612633284302, 7.457416040002618374 ) ) ;
#4360 = CARTESIAN_POINT ( 'NONE',  ( 73.25404955577722887, 8.225293514841048648, 5.687335582168772774 ) ) ;
#4361 = CIRCLE ( 'NONE', #279, 8.000000000000000000 ) ;
#4362 = EDGE_CURVE ( 'NONE', #2058, #4219, #4193, .T. ) ;
#4363 = EDGE_LOOP ( 'NONE', ( #3805, #5669, #1744 ) ) ;
#4364 = CARTESIAN_POINT ( 'NONE',  ( 69.30007476368578523, 2.315833476951348668, 9.728589385792748345 ) ) ;
#4365 = CARTESIAN_POINT ( 'NONE',  ( 77.09138514484499183, 9.291306452362357859, 3.697515978097949851 ) ) ;
#4366 = CARTESIAN_POINT ( 'NONE',  ( 76.30007476368581365, -6.307570605026484145, -7.760353677051955223 ) ) ;
#4367 = EDGE_CURVE ( 'NONE', #2061, #3529, #6103, .T. ) ;
#4368 = EDGE_LOOP ( 'NONE', ( #4396, #6080, #5244, #5839 ) ) ;
#4369 = CARTESIAN_POINT ( 'NONE',  ( 73.43710854141983191, 6.667105126086325662, -4.421505313545765148 ) ) ;
#4370 = VERTEX_POINT ( 'NONE', #2708 ) ;
#4371 = CARTESIAN_POINT ( 'NONE',  ( 73.61980851984786511, -0.6819483055931545579, -9.976782230662140094 ) ) ;
#4372 = CARTESIAN_POINT ( 'NONE',  ( 73.43710854142003086, -27.86246663047027639, -7.077427993108849513 ) ) ;
#4373 = CARTESIAN_POINT ( 'NONE',  ( 73.62016752706280442, 3.714442210014041290, 9.284619458973814687 ) ) ;
#4374 = FACE_BOUND ( 'NONE', #879, .T. ) ;
#4375 = AXIS2_PLACEMENT_3D ( 'NONE', #1337, #367, #3293 ) ;
#4376 = CARTESIAN_POINT ( 'NONE',  ( 77.00000000000001421, 2.902200420386549240, -9.569599402269048483 ) ) ;
#4377 = CARTESIAN_POINT ( 'NONE',  ( 74.13703576169565679, 3.554848892330215726, -7.167398044960330061 ) ) ;
#4378 = CARTESIAN_POINT ( 'NONE',  ( 76.81497915877275773, 1.537301343332124759, 9.881128709807864396 ) ) ;
#4379 = EDGE_LOOP ( 'NONE', ( #1122, #5038 ) ) ;
#4380 = CIRCLE ( 'NONE', #3776, 2.749999999999999112 ) ;
#4381 = CARTESIAN_POINT ( 'NONE',  ( 70.61174165653739010, -5.955729357547166813, 8.033459956996287232 ) ) ;
#4382 = DIRECTION ( 'NONE',  ( 0.000000000000000000, 0.000000000000000000, 1.000000000000000000 ) ) ;
#4383 = FACE_OUTER_BOUND ( 'NONE', #6052, .T. ) ;
#4384 = CARTESIAN_POINT ( 'NONE',  ( 70.18305898564281620, -2.884797687212329098, -9.574924633298355303 ) ) ;
#4385 = CARTESIAN_POINT ( 'NONE',  ( 70.00000000000029843, 9.291306452364079149, 3.697515978093625311 ) ) ;
#4386 = LINE ( 'NONE', #1923, #275 ) ;
#4387 = CARTESIAN_POINT ( 'NONE',  ( 69.99999999999980105, -6.876387137965950913, 4.088434899667164224 ) ) ;
#4388 = CARTESIAN_POINT ( 'NONE',  ( 77.18332813216636623, -6.753460102636529072, 7.375094386039773298 ) ) ;
#4389 = VECTOR ( 'NONE', #3260, 1000.000000000000114 ) ;
#4390 = CARTESIAN_POINT ( 'NONE',  ( 72.82582456632032120, -4.654490686970831348, 8.851151867462187184 ) ) ;
#4391 = ORIENTED_EDGE ( 'NONE', *, *, #4782, .F. ) ;
#4392 = EDGE_CURVE ( 'NONE', #1474, #6030, #2349, .T. ) ;
#4393 = CARTESIAN_POINT ( 'NONE',  ( 69.63452057087403091, 2.829692279827115353, 9.592159076692254871 ) ) ;
#4394 = DIRECTION ( 'NONE',  ( -1.000000000000000000, -0.000000000000000000, 0.000000000000000000 ) ) ;
#4395 = FACE_OUTER_BOUND ( 'NONE', #1182, .T. ) ;
#4396 = ORIENTED_EDGE ( 'NONE', *, *, #5299, .F. ) ;
#4397 = CARTESIAN_POINT ( 'NONE',  ( 70.00000000000000000, 4.421505313550157190, 6.667105126083410660 ) ) ;
#4398 = ORIENTED_EDGE ( 'NONE', *, *, #2417, .T. ) ;
#4399 = EDGE_CURVE ( 'NONE', #3209, #23, #2323, .T. ) ;
#4400 = DIRECTION ( 'NONE',  ( -1.000000000000000000, -0.000000000000000000, -0.000000000000000000 ) ) ;
#4401 = DIRECTION ( 'NONE',  ( 0.000000000000000000, 0.000000000000000000, -1.000000000000000000 ) ) ;
#4402 = LINE ( 'NONE', #2635, #5292 ) ;
#4403 = FACE_BOUND ( 'NONE', #2330, .T. ) ;
#4404 = CARTESIAN_POINT ( 'NONE',  ( 76.31805170002294858, 6.376922670326620413, -7.703379985975118416 ) ) ;
#4405 = VERTEX_POINT ( 'NONE', #889 ) ;
#4406 = CARTESIAN_POINT ( 'NONE',  ( 73.80340771215259110, 2.898904538536259956, -7.457419765947379098 ) ) ;
#4407 = CARTESIAN_POINT ( 'NONE',  ( 77.00000000000029843, 8.683869217595479029, -4.958872393165376202 ) ) ;
#4408 = ORIENTED_EDGE ( 'NONE', *, *, #1215, .F. ) ;
#4409 = FACE_OUTER_BOUND ( 'NONE', #2897, .T. ) ;
#4410 = EDGE_CURVE ( 'NONE', #2383, #1809, #2530, .T. ) ;
#4411 = CARTESIAN_POINT ( 'NONE',  ( 69.64730396509261823, -7.452083156160819399, -2.909931053535304013 ) ) ;
#4412 = CARTESIAN_POINT ( 'NONE',  ( 72.73710854141486948, -5.727457493799904961E-13, -8.000000000000452971 ) ) ;
#4413 = CARTESIAN_POINT ( 'NONE',  ( 73.43710854141983191, -4.088434899667067413, 6.876387137966006868 ) ) ;
#4414 = CARTESIAN_POINT ( 'NONE',  ( 74.11903612820337628, 7.838495486671745560, 1.601621894156710191 ) ) ;
#4415 = CARTESIAN_POINT ( 'NONE',  ( 69.81663884680024523, -1.109039685405210474, -7.922832490243785664 ) ) ;
#4416 = B_SPLINE_CURVE_WITH_KNOTS ( 'NONE', 3,
 ( #3316, #5231, #1303, #1763, #3205, #5107, #832, #4819, #5298, #3407, #5326, #1978, #134, #543, #1570, #4407 ),
 .UNSPECIFIED., .F., .F.,
 ( 4, 2, 2, 2, 2, 2, 2, 4 ),
 ( 0.000000000000000000, 0.0002736485253891248717, 0.0005472970507782497435, 0.001094594101556469346, 0.001368242626945580503, 0.001641891152334691443, 0.001915539677723802599, 0.002189188203112913539 ),
 .UNSPECIFIED. ) ;
#4417 = CARTESIAN_POINT ( 'NONE',  ( 70.00000000000029843, 8.683869217595479029, -4.958872393165376202 ) ) ;
#4418 = CARTESIAN_POINT ( 'NONE',  ( 76.57028713879576287, -1.229643790224975275, 7.905204995118146449 ) ) ;
#4419 = CARTESIAN_POINT ( 'NONE',  ( 69.81663884680024523, 1.109039685405261322, 7.922832490243781223 ) ) ;
#4420 = CARTESIAN_POINT ( 'NONE',  ( 70.00000000000000000, -7.483824372733234753, 2.827078484599248043 ) ) ;
#4421 = EDGE_LOOP ( 'NONE', ( #2866, #5912 ) ) ;
#4422 = CYLINDRICAL_SURFACE ( 'NONE', #3349, 10.09999999999999787 ) ;
#4423 = CARTESIAN_POINT ( 'NONE',  ( 73.43710854142003086, 3.697515978097878797, -9.291306452362382728 ) ) ;
#4424 = LINE ( 'NONE', #122, #5840 ) ;
#4425 = VERTEX_POINT ( 'NONE', #3657 ) ;
#4426 = EDGE_CURVE ( 'NONE', #4631, #4097, #823, .T. ) ;
#4427 = CARTESIAN_POINT ( 'NONE',  ( 70.00000000000029843, 9.291306452364079149, 3.697515978093625311 ) ) ;
#4428 = ORIENTED_EDGE ( 'NONE', *, *, #3235, .T. ) ;
#4429 = CYLINDRICAL_SURFACE ( 'NONE', #1460, 0.7000000000000030642 ) ;
#4430 = CARTESIAN_POINT ( 'NONE',  ( 77.00000000000029843, 9.975469913743092221, -0.7000000000045700776 ) ) ;
#4431 = CARTESIAN_POINT ( 'NONE',  ( 69.90745110525169537, 7.969316156358710934, 0.7000000000000020650 ) ) ;
#4432 = LINE ( 'NONE', #3927, #5759 ) ;
#4433 = CARTESIAN_POINT ( 'NONE',  ( 73.00657962768573839, 7.905073012739927130, 1.230449174481540009 ) ) ;
#4434 = ORIENTED_EDGE ( 'NONE', *, *, #1079, .F. ) ;
#4435 = EDGE_CURVE ( 'NONE', #1115, #2305, #2413, .T. ) ;
#4436 = B_SPLINE_CURVE_WITH_KNOTS ( 'NONE', 3,
 ( #1813, #471, #2314, #2375, #1348, #4272, #5718, #5245, #8, #3736, #970, #5120, #2875, #4775 ),
 .UNSPECIFIED., .F., .F.,
 ( 4, 2, 2, 2, 2, 2, 4 ),
 ( 0.002189188203112911370, 0.002736359354753674627, 0.003009944930574056255, 0.003283530506394437450, 0.003557116082214818210, 0.003830701658035199839, 0.004377872809675960493 ),
 .UNSPECIFIED. ) ;
#4437 = CARTESIAN_POINT ( 'NONE',  ( 76.30007476368578523, -8.969351910186666998, 4.422585492849026245 ) ) ;
#4438 = EDGE_LOOP ( 'NONE', ( #4232, #3042, #1652, #2347 ) ) ;
#4439 = DIRECTION ( 'NONE',  ( 0.000000000000000000, 0.000000000000000000, 1.000000000000000000 ) ) ;
#4440 = CYLINDRICAL_SURFACE ( 'NONE', #5687, 0.7000000000000030642 ) ;
#4441 = CARTESIAN_POINT ( 'NONE',  ( 69.29996708377639436, 7.168222800817843243, -3.553157584517175227 ) ) ;
#4442 = VECTOR ( 'NONE', #1502, 1000.000000000000000 ) ;
#4443 = CARTESIAN_POINT ( 'NONE',  ( 70.56041628925872544, 2.641941886749875845, 9.644917136979055172 ) ) ;
#4444 = EDGE_CURVE ( 'NONE', #3498, #4810, #824, .T. ) ;
#4445 = CARTESIAN_POINT ( 'NONE',  ( 69.31805170002293437, -6.376922670326567122, 7.703379985975161937 ) ) ;
#4446 = FACE_BOUND ( 'NONE', #769, .T. ) ;
#4447 = ORIENTED_EDGE ( 'NONE', *, *, #2285, .T. ) ;
#4448 = CIRCLE ( 'NONE', #4948, 12.00000000000000000 ) ;
#4449 = CARTESIAN_POINT ( 'NONE',  ( 69.99999999999980105, -2.455789212638409325, -7.613744108064627980 ) ) ;
#4450 = CARTESIAN_POINT ( 'NONE',  ( 77.09253170642543296, 2.902200420386549240, -9.569599402269052035 ) ) ;
#4451 = AXIS2_PLACEMENT_3D ( 'NONE', #3435, #1073, #2105 ) ;
#4452 = CARTESIAN_POINT ( 'NONE',  ( 76.90860718336328716, 4.421505313550119887, -6.667105126083440858 ) ) ;
#4453 = ORIENTED_EDGE ( 'NONE', *, *, #2552, .F. ) ;
#4454 = CARTESIAN_POINT ( 'NONE',  ( 70.36629917073251761, -7.976690584523712602, -0.6238304319761305283 ) ) ;
#4455 = CARTESIAN_POINT ( 'NONE',  ( 73.43710854142003086, -14.53077837484328327, -28.56013679453886667 ) ) ;
#4456 = CARTESIAN_POINT ( 'NONE',  ( 70.00000000000000000, -8.683869217597782963, -4.958872393161340320 ) ) ;
#4457 = CARTESIAN_POINT ( 'NONE',  ( 70.09253170642543296, -9.975469913743411965, -0.7000000000000020650 ) ) ;
#4458 = ORIENTED_EDGE ( 'NONE', *, *, #5222, .F. ) ;
#4459 = CARTESIAN_POINT ( 'NONE',  ( 76.64710261100196931, -7.976675940408251897, -0.6114610649733325243 ) ) ;
#4460 = ORIENTED_EDGE ( 'NONE', *, *, #5126, .F. ) ;
#4461 = APPLICATION_CONTEXT ( 'automotive_design' ) ;
#4462 = CARTESIAN_POINT ( 'NONE',  ( 69.81727175442983935, 8.683869217597674606, -4.958872393161528613 ) ) ;
#4463 = CARTESIAN_POINT ( 'NONE',  ( 74.04884823196670141, -6.468664599956095884, -4.707821415441570068 ) ) ;
#4464 = B_SPLINE_CURVE_WITH_KNOTS ( 'NONE', 3,
 ( #2205, #1671, #2584, #3175, #4103, #5073, #1702, #3663, #802, #6016, #3567, #5491, #1209, #4608 ),
 .UNSPECIFIED., .F., .F.,
 ( 4, 2, 2, 2, 2, 2, 4 ),
 ( 0.002189188203112910069, 0.002736359354753672458, 0.003009944930574053219, 0.003283530506394434414, 0.003557116082214815608, 0.003830701658035196369, 0.004377872809675958758 ),
 .UNSPECIFIED. ) ;
#4465 = CARTESIAN_POINT ( 'NONE',  ( 76.29996708377640857, -5.059152137971301144, -6.197848545054738700 ) ) ;
#4466 = FACE_BOUND ( 'NONE', #3400, .T. ) ;
#4467 = CARTESIAN_POINT ( 'NONE',  ( 74.13710854142006212, 0.09254886516398108665, 8.000000000000000000 ) ) ;
#4468 = EDGE_LOOP ( 'NONE', ( #5387, #2146, #1934, #4820 ) ) ;
#4469 = CARTESIAN_POINT ( 'NONE',  ( 73.43710854142003086, 5.794219403481250197, 5.516069389005306967 ) ) ;
#4470 = CARTESIAN_POINT ( 'NONE',  ( 70.70007234839455634, 7.247626984578079856, -3.388281050122337490 ) ) ;
#4471 = ORIENTED_EDGE ( 'NONE', *, *, #1869, .T. ) ;
#4472 = CARTESIAN_POINT ( 'NONE',  ( 85.00100000000000477, 8.999999999999962697, -15.58845726811991561 ) ) ;
#4473 = CARTESIAN_POINT ( 'NONE',  ( 85.00000000000000000, 0.000000000000000000, 8.000000000000000000 ) ) ;
#4474 = EDGE_CURVE ( 'NONE', #356, #987, #5601, .T. ) ;
#4475 = LINE ( 'NONE', #702, #3058 ) ;
#4476 = CARTESIAN_POINT ( 'NONE',  ( 72.75522068568682243, -6.367396742598897319, 4.843908994993753048 ) ) ;
#4477 = CARTESIAN_POINT ( 'NONE',  ( 76.63374405134041467, 5.735510480215762819, 8.192720280780218189 ) ) ;
#4478 = CARTESIAN_POINT ( 'NONE',  ( 83.00000000000000000, 0.000000000000000000, 0.000000000000000000 ) ) ;
#4479 = AXIS2_PLACEMENT_3D ( 'NONE', #1547, #4913, #171 ) ;
#4480 = CARTESIAN_POINT ( 'NONE',  ( 74.11903612820337628, -3.635023577993688360, -7.126977464103939397 ) ) ;
#4481 = EDGE_LOOP ( 'NONE', ( #5716, #1685, #857, #136 ) ) ;
#4482 = CARTESIAN_POINT ( 'NONE',  ( 69.43958974620018409, -2.196407067344035902, -7.692859407281587458 ) ) ;
#4483 = EDGE_CURVE ( 'NONE', #4370, #2506, #1868, .T. ) ;
#4484 = LINE ( 'NONE', #4546, #1465 ) ;
#4485 = CARTESIAN_POINT ( 'NONE',  ( 77.35269246556353551, 1.624806475550139018, -9.867180111181694357 ) ) ;
#4486 = AXIS2_PLACEMENT_3D ( 'NONE', #3500, #5418, #1297 ) ;
#4487 = CARTESIAN_POINT ( 'NONE',  ( 77.18332813216635202, 1.555367475925423681, 9.878363861274403135 ) ) ;
#4488 = EDGE_LOOP ( 'NONE', ( #688, #928 ) ) ;
#4489 = CARTESIAN_POINT ( 'NONE',  ( 70.00000000000029843, 9.975469913743092221, -0.7000000000045700776 ) ) ;
#4490 = CARTESIAN_POINT ( 'NONE',  ( 73.99631263256586067, -6.514400310352322698, 4.644002866966092213 ) ) ;
#4491 = CARTESIAN_POINT ( 'NONE',  ( 73.43710854141983191, -6.667105126086362077, 4.421505313545710969 ) ) ;
#4492 = CARTESIAN_POINT ( 'NONE',  ( 73.25374738822024767, 7.619419704848787944, -2.438377955450772294 ) ) ;
#4493 = EDGE_LOOP ( 'NONE', ( #214, #4264, #1515, #2269 ) ) ;
#4494 = FACE_OUTER_BOUND ( 'NONE', #4898, .T. ) ;
#4495 = ORIENTED_EDGE ( 'NONE', *, *, #1959, .T. ) ;
#4496 = CARTESIAN_POINT ( 'NONE',  ( 73.78998107740528667, 9.595030061414938416, -2.817204053923388241 ) ) ;
#4497 = CARTESIAN_POINT ( 'NONE',  ( 77.18505475354398015, 5.516069389005306967, -5.794219403481249309 ) ) ;
#4498 = CARTESIAN_POINT ( 'NONE',  ( 74.11900067817300908, -9.788690631903856243, 2.046637919586574927 ) ) ;
#4499 = CARTESIAN_POINT ( 'NONE',  ( 73.99655306733365023, 0.4305295215714838308, 7.988668579994391727 ) ) ;
#4500 = ORIENTED_EDGE ( 'NONE', *, *, #969, .F. ) ;
#4501 = CARTESIAN_POINT ( 'NONE',  ( 77.00000000000029843, 8.683869217595479029, -4.958872393165376202 ) ) ;
#4502 = CARTESIAN_POINT ( 'NONE',  ( 73.07085259276043132, 9.592280206005630916, -2.829294349700099964 ) ) ;
#4503 = ORIENTED_EDGE ( 'NONE', *, *, #590, .F. ) ;
#4504 = CARTESIAN_POINT ( 'NONE',  ( 73.62016752706283285, -4.943090958223661069, 8.692933406406421426 ) ) ;
#4505 = CARTESIAN_POINT ( 'NONE',  ( 77.70003269886105102, -9.049214572295847248, -4.256766303501056115 ) ) ;
#4506 = LINE ( 'NONE', #4881, #1060 ) ;
#4507 = FACE_OUTER_BOUND ( 'NONE', #1590, .T. ) ;
#4508 = CARTESIAN_POINT ( 'NONE',  ( 76.81727175442981093, 9.975469913743401307, -0.7000000000001503908 ) ) ;
#4509 = VERTEX_POINT ( 'NONE', #4279 ) ;
#4510 = CARTESIAN_POINT ( 'NONE',  ( 77.70007234839455634, 7.167886308996121336, 3.553864269145415200 ) ) ;
#4511 = EDGE_CURVE ( 'NONE', #4159, #208, #5953, .T. ) ;
#4512 = ORIENTED_EDGE ( 'NONE', *, *, #1275, .T. ) ;
#4513 = CARTESIAN_POINT ( 'NONE',  ( 73.78980457632741263, 6.617723297060027043, 4.495217510445279174 ) ) ;
#4514 = CARTESIAN_POINT ( 'NONE',  ( 69.29996708377638015, 1.868992873081481099, 7.779152433456189009 ) ) ;
#4515 = CARTESIAN_POINT ( 'NONE',  ( 77.18305898564278777, -6.753517008039523262, -7.375042199988421920 ) ) ;
#4516 = CARTESIAN_POINT ( 'NONE',  ( 74.13704300877444098, -7.704250602826485661, 6.377922671304644631 ) ) ;
#4517 = ORIENTED_EDGE ( 'NONE', *, *, #4362, .F. ) ;
#4518 = EDGE_CURVE ( 'NONE', #153, #2653, #1061, .T. ) ;
#4519 = CARTESIAN_POINT ( 'NONE',  ( 77.55983091159235698, 2.196898574126905146, -7.692712520773886453 ) ) ;
#4520 = CARTESIAN_POINT ( 'NONE',  ( 77.18332813216638044, 6.753460102636577922, -7.375094386039727112 ) ) ;
#4521 = DIRECTION ( 'NONE',  ( -0.000000000000000000, -0.9749279121818213989, 0.2225209339563246347 ) ) ;
#4522 = CARTESIAN_POINT ( 'NONE',  ( 69.90860718336330137, -7.969316156358719816, 0.6999999999999335643 ) ) ;
#4523 = CARTESIAN_POINT ( 'NONE',  ( 73.25401337745883268, 7.922842736161301858, -1.108965770761648928 ) ) ;
#4524 = VERTEX_POINT ( 'NONE', #2499 ) ;
#4525 = EDGE_CURVE ( 'NONE', #3354, #3666, #5226, .T. ) ;
#4526 = CARTESIAN_POINT ( 'NONE',  ( 70.56041628925869702, 6.565080101640516475, 7.543474449562314277 ) ) ;
#4527 = VERTEX_POINT ( 'NONE', #2996 ) ;
#4528 = DIRECTION ( 'NONE',  ( 0.000000000000000000, 0.8660254037844362651, -0.5000000000000039968 ) ) ;
#4529 = CARTESIAN_POINT ( 'NONE',  ( 70.00000000000000000, -29.16877668994565198, -13.27000113061971831 ) ) ;
#4530 = CARTESIAN_POINT ( 'NONE',  ( 70.61126478936334649, 5.259491881540246716, 6.028675145983321215 ) ) ;
#4531 = CARTESIAN_POINT ( 'NONE',  ( 73.08466349562982600, 0.6117196513183209561, 7.976655819449023355 ) ) ;
#4532 = ORIENTED_EDGE ( 'NONE', *, *, #2232, .T. ) ;
#4533 = CARTESIAN_POINT ( 'NONE',  ( 77.69993446735442433, -2.046855927511071371, -9.789982418998864233 ) ) ;
#4534 = CARTESIAN_POINT ( 'NONE',  ( 70.61173969054669897, -1.434952147230869057, -7.870712580292393845 ) ) ;
#4535 = EDGE_LOOP ( 'NONE', ( #3432, #3830 ) ) ;
#4536 = CARTESIAN_POINT ( 'NONE',  ( 74.13704300877444098, -4.174013007236792916, 9.089058827387580308 ) ) ;
#4537 = DIRECTION ( 'NONE',  ( 0.000000000000000000, -0.6234898018587313739, 0.7818314824680316910 ) ) ;
#4538 = CARTESIAN_POINT ( 'NONE',  ( 76.99999999999980105, -4.421505313545622151, 6.667105126086423361 ) ) ;
#4539 = FACE_OUTER_BOUND ( 'NONE', #2728, .T. ) ;
#4540 = ADVANCED_FACE ( 'NONE', ( #2092 ), #5934, .F. ) ;
#4541 = EDGE_LOOP ( 'NONE', ( #4915, #6111, #4981, #1892 ) ) ;
#4542 = CARTESIAN_POINT ( 'NONE',  ( 77.68161899798536751, 7.286024504223420628, 3.304697534062789099 ) ) ;
#4543 = ORIENTED_EDGE ( 'NONE', *, *, #1757, .T. ) ;
#4544 = VECTOR ( 'NONE', #373, 1000.000000000000000 ) ;
#4545 = CARTESIAN_POINT ( 'NONE',  ( 73.99751879521984677, 6.513639581137931067, 4.645082267593654279 ) ) ;
#4546 = CARTESIAN_POINT ( 'NONE',  ( 70.00000000000000000, 5.712795373489687023, -28.17516336431253876 ) ) ;
#4547 = CARTESIAN_POINT ( 'NONE',  ( 74.11888013443896739, 0.1833281582443534730, -9.998679027578496914 ) ) ;
#4548 = ORIENTED_EDGE ( 'NONE', *, *, #5134, .T. ) ;
#4549 = CARTESIAN_POINT ( 'NONE',  ( 0.000000000000000000, 0.000000000000000000, 12.00000000000000000 ) ) ;
#4550 = VECTOR ( 'NONE', #3411, 1000.000000000000000 ) ;
#4551 = EDGE_LOOP ( 'NONE', ( #2471, #1032, #4060, #2919 ) ) ;
#4552 = CARTESIAN_POINT ( 'NONE',  ( 70.00000000000029843, 5.672321722236229213, -8.235579292280965191 ) ) ;
#4553 = CARTESIAN_POINT ( 'NONE',  ( 26.30000000000000426, 18.00000000000000000, 0.000000000000000000 ) ) ;
#4554 = AXIS2_PLACEMENT_3D ( 'NONE', #5224, #3832, #4752 ) ;
#4555 = LINE ( 'NONE', #3089, #2156 ) ;
#4556 = CARTESIAN_POINT ( 'NONE',  ( 70.09253170642543296, -1.537301343332059922, -9.881128709807876831 ) ) ;
#4557 = ADVANCED_FACE ( 'NONE', ( #4494 ), #4897, .F. ) ;
#4558 = EDGE_LOOP ( 'NONE', ( #614, #3757, #4458, #5068 ) ) ;
#4559 = DIRECTION ( 'NONE',  ( -1.000000000000000000, -0.000000000000000000, -0.000000000000000000 ) ) ;
#4560 = ORIENTED_EDGE ( 'NONE', *, *, #1013, .T. ) ;
#4561 = CARTESIAN_POINT ( 'NONE',  ( 77.00000000000029843, -9.291306452364052504, -3.697515978093692368 ) ) ;
#4562 = DIRECTION ( 'NONE',  ( -1.000000000000000000, 0.000000000000000000, -0.000000000000000000 ) ) ;
#4563 = EDGE_CURVE ( 'NONE', #1435, #5078, #2462, .T. ) ;
#4564 = CARTESIAN_POINT ( 'NONE',  ( 70.18505475354398015, -5.516069389005265222, 5.794219403481287500 ) ) ;
#4565 = CIRCLE ( 'NONE', #5670, 2.750000000000000000 ) ;
#4566 = CARTESIAN_POINT ( 'NONE',  ( 72.82552838823124830, 0.3526965520947037414, 7.992671916324635362 ) ) ;
#4567 = ORIENTED_EDGE ( 'NONE', *, *, #553, .T. ) ;
#4568 = CARTESIAN_POINT ( 'NONE',  ( 69.38828058685216149, -4.707803199542187400, 6.468677195827659432 ) ) ;
#4569 = LINE ( 'NONE', #4971, #2868 ) ;
#4570 = ORIENTED_EDGE ( 'NONE', *, *, #3486, .F. ) ;
#4571 = CARTESIAN_POINT ( 'NONE',  ( 70.36548765893752488, 2.383602738323291614, 7.637744046083815519 ) ) ;
#4572 = CARTESIAN_POINT ( 'NONE',  ( 77.09138514484499183, -9.291306452362334767, -3.697515978098017353 ) ) ;
#4573 = FACE_BOUND ( 'NONE', #1062, .T. ) ;
#4574 = CARTESIAN_POINT ( 'NONE',  ( 77.00000000000029843, 6.766885797698723337, 7.362693569672944527 ) ) ;
#4575 = CARTESIAN_POINT ( 'NONE',  ( 74.11872753940536995, -7.838713039730896170, 1.600548889768000471 ) ) ;
#4576 = ORIENTED_EDGE ( 'NONE', *, *, #1416, .F. ) ;
#4577 = CARTESIAN_POINT ( 'NONE',  ( 73.62020370538122904, 6.657072435396759857, 4.436736265831622283 ) ) ;
#4578 = CARTESIAN_POINT ( 'NONE',  ( 69.43958974620021252, 2.196407067344085640, 7.692859407281583017 ) ) ;
#4579 = DIRECTION ( 'NONE',  ( 0.000000000000000000, 0.000000000000000000, 1.000000000000000000 ) ) ;
#4580 = ORIENTED_EDGE ( 'NONE', *, *, #3329, .F. ) ;
#4581 = VECTOR ( 'NONE', #3623, 1000.000000000000000 ) ;
#4582 = DIRECTION ( 'NONE',  ( -1.000000000000000000, -0.000000000000000000, -0.000000000000000000 ) ) ;
#4583 = B_SPLINE_CURVE_WITH_KNOTS ( 'NONE', 3,
 ( #1186, #4457, #4865, #2151, #1557, #186, #1618, #651, #4894, #2993, #5834, #2563, #5807, #4923, #3421, #2089 ),
 .UNSPECIFIED., .F., .F.,
 ( 4, 2, 2, 2, 2, 2, 2, 4 ),
 ( 0.000000000000000000, 0.0002736485253891249802, 0.0005472970507782499603, 0.001094594101556470647, 0.001368242626945581153, 0.001641891152334691226, 0.001915539677723801949, 0.002189188203112912671 ),
 .UNSPECIFIED. ) ;
#4584 = VECTOR ( 'NONE', #2612, 1000.000000000000114 ) ;
#4585 = CARTESIAN_POINT ( 'NONE',  ( 69.44079562782336268, 5.892398547084177096, -8.079839596185742323 ) ) ;
#4586 = CIRCLE ( 'NONE', #2600, 2.749999999999999556 ) ;
#4587 = CARTESIAN_POINT ( 'NONE',  ( 85.00000000000000000, 8.000000000000000000, 0.000000000000000000 ) ) ;
#4588 = DIRECTION ( 'NONE',  ( 0.000000000000000000, 0.000000000000000000, 1.000000000000000000 ) ) ;
#4589 = CARTESIAN_POINT ( 'NONE',  ( 69.57028713879576287, 7.433383516625424292, 2.957887651761167636 ) ) ;
#4590 = ORIENTED_EDGE ( 'NONE', *, *, #479, .T. ) ;
#4591 = CARTESIAN_POINT ( 'NONE',  ( 73.43710854142003086, -4.958872393161402492, -8.683869217597754542 ) ) ;
#4592 = ADVANCED_FACE ( 'NONE', ( #5967, #654, #5406, #5436, #2665, #1651, #2601, #3094 ), #2025, .F. ) ;
#4593 = ORIENTED_EDGE ( 'NONE', *, *, #4985, .T. ) ;
#4594 = DIRECTION ( 'NONE',  ( 0.000000000000000000, -0.9749279121818260618, -0.2225209339563034572 ) ) ;
#4595 = CARTESIAN_POINT ( 'NONE',  ( 76.30006596912041061, -7.287135947446270023, 3.306211949307416909 ) ) ;
#4596 = CARTESIAN_POINT ( 'NONE',  ( 22.30000000000000426, -9.000000000000074607, -15.58845726811985699 ) ) ;
#4597 = CARTESIAN_POINT ( 'NONE',  ( 26.30000000000000426, 0.000000000000000000, 0.000000000000000000 ) ) ;
#4598 = CARTESIAN_POINT ( 'NONE',  ( 76.31838297155172768, 9.088260682535985069, 4.172611975998738565 ) ) ;
#4599 = ORIENTED_EDGE ( 'NONE', *, *, #3372, .F. ) ;
#4600 = CARTESIAN_POINT ( 'NONE',  ( 73.07162088248252019, 6.625631184458634415, 4.485276751234006376 ) ) ;
#4601 = CARTESIAN_POINT ( 'NONE',  ( 72.75549151297175854, 9.707069336631901635, 2.404158445235712982 ) ) ;
#4602 = EDGE_CURVE ( 'NONE', #2529, #5316, #6044, .T. ) ;
#4603 = ORIENTED_EDGE ( 'NONE', *, *, #5632, .T. ) ;
#4604 = CARTESIAN_POINT ( 'NONE',  ( 70.36548765893751067, -5.461444805813921555, -5.847163137854043846 ) ) ;
#4605 = CARTESIAN_POINT ( 'NONE',  ( 73.43710854141983191, -7.925273415605810001, 1.090890135573617137 ) ) ;
#4606 = DIRECTION ( 'NONE',  ( 0.000000000000000000, 0.7818314824680272501, -0.6234898018587368140 ) ) ;
#4607 = CARTESIAN_POINT ( 'NONE',  ( 77.00000000000001421, 1.537301343332124537, 9.881128709807864396 ) ) ;
#4608 = CARTESIAN_POINT ( 'NONE',  ( 70.00000000000000000, -1.537301343332059922, -9.881128709807875055 ) ) ;
#4609 = ADVANCED_FACE ( 'NONE', ( #3487 ), #5473, .F. ) ;
#4610 = VERTEX_POINT ( 'NONE', #4427 ) ;
#4611 = CARTESIAN_POINT ( 'NONE',  ( 77.70003269886103681, -8.970166910244074643, 4.420910465100568842 ) ) ;
#4612 = CYLINDRICAL_SURFACE ( 'NONE', #2952, 0.7000000000000018430 ) ;
#4613 = ORIENTED_EDGE ( 'NONE', *, *, #5299, .T. ) ;
#4614 = CARTESIAN_POINT ( 'NONE',  ( 73.86684065352461914, -8.155509294187483604, 5.787223139345607947 ) ) ;
#4615 = DIRECTION ( 'NONE',  ( -1.000000000000000000, -0.000000000000000000, 0.000000000000000000 ) ) ;
#4616 = CARTESIAN_POINT ( 'NONE',  ( 70.35287253598525581, 2.817204053923257234, -9.595030061414973943 ) ) ;
#4617 = CARTESIAN_POINT ( 'NONE',  ( 77.68192758678335963, 7.998362439200166207, 0.1827634471315756348 ) ) ;
#4618 = CARTESIAN_POINT ( 'NONE',  ( 69.64730396509261823, 7.452083156160839827, 2.909931053535254275 ) ) ;
#4619 = ORIENTED_EDGE ( 'NONE', *, *, #5172, .T. ) ;
#4620 = ADVANCED_FACE ( 'NONE', ( #4053 ), #152, .F. ) ;
#4621 = CARTESIAN_POINT ( 'NONE',  ( 73.86762228682981402, 9.858705364104732638, 1.676337951774405477 ) ) ;
#4622 = ORIENTED_EDGE ( 'NONE', *, *, #2310, .T. ) ;
#4623 = CARTESIAN_POINT ( 'NONE',  ( 74.11900067817299487, 9.788690631903843808, -2.046637919586638876 ) ) ;
#4624 = CARTESIAN_POINT ( 'NONE',  ( 46.30000000000000426, 0.000000000000000000, 10.00000000000000000 ) ) ;
#4625 = DIRECTION ( 'NONE',  ( 0.000000000000000000, 0.000000000000000000, 1.000000000000000000 ) ) ;
#4626 = EDGE_CURVE ( 'NONE', #3811, #1474, #3050, .T. ) ;
#4627 = CARTESIAN_POINT ( 'NONE',  ( 77.36548765893751067, -2.383602738323243653, -7.637744046083826177 ) ) ;
#4628 = ORIENTED_EDGE ( 'NONE', *, *, #6092, .T. ) ;
#4629 = CARTESIAN_POINT ( 'NONE',  ( 74.11872753940536995, -7.756888550151273876, -1.959045402311259787 ) ) ;
#4630 = CARTESIAN_POINT ( 'NONE',  ( 85.00100000000000477, -9.000000000000074607, -18.33845726811985344 ) ) ;
#4631 = VERTEX_POINT ( 'NONE', #414 ) ;
#4632 = CARTESIAN_POINT ( 'NONE',  ( 70.00000000000000000, 1.090890135578890918, 7.925273415605081695 ) ) ;
#4633 = CARTESIAN_POINT ( 'NONE',  ( 0.000000000000000000, 0.000000000000000000, 24.00000000000000000 ) ) ;
#4634 = CARTESIAN_POINT ( 'NONE',  ( 76.29996708377639436, -1.868992873081431361, -7.779152433456197890 ) ) ;
#4635 = EDGE_CURVE ( 'NONE', #276, #3196, #4149, .T. ) ;
#4636 = CARTESIAN_POINT ( 'NONE',  ( 46.30000000000000426, 1.224646799147353256E-15, -10.00000000000000000 ) ) ;
#4637 = CARTESIAN_POINT ( 'NONE',  ( 83.00000000000000000, 1.224646799147353256E-15, -10.00000000000000178 ) ) ;
#4638 = CARTESIAN_POINT ( 'NONE',  ( 70.18332813216636623, -8.692971621401014204, -4.943023867069158861 ) ) ;
#4639 = ORIENTED_EDGE ( 'NONE', *, *, #5082, .F. ) ;
#4640 = CARTESIAN_POINT ( 'NONE',  ( 77.00000000000001421, -28.86505807256332190, 13.90067933815189427 ) ) ;
#4641 = EDGE_CURVE ( 'NONE', #1809, #2383, #3859, .T. ) ;
#4642 = B_SPLINE_CURVE_WITH_KNOTS ( 'NONE', 3,
 ( #1191, #1719, #1225, #5508, #4929, #1686, #3550, #224, #3126, #4463, #2191, #2126, #5026, #2220 ),
 .UNSPECIFIED., .F., .F.,
 ( 4, 2, 2, 2, 2, 2, 4 ),
 ( 0.002189565179306707157, 0.002736829203537938758, 0.003010461215653568653, 0.003284093227769198549, 0.003557725239884828444, 0.003831357252000458340, 0.004378621276231748488 ),
 .UNSPECIFIED. ) ;
#4643 = ORIENTED_EDGE ( 'NONE', *, *, #6121, .F. ) ;
#4644 = CARTESIAN_POINT ( 'NONE',  ( 76.56947108626573595, -6.947607464563271051, -3.966728504205462080 ) ) ;
#4645 = AXIS2_PLACEMENT_3D ( 'NONE', #2700, #2729, #4594 ) ;
#4646 = CARTESIAN_POINT ( 'NONE',  ( 73.43710854142003086, 25.93294329235631324, -21.57616577643408107 ) ) ;
#4647 = CARTESIAN_POINT ( 'NONE',  ( 70.42973211210463091, -8.752650747124899766, 4.836877961144942617 ) ) ;
#4648 = SURFACE_STYLE_USAGE ( .BOTH. , #2244 ) ;
#4649 = CARTESIAN_POINT ( 'NONE',  ( 77.43051374540979737, 5.787860252868311406, 8.155050832340272393 ) ) ;
#4650 = VECTOR ( 'NONE', #2484, 1000.000000000000000 ) ;
#4651 = ORIENTED_EDGE ( 'NONE', *, *, #4182, .T. ) ;
#4652 = FACE_OUTER_BOUND ( 'NONE', #6146, .T. ) ;
#4653 = ORIENTED_EDGE ( 'NONE', *, *, #4142, .F. ) ;
#4654 = VECTOR ( 'NONE', #1879, 1000.000000000000114 ) ;
#4655 = DIRECTION ( 'NONE',  ( -0.000000000000000000, 0.9009688679024249192, 0.4338837391175464075 ) ) ;
#4656 = CARTESIAN_POINT ( 'NONE',  ( 69.31838297155175610, -2.045667626988995735, 9.788892526525499349 ) ) ;
#4657 = CARTESIAN_POINT ( 'NONE',  ( 69.56947108626572174, 7.980677027446827942, 0.5594449850645205613 ) ) ;
#4658 = CARTESIAN_POINT ( 'NONE',  ( 70.00000000000000000, 4.421505313550157190, 6.667105126083410660 ) ) ;
#4659 = AXIS2_PLACEMENT_3D ( 'NONE', #5733, #516, #2450 ) ;
#4660 = CYLINDRICAL_SURFACE ( 'NONE', #4277, 0.7000000000000016209 ) ;
#4661 = ORIENTED_EDGE ( 'NONE', *, *, #3897, .T. ) ;
#4662 = CARTESIAN_POINT ( 'NONE',  ( 77.00000000000001421, -6.876387137968698049, -4.088434899662539479 ) ) ;
#4663 = FACE_BOUND ( 'NONE', #3624, .T. ) ;
#4664 = ORIENTED_EDGE ( 'NONE', *, *, #3329, .T. ) ;
#4665 = CARTESIAN_POINT ( 'NONE',  ( 73.07085259276043132, 3.768657489251431070, -9.263582827204679404 ) ) ;
#4666 = FACE_BOUND ( 'NONE', #4213, .T. ) ;
#4667 = B_SPLINE_CURVE_WITH_KNOTS ( 'NONE', 3,
 ( #2128, #226, #3194, #4120, #5028, #755, #4028, #3098, #5939, #1657, #3552, #5478, #4564, #791 ),
 .UNSPECIFIED., .F., .F.,
 ( 4, 2, 2, 2, 2, 2, 4 ),
 ( 0.002189565179306704121, 0.002736829203537948299, 0.003010461215653585133, 0.003284093227769221968, 0.003557725239884857935, 0.003831357252000494769, 0.004378621276231738947 ),
 .UNSPECIFIED. ) ;
#4668 = CARTESIAN_POINT ( 'NONE',  ( 70.00000000000029843, 2.902200420391060298, 9.569599402267682464 ) ) ;
#4669 = CARTESIAN_POINT ( 'NONE',  ( 70.00000000000000000, 6.395244912017401973, 28.01939871054328535 ) ) ;
#4670 = CARTESIAN_POINT ( 'NONE',  ( 70.42973211210465934, -9.238811946942487197, -3.827353827540453057 ) ) ;
#4671 = EDGE_LOOP ( 'NONE', ( #3448, #4560, #3764, #5722 ) ) ;
#4672 = ADVANCED_FACE ( 'NONE', ( #4652 ), #5183, .F. ) ;
#4673 = CARTESIAN_POINT ( 'NONE',  ( 77.35287253598525581, -9.258194574617601091, 3.779824569926498068 ) ) ;
#4674 = CARTESIAN_POINT ( 'NONE',  ( 26.30000000000000426, -9.000000000000074607, -15.58845726811985699 ) ) ;
#4675 = DIRECTION ( 'NONE',  ( 0.000000000000000000, 0.000000000000000000, 1.000000000000000000 ) ) ;
#4676 = VERTEX_POINT ( 'NONE', #1284 ) ;
#4677 = CARTESIAN_POINT ( 'NONE',  ( 0.000000000000000000, 9.797174393178825657E-16, -8.000000000000000000 ) ) ;
#4678 = EDGE_CURVE ( 'NONE', #4924, #2720, #2767, .T. ) ;
#4679 = CARTESIAN_POINT ( 'NONE',  ( 76.56947108626575016, -2.321286237020653953, 7.656096571592464706 ) ) ;
#4680 = CARTESIAN_POINT ( 'NONE',  ( 70.00000000000000000, 6.766885797695245230, -7.362693569676141081 ) ) ;
#4681 = FILL_AREA_STYLE_COLOUR ( '', #5770 ) ;
#4682 = CIRCLE ( 'NONE', #4375, 13.22049999999999770 ) ;
#4683 = EDGE_LOOP ( 'NONE', ( #5161, #2861 ) ) ;
#4684 = CARTESIAN_POINT ( 'NONE',  ( 73.86684065352467599, 9.609510120297896307, 2.767959313293481216 ) ) ;
#4685 = ORIENTED_EDGE ( 'NONE', *, *, #1362, .T. ) ;
#4686 = FACE_OUTER_BOUND ( 'NONE', #5933, .T. ) ;
#4687 = CARTESIAN_POINT ( 'NONE',  ( 46.30000000000000426, 0.000000000000000000, 0.000000000000000000 ) ) ;
#4688 = CARTESIAN_POINT ( 'NONE',  ( 70.00000000000000000, 2.455789212633342267, -7.613744108066260452 ) ) ;
#4689 = CARTESIAN_POINT ( 'NONE',  ( 73.07162911229403335, -8.192955872189790156, 5.735167672128997474 ) ) ;
#4690 = CIRCLE ( 'NONE', #1991, 12.00000000000000000 ) ;
#4691 = CARTESIAN_POINT ( 'NONE',  ( 73.08421115242201438, 2.910042599277868902, -7.452039704849561019 ) ) ;
#4692 = ORIENTED_EDGE ( 'NONE', *, *, #2813, .F. ) ;
#4693 = CYLINDRICAL_SURFACE ( 'NONE', #4986, 0.7000000000000013989 ) ;
#4694 = FACE_BOUND ( 'NONE', #3866, .T. ) ;
#4695 = ORIENTED_EDGE ( 'NONE', *, *, #1883, .T. ) ;
#4696 = VECTOR ( 'NONE', #2680, 1000.000000000000227 ) ;
#4697 = CARTESIAN_POINT ( 'NONE',  ( 70.09138514484497762, 8.683869217597786516, -4.958872393161336767 ) ) ;
#4698 = CARTESIAN_POINT ( 'NONE',  ( 72.73717451054044147, -6.368730864211541665, -4.844858609861190324 ) ) ;
#4699 = CYLINDRICAL_SURFACE ( 'NONE', #1189, 0.7000000000000018430 ) ;
#4700 = CARTESIAN_POINT ( 'NONE',  ( 77.00000000000001421, 6.766885797695245230, -7.362693569676141081 ) ) ;
#4701 = CARTESIAN_POINT ( 'NONE',  ( 70.00000000000029843, -9.291306452364052504, -3.697515978093692368 ) ) ;
#4702 = ORIENTED_EDGE ( 'NONE', *, *, #1494, .F. ) ;
#4703 = B_SPLINE_CURVE_WITH_KNOTS ( 'NONE', 3,
 ( #4916, #2176, #2143, #239, #1213, #643, #5556, #5890, #4041, #3537, #2650, #1674, #3113, #5989, #2208, #678 ),
 .UNSPECIFIED., .F., .F.,
 ( 4, 2, 2, 2, 2, 2, 2, 4 ),
 ( 0.000000000000000000, 0.0002736956474133480982, 0.0005473912948266961963, 0.001094782589653364203, 0.001368478237066698966, 0.001642173884480034162, 0.001915869531893368925, 0.002189565179306704121 ),
 .UNSPECIFIED. ) ;
#4704 = CARTESIAN_POINT ( 'NONE',  ( 77.62417195950938265, -9.163098964407323521, 4.006786606200018142 ) ) ;
#4705 = DIRECTION ( 'NONE',  ( 0.000000000000000000, -0.7818314824680204778, 0.6234898018587453628 ) ) ;
#4706 = CARTESIAN_POINT ( 'NONE',  ( 26.30000000000000426, -8.999999999999854339, 15.58845726811997778 ) ) ;
#4707 = VERTEX_POINT ( 'NONE', #5150 ) ;
#4708 = EDGE_CURVE ( 'NONE', #610, #677, #814, .T. ) ;
#4709 = CARTESIAN_POINT ( 'NONE',  ( 72.73710854142017013, -0.09138514240267529842, 9.999999999999996447 ) ) ;
#4710 = CARTESIAN_POINT ( 'NONE',  ( 22.30000000000000426, 24.00000000000000000, 0.000000000000000000 ) ) ;
#4711 = CARTESIAN_POINT ( 'NONE',  ( 76.37585270615917921, 7.992681810746261384, 0.3657533364050231106 ) ) ;
#4712 = CARTESIAN_POINT ( 'NONE',  ( 70.61174165653739010, 1.880339092609803142, -9.821991445619126182 ) ) ;
#4713 = EDGE_CURVE ( 'NONE', #3285, #813, #6061, .T. ) ;
#4714 = ORIENTED_EDGE ( 'NONE', *, *, #2842, .F. ) ;
#4715 = CARTESIAN_POINT ( 'NONE',  ( 76.81690483603884445, 5.502899033093886061, 5.806836000287872501 ) ) ;
#4716 = ORIENTED_EDGE ( 'NONE', *, *, #3405, .T. ) ;
#4717 = CARTESIAN_POINT ( 'NONE',  ( 77.68189213675299243, -9.998687502092614920, 0.1828641476860214110 ) ) ;
#4718 = CARTESIAN_POINT ( 'NONE',  ( 69.63374405134041467, -2.829294349699907674, 9.592280206005691312 ) ) ;
#4719 = DIRECTION ( 'NONE',  ( -0.000000000000000000, 0.9749279121818242855, 0.2225209339563113953 ) ) ;
#4720 = EDGE_CURVE ( 'NONE', #1356, #2909, #5702, .T. ) ;
#4721 = CARTESIAN_POINT ( 'NONE',  ( 76.31805170002294858, 8.929238954838288223, 4.502876596026810674 ) ) ;
#4722 = ORIENTED_EDGE ( 'NONE', *, *, #4720, .T. ) ;
#4723 = DIRECTION ( 'NONE',  ( -1.000000000000000000, -0.000000000000000000, -0.000000000000000000 ) ) ;
#4724 = CARTESIAN_POINT ( 'NONE',  ( 70.18505475354399437, 7.483824372733253405, -2.827078484599195196 ) ) ;
#4725 = CARTESIAN_POINT ( 'NONE',  ( 77.18505475354398015, -4.421505313550108340, -6.667105126083447963 ) ) ;
#4726 = EDGE_LOOP ( 'NONE', ( #100, #4661, #4750, #5753 ) ) ;
#4727 = CARTESIAN_POINT ( 'NONE',  ( 70.35287253598527002, 9.258194574617622408, -3.779824569926434563 ) ) ;
#4728 = FACE_OUTER_BOUND ( 'NONE', #4468, .T. ) ;
#4729 = B_SPLINE_CURVE_WITH_KNOTS ( 'NONE', 3,
 ( #5441, #191, #4965, #5971, #1656, #225, #4057, #2604, #3000, #1127, #1226, #626, #4497, #3551 ),
 .UNSPECIFIED., .F., .F.,
 ( 4, 2, 2, 2, 2, 2, 4 ),
 ( 0.002189565179306704554, 0.002736829203537979524, 0.003010461215653601180, 0.003284093227769222835, 0.003557725239884844057, 0.003831357252000465279, 0.004378621276231735478 ),
 .UNSPECIFIED. ) ;
#4730 = CARTESIAN_POINT ( 'NONE',  ( 70.00000000000000000, 5.516069389005306967, -5.794219403481251085 ) ) ;
#4731 = CARTESIAN_POINT ( 'NONE',  ( 70.61126478936333228, -1.434168475603185611, 7.870853807012984760 ) ) ;
#4732 = CARTESIAN_POINT ( 'NONE',  ( 77.68161899798535330, 1.600548889767946292, -7.838713039730908605 ) ) ;
#4733 = ORIENTED_EDGE ( 'NONE', *, *, #4239, .T. ) ;
#4734 = DIRECTION ( 'NONE',  ( 0.000000000000000000, 0.000000000000000000, 1.000000000000000000 ) ) ;
#4735 = CARTESIAN_POINT ( 'NONE',  ( 69.43958974620024094, 7.383957082032583052, 3.079199194008182427 ) ) ;
#4736 = EDGE_CURVE ( 'NONE', #5952, #132, #3065, .T. ) ;
#4737 = ORIENTED_EDGE ( 'NONE', *, *, #4426, .T. ) ;
#4738 = LINE ( 'NONE', #4677, #500 ) ;
#4739 = CARTESIAN_POINT ( 'NONE',  ( 76.29996708377640857, -1.691343352015516555, 7.819699777368030347 ) ) ;
#4740 = CARTESIAN_POINT ( 'NONE',  ( 76.81690483603884445, 7.970968626346127905, -0.6818366816699370503 ) ) ;
#4741 = CYLINDRICAL_SURFACE ( 'NONE', #1773, 0.7000000000000007327 ) ;
#4742 = ORIENTED_EDGE ( 'NONE', *, *, #1083, .F. ) ;
#4743 = ORIENTED_EDGE ( 'NONE', *, *, #3634, .T. ) ;
#4744 = EDGE_CURVE ( 'NONE', #2438, #2341, #2270, .T. ) ;
#4745 = CARTESIAN_POINT ( 'NONE',  ( 77.18305898564280199, -9.976789157673380259, 0.6818486142979640618 ) ) ;
#4746 = CARTESIAN_POINT ( 'NONE',  ( 70.00000000000000000, 9.975469913743413741, 0.7000000000000018430 ) ) ;
#4747 = VECTOR ( 'NONE', #3972, 1000.000000000000114 ) ;
#4748 = CARTESIAN_POINT ( 'NONE',  ( 76.90860718336334401, 6.876387137968714036, -4.088434899662528821 ) ) ;
#4749 = CARTESIAN_POINT ( 'NONE',  ( 77.62417195950939686, 1.867346761046651871, 9.824954840260332389 ) ) ;
#4750 = ORIENTED_EDGE ( 'NONE', *, *, #3671, .T. ) ;
#4751 = CARTESIAN_POINT ( 'NONE',  ( 74.13718088981457299, -7.819877308127066939, -1.690581044505672592 ) ) ;
#4752 = DIRECTION ( 'NONE',  ( 0.000000000000000000, 0.000000000000000000, 1.000000000000000000 ) ) ;
#4753 = ORIENTED_EDGE ( 'NONE', *, *, #5779, .F. ) ;
#4754 = EDGE_CURVE ( 'NONE', #3765, #936, #5914, .T. ) ;
#4755 = LINE ( 'NONE', #5790, #3387 ) ;
#4756 = CARTESIAN_POINT ( 'NONE',  ( 21.30000000000000426, 1.680276640770125828E-15, -13.22049999999999770 ) ) ;
#4757 = AXIS2_PLACEMENT_3D ( 'NONE', #2198, #3032, #1166 ) ;
#4758 = CARTESIAN_POINT ( 'NONE',  ( 77.00000000000029843, 1.537301343327464931, -9.881128709808589150 ) ) ;
#4759 = DIRECTION ( 'NONE',  ( -0.000000000000000000, -0.2225209339563182231, -0.9749279121818227312 ) ) ;
#4760 = CARTESIAN_POINT ( 'NONE',  ( 69.38825132211496793, 2.567486555851950403, -9.665154873935907887 ) ) ;
#4761 = ORIENTED_EDGE ( 'NONE', *, *, #2925, .F. ) ;
#4762 = VECTOR ( 'NONE', #489, 1000.000000000000000 ) ;
#4763 = EDGE_CURVE ( 'NONE', #2598, #3894, #4199, .T. ) ;
#4764 = CARTESIAN_POINT ( 'NONE',  ( 77.70007234839454213, -8.000006330482586137, -0.09189175393411776194 ) ) ;
#4765 = CARTESIAN_POINT ( 'NONE',  ( 73.78998107740528667, -4.881665917086579931, -8.727575747872601042 ) ) ;
#4766 = CARTESIAN_POINT ( 'NONE',  ( 77.00000000000001421, 21.02975994219497835, -26.37048487808088382 ) ) ;
#4767 = CARTESIAN_POINT ( 'NONE',  ( 72.75527186339814989, -0.1830952925063242254, -7.998354539136536268 ) ) ;
#4768 = EDGE_LOOP ( 'NONE', ( #5384, #3215 ) ) ;
#4769 = CARTESIAN_POINT ( 'NONE',  ( 73.25438029584987021, -9.569599402269005850, -2.902200420386690460 ) ) ;
#4770 = CARTESIAN_POINT ( 'NONE',  ( 74.11903612820339049, -3.305695225881474908, 7.285573639734892026 ) ) ;
#4771 = CARTESIAN_POINT ( 'NONE',  ( 69.57028713879579129, -6.947208503671093993, 3.967440468639674922 ) ) ;
#4772 = CARTESIAN_POINT ( 'NONE',  ( 73.25374738822026188, -4.072723118145836985, -6.885794804899919797 ) ) ;
#4773 = CARTESIAN_POINT ( 'NONE',  ( 76.99999999999980105, -4.421505313545622151, 6.667105126086423361 ) ) ;
#4774 = EDGE_LOOP ( 'NONE', ( #3681, #4334, #4580, #1164 ) ) ;
#4775 = CARTESIAN_POINT ( 'NONE',  ( 77.00000000000001421, -2.902200420386484403, 9.569599402269064470 ) ) ;
#4776 = CARTESIAN_POINT ( 'NONE',  ( 77.70003269886105102, 9.049214572295879222, 4.256766303500988613 ) ) ;
#4777 = DIRECTION ( 'NONE',  ( -0.000000000000000000, 0.6234898018587320401, -0.7818314824680311359 ) ) ;
#4778 = CARTESIAN_POINT ( 'NONE',  ( 73.43710854141983191, -6.667105126086362077, 4.421505313545710969 ) ) ;
#4779 = CARTESIAN_POINT ( 'NONE',  ( 77.43051374540979737, 1.676337951774601542, 9.858705364104697111 ) ) ;
#4780 = ORIENTED_EDGE ( 'NONE', *, *, #2670, .F. ) ;
#4781 = CONICAL_SURFACE ( 'NONE', #194, 8.000000000000000000, 1.047197551196593412 ) ;
#4782 = EDGE_CURVE ( 'NONE', #3209, #3301, #173, .T. ) ;
#4783 = CARTESIAN_POINT ( 'NONE',  ( 77.68192758678334542, -7.285573639734842288, 3.305695225881579269 ) ) ;
#4784 = ORIENTED_EDGE ( 'NONE', *, *, #2310, .F. ) ;
#4785 = CARTESIAN_POINT ( 'NONE',  ( 70.69992722027564014, 1.689506807454495663, -7.820109470446522160 ) ) ;
#4786 = CARTESIAN_POINT ( 'NONE',  ( 77.18274313490442751, 5.516069389005496149, 5.794219403481075226 ) ) ;
#4787 = AXIS2_PLACEMENT_3D ( 'NONE', #94, #444, #5720 ) ;
#4788 = CARTESIAN_POINT ( 'NONE',  ( 26.30000000000000426, 18.00000000000000000, -2.749999999999999556 ) ) ;
#4789 = CARTESIAN_POINT ( 'NONE',  ( 76.63452057087400249, -2.829692279827054069, -9.592159076692270858 ) ) ;
#4790 = EDGE_CURVE ( 'NONE', #3555, #3854, #4416, .T. ) ;
#4791 = CARTESIAN_POINT ( 'NONE',  ( 76.38825132211498214, -9.157324047355489327, 4.018783677105860264 ) ) ;
#4792 = CARTESIAN_POINT ( 'NONE',  ( 69.29992569189744245, 6.163108443358990662, 7.875571753576057432 ) ) ;
#4793 = ORIENTED_EDGE ( 'NONE', *, *, #3068, .T. ) ;
#4794 = DIRECTION ( 'NONE',  ( -1.000000000000000000, -0.000000000000000000, -0.000000000000000000 ) ) ;
#4795 = CARTESIAN_POINT ( 'NONE',  ( 77.00000000000029843, 9.291306452364079149, 3.697515978093625311 ) ) ;
#4796 = CARTESIAN_POINT ( 'NONE',  ( 77.00000000000000000, 7.969316156358710934, 0.7000000000000018430 ) ) ;
#4797 = CARTESIAN_POINT ( 'NONE',  ( 77.00000000000001421, -5.712795373489899298, 28.17516336431262047 ) ) ;
#4798 = CARTESIAN_POINT ( 'NONE',  ( 73.99693945301238784, 7.884093058744644722, 1.358405651242177825 ) ) ;
#4799 = EDGE_CURVE ( 'NONE', #404, #4219, #4201, .T. ) ;
#4800 = CARTESIAN_POINT ( 'NONE',  ( 69.44014412312340312, -6.565451306409300081, 7.543144944922608452 ) ) ;
#4801 = DIRECTION ( 'NONE',  ( -0.000000000000000000, 0.9009688679024248081, 0.4338837391175463520 ) ) ;
#4802 = CARTESIAN_POINT ( 'NONE',  ( 69.64710261100196931, -7.452039704849501511, 2.910042599278028774 ) ) ;
#4803 = CARTESIAN_POINT ( 'NONE',  ( 72.82536688488266918, 8.033459956996249929, 5.955729357547222769 ) ) ;
#4804 = VERTEX_POINT ( 'NONE', #3466 ) ;
#4805 = CARTESIAN_POINT ( 'NONE',  ( 73.99696441829664195, 7.543144944922563155, 6.565451306409356036 ) ) ;
#4806 = CYLINDRICAL_SURFACE ( 'NONE', #1071, 0.7000000000000018430 ) ;
#4807 = CARTESIAN_POINT ( 'NONE',  ( 77.00000000000001421, -9.291306452362306345, 3.697515978098074196 ) ) ;
#4808 = EDGE_CURVE ( 'NONE', #4301, #698, #36, .T. ) ;
#4809 = CARTESIAN_POINT ( 'NONE',  ( 73.99631263256586067, 7.884229201073202908, -1.357609640821828112 ) ) ;
#4810 = VERTEX_POINT ( 'NONE', #2860 ) ;
#4811 = CARTESIAN_POINT ( 'NONE',  ( 77.69992722027566856, -7.167398044960255454, 3.554848892330368049 ) ) ;
#4812 = ORIENTED_EDGE ( 'NONE', *, *, #1388, .T. ) ;
#4813 = CARTESIAN_POINT ( 'NONE',  ( 73.43710854142003086, -7.362693569676096672, 6.766885797695293192 ) ) ;
#4814 = CYLINDRICAL_SURFACE ( 'NONE', #1472, 8.000000000000000000 ) ;
#4815 = DIRECTION ( 'NONE',  ( -0.000000000000000000, -0.9009688679024157043, 0.4338837391175651703 ) ) ;
#4816 = CARTESIAN_POINT ( 'NONE',  ( 73.25374738822024767, -6.657031133782102650, -4.436798415087398695 ) ) ;
#4817 = CARTESIAN_POINT ( 'NONE',  ( 72.75522068568680822, 3.305583013254539182, 7.285623965860677842 ) ) ;
#4818 = CARTESIAN_POINT ( 'NONE',  ( 69.99999999999980105, -7.969316156358251746, 0.7000000000052533089 ) ) ;
#4819 = CARTESIAN_POINT ( 'NONE',  ( 77.70003269886106523, 8.970166910244110170, -4.420910465100508446 ) ) ;
#4820 = ORIENTED_EDGE ( 'NONE', *, *, #3481, .T. ) ;
#4821 = CYLINDRICAL_SURFACE ( 'NONE', #1066, 2.749999999999999112 ) ;
#4822 = CARTESIAN_POINT ( 'NONE',  ( 69.31811214426680579, -7.285623965860724915, -3.305583013254436153 ) ) ;
#4823 = EDGE_CURVE ( 'NONE', #1070, #3130, #1962, .T. ) ;
#4824 = CARTESIAN_POINT ( 'NONE',  ( 73.62043667358638288, -4.943023867069221033, -8.692971621400985782 ) ) ;
#4825 = DIRECTION ( 'NONE',  ( 0.000000000000000000, -0.7818314824680359099, -0.6234898018587259338 ) ) ;
#4826 = CARTESIAN_POINT ( 'NONE',  ( 73.62216329496398259, 7.925273415605100347, 1.090890135578731490 ) ) ;
#4827 = CARTESIAN_POINT ( 'NONE',  ( 26.30000000000000426, 8.999999999999962697, -18.33845726811991383 ) ) ;
#4828 = CARTESIAN_POINT ( 'NONE',  ( 73.43710854141983191, -2.827078484594266250, -7.483824372735117691 ) ) ;
#4829 = LINE ( 'NONE', #266, #4747 ) ;
#4830 = EDGE_CURVE ( 'NONE', #5316, #2529, #2039, .T. ) ;
#4831 = CARTESIAN_POINT ( 'NONE',  ( 72.82535986353499879, -4.018783677105724372, 9.157324047355547947 ) ) ;
#4832 = ORIENTED_EDGE ( 'NONE', *, *, #825, .F. ) ;
#4833 = CARTESIAN_POINT ( 'NONE',  ( 69.44079562782334847, 2.643222566995663936, 9.644560280235461747 ) ) ;
#4834 = CARTESIAN_POINT ( 'NONE',  ( 70.00000000000000000, 8.683869217597814938, 4.958872393161278147 ) ) ;
#4835 = CARTESIAN_POINT ( 'NONE',  ( 77.00000000000001421, -1.537301343332059922, -9.881128709807875055 ) ) ;
#4836 = EDGE_LOOP ( 'NONE', ( #4348, #2610, #5903, #1899 ) ) ;
#4837 = B_SPLINE_CURVE_WITH_KNOTS ( 'NONE', 3,
 ( #2087, #2595, #2560, #4490, #4956, #716, #2628, #5468, #5996, #217, #1250, #4083, #1184, #1588 ),
 .UNSPECIFIED., .F., .F.,
 ( 4, 2, 2, 2, 2, 2, 4 ),
 ( 0.002189565179306694580, 0.002736829203537936156, 0.003010461215653571256, 0.003284093227769206355, 0.003557725239884841455, 0.003831357252000476554, 0.004378621276231717263 ),
 .UNSPECIFIED. ) ;
#4838 = CARTESIAN_POINT ( 'NONE',  ( 72.81296124757919586, 6.020886793746592858, -5.269313071721343000 ) ) ;
#4839 = EDGE_LOOP ( 'NONE', ( #1201, #1650 ) ) ;
#4840 = AXIS2_PLACEMENT_3D ( 'NONE', #3453, #3990, #1648 ) ;
#4841 = CARTESIAN_POINT ( 'NONE',  ( 77.09253170642544717, 9.975469913743411965, 0.7000000000000020650 ) ) ;
#4842 = DIRECTION ( 'NONE',  ( 0.000000000000000000, 0.000000000000000000, 1.000000000000000000 ) ) ;
#4843 = CARTESIAN_POINT ( 'NONE',  ( 70.00000000000000000, 28.86505807256334322, 13.90067933815165091 ) ) ;
#4844 = CARTESIAN_POINT ( 'NONE',  ( 76.44079562782336268, 1.803156632733107889, -9.836299847788364303 ) ) ;
#4845 = CARTESIAN_POINT ( 'NONE',  ( 73.80259620035754153, 4.023398779598092112, -6.915848349115215399 ) ) ;
#4846 = CARTESIAN_POINT ( 'NONE',  ( 76.44079562782333426, 2.643222566995663936, 9.644560280235461747 ) ) ;
#4847 = ORIENTED_EDGE ( 'NONE', *, *, #169, .F. ) ;
#4848 = AXIS2_PLACEMENT_3D ( 'NONE', #1669, #300, #829 ) ;
#4849 = DIRECTION ( 'NONE',  ( -0.000000000000000000, 0.6234898018587431423, 0.7818314824680221431 ) ) ;
#4850 = CARTESIAN_POINT ( 'NONE',  ( 77.00000000000001421, -6.766885797695191940, 7.362693569676186378 ) ) ;
#4851 = FACE_OUTER_BOUND ( 'NONE', #3898, .T. ) ;
#4852 = CARTESIAN_POINT ( 'NONE',  ( 70.00000000000000000, 5.672321722240117658, 8.235579292278284669 ) ) ;
#4853 = CARTESIAN_POINT ( 'NONE',  ( 69.29992569189744245, -6.306694080061785002, 7.761066029279838574 ) ) ;
#4854 = CIRCLE ( 'NONE', #2371, 2.749999999999999112 ) ;
#4855 = CARTESIAN_POINT ( 'NONE',  ( 73.80340771215259110, -2.898904538536310138, 7.457419765947358670 ) ) ;
#4856 = EDGE_CURVE ( 'NONE', #6009, #4185, #1667, .T. ) ;
#4857 = CARTESIAN_POINT ( 'NONE',  ( 69.31811214426679157, -5.129881658729944505, -6.139341153321466571 ) ) ;
#4858 = CARTESIAN_POINT ( 'NONE',  ( 73.25401337745886110, -2.844160048809303731, -7.477432428275225362 ) ) ;
#4859 = CARTESIAN_POINT ( 'NONE',  ( 69.44014412312341733, -9.188115164212776520, 3.947496199631649549 ) ) ;
#4860 = CIRCLE ( 'NONE', #3664, 13.22049999999999947 ) ;
#4861 = ORIENTED_EDGE ( 'NONE', *, *, #2457, .T. ) ;
#4862 = EDGE_CURVE ( 'NONE', #1660, #1229, #4854, .T. ) ;
#4863 = CARTESIAN_POINT ( 'NONE',  ( 70.36548765893751067, -7.976651364140179723, 0.6242829026904723744 ) ) ;
#4864 = CARTESIAN_POINT ( 'NONE',  ( 70.18305898564280199, 9.284619458973892847, 3.714442210013848999 ) ) ;
#4865 = CARTESIAN_POINT ( 'NONE',  ( 70.18332813216635202, -9.976794478432831070, -0.6817715863917027663 ) ) ;
#4866 = ORIENTED_EDGE ( 'NONE', *, *, #445, .T. ) ;
#4867 = ADVANCED_FACE ( 'NONE', ( #955 ), #4821, .F. ) ;
#4868 = CARTESIAN_POINT ( 'NONE',  ( 72.87669828762022917, 6.513639581137863566, -4.645082267593749314 ) ) ;
#4869 = ORIENTED_EDGE ( 'NONE', *, *, #5816, .F. ) ;
#4870 = CARTESIAN_POINT ( 'NONE',  ( 77.56041628925873965, 9.990986303619580511, -0.4295069185028181358 ) ) ;
#4871 = CARTESIAN_POINT ( 'NONE',  ( 73.43710854142003086, -28.01823128423977138, 6.394978454581793592 ) ) ;
#4872 = CARTESIAN_POINT ( 'NONE',  ( 77.00000000000001421, 8.683869217597814938, 4.958872393161278147 ) ) ;
#4873 = CIRCLE ( 'NONE', #4975, 14.22050000000000125 ) ;
#4874 = CARTESIAN_POINT ( 'NONE',  ( 76.63452057087401670, 5.735167672128943295, -8.192955872189831013 ) ) ;
#4875 = ORIENTED_EDGE ( 'NONE', *, *, #5641, .F. ) ;
#4876 = CYLINDRICAL_SURFACE ( 'NONE', #3093, 0.7000000000000017319 ) ;
#4877 = CARTESIAN_POINT ( 'NONE',  ( 70.00000000000029843, 1.537301343327464931, -9.881128709808589150 ) ) ;
#4878 = ORIENTED_EDGE ( 'NONE', *, *, #1027, .T. ) ;
#4879 = VECTOR ( 'NONE', #4849, 1000.000000000000000 ) ;
#4880 = CARTESIAN_POINT ( 'NONE',  ( 77.55920409114581560, -7.988651679389026761, 0.4308345126641982548 ) ) ;
#4882 = B_SPLINE_CURVE_WITH_KNOTS ( 'NONE', 3,
 ( #1379, #3276, #5805, #648, #1526, #5401, #5313, #1055, #1117, #2054, #4805, #3826, #1500, #1993 ),
 .UNSPECIFIED., .F., .F.,
 ( 4, 2, 2, 2, 2, 2, 4 ),
 ( 0.002189188203112909636, 0.002736359354753670290, 0.003009944930574051051, 0.003283530506394432245, 0.003557116082214813006, 0.003830701658035193767, 0.004377872809675956156 ),
 .UNSPECIFIED. ) ;
#4881 = CARTESIAN_POINT ( 'NONE',  ( 70.00000000000000000, 7.077694450544246507, -27.86363405677371219 ) ) ;
#4883 = DIRECTION ( 'NONE',  ( -0.000000000000000000, 0.7818314824680310249, 0.6234898018587320401 ) ) ;
#4884 = CYLINDRICAL_SURFACE ( 'NONE', #4140, 0.7000000000000018430 ) ;
#4885 = CARTESIAN_POINT ( 'NONE',  ( 69.30007476368578523, 9.050016017499313392, 4.255084748078910906 ) ) ;
#4886 = CARTESIAN_POINT ( 'NONE',  ( 74.13718088981457299, -3.553864269145515564, -7.167886308996068934 ) ) ;
#4887 = VERTEX_POINT ( 'NONE', #4261 ) ;
#4888 = CARTESIAN_POINT ( 'NONE',  ( 70.00000000000000000, -7.483824372733234753, 2.827078484599248043 ) ) ;
#4889 = CARTESIAN_POINT ( 'NONE',  ( 70.18274313490442751, -6.876387137968576369, 4.088434899662755306 ) ) ;
#4890 = EDGE_CURVE ( 'NONE', #3811, #3393, #545, .T. ) ;
#4891 = ORIENTED_EDGE ( 'NONE', *, *, #2351, .T. ) ;
#4892 = CARTESIAN_POINT ( 'NONE',  ( 73.43710854142003086, 4.088434899662630961, 6.876387137968640317 ) ) ;
#4893 = CARTESIAN_POINT ( 'NONE',  ( 77.00000000000001421, 8.683869217597814938, 4.958872393161278147 ) ) ;
#4894 = CARTESIAN_POINT ( 'NONE',  ( 70.68189213675294980, -9.998687502092614920, 0.1828641476860214110 ) ) ;
#4895 = EDGE_CURVE ( 'NONE', #2180, #1615, #2065, .T. ) ;
#4896 = EDGE_LOOP ( 'NONE', ( #6137, #4753 ) ) ;
#4897 = CYLINDRICAL_SURFACE ( 'NONE', #4350, 0.7000000000000061728 ) ;
#4898 = EDGE_LOOP ( 'NONE', ( #415, #1336, #3999, #5198 ) ) ;
#4899 = CARTESIAN_POINT ( 'NONE',  ( 26.30000000000000426, -8.999999999999854339, 15.58845726811997778 ) ) ;
#4900 = DIRECTION ( 'NONE',  ( -0.000000000000000000, 0.2225209339563245792, 0.9749279121818212879 ) ) ;
#4901 = CARTESIAN_POINT ( 'NONE',  ( 76.31811214426679157, -5.129881658729944505, -6.139341153321466571 ) ) ;
#4902 = ADVANCED_FACE ( 'NONE', ( #3876 ), #52, .F. ) ;
#4903 = CARTESIAN_POINT ( 'NONE',  ( 73.43710854142003086, -7.613744108066244465, 2.455789212633394225 ) ) ;
#4904 = DIRECTION ( 'NONE',  ( -0.000000000000000000, 0.9009688679024249192, 0.4338837391175464075 ) ) ;
#4905 = ORIENTED_EDGE ( 'NONE', *, *, #1242, .F. ) ;
#4906 = CARTESIAN_POINT ( 'NONE',  ( 76.63374405134041467, -9.263582827204597692, 3.768657489251634907 ) ) ;
#4907 = CARTESIAN_POINT ( 'NONE',  ( 72.75549151297175854, 9.788892526525454940, -2.045667626989192911 ) ) ;
#4908 = ORIENTED_EDGE ( 'NONE', *, *, #1586, .T. ) ;
#4909 = CARTESIAN_POINT ( 'NONE',  ( 74.04885019795742096, -4.653803199969454241, 8.851514380995267217 ) ) ;
#4910 = CARTESIAN_POINT ( 'NONE',  ( 77.00000000000001421, 28.86505807256334322, 13.90067933815165091 ) ) ;
#4911 = DIRECTION ( 'NONE',  ( -1.000000000000000000, -0.000000000000000000, -0.000000000000000000 ) ) ;
#4912 = CARTESIAN_POINT ( 'NONE',  ( 73.08441250651263488, -4.011960885464861626, 6.921373559934826503 ) ) ;
#4913 = DIRECTION ( 'NONE',  ( -0.000000000000000000, 1.000000000000000000, -0.000000000000000000 ) ) ;
#4914 = FACE_BOUND ( 'NONE', #793, .T. ) ;
#4915 = ORIENTED_EDGE ( 'NONE', *, *, #4525, .T. ) ;
#4916 = CARTESIAN_POINT ( 'NONE',  ( 77.00000000000001421, -5.516069389005265222, 5.794219403481287500 ) ) ;
#4917 = CARTESIAN_POINT ( 'NONE',  ( 77.61174165653740431, -6.506769884438207363, -7.594019800604946191 ) ) ;
#4918 = CARTESIAN_POINT ( 'NONE',  ( 76.56947108626576437, 5.413262440573660683, -5.890736308578572888 ) ) ;
#4919 = EDGE_LOOP ( 'NONE', ( #4878, #854, #5696, #757 ) ) ;
#4920 = CARTESIAN_POINT ( 'NONE',  ( 70.55920409114581560, -7.988651679389026761, 0.4308345126641982548 ) ) ;
#4921 = DIRECTION ( 'NONE',  ( -0.000000000000000000, 0.6234898018587320401, -0.7818314824680311359 ) ) ;
#4922 = DIRECTION ( 'NONE',  ( -1.000000000000000000, -0.000000000000000000, -0.000000000000000000 ) ) ;
#4923 = CARTESIAN_POINT ( 'NONE',  ( 70.18305898564278777, -9.976789157673380259, 0.6818486142979640618 ) ) ;
#4924 = VERTEX_POINT ( 'NONE', #3530 ) ;
#4925 = CARTESIAN_POINT ( 'NONE',  ( 22.30000000000000426, 8.999999999999962697, -15.58845726811991561 ) ) ;
#4926 = ADVANCED_FACE ( 'NONE', ( #3560 ), #3073, .F. ) ;
#4927 = VERTEX_POINT ( 'NONE', #730 ) ;
#4928 = CARTESIAN_POINT ( 'NONE',  ( 72.73710854141982907, -0.1827282435581507603, -10.00000000000001421 ) ) ;
#4929 = CARTESIAN_POINT ( 'NONE',  ( 74.04837333078337736, -6.028675145983394934, -5.259491881540160563 ) ) ;
#4930 = CARTESIAN_POINT ( 'NONE',  ( 70.00000000000000000, 9.975469913743413741, 0.7000000000000018430 ) ) ;
#4931 = CARTESIAN_POINT ( 'NONE',  ( 72.82535986353502722, 7.594012977884380788, -6.506778991434333470 ) ) ;
#4932 = B_SPLINE_CURVE_WITH_KNOTS ( 'NONE', 3,
 ( #4266, #5826, #2488, #462, #58, #2869, #5274, #2983, #4770, #2456, #4357, #4855, #2951, #88 ),
 .UNSPECIFIED., .F., .F.,
 ( 4, 2, 2, 2, 2, 2, 4 ),
 ( 0.002189565179306707157, 0.002736829203537951768, 0.003010461215653588603, 0.003284093227769225437, 0.003557725239884862271, 0.003831357252000499106, 0.004378621276231745019 ),
 .UNSPECIFIED. ) ;
#4933 = DIRECTION ( 'NONE',  ( -0.000000000000000000, -0.4338837391175462965, 0.9009688679024249192 ) ) ;
#4934 = ORIENTED_EDGE ( 'NONE', *, *, #3742, .T. ) ;
#4935 = CARTESIAN_POINT ( 'NONE',  ( 77.00000000000001421, 9.291306452362329438, -3.697515978098008915 ) ) ;
#4936 = CIRCLE ( 'NONE', #5446, 8.000000000000000000 ) ;
#4937 = CARTESIAN_POINT ( 'NONE',  ( 70.61126478936336071, -2.122894331988878225, -7.713656624649190441 ) ) ;
#4938 = EDGE_CURVE ( 'NONE', #3890, #1378, #1888, .T. ) ;
#4939 = ORIENTED_EDGE ( 'NONE', *, *, #546, .T. ) ;
#4940 = DIRECTION ( 'NONE',  ( 0.000000000000000000, 0.000000000000000000, -1.000000000000000000 ) ) ;
#4941 = CARTESIAN_POINT ( 'NONE',  ( 73.43710854142003086, -26.80582901495868242, 20.48160170097862931 ) ) ;
#4942 = CARTESIAN_POINT ( 'NONE',  ( 73.43710854142003086, 7.362693569676045158, -6.766885797695352700 ) ) ;
#4943 = AXIS2_PLACEMENT_3D ( 'NONE', #842, #6088, #2752 ) ;
#4944 = CARTESIAN_POINT ( 'NONE',  ( 76.38825132211496793, 5.955720679389397532, 8.033467317462681834 ) ) ;
#4945 = CARTESIAN_POINT ( 'NONE',  ( 73.80259620035752732, -7.915576075203115458, 1.166341084461582245 ) ) ;
#4946 = CARTESIAN_POINT ( 'NONE',  ( 72.81296124757921007, -7.873676364498982672, -1.421955884707981621 ) ) ;
#4947 = ORIENTED_EDGE ( 'NONE', *, *, #3017, .F. ) ;
#4948 = AXIS2_PLACEMENT_3D ( 'NONE', #871, #4203, #2781 ) ;
#4949 = CARTESIAN_POINT ( 'NONE',  ( 74.13704257229964867, 6.140563829348880454, 5.130971021941073573 ) ) ;
#4950 = CARTESIAN_POINT ( 'NONE',  ( 77.00000000000001421, -5.672321722240055486, -8.235579292278329078 ) ) ;
#4951 = AXIS2_PLACEMENT_3D ( 'NONE', #130, #2030, #3428 ) ;
#4952 = CARTESIAN_POINT ( 'NONE',  ( 74.13703576169565679, 7.820109470446501732, -1.689506807454602022 ) ) ;
#4953 = ORIENTED_EDGE ( 'NONE', *, *, #1928, .F. ) ;
#4954 = VECTOR ( 'NONE', #2501, 1000.000000000000000 ) ;
#4955 = CYLINDRICAL_SURFACE ( 'NONE', #2561, 12.00000000000000000 ) ;
#4956 = CARTESIAN_POINT ( 'NONE',  ( 74.04837333078337736, -6.469131863210630939, 4.707176627680092373 ) ) ;
#4957 = CARTESIAN_POINT ( 'NONE',  ( 69.99999999999980105, -7.969316156358251746, 0.7000000000052533089 ) ) ;
#4958 = FACE_OUTER_BOUND ( 'NONE', #2738, .T. ) ;
#4959 = AXIS2_PLACEMENT_3D ( 'NONE', #2495, #4394, #3892 ) ;
#4960 = EDGE_LOOP ( 'NONE', ( #336, #5649, #5666, #5763 ) ) ;
#4961 = CARTESIAN_POINT ( 'NONE',  ( 70.70003269886106523, 6.306118928294849546, 7.761520972095286020 ) ) ;
#4962 = ORIENTED_EDGE ( 'NONE', *, *, #1582, .F. ) ;
#4963 = DIRECTION ( 'NONE',  ( 0.000000000000000000, -0.9009688679024253632, -0.4338837391175448532 ) ) ;
#4964 = CARTESIAN_POINT ( 'NONE',  ( 73.62043667358639709, 9.574946960976870258, -2.884723774536926300 ) ) ;
#4965 = CARTESIAN_POINT ( 'NONE',  ( 77.36548765893749646, 4.485276751234003711, -6.625631184458637080 ) ) ;
#4966 = FACE_BOUND ( 'NONE', #5185, .T. ) ;
#4967 = EDGE_CURVE ( 'NONE', #6130, #3637, #3104, .T. ) ;
#4968 = FACE_OUTER_BOUND ( 'NONE', #1375, .T. ) ;
#4969 = EDGE_LOOP ( 'NONE', ( #4223, #655, #3295, #4742 ) ) ;
#4970 = CARTESIAN_POINT ( 'NONE',  ( 72.75548954343469177, 6.367984276285310941, 4.843134844784713344 ) ) ;
#4971 = CARTESIAN_POINT ( 'NONE',  ( 77.00000000000001421, 7.077694450544679938, 27.86363405677386140 ) ) ;
#4972 = ORIENTED_EDGE ( 'NONE', *, *, #4799, .T. ) ;
#4973 = CARTESIAN_POINT ( 'NONE',  ( 73.52893491103310453, 0.7000743162077924797, 9.975464698818317544 ) ) ;
#4974 = CARTESIAN_POINT ( 'NONE',  ( 77.35269246556353551, -9.258235850478715889, -3.779723318762889583 ) ) ;
#4975 = AXIS2_PLACEMENT_3D ( 'NONE', #2689, #4582, #3084 ) ;
#4976 = CARTESIAN_POINT ( 'NONE',  ( 77.00000000000001421, -29.16877668994561645, 13.27000113062019970 ) ) ;
#4977 = ADVANCED_FACE ( 'NONE', ( #5004 ), #2167, .F. ) ;
#4978 = CARTESIAN_POINT ( 'NONE',  ( 77.00000000000001421, 5.672321722240117658, 8.235579292278284669 ) ) ;
#4979 = ORIENTED_EDGE ( 'NONE', *, *, #5987, .T. ) ;
#4980 = LINE ( 'NONE', #5986, #5957 ) ;
#4981 = ORIENTED_EDGE ( 'NONE', *, *, #4830, .T. ) ;
#4982 = CARTESIAN_POINT ( 'NONE',  ( 73.86763745515435176, 5.890736308578567559, 5.413262440573666012 ) ) ;
#4983 = CARTESIAN_POINT ( 'NONE',  ( 74.13704300877445519, -9.789982418998881997, -2.046855927511002982 ) ) ;
#4984 = CARTESIAN_POINT ( 'NONE',  ( 73.99656801985187826, 0.4305139935110539051, -9.990937643365320753 ) ) ;
#4985 = EDGE_CURVE ( 'NONE', #2463, #1115, #3595, .T. ) ;
#4986 = AXIS2_PLACEMENT_3D ( 'NONE', #2736, #4157, #6070 ) ;
#4987 = CARTESIAN_POINT ( 'NONE',  ( 76.57028713879576287, 2.322069128170427099, 7.655866040473644496 ) ) ;
#4988 = VERTEX_POINT ( 'NONE', #699 ) ;
#4989 = CARTESIAN_POINT ( 'NONE',  ( 77.42973211210463091, 5.787223139345557321, -8.155509294187524461 ) ) ;
#4990 = DIRECTION ( 'NONE',  ( -1.000000000000000000, 0.000000000000000000, 0.000000000000000000 ) ) ;
#4991 = CARTESIAN_POINT ( 'NONE',  ( 69.30006596912038219, -7.999994227702341476, -0.1829757553230670353 ) ) ;
#4992 = CARTESIAN_POINT ( 'NONE',  ( 73.08441250651266330, 7.912764448622341185, -1.178728502787336430 ) ) ;
#4993 = ORIENTED_EDGE ( 'NONE', *, *, #2116, .F. ) ;
#4994 = DIRECTION ( 'NONE',  ( -0.000000000000000000, -0.000000000000000000, -1.000000000000000000 ) ) ;
#4995 = EDGE_LOOP ( 'NONE', ( #346, #2837, #1028, #1643 ) ) ;
#4996 = DIRECTION ( 'NONE',  ( -0.000000000000000000, -0.2225209339563050392, 0.9749279121818257288 ) ) ;
#4997 = CARTESIAN_POINT ( 'NONE',  ( 77.00000000000001421, -6.395244912017178152, 28.01939871054320008 ) ) ;
#4998 = B_SPLINE_CURVE_WITH_KNOTS ( 'NONE', 3,
 ( #3829, #5893, #4487, #1614, #4779, #4749, #5752, #5428, #3335, #5220, #943, #1473, #2849, #474, #2378, #4275 ),
 .UNSPECIFIED., .F., .F.,
 ( 4, 2, 2, 2, 2, 2, 2, 4 ),
 ( 0.000000000000000000, 0.0002736485253891241128, 0.0005472970507782482256, 0.001094594101556468262, 0.001368242626945579419, 0.001641891152334690575, 0.001915539677723801949, 0.002189188203112913105 ),
 .UNSPECIFIED. ) ;
#4999 = CYLINDRICAL_SURFACE ( 'NONE', #3573, 0.7000000000000017319 ) ;
#5000 = ORIENTED_EDGE ( 'NONE', *, *, #5101, .T. ) ;
#5001 = CARTESIAN_POINT ( 'NONE',  ( 76.44079562782334847, 8.814578663659462521, -4.723068019828851938 ) ) ;
#5002 = CARTESIAN_POINT ( 'NONE',  ( 72.87725266454343398, 9.644781323269848272, -2.642419297395515621 ) ) ;
#5003 = ORIENTED_EDGE ( 'NONE', *, *, #1290, .F. ) ;
#5004 = FACE_OUTER_BOUND ( 'NONE', #5612, .T. ) ;
#5005 = CYLINDRICAL_SURFACE ( 'NONE', #2398, 0.7000000000000007327 ) ;
#5006 = FACE_BOUND ( 'NONE', #960, .T. ) ;
#5007 = CARTESIAN_POINT ( 'NONE',  ( 73.00739568021580794, -6.588821149502583907, 4.537810675374988278 ) ) ;
#5008 = CARTESIAN_POINT ( 'NONE',  ( 76.63374405134041467, 9.981358935436700719, 0.6238748830898027675 ) ) ;
#5009 = ORIENTED_EDGE ( 'NONE', *, *, #558, .T. ) ;
#5010 = CARTESIAN_POINT ( 'NONE',  ( 77.55920409114582981, 7.384458548941565503, 3.077977578032623729 ) ) ;
#5011 = ORIENTED_EDGE ( 'NONE', *, *, #3548, .F. ) ;
#5012 = ADVANCED_FACE ( 'NONE', ( #3034, #4409 ), #2135, .F. ) ;
#5013 = CARTESIAN_POINT ( 'NONE',  ( 73.62046969461979984, 5.806887400858262716, 5.502844937486413457 ) ) ;
#5014 = CARTESIAN_POINT ( 'NONE',  ( 77.70003269886105102, 2.136400606719888629, -9.769551483342535647 ) ) ;
#5015 = CARTESIAN_POINT ( 'NONE',  ( 76.64730396509263244, 2.371222141004285078, 7.640585557447539422 ) ) ;
#5016 = ORIENTED_EDGE ( 'NONE', *, *, #3114, .T. ) ;
#5017 = EDGE_CURVE ( 'NONE', #4927, #3418, #6153, .T. ) ;
#5018 = CARTESIAN_POINT ( 'NONE',  ( 69.30007476368578523, 9.999994766543689906, -0.09295590044075918712 ) ) ;
#5019 = CARTESIAN_POINT ( 'NONE',  ( 0.000000000000000000, 0.000000000000000000, 13.22049999999999947 ) ) ;
#5020 = DIRECTION ( 'NONE',  ( -1.000000000000000000, -0.000000000000000000, -0.000000000000000000 ) ) ;
#5021 = CARTESIAN_POINT ( 'NONE',  ( 77.00000000000001421, -2.902200420386484403, 9.569599402269064470 ) ) ;
#5022 = B_SPLINE_CURVE_WITH_KNOTS ( 'NONE', 3,
 ( #3900, #3806, #3374, #5813, #568, #3312, #1417, #17, #2885, #5227, #949, #3836, #1010, #539, #5291, #2854 ),
 .UNSPECIFIED., .F., .F.,
 ( 4, 2, 2, 2, 2, 2, 2, 4 ),
 ( 0.000000000000000000, 0.0002736485253891023203, 0.0005472970507782046407, 0.001094594101556440940, 0.001368242626945559036, 0.001641891152334677131, 0.001915539677723795443, 0.002189188203112913539 ),
 .UNSPECIFIED. ) ;
#5023 = EDGE_LOOP ( 'NONE', ( #738, #4126, #707, #147 ) ) ;
#5024 = DIRECTION ( 'NONE',  ( -1.000000000000000000, 0.000000000000000000, 0.000000000000000000 ) ) ;
#5025 = ORIENTED_EDGE ( 'NONE', *, *, #2199, .T. ) ;
#5026 = CARTESIAN_POINT ( 'NONE',  ( 73.62216329496402523, -6.667105126083477273, -4.421505313550063931 ) ) ;
#5027 = DIRECTION ( 'NONE',  ( 0.000000000000000000, 0.8660254037844362651, -0.5000000000000039968 ) ) ;
#5028 = CARTESIAN_POINT ( 'NONE',  ( 70.61126478936337492, -4.707176627680007996, 6.469131863210695776 ) ) ;
#5029 = LINE ( 'NONE', #2572, #2697 ) ;
#5030 = EDGE_LOOP ( 'NONE', ( #5625, #3397, #2853, #5125 ) ) ;
#5031 = CARTESIAN_POINT ( 'NONE',  ( 77.18305898564280199, -2.884797687212329098, -9.574924633298355303 ) ) ;
#5032 = CARTESIAN_POINT ( 'NONE',  ( 70.36548765893751067, 6.915848349115155891, -4.023398779598189812 ) ) ;
#5033 = ORIENTED_EDGE ( 'NONE', *, *, #2989, .F. ) ;
#5034 = CARTESIAN_POINT ( 'NONE',  ( 73.86684065352463335, -4.836877961144820048, 8.752650747124969044 ) ) ;
#5035 = DIRECTION ( 'NONE',  ( -0.000000000000000000, 0.7818314824680268060, -0.6234898018587373691 ) ) ;
#5036 = CARTESIAN_POINT ( 'NONE',  ( 77.00000000000001421, -5.672321722240055486, -8.235579292278329078 ) ) ;
#5037 = LINE ( 'NONE', #767, #4696 ) ;
#5038 = ORIENTED_EDGE ( 'NONE', *, *, #4210, .T. ) ;
#5039 = ORIENTED_EDGE ( 'NONE', *, *, #2132, .F. ) ;
#5040 = VECTOR ( 'NONE', #1528, 1000.000000000000114 ) ;
#5041 = CARTESIAN_POINT ( 'NONE',  ( 69.38828058685214728, -2.122148197548568316, -7.713863017780506759 ) ) ;
#5042 = CARTESIAN_POINT ( 'NONE',  ( 73.78998107740528667, -8.184982213714011579, -5.745198579865109956 ) ) ;
#5043 = CARTESIAN_POINT ( 'NONE',  ( 69.43958974620021252, 1.358912215219196362, -7.884012142114432464 ) ) ;
#5044 = ORIENTED_EDGE ( 'NONE', *, *, #1665, .F. ) ;
#5045 = EDGE_CURVE ( 'NONE', #2990, #1732, #3006, .T. ) ;
#5046 = CARTESIAN_POINT ( 'NONE',  ( 76.99999999999980105, -7.483824372735139896, -2.827078484594213403 ) ) ;
#5047 = AXIS2_PLACEMENT_3D ( 'NONE', #27, #1919, #2011 ) ;
#5048 = CARTESIAN_POINT ( 'NONE',  ( 69.63452057087400249, 5.735167672128943295, -8.192955872189831013 ) ) ;
#5049 = CARTESIAN_POINT ( 'NONE',  ( 76.99999999999980105, -2.455789212638409325, -7.613744108064627980 ) ) ;
#5050 = AXIS2_PLACEMENT_3D ( 'NONE', #1359, #5727, #921 ) ;
#5051 = CARTESIAN_POINT ( 'NONE',  ( 38.00000000000000711, 0.000000000000000000, 10.09999999999999787 ) ) ;
#5052 = CARTESIAN_POINT ( 'NONE',  ( 73.43710854142003086, 13.26942195978012684, 29.16757402930342735 ) ) ;
#5053 = EDGE_CURVE ( 'NONE', #2175, #126, #2168, .T. ) ;
#5054 = VERTEX_POINT ( 'NONE', #5417 ) ;
#5055 = VECTOR ( 'NONE', #1853, 1000.000000000000000 ) ;
#5056 = DIRECTION ( 'NONE',  ( -0.000000000000000000, 0.9009688679024249192, 0.4338837391175464075 ) ) ;
#5057 = ORIENTED_EDGE ( 'NONE', *, *, #5017, .F. ) ;
#5058 = DIRECTION ( 'NONE',  ( 0.000000000000000000, 0.8660254037844397068, 0.4999999999999980016 ) ) ;
#5059 = CARTESIAN_POINT ( 'NONE',  ( 76.64710261100198352, 6.921433678458708272, 4.011857366228743338 ) ) ;
#5060 = CARTESIAN_POINT ( 'NONE',  ( 73.43710854142032929, -9.881128709808580268, 1.537301343327534875 ) ) ;
#5061 = AXIS2_PLACEMENT_3D ( 'NONE', #3019, #4921, #649 ) ;
#5062 = ADVANCED_FACE ( 'NONE', ( #200 ), #762, .F. ) ;
#5063 = CARTESIAN_POINT ( 'NONE',  ( 73.00739568021580794, 3.967440468639529261, -6.947208503671177482 ) ) ;
#5064 = ORIENTED_EDGE ( 'NONE', *, *, #1013, .F. ) ;
#5065 = CARTESIAN_POINT ( 'NONE',  ( 77.18332813216636623, -1.555367475925358622, -9.878363861274415569 ) ) ;
#5066 = CARTESIAN_POINT ( 'NONE',  ( 72.73703423331751594, 9.769717502895328920, 2.135686316842571930 ) ) ;
#5067 = B_SPLINE_CURVE_WITH_KNOTS ( 'NONE', 3,
 ( #5976, #3132, #5032, #3592, #1133, #666, #2575, #4470, #2101, #5911, #5128, #3168, #4724, #1385 ),
 .UNSPECIFIED., .F., .F.,
 ( 4, 2, 2, 2, 2, 2, 4 ),
 ( 0.002189565179306697616, 0.002736829203537966947, 0.003010461215653587302, 0.003284093227769207656, 0.003557725239884828011, 0.003831357252000447931, 0.004378621276231718130 ),
 .UNSPECIFIED. ) ;
#5068 = ORIENTED_EDGE ( 'NONE', *, *, #6156, .F. ) ;
#5069 = CARTESIAN_POINT ( 'NONE',  ( 70.55920409114582981, 2.197674824676987271, 7.692489804795889619 ) ) ;
#5070 = CARTESIAN_POINT ( 'NONE',  ( 76.63452057087401670, -9.263736229870049854, -3.768270852058772213 ) ) ;
#5071 = CARTESIAN_POINT ( 'NONE',  ( 77.00000000000001421, 21.02975994219535849, 26.37048487808063513 ) ) ;
#5072 = CARTESIAN_POINT ( 'NONE',  ( 76.44079562782336268, 9.990923372183994289, -0.4308348975168913020 ) ) ;
#5073 = CARTESIAN_POINT ( 'NONE',  ( 69.31838297155172768, -2.404158445235843544, -9.707069336631867884 ) ) ;
#5074 = VERTEX_POINT ( 'NONE', #3170 ) ;
#5075 = CYLINDRICAL_SURFACE ( 'NONE', #5778, 0.7000000000000002887 ) ;
#5076 = CARTESIAN_POINT ( 'NONE',  ( 73.43710854142032929, -9.569599402267721544, -2.902200420390931512 ) ) ;
#5077 = APPLICATION_PROTOCOL_DEFINITION ( 'draft international standard', 'automotive_design', 1998, #2518 ) ;
#5078 = VERTEX_POINT ( 'NONE', #2677 ) ;
#5079 = VECTOR ( 'NONE', #2077, 1000.000000000000000 ) ;
#5080 = CARTESIAN_POINT ( 'NONE',  ( 74.06128050092941351, -7.585709633095802040, 6.517187345895771422 ) ) ;
#5081 = VECTOR ( 'NONE', #2158, 1000.000000000000114 ) ;
#5082 = EDGE_CURVE ( 'NONE', #5416, #5633, #476, .T. ) ;
#5083 = CARTESIAN_POINT ( 'NONE',  ( 77.00000000000001421, 6.766885797695245230, -7.362693569676141081 ) ) ;
#5084 = AXIS2_PLACEMENT_3D ( 'NONE', #3716, #1819, #5223 ) ;
#5085 = CARTESIAN_POINT ( 'NONE',  ( 70.43051374540978316, 2.767203639603923460, -9.609722389421525790 ) ) ;
#5086 = CARTESIAN_POINT ( 'NONE',  ( 70.56041628925873965, 5.893476039993742255, -8.079060816590965644 ) ) ;
#5087 = CARTESIAN_POINT ( 'NONE',  ( 72.87684941516020842, -0.4297134275012054472, -7.988719123716140125 ) ) ;
#5088 = ORIENTED_EDGE ( 'NONE', *, *, #6014, .T. ) ;
#5089 = CARTESIAN_POINT ( 'NONE',  ( 73.25208770019281701, -4.958872393161403380, -8.683869217597754542 ) ) ;
#5090 = ORIENTED_EDGE ( 'NONE', *, *, #4182, .F. ) ;
#5091 = EDGE_CURVE ( 'NONE', #4524, #3741, #973, .T. ) ;
#5092 = CARTESIAN_POINT ( 'NONE',  ( 74.13714124028109609, 9.769551483342510778, -2.136400606720020967 ) ) ;
#5093 = CARTESIAN_POINT ( 'NONE',  ( 69.64730396509263244, 7.976666690803097204, -0.6115804170321839095 ) ) ;
#5094 = DIRECTION ( 'NONE',  ( -0.000000000000000000, 0.9009688679024187019, -0.4338837391175590641 ) ) ;
#5095 = CARTESIAN_POINT ( 'NONE',  ( 78.38119784648294797, 0.000000000000000000, 0.000000000000000000 ) ) ;
#5096 = ORIENTED_EDGE ( 'NONE', *, *, #1916, .T. ) ;
#5097 = CARTESIAN_POINT ( 'NONE',  ( 73.80340771215256268, 5.847475912460636138, -5.461115503473756405 ) ) ;
#5098 = FACE_OUTER_BOUND ( 'NONE', #5693, .T. ) ;
#5099 = ORIENTED_EDGE ( 'NONE', *, *, #1442, .F. ) ;
#5100 = CARTESIAN_POINT ( 'NONE',  ( 70.36629917073251761, -4.485654960592572849, -6.625379737313177309 ) ) ;
#5101 = EDGE_CURVE ( 'NONE', #4676, #3033, #2710, .T. ) ;
#5102 = DIRECTION ( 'NONE',  ( 0.000000000000000000, 0.000000000000000000, 1.000000000000000000 ) ) ;
#5103 = CARTESIAN_POINT ( 'NONE',  ( 76.64710261100199773, -1.178846920671613230, -7.912746907988989165 ) ) ;
#5104 = B_SPLINE_CURVE_WITH_KNOTS ( 'NONE', 3,
 ( #5697, #4786, #1479, #1535, #3427, #1881, #6161, #1909, #5257, #4252, #982, #1064, #2969, #1973 ),
 .UNSPECIFIED., .F., .F.,
 ( 4, 2, 2, 2, 2, 2, 4 ),
 ( 0.002189565179306701952, 0.002736829203537973019, 0.003010461215653593807, 0.003284093227769214595, 0.003557725239884835383, 0.003831357252000456605, 0.004378621276231728539 ),
 .UNSPECIFIED. ) ;
#5105 = CARTESIAN_POINT ( 'NONE',  ( 70.00000000000000000, -21.57704197992279305, 25.93404201677965659 ) ) ;
#5106 = CARTESIAN_POINT ( 'NONE',  ( 69.90860718336328716, -1.090890135578800102, 7.925273415605095906 ) ) ;
#5107 = CARTESIAN_POINT ( 'NONE',  ( 77.62417195950938265, 9.163098964407346614, -4.006786606199956857 ) ) ;
#5108 = VERTEX_POINT ( 'NONE', #2201 ) ;
#5109 = DIRECTION ( 'NONE',  ( -1.000000000000000000, -0.000000000000000000, -0.000000000000000000 ) ) ;
#5110 = DIRECTION ( 'NONE',  ( -0.000000000000000000, -0.000000000000000000, -1.000000000000000000 ) ) ;
#5111 = VERTEX_POINT ( 'NONE', #297 ) ;
#5112 = CARTESIAN_POINT ( 'NONE',  ( 73.78998107740528667, -7.422484343149312380, 6.701340667105503357 ) ) ;
#5113 = DIRECTION ( 'NONE',  ( 0.000000000000000000, -1.224646799147353454E-16, 1.000000000000000000 ) ) ;
#5114 = CYLINDRICAL_SURFACE ( 'NONE', #4943, 0.7000000000000018430 ) ;
#5115 = CARTESIAN_POINT ( 'NONE',  ( 69.38825132211496793, -9.994148768488768653, -0.3524150180710303726 ) ) ;
#5116 = CARTESIAN_POINT ( 'NONE',  ( 70.69993446735443854, 6.377922671304592228, -7.704250602826528294 ) ) ;
#5117 = VERTEX_POINT ( 'NONE', #5548 ) ;
#5118 = CARTESIAN_POINT ( 'NONE',  ( 73.43710854142032929, 9.569599402267739308, 2.902200420390868452 ) ) ;
#5119 = ORIENTED_EDGE ( 'NONE', *, *, #833, .F. ) ;
#5120 = CARTESIAN_POINT ( 'NONE',  ( 76.63374405134041467, -2.829294349699907674, 9.592280206005691312 ) ) ;
#5121 = CARTESIAN_POINT ( 'NONE',  ( 73.86684065352464756, 9.858841990758676843, -1.675565013184890262 ) ) ;
#5122 = CARTESIAN_POINT ( 'NONE',  ( 69.30006596912038219, 7.999994227702339700, 0.1829757553230588474 ) ) ;
#5123 = CARTESIAN_POINT ( 'NONE',  ( 70.18505475354399437, 4.421505313550158078, 6.667105126083410660 ) ) ;
#5124 = CARTESIAN_POINT ( 'NONE',  ( 76.38825132211493951, 8.851509755831900250, 4.653813596832197419 ) ) ;
#5125 = ORIENTED_EDGE ( 'NONE', *, *, #5918, .T. ) ;
#5126 = EDGE_CURVE ( 'NONE', #1168, #276, #251, .T. ) ;
#5127 = CARTESIAN_POINT ( 'NONE',  ( 74.04884823196672983, 6.029199791713655721, -5.258892854776135550 ) ) ;
#5128 = CARTESIAN_POINT ( 'NONE',  ( 70.55983091159234277, 7.384148691003147746, -3.078723336291955714 ) ) ;
#5129 = ORIENTED_EDGE ( 'NONE', *, *, #4285, .F. ) ;
#5130 = CARTESIAN_POINT ( 'NONE',  ( 70.61173969054668476, 1.434952147230921016, 7.870712580292384075 ) ) ;
#5131 = CARTESIAN_POINT ( 'NONE',  ( 76.30007476368578523, -9.050016017499286747, -4.255084748078973966 ) ) ;
#5132 = FACE_BOUND ( 'NONE', #2350, .T. ) ;
#5133 = CARTESIAN_POINT ( 'NONE',  ( 76.99999999999980105, -7.483824372735139896, -2.827078484594213403 ) ) ;
#5134 = EDGE_CURVE ( 'NONE', #3455, #3156, #4932, .T. ) ;
#5135 = CARTESIAN_POINT ( 'NONE',  ( 38.00000000000000711, 0.000000000000000000, 12.00000000000000000 ) ) ;
#5136 = CARTESIAN_POINT ( 'NONE',  ( 77.70003269886105102, -2.136400606719825568, 9.769551483342551634 ) ) ;
#5137 = CARTESIAN_POINT ( 'NONE',  ( 77.18274313490437066, -5.516069389005446411, -5.794219403481116970 ) ) ;
#5138 = ORIENTED_EDGE ( 'NONE', *, *, #135, .T. ) ;
#5139 = CYLINDRICAL_SURFACE ( 'NONE', #5389, 0.7000000000000012879 ) ;
#5140 = ORIENTED_EDGE ( 'NONE', *, *, #4790, .F. ) ;
#5141 = CARTESIAN_POINT ( 'NONE',  ( 73.62004756909624348, -0.6999344574892421011, 9.975474513000888166 ) ) ;
#5142 = AXIS2_PLACEMENT_3D ( 'NONE', #4302, #5216, #3682 ) ;
#5143 = B_SPLINE_CURVE_WITH_KNOTS ( 'NONE', 3,
 ( #671, #1605, #5392, #2483, #605, #4005, #2137, #4441, #2041, #3936, #5854, #1045, #2947, #637, #111, #2010 ),
 .UNSPECIFIED., .F., .F.,
 ( 4, 2, 2, 2, 2, 2, 2, 4 ),
 ( 0.000000000000000000, 0.0002736956474133477729, 0.0005473912948266955458, 0.001094782589653361168, 0.001368478237066694412, 0.001642173884480028091, 0.001915869531893362853, 0.002189565179306697616 ),
 .UNSPECIFIED. ) ;
#5144 = CARTESIAN_POINT ( 'NONE',  ( 21.30000000000000426, 1.741508980727493796E-15, -14.22050000000000125 ) ) ;
#5145 = CARTESIAN_POINT ( 'NONE',  ( 70.00000000000000000, -9.291306452362306345, 3.697515978098074196 ) ) ;
#5146 = SURFACE_STYLE_FILL_AREA ( #3300 ) ;
#5147 = AXIS2_PLACEMENT_3D ( 'NONE', #3587, #1721, #2193 ) ;
#5148 = ORIENTED_EDGE ( 'NONE', *, *, #4066, .T. ) ;
#5149 = B_SPLINE_CURVE_WITH_KNOTS ( 'NONE', 3,
 ( #4345, #1012, #4874, #1567, #2505, #1940, #2386, #106, #4404, #5296, #5728, #5324, #5261, #2004 ),
 .UNSPECIFIED., .F., .F.,
 ( 4, 2, 2, 2, 2, 2, 4 ),
 ( 0.002189188203112914840, 0.002736359354753677663, 0.003009944930574061026, 0.003283530506394444388, 0.003557116082214827751, 0.003830701658035210247, 0.004377872809675976973 ),
 .UNSPECIFIED. ) ;
#5150 = CARTESIAN_POINT ( 'NONE',  ( 76.99999999999980105, 6.876387137965978447, -4.088434899667116262 ) ) ;
#5151 = ORIENTED_EDGE ( 'NONE', *, *, #3758, .T. ) ;
#5152 = AXIS2_PLACEMENT_3D ( 'NONE', #1223, #4559, #3059 ) ;
#5153 = CYLINDRICAL_SURFACE ( 'NONE', #4344, 2.749999999999999556 ) ;
#5154 = CARTESIAN_POINT ( 'NONE',  ( 26.30000000000000426, -18.00000000000000000, -2.749999999999999556 ) ) ;
#5155 = FACE_OUTER_BOUND ( 'NONE', #4246, .T. ) ;
#5156 = VECTOR ( 'NONE', #2174, 999.9999999999998863 ) ;
#5157 = CARTESIAN_POINT ( 'NONE',  ( 73.34455964667168359, 2.827078484599092167, -7.483824372733296038 ) ) ;
#5158 = ORIENTED_EDGE ( 'NONE', *, *, #33, .T. ) ;
#5159 = CYLINDRICAL_SURFACE ( 'NONE', #410, 0.7000000000000015099 ) ;
#5160 = CARTESIAN_POINT ( 'NONE',  ( 72.87790416924336512, 9.644560280235513261, 2.643222566995472089 ) ) ;
#5161 = ORIENTED_EDGE ( 'NONE', *, *, #3334, .F. ) ;
#5162 = STYLED_ITEM ( 'NONE', ( #313 ), #5929 ) ;
#5163 = CARTESIAN_POINT ( 'NONE',  ( 72.82582456632033541, 4.654490686970771840, -8.851151867462217382 ) ) ;
#5164 = ADVANCED_FACE ( 'NONE', ( #115 ), #5265, .F. ) ;
#5165 = CARTESIAN_POINT ( 'NONE',  ( 73.43710854142003086, 7.362693569676045158, -6.766885797695352700 ) ) ;
#5166 = DIRECTION ( 'NONE',  ( -0.000000000000000000, 0.6234898018587319291, -0.7818314824680310249 ) ) ;
#5167 = FACE_OUTER_BOUND ( 'NONE', #4296, .T. ) ;
#5168 = CONICAL_SURFACE ( 'NONE', #1076, 10.00000000000000000, 0.5880026035475671708 ) ;
#5169 = CARTESIAN_POINT ( 'NONE',  ( 70.35269246556352130, -9.258235850478715889, -3.779723318762889583 ) ) ;
#5170 = EDGE_LOOP ( 'NONE', ( #1847, #3021, #250 ) ) ;
#5171 = CARTESIAN_POINT ( 'NONE',  ( 77.56041628925872544, -8.815211551423805858, 4.721898857006582517 ) ) ;
#5172 = EDGE_CURVE ( 'NONE', #51, #3529, #1666, .T. ) ;
#5173 = CARTESIAN_POINT ( 'NONE',  ( 69.81663884680024523, 2.438377955450667933, -7.619419704848818142 ) ) ;
#5174 = EDGE_LOOP ( 'NONE', ( #3263, #3085, #5025, #4009 ) ) ;
#5175 = CARTESIAN_POINT ( 'NONE',  ( 72.73718330510580188, -9.769958653358420619, 2.134582873067904174 ) ) ;
#5176 = CARTESIAN_POINT ( 'NONE',  ( 70.00000000000029843, 2.902200420391060298, 9.569599402267682464 ) ) ;
#5177 = EDGE_CURVE ( 'NONE', #196, #16, #4386, .T. ) ;
#5178 = CARTESIAN_POINT ( 'NONE',  ( 70.56041628925872544, -8.815211551423805858, 4.721898857006582517 ) ) ;
#5179 = DIRECTION ( 'NONE',  ( 0.000000000000000000, 0.000000000000000000, 1.000000000000000000 ) ) ;
#5180 = CIRCLE ( 'NONE', #2297, 2.749999999999999112 ) ;
#5181 = B_SPLINE_CURVE_WITH_KNOTS ( 'NONE', 3,
 ( #4294, #3412, #992, #5332, #5855, #5769, #2949, #1578, #4414, #2896, #4798, #1490, #4826, #520 ),
 .UNSPECIFIED., .F., .F.,
 ( 4, 2, 2, 2, 2, 2, 4 ),
 ( 0.002189565179306702386, 0.002736829203537945697, 0.003010461215653581664, 0.003284093227769218064, 0.003557725239884854465, 0.003831357252000490432, 0.004378621276231733743 ),
 .UNSPECIFIED. ) ;
#5182 = VERTEX_POINT ( 'NONE', #3357 ) ;
#5183 = CYLINDRICAL_SURFACE ( 'NONE', #5664, 0.7000000000000016209 ) ;
#5184 = AXIS2_PLACEMENT_3D ( 'NONE', #4596, #4562, #5027 ) ;
#5185 = EDGE_LOOP ( 'NONE', ( #743, #3546 ) ) ;
#5186 = VECTOR ( 'NONE', #4759, 1000.000000000000000 ) ;
#5187 = B_SPLINE_CURVE_WITH_KNOTS ( 'NONE', 3,
 ( #5083, #5431, #4520, #5501, #1278, #3182, #1616, #5896, #1645, #3087, #3987, #4989, #809, #2722, #1710, #183 ),
 .UNSPECIFIED., .F., .F.,
 ( 4, 2, 2, 2, 2, 2, 2, 4 ),
 ( 0.000000000000000000, 0.0002736485253891263354, 0.0005472970507782526708, 0.001094594101556474334, 0.001368242626945584623, 0.001641891152334694695, 0.001915539677723804768, 0.002189188203112914840 ),
 .UNSPECIFIED. ) ;
#5188 = CARTESIAN_POINT ( 'NONE',  ( 77.35287253598522739, -9.981349502321656075, -0.6114758158766288032 ) ) ;
#5189 = CARTESIAN_POINT ( 'NONE',  ( 76.44014412312341733, -9.990960128906360538, -0.4300025808602422894 ) ) ;
#5190 = CARTESIAN_POINT ( 'NONE',  ( 76.31811214426683421, 7.126921110565619166, -3.635132887971854743 ) ) ;
#5191 = CARTESIAN_POINT ( 'NONE',  ( 73.34571572478331802, -6.667105126083413325, 4.421505313550167848 ) ) ;
#5192 = VECTOR ( 'NONE', #2076, 1000.000000000000000 ) ;
#5193 = CARTESIAN_POINT ( 'NONE',  ( 73.43710854142003086, -13.26942195977989414, -29.16757402930344867 ) ) ;
#5194 = ORIENTED_EDGE ( 'NONE', *, *, #3986, .F. ) ;
#5195 = CARTESIAN_POINT ( 'NONE',  ( 73.43710854142003086, -26.80582901495880321, -20.48160170097843391 ) ) ;
#5196 = DIRECTION ( 'NONE',  ( -0.000000000000000000, 0.2225209339563114508, -0.9749279121818242855 ) ) ;
#5197 = CARTESIAN_POINT ( 'NONE',  ( 77.68192758678335963, -4.844007195599431270, -6.367322708595535730 ) ) ;
#5198 = ORIENTED_EDGE ( 'NONE', *, *, #846, .F. ) ;
#5199 = CARTESIAN_POINT ( 'NONE',  ( 70.68189213675299243, 8.929164379121891315, -4.503022823796565710 ) ) ;
#5200 = CARTESIAN_POINT ( 'NONE',  ( 73.43710854142003086, -6.667105126083474609, -4.421505313550062155 ) ) ;
#5201 = CARTESIAN_POINT ( 'NONE',  ( 77.00000000000001421, -24.00100000000000122, 0.000000000000000000 ) ) ;
#5202 = CYLINDRICAL_SURFACE ( 'NONE', #3582, 0.7000000000000015099 ) ;
#5203 = CARTESIAN_POINT ( 'NONE',  ( 70.35287253598525581, -8.727575747872633016, -4.881665917086520423 ) ) ;
#5204 = ORIENTED_EDGE ( 'NONE', *, *, #4678, .T. ) ;
#5205 = CARTESIAN_POINT ( 'NONE',  ( 77.42973211210461670, -8.752650747124899766, 4.836877961144942617 ) ) ;
#5206 = CARTESIAN_POINT ( 'NONE',  ( 69.90860718336330137, 7.483824372733276498, 2.827078484599157893 ) ) ;
#5207 = ORIENTED_EDGE ( 'NONE', *, *, #1959, .F. ) ;
#5208 = CARTESIAN_POINT ( 'NONE',  ( 73.43710854142003086, -9.569599402269028943, 2.902200420386614965 ) ) ;
#5209 = EDGE_CURVE ( 'NONE', #1581, #4610, #496, .T. ) ;
#5210 = CARTESIAN_POINT ( 'NONE',  ( 76.37585270615919342, -2.135122157977730417, 7.710900816470024566 ) ) ;
#5211 = CARTESIAN_POINT ( 'NONE',  ( 70.35287253598527002, -9.258194574617601091, 3.779824569926498068 ) ) ;
#5212 = CARTESIAN_POINT ( 'NONE',  ( 73.43710854141974664, 8.235579292280965191, 5.672321722236227437 ) ) ;
#5213 = ORIENTED_EDGE ( 'NONE', *, *, #1215, .T. ) ;
#5214 = EDGE_CURVE ( 'NONE', #1971, #721, #5699, .T. ) ;
#5215 = EDGE_LOOP ( 'NONE', ( #2422, #5011 ) ) ;
#5216 = DIRECTION ( 'NONE',  ( -1.000000000000000000, -0.000000000000000000, -0.000000000000000000 ) ) ;
#5217 = CARTESIAN_POINT ( 'NONE',  ( 76.31838297155172768, -9.998668424379548725, 0.1838550388020163961 ) ) ;
#5218 = DIRECTION ( 'NONE',  ( -1.000000000000000000, -0.000000000000000000, -0.000000000000000000 ) ) ;
#5219 = CARTESIAN_POINT ( 'NONE',  ( 73.25438029584988442, -8.235579292278412566, 5.672321722239930253 ) ) ;
#5220 = CARTESIAN_POINT ( 'NONE',  ( 77.61174165653739010, 2.567475390464653451, 9.665157069617150043 ) ) ;
#5221 = EDGE_LOOP ( 'NONE', ( #6113, #5300 ) ) ;
#5222 = EDGE_CURVE ( 'NONE', #667, #2305, #5831, .T. ) ;
#5223 = DIRECTION ( 'NONE',  ( 0.000000000000000000, 0.9009688679024211444, 0.4338837391175539571 ) ) ;
#5224 = CARTESIAN_POINT ( 'NONE',  ( 21.30000000000000426, 0.000000000000000000, 0.000000000000000000 ) ) ;
#5225 = ORIENTED_EDGE ( 'NONE', *, *, #3510, .F. ) ;
#5226 = B_SPLINE_CURVE_WITH_KNOTS ( 'NONE', 3,
 ( #4397, #3773, #5695, #1413, #15, #3804, #5724, #1444, #5254, #4022, #720, #5902, #2060, #3922, #751, #1092 ),
 .UNSPECIFIED., .F., .F.,
 ( 4, 2, 2, 2, 2, 2, 2, 4 ),
 ( 0.000000000000000000, 0.0002736956474133263057, 0.0005473912948266526114, 0.001094782589653334496, 0.001368478237066676415, 0.001642173884480018116, 0.001915869531893360034, 0.002189565179306701952 ),
 .UNSPECIFIED. ) ;
#5227 = CARTESIAN_POINT ( 'NONE',  ( 74.04885019795739254, 4.653803199969390292, -8.851514380995299192 ) ) ;
#5228 = CARTESIAN_POINT ( 'NONE',  ( 77.00000000000001421, -5.516069389005265222, 5.794219403481287500 ) ) ;
#5229 = CYLINDRICAL_SURFACE ( 'NONE', #5486, 0.7000000000000017319 ) ;
#5230 = CARTESIAN_POINT ( 'NONE',  ( 76.38871602490031876, -5.955104454708909145, 8.033922072654402058 ) ) ;
#5231 = CARTESIAN_POINT ( 'NONE',  ( 77.09253170642544717, 9.291306452362329438, -3.697515978098010692 ) ) ;
#5232 = VERTEX_POINT ( 'NONE', #1492 ) ;
#5233 = CARTESIAN_POINT ( 'NONE',  ( 77.68161899798536751, -7.998335771811197148, 0.1838579591700393312 ) ) ;
#5234 = CARTESIAN_POINT ( 'NONE',  ( 73.07085259276043132, -8.192720280780303455, -5.735510480215646467 ) ) ;
#5235 = DIRECTION ( 'NONE',  ( -1.000000000000000000, -0.000000000000000000, -0.000000000000000000 ) ) ;
#5236 = CARTESIAN_POINT ( 'NONE',  ( 70.68189213675297822, -6.377048637202770820, -7.703274741287778227 ) ) ;
#5237 = ORIENTED_EDGE ( 'NONE', *, *, #5704, .F. ) ;
#5238 = DIRECTION ( 'NONE',  ( -0.000000000000000000, -0.6234898018587267110, 0.7818314824680352437 ) ) ;
#5239 = CARTESIAN_POINT ( 'NONE',  ( 73.78953143382599933, -0.6117399584915881317, 7.976654305144761814 ) ) ;
#5240 = CARTESIAN_POINT ( 'NONE',  ( 72.73710854141978643, 0.1827431330042963153, -8.000000000000021316 ) ) ;
#5241 = FACE_OUTER_BOUND ( 'NONE', #622, .T. ) ;
#5242 = CARTESIAN_POINT ( 'NONE',  ( 72.81293658191067664, 7.585709633095845561, 6.517187345895719908 ) ) ;
#5243 = EDGE_CURVE ( 'NONE', #293, #2790, #3447, .T. ) ;
#5244 = ORIENTED_EDGE ( 'NONE', *, *, #2743, .T. ) ;
#5245 = CARTESIAN_POINT ( 'NONE',  ( 76.29992569189745666, -2.314734677197950674, 9.728850883043959286 ) ) ;
#5246 = CARTESIAN_POINT ( 'NONE',  ( 77.09253170642544717, 8.683869217597816714, 4.958872393161279035 ) ) ;
#5247 = CARTESIAN_POINT ( 'NONE',  ( 69.99999999999980105, 6.876387137965978447, -4.088434899667116262 ) ) ;
#5248 = CARTESIAN_POINT ( 'NONE',  ( 72.82582456632033541, -8.033922072654322122, 5.955104454709019279 ) ) ;
#5249 = EDGE_CURVE ( 'NONE', #3169, #690, #4115, .T. ) ;
#5250 = CARTESIAN_POINT ( 'NONE',  ( 85.00100000000000477, -18.00000000000000000, -2.749999999999999556 ) ) ;
#5251 = ORIENTED_EDGE ( 'NONE', *, *, #5731, .F. ) ;
#5252 = CARTESIAN_POINT ( 'NONE',  ( 69.64730396509261823, 4.495217510445281839, -6.617723297060027043 ) ) ;
#5253 = VECTOR ( 'NONE', #3513, 1000.000000000000000 ) ;
#5254 = CARTESIAN_POINT ( 'NONE',  ( 69.31811214426680579, 5.129881658729989802, 6.139341153321429267 ) ) ;
#5255 = EDGE_LOOP ( 'NONE', ( #5354, #2553 ) ) ;
#5256 = FACE_BOUND ( 'NONE', #2374, .T. ) ;
#5257 = CARTESIAN_POINT ( 'NONE',  ( 77.68192758678337384, 4.844007195599481896, 6.367322708595501091 ) ) ;
#5258 = EDGE_CURVE ( 'NONE', #647, #404, #4980, .T. ) ;
#5259 = CARTESIAN_POINT ( 'NONE',  ( 73.52849368626502269, 8.235579292278245589, -5.672321722240178055 ) ) ;
#5260 = VECTOR ( 'NONE', #5579, 1000.000000000000114 ) ;
#5261 = CARTESIAN_POINT ( 'NONE',  ( 76.81497915877277194, 6.766885797695247007, -7.362693569676141969 ) ) ;
#5262 = DIRECTION ( 'NONE',  ( 0.000000000000000000, 0.000000000000000000, 1.000000000000000000 ) ) ;
#5263 = CARTESIAN_POINT ( 'NONE',  ( 69.31838297155172768, 6.377811452313473239, 7.702642015225466210 ) ) ;
#5264 = ORIENTED_EDGE ( 'NONE', *, *, #3558, .F. ) ;
#5265 = TOROIDAL_SURFACE ( 'NONE', #3361, 14.22050000000000125, 1.000000000000001776 ) ;
#5266 = CARTESIAN_POINT ( 'NONE',  ( 77.00000000000001421, -4.421505313550106564, -6.667105126083447963 ) ) ;
#5267 = CARTESIAN_POINT ( 'NONE',  ( 69.38828058685217570, -7.354078717951078481, -3.150352653215110710 ) ) ;
#5268 = CARTESIAN_POINT ( 'NONE',  ( 72.75549151297174433, -7.702642015225555028, -6.377811452313363105 ) ) ;
#5269 = LINE ( 'NONE', #1426, #2265 ) ;
#5270 = CARTESIAN_POINT ( 'NONE',  ( 26.30000000000000426, -9.000000000000074607, -12.83845726811985699 ) ) ;
#5271 = VECTOR ( 'NONE', #5991, 1000.000000000000000 ) ;
#5272 = VERTEX_POINT ( 'NONE', #4417 ) ;
#5273 = CARTESIAN_POINT ( 'NONE',  ( 70.68192758678334542, 7.126977464103988247, 3.635023577993591992 ) ) ;
#5274 = CARTESIAN_POINT ( 'NONE',  ( 74.13703576169565679, -3.554848892330266352, 7.167398044960303416 ) ) ;
#5275 = CARTESIAN_POINT ( 'NONE',  ( 69.90860718336331558, -5.516069389005298973, -5.794219403481262631 ) ) ;
#5276 = EDGE_CURVE ( 'NONE', #4148, #132, #5951, .T. ) ;
#5277 = CARTESIAN_POINT ( 'NONE',  ( 77.69993446735442433, -6.377922671304541602, 7.704250602826572702 ) ) ;
#5278 = CARTESIAN_POINT ( 'NONE',  ( 72.75521640466708106, 7.931302603703468179, 6.091110741851490040 ) ) ;
#5279 = ORIENTED_EDGE ( 'NONE', *, *, #288, .T. ) ;
#5280 = ADVANCED_FACE ( 'NONE', ( #207 ), #5523, .F. ) ;
#5281 = CARTESIAN_POINT ( 'NONE',  ( 70.18505475354399437, -7.969316156358710934, -0.7000000000000018430 ) ) ;
#5282 = CARTESIAN_POINT ( 'NONE',  ( 77.69993446735443854, 8.930310264659127029, 4.503657794417551763 ) ) ;
#5283 = CARTESIAN_POINT ( 'NONE',  ( 76.31805170002296279, -6.091241378101715398, -7.931203214226020037 ) ) ;
#5284 = CARTESIAN_POINT ( 'NONE',  ( 76.64730396509261823, 4.495217510445281839, -6.617723297060027043 ) ) ;
#5285 = VERTEX_POINT ( 'NONE', #143 ) ;
#5286 = AXIS2_PLACEMENT_3D ( 'NONE', #4262, #3207, #1800 ) ;
#5287 = CARTESIAN_POINT ( 'NONE',  ( 74.13710854142004791, 8.572527594031495376E-17, 24.00000000000000000 ) ) ;
#5288 = EDGE_CURVE ( 'NONE', #1174, #5984, #620, .T. ) ;
#5289 = ORIENTED_EDGE ( 'NONE', *, *, #4808, .F. ) ;
#5290 = CARTESIAN_POINT ( 'NONE',  ( 69.99999999999980105, 2.455789212638459951, 7.613744108064611105 ) ) ;
#5291 = CARTESIAN_POINT ( 'NONE',  ( 73.52849368626503690, 4.958872393161214198, -8.683869217597854018 ) ) ;
#5292 = VECTOR ( 'NONE', #1596, 1000.000000000000000 ) ;
#5293 = CYLINDRICAL_SURFACE ( 'NONE', #2366, 0.7000000000000007327 ) ;
#5294 = AXIS2_PLACEMENT_3D ( 'NONE', #2005, #5325, #2035 ) ;
#5295 = B_SPLINE_CURVE_WITH_KNOTS ( 'NONE', 3,
 ( #4893, #5246, #2876, #3366, #1001, #1902, #5282, #4776, #1930, #9, #502, #3420, #3395, #1030, #4365, #93 ),
 .UNSPECIFIED., .F., .F.,
 ( 4, 2, 2, 2, 2, 2, 2, 4 ),
 ( 0.000000000000000000, 0.0002736485253891244923, 0.0005472970507782489846, 0.001094594101556466961, 0.001368242626945578334, 0.001641891152334689708, 0.001915539677723801081, 0.002189188203112912238 ),
 .UNSPECIFIED. ) ;
#5296 = CARTESIAN_POINT ( 'NONE',  ( 76.38825132211496793, 6.506778991434224224, -7.594012977884475823 ) ) ;
#5297 = DIRECTION ( 'NONE',  ( -1.000000000000000000, 0.000000000000000000, 0.000000000000000000 ) ) ;
#5298 = CARTESIAN_POINT ( 'NONE',  ( 77.68189213675300664, 8.929164379121891315, -4.503022823796565710 ) ) ;
#5299 = EDGE_CURVE ( 'NONE', #2166, #5272, #270, .T. ) ;
#5300 = ORIENTED_EDGE ( 'NONE', *, *, #3853, .T. ) ;
#5301 = CARTESIAN_POINT ( 'NONE',  ( 70.00000000000000000, -6.876387137968698049, -4.088434899662539479 ) ) ;
#5302 = CARTESIAN_POINT ( 'NONE',  ( 77.18505475354398015, 7.969316156358710934, 0.7000000000000018430 ) ) ;
#5303 = CARTESIAN_POINT ( 'NONE',  ( 70.00000000000029843, -1.537301343327402758, 9.881128709808599808 ) ) ;
#5304 = DIRECTION ( 'NONE',  ( -0.000000000000000000, -0.9009688679024158153, 0.4338837391175651703 ) ) ;
#5305 = DIRECTION ( 'NONE',  ( -1.000000000000000000, -0.000000000000000000, -0.000000000000000000 ) ) ;
#5306 = CARTESIAN_POINT ( 'NONE',  ( 70.18274313490441330, 4.421505313549948468, -6.667105126083558098 ) ) ;
#5307 = B_SPLINE_CURVE_WITH_KNOTS ( 'NONE', 3,
 ( #6018, #1705, #272, #1733, #176, #3635, #3605, #3508, #1639, #1143, #5459, #3044, #2587, #2111 ),
 .UNSPECIFIED., .F., .F.,
 ( 4, 2, 2, 2, 2, 2, 4 ),
 ( 0.002189188203112911804, 0.002736359354753674627, 0.003009944930574056255, 0.003283530506394438317, 0.003557116082214819945, 0.003830701658035201573, 0.004377872809675963962 ),
 .UNSPECIFIED. ) ;
#5308 = CARTESIAN_POINT ( 'NONE',  ( 69.43958974620022673, -5.316700993054852553, -5.978041520107508333 ) ) ;
#5309 = B_SPLINE_CURVE_WITH_KNOTS ( 'NONE', 3,
 ( #2335, #4265, #2899, #1429, #3296, #3269, #5141, #2400, #1831, #3818, #434, #4233, #2812, #1803, #4709, #3703 ),
 .UNSPECIFIED., .F., .F.,
 ( 4, 2, 2, 2, 2, 2, 2, 4 ),
 ( 0.000000000000000000, 0.0002736485385145709143, 0.0005472970770291417202, 0.001094594154058283440, 0.001368242692572874900, 0.001641891231087466794, 0.001915539769602058254, 0.002189188308116650147 ),
 .UNSPECIFIED. ) ;
#5310 = CARTESIAN_POINT ( 'NONE',  ( 72.87669828762020074, -3.079199194008282792, -7.383957082032535979 ) ) ;
#5311 = CARTESIAN_POINT ( 'NONE',  ( 73.34457683499464054, 7.362693569676141081, 6.766885797695244342 ) ) ;
#5312 = ORIENTED_EDGE ( 'NONE', *, *, #4483, .F. ) ;
#5313 = CARTESIAN_POINT ( 'NONE',  ( 74.13703377773425984, 7.876267788946811343, 6.162218906134930840 ) ) ;
#5314 = DIRECTION ( 'NONE',  ( 0.000000000000000000, 0.000000000000000000, -1.000000000000000000 ) ) ;
#5315 = DIRECTION ( 'NONE',  ( -1.000000000000000000, -0.000000000000000000, -0.000000000000000000 ) ) ;
#5316 = VERTEX_POINT ( 'NONE', #3475 ) ;
#5317 = CARTESIAN_POINT ( 'NONE',  ( 70.36548765893748225, -7.457580749288185373, -2.898479859422395055 ) ) ;
#5318 = ORIENTED_EDGE ( 'NONE', *, *, #18, .T. ) ;
#5319 = CARTESIAN_POINT ( 'NONE',  ( 74.13710854142004791, -0.1850208199464384584, -10.00000000000000000 ) ) ;
#5320 = CARTESIAN_POINT ( 'NONE',  ( 77.70003269886105102, 10.00000228892012721, -0.09109313731424549532 ) ) ;
#5321 = CARTESIAN_POINT ( 'NONE',  ( 73.86684065352464756, 3.827353827540581399, 9.238811946942432130 ) ) ;
#5322 = FACE_BOUND ( 'NONE', #804, .T. ) ;
#5323 = ADVANCED_FACE ( 'NONE', ( #5395, #4914, #5887, #641, #2551, #4446, #174, #102, #3340, #45, #2415, #2443, #2999, #5789, #1095, #625, #1563, #2912, #5256, #2475, #5347 ), #4814, .F. ) ;
#5324 = CARTESIAN_POINT ( 'NONE',  ( 76.63374405134041467, 6.711040529656977505, -7.414761026295709101 ) ) ;
#5325 = DIRECTION ( 'NONE',  ( -0.000000000000000000, -0.000000000000000000, 1.000000000000000000 ) ) ;
#5326 = CARTESIAN_POINT ( 'NONE',  ( 77.56041628925873965, 8.815211551423837832, -4.721898857006523009 ) ) ;
#5327 = ORIENTED_EDGE ( 'NONE', *, *, #3150, .T. ) ;
#5328 = CARTESIAN_POINT ( 'NONE',  ( 0.000000000000000000, 1.469576158976823947E-15, -12.00000000000000000 ) ) ;
#5329 = B_SPLINE_CURVE_WITH_KNOTS ( 'NONE', 3,
 ( #2660, #4556, #4085, #1714, #3614, #5535, #3816, #1951, #2980, #2043, #1983, #607, #2012, #4384, #5737, #1047 ),
 .UNSPECIFIED., .F., .F.,
 ( 4, 2, 2, 2, 2, 2, 2, 4 ),
 ( 0.000000000000000000, 0.0002736485253891252512, 0.0005472970507782505024, 0.001094594101556470430, 0.001368242626945580503, 0.001641891152334690358, 0.001915539677723800431, 0.002189188203112910069 ),
 .UNSPECIFIED. ) ;
#5330 = DIRECTION ( 'NONE',  ( -1.000000000000000000, -0.000000000000000000, -0.000000000000000000 ) ) ;
#5331 = DIRECTION ( 'NONE',  ( 0.000000000000000000, 0.9009688679024211444, 0.4338837391175539571 ) ) ;
#5332 = CARTESIAN_POINT ( 'NONE',  ( 73.99631263256587488, 7.692489804795934916, 2.197674824676833616 ) ) ;
#5333 = EDGE_CURVE ( 'NONE', #5638, #690, #1972, .T. ) ;
#5334 = CARTESIAN_POINT ( 'NONE',  ( 69.63374405134041467, 8.722204493171632933, 4.892841183511785985 ) ) ;
#5335 = CARTESIAN_POINT ( 'NONE',  ( 21.30000000000000426, 0.000000000000000000, 0.000000000000000000 ) ) ;
#5336 = CARTESIAN_POINT ( 'NONE',  ( 69.31811214426680579, -7.126921110565590745, 3.635132887971907145 ) ) ;
#5337 = CARTESIAN_POINT ( 'NONE',  ( 72.73717451054041305, -3.635922867561393268, -7.128355537671428266 ) ) ;
#5338 = CARTESIAN_POINT ( 'NONE',  ( 70.00000000000000000, -9.291306452362306345, 3.697515978098074196 ) ) ;
#5339 = EDGE_LOOP ( 'NONE', ( #1316, #585 ) ) ;
#5340 = CARTESIAN_POINT ( 'NONE',  ( 76.57028713879577708, 1.229643790225027900, -7.905204995118139344 ) ) ;
#5341 = DIRECTION ( 'NONE',  ( -0.000000000000000000, 0.2225209339563246069, 0.9749279121818213989 ) ) ;
#5342 = CARTESIAN_POINT ( 'NONE',  ( 77.00000000000029843, -1.537301343327402758, 9.881128709808599808 ) ) ;
#5343 = ORIENTED_EDGE ( 'NONE', *, *, #2457, .F. ) ;
#5344 = CARTESIAN_POINT ( 'NONE',  ( 77.61126478936334649, -7.047870718911980248, 3.786119015203824212 ) ) ;
#5345 = EDGE_LOOP ( 'NONE', ( #1271, #1532 ) ) ;
#5346 = CIRCLE ( 'NONE', #1152, 10.09999999999999964 ) ;
#5347 = FACE_OUTER_BOUND ( 'NONE', #3679, .T. ) ;
#5348 = CARTESIAN_POINT ( 'NONE',  ( 76.31805170002294858, -8.929238954838261577, -4.502876596026872846 ) ) ;
#5349 = CARTESIAN_POINT ( 'NONE',  ( 72.73718330510585872, 7.876267788946726967, -6.162218906135046304 ) ) ;
#5350 = AXIS2_PLACEMENT_3D ( 'NONE', #1872, #416, #2791 ) ;
#5351 = CARTESIAN_POINT ( 'NONE',  ( 76.81497915877275773, 2.902200420386549240, -9.569599402269048483 ) ) ;
#5352 = CARTESIAN_POINT ( 'NONE',  ( 73.99693945301241627, 3.078723336291855350, -7.384148691003191267 ) ) ;
#5353 = CARTESIAN_POINT ( 'NONE',  ( 73.99693945301240205, 3.853607314928884975, 7.010984234371003154 ) ) ;
#5354 = ORIENTED_EDGE ( 'NONE', *, *, #298, .F. ) ;
#5355 = EDGE_CURVE ( 'NONE', #4237, #4301, #538, .T. ) ;
#5356 = CARTESIAN_POINT ( 'NONE',  ( 77.00000000000001421, -7.969316156358710934, -0.7000000000000018430 ) ) ;
#5357 = CARTESIAN_POINT ( 'NONE',  ( 77.36548765893751067, 6.915848349115155891, -4.023398779598189812 ) ) ;
#5358 = DIRECTION ( 'NONE',  ( 0.000000000000000000, 0.000000000000000000, 1.000000000000000000 ) ) ;
#5359 = CARTESIAN_POINT ( 'NONE',  ( 70.00000000000000000, 1.537301343332124537, 9.881128709807864396 ) ) ;
#5360 = FACE_OUTER_BOUND ( 'NONE', #1900, .T. ) ;
#5361 = VECTOR ( 'NONE', #1508, 1000.000000000000114 ) ;
#5362 = CARTESIAN_POINT ( 'NONE',  ( 70.00000000000000000, -4.421505313550106564, -6.667105126083447963 ) ) ;
#5363 = EDGE_CURVE ( 'NONE', #3308, #2909, #3969, .T. ) ;
#5364 = CARTESIAN_POINT ( 'NONE',  ( 69.37585270615916500, -4.697398125282943759, -6.476973744235333008 ) ) ;
#5365 = CARTESIAN_POINT ( 'NONE',  ( 77.09253170642546138, -6.766885797695192828, 7.362693569676189043 ) ) ;
#5366 = CARTESIAN_POINT ( 'NONE',  ( 73.00760190747335798, 0.5604165134957916905, -9.984498655909947118 ) ) ;
#5367 = CIRCLE ( 'NONE', #779, 2.750000000000000000 ) ;
#5368 = ORIENTED_EDGE ( 'NONE', *, *, #1290, .T. ) ;
#5369 = EDGE_CURVE ( 'NONE', #915, #1732, #4162, .T. ) ;
#5370 = LINE ( 'NONE', #5866, #1760 ) ;
#5371 = FACE_OUTER_BOUND ( 'NONE', #1153, .T. ) ;
#5372 = CARTESIAN_POINT ( 'NONE',  ( 73.34455964667171202, 7.613744108066233807, -2.455789212633443963 ) ) ;
#5373 = B_SPLINE_CURVE_WITH_KNOTS ( 'NONE', 3,
 ( #5133, #6134, #398, #3779, #5700, #893, #3748, #2266, #1419, #1824, #4165, #4197, #1300, #1390 ),
 .UNSPECIFIED., .F., .F.,
 ( 4, 2, 2, 2, 2, 2, 4 ),
 ( 0.002189565179306711927, 0.002736829203538002509, 0.003010461215653632838, 0.003284093227769263601, 0.003557725239884894364, 0.003831357252000524693, 0.004378621276231757162 ),
 .UNSPECIFIED. ) ;
#5374 = ORIENTED_EDGE ( 'NONE', *, *, #4518, .F. ) ;
#5375 = CARTESIAN_POINT ( 'NONE',  ( 70.62417195950936843, 5.945309440034771242, 8.041767044709752454 ) ) ;
#5376 = ORIENTED_EDGE ( 'NONE', *, *, #4258, .F. ) ;
#5377 = CARTESIAN_POINT ( 'NONE',  ( 74.06098321070405177, -0.3662562875281549224, -9.994126048280424612 ) ) ;
#5378 = CARTESIAN_POINT ( 'NONE',  ( 70.18274313490442751, 1.090890135578646891, -7.925273415605121663 ) ) ;
#5379 = DIRECTION ( 'NONE',  ( 0.000000000000000000, 0.7818314824680272501, -0.6234898018587368140 ) ) ;
#5380 = B_SPLINE_CURVE_WITH_KNOTS ( 'NONE', 3,
 ( #1817, #4155, #4627, #5665, #1324, #6100, #3740, #3714, #4218, #2762, #2291, #5637, #1351, #1259 ),
 .UNSPECIFIED., .F., .F.,
 ( 4, 2, 2, 2, 2, 2, 4 ),
 ( 0.002189565179306704121, 0.002736829203537978657, 0.003010461215653600312, 0.003284093227769222401, 0.003557725239884844924, 0.003831357252000466580, 0.004378621276231739814 ),
 .UNSPECIFIED. ) ;
#5381 = CARTESIAN_POINT ( 'NONE',  ( 73.43710854142032929, 8.235579292280885255, -5.672321722236346453 ) ) ;
#5382 = VECTOR ( 'NONE', #1952, 1000.000000000000000 ) ;
#5383 = CARTESIAN_POINT ( 'NONE',  ( 76.63374405134041467, 2.829294349699969846, -9.592280206005668219 ) ) ;
#5384 = ORIENTED_EDGE ( 'NONE', *, *, #4626, .F. ) ;
#5385 = CYLINDRICAL_SURFACE ( 'NONE', #4284, 24.00000000000000000 ) ;
#5386 = CARTESIAN_POINT ( 'NONE',  ( 77.00000000000001421, 1.537301343332124537, 9.881128709807864396 ) ) ;
#5387 = ORIENTED_EDGE ( 'NONE', *, *, #3979, .F. ) ;
#5388 = CARTESIAN_POINT ( 'NONE',  ( 41.30000000000000426, 12.00000000000000000, 0.000000000000000000 ) ) ;
#5389 = AXIS2_PLACEMENT_3D ( 'NONE', #1889, #5766, #2977 ) ;
#5390 = AXIS2_PLACEMENT_3D ( 'NONE', #3406, #985, #631 ) ;
#5391 = CARTESIAN_POINT ( 'NONE',  ( -1.619044300812758254E-15, 0.000000000000000000, 13.22049999999999947 ) ) ;
#5392 = CARTESIAN_POINT ( 'NONE',  ( 69.81663884680023102, 7.477405991688718778, -2.844229830327341890 ) ) ;
#5393 = CARTESIAN_POINT ( 'NONE',  ( 73.08421115242201438, -2.910042599277922193, 7.452039704849543256 ) ) ;
#5394 = CARTESIAN_POINT ( 'NONE',  ( 69.44014412312340312, 8.814972908985190259, 4.722334076576989226 ) ) ;
#5395 = FACE_BOUND ( 'NONE', #3770, .T. ) ;
#5396 = VERTEX_POINT ( 'NONE', #2968 ) ;
#5397 = CARTESIAN_POINT ( 'NONE',  ( 77.35287253598524160, 2.817204053923257234, -9.595030061414973943 ) ) ;
#5398 = EDGE_CURVE ( 'NONE', #3666, #5316, #3426, .T. ) ;
#5399 = CARTESIAN_POINT ( 'NONE',  ( 77.55983091159237119, -2.196898574126854076, 7.692712520773906881 ) ) ;
#5400 = ORIENTED_EDGE ( 'NONE', *, *, #6107, .T. ) ;
#5401 = CARTESIAN_POINT ( 'NONE',  ( 74.11872556986830318, 7.931905498652351838, 6.090324137221768908 ) ) ;
#5402 = FACE_OUTER_BOUND ( 'NONE', #1304, .T. ) ;
#5403 = CARTESIAN_POINT ( 'NONE',  ( 73.43710854142032929, 9.569599402267739308, 2.902200420390868452 ) ) ;
#5404 = EDGE_CURVE ( 'NONE', #647, #2058, #4335, .T. ) ;
#5405 = ORIENTED_EDGE ( 'NONE', *, *, #326, .T. ) ;
#5406 = FACE_BOUND ( 'NONE', #5215, .T. ) ;
#5407 = ORIENTED_EDGE ( 'NONE', *, *, #3634, .F. ) ;
#5408 = DIRECTION ( 'NONE',  ( 1.000000000000000000, 0.000000000000000000, 0.000000000000000000 ) ) ;
#5409 = CARTESIAN_POINT ( 'NONE',  ( 46.30000000000000426, 1.224646799147353256E-15, -10.00000000000000000 ) ) ;
#5410 = CARTESIAN_POINT ( 'NONE',  ( 76.43958974620021252, -5.316700993054852553, -5.978041520107508333 ) ) ;
#5411 = CARTESIAN_POINT ( 'NONE',  ( 72.81296124757918165, -7.710900816469993480, 2.135122157977834334 ) ) ;
#5412 = CARTESIAN_POINT ( 'NONE',  ( 72.81296124757921007, 7.873676364498993330, 1.421955884707929885 ) ) ;
#5413 = EDGE_LOOP ( 'NONE', ( #2274, #2716 ) ) ;
#5414 = CARTESIAN_POINT ( 'NONE',  ( 73.25205378787607913, 5.794219403481249309, 5.516069389005306967 ) ) ;
#5415 = CARTESIAN_POINT ( 'NONE',  ( 70.18274313490439908, -2.455789212633527452, -7.613744108066207161 ) ) ;
#5416 = VERTEX_POINT ( 'NONE', #5290 ) ;
#5417 = CARTESIAN_POINT ( 'NONE',  ( 73.43710854141983191, 7.613744108064659066, 2.455789212638308072 ) ) ;
#5418 = DIRECTION ( 'NONE',  ( -1.000000000000000000, -0.000000000000000000, -0.000000000000000000 ) ) ;
#5419 = CARTESIAN_POINT ( 'NONE',  ( 77.09138514484497762, 6.766885797695298521, 7.362693569676089567 ) ) ;
#5420 = CARTESIAN_POINT ( 'NONE',  ( 72.81296124757919586, -6.020886793746634602, 5.269313071721296815 ) ) ;
#5421 = CARTESIAN_POINT ( 'NONE',  ( 70.43051374540979737, 1.676337951774601542, 9.858705364104697111 ) ) ;
#5422 = CARTESIAN_POINT ( 'NONE',  ( 70.68192758678333121, 7.998362439200166207, 0.1827634471315756348 ) ) ;
#5423 = CARTESIAN_POINT ( 'NONE',  ( 70.00000000000000000, 8.683869217597814938, 4.958872393161278147 ) ) ;
#5424 = CARTESIAN_POINT ( 'NONE',  ( 77.00000000000001421, 6.876387137968727359, 4.088434899662490629 ) ) ;
#5425 = EDGE_LOOP ( 'NONE', ( #2250, #4280, #4307, #4784 ) ) ;
#5426 = CARTESIAN_POINT ( 'NONE',  ( 73.52850135805675791, 6.667105126083439970, 4.421505313550122551 ) ) ;
#5427 = CARTESIAN_POINT ( 'NONE',  ( 70.68161899798535330, -7.126478546640907297, 3.635998128719499345 ) ) ;
#5428 = CARTESIAN_POINT ( 'NONE',  ( 77.70003269886106523, 2.314019091071759515, 9.729011223358156712 ) ) ;
#5429 = ORIENTED_EDGE ( 'NONE', *, *, #1574, .T. ) ;
#5430 = EDGE_CURVE ( 'NONE', #2506, #4370, #1810, .T. ) ;
#5431 = CARTESIAN_POINT ( 'NONE',  ( 77.09253170642543296, 6.766885797695244342, -7.362693569676141969 ) ) ;
#5432 = CARTESIAN_POINT ( 'NONE',  ( 69.63452057087400249, -9.981329390871614748, 0.6242897900856730908 ) ) ;
#5433 = CARTESIAN_POINT ( 'NONE',  ( 73.25438029584988442, -7.362693569676038052, -6.766885797695357141 ) ) ;
#5434 = CYLINDRICAL_SURFACE ( 'NONE', #4840, 0.7000000000000016209 ) ;
#5435 = ORIENTED_EDGE ( 'NONE', *, *, #1992, .F. ) ;
#5436 = FACE_BOUND ( 'NONE', #3071, .T. ) ;
#5437 = ORIENTED_EDGE ( 'NONE', *, *, #5465, .T. ) ;
#5438 = EDGE_CURVE ( 'NONE', #3728, #4097, #1374, .T. ) ;
#5439 = CARTESIAN_POINT ( 'NONE',  ( 85.00000000000000000, 0.000000000000000000, 0.000000000000000000 ) ) ;
#5440 = CARTESIAN_POINT ( 'NONE',  ( 73.43710854142003086, 9.569599402269011179, -2.902200420386677582 ) ) ;
#5441 = CARTESIAN_POINT ( 'NONE',  ( 76.99999999999980105, 4.421505313545665672, -6.667105126086390499 ) ) ;
#5442 = CARTESIAN_POINT ( 'NONE',  ( 72.75516024144299365, 7.703379985975029598, -6.376922670326731435 ) ) ;
#5443 = CARTESIAN_POINT ( 'NONE',  ( 74.04856935984052768, 0.3528978806103502674, 7.992662687546505218 ) ) ;
#5444 = VERTEX_POINT ( 'NONE', #722 ) ;
#5445 = CARTESIAN_POINT ( 'NONE',  ( 77.43051374540979737, -1.676337951774538926, -9.858705364104713098 ) ) ;
#5446 = AXIS2_PLACEMENT_3D ( 'NONE', #5439, #6031, #1654 ) ;
#5447 = CARTESIAN_POINT ( 'NONE',  ( 73.08441250651266330, -7.912764448622348290, 1.178728502787283805 ) ) ;
#5448 = B_SPLINE_CURVE_WITH_KNOTS ( 'NONE', 3,
 ( #4903, #3901, #2535, #3492, #3064, #5411, #2570, #192, #3557, #4001, #198, #1231, #5447, #1662, #5514, #1199 ),
 .UNSPECIFIED., .F., .F.,
 ( 4, 2, 2, 2, 2, 2, 2, 4 ),
 ( 0.000000000000000000, 0.0002736956474133277694, 0.0005473912948266555388, 0.001094782589653339700, 0.001368478237066681402, 0.001642173884480022886, 0.001915869531893364588, 0.002189565179306706289 ),
 .UNSPECIFIED. ) ;
#5449 = ORIENTED_EDGE ( 'NONE', *, *, #2116, .T. ) ;
#5450 = CARTESIAN_POINT ( 'NONE',  ( 73.52964024784544961, -3.697515978097944522, 9.291306452362357859 ) ) ;
#5451 = EDGE_CURVE ( 'NONE', #208, #4072, #2577, .T. ) ;
#5452 = LINE ( 'NONE', #3007, #2194 ) ;
#5453 = CARTESIAN_POINT ( 'NONE',  ( 77.68161899798535330, 7.126478546640933054, -3.635998128719448719 ) ) ;
#5454 = CARTESIAN_POINT ( 'NONE',  ( 70.55920409114581560, 7.988651679389026761, -0.4308345126641982548 ) ) ;
#5455 = EDGE_LOOP ( 'NONE', ( #785, #2573, #6095, #2624 ) ) ;
#5456 = CARTESIAN_POINT ( 'NONE',  ( 72.73717451054044147, -7.840133605846339115, -1.601778016076414790 ) ) ;
#5457 = EDGE_LOOP ( 'NONE', ( #1871, #2090 ) ) ;
#5458 = VECTOR ( 'NONE', #3226, 1000.000000000000114 ) ;
#5459 = CARTESIAN_POINT ( 'NONE',  ( 72.87725266454344819, 4.722334076577174855, 8.814972908985092559 ) ) ;
#5460 = CARTESIAN_POINT ( 'NONE',  ( 74.06128050092941351, -9.824954840260359035, -1.867346761046521308 ) ) ;
#5461 = CARTESIAN_POINT ( 'NONE',  ( 73.62004756909624348, 0.6999344574892419901, -9.975474513000886390 ) ) ;
#5462 = VECTOR ( 'NONE', #2585, 1000.000000000000000 ) ;
#5463 = CARTESIAN_POINT ( 'NONE',  ( 76.30006596912041061, 1.601778016076519595, 7.840133605846316911 ) ) ;
#5464 = ORIENTED_EDGE ( 'NONE', *, *, #4410, .T. ) ;
#5465 = EDGE_CURVE ( 'NONE', #1088, #2341, #753, .T. ) ;
#5466 = CIRCLE ( 'NONE', #3553, 10.00000000000000000 ) ;
#5467 = CYLINDRICAL_SURFACE ( 'NONE', #5749, 0.7000000000000015099 ) ;
#5468 = CARTESIAN_POINT ( 'NONE',  ( 74.13718088981458720, -6.197363237661967617, 5.059766228066125748 ) ) ;
#5469 = CARTESIAN_POINT ( 'NONE',  ( 69.38825132211493951, -8.851509755831870052, -4.653813596832260480 ) ) ;
#5470 = CARTESIAN_POINT ( 'NONE',  ( 73.43710854142003086, 27.86246663047041849, -7.077427993109279392 ) ) ;
#5471 = PRODUCT_DEFINITION_FORMATION_WITH_SPECIFIED_SOURCE ( 'ANY', '', #527, .NOT_KNOWN. ) ;
#5472 = EDGE_LOOP ( 'NONE', ( #695, #4761 ) ) ;
#5473 = CYLINDRICAL_SURFACE ( 'NONE', #1273, 2.749999999999999112 ) ;
#5474 = EDGE_LOOP ( 'NONE', ( #5586, #4495, #2247, #3797 ) ) ;
#5475 = AXIS2_PLACEMENT_3D ( 'NONE', #5715, #1434, #499 ) ;
#5476 = DIRECTION ( 'NONE',  ( -1.000000000000000000, -0.000000000000000000, -0.000000000000000000 ) ) ;
#5477 = FACE_OUTER_BOUND ( 'NONE', #151, .T. ) ;
#5478 = CARTESIAN_POINT ( 'NONE',  ( 70.36629917073251761, -5.461115503473630284, 5.847475912460751601 ) ) ;
#5479 = CARTESIAN_POINT ( 'NONE',  ( 73.00739568021580794, 7.655866040473689793, 2.322069128170274777 ) ) ;
#5480 = ORIENTED_EDGE ( 'NONE', *, *, #6107, .F. ) ;
#5481 = EDGE_CURVE ( 'NONE', #3698, #1457, #4642, .T. ) ;
#5482 = DIRECTION ( 'NONE',  ( -0.000000000000000000, 0.4338837391175526248, -0.9009688679024218105 ) ) ;
#5483 = ORIENTED_EDGE ( 'NONE', *, *, #1780, .T. ) ;
#5484 = CARTESIAN_POINT ( 'NONE',  ( 77.00000000000001421, -6.395244912017178152, 28.01939871054320008 ) ) ;
#5485 = CARTESIAN_POINT ( 'NONE',  ( 77.61126478936333228, 2.122894331988929739, 7.713656624649172677 ) ) ;
#5486 = AXIS2_PLACEMENT_3D ( 'NONE', #2802, #951, #6163 ) ;
#5487 = CARTESIAN_POINT ( 'NONE',  ( 76.90745110525168116, -1.090890135578839182, -7.925273415605092353 ) ) ;
#5488 = CARTESIAN_POINT ( 'NONE',  ( 72.82538912827216393, -6.468677195827595483, 4.707803199542273553 ) ) ;
#5489 = LINE ( 'NONE', #2646, #1203 ) ;
#5490 = EDGE_CURVE ( 'NONE', #1663, #2175, #4361, .T. ) ;
#5491 = CARTESIAN_POINT ( 'NONE',  ( 69.63374405134040046, -1.612828275233202158, -9.869930649319716309 ) ) ;
#5492 = VECTOR ( 'NONE', #891, 1000.000000000000000 ) ;
#5493 = CARTESIAN_POINT ( 'NONE',  ( 73.00739568021580794, -7.655866040473671141, -2.322069128170328067 ) ) ;
#5494 = ORIENTED_EDGE ( 'NONE', *, *, #3968, .F. ) ;
#5495 = B_SPLINE_CURVE_WITH_KNOTS ( 'NONE', 3,
 ( #1681, #5930, #3515, #781, #218, #2215, #4991, #2629, #1647, #185, #3544, #2088, #3989, #4084, #4522, #4957 ),
 .UNSPECIFIED., .F., .F.,
 ( 4, 2, 2, 2, 2, 2, 2, 4 ),
 ( 0.000000000000000000, 0.0002736956474133489113, 0.0005473912948266978227, 0.001094782589653365721, 0.001368478237066699833, 0.001642173884480033945, 0.001915869531893368057, 0.002189565179306701952 ),
 .UNSPECIFIED. ) ;
#5496 = CARTESIAN_POINT ( 'NONE',  ( 74.13714145764366492, 6.311459678047919297, 4.916688283280927330 ) ) ;
#5497 = CARTESIAN_POINT ( 'NONE',  ( 73.52849368626500848, -7.362693569676190819, -6.766885797695191940 ) ) ;
#5498 = CARTESIAN_POINT ( 'NONE',  ( 77.62417195950939686, 2.580466845471927950, -9.662189834533707611 ) ) ;
#5499 = CARTESIAN_POINT ( 'NONE',  ( 76.99999999999980105, -1.090890135573508779, 7.925273415605825988 ) ) ;
#5500 = VERTEX_POINT ( 'NONE', #4561 ) ;
#5501 = CARTESIAN_POINT ( 'NONE',  ( 77.35287253598524160, 6.701340667105454507, -7.422484343149357677 ) ) ;
#5502 = CARTESIAN_POINT ( 'NONE',  ( 22.30000000000000426, 9.000000000000181188, 12.83845726811979127 ) ) ;
#5503 = CARTESIAN_POINT ( 'NONE',  ( 77.00000000000001421, -21.02975994219558231, -26.37048487808051078 ) ) ;
#5504 = DIRECTION ( 'NONE',  ( -0.000000000000000000, -0.4338837391175651703, -0.9009688679024157043 ) ) ;
#5505 = ORIENTED_EDGE ( 'NONE', *, *, #4094, .T. ) ;
#5506 = CARTESIAN_POINT ( 'NONE',  ( 77.00000000000001421, -7.969316156358710934, -0.7000000000000018430 ) ) ;
#5507 = ORIENTED_EDGE ( 'NONE', *, *, #909, .F. ) ;
#5508 = CARTESIAN_POINT ( 'NONE',  ( 73.99631263256587488, -5.977158460482545621, -5.317682838435335846 ) ) ;
#5509 = CYLINDRICAL_SURFACE ( 'NONE', #1194, 0.7000000000000002887 ) ;
#5510 = DIRECTION ( 'NONE',  ( -0.000000000000000000, -0.9009688679024218105, -0.4338837391175526248 ) ) ;
#5511 = CARTESIAN_POINT ( 'NONE',  ( 72.75522068568683665, 7.757127483895134290, 1.958103375217770115 ) ) ;
#5512 = EDGE_LOOP ( 'NONE', ( #6017, #1054 ) ) ;
#5513 = CARTESIAN_POINT ( 'NONE',  ( 70.00000000000000000, -5.516069389005265222, 5.794219403481287500 ) ) ;
#5514 = CARTESIAN_POINT ( 'NONE',  ( 73.34571572478331802, -7.925273415605088800, 1.090890135578907794 ) ) ;
#5515 = EDGE_LOOP ( 'NONE', ( #6028, #5577 ) ) ;
#5516 = CARTESIAN_POINT ( 'NONE',  ( 73.08392839722876033, 0.6112840715787118961, 9.981361312692266452 ) ) ;
#5517 = FACE_OUTER_BOUND ( 'NONE', #3609, .T. ) ;
#5518 = EDGE_CURVE ( 'NONE', #6139, #5786, #4565, .T. ) ;
#5519 = CARTESIAN_POINT ( 'NONE',  ( 76.99999999999980105, -2.455789212638409325, -7.613744108064627980 ) ) ;
#5520 = CARTESIAN_POINT ( 'NONE',  ( 70.00000000000000000, 24.00100000000000122, 0.000000000000000000 ) ) ;
#5521 = CARTESIAN_POINT ( 'NONE',  ( 70.00000000000000000, -24.00100000000000122, 0.000000000000000000 ) ) ;
#5522 = ORIENTED_EDGE ( 'NONE', *, *, #653, .F. ) ;
#5523 = CYLINDRICAL_SURFACE ( 'NONE', #2465, 0.7000000000000023981 ) ;
#5524 = EDGE_LOOP ( 'NONE', ( #3369, #2099 ) ) ;
#5525 = CARTESIAN_POINT ( 'NONE',  ( 73.52965743616837813, 5.794219403481250197, 5.516069389005307855 ) ) ;
#5526 = EDGE_CURVE ( 'NONE', #1338, #4927, #3619, .T. ) ;
#5527 =( NAMED_UNIT ( * ) PLANE_ANGLE_UNIT ( ) SI_UNIT ( $, .RADIAN. ) );
#5528 = ORIENTED_EDGE ( 'NONE', *, *, #4708, .F. ) ;
#5529 = B_SPLINE_CURVE_WITH_KNOTS ( 'NONE', 3,
 ( #4385, #3010, #5856, #5800, #3883, #3414, #4885, #114, #1520, #551, #5394, #5334, #3439, #5423 ),
 .UNSPECIFIED., .F., .F.,
 ( 4, 2, 2, 2, 2, 2, 4 ),
 ( 0.002189188203112912238, 0.002736359354753675928, 0.003009944930574057556, 0.003283530506394439184, 0.003557116082214820812, 0.003830701658035202007, 0.004377872809675966564 ),
 .UNSPECIFIED. ) ;
#5530 = CARTESIAN_POINT ( 'NONE',  ( 76.38828058685214728, 2.122148197548618942, 7.713863017780492548 ) ) ;
#5531 = B_SPLINE_CURVE_WITH_KNOTS ( 'NONE', 3,
 ( #1101, #261, #2133, #2609, #3102, #4907, #3626, #2069, #4032, #697, #5002, #4502, #760, #728 ),
 .UNSPECIFIED., .F., .F.,
 ( 4, 2, 2, 2, 2, 2, 4 ),
 ( 0.002189188203112913105, 0.002736359354753675928, 0.003009944930574057556, 0.003283530506394439618, 0.003557116082214821680, 0.003830701658035203308, 0.004377872809675966564 ),
 .UNSPECIFIED. ) ;
#5532 = EDGE_CURVE ( 'NONE', #5078, #1435, #5863, .T. ) ;
#5533 = CARTESIAN_POINT ( 'NONE',  ( 69.81727175442983935, 5.672321722239873409, -8.235579292278455199 ) ) ;
#5534 = CARTESIAN_POINT ( 'NONE',  ( 69.31838297155174189, -9.088260682535953094, -4.172611975998801626 ) ) ;
#5535 = CARTESIAN_POINT ( 'NONE',  ( 70.62417195950936843, -1.867346761046589698, -9.824954840260346600 ) ) ;
#5536 = ORIENTED_EDGE ( 'NONE', *, *, #2081, .T. ) ;
#5537 = CARTESIAN_POINT ( 'NONE',  ( 73.52849368626502269, 9.569599402269089339, 2.902200420386413793 ) ) ;
#5538 = ORIENTED_EDGE ( 'NONE', *, *, #3149, .T. ) ;
#5539 = CYLINDRICAL_SURFACE ( 'NONE', #4645, 0.7000000000000017319 ) ;
#5540 = CARTESIAN_POINT ( 'NONE',  ( 76.37585270615917921, -7.359851907726432607, 3.138362300191163801 ) ) ;
#5541 = CARTESIAN_POINT ( 'NONE',  ( 73.43710854141983191, 4.088434899667018563, -6.876387137966036178 ) ) ;
#5542 = CARTESIAN_POINT ( 'NONE',  ( 73.43710854142003086, -9.569599402269028943, 2.902200420386614965 ) ) ;
#5543 = CARTESIAN_POINT ( 'NONE',  ( 70.00000000000029843, -9.291306452364052504, -3.697515978093692368 ) ) ;
#5544 = ORIENTED_EDGE ( 'NONE', *, *, #4754, .T. ) ;
#5545 = CARTESIAN_POINT ( 'NONE',  ( 73.43710854142024402, 6.667105126086388722, 4.421505313545673665 ) ) ;
#5546 = CARTESIAN_POINT ( 'NONE',  ( 72.73718330510583030, 9.728589385792799860, 2.315833476951154601 ) ) ;
#5547 = ORIENTED_EDGE ( 'NONE', *, *, #3245, .T. ) ;
#5548 = CARTESIAN_POINT ( 'NONE',  ( 77.00000000000001421, 5.672321722240117658, 8.235579292278284669 ) ) ;
#5549 = CARTESIAN_POINT ( 'NONE',  ( 70.35269246556350708, 8.727522321603794708, -4.881761316922071714 ) ) ;
#5550 = CARTESIAN_POINT ( 'NONE',  ( 76.64730396509261823, -2.371222141004233119, -7.640585557447558074 ) ) ;
#5551 = CARTESIAN_POINT ( 'NONE',  ( 70.36629917073251761, 7.976690584523712602, 0.6238304319761305283 ) ) ;
#5552 = VERTEX_POINT ( 'NONE', #190 ) ;
#5553 = EDGE_CURVE ( 'NONE', #677, #51, #788, .T. ) ;
#5554 = EDGE_LOOP ( 'NONE', ( #4685, #5405 ) ) ;
#5555 = CIRCLE ( 'NONE', #4147, 2.749999999999999112 ) ;
#5556 = CARTESIAN_POINT ( 'NONE',  ( 76.30006596912041061, -5.130971021941030052, 6.140563829348915981 ) ) ;
#5557 = DIRECTION ( 'NONE',  ( -0.000000000000000000, 0.7818314824680268060, -0.6234898018587373691 ) ) ;
#5558 = ORIENTED_EDGE ( 'NONE', *, *, #2387, .T. ) ;
#5559 = CARTESIAN_POINT ( 'NONE',  ( 76.99999999999980105, 2.455789212638459951, 7.613744108064611105 ) ) ;
#5560 = VECTOR ( 'NONE', #3242, 1000.000000000000000 ) ;
#5561 = ADVANCED_FACE ( 'NONE', ( #1126 ), #2095, .F. ) ;
#5562 = DIRECTION ( 'NONE',  ( -1.000000000000000000, -0.000000000000000000, -0.000000000000000000 ) ) ;
#5563 = DIRECTION ( 'NONE',  ( 0.000000000000000000, -0.4338837391175648928, -0.9009688679024159264 ) ) ;
#5564 = AXIS2_PLACEMENT_3D ( 'NONE', #3997, #1097, #1510 ) ;
#5565 = DIRECTION ( 'NONE',  ( -1.000000000000000000, -0.000000000000000000, -0.000000000000000000 ) ) ;
#5566 = CARTESIAN_POINT ( 'NONE',  ( 73.00759294100488717, -0.5604108022979872317, -7.980615678008215141 ) ) ;
#5567 = ORIENTED_EDGE ( 'NONE', *, *, #3524, .T. ) ;
#5568 = EDGE_CURVE ( 'NONE', #5074, #4405, #4171, .T. ) ;
#5569 = DIRECTION ( 'NONE',  ( 0.000000000000000000, -0.4338837391175448532, 0.9009688679024253632 ) ) ;
#5570 = ORIENTED_EDGE ( 'NONE', *, *, #4250, .T. ) ;
#5571 = B_SPLINE_CURVE_WITH_KNOTS ( 'NONE', 3,
 ( #2460, #1462, #4772, #5828, #498, #3887, #5337, #5775, #1956, #2986, #5310, #2955, #612, #4858, #1549, #1025 ),
 .UNSPECIFIED., .F., .F.,
 ( 4, 2, 2, 2, 2, 2, 2, 4 ),
 ( 0.000000000000000000, 0.0002736956474133260889, 0.0005473912948266521777, 0.001094782589653334063, 0.001368478237066675547, 0.001642173884480016815, 0.001915869531893358516, 0.002189565179306699784 ),
 .UNSPECIFIED. ) ;
#5572 = CARTESIAN_POINT ( 'NONE',  ( 70.61174165653740431, 9.994148424587296020, -0.3524036440381290158 ) ) ;
#5573 = CARTESIAN_POINT ( 'NONE',  ( 73.43710854142003086, 0.000000000000000000, -24.00000000000000000 ) ) ;
#5574 = CARTESIAN_POINT ( 'NONE',  ( 70.68192758678335963, 4.844007195599481896, 6.367322708595501091 ) ) ;
#5575 = AXIS2_PLACEMENT_3D ( 'NONE', #6025, #1739, #5179 ) ;
#5576 = CARTESIAN_POINT ( 'NONE',  ( 76.63452057087401670, 9.263736229870080052, 3.768270852058708709 ) ) ;
#5577 = ORIENTED_EDGE ( 'NONE', *, *, #241, .F. ) ;
#5578 = CARTESIAN_POINT ( 'NONE',  ( 73.43710854141983191, 6.667105126086325662, -4.421505313545765148 ) ) ;
#5579 = DIRECTION ( 'NONE',  ( -0.000000000000000000, 0.2225209339563245792, 0.9749279121818212879 ) ) ;
#5580 = VERTEX_POINT ( 'NONE', #5154 ) ;
#5581 = CIRCLE ( 'NONE', #5773, 12.00000000000000000 ) ;
#5582 = CARTESIAN_POINT ( 'NONE',  ( 70.61173969054669897, -4.707821415441617141, -6.468664599956063910 ) ) ;
#5583 = CARTESIAN_POINT ( 'NONE',  ( 72.73703423331747331, 4.256106865188207244, -9.049535373842441999 ) ) ;
#5584 = FACE_BOUND ( 'NONE', #231, .T. ) ;
#5585 = CARTESIAN_POINT ( 'NONE',  ( 69.38871602490029034, -6.507359467855157398, -7.593513395793370258 ) ) ;
#5586 = ORIENTED_EDGE ( 'NONE', *, *, #1494, .T. ) ;
#5587 = CARTESIAN_POINT ( 'NONE',  ( 77.18274313490444172, 1.090890135578646891, -7.925273415605121663 ) ) ;
#5588 = ORIENTED_EDGE ( 'NONE', *, *, #1362, .F. ) ;
#5589 = DIRECTION ( 'NONE',  ( -0.000000000000000000, 0.9009688679024187019, -0.4338837391175590086 ) ) ;
#5590 = EDGE_LOOP ( 'NONE', ( #3147, #1715, #3645, #3569 ) ) ;
#5591 = AXIS2_PLACEMENT_3D ( 'NONE', #4190, #324, #1876 ) ;
#5592 = CARTESIAN_POINT ( 'NONE',  ( 77.00000000000001421, 1.090890135578890918, 7.925273415605081695 ) ) ;
#5593 = CARTESIAN_POINT ( 'NONE',  ( 73.08389015261766986, 0.6112650262913905674, -7.976691082152360224 ) ) ;
#5594 = AXIS2_PLACEMENT_3D ( 'NONE', #2829, #2202, #1792 ) ;
#5595 = CARTESIAN_POINT ( 'NONE',  ( 76.30006596912039640, 7.999994227702339700, 0.1829757553230588474 ) ) ;
#5596 = CIRCLE ( 'NONE', #305, 10.00000000000000000 ) ;
#5597 = CARTESIAN_POINT ( 'NONE',  ( 70.09138514484500604, 5.672321722240058151, -8.235579292278325525 ) ) ;
#5598 = ADVANCED_BREP_SHAPE_REPRESENTATION ( 'L1_1102_Injector14h', ( #5929, #86 ), #1875 ) ;
#5599 = CARTESIAN_POINT ( 'NONE',  ( 70.00000000000000000, 29.16877668994558448, -13.27000113062042708 ) ) ;
#5600 = EDGE_CURVE ( 'NONE', #574, #5880, #1713, .T. ) ;
#5601 = B_SPLINE_CURVE_WITH_KNOTS ( 'NONE', 3,
 ( #1969, #124, #5754, #977, #1907, #4838, #5810, #1935, #1475, #506, #4868, #99, #564, #2881, #5785, #4369 ),
 .UNSPECIFIED., .F., .F.,
 ( 4, 2, 2, 2, 2, 2, 2, 4 ),
 ( 0.000000000000000000, 0.0002736956474133259262, 0.0005473912948266518525, 0.001094782589653334279, 0.001368478237066675764, 0.001642173884480016815, 0.001915869531893358083, 0.002189565179306699350 ),
 .UNSPECIFIED. ) ;
#5602 = B_SPLINE_CURVE_WITH_KNOTS ( 'NONE', 3,
 ( #4031, #1261, #5065, #1629, #5445, #1600, #4533, #1165, #3167, #4061, #2707, #3625, #2574, #5031, #1724, #794 ),
 .UNSPECIFIED., .F., .F.,
 ( 4, 2, 2, 2, 2, 2, 2, 4 ),
 ( 0.000000000000000000, 0.0002736485253891252512, 0.0005472970507782505024, 0.001094594101556470430, 0.001368242626945580503, 0.001641891152334690358, 0.001915539677723800431, 0.002189188203112910069 ),
 .UNSPECIFIED. ) ;
#5603 = ORIENTED_EDGE ( 'NONE', *, *, #2842, .T. ) ;
#5604 = CARTESIAN_POINT ( 'NONE',  ( 76.99999999999980105, -7.969316156358251746, 0.7000000000052533089 ) ) ;
#5605 = ORIENTED_EDGE ( 'NONE', *, *, #3434, .F. ) ;
#5606 = CARTESIAN_POINT ( 'NONE',  ( 77.00000000000001421, -9.975469913743411965, -0.7000000000000018430 ) ) ;
#5607 = CARTESIAN_POINT ( 'NONE',  ( 70.43051374540979737, 9.984547324097629684, 0.5594596657860433364 ) ) ;
#5608 = CARTESIAN_POINT ( 'NONE',  ( 76.56947108626575016, 6.947607464563297697, 3.966728504205417227 ) ) ;
#5609 = ADVANCED_FACE ( 'NONE', ( #3683, #884 ), #5635, .F. ) ;
#5610 = CARTESIAN_POINT ( 'NONE',  ( 73.78998107740531509, -9.595030061414959732, 2.817204053923327400 ) ) ;
#5611 = CARTESIAN_POINT ( 'NONE',  ( 76.63374405134041467, 8.722204493171632933, 4.892841183511785985 ) ) ;
#5612 = EDGE_LOOP ( 'NONE', ( #2093, #3715, #2656, #2647 ) ) ;
#5613 = CARTESIAN_POINT ( 'NONE',  ( 74.13718088981457299, 6.197363237661924096, -5.059766228066174598 ) ) ;
#5614 = FACE_BOUND ( 'NONE', #2178, .T. ) ;
#5615 = ORIENTED_EDGE ( 'NONE', *, *, #6054, .T. ) ;
#5616 = CARTESIAN_POINT ( 'NONE',  ( 70.36629917073253182, 1.166790938146864409, 7.915513628043803429 ) ) ;
#5617 = B_SPLINE_CURVE_WITH_KNOTS ( 'NONE', 3,
 ( #2623, #2241, #4139, #242, #4044, #5958, #5175, #461, #1861, #1370, #406, #961, #903, #5208 ),
 .UNSPECIFIED., .F., .F.,
 ( 4, 2, 2, 2, 2, 2, 4 ),
 ( 0.002189188203112914840, 0.002736359354753680265, 0.003009944930574062760, 0.003283530506394444388, 0.003557116082214826017, 0.003830701658035208079, 0.004377872809675970901 ),
 .UNSPECIFIED. ) ;
#5618 = LINE ( 'NONE', #3172, #2988 ) ;
#5619 = CARTESIAN_POINT ( 'NONE',  ( 76.38828058685214728, -2.122148197548568316, -7.713863017780506759 ) ) ;
#5620 = CARTESIAN_POINT ( 'NONE',  ( 69.31838297155177031, -6.377811452313416396, -7.702642015225513283 ) ) ;
#5621 = CARTESIAN_POINT ( 'NONE',  ( 77.00000000000001421, -6.766885797695191940, 7.362693569676186378 ) ) ;
#5622 = CARTESIAN_POINT ( 'NONE',  ( 76.99999999999980105, 5.516069389009209623, 5.794219403477535835 ) ) ;
#5623 = ORIENTED_EDGE ( 'NONE', *, *, #3881, .F. ) ;
#5624 = FACE_OUTER_BOUND ( 'NONE', #2783, .T. ) ;
#5625 = ORIENTED_EDGE ( 'NONE', *, *, #5258, .F. ) ;
#5626 = CARTESIAN_POINT ( 'NONE',  ( 72.75516024144297944, -9.788657766023616702, -2.046798742259017256 ) ) ;
#5627 = CARTESIAN_POINT ( 'NONE',  ( 0.000000000000000000, 1.236893267138826416E-15, -10.09999999999999787 ) ) ;
#5628 = CARTESIAN_POINT ( 'NONE',  ( 77.00000000000000000, 7.969316156358710934, 0.7000000000000018430 ) ) ;
#5629 = CARTESIAN_POINT ( 'NONE',  ( 70.35269246556352130, 1.624806475550139018, -9.867180111181694357 ) ) ;
#5630 = ORIENTED_EDGE ( 'NONE', *, *, #3886, .F. ) ;
#5631 = CARTESIAN_POINT ( 'NONE',  ( 72.82535986353498458, -4.653813596832320876, -8.851509755831838078 ) ) ;
#5632 = EDGE_CURVE ( 'NONE', #6030, #3393, #3642, .T. ) ;
#5633 = VERTEX_POINT ( 'NONE', #349 ) ;
#5634 = DIRECTION ( 'NONE',  ( 0.000000000000000000, 0.000000000000000000, 1.000000000000000000 ) ) ;
#5635 = PLANE ( 'NONE',  #2964 ) ;
#5636 = CARTESIAN_POINT ( 'NONE',  ( 85.00100000000000477, 18.00000000000000000, 0.000000000000000000 ) ) ;
#5637 = CARTESIAN_POINT ( 'NONE',  ( 77.36629917073253182, -1.166790938146810896, -7.915513628043810535 ) ) ;
#5638 = VERTEX_POINT ( 'NONE', #3249 ) ;
#5639 = CARTESIAN_POINT ( 'NONE',  ( 74.04837333078339157, -7.713656624649202875, -2.122894331988825822 ) ) ;
#5640 = CARTESIAN_POINT ( 'NONE',  ( 73.25438029584987021, 9.569599402269023614, 2.902200420386627844 ) ) ;
#5641 = EDGE_CURVE ( 'NONE', #2061, #677, #5466, .T. ) ;
#5642 = EDGE_LOOP ( 'NONE', ( #164, #5658 ) ) ;
#5643 = CARTESIAN_POINT ( 'NONE',  ( 73.43710854142003086, 9.881128709807894595, 1.537301343331925363 ) ) ;
#5644 = CYLINDRICAL_SURFACE ( 'NONE', #5050, 0.7000000000000012879 ) ;
#5645 = CARTESIAN_POINT ( 'NONE',  ( 70.00000000000000000, -5.516069389005265222, 5.794219403481287500 ) ) ;
#5646 = FACE_OUTER_BOUND ( 'NONE', #5795, .T. ) ;
#5647 = CARTESIAN_POINT ( 'NONE',  ( 77.69993446735443854, -2.403560710081323659, 9.708566880093449925 ) ) ;
#5648 = EDGE_CURVE ( 'NONE', #1945, #3637, #3272, .T. ) ;
#5649 = ORIENTED_EDGE ( 'NONE', *, *, #2399, .T. ) ;
#5650 = DIRECTION ( 'NONE',  ( -1.000000000000000000, -0.000000000000000000, -0.000000000000000000 ) ) ;
#5651 = VERTEX_POINT ( 'NONE', #2932 ) ;
#5652 = CARTESIAN_POINT ( 'NONE',  ( 73.07085259276043132, -9.869930649319725191, -1.612828275233127995 ) ) ;
#5653 = AXIS2_PLACEMENT_3D ( 'NONE', #3056, #687, #4019 ) ;
#5654 = CARTESIAN_POINT ( 'NONE',  ( 77.00000000000001421, -2.455789212633290752, 7.613744108066274663 ) ) ;
#5655 = CARTESIAN_POINT ( 'NONE',  ( 76.64710261100201194, 7.976675940408255450, 0.6114610649733325243 ) ) ;
#5656 = CARTESIAN_POINT ( 'NONE',  ( 70.42973211210461670, 1.675565013184756147, -9.858841990758698159 ) ) ;
#5657 = AXIS2_PLACEMENT_3D ( 'NONE', #3320, #958, #5331 ) ;
#5658 = ORIENTED_EDGE ( 'NONE', *, *, #1854, .F. ) ;
#5659 = CARTESIAN_POINT ( 'NONE',  ( 76.64730396509260402, -7.976666690803097204, 0.6115804170321833544 ) ) ;
#5660 = EDGE_LOOP ( 'NONE', ( #1252, #2706 ) ) ;
#5661 = DIRECTION ( 'NONE',  ( 0.000000000000000000, 0.000000000000000000, 1.000000000000000000 ) ) ;
#5662 = CARTESIAN_POINT ( 'NONE',  ( 76.38825132211498214, -9.994148768488768653, -0.3524150180710303726 ) ) ;
#5663 = DIRECTION ( 'NONE',  ( 0.000000000000000000, 0.000000000000000000, 1.000000000000000000 ) ) ;
#5664 = AXIS2_PLACEMENT_3D ( 'NONE', #1253, #5056, #5569 ) ;
#5665 = CARTESIAN_POINT ( 'NONE',  ( 77.55920409114581560, -2.197674824676937089, -7.692489804795902053 ) ) ;
#5666 = ORIENTED_EDGE ( 'NONE', *, *, #790, .F. ) ;
#5667 = CARTESIAN_POINT ( 'NONE',  ( 73.80259620035752732, -7.637744046083843052, -2.383602738323189474 ) ) ;
#5668 = FACE_BOUND ( 'NONE', #5345, .T. ) ;
#5669 = ORIENTED_EDGE ( 'NONE', *, *, #1692, .T. ) ;
#5670 = AXIS2_PLACEMENT_3D ( 'NONE', #1256, #4118, #4089 ) ;
#5671 = CARTESIAN_POINT ( 'NONE',  ( 26.30000000000000426, -18.00000000000000000, 0.000000000000000000 ) ) ;
#5672 = CARTESIAN_POINT ( 'NONE',  ( 72.87669828762024338, -5.978041520107544748, -5.316700993054814361 ) ) ;
#5673 = EDGE_CURVE ( 'NONE', #4117, #1945, #617, .T. ) ;
#5674 = DIRECTION ( 'NONE',  ( 0.000000000000000000, -0.2225209339563131716, 0.9749279121818239524 ) ) ;
#5675 = CARTESIAN_POINT ( 'NONE',  ( 69.38828058685214728, -1.434930270128718099, 7.870716025198008836 ) ) ;
#5676 = CARTESIAN_POINT ( 'NONE',  ( 76.90860718336332980, 5.516069389005348711, 5.794219403481219111 ) ) ;
#5677 = ORIENTED_EDGE ( 'NONE', *, *, #2387, .F. ) ;
#5678 = CARTESIAN_POINT ( 'NONE',  ( 70.00000000000000000, 21.02975994219535849, 26.37048487808063513 ) ) ;
#5679 = ADVANCED_FACE ( 'NONE', ( #5371 ), #4806, .F. ) ;
#5680 = B_SPLINE_CURVE_WITH_KNOTS ( 'NONE', 3,
 ( #5578, #1788, #3656, #1293, #422, #3197, #2322, #5613, #1326, #5127, #2764, #5097, #3225, #2826 ),
 .UNSPECIFIED., .F., .F.,
 ( 4, 2, 2, 2, 2, 2, 4 ),
 ( 0.002189565179306699350, 0.002736829203537943095, 0.003010461215653578628, 0.003284093227769214161, 0.003557725239884850128, 0.003831357252000485662, 0.004378621276231729406 ),
 .UNSPECIFIED. ) ;
#5681 = ORIENTED_EDGE ( 'NONE', *, *, #558, .F. ) ;
#5682 = CARTESIAN_POINT ( 'NONE',  ( 70.61173969054669897, 7.048248914683548527, 3.785418262633292397 ) ) ;
#5683 = DIRECTION ( 'NONE',  ( -1.000000000000000000, -0.000000000000000000, -0.000000000000000000 ) ) ;
#5684 = CARTESIAN_POINT ( 'NONE',  ( 69.63374405134038625, 6.711040529656977505, -7.414761026295709101 ) ) ;
#5685 = CARTESIAN_POINT ( 'NONE',  ( 22.30000000000000426, 18.00000000000000000, 2.749999999999999556 ) ) ;
#5686 = ORIENTED_EDGE ( 'NONE', *, *, #5816, .T. ) ;
#5687 = AXIS2_PLACEMENT_3D ( 'NONE', #4910, #1171, #1668 ) ;
#5688 = ORIENTED_EDGE ( 'NONE', *, *, #768, .F. ) ;
#5689 = CARTESIAN_POINT ( 'NONE',  ( 41.29999999999999716, 0.000000000000000000, 0.000000000000000000 ) ) ;
#5690 = CARTESIAN_POINT ( 'NONE',  ( -1.299380870065320311E-15, 13.22049999999999947, 0.000000000000000000 ) ) ;
#5691 = CARTESIAN_POINT ( 'NONE',  ( 77.00000000000001421, -5.672321722240055486, -8.235579292278329078 ) ) ;
#5692 = CARTESIAN_POINT ( 'NONE',  ( 76.81663884680024523, 5.502844937486415233, -5.806887400858259163 ) ) ;
#5693 = EDGE_LOOP ( 'NONE', ( #5318, #4251, #5615, #2538, #4875, #4576, #4593, #2995 ) ) ;
#5694 = CARTESIAN_POINT ( 'NONE',  ( 70.00000000000029843, 1.537301343327464931, -9.881128709808589150 ) ) ;
#5695 = CARTESIAN_POINT ( 'NONE',  ( 69.81663884680024523, 4.436798415087492842, 6.657031133782039589 ) ) ;
#5696 = ORIENTED_EDGE ( 'NONE', *, *, #768, .T. ) ;
#5697 = CARTESIAN_POINT ( 'NONE',  ( 76.99999999999980105, 5.516069389009209623, 5.794219403477535835 ) ) ;
#5698 = CARTESIAN_POINT ( 'NONE',  ( 73.78998107740528667, 7.422484343149264419, -6.701340667105561977 ) ) ;
#5699 = B_SPLINE_CURVE_WITH_KNOTS ( 'NONE', 3,
 ( #6173, #5306, #2402, #1024, #3885, #5801, #3913, #1548, #1459, #3440, #4298, #1895, #1078, #2367 ),
 .UNSPECIFIED., .F., .F.,
 ( 4, 2, 2, 2, 2, 2, 4 ),
 ( 0.002189565179306704554, 0.002736829203537979524, 0.003010461215653601180, 0.003284093227769222835, 0.003557725239884844057, 0.003831357252000465279, 0.004378621276231735478 ),
 .UNSPECIFIED. ) ;
#5700 = CARTESIAN_POINT ( 'NONE',  ( 77.61126478936331807, -7.354382560517592538, -3.149640617806968912 ) ) ;
#5701 = CARTESIAN_POINT ( 'NONE',  ( 22.30000000000000426, 18.00000000000000000, -2.749999999999999556 ) ) ;
#5702 = LINE ( 'NONE', #429, #4260 ) ;
#5703 = EDGE_LOOP ( 'NONE', ( #3236, #4979 ) ) ;
#5704 = EDGE_CURVE ( 'NONE', #629, #4610, #523, .T. ) ;
#5705 = CARTESIAN_POINT ( 'NONE',  ( 70.35269246556352130, -5.745109052022792540, 8.185044985206561208 ) ) ;
#5706 = CARTESIAN_POINT ( 'NONE',  ( 77.09253170642543296, 5.672321722240117658, 8.235579292278286445 ) ) ;
#5707 = CARTESIAN_POINT ( 'NONE',  ( 70.56041628925873965, -1.804465320102478731, 9.836065698270992641 ) ) ;
#5708 = CARTESIAN_POINT ( 'NONE',  ( 70.42973211210464513, -6.663255350980960223, -7.456896917604493247 ) ) ;
#5709 = EDGE_LOOP ( 'NONE', ( #3991, #5505, #2235, #411 ) ) ;
#5710 = CARTESIAN_POINT ( 'NONE',  ( 70.00000000000000000, 21.02975994219497835, -26.37048487808088382 ) ) ;
#5711 = CARTESIAN_POINT ( 'NONE',  ( 72.81282607466654611, -0.3654883885580554881, 7.992694191845728824 ) ) ;
#5712 = ADVANCED_FACE ( 'NONE', ( #5781 ), #971, .F. ) ;
#5713 = FACE_BOUND ( 'NONE', #5660, .T. ) ;
#5714 = CARTESIAN_POINT ( 'NONE',  ( 76.99999999999980105, 7.969316156358251746, -0.7000000000052533089 ) ) ;
#5715 = CARTESIAN_POINT ( 'NONE',  ( 73.43710854142003086, 13.90010016731181963, 28.86385541192112925 ) ) ;
#5716 = ORIENTED_EDGE ( 'NONE', *, *, #3297, .F. ) ;
#5717 = EDGE_CURVE ( 'NONE', #4205, #1593, #5295, .T. ) ;
#5718 = CARTESIAN_POINT ( 'NONE',  ( 76.30007476368577102, -2.134582873067771835, 9.769958653358449041 ) ) ;
#5719 = CARTESIAN_POINT ( 'NONE',  ( 70.69993446735445275, 8.930310264659127029, 4.503657794417551763 ) ) ;
#5720 = DIRECTION ( 'NONE',  ( 0.000000000000000000, 0.000000000000000000, 1.000000000000000000 ) ) ;
#5721 = CARTESIAN_POINT ( 'NONE',  ( 77.00000000000001421, 5.516069389005306967, -5.794219403481251085 ) ) ;
#5722 = ORIENTED_EDGE ( 'NONE', *, *, #4744, .T. ) ;
#5723 = CARTESIAN_POINT ( 'NONE',  ( 69.29996708377640857, 4.916688283280926441, -6.311459678047919297 ) ) ;
#5724 = CARTESIAN_POINT ( 'NONE',  ( 69.30006596912041061, 4.844858609861280030, 6.368730864211471498 ) ) ;
#5725 = ORIENTED_EDGE ( 'NONE', *, *, #2799, .F. ) ;
#5726 = DIRECTION ( 'NONE',  ( -0.000000000000000000, -0.9009688679024158153, 0.4338837391175651703 ) ) ;
#5727 = DIRECTION ( 'NONE',  ( -0.000000000000000000, -0.6234898018587267110, 0.7818314824680352437 ) ) ;
#5728 = CARTESIAN_POINT ( 'NONE',  ( 76.44014412312341733, 6.565451306409349819, -7.543144944922564932 ) ) ;
#5729 = CYLINDRICAL_SURFACE ( 'NONE', #5390, 13.22049999999999947 ) ;
#5730 = CARTESIAN_POINT ( 'NONE',  ( 76.38825132211496793, 1.880328080273063973, 9.821994311858674109 ) ) ;
#5731 = EDGE_CURVE ( 'NONE', #2602, #2070, #2071, .T. ) ;
#5732 = ORIENTED_EDGE ( 'NONE', *, *, #5276, .F. ) ;
#5733 = CARTESIAN_POINT ( 'NONE',  ( 41.30000000000000426, 0.000000000000000000, 0.000000000000000000 ) ) ;
#5734 = LINE ( 'NONE', #1453, #6087 ) ;
#5735 = CARTESIAN_POINT ( 'NONE',  ( 77.00000000000001421, 5.672321722240117658, 8.235579292278284669 ) ) ;
#5736 = DIRECTION ( 'NONE',  ( -0.000000000000000000, -0.6234898018587372581, -0.7818314824680268060 ) ) ;
#5737 = CARTESIAN_POINT ( 'NONE',  ( 70.09138514484496341, -2.902200420386544799, -9.569599402269048483 ) ) ;
#5738 = ORIENTED_EDGE ( 'NONE', *, *, #4938, .F. ) ;
#5739 = ADVANCED_FACE ( 'NONE', ( #5806 ), #1527, .F. ) ;
#5740 = CARTESIAN_POINT ( 'NONE',  ( 70.36548765893748225, 7.457580749288206690, 2.898479859422345317 ) ) ;
#5741 = CARTESIAN_POINT ( 'NONE',  ( 73.86713608300783562, -0.5598313809417320153, 7.980649499839588934 ) ) ;
#5742 = CARTESIAN_POINT ( 'NONE',  ( 69.30006596912039640, -4.844858609861232068, -6.368730864211508802 ) ) ;
#5743 = CARTESIAN_POINT ( 'NONE',  ( 69.31838297155172768, -8.928717259153849284, 4.503907308334145654 ) ) ;
#5744 = ADVANCED_FACE ( 'NONE', ( #1056 ), #2961, .F. ) ;
#5745 = CIRCLE ( 'NONE', #62, 12.00000000000000000 ) ;
#5746 = EDGE_LOOP ( 'NONE', ( #3789, #5204 ) ) ;
#5747 = CARTESIAN_POINT ( 'NONE',  ( 70.61173969054669897, -7.992684275272107008, -0.3524234132877908099 ) ) ;
#5748 = CARTESIAN_POINT ( 'NONE',  ( 70.35269246556350708, 9.258235850478737206, 3.779723318762830075 ) ) ;
#5749 = AXIS2_PLACEMENT_3D ( 'NONE', #1679, #2627, #745 ) ;
#5750 = CYLINDRICAL_SURFACE ( 'NONE', #2091, 0.7000000000000007327 ) ;
#5751 = ADVANCED_FACE ( 'NONE', ( #3452 ), #2524, .F. ) ;
#5752 = CARTESIAN_POINT ( 'NONE',  ( 77.69993446735442433, 2.046855927511134432, 9.789982418998851799 ) ) ;
#5753 = ORIENTED_EDGE ( 'NONE', *, *, #4790, .T. ) ;
#5754 = CARTESIAN_POINT ( 'NONE',  ( 73.25374738822024767, 5.806887400858180115, -5.502844937486499610 ) ) ;
#5755 = EDGE_LOOP ( 'NONE', ( #5935, #5847, #3103, #2493 ) ) ;
#5756 = CARTESIAN_POINT ( 'NONE',  ( 70.00000000000000000, 2.455789212633342267, -7.613744108066260452 ) ) ;
#5757 = CARTESIAN_POINT ( 'NONE',  ( 76.63374405134041467, -8.722204493171593853, -4.892841183511846381 ) ) ;
#5758 = FACE_OUTER_BOUND ( 'NONE', #2412, .T. ) ;
#5759 = VECTOR ( 'NONE', #627, 1000.000000000000000 ) ;
#5760 = CARTESIAN_POINT ( 'NONE',  ( 76.44014412312340312, -1.803976260613721294, -9.836150475063158538 ) ) ;
#5761 = CARTESIAN_POINT ( 'NONE',  ( 74.04884823196670141, 3.150373215248869041, -7.354070491303300372 ) ) ;
#5762 = CARTESIAN_POINT ( 'NONE',  ( 74.11903612820334786, 3.635023577993738986, 7.126977464103912752 ) ) ;
#5763 = ORIENTED_EDGE ( 'NONE', *, *, #2915, .F. ) ;
#5764 = DIRECTION ( 'NONE',  ( -0.000000000000000000, -0.000000000000000000, -1.000000000000000000 ) ) ;
#5765 = PRODUCT_DEFINITION_SHAPE ( 'NONE', 'NONE',  #2519 ) ;
#5766 = DIRECTION ( 'NONE',  ( -0.000000000000000000, -0.4338837391175652258, -0.9009688679024158153 ) ) ;
#5767 = CARTESIAN_POINT ( 'NONE',  ( 73.62016752706283285, -3.714442210013980894, -9.284619458973843109 ) ) ;
#5768 = CARTESIAN_POINT ( 'NONE',  ( 70.09138514484494920, -1.537301343332001080, 9.881128709807882160 ) ) ;
#5769 = CARTESIAN_POINT ( 'NONE',  ( 74.11872753940536995, 7.756888550151283646, 1.959045402311209161 ) ) ;
#5770 = COLOUR_RGB ( '',0.7921568627450980005, 0.8196078431372548767, 0.9333333333333333481 ) ;
#5771 = CARTESIAN_POINT ( 'NONE',  ( 69.99999999999980105, -2.455789212638409325, -7.613744108064627980 ) ) ;
#5772 = CARTESIAN_POINT ( 'NONE',  ( 43.29999999999999716, 0.000000000000000000, 0.000000000000000000 ) ) ;
#5773 = AXIS2_PLACEMENT_3D ( 'NONE', #6112, #4204, #3701 ) ;
#5774 = CARTESIAN_POINT ( 'NONE',  ( 69.90745110525169537, -7.483824372733235641, 2.827078484599248043 ) ) ;
#5775 = CARTESIAN_POINT ( 'NONE',  ( 72.73707562519641101, -3.388984740681088681, -7.247284275506752138 ) ) ;
#5776 = CARTESIAN_POINT ( 'NONE',  ( 69.31805170002296279, -9.087780111143668904, 4.173662492721376793 ) ) ;
#5777 = ORIENTED_EDGE ( 'NONE', *, *, #1319, .T. ) ;
#5778 = AXIS2_PLACEMENT_3D ( 'NONE', #5678, #1767, #3667 ) ;
#5779 = EDGE_CURVE ( 'NONE', #5786, #6139, #5367, .T. ) ;
#5780 = CARTESIAN_POINT ( 'NONE',  ( 76.81690483603884445, 1.108965770761541680, -7.922842736161318733 ) ) ;
#5781 = FACE_OUTER_BOUND ( 'NONE', #5590, .T. ) ;
#5782 = CARTESIAN_POINT ( 'NONE',  ( 26.30000000000000426, 0.000000000000000000, 0.000000000000000000 ) ) ;
#5783 = B_SPLINE_CURVE_WITH_KNOTS ( 'NONE', 3,
 ( #3333, #5219, #4689, #2317, #5248, #2409, #4305, #1932, #301, #419, #95, #2963, #127, #4813 ),
 .UNSPECIFIED., .F., .F.,
 ( 4, 2, 2, 2, 2, 2, 4 ),
 ( 0.002189188203112906600, 0.002736359354753664652, 0.003009944930574044546, 0.003283530506394424439, 0.003557116082214806067, 0.003830701658035187696, 0.004377872809675950952 ),
 .UNSPECIFIED. ) ;
#5784 = ORIENTED_EDGE ( 'NONE', *, *, #1353, .F. ) ;
#5785 = CARTESIAN_POINT ( 'NONE',  ( 73.34571572478328960, 6.667105126083374245, -4.421505313550217586 ) ) ;
#5786 = VERTEX_POINT ( 'NONE', #5502 ) ;
#5787 = B_SPLINE_CURVE_WITH_KNOTS ( 'NONE', 3,
 ( #724, #1289, #2636, #4091, #4530, #256, #323, #3653, #5574, #2761, #2290, #852, #5123, #4658 ),
 .UNSPECIFIED., .F., .F.,
 ( 4, 2, 2, 2, 2, 2, 4 ),
 ( 0.002189565179306701952, 0.002736829203537973019, 0.003010461215653593807, 0.003284093227769214595, 0.003557725239884835383, 0.003831357252000456605, 0.004378621276231728539 ),
 .UNSPECIFIED. ) ;
#5788 = EDGE_CURVE ( 'NONE', #3745, #80, #4837, .T. ) ;
#5789 = FACE_BOUND ( 'NONE', #4768, .T. ) ;
#5790 = CARTESIAN_POINT ( 'NONE',  ( 77.00000000000001421, 29.16877668994558448, -13.27000113062042708 ) ) ;
#5791 = CARTESIAN_POINT ( 'NONE',  ( 73.25438029584987021, 8.235579292278368158, -5.672321722239995978 ) ) ;
#5792 = CARTESIAN_POINT ( 'NONE',  ( 70.00000000000000000, -5.672321722240055486, -8.235579292278329078 ) ) ;
#5793 = CARTESIAN_POINT ( 'NONE',  ( 76.81497915877277194, -9.291306452362308121, 3.697515978098073752 ) ) ;
#5794 = CARTESIAN_POINT ( 'NONE',  ( 74.13703576169567100, 3.387285407413049843, 7.248092366335376902 ) ) ;
#5795 = EDGE_LOOP ( 'NONE', ( #3549, #2217, #91, #5264 ) ) ;
#5796 = CARTESIAN_POINT ( 'NONE',  ( 69.99999999999980105, 7.483824372735157660, 2.827078484594163665 ) ) ;
#5797 = CARTESIAN_POINT ( 'NONE',  ( 77.36548765893749646, 7.976651364140179723, -0.6242829026904723744 ) ) ;
#5798 = CARTESIAN_POINT ( 'NONE',  ( 46.30000000000000426, 0.000000000000000000, 0.000000000000000000 ) ) ;
#5799 = DIRECTION ( 'NONE',  ( -0.000000000000000000, -0.7818314824680221431, 0.6234898018587431423 ) ) ;
#5800 = CARTESIAN_POINT ( 'NONE',  ( 69.44079562782334847, 9.188443176213439756, 3.946730360091424306 ) ) ;
#5801 = CARTESIAN_POINT ( 'NONE',  ( 70.68161899798533909, 4.843134844784714232, -6.367984276285309164 ) ) ;
#5802 = CARTESIAN_POINT ( 'NONE',  ( 69.64730396509263244, -6.921373559934771436, 4.011960885464959325 ) ) ;
#5803 = CARTESIAN_POINT ( 'NONE',  ( 69.38825132211496793, -9.157324047355489327, 4.018783677105860264 ) ) ;
#5804 = ORIENTED_EDGE ( 'NONE', *, *, #1772, .F. ) ;
#5805 = CARTESIAN_POINT ( 'NONE',  ( 73.80258797054602837, 8.192955872189832789, 5.735167672128944183 ) ) ;
#5806 = FACE_OUTER_BOUND ( 'NONE', #5023, .T. ) ;
#5807 = CARTESIAN_POINT ( 'NONE',  ( 70.35269246556349287, -9.981342759354065564, 0.6115849489476929968 ) ) ;
#5808 = ORIENTED_EDGE ( 'NONE', *, *, #3897, .F. ) ;
#5809 = ADVANCED_FACE ( 'NONE', ( #3988 ), #2118, .F. ) ;
#5810 = CARTESIAN_POINT ( 'NONE',  ( 72.73717451054044147, 6.140563829348804958, -5.130971021941160615 ) ) ;
#5811 = ORIENTED_EDGE ( 'NONE', *, *, #1120, .T. ) ;
#5812 = DIRECTION ( 'NONE',  ( -1.000000000000000000, 0.000000000000000000, 0.000000000000000000 ) ) ;
#5813 = CARTESIAN_POINT ( 'NONE',  ( 73.78998107740530088, 3.779824569926303113, -9.258194574617679251 ) ) ;
#5814 = FACE_BOUND ( 'NONE', #4488, .T. ) ;
#5815 = CARTESIAN_POINT ( 'NONE',  ( 70.00000000000000000, 6.876387137968727359, 4.088434899662490629 ) ) ;
#5816 = EDGE_CURVE ( 'NONE', #1622, #4148, #4167, .T. ) ;
#5817 = CARTESIAN_POINT ( 'NONE',  ( 74.11903612820337628, 3.305695225881425614, -7.285573639734913343 ) ) ;
#5818 = CARTESIAN_POINT ( 'NONE',  ( 69.31838297155175610, 2.045667626989060128, -9.788892526525486915 ) ) ;
#5819 = ORIENTED_EDGE ( 'NONE', *, *, #4862, .T. ) ;
#5820 = CARTESIAN_POINT ( 'NONE',  ( 70.42973211210463091, -5.787223139345494261, 8.155509294187570646 ) ) ;
#5821 = CARTESIAN_POINT ( 'NONE',  ( 77.35269246556354972, 6.701421786604775832, 7.422411027928061955 ) ) ;
#5822 = CARTESIAN_POINT ( 'NONE',  ( 77.00000000000001421, 9.291306452362329438, -3.697515978098008915 ) ) ;
#5823 = DIRECTION ( 'NONE',  ( 0.000000000000000000, -0.7818314824680204778, 0.6234898018587453628 ) ) ;
#5824 = ADVANCED_FACE ( 'NONE', ( #5928 ), #2149, .F. ) ;
#5825 = CYLINDRICAL_SURFACE ( 'NONE', #4479, 0.7000000000000018430 ) ;
#5826 = CARTESIAN_POINT ( 'NONE',  ( 73.61985167632442995, -4.088434899662659383, 6.876387137968629659 ) ) ;
#5827 = LINE ( 'NONE', #995, #1360 ) ;
#5828 = CARTESIAN_POINT ( 'NONE',  ( 73.08421115242201438, -4.011857366228835708, -6.921433678458653205 ) ) ;
#5829 = CARTESIAN_POINT ( 'NONE',  ( 73.08441607585653799, 8.185044985206516799, 5.745109052022848495 ) ) ;
#5830 = EDGE_LOOP ( 'NONE', ( #5732, #5483, #2631, #1318 ) ) ;
#5831 = B_SPLINE_CURVE_WITH_KNOTS ( 'NONE', 3,
 ( #3791, #31, #5711, #524, #1430, #3325, #3819, #4323, #2927, #5239, #5741, #1049, #962, #3849 ),
 .UNSPECIFIED., .F., .F.,
 ( 4, 2, 2, 2, 2, 2, 4 ),
 ( 0.002189565436321530643, 0.002736829545748660757, 0.003010461600462225815, 0.003284093655175790438, 0.003557725709889355929, 0.003831357764602920553, 0.004378621874030050667 ),
 .UNSPECIFIED. ) ;
#5832 = CARTESIAN_POINT ( 'NONE',  ( 76.90860718336332980, 1.090890135578852949, -7.925273415605094129 ) ) ;
#5833 = CARTESIAN_POINT ( 'NONE',  ( 70.00000000000029843, 9.975469913743092221, -0.7000000000045700776 ) ) ;
#5834 = CARTESIAN_POINT ( 'NONE',  ( 70.56041628925873965, -9.990986303619580511, 0.4295069185028181358 ) ) ;
#5835 = ADVANCED_FACE ( 'NONE', ( #5962 ), #1477, .T. ) ;
#5836 = VERTEX_POINT ( 'NONE', #5049 ) ;
#5837 = B_SPLINE_CURVE_WITH_KNOTS ( 'NONE', 3,
 ( #2502, #4431, #659, #290, #4657, #6033, #5122, #885, #1815, #6066, #2793, #2668, #5093, #2731, #322, #350 ),
 .UNSPECIFIED., .F., .F.,
 ( 4, 2, 2, 2, 2, 2, 2, 4 ),
 ( 1.406331840377120533E-17, 0.0002736956474133501039, 0.0005473912948266862217, 0.001094782589653358349, 0.001368478237066694412, 0.001642173884480030693, 0.001915869531893366323, 0.002189565179306701952 ),
 .UNSPECIFIED. ) ;
#5838 = CARTESIAN_POINT ( 'NONE',  ( 70.00000000000000000, 5.672321722240117658, 8.235579292278284669 ) ) ;
#5839 = ORIENTED_EDGE ( 'NONE', *, *, #1764, .T. ) ;
#5840 = VECTOR ( 'NONE', #2022, 1000.000000000000000 ) ;
#5841 = CARTESIAN_POINT ( 'NONE',  ( 73.34415260870622433, -0.6999252281089947125, -9.975475160644764472 ) ) ;
#5842 = CARTESIAN_POINT ( 'NONE',  ( 70.61126478936334649, 1.434168475603237347, -7.870853807012975878 ) ) ;
#5843 = CARTESIAN_POINT ( 'NONE',  ( 76.90860718336331558, -5.516069389005298973, -5.794219403481262631 ) ) ;
#5844 = FACE_BOUND ( 'NONE', #5515, .T. ) ;
#5845 = AXIS2_PLACEMENT_3D ( 'NONE', #2406, #4655, #382 ) ;
#5846 = CARTESIAN_POINT ( 'NONE',  ( 76.44079562782336268, -2.643222566995602207, -9.644560280235483063 ) ) ;
#5847 = ORIENTED_EDGE ( 'NONE', *, *, #125, .T. ) ;
#5848 = CYLINDRICAL_SURFACE ( 'NONE', #3686, 0.7000000000000015099 ) ;
#5849 = CARTESIAN_POINT ( 'NONE',  ( 69.31805170002296279, 2.403037486827190428, -9.707348597250998523 ) ) ;
#5850 = EDGE_LOOP ( 'NONE', ( #2037, #3140, #424, #3275 ) ) ;
#5851 = CARTESIAN_POINT ( 'NONE',  ( 73.61980851984786511, 0.6819483055931545579, 9.976782230662140094 ) ) ;
#5852 = LINE ( 'NONE', #3469, #4584 ) ;
#5853 = EDGE_CURVE ( 'NONE', #208, #1628, #3120, .T. ) ;
#5854 = CARTESIAN_POINT ( 'NONE',  ( 69.43958974620021252, 7.011236808675710641, -3.853160816570022629 ) ) ;
#5855 = CARTESIAN_POINT ( 'NONE',  ( 74.04837333078339157, 7.713656624649215310, 2.122894331988776084 ) ) ;
#5856 = CARTESIAN_POINT ( 'NONE',  ( 69.63452057087401670, 9.263736229870080052, 3.768270852058708709 ) ) ;
#5857 = AXIS2_PLACEMENT_3D ( 'NONE', #1946, #5764, #4349 ) ;
#5858 = CARTESIAN_POINT ( 'NONE',  ( 77.55983091159234277, 7.010984234371085755, 3.853607314928737537 ) ) ;
#5859 = ORIENTED_EDGE ( 'NONE', *, *, #3149, .F. ) ;
#5860 = CARTESIAN_POINT ( 'NONE',  ( 69.81663884680024523, -7.477405991688696574, 2.844229830327400066 ) ) ;
#5861 = EDGE_CURVE ( 'NONE', #2720, #2790, #3152, .T. ) ;
#5862 = CARTESIAN_POINT ( 'NONE',  ( 77.70003269886105102, -6.306118928294789150, -7.761520972095333093 ) ) ;
#5863 = CIRCLE ( 'NONE', #3756, 2.749999999999999556 ) ;
#5864 = CARTESIAN_POINT ( 'NONE',  ( 77.69992722027565435, -1.689506807454445481, 7.820109470446534594 ) ) ;
#5865 = ORIENTED_EDGE ( 'NONE', *, *, #4823, .T. ) ;
#5866 = CARTESIAN_POINT ( 'NONE',  ( 85.00100000000000477, -9.000000000000074607, -12.83845726811985699 ) ) ;
#5867 = DIRECTION ( 'NONE',  ( -0.000000000000000000, 0.4338837391175590086, 0.9009688679024187019 ) ) ;
#5868 = DIRECTION ( 'NONE',  ( -0.000000000000000000, 0.7818314824680268060, -0.6234898018587373691 ) ) ;
#5869 = ORIENTED_EDGE ( 'NONE', *, *, #3434, .T. ) ;
#5870 = CARTESIAN_POINT ( 'NONE',  ( 76.90745110525168116, -7.969316156358712711, -0.7000000000000019540 ) ) ;
#5871 = EDGE_LOOP ( 'NONE', ( #1755, #5547, #1843, #5090 ) ) ;
#5872 = CARTESIAN_POINT ( 'NONE',  ( 72.81281892855795945, -0.3654797263381120986, -9.994155550782718223 ) ) ;
#5873 = CARTESIAN_POINT ( 'NONE',  ( 77.69993446735443854, 9.999995412715103171, 0.1829390553462060531 ) ) ;
#5874 = CARTESIAN_POINT ( 'NONE',  ( 76.90745110525169537, -4.421505313550107452, -6.667105126083448852 ) ) ;
#5875 = FACE_BOUND ( 'NONE', #1735, .T. ) ;
#5876 = CARTESIAN_POINT ( 'NONE',  ( 73.43710854141983191, 7.613744108064659066, 2.455789212638308072 ) ) ;
#5877 = VERTEX_POINT ( 'NONE', #4423 ) ;
#5878 = CARTESIAN_POINT ( 'NONE',  ( 73.07080937068752746, 5.847475912460715186, 5.461115503473676469 ) ) ;
#5879 = CARTESIAN_POINT ( 'NONE',  ( 69.99999999999980105, -2.455789212638409325, -7.613744108064627980 ) ) ;
#5880 = VERTEX_POINT ( 'NONE', #149 ) ;
#5881 = CARTESIAN_POINT ( 'NONE',  ( 73.78952334584174366, 0.6117487876925542523, 9.981332605935637758 ) ) ;
#5882 = DIRECTION ( 'NONE',  ( -0.5000000000000037748, 0.000000000000000000, 0.8660254037844364872 ) ) ;
#5883 = CARTESIAN_POINT ( 'NONE',  ( 77.55920409114584402, 7.010594370350255566, -3.854314544289433542 ) ) ;
#5884 = CARTESIAN_POINT ( 'NONE',  ( 70.62417195950936843, 1.867346761046651871, 9.824954840260332389 ) ) ;
#5885 = CARTESIAN_POINT ( 'NONE',  ( 76.30007476368578523, 9.999994766543689906, -0.09295590044075918712 ) ) ;
#5886 = CARTESIAN_POINT ( 'NONE',  ( 69.44079562782334847, -5.892398547084121141, 8.079839596185783179 ) ) ;
#5887 = FACE_BOUND ( 'NONE', #3824, .T. ) ;
#5888 = EDGE_CURVE ( 'NONE', #5633, #5992, #2055, .T. ) ;
#5889 = EDGE_LOOP ( 'NONE', ( #1255, #2850 ) ) ;
#5890 = CARTESIAN_POINT ( 'NONE',  ( 76.29996708377640857, -4.916688283280885585, 6.311459678047953048 ) ) ;
#5891 = CARTESIAN_POINT ( 'NONE',  ( 77.00000000000000000, 7.969316156358710934, 0.7000000000000018430 ) ) ;
#5892 = CARTESIAN_POINT ( 'NONE',  ( 70.69992722027568277, -7.167398044960255454, 3.554848892330368049 ) ) ;
#5893 = CARTESIAN_POINT ( 'NONE',  ( 77.09253170642547559, 1.537301343332124759, 9.881128709807869726 ) ) ;
#5894 = ORIENTED_EDGE ( 'NONE', *, *, #4367, .T. ) ;
#5895 = ADVANCED_FACE ( 'NONE', ( #5402 ), #1118, .F. ) ;
#5896 = CARTESIAN_POINT ( 'NONE',  ( 77.70003269886103681, 6.163679963116612370, -7.875112256364875662 ) ) ;
#5897 = CARTESIAN_POINT ( 'NONE',  ( 69.81727175442983935, -9.975469913743401307, 0.7000000000001503908 ) ) ;
#5898 = LINE ( 'NONE', #283, #3948 ) ;
#5899 = FACE_BOUND ( 'NONE', #3081, .T. ) ;
#5900 = ORIENTED_EDGE ( 'NONE', *, *, #3193, .T. ) ;
#5901 = EDGE_CURVE ( 'NONE', #16, #1082, #2313, .T. ) ;
#5902 = CARTESIAN_POINT ( 'NONE',  ( 69.57028713879577708, 5.413867777422719740, 5.890188923478065774 ) ) ;
#5903 = ORIENTED_EDGE ( 'NONE', *, *, #3422, .T. ) ;
#5904 = LINE ( 'NONE', #2027, #3738 ) ;
#5905 = DIRECTION ( 'NONE',  ( -0.000000000000000000, -0.6234898018587267110, 0.7818314824680352437 ) ) ;
#5906 = DIRECTION ( 'NONE',  ( 0.000000000000000000, 0.2225209339563184174, 0.9749279121818227312 ) ) ;
#5907 = FACE_BOUND ( 'NONE', #44, .T. ) ;
#5908 = CARTESIAN_POINT ( 'NONE',  ( 74.11887089778576865, 0.1833612173971479742, 7.998348105389765372 ) ) ;
#5909 = EDGE_LOOP ( 'NONE', ( #1099, #3247, #4543, #5969 ) ) ;
#5910 = CARTESIAN_POINT ( 'NONE',  ( 76.30007476368578523, 8.969351910186700749, -4.422585492848964073 ) ) ;
#5911 = CARTESIAN_POINT ( 'NONE',  ( 70.61173969054669897, 7.354070491303255963, -3.150373215248970293 ) ) ;
#5912 = ORIENTED_EDGE ( 'NONE', *, *, #5369, .F. ) ;
#5913 = CARTESIAN_POINT ( 'NONE',  ( 74.11900067817299487, -4.503022823796502649, 8.929164379121921513 ) ) ;
#5914 = B_SPLINE_CURVE_WITH_KNOTS ( 'NONE', 3,
 ( #6166, #2268, #4638, #5203, #1335, #6136, #4168, #2804, #456, #2357, #3262, #4670, #5169, #2147, #2833, #4701 ),
 .UNSPECIFIED., .F., .F.,
 ( 4, 2, 2, 2, 2, 2, 2, 4 ),
 ( 0.000000000000000000, 0.0002736485253891242212, 0.0005472970507782484425, 0.001094594101556467395, 0.001368242626945576816, 0.001641891152334686672, 0.001915539677723796744, 0.002189188203112907034 ),
 .UNSPECIFIED. ) ;
#5915 = CARTESIAN_POINT ( 'NONE',  ( 77.55983091159235698, 1.358405651242336365, 7.884093058744618965 ) ) ;
#5916 = CARTESIAN_POINT ( 'NONE',  ( 77.00000000000029843, 6.766885797698723337, 7.362693569672944527 ) ) ;
#5917 = CARTESIAN_POINT ( 'NONE',  ( 76.31838297155172768, 6.377811452313473239, 7.702642015225466210 ) ) ;
#5918 = EDGE_CURVE ( 'NONE', #4219, #404, #1856, .T. ) ;
#5919 = CYLINDRICAL_SURFACE ( 'NONE', #1697, 0.7000000000000015099 ) ;
#5920 = DIRECTION ( 'NONE',  ( -0.000000000000000000, 0.2225209339563114508, -0.9749279121818242855 ) ) ;
#5921 = EDGE_LOOP ( 'NONE', ( #4780, #1345, #993, #3985 ) ) ;
#5922 = CARTESIAN_POINT ( 'NONE',  ( 69.90860718336330137, -2.455789212633329832, -7.613744108066267557 ) ) ;
#5923 = CARTESIAN_POINT ( 'NONE',  ( 73.52964024784542119, -9.881128709807883936, -1.537301343331989756 ) ) ;
#5924 = CARTESIAN_POINT ( 'NONE',  ( 70.70007234839455634, -7.247626984578056764, 3.388281050122387228 ) ) ;
#5925 = B_SPLINE_CURVE_WITH_KNOTS ( 'NONE', 3,
 ( #2020, #587, #529, #3419, #2434, #3482, #3918, #4330, #65, #2931, #1963, #5340, #3856, #5780, #5832, #1554 ),
 .UNSPECIFIED., .F., .F.,
 ( 4, 2, 2, 2, 2, 2, 2, 4 ),
 ( 0.000000000000000000, 0.0002736956474133489113, 0.0005473912948266978227, 0.001094782589653366806, 0.001368478237066702219, 0.001642173884480037415, 0.001915869531893372611, 0.002189565179306708024 ),
 .UNSPECIFIED. ) ;
#5926 = CARTESIAN_POINT ( 'NONE',  ( 74.11900067817298066, -7.931302603703427323, 6.091110741851541555 ) ) ;
#5927 = CARTESIAN_POINT ( 'NONE',  ( 69.44014412312341733, 9.990960128906360538, 0.4300025808602422894 ) ) ;
#5928 = FACE_OUTER_BOUND ( 'NONE', #3362, .T. ) ;
#5929 = MANIFOLD_SOLID_BREP ( 'CirPattern2', #4189 ) ;
#5930 = CARTESIAN_POINT ( 'NONE',  ( 69.90745110525169537, -7.969316156358712711, -0.7000000000000019540 ) ) ;
#5931 = CARTESIAN_POINT ( 'NONE',  ( 72.73717451054044147, 7.758701733914608489, -1.958554358310540033 ) ) ;
#5932 = ADVANCED_FACE ( 'NONE', ( #4209 ), #6117, .T. ) ;
#5933 = EDGE_LOOP ( 'NONE', ( #3224, #4628, #1707, #97 ) ) ;
#5934 = CYLINDRICAL_SURFACE ( 'NONE', #5152, 2.749999999999999112 ) ;
#5935 = ORIENTED_EDGE ( 'NONE', *, *, #4713, .T. ) ;
#5936 = DIRECTION ( 'NONE',  ( 0.000000000000000000, -1.000000000000000000, 0.000000000000000000 ) ) ;
#5937 = CARTESIAN_POINT ( 'NONE',  ( 77.00000000000001421, 21.02975994219535849, 26.37048487808063513 ) ) ;
#5938 = ADVANCED_FACE ( 'NONE', ( #2281 ), #2816, .F. ) ;
#5939 = CARTESIAN_POINT ( 'NONE',  ( 70.68192758678334542, -5.129787629223044654, 6.139420417717430745 ) ) ;
#5940 = CARTESIAN_POINT ( 'NONE',  ( 73.34455964667166938, 7.925273415605100347, 1.090890135578731268 ) ) ;
#5941 = ORIENTED_EDGE ( 'NONE', *, *, #2306, .T. ) ;
#5942 = CARTESIAN_POINT ( 'NONE',  ( 73.25436540651563178, 6.667105126083554545, 4.421505313549952021 ) ) ;
#5943 = CIRCLE ( 'NONE', #267, 12.00000000000000000 ) ;
#5944 = CARTESIAN_POINT ( 'NONE',  ( 70.68161899798532488, -1.959045402311313522, -7.756888550151258777 ) ) ;
#5945 = ORIENTED_EDGE ( 'NONE', *, *, #5901, .T. ) ;
#5946 = CARTESIAN_POINT ( 'NONE',  ( 78.38119784648294797, 0.000000000000000000, 0.000000000000000000 ) ) ;
#5947 = CARTESIAN_POINT ( 'NONE',  ( 77.55920409114582981, 2.197674824676987271, 7.692489804795889619 ) ) ;
#5948 = CYLINDRICAL_SURFACE ( 'NONE', #4154, 0.7000000000000002887 ) ;
#5949 = CARTESIAN_POINT ( 'NONE',  ( 70.18505475354399437, 7.969316156358710934, 0.7000000000000018430 ) ) ;
#5950 = CARTESIAN_POINT ( 'NONE',  ( 77.00000000000029843, 1.537301343327464931, -9.881128709808589150 ) ) ;
#5951 = LINE ( 'NONE', #3602, #5462 ) ;
#5952 = VERTEX_POINT ( 'NONE', #5685 ) ;
#5953 = CIRCLE ( 'NONE', #4554, 13.22049999999999770 ) ;
#5954 = CARTESIAN_POINT ( 'NONE',  ( 69.30006596912038219, -1.601778016076468303, -7.840133605846326681 ) ) ;
#5955 = CARTESIAN_POINT ( 'NONE',  ( 73.62043667358639709, -9.878363861274426228, -1.555367475925290899 ) ) ;
#5956 = CARTESIAN_POINT ( 'NONE',  ( 74.04858425654194320, 0.3528727369306432493, -9.994131895351113570 ) ) ;
#5957 = VECTOR ( 'NONE', #5920, 1000.000000000000114 ) ;
#5958 = CARTESIAN_POINT ( 'NONE',  ( 72.75549151297177275, -9.788892526525472704, 2.045667626989128074 ) ) ;
#5959 = ORIENTED_EDGE ( 'NONE', *, *, #359, .T. ) ;
#5960 = AXIS2_PLACEMENT_3D ( 'NONE', #5970, #5936, #3026 ) ;
#5961 = DIRECTION ( 'NONE',  ( 0.000000000000000000, 0.000000000000000000, 1.000000000000000000 ) ) ;
#5962 = FACE_OUTER_BOUND ( 'NONE', #7, .T. ) ;
#5963 = CARTESIAN_POINT ( 'NONE',  ( 69.38871602490029034, -9.157630277993648704, -4.018081709914755884 ) ) ;
#5964 = CARTESIAN_POINT ( 'NONE',  ( 70.00000000000029843, -6.766885797698668270, -7.362693569672995153 ) ) ;
#5965 = B_SPLINE_CURVE_WITH_KNOTS ( 'NONE', 3,
 ( #2512, #1137, #5357, #5883, #3532, #5453, #2074, #1576, #3971, #3410, #1633, #2546, #3008, #1105 ),
 .UNSPECIFIED., .F., .F.,
 ( 4, 2, 2, 2, 2, 2, 4 ),
 ( 0.002189565179306697616, 0.002736829203537966947, 0.003010461215653587302, 0.003284093227769207656, 0.003557725239884828011, 0.003831357252000447931, 0.004378621276231718130 ),
 .UNSPECIFIED. ) ;
#5966 = VERTEX_POINT ( 'NONE', #6145 ) ;
#5967 = FACE_BOUND ( 'NONE', #5642, .T. ) ;
#5968 = ADVANCED_FACE ( 'NONE', ( #3706 ), #1404, .F. ) ;
#5969 = ORIENTED_EDGE ( 'NONE', *, *, #1275, .F. ) ;
#5970 = CARTESIAN_POINT ( 'NONE',  ( 21.30000000000000426, 0.000000000000000000, 14.22050000000000125 ) ) ;
#5971 = CARTESIAN_POINT ( 'NONE',  ( 77.55920409114581560, 4.644002866966043364, -6.514400310352359114 ) ) ;
#5972 = CARTESIAN_POINT ( 'NONE',  ( 70.00000000000029843, 9.975469913743092221, -0.7000000000045700776 ) ) ;
#5973 = CARTESIAN_POINT ( 'NONE',  ( 73.00739568021579373, 2.957887651761320846, 7.433383516625359455 ) ) ;
#5974 = ORIENTED_EDGE ( 'NONE', *, *, #1120, .F. ) ;
#5975 = CARTESIAN_POINT ( 'NONE',  ( 72.87727762982767388, 5.977695923136197464, 5.317080093697396315 ) ) ;
#5976 = CARTESIAN_POINT ( 'NONE',  ( 69.99999999999980105, 6.876387137965978447, -4.088434899667116262 ) ) ;
#5977 = EDGE_CURVE ( 'NONE', #796, #698, #3183, .T. ) ;
#5978 = ORIENTED_EDGE ( 'NONE', *, *, #1546, .F. ) ;
#5979 = CARTESIAN_POINT ( 'NONE',  ( 73.86711086835089191, 0.5598560677675059605, 9.984524824329488624 ) ) ;
#5980 = CARTESIAN_POINT ( 'NONE',  ( 77.61173969054667054, 1.434952147230921016, 7.870712580292384075 ) ) ;
#5981 = VECTOR ( 'NONE', #5305, 1000.000000000000000 ) ;
#5982 = FACE_BOUND ( 'NONE', #2746, .T. ) ;
#5983 = LINE ( 'NONE', #4006, #3888 ) ;
#5984 = VERTEX_POINT ( 'NONE', #1314 ) ;
#5985 = AXIS2_PLACEMENT_3D ( 'NONE', #5671, #2800, #6011 ) ;
#5986 = CARTESIAN_POINT ( 'NONE',  ( 70.00000000000000000, -7.077694450544457894, 27.86363405677378324 ) ) ;
#5987 = EDGE_CURVE ( 'NONE', #1378, #3890, #221, .T. ) ;
#5988 = VERTEX_POINT ( 'NONE', #1524 ) ;
#5989 = CARTESIAN_POINT ( 'NONE',  ( 76.81690483603884445, -4.436736265831580539, 6.657072435396790056 ) ) ;
#5990 = CARTESIAN_POINT ( 'NONE',  ( 73.62016752706281864, -7.375042199988469882, -6.753517008039472636 ) ) ;
#5991 = DIRECTION ( 'NONE',  ( -1.000000000000000000, -0.000000000000000000, -0.000000000000000000 ) ) ;
#5992 = VERTEX_POINT ( 'NONE', #1550 ) ;
#5993 = CARTESIAN_POINT ( 'NONE',  ( 76.37585270615920763, -7.042463057338202326, -3.797427039055818021 ) ) ;
#5994 = ORIENTED_EDGE ( 'NONE', *, *, #5532, .F. ) ;
#5995 = CARTESIAN_POINT ( 'NONE',  ( 70.00000000000000000, 9.975469913743413741, 0.7000000000000018430 ) ) ;
#5996 = CARTESIAN_POINT ( 'NONE',  ( 74.11903612820339049, -6.139420417717367684, 5.129787629223124590 ) ) ;
#5997 = CARTESIAN_POINT ( 'NONE',  ( 69.30007476368578523, -9.050016017499286747, -4.255084748078973966 ) ) ;
#5998 = DIRECTION ( 'NONE',  ( -1.000000000000000000, -0.000000000000000000, -0.000000000000000000 ) ) ;
#5999 = EDGE_LOOP ( 'NONE', ( #4211, #6082 ) ) ;
#6000 = CARTESIAN_POINT ( 'NONE',  ( 76.56947108626573595, -7.980677027446826166, -0.5594449850645315525 ) ) ;
#6001 = EDGE_LOOP ( 'NONE', ( #236, #1530, #3317, #882 ) ) ;
#6002 = CARTESIAN_POINT ( 'NONE',  ( 76.64730396509263244, -6.921373559934771436, 4.011960885464959325 ) ) ;
#6003 = CARTESIAN_POINT ( 'NONE',  ( 76.90745110525168116, 7.483824372733251629, -2.827078484599195196 ) ) ;
#6004 = EDGE_CURVE ( 'NONE', #2526, #1406, #3561, .T. ) ;
#6005 = CARTESIAN_POINT ( 'NONE',  ( 26.30000000000000426, 9.000000000000181188, 15.58845726811978949 ) ) ;
#6006 = EDGE_LOOP ( 'NONE', ( #4033, #2295 ) ) ;
#6007 = CARTESIAN_POINT ( 'NONE',  ( 73.43710854142003086, 2.827078484599090835, -7.483824372733294261 ) ) ;
#6008 = CARTESIAN_POINT ( 'NONE',  ( 70.70007234839455634, -1.690581044505727659, -7.819877308127050952 ) ) ;
#6009 = VERTEX_POINT ( 'NONE', #117 ) ;
#6010 = CARTESIAN_POINT ( 'NONE',  ( 70.18274313490442751, 2.455789212633574969, 7.613744108066192062 ) ) ;
#6011 = DIRECTION ( 'NONE',  ( 0.000000000000000000, 0.000000000000000000, 1.000000000000000000 ) ) ;
#6012 = CARTESIAN_POINT ( 'NONE',  ( 77.36629917073253182, -5.461115503473630284, 5.847475912460751601 ) ) ;
#6013 = EDGE_CURVE ( 'NONE', #1628, #5285, #4860, .T. ) ;
#6014 = EDGE_CURVE ( 'NONE', #5232, #5396, #3783, .T. ) ;
#6015 = CARTESIAN_POINT ( 'NONE',  ( 76.38871602490031876, 9.994120100610542679, -0.3531803371506751499 ) ) ;
#6016 = CARTESIAN_POINT ( 'NONE',  ( 69.38825132211496793, -1.880328080272999136, -9.821994311858690097 ) ) ;
#6017 = ORIENTED_EDGE ( 'NONE', *, *, #1027, .F. ) ;
#6018 = CARTESIAN_POINT ( 'NONE',  ( 73.43710854142032929, 3.697515978093819378, 9.291306452364000990 ) ) ;
#6019 = CARTESIAN_POINT ( 'NONE',  ( 73.99752483067877051, -7.543474449562412865, -6.565080101640411669 ) ) ;
#6020 = CARTESIAN_POINT ( 'NONE',  ( 77.00000000000029843, -6.766885797698668270, -7.362693569672995153 ) ) ;
#6021 = ADVANCED_FACE ( 'NONE', ( #2841 ), #4741, .F. ) ;
#6022 = ORIENTED_EDGE ( 'NONE', *, *, #5258, .T. ) ;
#6023 = CARTESIAN_POINT ( 'NONE',  ( 76.81663884680024523, -6.885794804899949106, -4.072723118145787247 ) ) ;
#6024 = CARTESIAN_POINT ( 'NONE',  ( 69.31805170002296279, 9.998691246639886288, 0.1827000438273091443 ) ) ;
#6025 = CARTESIAN_POINT ( 'NONE',  ( 0.000000000000000000, 0.000000000000000000, 0.000000000000000000 ) ) ;
#6026 = CARTESIAN_POINT ( 'NONE',  ( 69.63452057087400249, -9.263736229870049854, -3.768270852058772213 ) ) ;
#6027 = CARTESIAN_POINT ( 'NONE',  ( 73.80286108331044659, -0.6241477903330738819, -7.976663772252082119 ) ) ;
#6028 = ORIENTED_EDGE ( 'NONE', *, *, #1431, .F. ) ;
#6029 = CARTESIAN_POINT ( 'NONE',  ( 76.38828058685216149, -7.992682765693549740, 0.3524455084488237189 ) ) ;
#6030 = VERTEX_POINT ( 'NONE', #3 ) ;
#6031 = DIRECTION ( 'NONE',  ( -1.000000000000000000, -0.000000000000000000, -0.000000000000000000 ) ) ;
#6032 = CARTESIAN_POINT ( 'NONE',  ( 70.68189213675294980, 9.998687502092614920, -0.1828641476860214110 ) ) ;
#6033 = CARTESIAN_POINT ( 'NONE',  ( 69.37585270615917921, 7.992681810746261384, 0.3657533364050231106 ) ) ;
#6034 = DIRECTION ( 'NONE',  ( 0.000000000000000000, 0.000000000000000000, -1.000000000000000000 ) ) ;
#6035 = CARTESIAN_POINT ( 'NONE',  ( 73.43710854141983191, 4.088434899667018563, -6.876387137966036178 ) ) ;
#6036 = VERTEX_POINT ( 'NONE', #1898 ) ;
#6037 = DIRECTION ( 'NONE',  ( 0.000000000000000000, 0.9749279121818227312, -0.2225209339563184174 ) ) ;
#6038 = CARTESIAN_POINT ( 'NONE',  ( 73.25208770019280280, 9.881128709807894595, 1.537301343331925363 ) ) ;
#6039 = VERTEX_POINT ( 'NONE', #4773 ) ;
#6040 = CARTESIAN_POINT ( 'NONE',  ( 70.61126478936334649, 2.122894331988929739, 7.713656624649172677 ) ) ;
#6041 = CARTESIAN_POINT ( 'NONE',  ( 73.07162911229404756, 4.893202182891771557, -8.721997853039519910 ) ) ;
#6042 = FACE_BOUND ( 'NONE', #6148, .T. ) ;
#6043 = CARTESIAN_POINT ( 'NONE',  ( 73.43710854141983191, -7.613744108064643967, -2.455789212638358698 ) ) ;
#6044 = B_SPLINE_CURVE_WITH_KNOTS ( 'NONE', 3,
 ( #5838, #3456, #2565, #1621, #3547, #5375, #2632, #4961, #3022, #689, #4526, #222, #188, #621, #2123, #2527 ),
 .UNSPECIFIED., .F., .F.,
 ( 4, 2, 2, 2, 2, 2, 2, 4 ),
 ( 0.000000000000000000, 0.0002736485253891263896, 0.0005472970507782527793, 0.001094594101556476068, 0.001368242626945587225, 0.001641891152334697948, 0.001915539677723809104, 0.002189188203112920044 ),
 .UNSPECIFIED. ) ;
#6045 = CARTESIAN_POINT ( 'NONE',  ( 77.18505475354396594, 2.455789212633341823, -7.613744108066258676 ) ) ;
#6046 = ORIENTED_EDGE ( 'NONE', *, *, #2735, .F. ) ;
#6047 = ADVANCED_FACE ( 'NONE', ( #3795 ), #1026, .F. ) ;
#6048 = AXIS2_PLACEMENT_3D ( 'NONE', #2057, #5868, #3484 ) ;
#6049 = DIRECTION ( 'NONE',  ( 0.000000000000000000, -0.9009688679024182578, 0.4338837391175599523 ) ) ;
#6050 = LINE ( 'NONE', #836, #1954 ) ;
#6051 = CARTESIAN_POINT ( 'NONE',  ( 69.99999999999980105, 1.090890135573562514, -7.925273415605818883 ) ) ;
#6052 = EDGE_LOOP ( 'NONE', ( #1142, #296, #393, #3012 ) ) ;
#6053 = CARTESIAN_POINT ( 'NONE',  ( 76.29996708377640857, -7.247284275506776119, -3.388984740681036278 ) ) ;
#6054 = EDGE_CURVE ( 'NONE', #726, #610, #2971, .T. ) ;
#6055 = CARTESIAN_POINT ( 'NONE',  ( 73.52900007190336851, 0.7000723682486954536, -7.969309799758307555 ) ) ;
#6056 = FACE_OUTER_BOUND ( 'NONE', #5921, .T. ) ;
#6057 = TOROIDAL_SURFACE ( 'NONE', #1658, 14.22050000000000125, 1.000000000000001776 ) ;
#6058 = CARTESIAN_POINT ( 'NONE',  ( 73.78980100698353795, -3.779723318762955309, -9.258235850478685691 ) ) ;
#6059 = CARTESIAN_POINT ( 'NONE',  ( 72.73710854142018434, -0.09139281218714431776, -7.999999999999991118 ) ) ;
#6060 = ORIENTED_EDGE ( 'NONE', *, *, #6054, .F. ) ;
#6061 = B_SPLINE_CURVE_WITH_KNOTS ( 'NONE', 3,
 ( #2311, #4212, #2186, #4087, #786, #2696, #2727, #4116, #2340, #4238, #6147, #1870, #440, #4715, #5676, #5622 ),
 .UNSPECIFIED., .F., .F.,
 ( 4, 2, 2, 2, 2, 2, 2, 4 ),
 ( 0.000000000000000000, 0.0002736956474133263057, 0.0005473912948266526114, 0.001094782589653334496, 0.001368478237066676415, 0.001642173884480018116, 0.001915869531893360034, 0.002189565179306701952 ),
 .UNSPECIFIED. ) ;
#6062 = CARTESIAN_POINT ( 'NONE',  ( 76.30006596912039640, -7.999994227702341476, -0.1829757553230670353 ) ) ;
#6063 = EDGE_CURVE ( 'NONE', #2843, #23, #1343, .T. ) ;
#6064 = VERTEX_POINT ( 'NONE', #2556 ) ;
#6065 = CARTESIAN_POINT ( 'NONE',  ( 74.06128050092939930, 9.662189834533672084, -2.580466845472057624 ) ) ;
#6066 = CARTESIAN_POINT ( 'NONE',  ( 69.38828058685217570, 7.992682765693551517, -0.3524455084488272161 ) ) ;
#6067 = CARTESIAN_POINT ( 'NONE',  ( 73.86762228682982823, -9.609722389421508026, 2.767203639603987408 ) ) ;
#6068 = DIRECTION ( 'NONE',  ( -0.000000000000000000, 0.4338837391175590086, 0.9009688679024187019 ) ) ;
#6069 = ORIENTED_EDGE ( 'NONE', *, *, #4563, .F. ) ;
#6070 = DIRECTION ( 'NONE',  ( 0.000000000000000000, 0.4338837391175599523, 0.9009688679024182578 ) ) ;
#6071 = FACE_BOUND ( 'NONE', #967, .T. ) ;
#6072 = ORIENTED_EDGE ( 'NONE', *, *, #969, .T. ) ;
#6073 = CARTESIAN_POINT ( 'NONE',  ( 70.61126478936336071, -5.259491881540201419, -6.028675145983362071 ) ) ;
#6074 = CYLINDRICAL_SURFACE ( 'NONE', #5594, 2.749999999999999556 ) ;
#6075 = CARTESIAN_POINT ( 'NONE',  ( 77.61126478936336071, -4.707176627680007996, 6.469131863210695776 ) ) ;
#6076 = LINE ( 'NONE', #5105, #1996 ) ;
#6077 = CARTESIAN_POINT ( 'NONE',  ( 76.29992569189742824, -6.306694080061785002, 7.761066029279838574 ) ) ;
#6078 = CARTESIAN_POINT ( 'NONE',  ( 77.36548765893749646, 1.166341084461526734, -7.915576075203125228 ) ) ;
#6079 = CARTESIAN_POINT ( 'NONE',  ( 69.63374405134042888, 5.735510480215762819, 8.192720280780218189 ) ) ;
#6080 = ORIENTED_EDGE ( 'NONE', *, *, #4324, .T. ) ;
#6081 = CARTESIAN_POINT ( 'NONE',  ( 77.61174165653740431, -8.851514380995205045, 4.653803199969578586 ) ) ;
#6082 = ORIENTED_EDGE ( 'NONE', *, *, #4895, .F. ) ;
#6083 = EDGE_CURVE ( 'NONE', #1622, #5952, #3115, .T. ) ;
#6084 = DIRECTION ( 'NONE',  ( -0.000000000000000000, -0.000000000000000000, 1.000000000000000000 ) ) ;
#6085 = B_SPLINE_CURVE_WITH_KNOTS ( 'NONE', 3,
 ( #1000, #3891, #4863, #4920, #2559, #3365, #1468, #3394, #559, #5747, #2467, #4454, #5281, #2905 ),
 .UNSPECIFIED., .F., .F.,
 ( 4, 2, 2, 2, 2, 2, 4 ),
 ( 0.002189565179306701952, 0.002736829203537974754, 0.003010461215653596409, 0.003284093227769218064, 0.003557725239884840154, 0.003831357252000461809, 0.004378621276231734610 ),
 .UNSPECIFIED. ) ;
#6086 = CARTESIAN_POINT ( 'NONE',  ( 73.34411774293207031, 0.6999272001833324319, -7.969322550866706933 ) ) ;
#6087 = VECTOR ( 'NONE', #3350, 1000.000000000000000 ) ;
#6088 = DIRECTION ( 'NONE',  ( -0.000000000000000000, -0.7818314824680221431, 0.6234898018587431423 ) ) ;
#6089 = VECTOR ( 'NONE', #5482, 1000.000000000000000 ) ;
#6090 = DIRECTION ( 'NONE',  ( -1.000000000000000000, 0.000000000000000000, -0.000000000000000000 ) ) ;
#6091 = CARTESIAN_POINT ( 'NONE',  ( 72.82582456632032120, -7.593513395793412890, -6.507359467855109436 ) ) ;
#6092 = EDGE_CURVE ( 'NONE', #5444, #287, #1553, .T. ) ;
#6093 = EDGE_LOOP ( 'NONE', ( #1476, #2449 ) ) ;
#6094 = CARTESIAN_POINT ( 'NONE',  ( 73.78980100698356637, 9.594999203114786823, 2.817308950348866414 ) ) ;
#6095 = ORIENTED_EDGE ( 'NONE', *, *, #5600, .T. ) ;
#6096 = DIRECTION ( 'NONE',  ( -1.000000000000000000, -0.000000000000000000, -0.000000000000000000 ) ) ;
#6097 = DIRECTION ( 'NONE',  ( 0.000000000000000000, 0.000000000000000000, -1.000000000000000000 ) ) ;
#6098 = DIRECTION ( 'NONE',  ( -1.000000000000000000, -0.000000000000000000, -0.000000000000000000 ) ) ;
#6099 = EDGE_CURVE ( 'NONE', #4046, #5111, #1113, .T. ) ;
#6100 = CARTESIAN_POINT ( 'NONE',  ( 77.68161899798535330, -1.959045402311313522, -7.756888550151258777 ) ) ;
#6101 = EDGE_LOOP ( 'NONE', ( #4316, #1867 ) ) ;
#6102 = FACE_OUTER_BOUND ( 'NONE', #2777, .T. ) ;
#6103 = LINE ( 'NONE', #1845, #4654 ) ;
#6104 = ORIENTED_EDGE ( 'NONE', *, *, #334, .F. ) ;
#6105 = CARTESIAN_POINT ( 'NONE',  ( 77.00000000000029843, 5.672321722236229213, -8.235579292280965191 ) ) ;
#6106 = DIRECTION ( 'NONE',  ( -0.000000000000000000, -1.000000000000000000, -0.000000000000000000 ) ) ;
#6107 = EDGE_CURVE ( 'NONE', #3752, #3244, #3861, .T. ) ;
#6108 = FACE_OUTER_BOUND ( 'NONE', #4438, .T. ) ;
#6109 = CARTESIAN_POINT ( 'NONE',  ( 70.00000000000000000, 5.712795373490124895, 28.17516336431270929 ) ) ;
#6110 = CARTESIAN_POINT ( 'NONE',  ( 77.09253170642544717, -2.902200420386483959, 9.569599402269066246 ) ) ;
#6111 = ORIENTED_EDGE ( 'NONE', *, *, #5398, .T. ) ;
#6112 = CARTESIAN_POINT ( 'NONE',  ( 41.29999999999999716, 0.000000000000000000, 0.000000000000000000 ) ) ;
#6113 = ORIENTED_EDGE ( 'NONE', *, *, #3372, .T. ) ;
#6114 = CARTESIAN_POINT ( 'NONE',  ( 70.68161899798533909, 7.286024504223420628, 3.304697534062789099 ) ) ;
#6115 = DIRECTION ( 'NONE',  ( -1.000000000000000000, -0.000000000000000000, -0.000000000000000000 ) ) ;
#6116 = CARTESIAN_POINT ( 'NONE',  ( 77.00000000000001421, 2.455789212633342267, -7.613744108066260452 ) ) ;
#6117 = CYLINDRICAL_SURFACE ( 'NONE', #5575, 24.00000000000000000 ) ;
#6118 = EDGE_LOOP ( 'NONE', ( #3707, #5507 ) ) ;
#6119 = CARTESIAN_POINT ( 'NONE',  ( 74.04885019795743517, 9.665157069617205110, 2.567475390464459384 ) ) ;
#6120 = ORIENTED_EDGE ( 'NONE', *, *, #750, .T. ) ;
#6121 = EDGE_CURVE ( 'NONE', #2058, #647, #2687, .T. ) ;
#6122 = DIRECTION ( 'NONE',  ( -1.000000000000000000, -0.000000000000000000, -0.000000000000000000 ) ) ;
#6123 = CARTESIAN_POINT ( 'NONE',  ( 77.00000000000029843, -9.975469913743092221, 0.7000000000045700776 ) ) ;
#6124 = DIRECTION ( 'NONE',  ( -0.000000000000000000, -0.000000000000000000, 1.000000000000000000 ) ) ;
#6125 = CARTESIAN_POINT ( 'NONE',  ( 72.73707562519641101, 3.553157584517075751, -7.168222800817890317 ) ) ;
#6126 = EDGE_LOOP ( 'NONE', ( #3632, #534, #4622, #1709 ) ) ;
#6127 = CARTESIAN_POINT ( 'NONE',  ( 73.99693945301240205, -7.884093058744639393, -1.358405651242230006 ) ) ;
#6128 = CARTESIAN_POINT ( 'NONE',  ( 70.00000000000000000, -5.712795373490335393, -28.17516336431278745 ) ) ;
#6129 = CARTESIAN_POINT ( 'NONE',  ( 77.70007234839457055, -4.916078495656332592, -6.311950380567632912 ) ) ;
#6130 = VERTEX_POINT ( 'NONE', #2304 ) ;
#6131 = ADVANCED_FACE ( 'NONE', ( #338 ), #5168, .T. ) ;
#6132 = CARTESIAN_POINT ( 'NONE',  ( 72.87725266454344819, 3.947496199631443492, -9.188115164212865338 ) ) ;
#6133 = DIRECTION ( 'NONE',  ( -0.000000000000000000, 0.7818314824680310249, 0.6234898018587320401 ) ) ;
#6134 = CARTESIAN_POINT ( 'NONE',  ( 77.18274313490442751, -7.483824372733326236, -2.827078484599016228 ) ) ;
#6135 = CARTESIAN_POINT ( 'NONE',  ( 70.69992722027565435, -1.689506807454445481, 7.820109470446534594 ) ) ;
#6136 = CARTESIAN_POINT ( 'NONE',  ( 70.62417195950938265, -8.845730669988686401, -4.665808660153983212 ) ) ;
#6137 = ORIENTED_EDGE ( 'NONE', *, *, #5518, .F. ) ;
#6138 = CARTESIAN_POINT ( 'NONE',  ( 77.35269246556352130, -8.727522321603760957, 4.881761316922133886 ) ) ;
#6139 = VERTEX_POINT ( 'NONE', #308 ) ;
#6140 = CARTESIAN_POINT ( 'NONE',  ( 69.99999999999980105, 7.483824372735157660, 2.827078484594163665 ) ) ;
#6141 = B_SPLINE_CURVE_WITH_KNOTS ( 'NONE', 3,
 ( #482, #1037, #2384, #1447, #4281, #509, #2939, #1509, #2416, #3402, #2002, #5321, #2476, #4373, #3063, #2063 ),
 .UNSPECIFIED., .F., .F.,
 ( 4, 2, 2, 2, 2, 2, 2, 4 ),
 ( 0.000000000000000000, 0.0002736485253891011277, 0.0005472970507782022554, 0.001094594101556437254, 0.001368242626945555783, 0.001641891152334674312, 0.001915539677723793275, 0.002189188203112911804 ),
 .UNSPECIFIED. ) ;
#6142 = AXIS2_PLACEMENT_3D ( 'NONE', #3788, #5998, #2184 ) ;
#6143 = CARTESIAN_POINT ( 'NONE',  ( 73.43710854142003086, 7.613744108066229366, -2.455789212633443963 ) ) ;
#6144 = CARTESIAN_POINT ( 'NONE',  ( 70.18305898564281620, -8.692933406406352148, 4.943090958223778308 ) ) ;
#6145 = CARTESIAN_POINT ( 'NONE',  ( 73.43710854142032929, 3.697515978093819378, 9.291306452364000990 ) ) ;
#6146 = EDGE_LOOP ( 'NONE', ( #1393, #1782, #1561, #749 ) ) ;
#6147 = CARTESIAN_POINT ( 'NONE',  ( 76.43958974620021252, 5.316700993054901403, 5.978041520107464812 ) ) ;
#6148 = EDGE_LOOP ( 'NONE', ( #2134, #5808 ) ) ;
#6149 = CIRCLE ( 'NONE', #3446, 8.000000000000000000 ) ;
#6150 = CARTESIAN_POINT ( 'NONE',  ( 77.43051374540979737, -9.984547324097629684, -0.5594596657860433364 ) ) ;
#6151 = CARTESIAN_POINT ( 'NONE',  ( 73.78980100698355216, 9.867180111181674818, -1.624806475550265361 ) ) ;
#6152 = CARTESIAN_POINT ( 'NONE',  ( 76.31838297155171347, -6.377811452313416396, -7.702642015225513283 ) ) ;
#6153 = CIRCLE ( 'NONE', #4356, 8.000000000000000000 ) ;
#6154 = DIRECTION ( 'NONE',  ( 0.000000000000000000, -0.4338837391175448532, 0.9009688679024253632 ) ) ;
#6155 = EDGE_LOOP ( 'NONE', ( #5623, #2473 ) ) ;
#6156 = EDGE_CURVE ( 'NONE', #2463, #667, #3208, .T. ) ;
#6157 = CARTESIAN_POINT ( 'NONE',  ( 69.64710261100198352, 5.451435612476037029, -5.855176637411912743 ) ) ;
#6158 = CARTESIAN_POINT ( 'NONE',  ( 73.07162911229403335, 9.592159076692308162, 2.829692279826924839 ) ) ;
#6159 = ORIENTED_EDGE ( 'NONE', *, *, #2953, .T. ) ;
#6160 = VECTOR ( 'NONE', #2182, 1000.000000000000000 ) ;
#6161 = CARTESIAN_POINT ( 'NONE',  ( 77.69992722027566856, 5.060617515722760196, 6.196668116154238071 ) ) ;
#6162 = CARTESIAN_POINT ( 'NONE',  ( 73.43710854141983191, -5.794219403477613994, -5.516069389009127022 ) ) ;
#6163 = DIRECTION ( 'NONE',  ( 0.000000000000000000, -0.9749279121818260618, -0.2225209339563034572 ) ) ;
#6164 = EDGE_CURVE ( 'NONE', #3322, #1751, #5581, .T. ) ;
#6165 = DIRECTION ( 'NONE',  ( 0.000000000000000000, 0.9749279121818227312, -0.2225209339563184174 ) ) ;
#6166 = CARTESIAN_POINT ( 'NONE',  ( 70.00000000000000000, -8.683869217597782963, -4.958872393161340320 ) ) ;
#6167 = ORIENTED_EDGE ( 'NONE', *, *, #4392, .F. ) ;
#6168 = CYLINDRICAL_SURFACE ( 'NONE', #1985, 0.7000000000000013989 ) ;
#6169 = CARTESIAN_POINT ( 'NONE',  ( 70.61174165653740431, -6.506769884438207363, -7.594019800604946191 ) ) ;
#6170 = ORIENTED_EDGE ( 'NONE', *, *, #280, .T. ) ;
#6171 = EDGE_CURVE ( 'NONE', #4425, #80, #900, .T. ) ;
#6172 = CARTESIAN_POINT ( 'NONE',  ( 70.18274313490442751, 7.483824372733347552, 2.827078484598964270 ) ) ;
#6173 = CARTESIAN_POINT ( 'NONE',  ( 69.99999999999980105, 4.421505313545665672, -6.667105126086390499 ) ) ;
ENDSEC;
END-ISO-10303-21;
