ISO-10303-21;
HEADER;
FILE_DESCRIPTION (( 'STEP AP214' ),
    '1' );
FILE_NAME ('L1_1104_Injector Cap.STEP',
    '2026-06-24T20:30:14',
    ( '' ),
    ( '' ),
    'SwSTEP 2.0',
    'SolidWorks 2024',
    '' );
FILE_SCHEMA (( 'AUTOMOTIVE_DESIGN' ));
ENDSEC;

DATA;
#1 = DIRECTION ( 'NONE',  ( -1.000000000000000000, -0.000000000000000000, -0.000000000000000000 ) ) ;
#2 = EDGE_CURVE ( 'NONE', #837, #1437, #1673, .T. ) ;
#3 = ORIENTED_EDGE ( 'NONE', *, *, #736, .F. ) ;
#4 = CARTESIAN_POINT ( 'NONE',  ( 10.00000000000000000, 9.942857142857146613, -21.84352516964088764 ) ) ;
#5 = CARTESIAN_POINT ( 'NONE',  ( 0.000000000000000000, 35.00000000000000000, -5.499999999999997335 ) ) ;
#6 = ORIENTED_EDGE ( 'NONE', *, *, #1758, .T. ) ;
#7 = EDGE_CURVE ( 'NONE', #1503, #712, #1643, .T. ) ;
#8 = DIRECTION ( 'NONE',  ( -1.000000000000000000, -0.000000000000000000, -0.000000000000000000 ) ) ;
#9 = DIRECTION ( 'NONE',  ( -1.000000000000000000, -0.000000000000000000, -0.000000000000000000 ) ) ;
#10 = CARTESIAN_POINT ( 'NONE',  ( 19.99999999999999289, 0.000000000000000000, 0.000000000000000000 ) ) ;
#11 = FACE_OUTER_BOUND ( 'NONE', #1627, .T. ) ;
#12 = CYLINDRICAL_SURFACE ( 'NONE', #62, 4.400000000000001243 ) ;
#13 = CARTESIAN_POINT ( 'NONE',  ( 20.00000000000000000, 9.184850993605148733E-15, -75.00000000000000000 ) ) ;
#14 = VERTEX_POINT ( 'NONE', #1152 ) ;
#15 = VERTEX_POINT ( 'NONE', #1471 ) ;
#16 = CARTESIAN_POINT ( 'NONE',  ( 0.000000000000000000, 18.00000000000000000, 0.000000000000000000 ) ) ;
#17 = LINE ( 'NONE', #5, #1700 ) ;
#18 = ORIENTED_EDGE ( 'NONE', *, *, #335, .F. ) ;
#19 = FACE_OUTER_BOUND ( 'NONE', #1520, .T. ) ;
#20 = CYLINDRICAL_SURFACE ( 'NONE', #99, 1.000000000000000666 ) ;
#21 = EDGE_CURVE ( 'NONE', #439, #1948, #375, .T. ) ;
#22 = CARTESIAN_POINT ( 'NONE',  ( 20.00100000000000477, 67.00000000000000000, 0.000000000000000000 ) ) ;
#23 = AXIS2_PLACEMENT_3D ( 'NONE', #1267, #1740, #952 ) ;
#24 = VERTEX_POINT ( 'NONE', #858 ) ;
#25 = EDGE_LOOP ( 'NONE', ( #755, #267 ) ) ;
#26 = CARTESIAN_POINT ( 'NONE',  ( 13.00000000000000178, 35.00000000000000000, 0.000000000000000000 ) ) ;
#27 = EDGE_CURVE ( 'NONE', #210, #1380, #1310, .T. ) ;
#28 = AXIS2_PLACEMENT_3D ( 'NONE', #1459, #625, #1602 ) ;
#29 = CARTESIAN_POINT ( 'NONE',  ( 0.000000000000000000, 6.735557395310442615E-15, -55.00000000000000000 ) ) ;
#30 = EDGE_LOOP ( 'NONE', ( #1890, #1243 ) ) ;
#31 = AXIS2_PLACEMENT_3D ( 'NONE', #746, #435, #2021 ) ;
#32 = CARTESIAN_POINT ( 'NONE',  ( 20.00000000000000355, -20.70413862312176079, -63.72078659177521587 ) ) ;
#33 = AXIS2_PLACEMENT_3D ( 'NONE', #1421, #146, #284 ) ;
#34 = DIRECTION ( 'NONE',  ( -1.000000000000000000, -0.000000000000000000, -0.000000000000000000 ) ) ;
#35 = DIRECTION ( 'NONE',  ( 0.000000000000000000, 0.000000000000000000, 1.000000000000000000 ) ) ;
#36 = ORIENTED_EDGE ( 'NONE', *, *, #909, .F. ) ;
#37 = ADVANCED_FACE ( 'NONE', ( #1129, #985, #347, #1160, #1796, #207, #972, #73, #512, #1782, #383, #1626 ), #212, .F. ) ;
#38 = CARTESIAN_POINT ( 'NONE',  ( 10.00000000000000000, 0.000000000000000000, 0.000000000000000000 ) ) ;
#39 = DIRECTION ( 'NONE',  ( -1.000000000000000000, 0.000000000000000000, -0.000000000000000000 ) ) ;
#40 = CARTESIAN_POINT ( 'NONE',  ( 10.00000000000000000, 0.000000000000000000, 0.000000000000000000 ) ) ;
#41 = VERTEX_POINT ( 'NONE', #223 ) ;
#42 = DIRECTION ( 'NONE',  ( -1.000000000000000000, -0.000000000000000000, -0.000000000000000000 ) ) ;
#43 = DIRECTION ( 'NONE',  ( 0.000000000000000000, 0.000000000000000000, -1.000000000000000000 ) ) ;
#44 = ORIENTED_EDGE ( 'NONE', *, *, #451, .F. ) ;
#45 = FACE_OUTER_BOUND ( 'NONE', #1514, .T. ) ;
#46 = ADVANCED_FACE ( 'NONE', ( #1321 ), #1937, .F. ) ;
#47 = DIRECTION ( 'NONE',  ( 0.000000000000000000, 0.000000000000000000, -1.000000000000000000 ) ) ;
#48 = ORIENTED_EDGE ( 'NONE', *, *, #992, .F. ) ;
#49 = ORIENTED_EDGE ( 'NONE', *, *, #1020, .T. ) ;
#50 = DIRECTION ( 'NONE',  ( -1.000000000000000000, -0.000000000000000000, -0.000000000000000000 ) ) ;
#51 = CIRCLE ( 'NONE', #23, 2.100000000000000533 ) ;
#52 = ORIENTED_EDGE ( 'NONE', *, *, #1439, .T. ) ;
#53 = CARTESIAN_POINT ( 'NONE',  ( 6.000000000000000000, -8.999999999999854339, 15.58845726811997778 ) ) ;
#54 = CARTESIAN_POINT ( 'NONE',  ( 0.000000000000000000, 0.000000000000000000, 0.000000000000000000 ) ) ;
#55 = FACE_OUTER_BOUND ( 'NONE', #431, .T. ) ;
#56 = DIRECTION ( 'NONE',  ( 1.000000000000000000, 0.000000000000000000, 0.000000000000000000 ) ) ;
#57 = ORIENTED_EDGE ( 'NONE', *, *, #823, .T. ) ;
#58 = CIRCLE ( 'NONE', #1213, 9.499999999999998224 ) ;
#59 = DIRECTION ( 'NONE',  ( 0.000000000000000000, 0.000000000000000000, 1.000000000000000000 ) ) ;
#60 = CARTESIAN_POINT ( 'NONE',  ( 10.00000000000000000, -20.70413862312086906, 68.12078659177549866 ) ) ;
#61 = EDGE_CURVE ( 'NONE', #107, #635, #844, .T. ) ;
#62 = AXIS2_PLACEMENT_3D ( 'NONE', #1752, #1424, #619 ) ;
#63 = ORIENTED_EDGE ( 'NONE', *, *, #1644, .F. ) ;
#64 = DIRECTION ( 'NONE',  ( -1.000000000000000000, -0.000000000000000000, -0.000000000000000000 ) ) ;
#65 = DIRECTION ( 'NONE',  ( -1.000000000000000000, -0.000000000000000000, -0.000000000000000000 ) ) ;
#66 = ORIENTED_EDGE ( 'NONE', *, *, #1994, .F. ) ;
#67 = EDGE_LOOP ( 'NONE', ( #1863, #1997 ) ) ;
#68 = DIRECTION ( 'NONE',  ( -1.000000000000000000, -0.000000000000000000, -0.000000000000000000 ) ) ;
#69 = EDGE_CURVE ( 'NONE', #564, #892, #684, .T. ) ;
#70 = VERTEX_POINT ( 'NONE', #1171 ) ;
#71 = DIRECTION ( 'NONE',  ( -1.000000000000000000, -0.000000000000000000, -0.000000000000000000 ) ) ;
#72 = EDGE_LOOP ( 'NONE', ( #1656, #1691, #1636, #1910 ) ) ;
#73 = FACE_BOUND ( 'NONE', #1566, .T. ) ;
#74 = ORIENTED_EDGE ( 'NONE', *, *, #1247, .F. ) ;
#75 = ORIENTED_EDGE ( 'NONE', *, *, #1403, .T. ) ;
#76 = DIRECTION ( 'NONE',  ( 0.000000000000000000, 0.000000000000000000, 1.000000000000000000 ) ) ;
#77 = VERTEX_POINT ( 'NONE', #1012 ) ;
#78 = DIRECTION ( 'NONE',  ( 0.000000000000000000, 0.000000000000000000, 1.000000000000000000 ) ) ;
#79 = EDGE_CURVE ( 'NONE', #1254, #1797, #1650, .T. ) ;
#80 = CARTESIAN_POINT ( 'NONE',  ( 20.00100000000000477, 20.70413862312220488, 59.32078659177506097 ) ) ;
#81 = AXIS2_PLACEMENT_3D ( 'NONE', #1382, #109, #1517 ) ;
#82 = VERTEX_POINT ( 'NONE', #890 ) ;
#83 = EDGE_CURVE ( 'NONE', #1633, #892, #734, .T. ) ;
#84 = AXIS2_PLACEMENT_3D ( 'NONE', #643, #608, #304 ) ;
#85 = CARTESIAN_POINT ( 'NONE',  ( 0.000000000000000000, 0.000000000000000000, 0.000000000000000000 ) ) ;
#86 = ORIENTED_EDGE ( 'NONE', *, *, #1052, .F. ) ;
#87 = DIRECTION ( 'NONE',  ( -1.000000000000000000, -0.000000000000000000, -0.000000000000000000 ) ) ;
#88 = DIRECTION ( 'NONE',  ( -1.000000000000000000, -0.000000000000000000, -0.000000000000000000 ) ) ;
#89 = AXIS2_PLACEMENT_3D ( 'NONE', #1972, #1940, #1949 ) ;
#90 = DIRECTION ( 'NONE',  ( 0.000000000000000000, 0.000000000000000000, 1.000000000000000000 ) ) ;
#91 = AXIS2_PLACEMENT_3D ( 'NONE', #1590, #1452, #180 ) ;
#92 = AXIS2_PLACEMENT_3D ( 'NONE', #93, #717, #1355 ) ;
#93 = CARTESIAN_POINT ( 'NONE',  ( 6.000000000000000000, -9.000000000000074607, -15.58845726811985699 ) ) ;
#94 = CARTESIAN_POINT ( 'NONE',  ( 20.00000000000000355, -54.20413862312170750, -39.38161190359539887 ) ) ;
#95 = AXIS2_PLACEMENT_3D ( 'NONE', #1026, #1180, #1327 ) ;
#96 = EDGE_CURVE ( 'NONE', #151, #720, #565, .T. ) ;
#97 = CARTESIAN_POINT ( 'NONE',  ( 0.000000000000000000, 35.00000000000000000, 5.499999999999997335 ) ) ;
#98 = ORIENTED_EDGE ( 'NONE', *, *, #111, .T. ) ;
#99 = AXIS2_PLACEMENT_3D ( 'NONE', #455, #796, #2013 ) ;
#100 = VERTEX_POINT ( 'NONE', #1303 ) ;
#101 = FACE_OUTER_BOUND ( 'NONE', #1055, .T. ) ;
#102 = CARTESIAN_POINT ( 'NONE',  ( 10.00000000000000000, -67.00000000000000000, 0.000000000000000000 ) ) ;
#103 = CARTESIAN_POINT ( 'NONE',  ( 10.00000000000000000, 0.000000000000000000, 75.00000000000000000 ) ) ;
#104 = ORIENTED_EDGE ( 'NONE', *, *, #1159, .F. ) ;
#105 = EDGE_CURVE ( 'NONE', #495, #758, #1257, .T. ) ;
#106 = CARTESIAN_POINT ( 'NONE',  ( 10.00000000000000000, 9.942857142857146613, 21.84352516964088764 ) ) ;
#107 = VERTEX_POINT ( 'NONE', #1559 ) ;
#108 = FACE_BOUND ( 'NONE', #1783, .T. ) ;
#109 = DIRECTION ( 'NONE',  ( -1.000000000000000000, 0.000000000000000000, 0.000000000000000000 ) ) ;
#110 = DIRECTION ( 'NONE',  ( 1.000000000000000000, -0.000000000000000000, -0.000000000000000000 ) ) ;
#111 = EDGE_CURVE ( 'NONE', #859, #1420, #1769, .T. ) ;
#112 = ORIENTED_EDGE ( 'NONE', *, *, #1765, .F. ) ;
#113 = CARTESIAN_POINT ( 'NONE',  ( 10.00000000000000000, 9.942857142857157271, 21.84352516964089830 ) ) ;
#114 = AXIS2_PLACEMENT_3D ( 'NONE', #1096, #943, #488 ) ;
#115 = CARTESIAN_POINT ( 'NONE',  ( 0.000000000000000000, -8.999999999999854339, 15.58845726811997778 ) ) ;
#116 = ORIENTED_EDGE ( 'NONE', *, *, #656, .T. ) ;
#117 = CARTESIAN_POINT ( 'NONE',  ( 0.000000000000000000, 0.000000000000000000, 12.00000000000000000 ) ) ;
#118 = CARTESIAN_POINT ( 'NONE',  ( 0.000000000000000000, 0.000000000000000000, 0.000000000000000000 ) ) ;
#119 = ADVANCED_FACE ( 'NONE', ( #770 ), #1715, .F. ) ;
#120 = ORIENTED_EDGE ( 'NONE', *, *, #1915, .F. ) ;
#121 = DIRECTION ( 'NONE',  ( 0.000000000000000000, 0.000000000000000000, 1.000000000000000000 ) ) ;
#122 = AXIS2_PLACEMENT_3D ( 'NONE', #22, #1776, #217 ) ;
#123 = DIRECTION ( 'NONE',  ( -1.000000000000000000, 0.000000000000000000, -0.000000000000000000 ) ) ;
#124 = ORIENTED_EDGE ( 'NONE', *, *, #1889, .T. ) ;
#125 = DIRECTION ( 'NONE',  ( -1.000000000000000000, -0.000000000000000000, -0.000000000000000000 ) ) ;
#126 = CIRCLE ( 'NONE', #919, 55.00000000000000000 ) ;
#127 = EDGE_CURVE ( 'NONE', #1701, #422, #2017, .T. ) ;
#128 = CYLINDRICAL_SURFACE ( 'NONE', #92, 2.100000000000000977 ) ;
#129 = ORIENTED_EDGE ( 'NONE', *, *, #1622, .T. ) ;
#130 = CARTESIAN_POINT ( 'NONE',  ( 20.00100000000000477, -54.20413862312170750, -39.38161190359539887 ) ) ;
#131 = ORIENTED_EDGE ( 'NONE', *, *, #1889, .F. ) ;
#132 = FACE_OUTER_BOUND ( 'NONE', #188, .T. ) ;
#133 = ADVANCED_FACE ( 'NONE', ( #1739 ), #2027, .F. ) ;
#134 = PRODUCT ( 'L1_1104_Injector Cap', 'L1_1104_Injector Cap', '', ( #759 ) ) ;
#135 = CARTESIAN_POINT ( 'NONE',  ( 20.00100000000000477, -20.70413862312176079, -59.32078659177521018 ) ) ;
#136 = ORIENTED_EDGE ( 'NONE', *, *, #1089, .T. ) ;
#137 = APPLICATION_PROTOCOL_DEFINITION ( 'draft international standard', 'automotive_design', 1998, #401 ) ;
#138 = CARTESIAN_POINT ( 'NONE',  ( 20.00100000000000477, 35.00000000000000000, 1.000000000000000666 ) ) ;
#139 = CARTESIAN_POINT ( 'NONE',  ( 6.000000000000000000, -18.00000000000000000, -2.100000000000000533 ) ) ;
#140 = ORIENTED_EDGE ( 'NONE', *, *, #556, .T. ) ;
#141 = DIRECTION ( 'NONE',  ( -1.000000000000000000, -0.000000000000000000, -0.000000000000000000 ) ) ;
#142 = DIRECTION ( 'NONE',  ( 0.000000000000000000, 0.000000000000000000, 1.000000000000000000 ) ) ;
#143 = EDGE_CURVE ( 'NONE', #613, #1201, #777, .T. ) ;
#144 = ORIENTED_EDGE ( 'NONE', *, *, #1747, .T. ) ;
#145 = CIRCLE ( 'NONE', #703, 24.00000000000000000 ) ;
#146 = DIRECTION ( 'NONE',  ( -1.000000000000000000, -0.000000000000000000, -0.000000000000000000 ) ) ;
#147 = CARTESIAN_POINT ( 'NONE',  ( 20.00000000000000000, 0.000000000000000000, 0.000000000000000000 ) ) ;
#148 = DIRECTION ( 'NONE',  ( 0.000000000000000000, 0.8660254037844361541, -0.5000000000000041078 ) ) ;
#149 = DIRECTION ( 'NONE',  ( -1.000000000000000000, -0.000000000000000000, -0.000000000000000000 ) ) ;
#150 = CARTESIAN_POINT ( 'NONE',  ( 20.00100000000000477, -20.70413862312086906, 59.32078659177548730 ) ) ;
#151 = VERTEX_POINT ( 'NONE', #951 ) ;
#152 = PRESENTATION_LAYER_ASSIGNMENT (  '', '', ( #1892 ) ) ;
#153 = ORIENTED_EDGE ( 'NONE', *, *, #201, .T. ) ;
#154 = CARTESIAN_POINT ( 'NONE',  ( 20.00100000000000477, -20.70413862312086906, 68.12078659177549866 ) ) ;
#155 = AXIS2_PLACEMENT_3D ( 'NONE', #53, #1955, #667 ) ;
#156 = ADVANCED_FACE ( 'NONE', ( #1410 ), #974, .F. ) ;
#157 = AXIS2_PLACEMENT_3D ( 'NONE', #1586, #1059, #1532 ) ;
#158 = FACE_OUTER_BOUND ( 'NONE', #1894, .T. ) ;
#159 = VECTOR ( 'NONE', #1326, 1000.000000000000000 ) ;
#160 = EDGE_LOOP ( 'NONE', ( #1661, #1921, #1205, #692 ) ) ;
#161 = DIRECTION ( 'NONE',  ( 0.000000000000000000, 0.000000000000000000, 1.000000000000000000 ) ) ;
#162 = CARTESIAN_POINT ( 'NONE',  ( 20.00100000000000477, 20.70413862312130249, -63.72078659177536508 ) ) ;
#163 = DIRECTION ( 'NONE',  ( 0.000000000000000000, 0.000000000000000000, 1.000000000000000000 ) ) ;
#164 = DIRECTION ( 'NONE',  ( 0.000000000000000000, 0.000000000000000000, 1.000000000000000000 ) ) ;
#165 = DIRECTION ( 'NONE',  ( -1.000000000000000000, -0.000000000000000000, -0.000000000000000000 ) ) ;
#166 = DIRECTION ( 'NONE',  ( 0.000000000000000000, -0.9101468820683699112, -0.4142857142857145347 ) ) ;
#167 = AXIS2_PLACEMENT_3D ( 'NONE', #1197, #220, #1648 ) ;
#168 = CYLINDRICAL_SURFACE ( 'NONE', #1316, 4.400000000000001243 ) ;
#169 = EDGE_CURVE ( 'NONE', #360, #238, #706, .T. ) ;
#170 = DIRECTION ( 'NONE',  ( 0.000000000000000000, -0.8660254037844323793, 0.5000000000000105471 ) ) ;
#171 = ORIENTED_EDGE ( 'NONE', *, *, #1758, .F. ) ;
#172 = DIRECTION ( 'NONE',  ( -1.000000000000000000, -0.000000000000000000, -0.000000000000000000 ) ) ;
#173 = CARTESIAN_POINT ( 'NONE',  ( 6.000000000000000000, -8.999999999999854339, 13.48845726811997636 ) ) ;
#174 = DIRECTION ( 'NONE',  ( -1.000000000000000000, 0.000000000000000000, 0.000000000000000000 ) ) ;
#175 = EDGE_CURVE ( 'NONE', #439, #626, #1404, .T. ) ;
#176 = ORIENTED_EDGE ( 'NONE', *, *, #266, .T. ) ;
#177 = ORIENTED_EDGE ( 'NONE', *, *, #992, .T. ) ;
#178 = DIRECTION ( 'NONE',  ( -1.000000000000000000, -0.000000000000000000, -0.000000000000000000 ) ) ;
#179 = DIRECTION ( 'NONE',  ( -1.000000000000000000, -0.000000000000000000, -0.000000000000000000 ) ) ;
#180 = DIRECTION ( 'NONE',  ( 0.000000000000000000, 0.000000000000000000, 1.000000000000000000 ) ) ;
#181 = ORIENTED_EDGE ( 'NONE', *, *, #1524, .F. ) ;
#182 = CARTESIAN_POINT ( 'NONE',  ( 0.000000000000000000, 0.000000000000000000, 0.000000000000000000 ) ) ;
#183 = CARTESIAN_POINT ( 'NONE',  ( 16.90000000000000213, 0.000000000000000000, 0.000000000000000000 ) ) ;
#184 = EDGE_CURVE ( 'NONE', #677, #1041, #906, .T. ) ;
#185 = DIRECTION ( 'NONE',  ( -1.000000000000000000, -0.000000000000000000, -0.000000000000000000 ) ) ;
#186 = CIRCLE ( 'NONE', #1795, 60.40000000000000568 ) ;
#187 = ORIENTED_EDGE ( 'NONE', *, *, #413, .F. ) ;
#188 = EDGE_LOOP ( 'NONE', ( #1677, #1074, #1685, #754 ) ) ;
#189 = AXIS2_PLACEMENT_3D ( 'NONE', #1295, #1605, #655 ) ;
#190 = CARTESIAN_POINT ( 'NONE',  ( 20.00000000000000355, 54.20413862312143749, -39.38161190359578256 ) ) ;
#191 = AXIS2_PLACEMENT_3D ( 'NONE', #1061, #1702, #121 ) ;
#192 = CARTESIAN_POINT ( 'NONE',  ( 17.00000000000000000, 35.00000000000000000, 1.000000000000000666 ) ) ;
#193 = VERTEX_POINT ( 'NONE', #496 ) ;
#194 = VECTOR ( 'NONE', #1818, 1000.000000000000000 ) ;
#195 = VERTEX_POINT ( 'NONE', #197 ) ;
#196 = CIRCLE ( 'NONE', #847, 2.100000000000000533 ) ;
#197 = CARTESIAN_POINT ( 'NONE',  ( 0.000000000000000000, 9.000000000000181188, 13.48845726811978984 ) ) ;
#198 = AXIS2_PLACEMENT_3D ( 'NONE', #399, #561, #1024 ) ;
#199 = FACE_BOUND ( 'NONE', #405, .T. ) ;
#200 = FACE_OUTER_BOUND ( 'NONE', #160, .T. ) ;
#201 = EDGE_CURVE ( 'NONE', #1462, #457, #774, .T. ) ;
#202 = DIRECTION ( 'NONE',  ( 1.000000000000000000, 0.000000000000000000, 0.000000000000000000 ) ) ;
#203 = EDGE_LOOP ( 'NONE', ( #732, #3 ) ) ;
#204 = CARTESIAN_POINT ( 'NONE',  ( 6.000000000000000000, -8.999999999999854339, 17.68845726811997920 ) ) ;
#205 = MANIFOLD_SOLID_BREP ( 'Cut-Extrude4', #1078 ) ;
#206 = EDGE_CURVE ( 'NONE', #1001, #1154, #442, .T. ) ;
#207 = FACE_BOUND ( 'NONE', #333, .T. ) ;
#208 = VERTEX_POINT ( 'NONE', #640 ) ;
#209 = FACE_BOUND ( 'NONE', #879, .T. ) ;
#210 = VERTEX_POINT ( 'NONE', #1291 ) ;
#211 = EDGE_LOOP ( 'NONE', ( #783, #124, #1794, #402 ) ) ;
#212 = PLANE ( 'NONE',  #1279 ) ;
#213 = ORIENTED_EDGE ( 'NONE', *, *, #169, .F. ) ;
#214 = ORIENTED_EDGE ( 'NONE', *, *, #468, .F. ) ;
#215 = ADVANCED_FACE ( 'NONE', ( #55 ), #1638, .F. ) ;
#216 = DIRECTION ( 'NONE',  ( -1.000000000000000000, -0.000000000000000000, -0.000000000000000000 ) ) ;
#217 = DIRECTION ( 'NONE',  ( 0.000000000000000000, 0.000000000000000000, 1.000000000000000000 ) ) ;
#218 = DIRECTION ( 'NONE',  ( -1.000000000000000000, -0.000000000000000000, -0.000000000000000000 ) ) ;
#219 = AXIS2_PLACEMENT_3D ( 'NONE', #1495, #1474, #1132 ) ;
#220 = DIRECTION ( 'NONE',  ( -1.000000000000000000, 0.000000000000000000, 0.000000000000000000 ) ) ;
#221 = ADVANCED_FACE ( 'NONE', ( #1174 ), #1629, .T. ) ;
#222 = AXIS2_PLACEMENT_3D ( 'NONE', #147, #315, #1084 ) ;
#223 = CARTESIAN_POINT ( 'NONE',  ( 10.00000000000000000, -67.00000000000000000, 4.400000000000000355 ) ) ;
#224 = ORIENTED_EDGE ( 'NONE', *, *, #443, .T. ) ;
#225 = ORIENTED_EDGE ( 'NONE', *, *, #1881, .T. ) ;
#226 = AXIS2_PLACEMENT_3D ( 'NONE', #1808, #1200, #397 ) ;
#227 = CARTESIAN_POINT ( 'NONE',  ( 10.00000000000000000, 0.000000000000000000, 0.000000000000000000 ) ) ;
#228 = DIRECTION ( 'NONE',  ( 0.000000000000000000, 0.000000000000000000, 1.000000000000000000 ) ) ;
#229 = CIRCLE ( 'NONE', #914, 4.400000000000001243 ) ;
#230 = ORIENTED_EDGE ( 'NONE', *, *, #21, .T. ) ;
#231 = DIRECTION ( 'NONE',  ( -1.000000000000000000, -0.000000000000000000, -0.000000000000000000 ) ) ;
#232 = AXIS2_PLACEMENT_3D ( 'NONE', #1446, #1312, #43 ) ;
#233 = DIRECTION ( 'NONE',  ( 0.000000000000000000, 0.9101468820683699112, -0.4142857142857145347 ) ) ;
#234 = AXIS2_PLACEMENT_3D ( 'NONE', #464, #340, #591 ) ;
#235 = ORIENTED_EDGE ( 'NONE', *, *, #1247, .T. ) ;
#236 = DIRECTION ( 'NONE',  ( -1.000000000000000000, -0.000000000000000000, -0.000000000000000000 ) ) ;
#237 = EDGE_LOOP ( 'NONE', ( #698, #1688, #1628, #1454 ) ) ;
#238 = VERTEX_POINT ( 'NONE', #1485 ) ;
#239 = EDGE_CURVE ( 'NONE', #1797, #956, #1040, .T. ) ;
#240 = ORIENTED_EDGE ( 'NONE', *, *, #246, .F. ) ;
#241 = CARTESIAN_POINT ( 'NONE',  ( 16.99999999999999645, 0.000000000000000000, 0.000000000000000000 ) ) ;
#242 = EDGE_LOOP ( 'NONE', ( #1340, #1925, #864, #74 ) ) ;
#243 = FACE_BOUND ( 'NONE', #1501, .T. ) ;
#244 = CARTESIAN_POINT ( 'NONE',  ( 20.00100000000000477, -54.20413862312170750, -43.78161190359539745 ) ) ;
#245 = CARTESIAN_POINT ( 'NONE',  ( 17.00000000000000000, 35.00000000000000000, 0.000000000000000000 ) ) ;
#246 = EDGE_CURVE ( 'NONE', #1278, #2004, #1674, .T. ) ;
#247 = ORIENTED_EDGE ( 'NONE', *, *, #764, .T. ) ;
#248 = CARTESIAN_POINT ( 'NONE',  ( 20.00100000000000477, 54.20413862312199882, 39.38161190359498676 ) ) ;
#249 = FACE_OUTER_BOUND ( 'NONE', #642, .T. ) ;
#250 = EDGE_CURVE ( 'NONE', #531, #725, #978, .T. ) ;
#251 = DIRECTION ( 'NONE',  ( 0.000000000000000000, 0.8660254037844398178, 0.4999999999999977796 ) ) ;
#252 = AXIS2_PLACEMENT_3D ( 'NONE', #32, #771, #485 ) ;
#253 = ORIENTED_EDGE ( 'NONE', *, *, #794, .F. ) ;
#254 = ORIENTED_EDGE ( 'NONE', *, *, #887, .F. ) ;
#255 = DIRECTION ( 'NONE',  ( 0.000000000000000000, 0.000000000000000000, 1.000000000000000000 ) ) ;
#256 = COLOUR_RGB ( '',0.7921568627450980005, 0.8196078431372548767, 0.9333333333333333481 ) ;
#257 = CARTESIAN_POINT ( 'NONE',  ( 10.00000000000000000, 2.939152317953647894E-15, -24.00000000000000000 ) ) ;
#258 = AXIS2_PLACEMENT_3D ( 'NONE', #16, #1600, #1467 ) ;
#259 = EDGE_CURVE ( 'NONE', #1124, #1787, #861, .T. ) ;
#260 = AXIS2_PLACEMENT_3D ( 'NONE', #1131, #785, #1911 ) ;
#261 = CARTESIAN_POINT ( 'NONE',  ( 0.000000000000000000, 9.942857142857146613, 21.84352516964088764 ) ) ;
#262 = AXIS2_PLACEMENT_3D ( 'NONE', #581, #1714, #1225 ) ;
#263 = ORIENTED_EDGE ( 'NONE', *, *, #624, .F. ) ;
#264 = AXIS2_PLACEMENT_3D ( 'NONE', #1887, #923, #599 ) ;
#265 = DIRECTION ( 'NONE',  ( -1.000000000000000000, -0.000000000000000000, -0.000000000000000000 ) ) ;
#266 = EDGE_CURVE ( 'NONE', #82, #1983, #1802, .T. ) ;
#267 = ORIENTED_EDGE ( 'NONE', *, *, #1463, .F. ) ;
#268 = DIRECTION ( 'NONE',  ( -1.000000000000000000, -0.000000000000000000, -0.000000000000000000 ) ) ;
#269 = ORIENTED_EDGE ( 'NONE', *, *, #676, .F. ) ;
#270 = DIRECTION ( 'NONE',  ( 0.000000000000000000, 0.000000000000000000, 1.000000000000000000 ) ) ;
#271 = CYLINDRICAL_SURFACE ( 'NONE', #1773, 4.400000000000001243 ) ;
#272 = ORIENTED_EDGE ( 'NONE', *, *, #1159, .T. ) ;
#273 = DIRECTION ( 'NONE',  ( 1.000000000000000000, 0.000000000000000000, 0.000000000000000000 ) ) ;
#274 = EDGE_CURVE ( 'NONE', #1154, #1001, #942, .T. ) ;
#275 = DIRECTION ( 'NONE',  ( 0.000000000000000000, 0.000000000000000000, -1.000000000000000000 ) ) ;
#276 = FACE_OUTER_BOUND ( 'NONE', #1302, .T. ) ;
#277 = ORIENTED_EDGE ( 'NONE', *, *, #1837, .F. ) ;
#278 = CARTESIAN_POINT ( 'NONE',  ( 16.99999999999999645, 0.000000000000000000, 0.000000000000000000 ) ) ;
#279 = DIRECTION ( 'NONE',  ( 0.000000000000000000, -0.8660254037844328234, 0.5000000000000101030 ) ) ;
#280 = CIRCLE ( 'NONE', #1100, 4.400000000000000355 ) ;
#281 = ADVANCED_FACE ( 'NONE', ( #1341 ), #403, .F. ) ;
#282 = CARTESIAN_POINT ( 'NONE',  ( 20.00100000000000477, -54.20413862312113196, 39.38161190359618047 ) ) ;
#283 = ORIENTED_EDGE ( 'NONE', *, *, #902, .F. ) ;
#284 = DIRECTION ( 'NONE',  ( 0.000000000000000000, 0.000000000000000000, 1.000000000000000000 ) ) ;
#285 = PRODUCT_DEFINITION_SHAPE ( 'NONE', 'NONE',  #1445 ) ;
#286 = VECTOR ( 'NONE', #358, 1000.000000000000000 ) ;
#287 = CARTESIAN_POINT ( 'NONE',  ( 16.90000000000000213, 7.396866666850013361E-15, -60.40000000000000568 ) ) ;
#288 = AXIS2_PLACEMENT_3D ( 'NONE', #948, #1419, #1768 ) ;
#289 = ORIENTED_EDGE ( 'NONE', *, *, #595, .F. ) ;
#290 = AXIS2_PLACEMENT_3D ( 'NONE', #1250, #1230, #779 ) ;
#291 = ORIENTED_EDGE ( 'NONE', *, *, #527, .F. ) ;
#292 = DIRECTION ( 'NONE',  ( -0.000000000000000000, -0.9101468820683699112, -0.4142857142857144792 ) ) ;
#293 = VECTOR ( 'NONE', #1864, 1000.000000000000000 ) ;
#294 = DIRECTION ( 'NONE',  ( -1.000000000000000000, -0.000000000000000000, 0.000000000000000000 ) ) ;
#295 = ADVANCED_FACE ( 'NONE', ( #1022 ), #711, .F. ) ;
#296 = ORIENTED_EDGE ( 'NONE', *, *, #1071, .F. ) ;
#297 = CYLINDRICAL_SURFACE ( 'NONE', #1196, 4.400000000000001243 ) ;
#298 = DIRECTION ( 'NONE',  ( -1.000000000000000000, 0.000000000000000000, 0.000000000000000000 ) ) ;
#299 = CARTESIAN_POINT ( 'NONE',  ( 6.000000000000000000, -8.999999999999854339, 17.68845726811997920 ) ) ;
#300 = EDGE_CURVE ( 'NONE', #1522, #1503, #669, .T. ) ;
#301 = CARTESIAN_POINT ( 'NONE',  ( 20.00100000000000477, -54.20413862312113196, 39.38161190359618047 ) ) ;
#302 = ORIENTED_EDGE ( 'NONE', *, *, #201, .F. ) ;
#303 = APPLICATION_PROTOCOL_DEFINITION ( 'draft international standard', 'automotive_design', 1998, #1953 ) ;
#304 = DIRECTION ( 'NONE',  ( 0.000000000000000000, 0.000000000000000000, 1.000000000000000000 ) ) ;
#305 = DIRECTION ( 'NONE',  ( 0.000000000000000000, 0.000000000000000000, -1.000000000000000000 ) ) ;
#306 = CARTESIAN_POINT ( 'NONE',  ( 20.00100000000000477, 54.20413862312199882, 39.38161190359498676 ) ) ;
#307 = DIRECTION ( 'NONE',  ( 0.000000000000000000, 0.000000000000000000, 1.000000000000000000 ) ) ;
#308 = EDGE_CURVE ( 'NONE', #892, #1633, #1606, .T. ) ;
#309 = ORIENTED_EDGE ( 'NONE', *, *, #840, .T. ) ;
#310 = LINE ( 'NONE', #935, #1572 ) ;
#311 = LINE ( 'NONE', #29, #511 ) ;
#312 = EDGE_LOOP ( 'NONE', ( #1970, #728 ) ) ;
#313 = CIRCLE ( 'NONE', #1067, 4.400000000000000355 ) ;
#314 =( NAMED_UNIT ( * ) SI_UNIT ( $, .STERADIAN. ) SOLID_ANGLE_UNIT ( ) );
#315 = DIRECTION ( 'NONE',  ( -1.000000000000000000, -0.000000000000000000, -0.000000000000000000 ) ) ;
#316 = DIRECTION ( 'NONE',  ( 0.000000000000000000, 0.000000000000000000, 1.000000000000000000 ) ) ;
#317 = FACE_OUTER_BOUND ( 'NONE', #870, .T. ) ;
#318 = LINE ( 'NONE', #646, #2012 ) ;
#319 = VECTOR ( 'NONE', #805, 1000.000000000000000 ) ;
#320 = EDGE_CURVE ( 'NONE', #1183, #1294, #430, .T. ) ;
#321 = AXIS2_PLACEMENT_3D ( 'NONE', #227, #216, #59 ) ;
#322 = ORIENTED_EDGE ( 'NONE', *, *, #1127, .F. ) ;
#323 = DIRECTION ( 'NONE',  ( -1.000000000000000000, -0.000000000000000000, -0.000000000000000000 ) ) ;
#324 = AXIS2_PLACEMENT_3D ( 'NONE', #824, #1148, #1317 ) ;
#325 = AXIS2_PLACEMENT_3D ( 'NONE', #1388, #8, #784 ) ;
#326 = AXIS2_PLACEMENT_3D ( 'NONE', #981, #178, #1135 ) ;
#327 = DIRECTION ( 'NONE',  ( -1.000000000000000000, -0.000000000000000000, -0.000000000000000000 ) ) ;
#328 = EDGE_LOOP ( 'NONE', ( #136, #1151 ) ) ;
#329 = DIRECTION ( 'NONE',  ( -1.000000000000000000, -0.000000000000000000, -0.000000000000000000 ) ) ;
#330 = DIRECTION ( 'NONE',  ( -1.000000000000000000, 0.000000000000000000, -0.000000000000000000 ) ) ;
#331 = CARTESIAN_POINT ( 'NONE',  ( 20.00000000000000355, -54.20413862312113196, 43.78161190359617905 ) ) ;
#332 = ADVANCED_FACE ( 'NONE', ( #1393 ), #1215, .F. ) ;
#333 = EDGE_LOOP ( 'NONE', ( #181, #1006 ) ) ;
#334 = FACE_OUTER_BOUND ( 'NONE', #1365, .T. ) ;
#335 = EDGE_CURVE ( 'NONE', #956, #1797, #708, .T. ) ;
#336 = DIRECTION ( 'NONE',  ( 1.000000000000000000, 0.000000000000000000, 0.000000000000000000 ) ) ;
#337 = ORIENTED_EDGE ( 'NONE', *, *, #175, .T. ) ;
#338 = SURFACE_STYLE_USAGE ( .BOTH. , #1885 ) ;
#339 = FACE_OUTER_BOUND ( 'NONE', #490, .T. ) ;
#340 = DIRECTION ( 'NONE',  ( -1.000000000000000000, 0.000000000000000000, -0.000000000000000000 ) ) ;
#341 = DIRECTION ( 'NONE',  ( -1.000000000000000000, -0.000000000000000000, -0.000000000000000000 ) ) ;
#342 = CYLINDRICAL_SURFACE ( 'NONE', #1563, 1.000000000000000666 ) ;
#343 = EDGE_LOOP ( 'NONE', ( #66, #344, #176, #112 ) ) ;
#344 = ORIENTED_EDGE ( 'NONE', *, *, #2000, .T. ) ;
#345 = DIRECTION ( 'NONE',  ( -1.000000000000000000, -0.000000000000000000, -0.000000000000000000 ) ) ;
#346 = FACE_OUTER_BOUND ( 'NONE', #1705, .T. ) ;
#347 = FACE_BOUND ( 'NONE', #25, .T. ) ;
#348 = ORIENTED_EDGE ( 'NONE', *, *, #413, .T. ) ;
#349 = ADVANCED_FACE ( 'NONE', ( #1242, #1386, #1712 ), #1680, .F. ) ;
#350 = DIRECTION ( 'NONE',  ( 1.000000000000000000, 0.000000000000000000, 0.000000000000000000 ) ) ;
#351 = FACE_OUTER_BOUND ( 'NONE', #1971, .T. ) ;
#352 = CARTESIAN_POINT ( 'NONE',  ( 16.90000000000000213, 55.00000000000000000, 0.000000000000000000 ) ) ;
#353 = DIRECTION ( 'NONE',  ( -1.000000000000000000, -0.000000000000000000, -0.000000000000000000 ) ) ;
#354 = EDGE_LOOP ( 'NONE', ( #622, #889, #1220, #1736 ) ) ;
#355 = CARTESIAN_POINT ( 'NONE',  ( 0.000000000000000000, 0.000000000000000000, 0.000000000000000000 ) ) ;
#356 = EDGE_CURVE ( 'NONE', #1787, #685, #58, .T. ) ;
#357 = CARTESIAN_POINT ( 'NONE',  ( 20.00000000000000355, -20.70413862312086906, 59.32078659177548730 ) ) ;
#358 = DIRECTION ( 'NONE',  ( -1.000000000000000000, -0.000000000000000000, -0.000000000000000000 ) ) ;
#359 = AXIS2_PLACEMENT_3D ( 'NONE', #1156, #341, #487 ) ;
#360 = VERTEX_POINT ( 'NONE', #1073 ) ;
#361 = ORIENTED_EDGE ( 'NONE', *, *, #1554, .F. ) ;
#362 = CIRCLE ( 'NONE', #743, 2.100000000000000977 ) ;
#363 = CARTESIAN_POINT ( 'NONE',  ( 20.00000000000000355, -54.20413862312113196, 39.38161190359618047 ) ) ;
#364 = AXIS2_PLACEMENT_3D ( 'NONE', #1364, #1634, #520 ) ;
#365 = CARTESIAN_POINT ( 'NONE',  ( 0.000000000000000000, -8.999999999999854339, 13.48845726811997636 ) ) ;
#366 = ADVANCED_FACE ( 'NONE', ( #1406 ), #271, .F. ) ;
#367 = ORIENTED_EDGE ( 'NONE', *, *, #507, .T. ) ;
#368 = ORIENTED_EDGE ( 'NONE', *, *, #823, .F. ) ;
#369 = ORIENTED_EDGE ( 'NONE', *, *, #300, .F. ) ;
#370 = LINE ( 'NONE', #1475, #159 ) ;
#371 = FACE_OUTER_BOUND ( 'NONE', #1039, .T. ) ;
#372 = EDGE_CURVE ( 'NONE', #1983, #82, #510, .T. ) ;
#373 = ORIENTED_EDGE ( 'NONE', *, *, #1927, .T. ) ;
#374 = DIRECTION ( 'NONE',  ( -1.000000000000000000, 0.000000000000000000, 0.000000000000000000 ) ) ;
#375 = LINE ( 'NONE', #1770, #598 ) ;
#376 = ORIENTED_EDGE ( 'NONE', *, *, #2000, .F. ) ;
#377 = ORIENTED_EDGE ( 'NONE', *, *, #559, .T. ) ;
#378 = ORIENTED_EDGE ( 'NONE', *, *, #1363, .F. ) ;
#379 = FACE_BOUND ( 'NONE', #67, .T. ) ;
#380 = DIRECTION ( 'NONE',  ( 0.000000000000000000, 0.000000000000000000, 1.000000000000000000 ) ) ;
#381 = EDGE_CURVE ( 'NONE', #789, #973, #409, .T. ) ;
#382 = AXIS2_PLACEMENT_3D ( 'NONE', #1574, #462, #1093 ) ;
#383 = FACE_BOUND ( 'NONE', #719, .T. ) ;
#384 = ORIENTED_EDGE ( 'NONE', *, *, #27, .F. ) ;
#385 = ORIENTED_EDGE ( 'NONE', *, *, #736, .T. ) ;
#386 = AXIS2_PLACEMENT_3D ( 'NONE', #1082, #265, #1985 ) ;
#387 = CIRCLE ( 'NONE', #1676, 2.100000000000001865 ) ;
#388 = ORIENTED_EDGE ( 'NONE', *, *, #958, .F. ) ;
#389 = DIRECTION ( 'NONE',  ( 1.000000000000000000, 0.000000000000000000, 0.000000000000000000 ) ) ;
#390 = VECTOR ( 'NONE', #568, 1000.000000000000000 ) ;
#391 = CARTESIAN_POINT ( 'NONE',  ( 0.000000000000000000, 38.93571428571428328, 8.646395379649515434 ) ) ;
#392 = CARTESIAN_POINT ( 'NONE',  ( 6.000000000000000000, 9.000000000000181188, 15.58845726811978949 ) ) ;
#393 = FACE_OUTER_BOUND ( 'NONE', #1977, .T. ) ;
#394 = ORIENTED_EDGE ( 'NONE', *, *, #79, .F. ) ;
#395 = EDGE_CURVE ( 'NONE', #1289, #24, #880, .T. ) ;
#396 = EDGE_LOOP ( 'NONE', ( #1613, #1472 ) ) ;
#397 = DIRECTION ( 'NONE',  ( 0.000000000000000000, 0.000000000000000000, 1.000000000000000000 ) ) ;
#398 = ORIENTED_EDGE ( 'NONE', *, *, #482, .F. ) ;
#399 = CARTESIAN_POINT ( 'NONE',  ( 20.00000000000000355, 20.70413862312220488, 63.72078659177505955 ) ) ;
#400 = DIRECTION ( 'NONE',  ( 0.000000000000000000, 0.000000000000000000, 1.000000000000000000 ) ) ;
#401 = APPLICATION_CONTEXT ( 'automotive_design' ) ;
#402 = ORIENTED_EDGE ( 'NONE', *, *, #722, .F. ) ;
#403 = CYLINDRICAL_SURFACE ( 'NONE', #226, 2.100000000000000533 ) ;
#404 = EDGE_CURVE ( 'NONE', #1798, #811, #569, .T. ) ;
#405 = EDGE_LOOP ( 'NONE', ( #1569, #1878 ) ) ;
#406 = CYLINDRICAL_SURFACE ( 'NONE', #1742, 4.400000000000001243 ) ;
#407 = DIRECTION ( 'NONE',  ( 1.000000000000000000, -0.000000000000000000, -0.000000000000000000 ) ) ;
#408 = ORIENTED_EDGE ( 'NONE', *, *, #2008, .F. ) ;
#409 = LINE ( 'NONE', #135, #2019 ) ;
#410 = ORIENTED_EDGE ( 'NONE', *, *, #1528, .F. ) ;
#411 = DIRECTION ( 'NONE',  ( 1.000000000000000000, 0.000000000000000000, 0.000000000000000000 ) ) ;
#412 = AXIS2_PLACEMENT_3D ( 'NONE', #1655, #68, #1030 ) ;
#413 = EDGE_CURVE ( 'NONE', #712, #77, #1378, .T. ) ;
#414 = CARTESIAN_POINT ( 'NONE',  ( 20.00100000000000477, -20.70413862312176079, -63.72078659177521587 ) ) ;
#415 = AXIS2_PLACEMENT_3D ( 'NONE', #1667, #1349, #1510 ) ;
#416 = VECTOR ( 'NONE', #268, 1000.000000000000000 ) ;
#417 = AXIS2_PLACEMENT_3D ( 'NONE', #1746, #1458, #813 ) ;
#418 = VECTOR ( 'NONE', #1912, 1000.000000000000000 ) ;
#419 = ORIENTED_EDGE ( 'NONE', *, *, #184, .F. ) ;
#420 = EDGE_CURVE ( 'NONE', #1102, #1437, #1231, .T. ) ;
#421 = CARTESIAN_POINT ( 'NONE',  ( 20.00100000000000477, 35.00000000000000000, -1.000000000000000666 ) ) ;
#422 = VERTEX_POINT ( 'NONE', #1366 ) ;
#423 = LINE ( 'NONE', #1058, #780 ) ;
#424 = CARTESIAN_POINT ( 'NONE',  ( 0.000000000000000000, 35.00000000000000000, 0.000000000000000000 ) ) ;
#425 = FACE_OUTER_BOUND ( 'NONE', #2011, .T. ) ;
#426 = ADVANCED_FACE ( 'NONE', ( #1834, #1223 ), #757, .F. ) ;
#427 = ORIENTED_EDGE ( 'NONE', *, *, #1207, .F. ) ;
#428 = FACE_OUTER_BOUND ( 'NONE', #72, .T. ) ;
#429 = CARTESIAN_POINT ( 'NONE',  ( 0.000000000000000000, 9.184850993605148733E-15, -75.00000000000000000 ) ) ;
#430 = LINE ( 'NONE', #421, #1703 ) ;
#431 = EDGE_LOOP ( 'NONE', ( #1297, #1329, #1789, #1681 ) ) ;
#432 = DIRECTION ( 'NONE',  ( 0.000000000000000000, -0.9510565162951564178, -0.3090169943749387915 ) ) ;
#433 = DIRECTION ( 'NONE',  ( 0.000000000000000000, 0.9510565162951544194, 0.3090169943749449533 ) ) ;
#434 = ORIENTED_EDGE ( 'NONE', *, *, #308, .T. ) ;
#435 = DIRECTION ( 'NONE',  ( 1.000000000000000000, -0.000000000000000000, -0.000000000000000000 ) ) ;
#436 = EDGE_CURVE ( 'NONE', #1973, #1809, #2003, .T. ) ;
#437 = AXIS2_PLACEMENT_3D ( 'NONE', #629, #330, #148 ) ;
#438 = CARTESIAN_POINT ( 'NONE',  ( 16.90000000000000213, 0.000000000000000000, 0.000000000000000000 ) ) ;
#439 = VERTEX_POINT ( 'NONE', #596 ) ;
#440 = VECTOR ( 'NONE', #749, 1000.000000000000000 ) ;
#441 = CARTESIAN_POINT ( 'NONE',  ( 10.00000000000000000, -20.70413862312176079, -59.32078659177521018 ) ) ;
#442 = CIRCLE ( 'NONE', #1107, 53.00000000000000000 ) ;
#443 = EDGE_CURVE ( 'NONE', #1947, #15, #911, .T. ) ;
#444 = PLANE ( 'NONE',  #155 ) ;
#445 = CIRCLE ( 'NONE', #980, 5.499999999999997335 ) ;
#446 = CIRCLE ( 'NONE', #95, 4.400000000000001243 ) ;
#447 = DIRECTION ( 'NONE',  ( -1.000000000000000000, -0.000000000000000000, -0.000000000000000000 ) ) ;
#448 = AXIS2_PLACEMENT_3D ( 'NONE', #901, #617, #1264 ) ;
#449 = DIRECTION ( 'NONE',  ( -1.000000000000000000, -0.000000000000000000, -0.000000000000000000 ) ) ;
#450 = ORIENTED_EDGE ( 'NONE', *, *, #550, .T. ) ;
#451 = EDGE_CURVE ( 'NONE', #653, #758, #1182, .T. ) ;
#452 = CARTESIAN_POINT ( 'NONE',  ( 17.00000000000000000, 35.00000000000000000, 0.000000000000000000 ) ) ;
#453 = DIRECTION ( 'NONE',  ( 0.000000000000000000, 0.000000000000000000, 1.000000000000000000 ) ) ;
#454 = CARTESIAN_POINT ( 'NONE',  ( 20.00100000000000477, -54.20413862312170750, -34.98161190359539319 ) ) ;
#455 = CARTESIAN_POINT ( 'NONE',  ( 20.00100000000000477, 35.00000000000000000, 0.000000000000000000 ) ) ;
#456 = ORIENTED_EDGE ( 'NONE', *, *, #538, .T. ) ;
#457 = VERTEX_POINT ( 'NONE', #357 ) ;
#458 = CYLINDRICAL_SURFACE ( 'NONE', #191, 4.400000000000000355 ) ;
#459 = DIRECTION ( 'NONE',  ( 0.000000000000000000, 0.000000000000000000, 1.000000000000000000 ) ) ;
#460 = ORIENTED_EDGE ( 'NONE', *, *, #1986, .F. ) ;
#461 = CYLINDRICAL_SURFACE ( 'NONE', #1968, 2.100000000000000977 ) ;
#462 = DIRECTION ( 'NONE',  ( -1.000000000000000000, -0.000000000000000000, 0.000000000000000000 ) ) ;
#463 = CARTESIAN_POINT ( 'NONE',  ( 20.00100000000000477, -67.00000000000000000, 4.400000000000000355 ) ) ;
#464 = CARTESIAN_POINT ( 'NONE',  ( 6.000000000000000000, -9.000000000000074607, -15.58845726811985699 ) ) ;
#465 = ADVANCED_FACE ( 'NONE', ( #158 ), #984, .F. ) ;
#466 = ORIENTED_EDGE ( 'NONE', *, *, #381, .T. ) ;
#467 = CARTESIAN_POINT ( 'NONE',  ( 0.000000000000000000, 8.999999999999962697, -13.48845726811991419 ) ) ;
#468 = EDGE_CURVE ( 'NONE', #1991, #531, #17, .T. ) ;
#469 = DIRECTION ( 'NONE',  ( 0.000000000000000000, 0.000000000000000000, 1.000000000000000000 ) ) ;
#470 = ORIENTED_EDGE ( 'NONE', *, *, #538, .F. ) ;
#471 = CARTESIAN_POINT ( 'NONE',  ( 10.00000000000000000, -67.00000000000000000, -4.400000000000000355 ) ) ;
#472 = PRESENTATION_STYLE_ASSIGNMENT (( #338 ) ) ;
#473 = CARTESIAN_POINT ( 'NONE',  ( 0.000000000000000000, 0.000000000000000000, 75.00000000000000000 ) ) ;
#474 = CARTESIAN_POINT ( 'NONE',  ( 0.000000000000000000, 0.000000000000000000, 55.00000000000000000 ) ) ;
#475 = LINE ( 'NONE', #1413, #876 ) ;
#476 = ORIENTED_EDGE ( 'NONE', *, *, #61, .F. ) ;
#477 = CARTESIAN_POINT ( 'NONE',  ( 10.00000000000000000, 54.20413862312143749, -39.38161190359578256 ) ) ;
#478 = CIRCLE ( 'NONE', #1315, 4.400000000000002132 ) ;
#479 = VECTOR ( 'NONE', #790, 1000.000000000000000 ) ;
#480 = AXIS2_PLACEMENT_3D ( 'NONE', #1531, #1689, #2026 ) ;
#481 = CARTESIAN_POINT ( 'NONE',  ( 20.00000000000000355, 54.20413862312199882, 43.78161190359498534 ) ) ;
#482 = EDGE_CURVE ( 'NONE', #677, #1798, #1252, .T. ) ;
#483 = EDGE_LOOP ( 'NONE', ( #648, #950, #606, #272 ) ) ;
#484 = DIRECTION ( 'NONE',  ( 0.000000000000000000, 0.000000000000000000, 1.000000000000000000 ) ) ;
#485 = DIRECTION ( 'NONE',  ( 0.000000000000000000, 0.000000000000000000, 1.000000000000000000 ) ) ;
#486 = DIRECTION ( 'NONE',  ( 1.000000000000000000, 0.000000000000000000, 0.000000000000000000 ) ) ;
#487 = DIRECTION ( 'NONE',  ( 0.000000000000000000, 0.000000000000000000, 1.000000000000000000 ) ) ;
#488 = DIRECTION ( 'NONE',  ( 0.000000000000000000, 0.000000000000000000, 1.000000000000000000 ) ) ;
#489 = VECTOR ( 'NONE', #964, 1000.000000000000000 ) ;
#490 = EDGE_LOOP ( 'NONE', ( #322, #916, #235, #116 ) ) ;
#491 = DIRECTION ( 'NONE',  ( 0.000000000000000000, 0.000000000000000000, 1.000000000000000000 ) ) ;
#492 = ADVANCED_FACE ( 'NONE', ( #1722 ), #817, .T. ) ;
#493 = CARTESIAN_POINT ( 'NONE',  ( 20.00000000000000355, 0.000000000000000000, 60.40000000000000568 ) ) ;
#494 = EDGE_LOOP ( 'NONE', ( #377, #869 ) ) ;
#495 = VERTEX_POINT ( 'NONE', #1137 ) ;
#496 = CARTESIAN_POINT ( 'NONE',  ( 13.00000000000000178, 35.00000000000000000, 1.000000000000000666 ) ) ;
#497 = DIRECTION ( 'NONE',  ( -1.000000000000000000, -0.000000000000000000, 0.000000000000000000 ) ) ;
#498 = DIRECTION ( 'NONE',  ( -1.000000000000000000, -0.000000000000000000, -0.000000000000000000 ) ) ;
#499 = EDGE_CURVE ( 'NONE', #1503, #720, #1582, .T. ) ;
#500 = FACE_OUTER_BOUND ( 'NONE', #1110, .T. ) ;
#501 = ORIENTED_EDGE ( 'NONE', *, *, #1199, .T. ) ;
#502 = CYLINDRICAL_SURFACE ( 'NONE', #1347, 4.400000000000000355 ) ;
#503 = DIRECTION ( 'NONE',  ( -1.000000000000000000, 0.000000000000000000, 0.000000000000000000 ) ) ;
#504 = ORIENTED_EDGE ( 'NONE', *, *, #947, .T. ) ;
#505 = AXIS2_PLACEMENT_3D ( 'NONE', #424, #1672, #275 ) ;
#506 = DIRECTION ( 'NONE',  ( -1.000000000000000000, 0.000000000000000000, 0.000000000000000000 ) ) ;
#507 = EDGE_CURVE ( 'NONE', #1124, #712, #1090, .T. ) ;
#508 = VERTEX_POINT ( 'NONE', #1882 ) ;
#509 = CARTESIAN_POINT ( 'NONE',  ( 6.000000000000000000, -18.00000000000000000, 0.000000000000000000 ) ) ;
#510 = CIRCLE ( 'NONE', #1072, 12.00000000000000000 ) ;
#511 = VECTOR ( 'NONE', #1300, 1000.000000000000000 ) ;
#512 = FACE_BOUND ( 'NONE', #849, .T. ) ;
#513 = ORIENTED_EDGE ( 'NONE', *, *, #958, .T. ) ;
#514 = ORIENTED_EDGE ( 'NONE', *, *, #1954, .F. ) ;
#515 = DIRECTION ( 'NONE',  ( 1.000000000000000000, 0.000000000000000000, 0.000000000000000000 ) ) ;
#516 = EDGE_CURVE ( 'NONE', #973, #100, #814, .T. ) ;
#517 = PLANE ( 'NONE',  #232 ) ;
#518 = VECTOR ( 'NONE', #1466, 1000.000000000000000 ) ;
#519 = ORIENTED_EDGE ( 'NONE', *, *, #1774, .T. ) ;
#520 = DIRECTION ( 'NONE',  ( 0.000000000000000000, 0.000000000000000000, 1.000000000000000000 ) ) ;
#521 = VERTEX_POINT ( 'NONE', #652 ) ;
#522 = CARTESIAN_POINT ( 'NONE',  ( 20.00100000000000477, 54.20413862312143749, -39.38161190359578256 ) ) ;
#523 = EDGE_LOOP ( 'NONE', ( #361, #803 ) ) ;
#524 = ORIENTED_EDGE ( 'NONE', *, *, #1721, .F. ) ;
#525 = ORIENTED_EDGE ( 'NONE', *, *, #1383, .T. ) ;
#526 = DIRECTION ( 'NONE',  ( -1.000000000000000000, -0.000000000000000000, -0.000000000000000000 ) ) ;
#527 = EDGE_CURVE ( 'NONE', #1420, #859, #1284, .T. ) ;
#528 = DIRECTION ( 'NONE',  ( 0.000000000000000000, -0.4142857142857145902, -0.9101468820683700223 ) ) ;
#529 = ORIENTED_EDGE ( 'NONE', *, *, #468, .T. ) ;
#530 = ORIENTED_EDGE ( 'NONE', *, *, #127, .T. ) ;
#531 = VERTEX_POINT ( 'NONE', #1441 ) ;
#532 = ORIENTED_EDGE ( 'NONE', *, *, #1994, .T. ) ;
#533 = ORIENTED_EDGE ( 'NONE', *, *, #753, .F. ) ;
#534 = CARTESIAN_POINT ( 'NONE',  ( 20.00000000000000355, 54.20413862312143749, -43.78161190359578825 ) ) ;
#535 = DIRECTION ( 'NONE',  ( -1.000000000000000000, -0.000000000000000000, -0.000000000000000000 ) ) ;
#536 = AXIS2_PLACEMENT_3D ( 'NONE', #874, #1844, #432 ) ;
#537 = PLANE ( 'NONE',  #1999 ) ;
#538 = EDGE_CURVE ( 'NONE', #1201, #1427, #311, .T. ) ;
#539 = EDGE_LOOP ( 'NONE', ( #614, #283 ) ) ;
#540 = AXIS2_PLACEMENT_3D ( 'NONE', #1687, #449, #588 ) ;
#541 = ORIENTED_EDGE ( 'NONE', *, *, #250, .F. ) ;
#542 =( GEOMETRIC_REPRESENTATION_CONTEXT ( 3 ) GLOBAL_UNCERTAINTY_ASSIGNED_CONTEXT ( ( #1697 ) ) GLOBAL_UNIT_ASSIGNED_CONTEXT ( ( #1251, #1732, #791 ) ) REPRESENTATION_CONTEXT ( 'NONE', 'WORKASPACE' ) );
#543 = CIRCLE ( 'NONE', #1704, 5.499999999999996447 ) ;
#544 = AXIS2_PLACEMENT_3D ( 'NONE', #1993, #577, #1081 ) ;
#545 = ORIENTED_EDGE ( 'NONE', *, *, #1222, .T. ) ;
#546 = FACE_BOUND ( 'NONE', #765, .T. ) ;
#547 = CARTESIAN_POINT ( 'NONE',  ( 10.00000000000000000, -54.20413862312170750, -39.38161190359539887 ) ) ;
#548 = DIRECTION ( 'NONE',  ( 0.000000000000000000, 0.000000000000000000, -1.000000000000000000 ) ) ;
#549 = VERTEX_POINT ( 'NONE', #192 ) ;
#550 = EDGE_CURVE ( 'NONE', #1201, #613, #1775, .T. ) ;
#551 = EDGE_LOOP ( 'NONE', ( #1019, #1944 ) ) ;
#552 = CARTESIAN_POINT ( 'NONE',  ( 19.99999999999999289, 0.000000000000000000, 0.000000000000000000 ) ) ;
#553 = ORIENTED_EDGE ( 'NONE', *, *, #909, .T. ) ;
#554 = FACE_OUTER_BOUND ( 'NONE', #908, .T. ) ;
#555 = DIRECTION ( 'NONE',  ( 0.000000000000000000, 0.5877852522924676970, -0.8090169943749513370 ) ) ;
#556 = EDGE_CURVE ( 'NONE', #195, #14, #387, .T. ) ;
#557 = DIRECTION ( 'NONE',  ( -1.000000000000000000, 0.000000000000000000, 0.000000000000000000 ) ) ;
#558 = EDGE_LOOP ( 'NONE', ( #1708, #1603, #589, #696 ) ) ;
#559 = EDGE_CURVE ( 'NONE', #70, #1599, #638, .T. ) ;
#560 = VERTEX_POINT ( 'NONE', #481 ) ;
#561 = DIRECTION ( 'NONE',  ( 1.000000000000000000, 0.000000000000000000, 0.000000000000000000 ) ) ;
#562 = EDGE_CURVE ( 'NONE', #597, #1939, #229, .T. ) ;
#563 = AXIS2_PLACEMENT_3D ( 'NONE', #932, #515, #862 ) ;
#564 = VERTEX_POINT ( 'NONE', #493 ) ;
#565 = CIRCLE ( 'NONE', #84, 24.00000000000000000 ) ;
#566 = CARTESIAN_POINT ( 'NONE',  ( 10.00000000000000000, 54.20413862312143749, -39.38161190359578256 ) ) ;
#567 = ORIENTED_EDGE ( 'NONE', *, *, #1543, .T. ) ;
#568 = DIRECTION ( 'NONE',  ( -1.000000000000000000, -0.000000000000000000, -0.000000000000000000 ) ) ;
#569 = CIRCLE ( 'NONE', #841, 2.100000000000001421 ) ;
#570 = FACE_OUTER_BOUND ( 'NONE', #1883, .T. ) ;
#571 = AXIS2_PLACEMENT_3D ( 'NONE', #118, #1210, #1659 ) ;
#572 = EDGE_CURVE ( 'NONE', #1427, #1116, #882, .T. ) ;
#573 = AXIS2_PLACEMENT_3D ( 'NONE', #54, #345, #1581 ) ;
#574 = VECTOR ( 'NONE', #87, 1000.000000000000000 ) ;
#575 = AXIS2_PLACEMENT_3D ( 'NONE', #867, #374, #251 ) ;
#576 = ORIENTED_EDGE ( 'NONE', *, *, #562, .F. ) ;
#577 = DIRECTION ( 'NONE',  ( -1.000000000000000000, 0.000000000000000000, 0.000000000000000000 ) ) ;
#578 = CIRCLE ( 'NONE', #167, 2.100000000000000533 ) ;
#579 = DIRECTION ( 'NONE',  ( 0.000000000000000000, 0.000000000000000000, 1.000000000000000000 ) ) ;
#580 = ORIENTED_EDGE ( 'NONE', *, *, #436, .F. ) ;
#581 = CARTESIAN_POINT ( 'NONE',  ( 20.00000000000000355, -54.20413862312113196, 39.38161190359618047 ) ) ;
#582 = DIRECTION ( 'NONE',  ( -1.000000000000000000, 0.000000000000000000, -0.000000000000000000 ) ) ;
#583 = ADVANCED_FACE ( 'NONE', ( #346 ), #502, .F. ) ;
#584 = PLANE ( 'NONE',  #1350 ) ;
#585 = ORIENTED_EDGE ( 'NONE', *, *, #1470, .T. ) ;
#586 = EDGE_LOOP ( 'NONE', ( #1172, #1623 ) ) ;
#587 = CARTESIAN_POINT ( 'NONE',  ( 20.00000000000000000, 0.000000000000000000, 55.00000000000000000 ) ) ;
#588 = DIRECTION ( 'NONE',  ( 0.000000000000000000, 0.000000000000000000, 1.000000000000000000 ) ) ;
#589 = ORIENTED_EDGE ( 'NONE', *, *, #1820, .T. ) ;
#590 = DIRECTION ( 'NONE',  ( 0.000000000000000000, 0.000000000000000000, 1.000000000000000000 ) ) ;
#591 = DIRECTION ( 'NONE',  ( 0.000000000000000000, 0.8660254037844361541, -0.5000000000000041078 ) ) ;
#592 = ORIENTED_EDGE ( 'NONE', *, *, #873, .T. ) ;
#593 = CARTESIAN_POINT ( 'NONE',  ( 10.00000000000000000, -54.20413862312170750, -43.78161190359539745 ) ) ;
#594 = VECTOR ( 'NONE', #1105, 1000.000000000000000 ) ;
#595 = EDGE_CURVE ( 'NONE', #626, #439, #1186, .T. ) ;
#596 = CARTESIAN_POINT ( 'NONE',  ( 20.00000000000000355, -67.00000000000000000, -4.400000000000000355 ) ) ;
#597 = VERTEX_POINT ( 'NONE', #1070 ) ;
#598 = VECTOR ( 'NONE', #1618, 1000.000000000000000 ) ;
#599 = DIRECTION ( 'NONE',  ( 0.000000000000000000, -0.8660254037844433705, -0.4999999999999916733 ) ) ;
#600 = AXIS2_PLACEMENT_3D ( 'NONE', #282, #1707, #1861 ) ;
#601 = VECTOR ( 'NONE', #50, 1000.000000000000000 ) ;
#602 = CYLINDRICAL_SURFACE ( 'NONE', #290, 2.100000000000000977 ) ;
#603 = ADVANCED_FACE ( 'NONE', ( #1880 ), #458, .F. ) ;
#604 = CARTESIAN_POINT ( 'NONE',  ( 0.000000000000000000, 0.000000000000000000, 24.00000000000000000 ) ) ;
#605 = AXIS2_PLACEMENT_3D ( 'NONE', #1170, #1336, #1519 ) ;
#606 = ORIENTED_EDGE ( 'NONE', *, *, #105, .T. ) ;
#607 = DIRECTION ( 'NONE',  ( 0.000000000000000000, 0.000000000000000000, 1.000000000000000000 ) ) ;
#608 = DIRECTION ( 'NONE',  ( -1.000000000000000000, -0.000000000000000000, -0.000000000000000000 ) ) ;
#609 = CARTESIAN_POINT ( 'NONE',  ( 0.000000000000000000, 0.000000000000000000, 0.000000000000000000 ) ) ;
#610 = CARTESIAN_POINT ( 'NONE',  ( 6.000000000000000000, 18.00000000000000000, 0.000000000000000000 ) ) ;
#611 = FACE_OUTER_BOUND ( 'NONE', #1450, .T. ) ;
#612 = EDGE_CURVE ( 'NONE', #1991, #1083, #445, .T. ) ;
#613 = VERTEX_POINT ( 'NONE', #587 ) ;
#614 = ORIENTED_EDGE ( 'NONE', *, *, #840, .F. ) ;
#615 = CARTESIAN_POINT ( 'NONE',  ( 20.00000000000000355, 54.20413862312143749, -39.38161190359578256 ) ) ;
#616 = ORIENTED_EDGE ( 'NONE', *, *, #381, .F. ) ;
#617 = DIRECTION ( 'NONE',  ( -1.000000000000000000, 0.000000000000000000, 0.000000000000000000 ) ) ;
#618 = FILL_AREA_STYLE_COLOUR ( '', #256 ) ;
#619 = DIRECTION ( 'NONE',  ( 0.000000000000000000, 0.000000000000000000, 1.000000000000000000 ) ) ;
#620 = CARTESIAN_POINT ( 'NONE',  ( 20.00000000000000355, 20.70413862312220488, 59.32078659177506097 ) ) ;
#621 = ORIENTED_EDGE ( 'NONE', *, *, #834, .F. ) ;
#622 = ORIENTED_EDGE ( 'NONE', *, *, #873, .F. ) ;
#623 = CYLINDRICAL_SURFACE ( 'NONE', #843, 12.00000000000000000 ) ;
#624 = EDGE_CURVE ( 'NONE', #1462, #1805, #1839, .T. ) ;
#625 = DIRECTION ( 'NONE',  ( -1.000000000000000000, 0.000000000000000000, 0.000000000000000000 ) ) ;
#626 = VERTEX_POINT ( 'NONE', #1549 ) ;
#627 = AXIS2_PLACEMENT_3D ( 'NONE', #872, #714, #1313 ) ;
#628 = DIRECTION ( 'NONE',  ( 0.000000000000000000, 0.000000000000000000, 1.000000000000000000 ) ) ;
#629 = CARTESIAN_POINT ( 'NONE',  ( 0.000000000000000000, -9.000000000000074607, -15.58845726811985699 ) ) ;
#630 = DIRECTION ( 'NONE',  ( 0.000000000000000000, 0.000000000000000000, 1.000000000000000000 ) ) ;
#631 = FACE_BOUND ( 'NONE', #1016, .T. ) ;
#632 = ADVANCED_FACE ( 'NONE', ( #2009 ), #602, .F. ) ;
#633 = ORIENTED_EDGE ( 'NONE', *, *, #1860, .F. ) ;
#634 = AXIS2_PLACEMENT_3D ( 'NONE', #241, #1163, #1324 ) ;
#635 = VERTEX_POINT ( 'NONE', #467 ) ;
#636 = DIRECTION ( 'NONE',  ( 0.000000000000000000, 0.000000000000000000, 1.000000000000000000 ) ) ;
#637 = AXIS2_PLACEMENT_3D ( 'NONE', #414, #875, #90 ) ;
#638 = CIRCLE ( 'NONE', #1803, 2.100000000000001865 ) ;
#639 = AXIS2_PLACEMENT_3D ( 'NONE', #452, #273, #590 ) ;
#640 = CARTESIAN_POINT ( 'NONE',  ( 17.00000000000000000, 1.469576158976824342E-15, -12.00000000000000355 ) ) ;
#641 = DIRECTION ( 'NONE',  ( -1.000000000000000000, -0.000000000000000000, -0.000000000000000000 ) ) ;
#642 = EDGE_LOOP ( 'NONE', ( #373, #6, #1430, #616 ) ) ;
#643 = CARTESIAN_POINT ( 'NONE',  ( 0.000000000000000000, 0.000000000000000000, 0.000000000000000000 ) ) ;
#644 = CARTESIAN_POINT ( 'NONE',  ( 6.000000000000000000, -18.00000000000000000, 0.000000000000000000 ) ) ;
#645 = CARTESIAN_POINT ( 'NONE',  ( 6.000000000000000000, -8.999999999999854339, 15.58845726811997778 ) ) ;
#646 = CARTESIAN_POINT ( 'NONE',  ( 6.000000000000000000, 9.000000000000181188, 17.68845726811979091 ) ) ;
#647 = CIRCLE ( 'NONE', #1249, 4.400000000000001243 ) ;
#648 = ORIENTED_EDGE ( 'NONE', *, *, #1513, .F. ) ;
#649 = EDGE_CURVE ( 'NONE', #1060, #707, #1214, .T. ) ;
#650 = PLANE ( 'NONE',  #1043 ) ;
#651 = ORIENTED_EDGE ( 'NONE', *, *, #372, .F. ) ;
#652 = CARTESIAN_POINT ( 'NONE',  ( 10.00000000000000000, 54.20413862312199882, 43.78161190359498534 ) ) ;
#653 = VERTEX_POINT ( 'NONE', #593 ) ;
#654 = ORIENTED_EDGE ( 'NONE', *, *, #1241, .T. ) ;
#655 = DIRECTION ( 'NONE',  ( 0.000000000000000000, 0.000000000000000000, 1.000000000000000000 ) ) ;
#656 = EDGE_CURVE ( 'NONE', #2004, #1278, #710, .T. ) ;
#657 = DIRECTION ( 'NONE',  ( 0.000000000000000000, -0.8660254037844433705, -0.4999999999999916733 ) ) ;
#658 = DIRECTION ( 'NONE',  ( 1.000000000000000000, 0.000000000000000000, 0.000000000000000000 ) ) ;
#659 = CYLINDRICAL_SURFACE ( 'NONE', #573, 55.00000000000000000 ) ;
#660 = ADVANCED_FACE ( 'NONE', ( #428 ), #1417, .T. ) ;
#661 = ORIENTED_EDGE ( 'NONE', *, *, #7, .T. ) ;
#662 = ORIENTED_EDGE ( 'NONE', *, *, #1036, .F. ) ;
#663 = EDGE_LOOP ( 'NONE', ( #302, #269 ) ) ;
#664 = AXIS2_PLACEMENT_3D ( 'NONE', #831, #218, #316 ) ;
#665 = FACE_BOUND ( 'NONE', #523, .T. ) ;
#666 = EDGE_LOOP ( 'NONE', ( #580, #177, #1079, #1791 ) ) ;
#667 = DIRECTION ( 'NONE',  ( 0.000000000000000000, -0.8660254037844432595, -0.4999999999999919509 ) ) ;
#668 = DIRECTION ( 'NONE',  ( -1.000000000000000000, -0.000000000000000000, -0.000000000000000000 ) ) ;
#669 = CIRCLE ( 'NONE', #386, 24.00000000000000000 ) ;
#670 = ORIENTED_EDGE ( 'NONE', *, *, #83, .F. ) ;
#671 = VECTOR ( 'NONE', #2015, 1000.000000000000000 ) ;
#672 = CIRCLE ( 'NONE', #544, 5.499999999999997335 ) ;
#673 = DIRECTION ( 'NONE',  ( 0.000000000000000000, 0.000000000000000000, -1.000000000000000000 ) ) ;
#674 = AXIS2_PLACEMENT_3D ( 'NONE', #713, #389, #1343 ) ;
#675 = ORIENTED_EDGE ( 'NONE', *, *, #1325, .T. ) ;
#676 = EDGE_CURVE ( 'NONE', #457, #1462, #812, .T. ) ;
#677 = VERTEX_POINT ( 'NONE', #299 ) ;
#678 = DIRECTION ( 'NONE',  ( -1.000000000000000000, -0.000000000000000000, -0.000000000000000000 ) ) ;
#679 = CYLINDRICAL_SURFACE ( 'NONE', #1511, 4.400000000000001243 ) ;
#680 = LINE ( 'NONE', #391, #1888 ) ;
#681 = ORIENTED_EDGE ( 'NONE', *, *, #1718, .T. ) ;
#682 = EDGE_CURVE ( 'NONE', #508, #993, #905, .T. ) ;
#683 = ORIENTED_EDGE ( 'NONE', *, *, #527, .T. ) ;
#684 = LINE ( 'NONE', #1330, #1989 ) ;
#685 = VERTEX_POINT ( 'NONE', #1711 ) ;
#686 = ORIENTED_EDGE ( 'NONE', *, *, #1439, .F. ) ;
#687 = ORIENTED_EDGE ( 'NONE', *, *, #1418, .F. ) ;
#688 = DIRECTION ( 'NONE',  ( 0.000000000000000000, 0.000000000000000000, 1.000000000000000000 ) ) ;
#689 = CARTESIAN_POINT ( 'NONE',  ( 20.00000000000000355, 0.000000000000000000, 0.000000000000000000 ) ) ;
#690 = CARTESIAN_POINT ( 'NONE',  ( 16.90000000000000213, 0.000000000000000000, 60.40000000000000568 ) ) ;
#691 = EDGE_CURVE ( 'NONE', #1867, #826, #2022, .T. ) ;
#692 = ORIENTED_EDGE ( 'NONE', *, *, #1181, .F. ) ;
#693 = DIRECTION ( 'NONE',  ( 0.000000000000000000, 0.000000000000000000, 1.000000000000000000 ) ) ;
#694 = ORIENTED_EDGE ( 'NONE', *, *, #79, .T. ) ;
#695 = ORIENTED_EDGE ( 'NONE', *, *, #184, .T. ) ;
#696 = ORIENTED_EDGE ( 'NONE', *, *, #169, .T. ) ;
#697 = DIRECTION ( 'NONE',  ( 0.000000000000000000, 0.000000000000000000, 1.000000000000000000 ) ) ;
#698 = ORIENTED_EDGE ( 'NONE', *, *, #1827, .F. ) ;
#699 = DIRECTION ( 'NONE',  ( 1.000000000000000000, -0.000000000000000000, -0.000000000000000000 ) ) ;
#700 = UNCERTAINTY_MEASURE_WITH_UNIT (LENGTH_MEASURE( 1.000000000000000082E-05 ), #752, 'distance_accuracy_value', 'NONE');
#701 = DIRECTION ( 'NONE',  ( -1.000000000000000000, -0.000000000000000000, -0.000000000000000000 ) ) ;
#702 = CIRCLE ( 'NONE', #1275, 4.400000000000001243 ) ;
#703 = AXIS2_PLACEMENT_3D ( 'NONE', #1444, #1575, #164 ) ;
#704 = ADVANCED_FACE ( 'NONE', ( #132 ), #897, .F. ) ;
#705 = FACE_OUTER_BOUND ( 'NONE', #1436, .T. ) ;
#706 = CIRCLE ( 'NONE', #382, 4.400000000000000355 ) ;
#707 = VERTEX_POINT ( 'NONE', #1537 ) ;
#708 = CIRCLE ( 'NONE', #540, 75.00000000000000000 ) ;
#709 = ORIENTED_EDGE ( 'NONE', *, *, #881, .F. ) ;
#710 = CIRCLE ( 'NONE', #944, 53.00000000000000000 ) ;
#711 = CYLINDRICAL_SURFACE ( 'NONE', #1646, 2.100000000000000533 ) ;
#712 = VERTEX_POINT ( 'NONE', #113 ) ;
#713 = CARTESIAN_POINT ( 'NONE',  ( 20.00000000000000355, -20.70413862312176079, -63.72078659177521587 ) ) ;
#714 = DIRECTION ( 'NONE',  ( -1.000000000000000000, -0.000000000000000000, -0.000000000000000000 ) ) ;
#715 =( GEOMETRIC_REPRESENTATION_CONTEXT ( 3 ) GLOBAL_UNCERTAINTY_ASSIGNED_CONTEXT ( ( #700 ) ) GLOBAL_UNIT_ASSIGNED_CONTEXT ( ( #752, #2005, #314 ) ) REPRESENTATION_CONTEXT ( 'NONE', 'WORKASPACE' ) );
#716 = LINE ( 'NONE', #1354, #194 ) ;
#717 = DIRECTION ( 'NONE',  ( -1.000000000000000000, -0.000000000000000000, -0.000000000000000000 ) ) ;
#718 = DIRECTION ( 'NONE',  ( -1.000000000000000000, -0.000000000000000000, -0.000000000000000000 ) ) ;
#719 = EDGE_LOOP ( 'NONE', ( #291, #900 ) ) ;
#720 = VERTEX_POINT ( 'NONE', #1686 ) ;
#721 = FACE_BOUND ( 'NONE', #1407, .T. ) ;
#722 = EDGE_CURVE ( 'NONE', #826, #24, #310, .T. ) ;
#723 = LINE ( 'NONE', #1050, #1737 ) ;
#724 = LINE ( 'NONE', #80, #1112 ) ;
#725 = VERTEX_POINT ( 'NONE', #1385 ) ;
#726 = EDGE_CURVE ( 'NONE', #1948, #41, #1011, .T. ) ;
#727 = DIRECTION ( 'NONE',  ( 0.000000000000000000, 0.9101468820683699112, -0.4142857142857144792 ) ) ;
#728 = ORIENTED_EDGE ( 'NONE', *, *, #1065, .T. ) ;
#729 = LINE ( 'NONE', #850, #390 ) ;
#730 = LINE ( 'NONE', #1369, #1920 ) ;
#731 = AXIS2_PLACEMENT_3D ( 'NONE', #829, #1464, #228 ) ;
#732 = ORIENTED_EDGE ( 'NONE', *, *, #612, .F. ) ;
#733 = DIRECTION ( 'NONE',  ( -1.000000000000000000, -0.000000000000000000, -0.000000000000000000 ) ) ;
#734 = CIRCLE ( 'NONE', #878, 60.40000000000000568 ) ;
#735 = DIRECTION ( 'NONE',  ( 0.000000000000000000, -0.8660254037844433705, -0.4999999999999916733 ) ) ;
#736 = EDGE_CURVE ( 'NONE', #1083, #1991, #672, .T. ) ;
#737 = ORIENTED_EDGE ( 'NONE', *, *, #1010, .F. ) ;
#738 = FACE_OUTER_BOUND ( 'NONE', #1904, .T. ) ;
#739 = VECTOR ( 'NONE', #1996, 1000.000000000000000 ) ;
#740 = LINE ( 'NONE', #1361, #1412 ) ;
#741 = CIRCLE ( 'NONE', #1077, 2.100000000000000533 ) ;
#742 = VECTOR ( 'NONE', #327, 1000.000000000000000 ) ;
#743 = AXIS2_PLACEMENT_3D ( 'NONE', #893, #1523, #1202 ) ;
#744 = AXIS2_PLACEMENT_3D ( 'NONE', #190, #202, #1113 ) ;
#745 = ORIENTED_EDGE ( 'NONE', *, *, #1383, .F. ) ;
#746 = CARTESIAN_POINT ( 'NONE',  ( 0.000000000000000000, 35.00000000000000000, 0.000000000000000000 ) ) ;
#747 = ADVANCED_FACE ( 'NONE', ( #926 ), #766, .T. ) ;
#748 = CIRCLE ( 'NONE', #1018, 60.40000000000000568 ) ;
#749 = DIRECTION ( 'NONE',  ( -1.000000000000000000, -0.000000000000000000, -0.000000000000000000 ) ) ;
#750 = DIRECTION ( 'NONE',  ( -0.000000000000000000, 0.000000000000000000, 1.000000000000000000 ) ) ;
#751 = ORIENTED_EDGE ( 'NONE', *, *, #1052, .T. ) ;
#752 =( LENGTH_UNIT ( ) NAMED_UNIT ( * ) SI_UNIT ( .MILLI., .METRE. ) );
#753 = EDGE_CURVE ( 'NONE', #560, #521, #1934, .T. ) ;
#754 = ORIENTED_EDGE ( 'NONE', *, *, #1799, .T. ) ;
#755 = ORIENTED_EDGE ( 'NONE', *, *, #773, .F. ) ;
#756 = DIRECTION ( 'NONE',  ( 0.000000000000000000, 0.000000000000000000, 1.000000000000000000 ) ) ;
#757 = PLANE ( 'NONE',  #1855 ) ;
#758 = VERTEX_POINT ( 'NONE', #833 ) ;
#759 = PRODUCT_CONTEXT ( 'NONE', #401, 'mechanical' ) ;
#760 = PRODUCT_DEFINITION_CONTEXT ( 'detailed design', #1953, 'design' ) ;
#761 = CARTESIAN_POINT ( 'NONE',  ( 6.000000000000000000, -18.00000000000000000, -2.100000000000000533 ) ) ;
#762 = CARTESIAN_POINT ( 'NONE',  ( 10.00000000000000000, 20.70413862312220488, 63.72078659177505955 ) ) ;
#763 = DIRECTION ( 'NONE',  ( -1.000000000000000000, 0.000000000000000000, 0.000000000000000000 ) ) ;
#764 = EDGE_CURVE ( 'NONE', #1838, #1870, #1966, .T. ) ;
#765 = EDGE_LOOP ( 'NONE', ( #388, #1161 ) ) ;
#766 = CYLINDRICAL_SURFACE ( 'NONE', #1147, 24.00000000000000000 ) ;
#767 = DIRECTION ( 'NONE',  ( -1.000000000000000000, -0.000000000000000000, -0.000000000000000000 ) ) ;
#768 = EDGE_LOOP ( 'NONE', ( #1761, #1492 ) ) ;
#769 = CARTESIAN_POINT ( 'NONE',  ( 6.000000000000000000, 8.999999999999962697, -15.58845726811991561 ) ) ;
#770 = FACE_OUTER_BOUND ( 'NONE', #1189, .T. ) ;
#771 = DIRECTION ( 'NONE',  ( 1.000000000000000000, 0.000000000000000000, 0.000000000000000000 ) ) ;
#772 = DIRECTION ( 'NONE',  ( -1.000000000000000000, -0.000000000000000000, -0.000000000000000000 ) ) ;
#773 = EDGE_CURVE ( 'NONE', #793, #1162, #1830, .T. ) ;
#774 = CIRCLE ( 'NONE', #1145, 4.400000000000001243 ) ;
#775 = DIRECTION ( 'NONE',  ( -1.000000000000000000, -0.000000000000000000, -0.000000000000000000 ) ) ;
#776 = ORIENTED_EDGE ( 'NONE', *, *, #436, .T. ) ;
#777 = CIRCLE ( 'NONE', #222, 55.00000000000000000 ) ;
#778 = ORIENTED_EDGE ( 'NONE', *, *, #1335, .T. ) ;
#779 = DIRECTION ( 'NONE',  ( 0.000000000000000000, 0.000000000000000000, 1.000000000000000000 ) ) ;
#780 = VECTOR ( 'NONE', #699, 1000.000000000000000 ) ;
#781 = ADVANCED_FACE ( 'NONE', ( #45 ), #659, .T. ) ;
#782 = AXIS2_PLACEMENT_3D ( 'NONE', #610, #165, #1726 ) ;
#783 = ORIENTED_EDGE ( 'NONE', *, *, #834, .T. ) ;
#784 = DIRECTION ( 'NONE',  ( 0.000000000000000000, 0.000000000000000000, 1.000000000000000000 ) ) ;
#785 = DIRECTION ( 'NONE',  ( -1.000000000000000000, -0.000000000000000000, 0.000000000000000000 ) ) ;
#786 = CARTESIAN_POINT ( 'NONE',  ( 0.000000000000000000, 8.999999999999962697, -17.68845726811991526 ) ) ;
#787 = CARTESIAN_POINT ( 'NONE',  ( 6.000000000000000000, -9.000000000000074607, -13.48845726811985557 ) ) ;
#788 = ADVANCED_FACE ( 'NONE', ( #334 ), #168, .F. ) ;
#789 = VERTEX_POINT ( 'NONE', #1126 ) ;
#790 = DIRECTION ( 'NONE',  ( -1.000000000000000000, -0.000000000000000000, -0.000000000000000000 ) ) ;
#791 =( NAMED_UNIT ( * ) SI_UNIT ( $, .STERADIAN. ) SOLID_ANGLE_UNIT ( ) );
#792 = DIRECTION ( 'NONE',  ( 0.000000000000000000, 0.9510565162951524210, -0.3090169943749513370 ) ) ;
#793 = VERTEX_POINT ( 'NONE', #1451 ) ;
#794 = EDGE_CURVE ( 'NONE', #1041, #811, #800, .T. ) ;
#795 = CYLINDRICAL_SURFACE ( 'NONE', #1698, 60.40000000000000568 ) ;
#796 = DIRECTION ( 'NONE',  ( -1.000000000000000000, -0.000000000000000000, -0.000000000000000000 ) ) ;
#797 = CYLINDRICAL_SURFACE ( 'NONE', #359, 2.100000000000000977 ) ;
#798 = VERTEX_POINT ( 'NONE', #1438 ) ;
#799 = EDGE_LOOP ( 'NONE', ( #1173, #1311, #1756, #567 ) ) ;
#800 = LINE ( 'NONE', #946, #479 ) ;
#801 = DIRECTION ( 'NONE',  ( 0.000000000000000000, 0.000000000000000000, 1.000000000000000000 ) ) ;
#802 = CARTESIAN_POINT ( 'NONE',  ( 10.00000000000000000, -20.70413862312176079, -63.72078659177521587 ) ) ;
#803 = ORIENTED_EDGE ( 'NONE', *, *, #1470, .F. ) ;
#804 = AXIS2_PLACEMENT_3D ( 'NONE', #1143, #88, #1166 ) ;
#805 = DIRECTION ( 'NONE',  ( -1.000000000000000000, -0.000000000000000000, -0.000000000000000000 ) ) ;
#806 = PLANE ( 'NONE',  #1730 ) ;
#807 = LINE ( 'NONE', #2006, #1906 ) ;
#808 = ADVANCED_FACE ( 'NONE', ( #991, #1780 ), #650, .T. ) ;
#809 = FACE_BOUND ( 'NONE', #1123, .T. ) ;
#810 = AXIS2_PLACEMENT_3D ( 'NONE', #1568, #1114, #1617 ) ;
#811 = VERTEX_POINT ( 'NONE', #365 ) ;
#812 = CIRCLE ( 'NONE', #1477, 4.400000000000001243 ) ;
#813 = DIRECTION ( 'NONE',  ( 0.000000000000000000, 0.000000000000000000, 1.000000000000000000 ) ) ;
#814 = CIRCLE ( 'NONE', #1540, 4.400000000000001243 ) ;
#815 = ADVANCED_FACE ( 'NONE', ( #1767 ), #623, .F. ) ;
#816 = VECTOR ( 'NONE', #71, 1000.000000000000000 ) ;
#817 = PLANE ( 'NONE',  #91 ) ;
#818 = ORIENTED_EDGE ( 'NONE', *, *, #420, .T. ) ;
#819 = EDGE_LOOP ( 'NONE', ( #1198, #48 ) ) ;
#820 = CARTESIAN_POINT ( 'NONE',  ( 20.00000000000000355, -20.70413862312086906, 63.72078659177549298 ) ) ;
#821 = CARTESIAN_POINT ( 'NONE',  ( 20.00100000000000477, -54.20413862312113196, 34.98161190359618189 ) ) ;
#822 = CYLINDRICAL_SURFACE ( 'NONE', #1766, 4.400000000000001243 ) ;
#823 = EDGE_CURVE ( 'NONE', #24, #1289, #1647, .T. ) ;
#824 = CARTESIAN_POINT ( 'NONE',  ( 10.00000000000000000, 20.70413862312220488, 63.72078659177505955 ) ) ;
#825 = CARTESIAN_POINT ( 'NONE',  ( 10.00000000000000000, 67.00000000000000000, 0.000000000000000000 ) ) ;
#826 = VERTEX_POINT ( 'NONE', #969 ) ;
#827 = EDGE_LOOP ( 'NONE', ( #104, #44 ) ) ;
#828 = ORIENTED_EDGE ( 'NONE', *, *, #1228, .T. ) ;
#829 = CARTESIAN_POINT ( 'NONE',  ( 6.000000000000000000, 18.00000000000000000, 0.000000000000000000 ) ) ;
#830 = CARTESIAN_POINT ( 'NONE',  ( 0.000000000000000000, 9.000000000000181188, 15.58845726811978949 ) ) ;
#831 = CARTESIAN_POINT ( 'NONE',  ( 0.000000000000000000, 0.000000000000000000, 0.000000000000000000 ) ) ;
#832 = DIRECTION ( 'NONE',  ( -1.000000000000000000, 0.000000000000000000, 0.000000000000000000 ) ) ;
#833 = CARTESIAN_POINT ( 'NONE',  ( 10.00000000000000000, -54.20413862312170750, -34.98161190359539319 ) ) ;
#834 = EDGE_CURVE ( 'NONE', #826, #1867, #1319, .T. ) ;
#835 = CARTESIAN_POINT ( 'NONE',  ( 10.00000000000000000, 24.00000000000000000, 0.000000000000000000 ) ) ;
#836 = ORIENTED_EDGE ( 'NONE', *, *, #854, .F. ) ;
#837 = VERTEX_POINT ( 'NONE', #1914 ) ;
#838 = CIRCLE ( 'NONE', #219, 4.400000000000000355 ) ;
#839 = FACE_BOUND ( 'NONE', #203, .T. ) ;
#840 = EDGE_CURVE ( 'NONE', #495, #1415, #1544, .T. ) ;
#841 = AXIS2_PLACEMENT_3D ( 'NONE', #115, #294, #735 ) ;
#842 = AXIS2_PLACEMENT_3D ( 'NONE', #392, #1169, #1660 ) ;
#843 = AXIS2_PLACEMENT_3D ( 'NONE', #355, #1891, #491 ) ;
#844 = LINE ( 'NONE', #1480, #1443 ) ;
#845 = CIRCLE ( 'NONE', #1318, 2.100000000000001865 ) ;
#846 = ORIENTED_EDGE ( 'NONE', *, *, #595, .T. ) ;
#847 = AXIS2_PLACEMENT_3D ( 'NONE', #855, #557, #1956 ) ;
#848 = ORIENTED_EDGE ( 'NONE', *, *, #1543, .F. ) ;
#849 = EDGE_LOOP ( 'NONE', ( #1087, #856 ) ) ;
#850 = CARTESIAN_POINT ( 'NONE',  ( 6.000000000000000000, -9.000000000000074607, -17.68845726811985841 ) ) ;
#851 = CARTESIAN_POINT ( 'NONE',  ( 10.00000000000000000, 54.20413862312143749, -43.78161190359578825 ) ) ;
#852 = LINE ( 'NONE', #1488, #1958 ) ;
#853 = CIRCLE ( 'NONE', #234, 2.100000000000000977 ) ;
#854 = EDGE_CURVE ( 'NONE', #993, #1522, #1779, .T. ) ;
#855 = CARTESIAN_POINT ( 'NONE',  ( 6.000000000000000000, -18.00000000000000000, 0.000000000000000000 ) ) ;
#856 = ORIENTED_EDGE ( 'NONE', *, *, #443, .F. ) ;
#857 = ADVANCED_FACE ( 'NONE', ( #500 ), #1589, .F. ) ;
#858 = CARTESIAN_POINT ( 'NONE',  ( 10.00000000000000000, 54.20413862312143749, -34.98161190359578399 ) ) ;
#859 = VERTEX_POINT ( 'NONE', #1290 ) ;
#860 = ORIENTED_EDGE ( 'NONE', *, *, #1314, .F. ) ;
#861 = LINE ( 'NONE', #1961, #1345 ) ;
#862 = DIRECTION ( 'NONE',  ( 0.000000000000000000, 0.000000000000000000, 1.000000000000000000 ) ) ;
#863 = ADVANCED_FACE ( 'NONE', ( #1907 ), #1922, .F. ) ;
#864 = ORIENTED_EDGE ( 'NONE', *, *, #246, .T. ) ;
#865 = DIRECTION ( 'NONE',  ( -1.000000000000000000, 0.000000000000000000, -0.000000000000000000 ) ) ;
#866 = DIRECTION ( 'NONE',  ( -1.000000000000000000, -0.000000000000000000, -0.000000000000000000 ) ) ;
#867 = CARTESIAN_POINT ( 'NONE',  ( 6.000000000000000000, 8.999999999999962697, -15.58845726811991561 ) ) ;
#868 = EDGE_CURVE ( 'NONE', #107, #210, #1833, .T. ) ;
#869 = ORIENTED_EDGE ( 'NONE', *, *, #1615, .T. ) ;
#870 = EDGE_LOOP ( 'NONE', ( #1232, #1557, #1414, #1781 ) ) ;
#871 = DIRECTION ( 'NONE',  ( -1.000000000000000000, 0.000000000000000000, 0.000000000000000000 ) ) ;
#872 = CARTESIAN_POINT ( 'NONE',  ( 6.000000000000000000, -8.999999999999854339, 15.58845726811997778 ) ) ;
#873 = EDGE_CURVE ( 'NONE', #998, #1102, #196, .T. ) ;
#874 = CARTESIAN_POINT ( 'NONE',  ( 10.00000000000000000, -20.70413862312086906, 63.72078659177549298 ) ) ;
#875 = DIRECTION ( 'NONE',  ( -1.000000000000000000, -0.000000000000000000, -0.000000000000000000 ) ) ;
#876 = VECTOR ( 'NONE', #498, 1000.000000000000000 ) ;
#877 = FACE_OUTER_BOUND ( 'NONE', #799, .T. ) ;
#878 = AXIS2_PLACEMENT_3D ( 'NONE', #999, #64, #693 ) ;
#879 = EDGE_LOOP ( 'NONE', ( #745, #1918 ) ) ;
#880 = CIRCLE ( 'NONE', #1733, 4.400000000000000355 ) ;
#881 = EDGE_CURVE ( 'NONE', #1263, #1162, #724, .T. ) ;
#882 = CIRCLE ( 'NONE', #1377, 55.00000000000000000 ) ;
#883 = VECTOR ( 'NONE', #526, 1000.000000000000000 ) ;
#884 = ORIENTED_EDGE ( 'NONE', *, *, #372, .T. ) ;
#885 = CYLINDRICAL_SURFACE ( 'NONE', #1187, 4.400000000000001243 ) ;
#886 = DIRECTION ( 'NONE',  ( -1.000000000000000000, -0.000000000000000000, -0.000000000000000000 ) ) ;
#887 = EDGE_CURVE ( 'NONE', #100, #973, #446, .T. ) ;
#888 = CYLINDRICAL_SURFACE ( 'NONE', #1185, 4.400000000000001243 ) ;
#889 = ORIENTED_EDGE ( 'NONE', *, *, #1482, .T. ) ;
#890 = CARTESIAN_POINT ( 'NONE',  ( 0.000000000000000000, 1.469576158976823947E-15, -12.00000000000000000 ) ) ;
#891 = CARTESIAN_POINT ( 'NONE',  ( 17.00000000000000000, 53.00000000000000000, 0.000000000000000000 ) ) ;
#892 = VERTEX_POINT ( 'NONE', #690 ) ;
#893 = CARTESIAN_POINT ( 'NONE',  ( 6.000000000000000000, -9.000000000000074607, -15.58845726811985699 ) ) ;
#894 = DIRECTION ( 'NONE',  ( 0.000000000000000000, 0.000000000000000000, 1.000000000000000000 ) ) ;
#895 = CARTESIAN_POINT ( 'NONE',  ( 10.00000000000000000, 20.70413862312130249, -63.72078659177536508 ) ) ;
#896 = ORIENTED_EDGE ( 'NONE', *, *, #1089, .F. ) ;
#897 = CYLINDRICAL_SURFACE ( 'NONE', #1507, 2.100000000000000977 ) ;
#898 = ADVANCED_FACE ( 'NONE', ( #877 ), #1500, .T. ) ;
#899 = CARTESIAN_POINT ( 'NONE',  ( 0.000000000000000000, 0.000000000000000000, 0.000000000000000000 ) ) ;
#900 = ORIENTED_EDGE ( 'NONE', *, *, #111, .F. ) ;
#901 = CARTESIAN_POINT ( 'NONE',  ( 6.000000000000000000, 18.00000000000000000, 0.000000000000000000 ) ) ;
#902 = EDGE_CURVE ( 'NONE', #1415, #495, #949, .T. ) ;
#903 = CIRCLE ( 'NONE', #1175, 4.400000000000000355 ) ;
#904 = VERTEX_POINT ( 'NONE', #1819 ) ;
#905 = LINE ( 'NONE', #4, #1858 ) ;
#906 = CIRCLE ( 'NONE', #260, 2.100000000000001421 ) ;
#907 = DIRECTION ( 'NONE',  ( 0.000000000000000000, 0.5877852522924742473, 0.8090169943749467851 ) ) ;
#908 = EDGE_LOOP ( 'NONE', ( #1395, #460 ) ) ;
#909 = EDGE_CURVE ( 'NONE', #1102, #998, #578, .T. ) ;
#910 = CARTESIAN_POINT ( 'NONE',  ( 20.00000000000000355, 54.20413862312199882, 34.98161190359498818 ) ) ;
#911 = CIRCLE ( 'NONE', #28, 4.400000000000002132 ) ;
#912 = FACE_OUTER_BOUND ( 'NONE', #1307, .T. ) ;
#913 = VECTOR ( 'NONE', #407, 1000.000000000000000 ) ;
#914 = AXIS2_PLACEMENT_3D ( 'NONE', #1748, #336, #1292 ) ;
#915 = CIRCLE ( 'NONE', #33, 12.00000000000000178 ) ;
#916 = ORIENTED_EDGE ( 'NONE', *, *, #274, .F. ) ;
#917 = ORIENTED_EDGE ( 'NONE', *, *, #308, .F. ) ;
#918 = DIRECTION ( 'NONE',  ( 1.000000000000000000, 0.000000000000000000, 0.000000000000000000 ) ) ;
#919 = AXIS2_PLACEMENT_3D ( 'NONE', #183, #1851, #1411 ) ;
#920 = CARTESIAN_POINT ( 'NONE',  ( 6.000000000000000000, -18.00000000000000000, 2.100000000000000533 ) ) ;
#921 = ORIENTED_EDGE ( 'NONE', *, *, #239, .F. ) ;
#922 = CARTESIAN_POINT ( 'NONE',  ( 0.000000000000000000, 1.469576158976823947E-15, -12.00000000000000000 ) ) ;
#923 = DIRECTION ( 'NONE',  ( -1.000000000000000000, -0.000000000000000000, 0.000000000000000000 ) ) ;
#924 = EDGE_CURVE ( 'NONE', #1509, #1633, #1037, .T. ) ;
#925 = DIRECTION ( 'NONE',  ( 0.000000000000000000, 0.8660254037844398178, 0.4999999999999977796 ) ) ;
#926 = FACE_OUTER_BOUND ( 'NONE', #237, .T. ) ;
#927 = ADVANCED_FACE ( 'NONE', ( #705 ), #537, .F. ) ;
#928 = DIRECTION ( 'NONE',  ( 0.000000000000000000, 0.000000000000000000, 1.000000000000000000 ) ) ;
#929 = EDGE_LOOP ( 'NONE', ( #1486, #1663, #983, #662 ) ) ;
#930 = CARTESIAN_POINT ( 'NONE',  ( 16.99999999999999645, 0.000000000000000000, 53.00000000000000000 ) ) ;
#931 = CYLINDRICAL_SURFACE ( 'NONE', #1447, 4.400000000000001243 ) ;
#932 = CARTESIAN_POINT ( 'NONE',  ( 20.00000000000000355, 54.20413862312199882, 39.38161190359498676 ) ) ;
#933 = CARTESIAN_POINT ( 'NONE',  ( 0.000000000000000000, -9.000000000000074607, -17.68845726811985841 ) ) ;
#934 = CARTESIAN_POINT ( 'NONE',  ( 0.000000000000000000, 8.999999999999962697, -15.58845726811991561 ) ) ;
#935 = CARTESIAN_POINT ( 'NONE',  ( 20.00100000000000477, 54.20413862312143749, -34.98161190359578399 ) ) ;
#936 = CARTESIAN_POINT ( 'NONE',  ( 20.00000000000000000, 0.000000000000000000, 0.000000000000000000 ) ) ;
#937 = ADVANCED_FACE ( 'NONE', ( #393 ), #1804, .T. ) ;
#938 = ORIENTED_EDGE ( 'NONE', *, *, #572, .F. ) ;
#939 = CARTESIAN_POINT ( 'NONE',  ( 20.00000000000000355, 67.00000000000000000, 0.000000000000000000 ) ) ;
#940 = CARTESIAN_POINT ( 'NONE',  ( 6.000000000000000000, -9.000000000000074607, -17.68845726811985841 ) ) ;
#941 = CARTESIAN_POINT ( 'NONE',  ( 6.000000000000000000, -18.00000000000000000, 2.100000000000000533 ) ) ;
#942 = CIRCLE ( 'NONE', #1282, 53.00000000000000000 ) ;
#943 = DIRECTION ( 'NONE',  ( -1.000000000000000000, -0.000000000000000000, -0.000000000000000000 ) ) ;
#944 = AXIS2_PLACEMENT_3D ( 'NONE', #278, #1692, #756 ) ;
#945 = CIRCLE ( 'NONE', #1832, 1.000000000000000666 ) ;
#946 = CARTESIAN_POINT ( 'NONE',  ( 6.000000000000000000, -8.999999999999854339, 13.48845726811997636 ) ) ;
#947 = EDGE_CURVE ( 'NONE', #1183, #549, #1580, .T. ) ;
#948 = CARTESIAN_POINT ( 'NONE',  ( 10.00000000000000000, -54.20413862312170750, -39.38161190359539887 ) ) ;
#949 = CIRCLE ( 'NONE', #1054, 4.400000000000001243 ) ;
#950 = ORIENTED_EDGE ( 'NONE', *, *, #902, .T. ) ;
#951 = CARTESIAN_POINT ( 'NONE',  ( 0.000000000000000000, 2.939152317953647894E-15, -24.00000000000000000 ) ) ;
#952 = DIRECTION ( 'NONE',  ( 0.000000000000000000, 0.000000000000000000, -1.000000000000000000 ) ) ;
#953 = FACE_OUTER_BOUND ( 'NONE', #929, .T. ) ;
#954 = FACE_OUTER_BOUND ( 'NONE', #494, .T. ) ;
#955 = ORIENTED_EDGE ( 'NONE', *, *, #976, .T. ) ;
#956 = VERTEX_POINT ( 'NONE', #103 ) ;
#957 = CARTESIAN_POINT ( 'NONE',  ( 20.00100000000000477, 20.70413862312130249, -63.72078659177536508 ) ) ;
#958 = EDGE_CURVE ( 'NONE', #422, #1701, #1516, .T. ) ;
#959 = CARTESIAN_POINT ( 'NONE',  ( 0.000000000000000000, 9.942857142857146613, 21.84352516964088764 ) ) ;
#960 = VERTEX_POINT ( 'NONE', #331 ) ;
#961 = ORIENTED_EDGE ( 'NONE', *, *, #516, .T. ) ;
#962 = DIRECTION ( 'NONE',  ( 1.000000000000000000, 0.000000000000000000, 0.000000000000000000 ) ) ;
#963 = DIRECTION ( 'NONE',  ( -1.000000000000000000, 0.000000000000000000, 0.000000000000000000 ) ) ;
#964 = DIRECTION ( 'NONE',  ( -1.000000000000000000, -0.000000000000000000, -0.000000000000000000 ) ) ;
#965 = FACE_OUTER_BOUND ( 'NONE', #1351, .T. ) ;
#966 = CARTESIAN_POINT ( 'NONE',  ( 20.00100000000000477, 35.00000000000000000, 0.000000000000000000 ) ) ;
#967 = ADVANCED_FACE ( 'NONE', ( #953 ), #20, .F. ) ;
#968 = EDGE_LOOP ( 'NONE', ( #709, #1164, #1332, #1217 ) ) ;
#969 = CARTESIAN_POINT ( 'NONE',  ( 20.00000000000000355, 54.20413862312143749, -34.98161190359578399 ) ) ;
#970 = AXIS2_PLACEMENT_3D ( 'NONE', #1118, #963, #1873 ) ;
#971 = DIRECTION ( 'NONE',  ( -1.000000000000000000, -0.000000000000000000, -0.000000000000000000 ) ) ;
#972 = FACE_BOUND ( 'NONE', #827, .T. ) ;
#973 = VERTEX_POINT ( 'NONE', #441 ) ;
#974 = CYLINDRICAL_SURFACE ( 'NONE', #1008, 53.00000000000000000 ) ;
#975 = CYLINDRICAL_SURFACE ( 'NONE', #1533, 2.100000000000000977 ) ;
#976 = EDGE_CURVE ( 'NONE', #1616, #1838, #807, .T. ) ;
#977 = CYLINDRICAL_SURFACE ( 'NONE', #122, 4.400000000000000355 ) ;
#978 = CIRCLE ( 'NONE', #89, 5.499999999999996447 ) ;
#979 = EDGE_LOOP ( 'NONE', ( #917, #670 ) ) ;
#980 = AXIS2_PLACEMENT_3D ( 'NONE', #1088, #1555, #2002 ) ;
#981 = CARTESIAN_POINT ( 'NONE',  ( 6.000000000000000000, -9.000000000000074607, -15.58845726811985699 ) ) ;
#982 = PRODUCT_DEFINITION_FORMATION_WITH_SPECIFIED_SOURCE ( 'ANY', '', #134, .NOT_KNOWN. ) ;
#983 = ORIENTED_EDGE ( 'NONE', *, *, #1915, .T. ) ;
#984 = CYLINDRICAL_SURFACE ( 'NONE', #810, 4.400000000000000355 ) ;
#985 = FACE_BOUND ( 'NONE', #30, .T. ) ;
#986 = ORIENTED_EDGE ( 'NONE', *, *, #656, .F. ) ;
#987 = ORIENTED_EDGE ( 'NONE', *, *, #924, .F. ) ;
#988 = LINE ( 'NONE', #1142, #418 ) ;
#989 = DIRECTION ( 'NONE',  ( -1.000000000000000000, 0.000000000000000000, 0.000000000000000000 ) ) ;
#990 = ADVANCED_FACE ( 'NONE', ( #1717 ), #12, .F. ) ;
#991 = FACE_BOUND ( 'NONE', #1384, .T. ) ;
#992 = EDGE_CURVE ( 'NONE', #1973, #560, #647, .T. ) ;
#993 = VERTEX_POINT ( 'NONE', #1585 ) ;
#994 = VERTEX_POINT ( 'NONE', #1246 ) ;
#995 = SHAPE_DEFINITION_REPRESENTATION ( #285, #1328 ) ;
#996 = CARTESIAN_POINT ( 'NONE',  ( 0.000000000000000000, 38.93571428571428328, 8.646395379649515434 ) ) ;
#997 = DIRECTION ( 'NONE',  ( 0.000000000000000000, 0.000000000000000000, 1.000000000000000000 ) ) ;
#998 = VERTEX_POINT ( 'NONE', #761 ) ;
#999 = CARTESIAN_POINT ( 'NONE',  ( 16.90000000000000213, 0.000000000000000000, 0.000000000000000000 ) ) ;
#1000 = DIRECTION ( 'NONE',  ( -1.000000000000000000, -0.000000000000000000, -0.000000000000000000 ) ) ;
#1001 = VERTEX_POINT ( 'NONE', #1741 ) ;
#1002 = ORIENTED_EDGE ( 'NONE', *, *, #1837, .T. ) ;
#1003 = ADVANCED_FACE ( 'NONE', ( #1432 ), #297, .F. ) ;
#1004 = DIRECTION ( 'NONE',  ( 0.000000000000000000, 0.9101468820683699112, -0.4142857142857144792 ) ) ;
#1005 = CARTESIAN_POINT ( 'NONE',  ( 20.00000000000000355, -54.20413862312170750, -43.78161190359539745 ) ) ;
#1006 = ORIENTED_EDGE ( 'NONE', *, *, #726, .F. ) ;
#1007 = DIRECTION ( 'NONE',  ( 0.000000000000000000, 0.000000000000000000, 1.000000000000000000 ) ) ;
#1008 = AXIS2_PLACEMENT_3D ( 'NONE', #1584, #1872, #1762 ) ;
#1009 = ORIENTED_EDGE ( 'NONE', *, *, #1111, .F. ) ;
#1010 = EDGE_CURVE ( 'NONE', #1473, #208, #1155, .T. ) ;
#1011 = CIRCLE ( 'NONE', #1449, 4.400000000000000355 ) ;
#1012 = CARTESIAN_POINT ( 'NONE',  ( 10.00000000000000000, 38.93571428571428328, 8.646395379649517210 ) ) ;
#1013 = ORIENTED_EDGE ( 'NONE', *, *, #722, .T. ) ;
#1014 = ORIENTED_EDGE ( 'NONE', *, *, #1847, .F. ) ;
#1015 = DIRECTION ( 'NONE',  ( 0.000000000000000000, 0.000000000000000000, 1.000000000000000000 ) ) ;
#1016 = EDGE_LOOP ( 'NONE', ( #1938, #1530 ) ) ;
#1017 = CARTESIAN_POINT ( 'NONE',  ( 20.00100000000000477, -54.20413862312113196, 43.78161190359617905 ) ) ;
#1018 = AXIS2_PLACEMENT_3D ( 'NONE', #1561, #149, #1259 ) ;
#1019 = ORIENTED_EDGE ( 'NONE', *, *, #143, .F. ) ;
#1020 = EDGE_CURVE ( 'NONE', #811, #1798, #1745, .T. ) ;
#1021 = ORIENTED_EDGE ( 'NONE', *, *, #1027, .F. ) ;
#1022 = FACE_OUTER_BOUND ( 'NONE', #354, .T. ) ;
#1023 = ORIENTED_EDGE ( 'NONE', *, *, #1587, .T. ) ;
#1024 = DIRECTION ( 'NONE',  ( 0.000000000000000000, 0.000000000000000000, 1.000000000000000000 ) ) ;
#1025 = CARTESIAN_POINT ( 'NONE',  ( 17.00000000000000000, 35.00000000000000000, -1.000000000000000666 ) ) ;
#1026 = CARTESIAN_POINT ( 'NONE',  ( 10.00000000000000000, -20.70413862312176079, -63.72078659177521587 ) ) ;
#1027 = EDGE_CURVE ( 'NONE', #2001, #1348, #853, .T. ) ;
#1028 = ORIENTED_EDGE ( 'NONE', *, *, #1524, .T. ) ;
#1029 = CARTESIAN_POINT ( 'NONE',  ( 20.00100000000000477, 67.00000000000000000, 0.000000000000000000 ) ) ;
#1030 = DIRECTION ( 'NONE',  ( 0.000000000000000000, 0.000000000000000000, 1.000000000000000000 ) ) ;
#1031 = EDGE_LOOP ( 'NONE', ( #289, #1146 ) ) ;
#1032 = CARTESIAN_POINT ( 'NONE',  ( 20.00100000000000477, 20.70413862312220488, 63.72078659177505955 ) ) ;
#1033 = PLANE ( 'NONE',  #1309 ) ;
#1034 = CARTESIAN_POINT ( 'NONE',  ( 0.000000000000000000, 8.999999999999962697, -15.58845726811991561 ) ) ;
#1035 = AXIS2_PLACEMENT_3D ( 'NONE', #1886, #1899, #1751 ) ;
#1036 = EDGE_CURVE ( 'NONE', #549, #193, #1119, .T. ) ;
#1037 = LINE ( 'NONE', #1976, #1547 ) ;
#1038 = FACE_OUTER_BOUND ( 'NONE', #483, .T. ) ;
#1039 = EDGE_LOOP ( 'NONE', ( #1526, #456, #896, #86 ) ) ;
#1040 = CIRCLE ( 'NONE', #321, 75.00000000000000000 ) ;
#1041 = VERTEX_POINT ( 'NONE', #173 ) ;
#1042 = VECTOR ( 'NONE', #110, 1000.000000000000000 ) ;
#1043 = AXIS2_PLACEMENT_3D ( 'NONE', #26, #1274, #1428 ) ;
#1044 = DIRECTION ( 'NONE',  ( 0.000000000000000000, 0.000000000000000000, 1.000000000000000000 ) ) ;
#1045 = CIRCLE ( 'NONE', #842, 2.100000000000001865 ) ;
#1046 = ORIENTED_EDGE ( 'NONE', *, *, #1314, .T. ) ;
#1047 = AXIS2_PLACEMENT_3D ( 'NONE', #1456, #42, #484 ) ;
#1048 = FACE_BOUND ( 'NONE', #586, .T. ) ;
#1049 = CIRCLE ( 'NONE', #262, 4.400000000000001243 ) ;
#1050 = CARTESIAN_POINT ( 'NONE',  ( 0.000000000000000000, 9.942857142857146613, -21.84352516964088764 ) ) ;
#1051 = CARTESIAN_POINT ( 'NONE',  ( 10.00000000000000000, 54.20413862312199882, 39.38161190359498676 ) ) ;
#1052 = EDGE_CURVE ( 'NONE', #613, #1116, #1234, .T. ) ;
#1053 = CARTESIAN_POINT ( 'NONE',  ( 6.000000000000000000, 18.00000000000000000, 2.100000000000000533 ) ) ;
#1054 = AXIS2_PLACEMENT_3D ( 'NONE', #94, #1204, #380 ) ;
#1055 = EDGE_LOOP ( 'NONE', ( #1272, #661, #1208, #378 ) ) ;
#1056 = DIRECTION ( 'NONE',  ( -1.000000000000000000, 0.000000000000000000, -0.000000000000000000 ) ) ;
#1057 = ORIENTED_EDGE ( 'NONE', *, *, #562, .T. ) ;
#1058 = CARTESIAN_POINT ( 'NONE',  ( 0.000000000000000000, 38.93571428571428328, -8.646395379649517210 ) ) ;
#1059 = DIRECTION ( 'NONE',  ( -1.000000000000000000, -0.000000000000000000, -0.000000000000000000 ) ) ;
#1060 = VERTEX_POINT ( 'NONE', #933 ) ;
#1061 = CARTESIAN_POINT ( 'NONE',  ( 20.00100000000000477, -67.00000000000000000, 0.000000000000000000 ) ) ;
#1062 = DIRECTION ( 'NONE',  ( 0.000000000000000000, 0.000000000000000000, 1.000000000000000000 ) ) ;
#1063 = ORIENTED_EDGE ( 'NONE', *, *, #105, .F. ) ;
#1064 = CARTESIAN_POINT ( 'NONE',  ( 0.000000000000000000, 35.00000000000000000, 0.000000000000000000 ) ) ;
#1065 = EDGE_CURVE ( 'NONE', #1509, #564, #748, .T. ) ;
#1066 = CARTESIAN_POINT ( 'NONE',  ( 20.00000000000000000, 6.735557395310442615E-15, -55.00000000000000000 ) ) ;
#1067 = AXIS2_PLACEMENT_3D ( 'NONE', #1777, #989, #1344 ) ;
#1068 = ORIENTED_EDGE ( 'NONE', *, *, #1241, .F. ) ;
#1069 = ORIENTED_EDGE ( 'NONE', *, *, #1577, .T. ) ;
#1070 = CARTESIAN_POINT ( 'NONE',  ( 20.00000000000000355, 20.70413862312130249, -68.12078659177537077 ) ) ;
#1071 = EDGE_CURVE ( 'NONE', #1939, #15, #1095, .T. ) ;
#1072 = AXIS2_PLACEMENT_3D ( 'NONE', #899, #1556, #142 ) ;
#1073 = CARTESIAN_POINT ( 'NONE',  ( 10.00000000000000000, -54.20413862312113196, 43.78161190359617905 ) ) ;
#1074 = ORIENTED_EDGE ( 'NONE', *, *, #559, .F. ) ;
#1075 = VECTOR ( 'NONE', #1893, 1000.000000000000000 ) ;
#1076 = DIRECTION ( 'NONE',  ( 1.000000000000000000, 0.000000000000000000, 0.000000000000000000 ) ) ;
#1077 = AXIS2_PLACEMENT_3D ( 'NONE', #1426, #763, #2016 ) ;
#1078 = CLOSED_SHELL ( 'NONE', ( #967, #1978, #1003, #1235, #990, #366, #465, #119, #1565, #1662, #1709, #583, #1448, #632, #295, #857, #1693, #1097, #815, #156, #1306, #1338, #1506, #898, #747, #1735, #1943, #37, #221, #1813, #1358, #1786, #781, #426, #1390, #349, #1499, #281, #492, #2014, #937, #1635, #1168, #863, #1394, #1276, #1607, #704, #1684, #1788, #46, #788, #133, #1652, #603, #332, #215, #1935, #1905, #927, #660, #1255, #1193, #808, #1269 ) ) ;
#1079 = ORIENTED_EDGE ( 'NONE', *, *, #753, .T. ) ;
#1080 = ORIENTED_EDGE ( 'NONE', *, *, #259, .F. ) ;
#1081 = DIRECTION ( 'NONE',  ( 0.000000000000000000, 0.000000000000000000, 1.000000000000000000 ) ) ;
#1082 = CARTESIAN_POINT ( 'NONE',  ( 10.00000000000000000, 0.000000000000000000, 0.000000000000000000 ) ) ;
#1083 = VERTEX_POINT ( 'NONE', #1106 ) ;
#1084 = DIRECTION ( 'NONE',  ( 0.000000000000000000, 0.000000000000000000, 1.000000000000000000 ) ) ;
#1085 = DIRECTION ( 'NONE',  ( -1.000000000000000000, -0.000000000000000000, -0.000000000000000000 ) ) ;
#1086 = DIRECTION ( 'NONE',  ( 0.000000000000000000, 0.000000000000000000, 1.000000000000000000 ) ) ;
#1087 = ORIENTED_EDGE ( 'NONE', *, *, #1622, .F. ) ;
#1088 = CARTESIAN_POINT ( 'NONE',  ( 0.000000000000000000, 35.00000000000000000, 0.000000000000000000 ) ) ;
#1089 = EDGE_CURVE ( 'NONE', #1116, #1427, #126, .T. ) ;
#1090 = LINE ( 'NONE', #959, #1075 ) ;
#1091 = ORIENTED_EDGE ( 'NONE', *, *, #482, .T. ) ;
#1092 = DIRECTION ( 'NONE',  ( 0.000000000000000000, 0.000000000000000000, 1.000000000000000000 ) ) ;
#1093 = DIRECTION ( 'NONE',  ( 0.000000000000000000, -0.5877852522924804646, -0.8090169943749420112 ) ) ;
#1094 = LINE ( 'NONE', #473, #594 ) ;
#1095 = LINE ( 'NONE', #1900, #1416 ) ;
#1096 = CARTESIAN_POINT ( 'NONE',  ( 20.00000000000000000, 0.000000000000000000, 0.000000000000000000 ) ) ;
#1097 = ADVANCED_FACE ( 'NONE', ( #317 ), #2029, .F. ) ;
#1098 = CARTESIAN_POINT ( 'NONE',  ( 20.00100000000000477, 54.20413862312199882, 43.78161190359498534 ) ) ;
#1099 = CIRCLE ( 'NONE', #81, 2.100000000000000089 ) ;
#1100 = AXIS2_PLACEMENT_3D ( 'NONE', #762, #1398, #1596 ) ;
#1101 = CARTESIAN_POINT ( 'NONE',  ( 0.000000000000000000, 9.000000000000181188, 15.58845726811978949 ) ) ;
#1102 = VERTEX_POINT ( 'NONE', #941 ) ;
#1103 = CARTESIAN_POINT ( 'NONE',  ( 20.00100000000000477, -20.70413862312176079, -63.72078659177521587 ) ) ;
#1104 = AXIS2_PLACEMENT_3D ( 'NONE', #1103, #329, #1724 ) ;
#1105 = DIRECTION ( 'NONE',  ( -1.000000000000000000, -0.000000000000000000, -0.000000000000000000 ) ) ;
#1106 = CARTESIAN_POINT ( 'NONE',  ( 0.000000000000000000, 35.00000000000000000, 5.499999999999997335 ) ) ;
#1107 = AXIS2_PLACEMENT_3D ( 'NONE', #10, #179, #801 ) ;
#1108 = CIRCLE ( 'NONE', #1376, 4.400000000000000355 ) ;
#1109 = CIRCLE ( 'NONE', #448, 2.100000000000000533 ) ;
#1110 = EDGE_LOOP ( 'NONE', ( #1014, #1273, #1792, #1009 ) ) ;
#1111 = EDGE_CURVE ( 'NONE', #2001, #707, #1576, .T. ) ;
#1112 = VECTOR ( 'NONE', #1356, 1000.000000000000000 ) ;
#1113 = DIRECTION ( 'NONE',  ( 0.000000000000000000, 0.000000000000000000, 1.000000000000000000 ) ) ;
#1114 = DIRECTION ( 'NONE',  ( -1.000000000000000000, -0.000000000000000000, -0.000000000000000000 ) ) ;
#1115 = AXIS2_PLACEMENT_3D ( 'NONE', #1158, #486, #1397 ) ;
#1116 = VERTEX_POINT ( 'NONE', #1157 ) ;
#1117 = DIRECTION ( 'NONE',  ( 1.000000000000000000, 0.000000000000000000, 0.000000000000000000 ) ) ;
#1118 = CARTESIAN_POINT ( 'NONE',  ( 10.00000000000000000, 35.00000000000000000, 0.000000000000000000 ) ) ;
#1119 = LINE ( 'NONE', #138, #1654 ) ;
#1120 = EDGE_CURVE ( 'NONE', #1787, #77, #680, .T. ) ;
#1121 = LINE ( 'NONE', #1785, #601 ) ;
#1122 = CARTESIAN_POINT ( 'NONE',  ( 0.000000000000000000, 9.942857142857146613, -21.84352516964088764 ) ) ;
#1123 = EDGE_LOOP ( 'NONE', ( #651, #1807 ) ) ;
#1124 = VERTEX_POINT ( 'NONE', #1645 ) ;
#1125 = ORIENTED_EDGE ( 'NONE', *, *, #1287, .T. ) ;
#1126 = CARTESIAN_POINT ( 'NONE',  ( 20.00000000000000355, -20.70413862312176079, -59.32078659177521018 ) ) ;
#1127 = EDGE_CURVE ( 'NONE', #1001, #1278, #852, .T. ) ;
#1128 = CARTESIAN_POINT ( 'NONE',  ( 16.90000000000000213, 0.000000000000000000, 0.000000000000000000 ) ) ;
#1129 = FACE_BOUND ( 'NONE', #1950, .T. ) ;
#1130 = ORIENTED_EDGE ( 'NONE', *, *, #259, .T. ) ;
#1131 = CARTESIAN_POINT ( 'NONE',  ( 6.000000000000000000, -8.999999999999854339, 15.58845726811997778 ) ) ;
#1132 = DIRECTION ( 'NONE',  ( 0.000000000000000000, -0.9510565162951564178, -0.3090169943749387915 ) ) ;
#1133 = PLANE ( 'NONE',  #1901 ) ;
#1134 = DIRECTION ( 'NONE',  ( -1.000000000000000000, -0.000000000000000000, -0.000000000000000000 ) ) ;
#1135 = DIRECTION ( 'NONE',  ( 0.000000000000000000, 0.000000000000000000, 1.000000000000000000 ) ) ;
#1136 = CIRCLE ( 'NONE', #1852, 4.400000000000001243 ) ;
#1137 = CARTESIAN_POINT ( 'NONE',  ( 20.00000000000000355, -54.20413862312170750, -34.98161190359539319 ) ) ;
#1138 = DIRECTION ( 'NONE',  ( 0.000000000000000000, 0.000000000000000000, 1.000000000000000000 ) ) ;
#1139 = ORIENTED_EDGE ( 'NONE', *, *, #649, .F. ) ;
#1140 = EDGE_CURVE ( 'NONE', #564, #1509, #186, .T. ) ;
#1141 = CARTESIAN_POINT ( 'NONE',  ( 16.90000000000000213, 6.735557395310442615E-15, -55.00000000000000000 ) ) ;
#1142 = CARTESIAN_POINT ( 'NONE',  ( 20.00100000000000477, -20.70413862312176079, -68.12078659177521445 ) ) ;
#1143 = CARTESIAN_POINT ( 'NONE',  ( 0.000000000000000000, 0.000000000000000000, 0.000000000000000000 ) ) ;
#1144 = AXIS2_PLACEMENT_3D ( 'NONE', #939, #350, #628 ) ;
#1145 = AXIS2_PLACEMENT_3D ( 'NONE', #820, #1117, #1422 ) ;
#1146 = ORIENTED_EDGE ( 'NONE', *, *, #175, .F. ) ;
#1147 = AXIS2_PLACEMENT_3D ( 'NONE', #1402, #323, #636 ) ;
#1148 = DIRECTION ( 'NONE',  ( -1.000000000000000000, 0.000000000000000000, 0.000000000000000000 ) ) ;
#1149 = EDGE_CURVE ( 'NONE', #210, #107, #1099, .T. ) ;
#1150 = AXIS2_PLACEMENT_3D ( 'NONE', #1034, #1812, #1665 ) ;
#1151 = ORIENTED_EDGE ( 'NONE', *, *, #572, .T. ) ;
#1152 = CARTESIAN_POINT ( 'NONE',  ( 0.000000000000000000, 9.000000000000181188, 17.68845726811979091 ) ) ;
#1153 = ORIENTED_EDGE ( 'NONE', *, *, #1071, .T. ) ;
#1154 = VERTEX_POINT ( 'NONE', #1981 ) ;
#1155 = CIRCLE ( 'NONE', #1484, 12.00000000000000178 ) ;
#1156 = CARTESIAN_POINT ( 'NONE',  ( 6.000000000000000000, 8.999999999999962697, -15.58845726811991561 ) ) ;
#1157 = CARTESIAN_POINT ( 'NONE',  ( 16.90000000000000213, 0.000000000000000000, 55.00000000000000000 ) ) ;
#1158 = CARTESIAN_POINT ( 'NONE',  ( 20.00000000000000355, 67.00000000000000000, 0.000000000000000000 ) ) ;
#1159 = EDGE_CURVE ( 'NONE', #758, #653, #1136, .T. ) ;
#1160 = FACE_BOUND ( 'NONE', #1479, .T. ) ;
#1161 = ORIENTED_EDGE ( 'NONE', *, *, #127, .F. ) ;
#1162 = VERTEX_POINT ( 'NONE', #1389 ) ;
#1163 = DIRECTION ( 'NONE',  ( -1.000000000000000000, -0.000000000000000000, -0.000000000000000000 ) ) ;
#1164 = ORIENTED_EDGE ( 'NONE', *, *, #1841, .T. ) ;
#1165 = CARTESIAN_POINT ( 'NONE',  ( 20.00100000000000477, 67.00000000000000000, -4.400000000000000355 ) ) ;
#1166 = DIRECTION ( 'NONE',  ( 0.000000000000000000, 0.000000000000000000, 1.000000000000000000 ) ) ;
#1167 = DIRECTION ( 'NONE',  ( 1.000000000000000000, -0.000000000000000000, -0.000000000000000000 ) ) ;
#1168 = ADVANCED_FACE ( 'NONE', ( #912 ), #1033, .T. ) ;
#1169 = DIRECTION ( 'NONE',  ( -1.000000000000000000, 0.000000000000000000, 0.000000000000000000 ) ) ;
#1170 = CARTESIAN_POINT ( 'NONE',  ( 6.000000000000000000, 8.999999999999962697, -15.58845726811991561 ) ) ;
#1171 = CARTESIAN_POINT ( 'NONE',  ( 6.000000000000000000, 9.000000000000181188, 17.68845726811979091 ) ) ;
#1172 = ORIENTED_EDGE ( 'NONE', *, *, #1489, .F. ) ;
#1173 = ORIENTED_EDGE ( 'NONE', *, *, #854, .T. ) ;
#1174 = FACE_OUTER_BOUND ( 'NONE', #1551, .T. ) ;
#1175 = AXIS2_PLACEMENT_3D ( 'NONE', #1051, #174, #1433 ) ;
#1176 = ORIENTED_EDGE ( 'NONE', *, *, #1774, .F. ) ;
#1177 = CARTESIAN_POINT ( 'NONE',  ( 13.00000000000000178, 35.00000000000000000, 0.000000000000000000 ) ) ;
#1178 = CYLINDRICAL_SURFACE ( 'NONE', #627, 2.100000000000000977 ) ;
#1179 = CYLINDRICAL_SURFACE ( 'NONE', #571, 75.00000000000000000 ) ;
#1180 = DIRECTION ( 'NONE',  ( -1.000000000000000000, 0.000000000000000000, -0.000000000000000000 ) ) ;
#1181 = EDGE_CURVE ( 'NONE', #1588, #793, #730, .T. ) ;
#1182 = CIRCLE ( 'NONE', #288, 4.400000000000001243 ) ;
#1183 = VERTEX_POINT ( 'NONE', #1025 ) ;
#1184 = DIRECTION ( 'NONE',  ( 0.000000000000000000, 0.000000000000000000, 1.000000000000000000 ) ) ;
#1185 = AXIS2_PLACEMENT_3D ( 'NONE', #130, #1409, #453 ) ;
#1186 = CIRCLE ( 'NONE', #415, 4.400000000000000355 ) ;
#1187 = AXIS2_PLACEMENT_3D ( 'NONE', #248, #231, #1951 ) ;
#1188 = AXIS2_PLACEMENT_3D ( 'NONE', #509, #718, #997 ) ;
#1189 = EDGE_LOOP ( 'NONE', ( #309, #1583, #1831, #1063 ) ) ;
#1190 = ORIENTED_EDGE ( 'NONE', *, *, #7, .F. ) ;
#1191 = CARTESIAN_POINT ( 'NONE',  ( 0.000000000000000000, 2.939152317953647894E-15, -24.00000000000000000 ) ) ;
#1192 = CYLINDRICAL_SURFACE ( 'NONE', #664, 55.00000000000000000 ) ;
#1193 = ADVANCED_FACE ( 'NONE', ( #570 ), #1219, .F. ) ;
#1194 = CARTESIAN_POINT ( 'NONE',  ( 6.000000000000000000, -9.000000000000074607, -15.58845726811985699 ) ) ;
#1195 = LINE ( 'NONE', #244, #1611 ) ;
#1196 = AXIS2_PLACEMENT_3D ( 'NONE', #306, #1085, #1552 ) ;
#1197 = CARTESIAN_POINT ( 'NONE',  ( 6.000000000000000000, -18.00000000000000000, 0.000000000000000000 ) ) ;
#1198 = ORIENTED_EDGE ( 'NONE', *, *, #1403, .F. ) ;
#1199 = EDGE_CURVE ( 'NONE', #1490, #1805, #1237, .T. ) ;
#1200 = DIRECTION ( 'NONE',  ( -1.000000000000000000, -0.000000000000000000, -0.000000000000000000 ) ) ;
#1201 = VERTEX_POINT ( 'NONE', #1066 ) ;
#1202 = DIRECTION ( 'NONE',  ( 0.000000000000000000, 0.8660254037844361541, -0.5000000000000041078 ) ) ;
#1203 = CARTESIAN_POINT ( 'NONE',  ( 10.00000000000000000, 0.000000000000000000, 24.00000000000000000 ) ) ;
#1204 = DIRECTION ( 'NONE',  ( 1.000000000000000000, 0.000000000000000000, 0.000000000000000000 ) ) ;
#1205 = ORIENTED_EDGE ( 'NONE', *, *, #1463, .T. ) ;
#1206 = DIRECTION ( 'NONE',  ( -1.000000000000000000, -0.000000000000000000, -0.000000000000000000 ) ) ;
#1207 = EDGE_CURVE ( 'NONE', #70, #14, #318, .T. ) ;
#1208 = ORIENTED_EDGE ( 'NONE', *, *, #507, .F. ) ;
#1209 = FACE_BOUND ( 'NONE', #312, .T. ) ;
#1210 = DIRECTION ( 'NONE',  ( -1.000000000000000000, -0.000000000000000000, -0.000000000000000000 ) ) ;
#1211 = AXIS2_PLACEMENT_3D ( 'NONE', #522, #1000, #1639 ) ;
#1212 = EDGE_LOOP ( 'NONE', ( #368, #1755 ) ) ;
#1213 = AXIS2_PLACEMENT_3D ( 'NONE', #1541, #1823, #1044 ) ;
#1214 = CIRCLE ( 'NONE', #1609, 2.100000000000000977 ) ;
#1215 = CYLINDRICAL_SURFACE ( 'NONE', #600, 4.400000000000001243 ) ;
#1216 = CIRCLE ( 'NONE', #674, 4.400000000000001243 ) ;
#1217 = ORIENTED_EDGE ( 'NONE', *, *, #773, .T. ) ;
#1218 = CARTESIAN_POINT ( 'NONE',  ( 0.000000000000000000, 18.00000000000000000, -2.100000000000000533 ) ) ;
#1219 = CYLINDRICAL_SURFACE ( 'NONE', #505, 5.499999999999997335 ) ;
#1220 = ORIENTED_EDGE ( 'NONE', *, *, #2, .T. ) ;
#1221 = DIRECTION ( 'NONE',  ( 1.000000000000000000, 0.000000000000000000, 0.000000000000000000 ) ) ;
#1222 = EDGE_CURVE ( 'NONE', #457, #1490, #1728, .T. ) ;
#1223 = FACE_BOUND ( 'NONE', #768, .T. ) ;
#1224 = ORIENTED_EDGE ( 'NONE', *, *, #1036, .T. ) ;
#1225 = DIRECTION ( 'NONE',  ( 0.000000000000000000, 0.000000000000000000, 1.000000000000000000 ) ) ;
#1226 = DIRECTION ( 'NONE',  ( 0.000000000000000000, 0.8660254037844363761, -0.5000000000000039968 ) ) ;
#1227 = FACE_OUTER_BOUND ( 'NONE', #1845, .T. ) ;
#1228 = EDGE_CURVE ( 'NONE', #1548, #1254, #1399, .T. ) ;
#1229 = ORIENTED_EDGE ( 'NONE', *, *, #1325, .F. ) ;
#1230 = DIRECTION ( 'NONE',  ( -1.000000000000000000, -0.000000000000000000, -0.000000000000000000 ) ) ;
#1231 = LINE ( 'NONE', #920, #739 ) ;
#1232 = ORIENTED_EDGE ( 'NONE', *, *, #1969, .F. ) ;
#1233 = CYLINDRICAL_SURFACE ( 'NONE', #325, 24.00000000000000000 ) ;
#1234 = LINE ( 'NONE', #474, #489 ) ;
#1235 = ADVANCED_FACE ( 'NONE', ( #200 ), #822, .F. ) ;
#1236 = DIRECTION ( 'NONE',  ( 0.000000000000000000, 0.000000000000000000, 1.000000000000000000 ) ) ;
#1237 = CIRCLE ( 'NONE', #536, 4.400000000000000355 ) ;
#1238 = ORIENTED_EDGE ( 'NONE', *, *, #1847, .T. ) ;
#1239 = VERTEX_POINT ( 'NONE', #1913 ) ;
#1240 = DIRECTION ( 'NONE',  ( -1.000000000000000000, 0.000000000000000000, -0.000000000000000000 ) ) ;
#1241 = EDGE_CURVE ( 'NONE', #1939, #597, #702, .T. ) ;
#1242 = FACE_BOUND ( 'NONE', #1357, .T. ) ;
#1243 = ORIENTED_EDGE ( 'NONE', *, *, #1453, .F. ) ;
#1244 = DIRECTION ( 'NONE',  ( 1.000000000000000000, 0.000000000000000000, 0.000000000000000000 ) ) ;
#1245 = AXIS2_PLACEMENT_3D ( 'NONE', #936, #641, #469 ) ;
#1246 = CARTESIAN_POINT ( 'NONE',  ( 20.00000000000000355, -20.70413862312176079, -68.12078659177521445 ) ) ;
#1247 = EDGE_CURVE ( 'NONE', #1154, #2004, #475, .T. ) ;
#1248 = CIRCLE ( 'NONE', #1320, 2.100000000000001421 ) ;
#1249 = AXIS2_PLACEMENT_3D ( 'NONE', #1268, #1076, #630 ) ;
#1250 = CARTESIAN_POINT ( 'NONE',  ( 6.000000000000000000, -8.999999999999854339, 15.58845726811997778 ) ) ;
#1251 =( LENGTH_UNIT ( ) NAMED_UNIT ( * ) SI_UNIT ( .MILLI., .METRE. ) );
#1252 = LINE ( 'NONE', #204, #1964 ) ;
#1253 = ORIENTED_EDGE ( 'NONE', *, *, #1644, .T. ) ;
#1254 = VERTEX_POINT ( 'NONE', #13 ) ;
#1255 = ADVANCED_FACE ( 'NONE', ( #611 ), #1876, .F. ) ;
#1256 = FACE_OUTER_BOUND ( 'NONE', #1856, .T. ) ;
#1257 = LINE ( 'NONE', #454, #319 ) ;
#1258 = CYLINDRICAL_SURFACE ( 'NONE', #1035, 60.40000000000000568 ) ;
#1259 = DIRECTION ( 'NONE',  ( 0.000000000000000000, 0.000000000000000000, 1.000000000000000000 ) ) ;
#1260 = ORIENTED_EDGE ( 'NONE', *, *, #1765, .T. ) ;
#1261 = DIRECTION ( 'NONE',  ( 0.000000000000000000, 0.000000000000000000, -1.000000000000000000 ) ) ;
#1262 = DIRECTION ( 'NONE',  ( 1.000000000000000000, -0.000000000000000000, -0.000000000000000000 ) ) ;
#1263 = VERTEX_POINT ( 'NONE', #620 ) ;
#1264 = DIRECTION ( 'NONE',  ( 0.000000000000000000, 0.000000000000000000, 1.000000000000000000 ) ) ;
#1265 = DIRECTION ( 'NONE',  ( 0.000000000000000000, 0.000000000000000000, 1.000000000000000000 ) ) ;
#1266 = SURFACE_STYLE_FILL_AREA ( #1750 ) ;
#1267 = CARTESIAN_POINT ( 'NONE',  ( 0.000000000000000000, -18.00000000000000000, 0.000000000000000000 ) ) ;
#1268 = CARTESIAN_POINT ( 'NONE',  ( 20.00000000000000355, 54.20413862312199882, 39.38161190359498676 ) ) ;
#1269 = ADVANCED_FACE ( 'NONE', ( #1764 ), #342, .F. ) ;
#1270 = FACE_OUTER_BOUND ( 'NONE', #1928, .T. ) ;
#1271 = CARTESIAN_POINT ( 'NONE',  ( 6.000000000000000000, 9.000000000000181188, 13.48845726811978984 ) ) ;
#1272 = ORIENTED_EDGE ( 'NONE', *, *, #499, .F. ) ;
#1273 = ORIENTED_EDGE ( 'NONE', *, *, #1860, .T. ) ;
#1274 = DIRECTION ( 'NONE',  ( -1.000000000000000000, 0.000000000000000000, 0.000000000000000000 ) ) ;
#1275 = AXIS2_PLACEMENT_3D ( 'NONE', #1562, #658, #307 ) ;
#1276 = ADVANCED_FACE ( 'NONE', ( #1631 ), #1178, .F. ) ;
#1277 = DIRECTION ( 'NONE',  ( -1.000000000000000000, 0.000000000000000000, 0.000000000000000000 ) ) ;
#1278 = VERTEX_POINT ( 'NONE', #1505 ) ;
#1279 = AXIS2_PLACEMENT_3D ( 'NONE', #835, #56, #673 ) ;
#1280 = LINE ( 'NONE', #463, #1502 ) ;
#1281 = DIRECTION ( 'NONE',  ( -1.000000000000000000, -0.000000000000000000, -0.000000000000000000 ) ) ;
#1282 = AXIS2_PLACEMENT_3D ( 'NONE', #552, #1494, #697 ) ;
#1283 = CARTESIAN_POINT ( 'NONE',  ( 10.00000000000000000, 9.184850993605148733E-15, -75.00000000000000000 ) ) ;
#1284 = CIRCLE ( 'NONE', #1408, 4.400000000000000355 ) ;
#1285 = CIRCLE ( 'NONE', #198, 4.400000000000001243 ) ;
#1286 = ORIENTED_EDGE ( 'NONE', *, *, #1140, .F. ) ;
#1287 = EDGE_CURVE ( 'NONE', #1239, #151, #1440, .T. ) ;
#1288 = EDGE_LOOP ( 'NONE', ( #171, #1373, #466, #961 ) ) ;
#1289 = VERTEX_POINT ( 'NONE', #851 ) ;
#1290 = CARTESIAN_POINT ( 'NONE',  ( 10.00000000000000000, 67.00000000000000000, -4.400000000000000355 ) ) ;
#1291 = CARTESIAN_POINT ( 'NONE',  ( 6.000000000000000000, 8.999999999999962697, -17.68845726811991526 ) ) ;
#1292 = DIRECTION ( 'NONE',  ( 0.000000000000000000, 0.000000000000000000, 1.000000000000000000 ) ) ;
#1293 = AXIS2_PLACEMENT_3D ( 'NONE', #245, #1814, #400 ) ;
#1294 = VERTEX_POINT ( 'NONE', #1658 ) ;
#1295 = CARTESIAN_POINT ( 'NONE',  ( 10.00000000000000000, 67.00000000000000000, 0.000000000000000000 ) ) ;
#1296 = CARTESIAN_POINT ( 'NONE',  ( 6.000000000000000000, 18.00000000000000000, -2.100000000000000533 ) ) ;
#1297 = ORIENTED_EDGE ( 'NONE', *, *, #1222, .F. ) ;
#1298 = DIRECTION ( 'NONE',  ( 0.000000000000000000, 0.000000000000000000, 1.000000000000000000 ) ) ;
#1299 = EDGE_CURVE ( 'NONE', #521, #1809, #313, .T. ) ;
#1300 = DIRECTION ( 'NONE',  ( -1.000000000000000000, -0.000000000000000000, -0.000000000000000000 ) ) ;
#1301 = ORIENTED_EDGE ( 'NONE', *, *, #1482, .F. ) ;
#1302 = EDGE_LOOP ( 'NONE', ( #828, #694, #18, #1640 ) ) ;
#1303 = CARTESIAN_POINT ( 'NONE',  ( 10.00000000000000000, -20.70413862312176079, -68.12078659177521445 ) ) ;
#1304 = DIRECTION ( 'NONE',  ( -1.000000000000000000, 0.000000000000000000, -0.000000000000000000 ) ) ;
#1305 = CARTESIAN_POINT ( 'NONE',  ( 20.00100000000000477, 20.70413862312220488, 63.72078659177505955 ) ) ;
#1306 = ADVANCED_FACE ( 'NONE', ( #371 ), #1192, .T. ) ;
#1307 = EDGE_LOOP ( 'NONE', ( #1604, #1238 ) ) ;
#1308 = DIRECTION ( 'NONE',  ( -1.000000000000000000, -0.000000000000000000, -0.000000000000000000 ) ) ;
#1309 = AXIS2_PLACEMENT_3D ( 'NONE', #1194, #1525, #1226 ) ;
#1310 = LINE ( 'NONE', #1491, #286 ) ;
#1311 = ORIENTED_EDGE ( 'NONE', *, *, #1827, .T. ) ;
#1312 = DIRECTION ( 'NONE',  ( 1.000000000000000000, 0.000000000000000000, 0.000000000000000000 ) ) ;
#1313 = DIRECTION ( 'NONE',  ( 0.000000000000000000, 0.000000000000000000, 1.000000000000000000 ) ) ;
#1314 = EDGE_CURVE ( 'NONE', #707, #1060, #1822, .T. ) ;
#1315 = AXIS2_PLACEMENT_3D ( 'NONE', #895, #1690, #433 ) ;
#1316 = AXIS2_PLACEMENT_3D ( 'NONE', #957, #1731, #1298 ) ;
#1317 = DIRECTION ( 'NONE',  ( 0.000000000000000000, -0.9510565162951502005, 0.3090169943749576653 ) ) ;
#1318 = AXIS2_PLACEMENT_3D ( 'NONE', #830, #506, #1465 ) ;
#1319 = CIRCLE ( 'NONE', #744, 4.400000000000001243 ) ;
#1320 = AXIS2_PLACEMENT_3D ( 'NONE', #645, #497, #657 ) ;
#1321 = FACE_OUTER_BOUND ( 'NONE', #1323, .T. ) ;
#1322 = ORIENTED_EDGE ( 'NONE', *, *, #1065, .F. ) ;
#1323 = EDGE_LOOP ( 'NONE', ( #131, #1460, #1013, #57 ) ) ;
#1324 = DIRECTION ( 'NONE',  ( 0.000000000000000000, 0.000000000000000000, 1.000000000000000000 ) ) ;
#1325 = EDGE_CURVE ( 'NONE', #626, #41, #1280, .T. ) ;
#1326 = DIRECTION ( 'NONE',  ( -1.000000000000000000, -0.000000000000000000, -0.000000000000000000 ) ) ;
#1327 = DIRECTION ( 'NONE',  ( 0.000000000000000000, 0.9510565162951524210, -0.3090169943749513370 ) ) ;
#1328 = ADVANCED_BREP_SHAPE_REPRESENTATION ( 'L1_1104_Injector Cap', ( #205, #1862 ), #715 ) ;
#1329 = ORIENTED_EDGE ( 'NONE', *, *, #676, .T. ) ;
#1330 = CARTESIAN_POINT ( 'NONE',  ( 0.000000000000000000, 0.000000000000000000, 60.40000000000000568 ) ) ;
#1331 = ORIENTED_EDGE ( 'NONE', *, *, #1554, .T. ) ;
#1332 = ORIENTED_EDGE ( 'NONE', *, *, #1181, .T. ) ;
#1333 = EDGE_LOOP ( 'NONE', ( #1068, #576 ) ) ;
#1334 = CARTESIAN_POINT ( 'NONE',  ( 10.00000000000000000, 54.20413862312199882, 34.98161190359498818 ) ) ;
#1335 = EDGE_CURVE ( 'NONE', #1548, #956, #1094, .T. ) ;
#1336 = DIRECTION ( 'NONE',  ( -1.000000000000000000, 0.000000000000000000, 0.000000000000000000 ) ) ;
#1337 = DIRECTION ( 'NONE',  ( -1.000000000000000000, -0.000000000000000000, -0.000000000000000000 ) ) ;
#1338 = ADVANCED_FACE ( 'NONE', ( #19 ), #1258, .F. ) ;
#1339 = CARTESIAN_POINT ( 'NONE',  ( 0.000000000000000000, -18.00000000000000000, 0.000000000000000000 ) ) ;
#1340 = ORIENTED_EDGE ( 'NONE', *, *, #206, .F. ) ;
#1341 = FACE_OUTER_BOUND ( 'NONE', #1936, .T. ) ;
#1342 = EDGE_LOOP ( 'NONE', ( #1435, #1800, #1359, #1772 ) ) ;
#1343 = DIRECTION ( 'NONE',  ( 0.000000000000000000, 0.000000000000000000, 1.000000000000000000 ) ) ;
#1344 = DIRECTION ( 'NONE',  ( 0.000000000000000000, -0.5877852522924631451, 0.8090169943749546677 ) ) ;
#1345 = VECTOR ( 'NONE', #1004, 1000.000000000000227 ) ;
#1346 = EDGE_CURVE ( 'NONE', #994, #789, #1601, .T. ) ;
#1347 = AXIS2_PLACEMENT_3D ( 'NONE', #1029, #1337, #1184 ) ;
#1348 = VERTEX_POINT ( 'NONE', #940 ) ;
#1349 = DIRECTION ( 'NONE',  ( 1.000000000000000000, 0.000000000000000000, 0.000000000000000000 ) ) ;
#1350 = AXIS2_PLACEMENT_3D ( 'NONE', #1400, #832, #279 ) ;
#1351 = EDGE_LOOP ( 'NONE', ( #1455, #1923, #585, #476 ) ) ;
#1352 = EDGE_LOOP ( 'NONE', ( #1301, #36, #818, #525 ) ) ;
#1353 = FACE_OUTER_BOUND ( 'NONE', #968, .T. ) ;
#1354 = CARTESIAN_POINT ( 'NONE',  ( 20.00100000000000477, 67.00000000000000000, 4.400000000000000355 ) ) ;
#1355 = DIRECTION ( 'NONE',  ( 0.000000000000000000, 0.000000000000000000, 1.000000000000000000 ) ) ;
#1356 = DIRECTION ( 'NONE',  ( -1.000000000000000000, -0.000000000000000000, -0.000000000000000000 ) ) ;
#1357 = EDGE_LOOP ( 'NONE', ( #1979, #1896 ) ) ;
#1358 = ADVANCED_FACE ( 'NONE', ( #2028 ), #795, .F. ) ;
#1359 = ORIENTED_EDGE ( 'NONE', *, *, #1954, .T. ) ;
#1360 = CARTESIAN_POINT ( 'NONE',  ( 20.00000000000000355, 75.00000000000000000, 0.000000000000000000 ) ) ;
#1361 = CARTESIAN_POINT ( 'NONE',  ( 20.00100000000000477, 20.70413862312130249, -68.12078659177537077 ) ) ;
#1362 = CARTESIAN_POINT ( 'NONE',  ( 13.00000000000000178, 35.00000000000000000, 0.000000000000000000 ) ) ;
#1363 = EDGE_CURVE ( 'NONE', #720, #1124, #145, .T. ) ;
#1364 = CARTESIAN_POINT ( 'NONE',  ( 0.000000000000000000, 0.000000000000000000, 0.000000000000000000 ) ) ;
#1365 = EDGE_LOOP ( 'NONE', ( #410, #1057, #1153, #129 ) ) ;
#1366 = CARTESIAN_POINT ( 'NONE',  ( 20.00000000000000355, 67.00000000000000000, 4.400000000000000355 ) ) ;
#1367 = ORIENTED_EDGE ( 'NONE', *, *, #61, .T. ) ;
#1368 = PLANE ( 'NONE',  #1932 ) ;
#1369 = CARTESIAN_POINT ( 'NONE',  ( 20.00100000000000477, 20.70413862312220488, 68.12078659177505813 ) ) ;
#1370 = DIRECTION ( 'NONE',  ( -0.000000000000000000, -0.9101468820683699112, -0.4142857142857144792 ) ) ;
#1371 = AXIS2_PLACEMENT_3D ( 'NONE', #1122, #1754, #166 ) ;
#1372 = EDGE_CURVE ( 'NONE', #77, #508, #1850, .T. ) ;
#1373 = ORIENTED_EDGE ( 'NONE', *, *, #1346, .T. ) ;
#1374 = DIRECTION ( 'NONE',  ( 0.000000000000000000, 0.000000000000000000, 1.000000000000000000 ) ) ;
#1375 = AXIS2_PLACEMENT_3D ( 'NONE', #891, #1056, #2023 ) ;
#1376 = AXIS2_PLACEMENT_3D ( 'NONE', #102, #1498, #548 ) ;
#1377 = AXIS2_PLACEMENT_3D ( 'NONE', #1128, #1916, #1759 ) ;
#1378 = LINE ( 'NONE', #106, #1990 ) ;
#1379 = CIRCLE ( 'NONE', #1649, 75.00000000000000000 ) ;
#1380 = VERTEX_POINT ( 'NONE', #786 ) ;
#1381 = CARTESIAN_POINT ( 'NONE',  ( 20.00000000000000000, 0.000000000000000000, 0.000000000000000000 ) ) ;
#1382 = CARTESIAN_POINT ( 'NONE',  ( 6.000000000000000000, 8.999999999999962697, -15.58845726811991561 ) ) ;
#1383 = EDGE_CURVE ( 'NONE', #1437, #837, #51, .T. ) ;
#1384 = EDGE_LOOP ( 'NONE', ( #277, #120 ) ) ;
#1385 = CARTESIAN_POINT ( 'NONE',  ( 13.00000000000000178, 35.00000000000000000, 5.499999999999996447 ) ) ;
#1386 = FACE_OUTER_BOUND ( 'NONE', #1962, .T. ) ;
#1387 = ORIENTED_EDGE ( 'NONE', *, *, #682, .F. ) ;
#1388 = CARTESIAN_POINT ( 'NONE',  ( 0.000000000000000000, 0.000000000000000000, 0.000000000000000000 ) ) ;
#1389 = CARTESIAN_POINT ( 'NONE',  ( 10.00000000000000000, 20.70413862312220488, 59.32078659177506097 ) ) ;
#1390 = ADVANCED_FACE ( 'NONE', ( #339 ), #1594, .F. ) ;
#1391 = ORIENTED_EDGE ( 'NONE', *, *, #1678, .T. ) ;
#1392 = CARTESIAN_POINT ( 'NONE',  ( 6.000000000000000000, 9.000000000000181188, 15.58845726811978949 ) ) ;
#1393 = FACE_OUTER_BOUND ( 'NONE', #558, .T. ) ;
#1394 = ADVANCED_FACE ( 'NONE', ( #11 ), #806, .T. ) ;
#1395 = ORIENTED_EDGE ( 'NONE', *, *, #1228, .F. ) ;
#1396 = DIRECTION ( 'NONE',  ( 0.000000000000000000, 0.000000000000000000, -1.000000000000000000 ) ) ;
#1397 = DIRECTION ( 'NONE',  ( 0.000000000000000000, 0.000000000000000000, 1.000000000000000000 ) ) ;
#1398 = DIRECTION ( 'NONE',  ( -1.000000000000000000, 0.000000000000000000, 0.000000000000000000 ) ) ;
#1399 = CIRCLE ( 'NONE', #114, 75.00000000000000000 ) ;
#1400 = CARTESIAN_POINT ( 'NONE',  ( 6.000000000000000000, 9.000000000000181188, 15.58845726811978949 ) ) ;
#1401 = ORIENTED_EDGE ( 'NONE', *, *, #682, .T. ) ;
#1402 = CARTESIAN_POINT ( 'NONE',  ( 0.000000000000000000, 0.000000000000000000, 0.000000000000000000 ) ) ;
#1403 = EDGE_CURVE ( 'NONE', #560, #1973, #1469, .T. ) ;
#1404 = CIRCLE ( 'NONE', #1535, 4.400000000000000355 ) ;
#1405 = AXIS2_PLACEMENT_3D ( 'NONE', #1945, #236, #1015 ) ;
#1406 = FACE_OUTER_BOUND ( 'NONE', #1342, .T. ) ;
#1407 = EDGE_LOOP ( 'NONE', ( #621, #1591 ) ) ;
#1408 = AXIS2_PLACEMENT_3D ( 'NONE', #825, #1869, #459 ) ;
#1409 = DIRECTION ( 'NONE',  ( -1.000000000000000000, -0.000000000000000000, -0.000000000000000000 ) ) ;
#1410 = FACE_OUTER_BOUND ( 'NONE', #242, .T. ) ;
#1411 = DIRECTION ( 'NONE',  ( 0.000000000000000000, 0.000000000000000000, 1.000000000000000000 ) ) ;
#1412 = VECTOR ( 'NONE', #701, 1000.000000000000000 ) ;
#1413 = CARTESIAN_POINT ( 'NONE',  ( 0.000000000000000000, 0.000000000000000000, 53.00000000000000000 ) ) ;
#1414 = ORIENTED_EDGE ( 'NONE', *, *, #1593, .T. ) ;
#1415 = VERTEX_POINT ( 'NONE', #1005 ) ;
#1416 = VECTOR ( 'NONE', #772, 1000.000000000000000 ) ;
#1417 = CYLINDRICAL_SURFACE ( 'NONE', #31, 9.499999999999998224 ) ;
#1418 = EDGE_CURVE ( 'NONE', #1805, #1490, #838, .T. ) ;
#1419 = DIRECTION ( 'NONE',  ( -1.000000000000000000, 0.000000000000000000, -0.000000000000000000 ) ) ;
#1420 = VERTEX_POINT ( 'NONE', #1930 ) ;
#1421 = CARTESIAN_POINT ( 'NONE',  ( 17.00000000000000000, 0.000000000000000000, 0.000000000000000000 ) ) ;
#1422 = DIRECTION ( 'NONE',  ( 0.000000000000000000, 0.000000000000000000, 1.000000000000000000 ) ) ;
#1423 = DIRECTION ( 'NONE',  ( 0.000000000000000000, 0.000000000000000000, 1.000000000000000000 ) ) ;
#1424 = DIRECTION ( 'NONE',  ( -1.000000000000000000, -0.000000000000000000, -0.000000000000000000 ) ) ;
#1425 = CARTESIAN_POINT ( 'NONE',  ( 10.00000000000000000, -20.70413862312086906, 59.32078659177548730 ) ) ;
#1426 = CARTESIAN_POINT ( 'NONE',  ( 0.000000000000000000, 18.00000000000000000, 0.000000000000000000 ) ) ;
#1427 = VERTEX_POINT ( 'NONE', #1141 ) ;
#1428 = DIRECTION ( 'NONE',  ( 0.000000000000000000, 0.000000000000000000, 1.000000000000000000 ) ) ;
#1429 = CARTESIAN_POINT ( 'NONE',  ( 6.000000000000000000, 9.000000000000181188, 15.58845726811978949 ) ) ;
#1430 = ORIENTED_EDGE ( 'NONE', *, *, #887, .T. ) ;
#1431 = DIRECTION ( 'NONE',  ( -1.000000000000000000, -0.000000000000000000, -0.000000000000000000 ) ) ;
#1432 = FACE_OUTER_BOUND ( 'NONE', #1619, .T. ) ;
#1433 = DIRECTION ( 'NONE',  ( 0.000000000000000000, -0.5877852522924631451, 0.8090169943749546677 ) ) ;
#1434 = FACE_BOUND ( 'NONE', #328, .T. ) ;
#1435 = ORIENTED_EDGE ( 'NONE', *, *, #1806, .T. ) ;
#1436 = EDGE_LOOP ( 'NONE', ( #348, #1816, #1080, #367 ) ) ;
#1437 = VERTEX_POINT ( 'NONE', #1620 ) ;
#1438 = CARTESIAN_POINT ( 'NONE',  ( 6.000000000000000000, 18.00000000000000000, -2.100000000000000533 ) ) ;
#1439 = EDGE_CURVE ( 'NONE', #1616, #798, #1637, .T. ) ;
#1440 = CIRCLE ( 'NONE', #804, 24.00000000000000000 ) ;
#1441 = CARTESIAN_POINT ( 'NONE',  ( 13.00000000000000178, 35.00000000000000000, -5.499999999999996447 ) ) ;
#1442 = ORIENTED_EDGE ( 'NONE', *, *, #516, .F. ) ;
#1443 = VECTOR ( 'NONE', #65, 1000.000000000000000 ) ;
#1444 = CARTESIAN_POINT ( 'NONE',  ( 0.000000000000000000, 0.000000000000000000, 0.000000000000000000 ) ) ;
#1445 = PRODUCT_DEFINITION ( 'UNKNOWN', '', #982, #760 ) ;
#1446 = CARTESIAN_POINT ( 'NONE',  ( 0.000000000000000000, 12.00000000000000000, 0.000000000000000000 ) ) ;
#1447 = AXIS2_PLACEMENT_3D ( 'NONE', #162, #9, #1265 ) ;
#1448 = ADVANCED_FACE ( 'NONE', ( #351 ), #975, .F. ) ;
#1449 = AXIS2_PLACEMENT_3D ( 'NONE', #1567, #1857, #1261 ) ;
#1450 = EDGE_LOOP ( 'NONE', ( #1401, #848, #1483, #225 ) ) ;
#1451 = CARTESIAN_POINT ( 'NONE',  ( 10.00000000000000000, 20.70413862312220488, 68.12078659177505813 ) ) ;
#1452 = DIRECTION ( 'NONE',  ( -1.000000000000000000, 0.000000000000000000, 0.000000000000000000 ) ) ;
#1453 = EDGE_CURVE ( 'NONE', #1809, #521, #903, .T. ) ;
#1454 = ORIENTED_EDGE ( 'NONE', *, *, #96, .F. ) ;
#1455 = ORIENTED_EDGE ( 'NONE', *, *, #1149, .F. ) ;
#1456 = CARTESIAN_POINT ( 'NONE',  ( 20.00100000000000477, -54.20413862312170750, -39.38161190359539887 ) ) ;
#1457 = FACE_BOUND ( 'NONE', #1695, .T. ) ;
#1458 = DIRECTION ( 'NONE',  ( 1.000000000000000000, 0.000000000000000000, 0.000000000000000000 ) ) ;
#1459 = CARTESIAN_POINT ( 'NONE',  ( 10.00000000000000000, 20.70413862312130249, -63.72078659177536508 ) ) ;
#1460 = ORIENTED_EDGE ( 'NONE', *, *, #691, .T. ) ;
#1461 = EDGE_LOOP ( 'NONE', ( #1815, #532 ) ) ;
#1462 = VERTEX_POINT ( 'NONE', #1743 ) ;
#1463 = EDGE_CURVE ( 'NONE', #1162, #793, #280, .T. ) ;
#1464 = DIRECTION ( 'NONE',  ( -1.000000000000000000, 0.000000000000000000, 0.000000000000000000 ) ) ;
#1465 = DIRECTION ( 'NONE',  ( 0.000000000000000000, -0.8660254037844323793, 0.5000000000000105471 ) ) ;
#1466 = DIRECTION ( 'NONE',  ( -1.000000000000000000, -0.000000000000000000, -0.000000000000000000 ) ) ;
#1467 = DIRECTION ( 'NONE',  ( 0.000000000000000000, 0.000000000000000000, 1.000000000000000000 ) ) ;
#1468 = ORIENTED_EDGE ( 'NONE', *, *, #404, .T. ) ;
#1469 = CIRCLE ( 'NONE', #563, 4.400000000000001243 ) ;
#1470 = EDGE_CURVE ( 'NONE', #1380, #635, #1895, .T. ) ;
#1471 = CARTESIAN_POINT ( 'NONE',  ( 10.00000000000000000, 20.70413862312130249, -59.32078659177536650 ) ) ;
#1472 = ORIENTED_EDGE ( 'NONE', *, *, #239, .T. ) ;
#1473 = VERTEX_POINT ( 'NONE', #1875 ) ;
#1474 = DIRECTION ( 'NONE',  ( -1.000000000000000000, -0.000000000000000000, 0.000000000000000000 ) ) ;
#1475 = CARTESIAN_POINT ( 'NONE',  ( 0.000000000000000000, 0.000000000000000000, 12.00000000000000000 ) ) ;
#1476 = AXIS2_PLACEMENT_3D ( 'NONE', #85, #678, #76 ) ;
#1477 = AXIS2_PLACEMENT_3D ( 'NONE', #1720, #1221, #1374 ) ;
#1478 = AXIS2_PLACEMENT_3D ( 'NONE', #1177, #1817, #1801 ) ;
#1479 = EDGE_LOOP ( 'NONE', ( #687, #1699 ) ) ;
#1480 = CARTESIAN_POINT ( 'NONE',  ( 6.000000000000000000, 8.999999999999962697, -13.48845726811991419 ) ) ;
#1481 = EDGE_LOOP ( 'NONE', ( #253, #419, #1091, #1468 ) ) ;
#1482 = EDGE_CURVE ( 'NONE', #998, #837, #1553, .T. ) ;
#1483 = ORIENTED_EDGE ( 'NONE', *, *, #1587, .F. ) ;
#1484 = AXIS2_PLACEMENT_3D ( 'NONE', #1874, #1281, #1710 ) ;
#1485 = CARTESIAN_POINT ( 'NONE',  ( 10.00000000000000000, -54.20413862312113196, 34.98161190359618189 ) ) ;
#1486 = ORIENTED_EDGE ( 'NONE', *, *, #1975, .T. ) ;
#1487 = FACE_OUTER_BOUND ( 'NONE', #666, .T. ) ;
#1488 = CARTESIAN_POINT ( 'NONE',  ( 0.000000000000000000, 6.490628035480971530E-15, -53.00000000000000000 ) ) ;
#1489 = EDGE_CURVE ( 'NONE', #1588, #1263, #1859, .T. ) ;
#1490 = VERTEX_POINT ( 'NONE', #1425 ) ;
#1491 = CARTESIAN_POINT ( 'NONE',  ( 6.000000000000000000, 8.999999999999962697, -17.68845726811991526 ) ) ;
#1492 = ORIENTED_EDGE ( 'NONE', *, *, #206, .T. ) ;
#1493 = ORIENTED_EDGE ( 'NONE', *, *, #69, .T. ) ;
#1494 = DIRECTION ( 'NONE',  ( -1.000000000000000000, -0.000000000000000000, -0.000000000000000000 ) ) ;
#1495 = CARTESIAN_POINT ( 'NONE',  ( 10.00000000000000000, -20.70413862312086906, 63.72078659177549298 ) ) ;
#1496 = EDGE_LOOP ( 'NONE', ( #1125, #1653, #1641, #1130, #1536, #1023 ) ) ;
#1497 = DIRECTION ( 'NONE',  ( -0.000000000000000000, 0.000000000000000000, 1.000000000000000000 ) ) ;
#1498 = DIRECTION ( 'NONE',  ( -1.000000000000000000, 0.000000000000000000, 0.000000000000000000 ) ) ;
#1499 = ADVANCED_FACE ( 'NONE', ( #1270 ), #1719, .F. ) ;
#1500 = CYLINDRICAL_SURFACE ( 'NONE', #364, 24.00000000000000000 ) ;
#1501 = EDGE_LOOP ( 'NONE', ( #1784, #1821 ) ) ;
#1502 = VECTOR ( 'NONE', #1431, 1000.000000000000000 ) ;
#1503 = VERTEX_POINT ( 'NONE', #1203 ) ;
#1504 = FACE_BOUND ( 'NONE', #663, .T. ) ;
#1505 = CARTESIAN_POINT ( 'NONE',  ( 16.99999999999999645, 6.490628035480971530E-15, -53.00000000000000000 ) ) ;
#1506 = ADVANCED_FACE ( 'NONE', ( #276 ), #1179, .T. ) ;
#1507 = AXIS2_PLACEMENT_3D ( 'NONE', #1392, #447, #1527 ) ;
#1508 = LINE ( 'NONE', #97, #913 ) ;
#1509 = VERTEX_POINT ( 'NONE', #1518 ) ;
#1510 = DIRECTION ( 'NONE',  ( 0.000000000000000000, 0.000000000000000000, 1.000000000000000000 ) ) ;
#1511 = AXIS2_PLACEMENT_3D ( 'NONE', #1902, #185, #1007 ) ;
#1512 = AXIS2_PLACEMENT_3D ( 'NONE', #363, #411, #688 ) ;
#1513 = EDGE_CURVE ( 'NONE', #1415, #653, #1195, .T. ) ;
#1514 = EDGE_LOOP ( 'NONE', ( #470, #450, #751, #938 ) ) ;
#1515 = CARTESIAN_POINT ( 'NONE',  ( 20.00000000000000355, 20.70413862312130249, -59.32078659177536650 ) ) ;
#1516 = CIRCLE ( 'NONE', #1115, 4.400000000000000355 ) ;
#1517 = DIRECTION ( 'NONE',  ( 0.000000000000000000, 0.8660254037844398178, 0.4999999999999977796 ) ) ;
#1518 = CARTESIAN_POINT ( 'NONE',  ( 20.00000000000000355, 7.396866666850013361E-15, -60.40000000000000568 ) ) ;
#1519 = DIRECTION ( 'NONE',  ( 0.000000000000000000, 0.8660254037844397068, 0.4999999999999979461 ) ) ;
#1520 = EDGE_LOOP ( 'NONE', ( #1322, #1842, #1835, #1723 ) ) ;
#1521 = DIRECTION ( 'NONE',  ( -1.000000000000000000, -0.000000000000000000, -0.000000000000000000 ) ) ;
#1522 = VERTEX_POINT ( 'NONE', #257 ) ;
#1523 = DIRECTION ( 'NONE',  ( -1.000000000000000000, 0.000000000000000000, -0.000000000000000000 ) ) ;
#1524 = EDGE_CURVE ( 'NONE', #41, #1948, #1108, .T. ) ;
#1525 = DIRECTION ( 'NONE',  ( -1.000000000000000000, 0.000000000000000000, -0.000000000000000000 ) ) ;
#1526 = ORIENTED_EDGE ( 'NONE', *, *, #143, .T. ) ;
#1527 = DIRECTION ( 'NONE',  ( 0.000000000000000000, 0.000000000000000000, 1.000000000000000000 ) ) ;
#1528 = EDGE_CURVE ( 'NONE', #597, #1947, #740, .T. ) ;
#1529 = DIRECTION ( 'NONE',  ( -1.000000000000000000, 0.000000000000000000, 0.000000000000000000 ) ) ;
#1530 = ORIENTED_EDGE ( 'NONE', *, *, #1593, .F. ) ;
#1531 = CARTESIAN_POINT ( 'NONE',  ( 10.00000000000000000, -54.20413862312113196, 39.38161190359618047 ) ) ;
#1532 = DIRECTION ( 'NONE',  ( 0.000000000000000000, 0.000000000000000000, 1.000000000000000000 ) ) ;
#1533 = AXIS2_PLACEMENT_3D ( 'NONE', #1608, #886, #1982 ) ;
#1534 = DIRECTION ( 'NONE',  ( -1.000000000000000000, 0.000000000000000000, 0.000000000000000000 ) ) ;
#1535 = AXIS2_PLACEMENT_3D ( 'NONE', #1898, #962, #163 ) ;
#1536 = ORIENTED_EDGE ( 'NONE', *, *, #356, .T. ) ;
#1537 = CARTESIAN_POINT ( 'NONE',  ( 0.000000000000000000, -9.000000000000074607, -13.48845726811985557 ) ) ;
#1538 = VECTOR ( 'NONE', #2010, 1000.000000000000000 ) ;
#1539 = CIRCLE ( 'NONE', #1150, 2.100000000000000089 ) ;
#1540 = AXIS2_PLACEMENT_3D ( 'NONE', #802, #39, #792 ) ;
#1541 = CARTESIAN_POINT ( 'NONE',  ( 0.000000000000000000, 35.00000000000000000, 0.000000000000000000 ) ) ;
#1542 = CIRCLE ( 'NONE', #639, 1.000000000000000666 ) ;
#1543 = EDGE_CURVE ( 'NONE', #1239, #993, #1965, .T. ) ;
#1544 = CIRCLE ( 'NONE', #417, 4.400000000000001243 ) ;
#1545 = ORIENTED_EDGE ( 'NONE', *, *, #726, .T. ) ;
#1546 = DIRECTION ( 'NONE',  ( 1.000000000000000000, -0.000000000000000000, -0.000000000000000000 ) ) ;
#1547 = VECTOR ( 'NONE', #1675, 1000.000000000000000 ) ;
#1548 = VERTEX_POINT ( 'NONE', #1683 ) ;
#1549 = CARTESIAN_POINT ( 'NONE',  ( 20.00000000000000355, -67.00000000000000000, 4.400000000000000355 ) ) ;
#1550 = DIRECTION ( 'NONE',  ( -1.000000000000000000, -0.000000000000000000, -0.000000000000000000 ) ) ;
#1551 = EDGE_LOOP ( 'NONE', ( #394, #1625, #778, #921 ) ) ;
#1552 = DIRECTION ( 'NONE',  ( 0.000000000000000000, 0.000000000000000000, 1.000000000000000000 ) ) ;
#1553 = LINE ( 'NONE', #139, #671 ) ;
#1554 = EDGE_CURVE ( 'NONE', #635, #1380, #1539, .T. ) ;
#1555 = DIRECTION ( 'NONE',  ( -1.000000000000000000, 0.000000000000000000, 0.000000000000000000 ) ) ;
#1556 = DIRECTION ( 'NONE',  ( -1.000000000000000000, -0.000000000000000000, -0.000000000000000000 ) ) ;
#1557 = ORIENTED_EDGE ( 'NONE', *, *, #1721, .T. ) ;
#1558 = CARTESIAN_POINT ( 'NONE',  ( 6.000000000000000000, -9.000000000000074607, -13.48845726811985557 ) ) ;
#1559 = CARTESIAN_POINT ( 'NONE',  ( 6.000000000000000000, 8.999999999999962697, -13.48845726811991419 ) ) ;
#1560 = DIRECTION ( 'NONE',  ( -1.000000000000000000, -0.000000000000000000, -0.000000000000000000 ) ) ;
#1561 = CARTESIAN_POINT ( 'NONE',  ( 20.00000000000000355, 0.000000000000000000, 0.000000000000000000 ) ) ;
#1562 = CARTESIAN_POINT ( 'NONE',  ( 20.00000000000000355, 20.70413862312130249, -63.72078659177536508 ) ) ;
#1563 = AXIS2_PLACEMENT_3D ( 'NONE', #966, #353, #1598 ) ;
#1564 = EDGE_LOOP ( 'NONE', ( #1854, #1391 ) ) ;
#1565 = ADVANCED_FACE ( 'NONE', ( #249 ), #1826, .F. ) ;
#1566 = EDGE_LOOP ( 'NONE', ( #1442, #254 ) ) ;
#1567 = CARTESIAN_POINT ( 'NONE',  ( 10.00000000000000000, -67.00000000000000000, 0.000000000000000000 ) ) ;
#1568 = CARTESIAN_POINT ( 'NONE',  ( 20.00100000000000477, -67.00000000000000000, 0.000000000000000000 ) ) ;
#1569 = ORIENTED_EDGE ( 'NONE', *, *, #404, .F. ) ;
#1570 = AXIS2_PLACEMENT_3D ( 'NONE', #934, #298, #925 ) ;
#1571 = CARTESIAN_POINT ( 'NONE',  ( 0.000000000000000000, 0.000000000000000000, 0.000000000000000000 ) ) ;
#1572 = VECTOR ( 'NONE', #733, 1000.000000000000000 ) ;
#1573 = FACE_OUTER_BOUND ( 'NONE', #1749, .T. ) ;
#1574 = CARTESIAN_POINT ( 'NONE',  ( 10.00000000000000000, -54.20413862312113196, 39.38161190359618047 ) ) ;
#1575 = DIRECTION ( 'NONE',  ( -1.000000000000000000, -0.000000000000000000, -0.000000000000000000 ) ) ;
#1576 = LINE ( 'NONE', #787, #518 ) ;
#1577 = EDGE_CURVE ( 'NONE', #422, #1420, #716, .T. ) ;
#1578 = CIRCLE ( 'NONE', #1478, 1.000000000000000666 ) ;
#1579 = AXIS2_PLACEMENT_3D ( 'NONE', #38, #1308, #1624 ) ;
#1580 = CIRCLE ( 'NONE', #1293, 1.000000000000000666 ) ;
#1581 = DIRECTION ( 'NONE',  ( 0.000000000000000000, 0.000000000000000000, 1.000000000000000000 ) ) ;
#1582 = LINE ( 'NONE', #604, #742 ) ;
#1583 = ORIENTED_EDGE ( 'NONE', *, *, #1513, .T. ) ;
#1584 = CARTESIAN_POINT ( 'NONE',  ( 0.000000000000000000, 0.000000000000000000, 0.000000000000000000 ) ) ;
#1585 = CARTESIAN_POINT ( 'NONE',  ( 10.00000000000000000, 9.942857142857146613, -21.84352516964088764 ) ) ;
#1586 = CARTESIAN_POINT ( 'NONE',  ( 0.000000000000000000, 0.000000000000000000, 0.000000000000000000 ) ) ;
#1587 = EDGE_CURVE ( 'NONE', #685, #1239, #723, .T. ) ;
#1588 = VERTEX_POINT ( 'NONE', #1877 ) ;
#1589 = CYLINDRICAL_SURFACE ( 'NONE', #326, 2.100000000000000977 ) ;
#1590 = CARTESIAN_POINT ( 'NONE',  ( 6.000000000000000000, 18.00000000000000000, 0.000000000000000000 ) ) ;
#1591 = ORIENTED_EDGE ( 'NONE', *, *, #691, .F. ) ;
#1592 = ORIENTED_EDGE ( 'NONE', *, *, #1111, .T. ) ;
#1593 = EDGE_CURVE ( 'NONE', #1870, #1838, #741, .T. ) ;
#1594 = CYLINDRICAL_SURFACE ( 'NONE', #1984, 53.00000000000000000 ) ;
#1595 = DIRECTION ( 'NONE',  ( -1.000000000000000000, -0.000000000000000000, -0.000000000000000000 ) ) ;
#1596 = DIRECTION ( 'NONE',  ( 0.000000000000000000, -0.9510565162951502005, 0.3090169943749576653 ) ) ;
#1597 = FACE_OUTER_BOUND ( 'NONE', #211, .T. ) ;
#1598 = DIRECTION ( 'NONE',  ( 0.000000000000000000, 0.000000000000000000, 1.000000000000000000 ) ) ;
#1599 = VERTEX_POINT ( 'NONE', #1271 ) ;
#1600 = DIRECTION ( 'NONE',  ( -1.000000000000000000, 0.000000000000000000, 0.000000000000000000 ) ) ;
#1601 = CIRCLE ( 'NONE', #252, 4.400000000000001243 ) ;
#1602 = DIRECTION ( 'NONE',  ( 0.000000000000000000, 0.9510565162951544194, 0.3090169943749449533 ) ) ;
#1603 = ORIENTED_EDGE ( 'NONE', *, *, #2008, .T. ) ;
#1604 = ORIENTED_EDGE ( 'NONE', *, *, #1027, .T. ) ;
#1605 = DIRECTION ( 'NONE',  ( -1.000000000000000000, 0.000000000000000000, 0.000000000000000000 ) ) ;
#1606 = CIRCLE ( 'NONE', #1828, 60.40000000000000568 ) ;
#1607 = ADVANCED_FACE ( 'NONE', ( #1227 ), #444, .T. ) ;
#1608 = CARTESIAN_POINT ( 'NONE',  ( 6.000000000000000000, 9.000000000000181188, 15.58845726811978949 ) ) ;
#1609 = AXIS2_PLACEMENT_3D ( 'NONE', #1868, #1240, #1846 ) ;
#1610 = CARTESIAN_POINT ( 'NONE',  ( 0.000000000000000000, -8.999999999999854339, 17.68845726811997920 ) ) ;
#1611 = VECTOR ( 'NONE', #866, 1000.000000000000000 ) ;
#1612 = AXIS2_PLACEMENT_3D ( 'NONE', #1064, #1546, #1396 ) ;
#1613 = ORIENTED_EDGE ( 'NONE', *, *, #335, .T. ) ;
#1614 = DIRECTION ( 'NONE',  ( -1.000000000000000000, 0.000000000000000000, 0.000000000000000000 ) ) ;
#1615 = EDGE_CURVE ( 'NONE', #1599, #70, #1045, .T. ) ;
#1616 = VERTEX_POINT ( 'NONE', #1053 ) ;
#1617 = DIRECTION ( 'NONE',  ( 0.000000000000000000, 0.000000000000000000, 1.000000000000000000 ) ) ;
#1618 = DIRECTION ( 'NONE',  ( -1.000000000000000000, -0.000000000000000000, -0.000000000000000000 ) ) ;
#1619 = EDGE_LOOP ( 'NONE', ( #75, #776, #1670, #533 ) ) ;
#1620 = CARTESIAN_POINT ( 'NONE',  ( 0.000000000000000000, -18.00000000000000000, 2.100000000000000533 ) ) ;
#1621 = LINE ( 'NONE', #1296, #1778 ) ;
#1622 = EDGE_CURVE ( 'NONE', #15, #1947, #478, .T. ) ;
#1623 = ORIENTED_EDGE ( 'NONE', *, *, #1841, .F. ) ;
#1624 = DIRECTION ( 'NONE',  ( 0.000000000000000000, 0.000000000000000000, 1.000000000000000000 ) ) ;
#1625 = ORIENTED_EDGE ( 'NONE', *, *, #1986, .T. ) ;
#1626 = FACE_OUTER_BOUND ( 'NONE', #396, .T. ) ;
#1627 = EDGE_LOOP ( 'NONE', ( #553, #592 ) ) ;
#1628 = ORIENTED_EDGE ( 'NONE', *, *, #499, .T. ) ;
#1629 = CYLINDRICAL_SURFACE ( 'NONE', #1476, 75.00000000000000000 ) ;
#1630 = FACE_OUTER_BOUND ( 'NONE', #979, .T. ) ;
#1631 = FACE_OUTER_BOUND ( 'NONE', #1481, .T. ) ;
#1632 = PRODUCT_RELATED_PRODUCT_CATEGORY ( 'part', '', ( #134 ) ) ;
#1633 = VERTEX_POINT ( 'NONE', #287 ) ;
#1634 = DIRECTION ( 'NONE',  ( -1.000000000000000000, -0.000000000000000000, -0.000000000000000000 ) ) ;
#1635 = ADVANCED_FACE ( 'NONE', ( #425 ), #128, .F. ) ;
#1636 = ORIENTED_EDGE ( 'NONE', *, *, #356, .F. ) ;
#1637 = CIRCLE ( 'NONE', #731, 2.100000000000000533 ) ;
#1638 = CYLINDRICAL_SURFACE ( 'NONE', #1405, 4.400000000000001243 ) ;
#1639 = DIRECTION ( 'NONE',  ( 0.000000000000000000, 0.000000000000000000, 1.000000000000000000 ) ) ;
#1640 = ORIENTED_EDGE ( 'NONE', *, *, #1335, .F. ) ;
#1641 = ORIENTED_EDGE ( 'NONE', *, *, #1363, .T. ) ;
#1642 = FACE_OUTER_BOUND ( 'NONE', #2018, .T. ) ;
#1643 = CIRCLE ( 'NONE', #1924, 24.00000000000000000 ) ;
#1644 = EDGE_CURVE ( 'NONE', #1083, #725, #1508, .T. ) ;
#1645 = CARTESIAN_POINT ( 'NONE',  ( 0.000000000000000000, 9.942857142857150166, 21.84352516964087698 ) ) ;
#1646 = AXIS2_PLACEMENT_3D ( 'NONE', #1669, #1840, #1062 ) ;
#1647 = CIRCLE ( 'NONE', #1738, 4.400000000000000355 ) ;
#1648 = DIRECTION ( 'NONE',  ( 0.000000000000000000, 0.000000000000000000, -1.000000000000000000 ) ) ;
#1649 = AXIS2_PLACEMENT_3D ( 'NONE', #1381, #1998, #607 ) ;
#1650 = LINE ( 'NONE', #429, #440 ) ;
#1651 = EDGE_LOOP ( 'NONE', ( #1176, #2007, #49, #398 ) ) ;
#1652 = ADVANCED_FACE ( 'NONE', ( #1038 ), #888, .F. ) ;
#1653 = ORIENTED_EDGE ( 'NONE', *, *, #96, .T. ) ;
#1654 = VECTOR ( 'NONE', #1865, 1000.000000000000000 ) ;
#1655 = CARTESIAN_POINT ( 'NONE',  ( 0.000000000000000000, 0.000000000000000000, 0.000000000000000000 ) ) ;
#1656 = ORIENTED_EDGE ( 'NONE', *, *, #1372, .T. ) ;
#1657 = FACE_BOUND ( 'NONE', #819, .T. ) ;
#1658 = CARTESIAN_POINT ( 'NONE',  ( 13.00000000000000178, 35.00000000000000000, -1.000000000000000666 ) ) ;
#1659 = DIRECTION ( 'NONE',  ( 0.000000000000000000, 0.000000000000000000, 1.000000000000000000 ) ) ;
#1660 = DIRECTION ( 'NONE',  ( 0.000000000000000000, -0.8660254037844323793, 0.5000000000000105471 ) ) ;
#1661 = ORIENTED_EDGE ( 'NONE', *, *, #1489, .T. ) ;
#1662 = ADVANCED_FACE ( 'NONE', ( #1573 ), #931, .F. ) ;
#1663 = ORIENTED_EDGE ( 'NONE', *, *, #320, .T. ) ;
#1664 = LINE ( 'NONE', #1191, #574 ) ;
#1665 = DIRECTION ( 'NONE',  ( 0.000000000000000000, 0.8660254037844398178, 0.4999999999999977796 ) ) ;
#1666 = EDGE_LOOP ( 'NONE', ( #1790, #504, #1224, #1002 ) ) ;
#1667 = CARTESIAN_POINT ( 'NONE',  ( 20.00000000000000355, -67.00000000000000000, 0.000000000000000000 ) ) ;
#1668 = VECTOR ( 'NONE', #775, 1000.000000000000000 ) ;
#1669 = CARTESIAN_POINT ( 'NONE',  ( 6.000000000000000000, -18.00000000000000000, 0.000000000000000000 ) ) ;
#1670 = ORIENTED_EDGE ( 'NONE', *, *, #1453, .T. ) ;
#1671 = DIRECTION ( 'NONE',  ( -1.000000000000000000, -0.000000000000000000, -0.000000000000000000 ) ) ;
#1672 = DIRECTION ( 'NONE',  ( 1.000000000000000000, -0.000000000000000000, -0.000000000000000000 ) ) ;
#1673 = CIRCLE ( 'NONE', #1853, 2.100000000000000533 ) ;
#1674 = CIRCLE ( 'NONE', #634, 53.00000000000000000 ) ;
#1675 = DIRECTION ( 'NONE',  ( -1.000000000000000000, -0.000000000000000000, -0.000000000000000000 ) ) ;
#1676 = AXIS2_PLACEMENT_3D ( 'NONE', #1101, #1734, #170 ) ;
#1677 = ORIENTED_EDGE ( 'NONE', *, *, #1718, .F. ) ;
#1678 = EDGE_CURVE ( 'NONE', #725, #531, #543, .T. ) ;
#1679 = VECTOR ( 'NONE', #34, 1000.000000000000000 ) ;
#1680 = PLANE ( 'NONE',  #1375 ) ;
#1681 = ORIENTED_EDGE ( 'NONE', *, *, #1418, .T. ) ;
#1682 = CARTESIAN_POINT ( 'NONE',  ( 20.00100000000000477, 54.20413862312143749, -43.78161190359578825 ) ) ;
#1683 = CARTESIAN_POINT ( 'NONE',  ( 20.00000000000000000, 0.000000000000000000, 75.00000000000000000 ) ) ;
#1684 = ADVANCED_FACE ( 'NONE', ( #954 ), #584, .T. ) ;
#1685 = ORIENTED_EDGE ( 'NONE', *, *, #1207, .T. ) ;
#1686 = CARTESIAN_POINT ( 'NONE',  ( 0.000000000000000000, 0.000000000000000000, 24.00000000000000000 ) ) ;
#1687 = CARTESIAN_POINT ( 'NONE',  ( 10.00000000000000000, 0.000000000000000000, 0.000000000000000000 ) ) ;
#1688 = ORIENTED_EDGE ( 'NONE', *, *, #300, .T. ) ;
#1689 = DIRECTION ( 'NONE',  ( -1.000000000000000000, -0.000000000000000000, 0.000000000000000000 ) ) ;
#1690 = DIRECTION ( 'NONE',  ( -1.000000000000000000, 0.000000000000000000, 0.000000000000000000 ) ) ;
#1691 = ORIENTED_EDGE ( 'NONE', *, *, #1881, .F. ) ;
#1692 = DIRECTION ( 'NONE',  ( -1.000000000000000000, -0.000000000000000000, -0.000000000000000000 ) ) ;
#1693 = ADVANCED_FACE ( 'NONE', ( #965 ), #797, .F. ) ;
#1694 = CARTESIAN_POINT ( 'NONE',  ( 19.99999999999999645, 55.00000000000000000, 0.000000000000000000 ) ) ;
#1695 = EDGE_LOOP ( 'NONE', ( #860, #1139 ) ) ;
#1696 = CYLINDRICAL_SURFACE ( 'NONE', #1612, 5.499999999999997335 ) ;
#1697 = UNCERTAINTY_MEASURE_WITH_UNIT (LENGTH_MEASURE( 1.000000000000000082E-05 ), #1251, 'distance_accuracy_value', 'NONE');
#1698 = AXIS2_PLACEMENT_3D ( 'NONE', #609, #1560, #1725 ) ;
#1699 = ORIENTED_EDGE ( 'NONE', *, *, #1199, .F. ) ;
#1700 = VECTOR ( 'NONE', #1262, 1000.000000000000000 ) ;
#1701 = VERTEX_POINT ( 'NONE', #1931 ) ;
#1702 = DIRECTION ( 'NONE',  ( -1.000000000000000000, -0.000000000000000000, -0.000000000000000000 ) ) ;
#1703 = VECTOR ( 'NONE', #1206, 1000.000000000000000 ) ;
#1704 = AXIS2_PLACEMENT_3D ( 'NONE', #1362, #1534, #1236 ) ;
#1705 = EDGE_LOOP ( 'NONE', ( #513, #144, #98, #1992 ) ) ;
#1706 = AXIS2_PLACEMENT_3D ( 'NONE', #615, #918, #270 ) ;
#1707 = DIRECTION ( 'NONE',  ( -1.000000000000000000, -0.000000000000000000, -0.000000000000000000 ) ) ;
#1708 = ORIENTED_EDGE ( 'NONE', *, *, #1729, .F. ) ;
#1709 = ADVANCED_FACE ( 'NONE', ( #1597 ), #679, .F. ) ;
#1710 = DIRECTION ( 'NONE',  ( 0.000000000000000000, 0.000000000000000000, 1.000000000000000000 ) ) ;
#1711 = CARTESIAN_POINT ( 'NONE',  ( 0.000000000000000000, 38.93571428571428328, -8.646395379649517210 ) ) ;
#1712 = FACE_BOUND ( 'NONE', #1461, .T. ) ;
#1713 = ORIENTED_EDGE ( 'NONE', *, *, #1372, .F. ) ;
#1714 = DIRECTION ( 'NONE',  ( 1.000000000000000000, 0.000000000000000000, 0.000000000000000000 ) ) ;
#1715 = CYLINDRICAL_SURFACE ( 'NONE', #1047, 4.400000000000001243 ) ;
#1716 = DIRECTION ( 'NONE',  ( -1.000000000000000000, 0.000000000000000000, 0.000000000000000000 ) ) ;
#1717 = FACE_OUTER_BOUND ( 'NONE', #1824, .T. ) ;
#1718 = EDGE_CURVE ( 'NONE', #1599, #195, #1121, .T. ) ;
#1719 = CYLINDRICAL_SURFACE ( 'NONE', #157, 12.00000000000000000 ) ;
#1720 = CARTESIAN_POINT ( 'NONE',  ( 20.00000000000000355, -20.70413862312086906, 63.72078659177549298 ) ) ;
#1721 = EDGE_CURVE ( 'NONE', #798, #1870, #1621, .T. ) ;
#1722 = FACE_OUTER_BOUND ( 'NONE', #1771, .T. ) ;
#1723 = ORIENTED_EDGE ( 'NONE', *, *, #69, .F. ) ;
#1724 = DIRECTION ( 'NONE',  ( 0.000000000000000000, 0.000000000000000000, 1.000000000000000000 ) ) ;
#1725 = DIRECTION ( 'NONE',  ( 0.000000000000000000, 0.000000000000000000, 1.000000000000000000 ) ) ;
#1726 = DIRECTION ( 'NONE',  ( 0.000000000000000000, 0.000000000000000000, 1.000000000000000000 ) ) ;
#1727 = DIRECTION ( 'NONE',  ( 1.000000000000000000, 0.000000000000000000, 0.000000000000000000 ) ) ;
#1728 = LINE ( 'NONE', #150, #1668 ) ;
#1729 = EDGE_CURVE ( 'NONE', #904, #238, #1753, .T. ) ;
#1730 = AXIS2_PLACEMENT_3D ( 'NONE', #644, #1716, #305 ) ;
#1731 = DIRECTION ( 'NONE',  ( -1.000000000000000000, -0.000000000000000000, -0.000000000000000000 ) ) ;
#1732 =( NAMED_UNIT ( * ) PLANE_ANGLE_UNIT ( ) SI_UNIT ( $, .RADIAN. ) );
#1733 = AXIS2_PLACEMENT_3D ( 'NONE', #566, #1529, #907 ) ;
#1734 = DIRECTION ( 'NONE',  ( -1.000000000000000000, 0.000000000000000000, 0.000000000000000000 ) ) ;
#1735 = ADVANCED_FACE ( 'NONE', ( #379, #199, #209, #1457, #665, #631, #809, #1793, #839 ), #517, .F. ) ;
#1736 = ORIENTED_EDGE ( 'NONE', *, *, #420, .F. ) ;
#1737 = VECTOR ( 'NONE', #1370, 1000.000000000000227 ) ;
#1738 = AXIS2_PLACEMENT_3D ( 'NONE', #477, #1614, #1757 ) ;
#1739 = FACE_OUTER_BOUND ( 'NONE', #1288, .T. ) ;
#1740 = DIRECTION ( 'NONE',  ( -1.000000000000000000, 0.000000000000000000, 0.000000000000000000 ) ) ;
#1741 = CARTESIAN_POINT ( 'NONE',  ( 19.99999999999999289, 6.490628035480971530E-15, -53.00000000000000000 ) ) ;
#1742 = AXIS2_PLACEMENT_3D ( 'NONE', #1032, #1671, #255 ) ;
#1743 = CARTESIAN_POINT ( 'NONE',  ( 20.00000000000000355, -20.70413862312086906, 68.12078659177549866 ) ) ;
#1744 = ORIENTED_EDGE ( 'NONE', *, *, #868, .F. ) ;
#1745 = CIRCLE ( 'NONE', #264, 2.100000000000001421 ) ;
#1746 = CARTESIAN_POINT ( 'NONE',  ( 20.00000000000000355, -54.20413862312170750, -39.38161190359539887 ) ) ;
#1747 = EDGE_CURVE ( 'NONE', #1701, #859, #1942, .T. ) ;
#1748 = CARTESIAN_POINT ( 'NONE',  ( 20.00000000000000355, 20.70413862312130249, -63.72078659177536508 ) ) ;
#1749 = EDGE_LOOP ( 'NONE', ( #654, #2025, #224, #296 ) ) ;
#1750 = FILL_AREA_STYLE ('',( #618 ) ) ;
#1751 = DIRECTION ( 'NONE',  ( 0.000000000000000000, 0.000000000000000000, 1.000000000000000000 ) ) ;
#1752 = CARTESIAN_POINT ( 'NONE',  ( 20.00100000000000477, -20.70413862312086906, 63.72078659177549298 ) ) ;
#1753 = LINE ( 'NONE', #821, #883 ) ;
#1754 = DIRECTION ( 'NONE',  ( 0.000000000000000000, -0.4142857142857145902, 0.9101468820683700223 ) ) ;
#1755 = ORIENTED_EDGE ( 'NONE', *, *, #395, .F. ) ;
#1756 = ORIENTED_EDGE ( 'NONE', *, *, #1287, .F. ) ;
#1757 = DIRECTION ( 'NONE',  ( 0.000000000000000000, 0.5877852522924742473, 0.8090169943749467851 ) ) ;
#1758 = EDGE_CURVE ( 'NONE', #994, #100, #988, .T. ) ;
#1759 = DIRECTION ( 'NONE',  ( 0.000000000000000000, 0.000000000000000000, 1.000000000000000000 ) ) ;
#1760 = ORIENTED_EDGE ( 'NONE', *, *, #21, .F. ) ;
#1761 = ORIENTED_EDGE ( 'NONE', *, *, #274, .T. ) ;
#1762 = DIRECTION ( 'NONE',  ( 0.000000000000000000, 0.000000000000000000, 1.000000000000000000 ) ) ;
#1763 = DIRECTION ( 'NONE',  ( -1.000000000000000000, -0.000000000000000000, -0.000000000000000000 ) ) ;
#1764 = FACE_OUTER_BOUND ( 'NONE', #1666, .T. ) ;
#1765 = EDGE_CURVE ( 'NONE', #1473, #1983, #370, .T. ) ;
#1766 = AXIS2_PLACEMENT_3D ( 'NONE', #1305, #1, #35 ) ;
#1767 = FACE_OUTER_BOUND ( 'NONE', #343, .T. ) ;
#1768 = DIRECTION ( 'NONE',  ( 0.000000000000000000, 0.5877852522924676970, -0.8090169943749513370 ) ) ;
#1769 = CIRCLE ( 'NONE', #189, 4.400000000000000355 ) ;
#1770 = CARTESIAN_POINT ( 'NONE',  ( 20.00100000000000477, -67.00000000000000000, -4.400000000000000355 ) ) ;
#1771 = EDGE_LOOP ( 'NONE', ( #52, #1909 ) ) ;
#1772 = ORIENTED_EDGE ( 'NONE', *, *, #1820, .F. ) ;
#1773 = AXIS2_PLACEMENT_3D ( 'NONE', #301, #1550, #928 ) ;
#1774 = EDGE_CURVE ( 'NONE', #1041, #677, #1248, .T. ) ;
#1775 = CIRCLE ( 'NONE', #1245, 55.00000000000000000 ) ;
#1776 = DIRECTION ( 'NONE',  ( -1.000000000000000000, -0.000000000000000000, -0.000000000000000000 ) ) ;
#1777 = CARTESIAN_POINT ( 'NONE',  ( 10.00000000000000000, 54.20413862312199882, 39.38161190359498676 ) ) ;
#1778 = VECTOR ( 'NONE', #1763, 1000.000000000000000 ) ;
#1779 = CIRCLE ( 'NONE', #1579, 24.00000000000000000 ) ;
#1780 = FACE_OUTER_BOUND ( 'NONE', #1564, .T. ) ;
#1781 = ORIENTED_EDGE ( 'NONE', *, *, #976, .F. ) ;
#1782 = FACE_BOUND ( 'NONE', #1212, .T. ) ;
#1783 = EDGE_LOOP ( 'NONE', ( #1933, #408 ) ) ;
#1784 = ORIENTED_EDGE ( 'NONE', *, *, #1927, .F. ) ;
#1785 = CARTESIAN_POINT ( 'NONE',  ( 6.000000000000000000, 9.000000000000181188, 13.48845726811978984 ) ) ;
#1786 = ADVANCED_FACE ( 'NONE', ( #1630, #1434 ), #1133, .F. ) ;
#1787 = VERTEX_POINT ( 'NONE', #996 ) ;
#1788 = ADVANCED_FACE ( 'NONE', ( #1642 ), #977, .F. ) ;
#1789 = ORIENTED_EDGE ( 'NONE', *, *, #624, .T. ) ;
#1790 = ORIENTED_EDGE ( 'NONE', *, *, #320, .F. ) ;
#1791 = ORIENTED_EDGE ( 'NONE', *, *, #1299, .T. ) ;
#1792 = ORIENTED_EDGE ( 'NONE', *, *, #649, .T. ) ;
#1793 = FACE_OUTER_BOUND ( 'NONE', #1496, .T. ) ;
#1794 = ORIENTED_EDGE ( 'NONE', *, *, #395, .T. ) ;
#1795 = AXIS2_PLACEMENT_3D ( 'NONE', #689, #1134, #894 ) ;
#1796 = FACE_BOUND ( 'NONE', #1957, .T. ) ;
#1797 = VERTEX_POINT ( 'NONE', #1283 ) ;
#1798 = VERTEX_POINT ( 'NONE', #1610 ) ;
#1799 = EDGE_CURVE ( 'NONE', #14, #195, #845, .T. ) ;
#1800 = ORIENTED_EDGE ( 'NONE', *, *, #1729, .T. ) ;
#1801 = DIRECTION ( 'NONE',  ( 0.000000000000000000, 0.000000000000000000, 1.000000000000000000 ) ) ;
#1802 = CIRCLE ( 'NONE', #412, 12.00000000000000000 ) ;
#1803 = AXIS2_PLACEMENT_3D ( 'NONE', #1429, #1277, #1908 ) ;
#1804 = PLANE ( 'NONE',  #605 ) ;
#1805 = VERTEX_POINT ( 'NONE', #60 ) ;
#1806 = EDGE_CURVE ( 'NONE', #960, #904, #2024, .T. ) ;
#1807 = ORIENTED_EDGE ( 'NONE', *, *, #266, .F. ) ;
#1808 = CARTESIAN_POINT ( 'NONE',  ( 6.000000000000000000, 18.00000000000000000, 0.000000000000000000 ) ) ;
#1809 = VERTEX_POINT ( 'NONE', #1334 ) ;
#1810 = CARTESIAN_POINT ( 'NONE',  ( 0.000000000000000000, 18.00000000000000000, 2.100000000000000533 ) ) ;
#1811 = DIRECTION ( 'NONE',  ( -1.000000000000000000, -0.000000000000000000, -0.000000000000000000 ) ) ;
#1812 = DIRECTION ( 'NONE',  ( -1.000000000000000000, 0.000000000000000000, 0.000000000000000000 ) ) ;
#1813 = ADVANCED_FACE ( 'NONE', ( #1657, #1048, #1504, #108, #1836, #1963, #243, #1974, #721, #546, #554, #1209 ), #1368, .F. ) ;
#1814 = DIRECTION ( 'NONE',  ( 1.000000000000000000, 0.000000000000000000, 0.000000000000000000 ) ) ;
#1815 = ORIENTED_EDGE ( 'NONE', *, *, #1010, .T. ) ;
#1816 = ORIENTED_EDGE ( 'NONE', *, *, #1120, .F. ) ;
#1817 = DIRECTION ( 'NONE',  ( -1.000000000000000000, 0.000000000000000000, 0.000000000000000000 ) ) ;
#1818 = DIRECTION ( 'NONE',  ( -1.000000000000000000, -0.000000000000000000, -0.000000000000000000 ) ) ;
#1819 = CARTESIAN_POINT ( 'NONE',  ( 20.00000000000000355, -54.20413862312113196, 34.98161190359618189 ) ) ;
#1820 = EDGE_CURVE ( 'NONE', #960, #360, #1988, .T. ) ;
#1821 = ORIENTED_EDGE ( 'NONE', *, *, #1346, .F. ) ;
#1822 = CIRCLE ( 'NONE', #437, 2.100000000000000977 ) ;
#1823 = DIRECTION ( 'NONE',  ( -1.000000000000000000, 0.000000000000000000, 0.000000000000000000 ) ) ;
#1824 = EDGE_LOOP ( 'NONE', ( #153, #545, #501, #263 ) ) ;
#1825 = LINE ( 'NONE', #1682, #816 ) ;
#1826 = CYLINDRICAL_SURFACE ( 'NONE', #637, 4.400000000000001243 ) ;
#1827 = EDGE_CURVE ( 'NONE', #1522, #151, #1664, .T. ) ;
#1828 = AXIS2_PLACEMENT_3D ( 'NONE', #438, #767, #579 ) ;
#1829 = AXIS2_PLACEMENT_3D ( 'NONE', #1866, #1727, #1086 ) ;
#1830 = CIRCLE ( 'NONE', #324, 4.400000000000000355 ) ;
#1831 = ORIENTED_EDGE ( 'NONE', *, *, #451, .T. ) ;
#1832 = AXIS2_PLACEMENT_3D ( 'NONE', #1980, #871, #78 ) ;
#1833 = CIRCLE ( 'NONE', #575, 2.100000000000000089 ) ;
#1834 = FACE_OUTER_BOUND ( 'NONE', #551, .T. ) ;
#1835 = ORIENTED_EDGE ( 'NONE', *, *, #83, .T. ) ;
#1836 = FACE_BOUND ( 'NONE', #1031, .T. ) ;
#1837 = EDGE_CURVE ( 'NONE', #193, #1294, #945, .T. ) ;
#1838 = VERTEX_POINT ( 'NONE', #1810 ) ;
#1839 = LINE ( 'NONE', #154, #1897 ) ;
#1840 = DIRECTION ( 'NONE',  ( -1.000000000000000000, -0.000000000000000000, -0.000000000000000000 ) ) ;
#1841 = EDGE_CURVE ( 'NONE', #1263, #1588, #1285, .T. ) ;
#1842 = ORIENTED_EDGE ( 'NONE', *, *, #924, .T. ) ;
#1843 = CARTESIAN_POINT ( 'NONE',  ( 0.000000000000000000, 35.00000000000000000, -5.499999999999997335 ) ) ;
#1844 = DIRECTION ( 'NONE',  ( -1.000000000000000000, -0.000000000000000000, 0.000000000000000000 ) ) ;
#1845 = EDGE_LOOP ( 'NONE', ( #695, #519 ) ) ;
#1846 = DIRECTION ( 'NONE',  ( 0.000000000000000000, 0.8660254037844361541, -0.5000000000000041078 ) ) ;
#1847 = EDGE_CURVE ( 'NONE', #1348, #2001, #362, .T. ) ;
#1848 = CARTESIAN_POINT ( 'NONE',  ( 20.00100000000000477, 54.20413862312199882, 34.98161190359498818 ) ) ;
#1849 = ORIENTED_EDGE ( 'NONE', *, *, #1678, .F. ) ;
#1850 = CIRCLE ( 'NONE', #970, 9.499999999999998224 ) ;
#1851 = DIRECTION ( 'NONE',  ( -1.000000000000000000, -0.000000000000000000, -0.000000000000000000 ) ) ;
#1852 = AXIS2_PLACEMENT_3D ( 'NONE', #547, #582, #555 ) ;
#1853 = AXIS2_PLACEMENT_3D ( 'NONE', #1339, #503, #47 ) ;
#1854 = ORIENTED_EDGE ( 'NONE', *, *, #250, .T. ) ;
#1855 = AXIS2_PLACEMENT_3D ( 'NONE', #1694, #123, #750 ) ;
#1856 = EDGE_LOOP ( 'NONE', ( #384, #1744, #1367, #1331 ) ) ;
#1857 = DIRECTION ( 'NONE',  ( -1.000000000000000000, 0.000000000000000000, 0.000000000000000000 ) ) ;
#1858 = VECTOR ( 'NONE', #292, 1000.000000000000227 ) ;
#1859 = CIRCLE ( 'NONE', #1829, 4.400000000000001243 ) ;
#1860 = EDGE_CURVE ( 'NONE', #1348, #1060, #729, .T. ) ;
#1861 = DIRECTION ( 'NONE',  ( 0.000000000000000000, 0.000000000000000000, 1.000000000000000000 ) ) ;
#1862 = AXIS2_PLACEMENT_3D ( 'NONE', #1571, #161, #1244 ) ;
#1863 = ORIENTED_EDGE ( 'NONE', *, *, #1799, .F. ) ;
#1864 = DIRECTION ( 'NONE',  ( -1.000000000000000000, -0.000000000000000000, -0.000000000000000000 ) ) ;
#1865 = DIRECTION ( 'NONE',  ( -1.000000000000000000, -0.000000000000000000, -0.000000000000000000 ) ) ;
#1866 = CARTESIAN_POINT ( 'NONE',  ( 20.00000000000000355, 20.70413862312220488, 63.72078659177505955 ) ) ;
#1867 = VERTEX_POINT ( 'NONE', #534 ) ;
#1868 = CARTESIAN_POINT ( 'NONE',  ( 0.000000000000000000, -9.000000000000074607, -15.58845726811985699 ) ) ;
#1869 = DIRECTION ( 'NONE',  ( -1.000000000000000000, 0.000000000000000000, 0.000000000000000000 ) ) ;
#1870 = VERTEX_POINT ( 'NONE', #1218 ) ;
#1871 = LINE ( 'NONE', #922, #293 ) ;
#1872 = DIRECTION ( 'NONE',  ( -1.000000000000000000, -0.000000000000000000, -0.000000000000000000 ) ) ;
#1873 = DIRECTION ( 'NONE',  ( 0.000000000000000000, 0.000000000000000000, 1.000000000000000000 ) ) ;
#1874 = CARTESIAN_POINT ( 'NONE',  ( 17.00000000000000000, 0.000000000000000000, 0.000000000000000000 ) ) ;
#1875 = CARTESIAN_POINT ( 'NONE',  ( 17.00000000000000000, 0.000000000000000000, 12.00000000000000178 ) ) ;
#1876 = PLANE ( 'NONE',  #1371 ) ;
#1877 = CARTESIAN_POINT ( 'NONE',  ( 20.00000000000000355, 20.70413862312220488, 68.12078659177505813 ) ) ;
#1878 = ORIENTED_EDGE ( 'NONE', *, *, #1020, .F. ) ;
#1879 = ORIENTED_EDGE ( 'NONE', *, *, #868, .T. ) ;
#1880 = FACE_OUTER_BOUND ( 'NONE', #1987, .T. ) ;
#1881 = EDGE_CURVE ( 'NONE', #685, #508, #423, .T. ) ;
#1882 = CARTESIAN_POINT ( 'NONE',  ( 10.00000000000000000, 38.93571428571428328, -8.646395379649513657 ) ) ;
#1883 = EDGE_LOOP ( 'NONE', ( #63, #385, #529, #1849 ) ) ;
#1884 = CARTESIAN_POINT ( 'NONE',  ( 10.00000000000000000, 20.70413862312130249, -68.12078659177537077 ) ) ;
#1885 = SURFACE_SIDE_STYLE ('',( #1266 ) ) ;
#1886 = CARTESIAN_POINT ( 'NONE',  ( 0.000000000000000000, 0.000000000000000000, 0.000000000000000000 ) ) ;
#1887 = CARTESIAN_POINT ( 'NONE',  ( 0.000000000000000000, -8.999999999999854339, 15.58845726811997778 ) ) ;
#1888 = VECTOR ( 'NONE', #1167, 1000.000000000000000 ) ;
#1889 = EDGE_CURVE ( 'NONE', #1867, #1289, #1825, .T. ) ;
#1890 = ORIENTED_EDGE ( 'NONE', *, *, #1299, .F. ) ;
#1891 = DIRECTION ( 'NONE',  ( -1.000000000000000000, -0.000000000000000000, -0.000000000000000000 ) ) ;
#1892 = STYLED_ITEM ( 'NONE', ( #472 ), #205 ) ;
#1893 = DIRECTION ( 'NONE',  ( 1.000000000000000000, -0.000000000000000000, -0.000000000000000000 ) ) ;
#1894 = EDGE_LOOP ( 'NONE', ( #846, #230, #1545, #1229 ) ) ;
#1895 = CIRCLE ( 'NONE', #1570, 2.100000000000000089 ) ;
#1896 = ORIENTED_EDGE ( 'NONE', *, *, #947, .F. ) ;
#1897 = VECTOR ( 'NONE', #141, 1000.000000000000000 ) ;
#1898 = CARTESIAN_POINT ( 'NONE',  ( 20.00000000000000355, -67.00000000000000000, 0.000000000000000000 ) ) ;
#1899 = DIRECTION ( 'NONE',  ( -1.000000000000000000, -0.000000000000000000, -0.000000000000000000 ) ) ;
#1900 = CARTESIAN_POINT ( 'NONE',  ( 20.00100000000000477, 20.70413862312130249, -59.32078659177536650 ) ) ;
#1901 = AXIS2_PLACEMENT_3D ( 'NONE', #352, #1304, #1919 ) ;
#1902 = CARTESIAN_POINT ( 'NONE',  ( 20.00100000000000477, 54.20413862312143749, -39.38161190359578256 ) ) ;
#1903 = DIRECTION ( 'NONE',  ( -1.000000000000000000, -0.000000000000000000, -0.000000000000000000 ) ) ;
#1904 = EDGE_LOOP ( 'NONE', ( #1926, #1253, #541, #214 ) ) ;
#1905 = ADVANCED_FACE ( 'NONE', ( #1487 ), #885, .F. ) ;
#1906 = VECTOR ( 'NONE', #1595, 1000.000000000000000 ) ;
#1907 = FACE_OUTER_BOUND ( 'NONE', #1352, .T. ) ;
#1908 = DIRECTION ( 'NONE',  ( 0.000000000000000000, -0.8660254037844323793, 0.5000000000000105471 ) ) ;
#1909 = ORIENTED_EDGE ( 'NONE', *, *, #1969, .T. ) ;
#1910 = ORIENTED_EDGE ( 'NONE', *, *, #1120, .T. ) ;
#1911 = DIRECTION ( 'NONE',  ( 0.000000000000000000, -0.8660254037844433705, -0.4999999999999916733 ) ) ;
#1912 = DIRECTION ( 'NONE',  ( -1.000000000000000000, -0.000000000000000000, -0.000000000000000000 ) ) ;
#1913 = CARTESIAN_POINT ( 'NONE',  ( 0.000000000000000000, 9.942857142857150166, -21.84352516964087698 ) ) ;
#1914 = CARTESIAN_POINT ( 'NONE',  ( 0.000000000000000000, -18.00000000000000000, -2.100000000000000533 ) ) ;
#1915 = EDGE_CURVE ( 'NONE', #1294, #193, #1578, .T. ) ;
#1916 = DIRECTION ( 'NONE',  ( -1.000000000000000000, -0.000000000000000000, -0.000000000000000000 ) ) ;
#1917 = ORIENTED_EDGE ( 'NONE', *, *, #1149, .T. ) ;
#1918 = ORIENTED_EDGE ( 'NONE', *, *, #2, .F. ) ;
#1919 = DIRECTION ( 'NONE',  ( -0.000000000000000000, 0.000000000000000000, 1.000000000000000000 ) ) ;
#1920 = VECTOR ( 'NONE', #1811, 1000.000000000000000 ) ;
#1921 = ORIENTED_EDGE ( 'NONE', *, *, #881, .T. ) ;
#1922 = CYLINDRICAL_SURFACE ( 'NONE', #1188, 2.100000000000000533 ) ;
#1923 = ORIENTED_EDGE ( 'NONE', *, *, #27, .T. ) ;
#1924 = AXIS2_PLACEMENT_3D ( 'NONE', #40, #1959, #1138 ) ;
#1925 = ORIENTED_EDGE ( 'NONE', *, *, #1127, .T. ) ;
#1926 = ORIENTED_EDGE ( 'NONE', *, *, #612, .T. ) ;
#1927 = EDGE_CURVE ( 'NONE', #789, #994, #1216, .T. ) ;
#1928 = EDGE_LOOP ( 'NONE', ( #376, #737, #1260, #884 ) ) ;
#1929 = MECHANICAL_DESIGN_GEOMETRIC_PRESENTATION_REPRESENTATION (  '', ( #1892 ), #542 ) ;
#1930 = CARTESIAN_POINT ( 'NONE',  ( 10.00000000000000000, 67.00000000000000000, 4.400000000000000355 ) ) ;
#1931 = CARTESIAN_POINT ( 'NONE',  ( 20.00000000000000355, 67.00000000000000000, -4.400000000000000355 ) ) ;
#1932 = AXIS2_PLACEMENT_3D ( 'NONE', #1360, #865, #1497 ) ;
#1933 = ORIENTED_EDGE ( 'NONE', *, *, #1806, .F. ) ;
#1934 = LINE ( 'NONE', #1098, #1967 ) ;
#1935 = ADVANCED_FACE ( 'NONE', ( #1353 ), #406, .F. ) ;
#1936 = EDGE_LOOP ( 'NONE', ( #524, #686, #955, #247 ) ) ;
#1937 = CYLINDRICAL_SURFACE ( 'NONE', #1211, 4.400000000000001243 ) ;
#1938 = ORIENTED_EDGE ( 'NONE', *, *, #764, .F. ) ;
#1939 = VERTEX_POINT ( 'NONE', #1515 ) ;
#1940 = DIRECTION ( 'NONE',  ( -1.000000000000000000, 0.000000000000000000, 0.000000000000000000 ) ) ;
#1941 = EDGE_LOOP ( 'NONE', ( #987, #1286, #1493, #434 ) ) ;
#1942 = LINE ( 'NONE', #1165, #1679 ) ;
#1943 = ADVANCED_FACE ( 'NONE', ( #101 ), #1233, .T. ) ;
#1944 = ORIENTED_EDGE ( 'NONE', *, *, #550, .F. ) ;
#1945 = CARTESIAN_POINT ( 'NONE',  ( 20.00100000000000477, -20.70413862312086906, 63.72078659177549298 ) ) ;
#1946 = DIRECTION ( 'NONE',  ( -1.000000000000000000, -0.000000000000000000, -0.000000000000000000 ) ) ;
#1947 = VERTEX_POINT ( 'NONE', #1884 ) ;
#1948 = VERTEX_POINT ( 'NONE', #471 ) ;
#1949 = DIRECTION ( 'NONE',  ( 0.000000000000000000, 0.000000000000000000, 1.000000000000000000 ) ) ;
#1950 = EDGE_LOOP ( 'NONE', ( #187, #1190, #369, #836, #1387, #1713 ) ) ;
#1951 = DIRECTION ( 'NONE',  ( 0.000000000000000000, 0.000000000000000000, 1.000000000000000000 ) ) ;
#1952 = CARTESIAN_POINT ( 'NONE',  ( 0.000000000000000000, 9.942857142857146613, -21.84352516964088764 ) ) ;
#1953 = APPLICATION_CONTEXT ( 'automotive_design' ) ;
#1954 = EDGE_CURVE ( 'NONE', #238, #360, #1995, .T. ) ;
#1955 = DIRECTION ( 'NONE',  ( -1.000000000000000000, -0.000000000000000000, 0.000000000000000000 ) ) ;
#1956 = DIRECTION ( 'NONE',  ( 0.000000000000000000, 0.000000000000000000, -1.000000000000000000 ) ) ;
#1957 = EDGE_LOOP ( 'NONE', ( #213, #514 ) ) ;
#1958 = VECTOR ( 'NONE', #535, 1000.000000000000000 ) ;
#1959 = DIRECTION ( 'NONE',  ( -1.000000000000000000, -0.000000000000000000, -0.000000000000000000 ) ) ;
#1960 = ORIENTED_EDGE ( 'NONE', *, *, #1615, .F. ) ;
#1961 = CARTESIAN_POINT ( 'NONE',  ( 0.000000000000000000, 9.942857142857146613, 21.84352516964088764 ) ) ;
#1962 = EDGE_LOOP ( 'NONE', ( #986, #240 ) ) ;
#1963 = FACE_BOUND ( 'NONE', #539, .T. ) ;
#1964 = VECTOR ( 'NONE', #971, 1000.000000000000000 ) ;
#1965 = LINE ( 'NONE', #1952, #1042 ) ;
#1966 = CIRCLE ( 'NONE', #258, 2.100000000000000533 ) ;
#1967 = VECTOR ( 'NONE', #668, 1000.000000000000000 ) ;
#1968 = AXIS2_PLACEMENT_3D ( 'NONE', #769, #125, #1092 ) ;
#1969 = EDGE_CURVE ( 'NONE', #798, #1616, #1109, .T. ) ;
#1970 = ORIENTED_EDGE ( 'NONE', *, *, #1140, .T. ) ;
#1971 = EDGE_LOOP ( 'NONE', ( #1960, #681, #140, #427 ) ) ;
#1972 = CARTESIAN_POINT ( 'NONE',  ( 13.00000000000000178, 35.00000000000000000, 0.000000000000000000 ) ) ;
#1973 = VERTEX_POINT ( 'NONE', #910 ) ;
#1974 = FACE_BOUND ( 'NONE', #1333, .T. ) ;
#1975 = EDGE_CURVE ( 'NONE', #549, #1183, #1542, .T. ) ;
#1976 = CARTESIAN_POINT ( 'NONE',  ( 0.000000000000000000, 7.396866666850013361E-15, -60.40000000000000568 ) ) ;
#1977 = EDGE_LOOP ( 'NONE', ( #1879, #1917 ) ) ;
#1978 = ADVANCED_FACE ( 'NONE', ( #738 ), #1696, .F. ) ;
#1979 = ORIENTED_EDGE ( 'NONE', *, *, #1975, .F. ) ;
#1980 = CARTESIAN_POINT ( 'NONE',  ( 13.00000000000000178, 35.00000000000000000, 0.000000000000000000 ) ) ;
#1981 = CARTESIAN_POINT ( 'NONE',  ( 19.99999999999999289, 0.000000000000000000, 53.00000000000000000 ) ) ;
#1982 = DIRECTION ( 'NONE',  ( 0.000000000000000000, 0.000000000000000000, 1.000000000000000000 ) ) ;
#1983 = VERTEX_POINT ( 'NONE', #117 ) ;
#1984 = AXIS2_PLACEMENT_3D ( 'NONE', #182, #172, #1423 ) ;
#1985 = DIRECTION ( 'NONE',  ( 0.000000000000000000, 0.000000000000000000, 1.000000000000000000 ) ) ;
#1986 = EDGE_CURVE ( 'NONE', #1254, #1548, #1379, .T. ) ;
#1987 = EDGE_LOOP ( 'NONE', ( #1760, #337, #675, #1028 ) ) ;
#1988 = LINE ( 'NONE', #1017, #416 ) ;
#1989 = VECTOR ( 'NONE', #1946, 1000.000000000000000 ) ;
#1990 = VECTOR ( 'NONE', #727, 1000.000000000000227 ) ;
#1991 = VERTEX_POINT ( 'NONE', #1843 ) ;
#1992 = ORIENTED_EDGE ( 'NONE', *, *, #1577, .F. ) ;
#1993 = CARTESIAN_POINT ( 'NONE',  ( 0.000000000000000000, 35.00000000000000000, 0.000000000000000000 ) ) ;
#1994 = EDGE_CURVE ( 'NONE', #208, #1473, #915, .T. ) ;
#1995 = CIRCLE ( 'NONE', #480, 4.400000000000000355 ) ;
#1996 = DIRECTION ( 'NONE',  ( -1.000000000000000000, -0.000000000000000000, -0.000000000000000000 ) ) ;
#1997 = ORIENTED_EDGE ( 'NONE', *, *, #556, .F. ) ;
#1998 = DIRECTION ( 'NONE',  ( -1.000000000000000000, -0.000000000000000000, -0.000000000000000000 ) ) ;
#1999 = AXIS2_PLACEMENT_3D ( 'NONE', #261, #528, #233 ) ;
#2000 = EDGE_CURVE ( 'NONE', #208, #82, #1871, .T. ) ;
#2001 = VERTEX_POINT ( 'NONE', #1558 ) ;
#2002 = DIRECTION ( 'NONE',  ( 0.000000000000000000, 0.000000000000000000, 1.000000000000000000 ) ) ;
#2003 = LINE ( 'NONE', #1848, #1538 ) ;
#2004 = VERTEX_POINT ( 'NONE', #930 ) ;
#2005 =( NAMED_UNIT ( * ) PLANE_ANGLE_UNIT ( ) SI_UNIT ( $, .RADIAN. ) );
#2006 = CARTESIAN_POINT ( 'NONE',  ( 6.000000000000000000, 18.00000000000000000, 2.100000000000000533 ) ) ;
#2007 = ORIENTED_EDGE ( 'NONE', *, *, #794, .T. ) ;
#2008 = EDGE_CURVE ( 'NONE', #904, #960, #1049, .T. ) ;
#2009 = FACE_OUTER_BOUND ( 'NONE', #1651, .T. ) ;
#2010 = DIRECTION ( 'NONE',  ( -1.000000000000000000, -0.000000000000000000, -0.000000000000000000 ) ) ;
#2011 = EDGE_LOOP ( 'NONE', ( #633, #1021, #1592, #1046 ) ) ;
#2012 = VECTOR ( 'NONE', #1903, 1000.000000000000000 ) ;
#2013 = DIRECTION ( 'NONE',  ( 0.000000000000000000, 0.000000000000000000, 1.000000000000000000 ) ) ;
#2014 = ADVANCED_FACE ( 'NONE', ( #1256 ), #461, .F. ) ;
#2015 = DIRECTION ( 'NONE',  ( -1.000000000000000000, -0.000000000000000000, -0.000000000000000000 ) ) ;
#2016 = DIRECTION ( 'NONE',  ( 0.000000000000000000, 0.000000000000000000, 1.000000000000000000 ) ) ;
#2017 = CIRCLE ( 'NONE', #1144, 4.400000000000000355 ) ;
#2018 = EDGE_LOOP ( 'NONE', ( #2020, #530, #1069, #683 ) ) ;
#2019 = VECTOR ( 'NONE', #1521, 1000.000000000000000 ) ;
#2020 = ORIENTED_EDGE ( 'NONE', *, *, #1747, .F. ) ;
#2021 = DIRECTION ( 'NONE',  ( 0.000000000000000000, 0.000000000000000000, -1.000000000000000000 ) ) ;
#2022 = CIRCLE ( 'NONE', #1706, 4.400000000000001243 ) ;
#2023 = DIRECTION ( 'NONE',  ( -0.000000000000000000, 0.000000000000000000, 1.000000000000000000 ) ) ;
#2024 = CIRCLE ( 'NONE', #1512, 4.400000000000001243 ) ;
#2025 = ORIENTED_EDGE ( 'NONE', *, *, #1528, .T. ) ;
#2026 = DIRECTION ( 'NONE',  ( 0.000000000000000000, -0.5877852522924804646, -0.8090169943749420112 ) ) ;
#2027 = CYLINDRICAL_SURFACE ( 'NONE', #1104, 4.400000000000001243 ) ;
#2028 = FACE_OUTER_BOUND ( 'NONE', #1941, .T. ) ;
#2029 = CYLINDRICAL_SURFACE ( 'NONE', #782, 2.100000000000000533 ) ;
ENDSEC;
END-ISO-10303-21;
