ISO-10303-21;
HEADER;
FILE_DESCRIPTION (( 'STEP AP214' ),
    '1' );
FILE_NAME ('L1_1102_Injector.STEP',
    '2026-06-23T14:10:23',
    ( '' ),
    ( '' ),
    'SwSTEP 2.0',
    'SolidWorks 2024',
    '' );
FILE_SCHEMA (( 'AUTOMOTIVE_DESIGN' ));
ENDSEC;

DATA;
#1 = DIRECTION ( 'NONE',  ( -1.000000000000000000, -0.000000000000000000, -0.000000000000000000 ) ) ;
#2 = CARTESIAN_POINT ( 'NONE',  ( 76.63374405134041467, -9.592787113976996238, 2.827575189749919726 ) ) ;
#3 = CIRCLE ( 'NONE', #3337, 14.22050000000000125 ) ;
#4 = ORIENTED_EDGE ( 'NONE', *, *, #1443, .F. ) ;
#5 = EDGE_CURVE ( 'NONE', #1168, #802, #2717, .T. ) ;
#6 = AXIS2_PLACEMENT_3D ( 'NONE', #3578, #3974, #963 ) ;
#7 = LINE ( 'NONE', #3386, #1980 ) ;
#8 = DIRECTION ( 'NONE',  ( 0.000000000000000000, -0.6427876096865299260, 0.7660444431189858960 ) ) ;
#9 = FACE_BOUND ( 'NONE', #2474, .T. ) ;
#10 = CARTESIAN_POINT ( 'NONE',  ( 76.64710261100199773, -7.286491518521907906, -3.302769299054137075 ) ) ;
#11 = ORIENTED_EDGE ( 'NONE', *, *, #4339, .F. ) ;
#12 = DIRECTION ( 'NONE',  ( -0.000000000000000000, 0.1736481776669404897, 0.9848077530122063550 ) ) ;
#13 = AXIS2_PLACEMENT_3D ( 'NONE', #896, #3648, #1653 ) ;
#14 = EDGE_CURVE ( 'NONE', #1871, #1605, #989, .T. ) ;
#15 = AXIS2_PLACEMENT_3D ( 'NONE', #2025, #1669, #334 ) ;
#16 = CARTESIAN_POINT ( 'NONE',  ( 70.00000000000029843, 7.191701968139922130, -6.948339571541708004 ) ) ;
#17 = DIRECTION ( 'NONE',  ( -0.000000000000000000, 0.1736481776669404620, 0.9848077530122062440 ) ) ;
#18 = CARTESIAN_POINT ( 'NONE',  ( 69.37585270615917921, -4.313092586218743030, 6.738988824269595668 ) ) ;
#19 = VERTEX_POINT ( 'NONE', #1036 ) ;
#20 = DIRECTION ( 'NONE',  ( -1.000000000000000000, -0.000000000000000000, -0.000000000000000000 ) ) ;
#21 = CARTESIAN_POINT ( 'NONE',  ( 77.00000000000001421, -3.378440295530283244, -7.251630242196391407 ) ) ;
#22 = CARTESIAN_POINT ( 'NONE',  ( 70.09138514484500604, -5.593952739520792861, -8.289010359989175569 ) ) ;
#23 = DIRECTION ( 'NONE',  ( -0.000000000000000000, -0.9396926207859105373, -0.3420201433256630508 ) ) ;
#24 = DIRECTION ( 'NONE',  ( 0.000000000000000000, 0.000000000000000000, 1.000000000000000000 ) ) ;
#25 = B_SPLINE_CURVE_WITH_KNOTS ( 'NONE', 3,
 ( #2336, #648, #2005, #3364, #1336, #362, #1362, #315, #2710, #4364, #2686, #4039, #694, #2048, #1721, #29 ),
 .UNSPECIFIED., .F., .F.,
 ( 4, 2, 2, 2, 2, 2, 2, 4 ),
 ( 0.000000000000000000, 0.0002736956474133269562, 0.0005473912948266539125, 0.001094782589653337315, 0.001368478237066678800, 0.001642173884480020718, 0.001915869531893362419, 0.002189565179306704121 ),
 .UNSPECIFIED. ) ;
#26 = CARTESIAN_POINT ( 'NONE',  ( 69.29992569189744245, -9.365524596284114267, -3.506491860353478707 ) ) ;
#27 = CARTESIAN_POINT ( 'NONE',  ( 70.18505475354396594, -3.378440295530282800, -7.251630242196390519 ) ) ;
#28 = ORIENTED_EDGE ( 'NONE', *, *, #3264, .T. ) ;
#29 = CARTESIAN_POINT ( 'NONE',  ( 73.43710854141983191, 7.728121685169515587, -2.067881819450200886 ) ) ;
#30 = CARTESIAN_POINT ( 'NONE',  ( 73.25401337745883268, 7.257058519104010230, 3.366948730373656495 ) ) ;
#31 = CARTESIAN_POINT ( 'NONE',  ( 76.81663884680024523, -7.257090014381422982, -3.366881081272651954 ) ) ;
#32 = ORIENTED_EDGE ( 'NONE', *, *, #228, .T. ) ;
#33 = EDGE_CURVE ( 'NONE', #2140, #2715, #712, .T. ) ;
#34 = CARTESIAN_POINT ( 'NONE',  ( 69.29996708377639436, 6.186921522816240859, 5.072509143716732005 ) ) ;
#35 = FACE_OUTER_BOUND ( 'NONE', #670, .T. ) ;
#36 = CARTESIAN_POINT ( 'NONE',  ( 73.43710854142003086, -25.90147116814989303, -21.73391490414299199 ) ) ;
#37 = CARTESIAN_POINT ( 'NONE',  ( 41.30000000000000426, 0.000000000000000000, 0.000000000000000000 ) ) ;
#38 = ADVANCED_FACE ( 'NONE', ( #3347 ), #2648, .F. ) ;
#39 = VERTEX_POINT ( 'NONE', #1015 ) ;
#40 = CARTESIAN_POINT ( 'NONE',  ( 69.63452057087401670, 8.047427656738289414, 5.937641136061227343 ) ) ;
#41 = CARTESIAN_POINT ( 'NONE',  ( 69.57028713879576287, 5.753386678072508253, -5.559031534202475200 ) ) ;
#42 = CARTESIAN_POINT ( 'NONE',  ( 85.00100000000000477, -8.999999999999854339, 15.58845726811997778 ) ) ;
#43 = CARTESIAN_POINT ( 'NONE',  ( 85.00100000000000477, -18.00000000000000000, -2.749999999999999556 ) ) ;
#44 = CARTESIAN_POINT ( 'NONE',  ( 69.30007476368578523, 9.999994766543689906, -0.09295590044075918712 ) ) ;
#45 = CARTESIAN_POINT ( 'NONE',  ( 73.43710854142003086, -24.00000000000000000, 0.7000000000000018430 ) ) ;
#46 = CARTESIAN_POINT ( 'NONE',  ( 70.55920409114584402, 6.396597313575004051, 4.804967933282470405 ) ) ;
#47 = CARTESIAN_POINT ( 'NONE',  ( 73.62043667358638288, 5.578828752610081487, 8.299271673463270105 ) ) ;
#48 = ORIENTED_EDGE ( 'NONE', *, *, #2042, .T. ) ;
#49 = DIRECTION ( 'NONE',  ( -1.000000000000000000, -0.000000000000000000, -0.000000000000000000 ) ) ;
#50 = CARTESIAN_POINT ( 'NONE',  ( 69.38825132211496793, -5.302274742568966026, 8.478979213676776538 ) ) ;
#51 = FACE_OUTER_BOUND ( 'NONE', #3945, .T. ) ;
#52 = EDGE_LOOP ( 'NONE', ( #3124, #3062 ) ) ;
#53 = CARTESIAN_POINT ( 'NONE',  ( 70.68161899798535330, -7.578860228885862860, -2.562821979536803241 ) ) ;
#54 = DIRECTION ( 'NONE',  ( -0.000000000000000000, 0.000000000000000000, 1.000000000000000000 ) ) ;
#55 = CARTESIAN_POINT ( 'NONE',  ( 69.64730396509261823, -4.517977523008530838, -6.602205783240521875 ) ) ;
#56 = EDGE_LOOP ( 'NONE', ( #402, #2184 ) ) ;
#57 = EDGE_LOOP ( 'NONE', ( #3032, #3839 ) ) ;
#58 = CARTESIAN_POINT ( 'NONE',  ( 77.56041628925872544, -9.241556086058665187, 3.820723049422423578 ) ) ;
#59 = EDGE_CURVE ( 'NONE', #250, #1852, #2990, .T. ) ;
#60 = DIRECTION ( 'NONE',  ( 0.000000000000000000, 0.3420201433256633283, -0.9396926207859103153 ) ) ;
#61 = CARTESIAN_POINT ( 'NONE',  ( 73.99631263256586067, 7.654231114921861590, -2.327427780033095139 ) ) ;
#62 = CARTESIAN_POINT ( 'NONE',  ( 76.81727175442981093, -5.593952739520975825, -8.289010359989045895 ) ) ;
#63 = VECTOR ( 'NONE', #4284, 1000.000000000000000 ) ;
#64 = B_SPLINE_CURVE_WITH_KNOTS ( 'NONE', 3,
 ( #3850, #3234, #3827, #857, #830, #794, #2210, #2186, #4198, #4180, #150, #3565, #3869, #126, #1459, #2890 ),
 .UNSPECIFIED., .F., .F.,
 ( 4, 2, 2, 2, 2, 2, 2, 4 ),
 ( 0.000000000000000000, 0.0002736485253891249802, 0.0005472970507782499603, 0.001094594101556469997, 0.001368242626945581153, 0.001641891152334692310, 0.001915539677723803466, 0.002189188203112914406 ),
 .UNSPECIFIED. ) ;
#65 = EDGE_CURVE ( 'NONE', #1135, #3279, #967, .T. ) ;
#66 = AXIS2_PLACEMENT_3D ( 'NONE', #1301, #993, #1017 ) ;
#67 = CARTESIAN_POINT ( 'NONE',  ( 73.43710854141983191, -7.969316156358251746, -0.7000000000052533089 ) ) ;
#68 = CARTESIAN_POINT ( 'NONE',  ( 77.00000000000001421, -4.138766007129752289, 27.50324775008779099 ) ) ;
#69 = ORIENTED_EDGE ( 'NONE', *, *, #1414, .F. ) ;
#70 = AXIS2_PLACEMENT_3D ( 'NONE', #1215, #3631, #1191 ) ;
#71 = CARTESIAN_POINT ( 'NONE',  ( 26.30000000000000426, -8.999999999999854339, 18.33845726811997778 ) ) ;
#72 = AXIS2_PLACEMENT_3D ( 'NONE', #471, #2204, #1100 ) ;
#73 = CARTESIAN_POINT ( 'NONE',  ( 77.00000000000001421, 16.39298785811530479, 28.39348785811511533 ) ) ;
#74 = CARTESIAN_POINT ( 'NONE',  ( 85.00100000000000477, -18.00000000000000000, 0.000000000000000000 ) ) ;
#75 = ORIENTED_EDGE ( 'NONE', *, *, #990, .T. ) ;
#76 = FACE_OUTER_BOUND ( 'NONE', #2847, .T. ) ;
#77 = AXIS2_PLACEMENT_3D ( 'NONE', #1938, #3248, #4296 ) ;
#78 = DIRECTION ( 'NONE',  ( -1.000000000000000000, -0.000000000000000000, -0.000000000000000000 ) ) ;
#79 = CARTESIAN_POINT ( 'NONE',  ( 73.62216329496398259, 3.378440295530180215, -7.251630242196435816 ) ) ;
#80 = AXIS2_PLACEMENT_3D ( 'NONE', #1849, #1825, #2878 ) ;
#81 = ORIENTED_EDGE ( 'NONE', *, *, #3079, .T. ) ;
#82 = ORIENTED_EDGE ( 'NONE', *, *, #1522, .T. ) ;
#83 = CARTESIAN_POINT ( 'NONE',  ( 73.43710854142003086, -25.45151984136932199, -22.27014601432628282 ) ) ;
#84 = CARTESIAN_POINT ( 'NONE',  ( 76.81663884680025944, -3.395064036401029384, -7.243948086575623613 ) ) ;
#85 = CARTESIAN_POINT ( 'NONE',  ( 76.63374405134041467, -9.166031560113726329, -4.000076437616110425 ) ) ;
#86 = CARTESIAN_POINT ( 'NONE',  ( 74.04884823196674404, -1.734984368817053646, -7.810059758182135603 ) ) ;
#87 = CARTESIAN_POINT ( 'NONE',  ( 85.00000000000000000, 0.000000000000000000, 0.000000000000000000 ) ) ;
#88 = EDGE_CURVE ( 'NONE', #3028, #3263, #3679, .T. ) ;
#89 = CARTESIAN_POINT ( 'NONE',  ( 72.73718330510581609, 9.428714080410495413, -3.332849669606588794 ) ) ;
#90 = CARTESIAN_POINT ( 'NONE',  ( 69.38828058685216149, -7.631208478519102556, -2.402468061560569801 ) ) ;
#91 = DIRECTION ( 'NONE',  ( -0.000000000000000000, 0.7660444431189770143, -0.6427876096865404731 ) ) ;
#92 = ORIENTED_EDGE ( 'NONE', *, *, #2543, .T. ) ;
#93 = EDGE_CURVE ( 'NONE', #3794, #1871, #2930, .T. ) ;
#94 = CARTESIAN_POINT ( 'NONE',  ( 73.78998107740530088, -1.131057027480078414, 9.935892036525288518 ) ) ;
#95 = CYLINDRICAL_SURFACE ( 'NONE', #1281, 0.7000000000000022871 ) ;
#96 = CARTESIAN_POINT ( 'NONE',  ( 76.43958974620022673, 1.810219369904885856, 7.792778432529753552 ) ) ;
#97 = ORIENTED_EDGE ( 'NONE', *, *, #3415, .T. ) ;
#98 = CARTESIAN_POINT ( 'NONE',  ( 70.00000000000000000, 0.6944918006948505029, 7.969798061354350871 ) ) ;
#99 = CARTESIAN_POINT ( 'NONE',  ( 73.43710854142003086, 9.134461366488524803, -4.069596484189621499 ) ) ;
#100 = CARTESIAN_POINT ( 'NONE',  ( 73.43710854142003086, 3.378440295530180215, -7.251630242196436704 ) ) ;
#101 = ORIENTED_EDGE ( 'NONE', *, *, #88, .F. ) ;
#102 = VERTEX_POINT ( 'NONE', #3164 ) ;
#103 = CARTESIAN_POINT ( 'NONE',  ( 26.30000000000000426, 0.000000000000000000, 0.000000000000000000 ) ) ;
#104 = CYLINDRICAL_SURFACE ( 'NONE', #836, 0.7000000000000005107 ) ;
#105 = DIRECTION ( 'NONE',  ( -1.000000000000000000, -0.000000000000000000, -0.000000000000000000 ) ) ;
#106 = CARTESIAN_POINT ( 'NONE',  ( 70.42973211210464513, -9.190754382252217525, 3.941359841129377983 ) ) ;
#107 = CARTESIAN_POINT ( 'NONE',  ( 73.00657962768573839, -0.8348842636891024016, 7.956579213077418444 ) ) ;
#108 = EDGE_CURVE ( 'NONE', #2977, #1098, #1560, .T. ) ;
#109 = CARTESIAN_POINT ( 'NONE',  ( 77.09138514484497762, 8.091604621704302502, 5.875877351171794771 ) ) ;
#110 = CARTESIAN_POINT ( 'NONE',  ( 26.30000000000000426, 9.000000000000181188, 15.58845726811978949 ) ) ;
#111 = ORIENTED_EDGE ( 'NONE', *, *, #2557, .T. ) ;
#112 = CARTESIAN_POINT ( 'NONE',  ( 77.00000000000029843, 2.421587599005925906, 9.702366386626549044 ) ) ;
#113 = ADVANCED_FACE ( 'NONE', ( #76 ), #427, .F. ) ;
#114 = CARTESIAN_POINT ( 'NONE',  ( 69.37585270615919342, -7.635759126387090312, 2.389962467220319908 ) ) ;
#115 = DIRECTION ( 'NONE',  ( -1.000000000000000000, -0.000000000000000000, -0.000000000000000000 ) ) ;
#116 = ORIENTED_EDGE ( 'NONE', *, *, #2965, .F. ) ;
#117 = CARTESIAN_POINT ( 'NONE',  ( 77.36629917073253182, 7.976690584523712602, 0.6238304319761305283 ) ) ;
#118 = ORIENTED_EDGE ( 'NONE', *, *, #2179, .F. ) ;
#119 = B_SPLINE_CURVE_WITH_KNOTS ( 'NONE', 3,
 ( #99, #1455, #1853, #1475, #4152, #2821, #2143, #3497, #451, #4173, #4322, #272, #1981, #3623, #3646, #604 ),
 .UNSPECIFIED., .F., .F.,
 ( 4, 2, 2, 2, 2, 2, 2, 4 ),
 ( 0.000000000000000000, 0.0002736485253891016698, 0.0005472970507782033396, 0.001094594101556437687, 0.001368242626945556000, 0.001641891152334674095, 0.001915539677723792408, 0.002189188203112910503 ),
 .UNSPECIFIED. ) ;
#120 = ADVANCED_FACE ( 'NONE', ( #403 ), #3144, .F. ) ;
#121 = FACE_OUTER_BOUND ( 'NONE', #1954, .T. ) ;
#122 = CARTESIAN_POINT ( 'NONE',  ( 70.70003269886106523, 10.00000228892012721, -0.09109313731424549532 ) ) ;
#123 = EDGE_LOOP ( 'NONE', ( #3904, #4325, #81, #2778 ) ) ;
#124 = ORIENTED_EDGE ( 'NONE', *, *, #3953, .F. ) ;
#125 = CARTESIAN_POINT ( 'NONE',  ( 73.61985167632444416, 3.378440295530157123, 7.251630242196450915 ) ) ;
#126 = CARTESIAN_POINT ( 'NONE',  ( 77.18305898564280199, 2.403941057938534964, 9.706817543327295184 ) ) ;
#127 = CARTESIAN_POINT ( 'NONE',  ( 22.30000000000000426, 0.000000000000000000, 14.22050000000000125 ) ) ;
#128 = DIRECTION ( 'NONE',  ( 0.000000000000000000, -0.9848077530122064660, 0.1736481776669396571 ) ) ;
#129 = LINE ( 'NONE', #2169, #3888 ) ;
#130 = CARTESIAN_POINT ( 'NONE',  ( 73.25374738822026188, -0.7127404592873060052, 7.968264850641023855 ) ) ;
#131 = FACE_BOUND ( 'NONE', #2358, .T. ) ;
#132 = AXIS2_PLACEMENT_3D ( 'NONE', #2604, #3566, #2281 ) ;
#133 = DIRECTION ( 'NONE',  ( 1.000000000000000000, 0.000000000000000000, 0.000000000000000000 ) ) ;
#134 = ORIENTED_EDGE ( 'NONE', *, *, #2685, .T. ) ;
#135 = CARTESIAN_POINT ( 'NONE',  ( 0.000000000000000000, 0.000000000000000000, 0.000000000000000000 ) ) ;
#136 = CARTESIAN_POINT ( 'NONE',  ( 69.99999999999980105, -7.249293484509978569, 3.383451488560342391 ) ) ;
#137 = CARTESIAN_POINT ( 'NONE',  ( 70.00000000000000000, -3.378440295530283244, -7.251630242196391407 ) ) ;
#138 = CIRCLE ( 'NONE', #1707, 2.749999999999999556 ) ;
#139 = ORIENTED_EDGE ( 'NONE', *, *, #2022, .F. ) ;
#140 = EDGE_CURVE ( 'NONE', #3794, #366, #3820, .T. ) ;
#141 = AXIS2_PLACEMENT_3D ( 'NONE', #1633, #4351, #2919 ) ;
#142 = VERTEX_POINT ( 'NONE', #98 ) ;
#143 = LINE ( 'NONE', #3516, #2547 ) ;
#144 = CARTESIAN_POINT ( 'NONE',  ( 70.55983091159237119, 1.810717587394117922, -7.792656228204466018 ) ) ;
#145 = ORIENTED_EDGE ( 'NONE', *, *, #65, .T. ) ;
#146 = ORIENTED_EDGE ( 'NONE', *, *, #363, .F. ) ;
#147 = CIRCLE ( 'NONE', #2618, 8.000000000000000000 ) ;
#148 = EDGE_CURVE ( 'NONE', #292, #2514, #3729, .T. ) ;
#149 = CARTESIAN_POINT ( 'NONE',  ( 70.00000000000000000, 7.191701968143202173, 6.948339571538315163 ) ) ;
#150 = CARTESIAN_POINT ( 'NONE',  ( 77.56041628925873965, 2.157898308032858647, 9.764617678349967633 ) ) ;
#151 = CARTESIAN_POINT ( 'NONE',  ( 77.09138514484496341, 9.975469913743417294, -0.6999999999999274580 ) ) ;
#152 = CARTESIAN_POINT ( 'NONE',  ( 76.81497915877277194, -4.381517174222642197, -8.989010359989142884 ) ) ;
#153 = CARTESIAN_POINT ( 'NONE',  ( 73.80340771215257689, -7.976690584523712602, 0.6238304319761304173 ) ) ;
#154 = DIRECTION ( 'NONE',  ( 0.000000000000000000, -0.8660254037844425934, -0.4999999999999932832 ) ) ;
#155 = CARTESIAN_POINT ( 'NONE',  ( 73.99631263256587488, 7.359522951379791067, 3.137131804693876092 ) ) ;
#156 = ORIENTED_EDGE ( 'NONE', *, *, #3829, .T. ) ;
#157 = B_SPLINE_CURVE_WITH_KNOTS ( 'NONE', 3,
 ( #2284, #409, #2082, #1063, #2438, #2723, #2058, #2393, #3745, #3722, #58, #1682, #349, #3398, #4117, #706 ),
 .UNSPECIFIED., .F., .F.,
 ( 4, 2, 2, 2, 2, 2, 2, 4 ),
 ( 0.000000000000000000, 0.0002736485253891252512, 0.0005472970507782505024, 0.001094594101556471515, 0.001368242626945582671, 0.001641891152334694261, 0.001915539677723804768, 0.002189188203112915274 ),
 .UNSPECIFIED. ) ;
#158 = CARTESIAN_POINT ( 'NONE',  ( 76.30007476368578523, 1.828024559331543841, 9.831930753458783201 ) ) ;
#159 = CARTESIAN_POINT ( 'NONE',  ( 70.00000000000000000, -7.728121685168154897, 2.067881819455296366 ) ) ;
#160 = CARTESIAN_POINT ( 'NONE',  ( 0.000000000000000000, 1.469576158976823947E-15, -12.00000000000000000 ) ) ;
#161 = ORIENTED_EDGE ( 'NONE', *, *, #2018, .T. ) ;
#162 = VERTEX_POINT ( 'NONE', #745 ) ;
#163 = FACE_OUTER_BOUND ( 'NONE', #4019, .T. ) ;
#164 = CARTESIAN_POINT ( 'NONE',  ( 69.31805170002294858, 1.556330094396602526, 9.878514189336526030 ) ) ;
#165 = EDGE_CURVE ( 'NONE', #1098, #4169, #1973, .T. ) ;
#166 = ORIENTED_EDGE ( 'NONE', *, *, #1586, .T. ) ;
#167 = ORIENTED_EDGE ( 'NONE', *, *, #3135, .F. ) ;
#168 = CARTESIAN_POINT ( 'NONE',  ( 74.11903612820337628, 4.157459007699274345, 6.835403337456803285 ) ) ;
#169 = CARTESIAN_POINT ( 'NONE',  ( 73.62043667358638288, -9.976794478432829294, 0.6817715863917027663 ) ) ;
#170 = CARTESIAN_POINT ( 'NONE',  ( 77.18332813216635202, 9.976794478432831070, 0.6817715863917027663 ) ) ;
#171 = EDGE_CURVE ( 'NONE', #3421, #2782, #2728, .T. ) ;
#172 = LINE ( 'NONE', #1525, #1839 ) ;
#173 = CARTESIAN_POINT ( 'NONE',  ( 73.43710854142032929, -7.191701968140015389, -6.948339571541609416 ) ) ;
#174 = CARTESIAN_POINT ( 'NONE',  ( 72.73717451054042726, -6.245965671510040451, -5.002129606540090201 ) ) ;
#175 = CARTESIAN_POINT ( 'NONE',  ( 78.38119784648294797, 0.000000000000000000, 8.000000000000000000 ) ) ;
#176 = ORIENTED_EDGE ( 'NONE', *, *, #929, .T. ) ;
#177 = CARTESIAN_POINT ( 'NONE',  ( 76.64730396509264665, 0.7828444984307049159, -7.961683025211547360 ) ) ;
#178 = CARTESIAN_POINT ( 'NONE',  ( 69.64730396509261823, 7.976666690803097204, -0.6115804170321833544 ) ) ;
#179 = CARTESIAN_POINT ( 'NONE',  ( 70.70003269886107944, -9.428084046620659464, -3.334602667174987101 ) ) ;
#180 = EDGE_LOOP ( 'NONE', ( #4279, #1167 ) ) ;
#181 = CARTESIAN_POINT ( 'NONE',  ( 73.34455964667169781, 3.378440295530179771, -7.251630242196438481 ) ) ;
#182 = EDGE_LOOP ( 'NONE', ( #3571, #2524 ) ) ;
#183 = CYLINDRICAL_SURFACE ( 'NONE', #1138, 0.7000000000000008438 ) ;
#184 = CARTESIAN_POINT ( 'NONE',  ( 72.87669828762022917, -0.9642374124958325021, -7.941947876813538088 ) ) ;
#185 = EDGE_LOOP ( 'NONE', ( #942, #962 ) ) ;
#186 = ORIENTED_EDGE ( 'NONE', *, *, #841, .T. ) ;
#187 = EDGE_CURVE ( 'NONE', #4045, #398, #2966, .T. ) ;
#188 = LINE ( 'NONE', #4282, #1789 ) ;
#189 = FACE_OUTER_BOUND ( 'NONE', #269, .T. ) ;
#190 = CARTESIAN_POINT ( 'NONE',  ( 77.35287253598522739, 9.981349502321656075, 0.6114758158766288032 ) ) ;
#191 = CARTESIAN_POINT ( 'NONE',  ( 77.00000000000001421, 28.90718904969259739, 10.52135637039381599 ) ) ;
#192 = EDGE_CURVE ( 'NONE', #827, #4169, #1187, .T. ) ;
#193 = CARTESIAN_POINT ( 'NONE',  ( 70.56041628925872544, 2.157898308032858647, 9.764617678349967633 ) ) ;
#194 = B_SPLINE_CURVE_WITH_KNOTS ( 'NONE', 3,
 ( #557, #494, #2225, #1854, #3210, #2864, #1228, #534, #164, #1915, #2577, #1518, #1184, #3517 ),
 .UNSPECIFIED., .F., .F.,
 ( 4, 2, 2, 2, 2, 2, 4 ),
 ( 0.002189188203112914406, 0.002736359354753678530, 0.003009944930574060158, 0.003283530506394441786, 0.003557116082214823415, 0.003830701658035205043, 0.004377872809675969167 ),
 .UNSPECIFIED. ) ;
#195 = CARTESIAN_POINT ( 'NONE',  ( 73.34571572478330381, -5.654899030256425263, -5.658808793165308160 ) ) ;
#196 = B_SPLINE_CURVE_WITH_KNOTS ( 'NONE', 3,
 ( #3489, #3113, #4161, #2172, #1509, #2153, #3524, #2833, #2462, #90, #2854, #1445, #480, #1424, #800, #2809 ),
 .UNSPECIFIED., .F., .F.,
 ( 4, 2, 2, 2, 2, 2, 2, 4 ),
 ( 0.000000000000000000, 0.0002736956474133497245, 0.0005473912948266994490, 0.001094782589653368757, 0.001368478237066703086, 0.001642173884480037848, 0.001915869531893372394, 0.002189565179306707157 ),
 .UNSPECIFIED. ) ;
#197 = CARTESIAN_POINT ( 'NONE',  ( 70.62417195950935422, 7.891046841830116954, -6.143948346071056221 ) ) ;
#198 = ORIENTED_EDGE ( 'NONE', *, *, #2072, .F. ) ;
#199 = EDGE_CURVE ( 'NONE', #1871, #3794, #3785, .T. ) ;
#200 = CARTESIAN_POINT ( 'NONE',  ( 76.37585270615920763, 1.748111352489450265, -7.807742614240243739 ) ) ;
#201 = CARTESIAN_POINT ( 'NONE',  ( 69.81663884680024523, 7.970975084870675076, 0.6817623402896232365 ) ) ;
#202 = CARTESIAN_POINT ( 'NONE',  ( 76.63452057087401670, -9.165861890753680186, 4.000456217822178751 ) ) ;
#203 = EDGE_LOOP ( 'NONE', ( #1373, #3374 ) ) ;
#204 = CARTESIAN_POINT ( 'NONE',  ( 73.61985167632442995, -2.073222654911973883, 7.726690612620633836 ) ) ;
#205 = ORIENTED_EDGE ( 'NONE', *, *, #4125, .T. ) ;
#206 = CARTESIAN_POINT ( 'NONE',  ( 70.00000000000000000, -4.381517174222641309, -8.989010359989141108 ) ) ;
#207 = CARTESIAN_POINT ( 'NONE',  ( 73.00739568021580794, -0.8340733018101915697, -7.956670886299572309 ) ) ;
#208 = LINE ( 'NONE', #535, #1921 ) ;
#209 = ORIENTED_EDGE ( 'NONE', *, *, #653, .T. ) ;
#210 = B_SPLINE_CURVE_WITH_KNOTS ( 'NONE', 3,
 ( #1904, #1529, #3570, #1578, #525, #4221, #908, #1618, #1194, #1551, #2545, #2897, #3895, #3262 ),
 .UNSPECIFIED., .F., .F.,
 ( 4, 2, 2, 2, 2, 2, 4 ),
 ( 0.002189565179306701085, 0.002736829203537973019, 0.003010461215653594674, 0.003284093227769216763, 0.003557725239884837985, 0.003831357252000460074, 0.004378621276231732876 ),
 .UNSPECIFIED. ) ;
#211 = VERTEX_POINT ( 'NONE', #332 ) ;
#212 = AXIS2_PLACEMENT_3D ( 'NONE', #1108, #3852, #4159 ) ;
#213 = DIRECTION ( 'NONE',  ( 0.000000000000000000, 0.000000000000000000, 1.000000000000000000 ) ) ;
#214 = CARTESIAN_POINT ( 'NONE',  ( 72.82582456632033541, -7.428920222231098158, -6.694648405084718590 ) ) ;
#215 = CARTESIAN_POINT ( 'NONE',  ( 73.78998107740530088, 9.588537519003082821, 2.839223275399276769 ) ) ;
#216 = AXIS2_PLACEMENT_3D ( 'NONE', #2724, #2764, #4076 ) ;
#217 = CARTESIAN_POINT ( 'NONE',  ( 69.30007476368578523, 7.600689521079068811, -6.499081083852296992 ) ) ;
#218 = AXIS2_PLACEMENT_3D ( 'NONE', #461, #3836, #817 ) ;
#219 = CARTESIAN_POINT ( 'NONE',  ( 76.64730396509258981, 6.503597507497230090, 4.658804735459585622 ) ) ;
#220 = FACE_BOUND ( 'NONE', #1937, .T. ) ;
#221 = CARTESIAN_POINT ( 'NONE',  ( 70.68189213675293558, 1.556167833410302404, -9.878538998013372208 ) ) ;
#222 = CARTESIAN_POINT ( 'NONE',  ( 22.30000000000000426, 2.939152317953647894E-15, -24.00000000000000000 ) ) ;
#223 = EDGE_CURVE ( 'NONE', #2276, #2673, #666, .T. ) ;
#224 = VECTOR ( 'NONE', #20, 1000.000000000000000 ) ;
#225 = CARTESIAN_POINT ( 'NONE',  ( 0.000000000000000000, 1.619044300812758254E-15, -13.22049999999999947 ) ) ;
#226 = CARTESIAN_POINT ( 'NONE',  ( 70.55983091159234277, -4.366763355259627666, 6.703399665202269375 ) ) ;
#227 = CARTESIAN_POINT ( 'NONE',  ( 69.64710261100196931, 1.987306838342357551, -7.749313209733100116 ) ) ;
#228 = EDGE_CURVE ( 'NONE', #3354, #4040, #3685, .T. ) ;
#229 = ORIENTED_EDGE ( 'NONE', *, *, #59, .F. ) ;
#230 = CARTESIAN_POINT ( 'NONE',  ( 77.00000000000001421, 6.554801683817454538, -4.586346572798861487 ) ) ;
#231 = ORIENTED_EDGE ( 'NONE', *, *, #2096, .T. ) ;
#232 = FACE_BOUND ( 'NONE', #1121, .T. ) ;
#233 = CARTESIAN_POINT ( 'NONE',  ( 70.61126478936334649, 1.040056012286290743, -7.932557113509613345 ) ) ;
#234 = LINE ( 'NONE', #3320, #1716 ) ;
#235 = VERTEX_POINT ( 'NONE', #3360 ) ;
#236 = ORIENTED_EDGE ( 'NONE', *, *, #3665, .F. ) ;
#237 = B_SPLINE_CURVE_WITH_KNOTS ( 'NONE', 3,
 ( #21, #1105, #84, #2394, #3423, #1352, #3746, #1044, #2417, #1439, #707, #393, #1683, #1022, #1376, #3789 ),
 .UNSPECIFIED., .F., .F.,
 ( 4, 2, 2, 2, 2, 2, 2, 4 ),
 ( 0.000000000000000000, 0.0002736956474133478813, 0.0005473912948266957627, 0.001094782589653362686, 0.001368478237066698099, 0.001642173884480033728, 0.001915869531893368708, 0.002189565179306704121 ),
 .UNSPECIFIED. ) ;
#238 = CARTESIAN_POINT ( 'NONE',  ( 26.30000000000000426, 8.999999999999962697, -15.58845726811991561 ) ) ;
#239 = CARTESIAN_POINT ( 'NONE',  ( 70.09253170642541875, -5.593952739520735129, 8.289010359989211096 ) ) ;
#240 = CARTESIAN_POINT ( 'NONE',  ( 0.000000000000000000, 0.000000000000000000, 10.00000000000000000 ) ) ;
#241 = CARTESIAN_POINT ( 'NONE',  ( 77.00000000000001421, 29.14660315002060642, -9.863571535844135596 ) ) ;
#242 = CARTESIAN_POINT ( 'NONE',  ( 77.36548765893749646, -7.282083097610391853, 3.314809479763213496 ) ) ;
#243 = CARTESIAN_POINT ( 'NONE',  ( 70.00000000000029843, -9.134461366486663181, 4.069596484193808372 ) ) ;
#244 = CARTESIAN_POINT ( 'NONE',  ( 77.18274313490442751, -4.590875860828607991, -6.551630242196305964 ) ) ;
#245 = DIRECTION ( 'NONE',  ( 0.000000000000000000, 0.000000000000000000, 1.000000000000000000 ) ) ;
#246 = EDGE_CURVE ( 'NONE', #1542, #1724, #3258, .T. ) ;
#247 = CARTESIAN_POINT ( 'NONE',  ( 70.36629917073253182, 0.7707847378405358052, 7.963833748704255200 ) ) ;
#248 = CYLINDRICAL_SURFACE ( 'NONE', #3763, 10.09999999999999787 ) ;
#249 = CARTESIAN_POINT ( 'NONE',  ( 76.44079562782332005, 1.310616089446807520, -9.913952491506796250 ) ) ;
#250 = VERTEX_POINT ( 'NONE', #4160 ) ;
#251 = EDGE_CURVE ( 'NONE', #3158, #2782, #3005, .T. ) ;
#252 = CARTESIAN_POINT ( 'NONE',  ( 73.43710854142003086, 28.66657053333822347, 11.17870283336066883 ) ) ;
#253 = DIRECTION ( 'NONE',  ( -0.000000000000000000, 0.7660444431189771253, -0.6427876096865405842 ) ) ;
#254 = CARTESIAN_POINT ( 'NONE',  ( 70.70003269886105102, 7.718999724597475520, 6.358096176508941433 ) ) ;
#255 = CARTESIAN_POINT ( 'NONE',  ( 77.69992722027566856, 6.188123948338537517, 5.071061760834865595 ) ) ;
#256 = VERTEX_POINT ( 'NONE', #1132 ) ;
#257 = ORIENTED_EDGE ( 'NONE', *, *, #3982, .F. ) ;
#258 = ADVANCED_FACE ( 'NONE', ( #3523 ), #4183, .F. ) ;
#259 = DIRECTION ( 'NONE',  ( -0.000000000000000000, 0.1736481776669404897, 0.9848077530122062440 ) ) ;
#260 = DIRECTION ( 'NONE',  ( 0.000000000000000000, 0.000000000000000000, 1.000000000000000000 ) ) ;
#261 = CYLINDRICAL_SURFACE ( 'NONE', #2820, 0.7000000000000019540 ) ;
#262 = CARTESIAN_POINT ( 'NONE',  ( 69.29992569189747087, 7.719473327371551008, -6.357536289973269028 ) ) ;
#263 = CARTESIAN_POINT ( 'NONE',  ( 70.00000000000029843, -5.593952739524650219, -8.289010359986569654 ) ) ;
#264 = CARTESIAN_POINT ( 'NONE',  ( 72.73707562519642522, -1.478910824963673321, 7.862643939183686648 ) ) ;
#265 = CARTESIAN_POINT ( 'NONE',  ( 77.61126478936336071, -4.302220296950412859, -6.745226414605570042 ) ) ;
#266 = DIRECTION ( 'NONE',  ( 0.000000000000000000, 0.9848077530122081313, 0.1736481776669296373 ) ) ;
#267 = CARTESIAN_POINT ( 'NONE',  ( 26.30000000000000426, 9.000000000000181188, 18.33845726811978949 ) ) ;
#268 = CARTESIAN_POINT ( 'NONE',  ( 77.00000000000029843, 1.042856744779703915, -9.945473835361866577 ) ) ;
#269 = EDGE_LOOP ( 'NONE', ( #587, #4208, #2781, #1176 ) ) ;
#270 = CARTESIAN_POINT ( 'NONE',  ( 0.000000000000000000, 0.000000000000000000, 24.00000000000000000 ) ) ;
#271 = ORIENTED_EDGE ( 'NONE', *, *, #1154, .T. ) ;
#272 = CARTESIAN_POINT ( 'NONE',  ( 73.86684065352466178, 9.573983593789733959, -2.888446235954674091 ) ) ;
#273 = CARTESIAN_POINT ( 'NONE',  ( 73.34571572478331802, -0.6944918006949197808, -7.969798061354354424 ) ) ;
#274 = LINE ( 'NONE', #4258, #2136 ) ;
#275 = ORIENTED_EDGE ( 'NONE', *, *, #3849, .T. ) ;
#276 = EDGE_CURVE ( 'NONE', #913, #3247, #2788, .T. ) ;
#277 = CARTESIAN_POINT ( 'NONE',  ( 74.04885019795740675, -7.882482560357468415, 6.154157923442682865 ) ) ;
#278 = AXIS2_PLACEMENT_3D ( 'NONE', #1295, #626, #1982 ) ;
#279 = CARTESIAN_POINT ( 'NONE',  ( 73.43710854142003086, -1.042856744784256717, 9.945473835361390513 ) ) ;
#280 = CARTESIAN_POINT ( 'NONE',  ( 73.61985167632444416, 4.590875860828520061, -6.551630242196369025 ) ) ;
#281 = CARTESIAN_POINT ( 'NONE',  ( 69.81690483603884445, -3.394996425614742019, 7.243979664019496667 ) ) ;
#282 = EDGE_CURVE ( 'NONE', #366, #1605, #3744, .T. ) ;
#283 = ORIENTED_EDGE ( 'NONE', *, *, #1906, .T. ) ;
#284 = CARTESIAN_POINT ( 'NONE',  ( 69.81497915877278615, -4.381517174222642197, -8.989010359989142884 ) ) ;
#285 = DIRECTION ( 'NONE',  ( -0.000000000000000000, 1.000000000000000000, -0.000000000000000000 ) ) ;
#286 = CARTESIAN_POINT ( 'NONE',  ( 77.62417195950938265, -4.680342061349151983, -8.838049543191775825 ) ) ;
#287 = CARTESIAN_POINT ( 'NONE',  ( 85.00100000000000477, 18.00000000000000000, 2.749999999999999556 ) ) ;
#288 = CARTESIAN_POINT ( 'NONE',  ( 76.29996708377640857, 8.000002880169382991, -0.09110905475474719017 ) ) ;
#289 = CIRCLE ( 'NONE', #4247, 8.000000000000000000 ) ;
#290 = CARTESIAN_POINT ( 'NONE',  ( 43.29999999999999716, 0.000000000000000000, 0.000000000000000000 ) ) ;
#291 = CARTESIAN_POINT ( 'NONE',  ( 76.81727175442983935, 1.042856744784110168, -9.945473835361404724 ) ) ;
#292 = VERTEX_POINT ( 'NONE', #3488 ) ;
#293 = CIRCLE ( 'NONE', #2142, 24.00000000000000000 ) ;
#294 = CARTESIAN_POINT ( 'NONE',  ( 73.08441250651266330, 4.517977523008441132, -6.602205783240584935 ) ) ;
#295 = EDGE_LOOP ( 'NONE', ( #4163, #3886, #647, #766 ) ) ;
#296 = FACE_BOUND ( 'NONE', #3211, .T. ) ;
#297 = CARTESIAN_POINT ( 'NONE',  ( 70.18332813216633781, 7.204433641974729241, 6.935227210357388650 ) ) ;
#298 = CARTESIAN_POINT ( 'NONE',  ( 73.62016752706281864, -7.204380053452780430, -6.935282797038700764 ) ) ;
#299 = ORIENTED_EDGE ( 'NONE', *, *, #412, .F. ) ;
#300 = CARTESIAN_POINT ( 'NONE',  ( 69.37585270615917921, 5.887647773897703551, 5.417780147019900738 ) ) ;
#301 = EDGE_CURVE ( 'NONE', #2546, #2166, #460, .T. ) ;
#302 = CARTESIAN_POINT ( 'NONE',  ( 73.43710854142032929, -7.191701968140015389, -6.948339571541609416 ) ) ;
#303 = CARTESIAN_POINT ( 'NONE',  ( 74.11900067817299487, 9.333149641260041207, 3.591588622721092694 ) ) ;
#304 = CARTESIAN_POINT ( 'NONE',  ( 73.25208770019283122, -1.042856744784256717, 9.945473835361392290 ) ) ;
#305 = EDGE_LOOP ( 'NONE', ( #2010, #3678, #1006, #1210 ) ) ;
#306 = DIRECTION ( 'NONE',  ( -1.000000000000000000, -0.000000000000000000, -0.000000000000000000 ) ) ;
#307 = ADVANCED_FACE ( 'NONE', ( #568, #3588, #883, #3893, #220, #3611, #3872, #1616 ), #545, .F. ) ;
#308 = LINE ( 'NONE', #375, #4376 ) ;
#309 = CARTESIAN_POINT ( 'NONE',  ( 77.00000000000029843, -5.593952739524650219, -8.289010359986569654 ) ) ;
#310 = CARTESIAN_POINT ( 'NONE',  ( 69.29992569189747087, 10.00000520156549122, 0.09182646127890606302 ) ) ;
#311 = CARTESIAN_POINT ( 'NONE',  ( 73.25438029584989863, 9.613289567144516212, -2.754026815089209990 ) ) ;
#312 = FACE_BOUND ( 'NONE', #1511, .T. ) ;
#313 = FACE_OUTER_BOUND ( 'NONE', #893, .T. ) ;
#314 = ORIENTED_EDGE ( 'NONE', *, *, #2288, .T. ) ;
#315 = CARTESIAN_POINT ( 'NONE',  ( 72.73707562519638259, 7.548704804726646067, -2.650547625241535421 ) ) ;
#316 = VERTEX_POINT ( 'NONE', #833 ) ;
#317 = CARTESIAN_POINT ( 'NONE',  ( 72.73718330510583030, 9.365128499627116909, 3.507549617011844756 ) ) ;
#318 = CARTESIAN_POINT ( 'NONE',  ( 70.70007234839454213, 6.187427275244036018, -5.071911779178404522 ) ) ;
#319 = CARTESIAN_POINT ( 'NONE',  ( 76.90860718336330137, -7.728121685168166444, -2.067881819455260395 ) ) ;
#320 = EDGE_LOOP ( 'NONE', ( #2135, #4260 ) ) ;
#321 = CARTESIAN_POINT ( 'NONE',  ( 69.99999999999980105, 6.554801683820541847, 4.586346572794449017 ) ) ;
#322 = CARTESIAN_POINT ( 'NONE',  ( 76.63374405134041467, 8.047183592111995409, -5.937977964140310760 ) ) ;
#323 = DIRECTION ( 'NONE',  ( -0.000000000000000000, -0.5000000000000039968, -0.8660254037844363761 ) ) ;
#324 = DIRECTION ( 'NONE',  ( 0.000000000000000000, 0.000000000000000000, 1.000000000000000000 ) ) ;
#325 = ORIENTED_EDGE ( 'NONE', *, *, #1851, .T. ) ;
#326 = CARTESIAN_POINT ( 'NONE',  ( 69.44079562782333426, 7.930426664833569284, 6.092003073822878534 ) ) ;
#327 = FACE_OUTER_BOUND ( 'NONE', #2079, .T. ) ;
#328 = CARTESIAN_POINT ( 'NONE',  ( 77.36548765893749646, 5.709188137408403918, -5.605521112198775135 ) ) ;
#329 = CARTESIAN_POINT ( 'NONE',  ( 70.00000000000029843, 1.042856744779703915, -9.945473835361866577 ) ) ;
#330 = CARTESIAN_POINT ( 'NONE',  ( 77.00000000000029843, 7.191701968139922130, -6.948339571541708004 ) ) ;
#331 = EDGE_CURVE ( 'NONE', #3738, #530, #1550, .T. ) ;
#332 = CARTESIAN_POINT ( 'NONE',  ( 26.30000000000000426, 9.000000000000181188, 12.83845726811979127 ) ) ;
#333 = CARTESIAN_POINT ( 'NONE',  ( 38.00000000000000711, 0.000000000000000000, 10.09999999999999787 ) ) ;
#334 = DIRECTION ( 'NONE',  ( 0.000000000000000000, 0.9848077530122081313, 0.1736481776669296373 ) ) ;
#335 = ORIENTED_EDGE ( 'NONE', *, *, #2965, .T. ) ;
#336 = EDGE_CURVE ( 'NONE', #2683, #3321, #2157, .T. ) ;
#337 = CYLINDRICAL_SURFACE ( 'NONE', #3410, 0.7000000000000008438 ) ;
#338 = CARTESIAN_POINT ( 'NONE',  ( 73.07162911229404756, -1.118434234015595052, -9.938097353883426521 ) ) ;
#339 = CARTESIAN_POINT ( 'NONE',  ( 70.61126478936336071, 5.895678554439202301, -5.408156178450327367 ) ) ;
#340 = DIRECTION ( 'NONE',  ( 0.000000000000000000, 0.000000000000000000, 1.000000000000000000 ) ) ;
#341 = ORIENTED_EDGE ( 'NONE', *, *, #3026, .F. ) ;
#342 = ORIENTED_EDGE ( 'NONE', *, *, #4078, .F. ) ;
#343 = AXIS2_PLACEMENT_3D ( 'NONE', #3008, #4350, #1725 ) ;
#344 = CARTESIAN_POINT ( 'NONE',  ( 77.68189213675299243, -9.458236085261434667, -3.247916442347376531 ) ) ;
#345 = DIRECTION ( 'NONE',  ( -1.000000000000000000, 0.000000000000000000, 0.000000000000000000 ) ) ;
#346 = CARTESIAN_POINT ( 'NONE',  ( 70.00000000000000000, -4.590875860828400157, 6.551630242196448961 ) ) ;
#347 = VERTEX_POINT ( 'NONE', #3936 ) ;
#348 = AXIS2_PLACEMENT_3D ( 'NONE', #1011, #3003, #4367 ) ;
#349 = CARTESIAN_POINT ( 'NONE',  ( 77.35269246556353551, -9.170219764604933488, 3.988522144646845291 ) ) ;
#350 = DIRECTION ( 'NONE',  ( 0.000000000000000000, 0.000000000000000000, 1.000000000000000000 ) ) ;
#351 = CARTESIAN_POINT ( 'NONE',  ( 77.55983091159237119, 6.396113015917546996, -4.805614170934071616 ) ) ;
#352 = CARTESIAN_POINT ( 'NONE',  ( 70.18274313490439908, 7.969316156358701164, -0.7000000000001391776 ) ) ;
#353 = AXIS2_PLACEMENT_3D ( 'NONE', #191, #2631, #2347 ) ;
#354 = CARTESIAN_POINT ( 'NONE',  ( 77.56041628925873965, 7.377457813677327891, -6.751103592714833290 ) ) ;
#355 = CARTESIAN_POINT ( 'NONE',  ( 69.81497915877277194, -9.134461366488585199, -4.069596484189503371 ) ) ;
#356 = EDGE_CURVE ( 'NONE', #3441, #3710, #616, .T. ) ;
#357 = CARTESIAN_POINT ( 'NONE',  ( 69.99999999999980105, -7.249293484509978569, 3.383451488560342391 ) ) ;
#358 = CARTESIAN_POINT ( 'NONE',  ( 22.30000000000000426, -8.999999999999854339, 18.33845726811997778 ) ) ;
#359 = CIRCLE ( 'NONE', #1204, 2.000000000000000888 ) ;
#360 = VERTEX_POINT ( 'NONE', #173 ) ;
#361 = CIRCLE ( 'NONE', #930, 2.749999999999999556 ) ;
#362 = CARTESIAN_POINT ( 'NONE',  ( 72.81296124757921007, 7.385569109308901758, -3.077353889715597646 ) ) ;
#363 = EDGE_CURVE ( 'NONE', #2194, #2709, #1527, .T. ) ;
#364 = CARTESIAN_POINT ( 'NONE',  ( 72.82535986353497037, 9.511960883776261255, 3.087038402281047755 ) ) ;
#365 = CARTESIAN_POINT ( 'NONE',  ( 76.56947108626576437, -7.308041857592826318, -3.255258624964017411 ) ) ;
#366 = VERTEX_POINT ( 'NONE', #1192 ) ;
#367 = CARTESIAN_POINT ( 'NONE',  ( 73.86762228682984244, -7.288993253396802707, 6.846514276383459219 ) ) ;
#368 = VECTOR ( 'NONE', #1589, 1000.000000000000114 ) ;
#369 = FACE_BOUND ( 'NONE', #3867, .T. ) ;
#370 = DIRECTION ( 'NONE',  ( 0.000000000000000000, 0.000000000000000000, 1.000000000000000000 ) ) ;
#371 = CARTESIAN_POINT ( 'NONE',  ( 73.62016752706283285, -1.060961454456012421, -9.943621081962438879 ) ) ;
#372 = EDGE_LOOP ( 'NONE', ( #92, #4363, #2624, #1750 ) ) ;
#373 = CARTESIAN_POINT ( 'NONE',  ( 76.99999999999980105, 0.6944918006894927887, -7.969798061354820717 ) ) ;
#374 = CARTESIAN_POINT ( 'NONE',  ( 73.52964024784546382, 4.381517174222514299, -8.989010359989201504 ) ) ;
#375 = CARTESIAN_POINT ( 'NONE',  ( 70.00000000000000000, -24.00100000000000122, 0.7000000000000018430 ) ) ;
#376 = LINE ( 'NONE', #1685, #4111 ) ;
#377 = CARTESIAN_POINT ( 'NONE',  ( 70.00000000000000000, -25.90255039611496457, 21.73482048393104193 ) ) ;
#378 = CARTESIAN_POINT ( 'NONE',  ( 76.31838297155172768, 7.777604126005599028, 6.286179045741396187 ) ) ;
#379 = DIRECTION ( 'NONE',  ( 0.000000000000000000, 0.000000000000000000, 1.000000000000000000 ) ) ;
#380 = CARTESIAN_POINT ( 'NONE',  ( 70.36548765893751067, -4.528970534948357773, -6.595841267131937080 ) ) ;
#381 = VERTEX_POINT ( 'NONE', #1216 ) ;
#382 = CARTESIAN_POINT ( 'NONE',  ( 73.25401337745883268, 4.575972200731249551, -6.562142982349568499 ) ) ;
#383 = CARTESIAN_POINT ( 'NONE',  ( 69.81727175442988198, -4.381517174222373079, 8.989010359989272558 ) ) ;
#384 = DIRECTION ( 'NONE',  ( -1.000000000000000000, -0.000000000000000000, -0.000000000000000000 ) ) ;
#385 = EDGE_LOOP ( 'NONE', ( #2089, #1411 ) ) ;
#386 = CARTESIAN_POINT ( 'NONE',  ( 72.73707562519641101, 3.921098684152325653, 6.973760251952715983 ) ) ;
#387 = EDGE_CURVE ( 'NONE', #2840, #3459, #1576, .T. ) ;
#388 = CARTESIAN_POINT ( 'NONE',  ( 77.42973211210461670, -9.573983593789774815, -2.888446235954547969 ) ) ;
#389 = CARTESIAN_POINT ( 'NONE',  ( 69.43958974620021252, -4.366336980302307325, -6.703684900122041768 ) ) ;
#390 = ORIENTED_EDGE ( 'NONE', *, *, #1879, .T. ) ;
#391 = VERTEX_POINT ( 'NONE', #3984 ) ;
#392 = ADVANCED_FACE ( 'NONE', ( #3040 ), #4312, .F. ) ;
#393 = CARTESIAN_POINT ( 'NONE',  ( 76.57028713879576287, -4.475512242061483015, -6.631295502150206467 ) ) ;
#394 = LINE ( 'NONE', #2885, #3063 ) ;
#395 = CARTESIAN_POINT ( 'NONE',  ( 73.43710854142032929, 9.613289567145736569, -2.754026815084950286 ) ) ;
#396 = CARTESIAN_POINT ( 'NONE',  ( 72.82535986353501301, 9.270894813794672729, -3.749361986152135451 ) ) ;
#397 = CARTESIAN_POINT ( 'NONE',  ( 77.61174165653739010, 7.882482560357553680, 6.154157923442573619 ) ) ;
#398 = VERTEX_POINT ( 'NONE', #4057 ) ;
#399 = CARTESIAN_POINT ( 'NONE',  ( 76.31838297155169926, 1.917312418632073800, 9.814840091684466472 ) ) ;
#400 = CARTESIAN_POINT ( 'NONE',  ( 73.43710854142032929, 5.593952739524533868, -8.289010359986649590 ) ) ;
#401 = FACE_OUTER_BOUND ( 'NONE', #1769, .T. ) ;
#402 = ORIENTED_EDGE ( 'NONE', *, *, #716, .F. ) ;
#403 = FACE_OUTER_BOUND ( 'NONE', #876, .T. ) ;
#404 = CARTESIAN_POINT ( 'NONE',  ( 26.30000000000000426, 12.00000000000000000, 0.000000000000000000 ) ) ;
#405 = CARTESIAN_POINT ( 'NONE',  ( 69.56947108626573595, -3.505844944637758420, -7.191191537700080794 ) ) ;
#406 = EDGE_CURVE ( 'NONE', #142, #2731, #3165, .T. ) ;
#407 = ORIENTED_EDGE ( 'NONE', *, *, #1257, .F. ) ;
#408 = EDGE_LOOP ( 'NONE', ( #1008, #3416, #209, #621 ) ) ;
#409 = CARTESIAN_POINT ( 'NONE',  ( 77.09253170642543296, -9.613289567144475356, 2.754026815089355207 ) ) ;
#410 = CARTESIAN_POINT ( 'NONE',  ( 69.90860718336330137, 5.654899030256347991, -5.658808793165383655 ) ) ;
#411 = LINE ( 'NONE', #3808, #2118 ) ;
#412 = EDGE_CURVE ( 'NONE', #2731, #3321, #3747, .T. ) ;
#413 = FACE_OUTER_BOUND ( 'NONE', #3072, .T. ) ;
#414 = DIRECTION ( 'NONE',  ( -0.5000000000000037748, 1.060575238724904326E-16, -0.8660254037844364872 ) ) ;
#415 = VECTOR ( 'NONE', #643, 1000.000000000000114 ) ;
#416 = AXIS2_PLACEMENT_3D ( 'NONE', #1782, #3874, #2484 ) ;
#417 = CARTESIAN_POINT ( 'NONE',  ( 73.43710854142003086, -7.969316156358710934, 0.7000000000000018430 ) ) ;
#418 = FACE_OUTER_BOUND ( 'NONE', #922, .T. ) ;
#419 = CARTESIAN_POINT ( 'NONE',  ( 77.00000000000001421, -26.35250172289554271, 21.19858937374775820 ) ) ;
#420 = B_SPLINE_CURVE_WITH_KNOTS ( 'NONE', 3,
 ( #1912, #3246, #941, #4228, #1225, #1561, #3644, #3272, #2880, #3944, #3316, #510, #2952, #1624, #2976, #1584 ),
 .UNSPECIFIED., .F., .F.,
 ( 4, 2, 2, 2, 2, 2, 2, 4 ),
 ( 0.000000000000000000, 0.0002736485253891250344, 0.0005472970507782500688, 0.001094594101556470647, 0.001368242626945580936, 0.001641891152334691009, 0.001915539677723801298, 0.002189188203112911370 ),
 .UNSPECIFIED. ) ;
#421 = ORIENTED_EDGE ( 'NONE', *, *, #3051, .T. ) ;
#422 = VECTOR ( 'NONE', #1000, 1000.000000000000000 ) ;
#423 = CARTESIAN_POINT ( 'NONE',  ( 73.62043667358638288, -1.061038236075341645, 9.943612946132049046 ) ) ;
#424 = CARTESIAN_POINT ( 'NONE',  ( 69.43958974620022673, -7.360047323100268102, 3.135919843906137761 ) ) ;
#425 = CARTESIAN_POINT ( 'NONE',  ( 76.81663884680023102, 0.7127404592874116984, 7.968264850641011421 ) ) ;
#426 = VERTEX_POINT ( 'NONE', #3377 ) ;
#427 = CYLINDRICAL_SURFACE ( 'NONE', #2817, 0.7000000000000023981 ) ;
#428 = CIRCLE ( 'NONE', #717, 2.749999999999999556 ) ;
#429 = DIRECTION ( 'NONE',  ( -1.000000000000000000, -0.000000000000000000, -0.000000000000000000 ) ) ;
#430 = CARTESIAN_POINT ( 'NONE',  ( 76.99999999999980105, -3.378440295525395154, 7.251630242198666920 ) ) ;
#431 = CIRCLE ( 'NONE', #2769, 2.750000000000000000 ) ;
#432 = ORIENTED_EDGE ( 'NONE', *, *, #2151, .T. ) ;
#433 = ORIENTED_EDGE ( 'NONE', *, *, #4015, .F. ) ;
#434 = VECTOR ( 'NONE', #1042, 1000.000000000000000 ) ;
#435 = CARTESIAN_POINT ( 'NONE',  ( 74.04837333078339157, 3.690427280851110936, 7.098445277138838883 ) ) ;
#436 = CARTESIAN_POINT ( 'NONE',  ( 74.13704300877444098, -9.999995412715099619, 0.1829390553462059144 ) ) ;
#437 = CARTESIAN_POINT ( 'NONE',  ( 76.81497915877277194, -9.134461366488585199, -4.069596484189503371 ) ) ;
#438 = CARTESIAN_POINT ( 'NONE',  ( 73.80340771215254847, -1.999490829790632862, -7.747179713332585926 ) ) ;
#439 = CARTESIAN_POINT ( 'NONE',  ( 70.35269246556352130, -9.170219764604933488, 3.988522144646845291 ) ) ;
#440 = EDGE_CURVE ( 'NONE', #2342, #1144, #308, .T. ) ;
#441 = CARTESIAN_POINT ( 'NONE',  ( 74.04837333078337736, -6.349767971127114663, 4.866993484753502131 ) ) ;
#442 = CARTESIAN_POINT ( 'NONE',  ( 77.70003269886105102, 7.718999724597475520, 6.358096176508941433 ) ) ;
#443 = CARTESIAN_POINT ( 'NONE',  ( 73.80340771215256268, 7.708999854324770418, 2.141980003433609614 ) ) ;
#444 = ORIENTED_EDGE ( 'NONE', *, *, #108, .T. ) ;
#445 = EDGE_CURVE ( 'NONE', #1659, #1821, #3637, .T. ) ;
#446 = CARTESIAN_POINT ( 'NONE',  ( 73.07085259276045974, -9.981358935436700719, 0.6238748830898027675 ) ) ;
#447 = CARTESIAN_POINT ( 'NONE',  ( 77.61173969054668476, 1.040845749319369462, 7.932455125151310682 ) ) ;
#448 = CARTESIAN_POINT ( 'NONE',  ( 72.75522068568682243, -6.244655639121900137, 5.001147026255424954 ) ) ;
#449 = VERTEX_POINT ( 'NONE', #1641 ) ;
#450 = CARTESIAN_POINT ( 'NONE',  ( 73.34455964667168359, 4.590875860828495192, 6.551630242196377907 ) ) ;
#451 = CARTESIAN_POINT ( 'NONE',  ( 74.11900067817299487, 9.458236085261390258, -3.247916442347500432 ) ) ;
#452 = CARTESIAN_POINT ( 'NONE',  ( 69.81690483603880182, -4.575972200731341033, -6.562142982349502773 ) ) ;
#453 = EDGE_LOOP ( 'NONE', ( #2579, #134, #4191, #655 ) ) ;
#454 = ORIENTED_EDGE ( 'NONE', *, *, #2695, .F. ) ;
#455 = DIRECTION ( 'NONE',  ( 0.000000000000000000, 0.8660254037844369313, -0.5000000000000027756 ) ) ;
#456 = CARTESIAN_POINT ( 'NONE',  ( 73.43710854142003086, -25.90147116814963013, 21.73391490414337213 ) ) ;
#457 = CARTESIAN_POINT ( 'NONE',  ( 74.04837333078339157, 7.631439915391334594, -2.401729311466370476 ) ) ;
#458 = CARTESIAN_POINT ( 'NONE',  ( 77.00000000000029843, -5.593952739524650219, -8.289010359986569654 ) ) ;
#459 = CARTESIAN_POINT ( 'NONE',  ( 73.99693945301238784, -7.988696079415071871, 0.4300281653687501593 ) ) ;
#460 = B_SPLINE_CURVE_WITH_KNOTS ( 'NONE', 3,
 ( #3154, #756, #130, #1780, #107, #1463, #2968, #264, #2923, #2258, #2285, #2236, #4266, #3219, #1596, #1238 ),
 .UNSPECIFIED., .F., .F.,
 ( 4, 2, 2, 2, 2, 2, 2, 4 ),
 ( 0.000000000000000000, 0.0002736956474133266310, 0.0005473912948266532619, 0.001094782589653336231, 0.001368478237066677499, 0.001642173884480018983, 0.001915869531893360468, 0.002189565179306701952 ),
 .UNSPECIFIED. ) ;
#461 = CARTESIAN_POINT ( 'NONE',  ( 0.000000000000000000, 0.000000000000000000, 0.000000000000000000 ) ) ;
#462 = CARTESIAN_POINT ( 'NONE',  ( 73.07162911229403335, -8.047427656738207702, 5.937641136061335700 ) ) ;
#463 = EDGE_CURVE ( 'NONE', #1437, #3279, #4369, .T. ) ;
#464 = EDGE_LOOP ( 'NONE', ( #3551, #474, #1813, #3514 ) ) ;
#465 = CARTESIAN_POINT ( 'NONE',  ( 85.00000000000000000, 8.000000000000000000, 0.000000000000000000 ) ) ;
#466 = CARTESIAN_POINT ( 'NONE',  ( 72.73718330510583030, 5.080499554485117919, -8.613771555317937256 ) ) ;
#467 = CARTESIAN_POINT ( 'NONE',  ( 70.35269246556350708, -9.588568508394802237, -2.839118417626974811 ) ) ;
#468 = EDGE_CURVE ( 'NONE', #449, #1979, #477, .T. ) ;
#469 = ORIENTED_EDGE ( 'NONE', *, *, #3291, .F. ) ;
#470 = ORIENTED_EDGE ( 'NONE', *, *, #597, .F. ) ;
#471 = CARTESIAN_POINT ( 'NONE',  ( 77.00000000000001421, 16.39298785811485359, -28.39348785811523257 ) ) ;
#472 = CARTESIAN_POINT ( 'NONE',  ( 73.43710854142003086, -6.554801683817514935, -4.586346572798767340 ) ) ;
#473 = EDGE_LOOP ( 'NONE', ( #3226, #852, #3804, #2123 ) ) ;
#474 = ORIENTED_EDGE ( 'NONE', *, *, #33, .F. ) ;
#475 = CARTESIAN_POINT ( 'NONE',  ( 70.00000000000000000, 15.78677007546574274, -28.74348785811523044 ) ) ;
#476 = CARTESIAN_POINT ( 'NONE',  ( 70.00000000000000000, 16.39298785811530479, 28.39348785811511533 ) ) ;
#477 = LINE ( 'NONE', #1440, #2888 ) ;
#478 = CARTESIAN_POINT ( 'NONE',  ( 70.61174165653739010, -9.270898380781352088, 3.749351180436113928 ) ) ;
#479 = DIRECTION ( 'NONE',  ( 0.000000000000000000, -0.8660254037844425934, -0.4999999999999932832 ) ) ;
#480 = CARTESIAN_POINT ( 'NONE',  ( 69.64730396509263244, -7.704787649704954333, -2.153483079947206669 ) ) ;
#481 = AXIS2_PLACEMENT_3D ( 'NONE', #1634, #345, #3699 ) ;
#482 = CARTESIAN_POINT ( 'NONE',  ( 73.25208770019278859, -7.191701968143097368, 6.948339571538407533 ) ) ;
#483 = ORIENTED_EDGE ( 'NONE', *, *, #2368, .F. ) ;
#484 = B_SPLINE_CURVE_WITH_KNOTS ( 'NONE', 3,
 ( #2410, #2780, #3371, #3058, #2434, #3698, #2388, #656, #3100, #2012, #3034, #322, #1370, #1678 ),
 .UNSPECIFIED., .F., .F.,
 ( 4, 2, 2, 2, 2, 2, 4 ),
 ( 0.002189188203112907034, 0.002736359354753668122, 0.003009944930574048449, 0.003283530506394428776, 0.003557116082214809537, 0.003830701658035189864, 0.004377872809675950952 ),
 .UNSPECIFIED. ) ;
#485 = EDGE_CURVE ( 'NONE', #3170, #2407, #2632, .T. ) ;
#486 = PLANE ( 'NONE',  #1484 ) ;
#487 = CARTESIAN_POINT ( 'NONE',  ( 77.18505475354396594, 0.6944918006948506140, 7.969798061354350871 ) ) ;
#488 = CARTESIAN_POINT ( 'NONE',  ( 76.31811214426680579, 1.569008408843345803, 7.845088160270687005 ) ) ;
#489 = VERTEX_POINT ( 'NONE', #3087 ) ;
#490 = ADVANCED_FACE ( 'NONE', ( #795 ), #104, .F. ) ;
#491 = CIRCLE ( 'NONE', #2414, 24.00000000000000000 ) ;
#492 = ORIENTED_EDGE ( 'NONE', *, *, #522, .T. ) ;
#493 = DIRECTION ( 'NONE',  ( -1.000000000000000000, -0.000000000000000000, -0.000000000000000000 ) ) ;
#494 = CARTESIAN_POINT ( 'NONE',  ( 69.81727175442986777, 2.421587599001626234, 9.702366386627620187 ) ) ;
#495 = ORIENTED_EDGE ( 'NONE', *, *, #2174, .T. ) ;
#496 = ORIENTED_EDGE ( 'NONE', *, *, #1665, .F. ) ;
#497 = CIRCLE ( 'NONE', #2903, 12.00000000000000000 ) ;
#498 = CARTESIAN_POINT ( 'NONE',  ( 74.11872753940536995, 3.839942222576415709, 7.018690945971314044 ) ) ;
#499 = CARTESIAN_POINT ( 'NONE',  ( 73.43710854142032929, -9.975469913743092221, -0.7000000000045700776 ) ) ;
#500 = CARTESIAN_POINT ( 'NONE',  ( 76.38828058685216149, 5.896202612351783223, -5.407586373192429186 ) ) ;
#501 = FACE_BOUND ( 'NONE', #2004, .T. ) ;
#502 = DIRECTION ( 'NONE',  ( 0.000000000000000000, 0.000000000000000000, -1.000000000000000000 ) ) ;
#503 = CARTESIAN_POINT ( 'NONE',  ( 73.25374738822026188, -6.544349555094130189, -4.601383769368245780 ) ) ;
#504 = CYLINDRICAL_SURFACE ( 'NONE', #3473, 13.22049999999999947 ) ;
#505 = ORIENTED_EDGE ( 'NONE', *, *, #1992, .F. ) ;
#506 = DIRECTION ( 'NONE',  ( -1.000000000000000000, -0.000000000000000000, -0.000000000000000000 ) ) ;
#507 = CARTESIAN_POINT ( 'NONE',  ( 76.29992569189747087, -5.079526648989824089, 8.614345311892837032 ) ) ;
#508 = CARTESIAN_POINT ( 'NONE',  ( 70.56041628925872544, -9.535356121710112376, -3.013514085635112583 ) ) ;
#509 = ORIENTED_EDGE ( 'NONE', *, *, #3636, .T. ) ;
#510 = CARTESIAN_POINT ( 'NONE',  ( 77.42973211210461670, -4.507069051401618509, 8.926959845213458422 ) ) ;
#511 = VERTEX_POINT ( 'NONE', #2785 ) ;
#512 = DIRECTION ( 'NONE',  ( -0.000000000000000000, 0.7660444431189857850, 0.6427876096865300370 ) ) ;
#513 = CARTESIAN_POINT ( 'NONE',  ( 72.73717451054044147, -1.569380361441975014, -7.846682933025078022 ) ) ;
#514 = EDGE_LOOP ( 'NONE', ( #1343, #1149, #1122, #11 ) ) ;
#515 = ADVANCED_FACE ( 'NONE', ( #1106 ), #3150, .F. ) ;
#516 = VERTEX_POINT ( 'NONE', #127 ) ;
#517 = CARTESIAN_POINT ( 'NONE',  ( 73.43710854142003086, -5.517295697585986147, -27.25899944497221128 ) ) ;
#518 = DIRECTION ( 'NONE',  ( 0.000000000000000000, 0.8660254037844369313, -0.5000000000000027756 ) ) ;
#519 = CARTESIAN_POINT ( 'NONE',  ( 73.52964024784544961, 9.613289567144516212, 2.754026815089225089 ) ) ;
#520 = CYLINDRICAL_SURFACE ( 'NONE', #353, 0.7000000000000018430 ) ;
#521 = B_SPLINE_CURVE_WITH_KNOTS ( 'NONE', 3,
 ( #2730, #2380, #47, #4062, #2334, #1311, #3687, #3754, #3384, #1360, #1689, #2708, #1334, #4083, #2003, #2357 ),
 .UNSPECIFIED., .F., .F.,
 ( 4, 2, 2, 2, 2, 2, 2, 4 ),
 ( 0.000000000000000000, 0.0002736485253891022661, 0.0005472970507782045323, 0.001094594101556437904, 0.001368242626945556867, 0.001641891152334676264, 0.001915539677723795660, 0.002189188203112914840 ),
 .UNSPECIFIED. ) ;
#522 = EDGE_CURVE ( 'NONE', #4063, #162, #3044, .T. ) ;
#523 = CARTESIAN_POINT ( 'NONE',  ( 70.42973211210463091, 2.285523979092753066, 9.735536125614645542 ) ) ;
#524 = CARTESIAN_POINT ( 'NONE',  ( 73.08441250651266330, -5.717364878706812981, -5.595800295435382488 ) ) ;
#525 = CARTESIAN_POINT ( 'NONE',  ( 70.61126478936334649, -7.389823983413413622, 3.065563628756171166 ) ) ;
#526 = ORIENTED_EDGE ( 'NONE', *, *, #2581, .T. ) ;
#527 = CARTESIAN_POINT ( 'NONE',  ( 70.55920409114584402, 1.811503974478786638, 7.792472481976138177 ) ) ;
#528 = CARTESIAN_POINT ( 'NONE',  ( 70.69992722027565435, -3.919464491267860673, 6.974693074529723091 ) ) ;
#529 = CARTESIAN_POINT ( 'NONE',  ( 76.44079562782333426, -9.241042754280304194, 3.821949417683886630 ) ) ;
#530 = VERTEX_POINT ( 'NONE', #753 ) ;
#531 = DIRECTION ( 'NONE',  ( -1.000000000000000000, -0.000000000000000000, -0.000000000000000000 ) ) ;
#532 = EDGE_LOOP ( 'NONE', ( #257, #3409 ) ) ;
#533 = LINE ( 'NONE', #1606, #3198 ) ;
#534 = CARTESIAN_POINT ( 'NONE',  ( 69.29992569189748508, 1.646051268912632981, 9.864028150326772604 ) ) ;
#535 = CARTESIAN_POINT ( 'NONE',  ( 70.00000000000000000, 15.78677007546619748, 28.74348785811512030 ) ) ;
#536 = ORIENTED_EDGE ( 'NONE', *, *, #2293, .T. ) ;
#537 = ORIENTED_EDGE ( 'NONE', *, *, #93, .T. ) ;
#538 = CARTESIAN_POINT ( 'NONE',  ( 72.82535986353495616, 5.302274742569086818, 8.478979213676694826 ) ) ;
#539 = EDGE_CURVE ( 'NONE', #3667, #3169, #411, .T. ) ;
#540 = CARTESIAN_POINT ( 'NONE',  ( -1.299380870065320311E-15, 13.22049999999999947, 0.000000000000000000 ) ) ;
#541 = LINE ( 'NONE', #2517, #2536 ) ;
#542 = DIRECTION ( 'NONE',  ( -0.000000000000000000, -0.9396926207859057634, 0.3420201433256757073 ) ) ;
#543 = CARTESIAN_POINT ( 'NONE',  ( 77.69992722027566856, -7.485730283212125080, 2.823541660610560999 ) ) ;
#544 = ADVANCED_FACE ( 'NONE', ( #3771 ), #2084, .F. ) ;
#545 = PLANE ( 'NONE',  #1479 ) ;
#546 = CARTESIAN_POINT ( 'NONE',  ( 70.62417195950935422, 2.095638712166929540, -9.778804626702269687 ) ) ;
#547 = CARTESIAN_POINT ( 'NONE',  ( 70.09253170642543296, 8.091604621704261646, -5.875877351171842733 ) ) ;
#548 = EDGE_LOOP ( 'NONE', ( #1913, #777 ) ) ;
#549 = CARTESIAN_POINT ( 'NONE',  ( 74.06128050092939930, -1.375291926321819069, 9.905821200513383218 ) ) ;
#550 = CARTESIAN_POINT ( 'NONE',  ( 76.44079562782333426, -4.622347720005415717, 8.867810896333514492 ) ) ;
#551 = CARTESIAN_POINT ( 'NONE',  ( 76.38825132211495372, -9.511960883776220399, 3.087038402281176541 ) ) ;
#552 = ORIENTED_EDGE ( 'NONE', *, *, #3297, .F. ) ;
#553 = VECTOR ( 'NONE', #4371, 1000.000000000000000 ) ;
#554 = CARTESIAN_POINT ( 'NONE',  ( 77.00000000000001421, 2.073222654911841545, -7.726690612620662257 ) ) ;
#555 = ORIENTED_EDGE ( 'NONE', *, *, #1635, .F. ) ;
#556 = FACE_BOUND ( 'NONE', #2773, .T. ) ;
#557 = CARTESIAN_POINT ( 'NONE',  ( 70.00000000000029843, 2.421587599005925906, 9.702366386626549044 ) ) ;
#558 = CARTESIAN_POINT ( 'NONE',  ( 74.13704300877445519, -7.778031875230053238, -6.287733701438006584 ) ) ;
#559 = VERTEX_POINT ( 'NONE', #1417 ) ;
#560 = ORIENTED_EDGE ( 'NONE', *, *, #3750, .T. ) ;
#561 = AXIS2_PLACEMENT_3D ( 'NONE', #2255, #2188, #3217 ) ;
#562 = FACE_BOUND ( 'NONE', #1226, .T. ) ;
#563 = DIRECTION ( 'NONE',  ( -1.000000000000000000, 0.000000000000000000, 0.000000000000000000 ) ) ;
#564 = AXIS2_PLACEMENT_3D ( 'NONE', #1790, #4192, #850 ) ;
#565 = CARTESIAN_POINT ( 'NONE',  ( 73.00657962768573839, -7.980677027446827942, 0.5594449850645317746 ) ) ;
#566 = AXIS2_PLACEMENT_3D ( 'NONE', #1272, #2296, #2621 ) ;
#567 = CARTESIAN_POINT ( 'NONE',  ( 76.81690483603884445, 6.544392393295440868, 4.601322669107402064 ) ) ;
#568 = FACE_BOUND ( 'NONE', #2450, .T. ) ;
#569 = CARTESIAN_POINT ( 'NONE',  ( 73.43710854142003086, -6.554801683817514935, -4.586346572798767340 ) ) ;
#570 = CARTESIAN_POINT ( 'NONE',  ( 70.56041628925872544, 7.377457813677327891, -6.751103592714833290 ) ) ;
#571 = AXIS2_PLACEMENT_3D ( 'NONE', #2726, #999, #4079 ) ;
#572 = ADVANCED_FACE ( 'NONE', ( #2440 ), #770, .F. ) ;
#573 = VECTOR ( 'NONE', #4261, 1000.000000000000000 ) ;
#574 = DIRECTION ( 'NONE',  ( -1.000000000000000000, 0.000000000000000000, 0.000000000000000000 ) ) ;
#575 = B_SPLINE_CURVE_WITH_KNOTS ( 'NONE', 3,
 ( #3420, #3011, #3082, #1018, #2035, #2652, #1348, #1991, #3677, #703, #4374, #1372, #2720, #371, #3394, #3720 ),
 .UNSPECIFIED., .F., .F.,
 ( 4, 2, 2, 2, 2, 2, 2, 4 ),
 ( 0.000000000000000000, 0.0002736485253891025914, 0.0005472970507782051828, 0.001094594101556440506, 0.001368242626945558602, 0.001641891152334676914, 0.001915539677723794793, 0.002189188203112913105 ),
 .UNSPECIFIED. ) ;
#576 = CARTESIAN_POINT ( 'NONE',  ( 76.81727175442982514, -4.381517174222373079, 8.989010359989272558 ) ) ;
#577 = CARTESIAN_POINT ( 'NONE',  ( 76.64710261100198352, -7.704755520682361691, 2.153598397747569226 ) ) ;
#578 = ORIENTED_EDGE ( 'NONE', *, *, #3756, .T. ) ;
#579 = EDGE_CURVE ( 'NONE', #1542, #39, #1255, .T. ) ;
#580 = APPLICATION_CONTEXT ( 'automotive_design' ) ;
#581 = CARTESIAN_POINT ( 'NONE',  ( 22.30000000000000426, 8.999999999999962697, -12.83845726811991561 ) ) ;
#582 = VERTEX_POINT ( 'NONE', #2584 ) ;
#583 = CARTESIAN_POINT ( 'NONE',  ( 77.68192758678335963, -7.453493382104957377, -2.907342530444783968 ) ) ;
#584 = CARTESIAN_POINT ( 'NONE',  ( 70.55983091159235698, 6.396113015917546996, -4.805614170934071616 ) ) ;
#585 = CARTESIAN_POINT ( 'NONE',  ( 73.99752483067875630, -7.377457813677421150, -6.751103592714731150 ) ) ;
#586 = VERTEX_POINT ( 'NONE', #3870 ) ;
#587 = ORIENTED_EDGE ( 'NONE', *, *, #1201, .T. ) ;
#588 =( NAMED_UNIT ( * ) PLANE_ANGLE_UNIT ( ) SI_UNIT ( $, .RADIAN. ) );
#589 = DIRECTION ( 'NONE',  ( 0.000000000000000000, 0.000000000000000000, -1.000000000000000000 ) ) ;
#590 = CARTESIAN_POINT ( 'NONE',  ( 74.13714124028111030, 9.365772670860259552, 3.505801765051856034 ) ) ;
#591 = DIRECTION ( 'NONE',  ( 1.000000000000000000, 0.000000000000000000, 0.000000000000000000 ) ) ;
#592 = DIRECTION ( 'NONE',  ( 0.000000000000000000, 0.000000000000000000, 1.000000000000000000 ) ) ;
#593 = CARTESIAN_POINT ( 'NONE',  ( 70.62417195950938265, 1.375291926321951630, 9.905821200513367231 ) ) ;
#594 = CARTESIAN_POINT ( 'NONE',  ( 77.00000000000001421, -3.378440295530283244, -7.251630242196391407 ) ) ;
#595 = LINE ( 'NONE', #1287, #1268 ) ;
#596 = CARTESIAN_POINT ( 'NONE',  ( 70.18505475354398015, 0.6944918006948506140, 7.969798061354350871 ) ) ;
#597 = EDGE_CURVE ( 'NONE', #1246, #1911, #1765, .T. ) ;
#598 = CARTESIAN_POINT ( 'NONE',  ( 85.00100000000000477, 9.000000000000181188, 18.33845726811978949 ) ) ;
#599 = CARTESIAN_POINT ( 'NONE',  ( 76.56947108626575016, -7.690724765541983921, 2.203845976562470277 ) ) ;
#600 = ORIENTED_EDGE ( 'NONE', *, *, #1501, .T. ) ;
#601 = CARTESIAN_POINT ( 'NONE',  ( 73.99631263256588909, -1.811503974478683610, 7.792472481976160381 ) ) ;
#602 = ORIENTED_EDGE ( 'NONE', *, *, #445, .F. ) ;
#603 = EDGE_CURVE ( 'NONE', #1312, #1246, #541, .T. ) ;
#604 = CARTESIAN_POINT ( 'NONE',  ( 73.43710854142032929, 9.613289567145736569, -2.754026815084950286 ) ) ;
#605 = LINE ( 'NONE', #986, #1075 ) ;
#606 = VERTEX_POINT ( 'NONE', #2564 ) ;
#607 = VERTEX_POINT ( 'NONE', #1235 ) ;
#608 = LINE ( 'NONE', #2230, #573 ) ;
#609 = CARTESIAN_POINT ( 'NONE',  ( 70.00000000000029843, -4.381517174218394928, 8.989010359991207011 ) ) ;
#610 = CARTESIAN_POINT ( 'NONE',  ( 70.00000000000029843, -9.613289567145773873, -2.754026815084820612 ) ) ;
#611 = CARTESIAN_POINT ( 'NONE',  ( 69.99999999999980105, -3.378440295525395154, 7.251630242198666920 ) ) ;
#612 = CARTESIAN_POINT ( 'NONE',  ( 76.43958974620021252, 6.395809910604603132, 4.806028032907389225 ) ) ;
#613 = CARTESIAN_POINT ( 'NONE',  ( 70.00000000000000000, 0.6944918006948505029, 7.969798061354350871 ) ) ;
#614 = CARTESIAN_POINT ( 'NONE',  ( 77.09253170642541875, -4.381517174222643085, -8.989010359989141108 ) ) ;
#615 = CYLINDRICAL_SURFACE ( 'NONE', #3330, 0.7000000000000023981 ) ;
#616 = B_SPLINE_CURVE_WITH_KNOTS ( 'NONE', 3,
 ( #243, #2609, #3961, #1881, #905, #1861, #1948, #3308, #1173, #3568, #2542, #2566, #2521, #3547 ),
 .UNSPECIFIED., .F., .F.,
 ( 4, 2, 2, 2, 2, 2, 4 ),
 ( 0.002189188203112915274, 0.002736359354753680265, 0.003009944930574062760, 0.003283530506394445256, 0.003557116082214827318, 0.003830701658035209380, 0.004377872809675973503 ),
 .UNSPECIFIED. ) ;
#617 = B_SPLINE_CURVE_WITH_KNOTS ( 'NONE', 3,
 ( #2073, #650, #2007, #3433, #3735, #3366, #317, #1673, #2049, #364, #2838, #2198, #1139, #2859 ),
 .UNSPECIFIED., .F., .F.,
 ( 4, 2, 2, 2, 2, 2, 4 ),
 ( 0.002189188203112913539, 0.002736359354753675928, 0.003009944930574057556, 0.003283530506394439184, 0.003557116082214820812, 0.003830701658035202874, 0.004377872809675968299 ),
 .UNSPECIFIED. ) ;
#618 = CARTESIAN_POINT ( 'NONE',  ( 76.64710261100196931, 7.976675940408251897, 0.6114610649733325243 ) ) ;
#619 = CARTESIAN_POINT ( 'NONE',  ( 70.69992722027566856, 6.188123948338537517, 5.071061760834865595 ) ) ;
#620 = CARTESIAN_POINT ( 'NONE',  ( 76.63374405134041467, 2.347641611554502905, -9.721384928675039561 ) ) ;
#621 = ORIENTED_EDGE ( 'NONE', *, *, #2800, .F. ) ;
#622 = ADVANCED_FACE ( 'NONE', ( #2254 ), #3955, .F. ) ;
#623 = CARTESIAN_POINT ( 'NONE',  ( 85.00000000000000000, 1.102182119232617911E-15, -8.000000000000000000 ) ) ;
#624 = ORIENTED_EDGE ( 'NONE', *, *, #171, .T. ) ;
#625 = CARTESIAN_POINT ( 'NONE',  ( 77.18505475354398015, -7.249293484512254082, -3.383451488555468956 ) ) ;
#626 = DIRECTION ( 'NONE',  ( -0.000000000000000000, 0.1736481776669404897, 0.9848077530122063550 ) ) ;
#627 = CARTESIAN_POINT ( 'NONE',  ( 77.55983091159237119, 5.843279462887084996, 5.464455543864753295 ) ) ;
#628 = AXIS2_PLACEMENT_3D ( 'NONE', #1280, #4352, #4373 ) ;
#629 = EDGE_LOOP ( 'NONE', ( #3435, #1502 ) ) ;
#630 = CARTESIAN_POINT ( 'NONE',  ( 69.64730396509260402, 6.503597507497230090, 4.658804735459585622 ) ) ;
#631 = EDGE_CURVE ( 'NONE', #1605, #366, #2735, .T. ) ;
#632 = AXIS2_PLACEMENT_3D ( 'NONE', #2810, #885, #3916 ) ;
#633 = CARTESIAN_POINT ( 'NONE',  ( 70.00000000000000000, -25.90255039611523102, -21.73482048393066890 ) ) ;
#634 = CARTESIAN_POINT ( 'NONE',  ( 70.61174165653739010, -4.691883704170331626, 8.831388246903930650 ) ) ;
#635 = CARTESIAN_POINT ( 'NONE',  ( 22.30000000000000426, -9.000000000000074607, -18.33845726811985344 ) ) ;
#636 = CARTESIAN_POINT ( 'NONE',  ( 72.75516024144297944, -1.556330094396470631, 9.878514189336543794 ) ) ;
#637 = ORIENTED_EDGE ( 'NONE', *, *, #4273, .F. ) ;
#638 = CONICAL_SURFACE ( 'NONE', #561, 10.00000000000000000, 0.5880026035475671708 ) ;
#639 = CARTESIAN_POINT ( 'NONE',  ( 76.37585270615917921, 5.887647773897703551, 5.417780147019900738 ) ) ;
#640 = CARTESIAN_POINT ( 'NONE',  ( 70.18305898564283041, -5.578892800353981940, -8.299228551597295223 ) ) ;
#641 = CARTESIAN_POINT ( 'NONE',  ( 70.36548765893751067, 7.976651364140179723, -0.6242829026904723744 ) ) ;
#642 = CARTESIAN_POINT ( 'NONE',  ( 70.69993446735443854, -9.459490739150663074, 3.248293383950545454 ) ) ;
#643 = DIRECTION ( 'NONE',  ( -0.000000000000000000, -0.9396926207859104263, -0.3420201433256630508 ) ) ;
#644 = CIRCLE ( 'NONE', #4114, 12.00000000000000000 ) ;
#645 = CARTESIAN_POINT ( 'NONE',  ( 69.99999999999980105, 7.969316156358251746, -0.7000000000052533089 ) ) ;
#646 = CARTESIAN_POINT ( 'NONE',  ( 70.55920409114582981, -4.367439472488830354, -6.702958040003999862 ) ) ;
#647 = ORIENTED_EDGE ( 'NONE', *, *, #1118, .T. ) ;
#648 = CARTESIAN_POINT ( 'NONE',  ( 73.34455964667169781, 7.249293484512203456, -3.383451488555563991 ) ) ;
#649 = ORIENTED_EDGE ( 'NONE', *, *, #4100, .T. ) ;
#650 = CARTESIAN_POINT ( 'NONE',  ( 73.25438029584989863, 9.134461366488523026, 4.069596484189637486 ) ) ;
#651 = CARTESIAN_POINT ( 'NONE',  ( 70.18305898564281620, 8.080947735358101625, 5.890630112976025679 ) ) ;
#653 = EDGE_CURVE ( 'NONE', #316, #1812, #3185, .T. ) ;
#652 = LINE ( 'NONE', #3118, #2700 ) ;
#654 = ORIENTED_EDGE ( 'NONE', *, *, #282, .T. ) ;
#655 = ORIENTED_EDGE ( 'NONE', *, *, #2599, .T. ) ;
#656 = CARTESIAN_POINT ( 'NONE',  ( 76.29992569189745666, 7.719473327371551008, -6.357536289973269028 ) ) ;
#657 = CYLINDRICAL_SURFACE ( 'NONE', #628, 0.7000000000000019540 ) ;
#658 = EDGE_CURVE ( 'NONE', #2981, #2496, #3282, .T. ) ;
#659 = CARTESIAN_POINT ( 'NONE',  ( 72.82535986353499879, -1.388404678905953427, 9.903511417635650460 ) ) ;
#660 = ORIENTED_EDGE ( 'NONE', *, *, #3801, .F. ) ;
#661 = DIRECTION ( 'NONE',  ( -0.000000000000000000, 0.7660444431189857850, 0.6427876096865299260 ) ) ;
#662 = CARTESIAN_POINT ( 'NONE',  ( 69.64730396509261823, 1.987422770998276134, 7.749283375382682415 ) ) ;
#663 = EDGE_CURVE ( 'NONE', #1821, #1659, #1630, .T. ) ;
#664 = CARTESIAN_POINT ( 'NONE',  ( 70.00000000000000000, 7.969316156358710934, 0.7000000000000018430 ) ) ;
#665 = CARTESIAN_POINT ( 'NONE',  ( 85.00100000000000477, -9.000000000000074607, -12.83845726811985699 ) ) ;
#666 = B_SPLINE_CURVE_WITH_KNOTS ( 'NONE', 3,
 ( #1331, #2065, #2706, #1309, #3730, #378, #2996, #3069, #4340, #3427, #2023, #2681, #2659, #2355 ),
 .UNSPECIFIED., .F., .F.,
 ( 4, 2, 2, 2, 2, 2, 4 ),
 ( 0.002189188203112905733, 0.002736359354753665520, 0.003009944930574044979, 0.003283530506394423138, 0.003557116082214800863, 0.003830701658035179022, 0.004377872809675935339 ),
 .UNSPECIFIED. ) ;
#667 = CARTESIAN_POINT ( 'NONE',  ( 76.57028713879576287, 7.980626485894307010, -0.5602595454983564371 ) ) ;
#668 = FILL_AREA_STYLE_COLOUR ( '', #2134 ) ;
#669 = CARTESIAN_POINT ( 'NONE',  ( 70.69992722027565435, -4.080529140508167174, -6.881702355933900783 ) ) ;
#670 = EDGE_LOOP ( 'NONE', ( #390, #1406, #4246, #2181 ) ) ;
#671 = CARTESIAN_POINT ( 'NONE',  ( 76.99999999999980105, -3.378440295525395154, 7.251630242198666920 ) ) ;
#672 = ORIENTED_EDGE ( 'NONE', *, *, #1930, .T. ) ;
#673 = CARTESIAN_POINT ( 'NONE',  ( 73.43710854141983191, 7.249293484510022978, 3.383451488560245135 ) ) ;
#674 = CARTESIAN_POINT ( 'NONE',  ( 41.29999999999999716, 0.000000000000000000, 0.000000000000000000 ) ) ;
#675 = CYLINDRICAL_SURFACE ( 'NONE', #3134, 12.00000000000000000 ) ;
#676 = EDGE_LOOP ( 'NONE', ( #4235, #875 ) ) ;
#677 = CARTESIAN_POINT ( 'NONE',  ( 77.61126478936333228, 7.992647577801458070, -0.3532188625332659537 ) ) ;
#678 = B_SPLINE_CURVE_WITH_KNOTS ( 'NONE', 3,
 ( #2144, #1410, #2098, #3765, #405, #3101, #1101, #3498, #2454, #765, #389, #1747, #55, #452, #2120, #3478 ),
 .UNSPECIFIED., .F., .F.,
 ( 4, 2, 2, 2, 2, 2, 2, 4 ),
 ( 0.000000000000000000, 0.0002736956474133478813, 0.0005473912948266957627, 0.001094782589653362686, 0.001368478237066698099, 0.001642173884480033728, 0.001915869531893368708, 0.002189565179306704121 ),
 .UNSPECIFIED. ) ;
#679 = CARTESIAN_POINT ( 'NONE',  ( 77.18332813216636623, -9.141940534787890371, -4.052920406238067486 ) ) ;
#680 = DIRECTION ( 'NONE',  ( 1.000000000000000000, 0.000000000000000000, 0.000000000000000000 ) ) ;
#681 = CARTESIAN_POINT ( 'NONE',  ( 73.43710854142003086, 9.134461366488524803, -4.069596484189621499 ) ) ;
#682 = EDGE_LOOP ( 'NONE', ( #871, #649 ) ) ;
#683 = EDGE_CURVE ( 'NONE', #3354, #890, #2208, .T. ) ;
#684 = CARTESIAN_POINT ( 'NONE',  ( 77.36548765893751067, 0.7703323306248098801, -7.963873694881478116 ) ) ;
#685 = CARTESIAN_POINT ( 'NONE',  ( 73.62016752706283285, 5.578892800353866477, -8.299228551597369830 ) ) ;
#686 = CARTESIAN_POINT ( 'NONE',  ( 69.57028713879579129, 1.937569190021941168, 7.762094788106977283 ) ) ;
#687 = CARTESIAN_POINT ( 'NONE',  ( 77.35269246556353551, -5.520319482037976400, -8.338303919006623488 ) ) ;
#688 = LINE ( 'NONE', #2995, #4101 ) ;
#689 = ADVANCED_FACE ( 'NONE', ( #3719 ), #2630, .F. ) ;
#690 = CARTESIAN_POINT ( 'NONE',  ( 73.43710854142003086, 29.14539873399415271, 9.863133164260391439 ) ) ;
#691 =( NAMED_UNIT ( * ) SI_UNIT ( $, .STERADIAN. ) SOLID_ANGLE_UNIT ( ) );
#692 = CARTESIAN_POINT ( 'NONE',  ( 26.30000000000000426, 0.000000000000000000, 0.000000000000000000 ) ) ;
#693 = EDGE_LOOP ( 'NONE', ( #1061, #2221, #2803, #2933 ) ) ;
#694 = CARTESIAN_POINT ( 'NONE',  ( 73.08441250651264909, 7.704787649704925023, -2.153483079947307921 ) ) ;
#695 = CARTESIAN_POINT ( 'NONE',  ( 73.07085259276045974, -2.347641611554638352, -9.721384928675004033 ) ) ;
#696 = CARTESIAN_POINT ( 'NONE',  ( 73.43710854142003086, 7.728121685168185095, 2.067881819455191561 ) ) ;
#697 = CARTESIAN_POINT ( 'NONE',  ( 76.90745110525168116, 0.6944918006948507250, 7.969798061354350871 ) ) ;
#698 = ORIENTED_EDGE ( 'NONE', *, *, #3528, .F. ) ;
#699 = CARTESIAN_POINT ( 'NONE',  ( 73.62043667358638288, -7.204433641974637759, 6.935227210357484573 ) ) ;
#700 = VECTOR ( 'NONE', #3078, 1000.000000000000114 ) ;
#701 = FACE_BOUND ( 'NONE', #1367, .T. ) ;
#702 = CARTESIAN_POINT ( 'NONE',  ( 70.35287253598524160, 9.981349502321656075, 0.6114758158766288032 ) ) ;
#703 = CARTESIAN_POINT ( 'NONE',  ( 74.04885019795740675, -1.388415820424004687, -9.903509103878700870 ) ) ;
#704 = VERTEX_POINT ( 'NONE', #4022 ) ;
#705 = AXIS2_PLACEMENT_3D ( 'NONE', #1802, #4162, #837 ) ;
#706 = CARTESIAN_POINT ( 'NONE',  ( 77.00000000000029843, -9.134461366486663181, 4.069596484193808372 ) ) ;
#707 = CARTESIAN_POINT ( 'NONE',  ( 76.43958974620022673, -4.366336980302307325, -6.703684900122041768 ) ) ;
#708 = CARTESIAN_POINT ( 'NONE',  ( 70.00000000000000000, -4.138766007130163516, -27.50324775008798284 ) ) ;
#709 = CARTESIAN_POINT ( 'NONE',  ( 70.55920409114581560, 7.988651679389026761, -0.4308345126641982548 ) ) ;
#710 = VECTOR ( 'NONE', #506, 1000.000000000000000 ) ;
#711 = CARTESIAN_POINT ( 'NONE',  ( 69.81497915877275773, 9.975469913743410189, 0.7000000000000018430 ) ) ;
#712 = B_SPLINE_CURVE_WITH_KNOTS ( 'NONE', 3,
 ( #3033, #2387, #699, #2982, #367, #4327, #3650, #1632, #2693, #277, #3696, #3057, #2343, #2737, #1298, #3672 ),
 .UNSPECIFIED., .F., .F.,
 ( 4, 2, 2, 2, 2, 2, 2, 4 ),
 ( 0.000000000000000000, 0.0002736485253891037298, 0.0005472970507782074596, 0.001094594101556442892, 0.001368242626945561421, 0.001641891152334678649, 0.001915539677723795660, 0.002189188203112912671 ),
 .UNSPECIFIED. ) ;
#713 = CARTESIAN_POINT ( 'NONE',  ( 69.44079562782333426, -9.535751181077202432, -3.012244669736409808 ) ) ;
#714 = FACE_OUTER_BOUND ( 'NONE', #1297, .T. ) ;
#715 = CARTESIAN_POINT ( 'NONE',  ( 77.00000000000001421, 2.421587599001353563, -9.702366386627689465 ) ) ;
#716 = EDGE_CURVE ( 'NONE', #1293, #3222, #1833, .T. ) ;
#717 = AXIS2_PLACEMENT_3D ( 'NONE', #2531, #3884, #764 ) ;
#718 = EDGE_LOOP ( 'NONE', ( #3203, #2250, #1552, #1827 ) ) ;
#719 = CONICAL_SURFACE ( 'NONE', #1003, 8.000000000000000000, 1.047197551196593412 ) ;
#720 = DIRECTION ( 'NONE',  ( -0.000000000000000000, -0.5000000000000039968, -0.8660254037844363761 ) ) ;
#721 = CARTESIAN_POINT ( 'NONE',  ( 72.81296124757919586, 7.635759126387124063, 2.389962467220217324 ) ) ;
#722 = CARTESIAN_POINT ( 'NONE',  ( 76.64730396509263244, -7.704787649704954333, -2.153483079947206669 ) ) ;
#723 = EDGE_CURVE ( 'NONE', #3499, #102, #2403, .T. ) ;
#724 = ORIENTED_EDGE ( 'NONE', *, *, #1068, .F. ) ;
#725 = CARTESIAN_POINT ( 'NONE',  ( 69.99999999999980105, -7.728121685169544008, -2.067881819450098746 ) ) ;
#726 = CIRCLE ( 'NONE', #3349, 10.09999999999999787 ) ;
#727 = CARTESIAN_POINT ( 'NONE',  ( 0.000000000000000000, 0.000000000000000000, 0.000000000000000000 ) ) ;
#728 = DIRECTION ( 'NONE',  ( 1.000000000000000000, 0.000000000000000000, 0.000000000000000000 ) ) ;
#729 = ORIENTED_EDGE ( 'NONE', *, *, #2875, .F. ) ;
#730 = VERTEX_POINT ( 'NONE', #2323 ) ;
#731 = B_SPLINE_CURVE_WITH_KNOTS ( 'NONE', 3,
 ( #1340, #1696, #297, #1674, #4043, #1939, #3054, #254, #1607, #2954, #4017, #1273, #1652, #651, #985, #944 ),
 .UNSPECIFIED., .F., .F.,
 ( 4, 2, 2, 2, 2, 2, 2, 4 ),
 ( 0.000000000000000000, 0.0002736485253891228118, 0.0005472970507782456235, 0.001094594101556462190, 0.001368242626945572913, 0.001641891152334683853, 0.001915539677723794793, 0.002189188203112905733 ),
 .UNSPECIFIED. ) ;
#732 = CARTESIAN_POINT ( 'NONE',  ( 69.31838297155174189, 7.777604126005599028, 6.286179045741396187 ) ) ;
#733 = CYLINDRICAL_SURFACE ( 'NONE', #1489, 0.7000000000000018430 ) ;
#734 = DIRECTION ( 'NONE',  ( -0.000000000000000000, 0.7660444431189770143, -0.6427876096865404731 ) ) ;
#735 = CARTESIAN_POINT ( 'NONE',  ( 77.00000000000001421, 28.90718904969259739, 10.52135637039381599 ) ) ;
#736 = DIRECTION ( 'NONE',  ( -1.000000000000000000, -0.000000000000000000, -0.000000000000000000 ) ) ;
#737 = CARTESIAN_POINT ( 'NONE',  ( 73.62216329496398259, -7.969316156358710934, 0.7000000000000018430 ) ) ;
#738 = CARTESIAN_POINT ( 'NONE',  ( 77.18332813216633781, 7.204433641974729241, 6.935227210357388650 ) ) ;
#739 = EDGE_LOOP ( 'NONE', ( #1530, #2145 ) ) ;
#740 = ADVANCED_FACE ( 'NONE', ( #1704 ), #657, .F. ) ;
#741 = DIRECTION ( 'NONE',  ( -1.000000000000000000, -0.000000000000000000, -0.000000000000000000 ) ) ;
#742 = CARTESIAN_POINT ( 'NONE',  ( 73.43710854142032929, -1.042856744779834699, -9.945473835361852366 ) ) ;
#743 = CARTESIAN_POINT ( 'NONE',  ( 76.81690483603883024, -7.723462278282902993, -2.085514933680874705 ) ) ;
#744 = EDGE_LOOP ( 'NONE', ( #3450, #2625, #4154, #3561 ) ) ;
#745 = CARTESIAN_POINT ( 'NONE',  ( 22.30000000000000426, -8.999999999999854339, 12.83845726811997778 ) ) ;
#746 = EDGE_CURVE ( 'NONE', #1035, #2929, #1990, .T. ) ;
#747 = CARTESIAN_POINT ( 'NONE',  ( 73.43710854142003086, -24.00000000000000000, -0.7000000000000018430 ) ) ;
#748 = CARTESIAN_POINT ( 'NONE',  ( 70.42973211210461670, 9.984508530219265765, -0.5602436274822002460 ) ) ;
#749 = VERTEX_POINT ( 'NONE', #3372 ) ;
#750 = ORIENTED_EDGE ( 'NONE', *, *, #65, .F. ) ;
#751 = CARTESIAN_POINT ( 'NONE',  ( 77.68192758678335963, 1.568887921589123158, -7.845112801987439433 ) ) ;
#752 = CYLINDRICAL_SURFACE ( 'NONE', #216, 0.7000000000000008438 ) ;
#753 = CARTESIAN_POINT ( 'NONE',  ( 22.30000000000000426, 1.741508980727493796E-15, -14.22050000000000125 ) ) ;
#754 = DIRECTION ( 'NONE',  ( -0.000000000000000000, -0.9396926207859058744, 0.3420201433256757628 ) ) ;
#755 = LINE ( 'NONE', #3465, #2338 ) ;
#756 = CARTESIAN_POINT ( 'NONE',  ( 73.34455964667168359, -0.6944918006947445877, 7.969798061354364194 ) ) ;
#757 = FACE_BOUND ( 'NONE', #182, .T. ) ;
#758 = EDGE_LOOP ( 'NONE', ( #3998, #845, #2804, #1500 ) ) ;
#759 = CARTESIAN_POINT ( 'NONE',  ( 73.43710854142003086, 7.249293484512204344, -3.383451488555563547 ) ) ;
#760 = CARTESIAN_POINT ( 'NONE',  ( 69.64710261100195510, -7.704755520682361691, 2.153598397747569226 ) ) ;
#761 = CARTESIAN_POINT ( 'NONE',  ( 76.38828058685213307, 1.735005866167377064, 7.810054434753012309 ) ) ;
#762 = ORIENTED_EDGE ( 'NONE', *, *, #3157, .T. ) ;
#763 = CARTESIAN_POINT ( 'NONE',  ( 77.61173969054669897, 7.992684275272107008, 0.3524234132877908099 ) ) ;
#764 = DIRECTION ( 'NONE',  ( 0.000000000000000000, 0.000000000000000000, 1.000000000000000000 ) ) ;
#765 = CARTESIAN_POINT ( 'NONE',  ( 69.38828058685218991, -4.301568146613212740, -6.745643565256248309 ) ) ;
#766 = ORIENTED_EDGE ( 'NONE', *, *, #1467, .F. ) ;
#767 = ADVANCED_FACE ( 'NONE', ( #2697 ), #4051, .F. ) ;
#768 = ORIENTED_EDGE ( 'NONE', *, *, #3880, .T. ) ;
#769 = CARTESIAN_POINT ( 'NONE',  ( 73.99752483067877051, 5.367457054334324518, -8.437694488545583127 ) ) ;
#770 = CYLINDRICAL_SURFACE ( 'NONE', #2607, 0.7000000000000013989 ) ;
#771 = CARTESIAN_POINT ( 'NONE',  ( 77.00000000000001421, -25.90255039611496457, 21.73482048393104193 ) ) ;
#772 = CARTESIAN_POINT ( 'NONE',  ( 70.56041628925871123, -9.241556086058665187, 3.820723049422423578 ) ) ;
#773 = VECTOR ( 'NONE', #3356, 1000.000000000000114 ) ;
#774 = CARTESIAN_POINT ( 'NONE',  ( 76.81727175442981093, 9.975469913743401307, -0.7000000000001503908 ) ) ;
#775 = DIRECTION ( 'NONE',  ( -1.000000000000000000, -0.000000000000000000, -0.000000000000000000 ) ) ;
#776 = CARTESIAN_POINT ( 'NONE',  ( 74.11903612820339049, 7.578510942870227751, 2.563859605206899595 ) ) ;
#777 = ORIENTED_EDGE ( 'NONE', *, *, #4125, .F. ) ;
#778 = AXIS2_PLACEMENT_3D ( 'NONE', #1129, #2086, #2518 ) ;
#779 = CARTESIAN_POINT ( 'NONE',  ( 76.81497915877277194, 1.042856744784389278, 9.945473835361372750 ) ) ;
#780 = AXIS2_PLACEMENT_3D ( 'NONE', #3931, #1656, #260 ) ;
#781 = CARTESIAN_POINT ( 'NONE',  ( 77.70007234839454213, 1.298690808900080595, 7.894425094019259070 ) ) ;
#782 = CARTESIAN_POINT ( 'NONE',  ( 72.73707562519641101, -6.186921522816171581, 5.072509143716818159 ) ) ;
#783 = ORIENTED_EDGE ( 'NONE', *, *, #4242, .T. ) ;
#784 = CARTESIAN_POINT ( 'NONE',  ( 70.00000000000000000, -4.828131434238300379, 27.38169402572093958 ) ) ;
#785 = AXIS2_PLACEMENT_3D ( 'NONE', #2504, #4184, #154 ) ;
#786 = FACE_OUTER_BOUND ( 'NONE', #2468, .T. ) ;
#787 = CARTESIAN_POINT ( 'NONE',  ( 74.04884823196672983, 3.691134508840338668, -7.098079333457990359 ) ) ;
#788 = AXIS2_PLACEMENT_3D ( 'NONE', #2441, #754, #2106 ) ;
#789 = ORIENTED_EDGE ( 'NONE', *, *, #4182, .T. ) ;
#790 = EDGE_LOOP ( 'NONE', ( #139, #789, #28, #2668 ) ) ;
#791 = AXIS2_PLACEMENT_3D ( 'NONE', #1188, #855, #2209 ) ;
#792 = ADVANCED_FACE ( 'NONE', ( #2719 ), #2671, .F. ) ;
#793 = B_SPLINE_CURVE_WITH_KNOTS ( 'NONE', 3,
 ( #2308, #547, #3659, #1598, #1261, #197, #3289, #2568, #4244, #2971, #570, #1950, #3310, #3221, #3963, #2947 ),
 .UNSPECIFIED., .F., .F.,
 ( 4, 2, 2, 2, 2, 2, 2, 4 ),
 ( 0.000000000000000000, 0.0002736485253891239502, 0.0005472970507782479004, 0.001094594101556467828, 0.001368242626945577684, 0.001641891152334687539, 0.001915539677723797395, 0.002189188203112907034 ),
 .UNSPECIFIED. ) ;
#794 = CARTESIAN_POINT ( 'NONE',  ( 77.62417195950941107, 1.375291926321951630, 9.905821200513367231 ) ) ;
#795 = FACE_OUTER_BOUND ( 'NONE', #464, .T. ) ;
#796 = CARTESIAN_POINT ( 'NONE',  ( 22.30000000000000426, 9.000000000000181188, 12.83845726811979127 ) ) ;
#797 = CARTESIAN_POINT ( 'NONE',  ( 77.00000000000029843, 1.042856744779703915, -9.945473835361866577 ) ) ;
#798 = ADVANCED_FACE ( 'NONE', ( #3393 ), #1945, .F. ) ;
#799 = CARTESIAN_POINT ( 'NONE',  ( 74.04884823196670141, -7.992684275272108785, 0.3524234132877909209 ) ) ;
#800 = CARTESIAN_POINT ( 'NONE',  ( 69.90860718336330137, -7.728121685168166444, -2.067881819455260395 ) ) ;
#801 = PLANE ( 'NONE',  #2684 ) ;
#802 = VERTEX_POINT ( 'NONE', #3305 ) ;
#803 = CARTESIAN_POINT ( 'NONE',  ( 72.82535986353498458, -9.994148768488768653, 0.3524150180710303726 ) ) ;
#804 = CARTESIAN_POINT ( 'NONE',  ( 77.36629917073253182, 0.7707847378405358052, 7.963833748704255200 ) ) ;
#805 = CARTESIAN_POINT ( 'NONE',  ( 70.00000000000000000, -9.134461366488585199, -4.069596484189502483 ) ) ;
#806 = VERTEX_POINT ( 'NONE', #635 ) ;
#807 = ORIENTED_EDGE ( 'NONE', *, *, #2774, .T. ) ;
#808 = DIRECTION ( 'NONE',  ( 0.000000000000000000, 0.000000000000000000, 1.000000000000000000 ) ) ;
#809 = CARTESIAN_POINT ( 'NONE',  ( 70.70007234839457055, 1.479682232324394331, -7.862511422792722193 ) ) ;
#810 = EDGE_LOOP ( 'NONE', ( #2337, #3231, #1935, #3147 ) ) ;
#811 = ORIENTED_EDGE ( 'NONE', *, *, #4015, .T. ) ;
#812 = CARTESIAN_POINT ( 'NONE',  ( 73.86684065352464756, -9.984508530219269318, -0.5602436274822004680 ) ) ;
#813 = CARTESIAN_POINT ( 'NONE',  ( 77.00000000000001421, -9.134461366488585199, -4.069596484189502483 ) ) ;
#814 = CARTESIAN_POINT ( 'NONE',  ( 76.38825132211493951, -4.691874025919759994, -8.831394231747729862 ) ) ;
#815 = ADVANCED_FACE ( 'NONE', ( #2963 ), #261, .F. ) ;
#816 = CARTESIAN_POINT ( 'NONE',  ( 76.29992569189745666, 10.00000520156549122, 0.09182646127890606302 ) ) ;
#817 = DIRECTION ( 'NONE',  ( 0.000000000000000000, 0.000000000000000000, 1.000000000000000000 ) ) ;
#818 = DIRECTION ( 'NONE',  ( -1.000000000000000000, -0.000000000000000000, -0.000000000000000000 ) ) ;
#819 = ORIENTED_EDGE ( 'NONE', *, *, #2018, .F. ) ;
#820 = EDGE_CURVE ( 'NONE', #1719, #730, #3980, .T. ) ;
#821 = CARTESIAN_POINT ( 'NONE',  ( 76.63452057087401670, 2.348045084821063000, 9.721283785114515297 ) ) ;
#822 = CARTESIAN_POINT ( 'NONE',  ( 72.82535986353498458, 4.691874025919637425, -8.831394231747797363 ) ) ;
#823 = CARTESIAN_POINT ( 'NONE',  ( 70.68189213675296401, -9.458236085261434667, -3.247916442347376531 ) ) ;
#824 = ORIENTED_EDGE ( 'NONE', *, *, #956, .T. ) ;
#825 = CARTESIAN_POINT ( 'NONE',  ( 69.99999999999980105, 2.073222654917034724, 7.726690612619271370 ) ) ;
#826 = CARTESIAN_POINT ( 'NONE',  ( 73.43710854141983191, -6.554801683820478786, 4.586346572794540499 ) ) ;
#827 = VERTEX_POINT ( 'NONE', #610 ) ;
#828 = ORIENTED_EDGE ( 'NONE', *, *, #1443, .T. ) ;
#829 = LINE ( 'NONE', #1521, #2423 ) ;
#830 = CARTESIAN_POINT ( 'NONE',  ( 77.43051374540979737, 1.182838231295170850, 9.930008766530528774 ) ) ;
#831 = CARTESIAN_POINT ( 'NONE',  ( 76.29996708377639436, 6.069793979762961200, -5.212096313942212511 ) ) ;
#832 = CARTESIAN_POINT ( 'NONE',  ( 73.08441250651264909, -7.976666690803095427, -0.6115804170321833544 ) ) ;
#833 = CARTESIAN_POINT ( 'NONE',  ( 22.30000000000000426, 8.999999999999962697, -18.33845726811991383 ) ) ;
#834 = EDGE_CURVE ( 'NONE', #972, #3273, #2519, .T. ) ;
#835 = CARTESIAN_POINT ( 'NONE',  ( 77.55983091159237119, -3.621932724155418448, -7.133427830570965078 ) ) ;
#836 = AXIS2_PLACEMENT_3D ( 'NONE', #456, #734, #4138 ) ;
#837 = DIRECTION ( 'NONE',  ( 0.000000000000000000, 0.000000000000000000, 1.000000000000000000 ) ) ;
#838 = ORIENTED_EDGE ( 'NONE', *, *, #2581, .F. ) ;
#839 = VECTOR ( 'NONE', #3537, 1000.000000000000114 ) ;
#840 = CARTESIAN_POINT ( 'NONE',  ( 74.13704300877442677, -1.556321180061937648, 9.879840046113329777 ) ) ;
#841 = EDGE_CURVE ( 'NONE', #1144, #864, #2841, .T. ) ;
#842 = DIRECTION ( 'NONE',  ( -1.000000000000000000, 0.000000000000000000, 0.000000000000000000 ) ) ;
#843 = FACE_OUTER_BOUND ( 'NONE', #408, .T. ) ;
#844 = VECTOR ( 'NONE', #1604, 1000.000000000000114 ) ;
#845 = ORIENTED_EDGE ( 'NONE', *, *, #746, .T. ) ;
#846 = AXIS2_PLACEMENT_3D ( 'NONE', #3889, #1835, #518 ) ;
#847 = CARTESIAN_POINT ( 'NONE',  ( 73.99693945301241627, -0.9637274448565934515, 7.942003442727935791 ) ) ;
#848 = ORIENTED_EDGE ( 'NONE', *, *, #4218, .F. ) ;
#849 = EDGE_CURVE ( 'NONE', #2146, #749, #4164, .T. ) ;
#850 = DIRECTION ( 'NONE',  ( 0.000000000000000000, 0.000000000000000000, 1.000000000000000000 ) ) ;
#851 = CARTESIAN_POINT ( 'NONE',  ( 70.36629917073253182, 1.999490829790530055, -7.747179713332609019 ) ) ;
#852 = ORIENTED_EDGE ( 'NONE', *, *, #2201, .T. ) ;
#853 = EDGE_LOOP ( 'NONE', ( #4053, #3252 ) ) ;
#854 = VECTOR ( 'NONE', #2911, 1000.000000000000000 ) ;
#855 = DIRECTION ( 'NONE',  ( 1.000000000000000000, 0.000000000000000000, 0.000000000000000000 ) ) ;
#856 = AXIS2_PLACEMENT_3D ( 'NONE', #1329, #23, #4028 ) ;
#857 = CARTESIAN_POINT ( 'NONE',  ( 77.35287253598525581, 1.131057027480211641, 9.935892036525276083 ) ) ;
#858 = CARTESIAN_POINT ( 'NONE',  ( 76.81690483603883024, 5.667840051680931523, -5.645957071323370435 ) ) ;
#859 = CARTESIAN_POINT ( 'NONE',  ( 72.87669828762022917, -7.988729912622992479, -0.4295162963641745990 ) ) ;
#860 = AXIS2_PLACEMENT_3D ( 'NONE', #633, #3280, #3303 ) ;
#861 = CARTESIAN_POINT ( 'NONE',  ( 70.43051374540979737, 1.182838231295170850, 9.930008766530528774 ) ) ;
#862 = CARTESIAN_POINT ( 'NONE',  ( 74.13718088981458720, -6.187427275244107072, -5.071911779178322810 ) ) ;
#863 = FACE_OUTER_BOUND ( 'NONE', #2530, .T. ) ;
#864 = VERTEX_POINT ( 'NONE', #3803 ) ;
#865 = DIRECTION ( 'NONE',  ( 0.000000000000000000, 0.000000000000000000, -1.000000000000000000 ) ) ;
#866 = CARTESIAN_POINT ( 'NONE',  ( 76.38871602490033297, -4.691196906215548523, 8.831752064176800587 ) ) ;
#867 = CARTESIAN_POINT ( 'NONE',  ( 77.00000000000029843, -9.134461366486663181, 4.069596484193808372 ) ) ;
#868 = ORIENTED_EDGE ( 'NONE', *, *, #1501, .F. ) ;
#869 = EDGE_CURVE ( 'NONE', #19, #1516, #3786, .T. ) ;
#870 = CARTESIAN_POINT ( 'NONE',  ( 73.08421115242201438, 3.458797154512068150, -7.213734534636374818 ) ) ;
#871 = ORIENTED_EDGE ( 'NONE', *, *, #4334, .T. ) ;
#872 = FACE_BOUND ( 'NONE', #1029, .T. ) ;
#873 = DIRECTION ( 'NONE',  ( -0.000000000000000000, -0.9396926207859057634, 0.3420201433256757073 ) ) ;
#874 = CARTESIAN_POINT ( 'NONE',  ( 73.62216329496398259, -2.073222654911943685, -7.726690612620640941 ) ) ;
#875 = ORIENTED_EDGE ( 'NONE', *, *, #108, .F. ) ;
#876 = EDGE_LOOP ( 'NONE', ( #1758, #1567, #4275, #2006 ) ) ;
#877 = ADVANCED_FACE ( 'NONE', ( #3419 ), #3049, .F. ) ;
#878 =( NAMED_UNIT ( * ) SI_UNIT ( $, .STERADIAN. ) SOLID_ANGLE_UNIT ( ) );
#879 = LINE ( 'NONE', #1169, #2831 ) ;
#880 = CARTESIAN_POINT ( 'NONE',  ( 73.62043667358639709, 9.608299766173999501, 2.771608948650492010 ) ) ;
#881 = FACE_BOUND ( 'NONE', #1112, .T. ) ;
#882 = CARTESIAN_POINT ( 'NONE',  ( 69.63452057087400249, -5.531315512973294268, -8.331939920992212478 ) ) ;
#883 = FACE_BOUND ( 'NONE', #57, .T. ) ;
#884 = CARTESIAN_POINT ( 'NONE',  ( 70.09253170642544717, 2.421587599001354008, -9.702366386627689465 ) ) ;
#885 = DIRECTION ( 'NONE',  ( -1.000000000000000000, -0.000000000000000000, -0.000000000000000000 ) ) ;
#886 = VERTEX_POINT ( 'NONE', #3440 ) ;
#887 = CARTESIAN_POINT ( 'NONE',  ( 70.00000000000000000, 6.554801683817454538, -4.586346572798861487 ) ) ;
#888 = CARTESIAN_POINT ( 'NONE',  ( 76.81497915877275773, -5.593952739520734241, 8.289010359989207544 ) ) ;
#889 = CARTESIAN_POINT ( 'NONE',  ( 76.30006596912039640, -7.580116936162447416, 2.564218205303519404 ) ) ;
#890 = VERTEX_POINT ( 'NONE', #4153 ) ;
#891 = B_SPLINE_CURVE_WITH_KNOTS ( 'NONE', 3,
 ( #1629, #2980, #1229, #2623, #2646, #3601, #558, #3976, #945, #965, #585, #4324, #3996, #298, #1916, #3096 ),
 .UNSPECIFIED., .F., .F.,
 ( 4, 2, 2, 2, 2, 2, 2, 4 ),
 ( 0.000000000000000000, 0.0002736485253891021577, 0.0005472970507782043154, 0.001094594101556441807, 0.001368242626945560553, 0.001641891152334679083, 0.001915539677723797829, 0.002189188203112916575 ),
 .UNSPECIFIED. ) ;
#892 = CARTESIAN_POINT ( 'NONE',  ( 72.81296124757919586, 3.679589224527386460, -7.104742160674621054 ) ) ;
#893 = EDGE_LOOP ( 'NONE', ( #2687, #3805, #1196, #3474 ) ) ;
#894 = CARTESIAN_POINT ( 'NONE',  ( 0.000000000000000000, 2.939152317953647894E-15, -24.00000000000000000 ) ) ;
#895 = CARTESIAN_POINT ( 'NONE',  ( 72.73707562519642522, -1.299461017979599342, -7.894285781837904636 ) ) ;
#897 = ADVANCED_FACE ( 'NONE', ( #1728 ), #1456, .F. ) ;
#896 = CARTESIAN_POINT ( 'NONE',  ( 0.000000000000000000, 0.000000000000000000, 0.000000000000000000 ) ) ;
#898 = ORIENTED_EDGE ( 'NONE', *, *, #1118, .F. ) ;
#899 = ORIENTED_EDGE ( 'NONE', *, *, #1764, .F. ) ;
#900 = CARTESIAN_POINT ( 'NONE',  ( 73.43710854142003086, -0.6944918006947444766, 7.969798061354364194 ) ) ;
#901 = DIRECTION ( 'NONE',  ( -0.000000000000000000, -0.9396926207859057634, 0.3420201433256757073 ) ) ;
#902 = EDGE_CURVE ( 'NONE', #3917, #3491, #678, .T. ) ;
#903 = CARTESIAN_POINT ( 'NONE',  ( 72.73707562519643943, -8.000002880169382991, -0.09110905475474724569 ) ) ;
#904 = CARTESIAN_POINT ( 'NONE',  ( 77.36629917073253182, -7.708999854324739331, 2.141980003433715751 ) ) ;
#905 = CARTESIAN_POINT ( 'NONE',  ( 69.38871602490029034, -9.270606120259735405, 3.750071345852003635 ) ) ;
#906 = EDGE_CURVE ( 'NONE', #256, #449, #3277, .T. ) ;
#907 = CARTESIAN_POINT ( 'NONE',  ( 73.43710854142003086, 9.613289567144516212, 2.754026815089224201 ) ) ;
#908 = CARTESIAN_POINT ( 'NONE',  ( 70.69992722027566856, -7.485730283212125080, 2.823541660610560999 ) ) ;
#909 = VECTOR ( 'NONE', #2749, 1000.000000000000000 ) ;
#910 = CARTESIAN_POINT ( 'NONE',  ( 70.00000000000000000, -25.45259906933438643, 22.27105159411432567 ) ) ;
#911 = CARTESIAN_POINT ( 'NONE',  ( 70.36629917073253182, -4.528598294006939362, 6.596101468337660201 ) ) ;
#912 = CARTESIAN_POINT ( 'NONE',  ( 73.08441250651266330, -6.503597507497168806, 4.658804735459677993 ) ) ;
#913 = VERTEX_POINT ( 'NONE', #826 ) ;
#914 = AXIS2_PLACEMENT_3D ( 'NONE', #2802, #728, #2055 ) ;
#915 = UNCERTAINTY_MEASURE_WITH_UNIT (LENGTH_MEASURE( 1.000000000000000082E-05 ), #3753, 'distance_accuracy_value', 'NONE');
#916 = CARTESIAN_POINT ( 'NONE',  ( 74.11872753940536995, -1.569961174786868252, 7.844896479715116833 ) ) ;
#917 = ORIENTED_EDGE ( 'NONE', *, *, #2685, .F. ) ;
#918 = AXIS2_PLACEMENT_3D ( 'NONE', #87, #3133, #1837 ) ;
#919 = DIRECTION ( 'NONE',  ( -1.000000000000000000, -0.000000000000000000, -0.000000000000000000 ) ) ;
#920 = CARTESIAN_POINT ( 'NONE',  ( 73.25401337745884689, -0.7126661258086902651, -7.968271399481176687 ) ) ;
#921 = CARTESIAN_POINT ( 'NONE',  ( 77.68192758678337384, 6.009623021281132793, 5.281253196780411052 ) ) ;
#922 = EDGE_LOOP ( 'NONE', ( #2798, #2180, #2267, #3924 ) ) ;
#923 = ORIENTED_EDGE ( 'NONE', *, *, #4223, .F. ) ;
#924 = CARTESIAN_POINT ( 'NONE',  ( 22.30000000000000426, 0.000000000000000000, 0.000000000000000000 ) ) ;
#925 = CARTESIAN_POINT ( 'NONE',  ( 70.09138514484499183, -4.381517174222576472, 8.989010359989173082 ) ) ;
#926 = DIRECTION ( 'NONE',  ( -0.5000000000000037748, 0.000000000000000000, 0.8660254037844364872 ) ) ;
#927 = VECTOR ( 'NONE', #1533, 1000.000000000000000 ) ;
#928 = CARTESIAN_POINT ( 'NONE',  ( 69.31838297155172768, 7.541244644164757815, -6.567861307368926482 ) ) ;
#929 = EDGE_CURVE ( 'NONE', #347, #1052, #1999, .T. ) ;
#930 = AXIS2_PLACEMENT_3D ( 'NONE', #2591, #2877, #1867 ) ;
#931 = CARTESIAN_POINT ( 'NONE',  ( 22.30000000000000426, 0.000000000000000000, 24.00000000000000000 ) ) ;
#932 = CARTESIAN_POINT ( 'NONE',  ( 70.18305898564280199, 2.403941057938534964, 9.706817543327295184 ) ) ;
#933 = CARTESIAN_POINT ( 'NONE',  ( 70.61174165653737589, 1.388415820423873237, -9.903509103878720410 ) ) ;
#934 = CARTESIAN_POINT ( 'NONE',  ( 69.63452057087400249, 9.981329390871614748, -0.6242897900856730908 ) ) ;
#935 = CIRCLE ( 'NONE', #1495, 2.000000000000000888 ) ;
#936 = EDGE_CURVE ( 'NONE', #2496, #1719, #1498, .T. ) ;
#937 = DIRECTION ( 'NONE',  ( -1.000000000000000000, -0.000000000000000000, -0.000000000000000000 ) ) ;
#938 = CARTESIAN_POINT ( 'NONE',  ( 76.63452057087401670, -4.450013877898274295, 8.956229711077956068 ) ) ;
#939 = CARTESIAN_POINT ( 'NONE',  ( 69.31811214426680579, 1.208792553237211687, -7.908603934493035226 ) ) ;
#940 = ORIENTED_EDGE ( 'NONE', *, *, #3323, .F. ) ;
#941 = CARTESIAN_POINT ( 'NONE',  ( 77.18332813216636623, -5.578828752609964248, 8.299271673463346488 ) ) ;
#942 = ORIENTED_EDGE ( 'NONE', *, *, #4362, .T. ) ;
#943 = FACE_BOUND ( 'NONE', #3824, .T. ) ;
#944 = CARTESIAN_POINT ( 'NONE',  ( 70.00000000000029843, 8.091604621707030986, 5.875877351168029783 ) ) ;
#945 = CARTESIAN_POINT ( 'NONE',  ( 74.11900067817300908, -7.541896191072838818, -6.567114503653261437 ) ) ;
#946 = ORIENTED_EDGE ( 'NONE', *, *, #3614, .T. ) ;
#947 = CARTESIAN_POINT ( 'NONE',  ( 69.43958974620022673, 6.395809910604603132, 4.806028032907389225 ) ) ;
#948 = DIRECTION ( 'NONE',  ( 1.000000000000000000, 0.000000000000000000, 0.000000000000000000 ) ) ;
#949 = CARTESIAN_POINT ( 'NONE',  ( 70.35287253598525581, -5.520228341509724856, 8.338364325123457377 ) ) ;
#950 = DIRECTION ( 'NONE',  ( -0.000000000000000000, 0.1736481776669405175, 0.9848077530122063550 ) ) ;
#951 = CARTESIAN_POINT ( 'NONE',  ( 69.43958974620018409, -3.622392932320642522, 7.133201196486272266 ) ) ;
#952 = CARTESIAN_POINT ( 'NONE',  ( 76.30006596912041061, 6.010736574720639602, 5.282464727721555064 ) ) ;
#953 = CARTESIAN_POINT ( 'NONE',  ( 77.70007234839452792, 6.187427275244036018, -5.071911779178404522 ) ) ;
#954 = CARTESIAN_POINT ( 'NONE',  ( 77.00000000000001421, 28.66777494936466297, -11.17914120494440766 ) ) ;
#955 = DIRECTION ( 'NONE',  ( -1.000000000000000000, -0.000000000000000000, -0.000000000000000000 ) ) ;
#956 = EDGE_CURVE ( 'NONE', #3645, #3710, #2844, .T. ) ;
#957 = CARTESIAN_POINT ( 'NONE',  ( 76.31805170002294858, -5.157568502546839184, 8.567770602273634850 ) ) ;
#958 = CARTESIAN_POINT ( 'NONE',  ( 69.30006596912041061, 1.569380361441871763, -7.846682933025100226 ) ) ;
#959 = EDGE_CURVE ( 'NONE', #3321, #2683, #194, .T. ) ;
#960 = ORIENTED_EDGE ( 'NONE', *, *, #406, .F. ) ;
#961 = CARTESIAN_POINT ( 'NONE',  ( 78.38119784648294797, 9.797174393178825657E-16, -8.000000000000000000 ) ) ;
#962 = ORIENTED_EDGE ( 'NONE', *, *, #3556, .T. ) ;
#963 = DIRECTION ( 'NONE',  ( 0.000000000000000000, 0.000000000000000000, 1.000000000000000000 ) ) ;
#964 = FACE_OUTER_BOUND ( 'NONE', #4194, .T. ) ;
#965 = CARTESIAN_POINT ( 'NONE',  ( 74.04885019795742096, -7.429441168365371162, -6.694071629943154633 ) ) ;
#966 = ORIENTED_EDGE ( 'NONE', *, *, #3046, .T. ) ;
#967 = LINE ( 'NONE', #1677, #1693 ) ;
#968 = CARTESIAN_POINT ( 'NONE',  ( 72.73718330510583030, 4.919495212058530242, 8.706727455758626277 ) ) ;
#969 = CARTESIAN_POINT ( 'NONE',  ( 73.25438029584988442, -7.191701968143092927, -6.948339571538422632 ) ) ;
#970 = CARTESIAN_POINT ( 'NONE',  ( 73.99752483067875630, 9.241556086058716701, 3.820723049422297901 ) ) ;
#971 = CARTESIAN_POINT ( 'NONE',  ( 72.75549151297175854, -1.917312418631943238, 9.814840091684493117 ) ) ;
#972 = VERTEX_POINT ( 'NONE', #2935 ) ;
#973 = CARTESIAN_POINT ( 'NONE',  ( 77.61126478936334649, -7.389823983413413622, 3.065563628756171166 ) ) ;
#974 = CARTESIAN_POINT ( 'NONE',  ( 70.61174165653740431, -5.302264720416914656, -8.478984602865732967 ) ) ;
#975 = CARTESIAN_POINT ( 'NONE',  ( 77.43051374540979737, -4.507767379085394488, -8.926601460849488134 ) ) ;
#976 = LINE ( 'NONE', #287, #422 ) ;
#977 = PRODUCT_DEFINITION ( 'UNKNOWN', '', #3768, #1623 ) ;
#978 = CARTESIAN_POINT ( 'NONE',  ( 77.00000000000001421, 7.969316156358710934, 0.7000000000000018430 ) ) ;
#979 = CARTESIAN_POINT ( 'NONE',  ( 70.36629917073251761, -3.448092290516741265, -7.219931900313727446 ) ) ;
#980 = EDGE_LOOP ( 'NONE', ( #2271, #3782 ) ) ;
#981 = EDGE_CURVE ( 'NONE', #2715, #913, #4211, .T. ) ;
#982 = CARTESIAN_POINT ( 'NONE',  ( 76.81663884680023102, -4.575911048469616382, 6.562185746286062660 ) ) ;
#983 = EDGE_LOOP ( 'NONE', ( #2243, #2057 ) ) ;
#984 = CYLINDRICAL_SURFACE ( 'NONE', #3826, 0.7000000000000013989 ) ;
#985 = CARTESIAN_POINT ( 'NONE',  ( 70.09138514484499183, 8.091604621704302502, 5.875877351171794771 ) ) ;
#986 = CARTESIAN_POINT ( 'NONE',  ( 70.00000000000000000, -26.35250172289580206, -21.19858937374737806 ) ) ;
#987 = AXIS2_PLACEMENT_3D ( 'NONE', #1454, #4170, #3762 ) ;
#988 = VERTEX_POINT ( 'NONE', #472 ) ;
#989 = LINE ( 'NONE', #4069, #553 ) ;
#990 = EDGE_CURVE ( 'NONE', #2879, #1957, #2676, .T. ) ;
#991 = AXIS2_PLACEMENT_3D ( 'NONE', #110, #2855, #2173 ) ;
#992 = CARTESIAN_POINT ( 'NONE',  ( 77.18305898564281620, -9.608321111391148861, -2.771534746288474960 ) ) ;
#993 = DIRECTION ( 'NONE',  ( -1.000000000000000000, -0.000000000000000000, -0.000000000000000000 ) ) ;
#994 = CARTESIAN_POINT ( 'NONE',  ( 72.73703423331750173, -1.646051268912499976, 9.864028150326797473 ) ) ;
#995 = ORIENTED_EDGE ( 'NONE', *, *, #959, .T. ) ;
#996 = CIRCLE ( 'NONE', #3957, 10.09999999999999964 ) ;
#997 = CARTESIAN_POINT ( 'NONE',  ( 69.31805170002294858, 7.542004543489556845, 6.566991199752780339 ) ) ;
#998 = CARTESIAN_POINT ( 'NONE',  ( 70.68189213675297822, -5.157708748383829978, -8.567685307471144540 ) ) ;
#999 = DIRECTION ( 'NONE',  ( -0.000000000000000000, -0.9396926207859058744, 0.3420201433256757628 ) ) ;
#1000 = DIRECTION ( 'NONE',  ( -1.000000000000000000, -0.000000000000000000, -0.000000000000000000 ) ) ;
#1001 = AXIS2_PLACEMENT_3D ( 'NONE', #2772, #775, #4124 ) ;
#1002 = CARTESIAN_POINT ( 'NONE',  ( 76.31811214426682000, 7.998359094238592704, -0.1828863829027787546 ) ) ;
#1003 = AXIS2_PLACEMENT_3D ( 'NONE', #2677, #2656, #2704 ) ;
#1004 = FACE_BOUND ( 'NONE', #532, .T. ) ;
#1005 = CARTESIAN_POINT ( 'NONE',  ( 70.68192758678331700, -3.840903431500958032, -7.018166784588379947 ) ) ;
#1006 = ORIENTED_EDGE ( 'NONE', *, *, #187, .T. ) ;
#1007 = CARTESIAN_POINT ( 'NONE',  ( 73.43710854141983191, 4.590875860832720257, -6.551630242193421161 ) ) ;
#1008 = ORIENTED_EDGE ( 'NONE', *, *, #716, .T. ) ;
#1009 = CARTESIAN_POINT ( 'NONE',  ( 72.73717451054044147, 7.580116936162484720, 2.564218205303416820 ) ) ;
#1010 = B_SPLINE_CURVE_WITH_KNOTS ( 'NONE', 3,
 ( #3004, #1960, #2598, #1565, #3948, #1892, #255, #4278, #921, #1983, #627, #2913, #1274, #1296 ),
 .UNSPECIFIED., .F., .F.,
 ( 4, 2, 2, 2, 2, 2, 4 ),
 ( 0.002189565179306704121, 0.002736829203537975621, 0.003010461215653595542, 0.003284093227769215896, 0.003557725239884836251, 0.003831357252000456605, 0.004378621276231725937 ),
 .UNSPECIFIED. ) ;
#1011 = CARTESIAN_POINT ( 'NONE',  ( 83.00000000000000000, 0.000000000000000000, 0.000000000000000000 ) ) ;
#1012 = CARTESIAN_POINT ( 'NONE',  ( 83.00000000000000000, 9.797174393178825657E-16, -8.000000000000000000 ) ) ;
#1013 = ORIENTED_EDGE ( 'NONE', *, *, #2695, .T. ) ;
#1014 = ADVANCED_FACE ( 'NONE', ( #2273 ), #1838, .T. ) ;
#1015 = CARTESIAN_POINT ( 'NONE',  ( 73.43710854141983191, 7.728121685169515587, -2.067881819450200886 ) ) ;
#1016 = FACE_BOUND ( 'NONE', #2515, .T. ) ;
#1017 = DIRECTION ( 'NONE',  ( 0.000000000000000000, 0.000000000000000000, 1.000000000000000000 ) ) ;
#1018 = CARTESIAN_POINT ( 'NONE',  ( 73.78998107740530088, -2.335429275989747033, -9.723528714296508113 ) ) ;
#1019 = ADVANCED_FACE ( 'NONE', ( #964 ), #4347, .F. ) ;
#1020 = VERTEX_POINT ( 'NONE', #2317 ) ;
#1021 = FACE_BOUND ( 'NONE', #185, .T. ) ;
#1022 = CARTESIAN_POINT ( 'NONE',  ( 76.81690483603881603, -4.575972200731341033, -6.562142982349502773 ) ) ;
#1023 = CARTESIAN_POINT ( 'NONE',  ( 77.18274313490441330, 5.654899030256199666, -5.658808793165531092 ) ) ;
#1024 = CARTESIAN_POINT ( 'NONE',  ( 77.00000000000001421, -4.381517174222641309, -8.989010359989141108 ) ) ;
#1025 = CARTESIAN_POINT ( 'NONE',  ( 70.00000000000000000, 9.975469913743411965, 0.7000000000000018430 ) ) ;
#1026 = DIRECTION ( 'NONE',  ( -0.000000000000000000, -0.9396926207859104263, -0.3420201433256630508 ) ) ;
#1027 = DIRECTION ( 'NONE',  ( 0.000000000000000000, 0.3420201433256633283, -0.9396926207859103153 ) ) ;
#1028 = CARTESIAN_POINT ( 'NONE',  ( 77.09253170642543296, 2.421587599001354008, -9.702366386627689465 ) ) ;
#1029 = EDGE_LOOP ( 'NONE', ( #4345, #3602 ) ) ;
#1030 = LINE ( 'NONE', #1053, #1419 ) ;
#1031 = B_SPLINE_CURVE_WITH_KNOTS ( 'NONE', 3,
 ( #2104, #374, #1752, #2439, #2373, #2744, #3106, #2457, #3039, #1064, #769, #3724, #3086, #685, #4096, #2038 ),
 .UNSPECIFIED., .F., .F.,
 ( 4, 2, 2, 2, 2, 2, 2, 4 ),
 ( 0.000000000000000000, 0.0002736485253891044887, 0.0005472970507782089775, 0.001094594101556445494, 0.001368242626945562722, 0.001641891152334679733, 0.001915539677723796744, 0.002189188203112913973 ),
 .UNSPECIFIED. ) ;
#1032 = CARTESIAN_POINT ( 'NONE',  ( 72.87669828762025759, 7.360047323100313399, 3.135919843906036508 ) ) ;
#1033 = CARTESIAN_POINT ( 'NONE',  ( 77.00000000000001421, 0.6944918006948505029, 7.969798061354350871 ) ) ;
#1034 = CYLINDRICAL_SURFACE ( 'NONE', #3550, 0.7000000000000018430 ) ;
#1035 = VERTEX_POINT ( 'NONE', #3669 ) ;
#1036 = CARTESIAN_POINT ( 'NONE',  ( 38.00000000000000711, 0.000000000000000000, 12.00000000000000000 ) ) ;
#1037 = EDGE_CURVE ( 'NONE', #3663, #1516, #1483, .T. ) ;
#1038 = FACE_BOUND ( 'NONE', #1477, .T. ) ;
#1039 = CARTESIAN_POINT ( 'NONE',  ( 77.00000000000001421, 16.39298785811530479, 28.39348785811511533 ) ) ;
#1040 = CARTESIAN_POINT ( 'NONE',  ( 73.07162911229404756, -2.348045084820933770, 9.721283785114545495 ) ) ;
#1041 = EDGE_LOOP ( 'NONE', ( #578, #768, #3866, #750 ) ) ;
#1042 = DIRECTION ( 'NONE',  ( -1.000000000000000000, -0.000000000000000000, -0.000000000000000000 ) ) ;
#1043 = ADVANCED_FACE ( 'NONE', ( #3319 ), #2362, .F. ) ;
#1044 = CARTESIAN_POINT ( 'NONE',  ( 76.29996708377640857, -4.078904196017122175, -6.882651197197964699 ) ) ;
#1045 = CARTESIAN_POINT ( 'NONE',  ( 77.68161899798536751, 6.008899054098949755, -5.282074500178270959 ) ) ;
#1046 = CARTESIAN_POINT ( 'NONE',  ( 73.43710854142003086, -9.975469913743411965, 0.7000000000000018430 ) ) ;
#1047 = CARTESIAN_POINT ( 'NONE',  ( 77.68189213675299243, 7.541896191072750000, -6.567114503653363577 ) ) ;
#1048 = EDGE_CURVE ( 'NONE', #4213, #2227, #2882, .T. ) ;
#1049 = CARTESIAN_POINT ( 'NONE',  ( 69.38871602490030455, -9.512195699323946485, -3.086309432597542202 ) ) ;
#1050 = CARTESIAN_POINT ( 'NONE',  ( 70.00000000000000000, 5.654899030256378190, 5.658808793165353457 ) ) ;
#1051 = CARTESIAN_POINT ( 'NONE',  ( 73.43710854142003086, 7.728121685168185095, 2.067881819455191561 ) ) ;
#1052 = VERTEX_POINT ( 'NONE', #2666 ) ;
#1053 = CARTESIAN_POINT ( 'NONE',  ( 70.00000000000000000, -24.00100000000000122, -0.7000000000000018430 ) ) ;
#1054 = CARTESIAN_POINT ( 'NONE',  ( 69.44079562782334847, -4.622347720005415717, 8.867810896333514492 ) ) ;
#1055 = CARTESIAN_POINT ( 'NONE',  ( 76.90745110525168116, -7.249293484512256747, -3.383451488555469400 ) ) ;
#1056 = ORIENTED_EDGE ( 'NONE', *, *, #1857, .T. ) ;
#1057 = CARTESIAN_POINT ( 'NONE',  ( 77.68192758678335963, 7.998362439200166207, 0.1827634471315756348 ) ) ;
#1058 = CARTESIAN_POINT ( 'NONE',  ( 77.35269246556352130, -9.588568508394802237, -2.839118417626974811 ) ) ;
#1059 = CARTESIAN_POINT ( 'NONE',  ( 70.00000000000000000, 9.975469913743411965, 0.7000000000000018430 ) ) ;
#1060 = ORIENTED_EDGE ( 'NONE', *, *, #165, .T. ) ;
#1061 = ORIENTED_EDGE ( 'NONE', *, *, #1772, .F. ) ;
#1062 = AXIS2_PLACEMENT_3D ( 'NONE', #2925, #4268, #2589 ) ;
#1063 = CARTESIAN_POINT ( 'NONE',  ( 77.35287253598525581, -9.588537519003040188, 2.839223275399406887 ) ) ;
#1064 = CARTESIAN_POINT ( 'NONE',  ( 74.04885019795742096, 5.302264720416797417, -8.478984602865807574 ) ) ;
#1065 = CARTESIAN_POINT ( 'NONE',  ( 73.80340771215256268, 7.282274706813953280, -3.314397710533021790 ) ) ;
#1066 = AXIS2_PLACEMENT_3D ( 'NONE', #3778, #741, #2091 ) ;
#1067 = CARTESIAN_POINT ( 'NONE',  ( 77.61174165653737589, 7.429441168365277903, -6.694071629943256774 ) ) ;
#1068 = EDGE_CURVE ( 'NONE', #2862, #2956, #731, .T. ) ;
#1069 = AXIS2_PLACEMENT_3D ( 'NONE', #404, #4372, #54 ) ;
#1070 = CARTESIAN_POINT ( 'NONE',  ( 69.31838297155172768, -9.458557062796758785, -3.246978784315515565 ) ) ;
#1071 = FACE_BOUND ( 'NONE', #2593, .T. ) ;
#1072 = VECTOR ( 'NONE', #3141, 1000.000000000000000 ) ;
#1073 = ORIENTED_EDGE ( 'NONE', *, *, #4281, .F. ) ;
#1074 = EDGE_CURVE ( 'NONE', #1821, #4109, #2340, .T. ) ;
#1075 = VECTOR ( 'NONE', #2341, 1000.000000000000114 ) ;
#1076 = DIRECTION ( 'NONE',  ( -0.000000000000000000, 0.000000000000000000, 1.000000000000000000 ) ) ;
#1077 = CARTESIAN_POINT ( 'NONE',  ( 72.82582456632030699, -1.387646008618110161, -9.903616081550399741 ) ) ;
#1078 = DIRECTION ( 'NONE',  ( -0.000000000000000000, 0.7660444431189858960, 0.6427876096865301481 ) ) ;
#1079 = ORIENTED_EDGE ( 'NONE', *, *, #192, .T. ) ;
#1080 = CARTESIAN_POINT ( 'NONE',  ( 73.25401337745888952, 3.394996425614848601, 7.243979664019446041 ) ) ;
#1081 = CARTESIAN_POINT ( 'NONE',  ( 22.30000000000000426, 0.000000000000000000, 0.000000000000000000 ) ) ;
#1082 = CARTESIAN_POINT ( 'NONE',  ( 70.68189213675294980, 9.998687502092614920, -0.1828641476860214110 ) ) ;
#1083 = ORIENTED_EDGE ( 'NONE', *, *, #3180, .T. ) ;
#1084 = ORIENTED_EDGE ( 'NONE', *, *, #1749, .F. ) ;
#1085 = CARTESIAN_POINT ( 'NONE',  ( 69.38871602490030455, 7.882960111641834189, 6.153544735698385004 ) ) ;
#1086 = CARTESIAN_POINT ( 'NONE',  ( 69.81690483603881603, 5.667840051680931523, -5.645957071323370435 ) ) ;
#1087 = CARTESIAN_POINT ( 'NONE',  ( 69.63374405134038625, 2.347641611554502905, -9.721384928675039561 ) ) ;
#1088 = FACE_OUTER_BOUND ( 'NONE', #1625, .T. ) ;
#1089 = CARTESIAN_POINT ( 'NONE',  ( 77.00000000000001421, -4.381517174222641309, -8.989010359989141108 ) ) ;
#1090 = CARTESIAN_POINT ( 'NONE',  ( 74.11872753940536995, -6.245262290292458829, 5.000387764287466119 ) ) ;
#1091 = EDGE_CURVE ( 'NONE', #1869, #730, #2124, .T. ) ;
#1092 = DIRECTION ( 'NONE',  ( -0.000000000000000000, 0.1736481776669273336, -0.9848077530122085754 ) ) ;
#1093 = ORIENTED_EDGE ( 'NONE', *, *, #1772, .T. ) ;
#1094 = CARTESIAN_POINT ( 'NONE',  ( 38.00000000000000711, 1.469576158976823947E-15, -12.00000000000000000 ) ) ;
#1095 = ADVANCED_FACE ( 'NONE', ( #3647 ), #4230, .F. ) ;
#1096 = CARTESIAN_POINT ( 'NONE',  ( 83.00000000000000000, 0.000000000000000000, 10.00000000000000178 ) ) ;
#1097 = CARTESIAN_POINT ( 'NONE',  ( 76.43958974620021252, -7.653853773586678955, -2.328693255504620474 ) ) ;
#1098 = VERTEX_POINT ( 'NONE', #2979 ) ;
#1099 = CARTESIAN_POINT ( 'NONE',  ( 77.70007234839454213, 8.000006330482586137, 0.09189175393411776194 ) ) ;
#1100 = DIRECTION ( 'NONE',  ( 0.000000000000000000, -0.8660254037844425934, -0.4999999999999932832 ) ) ;
#1101 = CARTESIAN_POINT ( 'NONE',  ( 69.30006596912038219, -3.841535461464780976, -7.019686108980608630 ) ) ;
#1102 = EDGE_LOOP ( 'NONE', ( #1402, #1494, #4259, #3642 ) ) ;
#1103 = ORIENTED_EDGE ( 'NONE', *, *, #683, .T. ) ;
#1104 = CARTESIAN_POINT ( 'NONE',  ( 73.43710854141983191, 3.378440295525503068, 7.251630242198615406 ) ) ;
#1105 = CARTESIAN_POINT ( 'NONE',  ( 76.90745110525168116, -3.378440295530282800, -7.251630242196390519 ) ) ;
#1106 = FACE_OUTER_BOUND ( 'NONE', #3208, .T. ) ;
#1107 = CARTESIAN_POINT ( 'NONE',  ( 74.04837333078339157, -1.040056012286396214, -7.932557113509599134 ) ) ;
#1108 = CARTESIAN_POINT ( 'NONE',  ( 46.30000000000000426, 0.000000000000000000, 0.000000000000000000 ) ) ;
#1109 = CARTESIAN_POINT ( 'NONE',  ( 73.99693945301240205, -5.843279462887007725, 5.464455543864835896 ) ) ;
#1110 = CARTESIAN_POINT ( 'NONE',  ( 77.35287253598527002, 7.253108243013496548, 6.884305438897120766 ) ) ;
#1111 = DIRECTION ( 'NONE',  ( -0.000000000000000000, 0.1736481776669273336, -0.9848077530122085754 ) ) ;
#1112 = EDGE_LOOP ( 'NONE', ( #229, #167 ) ) ;
#1113 = CARTESIAN_POINT ( 'NONE',  ( 22.30000000000000426, -9.000000000000074607, -15.58845726811985699 ) ) ;
#1114 = CARTESIAN_POINT ( 'NONE',  ( 77.55920409114584402, 1.811503974478786638, 7.792472481976138177 ) ) ;
#1115 = CARTESIAN_POINT ( 'NONE',  ( 73.00657962768573839, -5.753948984502168074, 5.558440032192295988 ) ) ;
#1116 = ORIENTED_EDGE ( 'NONE', *, *, #3829, .F. ) ;
#1117 = CARTESIAN_POINT ( 'NONE',  ( 70.69992722027566856, -7.549339681016321357, -2.648776276478423508 ) ) ;
#1118 = EDGE_CURVE ( 'NONE', #391, #3495, #2755, .T. ) ;
#1119 = DIRECTION ( 'NONE',  ( -0.000000000000000000, 0.7660444431189770143, -0.6427876096865404731 ) ) ;
#1120 = CARTESIAN_POINT ( 'NONE',  ( 73.99693945301238784, 3.621932724155317640, -7.133427830571010375 ) ) ;
#1121 = EDGE_LOOP ( 'NONE', ( #1276, #2401 ) ) ;
#1122 = ORIENTED_EDGE ( 'NONE', *, *, #1899, .F. ) ;
#1123 = ADVANCED_FACE ( 'NONE', ( #1158 ), #2612, .F. ) ;
#1124 = VECTOR ( 'NONE', #1432, 1000.000000000000000 ) ;
#1125 = LINE ( 'NONE', #517, #3835 ) ;
#1126 = CYLINDRICAL_SURFACE ( 'NONE', #2268, 0.7000000000000022871 ) ;
#1127 = CARTESIAN_POINT ( 'NONE',  ( 69.31805170002294858, 1.916178933670080520, -9.815063129995985847 ) ) ;
#1128 = CARTESIAN_POINT ( 'NONE',  ( 74.11872753940536995, -1.207831687499659967, -7.908749678833976837 ) ) ;
#1129 = CARTESIAN_POINT ( 'NONE',  ( 21.30000000000000426, 0.000000000000000000, 14.22050000000000125 ) ) ;
#1130 = CLOSED_SHELL ( 'NONE', ( #2425, #515, #2127, #2743, #3934, #1547, #2633, #689, #2520, #3380, #1251, #3233, #815, #572, #2446, #1720, #2315, #2257, #1580, #4054, #3408, #2957, #1043, #3775, #3701, #3437, #622, #258, #2452, #2795, #2716, #1019, #392, #1172, #877, #2196, #3641, #3102, #3823, #1726, #2610, #3487, #3431, #3212, #2525, #1611, #1123, #2121, #1014, #2790, #1690, #2679, #1177, #2658, #4176, #1232, #2549, #2046, #307, #1095, #3162, #1278, #3779, #2818, #3589, #3481, #544, #2661, #3585, #4299, #2914, #38, #767, #113, #1284, #1452, #2638, #3897, #3563, #2344, #897, #740, #120, #1963, #3127, #2398, #798, #490, #3237, #3795, #1779, #3806, #1447, #792 ) ) ;
#1131 = VECTOR ( 'NONE', #2435, 1000.000000000000000 ) ;
#1132 = CARTESIAN_POINT ( 'NONE',  ( 76.99999999999980105, -3.378440295525395154, 7.251630242198666920 ) ) ;
#1133 = CARTESIAN_POINT ( 'NONE',  ( 26.30000000000000426, 8.999999999999962697, -18.33845726811991383 ) ) ;
#1134 = CARTESIAN_POINT ( 'NONE',  ( 73.43710854142032929, -8.091604621706954603, 5.875877351168138141 ) ) ;
#1135 = VERTEX_POINT ( 'NONE', #1510 ) ;
#1136 = CIRCLE ( 'NONE', #778, 1.000000000000000888 ) ;
#1137 = CARTESIAN_POINT ( 'NONE',  ( 77.00000000000001421, 1.042856744784389056, 9.945473835361372750 ) ) ;
#1138 = AXIS2_PLACEMENT_3D ( 'NONE', #2512, #2182, #2801 ) ;
#1139 = CARTESIAN_POINT ( 'NONE',  ( 73.25208770019281701, 9.613289567144517989, 2.754026815089224201 ) ) ;
#1140 = CARTESIAN_POINT ( 'NONE',  ( 85.00100000000000477, 8.999999999999962697, -15.58845726811991561 ) ) ;
#1141 = ORIENTED_EDGE ( 'NONE', *, *, #1313, .F. ) ;
#1142 = CARTESIAN_POINT ( 'NONE',  ( 73.08421115242201438, 4.517878785896153992, 6.602273469662986116 ) ) ;
#1143 = CIRCLE ( 'NONE', #2277, 14.22050000000000125 ) ;
#1144 = VERTEX_POINT ( 'NONE', #4203 ) ;
#1145 = DIRECTION ( 'NONE',  ( -1.000000000000000000, -0.000000000000000000, -0.000000000000000000 ) ) ;
#1146 = CARTESIAN_POINT ( 'NONE',  ( 70.43051374540979737, 9.984547324097629684, 0.5594596657860433364 ) ) ;
#1147 = EDGE_CURVE ( 'NONE', #2715, #2140, #3111, .T. ) ;
#1148 = AXIS2_PLACEMENT_3D ( 'NONE', #3076, #1078, #2074 ) ;
#1149 = ORIENTED_EDGE ( 'NONE', *, *, #3073, .T. ) ;
#1150 = VERTEX_POINT ( 'NONE', #3856 ) ;
#1151 = CARTESIAN_POINT ( 'NONE',  ( 73.62216329496396838, 4.590875860828493416, 6.551630242196375242 ) ) ;
#1152 = FACE_OUTER_BOUND ( 'NONE', #758, .T. ) ;
#1153 = DIRECTION ( 'NONE',  ( -1.000000000000000000, -0.000000000000000000, -0.000000000000000000 ) ) ;
#1154 = EDGE_CURVE ( 'NONE', #1052, #2407, #2792, .T. ) ;
#1155 = LINE ( 'NONE', #3174, #3193 ) ;
#1156 = CARTESIAN_POINT ( 'NONE',  ( 70.00000000000000000, 16.39298785811485359, -28.39348785811523257 ) ) ;
#1157 = CARTESIAN_POINT ( 'NONE',  ( 26.30000000000000426, -9.000000000000074607, -18.33845726811985344 ) ) ;
#1158 = FACE_OUTER_BOUND ( 'NONE', #2866, .T. ) ;
#1159 = ORIENTED_EDGE ( 'NONE', *, *, #2228, .T. ) ;
#1160 = DIRECTION ( 'NONE',  ( -1.000000000000000000, 0.000000000000000000, -0.000000000000000000 ) ) ;
#1161 = CARTESIAN_POINT ( 'NONE',  ( 69.29996708377640857, -7.486382540795677443, 2.821776638121166414 ) ) ;
#1162 = CARTESIAN_POINT ( 'NONE',  ( 70.69993446735442433, -9.334353055291964907, -3.592106344675166874 ) ) ;
#1163 = ORIENTED_EDGE ( 'NONE', *, *, #723, .F. ) ;
#1164 = ORIENTED_EDGE ( 'NONE', *, *, #363, .T. ) ;
#1165 = DIRECTION ( 'NONE',  ( 1.000000000000000000, 0.000000000000000000, 0.000000000000000000 ) ) ;
#1166 = CARTESIAN_POINT ( 'NONE',  ( 73.43710854142003086, -2.073222654911943685, -7.726690612620640941 ) ) ;
#1167 = ORIENTED_EDGE ( 'NONE', *, *, #282, .F. ) ;
#1168 = VERTEX_POINT ( 'NONE', #1033 ) ;
#1169 = CARTESIAN_POINT ( 'NONE',  ( 70.00000000000000000, 16.99920564076396445, -28.04348785811523825 ) ) ;
#1170 = CARTESIAN_POINT ( 'NONE',  ( 76.31811214426680579, 6.009541437301313849, -5.281345220945031116 ) ) ;
#1171 = CARTESIAN_POINT ( 'NONE',  ( 73.43710854142032929, 4.381517174218521049, 8.989010359991146615 ) ) ;
#1172 = ADVANCED_FACE ( 'NONE', ( #4185 ), #504, .T. ) ;
#1173 = CARTESIAN_POINT ( 'NONE',  ( 69.31805170002294858, -9.458183477159554542, 3.248071930243169980 ) ) ;
#1174 = CARTESIAN_POINT ( 'NONE',  ( 77.36548765893749646, -4.528970534948357773, -6.595841267131937080 ) ) ;
#1175 = CARTESIAN_POINT ( 'NONE',  ( 72.87725266454344819, -7.377119157061780896, 6.751466467328058663 ) ) ;
#1176 = ORIENTED_EDGE ( 'NONE', *, *, #3079, .F. ) ;
#1177 = ADVANCED_FACE ( 'NONE', ( #9, #1364 ), #801, .F. ) ;
#1178 = CARTESIAN_POINT ( 'NONE',  ( 70.61126478936334649, 1.735761360952220889, 7.809885489916616130 ) ) ;
#1179 = CARTESIAN_POINT ( 'NONE',  ( 69.81663884680023102, -7.723442921061187683, 2.085587000672970870 ) ) ;
#1180 = CARTESIAN_POINT ( 'NONE',  ( 70.09138514484496341, -9.613289567144491343, -2.754026815089295699 ) ) ;
#1181 = ORIENTED_EDGE ( 'NONE', *, *, #2228, .F. ) ;
#1182 = ORIENTED_EDGE ( 'NONE', *, *, #631, .T. ) ;
#1183 = CARTESIAN_POINT ( 'NONE',  ( 73.43710854142003086, -24.00000000000000000, 0.000000000000000000 ) ) ;
#1184 = CARTESIAN_POINT ( 'NONE',  ( 69.81497915877278615, 1.042856744784389278, 9.945473835361372750 ) ) ;
#1185 = ORIENTED_EDGE ( 'NONE', *, *, #1879, .F. ) ;
#1186 = EDGE_LOOP ( 'NONE', ( #1856, #3104 ) ) ;
#1187 = B_SPLINE_CURVE_WITH_KNOTS ( 'NONE', 3,
 ( #3382, #2001, #4032, #713, #1049, #1070, #4383, #26, #1380, #3660, #4081, #3752, #355, #4359 ),
 .UNSPECIFIED., .F., .F.,
 ( 4, 2, 2, 2, 2, 2, 4 ),
 ( 0.002189188203112909202, 0.002736359354753672458, 0.003009944930574053653, 0.003283530506394434847, 0.003557116082214816042, 0.003830701658035197237, 0.004377872809675957023 ),
 .UNSPECIFIED. ) ;
#1188 = CARTESIAN_POINT ( 'NONE',  ( 26.30000000000000426, -18.00000000000000000, 0.000000000000000000 ) ) ;
#1189 = LINE ( 'NONE', #1858, #2694 ) ;
#1190 = CARTESIAN_POINT ( 'NONE',  ( 77.56041628925873965, 9.990986303619580511, -0.4295069185028181358 ) ) ;
#1191 = DIRECTION ( 'NONE',  ( 0.000000000000000000, 0.000000000000000000, 1.000000000000000000 ) ) ;
#1192 = CARTESIAN_POINT ( 'NONE',  ( 77.00000000000029843, 9.975469913743092221, -0.7000000000045700776 ) ) ;
#1193 = CARTESIAN_POINT ( 'NONE',  ( 73.00657962768573839, -6.473157593903735574, -4.701320588113281573 ) ) ;
#1194 = CARTESIAN_POINT ( 'NONE',  ( 70.68192758678333121, -7.578510942870190448, 2.563859605207007064 ) ) ;
#1195 = EDGE_CURVE ( 'NONE', #426, #4040, #2102, .T. ) ;
#1196 = ORIENTED_EDGE ( 'NONE', *, *, #3991, .T. ) ;
#1197 = CIRCLE ( 'NONE', #1062, 8.000000000000000000 ) ;
#1198 = LINE ( 'NONE', #2548, #2763 ) ;
#1199 = CARTESIAN_POINT ( 'NONE',  ( 70.18274313490441330, -3.378440295530047877, 7.251630242196499765 ) ) ;
#1200 = CARTESIAN_POINT ( 'NONE',  ( 76.38825132211498214, 2.082526763054531660, -9.781118966294666706 ) ) ;
#1201 = EDGE_CURVE ( 'NONE', #3114, #211, #2970, .T. ) ;
#1202 = VECTOR ( 'NONE', #1784, 1000.000000000000114 ) ;
#1203 = EDGE_LOOP ( 'NONE', ( #432, #1093 ) ) ;
#1204 = AXIS2_PLACEMENT_3D ( 'NONE', #1907, #3898, #865 ) ;
#1205 = CARTESIAN_POINT ( 'NONE',  ( 73.25374738822026188, 3.395064036400926799, -7.243948086575672463 ) ) ;
#1206 = ORIENTED_EDGE ( 'NONE', *, *, #2748, .F. ) ;
#1207 = FACE_BOUND ( 'NONE', #3997, .T. ) ;
#1208 = CARTESIAN_POINT ( 'NONE',  ( 77.70007234839455634, -4.079583758546478478, 6.882262835667226852 ) ) ;
#1209 = ORIENTED_EDGE ( 'NONE', *, *, #140, .T. ) ;
#1210 = ORIENTED_EDGE ( 'NONE', *, *, #3723, .F. ) ;
#1211 = CIRCLE ( 'NONE', #566, 2.750000000000000888 ) ;
#1212 = AXIS2_PLACEMENT_3D ( 'NONE', #4233, #4098, #128 ) ;
#1213 = CARTESIAN_POINT ( 'NONE',  ( 73.78998107740530088, -9.981349502321659628, 0.6114758158766289142 ) ) ;
#1214 = DIRECTION ( 'NONE',  ( 0.000000000000000000, -0.6427876096865299260, 0.7660444431189858960 ) ) ;
#1215 = CARTESIAN_POINT ( 'NONE',  ( 0.000000000000000000, 0.000000000000000000, 0.000000000000000000 ) ) ;
#1216 = CARTESIAN_POINT ( 'NONE',  ( 21.30000000000000426, 0.000000000000000000, 13.22049999999999770 ) ) ;
#1217 = CARTESIAN_POINT ( 'NONE',  ( 73.99693945301240205, -6.396113015917608280, -4.805614170933987239 ) ) ;
#1218 = CARTESIAN_POINT ( 'NONE',  ( 83.00000000000000000, 0.000000000000000000, 0.000000000000000000 ) ) ;
#1219 = EDGE_LOOP ( 'NONE', ( #966, #2464, #3743, #2492 ) ) ;
#1220 = CARTESIAN_POINT ( 'NONE',  ( 70.70007234839455634, 1.298690808900080595, 7.894425094019259070 ) ) ;
#1221 = CARTESIAN_POINT ( 'NONE',  ( 69.43958974620022673, 7.988729912622992479, -0.4295162963641747100 ) ) ;
#1222 = CARTESIAN_POINT ( 'NONE',  ( 76.29992569189745666, -9.428337595179469233, 3.333914564240260781 ) ) ;
#1223 = ORIENTED_EDGE ( 'NONE', *, *, #2156, .F. ) ;
#1224 = EDGE_CURVE ( 'NONE', #1659, #3881, #3468, .T. ) ;
#1225 = CARTESIAN_POINT ( 'NONE',  ( 77.43051374540979737, -5.476779945012198780, 8.367141795063519183 ) ) ;
#1226 = EDGE_LOOP ( 'NONE', ( #505, #341 ) ) ;
#1227 = CARTESIAN_POINT ( 'NONE',  ( 77.55920409114581560, -7.654231114921894452, -2.327427780032994331 ) ) ;
#1228 = CARTESIAN_POINT ( 'NONE',  ( 69.30007476368578523, 1.828024559331543841, 9.831930753458783201 ) ) ;
#1229 = CARTESIAN_POINT ( 'NONE',  ( 73.62043667358636867, -8.080902298712562271, -5.890692539893825241 ) ) ;
#1230 = ORIENTED_EDGE ( 'NONE', *, *, #3019, .F. ) ;
#1231 = ORIENTED_EDGE ( 'NONE', *, *, #2574, .F. ) ;
#1232 = ADVANCED_FACE ( 'NONE', ( #1446 ), #1465, .T. ) ;
#1233 = DIRECTION ( 'NONE',  ( -1.000000000000000000, -0.000000000000000000, -0.000000000000000000 ) ) ;
#1234 = FACE_OUTER_BOUND ( 'NONE', #3887, .T. ) ;
#1235 = CARTESIAN_POINT ( 'NONE',  ( 69.99999999999980105, -3.378440295525395154, 7.251630242198666920 ) ) ;
#1236 = DIRECTION ( 'NONE',  ( 0.000000000000000000, 0.000000000000000000, 1.000000000000000000 ) ) ;
#1237 = CARTESIAN_POINT ( 'NONE',  ( 77.70007234839457055, -7.548975745846012053, 2.649813308675002865 ) ) ;
#1238 = CARTESIAN_POINT ( 'NONE',  ( 73.43710854141983191, -2.073222654916931695, 7.726690612619298903 ) ) ;
#1239 = CARTESIAN_POINT ( 'NONE',  ( 73.34455964667166938, -6.554801683817513158, -4.586346572798766452 ) ) ;
#1240 = CYLINDRICAL_SURFACE ( 'NONE', #3257, 0.7000000000000018430 ) ;
#1241 = CARTESIAN_POINT ( 'NONE',  ( 76.43958974620019831, 0.9642374124957281412, -7.941947876813552298 ) ) ;
#1242 = CARTESIAN_POINT ( 'NONE',  ( 69.99999999999980105, 7.969316156358251746, -0.7000000000052533089 ) ) ;
#1243 = CARTESIAN_POINT ( 'NONE',  ( 76.38871602490029034, 1.387646008617979154, -9.903616081550419281 ) ) ;
#1244 = EDGE_LOOP ( 'NONE', ( #1676, #3191, #4227, #2861 ) ) ;
#1245 = CARTESIAN_POINT ( 'NONE',  ( 72.75522068568682243, 4.157563800719286995, -6.835338972749562814 ) ) ;
#1246 = VERTEX_POINT ( 'NONE', #175 ) ;
#1247 = CYLINDRICAL_SURFACE ( 'NONE', #3892, 0.7000000000000005107 ) ;
#1248 = DIRECTION ( 'NONE',  ( -1.000000000000000000, -0.000000000000000000, -0.000000000000000000 ) ) ;
#1249 = DIRECTION ( 'NONE',  ( 0.000000000000000000, -0.6427876096865299260, 0.7660444431189858960 ) ) ;
#1250 = ORIENTED_EDGE ( 'NONE', *, *, #3510, .F. ) ;
#1251 = ADVANCED_FACE ( 'NONE', ( #3986 ), #2873, .F. ) ;
#1252 = VERTEX_POINT ( 'NONE', #222 ) ;
#1253 = FACE_OUTER_BOUND ( 'NONE', #4365, .T. ) ;
#1254 = CARTESIAN_POINT ( 'NONE',  ( 72.75549151297174433, -7.541244644164843969, -6.567861307368823454 ) ) ;
#1255 = LINE ( 'NONE', #1524, #1263 ) ;
#1256 = CARTESIAN_POINT ( 'NONE',  ( 72.82538912827220656, -7.992682765693549740, -0.3524455084488238299 ) ) ;
#1257 = EDGE_CURVE ( 'NONE', #4229, #704, #595, .T. ) ;
#1258 = CARTESIAN_POINT ( 'NONE',  ( 77.42973211210464513, 1.182059443252313491, -9.930106695538260198 ) ) ;
#1259 = CARTESIAN_POINT ( 'NONE',  ( 70.69993446735445275, 1.556321180062069987, 9.879840046113312013 ) ) ;
#1260 = DIRECTION ( 'NONE',  ( -0.000000000000000000, 0.7660444431189771253, -0.6427876096865404731 ) ) ;
#1261 = CARTESIAN_POINT ( 'NONE',  ( 70.43051374540981158, 8.008220735970084547, -5.989372340134266004 ) ) ;
#1262 = B_SPLINE_CURVE_WITH_KNOTS ( 'NONE', 3,
 ( #268, #291, #3313, #249, #1243, #4318, #1290, #2552, #2640, #1200, #3989, #620, #3595, #3900 ),
 .UNSPECIFIED., .F., .F.,
 ( 4, 2, 2, 2, 2, 2, 4 ),
 ( 0.002189188203112911804, 0.002736359354753674193, 0.003009944930574055821, 0.003283530506394437016, 0.003557116082214818210, 0.003830701658035199839, 0.004377872809675963095 ),
 .UNSPECIFIED. ) ;
#1263 = VECTOR ( 'NONE', #901, 1000.000000000000114 ) ;
#1264 = CARTESIAN_POINT ( 'NONE',  ( 76.31811214426680579, 1.208792553237211687, -7.908603934493035226 ) ) ;
#1265 = CARTESIAN_POINT ( 'NONE',  ( 70.00000000000000000, -25.45259906933465999, -22.27105159411395974 ) ) ;
#1266 = CARTESIAN_POINT ( 'NONE',  ( 73.43710854141983191, -6.554801683820478786, 4.586346572794540499 ) ) ;
#1267 = ORIENTED_EDGE ( 'NONE', *, *, #3084, .F. ) ;
#1268 = VECTOR ( 'NONE', #955, 1000.000000000000000 ) ;
#1269 = DIRECTION ( 'NONE',  ( 0.000000000000000000, 0.000000000000000000, 1.000000000000000000 ) ) ;
#1270 = ORIENTED_EDGE ( 'NONE', *, *, #3902, .T. ) ;
#1271 = CIRCLE ( 'NONE', #4104, 2.749999999999999112 ) ;
#1272 = CARTESIAN_POINT ( 'NONE',  ( 22.30000000000000426, -9.000000000000074607, -15.58845726811985699 ) ) ;
#1273 = CARTESIAN_POINT ( 'NONE',  ( 70.42973211210461670, 8.008694938999978419, 5.988746854408847575 ) ) ;
#1274 = CARTESIAN_POINT ( 'NONE',  ( 77.18505475354400858, 5.654899030256379078, 5.658808793165355233 ) ) ;
#1275 = EDGE_LOOP ( 'NONE', ( #1803, #1917, #3970, #2510 ) ) ;
#1276 = ORIENTED_EDGE ( 'NONE', *, *, #3875, .F. ) ;
#1277 = AXIS2_PLACEMENT_3D ( 'NONE', #3209, #1119, #3229 ) ;
#1278 = ADVANCED_FACE ( 'NONE', ( #863 ), #1240, .F. ) ;
#1279 = FACE_BOUND ( 'NONE', #2937, .T. ) ;
#1280 = CARTESIAN_POINT ( 'NONE',  ( 73.43710854142003086, -4.827930270477439834, -27.38055316933906980 ) ) ;
#1281 = AXIS2_PLACEMENT_3D ( 'NONE', #73, #3512, #2776 ) ;
#1282 = CARTESIAN_POINT ( 'NONE',  ( 73.00739568021583636, -7.980626485894310562, -0.5602595454983563261 ) ) ;
#1283 = DIRECTION ( 'NONE',  ( 0.000000000000000000, 0.000000000000000000, 1.000000000000000000 ) ) ;
#1284 = ADVANCED_FACE ( 'NONE', ( #3591 ), #615, .F. ) ;
#1285 = CARTESIAN_POINT ( 'NONE',  ( 76.99999999999980105, 5.654899030252568792, -5.658808793169156637 ) ) ;
#1286 = CARTESIAN_POINT ( 'NONE',  ( 70.18505475354399437, 7.969316156358710934, 0.7000000000000018430 ) ) ;
#1287 = CARTESIAN_POINT ( 'NONE',  ( 0.000000000000000000, 1.224646799147353256E-15, -10.00000000000000000 ) ) ;
#1288 = VECTOR ( 'NONE', #1503, 1000.000000000000000 ) ;
#1289 = CARTESIAN_POINT ( 'NONE',  ( 76.44014412312343154, -5.367873223170943398, 8.437423989400292257 ) ) ;
#1290 = CARTESIAN_POINT ( 'NONE',  ( 76.30007476368575681, 1.644937176446832572, -9.864213998888656576 ) ) ;
#1291 = ORIENTED_EDGE ( 'NONE', *, *, #4151, .T. ) ;
#1292 = CARTESIAN_POINT ( 'NONE',  ( 0.000000000000000000, 1.469576158976823947E-15, -12.00000000000000000 ) ) ;
#1293 = VERTEX_POINT ( 'NONE', #2637 ) ;
#1294 = CARTESIAN_POINT ( 'NONE',  ( 77.68161899798536751, -7.578860228885862860, -2.562821979536803241 ) ) ;
#1295 = CARTESIAN_POINT ( 'NONE',  ( 70.00000000000000000, -4.828131434238709829, -27.38169402572112432 ) ) ;
#1296 = CARTESIAN_POINT ( 'NONE',  ( 77.00000000000001421, 5.654899030256378190, 5.658808793165353457 ) ) ;
#1297 = EDGE_LOOP ( 'NONE', ( #1223, #762, #3577, #3581 ) ) ;
#1298 = CARTESIAN_POINT ( 'NONE',  ( 73.52849368626502269, -8.091604621704217237, 5.875877351171903129 ) ) ;
#1299 = CARTESIAN_POINT ( 'NONE',  ( 0.000000000000000000, 0.000000000000000000, 0.000000000000000000 ) ) ;
#1300 = DIRECTION ( 'NONE',  ( -1.000000000000000000, -0.000000000000000000, -0.000000000000000000 ) ) ;
#1301 = CARTESIAN_POINT ( 'NONE',  ( 85.00100000000000477, 9.000000000000181188, 15.58845726811978949 ) ) ;
#1302 = FACE_OUTER_BOUND ( 'NONE', #473, .T. ) ;
#1303 = ORIENTED_EDGE ( 'NONE', *, *, #1660, .T. ) ;
#1304 = CARTESIAN_POINT ( 'NONE',  ( 69.30007476368579944, -5.080499554485237823, -8.613771555317871531 ) ) ;
#1305 = DIRECTION ( 'NONE',  ( -0.000000000000000000, 1.000000000000000000, -0.000000000000000000 ) ) ;
#1306 = CARTESIAN_POINT ( 'NONE',  ( 69.99999999999980105, 7.969316156358251746, -0.7000000000052533089 ) ) ;
#1307 = CARTESIAN_POINT ( 'NONE',  ( 70.35287253598525581, -9.588537519003040188, 2.839223275399406887 ) ) ;
#1308 = EDGE_CURVE ( 'NONE', #586, #2562, #793, .T. ) ;
#1309 = CARTESIAN_POINT ( 'NONE',  ( 76.44079562782332005, 7.930426664833569284, 6.092003073822878534 ) ) ;
#1310 = CARTESIAN_POINT ( 'NONE',  ( 70.61173969054669897, 5.896217971251877188, 5.407570417655406914 ) ) ;
#1311 = CARTESIAN_POINT ( 'NONE',  ( 74.06128050092939930, 5.313804393635036760, 8.472319895125030698 ) ) ;
#1312 = VERTEX_POINT ( 'NONE', #1218 ) ;
#1313 = EDGE_CURVE ( 'NONE', #3148, #3645, #210, .T. ) ;
#1314 = DIRECTION ( 'NONE',  ( -0.000000000000000000, -0.9396926207859058744, 0.3420201433256757628 ) ) ;
#1315 = ORIENTED_EDGE ( 'NONE', *, *, #4281, .T. ) ;
#1316 = CARTESIAN_POINT ( 'NONE',  ( 69.63374405134041467, -5.530970965257084870, 8.332172960834135722 ) ) ;
#1317 = CARTESIAN_POINT ( 'NONE',  ( 70.00000000000000000, 6.554801683817454538, -4.586346572798861487 ) ) ;
#1318 = DIRECTION ( 'NONE',  ( -0.000000000000000000, -0.5000000000000039968, -0.8660254037844363761 ) ) ;
#1319 = ORIENTED_EDGE ( 'NONE', *, *, #3218, .T. ) ;
#1320 = B_SPLINE_CURVE_WITH_KNOTS ( 'NONE', 3,
 ( #4253, #204, #2932, #601, #2909, #916, #2642, #3227, #1889, #4294, #847, #2244, #4320, #3295 ),
 .UNSPECIFIED., .F., .F.,
 ( 4, 2, 2, 2, 2, 2, 4 ),
 ( 0.002189565179306701952, 0.002736829203537946564, 0.003010461215653583399, 0.003284093227769219799, 0.003557725239884856200, 0.003831357252000493034, 0.004378621276231736345 ),
 .UNSPECIFIED. ) ;
#1321 = CARTESIAN_POINT ( 'NONE',  ( 76.99999999999980105, 7.969316156358251746, -0.7000000000052533089 ) ) ;
#1322 = B_SPLINE_CURVE_WITH_KNOTS ( 'NONE', 3,
 ( #4361, #2660, #380, #646, #3709, #4011, #669, #2044, #1005, #1738, #3429, #979, #27, #3092 ),
 .UNSPECIFIED., .F., .F.,
 ( 4, 2, 2, 2, 2, 2, 4 ),
 ( 0.002189565179306704121, 0.002736829203537978223, 0.003010461215653599878, 0.003284093227769221968, 0.003557725239884843189, 0.003831357252000465279, 0.004378621276231738947 ),
 .UNSPECIFIED. ) ;
#1323 = CARTESIAN_POINT ( 'NONE',  ( 70.62417195950938265, -5.313804393634911527, 8.472319895125108857 ) ) ;
#1324 = CARTESIAN_POINT ( 'NONE',  ( 73.52849368626500848, 9.134461366488613621, 4.069596484189430541 ) ) ;
#1325 = CYLINDRICAL_SURFACE ( 'NONE', #1910, 2.749999999999999112 ) ;
#1326 = EDGE_LOOP ( 'NONE', ( #2386, #1894 ) ) ;
#1327 = CARTESIAN_POINT ( 'NONE',  ( 76.57028713879574866, 6.473642466182483624, 4.700664111135624879 ) ) ;
#1328 = CARTESIAN_POINT ( 'NONE',  ( 69.37585270615917921, 1.027717909726027390, 7.934767414924895235 ) ) ;
#1329 = CARTESIAN_POINT ( 'NONE',  ( 73.43710854142003086, 28.90598463366618986, 10.52091799881053014 ) ) ;
#1330 = FACE_OUTER_BOUND ( 'NONE', #3863, .T. ) ;
#1331 = CARTESIAN_POINT ( 'NONE',  ( 77.00000000000029843, 8.091604621707030986, 5.875877351168029783 ) ) ;
#1332 = EDGE_CURVE ( 'NONE', #1911, #1246, #1197, .T. ) ;
#1333 = FACE_BOUND ( 'NONE', #2245, .T. ) ;
#1334 = CARTESIAN_POINT ( 'NONE',  ( 73.78980100698353795, 4.461023277316163771, 8.949888867954316041 ) ) ;
#1335 = ORIENTED_EDGE ( 'NONE', *, *, #485, .F. ) ;
#1336 = CARTESIAN_POINT ( 'NONE',  ( 73.00657962768575260, 7.308041857592781909, -3.255258624964113778 ) ) ;
#1337 = ORIENTED_EDGE ( 'NONE', *, *, #1764, .T. ) ;
#1338 = EDGE_CURVE ( 'NONE', #2099, #19, #1770, .T. ) ;
#1339 = CARTESIAN_POINT ( 'NONE',  ( 72.73703423331750173, -1.826914090910914945, -9.832137155001394291 ) ) ;
#1340 = CARTESIAN_POINT ( 'NONE',  ( 70.00000000000000000, 7.191701968143202173, 6.948339571538315163 ) ) ;
#1341 = DIRECTION ( 'NONE',  ( -0.000000000000000000, 0.7660444431189857850, 0.6427876096865299260 ) ) ;
#1342 = AXIS2_PLACEMENT_3D ( 'NONE', #3445, #3107, #2458 ) ;
#1343 = ORIENTED_EDGE ( 'NONE', *, *, #2939, .F. ) ;
#1344 = CARTESIAN_POINT ( 'NONE',  ( 77.36548765893749646, 7.976651364140179723, -0.6242829026904723744 ) ) ;
#1345 = CIRCLE ( 'NONE', #1413, 13.22049999999999947 ) ;
#1346 = FACE_OUTER_BOUND ( 'NONE', #2413, .T. ) ;
#1347 = CARTESIAN_POINT ( 'NONE',  ( 73.43710854142032929, 9.134461366486720024, 4.069596484193684915 ) ) ;
#1348 = CARTESIAN_POINT ( 'NONE',  ( 74.13704300877444098, -1.916640780129413857, -9.816305978943347554 ) ) ;
#1349 = ORIENTED_EDGE ( 'NONE', *, *, #1397, .T. ) ;
#1350 = CARTESIAN_POINT ( 'NONE',  ( 69.44014412312341733, 7.377119157061879484, 6.751466467327945864 ) ) ;
#1351 = AXIS2_PLACEMENT_3D ( 'NONE', #540, #2322, #589 ) ;
#1352 = CARTESIAN_POINT ( 'NONE',  ( 76.37585270615916500, -3.679589224527486824, -7.104742160674569540 ) ) ;
#1353 = CARTESIAN_POINT ( 'NONE',  ( 77.68192758678334542, 6.244579179920615175, -5.001243350619664518 ) ) ;
#1354 = LINE ( 'NONE', #954, #3620 ) ;
#1355 = CARTESIAN_POINT ( 'NONE',  ( -1.619044300812758254E-15, 0.000000000000000000, 0.000000000000000000 ) ) ;
#1356 = AXIS2_PLACEMENT_3D ( 'NONE', #1183, #2493, #3536 ) ;
#1357 = CARTESIAN_POINT ( 'NONE',  ( 76.90860718336334401, 7.969316156358719816, -0.6999999999999335643 ) ) ;
#1358 = AXIS2_PLACEMENT_3D ( 'NONE', #2734, #384, #340 ) ;
#1359 = CARTESIAN_POINT ( 'NONE',  ( 70.61126478936334649, 6.349767971127183941, 4.866993484753413313 ) ) ;
#1360 = CARTESIAN_POINT ( 'NONE',  ( 74.04885019795740675, 4.691883704170458635, 8.831388246903868477 ) ) ;
#1361 = ORIENTED_EDGE ( 'NONE', *, *, #2497, .T. ) ;
#1362 = CARTESIAN_POINT ( 'NONE',  ( 72.73717451054042726, 7.454954148041013084, -2.908100139423146491 ) ) ;
#1363 = CARTESIAN_POINT ( 'NONE',  ( 69.44014412312341733, -5.367873223170943398, 8.437423989400292257 ) ) ;
#1364 = FACE_OUTER_BOUND ( 'NONE', #1855, .T. ) ;
#1365 = CYLINDRICAL_SURFACE ( 'NONE', #1148, 0.7000000000000013989 ) ;
#1366 = B_SPLINE_CURVE_WITH_KNOTS ( 'NONE', 3,
 ( #400, #3878, #2159, #1847, #1429, #3205, #466, #2448, #1760, #822, #3493, #1824, #4188, #3797 ),
 .UNSPECIFIED., .F., .F.,
 ( 4, 2, 2, 2, 2, 2, 4 ),
 ( 0.002189188203112913973, 0.002736359354753676362, 0.003009944930574057556, 0.003283530506394439184, 0.003557116082214819945, 0.003830701658035201573, 0.004377872809675963962 ),
 .UNSPECIFIED. ) ;
#1367 = EDGE_LOOP ( 'NONE', ( #536, #3442 ) ) ;
#1368 = CARTESIAN_POINT ( 'NONE',  ( 69.57028713879576287, 6.473642466182483624, 4.700664111135624879 ) ) ;
#1369 = EDGE_CURVE ( 'NONE', #864, #1144, #2112, .T. ) ;
#1370 = CARTESIAN_POINT ( 'NONE',  ( 76.81497915877275773, 8.091604621704261646, -5.875877351171844509 ) ) ;
#1371 = DIRECTION ( 'NONE',  ( -0.000000000000000000, 0.1736481776669273891, -0.9848077530122086864 ) ) ;
#1372 = CARTESIAN_POINT ( 'NONE',  ( 73.86684065352463335, -1.182059443252444719, -9.930106695538244210 ) ) ;
#1373 = ORIENTED_EDGE ( 'NONE', *, *, #199, .F. ) ;
#1374 = EDGE_CURVE ( 'NONE', #4109, #3881, #2958, .T. ) ;
#1375 = CARTESIAN_POINT ( 'NONE',  ( 77.61173969054672739, 1.734984368816951505, -7.810059758182157807 ) ) ;
#1376 = CARTESIAN_POINT ( 'NONE',  ( 76.90860718336331558, -4.590875860828441901, -6.551630242196423204 ) ) ;
#1377 = CARTESIAN_POINT ( 'NONE',  ( 69.81690483603881603, 2.055622226602030089, 7.731472005004262016 ) ) ;
#1378 = FACE_OUTER_BOUND ( 'NONE', #4343, .T. ) ;
#1379 = CYLINDRICAL_SURFACE ( 'NONE', #3052, 0.7000000000000005107 ) ;
#1380 = CARTESIAN_POINT ( 'NONE',  ( 69.31805170002294858, -9.333209286808754612, -3.591435696246612963 ) ) ;
#1381 = FACE_BOUND ( 'NONE', #3083, .T. ) ;
#1382 = CARTESIAN_POINT ( 'NONE',  ( 77.00000000000001421, -9.613289567144475356, 2.754026815089354319 ) ) ;
#1383 = ORIENTED_EDGE ( 'NONE', *, *, #1068, .T. ) ;
#1384 = CARTESIAN_POINT ( 'NONE',  ( 76.64710261100198352, -4.517878785896053628, 6.602273469663054506 ) ) ;
#1385 = DIRECTION ( 'NONE',  ( -1.000000000000000000, -0.000000000000000000, -0.000000000000000000 ) ) ;
#1386 = CYLINDRICAL_SURFACE ( 'NONE', #1358, 2.749999999999999112 ) ;
#1387 = EDGE_LOOP ( 'NONE', ( #2455, #444, #1060, #2391 ) ) ;
#1388 = CARTESIAN_POINT ( 'NONE',  ( 69.81690483603883024, 6.544392393295440868, 4.601322669107402064 ) ) ;
#1389 = CARTESIAN_POINT ( 'NONE',  ( 26.30000000000000426, 0.000000000000000000, 24.00000000000000000 ) ) ;
#1390 = DIRECTION ( 'NONE',  ( -0.000000000000000000, 0.7660444431189857850, 0.6427876096865300370 ) ) ;
#1391 = EDGE_CURVE ( 'NONE', #142, #2683, #688, .T. ) ;
#1392 = VERTEX_POINT ( 'NONE', #2678 ) ;
#1393 = ORIENTED_EDGE ( 'NONE', *, *, #2931, .T. ) ;
#1394 = CARTESIAN_POINT ( 'NONE',  ( 77.55983091159237119, 1.810717587394117922, -7.792656228204466018 ) ) ;
#1395 = CARTESIAN_POINT ( 'NONE',  ( 69.29996708377639436, 6.069793979762961200, -5.212096313942212511 ) ) ;
#1396 = CARTESIAN_POINT ( 'NONE',  ( 69.44014412312341733, 2.158381894973933957, -9.764505830424386801 ) ) ;
#1397 = EDGE_CURVE ( 'NONE', #3028, #3787, #2330, .T. ) ;
#1398 = CARTESIAN_POINT ( 'NONE',  ( 73.43710854142003086, 4.381517174222513411, -8.989010359989199728 ) ) ;
#1399 = CARTESIAN_POINT ( 'NONE',  ( 77.69993446735442433, 7.778031875229964420, -6.287733701438113165 ) ) ;
#1400 = CARTESIAN_POINT ( 'NONE',  ( 76.30006596912039640, 7.999994227702341476, 0.1829757553230670353 ) ) ;
#1401 = SURFACE_STYLE_FILL_AREA ( #3731 ) ;
#1402 = ORIENTED_EDGE ( 'NONE', *, *, #3157, .F. ) ;
#1403 = CARTESIAN_POINT ( 'NONE',  ( 73.43710854142003086, 28.90598463366623605, -10.52091799881099021 ) ) ;
#1404 = CARTESIAN_POINT ( 'NONE',  ( 72.87725266454349082, -2.158381894974076509, -9.764505830424361932 ) ) ;
#1405 = CARTESIAN_POINT ( 'NONE',  ( 22.30000000000000426, -9.000000000000074607, -12.83845726811985699 ) ) ;
#1406 = ORIENTED_EDGE ( 'NONE', *, *, #1257, .T. ) ;
#1407 = CARTESIAN_POINT ( 'NONE',  ( 72.82538912827220656, 3.691114619080404502, 7.098089073705075691 ) ) ;
#1408 = AXIS2_PLACEMENT_3D ( 'NONE', #4102, #2043, #1715 ) ;
#1409 = CARTESIAN_POINT ( 'NONE',  ( 77.62417195950936843, -9.266338768151996419, -3.761872854442276370 ) ) ;
#1410 = CARTESIAN_POINT ( 'NONE',  ( 69.90745110525166695, -3.378440295530282800, -7.251630242196390519 ) ) ;
#1411 = ORIENTED_EDGE ( 'NONE', *, *, #2605, .F. ) ;
#1412 = ORIENTED_EDGE ( 'NONE', *, *, #3987, .T. ) ;
#1413 = AXIS2_PLACEMENT_3D ( 'NONE', #1355, #3402, #3773 ) ;
#1414 = EDGE_CURVE ( 'NONE', #256, #886, #4381, .T. ) ;
#1415 = CARTESIAN_POINT ( 'NONE',  ( 77.68161899798535330, 1.207831687499556050, -7.908749678833991936 ) ) ;
#1416 = CARTESIAN_POINT ( 'NONE',  ( 73.43710854142032929, 5.593952739524533868, -8.289010359986649590 ) ) ;
#1417 = CARTESIAN_POINT ( 'NONE',  ( 73.43710854142003086, -2.421587599001482349, -9.702366386627662820 ) ) ;
#1418 = CARTESIAN_POINT ( 'NONE',  ( 74.13718088981458720, -1.479682232324497360, -7.862511422792704430 ) ) ;
#1419 = VECTOR ( 'NONE', #1978, 1000.000000000000000 ) ;
#1420 = CARTESIAN_POINT ( 'NONE',  ( 76.44079562782336268, -5.368575652178527058, -8.436975998816558686 ) ) ;
#1421 = EDGE_CURVE ( 'NONE', #1961, #3761, #1345, .T. ) ;
#1422 = CIRCLE ( 'NONE', #780, 24.00000000000000000 ) ;
#1423 = DIRECTION ( 'NONE',  ( -0.000000000000000000, -0.4999999999999919509, 0.8660254037844432595 ) ) ;
#1424 = CARTESIAN_POINT ( 'NONE',  ( 69.81690483603880182, -7.723462278282902993, -2.085514933680874705 ) ) ;
#1425 = ORIENTED_EDGE ( 'NONE', *, *, #1823, .F. ) ;
#1426 = B_SPLINE_CURVE_WITH_KNOTS ( 'NONE', 3,
 ( #1104, #125, #4196, #4214, #435, #498, #3214, #1794, #168, #3194, #4178, #1834, #1151, #3868 ),
 .UNSPECIFIED., .F., .F.,
 ( 4, 2, 2, 2, 2, 2, 4 ),
 ( 0.002189565179306707157, 0.002736829203537952636, 0.003010461215653589904, 0.003284093227769227172, 0.003557725239884864006, 0.003831357252000500840, 0.004378621276231745886 ),
 .UNSPECIFIED. ) ;
#1427 = VECTOR ( 'NONE', #1341, 1000.000000000000227 ) ;
#1428 = FACE_OUTER_BOUND ( 'NONE', #1650, .T. ) ;
#1429 = CARTESIAN_POINT ( 'NONE',  ( 72.82582456632032120, 5.302923194394829842, -8.478571727026128713 ) ) ;
#1430 = CARTESIAN_POINT ( 'NONE',  ( 0.000000000000000000, 0.000000000000000000, 0.000000000000000000 ) ) ;
#1431 = ORIENTED_EDGE ( 'NONE', *, *, #1635, .T. ) ;
#1432 = DIRECTION ( 'NONE',  ( -0.000000000000000000, 1.000000000000000000, -0.000000000000000000 ) ) ;
#1433 =( GEOMETRIC_REPRESENTATION_CONTEXT ( 3 ) GLOBAL_UNCERTAINTY_ASSIGNED_CONTEXT ( ( #3922 ) ) GLOBAL_UNIT_ASSIGNED_CONTEXT ( ( #3628, #588, #878 ) ) REPRESENTATION_CONTEXT ( 'NONE', 'WORKASPACE' ) );
#1434 = B_SPLINE_CURVE_WITH_KNOTS ( 'NONE', 3,
 ( #4285, #1880, #1594, #3236, #565, #1614, #2943, #903, #3871, #1256, #859, #1282, #832, #2565, #1898, #3306 ),
 .UNSPECIFIED., .F., .F.,
 ( 4, 2, 2, 2, 2, 2, 2, 4 ),
 ( 0.000000000000000000, 0.0002736956474133267936, 0.0005473912948266535872, 0.001094782589653336448, 0.001368478237066677716, 0.001642173884480019200, 0.001915869531893360468, 0.002189565179306701952 ),
 .UNSPECIFIED. ) ;
#1435 = DIRECTION ( 'NONE',  ( -1.000000000000000000, 0.000000000000000000, 0.000000000000000000 ) ) ;
#1436 = CARTESIAN_POINT ( 'NONE',  ( 70.09138514484496341, 9.975469913743417294, -0.6999999999999274580 ) ) ;
#1437 = VERTEX_POINT ( 'NONE', #2705 ) ;
#1438 = ORIENTED_EDGE ( 'NONE', *, *, #2252, .F. ) ;
#1439 = CARTESIAN_POINT ( 'NONE',  ( 76.38828058685218991, -4.301568146613212740, -6.745643565256248309 ) ) ;
#1440 = CARTESIAN_POINT ( 'NONE',  ( 77.00000000000001421, 15.78677007546574274, -28.74348785811523044 ) ) ;
#1441 = CARTESIAN_POINT ( 'NONE',  ( 74.13718088981458720, 7.486118084144022689, -2.822513314840930487 ) ) ;
#1442 = FACE_BOUND ( 'NONE', #2617, .T. ) ;
#1443 = EDGE_CURVE ( 'NONE', #749, #2146, #1977, .T. ) ;
#1444 = CARTESIAN_POINT ( 'NONE',  ( 73.61985167632444416, -6.554801683817540692, 4.586346572798746912 ) ) ;
#1445 = CARTESIAN_POINT ( 'NONE',  ( 69.57028713879577708, -7.690955868094389913, -2.203063253904483432 ) ) ;
#1446 = FACE_OUTER_BOUND ( 'NONE', #3338, .T. ) ;
#1447 = ADVANCED_FACE ( 'NONE', ( #1330 ), #3068, .F. ) ;
#1448 = ORIENTED_EDGE ( 'NONE', *, *, #2851, .F. ) ;
#1449 = LINE ( 'NONE', #4187, #1202 ) ;
#1450 = CARTESIAN_POINT ( 'NONE',  ( 76.99999999999980105, 2.073222654917034724, 7.726690612619271370 ) ) ;
#1451 = CARTESIAN_POINT ( 'NONE',  ( 77.00000000000029843, 7.191701968139922130, -6.948339571541708004 ) ) ;
#1452 = ADVANCED_FACE ( 'NONE', ( #4007 ), #1379, .F. ) ;
#1453 = ORIENTED_EDGE ( 'NONE', *, *, #3528, .T. ) ;
#1454 = CARTESIAN_POINT ( 'NONE',  ( 73.43710854142003086, 16.39230484541295851, -28.39230484541334221 ) ) ;
#1455 = CARTESIAN_POINT ( 'NONE',  ( 73.52964024784546382, 9.134461366488524803, -4.069596484189621499 ) ) ;
#1456 = CYLINDRICAL_SURFACE ( 'NONE', #2893, 0.7000000000000013989 ) ;
#1457 = ORIENTED_EDGE ( 'NONE', *, *, #2851, .T. ) ;
#1458 = EDGE_LOOP ( 'NONE', ( #3302, #2412, #1349, #3270 ) ) ;
#1459 = CARTESIAN_POINT ( 'NONE',  ( 77.09138514484496341, 2.421587599001409519, 9.702366386627673478 ) ) ;
#1460 = CARTESIAN_POINT ( 'NONE',  ( 69.29992569189747087, 1.826914090910785715, -9.832137155001428042 ) ) ;
#1461 = CARTESIAN_POINT ( 'NONE',  ( 74.13703576169565679, -1.297606334873756539, -7.894603421445435920 ) ) ;
#1462 = CARTESIAN_POINT ( 'NONE',  ( 77.00000000000001421, -9.613289567144475356, 2.754026815089354319 ) ) ;
#1463 = CARTESIAN_POINT ( 'NONE',  ( 72.81296124757919586, -1.027717909725921475, 7.934767414924911222 ) ) ;
#1464 = CARTESIAN_POINT ( 'NONE',  ( 77.00000000000029843, 8.091604621707030986, 5.875877351168029783 ) ) ;
#1465 = CYLINDRICAL_SURFACE ( 'NONE', #632, 12.00000000000000000 ) ;
#1466 = ORIENTED_EDGE ( 'NONE', *, *, #3315, .T. ) ;
#1467 = EDGE_CURVE ( 'NONE', #1730, #3495, #976, .T. ) ;
#1468 = CARTESIAN_POINT ( 'NONE',  ( 72.75549151297174433, -9.998668424379548725, -0.1838550388020163961 ) ) ;
#1469 = CARTESIAN_POINT ( 'NONE',  ( 69.90745110525168116, -7.728121685168154897, 2.067881819455296810 ) ) ;
#1470 = CARTESIAN_POINT ( 'NONE',  ( 70.62417195950935422, -9.266338768151996419, -3.761872854442276370 ) ) ;
#1471 = ORIENTED_EDGE ( 'NONE', *, *, #3608, .T. ) ;
#1472 = CARTESIAN_POINT ( 'NONE',  ( 70.70007234839452792, -7.486118084144059104, -2.822513314840831011 ) ) ;
#1473 = EDGE_CURVE ( 'NONE', #3710, #3441, #3541, .T. ) ;
#1474 = ORIENTED_EDGE ( 'NONE', *, *, #3345, .F. ) ;
#1475 = CARTESIAN_POINT ( 'NONE',  ( 73.78998107740528667, 9.170263426630425485, -3.988421899336024534 ) ) ;
#1476 = CARTESIAN_POINT ( 'NONE',  ( 70.69993446735445275, 9.999995412715103171, 0.1829390553462060531 ) ) ;
#1477 = EDGE_LOOP ( 'NONE', ( #4349, #2819 ) ) ;
#1478 = VERTEX_POINT ( 'NONE', #3153 ) ;
#1479 = AXIS2_PLACEMENT_3D ( 'NONE', #1927, #3287, #502 ) ;
#1480 = CARTESIAN_POINT ( 'NONE',  ( 73.52964024784544961, -9.975469913743410189, 0.7000000000000020650 ) ) ;
#1481 = DIRECTION ( 'NONE',  ( -1.000000000000000000, -0.000000000000000000, 0.000000000000000000 ) ) ;
#1482 = CYLINDRICAL_SURFACE ( 'NONE', #2894, 2.749999999999999556 ) ;
#1483 = CIRCLE ( 'NONE', #1702, 12.00000000000000000 ) ;
#1484 = AXIS2_PLACEMENT_3D ( 'NONE', #465, #4105, #1076 ) ;
#1485 = CARTESIAN_POINT ( 'NONE',  ( 73.07085259276045974, 9.166031560113671262, -4.000076437616232994 ) ) ;
#1486 = FACE_BOUND ( 'NONE', #1864, .T. ) ;
#1487 = CARTESIAN_POINT ( 'NONE',  ( 73.62216329496396838, 7.728121685168184207, 2.067881819455191561 ) ) ;
#1488 = VERTEX_POINT ( 'NONE', #1462 ) ;
#1489 = AXIS2_PLACEMENT_3D ( 'NONE', #2083, #3444, #60 ) ;
#1490 = CARTESIAN_POINT ( 'NONE',  ( 73.25438029584987021, -9.975469913743401307, -0.7000000000001503908 ) ) ;
#1491 = STYLED_ITEM ( 'NONE', ( #3335 ), #3151 ) ;
#1492 = CARTESIAN_POINT ( 'NONE',  ( 73.43710854142032929, -1.042856744779834699, -9.945473835361852366 ) ) ;
#1493 = CARTESIAN_POINT ( 'NONE',  ( 85.00100000000000477, -8.999999999999854339, 12.83845726811997778 ) ) ;
#1494 = ORIENTED_EDGE ( 'NONE', *, *, #331, .T. ) ;
#1495 = AXIS2_PLACEMENT_3D ( 'NONE', #1012, #2363, #3715 ) ;
#1496 = ORIENTED_EDGE ( 'NONE', *, *, #356, .F. ) ;
#1497 = CARTESIAN_POINT ( 'NONE',  ( 0.000000000000000000, 0.000000000000000000, 0.000000000000000000 ) ) ;
#1498 = LINE ( 'NONE', #3846, #839 ) ;
#1499 = AXIS2_PLACEMENT_3D ( 'NONE', #3132, #3446, #2560 ) ;
#1500 = ORIENTED_EDGE ( 'NONE', *, *, #5, .F. ) ;
#1501 = EDGE_CURVE ( 'NONE', #704, #2496, #2409, .T. ) ;
#1502 = ORIENTED_EDGE ( 'NONE', *, *, #4009, .F. ) ;
#1503 = DIRECTION ( 'NONE',  ( -0.000000000000000000, -0.4999999999999919509, 0.8660254037844432595 ) ) ;
#1504 = CARTESIAN_POINT ( 'NONE',  ( 85.00100000000000477, 9.000000000000181188, 15.58845726811978949 ) ) ;
#1505 = CARTESIAN_POINT ( 'NONE',  ( 77.00000000000029843, 9.975469913743092221, -0.7000000000045700776 ) ) ;
#1506 = CARTESIAN_POINT ( 'NONE',  ( 76.38871602490031876, -5.302923194394947970, -8.478571727026055882 ) ) ;
#1507 = EDGE_CURVE ( 'NONE', #4092, #1918, #1776, .T. ) ;
#1508 = CARTESIAN_POINT ( 'NONE',  ( 76.44079562782336268, 9.990923372183994289, -0.4308348975168913020 ) ) ;
#1509 = CARTESIAN_POINT ( 'NONE',  ( 69.56947108626575016, -7.308041857592826318, -3.255258624964017411 ) ) ;
#1510 = CARTESIAN_POINT ( 'NONE',  ( 77.00000000000001421, -7.249293484512255858, -3.383451488555469844 ) ) ;
#1511 = EDGE_LOOP ( 'NONE', ( #3526, #2111 ) ) ;
#1512 = CARTESIAN_POINT ( 'NONE',  ( 73.78980100698356637, -2.335535580180071236, 9.723503123010873495 ) ) ;
#1513 = CARTESIAN_POINT ( 'NONE',  ( 69.56947108626573595, -7.690724765541983921, 2.203845976562470277 ) ) ;
#1514 = CARTESIAN_POINT ( 'NONE',  ( 76.56947108626575016, 0.8348842636892078728, 7.956579213077407786 ) ) ;
#1515 = VERTEX_POINT ( 'NONE', #1171 ) ;
#1516 = VERTEX_POINT ( 'NONE', #2807 ) ;
#1517 = FACE_OUTER_BOUND ( 'NONE', #744, .T. ) ;
#1518 = CARTESIAN_POINT ( 'NONE',  ( 69.63374405134042888, 1.118847968001794868, 9.938054401756446055 ) ) ;
#1519 = ORIENTED_EDGE ( 'NONE', *, *, #445, .T. ) ;
#1520 = ORIENTED_EDGE ( 'NONE', *, *, #4122, .F. ) ;
#1521 = CARTESIAN_POINT ( 'NONE',  ( 70.00000000000000000, -26.35250172289554271, 21.19858937374775820 ) ) ;
#1522 = EDGE_CURVE ( 'NONE', #381, #516, #1136, .T. ) ;
#1523 = CARTESIAN_POINT ( 'NONE',  ( 73.43710854142003086, -9.975469913743411965, 0.7000000000000018430 ) ) ;
#1524 = CARTESIAN_POINT ( 'NONE',  ( 73.43710854142003086, 29.14539873399420955, -9.863133164260855068 ) ) ;
#1525 = CARTESIAN_POINT ( 'NONE',  ( 73.43710854142003086, 28.66657053333826610, -11.17870283336112536 ) ) ;
#1526 = EDGE_CURVE ( 'NONE', #4222, #3184, #129, .T. ) ;
#1527 = LINE ( 'NONE', #2871, #4025 ) ;
#1528 = CARTESIAN_POINT ( 'NONE',  ( 70.00000000000000000, -5.517496861346848469, 27.26014030135408817 ) ) ;
#1529 = CARTESIAN_POINT ( 'NONE',  ( 70.18274313490442751, -7.249293484512151053, 3.383451488555694553 ) ) ;
#1530 = ORIENTED_EDGE ( 'NONE', *, *, #2288, .F. ) ;
#1531 = B_SPLINE_CURVE_WITH_KNOTS ( 'NONE', 3,
 ( #263, #1640, #882, #1574, #3307, #1947, #1304, #1926, #1968, #3286, #3327, #2235, #284, #2654 ),
 .UNSPECIFIED., .F., .F.,
 ( 4, 2, 2, 2, 2, 2, 4 ),
 ( 0.002189188203112906600, 0.002736359354753666387, 0.003009944930574047148, 0.003283530506394428342, 0.003557116082214809537, 0.003830701658035190298, 0.004377872809675953554 ),
 .UNSPECIFIED. ) ;
#1532 = DIRECTION ( 'NONE',  ( 0.000000000000000000, 0.000000000000000000, 1.000000000000000000 ) ) ;
#1533 = DIRECTION ( 'NONE',  ( -1.000000000000000000, -0.000000000000000000, -0.000000000000000000 ) ) ;
#1534 = CARTESIAN_POINT ( 'NONE',  ( 76.29996708377639436, 1.478910824963777237, 7.862643939183667108 ) ) ;
#1535 = EDGE_LOOP ( 'NONE', ( #2886, #1230 ) ) ;
#1536 = CARTESIAN_POINT ( 'NONE',  ( 41.29999999999999716, 1.469576158976823947E-15, -12.00000000000000000 ) ) ;
#1537 = ORIENTED_EDGE ( 'NONE', *, *, #1507, .T. ) ;
#1538 = CYLINDRICAL_SURFACE ( 'NONE', #72, 0.7000000000000017319 ) ;
#1539 = CARTESIAN_POINT ( 'NONE',  ( 69.99999999999980105, 0.6944918006894927887, -7.969798061354820717 ) ) ;
#1540 = CARTESIAN_POINT ( 'NONE',  ( 73.62216329496396838, 7.249293484512204344, -3.383451488555562658 ) ) ;
#1541 = VERTEX_POINT ( 'NONE', #797 ) ;
#1542 = VERTEX_POINT ( 'NONE', #395 ) ;
#1543 = CARTESIAN_POINT ( 'NONE',  ( 73.07162911229403335, 4.450013877898401304, 8.956229711077890343 ) ) ;
#1544 = CARTESIAN_POINT ( 'NONE',  ( 73.62016752706283285, -9.976789157673382036, -0.6818486142979641729 ) ) ;
#1545 = CARTESIAN_POINT ( 'NONE',  ( 77.68189213675299243, 9.998687502092614920, -0.1828641476860214110 ) ) ;
#1546 = FACE_BOUND ( 'NONE', #2249, .T. ) ;
#1547 = ADVANCED_FACE ( 'NONE', ( #4181 ), #1482, .F. ) ;
#1548 = CARTESIAN_POINT ( 'NONE',  ( 70.09253170642543296, 1.042856744784389278, 9.945473835361372750 ) ) ;
#1549 = CARTESIAN_POINT ( 'NONE',  ( 72.73707562519643943, -6.069793979763034031, -5.212096313942131687 ) ) ;
#1550 = CIRCLE ( 'NONE', #2680, 1.000000000000000888 ) ;
#1551 = CARTESIAN_POINT ( 'NONE',  ( 70.61173969054669897, -7.631202340068760748, 2.402489340526724249 ) ) ;
#1552 = ORIENTED_EDGE ( 'NONE', *, *, #2392, .T. ) ;
#1553 = EDGE_CURVE ( 'NONE', #3222, #316, #1155, .T. ) ;
#1554 = VECTOR ( 'NONE', #873, 1000.000000000000114 ) ;
#1555 = CARTESIAN_POINT ( 'NONE',  ( 76.29996708377638015, 1.299461017979495203, -7.894285781837923288 ) ) ;
#1556 = CARTESIAN_POINT ( 'NONE',  ( 69.64710261100198352, 7.976675940408251897, 0.6114610649733325243 ) ) ;
#1557 = CARTESIAN_POINT ( 'NONE',  ( 69.29996708377639436, 1.299461017979495203, -7.894285781837923288 ) ) ;
#1558 = AXIS2_PLACEMENT_3D ( 'NONE', #3522, #2150, #3197 ) ;
#1559 = ORIENTED_EDGE ( 'NONE', *, *, #1074, .T. ) ;
#1560 = B_SPLINE_CURVE_WITH_KNOTS ( 'NONE', 3,
 ( #725, #3496, #2779, #2408, #3456, #53, #1117, #1472, #1763, #3800, #2469, #3120, #3475, #2816 ),
 .UNSPECIFIED., .F., .F.,
 ( 4, 2, 2, 2, 2, 2, 4 ),
 ( 0.002189565179306707157, 0.002736829203537996871, 0.003010461215653627200, 0.003284093227769257529, 0.003557725239884887425, 0.003831357252000517320, 0.004378621276231748488 ),
 .UNSPECIFIED. ) ;
#1561 = CARTESIAN_POINT ( 'NONE',  ( 77.62417195950938265, -5.313804393634911527, 8.472319895125108857 ) ) ;
#1562 = ORIENTED_EDGE ( 'NONE', *, *, #1391, .F. ) ;
#1563 = LINE ( 'NONE', #894, #854 ) ;
#1564 = CARTESIAN_POINT ( 'NONE',  ( 77.55920409114582981, -3.621212206900158659, 7.133792552668253073 ) ) ;
#1565 = CARTESIAN_POINT ( 'NONE',  ( 77.55920409114584402, 6.396597313575004051, 4.804967933282470405 ) ) ;
#1566 = VERTEX_POINT ( 'NONE', #3832 ) ;
#1567 = ORIENTED_EDGE ( 'NONE', *, *, #2293, .F. ) ;
#1568 = VECTOR ( 'NONE', #3137, 1000.000000000000114 ) ;
#1569 = PRODUCT_CONTEXT ( 'NONE', #2170, 'mechanical' ) ;
#1570 = CARTESIAN_POINT ( 'NONE',  ( 73.25208770019280280, -8.091604621704338030, -5.875877351171728158 ) ) ;
#1571 = CARTESIAN_POINT ( 'NONE',  ( 77.00000000000001421, 9.975469913743411965, 0.7000000000000018430 ) ) ;
#1572 = CARTESIAN_POINT ( 'NONE',  ( 76.99999999999980105, 5.654899030252568792, -5.658808793169156637 ) ) ;
#1573 = AXIS2_PLACEMENT_3D ( 'NONE', #3259, #1994, #1283 ) ;
#1574 = CARTESIAN_POINT ( 'NONE',  ( 69.44079562782336268, -5.368575652178527058, -8.436975998816558686 ) ) ;
#1575 = CARTESIAN_POINT ( 'NONE',  ( 70.35287253598527002, 1.131057027480211641, 9.935892036525276083 ) ) ;
#1576 = B_SPLINE_CURVE_WITH_KNOTS ( 'NONE', 3,
 ( #3914, #2061, #3725, #2703, #4077, #4356, #3704, #4027, #998, #974, #1711, #3328, #1995, #640, #22, #2351 ),
 .UNSPECIFIED., .F., .F.,
 ( 4, 2, 2, 2, 2, 2, 2, 4 ),
 ( 0.000000000000000000, 0.0002736485253891249802, 0.0005472970507782499603, 0.001094594101556468912, 0.001368242626945578334, 0.001641891152334687756, 0.001915539677723797178, 0.002189188203112906600 ),
 .UNSPECIFIED. ) ;
#1577 = CARTESIAN_POINT ( 'NONE',  ( 70.56041628925871123, 1.311934821404812990, -9.913783865736698786 ) ) ;
#1578 = CARTESIAN_POINT ( 'NONE',  ( 70.55920409114582981, -7.359522951379747546, 3.137131804693974235 ) ) ;
#1579 = CARTESIAN_POINT ( 'NONE',  ( 76.57028713879577708, 0.8340733018100856544, -7.956670886299582968 ) ) ;
#1580 = ADVANCED_FACE ( 'NONE', ( #2442 ), #2129, .F. ) ;
#1581 = CARTESIAN_POINT ( 'NONE',  ( 77.00000000000029843, -4.381517174218394928, 8.989010359991207011 ) ) ;
#1582 = CARTESIAN_POINT ( 'NONE',  ( 69.37585270615919342, 1.748111352489450265, -7.807742614240243739 ) ) ;
#1583 = ORIENTED_EDGE ( 'NONE', *, *, #1603, .F. ) ;
#1584 = CARTESIAN_POINT ( 'NONE',  ( 77.00000000000029843, -4.381517174218394928, 8.989010359991207011 ) ) ;
#1585 = ORIENTED_EDGE ( 'NONE', *, *, #2985, .F. ) ;
#1586 = EDGE_CURVE ( 'NONE', #2709, #1478, #3020, .T. ) ;
#1587 = FACE_BOUND ( 'NONE', #3241, .T. ) ;
#1588 = CARTESIAN_POINT ( 'NONE',  ( 77.61173969054671318, -4.301549766431636002, 6.745655920170208653 ) ) ;
#1589 = DIRECTION ( 'NONE',  ( -0.000000000000000000, 0.1736481776669273613, -0.9848077530122085754 ) ) ;
#1590 = VERTEX_POINT ( 'NONE', #3791 ) ;
#1591 = ORIENTED_EDGE ( 'NONE', *, *, #2875, .T. ) ;
#1592 = CARTESIAN_POINT ( 'NONE',  ( 72.87725266454344819, 5.367873223171060637, 8.437423989400212321 ) ) ;
#1593 = CARTESIAN_POINT ( 'NONE',  ( 72.73718330510583030, -7.600689521079155853, -6.499081083852193075 ) ) ;
#1594 = CARTESIAN_POINT ( 'NONE',  ( 73.25374738822026188, -7.970975084870677740, 0.6817623402896231255 ) ) ;
#1595 = CARTESIAN_POINT ( 'NONE',  ( 76.38828058685217570, 6.349297824193008921, 4.867608526693412152 ) ) ;
#1596 = CARTESIAN_POINT ( 'NONE',  ( 73.34571572478331802, -2.073222654911773599, 7.726690612620688015 ) ) ;
#1597 = CARTESIAN_POINT ( 'NONE',  ( 73.08421115242201438, -6.503527875081243081, -4.658902109972637540 ) ) ;
#1598 = CARTESIAN_POINT ( 'NONE',  ( 70.35287253598527002, 8.039206399150341298, -5.947470137189342587 ) ) ;
#1599 = CARTESIAN_POINT ( 'NONE',  ( 76.64710261100198352, 1.987306838342357551, -7.749313209733100116 ) ) ;
#1600 = CARTESIAN_POINT ( 'NONE',  ( 0.000000000000000000, 0.000000000000000000, 0.000000000000000000 ) ) ;
#1601 = CARTESIAN_POINT ( 'NONE',  ( 76.38828058685216149, -7.390121551890756812, 3.064848948597663103 ) ) ;
#1602 = ORIENTED_EDGE ( 'NONE', *, *, #2774, .F. ) ;
#1603 = EDGE_CURVE ( 'NONE', #1312, #1911, #755, .T. ) ;
#1604 = DIRECTION ( 'NONE',  ( -0.000000000000000000, -0.9396926207859104263, -0.3420201433256630508 ) ) ;
#1605 = VERTEX_POINT ( 'NONE', #4140 ) ;
#1606 = CARTESIAN_POINT ( 'NONE',  ( 85.00100000000000477, 8.999999999999962697, -12.83845726811991561 ) ) ;
#1607 = CARTESIAN_POINT ( 'NONE',  ( 70.68189213675297822, 7.776981807849765005, 6.286950375292128079 ) ) ;
#1608 = CARTESIAN_POINT ( 'NONE',  ( 26.30000000000000426, 1.469576158976823947E-15, -12.00000000000000000 ) ) ;
#1609 = ORIENTED_EDGE ( 'NONE', *, *, #658, .T. ) ;
#1610 = ORIENTED_EDGE ( 'NONE', *, *, #3902, .F. ) ;
#1611 = ADVANCED_FACE ( 'NONE', ( #1817, #1442, #2460, #3810, #4217, #3586, #1546, #3933, #2892, #1924, #881, #4240, #501, #2964, #3283 ), #4308, .F. ) ;
#1612 = FACE_BOUND ( 'NONE', #2556, .T. ) ;
#1613 = CARTESIAN_POINT ( 'NONE',  ( 73.43710854142003086, -4.827930270477439834, -27.38055316933906980 ) ) ;
#1614 = CARTESIAN_POINT ( 'NONE',  ( 72.81296124757919586, -7.992681810746259607, 0.3657533364050377100 ) ) ;
#1615 = CARTESIAN_POINT ( 'NONE',  ( 76.29996708377638015, 6.186921522816240859, 5.072509143716732005 ) ) ;
#1616 = FACE_OUTER_BOUND ( 'NONE', #682, .T. ) ;
#1617 = CARTESIAN_POINT ( 'NONE',  ( 74.11872753940536995, -6.008899054099019033, -5.282074500178193688 ) ) ;
#1618 = CARTESIAN_POINT ( 'NONE',  ( 70.70007234839458476, -7.548975745846012053, 2.649813308675002865 ) ) ;
#1619 = CARTESIAN_POINT ( 'NONE',  ( 69.31811214426682000, 7.998359094238592704, -0.1828863829027787546 ) ) ;
#1620 = CARTESIAN_POINT ( 'NONE',  ( 69.57028713879580550, 0.8340733018100856544, -7.956670886299582968 ) ) ;
#1621 = VERTEX_POINT ( 'NONE', #1946 ) ;
#1622 = AXIS2_PLACEMENT_3D ( 'NONE', #2261, #3613, #245 ) ;
#1623 = PRODUCT_DEFINITION_CONTEXT ( 'detailed design', #580, 'design' ) ;
#1624 = CARTESIAN_POINT ( 'NONE',  ( 77.18305898564280199, -4.397896357319347693, 8.981077165895326786 ) ) ;
#1625 = EDGE_LOOP ( 'NONE', ( #2207, #3301, #824, #3296 ) ) ;
#1626 = CONICAL_SURFACE ( 'NONE', #3610, 10.00000000000000000, 0.5880026035475671708 ) ;
#1627 = CARTESIAN_POINT ( 'NONE',  ( 77.69992722027565435, -7.549339681016321357, -2.648776276478423508 ) ) ;
#1628 = CARTESIAN_POINT ( 'NONE',  ( 70.18274313490442751, 5.654899030256199666, -5.658808793165531092 ) ) ;
#1629 = CARTESIAN_POINT ( 'NONE',  ( 73.43710854142003086, -8.091604621704339806, -5.875877351171729934 ) ) ;
#1630 = B_SPLINE_CURVE_WITH_KNOTS ( 'NONE', 3,
 ( #2187, #2891, #3543, #2850, #3911, #2942, #4199, #831, #1170, #500, #1859, #2539, #3255, #858, #4238, #2211 ),
 .UNSPECIFIED., .F., .F.,
 ( 4, 2, 2, 2, 2, 2, 2, 4 ),
 ( 0.000000000000000000, 0.0002736956474133500497, 0.0005473912948267000995, 0.001094782589653369408, 0.001368478237066702869, 0.001642173884480036331, 0.001915869531893370009, 0.002189565179306703253 ),
 .UNSPECIFIED. ) ;
#1631 = ORIENTED_EDGE ( 'NONE', *, *, #2931, .F. ) ;
#1632 = CARTESIAN_POINT ( 'NONE',  ( 74.13714124028106767, -7.718999724597384038, 6.358096176509047126 ) ) ;
#1633 = CARTESIAN_POINT ( 'NONE',  ( 73.43710854142003086, 16.39230484541341681, 28.39230484541322141 ) ) ;
#1634 = CARTESIAN_POINT ( 'NONE',  ( 22.30000000000000426, 9.000000000000181188, 15.58845726811978949 ) ) ;
#1635 = EDGE_CURVE ( 'NONE', #3575, #582, #2233, .T. ) ;
#1636 = AXIS2_PLACEMENT_3D ( 'NONE', #3182, #842, #3841 ) ;
#1637 = CARTESIAN_POINT ( 'NONE',  ( 26.30000000000000426, 18.00000000000000000, 2.749999999999999556 ) ) ;
#1638 = ORIENTED_EDGE ( 'NONE', *, *, #849, .T. ) ;
#1639 = AXIS2_PLACEMENT_3D ( 'NONE', #3574, #3293, #2242 ) ;
#1640 = CARTESIAN_POINT ( 'NONE',  ( 69.81727175442983935, -5.593952739520975825, -8.289010359989045895 ) ) ;
#1641 = CARTESIAN_POINT ( 'NONE',  ( 77.00000000000001421, -4.590875860828400157, 6.551630242196448961 ) ) ;
#1642 = EDGE_CURVE ( 'NONE', #2782, #3158, #1434, .T. ) ;
#1643 = CARTESIAN_POINT ( 'NONE',  ( 77.68189213675299243, -5.157708748383829978, -8.567685307471144540 ) ) ;
#1644 = CARTESIAN_POINT ( 'NONE',  ( 77.70003269886103681, 7.601892644611240257, -6.497658959800753031 ) ) ;
#1645 = CARTESIAN_POINT ( 'NONE',  ( 76.38828058685216149, 7.992682765693549740, -0.3524455084488237189 ) ) ;
#1646 = CARTESIAN_POINT ( 'NONE',  ( 70.68161899798533909, 6.245262290292528995, 5.000387764287377301 ) ) ;
#1647 = CARTESIAN_POINT ( 'NONE',  ( 69.56947108626573595, 1.936775781039803856, -7.762286008754704980 ) ) ;
#1648 = EDGE_LOOP ( 'NONE', ( #4115, #1884, #819, #4354 ) ) ;
#1649 = CARTESIAN_POINT ( 'NONE',  ( 73.34571572478330381, 4.590875860828349531, -6.551630242196488929 ) ) ;
#1650 = EDGE_LOOP ( 'NONE', ( #2620, #342 ) ) ;
#1651 = CARTESIAN_POINT ( 'NONE',  ( 73.43710854142003086, -2.073222654911943685, -7.726690612620640941 ) ) ;
#1652 = CARTESIAN_POINT ( 'NONE',  ( 70.35269246556352130, 8.039271383123455905, 5.947382202110567562 ) ) ;
#1653 = DIRECTION ( 'NONE',  ( 0.000000000000000000, 0.000000000000000000, 1.000000000000000000 ) ) ;
#1654 = EDGE_LOOP ( 'NONE', ( #1783, #2664, #2999, #3767 ) ) ;
#1655 = DIRECTION ( 'NONE',  ( -0.000000000000000000, -0.9396926207859104263, -0.3420201433256630508 ) ) ;
#1656 = DIRECTION ( 'NONE',  ( -1.000000000000000000, -0.000000000000000000, -0.000000000000000000 ) ) ;
#1657 = CARTESIAN_POINT ( 'NONE',  ( 73.43710854142003086, -4.827930270477030383, 27.38055316933887795 ) ) ;
#1658 = CARTESIAN_POINT ( 'NONE',  ( 73.43710854142003086, -1.042856744784256717, 9.945473835361390513 ) ) ;
#1659 = VERTEX_POINT ( 'NONE', #1572 ) ;
#1660 = EDGE_CURVE ( 'NONE', #2562, #586, #4326, .T. ) ;
#1661 = CARTESIAN_POINT ( 'NONE',  ( 77.00000000000001421, 5.654899030256378190, 5.658808793165353457 ) ) ;
#1662 = CARTESIAN_POINT ( 'NONE',  ( 69.43958974620021252, 1.810219369904885856, 7.792778432529753552 ) ) ;
#1663 = CYLINDRICAL_SURFACE ( 'NONE', #1212, 0.7000000000000019540 ) ;
#1664 = CARTESIAN_POINT ( 'NONE',  ( 69.38825132211496793, 9.994148768488768653, 0.3524150180710303726 ) ) ;
#1665 = EDGE_CURVE ( 'NONE', #3263, #3028, #3684, .T. ) ;
#1666 = B_SPLINE_CURVE_WITH_KNOTS ( 'NONE', 3,
 ( #2137, #1490, #3159, #3796, #2428, #1468, #2752, #1845, #2487, #803, #2176, #446, #2837, #3116 ),
 .UNSPECIFIED., .F., .F.,
 ( 4, 2, 2, 2, 2, 2, 4 ),
 ( 0.002189188203112912671, 0.002736359354753675928, 0.003009944930574057556, 0.003283530506394439184, 0.003557116082214820812, 0.003830701658035202441, 0.004377872809675965697 ),
 .UNSPECIFIED. ) ;
#1667 = CARTESIAN_POINT ( 'NONE',  ( 72.75549151297175854, 9.458557062796712600, -3.246978784315641686 ) ) ;
#1668 = FACE_BOUND ( 'NONE', #3978, .T. ) ;
#1669 = DIRECTION ( 'NONE',  ( -0.000000000000000000, 0.1736481776669273613, -0.9848077530122086864 ) ) ;
#1670 = EDGE_LOOP ( 'NONE', ( #3857, #2561 ) ) ;
#1671 = CARTESIAN_POINT ( 'NONE',  ( 76.56947108626575016, -4.474832082809038880, 6.631746552635610747 ) ) ;
#1672 = ORIENTED_EDGE ( 'NONE', *, *, #2402, .F. ) ;
#1673 = CARTESIAN_POINT ( 'NONE',  ( 72.73703423331751594, 9.428337595179515418, 3.333914564240136436 ) ) ;
#1674 = CARTESIAN_POINT ( 'NONE',  ( 70.35287253598527002, 7.253108243013496548, 6.884305438897120766 ) ) ;
#1675 = FACE_OUTER_BOUND ( 'NONE', #2292, .T. ) ;
#1676 = ORIENTED_EDGE ( 'NONE', *, *, #2368, .T. ) ;
#1677 = CARTESIAN_POINT ( 'NONE',  ( 77.00000000000001421, 29.14660315002056379, 9.863571535843677296 ) ) ;
#1678 = CARTESIAN_POINT ( 'NONE',  ( 77.00000000000001421, 8.091604621704261646, -5.875877351171843621 ) ) ;
#1679 = CARTESIAN_POINT ( 'NONE',  ( 77.00000000000001421, -4.138766007130163516, -27.50324775008798284 ) ) ;
#1680 = CARTESIAN_POINT ( 'NONE',  ( 69.31811214426680579, -3.840795293519170706, 7.018225355652339736 ) ) ;
#1681 = EDGE_LOOP ( 'NONE', ( #1792, #3369, #560, #552 ) ) ;
#1682 = CARTESIAN_POINT ( 'NONE',  ( 77.42973211210465934, -9.190754382252217525, 3.941359841129377983 ) ) ;
#1683 = CARTESIAN_POINT ( 'NONE',  ( 76.64730396509261823, -4.517977523008530838, -6.602205783240521875 ) ) ;
#1684 = CARTESIAN_POINT ( 'NONE',  ( 69.90745110525168116, 0.6944918006948507250, 7.969798061354350871 ) ) ;
#1685 = CARTESIAN_POINT ( 'NONE',  ( 70.00000000000000000, 29.14660315002060642, -9.863571535844135596 ) ) ;
#1686 = CARTESIAN_POINT ( 'NONE',  ( 69.31838297155172768, 9.998668424379548725, -0.1838550388020163961 ) ) ;
#1687 = CARTESIAN_POINT ( 'NONE',  ( 76.81663884680024523, 7.970975084870675076, 0.6817623402896232365 ) ) ;
#1688 = DIRECTION ( 'NONE',  ( 0.000000000000000000, 0.000000000000000000, 1.000000000000000000 ) ) ;
#1689 = CARTESIAN_POINT ( 'NONE',  ( 73.99752483067875630, 4.623529249285216025, 8.867201407048328932 ) ) ;
#1690 = ADVANCED_FACE ( 'NONE', ( #2585 ), #638, .T. ) ;
#1691 = EDGE_LOOP ( 'NONE', ( #2699, #1768, #1762, #2070 ) ) ;
#1692 = B_SPLINE_CURVE_WITH_KNOTS ( 'NONE', 3,
 ( #3737, #697, #425, #3494, #1514, #4226, #3842, #1534, #488, #761, #96, #1868, #2139, #3472, #2178, #2489 ),
 .UNSPECIFIED., .F., .F.,
 ( 4, 2, 2, 2, 2, 2, 2, 4 ),
 ( 0.000000000000000000, 0.0002736956474133497245, 0.0005473912948266994490, 0.001094782589653369624, 0.001368478237066704387, 0.001642173884480038282, 0.001915869531893372177, 0.002189565179306705855 ),
 .UNSPECIFIED. ) ;
#1693 = VECTOR ( 'NONE', #1655, 1000.000000000000227 ) ;
#1694 = CARTESIAN_POINT ( 'NONE',  ( 26.30000000000000426, 18.00000000000000000, 0.000000000000000000 ) ) ;
#1695 = CARTESIAN_POINT ( 'NONE',  ( 72.82538912827219235, 7.390121551890796781, 3.064848948597563183 ) ) ;
#1696 = CARTESIAN_POINT ( 'NONE',  ( 70.09253170642543296, 7.191701968143203061, 6.948339571538316051 ) ) ;
#1697 = LINE ( 'NONE', #3055, #3967 ) ;
#1698 = EDGE_CURVE ( 'NONE', #1724, #2080, #172, .T. ) ;
#1699 = AXIS2_PLACEMENT_3D ( 'NONE', #3676, #1371, #2389 ) ;
#1700 = ORIENTED_EDGE ( 'NONE', *, *, #1421, .T. ) ;
#1701 = CARTESIAN_POINT ( 'NONE',  ( 69.31811214426680579, 6.244655639121972079, 5.001147026255337025 ) ) ;
#1702 = AXIS2_PLACEMENT_3D ( 'NONE', #2645, #1248, #2622 ) ;
#1703 = DIRECTION ( 'NONE',  ( -0.000000000000000000, 1.000000000000000000, -0.000000000000000000 ) ) ;
#1704 = FACE_OUTER_BOUND ( 'NONE', #3627, .T. ) ;
#1705 = CARTESIAN_POINT ( 'NONE',  ( 69.81663884680023102, -4.575911048469616382, 6.562185746286062660 ) ) ;
#1706 = ORIENTED_EDGE ( 'NONE', *, *, #2748, .T. ) ;
#1707 = AXIS2_PLACEMENT_3D ( 'NONE', #1694, #3411, #3734 ) ;
#1708 = LINE ( 'NONE', #3703, #224 ) ;
#1709 = AXIS2_PLACEMENT_3D ( 'NONE', #727, #1145, #3167 ) ;
#1710 = CARTESIAN_POINT ( 'NONE',  ( 69.90745110525168116, 6.554801683817454538, -4.586346572798863264 ) ) ;
#1711 = CARTESIAN_POINT ( 'NONE',  ( 70.56041628925872544, -5.367457054334439093, -8.437694488545506744 ) ) ;
#1712 = FACE_OUTER_BOUND ( 'NONE', #4012, .T. ) ;
#1713 = DIRECTION ( 'NONE',  ( 1.000000000000000000, 0.000000000000000000, 0.000000000000000000 ) ) ;
#1714 = AXIS2_PLACEMENT_3D ( 'NONE', #3477, #429, #808 ) ;
#1715 = DIRECTION ( 'NONE',  ( 0.000000000000000000, 0.000000000000000000, -1.000000000000000000 ) ) ;
#1716 = VECTOR ( 'NONE', #1940, 999.9999999999998863 ) ;
#1717 = SURFACE_STYLE_USAGE ( .BOTH. , #4360 ) ;
#1718 = DIRECTION ( 'NONE',  ( -1.000000000000000000, -0.000000000000000000, -0.000000000000000000 ) ) ;
#1719 = VERTEX_POINT ( 'NONE', #2869 ) ;
#1720 = ADVANCED_FACE ( 'NONE', ( #3891 ), #520, .F. ) ;
#1721 = CARTESIAN_POINT ( 'NONE',  ( 73.34571572478333223, 7.728121685168139798, -2.067881819455361647 ) ) ;
#1722 = CARTESIAN_POINT ( 'NONE',  ( 72.73718330510583030, -1.644937176446962912, -9.864213998888638812 ) ) ;
#1723 = CARTESIAN_POINT ( 'NONE',  ( -1.619044300812758254E-15, 1.619044300812758254E-15, -13.22049999999999947 ) ) ;
#1724 = VERTEX_POINT ( 'NONE', #681 ) ;
#1725 = DIRECTION ( 'NONE',  ( 0.000000000000000000, 0.000000000000000000, 1.000000000000000000 ) ) ;
#1726 = ADVANCED_FACE ( 'NONE', ( #1302 ), #1626, .T. ) ;
#1727 = FACE_BOUND ( 'NONE', #2495, .T. ) ;
#1728 = FACE_OUTER_BOUND ( 'NONE', #1681, .T. ) ;
#1729 = DIRECTION ( 'NONE',  ( -1.000000000000000000, -0.000000000000000000, -0.000000000000000000 ) ) ;
#1730 = VERTEX_POINT ( 'NONE', #1637 ) ;
#1731 = CARTESIAN_POINT ( 'NONE',  ( 70.00000000000000000, -9.134461366488585199, -4.069596484189502483 ) ) ;
#1732 = CARTESIAN_POINT ( 'NONE',  ( 69.37585270615916500, 6.357851199582968960, -4.857413525209373972 ) ) ;
#1733 = CARTESIAN_POINT ( 'NONE',  ( 69.30006596912041061, 1.208988476531132950, 7.910229745963240688 ) ) ;
#1734 = CARTESIAN_POINT ( 'NONE',  ( 73.61985167632442995, -0.6944918006947133904, -7.969798061354369523 ) ) ;
#1735 = CARTESIAN_POINT ( 'NONE',  ( 70.09253170642544717, -9.613289567144475356, 2.754026815089355207 ) ) ;
#1736 = CARTESIAN_POINT ( 'NONE',  ( 76.81690483603884445, 7.970968626346124353, -0.6818366816699370503 ) ) ;
#1737 = CARTESIAN_POINT ( 'NONE',  ( 70.00000000000029843, 1.042856744779703915, -9.945473835361866577 ) ) ;
#1738 = CARTESIAN_POINT ( 'NONE',  ( 70.61173969054669897, -3.691134508840441253, -7.098079333457942397 ) ) ;
#1739 = ORIENTED_EDGE ( 'NONE', *, *, #223, .F. ) ;
#1740 = CARTESIAN_POINT ( 'NONE',  ( 76.37585270615917921, -4.313092586218743030, 6.738988824269595668 ) ) ;
#1741 = CARTESIAN_POINT ( 'NONE',  ( 70.00000000000000000, -5.593952739520734241, 8.289010359989211096 ) ) ;
#1742 = LINE ( 'NONE', #2009, #1427 ) ;
#1743 = VERTEX_POINT ( 'NONE', #3742 ) ;
#1744 = EDGE_CURVE ( 'NONE', #559, #3025, #575, .T. ) ;
#1745 = CARTESIAN_POINT ( 'NONE',  ( 72.75522068568682243, 3.840795293519274178, 7.018225355652282893 ) ) ;
#1746 = DIRECTION ( 'NONE',  ( 0.000000000000000000, 0.000000000000000000, -1.000000000000000000 ) ) ;
#1747 = CARTESIAN_POINT ( 'NONE',  ( 69.57028713879576287, -4.475512242061483015, -6.631295502150206467 ) ) ;
#1748 = ORIENTED_EDGE ( 'NONE', *, *, #1586, .F. ) ;
#1749 = EDGE_CURVE ( 'NONE', #3667, #4222, #996, .T. ) ;
#1750 = ORIENTED_EDGE ( 'NONE', *, *, #4197, .F. ) ;
#1751 = DIRECTION ( 'NONE',  ( -0.000000000000000000, 0.000000000000000000, 1.000000000000000000 ) ) ;
#1752 = CARTESIAN_POINT ( 'NONE',  ( 73.62043667358638288, 4.397965725822697181, -8.981043259855038485 ) ) ;
#1753 = CARTESIAN_POINT ( 'NONE',  ( 76.31838297155172768, -9.458557062796758785, -3.246978784315515565 ) ) ;
#1754 = CARTESIAN_POINT ( 'NONE',  ( 76.99999999999980105, -7.249293484509978569, 3.383451488560342391 ) ) ;
#1755 = CARTESIAN_POINT ( 'NONE',  ( 76.63452057087401670, -5.531315512973294268, -8.331939920992212478 ) ) ;
#1756 = CARTESIAN_POINT ( 'NONE',  ( 76.44014412312341733, 9.990960128906360538, 0.4300025808602422894 ) ) ;
#1757 = CARTESIAN_POINT ( 'NONE',  ( 77.56041628925872544, 7.929621264653928137, 6.093060816314245010 ) ) ;
#1758 = ORIENTED_EDGE ( 'NONE', *, *, #3073, .F. ) ;
#1759 = CARTESIAN_POINT ( 'NONE',  ( 76.63374405134041467, 1.118847968001794868, 9.938054401756446055 ) ) ;
#1760 = CARTESIAN_POINT ( 'NONE',  ( 72.75516024144297944, 4.841122744092882790, -8.750470646100941607 ) ) ;
#1761 = DIRECTION ( 'NONE',  ( -0.000000000000000000, 1.000000000000000000, -0.000000000000000000 ) ) ;
#1762 = ORIENTED_EDGE ( 'NONE', *, *, #3673, .T. ) ;
#1763 = CARTESIAN_POINT ( 'NONE',  ( 70.68192758678334542, -7.453493382104957377, -2.907342530444783968 ) ) ;
#1764 = EDGE_CURVE ( 'NONE', #489, #607, #3654, .T. ) ;
#1765 = CIRCLE ( 'NONE', #1903, 8.000000000000000000 ) ;
#1766 = CARTESIAN_POINT ( 'NONE',  ( 77.35287253598524160, -9.170263426630478776, -3.988421899335901522 ) ) ;
#1767 = CARTESIAN_POINT ( 'NONE',  ( 70.18332813216635202, 9.976794478432831070, 0.6817715863917027663 ) ) ;
#1768 = ORIENTED_EDGE ( 'NONE', *, *, #2151, .F. ) ;
#1769 = EDGE_LOOP ( 'NONE', ( #1083, #1056, #1888, #3671 ) ) ;
#1770 = CIRCLE ( 'NONE', #1622, 12.00000000000000000 ) ;
#1771 = PLANE ( 'NONE',  #2771 ) ;
#1772 = EDGE_CURVE ( 'NONE', #3909, #2506, #3123, .T. ) ;
#1773 = CARTESIAN_POINT ( 'NONE',  ( 69.30006596912039640, 6.245965671509972950, -5.002129606540173690 ) ) ;
#1774 = CARTESIAN_POINT ( 'NONE',  ( 76.31805170002294858, -9.333209286808754612, -3.591435696246612963 ) ) ;
#1775 = CYLINDRICAL_SURFACE ( 'NONE', #4047, 0.7000000000000005107 ) ;
#1776 = CIRCLE ( 'NONE', #918, 8.000000000000000000 ) ;
#1777 = CARTESIAN_POINT ( 'NONE',  ( 70.09138514484497762, -9.134461366488556777, 4.069596484189556662 ) ) ;
#1778 = CIRCLE ( 'NONE', #3412, 13.22049999999999770 ) ;
#1779 = ADVANCED_FACE ( 'NONE', ( #4353 ), #1325, .F. ) ;
#1780 = CARTESIAN_POINT ( 'NONE',  ( 73.08421115242201438, -0.7829636434406778145, 7.961671409026901181 ) ) ;
#1781 = CARTESIAN_POINT ( 'NONE',  ( 77.18305898564280199, 8.080947735358101625, 5.890630112976025679 ) ) ;
#1782 = CARTESIAN_POINT ( 'NONE',  ( 22.30000000000000426, 18.00000000000000000, 0.000000000000000000 ) ) ;
#1783 = ORIENTED_EDGE ( 'NONE', *, *, #746, .F. ) ;
#1784 = DIRECTION ( 'NONE',  ( -0.000000000000000000, 0.1736481776669273336, -0.9848077530122085754 ) ) ;
#1785 = CARTESIAN_POINT ( 'NONE',  ( 69.81690483603881603, -7.257058519103965821, 3.366948730373754195 ) ) ;
#1786 = LINE ( 'NONE', #3861, #2064 ) ;
#1787 = ORIENTED_EDGE ( 'NONE', *, *, #356, .T. ) ;
#1788 = CARTESIAN_POINT ( 'NONE',  ( 73.00657962768575260, 4.474832082809136580, 6.631746552635545022 ) ) ;
#1789 = VECTOR ( 'NONE', #259, 1000.000000000000114 ) ;
#1790 = CARTESIAN_POINT ( 'NONE',  ( 0.000000000000000000, 0.000000000000000000, 0.000000000000000000 ) ) ;
#1791 = CARTESIAN_POINT ( 'NONE',  ( 77.18274313490442751, -3.378440295530047877, 7.251630242196499765 ) ) ;
#1792 = ORIENTED_EDGE ( 'NONE', *, *, #4151, .F. ) ;
#1793 = ORIENTED_EDGE ( 'NONE', *, *, #3108, .T. ) ;
#1794 = CARTESIAN_POINT ( 'NONE',  ( 74.13718088981458720, 4.079583758546579730, 6.882262835667167344 ) ) ;
#1795 = CARTESIAN_POINT ( 'NONE',  ( 73.99752483067875630, -9.990986303619576958, -0.4295069185028180248 ) ) ;
#1796 = CARTESIAN_POINT ( 'NONE',  ( 69.81497915877275773, 2.421587599001354008, -9.702366386627691242 ) ) ;
#1797 = CARTESIAN_POINT ( 'NONE',  ( 73.80259620035752732, -0.7703323306249147961, -7.963873694881470122 ) ) ;
#1798 = CARTESIAN_POINT ( 'NONE',  ( 70.18305898564281620, -9.141909189813906877, 4.052990968986389220 ) ) ;
#1799 = EDGE_CURVE ( 'NONE', #890, #426, #3036, .T. ) ;
#1800 = CARTESIAN_POINT ( 'NONE',  ( 76.31805170002294858, 9.998691246639886288, 0.1827000438273091443 ) ) ;
#1801 = CARTESIAN_POINT ( 'NONE',  ( 77.42973211210463091, 8.008694938999978419, 5.988746854408847575 ) ) ;
#1802 = CARTESIAN_POINT ( 'NONE',  ( 78.38119784648294797, 0.000000000000000000, 0.000000000000000000 ) ) ;
#1803 = ORIENTED_EDGE ( 'NONE', *, *, #4255, .F. ) ;
#1804 = EDGE_CURVE ( 'NONE', #2166, #2546, #1320, .T. ) ;
#1805 = DIRECTION ( 'NONE',  ( 0.000000000000000000, 0.8660254037844362651, -0.5000000000000039968 ) ) ;
#1806 = CARTESIAN_POINT ( 'NONE',  ( 77.68192758678335963, 1.208914202184397935, 7.908585881064472467 ) ) ;
#1807 = CARTESIAN_POINT ( 'NONE',  ( 72.82538912827216393, -6.349297824192936091, 4.867608526693499194 ) ) ;
#1808 = VERTEX_POINT ( 'NONE', #2594 ) ;
#1809 = CARTESIAN_POINT ( 'NONE',  ( 72.73717451054045569, 4.158458766237623117, 6.836710353657545092 ) ) ;
#1810 = CARTESIAN_POINT ( 'NONE',  ( 26.30000000000000426, -18.00000000000000000, 0.000000000000000000 ) ) ;
#1811 = CARTESIAN_POINT ( 'NONE',  ( 70.18305898564278777, 9.976789157673380259, -0.6818486142979640618 ) ) ;
#1812 = VERTEX_POINT ( 'NONE', #581 ) ;
#1813 = ORIENTED_EDGE ( 'NONE', *, *, #3352, .T. ) ;
#1814 = CARTESIAN_POINT ( 'NONE',  ( 74.11900067817300908, -9.998687502092616697, -0.1828641476860214665 ) ) ;
#1815 = DIRECTION ( 'NONE',  ( 0.000000000000000000, 0.000000000000000000, 1.000000000000000000 ) ) ;
#1816 = FACE_OUTER_BOUND ( 'NONE', #2865, .T. ) ;
#1817 = FACE_OUTER_BOUND ( 'NONE', #2490, .T. ) ;
#1818 = CARTESIAN_POINT ( 'NONE',  ( 76.38871602490031876, 9.994120100610542679, -0.3531803371506751499 ) ) ;
#1819 = LINE ( 'NONE', #68, #3482 ) ;
#1820 = CARTESIAN_POINT ( 'NONE',  ( 72.75516024144297944, -7.542004543489462698, 6.566991199752890473 ) ) ;
#1821 = VERTEX_POINT ( 'NONE', #230 ) ;
#1822 = CARTESIAN_POINT ( 'NONE',  ( 76.38871602490033297, 2.083275477093010863, 9.780957837682384692 ) ) ;
#1823 = EDGE_CURVE ( 'NONE', #1911, #4375, #1956, .T. ) ;
#1824 = CARTESIAN_POINT ( 'NONE',  ( 73.07085259276045974, 4.450387970179451536, -8.956047843923927942 ) ) ;
#1825 = DIRECTION ( 'NONE',  ( -0.000000000000000000, -0.9396926207859104263, -0.3420201433256630508 ) ) ;
#1826 = ORIENTED_EDGE ( 'NONE', *, *, #2201, .F. ) ;
#1827 = ORIENTED_EDGE ( 'NONE', *, *, #4249, .F. ) ;
#1828 = EDGE_CURVE ( 'NONE', #211, #3114, #1271, .T. ) ;
#1829 = CYLINDRICAL_SURFACE ( 'NONE', #1356, 0.7000000000000018430 ) ;
#1830 = CARTESIAN_POINT ( 'NONE',  ( 70.69992722027565435, 1.297606334873653067, -7.894603421445456348 ) ) ;
#1831 = VERTEX_POINT ( 'NONE', #554 ) ;
#1832 = ORIENTED_EDGE ( 'NONE', *, *, #929, .F. ) ;
#1833 = CIRCLE ( 'NONE', #4300, 2.749999999999999112 ) ;
#1834 = CARTESIAN_POINT ( 'NONE',  ( 73.80340771215257689, 4.528598294007038838, 6.596101468337589147 ) ) ;
#1835 = DIRECTION ( 'NONE',  ( -0.000000000000000000, -0.5000000000000039968, -0.8660254037844362651 ) ) ;
#1836 = CARTESIAN_POINT ( 'NONE',  ( 77.61174165653739010, 9.994148424587296020, -0.3524036440381290158 ) ) ;
#1837 = DIRECTION ( 'NONE',  ( 0.000000000000000000, 0.000000000000000000, 1.000000000000000000 ) ) ;
#1838 = TOROIDAL_SURFACE ( 'NONE', #348, 8.000000000000000000, 2.000000000000000888 ) ;
#1839 = VECTOR ( 'NONE', #3606, 1000.000000000000114 ) ;
#1840 = CARTESIAN_POINT ( 'NONE',  ( 73.61985167632442995, -7.969316156358702941, -0.7000000000001393996 ) ) ;
#1841 = CARTESIAN_POINT ( 'NONE',  ( 77.00000000000001421, 7.191701968143202173, 6.948339571538315163 ) ) ;
#1842 = DIRECTION ( 'NONE',  ( -1.000000000000000000, -0.000000000000000000, -0.000000000000000000 ) ) ;
#1843 = ORIENTED_EDGE ( 'NONE', *, *, #1195, .F. ) ;
#1844 = CIRCLE ( 'NONE', #4311, 2.749999999999999556 ) ;
#1845 = CARTESIAN_POINT ( 'NONE',  ( 72.73703423331750173, -10.00000520156549122, 0.09182646127890606302 ) ) ;
#1846 = AXIS2_PLACEMENT_3D ( 'NONE', #4341, #2729, #1027 ) ;
#1847 = CARTESIAN_POINT ( 'NONE',  ( 72.87790416924339354, 5.368575652178410706, -8.436975998816629740 ) ) ;
#1848 = B_SPLINE_CURVE_WITH_KNOTS ( 'NONE', 3,
 ( #4377, #3769, #40, #326, #1085, #732, #2674, #4026, #997, #2017, #1350, #2701, #4055, #149 ),
 .UNSPECIFIED., .F., .F.,
 ( 4, 2, 2, 2, 2, 2, 4 ),
 ( 0.002189188203112905733, 0.002736359354753665520, 0.003009944930574044979, 0.003283530506394423138, 0.003557116082214800863, 0.003830701658035179022, 0.004377872809675935339 ),
 .UNSPECIFIED. ) ;
#1849 = CARTESIAN_POINT ( 'NONE',  ( 70.00000000000000000, 28.90718904969259739, 10.52135637039381599 ) ) ;
#1850 = EDGE_LOOP ( 'NONE', ( #2750, #3622, #2975, #1250 ) ) ;
#1851 = EDGE_CURVE ( 'NONE', #2580, #4135, #2202, .T. ) ;
#1852 = VERTEX_POINT ( 'NONE', #2222 ) ;
#1853 = CARTESIAN_POINT ( 'NONE',  ( 73.62043667358638288, 9.141940534787835304, -4.052920406238188278 ) ) ;
#1854 = CARTESIAN_POINT ( 'NONE',  ( 69.44079562782334847, 2.159195184132647771, 9.764325101848520205 ) ) ;
#1855 = EDGE_LOOP ( 'NONE', ( #2360, #3977 ) ) ;
#1856 = ORIENTED_EDGE ( 'NONE', *, *, #1201, .F. ) ;
#1857 = EDGE_CURVE ( 'NONE', #1566, #1869, #3972, .T. ) ;
#1858 = CARTESIAN_POINT ( 'NONE',  ( 73.43710854142003086, 16.99852262806252412, 28.04230484541321999 ) ) ;
#1859 = CARTESIAN_POINT ( 'NONE',  ( 76.43958974620021252, 5.843634403681848610, -5.464085177025117090 ) ) ;
#1860 = CARTESIAN_POINT ( 'NONE',  ( 69.31805170002296279, 7.776879192412225805, -6.287078493089885534 ) ) ;
#1861 = CARTESIAN_POINT ( 'NONE',  ( 69.31838297155174189, -9.332792809352291385, 3.592513230828765280 ) ) ;
#1862 = CARTESIAN_POINT ( 'NONE',  ( 77.70007234839452792, -3.920422571936070355, -6.974154589601283760 ) ) ;
#1863 = CARTESIAN_POINT ( 'NONE',  ( 72.73718330510584451, -7.720191323180222831, 6.356664381876766079 ) ) ;
#1864 = EDGE_LOOP ( 'NONE', ( #75, #4003 ) ) ;
#1865 = B_SPLINE_CURVE_WITH_KNOTS ( 'NONE', 3,
 ( #2629, #239, #1896, #949, #4021, #1323, #2301, #3675, #3254, #634, #3652, #4262, #2231, #2650, #925, #609 ),
 .UNSPECIFIED., .F., .F.,
 ( 4, 2, 2, 2, 2, 2, 2, 4 ),
 ( 0.000000000000000000, 0.0002736485253891250344, 0.0005472970507782500688, 0.001094594101556470647, 0.001368242626945580936, 0.001641891152334691009, 0.001915539677723801298, 0.002189188203112911370 ),
 .UNSPECIFIED. ) ;
#1866 = CARTESIAN_POINT ( 'NONE',  ( 76.38828058685214728, 1.040823727697810952, -7.932457475291100124 ) ) ;
#1867 = DIRECTION ( 'NONE',  ( 0.000000000000000000, 0.000000000000000000, 1.000000000000000000 ) ) ;
#1868 = CARTESIAN_POINT ( 'NONE',  ( 76.57028713879577708, 1.937569190021941168, 7.762094788106977283 ) ) ;
#1869 = VERTEX_POINT ( 'NONE', #1536 ) ;
#1870 = CARTESIAN_POINT ( 'NONE',  ( 73.43710854142003086, 3.378440295530180215, -7.251630242196436704 ) ) ;
#1871 = VERTEX_POINT ( 'NONE', #3557 ) ;
#1872 = DIRECTION ( 'NONE',  ( -1.000000000000000000, -0.000000000000000000, -0.000000000000000000 ) ) ;
#1873 = CARTESIAN_POINT ( 'NONE',  ( 72.75522068568682243, -1.208792553237316048, -7.908603934493017462 ) ) ;
#1874 = EDGE_CURVE ( 'NONE', #1979, #886, #420, .T. ) ;
#1875 = ORIENTED_EDGE ( 'NONE', *, *, #3728, .T. ) ;
#1876 = VERTEX_POINT ( 'NONE', #2270 ) ;
#1877 = CARTESIAN_POINT ( 'NONE',  ( 70.00000000000000000, 2.421587599001353563, -9.702366386627689465 ) ) ;
#1878 = DIRECTION ( 'NONE',  ( -0.000000000000000000, 0.7660444431189857850, 0.6427876096865300370 ) ) ;
#1879 = EDGE_CURVE ( 'NONE', #2981, #4229, #2826, .T. ) ;
#1880 = CARTESIAN_POINT ( 'NONE',  ( 73.34455964667166938, -7.969316156358709158, 0.7000000000000017319 ) ) ;
#1881 = CARTESIAN_POINT ( 'NONE',  ( 69.44079562782334847, -9.241042754280304194, 3.821949417683886630 ) ) ;
#1882 = CARTESIAN_POINT ( 'NONE',  ( 73.99631263256587488, -5.842727140443237488, -5.465044701943045702 ) ) ;
#1883 = DIRECTION ( 'NONE',  ( -0.000000000000000000, -0.9396926207859058744, 0.3420201433256757628 ) ) ;
#1884 = ORIENTED_EDGE ( 'NONE', *, *, #579, .T. ) ;
#1885 = CARTESIAN_POINT ( 'NONE',  ( 70.68161899798532488, 1.569961174786972169, 7.844896479715094628 ) ) ;
#1886 = CARTESIAN_POINT ( 'NONE',  ( 26.30000000000000426, -9.000000000000074607, -12.83845726811985699 ) ) ;
#1887 = CARTESIAN_POINT ( 'NONE',  ( 76.38871602490031876, -9.270606120259735405, 3.750071345852003635 ) ) ;
#1888 = ORIENTED_EDGE ( 'NONE', *, *, #2101, .F. ) ;
#1889 = CARTESIAN_POINT ( 'NONE',  ( 74.11903612820337628, -1.208914202184296460, 7.908585881064487566 ) ) ;
#1890 = FACE_OUTER_BOUND ( 'NONE', #3592, .T. ) ;
#1891 = CARTESIAN_POINT ( 'NONE',  ( 72.81296124757921007, -1.748111352489553072, -7.807742614240223311 ) ) ;
#1892 = CARTESIAN_POINT ( 'NONE',  ( 77.68161899798535330, 6.245262290292528995, 5.000387764287377301 ) ) ;
#1893 = ORIENTED_EDGE ( 'NONE', *, *, #228, .F. ) ;
#1894 = ORIENTED_EDGE ( 'NONE', *, *, #2502, .F. ) ;
#1895 = CARTESIAN_POINT ( 'NONE',  ( 73.07085259276043132, 5.530970965257202998, 8.332172960834055786 ) ) ;
#1896 = CARTESIAN_POINT ( 'NONE',  ( 70.18332813216635202, -5.578828752609964248, 8.299271673463346488 ) ) ;
#1897 = CARTESIAN_POINT ( 'NONE',  ( 22.30000000000000426, 8.999999999999962697, -15.58845726811991561 ) ) ;
#1898 = CARTESIAN_POINT ( 'NONE',  ( 73.34571572478330381, -7.969316156358719816, -0.6999999999999331202 ) ) ;
#1899 = EDGE_CURVE ( 'NONE', #3273, #972, #2014, .T. ) ;
#1900 = CARTESIAN_POINT ( 'NONE',  ( 85.00000000000000000, 0.000000000000000000, 0.000000000000000000 ) ) ;
#1901 = DIRECTION ( 'NONE',  ( 0.000000000000000000, -1.224646799147353454E-16, 1.000000000000000000 ) ) ;
#1902 = CARTESIAN_POINT ( 'NONE',  ( 73.61985167632444416, -5.654899030256278714, -5.658808793165455597 ) ) ;
#1903 = AXIS2_PLACEMENT_3D ( 'NONE', #2868, #3216, #3235 ) ;
#1904 = CARTESIAN_POINT ( 'NONE',  ( 69.99999999999980105, -7.249293484509978569, 3.383451488560342391 ) ) ;
#1905 = ORIENTED_EDGE ( 'NONE', *, *, #412, .T. ) ;
#1906 = EDGE_CURVE ( 'NONE', #449, #256, #4041, .T. ) ;
#1907 = CARTESIAN_POINT ( 'NONE',  ( 83.00000000000000000, 0.000000000000000000, 8.000000000000000000 ) ) ;
#1908 = CARTESIAN_POINT ( 'NONE',  ( 70.68161899798533909, -3.839942222576313569, 7.018690945971369999 ) ) ;
#1909 = CARTESIAN_POINT ( 'NONE',  ( 69.90860718336327295, 0.6944918006948144207, -7.969798061354357088 ) ) ;
#1910 = AXIS2_PLACEMENT_3D ( 'NONE', #2672, #2015, #324 ) ;
#1911 = VERTEX_POINT ( 'NONE', #961 ) ;
#1912 = CARTESIAN_POINT ( 'NONE',  ( 77.00000000000001421, -5.593952739520734241, 8.289010359989211096 ) ) ;
#1913 = ORIENTED_EDGE ( 'NONE', *, *, #387, .F. ) ;
#1914 = CARTESIAN_POINT ( 'NONE',  ( 76.99999999999980105, -7.728121685169544008, -2.067881819450098746 ) ) ;
#1915 = CARTESIAN_POINT ( 'NONE',  ( 69.38825132211498214, 1.388404678906085987, 9.903511417635627367 ) ) ;
#1916 = CARTESIAN_POINT ( 'NONE',  ( 73.52849368626505111, -7.191701968143248358, -6.948339571538265425 ) ) ;
#1917 = ORIENTED_EDGE ( 'NONE', *, *, #1048, .T. ) ;
#1918 = VERTEX_POINT ( 'NONE', #623 ) ;
#1919 = CIRCLE ( 'NONE', #1714, 12.00000000000000000 ) ;
#1920 = CARTESIAN_POINT ( 'NONE',  ( 72.73703423331750173, 5.079526648989944881, 8.614345311892764201 ) ) ;
#1921 = VECTOR ( 'NONE', #1318, 999.9999999999998863 ) ;
#1922 = CARTESIAN_POINT ( 'NONE',  ( 77.00000000000001421, -4.828131434238709829, -27.38169402572112432 ) ) ;
#1923 = DIRECTION ( 'NONE',  ( 0.000000000000000000, 0.8660254037844397068, 0.4999999999999980016 ) ) ;
#1924 = FACE_BOUND ( 'NONE', #2036, .T. ) ;
#1925 = AXIS2_PLACEMENT_3D ( 'NONE', #924, #1233, #1964 ) ;
#1926 = CARTESIAN_POINT ( 'NONE',  ( 69.29992569189745666, -4.920478552575622722, -8.706171773171671902 ) ) ;
#1927 = CARTESIAN_POINT ( 'NONE',  ( 22.30000000000000426, 24.00000000000000000, 0.000000000000000000 ) ) ;
#1928 = CARTESIAN_POINT ( 'NONE',  ( 70.00000000000000000, 2.421587599001353563, -9.702366386627689465 ) ) ;
#1929 = DIRECTION ( 'NONE',  ( -0.000000000000000000, 1.000000000000000000, -0.000000000000000000 ) ) ;
#1930 = EDGE_CURVE ( 'NONE', #2977, #827, #3000, .T. ) ;
#1931 = CARTESIAN_POINT ( 'NONE',  ( 76.81690483603881603, 0.7126661258085853490, -7.968271399481184680 ) ) ;
#1932 = CARTESIAN_POINT ( 'NONE',  ( 76.99999999999980105, -7.728121685169544008, -2.067881819450098746 ) ) ;
#1933 = CARTESIAN_POINT ( 'NONE',  ( 69.81690483603881603, 0.7126661258085853490, -7.968271399481184680 ) ) ;
#1934 = EDGE_CURVE ( 'NONE', #3178, #864, #1030, .T. ) ;
#1935 = ORIENTED_EDGE ( 'NONE', *, *, #2605, .T. ) ;
#1936 = DIRECTION ( 'NONE',  ( -1.000000000000000000, -0.000000000000000000, -0.000000000000000000 ) ) ;
#1937 = EDGE_LOOP ( 'NONE', ( #116, #4370 ) ) ;
#1938 = CARTESIAN_POINT ( 'NONE',  ( 73.43710854142003086, -24.00000000000000000, 0.000000000000000000 ) ) ;
#1939 = CARTESIAN_POINT ( 'NONE',  ( 70.62417195950936843, 7.420873869285568247, 6.704278675241727825 ) ) ;
#1940 = DIRECTION ( 'NONE',  ( -0.000000000000000000, -0.5000000000000039968, -0.8660254037844363761 ) ) ;
#1941 = ORIENTED_EDGE ( 'NONE', *, *, #2845, .F. ) ;
#1942 = EDGE_LOOP ( 'NONE', ( #4084, #2320 ) ) ;
#1943 = B_SPLINE_CURVE_WITH_KNOTS ( 'NONE', 3,
 ( #159, #1469, #1179, #760, #1513, #114, #2114, #1161, #3529, #3471, #424, #3860, #2508, #1785, #2177, #136 ),
 .UNSPECIFIED., .F., .F.,
 ( 4, 2, 2, 2, 2, 2, 2, 4 ),
 ( 0.000000000000000000, 0.0002736956474133488571, 0.0005473912948266977142, 0.001094782589653366155, 0.001368478237066699833, 0.001642173884480033512, 0.001915869531893367624, 0.002189565179306701085 ),
 .UNSPECIFIED. ) ;
#1944 = FACE_BOUND ( 'NONE', #1186, .T. ) ;
#1945 = CYLINDRICAL_SURFACE ( 'NONE', #1699, 0.7000000000000023981 ) ;
#1946 = CARTESIAN_POINT ( 'NONE',  ( 70.00000000000029843, -4.381517174218394928, 8.989010359991207011 ) ) ;
#1947 = CARTESIAN_POINT ( 'NONE',  ( 69.31838297155174189, -5.158557346406134947, -8.567173340128984904 ) ) ;
#1948 = CARTESIAN_POINT ( 'NONE',  ( 69.30007476368579944, -9.365128499627065395, 3.507549617011969989 ) ) ;
#1949 = CARTESIAN_POINT ( 'NONE',  ( 70.18332813216636623, 2.403866124199305787, -9.706836159008028986 ) ) ;
#1950 = CARTESIAN_POINT ( 'NONE',  ( 70.42973211210461670, 7.288459614697096356, -6.847089889660075812 ) ) ;
#1951 = CARTESIAN_POINT ( 'NONE',  ( 77.00000000000001421, 2.073222654911841545, -7.726690612620662257 ) ) ;
#1952 = CARTESIAN_POINT ( 'NONE',  ( 70.68192758678334542, -4.157459007699173092, 6.835403337456865458 ) ) ;
#1953 = CARTESIAN_POINT ( 'NONE',  ( 76.64730396509261823, -7.286442005927876053, 3.302878289751927987 ) ) ;
#1954 = EDGE_LOOP ( 'NONE', ( #69, #3479, #4234, #2653 ) ) ;
#1955 = EDGE_CURVE ( 'NONE', #3263, #806, #7, .T. ) ;
#1956 = LINE ( 'NONE', #2619, #3333 ) ;
#1957 = VERTEX_POINT ( 'NONE', #2027 ) ;
#1958 = CARTESIAN_POINT ( 'NONE',  ( 77.61173969054671318, -7.390130527420773809, -3.064828702244063674 ) ) ;
#1959 = DIRECTION ( 'NONE',  ( 0.000000000000000000, 0.000000000000000000, 1.000000000000000000 ) ) ;
#1960 = CARTESIAN_POINT ( 'NONE',  ( 77.18274313490442751, 6.554801683817599312, 4.586346572798657206 ) ) ;
#1961 = VERTEX_POINT ( 'NONE', #3027 ) ;
#1962 = CARTESIAN_POINT ( 'NONE',  ( 69.90860718336330137, 6.554801683817484736, 4.586346572798828625 ) ) ;
#1963 = ADVANCED_FACE ( 'NONE', ( #3757 ), #337, .F. ) ;
#1964 = DIRECTION ( 'NONE',  ( 0.000000000000000000, 0.000000000000000000, 1.000000000000000000 ) ) ;
#1965 = CARTESIAN_POINT ( 'NONE',  ( 72.87725266454346240, -7.929919819282258864, -6.092664292138337601 ) ) ;
#1966 = CARTESIAN_POINT ( 'NONE',  ( 73.43710854141983191, 4.590875860832720257, -6.551630242193421161 ) ) ;
#1967 = CARTESIAN_POINT ( 'NONE',  ( 69.38828058685216149, -3.691114619080298809, 7.098089073705128094 ) ) ;
#1968 = CARTESIAN_POINT ( 'NONE',  ( 69.31805170002294858, -4.841122744093003583, -8.750470646100875882 ) ) ;
#1969 = CARTESIAN_POINT ( 'NONE',  ( 77.18505475354399437, 6.554801683817454538, -4.586346572798861487 ) ) ;
#1970 = CARTESIAN_POINT ( 'NONE',  ( 77.18332813216635202, -4.397965725822820637, -8.981043259854979866 ) ) ;
#1971 = CARTESIAN_POINT ( 'NONE',  ( 77.09253170642543296, 8.091604621704261646, -5.875877351171842733 ) ) ;
#1972 = AXIS2_PLACEMENT_3D ( 'NONE', #3172, #1481, #2418 ) ;
#1973 = LINE ( 'NONE', #2378, #3043 ) ;
#1974 = CARTESIAN_POINT ( 'NONE',  ( 69.99999999999980105, 6.554801683820541847, 4.586346572794449017 ) ) ;
#1975 = CARTESIAN_POINT ( 'NONE',  ( 76.57028713879576287, -7.307715767992506883, 3.256006775163927891 ) ) ;
#1976 = ORIENTED_EDGE ( 'NONE', *, *, #3849, .F. ) ;
#1977 = CIRCLE ( 'NONE', #3818, 2.749999999999999112 ) ;
#1978 = DIRECTION ( 'NONE',  ( -0.000000000000000000, 1.000000000000000000, -0.000000000000000000 ) ) ;
#1979 = VERTEX_POINT ( 'NONE', #2663 ) ;
#1980 = VECTOR ( 'NONE', #49, 1000.000000000000000 ) ;
#1981 = CARTESIAN_POINT ( 'NONE',  ( 73.78980100698355216, 9.588568508394761380, -2.839118417627108926 ) ) ;
#1982 = DIRECTION ( 'NONE',  ( 0.000000000000000000, -0.9848077530122064660, 0.1736481776669396571 ) ) ;
#1983 = CARTESIAN_POINT ( 'NONE',  ( 77.61173969054669897, 5.896217971251877188, 5.407570417655406914 ) ) ;
#1984 = ORIENTED_EDGE ( 'NONE', *, *, #14, .T. ) ;
#1985 = EDGE_CURVE ( 'NONE', #1515, #2514, #2404, .T. ) ;
#1986 = CARTESIAN_POINT ( 'NONE',  ( 70.00000000000000000, -4.828131434238709829, -27.38169402572112432 ) ) ;
#1987 = CIRCLE ( 'NONE', #3265, 8.000000000000000000 ) ;
#1988 = CARTESIAN_POINT ( 'NONE',  ( 72.87790416924339354, 4.622347720005542726, 8.867810896333446991 ) ) ;
#1989 = CARTESIAN_POINT ( 'NONE',  ( 72.75516024144296523, -7.776879192412310182, -6.287078493089778952 ) ) ;
#1990 = LINE ( 'NONE', #1679, #3532 ) ;
#1991 = CARTESIAN_POINT ( 'NONE',  ( 74.13714124028109609, -1.646772946262938353, -9.863897941560933802 ) ) ;
#1992 = EDGE_CURVE ( 'NONE', #1730, #606, #138, .T. ) ;
#1993 = EDGE_LOOP ( 'NONE', ( #3430, #2026, #82, #2823 ) ) ;
#1994 = DIRECTION ( 'NONE',  ( -1.000000000000000000, -0.000000000000000000, -0.000000000000000000 ) ) ;
#1995 = CARTESIAN_POINT ( 'NONE',  ( 70.35269246556350708, -5.520319482037976400, -8.338303919006623488 ) ) ;
#1996 = CARTESIAN_POINT ( 'NONE',  ( 77.09138514484500604, -5.593952739520792861, -8.289010359989175569 ) ) ;
#1997 = CARTESIAN_POINT ( 'NONE',  ( 70.70003269886106523, -9.365772670860209814, 3.505801765051981711 ) ) ;
#1998 = CIRCLE ( 'NONE', #1925, 24.00000000000000000 ) ;
#1999 = B_SPLINE_CURVE_WITH_KNOTS ( 'NONE', 3,
 ( #1539, #2912, #3885, #2559, #233, #3906, #1830, #809, #3190, #3275, #144, #851, #2494, #3865 ),
 .UNSPECIFIED., .F., .F.,
 ( 4, 2, 2, 2, 2, 2, 4 ),
 ( 0.002189565179306703687, 0.002736829203537977789, 0.003010461215653599878, 0.003284093227769221968, 0.003557725239884844490, 0.003831357252000466146, 0.004378621276231739814 ),
 .UNSPECIFIED. ) ;
#2000 = B_SPLINE_CURVE_WITH_KNOTS ( 'NONE', 3,
 ( #1581, #576, #938, #550, #866, #2973, #2927, #507, #957, #4270, #1289, #4317, #888, #2639 ),
 .UNSPECIFIED., .F., .F.,
 ( 4, 2, 2, 2, 2, 2, 4 ),
 ( 0.002189188203112911370, 0.002736359354753674193, 0.003009944930574055388, 0.003283530506394436582, 0.003557116082214818210, 0.003830701658035199405, 0.004377872809675963962 ),
 .UNSPECIFIED. ) ;
#2001 = CARTESIAN_POINT ( 'NONE',  ( 69.81727175442985356, -9.613289567144557068, -2.754026815089080316 ) ) ;
#2002 = DIRECTION ( 'NONE',  ( -1.000000000000000000, -0.000000000000000000, -0.000000000000000000 ) ) ;
#2003 = CARTESIAN_POINT ( 'NONE',  ( 73.52849368626505111, 4.381517174222707034, 8.989010359989112686 ) ) ;
#2004 = EDGE_LOOP ( 'NONE', ( #3322, #602 ) ) ;
#2005 = CARTESIAN_POINT ( 'NONE',  ( 73.25374738822024767, 7.257090014381375909, -3.366881081272747434 ) ) ;
#2006 = ORIENTED_EDGE ( 'NONE', *, *, #834, .F. ) ;
#2007 = CARTESIAN_POINT ( 'NONE',  ( 73.07162911229406177, 9.165861890753735253, 4.000456217822057070 ) ) ;
#2008 = CARTESIAN_POINT ( 'NONE',  ( 70.69992722027565435, 6.068577384880050829, -5.213531807318807054 ) ) ;
#2009 = CARTESIAN_POINT ( 'NONE',  ( 73.43710854142003086, -26.35142249493046407, -21.19768379395970115 ) ) ;
#2010 = ORIENTED_EDGE ( 'NONE', *, *, #4273, .T. ) ;
#2011 = CARTESIAN_POINT ( 'NONE',  ( 70.00000000000000000, 5.654899030256378190, 5.658808793165353457 ) ) ;
#2012 = CARTESIAN_POINT ( 'NONE',  ( 76.38825132211496793, 7.882490134888703537, -6.154149431483592281 ) ) ;
#2013 = DIRECTION ( 'NONE',  ( -0.000000000000000000, 0.1736481776669273891, -0.9848077530122086864 ) ) ;
#2014 = B_SPLINE_CURVE_WITH_KNOTS ( 'NONE', 3,
 ( #1870, #181, #1205, #870, #3923, #892, #4274, #3621, #1245, #3050, #3340, #2313, #294, #382, #1649, #1007 ),
 .UNSPECIFIED., .F., .F.,
 ( 4, 2, 2, 2, 2, 2, 2, 4 ),
 ( 0.000000000000000000, 0.0002736956474133266310, 0.0005473912948266532619, 0.001094782589653336014, 0.001368478237066677499, 0.001642173884480018550, 0.001915869531893359817, 0.002189565179306701085 ),
 .UNSPECIFIED. ) ;
#2015 = DIRECTION ( 'NONE',  ( -1.000000000000000000, -0.000000000000000000, -0.000000000000000000 ) ) ;
#2016 = ORIENTED_EDGE ( 'NONE', *, *, #2431, .T. ) ;
#2017 = CARTESIAN_POINT ( 'NONE',  ( 69.38825132211496793, 7.429434120721771784, 6.694080564013456858 ) ) ;
#2018 = EDGE_CURVE ( 'NONE', #2080, #39, #25, .T. ) ;
#2019 = CARTESIAN_POINT ( 'NONE',  ( 69.90860718336330137, 2.073222654911877516, 7.726690612620658705 ) ) ;
#2020 = FACE_OUTER_BOUND ( 'NONE', #1654, .T. ) ;
#2021 = DIRECTION ( 'NONE',  ( 0.000000000000000000, 0.6427876096865406952, 0.7660444431189767922 ) ) ;
#2022 = EDGE_CURVE ( 'NONE', #4209, #1541, #1449, .T. ) ;
#2023 = CARTESIAN_POINT ( 'NONE',  ( 76.44014412312340312, 7.377119157061879484, 6.751466467327945864 ) ) ;
#2024 = CARTESIAN_POINT ( 'NONE',  ( 21.30000000000000426, 0.000000000000000000, 0.000000000000000000 ) ) ;
#2025 = CARTESIAN_POINT ( 'NONE',  ( 77.00000000000001421, -4.828131434238300379, 27.38169402572093958 ) ) ;
#2026 = ORIENTED_EDGE ( 'NONE', *, *, #2543, .F. ) ;
#2027 = CARTESIAN_POINT ( 'NONE',  ( 73.43710854141983191, -0.6944918006895994811, -7.969798061354811836 ) ) ;
#2028 = CARTESIAN_POINT ( 'NONE',  ( 72.82535986353499879, -2.082526763054659114, -9.781118966294638284 ) ) ;
#2029 = DIRECTION ( 'NONE',  ( -1.000000000000000000, -0.000000000000000000, -0.000000000000000000 ) ) ;
#2030 = DIRECTION ( 'NONE',  ( 0.000000000000000000, 0.000000000000000000, 1.000000000000000000 ) ) ;
#2031 = ORIENTED_EDGE ( 'NONE', *, *, #3636, .F. ) ;
#2032 = CARTESIAN_POINT ( 'NONE',  ( 69.30006596912039640, 6.010736574720639602, 5.282464727721555064 ) ) ;
#2033 = LINE ( 'NONE', #747, #2195 ) ;
#2034 = CARTESIAN_POINT ( 'NONE',  ( 73.86684065352463335, 9.190754382252272592, 3.941359841129254082 ) ) ;
#2035 = CARTESIAN_POINT ( 'NONE',  ( 73.86762228682982823, -2.284758664022592090, -9.735710463646729096 ) ) ;
#2036 = EDGE_LOOP ( 'NONE', ( #1520, #3056 ) ) ;
#2037 = CARTESIAN_POINT ( 'NONE',  ( 77.55920409114584402, 0.9629256378048054454, -7.942099737976472618 ) ) ;
#2038 = CARTESIAN_POINT ( 'NONE',  ( 73.43710854142032929, 5.593952739524533868, -8.289010359986649590 ) ) ;
#2039 = CARTESIAN_POINT ( 'NONE',  ( 69.56947108626573595, 0.8348842636892078728, 7.956579213077407786 ) ) ;
#2040 = CARTESIAN_POINT ( 'NONE',  ( 70.69992722027565435, 7.999993631776062486, -0.09299071859576445165 ) ) ;
#2041 = CARTESIAN_POINT ( 'NONE',  ( 69.31805170002296279, 9.998691246639886288, 0.1827000438273091443 ) ) ;
#2042 = EDGE_CURVE ( 'NONE', #3761, #1961, #4031, .T. ) ;
#2043 = DIRECTION ( 'NONE',  ( -1.000000000000000000, 0.000000000000000000, 0.000000000000000000 ) ) ;
#2044 = CARTESIAN_POINT ( 'NONE',  ( 70.70007234839454213, -3.920422571936070355, -6.974154589601283760 ) ) ;
#2045 = ORIENTED_EDGE ( 'NONE', *, *, #2174, .F. ) ;
#2046 = ADVANCED_FACE ( 'NONE', ( #3527 ), #3859, .T. ) ;
#2047 = AXIS2_PLACEMENT_3D ( 'NONE', #42, #2745, #1815 ) ;
#2048 = CARTESIAN_POINT ( 'NONE',  ( 73.25401337745886110, 7.723462278282879012, -2.085514933680976846 ) ) ;
#2049 = CARTESIAN_POINT ( 'NONE',  ( 72.75516024144299365, 9.458183477159600727, 3.248071930243042971 ) ) ;
#2050 = AXIS2_PLACEMENT_3D ( 'NONE', #674, #2029, #1959 ) ;
#2051 = ORIENTED_EDGE ( 'NONE', *, *, #2870, .F. ) ;
#2052 = CARTESIAN_POINT ( 'NONE',  ( 69.90745110525168116, 5.654899030256377301, 5.658808793165355233 ) ) ;
#2053 = VECTOR ( 'NONE', #542, 1000.000000000000114 ) ;
#2054 = FACE_BOUND ( 'NONE', #2206, .T. ) ;
#2055 = DIRECTION ( 'NONE',  ( 0.000000000000000000, 0.000000000000000000, 1.000000000000000000 ) ) ;
#2056 = CARTESIAN_POINT ( 'NONE',  ( 69.90745110525166695, -4.590875860828399269, 6.551630242196448961 ) ) ;
#2057 = ORIENTED_EDGE ( 'NONE', *, *, #3614, .F. ) ;
#2058 = CARTESIAN_POINT ( 'NONE',  ( 77.69993446735442433, -9.459490739150663074, 3.248293383950545454 ) ) ;
#2059 = CARTESIAN_POINT ( 'NONE',  ( 69.64710261100198352, 6.503527875081180021, -4.658902109972728134 ) ) ;
#2060 = B_SPLINE_CURVE_WITH_KNOTS ( 'NONE', 3,
 ( #4108, #1055, #31, #10, #365, #2754, #4087, #3389, #3368, #2406, #1097, #2777, #722, #743, #319, #2093 ),
 .UNSPECIFIED., .F., .F.,
 ( 4, 2, 2, 2, 2, 2, 2, 4 ),
 ( 0.000000000000000000, 0.0002736956474133497245, 0.0005473912948266994490, 0.001094782589653368757, 0.001368478237066703086, 0.001642173884480037848, 0.001915869531893372394, 0.002189565179306707157 ),
 .UNSPECIFIED. ) ;
#2061 = CARTESIAN_POINT ( 'NONE',  ( 70.09253170642541875, -4.381517174222643085, -8.989010359989141108 ) ) ;
#2062 = CARTESIAN_POINT ( 'NONE',  ( 70.70007234839455634, 8.000006330482586137, 0.09189175393411776194 ) ) ;
#2063 = CARTESIAN_POINT ( 'NONE',  ( 77.35269246556352130, 7.253032928214673269, -6.884384705383838288 ) ) ;
#2064 = VECTOR ( 'NONE', #3530, 1000.000000000000227 ) ;
#2065 = CARTESIAN_POINT ( 'NONE',  ( 76.81727175442986777, 8.091604621704433953, 5.875877351171612695 ) ) ;
#2066 = EDGE_CURVE ( 'NONE', #2929, #802, #2090, .T. ) ;
#2067 = AXIS2_PLACEMENT_3D ( 'NONE', #1299, #213, #948 ) ;
#2068 = FACE_OUTER_BOUND ( 'NONE', #3739, .T. ) ;
#2069 = CARTESIAN_POINT ( 'NONE',  ( 77.43051374540978316, 2.284758664022465080, -9.735710463646752189 ) ) ;
#2070 = ORIENTED_EDGE ( 'NONE', *, *, #1804, .F. ) ;
#2071 = CARTESIAN_POINT ( 'NONE',  ( 76.81690483603884445, -3.394996425614742019, 7.243979664019496667 ) ) ;
#2072 = EDGE_CURVE ( 'NONE', #1150, #3421, #1666, .T. ) ;
#2073 = CARTESIAN_POINT ( 'NONE',  ( 73.43710854142032929, 9.134461366486720024, 4.069596484193684915 ) ) ;
#2074 = DIRECTION ( 'NONE',  ( 0.000000000000000000, -0.6427876096865299260, 0.7660444431189858960 ) ) ;
#2075 = EDGE_LOOP ( 'NONE', ( #1319, #672, #1079, #2162 ) ) ;
#2076 = CARTESIAN_POINT ( 'NONE',  ( 73.43710854142003086, 4.590875860828493416, 6.551630242196376130 ) ) ;
#2077 = CARTESIAN_POINT ( 'NONE',  ( 77.61174165653740431, -9.511956670466215513, -3.087048972754602882 ) ) ;
#2078 = CARTESIAN_POINT ( 'NONE',  ( 74.13718088981457299, 3.920422571935972211, -6.974154589601342380 ) ) ;
#2079 = EDGE_LOOP ( 'NONE', ( #3139, #1431, #2959, #3847 ) ) ;
#2080 = VERTEX_POINT ( 'NONE', #759 ) ;
#2081 = B_SPLINE_CURVE_WITH_KNOTS ( 'NONE', 3,
 ( #302, #969, #4283, #2280, #214, #1254, #1593, #4305, #1989, #2603, #1965, #3583, #1570, #2941 ),
 .UNSPECIFIED., .F., .F.,
 ( 4, 2, 2, 2, 2, 2, 4 ),
 ( 0.002189188203112916575, 0.002736359354753679397, 0.003009944930574061026, 0.003283530506394442654, 0.003557116082214823848, 0.003830701658035206777, 0.004377872809675972636 ),
 .UNSPECIFIED. ) ;
#2082 = CARTESIAN_POINT ( 'NONE',  ( 77.18332813216636623, -9.608299766173960421, 2.771608948650622128 ) ) ;
#2083 = CARTESIAN_POINT ( 'NONE',  ( 70.00000000000000000, 28.90718904969259739, 10.52135637039381599 ) ) ;
#2084 = CYLINDRICAL_SURFACE ( 'NONE', #1342, 0.7000000000000017319 ) ;
#2085 = DIRECTION ( 'NONE',  ( 0.000000000000000000, 0.3420201433256633283, -0.9396926207859103153 ) ) ;
#2086 = DIRECTION ( 'NONE',  ( 0.000000000000000000, -1.000000000000000000, 0.000000000000000000 ) ) ;
#2087 = CARTESIAN_POINT ( 'NONE',  ( 76.30007476368578523, 9.999994766543689906, -0.09295590044075918712 ) ) ;
#2088 = CARTESIAN_POINT ( 'NONE',  ( 77.43051374540978316, 7.288993253396897742, 6.846514276383358855 ) ) ;
#2089 = ORIENTED_EDGE ( 'NONE', *, *, #1374, .F. ) ;
#2090 = B_SPLINE_CURVE_WITH_KNOTS ( 'NONE', 3,
 ( #112, #3840, #821, #3815, #1822, #399, #158, #3181, #2794, #4165, #2158, #1759, #779, #1137 ),
 .UNSPECIFIED., .F., .F.,
 ( 4, 2, 2, 2, 2, 2, 4 ),
 ( 0.002189188203112914406, 0.002736359354753678530, 0.003009944930574060158, 0.003283530506394441786, 0.003557116082214823415, 0.003830701658035205043, 0.004377872809675969167 ),
 .UNSPECIFIED. ) ;
#2091 = DIRECTION ( 'NONE',  ( 0.000000000000000000, 0.000000000000000000, 1.000000000000000000 ) ) ;
#2092 = CARTESIAN_POINT ( 'NONE',  ( 72.73707562519642522, 7.486382540795713858, 2.821776638121065162 ) ) ;
#2093 = CARTESIAN_POINT ( 'NONE',  ( 76.99999999999980105, -7.728121685169544008, -2.067881819450098746 ) ) ;
#2094 = ORIENTED_EDGE ( 'NONE', *, *, #2898, .T. ) ;
#2095 = CARTESIAN_POINT ( 'NONE',  ( 77.00000000000001421, 7.969316156358710934, 0.7000000000000018430 ) ) ;
#2096 = EDGE_CURVE ( 'NONE', #806, #3787, #2266, .T. ) ;
#2097 = FACE_BOUND ( 'NONE', #180, .T. ) ;
#2098 = CARTESIAN_POINT ( 'NONE',  ( 69.81663884680024523, -3.395064036401029384, -7.243948086575623613 ) ) ;
#2099 = VERTEX_POINT ( 'NONE', #1094 ) ;
#2100 = EDGE_LOOP ( 'NONE', ( #101, #496 ) ) ;
#2101 = EDGE_CURVE ( 'NONE', #730, #1869, #2688, .T. ) ;
#2102 = B_SPLINE_CURVE_WITH_KNOTS ( 'NONE', 3,
 ( #3508, #3813, #2712, #155, #2133, #3156, #2384, #3490, #776, #2154, #3736, #443, #1487, #696 ),
 .UNSPECIFIED., .F., .F.,
 ( 4, 2, 2, 2, 2, 2, 4 ),
 ( 0.002189565179306705422, 0.002736829203537950034, 0.003010461215653586868, 0.003284093227769223702, 0.003557725239884860537, 0.003831357252000497371, 0.004378621276231741549 ),
 .UNSPECIFIED. ) ;
#2103 = CARTESIAN_POINT ( 'NONE',  ( 85.00100000000000477, 18.00000000000000000, -2.749999999999999556 ) ) ;
#2104 = CARTESIAN_POINT ( 'NONE',  ( 73.43710854142003086, 4.381517174222513411, -8.989010359989199728 ) ) ;
#2105 = CARTESIAN_POINT ( 'NONE',  ( 76.38871602490033297, -9.512195699323946485, -3.086309432597542202 ) ) ;
#2106 = DIRECTION ( 'NONE',  ( 0.000000000000000000, -0.3420201433256737644, -0.9396926207859065405 ) ) ;
#2107 = CARTESIAN_POINT ( 'NONE',  ( 76.31805170002294858, -4.841122744093003583, -8.750470646100875882 ) ) ;
#2108 = CARTESIAN_POINT ( 'NONE',  ( 73.80259620035752732, -7.976651364140179723, -0.6242829026904722634 ) ) ;
#2109 = CARTESIAN_POINT ( 'NONE',  ( 73.43710854142003086, -5.517295697585578473, 27.25899944497202654 ) ) ;
#2110 = CARTESIAN_POINT ( 'NONE',  ( 73.43710854142003086, -7.191701968143100032, 6.948339571538409309 ) ) ;
#2111 = ORIENTED_EDGE ( 'NONE', *, *, #251, .T. ) ;
#2112 = B_SPLINE_CURVE_WITH_KNOTS ( 'NONE', 3,
 ( #2287, #4289, #934, #3635, #3706, #1686, #44, #310, #2041, #1664, #3018, #2353, #711, #1025 ),
 .UNSPECIFIED., .F., .F.,
 ( 4, 2, 2, 2, 2, 2, 4 ),
 ( 0.002189188203112912671, 0.002736359354753675928, 0.003009944930574057556, 0.003283530506394439184, 0.003557116082214820812, 0.003830701658035202441, 0.004377872809675965697 ),
 .UNSPECIFIED. ) ;
#2113 = CARTESIAN_POINT ( 'NONE',  ( 41.29999999999999716, 0.000000000000000000, 0.000000000000000000 ) ) ;
#2114 = CARTESIAN_POINT ( 'NONE',  ( 69.30006596912038219, -7.580116936162447416, 2.564218205303519404 ) ) ;
#2115 = CARTESIAN_POINT ( 'NONE',  ( 73.25374738822026188, -5.667892784915929738, 5.645904273981643406 ) ) ;
#2116 = ORIENTED_EDGE ( 'NONE', *, *, #3987, .F. ) ;
#2117 = CARTESIAN_POINT ( 'NONE',  ( 77.55983091159237119, 7.988696079415075424, 0.4300281653687503813 ) ) ;
#2118 = VECTOR ( 'NONE', #1153, 1000.000000000000000 ) ;
#2119 = DIRECTION ( 'NONE',  ( 0.000000000000000000, 0.000000000000000000, 1.000000000000000000 ) ) ;
#2120 = CARTESIAN_POINT ( 'NONE',  ( 69.90860718336330137, -4.590875860828441901, -6.551630242196423204 ) ) ;
#2121 = ADVANCED_FACE ( 'NONE', ( #1428 ), #486, .F. ) ;
#2122 = EDGE_LOOP ( 'NONE', ( #407, #1412, #1609, #868 ) ) ;
#2123 = ORIENTED_EDGE ( 'NONE', *, *, #936, .F. ) ;
#2124 = CIRCLE ( 'NONE', #2050, 12.00000000000000000 ) ;
#2125 = DIRECTION ( 'NONE',  ( 0.000000000000000000, -0.8660254037844326014, 0.5000000000000105471 ) ) ;
#2126 = CARTESIAN_POINT ( 'NONE',  ( 76.38825132211498214, -9.270894813794722467, -3.749361986152011550 ) ) ;
#2127 = ADVANCED_FACE ( 'NONE', ( #2507 ), #3204, .F. ) ;
#2128 = CARTESIAN_POINT ( 'NONE',  ( 73.99693945301241627, -1.810717587394220507, -7.792656228204442037 ) ) ;
#2129 = CYLINDRICAL_SURFACE ( 'NONE', #1558, 0.7000000000000005107 ) ;
#2130 = CIRCLE ( 'NONE', #2480, 12.00000000000000000 ) ;
#2131 = CARTESIAN_POINT ( 'NONE',  ( 76.63374405134041467, 9.981358935436700719, 0.6238748830898027675 ) ) ;
#2132 = CARTESIAN_POINT ( 'NONE',  ( 77.62417195950938265, 7.420873869285568247, 6.704278675241727825 ) ) ;
#2133 = CARTESIAN_POINT ( 'NONE',  ( 74.04837333078337736, 7.389823983413456254, 3.065563628756070358 ) ) ;
#2134 = COLOUR_RGB ( '',0.7921568627450980005, 0.8196078431372548767, 0.9333333333333333481 ) ;
#2135 = ORIENTED_EDGE ( 'NONE', *, *, #1308, .F. ) ;
#2136 = VECTOR ( 'NONE', #3300, 1000.000000000000000 ) ;
#2137 = CARTESIAN_POINT ( 'NONE',  ( 73.43710854142032929, -9.975469913743092221, -0.7000000000045700776 ) ) ;
#2138 = CARTESIAN_POINT ( 'NONE',  ( 77.68161899798535330, 1.569961174786972169, 7.844896479715094628 ) ) ;
#2139 = CARTESIAN_POINT ( 'NONE',  ( 76.64730396509261823, 1.987422770998276134, 7.749283375382682415 ) ) ;
#2140 = VERTEX_POINT ( 'NONE', #3451 ) ;
#2141 = DIRECTION ( 'NONE',  ( -0.000000000000000000, 0.1736481776669273613, -0.9848077530122086864 ) ) ;
#2142 = AXIS2_PLACEMENT_3D ( 'NONE', #4310, #306, #3656 ) ;
#2143 = CARTESIAN_POINT ( 'NONE',  ( 74.13704300877444098, 9.334353055291916945, -3.592106344675292995 ) ) ;
#2144 = CARTESIAN_POINT ( 'NONE',  ( 70.00000000000000000, -3.378440295530283244, -7.251630242196391407 ) ) ;
#2145 = ORIENTED_EDGE ( 'NONE', *, *, #3315, .F. ) ;
#2146 = VERTEX_POINT ( 'NONE', #71 ) ;
#2147 = DIRECTION ( 'NONE',  ( -0.000000000000000000, 0.1736481776669404897, 0.9848077530122062440 ) ) ;
#2148 = CYLINDRICAL_SURFACE ( 'NONE', #2900, 0.7000000000000022871 ) ;
#2149 = CARTESIAN_POINT ( 'NONE',  ( 74.13703576169567100, 7.549339681016286718, -2.648776276478522984 ) ) ;
#2150 = DIRECTION ( 'NONE',  ( -0.000000000000000000, 0.7660444431189771253, -0.6427876096865405842 ) ) ;
#2151 = EDGE_CURVE ( 'NONE', #2506, #3909, #2304, .T. ) ;
#2152 = CARTESIAN_POINT ( 'NONE',  ( 74.04837333078339157, -7.992647577801459846, -0.3532188625332659537 ) ) ;
#2153 = CARTESIAN_POINT ( 'NONE',  ( 69.37585270615916500, -7.385569109308939950, -3.077353889715498614 ) ) ;
#2154 = CARTESIAN_POINT ( 'NONE',  ( 74.04884823196672983, 7.631202340068792722, 2.402489340526618555 ) ) ;
#2155 = ORIENTED_EDGE ( 'NONE', *, *, #3357, .F. ) ;
#2156 = EDGE_CURVE ( 'NONE', #3738, #3761, #3638, .T. ) ;
#2157 = B_SPLINE_CURVE_WITH_KNOTS ( 'NONE', 3,
 ( #2214, #1548, #4287, #1575, #861, #593, #1259, #3238, #4241, #2191, #193, #523, #3260, #932, #2895, #2587 ),
 .UNSPECIFIED., .F., .F.,
 ( 4, 2, 2, 2, 2, 2, 2, 4 ),
 ( 0.000000000000000000, 0.0002736485253891249802, 0.0005472970507782499603, 0.001094594101556469997, 0.001368242626945581153, 0.001641891152334692310, 0.001915539677723803466, 0.002189188203112914406 ),
 .UNSPECIFIED. ) ;
#2158 = CARTESIAN_POINT ( 'NONE',  ( 76.44014412312343154, 1.311442144081226058, 9.913844159541280732 ) ) ;
#2159 = CARTESIAN_POINT ( 'NONE',  ( 73.07162911229401914, 5.531315512973177029, -8.331939920992287085 ) ) ;
#2160 = CARTESIAN_POINT ( 'NONE',  ( 70.00000000000029843, -9.613289567145773873, -2.754026815084820612 ) ) ;
#2161 = EDGE_LOOP ( 'NONE', ( #4014, #2907 ) ) ;
#2162 = ORIENTED_EDGE ( 'NONE', *, *, #165, .F. ) ;
#2163 = CYLINDRICAL_SURFACE ( 'NONE', #564, 10.09999999999999787 ) ;
#2164 = CARTESIAN_POINT ( 'NONE',  ( 77.69992722027566856, -3.919464491267860673, 6.974693074529723091 ) ) ;
#2165 = ORIENTED_EDGE ( 'NONE', *, *, #4122, .T. ) ;
#2166 = VERTEX_POINT ( 'NONE', #3223 ) ;
#2167 = CYLINDRICAL_SURFACE ( 'NONE', #846, 0.7000000000000022871 ) ;
#2168 = CARTESIAN_POINT ( 'NONE',  ( 69.38825132211498214, 2.082526763054531660, -9.781118966294666706 ) ) ;
#2169 = CARTESIAN_POINT ( 'NONE',  ( 0.000000000000000000, 0.000000000000000000, 10.09999999999999787 ) ) ;
#2170 = APPLICATION_CONTEXT ( 'automotive_design' ) ;
#2171 = CARTESIAN_POINT ( 'NONE',  ( 73.80340771215259110, -5.709509024534197508, 5.605199709898958105 ) ) ;
#2172 = CARTESIAN_POINT ( 'NONE',  ( 69.64710261100196931, -7.286491518521907906, -3.302769299054137075 ) ) ;
#2173 = DIRECTION ( 'NONE',  ( 0.000000000000000000, 0.000000000000000000, 1.000000000000000000 ) ) ;
#2174 = EDGE_CURVE ( 'NONE', #2731, #142, #3830, .T. ) ;
#2175 = ORIENTED_EDGE ( 'NONE', *, *, #1154, .F. ) ;
#2176 = CARTESIAN_POINT ( 'NONE',  ( 72.87725266454344819, -9.990960128906360538, 0.4300025808602422894 ) ) ;
#2177 = CARTESIAN_POINT ( 'NONE',  ( 69.90860718336328716, -7.249293484512237207, 3.383451488555504039 ) ) ;
#2178 = CARTESIAN_POINT ( 'NONE',  ( 76.90860718336331558, 2.073222654911877516, 7.726690612620658705 ) ) ;
#2179 = EDGE_CURVE ( 'NONE', #1831, #4209, #3099, .T. ) ;
#2180 = ORIENTED_EDGE ( 'NONE', *, *, #1823, .T. ) ;
#2181 = ORIENTED_EDGE ( 'NONE', *, *, #658, .F. ) ;
#2182 = DIRECTION ( 'NONE',  ( -0.000000000000000000, -0.9396926207859058744, 0.3420201433256757628 ) ) ;
#2183 = CARTESIAN_POINT ( 'NONE',  ( 77.68161899798536751, -3.839942222576313569, 7.018690945971369999 ) ) ;
#2184 = ORIENTED_EDGE ( 'NONE', *, *, #4307, .F. ) ;
#2185 = VERTEX_POINT ( 'NONE', #4290 ) ;
#2186 = CARTESIAN_POINT ( 'NONE',  ( 77.70003269886105102, 1.826191402009489373, 9.832261626975766333 ) ) ;
#2187 = CARTESIAN_POINT ( 'NONE',  ( 77.00000000000001421, 6.554801683817454538, -4.586346572798861487 ) ) ;
#2188 = DIRECTION ( 'NONE',  ( -1.000000000000000000, -0.000000000000000000, -0.000000000000000000 ) ) ;
#2189 = VECTOR ( 'NONE', #3727, 1000.000000000000000 ) ;
#2190 = AXIS2_PLACEMENT_3D ( 'NONE', #2812, #3492, #2447 ) ;
#2191 = CARTESIAN_POINT ( 'NONE',  ( 70.61174165653741852, 2.082515502101010885, 9.781120602697884081 ) ) ;
#2192 = CARTESIAN_POINT ( 'NONE',  ( 74.13703576169565679, -6.068577384880122771, -5.213531807318724454 ) ) ;
#2193 = CARTESIAN_POINT ( 'NONE',  ( 70.00000000000000000, -4.138766007129752289, 27.50324775008779099 ) ) ;
#2194 = VERTEX_POINT ( 'NONE', #4269 ) ;
#2195 = VECTOR ( 'NONE', #1703, 1000.000000000000000 ) ;
#2196 = ADVANCED_FACE ( 'NONE', ( #3939 ), #2526, .T. ) ;
#2197 = CARTESIAN_POINT ( 'NONE',  ( 74.11900067817300908, -1.916339894188628046, 9.815030946000785406 ) ) ;
#2198 = CARTESIAN_POINT ( 'NONE',  ( 73.07085259276047395, 9.592787113977035318, 2.827575189749789608 ) ) ;
#2199 = CYLINDRICAL_SURFACE ( 'NONE', #2554, 2.749999999999999112 ) ;
#2200 = ORIENTED_EDGE ( 'NONE', *, *, #440, .T. ) ;
#2201 = EDGE_CURVE ( 'NONE', #704, #1566, #1198, .T. ) ;
#2202 = LINE ( 'NONE', #270, #4309 ) ;
#2203 = EDGE_LOOP ( 'NONE', ( #1337, #2016, #1591, #923 ) ) ;
#2204 = DIRECTION ( 'NONE',  ( -0.000000000000000000, -0.4999999999999919509, 0.8660254037844432595 ) ) ;
#2205 = CARTESIAN_POINT ( 'NONE',  ( 73.00657962768575260, -1.936775781039906441, -7.762286008754683664 ) ) ;
#2206 = EDGE_LOOP ( 'NONE', ( #3385, #2299 ) ) ;
#2207 = ORIENTED_EDGE ( 'NONE', *, *, #3375, .F. ) ;
#2208 = B_SPLINE_CURVE_WITH_KNOTS ( 'NONE', 3,
 ( #2920, #519, #880, #215, #4263, #4306, #4001, #590, #303, #3325, #970, #2034, #2367, #4071, #1324, #1347 ),
 .UNSPECIFIED., .F., .F.,
 ( 4, 2, 2, 2, 2, 2, 2, 4 ),
 ( 0.000000000000000000, 0.0002736485253891030793, 0.0005472970507782061586, 0.001094594101556442024, 0.001368242626945559686, 0.001641891152334677565, 0.001915539677723795660, 0.002189188203112913539 ),
 .UNSPECIFIED. ) ;
#2209 = DIRECTION ( 'NONE',  ( 0.000000000000000000, 0.000000000000000000, 1.000000000000000000 ) ) ;
#2210 = CARTESIAN_POINT ( 'NONE',  ( 77.69993446735443854, 1.556321180062069987, 9.879840046113312013 ) ) ;
#2211 = CARTESIAN_POINT ( 'NONE',  ( 76.99999999999980105, 5.654899030252568792, -5.658808793169156637 ) ) ;
#2212 = CARTESIAN_POINT ( 'NONE',  ( 70.00000000000029843, 7.191701968139922130, -6.948339571541708004 ) ) ;
#2213 = B_SPLINE_CURVE_WITH_KNOTS ( 'NONE', 3,
 ( #3999, #2602, #1543, #1988, #3952, #2321, #968, #1920, #3674, #538, #1592, #1895, #2649, #2278 ),
 .UNSPECIFIED., .F., .F.,
 ( 4, 2, 2, 2, 2, 2, 4 ),
 ( 0.002189188203112914840, 0.002736359354753676362, 0.003009944930574058857, 0.003283530506394440919, 0.003557116082214823415, 0.003830701658035205910, 0.004377872809675967432 ),
 .UNSPECIFIED. ) ;
#2214 = CARTESIAN_POINT ( 'NONE',  ( 70.00000000000000000, 1.042856744784389056, 9.945473835361372750 ) ) ;
#2215 = CARTESIAN_POINT ( 'NONE',  ( 76.99999999999980105, -4.590875860832814404, -6.551630242193355436 ) ) ;
#2216 = CARTESIAN_POINT ( 'NONE',  ( 70.00000000000000000, -24.00100000000000122, 0.000000000000000000 ) ) ;
#2217 = EDGE_LOOP ( 'NONE', ( #146, #1466, #1453, #2229 ) ) ;
#2218 = LINE ( 'NONE', #910, #2829 ) ;
#2219 = CARTESIAN_POINT ( 'NONE',  ( 70.55920409114581560, -3.621212206900158659, 7.133792552668253073 ) ) ;
#2220 = CARTESIAN_POINT ( 'NONE',  ( 76.81727175442983935, -9.134461366488467959, 4.069596484189760943 ) ) ;
#2221 = ORIENTED_EDGE ( 'NONE', *, *, #3271, .T. ) ;
#2222 = CARTESIAN_POINT ( 'NONE',  ( 69.99999999999980105, 6.554801683820541847, 4.586346572794449017 ) ) ;
#2223 = ORIENTED_EDGE ( 'NONE', *, *, #539, .T. ) ;
#2224 = FACE_BOUND ( 'NONE', #1203, .T. ) ;
#2225 = CARTESIAN_POINT ( 'NONE',  ( 69.63452057087403091, 2.348045084821063000, 9.721283785114515297 ) ) ;
#2226 = CARTESIAN_POINT ( 'NONE',  ( 73.61985167632441573, 7.728121685168192201, -2.067881819455160031 ) ) ;
#2227 = VERTEX_POINT ( 'NONE', #887 ) ;
#2228 = EDGE_CURVE ( 'NONE', #4092, #2981, #359, .T. ) ;
#2229 = ORIENTED_EDGE ( 'NONE', *, *, #3460, .T. ) ;
#2230 = CARTESIAN_POINT ( 'NONE',  ( 73.43710854142003086, 15.78608706276384765, -28.74230484541334008 ) ) ;
#2231 = CARTESIAN_POINT ( 'NONE',  ( 70.35269246556352130, -4.461023277316036761, 8.949888867954379990 ) ) ;
#2232 = CARTESIAN_POINT ( 'NONE',  ( 77.43051374540979737, 9.984547324097629684, 0.5594596657860433364 ) ) ;
#2233 = LINE ( 'NONE', #241, #2053 ) ;
#2234 = EDGE_CURVE ( 'NONE', #2227, #586, #2218, .T. ) ;
#2235 = CARTESIAN_POINT ( 'NONE',  ( 69.63374405134044309, -4.450387970179579433, -8.956047843923863994 ) ) ;
#2236 = CARTESIAN_POINT ( 'NONE',  ( 73.00739568021580794, -1.937569190021837917, 7.762094788106998600 ) ) ;
#2237 = CARTESIAN_POINT ( 'NONE',  ( 70.35287253598527002, 2.335429275989618692, -9.723528714296538311 ) ) ;
#2238 = CARTESIAN_POINT ( 'NONE',  ( 73.43710854142003086, 28.90598463366623605, -10.52091799881099021 ) ) ;
#2239 = ORIENTED_EDGE ( 'NONE', *, *, #849, .F. ) ;
#2240 = CARTESIAN_POINT ( 'NONE',  ( 70.00000000000000000, 0.6944918006948505029, 7.969798061354350871 ) ) ;
#2241 = CARTESIAN_POINT ( 'NONE',  ( 69.57028713879576287, 7.980626485894307010, -0.5602595454983564371 ) ) ;
#2242 = DIRECTION ( 'NONE',  ( 0.000000000000000000, 0.000000000000000000, 1.000000000000000000 ) ) ;
#2243 = ORIENTED_EDGE ( 'NONE', *, *, #522, .F. ) ;
#2244 = CARTESIAN_POINT ( 'NONE',  ( 73.80340771215260531, -0.7707847378404315553, 7.963833748704268523 ) ) ;
#2245 = EDGE_LOOP ( 'NONE', ( #1585, #1141 ) ) ;
#2246 = CARTESIAN_POINT ( 'NONE',  ( 70.00000000000000000, 7.191701968143202173, 6.948339571538315163 ) ) ;
#2247 = DIRECTION ( 'NONE',  ( -0.000000000000000000, 0.7660444431189771253, -0.6427876096865404731 ) ) ;
#2248 = CARTESIAN_POINT ( 'NONE',  ( 70.00000000000000000, -25.90255039611523102, -21.73482048393066890 ) ) ;
#2249 = EDGE_LOOP ( 'NONE', ( #118, #2485 ) ) ;
#2250 = ORIENTED_EDGE ( 'NONE', *, *, #4037, .F. ) ;
#2251 = CARTESIAN_POINT ( 'NONE',  ( -9.797174393178823685E-16, 9.797174393178825657E-16, -8.000000000000000000 ) ) ;
#2252 = EDGE_CURVE ( 'NONE', #102, #3499, #3960, .T. ) ;
#2253 = FACE_BOUND ( 'NONE', #2100, .T. ) ;
#2254 = FACE_OUTER_BOUND ( 'NONE', #3469, .T. ) ;
#2255 = CARTESIAN_POINT ( 'NONE',  ( 46.30000000000000426, 0.000000000000000000, 0.000000000000000000 ) ) ;
#2256 = CARTESIAN_POINT ( 'NONE',  ( 77.18505475354396594, -7.728121685168154009, 2.067881819455295922 ) ) ;
#2257 = ADVANCED_FACE ( 'NONE', ( #327 ), #752, .F. ) ;
#2258 = CARTESIAN_POINT ( 'NONE',  ( 72.82538912827220656, -1.735005866167274036, 7.810054434753038954 ) ) ;
#2259 = CARTESIAN_POINT ( 'NONE',  ( 73.62216329496398259, -6.554801683817514935, -4.586346572798767340 ) ) ;
#2260 = VECTOR ( 'NONE', #2247, 1000.000000000000227 ) ;
#2261 = CARTESIAN_POINT ( 'NONE',  ( 38.00000000000000711, 0.000000000000000000, 0.000000000000000000 ) ) ;
#2262 = AXIS2_PLACEMENT_3D ( 'NONE', #2113, #3511, #3470 ) ;
#2263 = DIRECTION ( 'NONE',  ( -0.000000000000000000, 0.7660444431189770143, -0.6427876096865404731 ) ) ;
#2264 = CARTESIAN_POINT ( 'NONE',  ( 70.18505475354399437, -4.590875860828401045, 6.551630242196449849 ) ) ;
#2265 = CARTESIAN_POINT ( 'NONE',  ( 73.34571572478331802, -6.554801683817422564, 4.586346572798916554 ) ) ;
#2266 = CIRCLE ( 'NONE', #2758, 2.750000000000000888 ) ;
#2267 = ORIENTED_EDGE ( 'NONE', *, *, #2502, .T. ) ;
#2268 = AXIS2_PLACEMENT_3D ( 'NONE', #476, #3483, #455 ) ;
#2269 = B_SPLINE_CURVE_WITH_KNOTS ( 'NONE', 3,
 ( #2311, #2974, #2592, #227, #1647, #1582, #958, #1557, #939, #2950, #3244, #1620, #4292, #1933, #1909, #3618 ),
 .UNSPECIFIED., .F., .F.,
 ( 4, 2, 2, 2, 2, 2, 2, 4 ),
 ( 0.000000000000000000, 0.0002736956474133486945, 0.0005473912948266973890, 0.001094782589653365938, 0.001368478237066700267, 0.001642173884480034379, 0.001915869531893369141, 0.002189565179306703687 ),
 .UNSPECIFIED. ) ;
#2270 = CARTESIAN_POINT ( 'NONE',  ( 77.00000000000001421, -7.728121685168154897, 2.067881819455296366 ) ) ;
#2271 = ORIENTED_EDGE ( 'NONE', *, *, #336, .F. ) ;
#2272 = CYLINDRICAL_SURFACE ( 'NONE', #77, 0.7000000000000018430 ) ;
#2273 = FACE_OUTER_BOUND ( 'NONE', #3365, .T. ) ;
#2274 = CARTESIAN_POINT ( 'NONE',  ( 77.00000000000001421, 2.421587599001353563, -9.702366386627689465 ) ) ;
#2275 = ORIENTED_EDGE ( 'NONE', *, *, #1955, .T. ) ;
#2276 = VERTEX_POINT ( 'NONE', #3807 ) ;
#2277 = AXIS2_PLACEMENT_3D ( 'NONE', #3599, #1385, #3413 ) ;
#2278 = CARTESIAN_POINT ( 'NONE',  ( 73.43710854142003086, 5.593952739520850592, 8.289010359989124055 ) ) ;
#2279 = CIRCLE ( 'NONE', #4245, 10.09999999999999964 ) ;
#2280 = CARTESIAN_POINT ( 'NONE',  ( 72.87790416924337933, -7.376555996944720306, -6.752080432111984720 ) ) ;
#2281 = DIRECTION ( 'NONE',  ( 0.000000000000000000, -0.8660254037844425934, -0.4999999999999932832 ) ) ;
#2282 = CARTESIAN_POINT ( 'NONE',  ( 69.38825132211496793, 7.882490134888703537, -6.154149431483592281 ) ) ;
#2283 = EDGE_CURVE ( 'NONE', #2227, #4213, #3253, .T. ) ;
#2284 = CARTESIAN_POINT ( 'NONE',  ( 77.00000000000001421, -9.613289567144475356, 2.754026815089354319 ) ) ;
#2285 = CARTESIAN_POINT ( 'NONE',  ( 72.87669828762022917, -1.810219369904782383, 7.792778432529777533 ) ) ;
#2286 = CARTESIAN_POINT ( 'NONE',  ( 72.82538912827222077, -5.896202612351856942, -5.407586373192349249 ) ) ;
#2287 = CARTESIAN_POINT ( 'NONE',  ( 70.00000000000029843, 9.975469913743092221, -0.7000000000045700776 ) ) ;
#2288 = EDGE_CURVE ( 'NONE', #2951, #2194, #237, .T. ) ;
#2289 = CARTESIAN_POINT ( 'NONE',  ( 74.04885019795740675, -2.082515502100879878, 9.781120602697907174 ) ) ;
#2290 = CARTESIAN_POINT ( 'NONE',  ( 69.37585270615916500, 7.992681810746259607, 0.3657533364050375435 ) ) ;
#2291 = CARTESIAN_POINT ( 'NONE',  ( 76.81663884680023102, -7.723442921061187683, 2.085587000672970870 ) ) ;
#2292 = EDGE_LOOP ( 'NONE', ( #3395, #537, #1984, #1182 ) ) ;
#2293 = EDGE_CURVE ( 'NONE', #3539, #2335, #1031, .T. ) ;
#2294 = CARTESIAN_POINT ( 'NONE',  ( 26.30000000000000426, 9.000000000000181188, 15.58845726811978949 ) ) ;
#2295 = ORIENTED_EDGE ( 'NONE', *, *, #1603, .T. ) ;
#2296 = DIRECTION ( 'NONE',  ( -1.000000000000000000, 0.000000000000000000, -0.000000000000000000 ) ) ;
#2297 = DIRECTION ( 'NONE',  ( -0.000000000000000000, 0.7660444431189770143, -0.6427876096865404731 ) ) ;
#2298 = DIRECTION ( 'NONE',  ( 0.000000000000000000, 0.6427876096865406952, 0.7660444431189767922 ) ) ;
#2299 = ORIENTED_EDGE ( 'NONE', *, *, #246, .T. ) ;
#2300 = DIRECTION ( 'NONE',  ( 0.000000000000000000, -0.9848077530122064660, 0.1736481776669396571 ) ) ;
#2301 = CARTESIAN_POINT ( 'NONE',  ( 70.69993446735442433, -5.158427575631606921, 8.568780537466077263 ) ) ;
#2302 = CARTESIAN_POINT ( 'NONE',  ( 0.000000000000000000, 0.000000000000000000, 12.00000000000000000 ) ) ;
#2303 = CARTESIAN_POINT ( 'NONE',  ( 69.56947108626573595, -4.474832082809038880, 6.631746552635610747 ) ) ;
#2304 = B_SPLINE_CURVE_WITH_KNOTS ( 'NONE', 3,
 ( #2775, #4127, #423, #94, #2465, #549, #840, #4205, #2197, #2289, #3552, #2902, #1512, #2876, #3290, #3572 ),
 .UNSPECIFIED., .F., .F.,
 ( 4, 2, 2, 2, 2, 2, 2, 4 ),
 ( 0.000000000000000000, 0.0002736485253891032961, 0.0005472970507782065923, 0.001094594101556442458, 0.001368242626945560770, 0.001641891152334679083, 0.001915539677723796744, 0.002189188203112914840 ),
 .UNSPECIFIED. ) ;
#2305 = CARTESIAN_POINT ( 'NONE',  ( 77.35269246556356393, 1.130948381481559073, -9.935904346757446604 ) ) ;
#2306 = CARTESIAN_POINT ( 'NONE',  ( 69.81663884680024523, 0.7127404592874116984, 7.968264850641011421 ) ) ;
#2307 = FACE_OUTER_BOUND ( 'NONE', #2595, .T. ) ;
#2308 = CARTESIAN_POINT ( 'NONE',  ( 70.00000000000000000, 8.091604621704261646, -5.875877351171843621 ) ) ;
#2309 = EDGE_CURVE ( 'NONE', #1566, #1719, #2130, .T. ) ;
#2310 = CARTESIAN_POINT ( 'NONE',  ( 70.36629917073254603, 5.709509024534276556, 5.605199709898876392 ) ) ;
#2311 = CARTESIAN_POINT ( 'NONE',  ( 70.00000000000000000, 2.073222654911841545, -7.726690612620662257 ) ) ;
#2312 = ORIENTED_EDGE ( 'NONE', *, *, #33, .T. ) ;
#2313 = CARTESIAN_POINT ( 'NONE',  ( 73.00739568021582215, 4.475512242061391532, -6.631295502150265975 ) ) ;
#2314 = EDGE_LOOP ( 'NONE', ( #3500, #3598 ) ) ;
#2315 = ADVANCED_FACE ( 'NONE', ( #3065 ), #733, .F. ) ;
#2316 = LINE ( 'NONE', #4256, #2835 ) ;
#2317 = CARTESIAN_POINT ( 'NONE',  ( 77.00000000000001421, 5.654899030256378190, 5.658808793165353457 ) ) ;
#2318 = CARTESIAN_POINT ( 'NONE',  ( 22.30000000000000426, -8.999999999999854339, 15.58845726811997778 ) ) ;
#2319 = EDGE_LOOP ( 'NONE', ( #4155, #4172 ) ) ;
#2320 = ORIENTED_EDGE ( 'NONE', *, *, #1195, .T. ) ;
#2321 = CARTESIAN_POINT ( 'NONE',  ( 72.75549151297177275, 4.840111077973496378, 8.751028378931000162 ) ) ;
#2322 = DIRECTION ( 'NONE',  ( 1.000000000000000000, 0.000000000000000000, 0.000000000000000000 ) ) ;
#2323 = CARTESIAN_POINT ( 'NONE',  ( 41.29999999999999716, 0.000000000000000000, 12.00000000000000000 ) ) ;
#2324 = CARTESIAN_POINT ( 'NONE',  ( 72.73718330510581609, -1.828024559331411947, 9.831930753458808070 ) ) ;
#2325 = ORIENTED_EDGE ( 'NONE', *, *, #1091, .F. ) ;
#2326 = CARTESIAN_POINT ( 'NONE',  ( 77.18305898564281620, 1.060961454455880526, -9.943621081962451314 ) ) ;
#2327 = B_SPLINE_CURVE_WITH_KNOTS ( 'NONE', 3,
 ( #805, #2839, #4189, #3225, #3206, #1470, #1162, #179, #823, #2860, #508, #4207, #467, #2509, #1180, #2160 ),
 .UNSPECIFIED., .F., .F.,
 ( 4, 2, 2, 2, 2, 2, 2, 4 ),
 ( 0.000000000000000000, 0.0002736485253891257933, 0.0005472970507782515866, 0.001094594101556472165, 0.001368242626945581370, 0.001641891152334690575, 0.001915539677723799997, 0.002189188203112909202 ),
 .UNSPECIFIED. ) ;
#2328 = CARTESIAN_POINT ( 'NONE',  ( 77.00000000000001421, 6.554801683817454538, -4.586346572798861487 ) ) ;
#2329 = CARTESIAN_POINT ( 'NONE',  ( 77.18305898564283041, -5.578892800353981940, -8.299228551597295223 ) ) ;
#2330 = LINE ( 'NONE', #665, #2189 ) ;
#2331 = AXIS2_PLACEMENT_3D ( 'NONE', #1986, #12, #2300 ) ;
#2332 = CARTESIAN_POINT ( 'NONE',  ( 76.64730396509260402, 7.976666690803097204, -0.6115804170321833544 ) ) ;
#2333 = DIRECTION ( 'NONE',  ( -1.000000000000000000, -0.000000000000000000, -0.000000000000000000 ) ) ;
#2334 = CARTESIAN_POINT ( 'NONE',  ( 73.86762228682982823, 5.476779945012320461, 8.367141795063442800 ) ) ;
#2335 = VERTEX_POINT ( 'NONE', #1416 ) ;
#2336 = CARTESIAN_POINT ( 'NONE',  ( 73.43710854142003086, 7.249293484512204344, -3.383451488555563547 ) ) ;
#2337 = ORIENTED_EDGE ( 'NONE', *, *, #663, .T. ) ;
#2338 = VECTOR ( 'NONE', #414, 999.9999999999998863 ) ;
#2339 = CARTESIAN_POINT ( 'NONE',  ( 77.00000000000001421, -25.90255039611523102, -21.73482048393066890 ) ) ;
#2340 = LINE ( 'NONE', #3714, #3951 ) ;
#2341 = DIRECTION ( 'NONE',  ( -0.000000000000000000, 0.7660444431189857850, 0.6427876096865300370 ) ) ;
#2342 = VERTEX_POINT ( 'NONE', #4215 ) ;
#2343 = CARTESIAN_POINT ( 'NONE',  ( 73.78980100698353795, -8.039271383123375969, 5.947382202110673255 ) ) ;
#2344 = ADVANCED_FACE ( 'NONE', ( #2498 ), #1126, .F. ) ;
#2345 = AXIS2_PLACEMENT_3D ( 'NONE', #2738, #1435, #1746 ) ;
#2346 = CARTESIAN_POINT ( 'NONE',  ( 77.09253170642543296, -9.134461366488585199, -4.069596484189502483 ) ) ;
#2347 = DIRECTION ( 'NONE',  ( 0.000000000000000000, 0.3420201433256633283, -0.9396926207859103153 ) ) ;
#2348 = ORIENTED_EDGE ( 'NONE', *, *, #2234, .F. ) ;
#2349 = AXIS2_PLACEMENT_3D ( 'NONE', #2766, #105, #4120 ) ;
#2350 = FACE_OUTER_BOUND ( 'NONE', #3232, .T. ) ;
#2351 = CARTESIAN_POINT ( 'NONE',  ( 70.00000000000029843, -5.593952739524650219, -8.289010359986569654 ) ) ;
#2352 = CARTESIAN_POINT ( 'NONE',  ( 70.61173969054669897, 7.992684275272107008, 0.3524234132877908099 ) ) ;
#2353 = CARTESIAN_POINT ( 'NONE',  ( 69.63374405134042888, 9.981358935436700719, 0.6238748830898027675 ) ) ;
#2354 = CIRCLE ( 'NONE', #1573, 10.00000000000000000 ) ;
#2355 = CARTESIAN_POINT ( 'NONE',  ( 77.00000000000001421, 7.191701968143202173, 6.948339571538315163 ) ) ;
#2356 = FACE_BOUND ( 'NONE', #676, .T. ) ;
#2357 = CARTESIAN_POINT ( 'NONE',  ( 73.43710854142032929, 4.381517174218521049, 8.989010359991146615 ) ) ;
#2358 = EDGE_LOOP ( 'NONE', ( #2472, #1602 ) ) ;
#2359 = CARTESIAN_POINT ( 'NONE',  ( 77.00000000000001421, -4.590875860828400157, 6.551630242196448961 ) ) ;
#2360 = ORIENTED_EDGE ( 'NONE', *, *, #2101, .T. ) ;
#2361 = CARTESIAN_POINT ( 'NONE',  ( 73.08441250651264909, 7.286442005927922239, 3.302878289751829843 ) ) ;
#2362 = CYLINDRICAL_SURFACE ( 'NONE', #278, 0.7000000000000019540 ) ;
#2363 = DIRECTION ( 'NONE',  ( -0.000000000000000000, 1.000000000000000000, 1.224646799147353207E-16 ) ) ;
#2364 = ORIENTED_EDGE ( 'NONE', *, *, #3929, .F. ) ;
#2365 = CARTESIAN_POINT ( 'NONE',  ( 69.38828058685216149, 6.349297824193008921, 4.867608526693412152 ) ) ;
#2366 = CARTESIAN_POINT ( 'NONE',  ( 77.00000000000029843, -9.613289567145773873, -2.754026815084820612 ) ) ;
#2367 = CARTESIAN_POINT ( 'NONE',  ( 73.78980100698355216, 9.170219764604988555, 3.988522144646724055 ) ) ;
#2368 = EDGE_CURVE ( 'NONE', #2580, #235, #491, .T. ) ;
#2369 = DIRECTION ( 'NONE',  ( 0.000000000000000000, 0.000000000000000000, 1.000000000000000000 ) ) ;
#2370 = ORIENTED_EDGE ( 'NONE', *, *, #1037, .F. ) ;
#2371 = B_SPLINE_CURVE_WITH_KNOTS ( 'NONE', 3,
 ( #4225, #1199, #2551, #2219, #3573, #1908, #528, #3594, #1952, #3268, #226, #911, #2264, #2615 ),
 .UNSPECIFIED., .F., .F.,
 ( 4, 2, 2, 2, 2, 2, 4 ),
 ( 0.002189565179306700651, 0.002736829203537988198, 0.003010461215653617226, 0.003284093227769246254, 0.003557725239884875282, 0.003831357252000504310, 0.004378621276231734610 ),
 .UNSPECIFIED. ) ;
#2372 = CARTESIAN_POINT ( 'NONE',  ( 76.99999999999980105, 0.6944918006894927887, -7.969798061354820717 ) ) ;
#2373 = CARTESIAN_POINT ( 'NONE',  ( 73.86762228682984244, 4.507767379085271031, -8.926601460849550307 ) ) ;
#2374 = CARTESIAN_POINT ( 'NONE',  ( 77.61173969054671318, 6.349284778101460525, -4.867626422907221695 ) ) ;
#2375 = EDGE_CURVE ( 'NONE', #3421, #1150, #3664, .T. ) ;
#2376 = CARTESIAN_POINT ( 'NONE',  ( 77.69993446735442433, -4.841567837083449177, -8.751719592812211346 ) ) ;
#2377 = DIRECTION ( 'NONE',  ( 0.000000000000000000, 0.000000000000000000, 1.000000000000000000 ) ) ;
#2378 = CARTESIAN_POINT ( 'NONE',  ( 70.00000000000000000, 29.14660315002056379, 9.863571535843677296 ) ) ;
#2379 = CARTESIAN_POINT ( 'NONE',  ( 70.36548765893751067, 6.511750766985641370, 4.649064215118237975 ) ) ;
#2380 = CARTESIAN_POINT ( 'NONE',  ( 73.52964024784544961, 5.593952739520851480, 8.289010359989124055 ) ) ;
#2381 = ORIENTED_EDGE ( 'NONE', *, *, #2375, .F. ) ;
#2382 = CARTESIAN_POINT ( 'NONE',  ( 76.43958974620016988, -3.622392932320642522, 7.133201196486272266 ) ) ;
#2383 = CARTESIAN_POINT ( 'NONE',  ( 77.00000000000029843, 2.421587599005925906, 9.702366386626549044 ) ) ;
#2384 = CARTESIAN_POINT ( 'NONE',  ( 74.13703576169569942, 7.485730283212164160, 2.823541660610461967 ) ) ;
#2385 = DIRECTION ( 'NONE',  ( -1.000000000000000000, -0.000000000000000000, -0.000000000000000000 ) ) ;
#2386 = ORIENTED_EDGE ( 'NONE', *, *, #3186, .F. ) ;
#2387 = CARTESIAN_POINT ( 'NONE',  ( 73.52964024784546382, -7.191701968143100032, 6.948339571538409309 ) ) ;
#2388 = CARTESIAN_POINT ( 'NONE',  ( 76.30007476368578523, 7.600689521079068811, -6.499081083852296992 ) ) ;
#2389 = DIRECTION ( 'NONE',  ( 0.000000000000000000, 0.9848077530122081313, 0.1736481776669296373 ) ) ;
#2390 = CARTESIAN_POINT ( 'NONE',  ( 46.30000000000000426, 0.000000000000000000, 0.000000000000000000 ) ) ;
#2391 = ORIENTED_EDGE ( 'NONE', *, *, #3875, .T. ) ;
#2392 = EDGE_CURVE ( 'NONE', #1590, #292, #1189, .T. ) ;
#2393 = CARTESIAN_POINT ( 'NONE',  ( 77.70003269886105102, -9.365772670860209814, 3.505801765051981711 ) ) ;
#2394 = CARTESIAN_POINT ( 'NONE',  ( 76.64710261100199773, -3.458797154512168959, -7.213734534636325080 ) ) ;
#2395 = CARTESIAN_POINT ( 'NONE',  ( 69.99999999999980105, 2.073222654917034724, 7.726690612619271370 ) ) ;
#2396 = CYLINDRICAL_SURFACE ( 'NONE', #571, 0.7000000000000008438 ) ;
#2397 = CARTESIAN_POINT ( 'NONE',  ( 77.00000000000001421, 16.99920564076396445, -28.04348785811523825 ) ) ;
#2398 = ADVANCED_FACE ( 'NONE', ( #2476 ), #2167, .F. ) ;
#2399 = CARTESIAN_POINT ( 'NONE',  ( 76.99999999999980105, 7.969316156358251746, -0.7000000000052533089 ) ) ;
#2400 = CARTESIAN_POINT ( 'NONE',  ( 22.30000000000000426, -18.00000000000000000, -2.749999999999999556 ) ) ;
#2401 = ORIENTED_EDGE ( 'NONE', *, *, #192, .F. ) ;
#2402 = EDGE_CURVE ( 'NONE', #802, #2929, #64, .T. ) ;
#2403 = CIRCLE ( 'NONE', #481, 2.750000000000000000 ) ;
#2404 = LINE ( 'NONE', #4013, #4382 ) ;
#2405 = CARTESIAN_POINT ( 'NONE',  ( 69.81497915877278615, -5.593952739520734241, 8.289010359989207544 ) ) ;
#2406 = CARTESIAN_POINT ( 'NONE',  ( 76.38828058685214728, -7.631208478519102556, -2.402468061560569801 ) ) ;
#2407 = VERTEX_POINT ( 'NONE', #1877 ) ;
#2408 = CARTESIAN_POINT ( 'NONE',  ( 70.55920409114582981, -7.654231114921894452, -2.327427780032994331 ) ) ;
#2409 = CIRCLE ( 'NONE', #212, 10.00000000000000000 ) ;
#2410 = CARTESIAN_POINT ( 'NONE',  ( 77.00000000000029843, 7.191701968139922130, -6.948339571541708004 ) ) ;
#2411 = CARTESIAN_POINT ( 'NONE',  ( 70.35269246556349287, 9.981342759354065564, -0.6115849489476929968 ) ) ;
#2412 = ORIENTED_EDGE ( 'NONE', *, *, #1665, .T. ) ;
#2413 = EDGE_LOOP ( 'NONE', ( #483, #3228 ) ) ;
#2414 = AXIS2_PLACEMENT_3D ( 'NONE', #103, #3215, #3520 ) ;
#2415 = CARTESIAN_POINT ( 'NONE',  ( 69.99999999999980105, 5.654899030252568792, -5.658808793169156637 ) ) ;
#2416 = AXIS2_PLACEMENT_3D ( 'NONE', #2024, #4010, #379 ) ;
#2417 = CARTESIAN_POINT ( 'NONE',  ( 76.31811214426679157, -4.157563800719381142, -6.835338972749499753 ) ) ;
#2418 = DIRECTION ( 'NONE',  ( 0.000000000000000000, -0.8660254037844434816, -0.4999999999999916178 ) ) ;
#2419 = CARTESIAN_POINT ( 'NONE',  ( 73.99631263256586067, -0.9629256378049100284, -7.942099737976460183 ) ) ;
#2420 = DIRECTION ( 'NONE',  ( -0.000000000000000000, -0.4999999999999919509, 0.8660254037844432595 ) ) ;
#2421 = AXIS2_PLACEMENT_3D ( 'NONE', #4380, #3705, #3682 ) ;
#2422 = CARTESIAN_POINT ( 'NONE',  ( 74.04884823196672983, -5.896217971251796364, 5.407570417655491291 ) ) ;
#2423 = VECTOR ( 'NONE', #2537, 1000.000000000000114 ) ;
#2424 = FACE_OUTER_BOUND ( 'NONE', #4252, .T. ) ;
#2425 = ADVANCED_FACE ( 'NONE', ( #189 ), #4237, .F. ) ;
#2426 = ORIENTED_EDGE ( 'NONE', *, *, #2479, .F. ) ;
#2427 = B_SPLINE_CURVE_WITH_KNOTS ( 'NONE', 3,
 ( #742, #3002, #338, #4065, #1077, #4366, #1722, #1339, #2689, #2028, #1404, #695, #4042, #2429 ),
 .UNSPECIFIED., .F., .F.,
 ( 4, 2, 2, 2, 2, 2, 4 ),
 ( 0.002189188203112913105, 0.002736359354753676795, 0.003009944930574058423, 0.003283530506394440052, 0.003557116082214821680, 0.003830701658035203308, 0.004377872809675966564 ),
 .UNSPECIFIED. ) ;
#2428 = CARTESIAN_POINT ( 'NONE',  ( 72.82582456632032120, -9.994120100610542679, -0.3531803371506751499 ) ) ;
#2429 = CARTESIAN_POINT ( 'NONE',  ( 73.43710854142003086, -2.421587599001482349, -9.702366386627662820 ) ) ;
#2430 = FACE_OUTER_BOUND ( 'NONE', #453, .T. ) ;
#2431 = EDGE_CURVE ( 'NONE', #607, #1621, #879, .T. ) ;
#2432 = ORIENTED_EDGE ( 'NONE', *, *, #1332, .T. ) ;
#2433 = CARTESIAN_POINT ( 'NONE',  ( 73.34571572478333223, 3.378440295530345416, 7.251630242196363874 ) ) ;
#2434 = CARTESIAN_POINT ( 'NONE',  ( 76.38871602490031876, 7.428920222231006676, -6.694648405084818954 ) ) ;
#2435 = DIRECTION ( 'NONE',  ( -1.000000000000000000, -0.000000000000000000, -0.000000000000000000 ) ) ;
#2436 = ORIENTED_EDGE ( 'NONE', *, *, #4249, .T. ) ;
#2437 = EDGE_LOOP ( 'NONE', ( #2535, #509, #205, #3689 ) ) ;
#2438 = CARTESIAN_POINT ( 'NONE',  ( 77.43051374540978316, -9.573751917419279778, 2.889196187263374682 ) ) ;
#2439 = CARTESIAN_POINT ( 'NONE',  ( 73.78998107740530088, 4.461121160811768682, -8.949840141000073857 ) ) ;
#2440 = FACE_OUTER_BOUND ( 'NONE', #3390, .T. ) ;
#2441 = CARTESIAN_POINT ( 'NONE',  ( 70.00000000000000000, 28.90718904969263647, -10.52135637039427074 ) ) ;
#2442 = FACE_OUTER_BOUND ( 'NONE', #4190, .T. ) ;
#2443 = CARTESIAN_POINT ( 'NONE',  ( 73.62216329496396838, -5.654899030256293813, 5.658808793165425399 ) ) ;
#2444 = CARTESIAN_POINT ( 'NONE',  ( 77.35269246556353551, 8.039271383123455905, 5.947382202110567562 ) ) ;
#2445 = ORIENTED_EDGE ( 'NONE', *, *, #1338, .T. ) ;
#2446 = ADVANCED_FACE ( 'NONE', ( #4156 ), #2148, .F. ) ;
#2447 = DIRECTION ( 'NONE',  ( 0.000000000000000000, 0.000000000000000000, 1.000000000000000000 ) ) ;
#2448 = CARTESIAN_POINT ( 'NONE',  ( 72.73703423331750173, 4.920478552575506370, -8.706171773171742956 ) ) ;
#2449 = DIRECTION ( 'NONE',  ( 0.000000000000000000, 0.000000000000000000, 1.000000000000000000 ) ) ;
#2450 = EDGE_LOOP ( 'NONE', ( #1438, #1163 ) ) ;
#2451 = CARTESIAN_POINT ( 'NONE',  ( 73.25374738822024767, 4.575911048469716746, 6.562185746285993382 ) ) ;
#2452 = ADVANCED_FACE ( 'NONE', ( #1152 ), #2962, .F. ) ;
#2453 = DIRECTION ( 'NONE',  ( 0.000000000000000000, 0.000000000000000000, 1.000000000000000000 ) ) ;
#2454 = CARTESIAN_POINT ( 'NONE',  ( 69.31811214426677736, -4.157563800719381142, -6.835338972749499753 ) ) ;
#2455 = ORIENTED_EDGE ( 'NONE', *, *, #1930, .F. ) ;
#2456 = ORIENTED_EDGE ( 'NONE', *, *, #251, .F. ) ;
#2457 = CARTESIAN_POINT ( 'NONE',  ( 74.13714124028108188, 5.078890115484542278, -8.614709451450289990 ) ) ;
#2458 = DIRECTION ( 'NONE',  ( 0.000000000000000000, -0.8660254037844425934, -0.4999999999999932832 ) ) ;
#2459 = DIRECTION ( 'NONE',  ( -0.000000000000000000, -0.5000000000000039968, -0.8660254037844363761 ) ) ;
#2460 = FACE_BOUND ( 'NONE', #1942, .T. ) ;
#2461 = CARTESIAN_POINT ( 'NONE',  ( 74.11872753940538416, -7.998335771811198924, -0.1838579591700393312 ) ) ;
#2462 = CARTESIAN_POINT ( 'NONE',  ( 69.31811214426680579, -7.578549846144602142, -2.563742939325637238 ) ) ;
#2463 = DIRECTION ( 'NONE',  ( 0.000000000000000000, 0.000000000000000000, -1.000000000000000000 ) ) ;
#2464 = ORIENTED_EDGE ( 'NONE', *, *, #1934, .T. ) ;
#2465 = CARTESIAN_POINT ( 'NONE',  ( 73.86762228682982823, -1.182838231295038289, 9.930008766530542985 ) ) ;
#2466 = CARTESIAN_POINT ( 'NONE',  ( 77.61126478936334649, 1.735761360952220889, 7.809885489916616130 ) ) ;
#2467 = CARTESIAN_POINT ( 'NONE',  ( 72.73717451054044147, -6.010736574720565883, 5.282464727721641218 ) ) ;
#2468 = EDGE_LOOP ( 'NONE', ( #555, #4093, #97, #3788 ) ) ;
#2469 = CARTESIAN_POINT ( 'NONE',  ( 70.55983091159234277, -7.359840460774184301, -3.136389271793828204 ) ) ;
#2470 = CARTESIAN_POINT ( 'NONE',  ( 77.00000000000001421, 7.191701968143202173, 6.948339571538315163 ) ) ;
#2471 = CARTESIAN_POINT ( 'NONE',  ( 70.00000000000029843, 9.975469913743092221, -0.7000000000045700776 ) ) ;
#2472 = ORIENTED_EDGE ( 'NONE', *, *, #3756, .F. ) ;
#2473 = EDGE_CURVE ( 'NONE', #511, #1621, #1865, .T. ) ;
#2474 = EDGE_LOOP ( 'NONE', ( #1116, #1084 ) ) ;
#2475 = VECTOR ( 'NONE', #1111, 1000.000000000000114 ) ;
#2476 = FACE_OUTER_BOUND ( 'NONE', #718, .T. ) ;
#2477 = FACE_OUTER_BOUND ( 'NONE', #3509, .T. ) ;
#2478 = DIRECTION ( 'NONE',  ( -1.000000000000000000, -0.000000000000000000, -0.000000000000000000 ) ) ;
#2479 = EDGE_CURVE ( 'NONE', #360, #1743, #2081, .T. ) ;
#2480 = AXIS2_PLACEMENT_3D ( 'NONE', #3399, #3770, #350 ) ;
#2481 = B_SPLINE_CURVE_WITH_KNOTS ( 'NONE', 3,
 ( #4148, #3798, #2115, #3817, #1115, #2814, #2467, #782, #448, #1807, #3161, #4167, #912, #2928, #2265, #1266 ),
 .UNSPECIFIED., .F., .F.,
 ( 4, 2, 2, 2, 2, 2, 2, 4 ),
 ( 0.000000000000000000, 0.0002736956474133270647, 0.0005473912948266541293, 0.001094782589653338833, 0.001368478237066680318, 0.001642173884480021585, 0.001915869531893363070, 0.002189565179306704554 ),
 .UNSPECIFIED. ) ;
#2482 = CARTESIAN_POINT ( 'NONE',  ( 72.73703423331747331, 9.365524596284066305, -3.506491860353603496 ) ) ;
#2483 = CARTESIAN_POINT ( 'NONE',  ( 73.43710854142003086, -5.654899030256294701, 5.658808793165426287 ) ) ;
#2484 = DIRECTION ( 'NONE',  ( 0.000000000000000000, 0.000000000000000000, 1.000000000000000000 ) ) ;
#2485 = ORIENTED_EDGE ( 'NONE', *, *, #4182, .F. ) ;
#2486 = TOROIDAL_SURFACE ( 'NONE', #1499, 8.000000000000000000, 2.000000000000000888 ) ;
#2487 = CARTESIAN_POINT ( 'NONE',  ( 72.75516024144297944, -9.998691246639886288, 0.1827000438273091443 ) ) ;
#2488 = CARTESIAN_POINT ( 'NONE',  ( 0.000000000000000000, 0.000000000000000000, 8.000000000000000000 ) ) ;
#2489 = CARTESIAN_POINT ( 'NONE',  ( 76.99999999999980105, 2.073222654917034724, 7.726690612619271370 ) ) ;
#2490 = EDGE_LOOP ( 'NONE', ( #1425, #470, #4321, #3848 ) ) ;
#2491 = VECTOR ( 'NONE', #661, 1000.000000000000227 ) ;
#2492 = ORIENTED_EDGE ( 'NONE', *, *, #440, .F. ) ;
#2493 = DIRECTION ( 'NONE',  ( -0.000000000000000000, 1.000000000000000000, -0.000000000000000000 ) ) ;
#2494 = CARTESIAN_POINT ( 'NONE',  ( 70.18505475354398015, 2.073222654911841101, -7.726690612620661369 ) ) ;
#2495 = EDGE_LOOP ( 'NONE', ( #3716, #2824 ) ) ;
#2496 = VERTEX_POINT ( 'NONE', #3324 ) ;
#2497 = EDGE_CURVE ( 'NONE', #235, #2580, #1422, .T. ) ;
#2498 = FACE_OUTER_BOUND ( 'NONE', #3819, .T. ) ;
#2499 = CARTESIAN_POINT ( 'NONE',  ( 76.29992569189747087, -9.365524596284114267, -3.506491860353478707 ) ) ;
#2500 = CARTESIAN_POINT ( 'NONE',  ( 70.00000000000029843, -9.134461366486663181, 4.069596484193808372 ) ) ;
#2501 = B_SPLINE_CURVE_WITH_KNOTS ( 'NONE', 3,
 ( #3457, #2346, #679, #1766, #3418, #1409, #3392, #3439, #344, #2077, #3121, #388, #1058, #992, #2759, #2366 ),
 .UNSPECIFIED., .F., .F.,
 ( 4, 2, 2, 2, 2, 2, 2, 4 ),
 ( 0.000000000000000000, 0.0002736485253891257933, 0.0005472970507782515866, 0.001094594101556472165, 0.001368242626945581370, 0.001641891152334690575, 0.001915539677723799997, 0.002189188203112909202 ),
 .UNSPECIFIED. ) ;
#2502 = EDGE_CURVE ( 'NONE', #4375, #2917, #1987, .T. ) ;
#2503 = CARTESIAN_POINT ( 'NONE',  ( 73.99631263256588909, -6.396597313574937438, 4.804967933282559223 ) ) ;
#2504 = CARTESIAN_POINT ( 'NONE',  ( 73.43710854142003086, 16.39230484541295851, -28.39230484541334221 ) ) ;
#2505 = CARTESIAN_POINT ( 'NONE',  ( 72.82535986353498458, -7.429434120721674972, 6.694080564013566104 ) ) ;
#2506 = VERTEX_POINT ( 'NONE', #279 ) ;
#2507 = FACE_OUTER_BOUND ( 'NONE', #305, .T. ) ;
#2508 = CARTESIAN_POINT ( 'NONE',  ( 69.64730396509261823, -7.286442005927876053, 3.302878289751927987 ) ) ;
#2509 = CARTESIAN_POINT ( 'NONE',  ( 70.18305898564281620, -9.608321111391148861, -2.771534746288474960 ) ) ;
#2510 = ORIENTED_EDGE ( 'NONE', *, *, #1308, .T. ) ;
#2511 = ORIENTED_EDGE ( 'NONE', *, *, #2479, .T. ) ;
#2512 = CARTESIAN_POINT ( 'NONE',  ( 77.00000000000001421, 28.90718904969263647, -10.52135637039427074 ) ) ;
#2513 = CARTESIAN_POINT ( 'NONE',  ( 73.34455964667171202, -2.073222654911943241, -7.726690612620641829 ) ) ;
#2514 = VERTEX_POINT ( 'NONE', #3954 ) ;
#2515 = EDGE_LOOP ( 'NONE', ( #724, #848 ) ) ;
#2516 = CARTESIAN_POINT ( 'NONE',  ( 70.00000000000000000, 16.39298785811530479, 28.39348785811511533 ) ) ;
#2517 = CARTESIAN_POINT ( 'NONE',  ( 78.38119784648294797, 0.000000000000000000, 8.000000000000000000 ) ) ;
#2518 = DIRECTION ( 'NONE',  ( 0.000000000000000000, 0.000000000000000000, -1.000000000000000000 ) ) ;
#2519 = B_SPLINE_CURVE_WITH_KNOTS ( 'NONE', 3,
 ( #1966, #280, #2987, #3351, #2760, #3741, #3458, #2078, #4113, #787, #1120, #2822, #79, #100 ),
 .UNSPECIFIED., .F., .F.,
 ( 4, 2, 2, 2, 2, 2, 4 ),
 ( 0.002189565179306701085, 0.002736829203537987330, 0.003010461215653616358, 0.003284093227769246254, 0.003557725239884875715, 0.003831357252000505177, 0.004378621276231733743 ),
 .UNSPECIFIED. ) ;
#2520 = ADVANCED_FACE ( 'NONE', ( #4000 ), #2670, .F. ) ;
#2521 = CARTESIAN_POINT ( 'NONE',  ( 69.81497915877278615, -9.613289567144477132, 2.754026815089354763 ) ) ;
#2522 = CARTESIAN_POINT ( 'NONE',  ( 73.43710854142003086, -6.554801683817514935, -4.586346572798767340 ) ) ;
#2523 = DIRECTION ( 'NONE',  ( 0.000000000000000000, 0.000000000000000000, 1.000000000000000000 ) ) ;
#2524 = ORIENTED_EDGE ( 'NONE', *, *, #1804, .T. ) ;
#2525 = ADVANCED_FACE ( 'NONE', ( #2986, #1234 ), #3629, .F. ) ;
#2526 = CYLINDRICAL_SURFACE ( 'NONE', #3126, 24.00000000000000000 ) ;
#2527 = CARTESIAN_POINT ( 'NONE',  ( 77.00000000000001421, -3.378440295530283244, -7.251630242196391407 ) ) ;
#2528 = LINE ( 'NONE', #160, #2626 ) ;
#2529 = EDGE_LOOP ( 'NONE', ( #660, #4254, #1013, #2761 ) ) ;
#2530 = EDGE_LOOP ( 'NONE', ( #4293, #3461, #2200, #186 ) ) ;
#2531 = CARTESIAN_POINT ( 'NONE',  ( 22.30000000000000426, 18.00000000000000000, 0.000000000000000000 ) ) ;
#2532 = CARTESIAN_POINT ( 'NONE',  ( 73.25374738822026188, -2.055550136145345874, -7.731491274654529455 ) ) ;
#2533 = B_SPLINE_CURVE_WITH_KNOTS ( 'NONE', 3,
 ( #2215, #244, #1174, #2567, #265, #3612, #3873, #1862, #3634, #3894, #835, #3937, #4243, #594 ),
 .UNSPECIFIED., .F., .F.,
 ( 4, 2, 2, 2, 2, 2, 4 ),
 ( 0.002189565179306704121, 0.002736829203537978223, 0.003010461215653599878, 0.003284093227769221968, 0.003557725239884843189, 0.003831357252000465279, 0.004378621276231738947 ),
 .UNSPECIFIED. ) ;
#2534 = ORIENTED_EDGE ( 'NONE', *, *, #3750, .F. ) ;
#2535 = ORIENTED_EDGE ( 'NONE', *, *, #902, .T. ) ;
#2536 = VECTOR ( 'NONE', #926, 999.9999999999998863 ) ;
#2537 = DIRECTION ( 'NONE',  ( -0.000000000000000000, 0.7660444431189770143, -0.6427876096865404731 ) ) ;
#2538 = CARTESIAN_POINT ( 'NONE',  ( 74.13714124028111030, -10.00000228892012899, -0.09109313731424552307 ) ) ;
#2539 = CARTESIAN_POINT ( 'NONE',  ( 76.57028713879576287, 5.753386678072508253, -5.559031534202475200 ) ) ;
#2540 = CARTESIAN_POINT ( 'NONE',  ( 70.00000000000000000, 8.091604621704261646, -5.875877351171843621 ) ) ;
#2541 = AXIS2_PLACEMENT_3D ( 'NONE', #4323, #1842, #2523 ) ;
#2542 = CARTESIAN_POINT ( 'NONE',  ( 69.44014412312341733, -9.535501052035742831, 3.013039363096404077 ) ) ;
#2543 = EDGE_CURVE ( 'NONE', #381, #3738, #1778, .T. ) ;
#2544 = CARTESIAN_POINT ( 'NONE',  ( 72.87669828762022917, -5.843634403681926770, -5.464085177025035378 ) ) ;
#2545 = CARTESIAN_POINT ( 'NONE',  ( 70.55983091159234277, -7.653997050281138748, 2.328200684339692739 ) ) ;
#2546 = VERTEX_POINT ( 'NONE', #900 ) ;
#2547 = VECTOR ( 'NONE', #512, 1000.000000000000114 ) ;
#2548 = CARTESIAN_POINT ( 'NONE',  ( 46.30000000000000426, 1.224646799147353256E-15, -10.00000000000000000 ) ) ;
#2549 = ADVANCED_FACE ( 'NONE', ( #1944, #1612, #1279, #2253, #3604, #562, #1346, #1727 ), #4112, .F. ) ;
#2550 = MECHANICAL_DESIGN_GEOMETRIC_PRESENTATION_REPRESENTATION (  '', ( #1491 ), #3129 ) ;
#2551 = CARTESIAN_POINT ( 'NONE',  ( 70.36548765893748225, -3.447680829191780649, 7.220124169822461191 ) ) ;
#2552 = CARTESIAN_POINT ( 'NONE',  ( 76.29992569189745666, 1.826914090910785715, -9.832137155001428042 ) ) ;
#2553 = ORIENTED_EDGE ( 'NONE', *, *, #171, .F. ) ;
#2554 = AXIS2_PLACEMENT_3D ( 'NONE', #1140, #3554, #2449 ) ;
#2555 = DIRECTION ( 'NONE',  ( -1.000000000000000000, -0.000000000000000000, -0.000000000000000000 ) ) ;
#2556 = EDGE_LOOP ( 'NONE', ( #2239, #4 ) ) ;
#2557 = EDGE_CURVE ( 'NONE', #3279, #1437, #2501, .T. ) ;
#2558 = FACE_OUTER_BOUND ( 'NONE', #2122, .T. ) ;
#2559 = CARTESIAN_POINT ( 'NONE',  ( 70.55920409114584402, 0.9629256378048054454, -7.942099737976472618 ) ) ;
#2560 = DIRECTION ( 'NONE',  ( 0.000000000000000000, 0.000000000000000000, 1.000000000000000000 ) ) ;
#2561 = ORIENTED_EDGE ( 'NONE', *, *, #3455, .F. ) ;
#2562 = VERTEX_POINT ( 'NONE', #16 ) ;
#2563 = CARTESIAN_POINT ( 'NONE',  ( 74.04885019795743517, -9.994148424587294244, -0.3524036440381291269 ) ) ;
#2564 = CARTESIAN_POINT ( 'NONE',  ( 26.30000000000000426, 18.00000000000000000, -2.749999999999999556 ) ) ;
#2565 = CARTESIAN_POINT ( 'NONE',  ( 73.25401337745883268, -7.970968626346124353, -0.6818366816699370503 ) ) ;
#2566 = CARTESIAN_POINT ( 'NONE',  ( 69.63374405134040046, -9.592787113976996238, 2.827575189749919726 ) ) ;
#2567 = CARTESIAN_POINT ( 'NONE',  ( 77.55920409114584402, -4.367439472488830354, -6.702958040003999862 ) ) ;
#2568 = CARTESIAN_POINT ( 'NONE',  ( 70.70003269886106523, 7.601892644611240257, -6.497658959800753031 ) ) ;
#2569 = EDGE_LOOP ( 'NONE', ( #3844, #729 ) ) ;
#2570 = CARTESIAN_POINT ( 'NONE',  ( 0.000000000000000000, 0.000000000000000000, 0.000000000000000000 ) ) ;
#2571 = CARTESIAN_POINT ( 'NONE',  ( 69.81690483603881603, 7.970968626346124353, -0.6818366816699370503 ) ) ;
#2572 = CARTESIAN_POINT ( 'NONE',  ( 76.29996708377642278, -7.486382540795677443, 2.821776638121166414 ) ) ;
#2573 = ORIENTED_EDGE ( 'NONE', *, *, #1799, .F. ) ;
#2574 = EDGE_CURVE ( 'NONE', #516, #530, #3, .T. ) ;
#2575 = CARTESIAN_POINT ( 'NONE',  ( 83.00000000000000000, 0.000000000000000000, 0.000000000000000000 ) ) ;
#2576 = DIRECTION ( 'NONE',  ( -1.000000000000000000, -0.000000000000000000, -0.000000000000000000 ) ) ;
#2577 = CARTESIAN_POINT ( 'NONE',  ( 69.44014412312341733, 1.311442144081226058, 9.913844159541280732 ) ) ;
#2578 = DIRECTION ( 'NONE',  ( 0.000000000000000000, -0.8660254037844434816, -0.4999999999999916178 ) ) ;
#2579 = ORIENTED_EDGE ( 'NONE', *, *, #3534, .F. ) ;
#2580 = VERTEX_POINT ( 'NONE', #1389 ) ;
#2581 = EDGE_CURVE ( 'NONE', #1150, #3158, #2033, .T. ) ;
#2582 = SHAPE_DEFINITION_REPRESENTATION ( #2857, #3012 ) ;
#2583 = DIRECTION ( 'NONE',  ( 0.000000000000000000, 0.000000000000000000, 1.000000000000000000 ) ) ;
#2584 = CARTESIAN_POINT ( 'NONE',  ( 77.00000000000029843, -9.134461366486663181, 4.069596484193808372 ) ) ;
#2585 = FACE_OUTER_BOUND ( 'NONE', #4103, .T. ) ;
#2586 = CARTESIAN_POINT ( 'NONE',  ( 77.61173969054668476, -7.631202340068760748, 2.402489340526724249 ) ) ;
#2587 = CARTESIAN_POINT ( 'NONE',  ( 70.00000000000029843, 2.421587599005925906, 9.702366386626549044 ) ) ;
#2588 = CARTESIAN_POINT ( 'NONE',  ( 73.00739568021579373, -5.753386678072584637, -5.559031534202396152 ) ) ;
#2589 = DIRECTION ( 'NONE',  ( 0.000000000000000000, 0.000000000000000000, 1.000000000000000000 ) ) ;
#2590 = CARTESIAN_POINT ( 'NONE',  ( 76.90745110525168116, 2.073222654911841101, -7.726690612620664034 ) ) ;
#2591 = CARTESIAN_POINT ( 'NONE',  ( 26.30000000000000426, 18.00000000000000000, 0.000000000000000000 ) ) ;
#2592 = CARTESIAN_POINT ( 'NONE',  ( 69.81663884680024523, 2.055550136145243734, -7.731491274654556101 ) ) ;
#2593 = EDGE_LOOP ( 'NONE', ( #3363, #433 ) ) ;
#2594 = CARTESIAN_POINT ( 'NONE',  ( 26.30000000000000426, -18.00000000000000000, -2.749999999999999556 ) ) ;
#2595 = EDGE_LOOP ( 'NONE', ( #4131, #2740, #1787, #3928 ) ) ;
#2596 = CARTESIAN_POINT ( 'NONE',  ( 77.36548765893749646, -7.709117753318349031, -2.141541405881024485 ) ) ;
#2597 = CARTESIAN_POINT ( 'NONE',  ( 70.68192758678331700, 6.244579179920615175, -5.001243350619664518 ) ) ;
#2599 = EDGE_CURVE ( 'NONE', #398, #4045, #4239, .T. ) ;
#2598 = CARTESIAN_POINT ( 'NONE',  ( 77.36548765893749646, 6.511750766985641370, 4.649064215118237975 ) ) ;
#2600 = EDGE_LOOP ( 'NONE', ( #3538, #3582, #2793, #4024 ) ) ;
#2601 = ORIENTED_EDGE ( 'NONE', *, *, #597, .T. ) ;
#2602 = CARTESIAN_POINT ( 'NONE',  ( 73.25438029584988442, 4.381517174222507194, 8.989010359989201504 ) ) ;
#2603 = CARTESIAN_POINT ( 'NONE',  ( 72.82535986353498458, -7.882490134888791466, -6.154149431483484811 ) ) ;
#2604 = CARTESIAN_POINT ( 'NONE',  ( 77.00000000000001421, 16.39298785811485359, -28.39348785811523257 ) ) ;
#2605 = EDGE_CURVE ( 'NONE', #3881, #4109, #484, .T. ) ;
#2606 = CARTESIAN_POINT ( 'NONE',  ( 69.81727175442983935, 7.191701968142999668, -6.948339571538519444 ) ) ;
#2607 = AXIS2_PLACEMENT_3D ( 'NONE', #3484, #1878, #1214 ) ;
#2608 = CARTESIAN_POINT ( 'NONE',  ( 76.90745110525169537, 5.654899030256377301, 5.658808793165355233 ) ) ;
#2609 = CARTESIAN_POINT ( 'NONE',  ( 69.81727175442986777, -9.134461366488467959, 4.069596484189760943 ) ) ;
#2610 = ADVANCED_FACE ( 'NONE', ( #3784, #2097, #2696, #4050, #1016, #3718, #2718, #4070, #1038, #3740, #701, #2054, #4090, #369, #35 ), #3764, .T. ) ;
#2611 = CARTESIAN_POINT ( 'NONE',  ( 70.69993446735442433, 1.916640780129284183, -9.816305978943375976 ) ) ;
#2612 = CONICAL_SURFACE ( 'NONE', #705, 8.000000000000000000, 1.047197551196593412 ) ;
#2613 = DIRECTION ( 'NONE',  ( 0.000000000000000000, -0.3420201433256737644, -0.9396926207859065405 ) ) ;
#2614 = CARTESIAN_POINT ( 'NONE',  ( 76.81663884680024523, 2.055550136145243734, -7.731491274654556101 ) ) ;
#2615 = CARTESIAN_POINT ( 'NONE',  ( 70.00000000000000000, -4.590875860828400157, 6.551630242196448961 ) ) ;
#2616 = CARTESIAN_POINT ( 'NONE',  ( 76.43958974620021252, -7.360047323100268102, 3.135919843906137761 ) ) ;
#2617 = EDGE_LOOP ( 'NONE', ( #3896, #2436 ) ) ;
#2618 = AXIS2_PLACEMENT_3D ( 'NONE', #2707, #2002, #3361 ) ;
#2619 = CARTESIAN_POINT ( 'NONE',  ( 0.000000000000000000, 9.797174393178825657E-16, -8.000000000000000000 ) ) ;
#2620 = ORIENTED_EDGE ( 'NONE', *, *, #1507, .F. ) ;
#2621 = DIRECTION ( 'NONE',  ( 0.000000000000000000, 0.8660254037844362651, -0.5000000000000039968 ) ) ;
#2622 = DIRECTION ( 'NONE',  ( 0.000000000000000000, 0.000000000000000000, 1.000000000000000000 ) ) ;
#2623 = CARTESIAN_POINT ( 'NONE',  ( 73.78998107740525825, -8.039206399150421234, -5.947470137189228900 ) ) ;
#2624 = ORIENTED_EDGE ( 'NONE', *, *, #1421, .F. ) ;
#2625 = ORIENTED_EDGE ( 'NONE', *, *, #1749, .T. ) ;
#2626 = VECTOR ( 'NONE', #115, 1000.000000000000000 ) ;
#2627 = B_SPLINE_CURVE_WITH_KNOTS ( 'NONE', 3,
 ( #1024, #614, #1970, #3329, #975, #286, #2376, #3017, #1643, #3358, #2994, #3726, #687, #2329, #1996, #309 ),
 .UNSPECIFIED., .F., .F.,
 ( 4, 2, 2, 2, 2, 2, 2, 4 ),
 ( 0.000000000000000000, 0.0002736485253891249802, 0.0005472970507782499603, 0.001094594101556468912, 0.001368242626945578334, 0.001641891152334687756, 0.001915539677723797178, 0.002189188203112906600 ),
 .UNSPECIFIED. ) ;
#2628 = CIRCLE ( 'NONE', #4049, 2.749999999999999112 ) ;
#2629 = CARTESIAN_POINT ( 'NONE',  ( 70.00000000000000000, -5.593952739520734241, 8.289010359989211096 ) ) ;
#2630 = CYLINDRICAL_SURFACE ( 'NONE', #3882, 0.7000000000000023981 ) ;
#2631 = DIRECTION ( 'NONE',  ( -0.000000000000000000, -0.9396926207859104263, -0.3420201433256630508 ) ) ;
#2632 = B_SPLINE_CURVE_WITH_KNOTS ( 'NONE', 3,
 ( #2765, #4097, #4157, #3131, #3851, #3463, #3521, #1460, #1127, #2168, #1396, #1087, #1796, #2828 ),
 .UNSPECIFIED., .F., .F.,
 ( 4, 2, 2, 2, 2, 2, 4 ),
 ( 0.002189188203112911804, 0.002736359354753674193, 0.003009944930574055821, 0.003283530506394437016, 0.003557116082214818210, 0.003830701658035199839, 0.004377872809675963095 ),
 .UNSPECIFIED. ) ;
#2633 = ADVANCED_FACE ( 'NONE', ( #2843 ), #4133, .F. ) ;
#2634 = CARTESIAN_POINT ( 'NONE',  ( 76.81663884680024523, 5.667892784916003457, 5.645904273981568799 ) ) ;
#2635 = CARTESIAN_POINT ( 'NONE',  ( 77.61126478936334649, 5.895678554439202301, -5.408156178450327367 ) ) ;
#2636 = CARTESIAN_POINT ( 'NONE',  ( 70.68161899798533909, 7.998335771811197148, -0.1838579591700393312 ) ) ;
#2637 = CARTESIAN_POINT ( 'NONE',  ( 26.30000000000000426, 8.999999999999962697, -12.83845726811991561 ) ) ;
#2638 = ADVANCED_FACE ( 'NONE', ( #786 ), #183, .F. ) ;
#2639 = CARTESIAN_POINT ( 'NONE',  ( 77.00000000000001421, -5.593952739520734241, 8.289010359989211096 ) ) ;
#2640 = CARTESIAN_POINT ( 'NONE',  ( 76.31805170002294858, 1.916178933670080520, -9.815063129995985847 ) ) ;
#2641 = ORIENTED_EDGE ( 'NONE', *, *, #2473, .T. ) ;
#2642 = CARTESIAN_POINT ( 'NONE',  ( 74.13703576169565679, -1.480762296136221901, 7.862308083797269198 ) ) ;
#2643 = ORIENTED_EDGE ( 'NONE', *, *, #3084, .T. ) ;
#2644 = FACE_OUTER_BOUND ( 'NONE', #810, .T. ) ;
#2645 = CARTESIAN_POINT ( 'NONE',  ( 26.30000000000000426, 0.000000000000000000, 0.000000000000000000 ) ) ;
#2646 = CARTESIAN_POINT ( 'NONE',  ( 73.86762228682982823, -8.008220735970162707, -5.989372340134154094 ) ) ;
#2647 = EDGE_LOOP ( 'NONE', ( #3251, #2643, #3163, #2641 ) ) ;
#2648 = CYLINDRICAL_SURFACE ( 'NONE', #2331, 0.7000000000000019540 ) ;
#2649 = CARTESIAN_POINT ( 'NONE',  ( 73.25208770019280280, 5.593952739520850592, 8.289010359989122279 ) ) ;
#2650 = CARTESIAN_POINT ( 'NONE',  ( 70.18305898564281620, -4.397896357319347693, 8.981077165895326786 ) ) ;
#2651 = DIRECTION ( 'NONE',  ( 0.000000000000000000, 0.000000000000000000, 1.000000000000000000 ) ) ;
#2652 = CARTESIAN_POINT ( 'NONE',  ( 74.06128050092939930, -2.095638712167055662, -9.778804626702241265 ) ) ;
#2653 = ORIENTED_EDGE ( 'NONE', *, *, #1874, .T. ) ;
#2654 = CARTESIAN_POINT ( 'NONE',  ( 70.00000000000000000, -4.381517174222641309, -8.989010359989141108 ) ) ;
#2655 = CARTESIAN_POINT ( 'NONE',  ( 69.31811214426680579, 1.569008408843345803, 7.845088160270687005 ) ) ;
#2656 = DIRECTION ( 'NONE',  ( -1.000000000000000000, -0.000000000000000000, -0.000000000000000000 ) ) ;
#2657 = CARTESIAN_POINT ( 'NONE',  ( 70.43051374540978316, -9.573751917419279778, 2.889196187263374682 ) ) ;
#2658 = ADVANCED_FACE ( 'NONE', ( #1517 ), #2163, .T. ) ;
#2659 = CARTESIAN_POINT ( 'NONE',  ( 76.81497915877280036, 7.191701968143202173, 6.948339571538315163 ) ) ;
#2660 = CARTESIAN_POINT ( 'NONE',  ( 70.18274313490441330, -4.590875860828607991, -6.551630242196305964 ) ) ;
#2661 = ADVANCED_FACE ( 'NONE', ( #121 ), #1538, .F. ) ;
#2662 = ORIENTED_EDGE ( 'NONE', *, *, #1467, .T. ) ;
#2663 = CARTESIAN_POINT ( 'NONE',  ( 77.00000000000001421, -5.593952739520734241, 8.289010359989211096 ) ) ;
#2664 = ORIENTED_EDGE ( 'NONE', *, *, #3019, .T. ) ;
#2665 = CARTESIAN_POINT ( 'NONE',  ( 72.75522068568683665, 7.453448192359164892, 2.907456908237570747 ) ) ;
#2666 = CARTESIAN_POINT ( 'NONE',  ( 70.00000000000000000, 2.073222654911841545, -7.726690612620662257 ) ) ;
#2667 = CARTESIAN_POINT ( 'NONE',  ( 73.43710854142003086, -4.138564843368482293, 27.50210689370572936 ) ) ;
#2668 = ORIENTED_EDGE ( 'NONE', *, *, #4072, .T. ) ;
#2669 = CARTESIAN_POINT ( 'NONE',  ( 69.64710261100199773, 5.717448682340063648, 5.595714811985518899 ) ) ;
#2670 = CYLINDRICAL_SURFACE ( 'NONE', #141, 0.7000000000000022871 ) ;
#2671 = CYLINDRICAL_SURFACE ( 'NONE', #66, 2.749999999999999112 ) ;
#2672 = CARTESIAN_POINT ( 'NONE',  ( 85.00100000000000477, -9.000000000000074607, -15.58845726811985699 ) ) ;
#2673 = VERTEX_POINT ( 'NONE', #2470 ) ;
#2674 = CARTESIAN_POINT ( 'NONE',  ( 69.30007476368578523, 7.720191323180309872, 6.356664381876655945 ) ) ;
#2675 = CARTESIAN_POINT ( 'NONE',  ( 69.64710261100196931, 0.7829636434407832857, 7.961671409026890522 ) ) ;
#2676 = B_SPLINE_CURVE_WITH_KNOTS ( 'NONE', 3,
 ( #1166, #2513, #2532, #3926, #2205, #1891, #513, #895, #1873, #3230, #184, #207, #4257, #920, #273, #4297 ),
 .UNSPECIFIED., .F., .F.,
 ( 4, 2, 2, 2, 2, 2, 2, 4 ),
 ( 0.000000000000000000, 0.0002736956474133263057, 0.0005473912948266526114, 0.001094782589653336014, 0.001368478237066677282, 0.001642173884480018550, 0.001915869531893360251, 0.002189565179306701519 ),
 .UNSPECIFIED. ) ;
#2677 = CARTESIAN_POINT ( 'NONE',  ( 78.38119784648294797, 0.000000000000000000, 0.000000000000000000 ) ) ;
#2678 = CARTESIAN_POINT ( 'NONE',  ( 73.43710854141983191, -5.654899030252645176, -5.658808793169081142 ) ) ;
#2679 = ADVANCED_FACE ( 'NONE', ( #2863 ), #4210, .T. ) ;
#2680 = AXIS2_PLACEMENT_3D ( 'NONE', #3633, #2945, #1901 ) ;
#2681 = CARTESIAN_POINT ( 'NONE',  ( 76.63374405134041467, 7.245145502422571937, 6.893809738925090080 ) ) ;
#2682 = CARTESIAN_POINT ( 'NONE',  ( 77.70003269886103681, 1.646772946262808235, -9.863897941560951566 ) ) ;
#2683 = VERTEX_POINT ( 'NONE', #3845 ) ;
#2684 = AXIS2_PLACEMENT_3D ( 'NONE', #3201, #133, #2463 ) ;
#2685 = EDGE_CURVE ( 'NONE', #1808, #2185, #1844, .T. ) ;
#2686 = CARTESIAN_POINT ( 'NONE',  ( 72.87669828762022917, 7.653853773586646980, -2.328693255504722170 ) ) ;
#2687 = ORIENTED_EDGE ( 'NONE', *, *, #2179, .T. ) ;
#2688 = CIRCLE ( 'NONE', #2262, 12.00000000000000000 ) ;
#2689 = CARTESIAN_POINT ( 'NONE',  ( 72.75516024144297944, -1.916178933670209528, -9.815063129995960978 ) ) ;
#2690 = CARTESIAN_POINT ( 'NONE',  ( 70.36548765893749646, 5.709188137408403918, -5.605521112198775135 ) ) ;
#2691 = DIRECTION ( 'NONE',  ( -1.000000000000000000, -0.000000000000000000, -0.000000000000000000 ) ) ;
#2692 = ORIENTED_EDGE ( 'NONE', *, *, #3323, .T. ) ;
#2693 = CARTESIAN_POINT ( 'NONE',  ( 74.11900067817299487, -7.776981807849676187, 6.286950375292233772 ) ) ;
#2694 = VECTOR ( 'NONE', #3149, 1000.000000000000114 ) ;
#2695 = EDGE_CURVE ( 'NONE', #1020, #2673, #143, .T. ) ;
#2696 = FACE_BOUND ( 'NONE', #385, .T. ) ;
#2697 = FACE_OUTER_BOUND ( 'NONE', #2217, .T. ) ;
#2698 = DIRECTION ( 'NONE',  ( 0.000000000000000000, 0.000000000000000000, 1.000000000000000000 ) ) ;
#2699 = ORIENTED_EDGE ( 'NONE', *, *, #3271, .F. ) ;
#2700 = VECTOR ( 'NONE', #4129, 1000.000000000000114 ) ;
#2701 = CARTESIAN_POINT ( 'NONE',  ( 69.63374405134040046, 7.245145502422571937, 6.893809738925090080 ) ) ;
#2702 = CARTESIAN_POINT ( 'NONE',  ( 70.00000000000000000, 6.554801683817454538, -4.586346572798861487 ) ) ;
#2703 = CARTESIAN_POINT ( 'NONE',  ( 70.35287253598527002, -4.461121160811891251, -8.949840141000011684 ) ) ;
#2704 = DIRECTION ( 'NONE',  ( 0.000000000000000000, 0.000000000000000000, 1.000000000000000000 ) ) ;
#2705 = CARTESIAN_POINT ( 'NONE',  ( 77.00000000000029843, -9.613289567145773873, -2.754026815084820612 ) ) ;
#2706 = CARTESIAN_POINT ( 'NONE',  ( 76.63452057087403091, 8.047427656738289414, 5.937641136061227343 ) ) ;
#2707 = CARTESIAN_POINT ( 'NONE',  ( -9.797174393178823685E-16, 0.000000000000000000, 0.000000000000000000 ) ) ;
#2708 = CARTESIAN_POINT ( 'NONE',  ( 73.86684065352461914, 4.507069051401742854, 8.926959845213394473 ) ) ;
#2709 = VERTEX_POINT ( 'NONE', #3802 ) ;
#2710 = CARTESIAN_POINT ( 'NONE',  ( 72.75522068568685086, 7.578549846144570168, -2.563742939325740267 ) ) ;
#2711 = CARTESIAN_POINT ( 'NONE',  ( 69.30007476368578523, -4.919495212058404121, 8.706727455758702661 ) ) ;
#2712 = CARTESIAN_POINT ( 'NONE',  ( 73.80259620035752732, 7.282083097610436262, 3.314809479763116240 ) ) ;
#2713 = B_SPLINE_CURVE_WITH_KNOTS ( 'NONE', 3,
 ( #1914, #2883, #2596, #1227, #3274, #1294, #1627, #3342, #583, #1958, #3318, #4231, #625, #3905 ),
 .UNSPECIFIED., .F., .F.,
 ( 4, 2, 2, 2, 2, 2, 4 ),
 ( 0.002189565179306707157, 0.002736829203537996871, 0.003010461215653627200, 0.003284093227769257529, 0.003557725239884887425, 0.003831357252000517320, 0.004378621276231748488 ),
 .UNSPECIFIED. ) ;
#2714 = DIRECTION ( 'NONE',  ( -1.000000000000000000, -0.000000000000000000, -0.000000000000000000 ) ) ;
#2715 = VERTEX_POINT ( 'NONE', #3145 ) ;
#2716 = ADVANCED_FACE ( 'NONE', ( #163 ), #1829, .F. ) ;
#2717 = LINE ( 'NONE', #3417, #700 ) ;
#2718 = FACE_BOUND ( 'NONE', #980, .T. ) ;
#2719 = FACE_OUTER_BOUND ( 'NONE', #123, .T. ) ;
#2720 = CARTESIAN_POINT ( 'NONE',  ( 73.78980100698353795, -1.130948381481690301, -9.935904346757430616 ) ) ;
#2721 = EDGE_CURVE ( 'NONE', #3495, #391, #428, .T. ) ;
#2722 = ORIENTED_EDGE ( 'NONE', *, *, #4048, .F. ) ;
#2723 = CARTESIAN_POINT ( 'NONE',  ( 77.62417195950939686, -9.516512581452420960, 3.074525951460517881 ) ) ;
#2724 = CARTESIAN_POINT ( 'NONE',  ( 77.00000000000001421, 28.90718904969263647, -10.52135637039427074 ) ) ;
#2725 = CARTESIAN_POINT ( 'NONE',  ( 77.55920409114582981, 5.842727140443155776, -5.465044701943131855 ) ) ;
#2726 = CARTESIAN_POINT ( 'NONE',  ( 70.00000000000000000, 28.90718904969263647, -10.52135637039427074 ) ) ;
#2727 = DIRECTION ( 'NONE',  ( -0.000000000000000000, 0.7660444431189771253, -0.6427876096865405842 ) ) ;
#2728 = LINE ( 'NONE', #45, #909 ) ;
#2729 = DIRECTION ( 'NONE',  ( -0.000000000000000000, -0.9396926207859105373, -0.3420201433256630508 ) ) ;
#2730 = CARTESIAN_POINT ( 'NONE',  ( 73.43710854142003086, 5.593952739520850592, 8.289010359989124055 ) ) ;
#2731 = VERTEX_POINT ( 'NONE', #825 ) ;
#2732 = CARTESIAN_POINT ( 'NONE',  ( 76.64730396509263244, -3.458689167794526398, 7.213786200272759075 ) ) ;
#2733 = CARTESIAN_POINT ( 'NONE',  ( 73.43710854142003086, 7.728121685168185095, 2.067881819455191561 ) ) ;
#2734 = CARTESIAN_POINT ( 'NONE',  ( 85.00100000000000477, 8.999999999999962697, -15.58845726811991561 ) ) ;
#2735 = B_SPLINE_CURVE_WITH_KNOTS ( 'NONE', 3,
 ( #1571, #4216, #170, #190, #2232, #3584, #3630, #3932, #1545, #1836, #1190, #3605, #3890, #3196, #151, #1505 ),
 .UNSPECIFIED., .F., .F.,
 ( 4, 2, 2, 2, 2, 2, 2, 4 ),
 ( 0.000000000000000000, 0.0002736485253891249802, 0.0005472970507782499603, 0.001094594101556470647, 0.001368242626945581153, 0.001641891152334691226, 0.001915539677723801949, 0.002189188203112912671 ),
 .UNSPECIFIED. ) ;
#2736 = ORIENTED_EDGE ( 'NONE', *, *, #223, .T. ) ;
#2737 = CARTESIAN_POINT ( 'NONE',  ( 73.62016752706283285, -8.080947735358023465, 5.890630112976134924 ) ) ;
#2738 = CARTESIAN_POINT ( 'NONE',  ( 22.30000000000000426, -18.00000000000000000, 0.000000000000000000 ) ) ;
#2739 = DIRECTION ( 'NONE',  ( 0.000000000000000000, -0.6427876096865299260, 0.7660444431189858960 ) ) ;
#2740 = ORIENTED_EDGE ( 'NONE', *, *, #3375, .T. ) ;
#2741 = ORIENTED_EDGE ( 'NONE', *, *, #906, .F. ) ;
#2742 = CARTESIAN_POINT ( 'NONE',  ( 77.18274313490444172, 0.6944918006946078082, -7.969798061354380181 ) ) ;
#2743 = ADVANCED_FACE ( 'NONE', ( #3864 ), #3821, .F. ) ;
#2744 = CARTESIAN_POINT ( 'NONE',  ( 74.06128050092939930, 4.680342061349030303, -8.838049543191839774 ) ) ;
#2745 = DIRECTION ( 'NONE',  ( -1.000000000000000000, -0.000000000000000000, -0.000000000000000000 ) ) ;
#2746 = DIRECTION ( 'NONE',  ( -0.000000000000000000, -0.9396926207859104263, -0.3420201433256630508 ) ) ;
#2747 = CARTESIAN_POINT ( 'NONE',  ( 77.18305898564281620, 7.204380053452687172, -6.935282797038794911 ) ) ;
#2748 = EDGE_CURVE ( 'NONE', #19, #2099, #1919, .T. ) ;
#2749 = DIRECTION ( 'NONE',  ( -0.000000000000000000, 1.000000000000000000, -0.000000000000000000 ) ) ;
#2750 = ORIENTED_EDGE ( 'NONE', *, *, #579, .F. ) ;
#2751 = AXIS2_PLACEMENT_3D ( 'NONE', #1156, #1423, #479 ) ;
#2752 = CARTESIAN_POINT ( 'NONE',  ( 72.73718330510583030, -9.999994766543689906, -0.09295590044075918712 ) ) ;
#2753 = CARTESIAN_POINT ( 'NONE',  ( -9.797174393178823685E-16, 0.000000000000000000, 8.000000000000000000 ) ) ;
#2754 = CARTESIAN_POINT ( 'NONE',  ( 76.37585270615915078, -7.385569109308939950, -3.077353889715498614 ) ) ;
#2755 = CIRCLE ( 'NONE', #416, 2.749999999999999556 ) ;
#2756 = ORIENTED_EDGE ( 'NONE', *, *, #3108, .F. ) ;
#2757 = CARTESIAN_POINT ( 'NONE',  ( 73.00739568021579373, 3.505114243832888832, 7.191555047648562571 ) ) ;
#2758 = AXIS2_PLACEMENT_3D ( 'NONE', #1113, #1160, #1805 ) ;
#2759 = CARTESIAN_POINT ( 'NONE',  ( 77.09138514484499183, -9.613289567144491343, -2.754026815089295699 ) ) ;
#2760 = CARTESIAN_POINT ( 'NONE',  ( 74.04837333078339157, 4.302220296950317824, -6.745226414605630438 ) ) ;
#2761 = ORIENTED_EDGE ( 'NONE', *, *, #3291, .T. ) ;
#2762 = ORIENTED_EDGE ( 'NONE', *, *, #3505, .F. ) ;
#2763 = VECTOR ( 'NONE', #3918, 1000.000000000000114 ) ;
#2764 = DIRECTION ( 'NONE',  ( -0.000000000000000000, -0.9396926207859058744, 0.3420201433256757628 ) ) ;
#2765 = CARTESIAN_POINT ( 'NONE',  ( 70.00000000000029843, 1.042856744779703915, -9.945473835361866577 ) ) ;
#2766 = CARTESIAN_POINT ( 'NONE',  ( 38.00000000000000711, 0.000000000000000000, 0.000000000000000000 ) ) ;
#2767 = CARTESIAN_POINT ( 'NONE',  ( 76.31838297155172768, -5.158557346406134947, -8.567173340128984904 ) ) ;
#2768 = EDGE_CURVE ( 'NONE', #1724, #1542, #119, .T. ) ;
#2769 = AXIS2_PLACEMENT_3D ( 'NONE', #2318, #3670, #2578 ) ;
#2770 = CARTESIAN_POINT ( 'NONE',  ( 73.43710854142003086, 9.134461366488524803, -4.069596484189621499 ) ) ;
#2771 = AXIS2_PLACEMENT_3D ( 'NONE', #3422, #3443, #1751 ) ;
#2772 = CARTESIAN_POINT ( 'NONE',  ( 85.00100000000000477, 18.00000000000000000, 0.000000000000000000 ) ) ;
#2773 = EDGE_LOOP ( 'NONE', ( #1875, #2511 ) ) ;
#2774 = EDGE_CURVE ( 'NONE', #3093, #1135, #2713, .T. ) ;
#2775 = CARTESIAN_POINT ( 'NONE',  ( 73.43710854142003086, -1.042856744784256717, 9.945473835361390513 ) ) ;
#2776 = DIRECTION ( 'NONE',  ( 0.000000000000000000, 0.8660254037844369313, -0.5000000000000027756 ) ) ;
#2777 = CARTESIAN_POINT ( 'NONE',  ( 76.57028713879576287, -7.690955868094389913, -2.203063253904483432 ) ) ;
#2778 = ORIENTED_EDGE ( 'NONE', *, *, #2252, .T. ) ;
#2779 = CARTESIAN_POINT ( 'NONE',  ( 70.36548765893751067, -7.709117753318349031, -2.141541405881024485 ) ) ;
#2780 = CARTESIAN_POINT ( 'NONE',  ( 76.81727175442981093, 7.191701968142999668, -6.948339571538519444 ) ) ;
#2781 = ORIENTED_EDGE ( 'NONE', *, *, #723, .T. ) ;
#2782 = VERTEX_POINT ( 'NONE', #2978 ) ;
#2783 = CARTESIAN_POINT ( 'NONE',  ( 41.30000000000000426, 0.000000000000000000, 10.09999999999999964 ) ) ;
#2784 = CARTESIAN_POINT ( 'NONE',  ( 69.31811214426680579, 6.009541437301313849, -5.281345220945031116 ) ) ;
#2785 = CARTESIAN_POINT ( 'NONE',  ( 70.00000000000000000, -5.593952739520734241, 8.289010359989211096 ) ) ;
#2786 = CARTESIAN_POINT ( 'NONE',  ( 74.04884823196671562, 7.390130527420731177, -3.064828702244161374 ) ) ;
#2787 = CARTESIAN_POINT ( 'NONE',  ( 76.44014412312341733, -4.623086905735380725, -8.867426570260457552 ) ) ;
#2788 = B_SPLINE_CURVE_WITH_KNOTS ( 'NONE', 3,
 ( #4123, #1444, #3136, #2503, #441, #1090, #3854, #3811, #4141, #2422, #1109, #2171, #2443, #3506 ),
 .UNSPECIFIED., .F., .F.,
 ( 4, 2, 2, 2, 2, 2, 4 ),
 ( 0.002189565179306704554, 0.002736829203537947432, 0.003010461215653583399, 0.003284093227769219799, 0.003557725239884856200, 0.003831357252000492167, 0.004378621276231736345 ),
 .UNSPECIFIED. ) ;
#2789 = CARTESIAN_POINT ( 'NONE',  ( 74.13718088981457299, -8.000006330482586137, 0.09189175393411773418 ) ) ;
#2790 = ADVANCED_FACE ( 'NONE', ( #2558, #296, #2224, #1207, #556, #3925, #3946, #232, #2953, #1587, #943, #4276, #2934, #872 ), #3994, .T. ) ;
#2791 = CYLINDRICAL_SURFACE ( 'NONE', #785, 0.7000000000000017319 ) ;
#2792 = LINE ( 'NONE', #2193, #2475 ) ;
#2793 = ORIENTED_EDGE ( 'NONE', *, *, #990, .F. ) ;
#2794 = CARTESIAN_POINT ( 'NONE',  ( 76.31805170002294858, 1.556330094396602526, 9.878514189336526030 ) ) ;
#2795 = ADVANCED_FACE ( 'NONE', ( #2644 ), #1247, .F. ) ;
#2796 = CARTESIAN_POINT ( 'NONE',  ( 77.18274313490444172, 2.073222654912076468, 7.726690612620605414 ) ) ;
#2797 = DIRECTION ( 'NONE',  ( -1.000000000000000000, -0.000000000000000000, -0.000000000000000000 ) ) ;
#2798 = ORIENTED_EDGE ( 'NONE', *, *, #1332, .F. ) ;
#2799 = CARTESIAN_POINT ( 'NONE',  ( 77.69992722027565435, 7.999993631776062486, -0.09299071859576445165 ) ) ;
#2800 = EDGE_CURVE ( 'NONE', #1293, #1812, #533, .T. ) ;
#2801 = DIRECTION ( 'NONE',  ( 0.000000000000000000, -0.3420201433256737644, -0.9396926207859065405 ) ) ;
#2802 = CARTESIAN_POINT ( 'NONE',  ( 26.30000000000000426, -8.999999999999854339, 15.58845726811997778 ) ) ;
#2803 = ORIENTED_EDGE ( 'NONE', *, *, #301, .F. ) ;
#2804 = ORIENTED_EDGE ( 'NONE', *, *, #2066, .T. ) ;
#2805 = DIRECTION ( 'NONE',  ( -0.000000000000000000, -0.4999999999999919509, 0.8660254037844432595 ) ) ;
#2806 = CYLINDRICAL_SURFACE ( 'NONE', #3971, 0.7000000000000018430 ) ;
#2807 = CARTESIAN_POINT ( 'NONE',  ( 26.30000000000000426, 0.000000000000000000, 12.00000000000000000 ) ) ;
#2808 = CARTESIAN_POINT ( 'NONE',  ( 76.63452057087400249, 9.981329390871614748, -0.6242897900856730908 ) ) ;
#2809 = CARTESIAN_POINT ( 'NONE',  ( 69.99999999999980105, -7.728121685169544008, -2.067881819450098746 ) ) ;
#2810 = CARTESIAN_POINT ( 'NONE',  ( 0.000000000000000000, 0.000000000000000000, 0.000000000000000000 ) ) ;
#2811 = EDGE_LOOP ( 'NONE', ( #314, #1164, #166, #698 ) ) ;
#2812 = CARTESIAN_POINT ( 'NONE',  ( -1.619044300812758254E-15, 0.000000000000000000, 0.000000000000000000 ) ) ;
#2813 = CARTESIAN_POINT ( 'NONE',  ( 77.00000000000001421, 0.6944918006948505029, 7.969798061354350871 ) ) ;
#2814 = CARTESIAN_POINT ( 'NONE',  ( 72.81296124757919586, -5.887647773897627168, 5.417780147019985115 ) ) ;
#2815 = ORIENTED_EDGE ( 'NONE', *, *, #1147, .T. ) ;
#2816 = CARTESIAN_POINT ( 'NONE',  ( 70.00000000000000000, -7.249293484512255858, -3.383451488555469844 ) ) ;
#2817 = AXIS2_PLACEMENT_3D ( 'NONE', #784, #2141, #3436 ) ;
#2818 = ADVANCED_FACE ( 'NONE', ( #1890 ), #2272, .F. ) ;
#2819 = ORIENTED_EDGE ( 'NONE', *, *, #3991, .F. ) ;
#2820 = AXIS2_PLACEMENT_3D ( 'NONE', #1613, #950, #4331 ) ;
#2821 = CARTESIAN_POINT ( 'NONE',  ( 74.06128050092942772, 9.266338768151948457, -3.761872854442400271 ) ) ;
#2822 = CARTESIAN_POINT ( 'NONE',  ( 73.80340771215254847, 3.448092290516638236, -7.219931900313774520 ) ) ;
#2823 = ORIENTED_EDGE ( 'NONE', *, *, #2574, .T. ) ;
#2824 = ORIENTED_EDGE ( 'NONE', *, *, #1037, .T. ) ;
#2825 = EDGE_CURVE ( 'NONE', #3787, #806, #1211, .T. ) ;
#2826 = CIRCLE ( 'NONE', #2972, 10.00000000000000000 ) ;
#2827 = DIRECTION ( 'NONE',  ( 0.000000000000000000, 0.8660254037844369313, -0.5000000000000027756 ) ) ;
#2828 = CARTESIAN_POINT ( 'NONE',  ( 70.00000000000000000, 2.421587599001353563, -9.702366386627689465 ) ) ;
#2829 = VECTOR ( 'NONE', #2263, 1000.000000000000114 ) ;
#2830 = CARTESIAN_POINT ( 'NONE',  ( 85.00100000000000477, 18.00000000000000000, 0.000000000000000000 ) ) ;
#2831 = VECTOR ( 'NONE', #2805, 1000.000000000000000 ) ;
#2832 = CARTESIAN_POINT ( 'NONE',  ( 76.31838297155172768, 9.998668424379548725, -0.1838550388020163961 ) ) ;
#2833 = CARTESIAN_POINT ( 'NONE',  ( 69.29996708377640857, -7.548704804726682482, -2.650547625241433725 ) ) ;
#2834 = CARTESIAN_POINT ( 'NONE',  ( 0.000000000000000000, 0.000000000000000000, 0.000000000000000000 ) ) ;
#2835 = VECTOR ( 'NONE', #2576, 1000.000000000000000 ) ;
#2836 = ORIENTED_EDGE ( 'NONE', *, *, #1744, .T. ) ;
#2837 = CARTESIAN_POINT ( 'NONE',  ( 73.25208770019281701, -9.975469913743410189, 0.7000000000000018430 ) ) ;
#2838 = CARTESIAN_POINT ( 'NONE',  ( 72.87725266454344819, 9.535501052035781910, 3.013039363096273071 ) ) ;
#2839 = CARTESIAN_POINT ( 'NONE',  ( 70.09253170642541875, -9.134461366488585199, -4.069596484189502483 ) ) ;
#2840 = VERTEX_POINT ( 'NONE', #206 ) ;
#2841 = B_SPLINE_CURVE_WITH_KNOTS ( 'NONE', 3,
 ( #1059, #3168, #1767, #702, #1146, #3122, #1476, #122, #1082, #4174, #4091, #748, #2411, #1811, #1436, #2471 ),
 .UNSPECIFIED., .F., .F.,
 ( 4, 2, 2, 2, 2, 2, 2, 4 ),
 ( 0.000000000000000000, 0.0002736485253891249802, 0.0005472970507782499603, 0.001094594101556470647, 0.001368242626945581153, 0.001641891152334691226, 0.001915539677723801949, 0.002189188203112912671 ),
 .UNSPECIFIED. ) ;
#2842 = EDGE_LOOP ( 'NONE', ( #3950, #4088, #2846, #335 ) ) ;
#2843 = FACE_OUTER_BOUND ( 'NONE', #3278, .T. ) ;
#2844 = LINE ( 'NONE', #3249, #1554 ) ;
#2845 = EDGE_CURVE ( 'NONE', #235, #1252, #1563, .T. ) ;
#2846 = ORIENTED_EDGE ( 'NONE', *, *, #2800, .T. ) ;
#2847 = EDGE_LOOP ( 'NONE', ( #1474, #176, #271, #3294 ) ) ;
#2848 = CARTESIAN_POINT ( 'NONE',  ( 83.00000000000000000, 1.224646799147353256E-15, -10.00000000000000178 ) ) ;
#2849 = DIRECTION ( 'NONE',  ( 0.000000000000000000, 0.000000000000000000, 1.000000000000000000 ) ) ;
#2850 = CARTESIAN_POINT ( 'NONE',  ( 76.64710261100199773, 6.503527875081180021, -4.658902109972728134 ) ) ;
#2851 = EDGE_CURVE ( 'NONE', #2146, #4063, #2316, .T. ) ;
#2852 = DIRECTION ( 'NONE',  ( 0.000000000000000000, 0.000000000000000000, 1.000000000000000000 ) ) ;
#2853 = CARTESIAN_POINT ( 'NONE',  ( 74.11903612820337628, -7.998362439200166207, 0.1827634471315756903 ) ) ;
#2854 = CARTESIAN_POINT ( 'NONE',  ( 69.43958974620021252, -7.653853773586678955, -2.328693255504620474 ) ) ;
#2855 = DIRECTION ( 'NONE',  ( 1.000000000000000000, 0.000000000000000000, 0.000000000000000000 ) ) ;
#2856 = ORIENTED_EDGE ( 'NONE', *, *, #3135, .T. ) ;
#2857 = PRODUCT_DEFINITION_SHAPE ( 'NONE', 'NONE',  #977 ) ;
#2858 = CARTESIAN_POINT ( 'NONE',  ( 70.69992722027564014, 1.480762296136328260, 7.862308083797248770 ) ) ;
#2859 = CARTESIAN_POINT ( 'NONE',  ( 73.43710854142003086, 9.613289567144516212, 2.754026815089224201 ) ) ;
#2860 = CARTESIAN_POINT ( 'NONE',  ( 70.61174165653740431, -9.511956670466215513, -3.087048972754602882 ) ) ;
#2861 = ORIENTED_EDGE ( 'NONE', *, *, #1851, .F. ) ;
#2862 = VERTEX_POINT ( 'NONE', #2246 ) ;
#2863 = FACE_OUTER_BOUND ( 'NONE', #4333, .T. ) ;
#2864 = CARTESIAN_POINT ( 'NONE',  ( 69.31838297155171347, 1.917312418632073800, 9.814840091684466472 ) ) ;
#2865 = EDGE_LOOP ( 'NONE', ( #3721, #807, #145, #111 ) ) ;
#2866 = EDGE_LOOP ( 'NONE', ( #1583, #3037, #2601 ) ) ;
#2867 = CARTESIAN_POINT ( 'NONE',  ( 73.86762228682981402, -9.984547324097629684, 0.5594596657860433364 ) ) ;
#2868 = CARTESIAN_POINT ( 'NONE',  ( 78.38119784648294797, 0.000000000000000000, 0.000000000000000000 ) ) ;
#2869 = CARTESIAN_POINT ( 'NONE',  ( 43.29999999999999716, 0.000000000000000000, 12.00000000000000000 ) ) ;
#2870 = EDGE_CURVE ( 'NONE', #530, #516, #1143, .T. ) ;
#2871 = CARTESIAN_POINT ( 'NONE',  ( 77.00000000000001421, 15.78677007546619748, 28.74348785811512030 ) ) ;
#2872 = DIRECTION ( 'NONE',  ( -0.000000000000000000, 0.1736481776669273336, -0.9848077530122085754 ) ) ;
#2873 = CYLINDRICAL_SURFACE ( 'NONE', #3188, 0.7000000000000008438 ) ;
#2874 = ORIENTED_EDGE ( 'NONE', *, *, #3460, .F. ) ;
#2875 = EDGE_CURVE ( 'NONE', #1621, #511, #3943, .T. ) ;
#2876 = CARTESIAN_POINT ( 'NONE',  ( 73.62016752706283285, -2.403941057938405734, 9.706817543327332487 ) ) ;
#2877 = DIRECTION ( 'NONE',  ( 1.000000000000000000, 0.000000000000000000, 0.000000000000000000 ) ) ;
#2878 = DIRECTION ( 'NONE',  ( 0.000000000000000000, 0.3420201433256633283, -0.9396926207859103153 ) ) ;
#2879 = VERTEX_POINT ( 'NONE', #1651 ) ;
#2880 = CARTESIAN_POINT ( 'NONE',  ( 77.68189213675299243, -4.840978753708738758, 8.750549455157237588 ) ) ;
#2881 = EDGE_LOOP ( 'NONE', ( #3649, #3930 ) ) ;
#2882 = B_SPLINE_CURVE_WITH_KNOTS ( 'NONE', 3,
 ( #3975, #1628, #2690, #3030, #339, #3343, #2008, #318, #2597, #3388, #584, #3299, #3947, #1317 ),
 .UNSPECIFIED., .F., .F.,
 ( 4, 2, 2, 2, 2, 2, 4 ),
 ( 0.002189565179306703253, 0.002736829203537947432, 0.003010461215653585133, 0.003284093227769222401, 0.003557725239884859669, 0.003831357252000497371, 0.004378621276231741549 ),
 .UNSPECIFIED. ) ;
#2883 = CARTESIAN_POINT ( 'NONE',  ( 77.18274313490442751, -7.728121685168217958, -2.067881819455060555 ) ) ;
#2884 = CARTESIAN_POINT ( 'NONE',  ( 77.61126478936331807, -3.690427280851007019, 7.098445277138891285 ) ) ;
#2885 = CARTESIAN_POINT ( 'NONE',  ( 77.00000000000001421, 16.99920564076441210, 28.04348785811511391 ) ) ;
#2886 = ORIENTED_EDGE ( 'NONE', *, *, #3858, .F. ) ;
#2887 = ORIENTED_EDGE ( 'NONE', *, *, #3665, .T. ) ;
#2888 = VECTOR ( 'NONE', #4119, 1000.000000000000000 ) ;
#2889 = DIRECTION ( 'NONE',  ( 0.000000000000000000, 0.000000000000000000, 1.000000000000000000 ) ) ;
#2890 = CARTESIAN_POINT ( 'NONE',  ( 77.00000000000029843, 2.421587599005925906, 9.702366386626549044 ) ) ;
#2891 = CARTESIAN_POINT ( 'NONE',  ( 76.90745110525169537, 6.554801683817454538, -4.586346572798863264 ) ) ;
#2892 = FACE_BOUND ( 'NONE', #4149, .T. ) ;
#2893 = AXIS2_PLACEMENT_3D ( 'NONE', #36, #1390, #2739 ) ;
#2894 = AXIS2_PLACEMENT_3D ( 'NONE', #2830, #736, #2852 ) ;
#2895 = CARTESIAN_POINT ( 'NONE',  ( 70.09138514484496341, 2.421587599001409519, 9.702366386627673478 ) ) ;
#2896 = CARTESIAN_POINT ( 'NONE',  ( 73.43710854142003086, -25.45151984136904844, 22.27014601432665586 ) ) ;
#2897 = CARTESIAN_POINT ( 'NONE',  ( 70.36629917073253182, -7.708999854324739331, 2.141980003433715751 ) ) ;
#2898 = EDGE_CURVE ( 'NONE', #3025, #559, #2427, .T. ) ;
#2899 = ORIENTED_EDGE ( 'NONE', *, *, #2557, .F. ) ;
#2900 = AXIS2_PLACEMENT_3D ( 'NONE', #2516, #3501, #2827 ) ;
#2901 = B_SPLINE_CURVE_WITH_KNOTS ( 'NONE', 3,
 ( #1306, #352, #641, #709, #3748, #2636, #2040, #2062, #4058, #2352, #3425, #4314, #1286, #664 ),
 .UNSPECIFIED., .F., .F.,
 ( 4, 2, 2, 2, 2, 2, 4 ),
 ( 0.002189565179306701952, 0.002736829203537974754, 0.003010461215653596409, 0.003284093227769218064, 0.003557725239884840154, 0.003831357252000461809, 0.004378621276231734610 ),
 .UNSPECIFIED. ) ;
#2902 = CARTESIAN_POINT ( 'NONE',  ( 73.86684065352463335, -2.285523979092623392, 9.735536125614677516 ) ) ;
#2903 = AXIS2_PLACEMENT_3D ( 'NONE', #290, #1, #3428 ) ;
#2904 = CARTESIAN_POINT ( 'NONE',  ( 69.29996708377639436, 8.000002880169382991, -0.09110905475474719017 ) ) ;
#2905 = CARTESIAN_POINT ( 'NONE',  ( 76.31838297155172768, -9.332792809352291385, 3.592513230828765280 ) ) ;
#2906 = EDGE_CURVE ( 'NONE', #4040, #426, #3166, .T. ) ;
#2907 = ORIENTED_EDGE ( 'NONE', *, *, #1048, .F. ) ;
#2908 = AXIS2_PLACEMENT_3D ( 'NONE', #2248, #3625, #1249 ) ;
#2909 = CARTESIAN_POINT ( 'NONE',  ( 74.04837333078339157, -1.735761360952117860, 7.809885489916640111 ) ) ;
#2910 = EDGE_LOOP ( 'NONE', ( #1231, #2051 ) ) ;
#2911 = DIRECTION ( 'NONE',  ( -1.000000000000000000, -0.000000000000000000, -0.000000000000000000 ) ) ;
#2912 = CARTESIAN_POINT ( 'NONE',  ( 70.18274313490442751, 0.6944918006946078082, -7.969798061354380181 ) ) ;
#2913 = CARTESIAN_POINT ( 'NONE',  ( 77.36629917073254603, 5.709509024534276556, 5.605199709898876392 ) ) ;
#2914 = ADVANCED_FACE ( 'NONE', ( #4086 ), #984, .F. ) ;
#2915 = CIRCLE ( 'NONE', #791, 2.749999999999999556 ) ;
#2916 = ORIENTED_EDGE ( 'NONE', *, *, #88, .T. ) ;
#2917 = VERTEX_POINT ( 'NONE', #2753 ) ;
#2918 = APPLICATION_PROTOCOL_DEFINITION ( 'draft international standard', 'automotive_design', 1998, #580 ) ;
#2919 = DIRECTION ( 'NONE',  ( 0.000000000000000000, 0.8660254037844369313, -0.5000000000000027756 ) ) ;
#2920 = CARTESIAN_POINT ( 'NONE',  ( 73.43710854142003086, 9.613289567144516212, 2.754026815089224201 ) ) ;
#2921 = CARTESIAN_POINT ( 'NONE',  ( 69.44014412312341733, 7.929919819282168270, -6.092664292138451287 ) ) ;
#2922 = CARTESIAN_POINT ( 'NONE',  ( 77.09138514484497762, 1.042856744784331990, -9.945473835361379855 ) ) ;
#2923 = CARTESIAN_POINT ( 'NONE',  ( 72.75522068568682243, -1.569008408843243219, 7.845088160270708322 ) ) ;
#2924 = CARTESIAN_POINT ( 'NONE',  ( 70.42973211210463091, 1.182059443252313491, -9.930106695538260198 ) ) ;
#2925 = CARTESIAN_POINT ( 'NONE',  ( 78.38119784648294797, 0.000000000000000000, 0.000000000000000000 ) ) ;
#2926 = CARTESIAN_POINT ( 'NONE',  ( 76.90860718336327295, 0.6944918006948144207, -7.969798061354357088 ) ) ;
#2927 = CARTESIAN_POINT ( 'NONE',  ( 76.30007476368578523, -4.919495212058404121, 8.706727455758702661 ) ) ;
#2928 = CARTESIAN_POINT ( 'NONE',  ( 73.25401337745886110, -6.544392393295376920, 4.601322669107491770 ) ) ;
#2929 = VERTEX_POINT ( 'NONE', #2383 ) ;
#2930 = B_SPLINE_CURVE_WITH_KNOTS ( 'NONE', 3,
 ( #1321, #3717, #1344, #4046, #677, #3391, #2799, #1099, #1057, #763, #2117, #117, #4150, #2095 ),
 .UNSPECIFIED., .F., .F.,
 ( 4, 2, 2, 2, 2, 2, 4 ),
 ( 0.002189565179306701952, 0.002736829203537974754, 0.003010461215653596409, 0.003284093227769218064, 0.003557725239884840154, 0.003831357252000461809, 0.004378621276231734610 ),
 .UNSPECIFIED. ) ;
#2931 = EDGE_CURVE ( 'NONE', #890, #3354, #617, .T. ) ;
#2932 = CARTESIAN_POINT ( 'NONE',  ( 73.80259620035752732, -1.999929615909894709, 7.747062518079838256 ) ) ;
#2933 = ORIENTED_EDGE ( 'NONE', *, *, #3673, .F. ) ;
#2934 = FACE_BOUND ( 'NONE', #2569, .T. ) ;
#2935 = CARTESIAN_POINT ( 'NONE',  ( 73.43710854141983191, 4.590875860832720257, -6.551630242193421161 ) ) ;
#2936 = CARTESIAN_POINT ( 'NONE',  ( 41.30000000000000426, 1.236893267138826614E-15, -10.09999999999999964 ) ) ;
#2937 = EDGE_LOOP ( 'NONE', ( #637, #917 ) ) ;
#2938 = ORIENTED_EDGE ( 'NONE', *, *, #4037, .T. ) ;
#2939 = EDGE_CURVE ( 'NONE', #2335, #3539, #1366, .T. ) ;
#2940 = DIRECTION ( 'NONE',  ( -1.000000000000000000, -0.000000000000000000, -0.000000000000000000 ) ) ;
#2941 = CARTESIAN_POINT ( 'NONE',  ( 73.43710854142003086, -8.091604621704339806, -5.875877351171729934 ) ) ;
#2942 = CARTESIAN_POINT ( 'NONE',  ( 76.37585270615919342, 6.357851199582968960, -4.857413525209373972 ) ) ;
#2943 = CARTESIAN_POINT ( 'NONE',  ( 72.73717451054042726, -7.999994227702337923, 0.1829757553230671185 ) ) ;
#2944 = CARTESIAN_POINT ( 'NONE',  ( 77.00000000000001421, -7.728121685168154897, 2.067881819455296366 ) ) ;
#2945 = DIRECTION ( 'NONE',  ( -0.000000000000000000, 1.000000000000000000, 1.224646799147353207E-16 ) ) ;
#2946 = CARTESIAN_POINT ( 'NONE',  ( 73.43710854141983191, -5.654899030252645176, -5.658808793169081142 ) ) ;
#2947 = CARTESIAN_POINT ( 'NONE',  ( 70.00000000000029843, 7.191701968139922130, -6.948339571541708004 ) ) ;
#2948 = CARTESIAN_POINT ( 'NONE',  ( 70.55983091159232856, 0.9637274448566957030, 7.942003442727923357 ) ) ;
#2949 = DIRECTION ( 'NONE',  ( -1.000000000000000000, -0.000000000000000000, -0.000000000000000000 ) ) ;
#2950 = CARTESIAN_POINT ( 'NONE',  ( 69.38828058685216149, 1.040823727697810952, -7.932457475291100124 ) ) ;
#2951 = VERTEX_POINT ( 'NONE', #2527 ) ;
#2952 = CARTESIAN_POINT ( 'NONE',  ( 77.35269246556353551, -4.461023277316036761, 8.949888867954379990 ) ) ;
#2953 = FACE_BOUND ( 'NONE', #629, .T. ) ;
#2954 = CARTESIAN_POINT ( 'NONE',  ( 70.61174165653740431, 7.882482560357553680, 6.154157923442573619 ) ) ;
#2955 = CYLINDRICAL_SURFACE ( 'NONE', #13, 12.00000000000000000 ) ;
#2956 = VERTEX_POINT ( 'NONE', #4128 ) ;
#2957 = ADVANCED_FACE ( 'NONE', ( #3117 ), #95, .F. ) ;
#2958 = B_SPLINE_CURVE_WITH_KNOTS ( 'NONE', 3,
 ( #3379, #1971, #3359, #3749, #4030, #4099, #1399, #1644, #1047, #1067, #354, #3042, #2063, #2747, #3426, #330 ),
 .UNSPECIFIED., .F., .F.,
 ( 4, 2, 2, 2, 2, 2, 2, 4 ),
 ( 0.000000000000000000, 0.0002736485253891239502, 0.0005472970507782479004, 0.001094594101556467828, 0.001368242626945577684, 0.001641891152334687539, 0.001915539677723797395, 0.002189188203112907034 ),
 .UNSPECIFIED. ) ;
#2959 = ORIENTED_EDGE ( 'NONE', *, *, #4009, .T. ) ;
#2960 = B_SPLINE_CURVE_WITH_KNOTS ( 'NONE', 3,
 ( #715, #1028, #3071, #3407, #2069, #4342, #3024, #2682, #4034, #3632, #3587, #1258, #2305, #2326, #2922, #2991 ),
 .UNSPECIFIED., .F., .F.,
 ( 4, 2, 2, 2, 2, 2, 2, 4 ),
 ( 0.000000000000000000, 0.0002736485253891242212, 0.0005472970507782484425, 0.001094594101556469346, 0.001368242626945579852, 0.001641891152334690358, 0.001915539677723801298, 0.002189188203112911804 ),
 .UNSPECIFIED. ) ;
#2961 = DIRECTION ( 'NONE',  ( 1.000000000000000000, 0.000000000000000000, 0.000000000000000000 ) ) ;
#2962 = CYLINDRICAL_SURFACE ( 'NONE', #3688, 0.7000000000000019540 ) ;
#2963 = FACE_OUTER_BOUND ( 'NONE', #2600, .T. ) ;
#2964 = FACE_BOUND ( 'NONE', #203, .T. ) ;
#2965 = EDGE_CURVE ( 'NONE', #1812, #316, #3060, .T. ) ;
#2966 = CIRCLE ( 'NONE', #1408, 2.749999999999999556 ) ;
#2967 = CARTESIAN_POINT ( 'NONE',  ( 77.68161899798536751, -7.453093977792022429, 2.908361914546587990 ) ) ;
#2968 = CARTESIAN_POINT ( 'NONE',  ( 72.73717451054044147, -1.208988476531027478, 7.910229745963257564 ) ) ;
#2969 = DIRECTION ( 'NONE',  ( -0.000000000000000000, -0.9396926207859057634, 0.3420201433256757073 ) ) ;
#2970 = CIRCLE ( 'NONE', #991, 2.749999999999999112 ) ;
#2971 = CARTESIAN_POINT ( 'NONE',  ( 70.61174165653737589, 7.429441168365277903, -6.694071629943256774 ) ) ;
#2972 = AXIS2_PLACEMENT_3D ( 'NONE', #2575, #3903, #1269 ) ;
#2973 = CARTESIAN_POINT ( 'NONE',  ( 76.31838297155175610, -4.840111077973372034, 8.751028378931072993 ) ) ;
#2974 = CARTESIAN_POINT ( 'NONE',  ( 69.90745110525168116, 2.073222654911841101, -7.726690612620664034 ) ) ;
#2975 = ORIENTED_EDGE ( 'NONE', *, *, #1698, .T. ) ;
#2976 = CARTESIAN_POINT ( 'NONE',  ( 77.09138514484499183, -4.381517174222576472, 8.989010359989173082 ) ) ;
#2977 = VERTEX_POINT ( 'NONE', #4206 ) ;
#2978 = CARTESIAN_POINT ( 'NONE',  ( 73.43710854142003086, -7.969316156358710934, 0.7000000000000018430 ) ) ;
#2979 = CARTESIAN_POINT ( 'NONE',  ( 70.00000000000000000, -7.249293484512255858, -3.383451488555469844 ) ) ;
#2980 = CARTESIAN_POINT ( 'NONE',  ( 73.52964024784543540, -8.091604621704339806, -5.875877351171730822 ) ) ;
#2981 = VERTEX_POINT ( 'NONE', #1096 ) ;
#2982 = CARTESIAN_POINT ( 'NONE',  ( 73.78998107740531509, -7.253108243013406842, 6.884305438897214913 ) ) ;
#2983 = CIRCLE ( 'NONE', #1639, 10.00000000000000000 ) ;
#2984 = DIRECTION ( 'NONE',  ( 0.000000000000000000, 0.000000000000000000, 1.000000000000000000 ) ) ;
#2985 = EDGE_CURVE ( 'NONE', #3645, #3148, #1943, .T. ) ;
#2986 = FACE_BOUND ( 'NONE', #1326, .T. ) ;
#2987 = CARTESIAN_POINT ( 'NONE',  ( 73.80259620035752732, 4.528970534948271620, -6.595841267131995700 ) ) ;
#2988 = DIRECTION ( 'NONE',  ( -1.000000000000000000, -0.000000000000000000, -0.000000000000000000 ) ) ;
#2989 = EDGE_LOOP ( 'NONE', ( #469, #1739 ) ) ;
#2990 = B_SPLINE_CURVE_WITH_KNOTS ( 'NONE', 3,
 ( #2011, #2052, #3370, #2669, #4020, #300, #2032, #34, #1701, #2365, #947, #1368, #630, #1388, #1962, #321 ),
 .UNSPECIFIED., .F., .F.,
 ( 4, 2, 2, 2, 2, 2, 2, 4 ),
 ( 0.000000000000000000, 0.0002736956474133490197, 0.0005473912948266980395, 0.001094782589653366589, 0.001368478237066700917, 0.001642173884480035463, 0.001915869531893370009, 0.002189565179306704121 ),
 .UNSPECIFIED. ) ;
#2991 = CARTESIAN_POINT ( 'NONE',  ( 77.00000000000029843, 1.042856744779703915, -9.945473835361866577 ) ) ;
#2992 = EDGE_CURVE ( 'NONE', #1246, #2917, #4147, .T. ) ;
#2993 = CARTESIAN_POINT ( 'NONE',  ( 77.00000000000029843, -9.613289567145773873, -2.754026815084820612 ) ) ;
#2994 = CARTESIAN_POINT ( 'NONE',  ( 77.56041628925873965, -5.367457054334439093, -8.437694488545506744 ) ) ;
#2995 = CARTESIAN_POINT ( 'NONE',  ( 70.00000000000000000, -5.517496861347256143, -27.26014030135426580 ) ) ;
#2996 = CARTESIAN_POINT ( 'NONE',  ( 76.30007476368578523, 7.720191323180309872, 6.356664381876655945 ) ) ;
#2997 = CARTESIAN_POINT ( 'NONE',  ( 70.70007234839455634, 6.069293513521682115, 5.212698114117690906 ) ) ;
#2998 = CARTESIAN_POINT ( 'NONE',  ( 76.90745110525168116, -7.728121685168154897, 2.067881819455296810 ) ) ;
#2999 = ORIENTED_EDGE ( 'NONE', *, *, #5, .T. ) ;
#3000 = LINE ( 'NONE', #4064, #4168 ) ;
#3001 = ORIENTED_EDGE ( 'NONE', *, *, #1985, .T. ) ;
#3002 = CARTESIAN_POINT ( 'NONE',  ( 73.25438029584987021, -1.042856744784240952, -9.945473835361385184 ) ) ;
#3003 = DIRECTION ( 'NONE',  ( -1.000000000000000000, -0.000000000000000000, -0.000000000000000000 ) ) ;
#3004 = CARTESIAN_POINT ( 'NONE',  ( 76.99999999999980105, 6.554801683820541847, 4.586346572794449017 ) ) ;
#3005 = B_SPLINE_CURVE_WITH_KNOTS ( 'NONE', 3,
 ( #67, #1840, #2108, #3448, #2152, #2461, #3199, #2789, #2853, #799, #459, #153, #737, #417 ),
 .UNSPECIFIED., .F., .F.,
 ( 4, 2, 2, 2, 2, 2, 4 ),
 ( 0.002189565179306701952, 0.002736829203537945263, 0.003010461215653581664, 0.003284093227769218064, 0.003557725239884854465, 0.003831357252000491299, 0.004378621276231734610 ),
 .UNSPECIFIED. ) ;
#3006 = B_SPLINE_CURVE_WITH_KNOTS ( 'NONE', 3,
 ( #1974, #4082, #2379, #46, #1359, #1646, #619, #2997, #3091, #1310, #3708, #2310, #3686, #1050 ),
 .UNSPECIFIED., .F., .F.,
 ( 4, 2, 2, 2, 2, 2, 4 ),
 ( 0.002189565179306704121, 0.002736829203537975621, 0.003010461215653595542, 0.003284093227769215896, 0.003557725239884836251, 0.003831357252000456605, 0.004378621276231725937 ),
 .UNSPECIFIED. ) ;
#3007 = ORIENTED_EDGE ( 'NONE', *, *, #387, .T. ) ;
#3008 = CARTESIAN_POINT ( 'NONE',  ( 26.30000000000000426, -9.000000000000074607, -15.58845726811985699 ) ) ;
#3009 = DIRECTION ( 'NONE',  ( 0.000000000000000000, 0.000000000000000000, 1.000000000000000000 ) ) ;
#3010 = DIRECTION ( 'NONE',  ( 0.000000000000000000, 0.8660254037844369313, -0.5000000000000027756 ) ) ;
#3011 = CARTESIAN_POINT ( 'NONE',  ( 73.52964024784544961, -2.421587599001482349, -9.702366386627664596 ) ) ;
#3012 = ADVANCED_BREP_SHAPE_REPRESENTATION ( 'L1_1102_Injector', ( #3151, #2067 ), #1433 ) ;
#3013 = ORIENTED_EDGE ( 'NONE', *, *, #603, .F. ) ;
#3014 = PRODUCT_RELATED_PRODUCT_CATEGORY ( 'part', '', ( #3332 ) ) ;
#3015 = CARTESIAN_POINT ( 'NONE',  ( 76.56947108626575016, 5.753948984502245345, 5.558440032192215163 ) ) ;
#3016 = CARTESIAN_POINT ( 'NONE',  ( 76.44079562782333426, -9.535751181077202432, -3.012244669736409808 ) ) ;
#3017 = CARTESIAN_POINT ( 'NONE',  ( 77.70003269886103681, -5.078890115484663070, -8.614709451450217159 ) ) ;
#3018 = CARTESIAN_POINT ( 'NONE',  ( 69.44014412312341733, 9.990960128906360538, 0.4300025808602422894 ) ) ;
#3019 = EDGE_CURVE ( 'NONE', #1035, #1168, #3438, .T. ) ;
#3020 = B_SPLINE_CURVE_WITH_KNOTS ( 'NONE', 3,
 ( #458, #62, #1755, #1420, #1506, #2767, #3486, #3110, #2107, #814, #2787, #4121, #152, #1089 ),
 .UNSPECIFIED., .F., .F.,
 ( 4, 2, 2, 2, 2, 2, 4 ),
 ( 0.002189188203112906600, 0.002736359354753666387, 0.003009944930574047148, 0.003283530506394428342, 0.003557116082214809537, 0.003830701658035190298, 0.004377872809675953554 ),
 .UNSPECIFIED. ) ;
#3021 = CARTESIAN_POINT ( 'NONE',  ( 72.87790416924339354, 9.535751181077163352, -3.012244669736537261 ) ) ;
#3022 = B_SPLINE_CURVE_WITH_KNOTS ( 'NONE', 3,
 ( #1841, #4142, #738, #1110, #2088, #2132, #3467, #442, #3449, #397, #1757, #1801, #2444, #1781, #109, #1464 ),
 .UNSPECIFIED., .F., .F.,
 ( 4, 2, 2, 2, 2, 2, 2, 4 ),
 ( 0.000000000000000000, 0.0002736485253891228118, 0.0005472970507782456235, 0.001094594101556462190, 0.001368242626945572913, 0.001641891152334683853, 0.001915539677723794793, 0.002189188203112905733 ),
 .UNSPECIFIED. ) ;
#3023 = CARTESIAN_POINT ( 'NONE',  ( 38.00000000000000711, 1.236893267138826416E-15, -10.09999999999999787 ) ) ;
#3024 = CARTESIAN_POINT ( 'NONE',  ( 77.69993446735442433, 1.916640780129284183, -9.816305978943375976 ) ) ;
#3025 = VERTEX_POINT ( 'NONE', #1492 ) ;
#3026 = EDGE_CURVE ( 'NONE', #606, #1730, #361, .T. ) ;
#3027 = CARTESIAN_POINT ( 'NONE',  ( -1.619044300812758254E-15, 0.000000000000000000, 13.22049999999999947 ) ) ;
#3028 = VERTEX_POINT ( 'NONE', #1886 ) ;
#3029 = CARTESIAN_POINT ( 'NONE',  ( 70.00000000000029843, -4.381517174218394928, 8.989010359991207011 ) ) ;
#3030 = CARTESIAN_POINT ( 'NONE',  ( 70.55920409114582981, 5.842727140443155776, -5.465044701943131855 ) ) ;
#3031 = DIRECTION ( 'NONE',  ( 0.000000000000000000, 0.000000000000000000, 1.000000000000000000 ) ) ;
#3032 = ORIENTED_EDGE ( 'NONE', *, *, #2599, .F. ) ;
#3033 = CARTESIAN_POINT ( 'NONE',  ( 73.43710854142003086, -7.191701968143100032, 6.948339571538409309 ) ) ;
#3034 = CARTESIAN_POINT ( 'NONE',  ( 76.44014412312340312, 7.929919819282168270, -6.092664292138451287 ) ) ;
#3035 = DIRECTION ( 'NONE',  ( 0.000000000000000000, 0.9848077530122081313, 0.1736481776669296373 ) ) ;
#3036 = LINE ( 'NONE', #252, #844 ) ;
#3037 = ORIENTED_EDGE ( 'NONE', *, *, #603, .T. ) ;
#3038 = CARTESIAN_POINT ( 'NONE',  ( 77.18505475354396594, 2.073222654911841101, -7.726690612620661369 ) ) ;
#3039 = CARTESIAN_POINT ( 'NONE',  ( 74.11900067817299487, 5.157708748383710073, -8.567685307471215594 ) ) ;
#3040 = FACE_OUTER_BOUND ( 'NONE', #1219, .T. ) ;
#3041 = DIRECTION ( 'NONE',  ( -0.000000000000000000, -0.9396926207859057634, 0.3420201433256757073 ) ) ;
#3042 = CARTESIAN_POINT ( 'NONE',  ( 77.42973211210461670, 7.288459614697096356, -6.847089889660075812 ) ) ;
#3043 = VECTOR ( 'NONE', #1026, 1000.000000000000227 ) ;
#3044 = CIRCLE ( 'NONE', #1972, 2.750000000000000000 ) ;
#3045 = CARTESIAN_POINT ( 'NONE',  ( 76.37585270615917921, 7.992681810746259607, 0.3657533364050375435 ) ) ;
#3046 = EDGE_CURVE ( 'NONE', #2342, #3178, #3381, .T. ) ;
#3047 = CARTESIAN_POINT ( 'NONE',  ( 76.81497915877277194, -9.613289567144477132, 2.754026815089354763 ) ) ;
#3048 = ORIENTED_EDGE ( 'NONE', *, *, #463, .F. ) ;
#3049 = TOROIDAL_SURFACE ( 'NONE', #3607, 14.22050000000000125, 1.000000000000001776 ) ;
#3050 = CARTESIAN_POINT ( 'NONE',  ( 72.82538912827220656, 4.301568146613116816, -6.745643565256308705 ) ) ;
#3051 = EDGE_CURVE ( 'NONE', #886, #1979, #2000, .T. ) ;
#3052 = AXIS2_PLACEMENT_3D ( 'NONE', #377, #2727, #2021 ) ;
#3053 = CARTESIAN_POINT ( 'NONE',  ( 69.38871602490030455, -4.691196906215548523, 8.831752064176800587 ) ) ;
#3054 = CARTESIAN_POINT ( 'NONE',  ( 70.69993446735443854, 7.542849959021454609, 6.568012594992802100 ) ) ;
#3055 = CARTESIAN_POINT ( 'NONE',  ( 85.00100000000000477, 9.000000000000181188, 12.83845726811979127 ) ) ;
#3056 = ORIENTED_EDGE ( 'NONE', *, *, #3695, .F. ) ;
#3057 = CARTESIAN_POINT ( 'NONE',  ( 73.86684065352463335, -8.008694938999894930, 5.988746854408957709 ) ) ;
#3058 = CARTESIAN_POINT ( 'NONE',  ( 76.44079562782336268, 7.376555996944630600, -6.752080432112088637 ) ) ;
#3059 = CARTESIAN_POINT ( 'NONE',  ( 26.30000000000000426, 8.999999999999962697, -15.58845726811991561 ) ) ;
#3060 = CIRCLE ( 'NONE', #1636, 2.749999999999999556 ) ;
#3061 = CARTESIAN_POINT ( 'NONE',  ( 69.64710261100196931, -4.517878785896053628, 6.602273469663054506 ) ) ;
#3062 = ORIENTED_EDGE ( 'NONE', *, *, #2096, .F. ) ;
#3063 = VECTOR ( 'NONE', #2459, 999.9999999999998863 ) ;
#3064 = CARTESIAN_POINT ( 'NONE',  ( 77.61126478936334649, 1.040056012286290743, -7.932557113509613345 ) ) ;
#3065 = FACE_OUTER_BOUND ( 'NONE', #2075, .T. ) ;
#3066 = CARTESIAN_POINT ( 'NONE',  ( 69.38828058685214728, 1.735005866167377064, 7.810054434753012309 ) ) ;
#3067 = CYLINDRICAL_SURFACE ( 'NONE', #856, 0.7000000000000018430 ) ;
#3068 = CYLINDRICAL_SURFACE ( 'NONE', #4236, 2.749999999999999112 ) ;
#3069 = CARTESIAN_POINT ( 'NONE',  ( 76.29992569189747087, 7.601423504268762343, 6.498222590761129069 ) ) ;
#3070 =( NAMED_UNIT ( * ) PLANE_ANGLE_UNIT ( ) SI_UNIT ( $, .RADIAN. ) );
#3071 = CARTESIAN_POINT ( 'NONE',  ( 77.18332813216636623, 2.403866124199305787, -9.706836159008028986 ) ) ;
#3072 = EDGE_LOOP ( 'NONE', ( #3515, #1519, #1559, #3480 ) ) ;
#3073 = EDGE_CURVE ( 'NONE', #2335, #972, #3988, .T. ) ;
#3074 = CARTESIAN_POINT ( 'NONE',  ( 76.31811214426680579, -3.840795293519170706, 7.018225355652339736 ) ) ;
#3075 = CARTESIAN_POINT ( 'NONE',  ( 73.08421115242201438, 7.704755520682391001, 2.153598397747464421 ) ) ;
#3076 = CARTESIAN_POINT ( 'NONE',  ( 77.00000000000001421, -25.90255039611523102, -21.73482048393066890 ) ) ;
#3077 = ORIENTED_EDGE ( 'NONE', *, *, #1338, .F. ) ;
#3078 = DIRECTION ( 'NONE',  ( -0.000000000000000000, 0.1736481776669404620, 0.9848077530122062440 ) ) ;
#3079 = EDGE_CURVE ( 'NONE', #3114, #102, #3224, .T. ) ;
#3080 = DIRECTION ( 'NONE',  ( 0.000000000000000000, 0.000000000000000000, 1.000000000000000000 ) ) ;
#3081 = DIRECTION ( 'NONE',  ( -1.000000000000000000, -0.000000000000000000, -0.000000000000000000 ) ) ;
#3082 = CARTESIAN_POINT ( 'NONE',  ( 73.62043667358639709, -2.403866124199433241, -9.706836159007997011 ) ) ;
#3083 = EDGE_LOOP ( 'NONE', ( #899, #1267 ) ) ;
#3084 = EDGE_CURVE ( 'NONE', #607, #489, #2371, .T. ) ;
#3085 = CARTESIAN_POINT ( 'NONE',  ( 77.69992722027565435, 1.297606334873653067, -7.894603421445456348 ) ) ;
#3086 = CARTESIAN_POINT ( 'NONE',  ( 73.78980100698353795, 5.520319482037868042, -8.338303919006694542 ) ) ;
#3087 = CARTESIAN_POINT ( 'NONE',  ( 70.00000000000000000, -4.590875860828400157, 6.551630242196448961 ) ) ;
#3088 = CARTESIAN_POINT ( 'NONE',  ( 73.99693945301235942, 7.359840460774145221, -3.136389271793927680 ) ) ;
#3089 = CARTESIAN_POINT ( 'NONE',  ( 85.00100000000000477, -8.999999999999854339, 15.58845726811997778 ) ) ;
#3090 = CARTESIAN_POINT ( 'NONE',  ( 76.90745110525168116, 7.969316156358712711, 0.7000000000000019540 ) ) ;
#3091 = CARTESIAN_POINT ( 'NONE',  ( 70.68192758678335963, 6.009623021281132793, 5.281253196780411052 ) ) ;
#3092 = CARTESIAN_POINT ( 'NONE',  ( 70.00000000000000000, -3.378440295530283244, -7.251630242196391407 ) ) ;
#3093 = VERTEX_POINT ( 'NONE', #1932 ) ;
#3094 = CARTESIAN_POINT ( 'NONE',  ( 76.38828058685218991, -3.691114619080298809, 7.098089073705128094 ) ) ;
#3095 = CARTESIAN_POINT ( 'NONE',  ( 69.31838297155175610, -4.840111077973372034, 8.751028378931072993 ) ) ;
#3096 = CARTESIAN_POINT ( 'NONE',  ( 73.43710854142032929, -7.191701968140015389, -6.948339571541609416 ) ) ;
#3097 = ORIENTED_EDGE ( 'NONE', *, *, #485, .T. ) ;
#3098 = CARTESIAN_POINT ( 'NONE',  ( 72.87669828762024338, 3.622392932320749992, 7.133201196486220752 ) ) ;
#3099 = B_SPLINE_CURVE_WITH_KNOTS ( 'NONE', 3,
 ( #1951, #2590, #2614, #1599, #4248, #200, #3311, #1555, #1264, #1866, #1241, #1579, #177, #1931, #2926, #3593 ),
 .UNSPECIFIED., .F., .F.,
 ( 4, 2, 2, 2, 2, 2, 2, 4 ),
 ( 0.000000000000000000, 0.0002736956474133486945, 0.0005473912948266973890, 0.001094782589653365938, 0.001368478237066700267, 0.001642173884480034379, 0.001915869531893369141, 0.002189565179306703687 ),
 .UNSPECIFIED. ) ;
#3100 = CARTESIAN_POINT ( 'NONE',  ( 76.31805170002294858, 7.776879192412225805, -6.287078493089885534 ) ) ;
#3101 = CARTESIAN_POINT ( 'NONE',  ( 69.37585270615917921, -3.679589224527486824, -7.104742160674569540 ) ) ;
#3102 = ADVANCED_FACE ( 'NONE', ( #3292 ), #248, .T. ) ;
#3103 = ORIENTED_EDGE ( 'NONE', *, *, #2066, .F. ) ;
#3104 = ORIENTED_EDGE ( 'NONE', *, *, #1828, .F. ) ;
#3105 = CARTESIAN_POINT ( 'NONE',  ( 77.70007234839457055, 1.479682232324394331, -7.862511422792722193 ) ) ;
#3106 = CARTESIAN_POINT ( 'NONE',  ( 74.13704300877442677, 4.841567837083327497, -8.751719592812278847 ) ) ;
#3107 = DIRECTION ( 'NONE',  ( -0.000000000000000000, -0.4999999999999919509, 0.8660254037844432595 ) ) ;
#3108 = EDGE_CURVE ( 'NONE', #1852, #2956, #4291, .T. ) ;
#3109 = CARTESIAN_POINT ( 'NONE',  ( 74.11903612820339049, -1.568887921589226409, -7.845112801987420781 ) ) ;
#3110 = CARTESIAN_POINT ( 'NONE',  ( 76.29992569189745666, -4.920478552575622722, -8.706171773171671902 ) ) ;
#3111 = B_SPLINE_CURVE_WITH_KNOTS ( 'NONE', 3,
 ( #1134, #3525, #462, #4143, #4066, #3177, #1863, #3549, #1820, #2505, #1175, #3838, #482, #2110 ),
 .UNSPECIFIED., .F., .F.,
 ( 4, 2, 2, 2, 2, 2, 4 ),
 ( 0.002189188203112912671, 0.002736359354753679397, 0.003009944930574062760, 0.003283530506394444388, 0.003557116082214826450, 0.003830701658035208512, 0.004377872809675969167 ),
 .UNSPECIFIED. ) ;
#3112 = CARTESIAN_POINT ( 'NONE',  ( 77.00000000000001421, 9.975469913743411965, 0.7000000000000018430 ) ) ;
#3113 = CARTESIAN_POINT ( 'NONE',  ( 69.90745110525166695, -7.249293484512256747, -3.383451488555469400 ) ) ;
#3114 = VERTEX_POINT ( 'NONE', #267 ) ;
#3115 = AXIS2_PLACEMENT_3D ( 'NONE', #1897, #563, #1923 ) ;
#3116 = CARTESIAN_POINT ( 'NONE',  ( 73.43710854142003086, -9.975469913743411965, 0.7000000000000018430 ) ) ;
#3117 = FACE_OUTER_BOUND ( 'NONE', #2811, .T. ) ;
#3118 = CARTESIAN_POINT ( 'NONE',  ( 77.00000000000001421, -25.45259906933465999, -22.27105159411395974 ) ) ;
#3119 = ORIENTED_EDGE ( 'NONE', *, *, #148, .F. ) ;
#3120 = CARTESIAN_POINT ( 'NONE',  ( 70.36629917073251761, -7.282274706813996801, -3.314397710532924535 ) ) ;
#3121 = CARTESIAN_POINT ( 'NONE',  ( 77.56041628925872544, -9.535356121710112376, -3.013514085635112583 ) ) ;
#3122 = CARTESIAN_POINT ( 'NONE',  ( 70.62417195950936843, 9.994146454984102590, 0.3657296480667447947 ) ) ;
#3123 = B_SPLINE_CURVE_WITH_KNOTS ( 'NONE', 3,
 ( #4073, #4332, #1040, #3700, #4002, #971, #2324, #994, #636, #659, #3353, #3373, #304, #1658 ),
 .UNSPECIFIED., .F., .F.,
 ( 4, 2, 2, 2, 2, 2, 4 ),
 ( 0.002189188203112914840, 0.002736359354753678530, 0.003009944930574060592, 0.003283530506394441786, 0.003557116082214823415, 0.003830701658035204609, 0.004377872809675968299 ),
 .UNSPECIFIED. ) ;
#3124 = ORIENTED_EDGE ( 'NONE', *, *, #2825, .F. ) ;
#3125 = EDGE_LOOP ( 'NONE', ( #161, #3755 ) ) ;
#3126 = AXIS2_PLACEMENT_3D ( 'NONE', #2570, #937, #1532 ) ;
#3127 = ADVANCED_FACE ( 'NONE', ( #2068 ), #4061, .F. ) ;
#3128 = LINE ( 'NONE', #2103, #434 ) ;
#3129 =( GEOMETRIC_REPRESENTATION_CONTEXT ( 3 ) GLOBAL_UNCERTAINTY_ASSIGNED_CONTEXT ( ( #915 ) ) GLOBAL_UNIT_ASSIGNED_CONTEXT ( ( #3753, #3070, #691 ) ) REPRESENTATION_CONTEXT ( 'NONE', 'WORKASPACE' ) );
#3130 = CARTESIAN_POINT ( 'NONE',  ( 69.43958974620022673, 5.843634403681848610, -5.464085177025117090 ) ) ;
#3131 = CARTESIAN_POINT ( 'NONE',  ( 69.44079562782334847, 1.310616089446807520, -9.913952491506796250 ) ) ;
#3132 = CARTESIAN_POINT ( 'NONE',  ( 83.00000000000000000, 0.000000000000000000, 0.000000000000000000 ) ) ;
#3133 = DIRECTION ( 'NONE',  ( -1.000000000000000000, -0.000000000000000000, -0.000000000000000000 ) ) ;
#3134 = AXIS2_PLACEMENT_3D ( 'NONE', #1430, #2714, #3031 ) ;
#3135 = EDGE_CURVE ( 'NONE', #1852, #250, #3006, .T. ) ;
#3136 = CARTESIAN_POINT ( 'NONE',  ( 73.80259620035752732, -6.511750766985576533, 4.649064215118325905 ) ) ;
#3137 = DIRECTION ( 'NONE',  ( -0.000000000000000000, 0.1736481776669273613, -0.9848077530122085754 ) ) ;
#3138 = DIRECTION ( 'NONE',  ( 0.000000000000000000, 0.000000000000000000, 1.000000000000000000 ) ) ;
#3139 = ORIENTED_EDGE ( 'NONE', *, *, #3982, .T. ) ;
#3140 = DIRECTION ( 'NONE',  ( 0.000000000000000000, 0.000000000000000000, 1.000000000000000000 ) ) ;
#3141 = DIRECTION ( 'NONE',  ( -1.000000000000000000, -0.000000000000000000, -0.000000000000000000 ) ) ;
#3142 = CYLINDRICAL_SURFACE ( 'NONE', #80, 0.7000000000000018430 ) ;
#3143 = EDGE_LOOP ( 'NONE', ( #156, #2223, #4301, #4280 ) ) ;
#3144 = CYLINDRICAL_SURFACE ( 'NONE', #987, 0.7000000000000017319 ) ;
#3145 = CARTESIAN_POINT ( 'NONE',  ( 73.43710854142032929, -8.091604621706954603, 5.875877351168138141 ) ) ;
#3146 = CARTESIAN_POINT ( 'NONE',  ( 77.36548765893746804, -3.447680829191780649, 7.220124169822461191 ) ) ;
#3147 = ORIENTED_EDGE ( 'NONE', *, *, #1074, .F. ) ;
#3148 = VERTEX_POINT ( 'NONE', #357 ) ;
#3149 = DIRECTION ( 'NONE',  ( -0.000000000000000000, -0.5000000000000039968, -0.8660254037844363761 ) ) ;
#3150 = CYLINDRICAL_SURFACE ( 'NONE', #2047, 2.749999999999999112 ) ;
#3151 = MANIFOLD_SOLID_BREP ( 'CirPattern2', #1130 ) ;
#3152 = CARTESIAN_POINT ( 'NONE',  ( 73.43710854141983191, 7.728121685169515587, -2.067881819450200886 ) ) ;
#3153 = CARTESIAN_POINT ( 'NONE',  ( 77.00000000000001421, -4.381517174222641309, -8.989010359989141108 ) ) ;
#3154 = CARTESIAN_POINT ( 'NONE',  ( 73.43710854142003086, -0.6944918006947444766, 7.969798061354364194 ) ) ;
#3155 = LINE ( 'NONE', #2109, #1568 ) ;
#3156 = CARTESIAN_POINT ( 'NONE',  ( 74.11872753940538416, 7.453093977792062397, 2.908361914546488514 ) ) ;
#3157 = EDGE_CURVE ( 'NONE', #3738, #381, #4316, .T. ) ;
#3158 = VERTEX_POINT ( 'NONE', #3383 ) ;
#3159 = CARTESIAN_POINT ( 'NONE',  ( 73.07162911229401914, -9.981329390871614748, -0.6242897900856730908 ) ) ;
#3160 = CARTESIAN_POINT ( 'NONE',  ( 77.55983091159235698, 0.9637274448566957030, 7.942003442727923357 ) ) ;
#3161 = CARTESIAN_POINT ( 'NONE',  ( 72.87669828762020074, -6.395809910604536519, 4.806028032907476266 ) ) ;
#3162 = ADVANCED_FACE ( 'NONE', ( #714 ), #3661, .T. ) ;
#3163 = ORIENTED_EDGE ( 'NONE', *, *, #4223, .T. ) ;
#3164 = CARTESIAN_POINT ( 'NONE',  ( 22.30000000000000426, 9.000000000000181188, 18.33845726811978949 ) ) ;
#3165 = B_SPLINE_CURVE_WITH_KNOTS ( 'NONE', 3,
 ( #613, #1684, #2306, #2675, #2039, #1328, #1733, #3657, #2655, #3066, #1662, #686, #662, #1377, #2019, #2395 ),
 .UNSPECIFIED., .F., .F.,
 ( 4, 2, 2, 2, 2, 2, 2, 4 ),
 ( 0.000000000000000000, 0.0002736956474133497245, 0.0005473912948266994490, 0.001094782589653369624, 0.001368478237066704387, 0.001642173884480038282, 0.001915869531893372177, 0.002189565179306705855 ),
 .UNSPECIFIED. ) ;
#3166 = B_SPLINE_CURVE_WITH_KNOTS ( 'NONE', 3,
 ( #2733, #3780, #3758, #3075, #4346, #721, #1009, #2092, #2665, #1695, #1032, #3452, #2361, #30, #3713, #673 ),
 .UNSPECIFIED., .F., .F.,
 ( 4, 2, 2, 2, 2, 2, 2, 4 ),
 ( 0.000000000000000000, 0.0002736956474133272273, 0.0005473912948266544546, 0.001094782589653338399, 0.001368478237066679884, 0.001642173884480021802, 0.001915869531893363504, 0.002189565179306705422 ),
 .UNSPECIFIED. ) ;
#3167 = DIRECTION ( 'NONE',  ( 0.000000000000000000, 0.000000000000000000, 1.000000000000000000 ) ) ;
#3168 = CARTESIAN_POINT ( 'NONE',  ( 70.09253170642543296, 9.975469913743411965, 0.7000000000000020650 ) ) ;
#3169 = VERTEX_POINT ( 'NONE', #3023 ) ;
#3170 = VERTEX_POINT ( 'NONE', #1737 ) ;
#3171 = CARTESIAN_POINT ( 'NONE',  ( 73.52849368626499427, -9.975469913743417294, -0.6999999999999274580 ) ) ;
#3172 = CARTESIAN_POINT ( 'NONE',  ( 22.30000000000000426, -8.999999999999854339, 15.58845726811997778 ) ) ;
#3173 = CARTESIAN_POINT ( 'NONE',  ( 74.11903612820339049, 7.453493382104919185, -2.907342530444882112 ) ) ;
#3174 = CARTESIAN_POINT ( 'NONE',  ( 85.00100000000000477, 8.999999999999962697, -18.33845726811991383 ) ) ;
#3175 = CARTESIAN_POINT ( 'NONE',  ( 77.00000000000029843, 9.975469913743092221, -0.7000000000045700776 ) ) ;
#3176 = CARTESIAN_POINT ( 'NONE',  ( 77.00000000000001421, -9.134461366488585199, -4.069596484189502483 ) ) ;
#3177 = CARTESIAN_POINT ( 'NONE',  ( 72.75549151297177275, -7.777604126005507545, 6.286179045741508986 ) ) ;
#3178 = VERTEX_POINT ( 'NONE', #645 ) ;
#3179 = B_SPLINE_CURVE_WITH_KNOTS ( 'NONE', 3,
 ( #1661, #2608, #2634, #3983, #3015, #639, #952, #1615, #4355, #1595, #612, #1327, #219, #567, #4335, #3913 ),
 .UNSPECIFIED., .F., .F.,
 ( 4, 2, 2, 2, 2, 2, 2, 4 ),
 ( 0.000000000000000000, 0.0002736956474133490197, 0.0005473912948266980395, 0.001094782589653366589, 0.001368478237066700917, 0.001642173884480035463, 0.001915869531893370009, 0.002189565179306704121 ),
 .UNSPECIFIED. ) ;
#3180 = EDGE_CURVE ( 'NONE', #1719, #1566, #497, .T. ) ;
#3181 = CARTESIAN_POINT ( 'NONE',  ( 76.29992569189745666, 1.646051268912632981, 9.864028150326772604 ) ) ;
#3182 = CARTESIAN_POINT ( 'NONE',  ( 22.30000000000000426, 8.999999999999962697, -15.58845726811991561 ) ) ;
#3183 = LINE ( 'NONE', #1493, #3202 ) ;
#3184 = VERTEX_POINT ( 'NONE', #333 ) ;
#3185 = CIRCLE ( 'NONE', #3115, 2.749999999999999556 ) ;
#3186 = EDGE_CURVE ( 'NONE', #2917, #4375, #147, .T. ) ;
#3187 = ORIENTED_EDGE ( 'NONE', *, *, #2392, .F. ) ;
#3188 = AXIS2_PLACEMENT_3D ( 'NONE', #2238, #1883, #2613 ) ;
#3189 = DIRECTION ( 'NONE',  ( 0.000000000000000000, 0.000000000000000000, 1.000000000000000000 ) ) ;
#3190 = CARTESIAN_POINT ( 'NONE',  ( 70.68192758678333121, 1.568887921589123158, -7.845112801987439433 ) ) ;
#3191 = ORIENTED_EDGE ( 'NONE', *, *, #2845, .T. ) ;
#3192 = EDGE_LOOP ( 'NONE', ( #1941, #1361, #325, #3346 ) ) ;
#3193 = VECTOR ( 'NONE', #3447, 1000.000000000000000 ) ;
#3194 = CARTESIAN_POINT ( 'NONE',  ( 74.04884823196672983, 4.301549766431734589, 6.745655920170145592 ) ) ;
#3195 = CARTESIAN_POINT ( 'NONE',  ( 73.78980100698352373, -9.981342759354065564, -0.6115849489476929968 ) ) ;
#3196 = CARTESIAN_POINT ( 'NONE',  ( 77.18305898564280199, 9.976789157673380259, -0.6818486142979640618 ) ) ;
#3197 = DIRECTION ( 'NONE',  ( 0.000000000000000000, 0.6427876096865406952, 0.7660444431189767922 ) ) ;
#3198 = VECTOR ( 'NONE', #919, 1000.000000000000000 ) ;
#3199 = CARTESIAN_POINT ( 'NONE',  ( 74.13703576169565679, -7.999993631776060710, -0.09299071859576446553 ) ) ;
#3200 = CYLINDRICAL_SURFACE ( 'NONE', #218, 8.000000000000000000 ) ;
#3201 = CARTESIAN_POINT ( 'NONE',  ( 41.30000000000000426, 12.00000000000000000, 0.000000000000000000 ) ) ;
#3202 = VECTOR ( 'NONE', #2797, 1000.000000000000000 ) ;
#3203 = ORIENTED_EDGE ( 'NONE', *, *, #1985, .F. ) ;
#3204 = CYLINDRICAL_SURFACE ( 'NONE', #1066, 2.749999999999999556 ) ;
#3205 = CARTESIAN_POINT ( 'NONE',  ( 72.75549151297174433, 5.158557346406015931, -8.567173340129055958 ) ) ;
#3206 = CARTESIAN_POINT ( 'NONE',  ( 70.43051374540981158, -9.191058967265185231, -3.940636426396234349 ) ) ;
#3207 = ORIENTED_EDGE ( 'NONE', *, *, #820, .T. ) ;
#3208 = EDGE_LOOP ( 'NONE', ( #1638, #3603, #946, #1448 ) ) ;
#3209 = CARTESIAN_POINT ( 'NONE',  ( 73.43710854142003086, -25.90147116814963013, 21.73391490414337213 ) ) ;
#3210 = CARTESIAN_POINT ( 'NONE',  ( 69.38871602490030455, 2.083275477093010863, 9.780957837682384692 ) ) ;
#3211 = EDGE_LOOP ( 'NONE', ( #2312, #2815 ) ) ;
#3212 = ADVANCED_FACE ( 'NONE', ( #312, #1381, #1668, #1333, #4033, #1004, #2356, #131, #1071, #3793, #1486, #757, #3812, #418 ), #3200, .F. ) ;
#3213 = ORIENTED_EDGE ( 'NONE', *, *, #2283, .T. ) ;
#3214 = CARTESIAN_POINT ( 'NONE',  ( 74.13703576169565679, 3.919464491267961481, 6.974693074529666248 ) ) ;
#3215 = DIRECTION ( 'NONE',  ( -1.000000000000000000, -0.000000000000000000, -0.000000000000000000 ) ) ;
#3216 = DIRECTION ( 'NONE',  ( -1.000000000000000000, -0.000000000000000000, -0.000000000000000000 ) ) ;
#3217 = DIRECTION ( 'NONE',  ( 0.000000000000000000, 0.000000000000000000, 1.000000000000000000 ) ) ;
#3218 = EDGE_CURVE ( 'NONE', #1098, #2977, #196, .T. ) ;
#3219 = CARTESIAN_POINT ( 'NONE',  ( 73.25401337745884689, -2.055622226601927949, 7.731472005004288661 ) ) ;
#3220 = CARTESIAN_POINT ( 'NONE',  ( 72.81296124757919586, -6.357851199583034685, -4.857413525209287819 ) ) ;
#3221 = CARTESIAN_POINT ( 'NONE',  ( 70.18305898564281620, 7.204380053452687172, -6.935282797038794911 ) ) ;
#3222 = VERTEX_POINT ( 'NONE', #1133 ) ;
#3223 = CARTESIAN_POINT ( 'NONE',  ( 73.43710854141983191, -2.073222654916931695, 7.726690612619298903 ) ) ;
#3224 = LINE ( 'NONE', #598, #927 ) ;
#3225 = CARTESIAN_POINT ( 'NONE',  ( 70.35287253598525581, -9.170263426630478776, -3.988421899335901522 ) ) ;
#3226 = ORIENTED_EDGE ( 'NONE', *, *, #4094, .T. ) ;
#3227 = CARTESIAN_POINT ( 'NONE',  ( 74.13718088981458720, -1.298690808899974236, 7.894425094019276834 ) ) ;
#3228 = ORIENTED_EDGE ( 'NONE', *, *, #2497, .F. ) ;
#3229 = DIRECTION ( 'NONE',  ( 0.000000000000000000, 0.6427876096865406952, 0.7660444431189767922 ) ) ;
#3230 = CARTESIAN_POINT ( 'NONE',  ( 72.82538912827220656, -1.040823727697915535, -7.932457475291086801 ) ) ;
#3231 = ORIENTED_EDGE ( 'NONE', *, *, #1224, .T. ) ;
#3232 = EDGE_LOOP ( 'NONE', ( #1206, #3077 ) ) ;
#3233 = ADVANCED_FACE ( 'NONE', ( #3507 ), #2791, .F. ) ;
#3234 = CARTESIAN_POINT ( 'NONE',  ( 77.09253170642544717, 1.042856744784389278, 9.945473835361372750 ) ) ;
#3235 = DIRECTION ( 'NONE',  ( 0.000000000000000000, 0.000000000000000000, 1.000000000000000000 ) ) ;
#3236 = CARTESIAN_POINT ( 'NONE',  ( 73.08421115242201438, -7.976675940408257226, 0.6114610649733325243 ) ) ;
#3237 = ADVANCED_FACE ( 'NONE', ( #2424 ), #3776, .F. ) ;
#3238 = CARTESIAN_POINT ( 'NONE',  ( 70.70003269886106523, 1.826191402009489373, 9.832261626975766333 ) ) ;
#3239 = CARTESIAN_POINT ( 'NONE',  ( 73.25401337745883268, -5.667840051681008795, -5.645957071323292276 ) ) ;
#3240 = DIRECTION ( 'NONE',  ( -0.000000000000000000, 0.1736481776669273613, -0.9848077530122086864 ) ) ;
#3241 = EDGE_LOOP ( 'NONE', ( #2874, #1748 ) ) ;
#3242 = CARTESIAN_POINT ( 'NONE',  ( 70.61173969054669897, 1.040845749319369462, 7.932455125151310682 ) ) ;
#3243 = CARTESIAN_POINT ( 'NONE',  ( 70.00000000000000000, 7.969316156358710934, 0.7000000000000018430 ) ) ;
#3244 = CARTESIAN_POINT ( 'NONE',  ( 69.43958974620019831, 0.9642374124957281412, -7.941947876813552298 ) ) ;
#3245 = EDGE_LOOP ( 'NONE', ( #3908, #1832 ) ) ;
#3246 = CARTESIAN_POINT ( 'NONE',  ( 77.09253170642541875, -5.593952739520735129, 8.289010359989211096 ) ) ;
#3247 = VERTEX_POINT ( 'NONE', #2483 ) ;
#3248 = DIRECTION ( 'NONE',  ( -0.000000000000000000, 1.000000000000000000, -0.000000000000000000 ) ) ;
#3249 = CARTESIAN_POINT ( 'NONE',  ( 70.00000000000000000, 28.66777494936466297, -11.17914120494440766 ) ) ;
#3250 = CARTESIAN_POINT ( 'NONE',  ( 76.99999999999980105, 6.554801683820541847, 4.586346572794449017 ) ) ;
#3251 = ORIENTED_EDGE ( 'NONE', *, *, #2431, .F. ) ;
#3252 = ORIENTED_EDGE ( 'NONE', *, *, #834, .T. ) ;
#3253 = B_SPLINE_CURVE_WITH_KNOTS ( 'NONE', 3,
 ( #2702, #1710, #3462, #2059, #4118, #1732, #1773, #1395, #2784, #4056, #3130, #41, #4378, #1086, #410, #4137 ),
 .UNSPECIFIED., .F., .F.,
 ( 4, 2, 2, 2, 2, 2, 2, 4 ),
 ( 0.000000000000000000, 0.0002736956474133500497, 0.0005473912948267000995, 0.001094782589653369408, 0.001368478237066702869, 0.001642173884480036331, 0.001915869531893370009, 0.002189565179306703253 ),
 .UNSPECIFIED. ) ;
#3254 = CARTESIAN_POINT ( 'NONE',  ( 70.68189213675296401, -4.840978753708738758, 8.750549455157237588 ) ) ;
#3255 = CARTESIAN_POINT ( 'NONE',  ( 76.64730396509261823, 5.717364878706738374, -5.595800295435459759 ) ) ;
#3256 = CARTESIAN_POINT ( 'NONE',  ( 69.38871602490029034, 7.428920222231006676, -6.694648405084818954 ) ) ;
#3257 = AXIS2_PLACEMENT_3D ( 'NONE', #2216, #1929, #4315 ) ;
#3258 = B_SPLINE_CURVE_WITH_KNOTS ( 'NONE', 3,
 ( #3707, #311, #4060, #3021, #3405, #1667, #89, #2482, #4201, #396, #3466, #1485, #3774, #2770 ),
 .UNSPECIFIED., .F., .F.,
 ( 4, 2, 2, 2, 2, 2, 4 ),
 ( 0.002189188203112910503, 0.002736359354753673326, 0.003009944930574054954, 0.003283530506394436582, 0.003557116082214818644, 0.003830701658035200706, 0.004377872809675962228 ),
 .UNSPECIFIED. ) ;
#3259 = CARTESIAN_POINT ( 'NONE',  ( 46.30000000000000426, 0.000000000000000000, 0.000000000000000000 ) ) ;
#3260 = CARTESIAN_POINT ( 'NONE',  ( 70.35269246556350708, 2.335535580180200910, 9.723503123010843296 ) ) ;
#3261 = CARTESIAN_POINT ( 'NONE',  ( 70.70003269886105102, 1.646772946262808235, -9.863897941560951566 ) ) ;
#3262 = CARTESIAN_POINT ( 'NONE',  ( 70.00000000000000000, -7.728121685168154897, 2.067881819455296366 ) ) ;
#3263 = VERTEX_POINT ( 'NONE', #1157 ) ;
#3264 = EDGE_CURVE ( 'NONE', #1831, #3626, #1819, .T. ) ;
#3265 = AXIS2_PLACEMENT_3D ( 'NONE', #3350, #3304, #3009 ) ;
#3266 = CARTESIAN_POINT ( 'NONE',  ( 70.36548765893751067, 1.999929615909998404, 7.747062518079813387 ) ) ;
#3267 = VECTOR ( 'NONE', #2872, 1000.000000000000114 ) ;
#3268 = CARTESIAN_POINT ( 'NONE',  ( 70.61173969054671318, -4.301549766431636002, 6.745655920170208653 ) ) ;
#3269 = CARTESIAN_POINT ( 'NONE',  ( 76.44014412312341733, -9.535501052035742831, 3.013039363096404077 ) ) ;
#3270 = ORIENTED_EDGE ( 'NONE', *, *, #2825, .T. ) ;
#3271 = EDGE_CURVE ( 'NONE', #3909, #2166, #3155, .T. ) ;
#3272 = CARTESIAN_POINT ( 'NONE',  ( 77.70003269886105102, -4.921112173435417958, 8.705802588764536054 ) ) ;
#3273 = VERTEX_POINT ( 'NONE', #3855 ) ;
#3274 = CARTESIAN_POINT ( 'NONE',  ( 77.61126478936334649, -7.631439915391365680, -2.401729311466267891 ) ) ;
#3275 = CARTESIAN_POINT ( 'NONE',  ( 70.61173969054669897, 1.734984368816951505, -7.810059758182157807 ) ) ;
#3276 = LINE ( 'NONE', #2667, #368 ) ;
#3277 = B_SPLINE_CURVE_WITH_KNOTS ( 'NONE', 3,
 ( #430, #1791, #3146, #1564, #2884, #2183, #2164, #1208, #4277, #1588, #4232, #3579, #3600, #3560 ),
 .UNSPECIFIED., .F., .F.,
 ( 4, 2, 2, 2, 2, 2, 4 ),
 ( 0.002189565179306700651, 0.002736829203537988198, 0.003010461215653617226, 0.003284093227769246254, 0.003557725239884875282, 0.003831357252000504310, 0.004378621276231734610 ),
 .UNSPECIFIED. ) ;
#3278 = EDGE_LOOP ( 'NONE', ( #3533, #4144, #124, #3862 ) ) ;
#3279 = VERTEX_POINT ( 'NONE', #3176 ) ;
#3280 = DIRECTION ( 'NONE',  ( -0.000000000000000000, 0.7660444431189858960, 0.6427876096865301481 ) ) ;
#3281 = DIRECTION ( 'NONE',  ( 0.000000000000000000, -0.9848077530122064660, 0.1736481776669396571 ) ) ;
#3282 = LINE ( 'NONE', #240, #63 ) ;
#3283 = FACE_BOUND ( 'NONE', #1670, .T. ) ;
#3284 = B_SPLINE_CURVE_WITH_KNOTS ( 'NONE', 3,
 ( #3662, #2998, #2291, #577, #599, #3640, #889, #2572, #3941, #1601, #2616, #1975, #1953, #4271, #3969, #3336 ),
 .UNSPECIFIED., .F., .F.,
 ( 4, 2, 2, 2, 2, 2, 2, 4 ),
 ( 0.000000000000000000, 0.0002736956474133488571, 0.0005473912948266977142, 0.001094782589653366155, 0.001368478237066699833, 0.001642173884480033512, 0.001915869531893367624, 0.002189565179306701085 ),
 .UNSPECIFIED. ) ;
#3285 = B_SPLINE_CURVE_WITH_KNOTS ( 'NONE', 3,
 ( #3569, #1902, #3962, #1882, #4267, #1617, #2192, #862, #3288, #4202, #1217, #3309, #2259, #2522 ),
 .UNSPECIFIED., .F., .F.,
 ( 4, 2, 2, 2, 2, 2, 4 ),
 ( 0.002189565179306704988, 0.002736829203537949166, 0.003010461215653586001, 0.003284093227769222835, 0.003557725239884859669, 0.003831357252000496504, 0.004378621276231741549 ),
 .UNSPECIFIED. ) ;
#3286 = CARTESIAN_POINT ( 'NONE',  ( 69.38825132211495372, -4.691874025919759994, -8.831394231747729862 ) ) ;
#3287 = DIRECTION ( 'NONE',  ( 1.000000000000000000, 0.000000000000000000, 0.000000000000000000 ) ) ;
#3288 = CARTESIAN_POINT ( 'NONE',  ( 74.11903612820337628, -6.244579179920681788, -5.001243350619584582 ) ) ;
#3289 = CARTESIAN_POINT ( 'NONE',  ( 70.69993446735443854, 7.778031875229964420, -6.287733701438113165 ) ) ;
#3290 = CARTESIAN_POINT ( 'NONE',  ( 73.52849368626503690, -2.421587599001280289, 9.702366386627710781 ) ) ;
#3291 = EDGE_CURVE ( 'NONE', #2673, #2276, #3022, .T. ) ;
#3292 = FACE_OUTER_BOUND ( 'NONE', #3143, .T. ) ;
#3293 = DIRECTION ( 'NONE',  ( -1.000000000000000000, -0.000000000000000000, -0.000000000000000000 ) ) ;
#3294 = ORIENTED_EDGE ( 'NONE', *, *, #3357, .T. ) ;
#3295 = CARTESIAN_POINT ( 'NONE',  ( 73.43710854142003086, -0.6944918006947444766, 7.969798061354364194 ) ) ;
#3296 = ORIENTED_EDGE ( 'NONE', *, *, #1473, .T. ) ;
#3297 = EDGE_CURVE ( 'NONE', #1392, #988, #3285, .T. ) ;
#3298 = CARTESIAN_POINT ( 'NONE',  ( 77.00000000000001421, -25.90255039611496457, 21.73482048393104193 ) ) ;
#3299 = CARTESIAN_POINT ( 'NONE',  ( 70.36629917073253182, 6.511489968973513953, -4.649436038171304908 ) ) ;
#3300 = DIRECTION ( 'NONE',  ( -1.000000000000000000, -0.000000000000000000, -0.000000000000000000 ) ) ;
#3301 = ORIENTED_EDGE ( 'NONE', *, *, #1313, .T. ) ;
#3302 = ORIENTED_EDGE ( 'NONE', *, *, #1955, .F. ) ;
#3303 = DIRECTION ( 'NONE',  ( 0.000000000000000000, -0.6427876096865299260, 0.7660444431189858960 ) ) ;
#3304 = DIRECTION ( 'NONE',  ( -1.000000000000000000, -0.000000000000000000, -0.000000000000000000 ) ) ;
#3305 = CARTESIAN_POINT ( 'NONE',  ( 77.00000000000001421, 1.042856744784389056, 9.945473835361372750 ) ) ;
#3306 = CARTESIAN_POINT ( 'NONE',  ( 73.43710854141983191, -7.969316156358251746, -0.7000000000052533089 ) ) ;
#3307 = CARTESIAN_POINT ( 'NONE',  ( 69.38871602490029034, -5.302923194394947970, -8.478571727026055882 ) ) ;
#3308 = CARTESIAN_POINT ( 'NONE',  ( 69.29992569189745666, -9.428337595179469233, 3.333914564240260781 ) ) ;
#3309 = CARTESIAN_POINT ( 'NONE',  ( 73.80340771215259110, -6.511489968973577014, -4.649436038171216978 ) ) ;
#3310 = CARTESIAN_POINT ( 'NONE',  ( 70.35269246556350708, 7.253032928214673269, -6.884384705383838288 ) ) ;
#3311 = CARTESIAN_POINT ( 'NONE',  ( 76.30006596912042482, 1.569380361441871763, -7.846682933025100226 ) ) ;
#3312 = DIRECTION ( 'NONE',  ( -0.000000000000000000, 0.7660444431189857850, 0.6427876096865300370 ) ) ;
#3313 = CARTESIAN_POINT ( 'NONE',  ( 76.63452057087403091, 1.118434234015463602, -9.938097353883438956 ) ) ;
#3314 = ORIENTED_EDGE ( 'NONE', *, *, #1391, .T. ) ;
#3315 = EDGE_CURVE ( 'NONE', #2194, #2951, #2533, .T. ) ;
#3316 = CARTESIAN_POINT ( 'NONE',  ( 77.56041628925873965, -4.623529249285091680, 8.867201407048394657 ) ) ;
#3317 = ORIENTED_EDGE ( 'NONE', *, *, #3345, .T. ) ;
#3318 = CARTESIAN_POINT ( 'NONE',  ( 77.55983091159235698, -7.359840460774184301, -3.136389271793828204 ) ) ;
#3319 = FACE_OUTER_BOUND ( 'NONE', #3973, .T. ) ;
#3320 = CARTESIAN_POINT ( 'NONE',  ( 70.00000000000000000, 16.99920564076441210, 28.04348785811511391 ) ) ;
#3321 = VERTEX_POINT ( 'NONE', #3548 ) ;
#3322 = ORIENTED_EDGE ( 'NONE', *, *, #663, .F. ) ;
#3323 = EDGE_CURVE ( 'NONE', #988, #1392, #3397, .T. ) ;
#3324 = CARTESIAN_POINT ( 'NONE',  ( 46.30000000000000426, 0.000000000000000000, 10.00000000000000000 ) ) ;
#3325 = CARTESIAN_POINT ( 'NONE',  ( 74.04885019795743517, 9.270898380781401826, 3.749351180435990472 ) ) ;
#3326 = CARTESIAN_POINT ( 'NONE',  ( 69.57028713879576287, -3.505114243832783139, 7.191555047648615862 ) ) ;
#3327 = CARTESIAN_POINT ( 'NONE',  ( 69.44014412312341733, -4.623086905735380725, -8.867426570260457552 ) ) ;
#3328 = CARTESIAN_POINT ( 'NONE',  ( 70.42973211210463091, -5.477439478817605512, -8.366716217731188010 ) ) ;
#3329 = CARTESIAN_POINT ( 'NONE',  ( 77.35287253598525581, -4.461121160811891251, -8.949840141000011684 ) ) ;
#3330 = AXIS2_PLACEMENT_3D ( 'NONE', #3938, #3240, #266 ) ;
#3331 = DIRECTION ( 'NONE',  ( -1.000000000000000000, -0.000000000000000000, -0.000000000000000000 ) ) ;
#3332 = PRODUCT ( 'L1_1102_Injector', 'L1_1102_Injector', '', ( #1569 ) ) ;
#3333 = VECTOR ( 'NONE', #1936, 1000.000000000000000 ) ;
#3334 = CARTESIAN_POINT ( 'NONE',  ( 76.56947108626573595, 7.980677027446826166, 0.5594449850645315525 ) ) ;
#3335 = PRESENTATION_STYLE_ASSIGNMENT (( #1717 ) ) ;
#3336 = CARTESIAN_POINT ( 'NONE',  ( 76.99999999999980105, -7.249293484509978569, 3.383451488560342391 ) ) ;
#3337 = AXIS2_PLACEMENT_3D ( 'NONE', #1081, #78, #3080 ) ;
#3338 = EDGE_LOOP ( 'NONE', ( #1610, #2445, #3712, #2370 ) ) ;
#3339 = PRESENTATION_LAYER_ASSIGNMENT (  '', '', ( #1491 ) ) ;
#3340 = CARTESIAN_POINT ( 'NONE',  ( 72.87669828762024338, 4.366336980302214954, -6.703684900122104828 ) ) ;
#3341 = ORIENTED_EDGE ( 'NONE', *, *, #59, .T. ) ;
#3342 = CARTESIAN_POINT ( 'NONE',  ( 77.70007234839454213, -7.486118084144059104, -2.822513314840831011 ) ) ;
#3343 = CARTESIAN_POINT ( 'NONE',  ( 70.68161899798538172, 6.008899054098949755, -5.282074500178270959 ) ) ;
#3345 = EDGE_CURVE ( 'NONE', #347, #3170, #4288, .T. ) ;
#3344 = CYLINDRICAL_SURFACE ( 'NONE', #2908, 0.7000000000000013989 ) ;
#3346 = ORIENTED_EDGE ( 'NONE', *, *, #4100, .F. ) ;
#3347 = FACE_OUTER_BOUND ( 'NONE', #4272, .T. ) ;
#3348 = CIRCLE ( 'NONE', #2349, 10.09999999999999787 ) ;
#3349 = AXIS2_PLACEMENT_3D ( 'NONE', #4304, #2940, #2889 ) ;
#3350 = CARTESIAN_POINT ( 'NONE',  ( -9.797174393178823685E-16, 0.000000000000000000, 0.000000000000000000 ) ) ;
#3351 = CARTESIAN_POINT ( 'NONE',  ( 73.99631263256587488, 4.367439472488747754, -6.702958040004054041 ) ) ;
#3352 = EDGE_CURVE ( 'NONE', #2140, #3247, #4220, .T. ) ;
#3353 = CARTESIAN_POINT ( 'NONE',  ( 72.87725266454344819, -1.311442144081093719, 9.913844159541300272 ) ) ;
#3354 = VERTEX_POINT ( 'NONE', #907 ) ;
#3355 = CARTESIAN_POINT ( 'NONE',  ( 85.00000000000000000, 0.000000000000000000, 8.000000000000000000 ) ) ;
#3356 = DIRECTION ( 'NONE',  ( -0.000000000000000000, 0.1736481776669404620, 0.9848077530122062440 ) ) ;
#3357 = EDGE_CURVE ( 'NONE', #2407, #3170, #3964, .T. ) ;
#3358 = CARTESIAN_POINT ( 'NONE',  ( 77.61174165653740431, -5.302264720416914656, -8.478984602865732967 ) ) ;
#3359 = CARTESIAN_POINT ( 'NONE',  ( 77.18332813216636623, 8.080902298712484111, -5.890692539893937152 ) ) ;
#3360 = CARTESIAN_POINT ( 'NONE',  ( 26.30000000000000426, 2.939152317953647894E-15, -24.00000000000000000 ) ) ;
#3361 = DIRECTION ( 'NONE',  ( 0.000000000000000000, 0.000000000000000000, 1.000000000000000000 ) ) ;
#3362 = DIRECTION ( 'NONE',  ( 0.000000000000000000, 0.000000000000000000, 1.000000000000000000 ) ) ;
#3363 = ORIENTED_EDGE ( 'NONE', *, *, #902, .F. ) ;
#3364 = CARTESIAN_POINT ( 'NONE',  ( 73.08421115242200017, 7.286491518521863497, -3.302769299054232999 ) ) ;
#3365 = EDGE_LOOP ( 'NONE', ( #1976, #4319, #1159, #2116 ) ) ;
#3366 = CARTESIAN_POINT ( 'NONE',  ( 72.75549151297175854, 9.332792809352337571, 3.592513230828638271 ) ) ;
#3367 = DIRECTION ( 'NONE',  ( 0.000000000000000000, 0.000000000000000000, 1.000000000000000000 ) ) ;
#3368 = CARTESIAN_POINT ( 'NONE',  ( 76.31811214426682000, -7.578549846144602142, -2.563742939325637238 ) ) ;
#3369 = ORIENTED_EDGE ( 'NONE', *, *, #3728, .F. ) ;
#3370 = CARTESIAN_POINT ( 'NONE',  ( 69.81663884680024523, 5.667892784916003457, 5.645904273981568799 ) ) ;
#3371 = CARTESIAN_POINT ( 'NONE',  ( 76.63452057087400249, 7.244856172896440683, -6.894108585243422738 ) ) ;
#3372 = CARTESIAN_POINT ( 'NONE',  ( 26.30000000000000426, -8.999999999999854339, 12.83845726811997778 ) ) ;
#3373 = CARTESIAN_POINT ( 'NONE',  ( 73.07085259276045974, -1.118847968001662085, 9.938054401756460265 ) ) ;
#3374 = ORIENTED_EDGE ( 'NONE', *, *, #93, .F. ) ;
#3375 = EDGE_CURVE ( 'NONE', #3148, #3441, #376, .T. ) ;
#3376 = LINE ( 'NONE', #83, #2491 ) ;
#3377 = CARTESIAN_POINT ( 'NONE',  ( 73.43710854141983191, 7.249293484510022978, 3.383451488560245135 ) ) ;
#3378 = CARTESIAN_POINT ( 'NONE',  ( 70.09138514484496341, 1.042856744784331990, -9.945473835361379855 ) ) ;
#3379 = CARTESIAN_POINT ( 'NONE',  ( 77.00000000000001421, 8.091604621704261646, -5.875877351171843621 ) ) ;
#3380 = ADVANCED_FACE ( 'NONE', ( #1378 ), #3067, .F. ) ;
#3381 = B_SPLINE_CURVE_WITH_KNOTS ( 'NONE', 3,
 ( #3243, #3617, #201, #1556, #3919, #2290, #3940, #2904, #1619, #3639, #1221, #2241, #178, #2571, #4250, #1242 ),
 .UNSPECIFIED., .F., .F.,
 ( 4, 2, 2, 2, 2, 2, 2, 4 ),
 ( 0.000000000000000000, 0.0002736956474133489113, 0.0005473912948266978227, 0.001094782589653365721, 0.001368478237066699833, 0.001642173884480033945, 0.001915869531893368057, 0.002189565179306701952 ),
 .UNSPECIFIED. ) ;
#3382 = CARTESIAN_POINT ( 'NONE',  ( 70.00000000000029843, -9.613289567145773873, -2.754026815084820612 ) ) ;
#3383 = CARTESIAN_POINT ( 'NONE',  ( 73.43710854141983191, -7.969316156358251746, -0.7000000000052533089 ) ) ;
#3384 = CARTESIAN_POINT ( 'NONE',  ( 74.11900067817299487, 4.840978753708864879, 8.750549455157162981 ) ) ;
#3385 = ORIENTED_EDGE ( 'NONE', *, *, #2768, .T. ) ;
#3386 = CARTESIAN_POINT ( 'NONE',  ( 85.00100000000000477, -9.000000000000074607, -18.33845726811985344 ) ) ;
#3387 = CARTESIAN_POINT ( 'NONE',  ( 69.63452057087403091, -4.450013877898274295, 8.956229711077956068 ) ) ;
#3388 = CARTESIAN_POINT ( 'NONE',  ( 70.61173969054669897, 6.349284778101460525, -4.867626422907221695 ) ) ;
#3389 = CARTESIAN_POINT ( 'NONE',  ( 76.29996708377640857, -7.548704804726682482, -2.650547625241433725 ) ) ;
#3390 = EDGE_LOOP ( 'NONE', ( #2426, #1291, #940, #2534 ) ) ;
#3391 = CARTESIAN_POINT ( 'NONE',  ( 77.68161899798536751, 7.998335771811197148, -0.1838579591700393312 ) ) ;
#3392 = CARTESIAN_POINT ( 'NONE',  ( 77.69993446735442433, -9.334353055291964907, -3.592106344675166874 ) ) ;
#3393 = FACE_OUTER_BOUND ( 'NONE', #1691, .T. ) ;
#3394 = CARTESIAN_POINT ( 'NONE',  ( 73.52849368626506532, -1.042856744784463663, -9.945473835361372750 ) ) ;
#3395 = ORIENTED_EDGE ( 'NONE', *, *, #140, .F. ) ;
#3396 = B_SPLINE_CURVE_WITH_KNOTS ( 'NONE', 3,
 ( #867, #2220, #202, #529, #1887, #2905, #4251, #1222, #3920, #551, #3269, #2, #3047, #1382 ),
 .UNSPECIFIED., .F., .F.,
 ( 4, 2, 2, 2, 2, 2, 4 ),
 ( 0.002189188203112915274, 0.002736359354753680265, 0.003009944930574062760, 0.003283530506394445256, 0.003557116082214827318, 0.003830701658035209380, 0.004377872809675973503 ),
 .UNSPECIFIED. ) ;
#3397 = B_SPLINE_CURVE_WITH_KNOTS ( 'NONE', 3,
 ( #569, #1239, #503, #1597, #1193, #3220, #174, #1549, #3915, #2286, #2544, #2588, #524, #3239, #195, #2946 ),
 .UNSPECIFIED., .F., .F.,
 ( 4, 2, 2, 2, 2, 2, 2, 4 ),
 ( 0.000000000000000000, 0.0002736956474133271731, 0.0005473912948266543461, 0.001094782589653337966, 0.001368478237066679667, 0.001642173884480021369, 0.001915869531893363287, 0.002189565179306704988 ),
 .UNSPECIFIED. ) ;
#3398 = CARTESIAN_POINT ( 'NONE',  ( 77.18305898564281620, -9.141909189813906877, 4.052990968986389220 ) ) ;
#3399 = CARTESIAN_POINT ( 'NONE',  ( 43.29999999999999716, 0.000000000000000000, 0.000000000000000000 ) ) ;
#3400 = CARTESIAN_POINT ( 'NONE',  ( 70.00000000000000000, -24.00100000000000122, 0.000000000000000000 ) ) ;
#3401 = CYLINDRICAL_SURFACE ( 'NONE', #2421, 0.7000000000000023981 ) ;
#3402 = DIRECTION ( 'NONE',  ( -1.000000000000000000, -0.000000000000000000, -0.000000000000000000 ) ) ;
#3403 = AXIS2_PLACEMENT_3D ( 'NONE', #3400, #1305, #3424 ) ;
#3404 = AXIS2_PLACEMENT_3D ( 'NONE', #3624, #3995, #3367 ) ;
#3405 = CARTESIAN_POINT ( 'NONE',  ( 72.82582456632033541, 9.512195699323907405, -3.086309432597666991 ) ) ;
#3406 = CARTESIAN_POINT ( 'NONE',  ( 0.000000000000000000, 0.000000000000000000, 0.000000000000000000 ) ) ;
#3407 = CARTESIAN_POINT ( 'NONE',  ( 77.35287253598525581, 2.335429275989618692, -9.723528714296538311 ) ) ;
#3408 = ADVANCED_FACE ( 'NONE', ( #1712 ), #3401, .F. ) ;
#3409 = ORIENTED_EDGE ( 'NONE', *, *, #4130, .F. ) ;
#3410 = AXIS2_PLACEMENT_3D ( 'NONE', #1403, #1314, #3690 ) ;
#3411 = DIRECTION ( 'NONE',  ( 1.000000000000000000, 0.000000000000000000, 0.000000000000000000 ) ) ;
#3412 = AXIS2_PLACEMENT_3D ( 'NONE', #4330, #1300, #2583 ) ;
#3413 = DIRECTION ( 'NONE',  ( 0.000000000000000000, 0.000000000000000000, 1.000000000000000000 ) ) ;
#3414 = CARTESIAN_POINT ( 'NONE',  ( 77.00000000000001421, -24.00100000000000122, 0.000000000000000000 ) ) ;
#3415 = EDGE_CURVE ( 'NONE', #1876, #1488, #1354, .T. ) ;
#3416 = ORIENTED_EDGE ( 'NONE', *, *, #1553, .T. ) ;
#3417 = CARTESIAN_POINT ( 'NONE',  ( 77.00000000000001421, -5.517496861347256143, -27.26014030135426580 ) ) ;
#3418 = CARTESIAN_POINT ( 'NONE',  ( 77.43051374540981158, -9.191058967265185231, -3.940636426396234349 ) ) ;
#3419 = FACE_OUTER_BOUND ( 'NONE', #1102, .T. ) ;
#3420 = CARTESIAN_POINT ( 'NONE',  ( 73.43710854142003086, -2.421587599001482349, -9.702366386627662820 ) ) ;
#3421 = VERTEX_POINT ( 'NONE', #1046 ) ;
#3422 = CARTESIAN_POINT ( 'NONE',  ( 38.00000000000000711, 10.09999999999999787, 0.000000000000000000 ) ) ;
#3423 = CARTESIAN_POINT ( 'NONE',  ( 76.56947108626575016, -3.505844944637758420, -7.191191537700080794 ) ) ;
#3424 = DIRECTION ( 'NONE',  ( 0.000000000000000000, 0.000000000000000000, 1.000000000000000000 ) ) ;
#3425 = CARTESIAN_POINT ( 'NONE',  ( 70.55983091159235698, 7.988696079415075424, 0.4300281653687503813 ) ) ;
#3426 = CARTESIAN_POINT ( 'NONE',  ( 77.09138514484497762, 7.191701968143156876, -6.948339571538358683 ) ) ;
#3427 = CARTESIAN_POINT ( 'NONE',  ( 76.38825132211495372, 7.429434120721771784, 6.694080564013456858 ) ) ;
#3428 = DIRECTION ( 'NONE',  ( 0.000000000000000000, 0.000000000000000000, 1.000000000000000000 ) ) ;
#3429 = CARTESIAN_POINT ( 'NONE',  ( 70.55983091159235698, -3.621932724155418448, -7.133427830570965078 ) ) ;
#3430 = ORIENTED_EDGE ( 'NONE', *, *, #331, .F. ) ;
#3431 = ADVANCED_FACE ( 'NONE', ( #4006 ), #719, .F. ) ;
#3432 = CARTESIAN_POINT ( 'NONE',  ( 76.30006596912041061, -4.158458766237523641, 6.836710353657604600 ) ) ;
#3433 = CARTESIAN_POINT ( 'NONE',  ( 72.87790416924337933, 9.241042754280353932, 3.821949417683761396 ) ) ;
#3434 = CARTESIAN_POINT ( 'NONE',  ( 76.99999999999980105, 7.969316156358251746, -0.7000000000052533089 ) ) ;
#3435 = ORIENTED_EDGE ( 'NONE', *, *, #4145, .F. ) ;
#3436 = DIRECTION ( 'NONE',  ( 0.000000000000000000, 0.9848077530122081313, 0.1736481776669296373 ) ) ;
#3437 = ADVANCED_FACE ( 'NONE', ( #2307 ), #2396, .F. ) ;
#3438 = B_SPLINE_CURVE_WITH_KNOTS ( 'NONE', 3,
 ( #1450, #2796, #4166, #1114, #2466, #2138, #3816, #781, #1806, #447, #3160, #804, #487, #2813 ),
 .UNSPECIFIED., .F., .F.,
 ( 4, 2, 2, 2, 2, 2, 4 ),
 ( 0.002189565179306705855, 0.002736829203537979958, 0.003010461215653602047, 0.003284093227769224136, 0.003557725239884846659, 0.003831357252000468314, 0.004378621276231742417 ),
 .UNSPECIFIED. ) ;
#3439 = CARTESIAN_POINT ( 'NONE',  ( 77.70003269886105102, -9.428084046620659464, -3.334602667174987101 ) ) ;
#3440 = CARTESIAN_POINT ( 'NONE',  ( 77.00000000000029843, -4.381517174218394928, 8.989010359991207011 ) ) ;
#3441 = VERTEX_POINT ( 'NONE', #3658 ) ;
#3442 = ORIENTED_EDGE ( 'NONE', *, *, #2939, .T. ) ;
#3443 = DIRECTION ( 'NONE',  ( -1.000000000000000000, 0.000000000000000000, -0.000000000000000000 ) ) ;
#3444 = DIRECTION ( 'NONE',  ( -0.000000000000000000, -0.9396926207859104263, -0.3420201433256630508 ) ) ;
#3445 = CARTESIAN_POINT ( 'NONE',  ( 70.00000000000000000, 16.39298785811485359, -28.39348785811523257 ) ) ;
#3446 = DIRECTION ( 'NONE',  ( -1.000000000000000000, -0.000000000000000000, -0.000000000000000000 ) ) ;
#3447 = DIRECTION ( 'NONE',  ( -1.000000000000000000, -0.000000000000000000, -0.000000000000000000 ) ) ;
#3448 = CARTESIAN_POINT ( 'NONE',  ( 73.99631263256587488, -7.988651679389030313, -0.4308345126641983658 ) ) ;
#3449 = CARTESIAN_POINT ( 'NONE',  ( 77.68189213675299243, 7.776981807849765005, 6.286950375292128079 ) ) ;
#3450 = ORIENTED_EDGE ( 'NONE', *, *, #539, .F. ) ;
#3451 = CARTESIAN_POINT ( 'NONE',  ( 73.43710854142003086, -7.191701968143100032, 6.948339571538409309 ) ) ;
#3452 = CARTESIAN_POINT ( 'NONE',  ( 73.00739568021583636, 7.307715767992553069, 3.256006775163827527 ) ) ;
#3453 = DIRECTION ( 'NONE',  ( 0.000000000000000000, 0.000000000000000000, 1.000000000000000000 ) ) ;
#3454 = EDGE_LOOP ( 'NONE', ( #1672, #3103 ) ) ;
#3455 = EDGE_CURVE ( 'NONE', #3178, #2342, #2901, .T. ) ;
#3456 = CARTESIAN_POINT ( 'NONE',  ( 70.61126478936334649, -7.631439915391365680, -2.401729311466267891 ) ) ;
#3457 = CARTESIAN_POINT ( 'NONE',  ( 77.00000000000001421, -9.134461366488585199, -4.069596484189502483 ) ) ;
#3458 = CARTESIAN_POINT ( 'NONE',  ( 74.13703576169568521, 4.080529140508069474, -6.881702355933960291 ) ) ;
#3459 = VERTEX_POINT ( 'NONE', #3985 ) ;
#3460 = EDGE_CURVE ( 'NONE', #1478, #2709, #2627, .T. ) ;
#3461 = ORIENTED_EDGE ( 'NONE', *, *, #3455, .T. ) ;
#3462 = CARTESIAN_POINT ( 'NONE',  ( 69.81663884680024523, 6.544349555094067128, -4.601383769368335486 ) ) ;
#3463 = CARTESIAN_POINT ( 'NONE',  ( 69.31838297155169926, 1.555188683346771183, -9.878692276570193442 ) ) ;
#3464 = CARTESIAN_POINT ( 'NONE',  ( 74.11872753940536995, 7.578860228885826444, -2.562821979536903161 ) ) ;
#3465 = CARTESIAN_POINT ( 'NONE',  ( 78.38119784648294797, 9.797174393178825657E-16, -8.000000000000000000 ) ) ;
#3466 = CARTESIAN_POINT ( 'NONE',  ( 72.87725266454344819, 9.241361963363280196, -3.821179867402930252 ) ) ;
#3467 = CARTESIAN_POINT ( 'NONE',  ( 77.69993446735442433, 7.542849959021454609, 6.568012594992802100 ) ) ;
#3468 = LINE ( 'NONE', #419, #4303 ) ;
#3469 = EDGE_LOOP ( 'NONE', ( #283, #4204, #421, #3942 ) ) ;
#3470 = DIRECTION ( 'NONE',  ( 0.000000000000000000, 0.000000000000000000, 1.000000000000000000 ) ) ;
#3471 = CARTESIAN_POINT ( 'NONE',  ( 69.38828058685217570, -7.390121551890756812, 3.064848948597663103 ) ) ;
#3472 = CARTESIAN_POINT ( 'NONE',  ( 76.81690483603883024, 2.055622226602030089, 7.731472005004262016 ) ) ;
#3473 = AXIS2_PLACEMENT_3D ( 'NONE', #2834, #818, #3138 ) ;
#3474 = ORIENTED_EDGE ( 'NONE', *, *, #3264, .F. ) ;
#3475 = CARTESIAN_POINT ( 'NONE',  ( 70.18505475354395173, -7.249293484512254082, -3.383451488555468956 ) ) ;
#3476 = VECTOR ( 'NONE', #2555, 1000.000000000000000 ) ;
#3477 = CARTESIAN_POINT ( 'NONE',  ( 38.00000000000000711, 0.000000000000000000, 0.000000000000000000 ) ) ;
#3478 = CARTESIAN_POINT ( 'NONE',  ( 69.99999999999980105, -4.590875860832814404, -6.551630242193355436 ) ) ;
#3479 = ORIENTED_EDGE ( 'NONE', *, *, #906, .T. ) ;
#3480 = ORIENTED_EDGE ( 'NONE', *, *, #1374, .T. ) ;
#3481 = ADVANCED_FACE ( 'NONE', ( #2020 ), #1663, .F. ) ;
#3482 = VECTOR ( 'NONE', #1092, 1000.000000000000114 ) ;
#3483 = DIRECTION ( 'NONE',  ( -0.000000000000000000, -0.5000000000000039968, -0.8660254037844363761 ) ) ;
#3484 = CARTESIAN_POINT ( 'NONE',  ( 73.43710854142003086, -25.90147116814989303, -21.73391490414299199 ) ) ;
#3485 = CARTESIAN_POINT ( 'NONE',  ( 69.99999999999980105, -4.590875860832814404, -6.551630242193355436 ) ) ;
#3486 = CARTESIAN_POINT ( 'NONE',  ( 76.30007476368578523, -5.080499554485237823, -8.613771555317871531 ) ) ;
#3487 = ADVANCED_FACE ( 'NONE', ( #2477 ), #2486, .T. ) ;
#3488 = CARTESIAN_POINT ( 'NONE',  ( 73.43710854142003086, 4.590875860828493416, 6.551630242196376130 ) ) ;
#3489 = CARTESIAN_POINT ( 'NONE',  ( 70.00000000000000000, -7.249293484512255858, -3.383451488555469844 ) ) ;
#3490 = CARTESIAN_POINT ( 'NONE',  ( 74.13718088981457299, 7.548975745846043139, 2.649813308674899393 ) ) ;
#3491 = VERTEX_POINT ( 'NONE', #3485 ) ;
#3492 = DIRECTION ( 'NONE',  ( -1.000000000000000000, -0.000000000000000000, -0.000000000000000000 ) ) ;
#3493 = CARTESIAN_POINT ( 'NONE',  ( 72.87725266454344819, 4.623086905735255492, -8.867426570260521501 ) ) ;
#3494 = CARTESIAN_POINT ( 'NONE',  ( 76.64710261100198352, 0.7829636434407832857, 7.961671409026890522 ) ) ;
#3495 = VERTEX_POINT ( 'NONE', #3907 ) ;
#3496 = CARTESIAN_POINT ( 'NONE',  ( 70.18274313490441330, -7.728121685168217958, -2.067881819455060555 ) ) ;
#3497 = CARTESIAN_POINT ( 'NONE',  ( 74.13714124028109609, 9.428084046620613279, -3.334602667175112778 ) ) ;
#3498 = CARTESIAN_POINT ( 'NONE',  ( 69.29996708377638015, -4.078904196017122175, -6.882651197197964699 ) ) ;
#3499 = VERTEX_POINT ( 'NONE', #796 ) ;
#3500 = ORIENTED_EDGE ( 'NONE', *, *, #841, .F. ) ;
#3501 = DIRECTION ( 'NONE',  ( -0.000000000000000000, -0.5000000000000039968, -0.8660254037844363761 ) ) ;
#3502 = CARTESIAN_POINT ( 'NONE',  ( 76.44014412312341733, -9.241361963363329934, -3.821179867402805908 ) ) ;
#3503 = LINE ( 'NONE', #43, #3697 ) ;
#3504 = CARTESIAN_POINT ( 'NONE',  ( 70.68189213675299243, -9.333149641259991469, 3.591588622721218371 ) ) ;
#3505 = EDGE_CURVE ( 'NONE', #1957, #2879, #3837, .T. ) ;
#3506 = CARTESIAN_POINT ( 'NONE',  ( 73.43710854142003086, -5.654899030256294701, 5.658808793165426287 ) ) ;
#3507 = FACE_OUTER_BOUND ( 'NONE', #514, .T. ) ;
#3508 = CARTESIAN_POINT ( 'NONE',  ( 73.43710854141983191, 7.249293484510022978, 3.383451488560245135 ) ) ;
#3509 = EDGE_LOOP ( 'NONE', ( #1537, #275, #1185, #1181 ) ) ;
#3510 = EDGE_CURVE ( 'NONE', #39, #2080, #3643, .T. ) ;
#3511 = DIRECTION ( 'NONE',  ( -1.000000000000000000, -0.000000000000000000, -0.000000000000000000 ) ) ;
#3512 = DIRECTION ( 'NONE',  ( -0.000000000000000000, -0.5000000000000039968, -0.8660254037844363761 ) ) ;
#3513 = FACE_OUTER_BOUND ( 'NONE', #1387, .T. ) ;
#3514 = ORIENTED_EDGE ( 'NONE', *, *, #276, .F. ) ;
#3515 = ORIENTED_EDGE ( 'NONE', *, *, #1224, .F. ) ;
#3516 = CARTESIAN_POINT ( 'NONE',  ( 77.00000000000001421, -26.35250172289580206, -21.19858937374737806 ) ) ;
#3517 = CARTESIAN_POINT ( 'NONE',  ( 70.00000000000000000, 1.042856744784389056, 9.945473835361372750 ) ) ;
#3518 = ORIENTED_EDGE ( 'NONE', *, *, #1906, .F. ) ;
#3519 = ORIENTED_EDGE ( 'NONE', *, *, #199, .T. ) ;
#3520 = DIRECTION ( 'NONE',  ( 0.000000000000000000, 0.000000000000000000, 1.000000000000000000 ) ) ;
#3521 = CARTESIAN_POINT ( 'NONE',  ( 69.30007476368577102, 1.644937176446832572, -9.864213998888656576 ) ) ;
#3522 = CARTESIAN_POINT ( 'NONE',  ( 70.00000000000000000, -25.90255039611496457, 21.73482048393104193 ) ) ;
#3523 = FACE_OUTER_BOUND ( 'NONE', #2203, .T. ) ;
#3524 = CARTESIAN_POINT ( 'NONE',  ( 69.30006596912039640, -7.454954148041047723, -2.908100139423045682 ) ) ;
#3525 = CARTESIAN_POINT ( 'NONE',  ( 73.25438029584987021, -8.091604621704350464, 5.875877351171721941 ) ) ;
#3526 = ORIENTED_EDGE ( 'NONE', *, *, #1642, .T. ) ;
#3527 = FACE_OUTER_BOUND ( 'NONE', #3192, .T. ) ;
#3528 = EDGE_CURVE ( 'NONE', #2951, #1478, #394, .T. ) ;
#3529 = CARTESIAN_POINT ( 'NONE',  ( 69.31811214426680579, -7.453448192359122260, 2.907456908237672888 ) ) ;
#3530 = DIRECTION ( 'NONE',  ( -0.000000000000000000, -0.9396926207859104263, -0.3420201433256630508 ) ) ;
#3531 = ORIENTED_EDGE ( 'NONE', *, *, #406, .T. ) ;
#3532 = VECTOR ( 'NONE', #17, 1000.000000000000114 ) ;
#3533 = ORIENTED_EDGE ( 'NONE', *, *, #1147, .F. ) ;
#3534 = EDGE_CURVE ( 'NONE', #1808, #4045, #3503, .T. ) ;
#3535 = AXIS2_PLACEMENT_3D ( 'NONE', #1039, #323, #3010 ) ;
#3536 = DIRECTION ( 'NONE',  ( 0.000000000000000000, 0.000000000000000000, 1.000000000000000000 ) ) ;
#3537 = DIRECTION ( 'NONE',  ( -0.8320502943378438321, 0.000000000000000000, 0.5547001962252288143 ) ) ;
#3538 = ORIENTED_EDGE ( 'NONE', *, *, #2898, .F. ) ;
#3539 = VERTEX_POINT ( 'NONE', #1398 ) ;
#3540 = AXIS2_PLACEMENT_3D ( 'NONE', #3567, #591, #1236 ) ;
#3541 = B_SPLINE_CURVE_WITH_KNOTS ( 'NONE', 3,
 ( #4080, #1735, #4338, #1307, #2657, #3683, #642, #1997, #3504, #478, #772, #106, #439, #1798, #1777, #2500 ),
 .UNSPECIFIED., .F., .F.,
 ( 4, 2, 2, 2, 2, 2, 2, 4 ),
 ( 0.000000000000000000, 0.0002736485253891252512, 0.0005472970507782505024, 0.001094594101556471515, 0.001368242626945582671, 0.001641891152334694261, 0.001915539677723804768, 0.002189188203112915274 ),
 .UNSPECIFIED. ) ;
#3542 = CARTESIAN_POINT ( 'NONE',  ( 74.06128050092941351, -9.994146454984106143, 0.3657296480667450167 ) ) ;
#3543 = CARTESIAN_POINT ( 'NONE',  ( 76.81663884680023102, 6.544349555094067128, -4.601383769368335486 ) ) ;
#3544 = AXIS2_PLACEMENT_3D ( 'NONE', #1497, #1872, #3189 ) ;
#3545 = CARTESIAN_POINT ( 'NONE',  ( 69.63374405134040046, 8.047183592111995409, -5.937977964140310760 ) ) ;
#3546 = VECTOR ( 'NONE', #1260, 1000.000000000000227 ) ;
#3547 = CARTESIAN_POINT ( 'NONE',  ( 70.00000000000000000, -9.613289567144475356, 2.754026815089354319 ) ) ;
#3548 = CARTESIAN_POINT ( 'NONE',  ( 70.00000000000029843, 2.421587599005925906, 9.702366386626549044 ) ) ;
#3549 = CARTESIAN_POINT ( 'NONE',  ( 72.73703423331751594, -7.601423504268671749, 6.498222590761240980 ) ) ;
#3550 = AXIS2_PLACEMENT_3D ( 'NONE', #3414, #1761, #2030 ) ;
#3551 = ORIENTED_EDGE ( 'NONE', *, *, #981, .F. ) ;
#3552 = CARTESIAN_POINT ( 'NONE',  ( 73.99752483067874209, -2.157898308032727197, 9.764617678349994279 ) ) ;
#3553 = DIRECTION ( 'NONE',  ( -0.000000000000000000, -0.4999999999999919509, 0.8660254037844432595 ) ) ;
#3554 = DIRECTION ( 'NONE',  ( -1.000000000000000000, -0.000000000000000000, -0.000000000000000000 ) ) ;
#3555 = ORIENTED_EDGE ( 'NONE', *, *, #2721, .F. ) ;
#3556 = EDGE_CURVE ( 'NONE', #3169, #3184, #3348, .T. ) ;
#3557 = CARTESIAN_POINT ( 'NONE',  ( 77.00000000000001421, 7.969316156358710934, 0.7000000000000018430 ) ) ;
#3558 = ORIENTED_EDGE ( 'NONE', *, *, #3959, .T. ) ;
#3559 = CARTESIAN_POINT ( 'NONE',  ( 85.00100000000000477, -9.000000000000074607, -15.58845726811985699 ) ) ;
#3560 = CARTESIAN_POINT ( 'NONE',  ( 77.00000000000001421, -4.590875860828400157, 6.551630242196448961 ) ) ;
#3561 = ORIENTED_EDGE ( 'NONE', *, *, #3556, .F. ) ;
#3562 = ORIENTED_EDGE ( 'NONE', *, *, #2906, .F. ) ;
#3563 = ADVANCED_FACE ( 'NONE', ( #1816 ), #2806, .F. ) ;
#3564 = LINE ( 'NONE', #475, #1288 ) ;
#3565 = CARTESIAN_POINT ( 'NONE',  ( 77.42973211210464513, 2.285523979092753066, 9.735536125614645542 ) ) ;
#3566 = DIRECTION ( 'NONE',  ( -0.000000000000000000, -0.4999999999999919509, 0.8660254037844432595 ) ) ;
#3567 = CARTESIAN_POINT ( 'NONE',  ( 26.30000000000000426, -9.000000000000074607, -15.58845726811985699 ) ) ;
#3568 = CARTESIAN_POINT ( 'NONE',  ( 69.38825132211496793, -9.511960883776220399, 3.087038402281176541 ) ) ;
#3569 = CARTESIAN_POINT ( 'NONE',  ( 73.43710854141983191, -5.654899030252645176, -5.658808793169081142 ) ) ;
#3570 = CARTESIAN_POINT ( 'NONE',  ( 70.36548765893749646, -7.282083097610391853, 3.314809479763213496 ) ) ;
#3571 = ORIENTED_EDGE ( 'NONE', *, *, #301, .T. ) ;
#3572 = CARTESIAN_POINT ( 'NONE',  ( 73.43710854142032929, -2.421587599005796232, 9.702366386626582795 ) ) ;
#3573 = CARTESIAN_POINT ( 'NONE',  ( 70.61126478936333228, -3.690427280851007019, 7.098445277138891285 ) ) ;
#3574 = CARTESIAN_POINT ( 'NONE',  ( 83.00000000000000000, 0.000000000000000000, 0.000000000000000000 ) ) ;
#3575 = VERTEX_POINT ( 'NONE', #1754 ) ;
#3576 = DIRECTION ( 'NONE',  ( 1.000000000000000000, 0.000000000000000000, 0.000000000000000000 ) ) ;
#3577 = ORIENTED_EDGE ( 'NONE', *, *, #4197, .T. ) ;
#3578 = CARTESIAN_POINT ( 'NONE',  ( 0.000000000000000000, 0.000000000000000000, 0.000000000000000000 ) ) ;
#3579 = CARTESIAN_POINT ( 'NONE',  ( 77.36629917073254603, -4.528598294006939362, 6.596101468337660201 ) ) ;
#3580 = CARTESIAN_POINT ( 'NONE',  ( 73.80259620035752732, 7.709117753318319721, -2.141541405881127513 ) ) ;
#3581 = ORIENTED_EDGE ( 'NONE', *, *, #2042, .F. ) ;
#3582 = ORIENTED_EDGE ( 'NONE', *, *, #4313, .T. ) ;
#3583 = CARTESIAN_POINT ( 'NONE',  ( 73.07085259276043132, -8.047183592112075345, -5.937977964140194409 ) ) ;
#3584 = CARTESIAN_POINT ( 'NONE',  ( 77.62417195950936843, 9.994146454984102590, 0.3657296480667447947 ) ) ;
#3585 = ADVANCED_FACE ( 'NONE', ( #1088 ), #3790, .F. ) ;
#3586 = FACE_BOUND ( 'NONE', #2161, .T. ) ;
#3587 = CARTESIAN_POINT ( 'NONE',  ( 77.56041628925872544, 1.311934821404812990, -9.913783865736698786 ) ) ;
#3588 = FACE_BOUND ( 'NONE', #983, .T. ) ;
#3589 = ADVANCED_FACE ( 'NONE', ( #413 ), #1775, .F. ) ;
#3590 = CARTESIAN_POINT ( 'NONE',  ( 70.43051374540978316, 2.284758664022465080, -9.735710463646752189 ) ) ;
#3591 = FACE_OUTER_BOUND ( 'NONE', #790, .T. ) ;
#3592 = EDGE_LOOP ( 'NONE', ( #838, #2381, #624, #2456 ) ) ;
#3593 = CARTESIAN_POINT ( 'NONE',  ( 76.99999999999980105, 0.6944918006894927887, -7.969798061354820717 ) ) ;
#3594 = CARTESIAN_POINT ( 'NONE',  ( 70.70007234839457055, -4.079583758546478478, 6.882262835667226852 ) ) ;
#3595 = CARTESIAN_POINT ( 'NONE',  ( 76.81497915877277194, 2.421587599001354008, -9.702366386627691242 ) ) ;
#3596 = VERTEX_POINT ( 'NONE', #3250 ) ;
#3597 = DIRECTION ( 'NONE',  ( 0.000000000000000000, 0.000000000000000000, 1.000000000000000000 ) ) ;
#3598 = ORIENTED_EDGE ( 'NONE', *, *, #1369, .F. ) ;
#3599 = CARTESIAN_POINT ( 'NONE',  ( 22.30000000000000426, 0.000000000000000000, 0.000000000000000000 ) ) ;
#3600 = CARTESIAN_POINT ( 'NONE',  ( 77.18505475354400858, -4.590875860828401045, 6.551630242196449849 ) ) ;
#3601 = CARTESIAN_POINT ( 'NONE',  ( 74.06128050092942772, -7.891046841830203107, -6.143948346070952304 ) ) ;
#3602 = ORIENTED_EDGE ( 'NONE', *, *, #2072, .T. ) ;
#3603 = ORIENTED_EDGE ( 'NONE', *, *, #3929, .T. ) ;
#3604 = FACE_BOUND ( 'NONE', #56, .T. ) ;
#3605 = CARTESIAN_POINT ( 'NONE',  ( 77.42973211210460249, 9.984508530219265765, -0.5602436274822002460 ) ) ;
#3606 = DIRECTION ( 'NONE',  ( -0.000000000000000000, -0.9396926207859057634, 0.3420201433256757073 ) ) ;
#3607 = AXIS2_PLACEMENT_3D ( 'NONE', #4134, #3081, #370 ) ;
#3608 = EDGE_CURVE ( 'NONE', #3917, #2840, #234, .T. ) ;
#3609 = CARTESIAN_POINT ( 'NONE',  ( 77.18274313490444172, -7.249293484512151053, 3.383451488555694553 ) ) ;
#3610 = AXIS2_PLACEMENT_3D ( 'NONE', #2390, #2988, #2369 ) ;
#3611 = FACE_BOUND ( 'NONE', #4177, .T. ) ;
#3612 = CARTESIAN_POINT ( 'NONE',  ( 77.68161899798535330, -4.158393549234847164, -6.834832986801273158 ) ) ;
#3613 = DIRECTION ( 'NONE',  ( -1.000000000000000000, -0.000000000000000000, -0.000000000000000000 ) ) ;
#3614 = EDGE_CURVE ( 'NONE', #162, #4063, #431, .T. ) ;
#3615 = CARTESIAN_POINT ( 'NONE',  ( 22.30000000000000426, 9.000000000000181188, 15.58845726811978949 ) ) ;
#3616 = AXIS2_PLACEMENT_3D ( 'NONE', #3406, #2333, #1688 ) ;
#3617 = CARTESIAN_POINT ( 'NONE',  ( 69.90745110525169537, 7.969316156358712711, 0.7000000000000019540 ) ) ;
#3618 = CARTESIAN_POINT ( 'NONE',  ( 69.99999999999980105, 0.6944918006894927887, -7.969798061354820717 ) ) ;
#3619 = ORIENTED_EDGE ( 'NONE', *, *, #4200, .F. ) ;
#3620 = VECTOR ( 'NONE', #2969, 1000.000000000000114 ) ;
#3621 = CARTESIAN_POINT ( 'NONE',  ( 72.73707562519641101, 4.078904196017025363, -6.882651197198025095 ) ) ;
#3622 = ORIENTED_EDGE ( 'NONE', *, *, #2768, .F. ) ;
#3623 = CARTESIAN_POINT ( 'NONE',  ( 73.62016752706283285, 9.608321111391115110, -2.771534746288608186 ) ) ;
#3624 = CARTESIAN_POINT ( 'NONE',  ( 77.00000000000001421, -24.00100000000000122, 0.000000000000000000 ) ) ;
#3625 = DIRECTION ( 'NONE',  ( -0.000000000000000000, 0.7660444431189858960, 0.6427876096865301481 ) ) ;
#3626 = VERTEX_POINT ( 'NONE', #2274 ) ;
#3627 = EDGE_LOOP ( 'NONE', ( #3990, #4126, #783, #2762 ) ) ;
#3628 =( LENGTH_UNIT ( ) NAMED_UNIT ( * ) SI_UNIT ( .MILLI., .METRE. ) );
#3629 = PLANE ( 'NONE',  #1351 ) ;
#3630 = CARTESIAN_POINT ( 'NONE',  ( 77.69993446735443854, 9.999995412715103171, 0.1829390553462060531 ) ) ;
#3631 = DIRECTION ( 'NONE',  ( -1.000000000000000000, -0.000000000000000000, -0.000000000000000000 ) ) ;
#3632 = CARTESIAN_POINT ( 'NONE',  ( 77.61174165653737589, 1.388415820423873237, -9.903509103878720410 ) ) ;
#3633 = CARTESIAN_POINT ( 'NONE',  ( 21.30000000000000426, 1.741508980727493796E-15, -14.22050000000000125 ) ) ;
#3634 = CARTESIAN_POINT ( 'NONE',  ( 77.68192758678334542, -3.840903431500958032, -7.018166784588379947 ) ) ;
#3635 = CARTESIAN_POINT ( 'NONE',  ( 69.44079562782337689, 9.990923372183994289, -0.4308348975168913020 ) ) ;
#3636 = EDGE_CURVE ( 'NONE', #3491, #3459, #208, .T. ) ;
#3637 = B_SPLINE_CURVE_WITH_KNOTS ( 'NONE', 3,
 ( #1285, #1023, #328, #2725, #2635, #1045, #4379, #953, #1353, #2374, #351, #4005, #1969, #2328 ),
 .UNSPECIFIED., .F., .F.,
 ( 4, 2, 2, 2, 2, 2, 4 ),
 ( 0.002189565179306703253, 0.002736829203537947432, 0.003010461215653585133, 0.003284093227769222401, 0.003557725239884859669, 0.003831357252000497371, 0.004378621276231741549 ),
 .UNSPECIFIED. ) ;
#3638 = LINE ( 'NONE', #225, #710 ) ;
#3639 = CARTESIAN_POINT ( 'NONE',  ( 69.38828058685216149, 7.992682765693549740, -0.3524455084488237189 ) ) ;
#3640 = CARTESIAN_POINT ( 'NONE',  ( 76.37585270615920763, -7.635759126387090312, 2.389962467220319908 ) ) ;
#3641 = ADVANCED_FACE ( 'NONE', ( #3927 ), #2955, .T. ) ;
#3642 = ORIENTED_EDGE ( 'NONE', *, *, #1522, .F. ) ;
#3643 = B_SPLINE_CURVE_WITH_KNOTS ( 'NONE', 3,
 ( #3152, #2226, #3580, #61, #457, #3464, #2149, #1441, #3173, #2786, #3088, #1065, #1540, #4139 ),
 .UNSPECIFIED., .F., .F.,
 ( 4, 2, 2, 2, 2, 2, 4 ),
 ( 0.002189565179306704121, 0.002736829203537934421, 0.003010461215653563449, 0.003284093227769192477, 0.003557725239884821505, 0.003831357252000450533, 0.004378621276231738080 ),
 .UNSPECIFIED. ) ;
#3644 = CARTESIAN_POINT ( 'NONE',  ( 77.69993446735442433, -5.158427575631606921, 8.568780537466077263 ) ) ;
#3645 = VERTEX_POINT ( 'NONE', #4018 ) ;
#3646 = CARTESIAN_POINT ( 'NONE',  ( 73.52849368626502269, 9.613289567144459369, -2.754026815089424041 ) ) ;
#3647 = FACE_OUTER_BOUND ( 'NONE', #1993, .T. ) ;
#3648 = DIRECTION ( 'NONE',  ( -1.000000000000000000, -0.000000000000000000, -0.000000000000000000 ) ) ;
#3649 = ORIENTED_EDGE ( 'NONE', *, *, #1874, .F. ) ;
#3650 = CARTESIAN_POINT ( 'NONE',  ( 74.13704300877444098, -7.542849959021364015, 6.568012594992903352 ) ) ;
#3651 = CYLINDRICAL_SURFACE ( 'NONE', #860, 0.7000000000000013989 ) ;
#3652 = CARTESIAN_POINT ( 'NONE',  ( 70.56041628925873965, -4.623529249285091680, 8.867201407048394657 ) ) ;
#3653 = DIRECTION ( 'NONE',  ( -1.000000000000000000, -0.000000000000000000, -0.000000000000000000 ) ) ;
#3654 = B_SPLINE_CURVE_WITH_KNOTS ( 'NONE', 3,
 ( #346, #2056, #1705, #3061, #2303, #18, #4052, #3981, #1680, #1967, #951, #3326, #3655, #281, #4023, #611 ),
 .UNSPECIFIED., .F., .F.,
 ( 4, 2, 2, 2, 2, 2, 2, 4 ),
 ( 0.000000000000000000, 0.0002736956474133486945, 0.0005473912948266973890, 0.001094782589653365938, 0.001368478237066699833, 0.001642173884480033295, 0.001915869531893366973, 0.002189565179306700651 ),
 .UNSPECIFIED. ) ;
#3655 = CARTESIAN_POINT ( 'NONE',  ( 69.64730396509261823, -3.458689167794526398, 7.213786200272759075 ) ) ;
#3656 = DIRECTION ( 'NONE',  ( 0.000000000000000000, 0.000000000000000000, 1.000000000000000000 ) ) ;
#3657 = CARTESIAN_POINT ( 'NONE',  ( 69.29996708377638015, 1.478910824963777237, 7.862643939183667108 ) ) ;
#3658 = CARTESIAN_POINT ( 'NONE',  ( 70.00000000000029843, -9.134461366486663181, 4.069596484193808372 ) ) ;
#3659 = CARTESIAN_POINT ( 'NONE',  ( 70.18332813216635202, 8.080902298712484111, -5.890692539893937152 ) ) ;
#3660 = CARTESIAN_POINT ( 'NONE',  ( 69.38825132211496793, -9.270894813794722467, -3.749361986152011550 ) ) ;
#3661 = CYLINDRICAL_SURFACE ( 'NONE', #3616, 13.22049999999999947 ) ;
#3662 = CARTESIAN_POINT ( 'NONE',  ( 77.00000000000001421, -7.728121685168154897, 2.067881819455296366 ) ) ;
#3663 = VERTEX_POINT ( 'NONE', #1608 ) ;
#3664 = B_SPLINE_CURVE_WITH_KNOTS ( 'NONE', 3,
 ( #1523, #1480, #169, #1213, #2867, #3542, #436, #2538, #1814, #2563, #1795, #812, #3195, #1544, #3171, #499 ),
 .UNSPECIFIED., .F., .F.,
 ( 4, 2, 2, 2, 2, 2, 2, 4 ),
 ( 0.000000000000000000, 0.0002736485253891029167, 0.0005472970507782058333, 0.001094594101556441374, 0.001368242626945559036, 0.001641891152334676697, 0.001915539677723794793, 0.002189188203112912671 ),
 .UNSPECIFIED. ) ;
#3665 = EDGE_CURVE ( 'NONE', #250, #2862, #605, .T. ) ;
#3666 = CARTESIAN_POINT ( 'NONE',  ( 76.29996708377638015, -3.921098684152223068, 6.973760251952773714 ) ) ;
#3667 = VERTEX_POINT ( 'NONE', #2936 ) ;
#3668 = DIRECTION ( 'NONE',  ( 0.000000000000000000, 0.6427876096865406952, 0.7660444431189767922 ) ) ;
#3669 = CARTESIAN_POINT ( 'NONE',  ( 76.99999999999980105, 2.073222654917034724, 7.726690612619271370 ) ) ;
#3670 = DIRECTION ( 'NONE',  ( -1.000000000000000000, -0.000000000000000000, 0.000000000000000000 ) ) ;
#3671 = ORIENTED_EDGE ( 'NONE', *, *, #820, .F. ) ;
#3672 = CARTESIAN_POINT ( 'NONE',  ( 73.43710854142032929, -8.091604621706954603, 5.875877351168138141 ) ) ;
#3673 = EDGE_CURVE ( 'NONE', #2506, #2546, #3276, .T. ) ;
#3674 = CARTESIAN_POINT ( 'NONE',  ( 72.75516024144297944, 5.157568502546964417, 8.567770602273562019 ) ) ;
#3675 = CARTESIAN_POINT ( 'NONE',  ( 70.70003269886107944, -4.921112173435417958, 8.705802588764536054 ) ) ;
#3676 = CARTESIAN_POINT ( 'NONE',  ( 73.43710854142003086, -4.827930270477030383, 27.38055316933887795 ) ) ;
#3677 = CARTESIAN_POINT ( 'NONE',  ( 74.11900067817298066, -1.556167833410432300, -9.878538998013349115 ) ) ;
#3678 = ORIENTED_EDGE ( 'NONE', *, *, #3534, .T. ) ;
#3679 = CIRCLE ( 'NONE', #343, 2.749999999999999112 ) ;
#3680 = DIRECTION ( 'NONE',  ( -1.000000000000000000, -0.000000000000000000, -0.000000000000000000 ) ) ;
#3681 = CARTESIAN_POINT ( 'NONE',  ( 76.63452057087401670, -9.592901257717434405, -2.827175199871072575 ) ) ;
#3682 = DIRECTION ( 'NONE',  ( 0.000000000000000000, 0.9848077530122081313, 0.1736481776669296373 ) ) ;
#3683 = CARTESIAN_POINT ( 'NONE',  ( 70.62417195950938265, -9.516512581452420960, 3.074525951460517881 ) ) ;
#3684 = CIRCLE ( 'NONE', #3540, 2.749999999999999112 ) ;
#3685 = LINE ( 'NONE', #690, #415 ) ;
#3686 = CARTESIAN_POINT ( 'NONE',  ( 70.18505475354400858, 5.654899030256379078, 5.658808793165355233 ) ) ;
#3687 = CARTESIAN_POINT ( 'NONE',  ( 74.13704300877444098, 5.158427575631732154, 8.568780537466004432 ) ) ;
#3688 = AXIS2_PLACEMENT_3D ( 'NONE', #1922, #3979, #3281 ) ;
#3689 = ORIENTED_EDGE ( 'NONE', *, *, #3608, .F. ) ;
#3690 = DIRECTION ( 'NONE',  ( 0.000000000000000000, -0.3420201433256737644, -0.9396926207859065405 ) ) ;
#3691 = EDGE_LOOP ( 'NONE', ( #3341, #1793, #4295, #236 ) ) ;
#3692 = DIRECTION ( 'NONE',  ( -0.000000000000000000, 0.7660444431189858960, 0.6427876096865301481 ) ) ;
#3693 = FACE_OUTER_BOUND ( 'NONE', #2842, .T. ) ;
#3694 = ORIENTED_EDGE ( 'NONE', *, *, #1799, .T. ) ;
#3695 = EDGE_CURVE ( 'NONE', #3596, #1020, #1010, .T. ) ;
#3696 = CARTESIAN_POINT ( 'NONE',  ( 73.99752483067875630, -7.929621264653845536, 6.093060816314351591 ) ) ;
#3697 = VECTOR ( 'NONE', #3809, 1000.000000000000000 ) ;
#3698 = CARTESIAN_POINT ( 'NONE',  ( 76.31838297155172768, 7.541244644164757815, -6.567861307368926482 ) ) ;
#3699 = DIRECTION ( 'NONE',  ( 0.000000000000000000, -0.8660254037844326014, 0.5000000000000105471 ) ) ;
#3700 = CARTESIAN_POINT ( 'NONE',  ( 72.87790416924337933, -2.159195184132517653, 9.764325101848548627 ) ) ;
#3701 = ADVANCED_FACE ( 'NONE', ( #4298 ), #3344, .F. ) ;
#3702 = EDGE_LOOP ( 'NONE', ( #3013, #2295, #2432 ) ) ;
#3703 = CARTESIAN_POINT ( 'NONE',  ( 0.000000000000000000, 0.000000000000000000, 13.22049999999999947 ) ) ;
#3704 = CARTESIAN_POINT ( 'NONE',  ( 70.69993446735443854, -4.841567837083449177, -8.751719592812211346 ) ) ;
#3705 = DIRECTION ( 'NONE',  ( -0.000000000000000000, 0.1736481776669273613, -0.9848077530122086864 ) ) ;
#3706 = CARTESIAN_POINT ( 'NONE',  ( 69.38871602490029034, 9.994120100610542679, -0.3531803371506751499 ) ) ;
#3707 = CARTESIAN_POINT ( 'NONE',  ( 73.43710854142032929, 9.613289567145736569, -2.754026815084950286 ) ) ;
#3708 = CARTESIAN_POINT ( 'NONE',  ( 70.55983091159234277, 5.843279462887084996, 5.464455543864753295 ) ) ;
#3709 = CARTESIAN_POINT ( 'NONE',  ( 70.61126478936336071, -4.302220296950412859, -6.745226414605570042 ) ) ;
#3710 = VERTEX_POINT ( 'NONE', #4348 ) ;
#3711 = CARTESIAN_POINT ( 'NONE',  ( 76.57028713879576287, -3.505114243832783139, 7.191555047648615862 ) ) ;
#3712 = ORIENTED_EDGE ( 'NONE', *, *, #869, .T. ) ;
#3713 = CARTESIAN_POINT ( 'NONE',  ( 73.34571572478330381, 7.249293484512286057, 3.383451488555406783 ) ) ;
#3714 = CARTESIAN_POINT ( 'NONE',  ( 77.00000000000001421, -25.45259906933438643, 22.27105159411432567 ) ) ;
#3715 = DIRECTION ( 'NONE',  ( 0.000000000000000000, -1.224646799147353454E-16, 1.000000000000000000 ) ) ;
#3716 = ORIENTED_EDGE ( 'NONE', *, *, #4048, .T. ) ;
#3717 = CARTESIAN_POINT ( 'NONE',  ( 77.18274313490439908, 7.969316156358701164, -0.7000000000001391776 ) ) ;
#3718 = FACE_BOUND ( 'NONE', #2989, .T. ) ;
#3719 = FACE_OUTER_BOUND ( 'NONE', #693, .T. ) ;
#3720 = CARTESIAN_POINT ( 'NONE',  ( 73.43710854142032929, -1.042856744779834699, -9.945473835361852366 ) ) ;
#3721 = ORIENTED_EDGE ( 'NONE', *, *, #3880, .F. ) ;
#3722 = CARTESIAN_POINT ( 'NONE',  ( 77.61174165653737589, -9.270898380781352088, 3.749351180436113928 ) ) ;
#3723 = EDGE_CURVE ( 'NONE', #2185, #398, #274, .T. ) ;
#3724 = CARTESIAN_POINT ( 'NONE',  ( 73.86684065352463335, 5.477439478817489160, -8.366716217731264393 ) ) ;
#3725 = CARTESIAN_POINT ( 'NONE',  ( 70.18332813216633781, -4.397965725822820637, -8.981043259854979866 ) ) ;
#3726 = CARTESIAN_POINT ( 'NONE',  ( 77.42973211210463091, -5.477439478817605512, -8.366716217731188010 ) ) ;
#3727 = DIRECTION ( 'NONE',  ( -1.000000000000000000, -0.000000000000000000, -0.000000000000000000 ) ) ;
#3728 = EDGE_CURVE ( 'NONE', #1743, #360, #891, .T. ) ;
#3729 = B_SPLINE_CURVE_WITH_KNOTS ( 'NONE', 3,
 ( #2076, #450, #2451, #1142, #1788, #4089, #1809, #386, #1745, #1407, #3098, #2757, #4110, #1080, #2433, #3783 ),
 .UNSPECIFIED., .F., .F.,
 ( 4, 2, 2, 2, 2, 2, 2, 4 ),
 ( 0.000000000000000000, 0.0002736956474133280404, 0.0005473912948266560809, 0.001094782589653340351, 0.001368478237066682052, 0.001642173884480023754, 0.001915869531893365455, 0.002189565179306707157 ),
 .UNSPECIFIED. ) ;
#3730 = CARTESIAN_POINT ( 'NONE',  ( 76.38871602490033297, 7.882960111641834189, 6.153544735698385004 ) ) ;
#3731 = FILL_AREA_STYLE ('',( #668 ) ) ;
#3732 = CYLINDRICAL_SURFACE ( 'NONE', #15, 0.7000000000000023981 ) ;
#3733 = ORIENTED_EDGE ( 'NONE', *, *, #936, .T. ) ;
#3734 = DIRECTION ( 'NONE',  ( 0.000000000000000000, 0.000000000000000000, 1.000000000000000000 ) ) ;
#3735 = CARTESIAN_POINT ( 'NONE',  ( 72.82582456632032120, 9.270606120259786920, 3.750071345851877513 ) ) ;
#3736 = CARTESIAN_POINT ( 'NONE',  ( 73.99693945301240205, 7.653997050281172498, 2.328200684339586157 ) ) ;
#3737 = CARTESIAN_POINT ( 'NONE',  ( 77.00000000000001421, 0.6944918006948505029, 7.969798061354350871 ) ) ;
#3738 = VERTEX_POINT ( 'NONE', #3760 ) ;
#3739 = EDGE_LOOP ( 'NONE', ( #2573, #4212, #32, #1843 ) ) ;
#3740 = FACE_BOUND ( 'NONE', #320, .T. ) ;
#3741 = CARTESIAN_POINT ( 'NONE',  ( 74.11872753940539837, 4.158393549234750353, -6.834832986801331778 ) ) ;
#3742 = CARTESIAN_POINT ( 'NONE',  ( 73.43710854142003086, -8.091604621704339806, -5.875877351171729934 ) ) ;
#3743 = ORIENTED_EDGE ( 'NONE', *, *, #1369, .T. ) ;
#3744 = B_SPLINE_CURVE_WITH_KNOTS ( 'NONE', 3,
 ( #3175, #774, #2808, #1508, #1818, #2832, #2087, #816, #1800, #3834, #1756, #2131, #3792, #3112 ),
 .UNSPECIFIED., .F., .F.,
 ( 4, 2, 2, 2, 2, 2, 4 ),
 ( 0.002189188203112912671, 0.002736359354753675928, 0.003009944930574057556, 0.003283530506394439184, 0.003557116082214820812, 0.003830701658035202441, 0.004377872809675965697 ),
 .UNSPECIFIED. ) ;
#3745 = CARTESIAN_POINT ( 'NONE',  ( 77.68189213675300664, -9.333149641259991469, 3.591588622721218371 ) ) ;
#3746 = CARTESIAN_POINT ( 'NONE',  ( 76.30006596912039640, -3.841535461464780976, -7.019686108980608630 ) ) ;
#3747 = LINE ( 'NONE', #708, #773 ) ;
#3748 = CARTESIAN_POINT ( 'NONE',  ( 70.61126478936333228, 7.992647577801458070, -0.3532188625332659537 ) ) ;
#3749 = CARTESIAN_POINT ( 'NONE',  ( 77.35287253598525581, 8.039206399150341298, -5.947470137189342587 ) ) ;
#3750 = EDGE_CURVE ( 'NONE', #1743, #988, #1742, .T. ) ;
#3751 = VECTOR ( 'NONE', #3653, 1000.000000000000000 ) ;
#3752 = CARTESIAN_POINT ( 'NONE',  ( 69.63374405134042888, -9.166031560113726329, -4.000076437616110425 ) ) ;
#3753 =( LENGTH_UNIT ( ) NAMED_UNIT ( * ) SI_UNIT ( .MILLI., .METRE. ) );
#3754 = CARTESIAN_POINT ( 'NONE',  ( 74.13714124028109609, 4.921112173435541415, 8.705802588764461447 ) ) ;
#3755 = ORIENTED_EDGE ( 'NONE', *, *, #3510, .T. ) ;
#3756 = EDGE_CURVE ( 'NONE', #1135, #3093, #2060, .T. ) ;
#3757 = FACE_OUTER_BOUND ( 'NONE', #1850, .T. ) ;
#3758 = CARTESIAN_POINT ( 'NONE',  ( 73.25374738822026188, 7.723442921061217881, 2.085587000672866953 ) ) ;
#3759 = B_SPLINE_CURVE_WITH_KNOTS ( 'NONE', 3,
 ( #4004, #3609, #242, #4286, #973, #2967, #543, #1237, #3958, #2586, #3935, #904, #2256, #2944 ),
 .UNSPECIFIED., .F., .F.,
 ( 4, 2, 2, 2, 2, 2, 4 ),
 ( 0.002189565179306701085, 0.002736829203537973019, 0.003010461215653594674, 0.003284093227769216763, 0.003557725239884837985, 0.003831357252000460074, 0.004378621276231732876 ),
 .UNSPECIFIED. ) ;
#3760 = CARTESIAN_POINT ( 'NONE',  ( 21.30000000000000426, 1.680276640770125828E-15, -13.22049999999999770 ) ) ;
#3761 = VERTEX_POINT ( 'NONE', #1723 ) ;
#3762 = DIRECTION ( 'NONE',  ( 0.000000000000000000, -0.8660254037844425934, -0.4999999999999932832 ) ) ;
#3763 = AXIS2_PLACEMENT_3D ( 'NONE', #1600, #2949, #3968 ) ;
#3764 = CYLINDRICAL_SURFACE ( 'NONE', #1709, 10.00000000000000000 ) ;
#3765 = CARTESIAN_POINT ( 'NONE',  ( 69.64710261100195510, -3.458797154512168959, -7.213734534636325080 ) ) ;
#3766 = ORIENTED_EDGE ( 'NONE', *, *, #1857, .F. ) ;
#3767 = ORIENTED_EDGE ( 'NONE', *, *, #2402, .T. ) ;
#3768 = PRODUCT_DEFINITION_FORMATION_WITH_SPECIFIED_SOURCE ( 'ANY', '', #3332, .NOT_KNOWN. ) ;
#3769 = CARTESIAN_POINT ( 'NONE',  ( 69.81727175442986777, 8.091604621704433953, 5.875877351171612695 ) ) ;
#3770 = DIRECTION ( 'NONE',  ( -1.000000000000000000, -0.000000000000000000, -0.000000000000000000 ) ) ;
#3771 = FACE_OUTER_BOUND ( 'NONE', #2647, .T. ) ;
#3772 = CARTESIAN_POINT ( 'NONE',  ( 73.43710854141983191, -0.6944918006895994811, -7.969798061354811836 ) ) ;
#3773 = DIRECTION ( 'NONE',  ( 0.000000000000000000, 0.000000000000000000, 1.000000000000000000 ) ) ;
#3774 = CARTESIAN_POINT ( 'NONE',  ( 73.25208770019281701, 9.134461366488526579, -4.069596484189620611 ) ) ;
#3775 = ADVANCED_FACE ( 'NONE', ( #51 ), #1365, .F. ) ;
#3776 = CYLINDRICAL_SURFACE ( 'NONE', #1001, 2.749999999999999556 ) ;
#3777 = EDGE_LOOP ( 'NONE', ( #2155, #1335 ) ) ;
#3778 = CARTESIAN_POINT ( 'NONE',  ( 85.00100000000000477, -18.00000000000000000, 0.000000000000000000 ) ) ;
#3779 = ADVANCED_FACE ( 'NONE', ( #1675 ), #1034, .F. ) ;
#3780 = CARTESIAN_POINT ( 'NONE',  ( 73.34455964667166938, 7.728121685168183319, 2.067881819455191117 ) ) ;
#3781 = DIRECTION ( 'NONE',  ( -1.000000000000000000, -0.000000000000000000, -0.000000000000000000 ) ) ;
#3782 = ORIENTED_EDGE ( 'NONE', *, *, #959, .F. ) ;
#3783 = CARTESIAN_POINT ( 'NONE',  ( 73.43710854141983191, 3.378440295525503068, 7.251630242198615406 ) ) ;
#3784 = FACE_BOUND ( 'NONE', #2314, .T. ) ;
#3785 = B_SPLINE_CURVE_WITH_KNOTS ( 'NONE', 3,
 ( #978, #3090, #1687, #618, #3334, #3045, #1400, #288, #1002, #1645, #4008, #667, #2332, #1736, #1357, #2399 ),
 .UNSPECIFIED., .F., .F.,
 ( 4, 2, 2, 2, 2, 2, 2, 4 ),
 ( 0.000000000000000000, 0.0002736956474133489113, 0.0005473912948266978227, 0.001094782589653365721, 0.001368478237066699833, 0.001642173884480033945, 0.001915869531893368057, 0.002189565179306701952 ),
 .UNSPECIFIED. ) ;
#3786 = LINE ( 'NONE', #3822, #1131 ) ;
#3787 = VERTEX_POINT ( 'NONE', #1405 ) ;
#3788 = ORIENTED_EDGE ( 'NONE', *, *, #4145, .T. ) ;
#3789 = CARTESIAN_POINT ( 'NONE',  ( 76.99999999999980105, -4.590875860832814404, -6.551630242193355436 ) ) ;
#3790 = CYLINDRICAL_SURFACE ( 'NONE', #788, 0.7000000000000008438 ) ;
#3791 = CARTESIAN_POINT ( 'NONE',  ( 73.43710854142003086, 5.593952739520850592, 8.289010359989124055 ) ) ;
#3792 = CARTESIAN_POINT ( 'NONE',  ( 76.81497915877275773, 9.975469913743410189, 0.7000000000000018430 ) ) ;
#3793 = FACE_BOUND ( 'NONE', #3949, .T. ) ;
#3794 = VERTEX_POINT ( 'NONE', #3434 ) ;
#3795 = ADVANCED_FACE ( 'NONE', ( #3693 ), #1386, .F. ) ;
#3796 = CARTESIAN_POINT ( 'NONE',  ( 72.87790416924339354, -9.990923372183994289, -0.4308348975168913020 ) ) ;
#3797 = CARTESIAN_POINT ( 'NONE',  ( 73.43710854142003086, 4.381517174222513411, -8.989010359989199728 ) ) ;
#3798 = CARTESIAN_POINT ( 'NONE',  ( 73.34455964667169781, -5.654899030256296477, 5.658808793165427176 ) ) ;
#3799 = EDGE_LOOP ( 'NONE', ( #1073, #3001, #3119, #3187 ) ) ;
#3800 = CARTESIAN_POINT ( 'NONE',  ( 70.61173969054672739, -7.390130527420773809, -3.064828702244063674 ) ) ;
#3801 = EDGE_CURVE ( 'NONE', #3596, #2276, #652, .T. ) ;
#3802 = CARTESIAN_POINT ( 'NONE',  ( 77.00000000000029843, -5.593952739524650219, -8.289010359986569654 ) ) ;
#3803 = CARTESIAN_POINT ( 'NONE',  ( 70.00000000000029843, 9.975469913743092221, -0.7000000000045700776 ) ) ;
#3804 = ORIENTED_EDGE ( 'NONE', *, *, #3180, .F. ) ;
#3805 = ORIENTED_EDGE ( 'NONE', *, *, #2022, .T. ) ;
#3806 = ADVANCED_FACE ( 'NONE', ( #2430 ), #4044, .F. ) ;
#3807 = CARTESIAN_POINT ( 'NONE',  ( 77.00000000000029843, 8.091604621707030986, 5.875877351168029783 ) ) ;
#3808 = CARTESIAN_POINT ( 'NONE',  ( 0.000000000000000000, 1.236893267138826416E-15, -10.09999999999999787 ) ) ;
#3809 = DIRECTION ( 'NONE',  ( -1.000000000000000000, -0.000000000000000000, -0.000000000000000000 ) ) ;
#3810 = FACE_BOUND ( 'NONE', #3125, .T. ) ;
#3811 = CARTESIAN_POINT ( 'NONE',  ( 74.13718088981458720, -6.069293513521608396, 5.212698114117776171 ) ) ;
#3812 = FACE_BOUND ( 'NONE', #2319, .T. ) ;
#3813 = CARTESIAN_POINT ( 'NONE',  ( 73.61985167632442995, 7.249293484512195462, 3.383451488555594189 ) ) ;
#3814 = ORIENTED_EDGE ( 'NONE', *, *, #3026, .T. ) ;
#3815 = CARTESIAN_POINT ( 'NONE',  ( 76.44079562782333426, 2.159195184132647771, 9.764325101848520205 ) ) ;
#3816 = CARTESIAN_POINT ( 'NONE',  ( 77.69992722027564014, 1.480762296136328260, 7.862308083797248770 ) ) ;
#3817 = CARTESIAN_POINT ( 'NONE',  ( 73.08421115242201438, -5.717448682339989929, 5.595714811985592618 ) ) ;
#3818 = AXIS2_PLACEMENT_3D ( 'NONE', #4059, #1713, #2377 ) ;
#3819 = EDGE_LOOP ( 'NONE', ( #2031, #811, #1471, #3007 ) ) ;
#3820 = LINE ( 'NONE', #4132, #1124 ) ;
#3821 = CYLINDRICAL_SURFACE ( 'NONE', #4179, 2.749999999999999112 ) ;
#3822 = CARTESIAN_POINT ( 'NONE',  ( 0.000000000000000000, 0.000000000000000000, 12.00000000000000000 ) ) ;
#3823 = ADVANCED_FACE ( 'NONE', ( #401 ), #675, .T. ) ;
#3824 = EDGE_LOOP ( 'NONE', ( #4068, #1496 ) ) ;
#3825 = ORIENTED_EDGE ( 'NONE', *, *, #336, .T. ) ;
#3826 = AXIS2_PLACEMENT_3D ( 'NONE', #2339, #3692, #8 ) ;
#3827 = CARTESIAN_POINT ( 'NONE',  ( 77.18332813216636623, 1.061038236075474428, 9.943612946132036612 ) ) ;
#3828 = CARTESIAN_POINT ( 'NONE',  ( 76.30007476368577102, -9.428714080410541598, -3.332849669606462673 ) ) ;
#3829 = EDGE_CURVE ( 'NONE', #4222, #3667, #2279, .T. ) ;
#3830 = B_SPLINE_CURVE_WITH_KNOTS ( 'NONE', 3,
 ( #3877, #3966, #3266, #527, #1178, #1885, #2858, #1220, #4224, #3242, #2948, #247, #596, #2240 ),
 .UNSPECIFIED., .F., .F.,
 ( 4, 2, 2, 2, 2, 2, 4 ),
 ( 0.002189565179306705855, 0.002736829203537979958, 0.003010461215653602047, 0.003284093227769224136, 0.003557725239884846659, 0.003831357252000468314, 0.004378621276231742417 ),
 .UNSPECIFIED. ) ;
#3831 = CARTESIAN_POINT ( 'NONE',  ( 73.43710854142003086, -2.073222654911943685, -7.726690612620640941 ) ) ;
#3832 = CARTESIAN_POINT ( 'NONE',  ( 43.29999999999999716, 1.469576158976823947E-15, -12.00000000000000000 ) ) ;
#3833 = AXIS2_PLACEMENT_3D ( 'NONE', #74, #3781, #3453 ) ;
#3834 = CARTESIAN_POINT ( 'NONE',  ( 76.38825132211498214, 9.994148768488768653, 0.3524150180710303726 ) ) ;
#3835 = VECTOR ( 'NONE', #2147, 1000.000000000000114 ) ;
#3836 = DIRECTION ( 'NONE',  ( -1.000000000000000000, -0.000000000000000000, -0.000000000000000000 ) ) ;
#3837 = B_SPLINE_CURVE_WITH_KNOTS ( 'NONE', 3,
 ( #3772, #1734, #1797, #2419, #1107, #1128, #1461, #1418, #3109, #86, #2128, #438, #874, #3831 ),
 .UNSPECIFIED., .F., .F.,
 ( 4, 2, 2, 2, 2, 2, 4 ),
 ( 0.002189565179306701519, 0.002736829203537944396, 0.003010461215653580797, 0.003284093227769217197, 0.003557725239884853598, 0.003831357252000490432, 0.004378621276231734610 ),
 .UNSPECIFIED. ) ;
#3838 = CARTESIAN_POINT ( 'NONE',  ( 73.07085259276045974, -7.245145502422470685, 6.893809738925193997 ) ) ;
#3839 = ORIENTED_EDGE ( 'NONE', *, *, #187, .F. ) ;
#3840 = CARTESIAN_POINT ( 'NONE',  ( 76.81727175442983935, 2.421587599001626234, 9.702366386627620187 ) ) ;
#3841 = DIRECTION ( 'NONE',  ( 0.000000000000000000, 0.8660254037844397068, 0.4999999999999980016 ) ) ;
#3842 = CARTESIAN_POINT ( 'NONE',  ( 76.30006596912042482, 1.208988476531132950, 7.910229745963240688 ) ) ;
#3843 = ORIENTED_EDGE ( 'NONE', *, *, #869, .F. ) ;
#3844 = ORIENTED_EDGE ( 'NONE', *, *, #2473, .F. ) ;
#3845 = CARTESIAN_POINT ( 'NONE',  ( 70.00000000000000000, 1.042856744784389056, 9.945473835361372750 ) ) ;
#3846 = CARTESIAN_POINT ( 'NONE',  ( 46.30000000000000426, 0.000000000000000000, 10.00000000000000000 ) ) ;
#3847 = ORIENTED_EDGE ( 'NONE', *, *, #3415, .F. ) ;
#3848 = ORIENTED_EDGE ( 'NONE', *, *, #3186, .T. ) ;
#3849 = EDGE_CURVE ( 'NONE', #1918, #4229, #935, .T. ) ;
#3850 = CARTESIAN_POINT ( 'NONE',  ( 77.00000000000001421, 1.042856744784389056, 9.945473835361372750 ) ) ;
#3851 = CARTESIAN_POINT ( 'NONE',  ( 69.38871602490027612, 1.387646008617979154, -9.903616081550419281 ) ) ;
#3852 = DIRECTION ( 'NONE',  ( -1.000000000000000000, -0.000000000000000000, -0.000000000000000000 ) ) ;
#3853 = EDGE_CURVE ( 'NONE', #211, #3499, #1697, .T. ) ;
#3854 = CARTESIAN_POINT ( 'NONE',  ( 74.13703576169565679, -6.188123948338463798, 5.071061760834952636 ) ) ;
#3855 = CARTESIAN_POINT ( 'NONE',  ( 73.43710854142003086, 3.378440295530180215, -7.251630242196436704 ) ) ;
#3856 = CARTESIAN_POINT ( 'NONE',  ( 73.43710854142032929, -9.975469913743092221, -0.7000000000045700776 ) ) ;
#3857 = ORIENTED_EDGE ( 'NONE', *, *, #3046, .F. ) ;
#3858 = EDGE_CURVE ( 'NONE', #1168, #1035, #1692, .T. ) ;
#3859 = CYLINDRICAL_SURFACE ( 'NONE', #4171, 24.00000000000000000 ) ;
#3860 = CARTESIAN_POINT ( 'NONE',  ( 69.57028713879576287, -7.307715767992506883, 3.256006775163927891 ) ) ;
#3861 = CARTESIAN_POINT ( 'NONE',  ( 77.00000000000001421, 28.66777494936463100, 11.17914120494395469 ) ) ;
#3862 = ORIENTED_EDGE ( 'NONE', *, *, #3352, .F. ) ;
#3863 = EDGE_LOOP ( 'NONE', ( #2364, #828, #1457, #492 ) ) ;
#3864 = FACE_OUTER_BOUND ( 'NONE', #4116, .T. ) ;
#3865 = CARTESIAN_POINT ( 'NONE',  ( 70.00000000000000000, 2.073222654911841545, -7.726690612620662257 ) ) ;
#3866 = ORIENTED_EDGE ( 'NONE', *, *, #463, .T. ) ;
#3867 = EDGE_LOOP ( 'NONE', ( #2938, #1315 ) ) ;
#3868 = CARTESIAN_POINT ( 'NONE',  ( 73.43710854142003086, 4.590875860828493416, 6.551630242196376130 ) ) ;
#3869 = CARTESIAN_POINT ( 'NONE',  ( 77.35269246556353551, 2.335535580180200910, 9.723503123010843296 ) ) ;
#3870 = CARTESIAN_POINT ( 'NONE',  ( 70.00000000000000000, 8.091604621704261646, -5.875877351171843621 ) ) ;
#3871 = CARTESIAN_POINT ( 'NONE',  ( 72.75522068568685086, -7.998359094238592704, -0.1828863829027787269 ) ) ;
#3872 = FACE_BOUND ( 'NONE', #2910, .T. ) ;
#3873 = CARTESIAN_POINT ( 'NONE',  ( 77.69992722027565435, -4.080529140508167174, -6.881702355933900783 ) ) ;
#3874 = DIRECTION ( 'NONE',  ( -1.000000000000000000, 0.000000000000000000, 0.000000000000000000 ) ) ;
#3875 = EDGE_CURVE ( 'NONE', #4169, #827, #2327, .T. ) ;
#3876 = EDGE_LOOP ( 'NONE', ( #2899, #3048 ) ) ;
#3877 = CARTESIAN_POINT ( 'NONE',  ( 69.99999999999980105, 2.073222654917034724, 7.726690612619271370 ) ) ;
#3878 = CARTESIAN_POINT ( 'NONE',  ( 73.25438029584987021, 5.593952739520860362, -8.289010359989122279 ) ) ;
#3879 = CARTESIAN_POINT ( 'NONE',  ( 73.43710854142032929, -2.421587599005796232, 9.702366386626582795 ) ) ;
#3880 = EDGE_CURVE ( 'NONE', #3093, #1437, #1786, .T. ) ;
#3881 = VERTEX_POINT ( 'NONE', #1451 ) ;
#3882 = AXIS2_PLACEMENT_3D ( 'NONE', #1657, #2013, #3035 ) ;
#3883 = ORIENTED_EDGE ( 'NONE', *, *, #14, .F. ) ;
#3884 = DIRECTION ( 'NONE',  ( -1.000000000000000000, 0.000000000000000000, 0.000000000000000000 ) ) ;
#3885 = CARTESIAN_POINT ( 'NONE',  ( 70.36548765893752488, 0.7703323306248098801, -7.963873694881478116 ) ) ;
#3886 = ORIENTED_EDGE ( 'NONE', *, *, #4200, .T. ) ;
#3887 = EDGE_LOOP ( 'NONE', ( #1700, #48 ) ) ;
#3888 = VECTOR ( 'NONE', #2478, 1000.000000000000000 ) ;
#3889 = CARTESIAN_POINT ( 'NONE',  ( 73.43710854142003086, 16.39230484541341681, 28.39230484541322141 ) ) ;
#3890 = CARTESIAN_POINT ( 'NONE',  ( 77.35269246556350708, 9.981342759354065564, -0.6115849489476929968 ) ) ;
#3891 = FACE_OUTER_BOUND ( 'NONE', #1041, .T. ) ;
#3892 = AXIS2_PLACEMENT_3D ( 'NONE', #3298, #253, #3668 ) ;
#3893 = FACE_BOUND ( 'NONE', #52, .T. ) ;
#3894 = CARTESIAN_POINT ( 'NONE',  ( 77.61173969054667054, -3.691134508840441253, -7.098079333457942397 ) ) ;
#3895 = CARTESIAN_POINT ( 'NONE',  ( 70.18505475354398015, -7.728121685168154009, 2.067881819455295922 ) ) ;
#3896 = ORIENTED_EDGE ( 'NONE', *, *, #148, .T. ) ;
#3897 = ADVANCED_FACE ( 'NONE', ( #3513 ), #3142, .F. ) ;
#3898 = DIRECTION ( 'NONE',  ( 0.000000000000000000, -1.000000000000000000, 0.000000000000000000 ) ) ;
#3899 = CARTESIAN_POINT ( 'NONE',  ( 73.43710854142003086, 16.99852262806206937, -28.04230484541334789 ) ) ;
#3900 = CARTESIAN_POINT ( 'NONE',  ( 77.00000000000001421, 2.421587599001353563, -9.702366386627689465 ) ) ;
#3901 = ORIENTED_EDGE ( 'NONE', *, *, #4255, .T. ) ;
#3902 = EDGE_CURVE ( 'NONE', #2099, #3663, #2528, .T. ) ;
#3903 = DIRECTION ( 'NONE',  ( -1.000000000000000000, -0.000000000000000000, -0.000000000000000000 ) ) ;
#3904 = ORIENTED_EDGE ( 'NONE', *, *, #3853, .F. ) ;
#3905 = CARTESIAN_POINT ( 'NONE',  ( 77.00000000000001421, -7.249293484512255858, -3.383451488555469844 ) ) ;
#3906 = CARTESIAN_POINT ( 'NONE',  ( 70.68161899798535330, 1.207831687499556050, -7.908749678833991936 ) ) ;
#3907 = CARTESIAN_POINT ( 'NONE',  ( 22.30000000000000426, 18.00000000000000000, 2.749999999999999556 ) ) ;
#3908 = ORIENTED_EDGE ( 'NONE', *, *, #3959, .F. ) ;
#3909 = VERTEX_POINT ( 'NONE', #3879 ) ;
#3910 = DIRECTION ( 'NONE',  ( -1.000000000000000000, -0.000000000000000000, -0.000000000000000000 ) ) ;
#3911 = CARTESIAN_POINT ( 'NONE',  ( 76.56947108626575016, 6.473157593903671625, -4.701320588113366838 ) ) ;
#3912 = CARTESIAN_POINT ( 'NONE',  ( 69.63452057087400249, 7.244856172896440683, -6.894108585243422738 ) ) ;
#3913 = CARTESIAN_POINT ( 'NONE',  ( 76.99999999999980105, 6.554801683820541847, 4.586346572794449017 ) ) ;
#3914 = CARTESIAN_POINT ( 'NONE',  ( 70.00000000000000000, -4.381517174222641309, -8.989010359989141108 ) ) ;
#3915 = CARTESIAN_POINT ( 'NONE',  ( 72.75522068568685086, -6.009541437301384903, -5.281345220944949403 ) ) ;
#3916 = DIRECTION ( 'NONE',  ( 0.000000000000000000, 0.000000000000000000, 1.000000000000000000 ) ) ;
#3917 = VERTEX_POINT ( 'NONE', #137 ) ;
#3918 = DIRECTION ( 'NONE',  ( -0.8320502943378438321, 6.793118197936351024E-17, -0.5547001962252288143 ) ) ;
#3919 = CARTESIAN_POINT ( 'NONE',  ( 69.56947108626572174, 7.980677027446826166, 0.5594449850645315525 ) ) ;
#3920 = CARTESIAN_POINT ( 'NONE',  ( 76.31805170002294858, -9.458183477159554542, 3.248071930243169980 ) ) ;
#3921 = ORIENTED_EDGE ( 'NONE', *, *, #2721, .T. ) ;
#3922 = UNCERTAINTY_MEASURE_WITH_UNIT (LENGTH_MEASURE( 1.000000000000000082E-05 ), #3628, 'distance_accuracy_value', 'NONE');
#3923 = CARTESIAN_POINT ( 'NONE',  ( 73.00657962768573839, 3.505844944637657168, -7.191191537700132308 ) ) ;
#3924 = ORIENTED_EDGE ( 'NONE', *, *, #2992, .F. ) ;
#3925 = FACE_BOUND ( 'NONE', #548, .T. ) ;
#3926 = CARTESIAN_POINT ( 'NONE',  ( 73.08421115242201438, -1.987306838342460802, -7.749313209733076135 ) ) ;
#3927 = FACE_OUTER_BOUND ( 'NONE', #4136, .T. ) ;
#3928 = ORIENTED_EDGE ( 'NONE', *, *, #956, .F. ) ;
#3929 = EDGE_CURVE ( 'NONE', #749, #162, #3183, .T. ) ;
#3930 = ORIENTED_EDGE ( 'NONE', *, *, #3051, .F. ) ;
#3931 = CARTESIAN_POINT ( 'NONE',  ( 26.30000000000000426, 0.000000000000000000, 0.000000000000000000 ) ) ;
#3932 = CARTESIAN_POINT ( 'NONE',  ( 77.70003269886105102, 10.00000228892012721, -0.09109313731424549532 ) ) ;
#3933 = FACE_BOUND ( 'NONE', #3245, .T. ) ;
#3934 = ADVANCED_FACE ( 'NONE', ( #843 ), #2199, .F. ) ;
#3935 = CARTESIAN_POINT ( 'NONE',  ( 77.55983091159234277, -7.653997050281138748, 2.328200684339692739 ) ) ;
#3936 = CARTESIAN_POINT ( 'NONE',  ( 69.99999999999980105, 0.6944918006894927887, -7.969798061354820717 ) ) ;
#3937 = CARTESIAN_POINT ( 'NONE',  ( 77.36629917073253182, -3.448092290516741265, -7.219931900313727446 ) ) ;
#3938 = CARTESIAN_POINT ( 'NONE',  ( 77.00000000000001421, -4.828131434238300379, 27.38169402572093958 ) ) ;
#3939 = FACE_OUTER_BOUND ( 'NONE', #1244, .T. ) ;
#3940 = CARTESIAN_POINT ( 'NONE',  ( 69.30006596912038219, 7.999994227702341476, 0.1829757553230670353 ) ) ;
#3941 = CARTESIAN_POINT ( 'NONE',  ( 76.31811214426682000, -7.453448192359122260, 2.907456908237672888 ) ) ;
#3942 = ORIENTED_EDGE ( 'NONE', *, *, #468, .F. ) ;
#3943 = B_SPLINE_CURVE_WITH_KNOTS ( 'NONE', 3,
 ( #3029, #383, #3387, #1054, #3053, #3095, #2711, #4107, #4016, #50, #1363, #1316, #2405, #1741 ),
 .UNSPECIFIED., .F., .F.,
 ( 4, 2, 2, 2, 2, 2, 4 ),
 ( 0.002189188203112911370, 0.002736359354753674193, 0.003009944930574055388, 0.003283530506394436582, 0.003557116082214818210, 0.003830701658035199405, 0.004377872809675963962 ),
 .UNSPECIFIED. ) ;
#3944 = CARTESIAN_POINT ( 'NONE',  ( 77.61174165653739010, -4.691883704170331626, 8.831388246903930650 ) ) ;
#3945 = EDGE_LOOP ( 'NONE', ( #2165, #4186, #2736, #454 ) ) ;
#3946 = FACE_BOUND ( 'NONE', #3876, .T. ) ;
#3947 = CARTESIAN_POINT ( 'NONE',  ( 70.18505475354398015, 6.554801683817454538, -4.586346572798861487 ) ) ;
#3948 = CARTESIAN_POINT ( 'NONE',  ( 77.61126478936334649, 6.349767971127183941, 4.866993484753413313 ) ) ;
#3949 = EDGE_LOOP ( 'NONE', ( #2692, #3993 ) ) ;
#3950 = ORIENTED_EDGE ( 'NONE', *, *, #1553, .F. ) ;
#3951 = VECTOR ( 'NONE', #2297, 1000.000000000000114 ) ;
#3952 = CARTESIAN_POINT ( 'NONE',  ( 72.82582456632032120, 4.691196906215673756, 8.831752064176734862 ) ) ;
#3953 = EDGE_CURVE ( 'NONE', #3247, #913, #2481, .T. ) ;
#3954 = CARTESIAN_POINT ( 'NONE',  ( 73.43710854141983191, 3.378440295525503068, 7.251630242198615406 ) ) ;
#3955 = CYLINDRICAL_SURFACE ( 'NONE', #132, 0.7000000000000017319 ) ;
#3956 = CARTESIAN_POINT ( 'NONE',  ( 69.44079562782337689, 7.376555996944630600, -6.752080432112088637 ) ) ;
#3957 = AXIS2_PLACEMENT_3D ( 'NONE', #37, #1729, #2698 ) ;
#3958 = CARTESIAN_POINT ( 'NONE',  ( 77.68192758678335963, -7.578510942870190448, 2.563859605207007064 ) ) ;
#3959 = EDGE_CURVE ( 'NONE', #1052, #347, #2269, .T. ) ;
#3960 = CIRCLE ( 'NONE', #4035, 2.750000000000000000 ) ;
#3961 = CARTESIAN_POINT ( 'NONE',  ( 69.63452057087403091, -9.165861890753680186, 4.000456217822178751 ) ) ;
#3962 = CARTESIAN_POINT ( 'NONE',  ( 73.80259620035752732, -5.709188137408482966, -5.605521112198691647 ) ) ;
#3963 = CARTESIAN_POINT ( 'NONE',  ( 70.09138514484496341, 7.191701968143156876, -6.948339571538358683 ) ) ;
#3964 = B_SPLINE_CURVE_WITH_KNOTS ( 'NONE', 3,
 ( #1928, #884, #1949, #2237, #3590, #546, #2611, #3261, #221, #933, #1577, #2924, #4337, #4357, #3378, #329 ),
 .UNSPECIFIED., .F., .F.,
 ( 4, 2, 2, 2, 2, 2, 2, 4 ),
 ( 0.000000000000000000, 0.0002736485253891242212, 0.0005472970507782484425, 0.001094594101556469346, 0.001368242626945579852, 0.001641891152334690358, 0.001915539677723801298, 0.002189188203112911804 ),
 .UNSPECIFIED. ) ;
#3965 = VECTOR ( 'NONE', #3312, 1000.000000000000114 ) ;
#3966 = CARTESIAN_POINT ( 'NONE',  ( 70.18274313490442751, 2.073222654912076468, 7.726690612620605414 ) ) ;
#3967 = VECTOR ( 'NONE', #2385, 1000.000000000000000 ) ;
#3968 = DIRECTION ( 'NONE',  ( 0.000000000000000000, 0.000000000000000000, 1.000000000000000000 ) ) ;
#3969 = CARTESIAN_POINT ( 'NONE',  ( 76.90860718336328716, -7.249293484512237207, 3.383451488555504039 ) ) ;
#3970 = ORIENTED_EDGE ( 'NONE', *, *, #2234, .T. ) ;
#3971 = AXIS2_PLACEMENT_3D ( 'NONE', #735, #2746, #2085 ) ;
#3972 = LINE ( 'NONE', #1292, #3476 ) ;
#3973 = EDGE_LOOP ( 'NONE', ( #3531, #1905, #995, #1562 ) ) ;
#3974 = DIRECTION ( 'NONE',  ( -1.000000000000000000, -0.000000000000000000, -0.000000000000000000 ) ) ;
#3975 = CARTESIAN_POINT ( 'NONE',  ( 69.99999999999980105, 5.654899030252568792, -5.658808793169156637 ) ) ;
#3976 = CARTESIAN_POINT ( 'NONE',  ( 74.13714124028109609, -7.601892644611332628, -6.497658959800650003 ) ) ;
#3977 = ORIENTED_EDGE ( 'NONE', *, *, #1091, .T. ) ;
#3978 = EDGE_LOOP ( 'NONE', ( #3518, #2741 ) ) ;
#3979 = DIRECTION ( 'NONE',  ( -0.000000000000000000, 0.1736481776669404897, 0.9848077530122063550 ) ) ;
#3980 = LINE ( 'NONE', #2302, #3751 ) ;
#3981 = CARTESIAN_POINT ( 'NONE',  ( 69.29996708377639436, -3.921098684152223068, 6.973760251952773714 ) ) ;
#3982 = EDGE_CURVE ( 'NONE', #1876, #3575, #3284, .T. ) ;
#3983 = CARTESIAN_POINT ( 'NONE',  ( 76.64710261100198352, 5.717448682340063648, 5.595714811985518899 ) ) ;
#3984 = CARTESIAN_POINT ( 'NONE',  ( 22.30000000000000426, 18.00000000000000000, -2.749999999999999556 ) ) ;
#3985 = CARTESIAN_POINT ( 'NONE',  ( 70.00000000000029843, -5.593952739524650219, -8.289010359986569654 ) ) ;
#3986 = FACE_OUTER_BOUND ( 'NONE', #1648, .T. ) ;
#3987 = EDGE_CURVE ( 'NONE', #4229, #2981, #2983, .T. ) ;
#3988 = LINE ( 'NONE', #3899, #4038 ) ;
#3989 = CARTESIAN_POINT ( 'NONE',  ( 76.44014412312341733, 2.158381894973933957, -9.764505830424386801 ) ) ;
#3990 = ORIENTED_EDGE ( 'NONE', *, *, #4313, .F. ) ;
#3991 = EDGE_CURVE ( 'NONE', #1541, #3626, #1262, .T. ) ;
#3992 = CARTESIAN_POINT ( 'NONE',  ( 76.90745110525168116, -4.590875860828399269, 6.551630242196448961 ) ) ;
#3993 = ORIENTED_EDGE ( 'NONE', *, *, #3297, .T. ) ;
#3994 = CYLINDRICAL_SURFACE ( 'NONE', #6, 10.00000000000000000 ) ;
#3995 = DIRECTION ( 'NONE',  ( -0.000000000000000000, 1.000000000000000000, -0.000000000000000000 ) ) ;
#3996 = CARTESIAN_POINT ( 'NONE',  ( 73.78980100698353795, -7.253032928214761199, -6.884384705383745029 ) ) ;
#3997 = EDGE_LOOP ( 'NONE', ( #2836, #2094 ) ) ;
#3998 = ORIENTED_EDGE ( 'NONE', *, *, #3858, .T. ) ;
#3999 = CARTESIAN_POINT ( 'NONE',  ( 73.43710854142032929, 4.381517174218521049, 8.989010359991146615 ) ) ;
#4000 = FACE_OUTER_BOUND ( 'NONE', #3799, .T. ) ;
#4001 = CARTESIAN_POINT ( 'NONE',  ( 74.13704300877444098, 9.459490739150707483, 3.248293383950418445 ) ) ;
#4002 = CARTESIAN_POINT ( 'NONE',  ( 72.82582456632032120, -2.083275477092880301, 9.780957837682411338 ) ) ;
#4003 = ORIENTED_EDGE ( 'NONE', *, *, #3505, .T. ) ;
#4004 = CARTESIAN_POINT ( 'NONE',  ( 76.99999999999980105, -7.249293484509978569, 3.383451488560342391 ) ) ;
#4005 = CARTESIAN_POINT ( 'NONE',  ( 77.36629917073253182, 6.511489968973513953, -4.649436038171304908 ) ) ;
#4006 = FACE_OUTER_BOUND ( 'NONE', #3702, .T. ) ;
#4007 = FACE_OUTER_BOUND ( 'NONE', #1275, .T. ) ;
#4008 = CARTESIAN_POINT ( 'NONE',  ( 76.43958974620019831, 7.988729912622992479, -0.4295162963641747100 ) ) ;
#4009 = EDGE_CURVE ( 'NONE', #582, #1488, #3396, .T. ) ;
#4010 = DIRECTION ( 'NONE',  ( -1.000000000000000000, -0.000000000000000000, -0.000000000000000000 ) ) ;
#4011 = CARTESIAN_POINT ( 'NONE',  ( 70.68161899798536751, -4.158393549234847164, -6.834832986801273158 ) ) ;
#4012 = EDGE_LOOP ( 'NONE', ( #3558, #3317, #3097, #2175 ) ) ;
#4013 = CARTESIAN_POINT ( 'NONE',  ( 73.43710854142003086, 15.78608706276430773, 28.74230484541322639 ) ) ;
#4014 = ORIENTED_EDGE ( 'NONE', *, *, #2283, .F. ) ;
#4015 = EDGE_CURVE ( 'NONE', #3491, #3917, #1322, .T. ) ;
#4016 = CARTESIAN_POINT ( 'NONE',  ( 69.31805170002294858, -5.157568502546839184, 8.567770602273634850 ) ) ;
#4017 = CARTESIAN_POINT ( 'NONE',  ( 70.56041628925871123, 7.929621264653928137, 6.093060816314245010 ) ) ;
#4018 = CARTESIAN_POINT ( 'NONE',  ( 70.00000000000000000, -7.728121685168154897, 2.067881819455296366 ) ) ;
#4019 = EDGE_LOOP ( 'NONE', ( #198, #526, #4036, #2553 ) ) ;
#4020 = CARTESIAN_POINT ( 'NONE',  ( 69.56947108626573595, 5.753948984502245345, 5.558440032192215163 ) ) ;
#4021 = CARTESIAN_POINT ( 'NONE',  ( 70.43051374540979737, -5.476779945012198780, 8.367141795063519183 ) ) ;
#4022 = CARTESIAN_POINT ( 'NONE',  ( 46.30000000000000426, 1.224646799147353256E-15, -10.00000000000000000 ) ) ;
#4023 = CARTESIAN_POINT ( 'NONE',  ( 69.90860718336330137, -3.378440295530237947, 7.251630242196415388 ) ) ;
#4024 = ORIENTED_EDGE ( 'NONE', *, *, #4242, .F. ) ;
#4025 = VECTOR ( 'NONE', #4219, 999.9999999999998863 ) ;
#4026 = CARTESIAN_POINT ( 'NONE',  ( 69.29992569189747087, 7.601423504268762343, 6.498222590761129069 ) ) ;
#4027 = CARTESIAN_POINT ( 'NONE',  ( 70.70003269886107944, -5.078890115484663070, -8.614709451450217159 ) ) ;
#4028 = DIRECTION ( 'NONE',  ( 0.000000000000000000, 0.3420201433256633283, -0.9396926207859103153 ) ) ;
#4029 = VECTOR ( 'NONE', #2420, 1000.000000000000000 ) ;
#4030 = CARTESIAN_POINT ( 'NONE',  ( 77.43051374540981158, 8.008220735970084547, -5.989372340134266004 ) ) ;
#4031 = CIRCLE ( 'NONE', #2190, 13.22049999999999947 ) ;
#4032 = CARTESIAN_POINT ( 'NONE',  ( 69.63452057087401670, -9.592901257717434405, -2.827175199871072575 ) ) ;
#4033 = FACE_BOUND ( 'NONE', #739, .T. ) ;
#4034 = CARTESIAN_POINT ( 'NONE',  ( 77.68189213675297822, 1.556167833410302404, -9.878538998013372208 ) ) ;
#4035 = AXIS2_PLACEMENT_3D ( 'NONE', #3615, #574, #2125 ) ;
#4036 = ORIENTED_EDGE ( 'NONE', *, *, #1642, .F. ) ;
#4037 = EDGE_CURVE ( 'NONE', #1590, #1515, #521, .T. ) ;
#4038 = VECTOR ( 'NONE', #3553, 1000.000000000000000 ) ;
#4039 = CARTESIAN_POINT ( 'NONE',  ( 73.00739568021579373, 7.690955868094361492, -2.203063253904585572 ) ) ;
#4040 = VERTEX_POINT ( 'NONE', #1051 ) ;
#4041 = B_SPLINE_CURVE_WITH_KNOTS ( 'NONE', 3,
 ( #2359, #3992, #982, #1384, #1671, #1740, #3432, #3666, #3074, #3094, #2382, #3711, #2732, #2071, #4085, #671 ),
 .UNSPECIFIED., .F., .F.,
 ( 4, 2, 2, 2, 2, 2, 2, 4 ),
 ( 0.000000000000000000, 0.0002736956474133486945, 0.0005473912948266973890, 0.001094782589653365938, 0.001368478237066699833, 0.001642173884480033295, 0.001915869531893366973, 0.002189565179306700651 ),
 .UNSPECIFIED. ) ;
#4042 = CARTESIAN_POINT ( 'NONE',  ( 73.25208770019281701, -2.421587599001482349, -9.702366386627664596 ) ) ;
#4043 = CARTESIAN_POINT ( 'NONE',  ( 70.43051374540978316, 7.288993253396897742, 6.846514276383358855 ) ) ;
#4044 = CYLINDRICAL_SURFACE ( 'NONE', #3833, 2.749999999999999556 ) ;
#4045 = VERTEX_POINT ( 'NONE', #2400 ) ;
#4046 = CARTESIAN_POINT ( 'NONE',  ( 77.55920409114581560, 7.988651679389026761, -0.4308345126641982548 ) ) ;
#4047 = AXIS2_PLACEMENT_3D ( 'NONE', #771, #4158, #2298 ) ;
#4048 = EDGE_CURVE ( 'NONE', #1516, #3663, #644, .T. ) ;
#4049 = AXIS2_PLACEMENT_3D ( 'NONE', #238, #2961, #2984 ) ;
#4050 = FACE_BOUND ( 'NONE', #3454, .T. ) ;
#4051 = CYLINDRICAL_SURFACE ( 'NONE', #3535, 0.7000000000000022871 ) ;
#4052 = CARTESIAN_POINT ( 'NONE',  ( 69.30006596912039640, -4.158458766237523641, 6.836710353657604600 ) ) ;
#4053 = ORIENTED_EDGE ( 'NONE', *, *, #1899, .T. ) ;
#4054 = ADVANCED_FACE ( 'NONE', ( #313 ), #3732, .F. ) ;
#4055 = CARTESIAN_POINT ( 'NONE',  ( 69.81497915877278615, 7.191701968143202173, 6.948339571538315163 ) ) ;
#4056 = CARTESIAN_POINT ( 'NONE',  ( 69.38828058685216149, 5.896202612351783223, -5.407586373192429186 ) ) ;
#4057 = CARTESIAN_POINT ( 'NONE',  ( 22.30000000000000426, -18.00000000000000000, 2.749999999999999556 ) ) ;
#4058 = CARTESIAN_POINT ( 'NONE',  ( 70.68192758678333121, 7.998362439200166207, 0.1827634471315756348 ) ) ;
#4059 = CARTESIAN_POINT ( 'NONE',  ( 26.30000000000000426, -8.999999999999854339, 15.58845726811997778 ) ) ;
#4060 = CARTESIAN_POINT ( 'NONE',  ( 73.07162911229404756, 9.592901257717395325, -2.827175199871200029 ) ) ;
#4061 = CYLINDRICAL_SURFACE ( 'NONE', #1846, 0.7000000000000018430 ) ;
#4062 = CARTESIAN_POINT ( 'NONE',  ( 73.78998107740528667, 5.520228341509840320, 8.338364325123375664 ) ) ;
#4063 = VERTEX_POINT ( 'NONE', #358 ) ;
#4064 = CARTESIAN_POINT ( 'NONE',  ( 70.00000000000000000, 28.66777494936463100, 11.17914120494395469 ) ) ;
#4065 = CARTESIAN_POINT ( 'NONE',  ( 72.87790416924336512, -1.310616089446939414, -9.913952491506778486 ) ) ;
#4066 = CARTESIAN_POINT ( 'NONE',  ( 72.82582456632032120, -7.882960111641745371, 6.153544735698494250 ) ) ;
#4067 = DIRECTION ( 'NONE',  ( 0.000000000000000000, 0.000000000000000000, 1.000000000000000000 ) ) ;
#4068 = ORIENTED_EDGE ( 'NONE', *, *, #1473, .F. ) ;
#4069 = CARTESIAN_POINT ( 'NONE',  ( 77.00000000000001421, -24.00100000000000122, 0.7000000000000018430 ) ) ;
#4070 = FACE_BOUND ( 'NONE', #3777, .T. ) ;
#4071 = CARTESIAN_POINT ( 'NONE',  ( 73.62016752706283285, 9.141909189813967274, 4.052990968986268427 ) ) ;
#4072 = EDGE_CURVE ( 'NONE', #3626, #1541, #2960, .T. ) ;
#4073 = CARTESIAN_POINT ( 'NONE',  ( 73.43710854142032929, -2.421587599005796232, 9.702366386626582795 ) ) ;
#4074 = ORIENTED_EDGE ( 'NONE', *, *, #2309, .T. ) ;
#4075 = CARTESIAN_POINT ( 'NONE',  ( 77.00000000000001421, 2.073222654911841545, -7.726690612620662257 ) ) ;
#4076 = DIRECTION ( 'NONE',  ( 0.000000000000000000, -0.3420201433256737644, -0.9396926207859065405 ) ) ;
#4077 = CARTESIAN_POINT ( 'NONE',  ( 70.43051374540979737, -4.507767379085394488, -8.926601460849488134 ) ) ;
#4078 = EDGE_CURVE ( 'NONE', #1918, #4092, #289, .T. ) ;
#4079 = DIRECTION ( 'NONE',  ( 0.000000000000000000, -0.3420201433256737644, -0.9396926207859065405 ) ) ;
#4080 = CARTESIAN_POINT ( 'NONE',  ( 70.00000000000000000, -9.613289567144475356, 2.754026815089354319 ) ) ;
#4081 = CARTESIAN_POINT ( 'NONE',  ( 69.44014412312341733, -9.241361963363329934, -3.821179867402805908 ) ) ;
#4082 = CARTESIAN_POINT ( 'NONE',  ( 70.18274313490442751, 6.554801683817599312, 4.586346572798657206 ) ) ;
#4083 = CARTESIAN_POINT ( 'NONE',  ( 73.62016752706283285, 4.397896357319480920, 8.981077165895262837 ) ) ;
#4084 = ORIENTED_EDGE ( 'NONE', *, *, #2906, .T. ) ;
#4085 = CARTESIAN_POINT ( 'NONE',  ( 76.90860718336332980, -3.378440295530237947, 7.251630242196415388 ) ) ;
#4086 = FACE_OUTER_BOUND ( 'NONE', #2529, .T. ) ;
#4087 = CARTESIAN_POINT ( 'NONE',  ( 76.30006596912041061, -7.454954148041047723, -2.908100139423045682 ) ) ;
#4088 = ORIENTED_EDGE ( 'NONE', *, *, #4307, .T. ) ;
#4089 = CARTESIAN_POINT ( 'NONE',  ( 72.81296124757918165, 4.313092586218841618, 6.738988824269528166 ) ) ;
#4090 = FACE_BOUND ( 'NONE', #4302, .T. ) ;
#4091 = CARTESIAN_POINT ( 'NONE',  ( 70.56041628925873965, 9.990986303619580511, -0.4295069185028181358 ) ) ;
#4092 = VERTEX_POINT ( 'NONE', #3355 ) ;
#4093 = ORIENTED_EDGE ( 'NONE', *, *, #4130, .T. ) ;
#4094 = EDGE_CURVE ( 'NONE', #2496, #704, #2354, .T. ) ;
#4095 = CARTESIAN_POINT ( 'NONE',  ( 77.36629917073253182, 1.999490829790530055, -7.747179713332609019 ) ) ;
#4096 = CARTESIAN_POINT ( 'NONE',  ( 73.52849368626502269, 5.593952739520676509, -8.289010359989253729 ) ) ;
#4097 = CARTESIAN_POINT ( 'NONE',  ( 69.81727175442983935, 1.042856744784110168, -9.945473835361404724 ) ) ;
#4098 = DIRECTION ( 'NONE',  ( -0.000000000000000000, 0.1736481776669404897, 0.9848077530122063550 ) ) ;
#4099 = CARTESIAN_POINT ( 'NONE',  ( 77.62417195950936843, 7.891046841830116954, -6.143948346071056221 ) ) ;
#4100 = EDGE_CURVE ( 'NONE', #1252, #4135, #293, .T. ) ;
#4101 = VECTOR ( 'NONE', #4358, 1000.000000000000114 ) ;
#4102 = CARTESIAN_POINT ( 'NONE',  ( 22.30000000000000426, -18.00000000000000000, 0.000000000000000000 ) ) ;
#4103 = EDGE_LOOP ( 'NONE', ( #1826, #600, #3733, #4195 ) ) ;
#4104 = AXIS2_PLACEMENT_3D ( 'NONE', #2294, #3576, #3597 ) ;
#4105 = DIRECTION ( 'NONE',  ( -1.000000000000000000, 0.000000000000000000, -0.000000000000000000 ) ) ;
#4106 = AXIS2_PLACEMENT_3D ( 'NONE', #1504, #3910, #2849 ) ;
#4107 = CARTESIAN_POINT ( 'NONE',  ( 69.29992569189748508, -5.079526648989824089, 8.614345311892837032 ) ) ;
#4108 = CARTESIAN_POINT ( 'NONE',  ( 77.00000000000001421, -7.249293484512255858, -3.383451488555469844 ) ) ;
#4109 = VERTEX_POINT ( 'NONE', #4265 ) ;
#4110 = CARTESIAN_POINT ( 'NONE',  ( 73.08441250651263488, 3.458689167794630759, 7.213786200272707561 ) ) ;
#4111 = VECTOR ( 'NONE', #3041, 1000.000000000000114 ) ;
#4112 = PLANE ( 'NONE',  #1069 ) ;
#4113 = CARTESIAN_POINT ( 'NONE',  ( 74.11903612820337628, 3.840903431500858556, -7.018166784588435014 ) ) ;
#4114 = AXIS2_PLACEMENT_3D ( 'NONE', #692, #1718, #3362 ) ;
#4115 = ORIENTED_EDGE ( 'NONE', *, *, #246, .F. ) ;
#4116 = EDGE_LOOP ( 'NONE', ( #2916, #2275, #231, #4175 ) ) ;
#4117 = CARTESIAN_POINT ( 'NONE',  ( 77.09138514484497762, -9.134461366488556777, 4.069596484189556662 ) ) ;
#4118 = CARTESIAN_POINT ( 'NONE',  ( 69.56947108626573595, 6.473157593903671625, -4.701320588113366838 ) ) ;
#4119 = DIRECTION ( 'NONE',  ( -0.000000000000000000, -0.4999999999999919509, 0.8660254037844432595 ) ) ;
#4120 = DIRECTION ( 'NONE',  ( 0.000000000000000000, 0.000000000000000000, 1.000000000000000000 ) ) ;
#4121 = CARTESIAN_POINT ( 'NONE',  ( 76.63374405134041467, -4.450387970179579433, -8.956047843923863994 ) ) ;
#4122 = EDGE_CURVE ( 'NONE', #1020, #3596, #3179, .T. ) ;
#4123 = CARTESIAN_POINT ( 'NONE',  ( 73.43710854141983191, -6.554801683820478786, 4.586346572794540499 ) ) ;
#4124 = DIRECTION ( 'NONE',  ( 0.000000000000000000, 0.000000000000000000, 1.000000000000000000 ) ) ;
#4125 = EDGE_CURVE ( 'NONE', #3459, #2840, #1531, .T. ) ;
#4126 = ORIENTED_EDGE ( 'NONE', *, *, #1744, .F. ) ;
#4127 = CARTESIAN_POINT ( 'NONE',  ( 73.52964024784544961, -1.042856744784256495, 9.945473835361394066 ) ) ;
#4128 = CARTESIAN_POINT ( 'NONE',  ( 70.00000000000029843, 8.091604621707030986, 5.875877351168029783 ) ) ;
#4129 = DIRECTION ( 'NONE',  ( -0.000000000000000000, 0.7660444431189857850, 0.6427876096865300370 ) ) ;
#4130 = EDGE_CURVE ( 'NONE', #3575, #1876, #3759, .T. ) ;
#4131 = ORIENTED_EDGE ( 'NONE', *, *, #2985, .T. ) ;
#4132 = CARTESIAN_POINT ( 'NONE',  ( 77.00000000000001421, -24.00100000000000122, -0.7000000000000018430 ) ) ;
#4133 = CYLINDRICAL_SURFACE ( 'NONE', #1277, 0.7000000000000005107 ) ;
#4134 = CARTESIAN_POINT ( 'NONE',  ( 21.30000000000000426, 0.000000000000000000, 0.000000000000000000 ) ) ;
#4135 = VERTEX_POINT ( 'NONE', #931 ) ;
#4136 = EDGE_LOOP ( 'NONE', ( #1706, #1270, #2722, #3843 ) ) ;
#4137 = CARTESIAN_POINT ( 'NONE',  ( 69.99999999999980105, 5.654899030252568792, -5.658808793169156637 ) ) ;
#4138 = DIRECTION ( 'NONE',  ( 0.000000000000000000, 0.6427876096865406952, 0.7660444431189767922 ) ) ;
#4139 = CARTESIAN_POINT ( 'NONE',  ( 73.43710854142003086, 7.249293484512204344, -3.383451488555563547 ) ) ;
#4140 = CARTESIAN_POINT ( 'NONE',  ( 77.00000000000001421, 9.975469913743411965, 0.7000000000000018430 ) ) ;
#4141 = CARTESIAN_POINT ( 'NONE',  ( 74.11903612820337628, -6.009623021281054633, 5.281253196780498094 ) ) ;
#4142 = CARTESIAN_POINT ( 'NONE',  ( 77.09253170642541875, 7.191701968143203061, 6.948339571538316051 ) ) ;
#4143 = CARTESIAN_POINT ( 'NONE',  ( 72.87790416924336512, -7.930426664833482242, 6.092003073822985115 ) ) ;
#4144 = ORIENTED_EDGE ( 'NONE', *, *, #981, .T. ) ;
#4145 = EDGE_CURVE ( 'NONE', #1488, #582, #157, .T. ) ;
#4146 = DIRECTION ( 'NONE',  ( -1.000000000000000000, -0.000000000000000000, -0.000000000000000000 ) ) ;
#4147 = LINE ( 'NONE', #2488, #1072 ) ;
#4148 = CARTESIAN_POINT ( 'NONE',  ( 73.43710854142003086, -5.654899030256294701, 5.658808793165426287 ) ) ;
#4149 = EDGE_LOOP ( 'NONE', ( #960, #2045 ) ) ;
#4150 = CARTESIAN_POINT ( 'NONE',  ( 77.18505475354398015, 7.969316156358710934, 0.7000000000000018430 ) ) ;
#4151 = EDGE_CURVE ( 'NONE', #360, #1392, #3376, .T. ) ;
#4152 = CARTESIAN_POINT ( 'NONE',  ( 73.86762228682982823, 9.191058967265130164, -3.940636426396354697 ) ) ;
#4153 = CARTESIAN_POINT ( 'NONE',  ( 73.43710854142032929, 9.134461366486720024, 4.069596484193684915 ) ) ;
#4154 = ORIENTED_EDGE ( 'NONE', *, *, #1526, .T. ) ;
#4155 = ORIENTED_EDGE ( 'NONE', *, *, #3953, .T. ) ;
#4156 = FACE_OUTER_BOUND ( 'NONE', #2437, .T. ) ;
#4157 = CARTESIAN_POINT ( 'NONE',  ( 69.63452057087401670, 1.118434234015463602, -9.938097353883438956 ) ) ;
#4158 = DIRECTION ( 'NONE',  ( -0.000000000000000000, 0.7660444431189771253, -0.6427876096865405842 ) ) ;
#4159 = DIRECTION ( 'NONE',  ( 0.000000000000000000, 0.000000000000000000, 1.000000000000000000 ) ) ;
#4160 = CARTESIAN_POINT ( 'NONE',  ( 70.00000000000000000, 5.654899030256378190, 5.658808793165353457 ) ) ;
#4161 = CARTESIAN_POINT ( 'NONE',  ( 69.81663884680024523, -7.257090014381422982, -3.366881081272651954 ) ) ;
#4162 = DIRECTION ( 'NONE',  ( -1.000000000000000000, -0.000000000000000000, -0.000000000000000000 ) ) ;
#4163 = ORIENTED_EDGE ( 'NONE', *, *, #1992, .T. ) ;
#4164 = CIRCLE ( 'NONE', #914, 2.749999999999999112 ) ;
#4165 = CARTESIAN_POINT ( 'NONE',  ( 76.38825132211498214, 1.388404678906085987, 9.903511417635627367 ) ) ;
#4166 = CARTESIAN_POINT ( 'NONE',  ( 77.36548765893749646, 1.999929615909998404, 7.747062518079813387 ) ) ;
#4167 = CARTESIAN_POINT ( 'NONE',  ( 73.00739568021580794, -6.473642466182421451, 4.700664111135718137 ) ) ;
#4168 = VECTOR ( 'NONE', #4344, 1000.000000000000227 ) ;
#4169 = VERTEX_POINT ( 'NONE', #1731 ) ;
#4170 = DIRECTION ( 'NONE',  ( -0.000000000000000000, -0.4999999999999919509, 0.8660254037844432595 ) ) ;
#4171 = AXIS2_PLACEMENT_3D ( 'NONE', #135, #4146, #3140 ) ;
#4172 = ORIENTED_EDGE ( 'NONE', *, *, #276, .T. ) ;
#4173 = CARTESIAN_POINT ( 'NONE',  ( 74.04885019795740675, 9.511956670466174657, -3.087048972754729448 ) ) ;
#4174 = CARTESIAN_POINT ( 'NONE',  ( 70.61174165653740431, 9.994148424587296020, -0.3524036440381290158 ) ) ;
#4175 = ORIENTED_EDGE ( 'NONE', *, *, #1397, .F. ) ;
#4176 = ADVANCED_FACE ( 'NONE', ( #2350, #1021 ), #1771, .F. ) ;
#4177 = EDGE_LOOP ( 'NONE', ( #3555, #898 ) ) ;
#4178 = CARTESIAN_POINT ( 'NONE',  ( 73.99693945301240205, 4.366763355259727142, 6.703399665202204538 ) ) ;
#4179 = AXIS2_PLACEMENT_3D ( 'NONE', #3559, #493, #2119 ) ;
#4180 = CARTESIAN_POINT ( 'NONE',  ( 77.61174165653740431, 2.082515502101010885, 9.781120602697884081 ) ) ;
#4181 = FACE_OUTER_BOUND ( 'NONE', #295, .T. ) ;
#4182 = EDGE_CURVE ( 'NONE', #4209, #1831, #4328, .T. ) ;
#4183 = CYLINDRICAL_SURFACE ( 'NONE', #2751, 0.7000000000000017319 ) ;
#4184 = DIRECTION ( 'NONE',  ( -0.000000000000000000, -0.4999999999999919509, 0.8660254037844432595 ) ) ;
#4185 = FACE_OUTER_BOUND ( 'NONE', #372, .T. ) ;
#4186 = ORIENTED_EDGE ( 'NONE', *, *, #3801, .T. ) ;
#4187 = CARTESIAN_POINT ( 'NONE',  ( 77.00000000000001421, -5.517496861346848469, 27.26014030135408817 ) ) ;
#4188 = CARTESIAN_POINT ( 'NONE',  ( 73.25208770019281701, 4.381517174222513411, -8.989010359989201504 ) ) ;
#4189 = CARTESIAN_POINT ( 'NONE',  ( 70.18332813216635202, -9.141940534787890371, -4.052920406238067486 ) ) ;
#4190 = EDGE_LOOP ( 'NONE', ( #3213, #3901, #1303, #2348 ) ) ;
#4191 = ORIENTED_EDGE ( 'NONE', *, *, #3723, .T. ) ;
#4192 = DIRECTION ( 'NONE',  ( -1.000000000000000000, -0.000000000000000000, -0.000000000000000000 ) ) ;
#4193 = CARTESIAN_POINT ( 'NONE',  ( 73.43710854142003086, -26.35142249493020827, 21.19768379396008839 ) ) ;
#4194 = EDGE_LOOP ( 'NONE', ( #3519, #1209, #654, #3883 ) ) ;
#4195 = ORIENTED_EDGE ( 'NONE', *, *, #2309, .F. ) ;
#4196 = CARTESIAN_POINT ( 'NONE',  ( 73.80259620035754153, 3.447680829191885454, 7.220124169822414117 ) ) ;
#4197 = EDGE_CURVE ( 'NONE', #381, #1961, #1708, .T. ) ;
#4198 = CARTESIAN_POINT ( 'NONE',  ( 77.68189213675300664, 1.916339894188758830, 9.815030946000765866 ) ) ;
#4199 = CARTESIAN_POINT ( 'NONE',  ( 76.30006596912041061, 6.245965671509972950, -5.002129606540173690 ) ) ;
#4200 = EDGE_CURVE ( 'NONE', #606, #391, #3128, .T. ) ;
#4201 = CARTESIAN_POINT ( 'NONE',  ( 72.75516024144297944, 9.333209286808706651, -3.591435696246738196 ) ) ;
#4202 = CARTESIAN_POINT ( 'NONE',  ( 74.04884823196672983, -6.349284778101525362, -4.867626422907138206 ) ) ;
#4203 = CARTESIAN_POINT ( 'NONE',  ( 70.00000000000000000, 9.975469913743411965, 0.7000000000000018430 ) ) ;
#4204 = ORIENTED_EDGE ( 'NONE', *, *, #1414, .T. ) ;
#4205 = CARTESIAN_POINT ( 'NONE',  ( 74.13714124028111030, -1.826191402009357923, 9.832261626975792979 ) ) ;
#4206 = CARTESIAN_POINT ( 'NONE',  ( 69.99999999999980105, -7.728121685169544008, -2.067881819450098746 ) ) ;
#4207 = CARTESIAN_POINT ( 'NONE',  ( 70.42973211210463091, -9.573983593789774815, -2.888446235954547969 ) ) ;
#4208 = ORIENTED_EDGE ( 'NONE', *, *, #3853, .T. ) ;
#4209 = VERTEX_POINT ( 'NONE', #373 ) ;
#4210 = CYLINDRICAL_SURFACE ( 'NONE', #3544, 12.00000000000000000 ) ;
#4211 = LINE ( 'NONE', #4193, #2260 ) ;
#4212 = ORIENTED_EDGE ( 'NONE', *, *, #683, .F. ) ;
#4213 = VERTEX_POINT ( 'NONE', #2415 ) ;
#4214 = CARTESIAN_POINT ( 'NONE',  ( 73.99631263256584646, 3.621212206900261688, 7.133792552668198894 ) ) ;
#4215 = CARTESIAN_POINT ( 'NONE',  ( 70.00000000000000000, 7.969316156358710934, 0.7000000000000018430 ) ) ;
#4216 = CARTESIAN_POINT ( 'NONE',  ( 77.09253170642544717, 9.975469913743411965, 0.7000000000000020650 ) ) ;
#4217 = FACE_BOUND ( 'NONE', #853, .T. ) ;
#4218 = EDGE_CURVE ( 'NONE', #2956, #2862, #1848, .T. ) ;
#4219 = DIRECTION ( 'NONE',  ( -0.000000000000000000, -0.5000000000000039968, -0.8660254037844363761 ) ) ;
#4220 = LINE ( 'NONE', #2896, #3546 ) ;
#4221 = CARTESIAN_POINT ( 'NONE',  ( 70.68161899798535330, -7.453093977792022429, 2.908361914546587990 ) ) ;
#4222 = VERTEX_POINT ( 'NONE', #2783 ) ;
#4223 = EDGE_CURVE ( 'NONE', #489, #511, #3564, .T. ) ;
#4224 = CARTESIAN_POINT ( 'NONE',  ( 70.68192758678333121, 1.208914202184397935, 7.908585881064472467 ) ) ;
#4225 = CARTESIAN_POINT ( 'NONE',  ( 69.99999999999980105, -3.378440295525395154, 7.251630242198666920 ) ) ;
#4226 = CARTESIAN_POINT ( 'NONE',  ( 76.37585270615919342, 1.027717909726027390, 7.934767414924895235 ) ) ;
#4227 = ORIENTED_EDGE ( 'NONE', *, *, #4334, .F. ) ;
#4228 = CARTESIAN_POINT ( 'NONE',  ( 77.35287253598524160, -5.520228341509724856, 8.338364325123457377 ) ) ;
#4229 = VERTEX_POINT ( 'NONE', #2848 ) ;
#4230 = TOROIDAL_SURFACE ( 'NONE', #2541, 14.22050000000000125, 1.000000000000001776 ) ;
#4231 = CARTESIAN_POINT ( 'NONE',  ( 77.36629917073253182, -7.282274706813996801, -3.314397710532924535 ) ) ;
#4232 = CARTESIAN_POINT ( 'NONE',  ( 77.55983091159235698, -4.366763355259627666, 6.703399665202269375 ) ) ;
#4233 = CARTESIAN_POINT ( 'NONE',  ( 77.00000000000001421, -4.828131434238709829, -27.38169402572112432 ) ) ;
#4234 = ORIENTED_EDGE ( 'NONE', *, *, #468, .T. ) ;
#4235 = ORIENTED_EDGE ( 'NONE', *, *, #3218, .F. ) ;
#4236 = AXIS2_PLACEMENT_3D ( 'NONE', #3089, #3331, #24 ) ;
#4237 = CYLINDRICAL_SURFACE ( 'NONE', #4106, 2.749999999999999112 ) ;
#4238 = CARTESIAN_POINT ( 'NONE',  ( 76.90860718336331558, 5.654899030256347991, -5.658808793165383655 ) ) ;
#4239 = CIRCLE ( 'NONE', #2345, 2.749999999999999556 ) ;
#4240 = FACE_BOUND ( 'NONE', #1535, .T. ) ;
#4241 = CARTESIAN_POINT ( 'NONE',  ( 70.68189213675299243, 1.916339894188758830, 9.815030946000765866 ) ) ;
#4242 = EDGE_CURVE ( 'NONE', #559, #2879, #1125, .T. ) ;
#4243 = CARTESIAN_POINT ( 'NONE',  ( 77.18505475354396594, -3.378440295530282800, -7.251630242196390519 ) ) ;
#4244 = CARTESIAN_POINT ( 'NONE',  ( 70.68189213675296401, 7.541896191072750000, -6.567114503653363577 ) ) ;
#4245 = AXIS2_PLACEMENT_3D ( 'NONE', #4368, #2691, #4067 ) ;
#4246 = ORIENTED_EDGE ( 'NONE', *, *, #4094, .F. ) ;
#4247 = AXIS2_PLACEMENT_3D ( 'NONE', #1900, #3680, #592 ) ;
#4248 = CARTESIAN_POINT ( 'NONE',  ( 76.56947108626575016, 1.936775781039803856, -7.762286008754704980 ) ) ;
#4249 = EDGE_CURVE ( 'NONE', #2514, #292, #1426, .T. ) ;
#4250 = CARTESIAN_POINT ( 'NONE',  ( 69.90860718336330137, 7.969316156358719816, -0.6999999999999335643 ) ) ;
#4251 = CARTESIAN_POINT ( 'NONE',  ( 76.30007476368578523, -9.365128499627065395, 3.507549617011969989 ) ) ;
#4252 = EDGE_LOOP ( 'NONE', ( #3619, #3814, #2662, #3921 ) ) ;
#4253 = CARTESIAN_POINT ( 'NONE',  ( 73.43710854141983191, -2.073222654916931695, 7.726690612619298903 ) ) ;
#4254 = ORIENTED_EDGE ( 'NONE', *, *, #3695, .T. ) ;
#4255 = EDGE_CURVE ( 'NONE', #4213, #2562, #829, .T. ) ;
#4256 = CARTESIAN_POINT ( 'NONE',  ( 85.00100000000000477, -8.999999999999854339, 18.33845726811997778 ) ) ;
#4257 = CARTESIAN_POINT ( 'NONE',  ( 73.08441250651266330, -0.7828444984308090548, -7.961683025211534925 ) ) ;
#4258 = CARTESIAN_POINT ( 'NONE',  ( 85.00100000000000477, -18.00000000000000000, 2.749999999999999556 ) ) ;
#4259 = ORIENTED_EDGE ( 'NONE', *, *, #2870, .T. ) ;
#4260 = ORIENTED_EDGE ( 'NONE', *, *, #1660, .F. ) ;
#4261 = DIRECTION ( 'NONE',  ( -0.000000000000000000, -0.4999999999999919509, 0.8660254037844432595 ) ) ;
#4262 = CARTESIAN_POINT ( 'NONE',  ( 70.42973211210461670, -4.507069051401618509, 8.926959845213458422 ) ) ;
#4263 = CARTESIAN_POINT ( 'NONE',  ( 73.86762228682981402, 9.573751917419322410, 2.889196187263241455 ) ) ;
#4264 = CARTESIAN_POINT ( 'NONE',  ( 69.81497915877275773, 8.091604621704261646, -5.875877351171844509 ) ) ;
#4265 = CARTESIAN_POINT ( 'NONE',  ( 77.00000000000001421, 8.091604621704261646, -5.875877351171843621 ) ) ;
#4266 = CARTESIAN_POINT ( 'NONE',  ( 73.08441250651266330, -1.987422770998171551, 7.749283375382708172 ) ) ;
#4267 = CARTESIAN_POINT ( 'NONE',  ( 74.04837333078340578, -5.895678554439275132, -5.408156178450250984 ) ) ;
#4268 = DIRECTION ( 'NONE',  ( -1.000000000000000000, -0.000000000000000000, -0.000000000000000000 ) ) ;
#4269 = CARTESIAN_POINT ( 'NONE',  ( 76.99999999999980105, -4.590875860832814404, -6.551630242193355436 ) ) ;
#4270 = CARTESIAN_POINT ( 'NONE',  ( 76.38825132211498214, -5.302274742568966026, 8.478979213676776538 ) ) ;
#4271 = CARTESIAN_POINT ( 'NONE',  ( 76.81690483603883024, -7.257058519103965821, 3.366948730373754195 ) ) ;
#4272 = EDGE_LOOP ( 'NONE', ( #299, #495, #3314, #3825 ) ) ;
#4273 = EDGE_CURVE ( 'NONE', #2185, #1808, #2915, .T. ) ;
#4274 = CARTESIAN_POINT ( 'NONE',  ( 72.73717451054042726, 3.841535461464681056, -7.019686108980663697 ) ) ;
#4275 = ORIENTED_EDGE ( 'NONE', *, *, #4339, .T. ) ;
#4276 = FACE_BOUND ( 'NONE', #2881, .T. ) ;
#4277 = CARTESIAN_POINT ( 'NONE',  ( 77.68192758678335963, -4.157459007699173092, 6.835403337456865458 ) ) ;
#4278 = CARTESIAN_POINT ( 'NONE',  ( 77.70007234839452792, 6.069293513521682115, 5.212698114117690906 ) ) ;
#4279 = ORIENTED_EDGE ( 'NONE', *, *, #631, .F. ) ;
#4280 = ORIENTED_EDGE ( 'NONE', *, *, #1526, .F. ) ;
#4281 = EDGE_CURVE ( 'NONE', #1515, #1590, #2213, .T. ) ;
#4282 = CARTESIAN_POINT ( 'NONE',  ( 73.43710854142003086, -4.138564843368893520, -27.50210689370592831 ) ) ;
#4283 = CARTESIAN_POINT ( 'NONE',  ( 73.07162911229404756, -7.244856172896537494, -6.894108585243322374 ) ) ;
#4284 = DIRECTION ( 'NONE',  ( -1.000000000000000000, -0.000000000000000000, -0.000000000000000000 ) ) ;
#4285 = CARTESIAN_POINT ( 'NONE',  ( 73.43710854142003086, -7.969316156358710934, 0.7000000000000018430 ) ) ;
#4286 = CARTESIAN_POINT ( 'NONE',  ( 77.55920409114581560, -7.359522951379747546, 3.137131804693974235 ) ) ;
#4287 = CARTESIAN_POINT ( 'NONE',  ( 70.18332813216635202, 1.061038236075474428, 9.943612946132036612 ) ) ;
#4288 = LINE ( 'NONE', #1528, #3267 ) ;
#4289 = CARTESIAN_POINT ( 'NONE',  ( 69.81727175442983935, 9.975469913743401307, -0.7000000000001503908 ) ) ;
#4290 = CARTESIAN_POINT ( 'NONE',  ( 26.30000000000000426, -18.00000000000000000, 2.749999999999999556 ) ) ;
#4291 = LINE ( 'NONE', #1265, #3965 ) ;
#4292 = CARTESIAN_POINT ( 'NONE',  ( 69.64730396509263244, 0.7828444984307049159, -7.961683025211547360 ) ) ;
#4293 = ORIENTED_EDGE ( 'NONE', *, *, #1934, .F. ) ;
#4294 = CARTESIAN_POINT ( 'NONE',  ( 74.04884823196672983, -1.040845749319265989, 7.932455125151321340 ) ) ;
#4295 = ORIENTED_EDGE ( 'NONE', *, *, #4218, .T. ) ;
#4296 = DIRECTION ( 'NONE',  ( 0.000000000000000000, 0.000000000000000000, 1.000000000000000000 ) ) ;
#4297 = CARTESIAN_POINT ( 'NONE',  ( 73.43710854141983191, -0.6944918006895994811, -7.969798061354811836 ) ) ;
#4299 = ADVANCED_FACE ( 'NONE', ( #1253 ), #3651, .F. ) ;
#4298 = FACE_OUTER_BOUND ( 'NONE', #3691, .T. ) ;
#4300 = AXIS2_PLACEMENT_3D ( 'NONE', #3059, #680, #2651 ) ;
#4301 = ORIENTED_EDGE ( 'NONE', *, *, #4362, .F. ) ;
#4302 = EDGE_LOOP ( 'NONE', ( #1103, #1393 ) ) ;
#4303 = VECTOR ( 'NONE', #91, 1000.000000000000114 ) ;
#4304 = CARTESIAN_POINT ( 'NONE',  ( 38.00000000000000711, 0.000000000000000000, 0.000000000000000000 ) ) ;
#4305 = CARTESIAN_POINT ( 'NONE',  ( 72.73703423331748752, -7.719473327371638049, -6.357536289973161558 ) ) ;
#4306 = CARTESIAN_POINT ( 'NONE',  ( 74.06128050092938508, 9.516512581452460040, 3.074525951460382878 ) ) ;
#4307 = EDGE_CURVE ( 'NONE', #3222, #1293, #2628, .T. ) ;
#4308 = CYLINDRICAL_SURFACE ( 'NONE', #70, 8.000000000000000000 ) ;
#4309 = VECTOR ( 'NONE', #531, 1000.000000000000000 ) ;
#4310 = CARTESIAN_POINT ( 'NONE',  ( 22.30000000000000426, 0.000000000000000000, 0.000000000000000000 ) ) ;
#4311 = AXIS2_PLACEMENT_3D ( 'NONE', #1810, #1165, #2453 ) ;
#4312 = CYLINDRICAL_SURFACE ( 'NONE', #3403, 0.7000000000000018430 ) ;
#4313 = EDGE_CURVE ( 'NONE', #3025, #1957, #188, .T. ) ;
#4314 = CARTESIAN_POINT ( 'NONE',  ( 70.36629917073251761, 7.976690584523712602, 0.6238304319761305283 ) ) ;
#4315 = DIRECTION ( 'NONE',  ( 0.000000000000000000, 0.000000000000000000, 1.000000000000000000 ) ) ;
#4316 = CIRCLE ( 'NONE', #2416, 13.22049999999999770 ) ;
#4317 = CARTESIAN_POINT ( 'NONE',  ( 76.63374405134040046, -5.530970965257084870, 8.332172960834135722 ) ) ;
#4318 = CARTESIAN_POINT ( 'NONE',  ( 76.31838297155169926, 1.555188683346771183, -9.878692276570193442 ) ) ;
#4319 = ORIENTED_EDGE ( 'NONE', *, *, #4078, .T. ) ;
#4320 = CARTESIAN_POINT ( 'NONE',  ( 73.62216329496401102, -0.6944918006947448097, 7.969798061354367746 ) ) ;
#4321 = ORIENTED_EDGE ( 'NONE', *, *, #2992, .T. ) ;
#4322 = CARTESIAN_POINT ( 'NONE',  ( 73.99752483067875630, 9.535356121710073296, -3.013514085635238704 ) ) ;
#4323 = CARTESIAN_POINT ( 'NONE',  ( 21.30000000000000426, 0.000000000000000000, 0.000000000000000000 ) ) ;
#4324 = CARTESIAN_POINT ( 'NONE',  ( 73.86684065352466178, -7.288459614697191391, -6.847089889659977224 ) ) ;
#4325 = ORIENTED_EDGE ( 'NONE', *, *, #1828, .T. ) ;
#4326 = B_SPLINE_CURVE_WITH_KNOTS ( 'NONE', 3,
 ( #2212, #2606, #3912, #3956, #3256, #928, #217, #262, #1860, #2282, #2921, #3545, #4264, #2540 ),
 .UNSPECIFIED., .F., .F.,
 ( 4, 2, 2, 2, 2, 2, 4 ),
 ( 0.002189188203112907034, 0.002736359354753668122, 0.003009944930574048449, 0.003283530506394428776, 0.003557116082214809537, 0.003830701658035189864, 0.004377872809675950952 ),
 .UNSPECIFIED. ) ;
#4327 = CARTESIAN_POINT ( 'NONE',  ( 74.06128050092941351, -7.420873869285475877, 6.704278675241834407 ) ) ;
#4328 = B_SPLINE_CURVE_WITH_KNOTS ( 'NONE', 3,
 ( #2372, #2742, #684, #2037, #3064, #1415, #3085, #3105, #751, #1375, #1394, #4095, #3038, #4075 ),
 .UNSPECIFIED., .F., .F.,
 ( 4, 2, 2, 2, 2, 2, 4 ),
 ( 0.002189565179306703687, 0.002736829203537977789, 0.003010461215653599878, 0.003284093227769221968, 0.003557725239884844490, 0.003831357252000466146, 0.004378621276231739814 ),
 .UNSPECIFIED. ) ;
#4329 = APPLICATION_PROTOCOL_DEFINITION ( 'draft international standard', 'automotive_design', 1998, #2170 ) ;
#4330 = CARTESIAN_POINT ( 'NONE',  ( 21.30000000000000426, 0.000000000000000000, 0.000000000000000000 ) ) ;
#4331 = DIRECTION ( 'NONE',  ( 0.000000000000000000, -0.9848077530122064660, 0.1736481776669396571 ) ) ;
#4332 = CARTESIAN_POINT ( 'NONE',  ( 73.25438029584988442, -2.421587599001497892, 9.702366386627657491 ) ) ;
#4333 = EDGE_LOOP ( 'NONE', ( #3766, #4074, #3207, #2325 ) ) ;
#4334 = EDGE_CURVE ( 'NONE', #4135, #1252, #1998, .T. ) ;
#4335 = CARTESIAN_POINT ( 'NONE',  ( 76.90860718336334401, 6.554801683817484736, 4.586346572798828625 ) ) ;
#4336 = CARTESIAN_POINT ( 'NONE',  ( 76.81727175442983935, -9.613289567144557068, -2.754026815089080316 ) ) ;
#4337 = CARTESIAN_POINT ( 'NONE',  ( 70.35269246556352130, 1.130948381481559073, -9.935904346757446604 ) ) ;
#4338 = CARTESIAN_POINT ( 'NONE',  ( 70.18332813216636623, -9.608299766173960421, 2.771608948650622128 ) ) ;
#4339 = EDGE_CURVE ( 'NONE', #3539, #3273, #608, .T. ) ;
#4340 = CARTESIAN_POINT ( 'NONE',  ( 76.31805170002294858, 7.542004543489556845, 6.566991199752780339 ) ) ;
#4341 = CARTESIAN_POINT ( 'NONE',  ( 73.43710854142003086, 28.90598463366618986, 10.52091799881053014 ) ) ;
#4342 = CARTESIAN_POINT ( 'NONE',  ( 77.62417195950939686, 2.095638712166929540, -9.778804626702269687 ) ) ;
#4343 = EDGE_LOOP ( 'NONE', ( #1631, #3694, #3562, #1893 ) ) ;
#4344 = DIRECTION ( 'NONE',  ( -0.000000000000000000, -0.9396926207859104263, -0.3420201433256630508 ) ) ;
#4345 = ORIENTED_EDGE ( 'NONE', *, *, #2375, .T. ) ;
#4346 = CARTESIAN_POINT ( 'NONE',  ( 73.00657962768573839, 7.690724765542013230, 2.203845976562367692 ) ) ;
#4347 = CYLINDRICAL_SURFACE ( 'NONE', #3404, 0.7000000000000018430 ) ;
#4348 = CARTESIAN_POINT ( 'NONE',  ( 70.00000000000000000, -9.613289567144475356, 2.754026815089354319 ) ) ;
#4349 = ORIENTED_EDGE ( 'NONE', *, *, #4072, .F. ) ;
#4350 = DIRECTION ( 'NONE',  ( 1.000000000000000000, 0.000000000000000000, 0.000000000000000000 ) ) ;
#4351 = DIRECTION ( 'NONE',  ( -0.000000000000000000, -0.5000000000000039968, -0.8660254037844362651 ) ) ;
#4352 = DIRECTION ( 'NONE',  ( -0.000000000000000000, 0.1736481776669405175, 0.9848077530122063550 ) ) ;
#4353 = FACE_OUTER_BOUND ( 'NONE', #1458, .T. ) ;
#4354 = ORIENTED_EDGE ( 'NONE', *, *, #1698, .F. ) ;
#4355 = CARTESIAN_POINT ( 'NONE',  ( 76.31811214426680579, 6.244655639121972079, 5.001147026255337025 ) ) ;
#4356 = CARTESIAN_POINT ( 'NONE',  ( 70.62417195950936843, -4.680342061349151983, -8.838049543191775825 ) ) ;
#4357 = CARTESIAN_POINT ( 'NONE',  ( 70.18305898564278777, 1.060961454455880526, -9.943621081962451314 ) ) ;
#4358 = DIRECTION ( 'NONE',  ( -0.000000000000000000, 0.1736481776669404620, 0.9848077530122062440 ) ) ;
#4359 = CARTESIAN_POINT ( 'NONE',  ( 70.00000000000000000, -9.134461366488585199, -4.069596484189502483 ) ) ;
#4360 = SURFACE_SIDE_STYLE ('',( #1401 ) ) ;
#4361 = CARTESIAN_POINT ( 'NONE',  ( 69.99999999999980105, -4.590875860832814404, -6.551630242193355436 ) ) ;
#4362 = EDGE_CURVE ( 'NONE', #3184, #3169, #726, .T. ) ;
#4363 = ORIENTED_EDGE ( 'NONE', *, *, #2156, .T. ) ;
#4364 = CARTESIAN_POINT ( 'NONE',  ( 72.82538912827216393, 7.631208478519070582, -2.402468061560669277 ) ) ;
#4365 = EDGE_LOOP ( 'NONE', ( #2756, #2856, #2887, #1383 ) ) ;
#4366 = CARTESIAN_POINT ( 'NONE',  ( 72.75549151297175854, -1.555188683346902190, -9.878692276570175679 ) ) ;
#4367 = DIRECTION ( 'NONE',  ( 0.000000000000000000, 0.000000000000000000, 1.000000000000000000 ) ) ;
#4368 = CARTESIAN_POINT ( 'NONE',  ( 41.30000000000000426, 0.000000000000000000, 0.000000000000000000 ) ) ;
#4369 = B_SPLINE_CURVE_WITH_KNOTS ( 'NONE', 3,
 ( #2993, #4336, #3681, #3016, #2105, #1753, #3828, #2499, #1774, #2126, #3502, #85, #437, #813 ),
 .UNSPECIFIED., .F., .F.,
 ( 4, 2, 2, 2, 2, 2, 4 ),
 ( 0.002189188203112909202, 0.002736359354753672458, 0.003009944930574053653, 0.003283530506394434847, 0.003557116082214816042, 0.003830701658035197237, 0.004377872809675957023 ),
 .UNSPECIFIED. ) ;
#4370 = ORIENTED_EDGE ( 'NONE', *, *, #653, .F. ) ;
#4371 = DIRECTION ( 'NONE',  ( -0.000000000000000000, 1.000000000000000000, -0.000000000000000000 ) ) ;
#4372 = DIRECTION ( 'NONE',  ( -1.000000000000000000, 0.000000000000000000, -0.000000000000000000 ) ) ;
#4373 = DIRECTION ( 'NONE',  ( 0.000000000000000000, -0.9848077530122064660, 0.1736481776669396571 ) ) ;
#4374 = CARTESIAN_POINT ( 'NONE',  ( 73.99752483067877051, -1.311934821404944662, -9.913783865736682799 ) ) ;
#4375 = VERTEX_POINT ( 'NONE', #2251 ) ;
#4376 = VECTOR ( 'NONE', #285, 1000.000000000000000 ) ;
#4377 = CARTESIAN_POINT ( 'NONE',  ( 70.00000000000029843, 8.091604621707030986, 5.875877351168029783 ) ) ;
#4378 = CARTESIAN_POINT ( 'NONE',  ( 69.64730396509261823, 5.717364878706738374, -5.595800295435459759 ) ) ;
#4379 = CARTESIAN_POINT ( 'NONE',  ( 77.69992722027564014, 6.068577384880050829, -5.213531807318807054 ) ) ;
#4380 = CARTESIAN_POINT ( 'NONE',  ( 70.00000000000000000, -4.828131434238300379, 27.38169402572093958 ) ) ;
#4381 = LINE ( 'NONE', #2397, #4029 ) ;
#4382 = VECTOR ( 'NONE', #720, 1000.000000000000114 ) ;
#4383 = CARTESIAN_POINT ( 'NONE',  ( 69.30007476368577102, -9.428714080410541598, -3.332849669606462673 ) ) ;
ENDSEC;
END-ISO-10303-21;
