ISO-10303-21;
HEADER;
FILE_DESCRIPTION (( 'STEP AP214' ),
    '1' );
FILE_NAME ('23T zawor 400bar.STEP',
    '2026-06-18T01:35:47',
    ( '' ),
    ( '' ),
    'SwSTEP 2.0',
    'SolidWorks 2024',
    '' );
FILE_SCHEMA (( 'AUTOMOTIVE_DESIGN' ));
ENDSEC;

DATA;
#1 = ORIENTED_EDGE ( 'NONE', *, *, #598, .F. ) ;
#2 = ORIENTED_EDGE ( 'NONE', *, *, #3061, .F. ) ;
#3 = DIRECTION ( 'NONE',  ( 0.000000000000000000, -0.8878852184023703353, -0.4600650377311617523 ) ) ;
#4 = LINE ( 'NONE', #478, #2394 ) ;
#5 = VERTEX_POINT ( 'NONE', #3017 ) ;
#6 = DIRECTION ( 'NONE',  ( -1.000000000000000000, -0.000000000000000000, -0.000000000000000000 ) ) ;
#7 = ORIENTED_EDGE ( 'NONE', *, *, #2237, .T. ) ;
#8 = DIRECTION ( 'NONE',  ( 0.000000000000000000, 0.000000000000000000, 1.000000000000000000 ) ) ;
#9 = ORIENTED_EDGE ( 'NONE', *, *, #2259, .F. ) ;
#10 = CYLINDRICAL_SURFACE ( 'NONE', #1082, 5.749999999999998224 ) ;
#11 = CARTESIAN_POINT ( 'NONE',  ( 5.000000000000000888, 14.46548752452586051, 5.906800798891623572 ) ) ;
#12 = CARTESIAN_POINT ( 'NONE',  ( 10.00000000000000000, -12.69837882901391346, -4.606456221410579310 ) ) ;
#13 = EDGE_CURVE ( 'NONE', #1243, #2204, #607, .T. ) ;
#14 = ORIENTED_EDGE ( 'NONE', *, *, #1053, .T. ) ;
#15 = ORIENTED_EDGE ( 'NONE', *, *, #2686, .F. ) ;
#16 = DIRECTION ( 'NONE',  ( -1.000000000000000000, 0.000000000000000000, 0.000000000000000000 ) ) ;
#17 = DIRECTION ( 'NONE',  ( -1.000000000000000000, 0.000000000000000000, 0.000000000000000000 ) ) ;
#18 = EDGE_CURVE ( 'NONE', #2470, #140, #2200, .T. ) ;
#19 = ORIENTED_EDGE ( 'NONE', *, *, #2962, .T. ) ;
#20 = CIRCLE ( 'NONE', #2420, 5.749999999999999112 ) ;
#21 = CIRCLE ( 'NONE', #899, 5.750000000000000000 ) ;
#22 = CYLINDRICAL_SURFACE ( 'NONE', #427, 15.62500000000000000 ) ;
#23 = DIRECTION ( 'NONE',  ( 0.000000000000000000, 0.000000000000000000, 1.000000000000000000 ) ) ;
#24 = ORIENTED_EDGE ( 'NONE', *, *, #2281, .T. ) ;
#25 = CARTESIAN_POINT ( 'NONE',  ( 10.00000000000000000, 2.011344227983399513, 12.65262923848469434 ) ) ;
#26 = DIRECTION ( 'NONE',  ( 0.000000000000000000, 0.000000000000000000, 1.000000000000000000 ) ) ;
#27 = CARTESIAN_POINT ( 'NONE',  ( 10.00000000000000000, 0.000000000000000000, 0.000000000000000000 ) ) ;
#28 = AXIS2_PLACEMENT_3D ( 'NONE', #3079, #1429, #2279 ) ;
#29 = VERTEX_POINT ( 'NONE', #347 ) ;
#30 = ORIENTED_EDGE ( 'NONE', *, *, #1714, .F. ) ;
#31 =( NAMED_UNIT ( * ) PLANE_ANGLE_UNIT ( ) SI_UNIT ( $, .RADIAN. ) );
#32 = DIRECTION ( 'NONE',  ( 0.000000000000000000, -0.1361666490962538945, 0.9906859460363297565 ) ) ;
#33 = VERTEX_POINT ( 'NONE', #1417 ) ;
#34 = EDGE_CURVE ( 'NONE', #2656, #2074, #1783, .T. ) ;
#35 = CARTESIAN_POINT ( 'NONE',  ( 10.00000000000000178, 3.673940397442060361E-16, -3.000000000000000444 ) ) ;
#36 = EDGE_CURVE ( 'NONE', #549, #485, #1340, .T. ) ;
#37 = AXIS2_PLACEMENT_3D ( 'NONE', #1776, #968, #2501 ) ;
#38 = LINE ( 'NONE', #1637, #3050 ) ;
#39 = AXIS2_PLACEMENT_3D ( 'NONE', #199, #2417, #789 ) ;
#40 = EDGE_LOOP ( 'NONE', ( #2568, #1434, #276, #1730 ) ) ;
#41 = CARTESIAN_POINT ( 'NONE',  ( 0.000000000000000000, -4.855571540453954782, -11.85571411875022818 ) ) ;
#42 = CARTESIAN_POINT ( 'NONE',  ( 10.00000000000000000, 8.592911864346651996, 10.42257787193223884 ) ) ;
#43 = CARTESIAN_POINT ( 'NONE',  ( 0.000000000000000000, -14.94875277203465913, 4.547022713884989464 ) ) ;
#44 = ORIENTED_EDGE ( 'NONE', *, *, #1117, .T. ) ;
#45 = EDGE_LOOP ( 'NONE', ( #2217, #3092, #1537, #715 ) ) ;
#46 = DIRECTION ( 'NONE',  ( -1.000000000000000000, 0.000000000000000000, 0.000000000000000000 ) ) ;
#47 = VERTEX_POINT ( 'NONE', #396 ) ;
#48 = AXIS2_PLACEMENT_3D ( 'NONE', #3163, #181, #1775 ) ;
#49 = AXIS2_PLACEMENT_3D ( 'NONE', #3326, #918, #3038 ) ;
#50 = DIRECTION ( 'NONE',  ( -1.000000000000000000, 0.000000000000000000, -0.000000000000000000 ) ) ;
#51 = CIRCLE ( 'NONE', #1497, 5.750000000000000888 ) ;
#52 = ADVANCED_FACE ( 'NONE', ( #3049 ), #2252, .T. ) ;
#53 = APPLICATION_PROTOCOL_DEFINITION ( 'draft international standard', 'automotive_design', 1998, #2481 ) ;
#54 = FACE_OUTER_BOUND ( 'NONE', #2887, .T. ) ;
#55 = EDGE_CURVE ( 'NONE', #2718, #2858, #3318, .T. ) ;
#56 = ORIENTED_EDGE ( 'NONE', *, *, #2962, .F. ) ;
#57 = DIRECTION ( 'NONE',  ( -1.000000000000000000, -0.000000000000000000, 0.000000000000000000 ) ) ;
#58 = LINE ( 'NONE', #2737, #1588 ) ;
#59 = DIRECTION ( 'NONE',  ( -1.000000000000000000, 0.000000000000000000, -0.000000000000000000 ) ) ;
#60 = EDGE_LOOP ( 'NONE', ( #1865, #2917, #3190, #1475 ) ) ;
#61 = ORIENTED_EDGE ( 'NONE', *, *, #2966, .F. ) ;
#62 = CARTESIAN_POINT ( 'NONE',  ( 10.00000000000000000, 13.20735115122741909, 2.915544254518557921 ) ) ;
#63 = DIRECTION ( 'NONE',  ( -1.000000000000000000, -0.000000000000000000, -0.000000000000000000 ) ) ;
#64 = ORIENTED_EDGE ( 'NONE', *, *, #3289, .T. ) ;
#65 = ORIENTED_EDGE ( 'NONE', *, *, #662, .T. ) ;
#66 = CARTESIAN_POINT ( 'NONE',  ( 10.00000000000000000, 11.24851991847268096, 6.132318639285085915 ) ) ;
#67 = EDGE_CURVE ( 'NONE', #2193, #1055, #2235, .T. ) ;
#68 = CYLINDRICAL_SURFACE ( 'NONE', #1093, 5.750000000000000000 ) ;
#69 = ORIENTED_EDGE ( 'NONE', *, *, #18, .F. ) ;
#70 = DIRECTION ( 'NONE',  ( 0.000000000000000000, 0.000000000000000000, 1.000000000000000000 ) ) ;
#71 = ADVANCED_FACE ( 'NONE', ( #2526 ), #435, .T. ) ;
#72 = EDGE_CURVE ( 'NONE', #2936, #2999, #2184, .T. ) ;
#73 = LINE ( 'NONE', #1104, #1985 ) ;
#74 = CARTESIAN_POINT ( 'NONE',  ( 0.000000000000000000, -3.715476584966190821, 12.26090396327154508 ) ) ;
#75 = ORIENTED_EDGE ( 'NONE', *, *, #901, .F. ) ;
#76 = ORIENTED_EDGE ( 'NONE', *, *, #91, .T. ) ;
#77 = DIRECTION ( 'NONE',  ( -1.000000000000000000, 0.000000000000000000, -0.000000000000000000 ) ) ;
#78 = CARTESIAN_POINT ( 'NONE',  ( 10.00000000000000000, 11.08624123981547349, -7.717740535774424870 ) ) ;
#79 = ORIENTED_EDGE ( 'NONE', *, *, #3002, .T. ) ;
#80 = ORIENTED_EDGE ( 'NONE', *, *, #2260, .F. ) ;
#81 = AXIS2_PLACEMENT_3D ( 'NONE', #1379, #1121, #1642 ) ;
#82 = DIRECTION ( 'NONE',  ( -1.000000000000000000, -0.000000000000000000, -0.000000000000000000 ) ) ;
#83 = CIRCLE ( 'NONE', #2884, 15.62500000000000000 ) ;
#84 = CIRCLE ( 'NONE', #252, 5.749999999999999112 ) ;
#85 = CARTESIAN_POINT ( 'NONE',  ( 0.000000000000000000, 0.000000000000000000, 0.000000000000000000 ) ) ;
#86 = ORIENTED_EDGE ( 'NONE', *, *, #1589, .F. ) ;
#87 = DIRECTION ( 'NONE',  ( -1.000000000000000000, 0.000000000000000000, 0.000000000000000000 ) ) ;
#88 = CARTESIAN_POINT ( 'NONE',  ( 5.000000000000000888, 15.42867212834064006, -2.469149925817533120 ) ) ;
#89 = LINE ( 'NONE', #3029, #2975 ) ;
#90 = EDGE_CURVE ( 'NONE', #3058, #3380, #2796, .T. ) ;
#91 = EDGE_CURVE ( 'NONE', #1324, #1620, #3244, .T. ) ;
#92 = AXIS2_PLACEMENT_3D ( 'NONE', #756, #2904, #2920 ) ;
#93 = EDGE_LOOP ( 'NONE', ( #1986, #2415, #9, #763 ) ) ;
#94 = CARTESIAN_POINT ( 'NONE',  ( 0.000000000000000000, -12.03388225800421019, 6.136280763248404213 ) ) ;
#95 = DIRECTION ( 'NONE',  ( 1.000000000000000000, 0.000000000000000000, 0.000000000000000000 ) ) ;
#96 = CARTESIAN_POINT ( 'NONE',  ( 10.00000000000000000, 1.410503946387251073, 15.56120508242295308 ) ) ;
#97 = EDGE_CURVE ( 'NONE', #1003, #2148, #1156, .T. ) ;
#98 = ORIENTED_EDGE ( 'NONE', *, *, #3432, .F. ) ;
#99 = EDGE_LOOP ( 'NONE', ( #3178, #1803, #325, #98 ) ) ;
#100 = CARTESIAN_POINT ( 'NONE',  ( -10.00000000000000000, 0.000000000000000000, 0.000000000000000000 ) ) ;
#101 = AXIS2_PLACEMENT_3D ( 'NONE', #2919, #2640, #2586 ) ;
#102 = FACE_OUTER_BOUND ( 'NONE', #2485, .T. ) ;
#103 = VERTEX_POINT ( 'NONE', #673 ) ;
#104 = DIRECTION ( 'NONE',  ( -1.000000000000000000, 0.000000000000000000, 0.000000000000000000 ) ) ;
#105 = DIRECTION ( 'NONE',  ( -1.000000000000000000, 0.000000000000000000, 0.000000000000000000 ) ) ;
#106 = CARTESIAN_POINT ( 'NONE',  ( 10.00000000000000000, -0.08805550942563283856, -13.50779441774935918 ) ) ;
#107 = ORIENTED_EDGE ( 'NONE', *, *, #947, .F. ) ;
#108 = DIRECTION ( 'NONE',  ( -1.000000000000000000, -0.000000000000000000, -0.000000000000000000 ) ) ;
#109 = EDGE_CURVE ( 'NONE', #2515, #1625, #654, .T. ) ;
#110 = DIRECTION ( 'NONE',  ( -1.000000000000000000, -0.000000000000000000, 0.000000000000000000 ) ) ;
#111 = VERTEX_POINT ( 'NONE', #892 ) ;
#112 = ORIENTED_EDGE ( 'NONE', *, *, #2173, .T. ) ;
#113 = CYLINDRICAL_SURFACE ( 'NONE', #877, 12.81149999999999700 ) ;
#114 = EDGE_CURVE ( 'NONE', #2784, #944, #3351, .T. ) ;
#115 = DIRECTION ( 'NONE',  ( -1.000000000000000000, 0.000000000000000000, 0.000000000000000000 ) ) ;
#116 = VECTOR ( 'NONE', #1990, 1000.000000000000000 ) ;
#117 = ORIENTED_EDGE ( 'NONE', *, *, #1079, .T. ) ;
#118 = DIRECTION ( 'NONE',  ( 0.000000000000000000, 0.5195839500354345608, -0.8544194045464879039 ) ) ;
#119 = CIRCLE ( 'NONE', #2529, 12.81149999999999523 ) ;
#120 = DIRECTION ( 'NONE',  ( -1.000000000000000000, 0.000000000000000000, 0.000000000000000000 ) ) ;
#121 = DIRECTION ( 'NONE',  ( -1.000000000000000000, -0.000000000000000000, -0.000000000000000000 ) ) ;
#122 = VERTEX_POINT ( 'NONE', #364 ) ;
#123 = CARTESIAN_POINT ( 'NONE',  ( 10.00000000000000000, -6.885648935156793549, -10.80381279881200207 ) ) ;
#124 = LINE ( 'NONE', #1736, #3065 ) ;
#125 = CYLINDRICAL_SURFACE ( 'NONE', #1711, 12.81149999999999700 ) ;
#126 = EDGE_LOOP ( 'NONE', ( #2099, #1923, #1652, #368 ) ) ;
#127 = ORIENTED_EDGE ( 'NONE', *, *, #510, .F. ) ;
#128 = DIRECTION ( 'NONE',  ( 0.000000000000000000, 0.000000000000000000, 1.000000000000000000 ) ) ;
#129 = VECTOR ( 'NONE', #829, 1000.000000000000000 ) ;
#130 = EDGE_CURVE ( 'NONE', #2475, #1856, #2019, .T. ) ;
#131 = EDGE_CURVE ( 'NONE', #2414, #2983, #2003, .T. ) ;
#132 = DIRECTION ( 'NONE',  ( 0.000000000000000000, 0.2697967711570247729, -0.9629172873477991335 ) ) ;
#133 = VECTOR ( 'NONE', #1659, 1000.000000000000000 ) ;
#134 = ORIENTED_EDGE ( 'NONE', *, *, #791, .F. ) ;
#135 = CARTESIAN_POINT ( 'NONE',  ( 10.00000000000000000, 0.000000000000000000, 0.000000000000000000 ) ) ;
#136 = AXIS2_PLACEMENT_3D ( 'NONE', #2611, #1573, #1290 ) ;
#137 = CARTESIAN_POINT ( 'NONE',  ( 10.00000000000000000, 0.000000000000000000, 0.000000000000000000 ) ) ;
#138 = AXIS2_PLACEMENT_3D ( 'NONE', #2547, #144, #437 ) ;
#139 = CARTESIAN_POINT ( 'NONE',  ( 5.000000000000000888, 1.410503946387467566, -15.56120508242293887 ) ) ;
#140 = VERTEX_POINT ( 'NONE', #1489 ) ;
#141 = CARTESIAN_POINT ( 'NONE',  ( 10.00000000000000000, 8.592911864346799433, -10.42257787193212160 ) ) ;
#142 = CIRCLE ( 'NONE', #2948, 5.750000000000000888 ) ;
#143 = DIRECTION ( 'NONE',  ( -1.000000000000000000, -0.000000000000000000, 0.000000000000000000 ) ) ;
#144 = DIRECTION ( 'NONE',  ( -1.000000000000000000, 0.000000000000000000, 0.000000000000000000 ) ) ;
#145 = AXIS2_PLACEMENT_3D ( 'NONE', #2462, #1127, #575 ) ;
#146 = ORIENTED_EDGE ( 'NONE', *, *, #2644, .T. ) ;
#147 = VERTEX_POINT ( 'NONE', #3068 ) ;
#148 = CARTESIAN_POINT ( 'NONE',  ( 10.00000000000000000, 3.559569147089504781, -13.03064585091658145 ) ) ;
#149 = CYLINDRICAL_SURFACE ( 'NONE', #49, 12.81149999999999700 ) ;
#150 = EDGE_CURVE ( 'NONE', #521, #1646, #1435, .T. ) ;
#151 = VERTEX_POINT ( 'NONE', #1769 ) ;
#152 = AXIS2_PLACEMENT_3D ( 'NONE', #3323, #3056, #370 ) ;
#153 = LINE ( 'NONE', #1965, #2382 ) ;
#154 = AXIS2_PLACEMENT_3D ( 'NONE', #187, #3136, #448 ) ;
#155 = DIRECTION ( 'NONE',  ( -1.000000000000000000, 0.000000000000000000, -0.000000000000000000 ) ) ;
#156 = EDGE_CURVE ( 'NONE', #2530, #3137, #2460, .T. ) ;
#157 = CIRCLE ( 'NONE', #1050, 5.750000000000000000 ) ;
#158 = CARTESIAN_POINT ( 'NONE',  ( 10.00000000000000000, 0.000000000000000000, 0.000000000000000000 ) ) ;
#159 = VERTEX_POINT ( 'NONE', #2034 ) ;
#160 = DIRECTION ( 'NONE',  ( -1.000000000000000000, -0.000000000000000000, 0.000000000000000000 ) ) ;
#161 = DIRECTION ( 'NONE',  ( 0.000000000000000000, 0.000000000000000000, 1.000000000000000000 ) ) ;
#162 = CARTESIAN_POINT ( 'NONE',  ( 10.00000000000000000, -12.03388225800412847, -6.136280763248569414 ) ) ;
#163 = VECTOR ( 'NONE', #451, 1000.000000000000000 ) ;
#164 = VERTEX_POINT ( 'NONE', #2562 ) ;
#165 = ORIENTED_EDGE ( 'NONE', *, *, #1870, .F. ) ;
#166 = CARTESIAN_POINT ( 'NONE',  ( 10.00000000000000000, 0.000000000000000000, 0.000000000000000000 ) ) ;
#167 = CARTESIAN_POINT ( 'NONE',  ( 10.00000000000000000, -3.729149491633992231, 12.98313166666528495 ) ) ;
#168 = DIRECTION ( 'NONE',  ( 0.000000000000000000, 0.000000000000000000, 1.000000000000000000 ) ) ;
#169 = VERTEX_POINT ( 'NONE', #1223 ) ;
#170 = CARTESIAN_POINT ( 'NONE',  ( 0.000000000000000000, -3.516283588487546297, -15.22420358262898255 ) ) ;
#171 = CYLINDRICAL_SURFACE ( 'NONE', #486, 5.750000000000000000 ) ;
#172 = VERTEX_POINT ( 'NONE', #3104 ) ;
#173 = AXIS2_PLACEMENT_3D ( 'NONE', #158, #1967, #2299 ) ;
#174 = DIRECTION ( 'NONE',  ( 1.000000000000000000, -0.000000000000000000, -0.000000000000000000 ) ) ;
#175 = EDGE_CURVE ( 'NONE', #122, #103, #1844, .T. ) ;
#176 = EDGE_CURVE ( 'NONE', #1377, #2360, #2740, .T. ) ;
#177 = CARTESIAN_POINT ( 'NONE',  ( 10.00000000000000000, 0.000000000000000000, 0.000000000000000000 ) ) ;
#178 = CARTESIAN_POINT ( 'NONE',  ( 0.000000000000000000, -3.715476584966021179, -12.26090396327159837 ) ) ;
#179 = ORIENTED_EDGE ( 'NONE', *, *, #1920, .T. ) ;
#180 = ORIENTED_EDGE ( 'NONE', *, *, #1265, .F. ) ;
#181 = DIRECTION ( 'NONE',  ( -1.000000000000000000, -0.000000000000000000, -0.000000000000000000 ) ) ;
#182 = CARTESIAN_POINT ( 'NONE',  ( 5.000000000000000888, 4.905870903713871023, -14.83485947611549705 ) ) ;
#183 = DIRECTION ( 'NONE',  ( -1.000000000000000000, 0.000000000000000000, -0.000000000000000000 ) ) ;
#184 = AXIS2_PLACEMENT_3D ( 'NONE', #728, #1862, #2859 ) ;
#185 = ORIENTED_EDGE ( 'NONE', *, *, #339, .F. ) ;
#186 = DIRECTION ( 'NONE',  ( -1.000000000000000000, -0.000000000000000000, -0.000000000000000000 ) ) ;
#187 = CARTESIAN_POINT ( 'NONE',  ( 0.000000000000000000, 0.000000000000000000, 0.000000000000000000 ) ) ;
#188 = VECTOR ( 'NONE', #3135, 1000.000000000000000 ) ;
#189 = ORIENTED_EDGE ( 'NONE', *, *, #748, .T. ) ;
#190 = DIRECTION ( 'NONE',  ( -1.000000000000000000, 0.000000000000000000, 0.000000000000000000 ) ) ;
#191 = CARTESIAN_POINT ( 'NONE',  ( 5.000000000000000000, -13.16764042189669048, 8.411532007882534856 ) ) ;
#192 = CYLINDRICAL_SURFACE ( 'NONE', #843, 5.750000000000000000 ) ;
#193 = ADVANCED_FACE ( 'NONE', ( #3381 ), #3138, .T. ) ;
#194 = EDGE_CURVE ( 'NONE', #2954, #3212, #3187, .T. ) ;
#195 = ORIENTED_EDGE ( 'NONE', *, *, #1481, .T. ) ;
#196 = ORIENTED_EDGE ( 'NONE', *, *, #1237, .F. ) ;
#197 = CARTESIAN_POINT ( 'NONE',  ( 0.000000000000000000, -13.16764042189668693, 8.411532007882534856 ) ) ;
#198 = CIRCLE ( 'NONE', #1257, 12.81149999999999700 ) ;
#199 = CARTESIAN_POINT ( 'NONE',  ( 0.000000000000000000, 0.000000000000000000, 0.000000000000000000 ) ) ;
#200 = EDGE_CURVE ( 'NONE', #2999, #363, #746, .T. ) ;
#201 = ORIENTED_EDGE ( 'NONE', *, *, #576, .T. ) ;
#202 = CARTESIAN_POINT ( 'NONE',  ( 0.000000000000000000, 0.000000000000000000, 0.000000000000000000 ) ) ;
#203 = ORIENTED_EDGE ( 'NONE', *, *, #317, .F. ) ;
#204 = DIRECTION ( 'NONE',  ( -1.000000000000000000, 0.000000000000000000, 0.000000000000000000 ) ) ;
#205 = CARTESIAN_POINT ( 'NONE',  ( 10.00000000000000000, 6.424699349295218020, -11.08412245155950693 ) ) ;
#206 = MECHANICAL_DESIGN_GEOMETRIC_PRESENTATION_REPRESENTATION (  '', ( #2005 ), #1836 ) ;
#207 = ORIENTED_EDGE ( 'NONE', *, *, #3061, .T. ) ;
#208 = FACE_OUTER_BOUND ( 'NONE', #2537, .T. ) ;
#209 = AXIS2_PLACEMENT_3D ( 'NONE', #2592, #2109, #1236 ) ;
#210 = CARTESIAN_POINT ( 'NONE',  ( 10.00000000000000000, 10.61984581506632708, 7.166129158354467954 ) ) ;
#211 = VECTOR ( 'NONE', #795, 1000.000000000000000 ) ;
#212 = CYLINDRICAL_SURFACE ( 'NONE', #741, 5.750000000000000000 ) ;
#213 = DIRECTION ( 'NONE',  ( 0.000000000000000000, -0.9976687691905398170, 0.06824241336466081720 ) ) ;
#214 = ORIENTED_EDGE ( 'NONE', *, *, #130, .F. ) ;
#215 = EDGE_LOOP ( 'NONE', ( #1048, #2291, #1686, #2492 ) ) ;
#216 = ADVANCED_FACE ( 'NONE', ( #2393 ), #977, .T. ) ;
#217 = DIRECTION ( 'NONE',  ( 0.000000000000000000, 0.000000000000000000, 1.000000000000000000 ) ) ;
#218 = DIRECTION ( 'NONE',  ( -1.000000000000000000, 0.000000000000000000, 0.000000000000000000 ) ) ;
#219 = VECTOR ( 'NONE', #1750, 1000.000000000000000 ) ;
#220 = ORIENTED_EDGE ( 'NONE', *, *, #1691, .F. ) ;
#221 = EDGE_CURVE ( 'NONE', #1557, #1443, #3191, .T. ) ;
#222 = DIRECTION ( 'NONE',  ( 1.000000000000000000, 0.000000000000000000, 0.000000000000000000 ) ) ;
#223 = ADVANCED_FACE ( 'NONE', ( #2635 ), #998, .T. ) ;
#224 = ORIENTED_EDGE ( 'NONE', *, *, #2022, .T. ) ;
#225 = DIRECTION ( 'NONE',  ( 0.000000000000000000, 0.8169698930104393186, 0.5766803221148709691 ) ) ;
#226 = CARTESIAN_POINT ( 'NONE',  ( 0.000000000000000000, 1.410503946387470231, -15.56120508242293354 ) ) ;
#227 = ORIENTED_EDGE ( 'NONE', *, *, #1009, .T. ) ;
#228 = DIRECTION ( 'NONE',  ( 0.000000000000000000, 0.000000000000000000, 1.000000000000000000 ) ) ;
#229 = EDGE_CURVE ( 'NONE', #2674, #1422, #2130, .T. ) ;
#230 = DIRECTION ( 'NONE',  ( 0.000000000000000000, 0.000000000000000000, 1.000000000000000000 ) ) ;
#231 = AXIS2_PLACEMENT_3D ( 'NONE', #1279, #2097, #1597 ) ;
#232 = CARTESIAN_POINT ( 'NONE',  ( 0.000000000000000000, 0.000000000000000000, 0.000000000000000000 ) ) ;
#233 = ORIENTED_EDGE ( 'NONE', *, *, #2449, .T. ) ;
#234 = EDGE_LOOP ( 'NONE', ( #808, #914, #1019, #2826 ) ) ;
#235 = CARTESIAN_POINT ( 'NONE',  ( 10.00000000000000000, 0.7215507154582816440, 15.60833077446213046 ) ) ;
#236 = CARTESIAN_POINT ( 'NONE',  ( 10.00000000000000000, -7.874147165256800918, 10.10605455506144423 ) ) ;
#237 = VERTEX_POINT ( 'NONE', #2875 ) ;
#238 = FACE_OUTER_BOUND ( 'NONE', #3286, .T. ) ;
#239 = ADVANCED_FACE ( 'NONE', ( #208 ), #2357, .T. ) ;
#240 = ADVANCED_FACE ( 'NONE', ( #3120 ), #1824, .T. ) ;
#241 = AXIS2_PLACEMENT_3D ( 'NONE', #1024, #222, #2870 ) ;
#242 = ORIENTED_EDGE ( 'NONE', *, *, #1998, .F. ) ;
#243 = CARTESIAN_POINT ( 'NONE',  ( 10.00000000000000000, 5.556561520398572540, 14.60360397538997645 ) ) ;
#244 = AXIS2_PLACEMENT_3D ( 'NONE', #1357, #50, #1096 ) ;
#245 = ORIENTED_EDGE ( 'NONE', *, *, #2412, .T. ) ;
#246 = DIRECTION ( 'NONE',  ( -1.000000000000000000, 0.000000000000000000, 0.000000000000000000 ) ) ;
#247 = DIRECTION ( 'NONE',  ( -1.000000000000000000, -0.000000000000000000, -0.000000000000000000 ) ) ;
#248 = DIRECTION ( 'NONE',  ( -1.000000000000000000, 0.000000000000000000, 0.000000000000000000 ) ) ;
#249 = CIRCLE ( 'NONE', #1989, 5.749999999999999112 ) ;
#250 = ORIENTED_EDGE ( 'NONE', *, *, #1570, .F. ) ;
#251 = ORIENTED_EDGE ( 'NONE', *, *, #3023, .F. ) ;
#252 = AXIS2_PLACEMENT_3D ( 'NONE', #2160, #2963, #514 ) ;
#253 = CARTESIAN_POINT ( 'NONE',  ( 10.00000000000000000, 11.89962618115382398, -10.12618001759787312 ) ) ;
#254 = CARTESIAN_POINT ( 'NONE',  ( 0.000000000000000000, -9.932084523302840751, 9.155433404644984563 ) ) ;
#255 = ORIENTED_EDGE ( 'NONE', *, *, #200, .F. ) ;
#256 = CARTESIAN_POINT ( 'NONE',  ( 10.00000000000000000, 0.000000000000000000, 0.000000000000000000 ) ) ;
#257 = CIRCLE ( 'NONE', #1098, 5.750000000000000000 ) ;
#258 = VERTEX_POINT ( 'NONE', #2336 ) ;
#259 = ADVANCED_FACE ( 'NONE', ( #2931 ), #2374, .T. ) ;
#260 = CYLINDRICAL_SURFACE ( 'NONE', #520, 12.81149999999999700 ) ;
#261 = ORIENTED_EDGE ( 'NONE', *, *, #2091, .T. ) ;
#262 = FACE_OUTER_BOUND ( 'NONE', #1010, .T. ) ;
#263 = EDGE_CURVE ( 'NONE', #2074, #1463, #1016, .T. ) ;
#264 = DIRECTION ( 'NONE',  ( -1.000000000000000000, 0.000000000000000000, 0.000000000000000000 ) ) ;
#265 = CARTESIAN_POINT ( 'NONE',  ( 10.00000000000000000, 0.000000000000000000, 0.000000000000000000 ) ) ;
#266 = AXIS2_PLACEMENT_3D ( 'NONE', #483, #708, #2092 ) ;
#267 = ORIENTED_EDGE ( 'NONE', *, *, #1197, .F. ) ;
#268 = ORIENTED_EDGE ( 'NONE', *, *, #1696, .F. ) ;
#269 = AXIS2_PLACEMENT_3D ( 'NONE', #2545, #2759, #161 ) ;
#270 = DIRECTION ( 'NONE',  ( -1.000000000000000000, 0.000000000000000000, 0.000000000000000000 ) ) ;
#271 = ORIENTED_EDGE ( 'NONE', *, *, #2138, .F. ) ;
#272 = DIRECTION ( 'NONE',  ( -1.000000000000000000, 0.000000000000000000, 0.000000000000000000 ) ) ;
#273 = AXIS2_PLACEMENT_3D ( 'NONE', #94, #2149, #804 ) ;
#274 = CARTESIAN_POINT ( 'NONE',  ( 10.00000000000000000, 0.000000000000000000, 0.000000000000000000 ) ) ;
#275 = DIRECTION ( 'NONE',  ( 0.000000000000000000, -0.2697967711570116722, -0.9629172873478026862 ) ) ;
#276 = ORIENTED_EDGE ( 'NONE', *, *, #878, .T. ) ;
#277 = CARTESIAN_POINT ( 'NONE',  ( 10.00000000000000000, -7.493331224602710172, 13.71096685716926444 ) ) ;
#278 = LINE ( 'NONE', #1596, #1930 ) ;
#279 = DIRECTION ( 'NONE',  ( 1.000000000000000000, 0.000000000000000000, 0.000000000000000000 ) ) ;
#280 = EDGE_CURVE ( 'NONE', #2718, #2475, #1303, .T. ) ;
#281 = EDGE_CURVE ( 'NONE', #2780, #2398, #517, .T. ) ;
#282 = EDGE_LOOP ( 'NONE', ( #250, #1861, #3376, #2618 ) ) ;
#283 = CARTESIAN_POINT ( 'NONE',  ( 5.000000000000000000, -10.91463276349809775, -11.18085044341323453 ) ) ;
#284 = UNCERTAINTY_MEASURE_WITH_UNIT (LENGTH_MEASURE( 1.000000000000000082E-05 ), #453, 'distance_accuracy_value', 'NONE');
#285 = DIRECTION ( 'NONE',  ( 1.000000000000000000, 0.000000000000000000, 0.000000000000000000 ) ) ;
#286 = DIRECTION ( 'NONE',  ( 0.000000000000000000, -0.7308359642781160348, -0.6825531432186626724 ) ) ;
#287 = ORIENTED_EDGE ( 'NONE', *, *, #429, .T. ) ;
#288 = CIRCLE ( 'NONE', #1685, 5.750000000000001776 ) ;
#289 = DIRECTION ( 'NONE',  ( -1.000000000000000000, 0.000000000000000000, 0.000000000000000000 ) ) ;
#290 = CARTESIAN_POINT ( 'NONE',  ( 0.000000000000000000, 0.000000000000000000, 0.000000000000000000 ) ) ;
#291 = CARTESIAN_POINT ( 'NONE',  ( 10.00000000000000000, 10.61984581506642833, -7.166129158354324069 ) ) ;
#292 = VERTEX_POINT ( 'NONE', #3450 ) ;
#293 = CARTESIAN_POINT ( 'NONE',  ( 10.00000000000000000, -0.08805550942581237550, 13.50779441774935918 ) ) ;
#294 = DIRECTION ( 'NONE',  ( -1.000000000000000000, 0.000000000000000000, 0.000000000000000000 ) ) ;
#295 = CARTESIAN_POINT ( 'NONE',  ( 0.000000000000000000, 0.000000000000000000, 0.000000000000000000 ) ) ;
#296 = AXIS2_PLACEMENT_3D ( 'NONE', #2768, #1981, #1484 ) ;
#297 = ORIENTED_EDGE ( 'NONE', *, *, #1738, .F. ) ;
#298 = ORIENTED_EDGE ( 'NONE', *, *, #406, .F. ) ;
#299 = CARTESIAN_POINT ( 'NONE',  ( 10.00000000000000000, 14.46548752452585873, 5.906800798891620907 ) ) ;
#300 = EDGE_CURVE ( 'NONE', #3370, #2148, #1411, .T. ) ;
#301 = CIRCLE ( 'NONE', #1415, 12.81149999999999878 ) ;
#302 = DIRECTION ( 'NONE',  ( 0.000000000000000000, 0.000000000000000000, -1.000000000000000000 ) ) ;
#303 = EDGE_LOOP ( 'NONE', ( #127, #803, #3338, #318 ) ) ;
#304 = CIRCLE ( 'NONE', #2325, 15.62500000000000000 ) ;
#305 = DIRECTION ( 'NONE',  ( -1.000000000000000000, -0.000000000000000000, -0.000000000000000000 ) ) ;
#306 = EDGE_CURVE ( 'NONE', #151, #1387, #2154, .T. ) ;
#307 = CARTESIAN_POINT ( 'NONE',  ( 10.00000000000000000, -5.300754509045071394, -12.42458310929422360 ) ) ;
#308 = ORIENTED_EDGE ( 'NONE', *, *, #428, .F. ) ;
#309 = DIRECTION ( 'NONE',  ( -1.000000000000000000, -0.000000000000000000, -0.000000000000000000 ) ) ;
#310 = DIRECTION ( 'NONE',  ( -1.000000000000000000, 0.000000000000000000, -0.000000000000000000 ) ) ;
#311 = DIRECTION ( 'NONE',  ( 1.000000000000000000, 0.000000000000000000, 0.000000000000000000 ) ) ;
#312 = VERTEX_POINT ( 'NONE', #2595 ) ;
#313 = ORIENTED_EDGE ( 'NONE', *, *, #2818, .F. ) ;
#314 = FACE_OUTER_BOUND ( 'NONE', #2955, .T. ) ;
#315 = EDGE_LOOP ( 'NONE', ( #1657, #2865, #444, #261 ) ) ;
#316 = AXIS2_PLACEMENT_3D ( 'NONE', #2100, #2604, #458 ) ;
#317 = EDGE_CURVE ( 'NONE', #1140, #2065, #2736, .T. ) ;
#318 = ORIENTED_EDGE ( 'NONE', *, *, #1197, .T. ) ;
#319 = CARTESIAN_POINT ( 'NONE',  ( 0.000000000000000000, 5.462285525855421042, 12.35442028744980547 ) ) ;
#320 = AXIS2_PLACEMENT_3D ( 'NONE', #2337, #1893, #2681 ) ;
#321 = ADVANCED_FACE ( 'NONE', ( #3208 ), #1626, .T. ) ;
#322 = EDGE_CURVE ( 'NONE', #1645, #687, #1812, .T. ) ;
#323 = DIRECTION ( 'NONE',  ( -1.000000000000000000, -0.000000000000000000, -0.000000000000000000 ) ) ;
#324 = AXIS2_PLACEMENT_3D ( 'NONE', #2651, #1520, #3154 ) ;
#325 = ORIENTED_EDGE ( 'NONE', *, *, #3150, .F. ) ;
#326 = CARTESIAN_POINT ( 'NONE',  ( 0.000000000000000000, 0.000000000000000000, 0.000000000000000000 ) ) ;
#327 = CYLINDRICAL_SURFACE ( 'NONE', #2104, 5.750000000000000000 ) ;
#328 = DIRECTION ( 'NONE',  ( -1.000000000000000000, -0.000000000000000000, -0.000000000000000000 ) ) ;
#329 = EDGE_LOOP ( 'NONE', ( #1791, #3339 ) ) ;
#330 = VERTEX_POINT ( 'NONE', #2145 ) ;
#331 = FILL_AREA_STYLE ('',( #2971 ) ) ;
#332 = DIRECTION ( 'NONE',  ( 0.000000000000000000, 0.9422609221188191775, 0.3348796121709900486 ) ) ;
#333 = ORIENTED_EDGE ( 'NONE', *, *, #1141, .T. ) ;
#334 = ORIENTED_EDGE ( 'NONE', *, *, #1739, .T. ) ;
#335 = CARTESIAN_POINT ( 'NONE',  ( 10.00000000000000000, 15.52270379068856521, -1.785018774843233125 ) ) ;
#336 = CIRCLE ( 'NONE', #1400, 5.750000000000002665 ) ;
#337 = VECTOR ( 'NONE', #1396, 1000.000000000000000 ) ;
#338 = DIRECTION ( 'NONE',  ( -1.000000000000000000, 0.000000000000000000, 0.000000000000000000 ) ) ;
#339 = EDGE_CURVE ( 'NONE', #2515, #2549, #2456, .T. ) ;
#340 = EDGE_CURVE ( 'NONE', #555, #312, #1361, .T. ) ;
#341 = ORIENTED_EDGE ( 'NONE', *, *, #2551, .T. ) ;
#342 = DIRECTION ( 'NONE',  ( -1.000000000000000000, -0.000000000000000000, 0.000000000000000000 ) ) ;
#343 = DIRECTION ( 'NONE',  ( -1.000000000000000000, -0.000000000000000000, -0.000000000000000000 ) ) ;
#344 = ADVANCED_FACE ( 'NONE', ( #1658 ), #10, .T. ) ;
#345 = DIRECTION ( 'NONE',  ( -1.000000000000000000, 0.000000000000000000, -0.000000000000000000 ) ) ;
#346 = EDGE_LOOP ( 'NONE', ( #1952, #439, #1580, #516 ) ) ;
#347 = CARTESIAN_POINT ( 'NONE',  ( 10.00000000000000000, 9.290514346019632441, -12.56292036854502037 ) ) ;
#348 = DIRECTION ( 'NONE',  ( 0.000000000000000000, 0.9790840876823234673, -0.2034560130526309185 ) ) ;
#349 = FACE_OUTER_BOUND ( 'NONE', #1823, .T. ) ;
#350 = VECTOR ( 'NONE', #246, 1000.000000000000000 ) ;
#351 = ORIENTED_EDGE ( 'NONE', *, *, #3198, .T. ) ;
#352 = ORIENTED_EDGE ( 'NONE', *, *, #2966, .T. ) ;
#353 = LINE ( 'NONE', #2816, #2286 ) ;
#354 = CIRCLE ( 'NONE', #744, 5.750000000000000000 ) ;
#355 = CARTESIAN_POINT ( 'NONE',  ( 10.00000000000000000, -11.97876787724255365, 4.543528627965476296 ) ) ;
#356 = ORIENTED_EDGE ( 'NONE', *, *, #2770, .F. ) ;
#357 = FACE_OUTER_BOUND ( 'NONE', #1600, .T. ) ;
#358 = EDGE_CURVE ( 'NONE', #2549, #1026, #3037, .T. ) ;
#359 = AXIS2_PLACEMENT_3D ( 'NONE', #1112, #1420, #332 ) ;
#360 = DIRECTION ( 'NONE',  ( -1.000000000000000000, 0.000000000000000000, 0.000000000000000000 ) ) ;
#361 = CARTESIAN_POINT ( 'NONE',  ( 10.00000000000000000, 0.000000000000000000, 0.000000000000000000 ) ) ;
#362 = AXIS2_PLACEMENT_3D ( 'NONE', #162, #367, #1753 ) ;
#363 = VERTEX_POINT ( 'NONE', #2162 ) ;
#364 = CARTESIAN_POINT ( 'NONE',  ( 10.00000000000000000, 4.905870903713868358, -14.83485947611549349 ) ) ;
#365 = EDGE_CURVE ( 'NONE', #1065, #1002, #2719, .T. ) ;
#366 = DIRECTION ( 'NONE',  ( 0.000000000000000000, 0.000000000000000000, -1.000000000000000000 ) ) ;
#367 = DIRECTION ( 'NONE',  ( -1.000000000000000000, 0.000000000000000000, 0.000000000000000000 ) ) ;
#368 = ORIENTED_EDGE ( 'NONE', *, *, #452, .T. ) ;
#369 = VERTEX_POINT ( 'NONE', #41 ) ;
#370 = DIRECTION ( 'NONE',  ( 0.000000000000000000, 0.000000000000000000, 1.000000000000000000 ) ) ;
#371 = AXIS2_PLACEMENT_3D ( 'NONE', #1177, #2518, #1228 ) ;
#372 = CIRCLE ( 'NONE', #935, 5.750000000000000000 ) ;
#373 = AXIS2_PLACEMENT_3D ( 'NONE', #3114, #1195, #702 ) ;
#374 = CYLINDRICAL_SURFACE ( 'NONE', #2230, 15.62500000000000000 ) ;
#375 = AXIS2_PLACEMENT_3D ( 'NONE', #876, #3302, #366 ) ;
#376 = ORIENTED_EDGE ( 'NONE', *, *, #1958, .F. ) ;
#377 = DIRECTION ( 'NONE',  ( 0.000000000000000000, 0.000000000000000000, 1.000000000000000000 ) ) ;
#378 = CARTESIAN_POINT ( 'NONE',  ( 0.000000000000000000, 15.52270379068856343, 1.785018774843232237 ) ) ;
#379 = CARTESIAN_POINT ( 'NONE',  ( 0.000000000000000000, 10.61984581506642655, -7.166129158354322293 ) ) ;
#380 = VERTEX_POINT ( 'NONE', #2409 ) ;
#381 = DIRECTION ( 'NONE',  ( 1.000000000000000000, 0.000000000000000000, 0.000000000000000000 ) ) ;
#382 = CYLINDRICAL_SURFACE ( 'NONE', #2960, 15.62500000000000000 ) ;
#383 = DIRECTION ( 'NONE',  ( -1.000000000000000000, 0.000000000000000000, 0.000000000000000000 ) ) ;
#384 = ADVANCED_FACE ( 'NONE', ( #262 ), #3247, .T. ) ;
#385 = ADVANCED_FACE ( 'NONE', ( #1330 ), #566, .T. ) ;
#386 = VERTEX_POINT ( 'NONE', #277 ) ;
#387 = EDGE_LOOP ( 'NONE', ( #544, #938, #966, #3160 ) ) ;
#388 = DIRECTION ( 'NONE',  ( -1.000000000000000000, 0.000000000000000000, 0.000000000000000000 ) ) ;
#389 = DIRECTION ( 'NONE',  ( 0.000000000000000000, -0.6310879443260593025, 0.7757112907044144690 ) ) ;
#390 = VERTEX_POINT ( 'NONE', #1880 ) ;
#391 = DIRECTION ( 'NONE',  ( -1.000000000000000000, -0.000000000000000000, 0.000000000000000000 ) ) ;
#392 = AXIS2_PLACEMENT_3D ( 'NONE', #890, #121, #2001 ) ;
#393 = DIRECTION ( 'NONE',  ( -1.000000000000000000, 0.000000000000000000, 0.000000000000000000 ) ) ;
#394 = CARTESIAN_POINT ( 'NONE',  ( 10.00000000000000000, 12.75735481870598420, 4.440513690392164037 ) ) ;
#395 = VERTEX_POINT ( 'NONE', #851 ) ;
#396 = CARTESIAN_POINT ( 'NONE',  ( 10.00000000000000000, 8.292634615677432208, -9.765589761036878258 ) ) ;
#397 = CARTESIAN_POINT ( 'NONE',  ( -10.00000000000000000, 0.000000000000000000, 0.000000000000000000 ) ) ;
#398 = DIRECTION ( 'NONE',  ( 1.000000000000000000, 0.000000000000000000, 0.000000000000000000 ) ) ;
#399 = CIRCLE ( 'NONE', #2375, 5.750000000000000888 ) ;
#400 = ORIENTED_EDGE ( 'NONE', *, *, #1390, .T. ) ;
#401 = ORIENTED_EDGE ( 'NONE', *, *, #1465, .F. ) ;
#402 = EDGE_CURVE ( 'NONE', #845, #862, #2206, .T. ) ;
#403 = DIRECTION ( 'NONE',  ( -1.000000000000000000, 0.000000000000000000, -0.000000000000000000 ) ) ;
#404 = AXIS2_PLACEMENT_3D ( 'NONE', #2172, #272, #2450 ) ;
#405 = CIRCLE ( 'NONE', #739, 5.750000000000000000 ) ;
#406 = EDGE_CURVE ( 'NONE', #2271, #3355, #1913, .T. ) ;
#407 = DIRECTION ( 'NONE',  ( 0.000000000000000000, 0.000000000000000000, 1.000000000000000000 ) ) ;
#408 = AXIS2_PLACEMENT_3D ( 'NONE', #2358, #1523, #730 ) ;
#409 = EDGE_LOOP ( 'NONE', ( #1274, #1352, #2023, #1957 ) ) ;
#410 = DIRECTION ( 'NONE',  ( -1.000000000000000000, 0.000000000000000000, 0.000000000000000000 ) ) ;
#411 = CIRCLE ( 'NONE', #1419, 12.81149999999999523 ) ;
#412 = DIRECTION ( 'NONE',  ( 0.000000000000000000, -0.1361666490962538389, 0.9906859460363297565 ) ) ;
#413 = DIRECTION ( 'NONE',  ( -1.000000000000000000, 0.000000000000000000, 0.000000000000000000 ) ) ;
#414 = ORIENTED_EDGE ( 'NONE', *, *, #3090, .F. ) ;
#415 = DIRECTION ( 'NONE',  ( -1.000000000000000000, 0.000000000000000000, 0.000000000000000000 ) ) ;
#416 = ADVANCED_FACE ( 'NONE', ( #1103 ), #816, .T. ) ;
#417 = CYLINDRICAL_SURFACE ( 'NONE', #994, 12.81149999999999700 ) ;
#418 = FACE_OUTER_BOUND ( 'NONE', #3415, .T. ) ;
#419 = AXIS2_PLACEMENT_3D ( 'NONE', #2528, #2565, #2777 ) ;
#420 = ORIENTED_EDGE ( 'NONE', *, *, #1432, .T. ) ;
#421 = ORIENTED_EDGE ( 'NONE', *, *, #3308, .F. ) ;
#422 = CYLINDRICAL_SURFACE ( 'NONE', #990, 12.81149999999999700 ) ;
#423 = FACE_OUTER_BOUND ( 'NONE', #2493, .T. ) ;
#424 = EDGE_CURVE ( 'NONE', #292, #390, #3437, .T. ) ;
#425 = DIRECTION ( 'NONE',  ( 0.000000000000000000, 0.3984010898462360672, 0.9172113015054553786 ) ) ;
#427 = AXIS2_PLACEMENT_3D ( 'NONE', #2224, #1078, #1924 ) ;
#426 = VECTOR ( 'NONE', #388, 1000.000000000000000 ) ;
#428 = EDGE_CURVE ( 'NONE', #1243, #237, #3096, .T. ) ;
#429 = EDGE_CURVE ( 'NONE', #2433, #147, #3279, .T. ) ;
#430 = ORIENTED_EDGE ( 'NONE', *, *, #3221, .F. ) ;
#431 = AXIS2_PLACEMENT_3D ( 'NONE', #1601, #860, #1666 ) ;
#432 = DIRECTION ( 'NONE',  ( -1.000000000000000000, 0.000000000000000000, -0.000000000000000000 ) ) ;
#433 = CYLINDRICAL_SURFACE ( 'NONE', #1350, 5.750000000000000000 ) ;
#434 = ORIENTED_EDGE ( 'NONE', *, *, #36, .F. ) ;
#435 = CYLINDRICAL_SURFACE ( 'NONE', #1059, 12.81149999999999700 ) ;
#436 = CARTESIAN_POINT ( 'NONE',  ( 0.000000000000000000, -7.493331224602710172, 13.71096685716926444 ) ) ;
#437 = DIRECTION ( 'NONE',  ( 0.000000000000000000, -0.9422609221188236184, 0.3348796121709770590 ) ) ;
#438 = AXIS2_PLACEMENT_3D ( 'NONE', #1470, #2544, #2510 ) ;
#439 = ORIENTED_EDGE ( 'NONE', *, *, #1433, .T. ) ;
#440 = ORIENTED_EDGE ( 'NONE', *, *, #2514, .T. ) ;
#441 = LINE ( 'NONE', #1021, #1325 ) ;
#442 = FACE_OUTER_BOUND ( 'NONE', #3393, .T. ) ;
#443 = DIRECTION ( 'NONE',  ( 0.000000000000000000, 0.000000000000000000, 1.000000000000000000 ) ) ;
#444 = ORIENTED_EDGE ( 'NONE', *, *, #2451, .T. ) ;
#445 = EDGE_CURVE ( 'NONE', #3126, #1065, #2934, .T. ) ;
#446 = EDGE_CURVE ( 'NONE', #1886, #1151, #3375, .T. ) ;
#447 = CARTESIAN_POINT ( 'NONE',  ( 0.000000000000000000, 12.48587405515855586, 2.870101274993333007 ) ) ;
#448 = DIRECTION ( 'NONE',  ( 0.000000000000000000, 0.000000000000000000, 1.000000000000000000 ) ) ;
#449 = ORIENTED_EDGE ( 'NONE', *, *, #2322, .F. ) ;
#450 = CIRCLE ( 'NONE', #1797, 5.750000000000000000 ) ;
#451 = DIRECTION ( 'NONE',  ( -1.000000000000000000, -0.000000000000000000, 0.000000000000000000 ) ) ;
#452 = EDGE_CURVE ( 'NONE', #312, #3305, #1871, .T. ) ;
#453 =( LENGTH_UNIT ( ) NAMED_UNIT ( * ) SI_UNIT ( .MILLI., .METRE. ) );
#454 = DIRECTION ( 'NONE',  ( -1.000000000000000000, -0.000000000000000000, 0.000000000000000000 ) ) ;
#455 = CYLINDRICAL_SURFACE ( 'NONE', #954, 12.81149999999999700 ) ;
#456 = ORIENTED_EDGE ( 'NONE', *, *, #2067, .F. ) ;
#457 = ORIENTED_EDGE ( 'NONE', *, *, #793, .F. ) ;
#458 = DIRECTION ( 'NONE',  ( 0.000000000000000000, 0.000000000000000000, -1.000000000000000000 ) ) ;
#459 = DIRECTION ( 'NONE',  ( -1.000000000000000000, -0.000000000000000000, 0.000000000000000000 ) ) ;
#460 = ORIENTED_EDGE ( 'NONE', *, *, #1757, .T. ) ;
#461 = CARTESIAN_POINT ( 'NONE',  ( 0.000000000000000000, 12.79720803224640235, -0.6049783710250065116 ) ) ;
#462 = ORIENTED_EDGE ( 'NONE', *, *, #200, .T. ) ;
#463 = CIRCLE ( 'NONE', #915, 5.750000000000001776 ) ;
#464 = CARTESIAN_POINT ( 'NONE',  ( 0.000000000000000000, 5.350396643122720342, -11.64078124574382045 ) ) ;
#465 = LINE ( 'NONE', #3170, #1269 ) ;
#466 = EDGE_CURVE ( 'NONE', #733, #1749, #2014, .T. ) ;
#467 = AXIS2_PLACEMENT_3D ( 'NONE', #941, #3045, #637 ) ;
#468 = ORIENTED_EDGE ( 'NONE', *, *, #814, .T. ) ;
#469 = CARTESIAN_POINT ( 'NONE',  ( 5.000000000000000000, 0.7215507154582807559, 15.60833077446213046 ) ) ;
#470 = DIRECTION ( 'NONE',  ( 1.000000000000000000, 0.000000000000000000, 0.000000000000000000 ) ) ;
#471 = CARTESIAN_POINT ( 'NONE',  ( 5.000000000000000888, -15.13506446477571998, -3.882067573739956146 ) ) ;
#472 = CARTESIAN_POINT ( 'NONE',  ( 10.00000000000000000, -13.47029551076156295, -1.009654722010390193 ) ) ;
#473 = ADVANCED_FACE ( 'NONE', ( #1409 ), #1167, .T. ) ;
#474 = ORIENTED_EDGE ( 'NONE', *, *, #3327, .F. ) ;
#475 = ORIENTED_EDGE ( 'NONE', *, *, #3308, .T. ) ;
#476 = CARTESIAN_POINT ( 'NONE',  ( 10.00000000000000000, -8.456300558605986950, -10.53371941279247892 ) ) ;
#477 = VECTOR ( 'NONE', #2383, 1000.000000000000000 ) ;
#478 = CARTESIAN_POINT ( 'NONE',  ( 10.00000000000000000, -6.885648935156941874, 10.80381279881190615 ) ) ;
#479 = ORIENTED_EDGE ( 'NONE', *, *, #2580, .F. ) ;
#480 = CARTESIAN_POINT ( 'NONE',  ( 0.000000000000000000, -7.874147165256800918, 10.10605455506144423 ) ) ;
#481 = ORIENTED_EDGE ( 'NONE', *, *, #1047, .F. ) ;
#482 = CARTESIAN_POINT ( 'NONE',  ( 10.00000000000000000, 0.000000000000000000, 0.000000000000000000 ) ) ;
#483 = CARTESIAN_POINT ( 'NONE',  ( 10.00000000000000000, -7.093669515771447109, 11.49556943373993434 ) ) ;
#484 = AXIS2_PLACEMENT_3D ( 'NONE', #1319, #734, #3196 ) ;
#485 = VERTEX_POINT ( 'NONE', #1746 ) ;
#486 = AXIS2_PLACEMENT_3D ( 'NONE', #3152, #2633, #1254 ) ;
#487 = AXIS2_PLACEMENT_3D ( 'NONE', #1683, #2563, #2253 ) ;
#488 = FACE_OUTER_BOUND ( 'NONE', #45, .T. ) ;
#489 = DIRECTION ( 'NONE',  ( 0.000000000000000000, 0.1361666490962399889, 0.9906859460363316439 ) ) ;
#490 = ORIENTED_EDGE ( 'NONE', *, *, #2091, .F. ) ;
#491 = VERTEX_POINT ( 'NONE', #1152 ) ;
#492 = CARTESIAN_POINT ( 'NONE',  ( 10.00000000000000000, 0.000000000000000000, 0.000000000000000000 ) ) ;
#493 = EDGE_CURVE ( 'NONE', #3000, #3078, #912, .T. ) ;
#494 = EDGE_CURVE ( 'NONE', #1526, #588, #633, .T. ) ;
#495 = CARTESIAN_POINT ( 'NONE',  ( 0.000000000000000000, -10.40994441961315076, -11.65219645305402807 ) ) ;
#496 = AXIS2_PLACEMENT_3D ( 'NONE', #3366, #3301, #622 ) ;
#497 = ORIENTED_EDGE ( 'NONE', *, *, #2551, .F. ) ;
#498 = DIRECTION ( 'NONE',  ( 0.000000000000000000, 0.8169698930104392076, 0.5766803221148710801 ) ) ;
#499 = EDGE_LOOP ( 'NONE', ( #1973, #3048, #1632, #3035 ) ) ;
#500 = CARTESIAN_POINT ( 'NONE',  ( 10.00000000000000000, -5.300754509045244589, 12.42458310929414900 ) ) ;
#501 = CARTESIAN_POINT ( 'NONE',  ( 0.000000000000000000, 9.176914517988363329, -8.939729983592027196 ) ) ;
#502 = ORIENTED_EDGE ( 'NONE', *, *, #1196, .F. ) ;
#503 = DIRECTION ( 'NONE',  ( 0.000000000000000000, 0.000000000000000000, 1.000000000000000000 ) ) ;
#504 = FACE_OUTER_BOUND ( 'NONE', #1579, .T. ) ;
#505 = DIRECTION ( 'NONE',  ( -1.000000000000000000, 0.000000000000000000, 0.000000000000000000 ) ) ;
#506 = VERTEX_POINT ( 'NONE', #1447 ) ;
#507 = ORIENTED_EDGE ( 'NONE', *, *, #3024, .F. ) ;
#508 = DIRECTION ( 'NONE',  ( -1.000000000000000000, 0.000000000000000000, -0.000000000000000000 ) ) ;
#509 = CARTESIAN_POINT ( 'NONE',  ( 0.000000000000000000, 1.926546458205233625, -13.36999186795930328 ) ) ;
#510 = EDGE_CURVE ( 'NONE', #1764, #369, #2877, .T. ) ;
#511 = FACE_OUTER_BOUND ( 'NONE', #40, .T. ) ;
#512 = EDGE_CURVE ( 'NONE', #1645, #3042, #3325, .T. ) ;
#513 = VERTEX_POINT ( 'NONE', #3329 ) ;
#514 = DIRECTION ( 'NONE',  ( 0.000000000000000000, 0.2697967711570247729, -0.9629172873477991335 ) ) ;
#515 = VECTOR ( 'NONE', #87, 1000.000000000000000 ) ;
#516 = ORIENTED_EDGE ( 'NONE', *, *, #1962, .F. ) ;
#517 = LINE ( 'NONE', #2054, #350 ) ;
#518 = FACE_OUTER_BOUND ( 'NONE', #1567, .T. ) ;
#519 = DIRECTION ( 'NONE',  ( -1.000000000000000000, -0.000000000000000000, -0.000000000000000000 ) ) ;
#520 = AXIS2_PLACEMENT_3D ( 'NONE', #1343, #531, #23 ) ;
#521 = VERTEX_POINT ( 'NONE', #922 ) ;
#522 = ORIENTED_EDGE ( 'NONE', *, *, #2770, .T. ) ;
#523 = CIRCLE ( 'NONE', #2214, 12.81149999999999523 ) ;
#524 = FACE_OUTER_BOUND ( 'NONE', #1367, .T. ) ;
#525 = CARTESIAN_POINT ( 'NONE',  ( 10.00000000000000000, -12.69837882901397741, 4.606456221410401675 ) ) ;
#526 = VERTEX_POINT ( 'NONE', #2557 ) ;
#527 = DIRECTION ( 'NONE',  ( -1.000000000000000000, 0.000000000000000000, 0.000000000000000000 ) ) ;
#528 = AXIS2_PLACEMENT_3D ( 'NONE', #1159, #879, #1650 ) ;
#529 = ORIENTED_EDGE ( 'NONE', *, *, #2646, .T. ) ;
#530 =( NAMED_UNIT ( * ) SI_UNIT ( $, .STERADIAN. ) SOLID_ANGLE_UNIT ( ) );
#531 = DIRECTION ( 'NONE',  ( -1.000000000000000000, 0.000000000000000000, 0.000000000000000000 ) ) ;
#532 = EDGE_CURVE ( 'NONE', #759, #664, #905, .T. ) ;
#533 = EDGE_CURVE ( 'NONE', #2039, #3356, #405, .T. ) ;
#534 = ORIENTED_EDGE ( 'NONE', *, *, #1979, .T. ) ;
#535 = DIRECTION ( 'NONE',  ( -1.000000000000000000, -0.000000000000000000, -0.000000000000000000 ) ) ;
#536 = DIRECTION ( 'NONE',  ( -1.000000000000000000, -0.000000000000000000, -0.000000000000000000 ) ) ;
#537 = AXIS2_PLACEMENT_3D ( 'NONE', #1527, #2381, #217 ) ;
#538 = LINE ( 'NONE', #854, #337 ) ;
#539 = VECTOR ( 'NONE', #2873, 1000.000000000000000 ) ;
#540 = VECTOR ( 'NONE', #1531, 1000.000000000000000 ) ;
#541 = VERTEX_POINT ( 'NONE', #2753 ) ;
#542 = ORIENTED_EDGE ( 'NONE', *, *, #36, .T. ) ;
#543 = DIRECTION ( 'NONE',  ( 0.000000000000000000, -0.8878852184023702243, -0.4600650377311618078 ) ) ;
#544 = ORIENTED_EDGE ( 'NONE', *, *, #1074, .F. ) ;
#545 = FACE_OUTER_BOUND ( 'NONE', #3300, .T. ) ;
#546 = AXIS2_PLACEMENT_3D ( 'NONE', #2329, #989, #2068 ) ;
#547 = DIRECTION ( 'NONE',  ( 0.000000000000000000, 0.000000000000000000, -1.000000000000000000 ) ) ;
#548 = DIRECTION ( 'NONE',  ( -1.000000000000000000, 0.000000000000000000, 0.000000000000000000 ) ) ;
#549 = VERTEX_POINT ( 'NONE', #2247 ) ;
#550 = CARTESIAN_POINT ( 'NONE',  ( 5.000000000000000888, -3.516283588487547185, -15.22420358262898077 ) ) ;
#551 = EDGE_CURVE ( 'NONE', #1992, #485, #153, .T. ) ;
#552 = EDGE_CURVE ( 'NONE', #1383, #1271, #2712, .T. ) ;
#553 = CARTESIAN_POINT ( 'NONE',  ( 10.00000000000000000, 0.000000000000000000, 0.000000000000000000 ) ) ;
#554 = FACE_OUTER_BOUND ( 'NONE', #1014, .T. ) ;
#555 = VERTEX_POINT ( 'NONE', #1216 ) ;
#556 = VERTEX_POINT ( 'NONE', #2029 ) ;
#557 = ADVANCED_FACE ( 'NONE', ( #618 ), #2504, .T. ) ;
#558 = CARTESIAN_POINT ( 'NONE',  ( 10.00000000000000000, -13.16764042189668871, 8.411532007882534856 ) ) ;
#559 = ORIENTED_EDGE ( 'NONE', *, *, #2593, .F. ) ;
#560 = VECTOR ( 'NONE', #3362, 1000.000000000000000 ) ;
#561 = CYLINDRICAL_SURFACE ( 'NONE', #244, 12.81149999999999700 ) ;
#562 = PRODUCT_DEFINITION ( 'UNKNOWN', '', #1668, #1906 ) ;
#563 = CARTESIAN_POINT ( 'NONE',  ( 10.00000000000000000, 1.926546458205049772, 13.36999186795932992 ) ) ;
#564 = AXIS2_PLACEMENT_3D ( 'NONE', #3131, #1061, #1816 ) ;
#565 = ORIENTED_EDGE ( 'NONE', *, *, #2430, .F. ) ;
#566 = CYLINDRICAL_SURFACE ( 'NONE', #1135, 15.62500000000000000 ) ;
#567 = CARTESIAN_POINT ( 'NONE',  ( 10.00000000000000000, 6.943196843910165228, 11.58707389255962639 ) ) ;
#568 = CARTESIAN_POINT ( 'NONE',  ( 10.00000000000000000, -1.476880387257710536, 12.72608960253437083 ) ) ;
#569 = ADVANCED_FACE ( 'NONE', ( #357 ), #1678, .T. ) ;
#570 = VECTOR ( 'NONE', #1084, 1000.000000000000000 ) ;
#571 = EDGE_LOOP ( 'NONE', ( #287, #3365, #3119, #1501 ) ) ;
#572 = VERTEX_POINT ( 'NONE', #2538 ) ;
#573 = DIRECTION ( 'NONE',  ( -1.000000000000000000, 0.000000000000000000, 0.000000000000000000 ) ) ;
#574 = CIRCLE ( 'NONE', #2542, 15.62500000000000000 ) ;
#575 = DIRECTION ( 'NONE',  ( 0.000000000000000000, 0.000000000000000000, 1.000000000000000000 ) ) ;
#576 = EDGE_CURVE ( 'NONE', #2780, #2039, #574, .T. ) ;
#577 = EDGE_CURVE ( 'NONE', #2117, #737, #2766, .T. ) ;
#578 = ORIENTED_EDGE ( 'NONE', *, *, #493, .F. ) ;
#579 = AXIS2_PLACEMENT_3D ( 'NONE', #1926, #1101, #813 ) ;
#580 = DIRECTION ( 'NONE',  ( -1.000000000000000000, 0.000000000000000000, 0.000000000000000000 ) ) ;
#581 = AXIS2_PLACEMENT_3D ( 'NONE', #2765, #1165, #3390 ) ;
#582 = CYLINDRICAL_SURFACE ( 'NONE', #688, 5.750000000000001776 ) ;
#583 = CIRCLE ( 'NONE', #528, 12.81149999999999878 ) ;
#584 = VERTEX_POINT ( 'NONE', #3192 ) ;
#585 = DIRECTION ( 'NONE',  ( -1.000000000000000000, 0.000000000000000000, 0.000000000000000000 ) ) ;
#586 = CARTESIAN_POINT ( 'NONE',  ( 10.00000000000000000, 0.000000000000000000, 0.000000000000000000 ) ) ;
#587 = DIRECTION ( 'NONE',  ( 0.000000000000000000, -0.6310879443260593025, 0.7757112907044144690 ) ) ;
#588 = VERTEX_POINT ( 'NONE', #1314 ) ;
#589 = VERTEX_POINT ( 'NONE', #1541 ) ;
#590 = DIRECTION ( 'NONE',  ( -1.000000000000000000, 0.000000000000000000, 0.000000000000000000 ) ) ;
#591 = DIRECTION ( 'NONE',  ( 0.000000000000000000, 0.8878852184023764416, -0.4600650377311497619 ) ) ;
#592 = ORIENTED_EDGE ( 'NONE', *, *, #1264, .T. ) ;
#593 = CIRCLE ( 'NONE', #3008, 5.750000000000000888 ) ;
#594 = ORIENTED_EDGE ( 'NONE', *, *, #884, .F. ) ;
#595 = EDGE_CURVE ( 'NONE', #2335, #1476, #2115, .T. ) ;
#596 = AXIS2_PLACEMENT_3D ( 'NONE', #1821, #2857, #743 ) ;
#597 = FACE_OUTER_BOUND ( 'NONE', #2822, .T. ) ;
#598 = EDGE_CURVE ( 'NONE', #103, #1705, #1815, .T. ) ;
#599 = VECTOR ( 'NONE', #2828, 1000.000000000000000 ) ;
#600 = DIRECTION ( 'NONE',  ( -1.000000000000000000, 0.000000000000000000, 0.000000000000000000 ) ) ;
#601 = AXIS2_PLACEMENT_3D ( 'NONE', #1558, #190, #228 ) ;
#602 = ORIENTED_EDGE ( 'NONE', *, *, #1196, .T. ) ;
#603 = DIRECTION ( 'NONE',  ( -1.000000000000000000, 0.000000000000000000, 0.000000000000000000 ) ) ;
#604 = DIRECTION ( 'NONE',  ( -1.000000000000000000, 0.000000000000000000, -0.000000000000000000 ) ) ;
#605 = LINE ( 'NONE', #2773, #2867 ) ;
#606 = ORIENTED_EDGE ( 'NONE', *, *, #2350, .T. ) ;
#607 = LINE ( 'NONE', #1682, #3409 ) ;
#608 = CARTESIAN_POINT ( 'NONE',  ( 10.00000000000000000, 13.20735115122741909, -2.834455745481441635 ) ) ;
#609 = FACE_OUTER_BOUND ( 'NONE', #2516, .T. ) ;
#610 = EDGE_LOOP ( 'NONE', ( #2093, #732, #3265, #3449 ) ) ;
#611 = ORIENTED_EDGE ( 'NONE', *, *, #322, .T. ) ;
#612 = CYLINDRICAL_SURFACE ( 'NONE', #1855, 5.750000000000000000 ) ;
#613 = ADVANCED_FACE ( 'NONE', ( #2653 ), #1559, .F. ) ;
#614 = VECTOR ( 'NONE', #690, 1000.000000000000000 ) ;
#615 = LINE ( 'NONE', #1407, #978 ) ;
#616 = EDGE_CURVE ( 'NONE', #3042, #1603, #2616, .T. ) ;
#617 = ORIENTED_EDGE ( 'NONE', *, *, #1895, .T. ) ;
#618 = FACE_OUTER_BOUND ( 'NONE', #2964, .T. ) ;
#619 = DIRECTION ( 'NONE',  ( -1.000000000000000000, 0.000000000000000000, 0.000000000000000000 ) ) ;
#620 = DIRECTION ( 'NONE',  ( 1.000000000000000000, -0.000000000000000000, -0.000000000000000000 ) ) ;
#621 = EDGE_LOOP ( 'NONE', ( #189, #1163, #1110, #2408 ) ) ;
#622 = DIRECTION ( 'NONE',  ( 0.000000000000000000, -0.6310879443260593025, 0.7757112907044144690 ) ) ;
#623 = CARTESIAN_POINT ( 'NONE',  ( 0.000000000000000000, 3.559569147089328922, 13.03064585091662941 ) ) ;
#624 = CARTESIAN_POINT ( 'NONE',  ( 10.00000000000000000, 4.905870903713662301, 14.83485947611556277 ) ) ;
#625 = VECTOR ( 'NONE', #1394, 1000.000000000000000 ) ;
#626 = ORIENTED_EDGE ( 'NONE', *, *, #3171, .F. ) ;
#627 = ORIENTED_EDGE ( 'NONE', *, *, #2259, .T. ) ;
#628 = AXIS2_PLACEMENT_3D ( 'NONE', #2131, #1000, #782 ) ;
#629 = DIRECTION ( 'NONE',  ( 0.000000000000000000, 0.000000000000000000, 1.000000000000000000 ) ) ;
#630 = AXIS2_PLACEMENT_3D ( 'NONE', #1715, #120, #412 ) ;
#631 = DIRECTION ( 'NONE',  ( 1.000000000000000000, 0.000000000000000000, 0.000000000000000000 ) ) ;
#632 = ORIENTED_EDGE ( 'NONE', *, *, #280, .T. ) ;
#633 = LINE ( 'NONE', #2229, #2101 ) ;
#634 = ADVANCED_FACE ( 'NONE', ( #1508 ), #212, .T. ) ;
#635 = EDGE_CURVE ( 'NONE', #1065, #2954, #1641, .T. ) ;
#636 = AXIS2_PLACEMENT_3D ( 'NONE', #1386, #2202, #591 ) ;
#637 = DIRECTION ( 'NONE',  ( 0.000000000000000000, 0.000000000000000000, 1.000000000000000000 ) ) ;
#638 = DIRECTION ( 'NONE',  ( -1.000000000000000000, -0.000000000000000000, 0.000000000000000000 ) ) ;
#639 = AXIS2_PLACEMENT_3D ( 'NONE', #1225, #1438, #2320 ) ;
#640 = ORIENTED_EDGE ( 'NONE', *, *, #2156, .F. ) ;
#641 = DIRECTION ( 'NONE',  ( 0.000000000000000000, 0.000000000000000000, 1.000000000000000000 ) ) ;
#642 = FACE_OUTER_BOUND ( 'NONE', #3020, .T. ) ;
#643 = CARTESIAN_POINT ( 'NONE',  ( 5.000000000000000000, 5.556561520398767051, -14.60360397538990362 ) ) ;
#644 = ORIENTED_EDGE ( 'NONE', *, *, #2580, .T. ) ;
#645 = ORIENTED_EDGE ( 'NONE', *, *, #2431, .F. ) ;
#646 = CYLINDRICAL_SURFACE ( 'NONE', #2819, 15.62500000000000000 ) ;
#647 = AXIS2_PLACEMENT_3D ( 'NONE', #986, #2362, #1263 ) ;
#648 = CIRCLE ( 'NONE', #2623, 5.750000000000000000 ) ;
#649 = DIRECTION ( 'NONE',  ( -1.000000000000000000, 0.000000000000000000, 0.000000000000000000 ) ) ;
#650 = CIRCLE ( 'NONE', #2626, 15.62500000000000000 ) ;
#651 = VERTEX_POINT ( 'NONE', #3438 ) ;
#652 = CARTESIAN_POINT ( 'NONE',  ( 10.00000000000000000, 0.000000000000000000, 0.000000000000000000 ) ) ;
#653 = DIRECTION ( 'NONE',  ( 0.000000000000000000, 0.8878852184023764416, -0.4600650377311497619 ) ) ;
#654 = CIRCLE ( 'NONE', #496, 5.750000000000000888 ) ;
#655 = LINE ( 'NONE', #139, #2813 ) ;
#656 = CIRCLE ( 'NONE', #2631, 12.81149999999999523 ) ;
#657 = EDGE_CURVE ( 'NONE', #1853, #237, #2396, .T. ) ;
#658 = ORIENTED_EDGE ( 'NONE', *, *, #2153, .T. ) ;
#659 = CARTESIAN_POINT ( 'NONE',  ( 10.00000000000000000, 12.79720803224640235, 0.6049783710250077329 ) ) ;
#660 = CARTESIAN_POINT ( 'NONE',  ( -10.00000000000000000, 0.000000000000000000, 0.000000000000000000 ) ) ;
#661 = FACE_OUTER_BOUND ( 'NONE', #303, .T. ) ;
#662 = EDGE_CURVE ( 'NONE', #697, #572, #2157, .T. ) ;
#663 = VERTEX_POINT ( 'NONE', #3383 ) ;
#664 = VERTEX_POINT ( 'NONE', #2077 ) ;
#665 = FACE_OUTER_BOUND ( 'NONE', #2423, .T. ) ;
#666 = LINE ( 'NONE', #936, #1552 ) ;
#667 = CIRCLE ( 'NONE', #783, 5.750000000000000888 ) ;
#668 = ORIENTED_EDGE ( 'NONE', *, *, #3346, .T. ) ;
#669 = CARTESIAN_POINT ( 'NONE',  ( 10.00000000000000000, 8.592911864346799433, -10.42257787193212160 ) ) ;
#670 = DIRECTION ( 'NONE',  ( 0.000000000000000000, 0.000000000000000000, 1.000000000000000000 ) ) ;
#671 = DIRECTION ( 'NONE',  ( 1.000000000000000000, 0.000000000000000000, 0.000000000000000000 ) ) ;
#672 = VERTEX_POINT ( 'NONE', #2598 ) ;
#673 = CARTESIAN_POINT ( 'NONE',  ( 10.00000000000000000, 3.195993620908689881, -12.40645626378100630 ) ) ;
#674 = DIRECTION ( 'NONE',  ( 0.000000000000000000, 0.000000000000000000, 1.000000000000000000 ) ) ;
#675 = ADVANCED_FACE ( 'NONE', ( #980 ), #2056, .T. ) ;
#676 = CARTESIAN_POINT ( 'NONE',  ( 0.000000000000000000, -5.300754509045071394, -12.42458310929422360 ) ) ;
#677 = VERTEX_POINT ( 'NONE', #3174 ) ;
#678 = ORIENTED_EDGE ( 'NONE', *, *, #1829, .F. ) ;
#679 = CARTESIAN_POINT ( 'NONE',  ( 10.00000000000000000, 5.350396643122720342, -11.64078124574382045 ) ) ;
#680 = EDGE_CURVE ( 'NONE', #1209, #3125, #3140, .T. ) ;
#681 = VECTOR ( 'NONE', #1133, 1000.000000000000000 ) ;
#682 = EDGE_CURVE ( 'NONE', #169, #955, #2879, .T. ) ;
#683 = CARTESIAN_POINT ( 'NONE',  ( 10.00000000000000000, 0.000000000000000000, 0.000000000000000000 ) ) ;
#684 = VECTOR ( 'NONE', #1807, 1000.000000000000000 ) ;
#685 = DIRECTION ( 'NONE',  ( -1.000000000000000000, 0.000000000000000000, 0.000000000000000000 ) ) ;
#686 = VECTOR ( 'NONE', #924, 1000.000000000000000 ) ;
#687 = VERTEX_POINT ( 'NONE', #1278 ) ;
#688 = AXIS2_PLACEMENT_3D ( 'NONE', #563, #548, #1116 ) ;
#689 = CARTESIAN_POINT ( 'NONE',  ( 0.000000000000000000, 0.000000000000000000, 0.000000000000000000 ) ) ;
#690 = DIRECTION ( 'NONE',  ( 1.000000000000000000, 0.000000000000000000, -0.000000000000000000 ) ) ;
#691 = VERTEX_POINT ( 'NONE', #749 ) ;
#692 = DIRECTION ( 'NONE',  ( 0.000000000000000000, -0.9790840876823204697, -0.2034560130526447685 ) ) ;
#693 = DIRECTION ( 'NONE',  ( -1.000000000000000000, 0.000000000000000000, 0.000000000000000000 ) ) ;
#694 = DIRECTION ( 'NONE',  ( 0.000000000000000000, 0.000000000000000000, -1.000000000000000000 ) ) ;
#695 = CIRCLE ( 'NONE', #2890, 5.750000000000000000 ) ;
#696 = ORIENTED_EDGE ( 'NONE', *, *, #1548, .F. ) ;
#697 = VERTEX_POINT ( 'NONE', #436 ) ;
#698 = CARTESIAN_POINT ( 'NONE',  ( 5.000000000000000888, 0.7215507154584993588, -15.60833077446212336 ) ) ;
#699 = CARTESIAN_POINT ( 'NONE',  ( 10.00000000000000000, -15.13506446477577327, 3.882067573739746091 ) ) ;
#700 = EDGE_CURVE ( 'NONE', #555, #3235, #301, .T. ) ;
#701 = ADVANCED_FACE ( 'NONE', ( #488 ), #1295, .T. ) ;
#702 = DIRECTION ( 'NONE',  ( 0.000000000000000000, 0.000000000000000000, 1.000000000000000000 ) ) ;
#703 = AXIS2_PLACEMENT_3D ( 'NONE', #953, #1778, #168 ) ;
#704 = ADVANCED_FACE ( 'NONE', ( #504 ), #2146, .T. ) ;
#705 = ORIENTED_EDGE ( 'NONE', *, *, #900, .F. ) ;
#706 = AXIS2_PLACEMENT_3D ( 'NONE', #910, #1988, #3018 ) ;
#707 = DIRECTION ( 'NONE',  ( 0.000000000000000000, 0.6310879443260484223, 0.7757112907044232397 ) ) ;
#708 = DIRECTION ( 'NONE',  ( -1.000000000000000000, 0.000000000000000000, 0.000000000000000000 ) ) ;
#709 = ORIENTED_EDGE ( 'NONE', *, *, #1009, .F. ) ;
#710 = CARTESIAN_POINT ( 'NONE',  ( 0.000000000000000000, 13.48231375170810864, 0.8339542585917986139 ) ) ;
#711 = DIRECTION ( 'NONE',  ( 0.000000000000000000, 0.000000000000000000, 1.000000000000000000 ) ) ;
#712 = DIRECTION ( 'NONE',  ( 1.000000000000000000, 0.000000000000000000, -0.000000000000000000 ) ) ;
#713 = DIRECTION ( 'NONE',  ( -1.000000000000000000, 0.000000000000000000, -0.000000000000000000 ) ) ;
#714 = ORIENTED_EDGE ( 'NONE', *, *, #3266, .T. ) ;
#715 = ORIENTED_EDGE ( 'NONE', *, *, #34, .T. ) ;
#716 = CARTESIAN_POINT ( 'NONE',  ( -10.00000000000000000, 0.000000000000000000, 0.000000000000000000 ) ) ;
#717 = CARTESIAN_POINT ( 'NONE',  ( 10.00000000000000000, 3.559569147089328922, 13.03064585091662941 ) ) ;
#718 = ORIENTED_EDGE ( 'NONE', *, *, #1762, .F. ) ;
#719 = DIRECTION ( 'NONE',  ( 0.000000000000000000, 0.000000000000000000, -1.000000000000000000 ) ) ;
#720 = ADVANCED_FACE ( 'NONE', ( #3248 ), #1136, .T. ) ;
#721 = ORIENTED_EDGE ( 'NONE', *, *, #2691, .F. ) ;
#722 = VECTOR ( 'NONE', #3353, 1000.000000000000000 ) ;
#723 = DIRECTION ( 'NONE',  ( 0.000000000000000000, 0.7308359642781253607, -0.6825531432186525693 ) ) ;
#724 = ADVANCED_FACE ( 'NONE', ( #518 ), #2441, .T. ) ;
#725 = LINE ( 'NONE', #3395, #1662 ) ;
#726 = ORIENTED_EDGE ( 'NONE', *, *, #2494, .F. ) ;
#727 = CIRCLE ( 'NONE', #1972, 15.62500000000000000 ) ;
#728 = CARTESIAN_POINT ( 'NONE',  ( 10.00000000000000000, 0.000000000000000000, 0.000000000000000000 ) ) ;
#729 = DIRECTION ( 'NONE',  ( 0.000000000000000000, 0.000000000000000000, 1.000000000000000000 ) ) ;
#730 = DIRECTION ( 'NONE',  ( 0.000000000000000000, 0.3984010898462361228, 0.9172113015054553786 ) ) ;
#731 = DIRECTION ( 'NONE',  ( -1.000000000000000000, 0.000000000000000000, 0.000000000000000000 ) ) ;
#732 = ORIENTED_EDGE ( 'NONE', *, *, #493, .T. ) ;
#733 = VERTEX_POINT ( 'NONE', #2702 ) ;
#734 = DIRECTION ( 'NONE',  ( -1.000000000000000000, -0.000000000000000000, -0.000000000000000000 ) ) ;
#735 = CARTESIAN_POINT ( 'NONE',  ( 10.00000000000000000, -7.093669515771286349, -11.49556943374003204 ) ) ;
#736 = CIRCLE ( 'NONE', #1925, 12.81149999999999523 ) ;
#737 = VERTEX_POINT ( 'NONE', #1086 ) ;
#738 = DIRECTION ( 'NONE',  ( -1.000000000000000000, 0.000000000000000000, 0.000000000000000000 ) ) ;
#739 = AXIS2_PLACEMENT_3D ( 'NONE', #3098, #1713, #118 ) ;
#740 = EDGE_LOOP ( 'NONE', ( #2678, #2741, #1904, #3142 ) ) ;
#741 = AXIS2_PLACEMENT_3D ( 'NONE', #3157, #2338, #3419 ) ;
#742 = CARTESIAN_POINT ( 'NONE',  ( -10.00000000000000000, 0.000000000000000000, 0.000000000000000000 ) ) ;
#743 = DIRECTION ( 'NONE',  ( 0.000000000000000000, 0.8878852184023763305, -0.4600650377311500394 ) ) ;
#744 = AXIS2_PLACEMENT_3D ( 'NONE', #2000, #105, #2805 ) ;
#745 = ORIENTED_EDGE ( 'NONE', *, *, #1459, .T. ) ;
#746 = LINE ( 'NONE', #469, #886 ) ;
#747 = EDGE_CURVE ( 'NONE', #1838, #1056, #3099, .T. ) ;
#748 = EDGE_CURVE ( 'NONE', #1151, #1056, #278, .T. ) ;
#749 = CARTESIAN_POINT ( 'NONE',  ( 10.00000000000000000, 5.556561520398767939, -14.60360397538990007 ) ) ;
#750 = FACE_OUTER_BOUND ( 'NONE', #2729, .T. ) ;
#751 = AXIS2_PLACEMENT_3D ( 'NONE', #2208, #1676, #2588 ) ;
#752 = ORIENTED_EDGE ( 'NONE', *, *, #2277, .F. ) ;
#753 = ORIENTED_EDGE ( 'NONE', *, *, #1593, .T. ) ;
#754 = CARTESIAN_POINT ( 'NONE',  ( 0.000000000000000000, 9.811879393830352569, -9.284141670927276380 ) ) ;
#755 = AXIS2_PLACEMENT_3D ( 'NONE', #525, #1076, #1602 ) ;
#756 = CARTESIAN_POINT ( 'NONE',  ( 0.000000000000000000, 0.000000000000000000, 0.000000000000000000 ) ) ;
#757 = ORIENTED_EDGE ( 'NONE', *, *, #2044, .F. ) ;
#758 = DIRECTION ( 'NONE',  ( 0.000000000000000000, 0.9790840876823234673, -0.2034560130526309185 ) ) ;
#759 = VERTEX_POINT ( 'NONE', #1613 ) ;
#760 = FACE_OUTER_BOUND ( 'NONE', #387, .T. ) ;
#761 = CARTESIAN_POINT ( 'NONE',  ( 10.00000000000000000, 13.48231375170810864, 0.8339542585917986139 ) ) ;
#762 = CIRCLE ( 'NONE', #101, 5.750000000000000000 ) ;
#763 = ORIENTED_EDGE ( 'NONE', *, *, #2297, .F. ) ;
#764 = DIRECTION ( 'NONE',  ( 0.000000000000000000, 0.000000000000000000, 1.000000000000000000 ) ) ;
#765 = AXIS2_PLACEMENT_3D ( 'NONE', #274, #2860, #2304 ) ;
#766 = DIRECTION ( 'NONE',  ( 0.000000000000000000, 0.000000000000000000, 1.000000000000000000 ) ) ;
#767 = CYLINDRICAL_SURFACE ( 'NONE', #897, 5.750000000000000000 ) ;
#768 = EDGE_CURVE ( 'NONE', #3430, #3126, #3281, .T. ) ;
#769 = EDGE_LOOP ( 'NONE', ( #2370, #2912, #2209, #1360 ) ) ;
#770 = AXIS2_PLACEMENT_3D ( 'NONE', #3401, #1100, #2733 ) ;
#771 = ORIENTED_EDGE ( 'NONE', *, *, #317, .T. ) ;
#772 = CARTESIAN_POINT ( 'NONE',  ( 0.000000000000000000, 12.15943163291384543, -4.035189538856144509 ) ) ;
#773 = CYLINDRICAL_SURFACE ( 'NONE', #1825, 5.750000000000000000 ) ;
#774 = AXIS2_PLACEMENT_3D ( 'NONE', #2844, #1507, #1576 ) ;
#775 = EDGE_CURVE ( 'NONE', #390, #3000, #2163, .T. ) ;
#776 = EDGE_LOOP ( 'NONE', ( #481, #1936, #2203, #2724 ) ) ;
#777 = CARTESIAN_POINT ( 'NONE',  ( 10.00000000000000000, -9.545144203574857045, -8.545452263219381450 ) ) ;
#778 = VERTEX_POINT ( 'NONE', #2457 ) ;
#779 = DIRECTION ( 'NONE',  ( 1.000000000000000000, -0.000000000000000000, -0.000000000000000000 ) ) ;
#780 = ORIENTED_EDGE ( 'NONE', *, *, #2644, .F. ) ;
#781 = DIRECTION ( 'NONE',  ( 0.000000000000000000, 0.000000000000000000, 1.000000000000000000 ) ) ;
#782 = DIRECTION ( 'NONE',  ( 0.000000000000000000, 0.000000000000000000, 1.000000000000000000 ) ) ;
#783 = AXIS2_PLACEMENT_3D ( 'NONE', #3210, #839, #2756 ) ;
#784 = CARTESIAN_POINT ( 'NONE',  ( 10.00000000000000000, 9.811879393830352569, -9.284141670927276380 ) ) ;
#785 = CIRCLE ( 'NONE', #2421, 12.81149999999999878 ) ;
#786 = ORIENTED_EDGE ( 'NONE', *, *, #2574, .T. ) ;
#787 = ORIENTED_EDGE ( 'NONE', *, *, #2195, .T. ) ;
#788 = SURFACE_STYLE_USAGE ( .BOTH. , #2201 ) ;
#789 = DIRECTION ( 'NONE',  ( 0.000000000000000000, 0.2697967711570248284, -0.9629172873477992445 ) ) ;
#790 = VERTEX_POINT ( 'NONE', #1347 ) ;
#791 = EDGE_CURVE ( 'NONE', #3137, #3074, #1915, .T. ) ;
#792 = LINE ( 'NONE', #777, #540 ) ;
#793 = EDGE_CURVE ( 'NONE', #2306, #3370, #58, .T. ) ;
#794 = ORIENTED_EDGE ( 'NONE', *, *, #1465, .T. ) ;
#795 = DIRECTION ( 'NONE',  ( -1.000000000000000000, -0.000000000000000000, 0.000000000000000000 ) ) ;
#796 = CARTESIAN_POINT ( 'NONE',  ( 10.00000000000000000, -14.94875277203466268, 4.547022713884988576 ) ) ;
#797 = VECTOR ( 'NONE', #871, 1000.000000000000000 ) ;
#798 = ORIENTED_EDGE ( 'NONE', *, *, #1374, .F. ) ;
#799 = CARTESIAN_POINT ( 'NONE',  ( -10.00000000000000000, 0.000000000000000000, 0.000000000000000000 ) ) ;
#800 = CARTESIAN_POINT ( 'NONE',  ( 5.000000000000000888, 14.19036643571218370, -6.540193072089928172 ) ) ;
#801 = DIRECTION ( 'NONE',  ( -1.000000000000000000, 0.000000000000000000, 0.000000000000000000 ) ) ;
#802 = AXIS2_PLACEMENT_3D ( 'NONE', #1029, #432, #3169 ) ;
#803 = ORIENTED_EDGE ( 'NONE', *, *, #964, .F. ) ;
#804 = DIRECTION ( 'NONE',  ( 0.000000000000000000, 0.000000000000000000, -1.000000000000000000 ) ) ;
#805 = DIRECTION ( 'NONE',  ( -1.000000000000000000, 0.000000000000000000, -0.000000000000000000 ) ) ;
#806 = DIRECTION ( 'NONE',  ( 0.000000000000000000, 0.3984010898462360117, 0.9172113015054552676 ) ) ;
#807 = CIRCLE ( 'NONE', #2391, 15.62500000000000000 ) ;
#808 = ORIENTED_EDGE ( 'NONE', *, *, #2302, .F. ) ;
#809 = CARTESIAN_POINT ( 'NONE',  ( 0.000000000000000000, -15.62118451506433026, 0.3452815464433838244 ) ) ;
#810 = ADVANCED_FACE ( 'NONE', ( #2410 ), #327, .T. ) ;
#811 = ADVANCED_FACE ( 'NONE', ( #2425 ), #1067, .T. ) ;
#812 = DIRECTION ( 'NONE',  ( -1.000000000000000000, 0.000000000000000000, 0.000000000000000000 ) ) ;
#813 = DIRECTION ( 'NONE',  ( 0.000000000000000000, 0.5195839500354345608, -0.8544194045464879039 ) ) ;
#814 = EDGE_CURVE ( 'NONE', #47, #5, #2967, .T. ) ;
#815 = ORIENTED_EDGE ( 'NONE', *, *, #2468, .T. ) ;
#816 = CYLINDRICAL_SURFACE ( 'NONE', #2035, 5.749999999999998224 ) ;
#817 = DIRECTION ( 'NONE',  ( 1.000000000000000000, -0.000000000000000000, -0.000000000000000000 ) ) ;
#818 = AXIS2_PLACEMENT_3D ( 'NONE', #716, #3424, #2136 ) ;
#819 = DIRECTION ( 'NONE',  ( -1.000000000000000000, 0.000000000000000000, -0.000000000000000000 ) ) ;
#820 = CIRCLE ( 'NONE', #991, 5.749999999999999112 ) ;
#821 = AXIS2_PLACEMENT_3D ( 'NONE', #202, #6, #719 ) ;
#822 = EDGE_LOOP ( 'NONE', ( #2950, #298, #840, #2638 ) ) ;
#823 = ORIENTED_EDGE ( 'NONE', *, *, #2368, .T. ) ;
#824 = AXIS2_PLACEMENT_3D ( 'NONE', #290, #693, #1080 ) ;
#825 = DIRECTION ( 'NONE',  ( 0.000000000000000000, 0.000000000000000000, 1.000000000000000000 ) ) ;
#826 = CARTESIAN_POINT ( 'NONE',  ( 0.000000000000000000, 0.000000000000000000, 0.000000000000000000 ) ) ;
#827 =( GEOMETRIC_REPRESENTATION_CONTEXT ( 3 ) GLOBAL_UNCERTAINTY_ASSIGNED_CONTEXT ( ( #284 ) ) GLOBAL_UNIT_ASSIGNED_CONTEXT ( ( #453, #2581, #530 ) ) REPRESENTATION_CONTEXT ( 'NONE', 'WORKASPACE' ) );
#828 = ORIENTED_EDGE ( 'NONE', *, *, #616, .F. ) ;
#829 = DIRECTION ( 'NONE',  ( -1.000000000000000000, 0.000000000000000000, 0.000000000000000000 ) ) ;
#830 = VECTOR ( 'NONE', #2284, 1000.000000000000000 ) ;
#831 = AXIS2_PLACEMENT_3D ( 'NONE', #2941, #3186, #2105 ) ;
#832 = EDGE_CURVE ( 'NONE', #1594, #2135, #73, .T. ) ;
#833 = FACE_OUTER_BOUND ( 'NONE', #571, .T. ) ;
#834 = EDGE_LOOP ( 'NONE', ( #859, #1734, #2272, #2188 ) ) ;
#835 = DIRECTION ( 'NONE',  ( 0.000000000000000000, 0.000000000000000000, 1.000000000000000000 ) ) ;
#836 = EDGE_CURVE ( 'NONE', #589, #1356, #2436, .T. ) ;
#837 = EDGE_CURVE ( 'NONE', #2018, #2398, #463, .T. ) ;
#838 = DIRECTION ( 'NONE',  ( 0.000000000000000000, 0.000000000000000000, 1.000000000000000000 ) ) ;
#839 = DIRECTION ( 'NONE',  ( -1.000000000000000000, 0.000000000000000000, -0.000000000000000000 ) ) ;
#840 = ORIENTED_EDGE ( 'NONE', *, *, #2467, .T. ) ;
#841 = EDGE_LOOP ( 'NONE', ( #1366, #2839, #976, #1144 ) ) ;
#842 = LINE ( 'NONE', #2742, #1105 ) ;
#843 = AXIS2_PLACEMENT_3D ( 'NONE', #472, #2132, #1259 ) ;
#844 = CARTESIAN_POINT ( 'NONE',  ( 10.00000000000000000, -4.855571540454119983, 11.85571411875016423 ) ) ;
#845 = VERTEX_POINT ( 'NONE', #1931 ) ;
#846 = AXIS2_PLACEMENT_3D ( 'NONE', #1414, #279, #2426 ) ;
#847 = FACE_OUTER_BOUND ( 'NONE', #1545, .T. ) ;
#848 = PRODUCT_CONTEXT ( 'NONE', #866, 'mechanical' ) ;
#849 = DIRECTION ( 'NONE',  ( -1.000000000000000000, -0.000000000000000000, -0.000000000000000000 ) ) ;
#850 = ORIENTED_EDGE ( 'NONE', *, *, #221, .F. ) ;
#851 = CARTESIAN_POINT ( 'NONE',  ( 10.00000000000000000, -13.47029551076156295, 4.740345277989609585 ) ) ;
#852 = DIRECTION ( 'NONE',  ( -1.000000000000000000, 0.000000000000000000, -0.000000000000000000 ) ) ;
#853 = CIRCLE ( 'NONE', #2207, 12.81149999999999878 ) ;
#854 = CARTESIAN_POINT ( 'NONE',  ( 5.000000000000000000, -7.493331224602709284, 13.71096685716926622 ) ) ;
#855 = ADVANCED_FACE ( 'NONE', ( #2952 ), #2996, .T. ) ;
#856 = AXIS2_PLACEMENT_3D ( 'NONE', #567, #2197, #26 ) ;
#857 = ADVANCED_FACE ( 'NONE', ( #1695 ), #3064, .T. ) ;
#858 = ORIENTED_EDGE ( 'NONE', *, *, #365, .F. ) ;
#859 = ORIENTED_EDGE ( 'NONE', *, *, #616, .T. ) ;
#860 = DIRECTION ( 'NONE',  ( -1.000000000000000000, 0.000000000000000000, 0.000000000000000000 ) ) ;
#861 = CYLINDRICAL_SURFACE ( 'NONE', #2836, 5.750000000000001776 ) ;
#862 = VERTEX_POINT ( 'NONE', #378 ) ;
#863 = ORIENTED_EDGE ( 'NONE', *, *, #680, .T. ) ;
#864 = CIRCLE ( 'NONE', #3219, 5.750000000000002665 ) ;
#865 = DIRECTION ( 'NONE',  ( -1.000000000000000000, 0.000000000000000000, 0.000000000000000000 ) ) ;
#866 = APPLICATION_CONTEXT ( 'automotive_design' ) ;
#867 = CIRCLE ( 'NONE', #37, 5.749999999999999112 ) ;
#868 = DIRECTION ( 'NONE',  ( 0.000000000000000000, -0.5195839500354229035, -0.8544194045464951204 ) ) ;
#869 = AXIS2_PLACEMENT_3D ( 'NONE', #2151, #3216, #806 ) ;
#870 = ORIENTED_EDGE ( 'NONE', *, *, #1392, .F. ) ;
#871 = DIRECTION ( 'NONE',  ( -1.000000000000000000, 0.000000000000000000, 0.000000000000000000 ) ) ;
#872 = DIRECTION ( 'NONE',  ( -1.000000000000000000, -0.000000000000000000, 0.000000000000000000 ) ) ;
#873 = CYLINDRICAL_SURFACE ( 'NONE', #2696, 5.750000000000000000 ) ;
#874 = EDGE_LOOP ( 'NONE', ( #1553, #1798, #522, #2498 ) ) ;
#875 = ORIENTED_EDGE ( 'NONE', *, *, #2069, .T. ) ;
#876 = CARTESIAN_POINT ( 'NONE',  ( 0.000000000000000000, -12.69837882901391346, -4.606456221410579310 ) ) ;
#877 = AXIS2_PLACEMENT_3D ( 'NONE', #952, #1192, #1742 ) ;
#878 = EDGE_CURVE ( 'NONE', #2630, #759, #970, .T. ) ;
#879 = DIRECTION ( 'NONE',  ( -1.000000000000000000, 0.000000000000000000, -0.000000000000000000 ) ) ;
#880 = ORIENTED_EDGE ( 'NONE', *, *, #3133, .T. ) ;
#881 = VECTOR ( 'NONE', #573, 1000.000000000000000 ) ;
#882 = ORIENTED_EDGE ( 'NONE', *, *, #3433, .F. ) ;
#883 = DIRECTION ( 'NONE',  ( -1.000000000000000000, 0.000000000000000000, 0.000000000000000000 ) ) ;
#884 = EDGE_CURVE ( 'NONE', #1006, #687, #1983, .T. ) ;
#885 = LINE ( 'NONE', #182, #2608 ) ;
#886 = VECTOR ( 'NONE', #1538, 1000.000000000000000 ) ;
#887 = ORIENTED_EDGE ( 'NONE', *, *, #2686, .T. ) ;
#888 = DIRECTION ( 'NONE',  ( -1.000000000000000000, 0.000000000000000000, 0.000000000000000000 ) ) ;
#889 = CARTESIAN_POINT ( 'NONE',  ( 10.00000000000000000, -10.91463276349825406, 11.18085044341307999 ) ) ;
#890 = CARTESIAN_POINT ( 'NONE',  ( 10.00000000000000000, 0.000000000000000000, 0.000000000000000000 ) ) ;
#891 = VERTEX_POINT ( 'NONE', #3298 ) ;
#892 = CARTESIAN_POINT ( 'NONE',  ( 0.000000000000000000, 11.24851991847268096, 6.132318639285085915 ) ) ;
#893 = DIRECTION ( 'NONE',  ( 0.000000000000000000, 0.000000000000000000, 1.000000000000000000 ) ) ;
#894 = DIRECTION ( 'NONE',  ( 0.000000000000000000, 0.000000000000000000, 1.000000000000000000 ) ) ;
#895 = ORIENTED_EDGE ( 'NONE', *, *, #2173, .F. ) ;
#896 = EDGE_LOOP ( 'NONE', ( #2556, #705, #474, #1905 ) ) ;
#897 = AXIS2_PLACEMENT_3D ( 'NONE', #2411, #3141, #3404 ) ;
#898 = DIRECTION ( 'NONE',  ( 0.000000000000000000, 0.000000000000000000, 1.000000000000000000 ) ) ;
#899 = AXIS2_PLACEMENT_3D ( 'NONE', #1137, #1069, #2980 ) ;
#900 = EDGE_CURVE ( 'NONE', #2013, #541, #972, .T. ) ;
#901 = EDGE_CURVE ( 'NONE', #2135, #1443, #1031, .T. ) ;
#902 = FACE_OUTER_BOUND ( 'NONE', #2705, .T. ) ;
#903 = CARTESIAN_POINT ( 'NONE',  ( 0.000000000000000000, 15.52270379068856343, -1.785018774843232237 ) ) ;
#904 = ORIENTED_EDGE ( 'NONE', *, *, #2918, .T. ) ;
#905 = LINE ( 'NONE', #2521, #2539 ) ;
#906 = CARTESIAN_POINT ( 'NONE',  ( 0.000000000000000000, 0.000000000000000000, 0.000000000000000000 ) ) ;
#907 = LINE ( 'NONE', #1733, #614 ) ;
#908 = ORIENTED_EDGE ( 'NONE', *, *, #358, .F. ) ;
#909 = CARTESIAN_POINT ( 'NONE',  ( 10.00000000000000000, -12.59563626849155860, -2.341896505369085002 ) ) ;
#910 = CARTESIAN_POINT ( 'NONE',  ( 10.00000000000000000, 0.000000000000000000, 0.000000000000000000 ) ) ;
#911 = DIRECTION ( 'NONE',  ( 0.000000000000000000, 0.000000000000000000, 1.000000000000000000 ) ) ;
#912 = CIRCLE ( 'NONE', #1927, 5.750000000000000888 ) ;
#913 = ORIENTED_EDGE ( 'NONE', *, *, #150, .T. ) ;
#914 = ORIENTED_EDGE ( 'NONE', *, *, #114, .F. ) ;
#915 = AXIS2_PLACEMENT_3D ( 'NONE', #3262, #852, #2932 ) ;
#916 = DIRECTION ( 'NONE',  ( -1.000000000000000000, 0.000000000000000000, -0.000000000000000000 ) ) ;
#917 = CIRCLE ( 'NONE', #579, 12.81149999999999700 ) ;
#918 = DIRECTION ( 'NONE',  ( -1.000000000000000000, 0.000000000000000000, 0.000000000000000000 ) ) ;
#919 = EDGE_CURVE ( 'NONE', #33, #2271, #1877, .T. ) ;
#920 = AXIS2_PLACEMENT_3D ( 'NONE', #85, #1247, #1945 ) ;
#921 = VERTEX_POINT ( 'NONE', #889 ) ;
#922 = CARTESIAN_POINT ( 'NONE',  ( 10.00000000000000000, 12.79720803224640235, 0.6049783710250077329 ) ) ;
#923 = CIRCLE ( 'NONE', #869, 12.81149999999999878 ) ;
#924 = DIRECTION ( 'NONE',  ( -1.000000000000000000, -0.000000000000000000, 0.000000000000000000 ) ) ;
#925 = ADVANCED_FACE ( 'NONE', ( #1486 ), #2558, .T. ) ;
#926 = LINE ( 'NONE', #1154, #560 ) ;
#927 = ORIENTED_EDGE ( 'NONE', *, *, #1822, .T. ) ;
#928 = DIRECTION ( 'NONE',  ( -1.000000000000000000, -0.000000000000000000, 0.000000000000000000 ) ) ;
#929 = FACE_OUTER_BOUND ( 'NONE', #3371, .T. ) ;
#930 = CARTESIAN_POINT ( 'NONE',  ( 0.000000000000000000, 9.290514346019463687, 12.56292036854514826 ) ) ;
#931 = EDGE_LOOP ( 'NONE', ( #2478, #815, #1848, #2610 ) ) ;
#932 = ORIENTED_EDGE ( 'NONE', *, *, #1522, .T. ) ;
#933 = LINE ( 'NONE', #2309, #426 ) ;
#934 = PRODUCT_RELATED_PRODUCT_CATEGORY ( 'part', '', ( #2030 ) ) ;
#935 = AXIS2_PLACEMENT_3D ( 'NONE', #2649, #2577, #1728 ) ;
#936 = CARTESIAN_POINT ( 'NONE',  ( 10.00000000000000000, 10.61984581506632708, 7.166129158354467954 ) ) ;
#937 = CIRCLE ( 'NONE', #2009, 5.749999999999999112 ) ;
#938 = ORIENTED_EDGE ( 'NONE', *, *, #2281, .F. ) ;
#939 = DIRECTION ( 'NONE',  ( 0.000000000000000000, 0.000000000000000000, -1.000000000000000000 ) ) ;
#940 = EDGE_CURVE ( 'NONE', #1663, #33, #2041, .T. ) ;
#941 = CARTESIAN_POINT ( 'NONE',  ( 10.00000000000000000, -3.729149491633992231, 12.98313166666528495 ) ) ;
#942 = AXIS2_PLACEMENT_3D ( 'NONE', #141, #160, #692 ) ;
#943 = DIRECTION ( 'NONE',  ( -1.000000000000000000, -0.000000000000000000, -0.000000000000000000 ) ) ;
#944 = VERTEX_POINT ( 'NONE', #1413 ) ;
#945 = DIRECTION ( 'NONE',  ( 0.000000000000000000, 0.000000000000000000, 1.000000000000000000 ) ) ;
#946 = EDGE_CURVE ( 'NONE', #672, #1243, #1088, .T. ) ;
#947 = EDGE_CURVE ( 'NONE', #29, #891, #1644, .T. ) ;
#948 = DIRECTION ( 'NONE',  ( 0.000000000000000000, 0.1361666490962399889, 0.9906859460363316439 ) ) ;
#949 = CARTESIAN_POINT ( 'NONE',  ( 10.00000000000000000, 12.33543222387130811, -9.590502429501665205 ) ) ;
#950 = ORIENTED_EDGE ( 'NONE', *, *, #1459, .F. ) ;
#951 = ORIENTED_EDGE ( 'NONE', *, *, #229, .F. ) ;
#952 = CARTESIAN_POINT ( 'NONE',  ( 10.00000000000000000, 0.000000000000000000, 0.000000000000000000 ) ) ;
#953 = CARTESIAN_POINT ( 'NONE',  ( 10.00000000000000000, 0.000000000000000000, 0.000000000000000000 ) ) ;
#954 = AXIS2_PLACEMENT_3D ( 'NONE', #1846, #731, #2116 ) ;
#955 = VERTEX_POINT ( 'NONE', #2489 ) ;
#956 = DIRECTION ( 'NONE',  ( -1.000000000000000000, -0.000000000000000000, 0.000000000000000000 ) ) ;
#957 = CARTESIAN_POINT ( 'NONE',  ( 10.00000000000000000, 3.559569147089504781, -13.03064585091658145 ) ) ;
#958 = DIRECTION ( 'NONE',  ( 0.000000000000000000, 0.000000000000000000, -1.000000000000000000 ) ) ;
#959 = ORIENTED_EDGE ( 'NONE', *, *, #2730, .T. ) ;
#960 = DIRECTION ( 'NONE',  ( 0.000000000000000000, 0.000000000000000000, -1.000000000000000000 ) ) ;
#961 = CARTESIAN_POINT ( 'NONE',  ( -10.00000000000000000, 0.000000000000000000, 0.000000000000000000 ) ) ;
#962 = FACE_OUTER_BOUND ( 'NONE', #2307, .T. ) ;
#963 = EDGE_CURVE ( 'NONE', #1102, #2944, #1448, .T. ) ;
#964 = EDGE_CURVE ( 'NONE', #258, #1764, #3331, .T. ) ;
#965 = ORIENTED_EDGE ( 'NONE', *, *, #2575, .T. ) ;
#966 = ORIENTED_EDGE ( 'NONE', *, *, #2771, .T. ) ;
#967 = DIRECTION ( 'NONE',  ( 1.000000000000000000, 0.000000000000000000, -0.000000000000000000 ) ) ;
#968 = DIRECTION ( 'NONE',  ( -1.000000000000000000, 0.000000000000000000, 0.000000000000000000 ) ) ;
#969 = EDGE_CURVE ( 'NONE', #1055, #2135, #411, .T. ) ;
#970 = CIRCLE ( 'NONE', #1249, 12.81149999999999878 ) ;
#971 = DIRECTION ( 'NONE',  ( 0.000000000000000000, 0.000000000000000000, 1.000000000000000000 ) ) ;
#972 = CIRCLE ( 'NONE', #630, 5.750000000000000888 ) ;
#973 = ORIENTED_EDGE ( 'NONE', *, *, #424, .F. ) ;
#974 = CARTESIAN_POINT ( 'NONE',  ( 10.00000000000000000, 12.15943163291378859, 4.035189538856313263 ) ) ;
#975 = CARTESIAN_POINT ( 'NONE',  ( 5.000000000000000888, 4.905870903713664077, 14.83485947611556455 ) ) ;
#976 = ORIENTED_EDGE ( 'NONE', *, *, #532, .F. ) ;
#977 = CYLINDRICAL_SURFACE ( 'NONE', #1673, 12.81149999999999700 ) ;
#978 = VECTOR ( 'NONE', #3111, 1000.000000000000000 ) ;
#979 = CARTESIAN_POINT ( 'NONE',  ( 10.00000000000000000, -11.97876787724249503, -4.543528627965640609 ) ) ;
#980 = FACE_OUTER_BOUND ( 'NONE', #2647, .T. ) ;
#981 = DIRECTION ( 'NONE',  ( 0.000000000000000000, -0.9790840876823206917, -0.2034560130526447685 ) ) ;
#982 = CIRCLE ( 'NONE', #1944, 5.750000000000002665 ) ;
#983 = ORIENTED_EDGE ( 'NONE', *, *, #1998, .T. ) ;
#984 = ORIENTED_EDGE ( 'NONE', *, *, #1828, .F. ) ;
#985 = EDGE_CURVE ( 'NONE', #3058, #2573, #3102, .T. ) ;
#986 = CARTESIAN_POINT ( 'NONE',  ( -10.00000000000000000, 0.000000000000000000, 0.000000000000000000 ) ) ;
#987 = DIRECTION ( 'NONE',  ( 0.000000000000000000, 0.9790840876823234673, -0.2034560130526309463 ) ) ;
#988 = ORIENTED_EDGE ( 'NONE', *, *, #3243, .F. ) ;
#989 = DIRECTION ( 'NONE',  ( 1.000000000000000000, 0.000000000000000000, 0.000000000000000000 ) ) ;
#990 = AXIS2_PLACEMENT_3D ( 'NONE', #166, #3372, #2763 ) ;
#991 = AXIS2_PLACEMENT_3D ( 'NONE', #1763, #2837, #3077 ) ;
#992 = CIRCLE ( 'NONE', #1467, 5.750000000000000888 ) ;
#993 = EDGE_LOOP ( 'NONE', ( #86, #3055, #1575, #606 ) ) ;
#994 = AXIS2_PLACEMENT_3D ( 'NONE', #2495, #2511, #893 ) ;
#995 = DIRECTION ( 'NONE',  ( -1.000000000000000000, 0.000000000000000000, -0.000000000000000000 ) ) ;
#996 = CARTESIAN_POINT ( 'NONE',  ( 10.00000000000000000, -11.49671979254302734, 5.653314626106470620 ) ) ;
#997 = ORIENTED_EDGE ( 'NONE', *, *, #940, .T. ) ;
#998 = CYLINDRICAL_SURFACE ( 'NONE', #601, 12.81149999999999700 ) ;
#999 = CARTESIAN_POINT ( 'NONE',  ( 10.00000000000000000, 0.000000000000000000, 0.000000000000000000 ) ) ;
#1000 = DIRECTION ( 'NONE',  ( -1.000000000000000000, -0.000000000000000000, -0.000000000000000000 ) ) ;
#1001 = DIRECTION ( 'NONE',  ( 0.000000000000000000, -0.1361666490962538389, 0.9906859460363297565 ) ) ;
#1002 = VERTEX_POINT ( 'NONE', #2298 ) ;
#1003 = VERTEX_POINT ( 'NONE', #3361 ) ;
#1004 = DIRECTION ( 'NONE',  ( -1.000000000000000000, -0.000000000000000000, 0.000000000000000000 ) ) ;
#1005 = CARTESIAN_POINT ( 'NONE',  ( 10.00000000000000000, 0.000000000000000000, 0.000000000000000000 ) ) ;
#1006 = VERTEX_POINT ( 'NONE', #3013 ) ;
#1007 = CARTESIAN_POINT ( 'NONE',  ( 10.00000000000000000, 8.592911864346651996, 10.42257787193223884 ) ) ;
#1008 = EDGE_CURVE ( 'NONE', #778, #2193, #354, .T. ) ;
#1009 = EDGE_CURVE ( 'NONE', #3125, #1918, #864, .T. ) ;
#1010 = EDGE_LOOP ( 'NONE', ( #2464, #1042, #3213, #1529 ) ) ;
#1011 = AXIS2_PLACEMENT_3D ( 'NONE', #784, #713, #1018 ) ;
#1012 = DIRECTION ( 'NONE',  ( 0.000000000000000000, -0.7308359642781160348, -0.6825531432186626724 ) ) ;
#1013 = LINE ( 'NONE', #2315, #2787 ) ;
#1014 = EDGE_LOOP ( 'NONE', ( #1616, #1139, #2502, #1170 ) ) ;
#1015 = CIRCLE ( 'NONE', #1859, 5.749999999999999112 ) ;
#1016 = LINE ( 'NONE', #2129, #1189 ) ;
#1017 = DIRECTION ( 'NONE',  ( 0.000000000000000000, 0.2697967711570248284, -0.9629172873477992445 ) ) ;
#1018 = DIRECTION ( 'NONE',  ( 0.000000000000000000, 0.000000000000000000, 1.000000000000000000 ) ) ;
#1019 = ORIENTED_EDGE ( 'NONE', *, *, #1670, .T. ) ;
#1020 = ORIENTED_EDGE ( 'NONE', *, *, #969, .F. ) ;
#1021 = CARTESIAN_POINT ( 'NONE',  ( 10.00000000000000000, -0.2697443336428782534, 12.80865997067872364 ) ) ;
#1022 = LINE ( 'NONE', #236, #477 ) ;
#1023 = ORIENTED_EDGE ( 'NONE', *, *, #947, .T. ) ;
#1024 = CARTESIAN_POINT ( 'NONE',  ( 0.000000000000000000, -8.456300558605986950, -10.53371941279247892 ) ) ;
#1025 = VECTOR ( 'NONE', #57, 1000.000000000000000 ) ;
#1026 = VERTEX_POINT ( 'NONE', #2248 ) ;
#1027 = EDGE_CURVE ( 'NONE', #733, #778, #304, .T. ) ;
#1028 = AXIS2_PLACEMENT_3D ( 'NONE', #2636, #1577, #2582 ) ;
#1029 = CARTESIAN_POINT ( 'NONE',  ( 10.00000000000000000, 0.000000000000000000, 0.000000000000000000 ) ) ;
#1030 = CARTESIAN_POINT ( 'NONE',  ( 0.000000000000000000, 11.89962618115382220, -10.12618001759787312 ) ) ;
#1031 = CIRCLE ( 'NONE', #3330, 5.750000000000000888 ) ;
#1032 = VERTEX_POINT ( 'NONE', #464 ) ;
#1033 = CARTESIAN_POINT ( 'NONE',  ( 10.00000000000000000, 0.000000000000000000, 0.000000000000000000 ) ) ;
#1034 = ADVANCED_FACE ( 'NONE', ( #2840, #3100 ), #3377, .F. ) ;
#1035 = DIRECTION ( 'NONE',  ( -1.000000000000000000, 0.000000000000000000, -0.000000000000000000 ) ) ;
#1036 = LINE ( 'NONE', #2637, #1857 ) ;
#1037 = ORIENTED_EDGE ( 'NONE', *, *, #1008, .F. ) ;
#1038 = ORIENTED_EDGE ( 'NONE', *, *, #130, .T. ) ;
#1039 = DIRECTION ( 'NONE',  ( 0.000000000000000000, 0.000000000000000000, 1.000000000000000000 ) ) ;
#1040 = CIRCLE ( 'NONE', #2723, 5.750000000000000888 ) ;
#1041 = DIRECTION ( 'NONE',  ( 0.000000000000000000, 0.000000000000000000, 1.000000000000000000 ) ) ;
#1042 = ORIENTED_EDGE ( 'NONE', *, *, #1655, .T. ) ;
#1043 = CARTESIAN_POINT ( 'NONE',  ( 10.00000000000000000, -12.76039202360794533, 1.143209365708051983 ) ) ;
#1044 = ORIENTED_EDGE ( 'NONE', *, *, #2704, .T. ) ;
#1045 = AXIS2_PLACEMENT_3D ( 'NONE', #3110, #2781, #629 ) ;
#1046 = CARTESIAN_POINT ( 'NONE',  ( 0.000000000000000000, 0.000000000000000000, 0.000000000000000000 ) ) ;
#1047 = EDGE_CURVE ( 'NONE', #2735, #1563, #3416, .T. ) ;
#1048 = ORIENTED_EDGE ( 'NONE', *, *, #2575, .F. ) ;
#1049 = DIRECTION ( 'NONE',  ( 0.000000000000000000, 0.5195839500354346718, -0.8544194045464877929 ) ) ;
#1050 = AXIS2_PLACEMENT_3D ( 'NONE', #3105, #470, #547 ) ;
#1051 = CARTESIAN_POINT ( 'NONE',  ( 10.00000000000000000, 5.350396643122564022, 11.64078124574389150 ) ) ;
#1052 = DIRECTION ( 'NONE',  ( 0.000000000000000000, 0.000000000000000000, 1.000000000000000000 ) ) ;
#1053 = EDGE_CURVE ( 'NONE', #862, #1510, #2108, .T. ) ;
#1054 = EDGE_CURVE ( 'NONE', #47, #29, #1194, .T. ) ;
#1055 = VERTEX_POINT ( 'NONE', #1502 ) ;
#1056 = VERTEX_POINT ( 'NONE', #243 ) ;
#1057 = LINE ( 'NONE', #2326, #2901 ) ;
#1058 = CARTESIAN_POINT ( 'NONE',  ( 5.000000000000000000, 8.726345089906798691, -12.96115451539173158 ) ) ;
#1059 = AXIS2_PLACEMENT_3D ( 'NONE', #2267, #928, #945 ) ;
#1060 = ORIENTED_EDGE ( 'NONE', *, *, #494, .T. ) ;
#1061 = DIRECTION ( 'NONE',  ( -1.000000000000000000, -0.000000000000000000, -0.000000000000000000 ) ) ;
#1062 = ORIENTED_EDGE ( 'NONE', *, *, #1117, .F. ) ;
#1063 = CARTESIAN_POINT ( 'NONE',  ( 10.00000000000000000, 0.000000000000000000, 0.000000000000000000 ) ) ;
#1064 = CARTESIAN_POINT ( 'NONE',  ( 0.000000000000000000, 0.000000000000000000, 0.000000000000000000 ) ) ;
#1065 = VERTEX_POINT ( 'NONE', #974 ) ;
#1066 = DIRECTION ( 'NONE',  ( 0.000000000000000000, 0.000000000000000000, 1.000000000000000000 ) ) ;
#1067 = CYLINDRICAL_SURFACE ( 'NONE', #856, 5.749999999999998224 ) ;
#1068 = CIRCLE ( 'NONE', #2923, 5.749999999999999112 ) ;
#1069 = DIRECTION ( 'NONE',  ( -1.000000000000000000, 0.000000000000000000, 0.000000000000000000 ) ) ;
#1070 = AXIS2_PLACEMENT_3D ( 'NONE', #2790, #2806, #3378 ) ;
#1071 = ORIENTED_EDGE ( 'NONE', *, *, #2086, .F. ) ;
#1072 = ORIENTED_EDGE ( 'NONE', *, *, #1589, .T. ) ;
#1073 = CARTESIAN_POINT ( 'NONE',  ( 10.00000000000000000, 9.811879393830352569, -9.284141670927276380 ) ) ;
#1074 = EDGE_CURVE ( 'NONE', #584, #3011, #2769, .T. ) ;
#1075 = EDGE_CURVE ( 'NONE', #3078, #1717, #1840, .T. ) ;
#1076 = DIRECTION ( 'NONE',  ( -1.000000000000000000, -0.000000000000000000, 0.000000000000000000 ) ) ;
#1077 = VERTEX_POINT ( 'NONE', #1782 ) ;
#1078 = DIRECTION ( 'NONE',  ( -1.000000000000000000, -0.000000000000000000, -0.000000000000000000 ) ) ;
#1079 = EDGE_CURVE ( 'NONE', #1526, #677, #2662, .T. ) ;
#1080 = DIRECTION ( 'NONE',  ( 0.000000000000000000, 0.8169698930104392076, 0.5766803221148710801 ) ) ;
#1081 = LINE ( 'NONE', #1391, #2665 ) ;
#1082 = AXIS2_PLACEMENT_3D ( 'NONE', #293, #2440, #70 ) ;
#1083 = ORIENTED_EDGE ( 'NONE', *, *, #3388, .F. ) ;
#1084 = DIRECTION ( 'NONE',  ( -1.000000000000000000, 0.000000000000000000, 0.000000000000000000 ) ) ;
#1085 = AXIS2_PLACEMENT_3D ( 'NONE', #2212, #1627, #2181 ) ;
#1086 = CARTESIAN_POINT ( 'NONE',  ( 0.000000000000000000, -13.52644592144758562, 7.821501501256260092 ) ) ;
#1087 = DIRECTION ( 'NONE',  ( 0.000000000000000000, 0.000000000000000000, 1.000000000000000000 ) ) ;
#1088 = CIRCLE ( 'NONE', #3379, 5.750000000000000888 ) ;
#1089 = ORIENTED_EDGE ( 'NONE', *, *, #680, .F. ) ;
#1090 = DIRECTION ( 'NONE',  ( -1.000000000000000000, 0.000000000000000000, 0.000000000000000000 ) ) ;
#1091 =( LENGTH_UNIT ( ) NAMED_UNIT ( * ) SI_UNIT ( .MILLI., .METRE. ) );
#1092 = LINE ( 'NONE', #844, #1375 ) ;
#1093 = AXIS2_PLACEMENT_3D ( 'NONE', #1131, #600, #3373 ) ;
#1094 = EDGE_LOOP ( 'NONE', ( #3146, #1831, #1238, #1292 ) ) ;
#1095 = EDGE_CURVE ( 'NONE', #2999, #1671, #3274, .T. ) ;
#1096 = DIRECTION ( 'NONE',  ( 0.000000000000000000, 0.000000000000000000, 1.000000000000000000 ) ) ;
#1097 = AXIS2_PLACEMENT_3D ( 'NONE', #2760, #2477, #894 ) ;
#1098 = AXIS2_PLACEMENT_3D ( 'NONE', #676, #398, #694 ) ;
#1099 = EDGE_CURVE ( 'NONE', #1006, #921, #3044, .T. ) ;
#1100 = DIRECTION ( 'NONE',  ( 0.000000000000000000, 0.000000000000000000, 1.000000000000000000 ) ) ;
#1101 = DIRECTION ( 'NONE',  ( -1.000000000000000000, 0.000000000000000000, -0.000000000000000000 ) ) ;
#1102 = VERTEX_POINT ( 'NONE', #1555 ) ;
#1103 = FACE_OUTER_BOUND ( 'NONE', #3342, .T. ) ;
#1104 = CARTESIAN_POINT ( 'NONE',  ( 10.00000000000000000, -7.874147165256662362, -10.10605455506155437 ) ) ;
#1105 = VECTOR ( 'NONE', #2429, 1000.000000000000000 ) ;
#1106 = CARTESIAN_POINT ( 'NONE',  ( 10.00000000000000000, -13.47029551076157894, 1.009654722010207228 ) ) ;
#1107 = AXIS2_PLACEMENT_3D ( 'NONE', #2372, #2911, #3434 ) ;
#1108 = CIRCLE ( 'NONE', #821, 12.81149999999999700 ) ;
#1109 = ORIENTED_EDGE ( 'NONE', *, *, #657, .F. ) ;
#1110 = ORIENTED_EDGE ( 'NONE', *, *, #595, .T. ) ;
#1111 = PRESENTATION_STYLE_ASSIGNMENT (( #788 ) ) ;
#1112 = CARTESIAN_POINT ( 'NONE',  ( 10.00000000000000000, -9.932084523302840751, 9.155433404644984563 ) ) ;
#1113 = ORIENTED_EDGE ( 'NONE', *, *, #1099, .T. ) ;
#1114 = CARTESIAN_POINT ( 'NONE',  ( 5.000000000000000888, 15.42867212834060808, 2.469149925817745839 ) ) ;
#1115 = VECTOR ( 'NONE', #2809, 1000.000000000000000 ) ;
#1116 = DIRECTION ( 'NONE',  ( 0.000000000000000000, 0.000000000000000000, 1.000000000000000000 ) ) ;
#1117 = EDGE_CURVE ( 'NONE', #491, #697, #1532, .T. ) ;
#1118 = ADVANCED_FACE ( 'NONE', ( #760 ), #2031, .T. ) ;
#1119 = EDGE_LOOP ( 'NONE', ( #2183, #904, #1928, #1072, #2744, #2463, #2509, #823, #1382, #2239, #3115, #1506, #1335, #475, #490, #1964, #2399, #2125, #534, #984, #2666, #602, #875, #1677, #2, #965, #2418, #2525, #1980, #2144, #2098, #1900, #645, #3405, #2973, #333, #726, #529, #3034, #927, #1818, #245, #79, #1605, #3030, #3264, #2445, #3143, #2088, #2584, #542, #983, #3091, #2257, #2613, #1687, #1267, #1450, #3097, #1639, #2578, #341, #2602, #1204, #3004, #3161, #1834, #2739, #507, #3200, #2152, #224, #2935, #2070, #714, #1280, #2128, #1132, #2256, #2627, #1284, #3067, #611, #786, #3026, #1371, #2977, #44, #65, #2993, #2218, #1397, #932, #1428, #1222 ) ) ;
#1120 = CARTESIAN_POINT ( 'NONE',  ( 10.00000000000000000, 0.000000000000000000, 0.000000000000000000 ) ) ;
#1121 = DIRECTION ( 'NONE',  ( 1.000000000000000000, 0.000000000000000000, 0.000000000000000000 ) ) ;
#1122 = CYLINDRICAL_SURFACE ( 'NONE', #1231, 5.750000000000000000 ) ;
#1123 = ORIENTED_EDGE ( 'NONE', *, *, #2368, .F. ) ;
#1124 = DIRECTION ( 'NONE',  ( -1.000000000000000000, 0.000000000000000000, 0.000000000000000000 ) ) ;
#1125 = CARTESIAN_POINT ( 'NONE',  ( 0.000000000000000000, -4.855571540454119983, 11.85571411875016423 ) ) ;
#1126 = CIRCLE ( 'NONE', #3083, 12.81149999999999523 ) ;
#1127 = DIRECTION ( 'NONE',  ( -1.000000000000000000, -0.000000000000000000, -0.000000000000000000 ) ) ;
#1128 = ORIENTED_EDGE ( 'NONE', *, *, #1355, .F. ) ;
#1129 = ORIENTED_EDGE ( 'NONE', *, *, #1095, .T. ) ;
#1130 = CARTESIAN_POINT ( 'NONE',  ( 0.000000000000000000, 13.20735115122741909, 2.915544254518557921 ) ) ;
#1131 = CARTESIAN_POINT ( 'NONE',  ( 10.00000000000000000, 11.95285973547136749, -6.292647133684546645 ) ) ;
#1132 = ORIENTED_EDGE ( 'NONE', *, *, #91, .F. ) ;
#1133 = DIRECTION ( 'NONE',  ( -1.000000000000000000, -0.000000000000000000, 0.000000000000000000 ) ) ;
#1134 = EDGE_CURVE ( 'NONE', #1003, #3126, #1758, .T. ) ;
#1135 = AXIS2_PLACEMENT_3D ( 'NONE', #799, #309, #1929 ) ;
#1136 = CYLINDRICAL_SURFACE ( 'NONE', #1085, 5.749999999999998224 ) ;
#1137 = CARTESIAN_POINT ( 'NONE',  ( 10.00000000000000000, -7.093669515771447109, 11.49556943373993434 ) ) ;
#1138 = AXIS2_PLACEMENT_3D ( 'NONE', #553, #264, #3229 ) ;
#1139 = ORIENTED_EDGE ( 'NONE', *, *, #1331, .F. ) ;
#1140 = VERTEX_POINT ( 'NONE', #170 ) ;
#1141 = EDGE_CURVE ( 'NONE', #3259, #2414, #1365, .T. ) ;
#1142 = CARTESIAN_POINT ( 'NONE',  ( 0.000000000000000000, 13.48231375170810864, 0.8339542585917986139 ) ) ;
#1143 = DIRECTION ( 'NONE',  ( -1.000000000000000000, -0.000000000000000000, 0.000000000000000000 ) ) ;
#1144 = ORIENTED_EDGE ( 'NONE', *, *, #3171, .T. ) ;
#1145 = ORIENTED_EDGE ( 'NONE', *, *, #109, .F. ) ;
#1146 = AXIS2_PLACEMENT_3D ( 'NONE', #1046, #1358, #2127 ) ;
#1147 = CARTESIAN_POINT ( 'NONE',  ( 10.00000000000000000, 11.89962618115368542, 10.12618001759803299 ) ) ;
#1148 = EDGE_CURVE ( 'NONE', #1603, #3108, #3276, .T. ) ;
#1149 = CARTESIAN_POINT ( 'NONE',  ( 0.000000000000000000, -3.729149491633811486, -12.98313166666534180 ) ) ;
#1150 = CIRCLE ( 'NONE', #1485, 5.750000000000000888 ) ;
#1151 = VERTEX_POINT ( 'NONE', #1235 ) ;
#1152 = CARTESIAN_POINT ( 'NONE',  ( 0.000000000000000000, -6.885648935156941874, 10.80381279881190615 ) ) ;
#1153 = DIRECTION ( 'NONE',  ( -1.000000000000000000, 0.000000000000000000, 0.000000000000000000 ) ) ;
#1154 = CARTESIAN_POINT ( 'NONE',  ( 5.000000000000000888, -15.13506446477577327, 3.882067573739746980 ) ) ;
#1155 = EDGE_LOOP ( 'NONE', ( #2140, #2909, #3134, #2619, #1261, #1946, #2639, #1393, #950, #721, #559, #2957, #2871, #3333, #2700, #1772, #3285, #2585, #1974, #1725, #2802, #626, #2459, #2222, #1842, #3447, #2167, #640, #2808, #401, #1669, #709, #2670, #1145, #1307, #2758, #80, #718, #988, #1037, #3149, #870, #2402, #297, #1935, #376, #1298, #2830, #2894, #30, #1, #2365, #798, #15, #2353, #220, #107, #2166, #414, #1227, #1408, #1388, #2706, #578, #2751, #430, #2058, #3217, #1741, #2455, #2266, #268, #1416, #1162, #2694, #1226, #2969, #2634, #757, #565, #1083, #2392, #2079, #895, #2323, #1712, #308, #1191, #882, #1493, #3168, #3291, #3107, #2316, #3426 ) ) ;
#1156 = LINE ( 'NONE', #1171, #1727 ) ;
#1157 = DIRECTION ( 'NONE',  ( 0.000000000000000000, -0.2697967711570116722, -0.9629172873478026862 ) ) ;
#1158 = COLOUR_RGB ( '',0.7921568627450980005, 0.8196078431372548767, 0.9333333333333333481 ) ;
#1159 = CARTESIAN_POINT ( 'NONE',  ( 0.000000000000000000, 0.000000000000000000, 0.000000000000000000 ) ) ;
#1160 = EDGE_CURVE ( 'NONE', #2448, #169, #2387, .T. ) ;
#1161 = CIRCLE ( 'NONE', #1837, 12.81149999999999700 ) ;
#1162 = ORIENTED_EDGE ( 'NONE', *, *, #2534, .F. ) ;
#1163 = ORIENTED_EDGE ( 'NONE', *, *, #3197, .T. ) ;
#1164 = FACE_OUTER_BOUND ( 'NONE', #1297, .T. ) ;
#1165 = DIRECTION ( 'NONE',  ( -1.000000000000000000, -0.000000000000000000, 0.000000000000000000 ) ) ;
#1166 = ORIENTED_EDGE ( 'NONE', *, *, #97, .F. ) ;
#1167 = CYLINDRICAL_SURFACE ( 'NONE', #1474, 5.750000000000000000 ) ;
#1168 = CARTESIAN_POINT ( 'NONE',  ( 10.00000000000000000, -8.456300558605986950, -10.53371941279247892 ) ) ;
#1169 = DIRECTION ( 'NONE',  ( 0.000000000000000000, 0.000000000000000000, -1.000000000000000000 ) ) ;
#1170 = ORIENTED_EDGE ( 'NONE', *, *, #791, .T. ) ;
#1171 = CARTESIAN_POINT ( 'NONE',  ( 5.000000000000000000, 14.19036643571209844, 6.540193072090120907 ) ) ;
#1172 = DIRECTION ( 'NONE',  ( 0.000000000000000000, 0.000000000000000000, -1.000000000000000000 ) ) ;
#1173 = DIRECTION ( 'NONE',  ( -1.000000000000000000, -0.000000000000000000, -0.000000000000000000 ) ) ;
#1174 = VERTEX_POINT ( 'NONE', #447 ) ;
#1175 = ORIENTED_EDGE ( 'NONE', *, *, #306, .T. ) ;
#1176 = ADVANCED_FACE ( 'NONE', ( #1517 ), #3151, .T. ) ;
#1177 = CARTESIAN_POINT ( 'NONE',  ( 10.00000000000000000, -13.47029551076156295, -1.009654722010390193 ) ) ;
#1178 = EDGE_CURVE ( 'NONE', #2360, #172, #249, .T. ) ;
#1179 = EDGE_CURVE ( 'NONE', #1795, #111, #917, .T. ) ;
#1180 = CARTESIAN_POINT ( 'NONE',  ( 10.00000000000000000, -10.30873331663865677, -7.606875157147254818 ) ) ;
#1181 = ORIENTED_EDGE ( 'NONE', *, *, #3243, .T. ) ;
#1182 = DIRECTION ( 'NONE',  ( 1.000000000000000000, 0.000000000000000000, 0.000000000000000000 ) ) ;
#1183 = DIRECTION ( 'NONE',  ( 0.000000000000000000, -0.8169698930104470902, 0.5766803221148599778 ) ) ;
#1184 = CARTESIAN_POINT ( 'NONE',  ( 0.000000000000000000, 0.000000000000000000, 0.000000000000000000 ) ) ;
#1185 = ORIENTED_EDGE ( 'NONE', *, *, #194, .T. ) ;
#1186 = ADVANCED_FACE ( 'NONE', ( #2734 ), #260, .T. ) ;
#1187 = DIRECTION ( 'NONE',  ( -1.000000000000000000, 0.000000000000000000, 0.000000000000000000 ) ) ;
#1188 = CARTESIAN_POINT ( 'NONE',  ( 0.000000000000000000, 9.811879393830224672, 9.284141670927411383 ) ) ;
#1189 = VECTOR ( 'NONE', #174, 1000.000000000000000 ) ;
#1190 = ORIENTED_EDGE ( 'NONE', *, *, #1285, .F. ) ;
#1191 = ORIENTED_EDGE ( 'NONE', *, *, #946, .F. ) ;
#1192 = DIRECTION ( 'NONE',  ( -1.000000000000000000, 0.000000000000000000, 0.000000000000000000 ) ) ;
#1193 = EDGE_CURVE ( 'NONE', #386, #2874, #83, .T. ) ;
#1194 = CIRCLE ( 'NONE', #2106, 5.750000000000000888 ) ;
#1195 = DIRECTION ( 'NONE',  ( -1.000000000000000000, 0.000000000000000000, 0.000000000000000000 ) ) ;
#1196 = EDGE_CURVE ( 'NONE', #1174, #2798, #84, .T. ) ;
#1197 = EDGE_CURVE ( 'NONE', #1810, #369, #2947, .T. ) ;
#1198 = CIRCLE ( 'NONE', #2995, 15.62500000000000000 ) ;
#1199 = VERTEX_POINT ( 'NONE', #1592 ) ;
#1200 = CARTESIAN_POINT ( 'NONE',  ( 0.000000000000000000, 0.000000000000000000, 0.000000000000000000 ) ) ;
#1201 = CIRCLE ( 'NONE', #3167, 5.750000000000000000 ) ;
#1202 = DIRECTION ( 'NONE',  ( -1.000000000000000000, -0.000000000000000000, -0.000000000000000000 ) ) ;
#1203 = DIRECTION ( 'NONE',  ( -1.000000000000000000, 0.000000000000000000, 0.000000000000000000 ) ) ;
#1204 = ORIENTED_EDGE ( 'NONE', *, *, #3344, .T. ) ;
#1205 = CARTESIAN_POINT ( 'NONE',  ( -10.00000000000000000, 0.000000000000000000, 0.000000000000000000 ) ) ;
#1206 = FACE_OUTER_BOUND ( 'NONE', #2831, .T. ) ;
#1207 = DIRECTION ( 'NONE',  ( 1.000000000000000000, 0.000000000000000000, 0.000000000000000000 ) ) ;
#1208 = VERTEX_POINT ( 'NONE', #2667 ) ;
#1209 = VERTEX_POINT ( 'NONE', #3224 ) ;
#1210 = DIRECTION ( 'NONE',  ( 0.000000000000000000, 0.000000000000000000, 1.000000000000000000 ) ) ;
#1211 = VECTOR ( 'NONE', #1887, 1000.000000000000000 ) ;
#1212 = AXIS2_PLACEMENT_3D ( 'NONE', #3310, #631, #2519 ) ;
#1213 = CARTESIAN_POINT ( 'NONE',  ( 10.00000000000000000, -13.47029551076156295, -1.009654722010390193 ) ) ;
#1214 = CIRCLE ( 'NONE', #2064, 5.750000000000000888 ) ;
#1215 = ORIENTED_EDGE ( 'NONE', *, *, #3176, .F. ) ;
#1216 = CARTESIAN_POINT ( 'NONE',  ( 10.00000000000000000, 2.011344227983399513, 12.65262923848469434 ) ) ;
#1217 = EDGE_CURVE ( 'NONE', #2118, #2936, #523, .T. ) ;
#1218 = ADVANCED_FACE ( 'NONE', ( #3206 ), #1878, .T. ) ;
#1219 = CARTESIAN_POINT ( 'NONE',  ( 10.00000000000000000, -3.715476584966021179, -12.26090396327159837 ) ) ;
#1220 = CLOSED_SHELL ( 'NONE', ( #1999, #2221, #1649, #2303, #1034, #3232, #2949, #2905, #3089, #52, #3290, #3109, #1309, #557, #3451, #3070, #385, #2669, #1933, #3261, #2435, #1176, #1800, #2834, #2856, #1410, #3275, #3369, #2817, #1332, #1690, #2555, #3324, #2043, #2487, #1460, #2927, #1976, #321, #473, #2749, #2215, #634, #2981, #1960, #2835, #2113, #675, #1587, #857, #2943, #240, #3306, #1568, #239, #71, #2037, #3113, #1118, #1372, #1898, #259, #3039, #193, #1779, #2876, #2600, #569, #2838, #701, #223, #1242, #384, #724, #2017, #1480, #2710, #2685, #1939, #1218, #1630, #2982, #216, #3218, #720, #1186, #1780, #811, #1914, #1440, #344, #2925, #810, #925, #855, #416, #2369, #704, #613 ) ) ;
#1221 = CYLINDRICAL_SURFACE ( 'NONE', #2255, 5.750000000000000000 ) ;
#1222 = ORIENTED_EDGE ( 'NONE', *, *, #2067, .T. ) ;
#1223 = CARTESIAN_POINT ( 'NONE',  ( 0.000000000000000000, -15.13506446477572176, -3.882067573739958810 ) ) ;
#1224 = DIRECTION ( 'NONE',  ( -1.000000000000000000, 0.000000000000000000, 0.000000000000000000 ) ) ;
#1225 = CARTESIAN_POINT ( 'NONE',  ( 0.000000000000000000, 0.000000000000000000, 0.000000000000000000 ) ) ;
#1226 = ORIENTED_EDGE ( 'NONE', *, *, #635, .F. ) ;
#1227 = ORIENTED_EDGE ( 'NONE', *, *, #2468, .F. ) ;
#1228 = DIRECTION ( 'NONE',  ( 0.000000000000000000, 0.3984010898462360672, 0.9172113015054553786 ) ) ;
#1229 = CARTESIAN_POINT ( 'NONE',  ( 10.00000000000000000, -2.840164252701423919, 15.36470279626901636 ) ) ;
#1230 = LINE ( 'NONE', #1995, #2346 ) ;
#1231 = AXIS2_PLACEMENT_3D ( 'NONE', #1680, #2703, #2213 ) ;
#1232 = AXIS2_PLACEMENT_3D ( 'NONE', #2974, #305, #1373 ) ;
#1233 = CIRCLE ( 'NONE', #2924, 3.000000000000000444 ) ;
#1234 = ORIENTED_EDGE ( 'NONE', *, *, #1285, .T. ) ;
#1235 = CARTESIAN_POINT ( 'NONE',  ( 0.000000000000000000, 5.556561520398573428, 14.60360397538997468 ) ) ;
#1236 = DIRECTION ( 'NONE',  ( 0.000000000000000000, 0.9422609221188191775, 0.3348796121709900486 ) ) ;
#1237 = EDGE_CURVE ( 'NONE', #1208, #1336, #1081, .T. ) ;
#1238 = ORIENTED_EDGE ( 'NONE', *, *, #748, .F. ) ;
#1239 = DIRECTION ( 'NONE',  ( 1.000000000000000000, 0.000000000000000000, 0.000000000000000000 ) ) ;
#1240 = DIRECTION ( 'NONE',  ( 0.000000000000000000, -0.9790840876823206917, -0.2034560130526446020 ) ) ;
#1241 = DIRECTION ( 'NONE',  ( 0.000000000000000000, 0.000000000000000000, -1.000000000000000000 ) ) ;
#1242 = ADVANCED_FACE ( 'NONE', ( #833 ), #582, .T. ) ;
#1243 = VERTEX_POINT ( 'NONE', #2682 ) ;
#1244 = ORIENTED_EDGE ( 'NONE', *, *, #2133, .T. ) ;
#1245 = FACE_OUTER_BOUND ( 'NONE', #3172, .T. ) ;
#1246 = AXIS2_PLACEMENT_3D ( 'NONE', #3012, #1640, #1378 ) ;
#1247 = DIRECTION ( 'NONE',  ( -1.000000000000000000, -0.000000000000000000, -0.000000000000000000 ) ) ;
#1248 = DIRECTION ( 'NONE',  ( 0.000000000000000000, 0.000000000000000000, 1.000000000000000000 ) ) ;
#1249 = AXIS2_PLACEMENT_3D ( 'NONE', #3028, #619, #1679 ) ;
#1250 = EDGE_CURVE ( 'NONE', #588, #2018, #2491, .T. ) ;
#1251 = ORIENTED_EDGE ( 'NONE', *, *, #635, .T. ) ;
#1252 = CARTESIAN_POINT ( 'NONE',  ( 10.00000000000000000, -13.24318199697760789, 2.662028249258292067 ) ) ;
#1253 = CIRCLE ( 'NONE', #2274, 5.750000000000000000 ) ;
#1254 = DIRECTION ( 'NONE',  ( 0.000000000000000000, 0.000000000000000000, 1.000000000000000000 ) ) ;
#1255 = ORIENTED_EDGE ( 'NONE', *, *, #114, .T. ) ;
#1256 = CARTESIAN_POINT ( 'NONE',  ( 10.00000000000000000, 12.75735481870604282, -4.440513690391990842 ) ) ;
#1257 = AXIS2_PLACEMENT_3D ( 'NONE', #3253, #2986, #32 ) ;
#1258 = DIRECTION ( 'NONE',  ( 1.000000000000000000, -0.000000000000000000, -0.000000000000000000 ) ) ;
#1259 = DIRECTION ( 'NONE',  ( 0.000000000000000000, 0.000000000000000000, 1.000000000000000000 ) ) ;
#1260 = VECTOR ( 'NONE', #1722, 1000.000000000000000 ) ;
#1261 = ORIENTED_EDGE ( 'NONE', *, *, #2321, .F. ) ;
#1262 = ORIENTED_EDGE ( 'NONE', *, *, #577, .F. ) ;
#1263 = DIRECTION ( 'NONE',  ( 0.000000000000000000, 0.000000000000000000, 1.000000000000000000 ) ) ;
#1264 = EDGE_CURVE ( 'NONE', #2944, #2530, #1598, .T. ) ;
#1265 = EDGE_CURVE ( 'NONE', #2858, #1856, #3166, .T. ) ;
#1266 = DIRECTION ( 'NONE',  ( 0.000000000000000000, 0.8169698930104393186, 0.5766803221148709691 ) ) ;
#1267 = ORIENTED_EDGE ( 'NONE', *, *, #2190, .F. ) ;
#1268 = DIRECTION ( 'NONE',  ( 0.000000000000000000, 0.000000000000000000, 1.000000000000000000 ) ) ;
#1269 = VECTOR ( 'NONE', #2893, 1000.000000000000000 ) ;
#1270 = AXIS2_PLACEMENT_3D ( 'NONE', #1498, #183, #132 ) ;
#1271 = VERTEX_POINT ( 'NONE', #796 ) ;
#1272 = DIRECTION ( 'NONE',  ( 0.000000000000000000, 0.000000000000000000, 1.000000000000000000 ) ) ;
#1273 = DIRECTION ( 'NONE',  ( -1.000000000000000000, 0.000000000000000000, -0.000000000000000000 ) ) ;
#1274 = ORIENTED_EDGE ( 'NONE', *, *, #2343, .T. ) ;
#1275 = DIRECTION ( 'NONE',  ( -1.000000000000000000, 0.000000000000000000, -0.000000000000000000 ) ) ;
#1276 = AXIS2_PLACEMENT_3D ( 'NONE', #2793, #381, #960 ) ;
#1277 = DIRECTION ( 'NONE',  ( 0.000000000000000000, 0.000000000000000000, -1.000000000000000000 ) ) ;
#1278 = CARTESIAN_POINT ( 'NONE',  ( 0.000000000000000000, -9.545144203574976061, 8.545452263219244671 ) ) ;
#1279 = CARTESIAN_POINT ( 'NONE',  ( 0.000000000000000000, 0.000000000000000000, 0.000000000000000000 ) ) ;
#1280 = ORIENTED_EDGE ( 'NONE', *, *, #2328, .T. ) ;
#1281 = ORIENTED_EDGE ( 'NONE', *, *, #919, .T. ) ;
#1282 = DIRECTION ( 'NONE',  ( -1.000000000000000000, -0.000000000000000000, 0.000000000000000000 ) ) ;
#1283 = DIRECTION ( 'NONE',  ( 1.000000000000000000, -0.000000000000000000, 0.000000000000000000 ) ) ;
#1284 = ORIENTED_EDGE ( 'NONE', *, *, #3412, .T. ) ;
#1285 = EDGE_CURVE ( 'NONE', #2080, #2199, #2422, .T. ) ;
#1286 = CYLINDRICAL_SURFACE ( 'NONE', #1301, 15.62500000000000000 ) ;
#1287 = EDGE_CURVE ( 'NONE', #677, #2018, #38, .T. ) ;
#1288 = ORIENTED_EDGE ( 'NONE', *, *, #2668, .T. ) ;
#1289 = CIRCLE ( 'NONE', #2250, 5.750000000000000000 ) ;
#1290 = DIRECTION ( 'NONE',  ( 0.000000000000000000, 0.000000000000000000, 1.000000000000000000 ) ) ;
#1291 = DIRECTION ( 'NONE',  ( -1.000000000000000000, -0.000000000000000000, 0.000000000000000000 ) ) ;
#1292 = ORIENTED_EDGE ( 'NONE', *, *, #446, .F. ) ;
#1293 = CIRCLE ( 'NONE', #2142, 12.81149999999999700 ) ;
#1294 = DIRECTION ( 'NONE',  ( -1.000000000000000000, -0.000000000000000000, 0.000000000000000000 ) ) ;
#1295 = CYLINDRICAL_SURFACE ( 'NONE', #2659, 5.750000000000000000 ) ;
#1296 = DIRECTION ( 'NONE',  ( -1.000000000000000000, -0.000000000000000000, -0.000000000000000000 ) ) ;
#1297 = EDGE_LOOP ( 'NONE', ( #64, #908, #185, #1814 ) ) ;
#1298 = ORIENTED_EDGE ( 'NONE', *, *, #2467, .F. ) ;
#1299 = CARTESIAN_POINT ( 'NONE',  ( 0.000000000000000000, -11.97876787724249148, -4.543528627965639721 ) ) ;
#1300 = CYLINDRICAL_SURFACE ( 'NONE', #1994, 5.750000000000000000 ) ;
#1301 = AXIS2_PLACEMENT_3D ( 'NONE', #2645, #2366, #1304 ) ;
#1302 = ORIENTED_EDGE ( 'NONE', *, *, #1374, .T. ) ;
#1303 = CIRCLE ( 'NONE', #2655, 3.000000000000000444 ) ;
#1304 = DIRECTION ( 'NONE',  ( 0.000000000000000000, 0.000000000000000000, 1.000000000000000000 ) ) ;
#1305 = EDGE_CURVE ( 'NONE', #140, #3129, #1535, .T. ) ;
#1306 = AXIS2_PLACEMENT_3D ( 'NONE', #1693, #1997, #3060 ) ;
#1307 = ORIENTED_EDGE ( 'NONE', *, *, #2066, .F. ) ;
#1308 = CARTESIAN_POINT ( 'NONE',  ( 10.00000000000000000, 0.000000000000000000, 0.000000000000000000 ) ) ;
#1309 = ADVANCED_FACE ( 'NONE', ( #54 ), #2191, .T. ) ;
#1310 = EDGE_CURVE ( 'NONE', #3380, #122, #885, .T. ) ;
#1311 = AXIS2_PLACEMENT_3D ( 'NONE', #1252, #1534, #707 ) ;
#1312 = ORIENTED_EDGE ( 'NONE', *, *, #1265, .T. ) ;
#1313 = DIRECTION ( 'NONE',  ( 0.000000000000000000, 0.000000000000000000, 1.000000000000000000 ) ) ;
#1314 = CARTESIAN_POINT ( 'NONE',  ( 0.000000000000000000, 8.292634615677300758, 9.765589761036991945 ) ) ;
#1315 = CARTESIAN_POINT ( 'NONE',  ( 0.000000000000000000, -13.47029551076157894, 1.009654722010207228 ) ) ;
#1316 = CIRCLE ( 'NONE', #920, 15.62499999999999822 ) ;
#1317 = EDGE_LOOP ( 'NONE', ( #1421, #2179, #117, #1469 ) ) ;
#1318 = ORIENTED_EDGE ( 'NONE', *, *, #3221, .T. ) ;
#1319 = CARTESIAN_POINT ( 'NONE',  ( -10.00000000000000000, 0.000000000000000000, 0.000000000000000000 ) ) ;
#1320 = CIRCLE ( 'NONE', #1765, 5.749999999999999112 ) ;
#1321 = DIRECTION ( 'NONE',  ( 1.000000000000000000, 0.000000000000000000, 0.000000000000000000 ) ) ;
#1322 = ORIENTED_EDGE ( 'NONE', *, *, #67, .T. ) ;
#1323 = DIRECTION ( 'NONE',  ( -1.000000000000000000, 0.000000000000000000, 0.000000000000000000 ) ) ;
#1324 = VERTEX_POINT ( 'NONE', #2483 ) ;
#1326 = AXIS2_PLACEMENT_3D ( 'NONE', #2731, #3022, #2989 ) ;
#1325 = VECTOR ( 'NONE', #2400, 1000.000000000000000 ) ;
#1327 = CARTESIAN_POINT ( 'NONE',  ( 10.00000000000000000, 13.20735115122738002, 2.834455745481624156 ) ) ;
#1328 = AXIS2_PLACEMENT_3D ( 'NONE', #1633, #285, #2708 ) ;
#1329 = ORIENTED_EDGE ( 'NONE', *, *, #1674, .T. ) ;
#1330 = FACE_OUTER_BOUND ( 'NONE', #2427, .T. ) ;
#1331 = EDGE_CURVE ( 'NONE', #2530, #2987, #615, .T. ) ;
#1332 = ADVANCED_FACE ( 'NONE', ( #423 ), #68, .T. ) ;
#1333 = DIRECTION ( 'NONE',  ( 0.000000000000000000, 0.000000000000000000, 1.000000000000000000 ) ) ;
#1334 = FACE_OUTER_BOUND ( 'NONE', #1446, .T. ) ;
#1335 = ORIENTED_EDGE ( 'NONE', *, *, #837, .T. ) ;
#1336 = VERTEX_POINT ( 'NONE', #1229 ) ;
#1337 = EDGE_CURVE ( 'NONE', #1717, #2199, #1651, .T. ) ;
#1338 = CARTESIAN_POINT ( 'NONE',  ( 10.00000000000000000, -10.98468148073614437, 7.861617936003591822 ) ) ;
#1339 = DIRECTION ( 'NONE',  ( 0.000000000000000000, 0.000000000000000000, -1.000000000000000000 ) ) ;
#1340 = CIRCLE ( 'NONE', #2242, 5.749999999999999112 ) ;
#1341 = ORIENTED_EDGE ( 'NONE', *, *, #1075, .F. ) ;
#1342 = CARTESIAN_POINT ( 'NONE',  ( 10.00000000000000000, 13.20735115122741909, 2.915544254518557921 ) ) ;
#1343 = CARTESIAN_POINT ( 'NONE',  ( 10.00000000000000000, 0.000000000000000000, 0.000000000000000000 ) ) ;
#1344 = VECTOR ( 'NONE', #2287, 1000.000000000000000 ) ;
#1345 = ORIENTED_EDGE ( 'NONE', *, *, #406, .T. ) ;
#1346 = CARTESIAN_POINT ( 'NONE',  ( 0.000000000000000000, -13.24318199697756882, -2.662028249258476809 ) ) ;
#1347 = CARTESIAN_POINT ( 'NONE',  ( 10.00000000000000000, -15.62118451506432670, -0.3452815464436015391 ) ) ;
#1348 = CARTESIAN_POINT ( 'NONE',  ( 0.000000000000000000, 13.20735115122741909, -2.834455745481441635 ) ) ;
#1349 = EDGE_CURVE ( 'NONE', #2573, #2313, #142, .T. ) ;
#1350 = AXIS2_PLACEMENT_3D ( 'NONE', #106, #1431, #3299 ) ;
#1351 = ORIENTED_EDGE ( 'NONE', *, *, #2942, .T. ) ;
#1352 = ORIENTED_EDGE ( 'NONE', *, *, #3283, .F. ) ;
#1353 = CARTESIAN_POINT ( 'NONE',  ( 0.000000000000000000, 0.7215507154584959171, -15.60833077446211803 ) ) ;
#1354 = CARTESIAN_POINT ( 'NONE',  ( 10.00000000000000000, -13.16764042189656969, -8.411532007882717821 ) ) ;
#1355 = EDGE_CURVE ( 'NONE', #2204, #1853, #1316, .T. ) ;
#1356 = VERTEX_POINT ( 'NONE', #2327 ) ;
#1357 = CARTESIAN_POINT ( 'NONE',  ( 10.00000000000000000, 0.000000000000000000, 0.000000000000000000 ) ) ;
#1358 = DIRECTION ( 'NONE',  ( -1.000000000000000000, 0.000000000000000000, -0.000000000000000000 ) ) ;
#1359 = AXIS2_PLACEMENT_3D ( 'NONE', #3297, #888, #2263 ) ;
#1360 = ORIENTED_EDGE ( 'NONE', *, *, #2086, .T. ) ;
#1361 = LINE ( 'NONE', #25, #570 ) ;
#1362 = VECTOR ( 'NONE', #3453, 1000.000000000000000 ) ;
#1363 = DIRECTION ( 'NONE',  ( -1.000000000000000000, 0.000000000000000000, 0.000000000000000000 ) ) ;
#1364 = CARTESIAN_POINT ( 'NONE',  ( 0.000000000000000000, -11.49671979254302734, 5.653314626106470620 ) ) ;
#1365 = CIRCLE ( 'NONE', #1934, 15.62499999999999822 ) ;
#1366 = ORIENTED_EDGE ( 'NONE', *, *, #2177, .T. ) ;
#1367 = EDGE_LOOP ( 'NONE', ( #2331, #3188, #1968, #112 ) ) ;
#1368 = CARTESIAN_POINT ( 'NONE',  ( 10.00000000000000000, -13.52644592144748259, -7.821501501256443944 ) ) ;
#1369 = DIRECTION ( 'NONE',  ( -1.000000000000000000, -0.000000000000000000, 0.000000000000000000 ) ) ;
#1370 = VECTOR ( 'NONE', #2438, 1000.000000000000000 ) ;
#1371 = ORIENTED_EDGE ( 'NONE', *, *, #34, .F. ) ;
#1372 = ADVANCED_FACE ( 'NONE', ( #442 ), #3277, .T. ) ;
#1373 = DIRECTION ( 'NONE',  ( 0.000000000000000000, 0.000000000000000000, 1.000000000000000000 ) ) ;
#1374 = EDGE_CURVE ( 'NONE', #691, #122, #807, .T. ) ;
#1375 = VECTOR ( 'NONE', #46, 1000.000000000000000 ) ;
#1376 = DIRECTION ( 'NONE',  ( -1.000000000000000000, 0.000000000000000000, 0.000000000000000000 ) ) ;
#1377 = VERTEX_POINT ( 'NONE', #3295 ) ;
#1378 = DIRECTION ( 'NONE',  ( 0.000000000000000000, 0.000000000000000000, 1.000000000000000000 ) ) ;
#1379 = CARTESIAN_POINT ( 'NONE',  ( 0.000000000000000000, 11.08624123981547349, -7.717740535774424870 ) ) ;
#1380 = DIRECTION ( 'NONE',  ( -1.000000000000000000, 0.000000000000000000, 0.000000000000000000 ) ) ;
#1381 = CIRCLE ( 'NONE', #154, 15.62499999999999822 ) ;
#1382 = ORIENTED_EDGE ( 'NONE', *, *, #1675, .T. ) ;
#1383 = VERTEX_POINT ( 'NONE', #699 ) ;
#1384 = AXIS2_PLACEMENT_3D ( 'NONE', #1970, #2236, #3287 ) ;
#1385 = CARTESIAN_POINT ( 'NONE',  ( 10.00000000000000000, -3.715476584966191265, 12.26090396327154686 ) ) ;
#1386 = CARTESIAN_POINT ( 'NONE',  ( 0.000000000000000000, 11.08624123981536869, 7.717740535774571420 ) ) ;
#1387 = VERTEX_POINT ( 'NONE', #3025 ) ;
#1388 = ORIENTED_EDGE ( 'NONE', *, *, #2668, .F. ) ;
#1389 = CARTESIAN_POINT ( 'NONE',  ( 10.00000000000000000, -1.752075746886789798, 13.39397231526525367 ) ) ;
#1390 = EDGE_CURVE ( 'NONE', #1377, #1324, #1689, .T. ) ;
#1391 = CARTESIAN_POINT ( 'NONE',  ( 5.000000000000000888, -2.840164252701424807, 15.36470279626901636 ) ) ;
#1392 = EDGE_CURVE ( 'NONE', #1810, #733, #867, .T. ) ;
#1393 = ORIENTED_EDGE ( 'NONE', *, *, #1193, .F. ) ;
#1394 = DIRECTION ( 'NONE',  ( 1.000000000000000000, 0.000000000000000000, -0.000000000000000000 ) ) ;
#1395 = DIRECTION ( 'NONE',  ( -1.000000000000000000, 0.000000000000000000, 0.000000000000000000 ) ) ;
#1396 = DIRECTION ( 'NONE',  ( -1.000000000000000000, 0.000000000000000000, 0.000000000000000000 ) ) ;
#1397 = ORIENTED_EDGE ( 'NONE', *, *, #2621, .T. ) ;
#1398 = ORIENTED_EDGE ( 'NONE', *, *, #832, .F. ) ;
#1399 = DIRECTION ( 'NONE',  ( -1.000000000000000000, -0.000000000000000000, -0.000000000000000000 ) ) ;
#1400 = AXIS2_PLACEMENT_3D ( 'NONE', #1315, #1542, #3421 ) ;
#1401 = CARTESIAN_POINT ( 'NONE',  ( 10.00000000000000000, 1.410503946387469343, -15.56120508242293532 ) ) ;
#1402 = AXIS2_PLACEMENT_3D ( 'NONE', #394, #2032, #1505 ) ;
#1403 = ORIENTED_EDGE ( 'NONE', *, *, #3024, .T. ) ;
#1404 = ORIENTED_EDGE ( 'NONE', *, *, #2066, .T. ) ;
#1405 = CARTESIAN_POINT ( 'NONE',  ( 10.00000000000000000, -1.476880387257531346, -12.72608960253439214 ) ) ;
#1406 = EDGE_CURVE ( 'NONE', #1671, #555, #1253, .T. ) ;
#1407 = CARTESIAN_POINT ( 'NONE',  ( 10.00000000000000000, 12.48587405515859672, -2.870101274993160256 ) ) ;
#1408 = ORIENTED_EDGE ( 'NONE', *, *, #3414, .F. ) ;
#1409 = FACE_OUTER_BOUND ( 'NONE', #499, .T. ) ;
#1410 = ADVANCED_FACE ( 'NONE', ( #102 ), #1514, .T. ) ;
#1411 = CIRCLE ( 'NONE', #1584, 5.750000000000000888 ) ;
#1412 = EDGE_CURVE ( 'NONE', #513, #664, #1707, .T. ) ;
#1413 = CARTESIAN_POINT ( 'NONE',  ( 0.000000000000000000, -12.59563626849155860, -2.341896505369085002 ) ) ;
#1414 = CARTESIAN_POINT ( 'NONE',  ( 0.000000000000000000, 6.943196843910165228, 11.58707389255962639 ) ) ;
#1415 = AXIS2_PLACEMENT_3D ( 'NONE', #1826, #2861, #2896 ) ;
#1416 = ORIENTED_EDGE ( 'NONE', *, *, #3428, .F. ) ;
#1417 = CARTESIAN_POINT ( 'NONE',  ( 10.00000000000000000, 0.7215507154584984706, -15.60833077446212158 ) ) ;
#1418 = CARTESIAN_POINT ( 'NONE',  ( 0.000000000000000000, 12.33543222387130811, -9.590502429501663428 ) ) ;
#1419 = AXIS2_PLACEMENT_3D ( 'NONE', #906, #1153, #1732 ) ;
#1420 = DIRECTION ( 'NONE',  ( -1.000000000000000000, 0.000000000000000000, 0.000000000000000000 ) ) ;
#1421 = ORIENTED_EDGE ( 'NONE', *, *, #1250, .F. ) ;
#1422 = VERTEX_POINT ( 'NONE', #903 ) ;
#1423 = FACE_OUTER_BOUND ( 'NONE', #834, .T. ) ;
#1424 = AXIS2_PLACEMENT_3D ( 'NONE', #1327, #1623, #275 ) ;
#1425 = VECTOR ( 'NONE', #1426, 1000.000000000000000 ) ;
#1426 = DIRECTION ( 'NONE',  ( -1.000000000000000000, 0.000000000000000000, 0.000000000000000000 ) ) ;
#1427 = AXIS2_PLACEMENT_3D ( 'NONE', #2570, #338, #2466 ) ;
#1428 = ORIENTED_EDGE ( 'NONE', *, *, #3452, .F. ) ;
#1429 = DIRECTION ( 'NONE',  ( -1.000000000000000000, 0.000000000000000000, -0.000000000000000000 ) ) ;
#1430 = CARTESIAN_POINT ( 'NONE',  ( 10.00000000000000000, -9.545144203574976061, 8.545452263219244671 ) ) ;
#1431 = DIRECTION ( 'NONE',  ( -1.000000000000000000, 0.000000000000000000, -0.000000000000000000 ) ) ;
#1432 = EDGE_CURVE ( 'NONE', #237, #1526, #2720, .T. ) ;
#1433 = EDGE_CURVE ( 'NONE', #921, #1463, #1198, .T. ) ;
#1434 = ORIENTED_EDGE ( 'NONE', *, *, #2452, .F. ) ;
#1435 = LINE ( 'NONE', #659, #1115 ) ;
#1436 = DIRECTION ( 'NONE',  ( -1.000000000000000000, 0.000000000000000000, -0.000000000000000000 ) ) ;
#1437 = CIRCLE ( 'NONE', #2842, 5.749999999999999112 ) ;
#1438 = DIRECTION ( 'NONE',  ( -1.000000000000000000, -0.000000000000000000, -0.000000000000000000 ) ) ;
#1439 = AXIS2_PLACEMENT_3D ( 'NONE', #761, #1841, #1574 ) ;
#1440 = ADVANCED_FACE ( 'NONE', ( #2833 ), #1496, .T. ) ;
#1441 = EDGE_LOOP ( 'NONE', ( #2324, #434, #3313, #3317 ) ) ;
#1442 = AXIS2_PLACEMENT_3D ( 'NONE', #608, #1187, #3335 ) ;
#1443 = VERTEX_POINT ( 'NONE', #495 ) ;
#1444 = LINE ( 'NONE', #679, #1551 ) ;
#1445 = DIRECTION ( 'NONE',  ( -1.000000000000000000, 0.000000000000000000, 0.000000000000000000 ) ) ;
#1446 = EDGE_LOOP ( 'NONE', ( #1244, #2543, #1312, #214 ) ) ;
#1447 = CARTESIAN_POINT ( 'NONE',  ( 10.00000000000000000, 12.79720803224640235, -0.6049783710250065116 ) ) ;
#1448 = LINE ( 'NONE', #88, #2269 ) ;
#1449 = CARTESIAN_POINT ( 'NONE',  ( 10.00000000000000000, -6.885648935156793549, -10.80381279881200207 ) ) ;
#1450 = ORIENTED_EDGE ( 'NONE', *, *, #969, .T. ) ;
#1451 = CARTESIAN_POINT ( 'NONE',  ( 0.000000000000000000, -13.47029551076156295, -1.009654722010390193 ) ) ;
#1452 = CARTESIAN_POINT ( 'NONE',  ( -10.00000000000000000, 0.000000000000000000, 0.000000000000000000 ) ) ;
#1453 = EDGE_CURVE ( 'NONE', #2313, #3195, #3280, .T. ) ;
#1454 = CARTESIAN_POINT ( 'NONE',  ( 5.000000000000000000, 9.290514346019632441, -12.56292036854502392 ) ) ;
#1455 = ORIENTED_EDGE ( 'NONE', *, *, #3428, .T. ) ;
#1456 = EDGE_LOOP ( 'NONE', ( #1692, #2900, #400, #76 ) ) ;
#1457 = CIRCLE ( 'NONE', #1572, 15.62499999999999822 ) ;
#1458 = CARTESIAN_POINT ( 'NONE',  ( 0.000000000000000000, 3.673940397442060361E-16, -3.000000000000000444 ) ) ;
#1459 = EDGE_CURVE ( 'NONE', #1519, #386, #2552, .T. ) ;
#1460 = ADVANCED_FACE ( 'NONE', ( #3145 ), #773, .T. ) ;
#1461 = CIRCLE ( 'NONE', #1402, 5.750000000000001776 ) ;
#1462 = CYLINDRICAL_SURFACE ( 'NONE', #373, 12.81149999999999700 ) ;
#1463 = VERTEX_POINT ( 'NONE', #1833 ) ;
#1464 = CARTESIAN_POINT ( 'NONE',  ( 5.000000000000000888, -6.880190462053945133, -14.02867079255415383 ) ) ;
#1465 = EDGE_CURVE ( 'NONE', #1781, #1681, #982, .T. ) ;
#1466 = DIRECTION ( 'NONE',  ( 0.000000000000000000, -0.3984010898462485573, 0.9172113015054498275 ) ) ;
#1467 = AXIS2_PLACEMENT_3D ( 'NONE', #2680, #738, #1796 ) ;
#1468 = LINE ( 'NONE', #3047, #1917 ) ;
#1469 = ORIENTED_EDGE ( 'NONE', *, *, #1287, .T. ) ;
#1470 = CARTESIAN_POINT ( 'NONE',  ( 10.00000000000000000, 0.000000000000000000, 0.000000000000000000 ) ) ;
#1471 = VECTOR ( 'NONE', #3238, 1000.000000000000000 ) ;
#1472 = CARTESIAN_POINT ( 'NONE',  ( 0.000000000000000000, 1.410503946387251961, 15.56120508242295131 ) ) ;
#1473 = CARTESIAN_POINT ( 'NONE',  ( 10.00000000000000000, -11.97876787724249503, -4.543528627965640609 ) ) ;
#1474 = AXIS2_PLACEMENT_3D ( 'NONE', #669, #2486, #1731 ) ;
#1475 = ORIENTED_EDGE ( 'NONE', *, *, #3069, .T. ) ;
#1476 = VERTEX_POINT ( 'NONE', #2347 ) ;
#1477 = VECTOR ( 'NONE', #1788, 1000.000000000000000 ) ;
#1478 = FACE_OUTER_BOUND ( 'NONE', #740, .T. ) ;
#1479 = VECTOR ( 'NONE', #2051, 1000.000000000000000 ) ;
#1480 = ADVANCED_FACE ( 'NONE', ( #1547 ), #1300, .T. ) ;
#1481 = EDGE_CURVE ( 'NONE', #1356, #891, #3408, .T. ) ;
#1482 = CARTESIAN_POINT ( 'NONE',  ( 10.00000000000000000, 0.000000000000000000, 0.000000000000000000 ) ) ;
#1483 = ORIENTED_EDGE ( 'NONE', *, *, #2664, .T. ) ;
#1484 = DIRECTION ( 'NONE',  ( 0.000000000000000000, 0.000000000000000000, -1.000000000000000000 ) ) ;
#1485 = AXIS2_PLACEMENT_3D ( 'NONE', #2693, #1509, #981 ) ;
#1486 = FACE_OUTER_BOUND ( 'NONE', #126, .T. ) ;
#1487 = CARTESIAN_POINT ( 'NONE',  ( 0.000000000000000000, 8.726345089906624608, 12.96115451539184704 ) ) ;
#1488 = EDGE_LOOP ( 'NONE', ( #2474, #617, #3075, #668 ) ) ;
#1489 = CARTESIAN_POINT ( 'NONE',  ( 10.00000000000000000, -10.91463276349809775, -11.18085044341323275 ) ) ;
#1490 = FACE_OUTER_BOUND ( 'NONE', #1664, .T. ) ;
#1491 = CARTESIAN_POINT ( 'NONE',  ( 5.000000000000000000, -14.94875277203460051, -4.547022713885192857 ) ) ;
#1492 = EDGE_LOOP ( 'NONE', ( #2762, #420, #1060, #3245 ) ) ;
#1493 = ORIENTED_EDGE ( 'NONE', *, *, #3197, .F. ) ;
#1494 = AXIS2_PLACEMENT_3D ( 'NONE', #148, #2258, #1210 ) ;
#1495 = CARTESIAN_POINT ( 'NONE',  ( 10.00000000000000000, 15.42867212834064006, -2.469149925817534008 ) ) ;
#1496 = CYLINDRICAL_SURFACE ( 'NONE', #1427, 5.750000000000000000 ) ;
#1497 = AXIS2_PLACEMENT_3D ( 'NONE', #1073, #3214, #1157 ) ;
#1498 = CARTESIAN_POINT ( 'NONE',  ( 10.00000000000000000, 13.20735115122741909, -2.834455745481441635 ) ) ;
#1499 = CIRCLE ( 'NONE', #269, 15.62499999999999822 ) ;
#1500 = EDGE_CURVE ( 'NONE', #380, #3204, #3391, .T. ) ;
#1501 = ORIENTED_EDGE ( 'NONE', *, *, #2321, .T. ) ;
#1502 = CARTESIAN_POINT ( 'NONE',  ( 0.000000000000000000, -6.885648935156793549, -10.80381279881200207 ) ) ;
#1503 = VECTOR ( 'NONE', #415, 1000.000000000000000 ) ;
#1504 = EDGE_CURVE ( 'NONE', #526, #2656, #1022, .T. ) ;
#1505 = DIRECTION ( 'NONE',  ( 0.000000000000000000, 0.7308359642781254717, -0.6825531432186525693 ) ) ;
#1506 = ORIENTED_EDGE ( 'NONE', *, *, #1250, .T. ) ;
#1507 = DIRECTION ( 'NONE',  ( -1.000000000000000000, 0.000000000000000000, 0.000000000000000000 ) ) ;
#1508 = FACE_OUTER_BOUND ( 'NONE', #2683, .T. ) ;
#1509 = DIRECTION ( 'NONE',  ( -1.000000000000000000, -0.000000000000000000, 0.000000000000000000 ) ) ;
#1510 = VERTEX_POINT ( 'NONE', #3444 ) ;
#1511 = ORIENTED_EDGE ( 'NONE', *, *, #97, .T. ) ;
#1512 = CARTESIAN_POINT ( 'NONE',  ( 0.000000000000000000, 12.48587405515859672, -2.870101274993160256 ) ) ;
#1513 = EDGE_CURVE ( 'NONE', #790, #541, #1852, .T. ) ;
#1514 = CYLINDRICAL_SURFACE ( 'NONE', #2889, 15.62500000000000000 ) ;
#1515 = CARTESIAN_POINT ( 'NONE',  ( 0.000000000000000000, 2.011344227983577593, -12.65262923848466592 ) ) ;
#1516 = ORIENTED_EDGE ( 'NONE', *, *, #3132, .F. ) ;
#1517 = FACE_OUTER_BOUND ( 'NONE', #2939, .T. ) ;
#1518 = FACE_OUTER_BOUND ( 'NONE', #2340, .T. ) ;
#1519 = VERTEX_POINT ( 'NONE', #2102 ) ;
#1520 = DIRECTION ( 'NONE',  ( -1.000000000000000000, 0.000000000000000000, -0.000000000000000000 ) ) ;
#1521 = EDGE_CURVE ( 'NONE', #3185, #572, #1884, .T. ) ;
#1522 = EDGE_CURVE ( 'NONE', #147, #1208, #3112, .T. ) ;
#1523 = DIRECTION ( 'NONE',  ( -1.000000000000000000, 0.000000000000000000, 0.000000000000000000 ) ) ;
#1524 = CARTESIAN_POINT ( 'NONE',  ( 5.000000000000000888, -14.94875277203466268, 4.547022713884988576 ) ) ;
#1525 = ORIENTED_EDGE ( 'NONE', *, *, #2395, .F. ) ;
#1526 = VERTEX_POINT ( 'NONE', #2641 ) ;
#1527 = CARTESIAN_POINT ( 'NONE',  ( 10.00000000000000000, -13.24318199697760789, 2.662028249258292067 ) ) ;
#1528 = FACE_OUTER_BOUND ( 'NONE', #610, .T. ) ;
#1529 = ORIENTED_EDGE ( 'NONE', *, *, #1521, .T. ) ;
#1530 = VECTOR ( 'NONE', #310, 1000.000000000000000 ) ;
#1531 = DIRECTION ( 'NONE',  ( -1.000000000000000000, -0.000000000000000000, 0.000000000000000000 ) ) ;
#1532 = CIRCLE ( 'NONE', #3442, 5.750000000000000000 ) ;
#1533 = ORIENTED_EDGE ( 'NONE', *, *, #3156, .F. ) ;
#1534 = DIRECTION ( 'NONE',  ( -1.000000000000000000, 0.000000000000000000, 0.000000000000000000 ) ) ;
#1535 = CIRCLE ( 'NONE', #1881, 5.750000000000000888 ) ;
#1536 = CARTESIAN_POINT ( 'NONE',  ( 10.00000000000000000, 5.350396643122564022, 11.64078124574389150 ) ) ;
#1537 = ORIENTED_EDGE ( 'NONE', *, *, #1504, .T. ) ;
#1538 = DIRECTION ( 'NONE',  ( -1.000000000000000000, 0.000000000000000000, 0.000000000000000000 ) ) ;
#1539 = AXIS2_PLACEMENT_3D ( 'NONE', #509, #1582, #2401 ) ;
#1540 = CARTESIAN_POINT ( 'NONE',  ( 10.00000000000000000, 0.000000000000000000, 0.000000000000000000 ) ) ;
#1541 = CARTESIAN_POINT ( 'NONE',  ( 0.000000000000000000, 6.424699349295218020, -11.08412245155950693 ) ) ;
#1542 = DIRECTION ( 'NONE',  ( -1.000000000000000000, 0.000000000000000000, 0.000000000000000000 ) ) ;
#1543 = EDGE_CURVE ( 'NONE', #1764, #1140, #3053, .T. ) ;
#1544 = ORIENTED_EDGE ( 'NONE', *, *, #2691, .T. ) ;
#1545 = EDGE_LOOP ( 'NONE', ( #2774, #973, #2227, #3251 ) ) ;
#1546 = CARTESIAN_POINT ( 'NONE',  ( 0.000000000000000000, -0.08805550942563283856, -13.50779441774935918 ) ) ;
#1547 = FACE_OUTER_BOUND ( 'NONE', #1488, .T. ) ;
#1548 = EDGE_CURVE ( 'NONE', #1519, #491, #4, .T. ) ;
#1549 = ORIENTED_EDGE ( 'NONE', *, *, #1178, .T. ) ;
#1550 = DIRECTION ( 'NONE',  ( -1.000000000000000000, 0.000000000000000000, 0.000000000000000000 ) ) ;
#1551 = VECTOR ( 'NONE', #916, 1000.000000000000000 ) ;
#1552 = VECTOR ( 'NONE', #2535, 1000.000000000000000 ) ;
#1553 = ORIENTED_EDGE ( 'NONE', *, *, #2747, .F. ) ;
#1554 = VECTOR ( 'NONE', #812, 1000.000000000000000 ) ;
#1555 = CARTESIAN_POINT ( 'NONE',  ( 0.000000000000000000, 15.42867212834063828, -2.469149925817534896 ) ) ;
#1556 = CARTESIAN_POINT ( 'NONE',  ( 0.000000000000000000, 11.89962618115368898, 10.12618001759803299 ) ) ;
#1557 = VERTEX_POINT ( 'NONE', #1813 ) ;
#1558 = CARTESIAN_POINT ( 'NONE',  ( 10.00000000000000000, 0.000000000000000000, 0.000000000000000000 ) ) ;
#1559 = CYLINDRICAL_SURFACE ( 'NONE', #1028, 3.000000000000000444 ) ;
#1560 = CARTESIAN_POINT ( 'NONE',  ( 0.000000000000000000, 4.905870903713660525, 14.83485947611556099 ) ) ;
#1561 = AXIS2_PLACEMENT_3D ( 'NONE', #256, #1323, #1248 ) ;
#1562 = ORIENTED_EDGE ( 'NONE', *, *, #3414, .T. ) ;
#1563 = VERTEX_POINT ( 'NONE', #3199 ) ;
#1564 = EDGE_CURVE ( 'NONE', #1002, #1174, #2050, .T. ) ;
#1565 = DIRECTION ( 'NONE',  ( -1.000000000000000000, -0.000000000000000000, 0.000000000000000000 ) ) ;
#1566 = DIRECTION ( 'NONE',  ( -1.000000000000000000, -0.000000000000000000, 0.000000000000000000 ) ) ;
#1567 = EDGE_LOOP ( 'NONE', ( #2379, #1610, #2548, #1631 ) ) ;
#1568 = ADVANCED_FACE ( 'NONE', ( #2605 ), #1868, .T. ) ;
#1569 = DIRECTION ( 'NONE',  ( -1.000000000000000000, -0.000000000000000000, 0.000000000000000000 ) ) ;
#1570 = EDGE_CURVE ( 'NONE', #1324, #2117, #923, .T. ) ;
#1571 = ORIENTED_EDGE ( 'NONE', *, *, #1940, .F. ) ;
#1572 = AXIS2_PLACEMENT_3D ( 'NONE', #1578, #2654, #1052 ) ;
#1573 = DIRECTION ( 'NONE',  ( -1.000000000000000000, -0.000000000000000000, -0.000000000000000000 ) ) ;
#1574 = DIRECTION ( 'NONE',  ( 0.000000000000000000, 0.5195839500354346718, -0.8544194045464877929 ) ) ;
#1575 = ORIENTED_EDGE ( 'NONE', *, *, #700, .T. ) ;
#1576 = DIRECTION ( 'NONE',  ( 0.000000000000000000, 0.3984010898462360117, 0.9172113015054552676 ) ) ;
#1577 = DIRECTION ( 'NONE',  ( -1.000000000000000000, 0.000000000000000000, 0.000000000000000000 ) ) ;
#1578 = CARTESIAN_POINT ( 'NONE',  ( 0.000000000000000000, 0.000000000000000000, 0.000000000000000000 ) ) ;
#1579 = EDGE_LOOP ( 'NONE', ( #456, #3296, #3441, #2566 ) ) ;
#1580 = ORIENTED_EDGE ( 'NONE', *, *, #263, .F. ) ;
#1581 = FACE_OUTER_BOUND ( 'NONE', #2134, .T. ) ;
#1582 = DIRECTION ( 'NONE',  ( 1.000000000000000000, 0.000000000000000000, 0.000000000000000000 ) ) ;
#1583 = VERTEX_POINT ( 'NONE', #1889 ) ;
#1584 = AXIS2_PLACEMENT_3D ( 'NONE', #710, #1786, #1049 ) ;
#1585 = DIRECTION ( 'NONE',  ( -1.000000000000000000, -0.000000000000000000, 0.000000000000000000 ) ) ;
#1586 = PRODUCT_DEFINITION_SHAPE ( 'NONE', 'NONE',  #562 ) ;
#1587 = ADVANCED_FACE ( 'NONE', ( #1528 ), #2238, .T. ) ;
#1588 = VECTOR ( 'NONE', #294, 1000.000000000000000 ) ;
#1589 = EDGE_CURVE ( 'NONE', #312, #159, #583, .T. ) ;
#1590 = ORIENTED_EDGE ( 'NONE', *, *, #836, .T. ) ;
#1591 = AXIS2_PLACEMENT_3D ( 'NONE', #2072, #3116, #2872 ) ;
#1592 = CARTESIAN_POINT ( 'NONE',  ( 10.00000000000000000, 14.46548752452593867, -5.906800798891420179 ) ) ;
#1593 = EDGE_CURVE ( 'NONE', #506, #2854, #695, .T. ) ;
#1594 = VERTEX_POINT ( 'NONE', #2187 ) ;
#1595 = CARTESIAN_POINT ( 'NONE',  ( 0.000000000000000000, 11.95285973547136749, -6.292647133684546645 ) ) ;
#1596 = CARTESIAN_POINT ( 'NONE',  ( 5.000000000000000888, 5.556561520398572540, 14.60360397538997645 ) ) ;
#1597 = DIRECTION ( 'NONE',  ( 0.000000000000000000, 0.000000000000000000, 1.000000000000000000 ) ) ;
#1598 = CIRCLE ( 'NONE', #1424, 5.750000000000000888 ) ;
#1599 = ORIENTED_EDGE ( 'NONE', *, *, #2801, .F. ) ;
#1600 = EDGE_LOOP ( 'NONE', ( #497, #479, #1404, #1879 ) ) ;
#1601 = CARTESIAN_POINT ( 'NONE',  ( 10.00000000000000000, 12.75735481870598420, 4.440513690392164037 ) ) ;
#1602 = DIRECTION ( 'NONE',  ( 0.000000000000000000, 0.000000000000000000, 1.000000000000000000 ) ) ;
#1603 = VERTEX_POINT ( 'NONE', #558 ) ;
#1604 = CARTESIAN_POINT ( 'NONE',  ( 10.00000000000000000, 0.000000000000000000, 0.000000000000000000 ) ) ;
#1605 = ORIENTED_EDGE ( 'NONE', *, *, #3156, .T. ) ;
#1606 = CARTESIAN_POINT ( 'NONE',  ( 0.000000000000000000, -0.2697443336426981197, -12.80865997067872719 ) ) ;
#1607 = EDGE_CURVE ( 'NONE', #5, #2601, #1040, .T. ) ;
#1608 = DIRECTION ( 'NONE',  ( 0.000000000000000000, 0.9976687691905389288, 0.06824241336467466723 ) ) ;
#1609 = CIRCLE ( 'NONE', #1328, 5.750000000000000000 ) ;
#1610 = ORIENTED_EDGE ( 'NONE', *, *, #1629, .F. ) ;
#1611 = DIRECTION ( 'NONE',  ( -1.000000000000000000, 0.000000000000000000, 0.000000000000000000 ) ) ;
#1612 = EDGE_CURVE ( 'NONE', #1422, #1102, #2225, .T. ) ;
#1613 = CARTESIAN_POINT ( 'NONE',  ( 10.00000000000000000, -12.59563626849159235, 2.341896505368907810 ) ) ;
#1614 = FACE_OUTER_BOUND ( 'NONE', #3386, .T. ) ;
#1615 = ORIENTED_EDGE ( 'NONE', *, *, #2196, .F. ) ;
#1616 = ORIENTED_EDGE ( 'NONE', *, *, #2853, .F. ) ;
#1617 = DIRECTION ( 'NONE',  ( 0.000000000000000000, 0.1361666490962399889, 0.9906859460363316439 ) ) ;
#1618 = CIRCLE ( 'NONE', #546, 5.750000000000000000 ) ;
#1619 = CARTESIAN_POINT ( 'NONE',  ( 10.00000000000000000, 2.011344227983578037, -12.65262923848466947 ) ) ;
#1620 = VERTEX_POINT ( 'NONE', #2447 ) ;
#1621 = LINE ( 'NONE', #1342, #1471 ) ;
#1622 = CARTESIAN_POINT ( 'NONE',  ( 0.000000000000000000, 13.48231375170810864, 6.583954258591798947 ) ) ;
#1623 = DIRECTION ( 'NONE',  ( -1.000000000000000000, -0.000000000000000000, 0.000000000000000000 ) ) ;
#1624 = CIRCLE ( 'NONE', #2025, 5.750000000000000888 ) ;
#1625 = VERTEX_POINT ( 'NONE', #1354 ) ;
#1626 = CYLINDRICAL_SURFACE ( 'NONE', #3269, 5.750000000000000000 ) ;
#1627 = DIRECTION ( 'NONE',  ( -1.000000000000000000, 0.000000000000000000, 0.000000000000000000 ) ) ;
#1628 = DIRECTION ( 'NONE',  ( 0.000000000000000000, 0.000000000000000000, 1.000000000000000000 ) ) ;
#1629 = EDGE_CURVE ( 'NONE', #380, #3185, #1092, .T. ) ;
#1630 = ADVANCED_FACE ( 'NONE', ( #314 ), #861, .T. ) ;
#1631 = ORIENTED_EDGE ( 'NONE', *, *, #2878, .T. ) ;
#1632 = ORIENTED_EDGE ( 'NONE', *, *, #3007, .T. ) ;
#1633 = CARTESIAN_POINT ( 'NONE',  ( 0.000000000000000000, -0.08805550942581237550, 13.50779441774935918 ) ) ;
#1634 = DIRECTION ( 'NONE',  ( 0.000000000000000000, 0.000000000000000000, 1.000000000000000000 ) ) ;
#1635 = VERTEX_POINT ( 'NONE', #1684 ) ;
#1636 = DIRECTION ( 'NONE',  ( 0.000000000000000000, -0.3984010898462485017, 0.9172113015054500496 ) ) ;
#1637 = CARTESIAN_POINT ( 'NONE',  ( 10.00000000000000000, 9.176914517988242537, 8.939729983592155094 ) ) ;
#1638 = AXIS2_PLACEMENT_3D ( 'NONE', #3043, #1182, #939 ) ;
#1639 = ORIENTED_EDGE ( 'NONE', *, *, #1799, .T. ) ;
#1640 = DIRECTION ( 'NONE',  ( -1.000000000000000000, -0.000000000000000000, -0.000000000000000000 ) ) ;
#1641 = CIRCLE ( 'NONE', #1698, 12.81149999999999523 ) ;
#1642 = DIRECTION ( 'NONE',  ( 0.000000000000000000, 0.000000000000000000, -1.000000000000000000 ) ) ;
#1643 = CARTESIAN_POINT ( 'NONE',  ( 10.00000000000000178, 0.000000000000000000, 0.000000000000000000 ) ) ;
#1644 = CIRCLE ( 'NONE', #2940, 15.62500000000000000 ) ;
#1645 = VERTEX_POINT ( 'NONE', #2432 ) ;
#1646 = VERTEX_POINT ( 'NONE', #1955 ) ;
#1647 = AXIS2_PLACEMENT_3D ( 'NONE', #3384, #1173, #3106 ) ;
#1648 = CARTESIAN_POINT ( 'NONE',  ( 5.000000000000000000, -10.91463276349825406, 11.18085044341308176 ) ) ;
#1649 = ADVANCED_FACE ( 'NONE', ( #349 ), #3003, .T. ) ;
#1650 = DIRECTION ( 'NONE',  ( 0.000000000000000000, 0.9790840876823234673, -0.2034560130526308908 ) ) ;
#1651 = CIRCLE ( 'NONE', #1820, 12.81150000000000055 ) ;
#1652 = ORIENTED_EDGE ( 'NONE', *, *, #340, .T. ) ;
#1653 = DIRECTION ( 'NONE',  ( 0.000000000000000000, 0.000000000000000000, 1.000000000000000000 ) ) ;
#1654 = AXIS2_PLACEMENT_3D ( 'NONE', #2727, #3268, #1634 ) ;
#1655 = EDGE_CURVE ( 'NONE', #2874, #380, #1888, .T. ) ;
#1656 = DIRECTION ( 'NONE',  ( -1.000000000000000000, 0.000000000000000000, 0.000000000000000000 ) ) ;
#1657 = ORIENTED_EDGE ( 'NONE', *, *, #2389, .T. ) ;
#1658 = FACE_OUTER_BOUND ( 'NONE', #621, .T. ) ;
#1659 = DIRECTION ( 'NONE',  ( 1.000000000000000000, -0.000000000000000000, -0.000000000000000000 ) ) ;
#1660 = PRESENTATION_LAYER_ASSIGNMENT (  '', '', ( #2005 ) ) ;
#1661 = DIRECTION ( 'NONE',  ( -1.000000000000000000, 0.000000000000000000, 0.000000000000000000 ) ) ;
#1662 = VECTOR ( 'NONE', #3117, 1000.000000000000000 ) ;
#1663 = VERTEX_POINT ( 'NONE', #1401 ) ;
#1664 = EDGE_LOOP ( 'NONE', ( #3231, #449, #2262, #468 ) ) ;
#1665 = CIRCLE ( 'NONE', #2567, 15.62500000000000000 ) ;
#1666 = DIRECTION ( 'NONE',  ( 0.000000000000000000, 0.000000000000000000, 1.000000000000000000 ) ) ;
#1667 = CARTESIAN_POINT ( 'NONE',  ( 10.00000000000000000, -14.94875277203459873, -4.547022713885192857 ) ) ;
#1668 = PRODUCT_DEFINITION_FORMATION_WITH_SPECIFIED_SOURCE ( 'ANY', '', #2030, .NOT_KNOWN. ) ;
#1669 = ORIENTED_EDGE ( 'NONE', *, *, #2771, .F. ) ;
#1670 = EDGE_CURVE ( 'NONE', #2784, #330, #198, .T. ) ;
#1671 = VERTEX_POINT ( 'NONE', #96 ) ;
#1672 = FACE_OUTER_BOUND ( 'NONE', #3440, .T. ) ;
#1673 = AXIS2_PLACEMENT_3D ( 'NONE', #1843, #2317, #1313 ) ;
#1674 = EDGE_CURVE ( 'NONE', #1681, #955, #3284, .T. ) ;
#1675 = EDGE_CURVE ( 'NONE', #1785, #2204, #2165, .T. ) ;
#1676 = DIRECTION ( 'NONE',  ( -1.000000000000000000, 0.000000000000000000, 0.000000000000000000 ) ) ;
#1677 = ORIENTED_EDGE ( 'NONE', *, *, #402, .T. ) ;
#1678 = CYLINDRICAL_SURFACE ( 'NONE', #3215, 12.81149999999999700 ) ;
#1679 = DIRECTION ( 'NONE',  ( 0.000000000000000000, 0.1361666490962400167, 0.9906859460363315328 ) ) ;
#1680 = CARTESIAN_POINT ( 'NONE',  ( 10.00000000000000000, -10.98468148073614437, 7.861617936003591822 ) ) ;
#1681 = VERTEX_POINT ( 'NONE', #1667 ) ;
#1682 = CARTESIAN_POINT ( 'NONE',  ( 5.000000000000000888, 8.726345089906628161, 12.96115451539185059 ) ) ;
#1683 = CARTESIAN_POINT ( 'NONE',  ( -10.00000000000000000, 0.000000000000000000, 0.000000000000000000 ) ) ;
#1684 = CARTESIAN_POINT ( 'NONE',  ( 0.000000000000000000, -7.493331224602524543, -13.71096685716936747 ) ) ;
#1685 = AXIS2_PLACEMENT_3D ( 'NONE', #3066, #671, #958 ) ;
#1686 = ORIENTED_EDGE ( 'NONE', *, *, #2243, .T. ) ;
#1687 = ORIENTED_EDGE ( 'NONE', *, *, #2297, .T. ) ;
#1688 = CARTESIAN_POINT ( 'NONE',  ( 10.00000000000000000, -12.59563626849155860, -2.341896505369085002 ) ) ;
#1689 = LINE ( 'NONE', #355, #1425 ) ;
#1690 = ADVANCED_FACE ( 'NONE', ( #609 ), #2743, .T. ) ;
#1691 = EDGE_CURVE ( 'NONE', #891, #151, #2609, .T. ) ;
#1692 = ORIENTED_EDGE ( 'NONE', *, *, #3242, .F. ) ;
#1693 = CARTESIAN_POINT ( 'NONE',  ( -10.00000000000000000, 0.000000000000000000, 0.000000000000000000 ) ) ;
#1694 = AXIS2_PLACEMENT_3D ( 'NONE', #2075, #1294, #781 ) ;
#1695 = FACE_OUTER_BOUND ( 'NONE', #3254, .T. ) ;
#1696 = EDGE_CURVE ( 'NONE', #1510, #521, #1201, .T. ) ;
#1697 = DIRECTION ( 'NONE',  ( 0.000000000000000000, 0.000000000000000000, 1.000000000000000000 ) ) ;
#1698 = AXIS2_PLACEMENT_3D ( 'NONE', #3403, #1035, #1017 ) ;
#1699 = ORIENTED_EDGE ( 'NONE', *, *, #1979, .F. ) ;
#1700 = DIRECTION ( 'NONE',  ( -1.000000000000000000, -0.000000000000000000, -0.000000000000000000 ) ) ;
#1701 = CYLINDRICAL_SURFACE ( 'NONE', #1442, 5.750000000000000000 ) ;
#1702 = AXIS2_PLACEMENT_3D ( 'NONE', #1966, #2824, #2231 ) ;
#1703 = LINE ( 'NONE', #1491, #722 ) ;
#1704 = ORIENTED_EDGE ( 'NONE', *, *, #2413, .T. ) ;
#1705 = VERTEX_POINT ( 'NONE', #1619 ) ;
#1706 = CYLINDRICAL_SURFACE ( 'NONE', #1494, 5.750000000000000000 ) ;
#1707 = CIRCLE ( 'NONE', #751, 12.81149999999999878 ) ;
#1708 = AXIS2_PLACEMENT_3D ( 'NONE', #1005, #270, #2363 ) ;
#1709 = CARTESIAN_POINT ( 'NONE',  ( 10.00000000000000000, 0.000000000000000000, 0.000000000000000000 ) ) ;
#1710 = SHAPE_DEFINITION_REPRESENTATION ( #1586, #3084 ) ;
#1711 = AXIS2_PLACEMENT_3D ( 'NONE', #3072, #110, #3368 ) ;
#1712 = ORIENTED_EDGE ( 'NONE', *, *, #1432, .F. ) ;
#1713 = DIRECTION ( 'NONE',  ( -1.000000000000000000, 0.000000000000000000, -0.000000000000000000 ) ) ;
#1714 = EDGE_CURVE ( 'NONE', #1705, #1663, #1150, .T. ) ;
#1715 = CARTESIAN_POINT ( 'NONE',  ( 0.000000000000000000, -12.69837882901397741, 4.606456221410401675 ) ) ;
#1716 = DIRECTION ( 'NONE',  ( 0.000000000000000000, 0.000000000000000000, 1.000000000000000000 ) ) ;
#1717 = VERTEX_POINT ( 'NONE', #2305 ) ;
#1718 = DIRECTION ( 'NONE',  ( -1.000000000000000000, 0.000000000000000000, 0.000000000000000000 ) ) ;
#1719 = EDGE_CURVE ( 'NONE', #2199, #3259, #3446, .T. ) ;
#1720 = CARTESIAN_POINT ( 'NONE',  ( 0.000000000000000000, 8.592911864346651996, 10.42257787193223884 ) ) ;
#1721 = AXIS2_PLACEMENT_3D ( 'NONE', #3407, #1004, #2658 ) ;
#1722 = DIRECTION ( 'NONE',  ( -1.000000000000000000, 0.000000000000000000, -0.000000000000000000 ) ) ;
#1723 = ORIENTED_EDGE ( 'NONE', *, *, #466, .T. ) ;
#1724 = AXIS2_PLACEMENT_3D ( 'NONE', #2141, #2055, #2158 ) ;
#1725 = ORIENTED_EDGE ( 'NONE', *, *, #2513, .F. ) ;
#1726 = CYLINDRICAL_SURFACE ( 'NONE', #1947, 5.750000000000000000 ) ;
#1727 = VECTOR ( 'NONE', #3086, 1000.000000000000000 ) ;
#1728 = DIRECTION ( 'NONE',  ( 0.000000000000000000, 0.000000000000000000, -1.000000000000000000 ) ) ;
#1729 = CIRCLE ( 'NONE', #3130, 12.81149999999999700 ) ;
#1730 = ORIENTED_EDGE ( 'NONE', *, *, #532, .T. ) ;
#1731 = DIRECTION ( 'NONE',  ( 0.000000000000000000, 0.000000000000000000, 1.000000000000000000 ) ) ;
#1732 = DIRECTION ( 'NONE',  ( 0.000000000000000000, -0.8169698930104470902, 0.5766803221148600889 ) ) ;
#1733 = CARTESIAN_POINT ( 'NONE',  ( 5.000000000000000000, -7.493331224602524543, -13.71096685716936570 ) ) ;
#1734 = ORIENTED_EDGE ( 'NONE', *, *, #1148, .T. ) ;
#1735 = CARTESIAN_POINT ( 'NONE',  ( 50.00005079999999680, 0.000000000000000000, 3.000000000000000444 ) ) ;
#1736 = CARTESIAN_POINT ( 'NONE',  ( 10.00000000000000000, -13.47029551076156295, 4.740345277989609585 ) ) ;
#1737 = CARTESIAN_POINT ( 'NONE',  ( 10.00000000000000000, 1.926546458205233625, -13.36999186795930328 ) ) ;
#1738 = EDGE_CURVE ( 'NONE', #2065, #258, #1320, .T. ) ;
#1739 = EDGE_CURVE ( 'NONE', #164, #2470, #257, .T. ) ;
#1740 = ORIENTED_EDGE ( 'NONE', *, *, #1305, .T. ) ;
#1741 = ORIENTED_EDGE ( 'NONE', *, *, #3069, .F. ) ;
#1742 = DIRECTION ( 'NONE',  ( 0.000000000000000000, 0.000000000000000000, 1.000000000000000000 ) ) ;
#1743 = CIRCLE ( 'NONE', #1070, 12.81149999999999700 ) ;
#1744 = CARTESIAN_POINT ( 'NONE',  ( 0.000000000000000000, -14.94875277203459873, -4.547022713885192857 ) ) ;
#1745 = EDGE_LOOP ( 'NONE', ( #352, #1281, #1345, #1704 ) ) ;
#1746 = CARTESIAN_POINT ( 'NONE',  ( 0.000000000000000000, -2.840164252701208092, -15.36470279626905544 ) ) ;
#1747 = DIRECTION ( 'NONE',  ( 0.000000000000000000, 0.000000000000000000, 1.000000000000000000 ) ) ;
#1748 = DIRECTION ( 'NONE',  ( 0.000000000000000000, -0.1361666490962538667, 0.9906859460363297565 ) ) ;
#1749 = VERTEX_POINT ( 'NONE', #2795 ) ;
#1750 = DIRECTION ( 'NONE',  ( 1.000000000000000000, -0.000000000000000000, 0.000000000000000000 ) ) ;
#1751 = AXIS2_PLACEMENT_3D ( 'NONE', #326, #535, #835 ) ;
#1752 = CARTESIAN_POINT ( 'NONE',  ( 10.00000000000000000, -12.76039202360793112, -1.143209365708231395 ) ) ;
#1753 = DIRECTION ( 'NONE',  ( 0.000000000000000000, -0.8169698930104470902, 0.5766803221148599778 ) ) ;
#1754 = VECTOR ( 'NONE', #1882, 1000.000000000000000 ) ;
#1755 = EDGE_LOOP ( 'NONE', ( #203, #242, #1953, #7 ) ) ;
#1756 = ORIENTED_EDGE ( 'NONE', *, *, #2747, .T. ) ;
#1757 = EDGE_CURVE ( 'NONE', #691, #2520, #2812, .T. ) ;
#1758 = CIRCLE ( 'NONE', #1591, 15.62500000000000000 ) ;
#1759 = LINE ( 'NONE', #698, #2503 ) ;
#1760 = DIRECTION ( 'NONE',  ( 0.000000000000000000, 0.000000000000000000, 1.000000000000000000 ) ) ;
#1761 = AXIS2_PLACEMENT_3D ( 'NONE', #3448, #1894, #2976 ) ;
#1762 = EDGE_CURVE ( 'NONE', #1594, #1557, #2782, .T. ) ;
#1763 = CARTESIAN_POINT ( 'NONE',  ( 10.00000000000000000, 12.75735481870604282, -4.440513690391990842 ) ) ;
#1764 = VERTEX_POINT ( 'NONE', #178 ) ;
#1765 = AXIS2_PLACEMENT_3D ( 'NONE', #1737, #383, #3088 ) ;
#1766 = CARTESIAN_POINT ( 'NONE',  ( 0.000000000000000000, 0.000000000000000000, 0.000000000000000000 ) ) ;
#1767 = CARTESIAN_POINT ( 'NONE',  ( 10.00000000000000000, -0.2697443336426981197, -12.80865997067872719 ) ) ;
#1768 = ORIENTED_EDGE ( 'NONE', *, *, #402, .F. ) ;
#1769 = CARTESIAN_POINT ( 'NONE',  ( 10.00000000000000000, 6.424699349295218020, -11.08412245155950693 ) ) ;
#1770 = FACE_OUTER_BOUND ( 'NONE', #1119, .T. ) ;
#1771 = CYLINDRICAL_SURFACE ( 'NONE', #2169, 5.750000000000000000 ) ;
#1772 = ORIENTED_EDGE ( 'NONE', *, *, #2514, .F. ) ;
#1773 = ORIENTED_EDGE ( 'NONE', *, *, #3388, .T. ) ;
#1774 = CIRCLE ( 'NONE', #2846, 5.750000000000000000 ) ;
#1775 = DIRECTION ( 'NONE',  ( 0.000000000000000000, 0.000000000000000000, 1.000000000000000000 ) ) ;
#1776 = CARTESIAN_POINT ( 'NONE',  ( 10.00000000000000000, -9.932084523302714629, -9.155433404645117790 ) ) ;
#1777 = AXIS2_PLACEMENT_3D ( 'NONE', #3087, #1954, #948 ) ;
#1778 = DIRECTION ( 'NONE',  ( -1.000000000000000000, -0.000000000000000000, -0.000000000000000000 ) ) ;
#1779 = ADVANCED_FACE ( 'NONE', ( #661 ), #125, .T. ) ;
#1780 = ADVANCED_FACE ( 'NONE', ( #962 ), #1771, .T. ) ;
#1781 = VERTEX_POINT ( 'NONE', #1473 ) ;
#1782 = CARTESIAN_POINT ( 'NONE',  ( 0.000000000000000000, -10.91463276349825229, 11.18085044341307466 ) ) ;
#1783 = CIRCLE ( 'NONE', #273, 5.750000000000000000 ) ;
#1784 = DIRECTION ( 'NONE',  ( -1.000000000000000000, 0.000000000000000000, -0.000000000000000000 ) ) ;
#1785 = VERTEX_POINT ( 'NONE', #2021 ) ;
#1786 = DIRECTION ( 'NONE',  ( -1.000000000000000000, 0.000000000000000000, -0.000000000000000000 ) ) ;
#1787 = CARTESIAN_POINT ( 'NONE',  ( 10.00000000000000000, 11.24851991847268096, 6.132318639285085915 ) ) ;
#1788 = DIRECTION ( 'NONE',  ( 1.000000000000000000, 0.000000000000000000, -0.000000000000000000 ) ) ;
#1789 = CARTESIAN_POINT ( 'NONE',  ( 10.00000000000000000, -12.69837882901397741, 4.606456221410401675 ) ) ;
#1790 = ORIENTED_EDGE ( 'NONE', *, *, #682, .F. ) ;
#1791 = ORIENTED_EDGE ( 'NONE', *, *, #2133, .F. ) ;
#1792 = CARTESIAN_POINT ( 'NONE',  ( 10.00000000000000000, 14.19036643571218015, -6.540193072089928172 ) ) ;
#1793 = DIRECTION ( 'NONE',  ( -1.000000000000000000, 0.000000000000000000, -0.000000000000000000 ) ) ;
#1794 = CIRCLE ( 'NONE', #2308, 15.62499999999999822 ) ;
#1795 = VERTEX_POINT ( 'NONE', #2829 ) ;
#1796 = DIRECTION ( 'NONE',  ( 0.000000000000000000, 0.9422609221188191775, 0.3348796121709900486 ) ) ;
#1797 = AXIS2_PLACEMENT_3D ( 'NONE', #2541, #413, #1748 ) ;
#1798 = ORIENTED_EDGE ( 'NONE', *, *, #2534, .T. ) ;
#1799 = EDGE_CURVE ( 'NONE', #1443, #2470, #2332, .T. ) ;
#1800 = ADVANCED_FACE ( 'NONE', ( #418 ), #3052, .T. ) ;
#1801 = DIRECTION ( 'NONE',  ( 0.000000000000000000, 0.6310879443260484223, 0.7757112907044232397 ) ) ;
#1802 = CYLINDRICAL_SURFACE ( 'NONE', #266, 5.750000000000001776 ) ;
#1803 = ORIENTED_EDGE ( 'NONE', *, *, #793, .T. ) ;
#1804 = DIRECTION ( 'NONE',  ( -1.000000000000000000, -0.000000000000000000, 0.000000000000000000 ) ) ;
#1805 = EDGE_CURVE ( 'NONE', #258, #1810, #3228, .T. ) ;
#1806 = DIRECTION ( 'NONE',  ( -1.000000000000000000, 0.000000000000000000, -0.000000000000000000 ) ) ;
#1807 = DIRECTION ( 'NONE',  ( -1.000000000000000000, 0.000000000000000000, 0.000000000000000000 ) ) ;
#1808 = CARTESIAN_POINT ( 'NONE',  ( 10.00000000000000000, -11.49671979254295451, -5.653314626106627827 ) ) ;
#1809 = ORIENTED_EDGE ( 'NONE', *, *, #1851, .F. ) ;
#1810 = VERTEX_POINT ( 'NONE', #3336 ) ;
#1811 = FACE_OUTER_BOUND ( 'NONE', #3103, .T. ) ;
#1812 = CIRCLE ( 'NONE', #2596, 12.81149999999999523 ) ;
#1813 = CARTESIAN_POINT ( 'NONE',  ( 10.00000000000000000, -10.40994441961315431, -11.65219645305402985 ) ) ;
#1814 = ORIENTED_EDGE ( 'NONE', *, *, #109, .T. ) ;
#1815 = CIRCLE ( 'NONE', #2881, 12.81149999999999878 ) ;
#1816 = DIRECTION ( 'NONE',  ( 0.000000000000000000, 0.000000000000000000, -1.000000000000000000 ) ) ;
#1817 = AXIS2_PLACEMENT_3D ( 'NONE', #689, #186, #1272 ) ;
#1818 = ORIENTED_EDGE ( 'NONE', *, *, #836, .F. ) ;
#1819 = DIRECTION ( 'NONE',  ( -1.000000000000000000, -0.000000000000000000, -0.000000000000000000 ) ) ;
#1820 = AXIS2_PLACEMENT_3D ( 'NONE', #2226, #2063, #868 ) ;
#1821 = CARTESIAN_POINT ( 'NONE',  ( 0.000000000000000000, 0.000000000000000000, 0.000000000000000000 ) ) ;
#1822 = EDGE_CURVE ( 'NONE', #2601, #1356, #3363, .T. ) ;
#1823 = EDGE_LOOP ( 'NONE', ( #2689, #2295, #1909, #2882 ) ) ;
#1824 = CYLINDRICAL_SURFACE ( 'NONE', #3211, 5.750000000000000000 ) ;
#1825 = AXIS2_PLACEMENT_3D ( 'NONE', #735, #1566, #2120 ) ;
#1826 = CARTESIAN_POINT ( 'NONE',  ( 10.00000000000000000, 0.000000000000000000, 0.000000000000000000 ) ) ;
#1827 = FACE_OUTER_BOUND ( 'NONE', #1456, .T. ) ;
#1828 = EDGE_CURVE ( 'NONE', #1002, #3430, #1289, .T. ) ;
#1829 = EDGE_CURVE ( 'NONE', #29, #2601, #3033, .T. ) ;
#1830 = EDGE_LOOP ( 'NONE', ( #627, #3207, #1322, #2234 ) ) ;
#1831 = ORIENTED_EDGE ( 'NONE', *, *, #747, .T. ) ;
#1832 = CARTESIAN_POINT ( 'NONE',  ( 0.000000000000000000, 3.195993620908689881, -12.40645626378100630 ) ) ;
#1833 = CARTESIAN_POINT ( 'NONE',  ( 10.00000000000000000, -10.40994441961331418, 11.65219645305388774 ) ) ;
#1834 = ORIENTED_EDGE ( 'NONE', *, *, #1940, .T. ) ;
#1835 = CARTESIAN_POINT ( 'NONE',  ( 0.000000000000000000, 9.290514346019632441, -12.56292036854501681 ) ) ;
#1836 =( GEOMETRIC_REPRESENTATION_CONTEXT ( 3 ) GLOBAL_UNCERTAINTY_ASSIGNED_CONTEXT ( ( #2048 ) ) GLOBAL_UNIT_ASSIGNED_CONTEXT ( ( #1091, #31, #2219 ) ) REPRESENTATION_CONTEXT ( 'NONE', 'WORKASPACE' ) );
#1837 = AXIS2_PLACEMENT_3D ( 'NONE', #1482, #649, #2012 ) ;
#1838 = VERTEX_POINT ( 'NONE', #624 ) ;
#1839 = CIRCLE ( 'NONE', #706, 12.81149999999999523 ) ;
#1840 = LINE ( 'NONE', #2371, #188 ) ;
#1841 = DIRECTION ( 'NONE',  ( -1.000000000000000000, 0.000000000000000000, -0.000000000000000000 ) ) ;
#1842 = ORIENTED_EDGE ( 'NONE', *, *, #2811, .F. ) ;
#1843 = CARTESIAN_POINT ( 'NONE',  ( 10.00000000000000000, 0.000000000000000000, 0.000000000000000000 ) ) ;
#1844 = CIRCLE ( 'NONE', #942, 5.750000000000000888 ) ;
#1845 = DIRECTION ( 'NONE',  ( -1.000000000000000000, 0.000000000000000000, 0.000000000000000000 ) ) ;
#1846 = CARTESIAN_POINT ( 'NONE',  ( 10.00000000000000000, 0.000000000000000000, 0.000000000000000000 ) ) ;
#1847 = ORIENTED_EDGE ( 'NONE', *, *, #1481, .F. ) ;
#1848 = ORIENTED_EDGE ( 'NONE', *, *, #2322, .T. ) ;
#1849 = CARTESIAN_POINT ( 'NONE',  ( 10.00000000000000000, 11.24851991847276622, -6.132318639284933148 ) ) ;
#1850 = EDGE_CURVE ( 'NONE', #1681, #2448, #1703, .T. ) ;
#1851 = EDGE_CURVE ( 'NONE', #2360, #2117, #2254, .T. ) ;
#1852 = LINE ( 'NONE', #2956, #2443 ) ;
#1853 = VERTEX_POINT ( 'NONE', #930 ) ;
#1854 = DIRECTION ( 'NONE',  ( 0.000000000000000000, 0.6310879443260485333, 0.7757112907044233507 ) ) ;
#1855 = AXIS2_PLACEMENT_3D ( 'NONE', #1389, #580, #1653 ) ;
#1856 = VERTEX_POINT ( 'NONE', #2270 ) ;
#1857 = VECTOR ( 'NONE', #2599, 1000.000000000000000 ) ;
#1858 = CIRCLE ( 'NONE', #2752, 15.62500000000000000 ) ;
#1859 = AXIS2_PLACEMENT_3D ( 'NONE', #1348, #59, #2688 ) ;
#1860 = DIRECTION ( 'NONE',  ( 0.000000000000000000, 0.3984010898462361228, 0.9172113015054553786 ) ) ;
#1861 = ORIENTED_EDGE ( 'NONE', *, *, #1390, .F. ) ;
#1862 = DIRECTION ( 'NONE',  ( -1.000000000000000000, -0.000000000000000000, 0.000000000000000000 ) ) ;
#1863 = DIRECTION ( 'NONE',  ( -1.000000000000000000, 0.000000000000000000, -0.000000000000000000 ) ) ;
#1864 = CARTESIAN_POINT ( 'NONE',  ( 10.00000000000000000, -2.840164252701208092, -15.36470279626905722 ) ) ;
#1865 = ORIENTED_EDGE ( 'NONE', *, *, #963, .F. ) ;
#1866 = VERTEX_POINT ( 'NONE', #949 ) ;
#1867 = LINE ( 'NONE', #2186, #2405 ) ;
#1868 = CYLINDRICAL_SURFACE ( 'NONE', #755, 5.749999999999999112 ) ;
#1869 = ORIENTED_EDGE ( 'NONE', *, *, #300, .F. ) ;
#1870 = EDGE_CURVE ( 'NONE', #2010, #1271, #2078, .T. ) ;
#1871 = CIRCLE ( 'NONE', #1638, 5.750000000000000000 ) ;
#1872 = CARTESIAN_POINT ( 'NONE',  ( 10.00000000000000000, 6.943196843910325100, -11.58707389255953402 ) ) ;
#1873 = CIRCLE ( 'NONE', #404, 12.81149999999999700 ) ;
#1874 = EDGE_CURVE ( 'NONE', #330, #790, #1624, .T. ) ;
#1875 = ORIENTED_EDGE ( 'NONE', *, *, #1141, .F. ) ;
#1876 = LINE ( 'NONE', #979, #211 ) ;
#1877 = CIRCLE ( 'NONE', #2603, 5.750000000000000000 ) ;
#1878 = CYLINDRICAL_SURFACE ( 'NONE', #1761, 12.81149999999999700 ) ;
#1879 = ORIENTED_EDGE ( 'NONE', *, *, #339, .T. ) ;
#1880 = CARTESIAN_POINT ( 'NONE',  ( 0.000000000000000000, 14.19036643571218370, -6.540193072089928172 ) ) ;
#1881 = AXIS2_PLACEMENT_3D ( 'NONE', #307, #1376, #2453 ) ;
#1882 = DIRECTION ( 'NONE',  ( -1.000000000000000000, 0.000000000000000000, -0.000000000000000000 ) ) ;
#1883 = FACE_OUTER_BOUND ( 'NONE', #2606, .T. ) ;
#1884 = CIRCLE ( 'NONE', #2275, 5.750000000000000000 ) ;
#1885 = ORIENTED_EDGE ( 'NONE', *, *, #13, .F. ) ;
#1886 = VERTEX_POINT ( 'NONE', #1560 ) ;
#1887 = DIRECTION ( 'NONE',  ( -1.000000000000000000, 0.000000000000000000, 0.000000000000000000 ) ) ;
#1888 = CIRCLE ( 'NONE', #359, 5.750000000000000888 ) ;
#1889 = CARTESIAN_POINT ( 'NONE',  ( 10.00000000000000000, -1.476880387257531346, -12.72608960253439214 ) ) ;
#1890 = ORIENTED_EDGE ( 'NONE', *, *, #1564, .F. ) ;
#1891 = LINE ( 'NONE', #1114, #129 ) ;
#1892 = AXIS2_PLACEMENT_3D ( 'NONE', #3127, #2850, #2902 ) ;
#1893 = DIRECTION ( 'NONE',  ( -1.000000000000000000, -0.000000000000000000, -0.000000000000000000 ) ) ;
#1894 = DIRECTION ( 'NONE',  ( -1.000000000000000000, 0.000000000000000000, 0.000000000000000000 ) ) ;
#1895 = EDGE_CURVE ( 'NONE', #1563, #2630, #3420, .T. ) ;
#1896 = AXIS2_PLACEMENT_3D ( 'NONE', #1709, #1977, #407 ) ;
#1897 = AXIS2_PLACEMENT_3D ( 'NONE', #3148, #1569, #1268 ) ;
#1898 = ADVANCED_FACE ( 'NONE', ( #3193 ), #767, .T. ) ;
#1899 = CIRCLE ( 'NONE', #375, 5.750000000000000000 ) ;
#1900 = ORIENTED_EDGE ( 'NONE', *, *, #424, .T. ) ;
#1901 = DIRECTION ( 'NONE',  ( -1.000000000000000000, -0.000000000000000000, -0.000000000000000000 ) ) ;
#1902 = DIRECTION ( 'NONE',  ( 1.000000000000000000, -0.000000000000000000, 0.000000000000000000 ) ) ;
#1903 = LINE ( 'NONE', #2722, #2367 ) ;
#1904 = ORIENTED_EDGE ( 'NONE', *, *, #814, .F. ) ;
#1905 = ORIENTED_EDGE ( 'NONE', *, *, #1874, .T. ) ;
#1906 = PRODUCT_DEFINITION_CONTEXT ( 'detailed design', #2481, 'design' ) ;
#1907 = DIRECTION ( 'NONE',  ( -1.000000000000000000, 0.000000000000000000, 0.000000000000000000 ) ) ;
#1908 = CARTESIAN_POINT ( 'NONE',  ( 10.00000000000000000, 11.95285973547136749, -6.292647133684546645 ) ) ;
#1909 = ORIENTED_EDGE ( 'NONE', *, *, #2717, .T. ) ;
#1910 = DIRECTION ( 'NONE',  ( 0.000000000000000000, 0.000000000000000000, 1.000000000000000000 ) ) ;
#1911 = DIRECTION ( 'NONE',  ( -1.000000000000000000, 0.000000000000000000, 0.000000000000000000 ) ) ;
#1912 = ORIENTED_EDGE ( 'NONE', *, *, #1738, .T. ) ;
#1913 = LINE ( 'NONE', #1948, #681 ) ;
#1914 = ADVANCED_FACE ( 'NONE', ( #750 ), #455, .T. ) ;
#1915 = LINE ( 'NONE', #2672, #1530 ) ;
#1916 = CARTESIAN_POINT ( 'NONE',  ( 10.00000000000000000, -3.516283588487546297, -15.22420358262898255 ) ) ;
#1917 = VECTOR ( 'NONE', #638, 1000.000000000000000 ) ;
#1918 = VERTEX_POINT ( 'NONE', #1808 ) ;
#1919 = ORIENTED_EDGE ( 'NONE', *, *, #832, .T. ) ;
#1920 = EDGE_CURVE ( 'NONE', #672, #1785, #1036, .T. ) ;
#1921 = DIRECTION ( 'NONE',  ( 0.000000000000000000, 0.000000000000000000, 1.000000000000000000 ) ) ;
#1922 = DIRECTION ( 'NONE',  ( 0.000000000000000000, 0.000000000000000000, 1.000000000000000000 ) ) ;
#1923 = ORIENTED_EDGE ( 'NONE', *, *, #1406, .T. ) ;
#1924 = DIRECTION ( 'NONE',  ( 0.000000000000000000, 0.000000000000000000, 1.000000000000000000 ) ) ;
#1925 = AXIS2_PLACEMENT_3D ( 'NONE', #2386, #3445, #2404 ) ;
#1926 = CARTESIAN_POINT ( 'NONE',  ( 0.000000000000000000, 0.000000000000000000, 0.000000000000000000 ) ) ;
#1927 = AXIS2_PLACEMENT_3D ( 'NONE', #2296, #3314, #2823 ) ;
#1928 = ORIENTED_EDGE ( 'NONE', *, *, #452, .F. ) ;
#1929 = DIRECTION ( 'NONE',  ( 0.000000000000000000, 0.000000000000000000, 1.000000000000000000 ) ) ;
#1930 = VECTOR ( 'NONE', #817, 1000.000000000000000 ) ;
#1931 = CARTESIAN_POINT ( 'NONE',  ( 0.000000000000000000, 15.42867212834060275, 2.469149925817747615 ) ) ;
#1932 = CYLINDRICAL_SURFACE ( 'NONE', #2087, 12.81149999999999700 ) ;
#1933 = ADVANCED_FACE ( 'NONE', ( #2673 ), #2863, .T. ) ;
#1934 = AXIS2_PLACEMENT_3D ( 'NONE', #2390, #2591, #2910 ) ;
#1935 = ORIENTED_EDGE ( 'NONE', *, *, #2237, .F. ) ;
#1936 = ORIENTED_EDGE ( 'NONE', *, *, #2022, .F. ) ;
#1937 = LINE ( 'NONE', #2692, #1211 ) ;
#1938 = DIRECTION ( 'NONE',  ( -1.000000000000000000, -0.000000000000000000, -0.000000000000000000 ) ) ;
#1939 = ADVANCED_FACE ( 'NONE', ( #1827 ), #192, .T. ) ;
#1940 = EDGE_CURVE ( 'NONE', #3011, #2448, #336, .T. ) ;
#1941 = ORIENTED_EDGE ( 'NONE', *, *, #1237, .T. ) ;
#1942 = ORIENTED_EDGE ( 'NONE', *, *, #1828, .T. ) ;
#1943 = CYLINDRICAL_SURFACE ( 'NONE', #1232, 15.62500000000000000 ) ;
#1944 = AXIS2_PLACEMENT_3D ( 'NONE', #3164, #2677, #3425 ) ;
#1945 = DIRECTION ( 'NONE',  ( 0.000000000000000000, 0.000000000000000000, 1.000000000000000000 ) ) ;
#1946 = ORIENTED_EDGE ( 'NONE', *, *, #1500, .F. ) ;
#1947 = AXIS2_PLACEMENT_3D ( 'NONE', #3340, #3357, #2569 ) ;
#1948 = CARTESIAN_POINT ( 'NONE',  ( 10.00000000000000000, -0.2697443336426981197, -12.80865997067872719 ) ) ;
#1949 = DIRECTION ( 'NONE',  ( -1.000000000000000000, -0.000000000000000000, -0.000000000000000000 ) ) ;
#1950 = AXIS2_PLACEMENT_3D ( 'NONE', #660, #3071, #3032 ) ;
#1951 = DIRECTION ( 'NONE',  ( -1.000000000000000000, -0.000000000000000000, 0.000000000000000000 ) ) ;
#1952 = ORIENTED_EDGE ( 'NONE', *, *, #3203, .F. ) ;
#1953 = ORIENTED_EDGE ( 'NONE', *, *, #551, .F. ) ;
#1954 = DIRECTION ( 'NONE',  ( -1.000000000000000000, 0.000000000000000000, 0.000000000000000000 ) ) ;
#1955 = CARTESIAN_POINT ( 'NONE',  ( 0.000000000000000000, 12.79720803224640235, 0.6049783710250077329 ) ) ;
#1956 = EDGE_LOOP ( 'NONE', ( #787, #2251, #1071, #3226 ) ) ;
#1957 = ORIENTED_EDGE ( 'NONE', *, *, #2624, .T. ) ;
#1958 = EDGE_CURVE ( 'NONE', #1583, #1992, #2921, .T. ) ;
#1959 = CYLINDRICAL_SURFACE ( 'NONE', #1326, 5.750000000000000000 ) ;
#1960 = ADVANCED_FACE ( 'NONE', ( #2617 ), #3175, .T. ) ;
#1961 = AXIS2_PLACEMENT_3D ( 'NONE', #1451, #2301, #3334 ) ;
#1962 = EDGE_CURVE ( 'NONE', #1077, #2074, #2083, .T. ) ;
#1963 = DIRECTION ( 'NONE',  ( -1.000000000000000000, -0.000000000000000000, -0.000000000000000000 ) ) ;
#1964 = ORIENTED_EDGE ( 'NONE', *, *, #1179, .T. ) ;
#1965 = CARTESIAN_POINT ( 'NONE',  ( 5.000000000000000888, -2.840164252701209868, -15.36470279626905899 ) ) ;
#1966 = CARTESIAN_POINT ( 'NONE',  ( 0.000000000000000000, 0.000000000000000000, 0.000000000000000000 ) ) ;
#1967 = DIRECTION ( 'NONE',  ( -1.000000000000000000, -0.000000000000000000, 0.000000000000000000 ) ) ;
#1968 = ORIENTED_EDGE ( 'NONE', *, *, #1287, .F. ) ;
#1969 = DIRECTION ( 'NONE',  ( -1.000000000000000000, -0.000000000000000000, 0.000000000000000000 ) ) ;
#1970 = CARTESIAN_POINT ( 'NONE',  ( 0.000000000000000000, 0.000000000000000000, 0.000000000000000000 ) ) ;
#1971 = DIRECTION ( 'NONE',  ( -1.000000000000000000, 0.000000000000000000, 0.000000000000000000 ) ) ;
#1972 = AXIS2_PLACEMENT_3D ( 'NONE', #3349, #943, #3082 ) ;
#1973 = ORIENTED_EDGE ( 'NONE', *, *, #1310, .T. ) ;
#1974 = ORIENTED_EDGE ( 'NONE', *, *, #2898, .F. ) ;
#1975 = DIRECTION ( 'NONE',  ( 0.000000000000000000, 0.000000000000000000, 1.000000000000000000 ) ) ;
#1976 = ADVANCED_FACE ( 'NONE', ( #3158 ), #2339, .T. ) ;
#1977 = DIRECTION ( 'NONE',  ( -1.000000000000000000, -0.000000000000000000, -0.000000000000000000 ) ) ;
#1978 = DIRECTION ( 'NONE',  ( -1.000000000000000000, -0.000000000000000000, -0.000000000000000000 ) ) ;
#1979 = EDGE_CURVE ( 'NONE', #2148, #3430, #2192, .T. ) ;
#1980 = ORIENTED_EDGE ( 'NONE', *, *, #3389, .F. ) ;
#1981 = DIRECTION ( 'NONE',  ( 1.000000000000000000, 0.000000000000000000, 0.000000000000000000 ) ) ;
#1982 = VECTOR ( 'NONE', #956, 1000.000000000000000 ) ;
#1983 = LINE ( 'NONE', #1430, #2715 ) ;
#1984 = DIRECTION ( 'NONE',  ( -1.000000000000000000, 0.000000000000000000, 0.000000000000000000 ) ) ;
#1985 = VECTOR ( 'NONE', #872, 1000.000000000000000 ) ;
#1986 = ORIENTED_EDGE ( 'NONE', *, *, #466, .F. ) ;
#1987 = DIRECTION ( 'NONE',  ( -1.000000000000000000, 0.000000000000000000, 0.000000000000000000 ) ) ;
#1988 = DIRECTION ( 'NONE',  ( -1.000000000000000000, 0.000000000000000000, 0.000000000000000000 ) ) ;
#1989 = AXIS2_PLACEMENT_3D ( 'NONE', #2929, #1656, #1860 ) ;
#1990 = DIRECTION ( 'NONE',  ( -1.000000000000000000, 0.000000000000000000, 0.000000000000000000 ) ) ;
#1991 = VERTEX_POINT ( 'NONE', #3439 ) ;
#1992 = VERTEX_POINT ( 'NONE', #1864 ) ;
#1993 = FACE_OUTER_BOUND ( 'NONE', #2439, .T. ) ;
#1994 = AXIS2_PLACEMENT_3D ( 'NONE', #3183, #17, #2660 ) ;
#1995 = CARTESIAN_POINT ( 'NONE',  ( 5.000000000000000000, 15.52270379068856521, -1.785018774843234901 ) ) ;
#1996 = ORIENTED_EDGE ( 'NONE', *, *, #3411, .F. ) ;
#1997 = DIRECTION ( 'NONE',  ( -1.000000000000000000, -0.000000000000000000, -0.000000000000000000 ) ) ;
#1998 = EDGE_CURVE ( 'NONE', #485, #1140, #1457, .T. ) ;
#1999 = ADVANCED_FACE ( 'NONE', ( #1334 ), #2933, .F. ) ;
#2000 = CARTESIAN_POINT ( 'NONE',  ( 10.00000000000000000, -1.752075746886607721, -13.39397231526528032 ) ) ;
#2001 = DIRECTION ( 'NONE',  ( 0.000000000000000000, 0.000000000000000000, 1.000000000000000000 ) ) ;
#2002 = ORIENTED_EDGE ( 'NONE', *, *, #322, .F. ) ;
#2003 = LINE ( 'NONE', #3031, #219 ) ;
#2004 = CYLINDRICAL_SURFACE ( 'NONE', #2507, 15.62500000000000000 ) ;
#2005 = STYLED_ITEM ( 'NONE', ( #1111 ), #3147 ) ;
#2006 = DIRECTION ( 'NONE',  ( -1.000000000000000000, -0.000000000000000000, -0.000000000000000000 ) ) ;
#2007 = AXIS2_PLACEMENT_3D ( 'NONE', #1213, #2572, #425 ) ;
#2008 = ORIENTED_EDGE ( 'NONE', *, *, #1160, .F. ) ;
#2009 = AXIS2_PLACEMENT_3D ( 'NONE', #2416, #77, #2446 ) ;
#2010 = VERTEX_POINT ( 'NONE', #43 ) ;
#2011 = FACE_OUTER_BOUND ( 'NONE', #1094, .T. ) ;
#2012 = DIRECTION ( 'NONE',  ( 0.000000000000000000, -0.9976687691905399280, 0.06824241336466070618 ) ) ;
#2013 = VERTEX_POINT ( 'NONE', #3014 ) ;
#2014 = LINE ( 'NONE', #1464, #1982 ) ;
#2015 = CARTESIAN_POINT ( 'NONE',  ( 10.00000000000000000, 0.000000000000000000, 0.000000000000000000 ) ) ;
#2016 = CARTESIAN_POINT ( 'NONE',  ( 0.000000000000000000, 14.19036643571209311, 6.540193072090121795 ) ) ;
#2017 = ADVANCED_FACE ( 'NONE', ( #2458 ), #1122, .T. ) ;
#2018 = VERTEX_POINT ( 'NONE', #3282 ) ;
#2019 = LINE ( 'NONE', #1735, #3354 ) ;
#2020 = DIRECTION ( 'NONE',  ( -1.000000000000000000, -0.000000000000000000, -0.000000000000000000 ) ) ;
#2021 = CARTESIAN_POINT ( 'NONE',  ( 0.000000000000000000, 6.424699349295068806, 11.08412245155959219 ) ) ;
#2022 = EDGE_CURVE ( 'NONE', #541, #2735, #1794, .T. ) ;
#2023 = ORIENTED_EDGE ( 'NONE', *, *, #2350, .F. ) ;
#2024 = ORIENTED_EDGE ( 'NONE', *, *, #3041, .F. ) ;
#2025 = AXIS2_PLACEMENT_3D ( 'NONE', #1789, #248, #1001 ) ;
#2026 = DIRECTION ( 'NONE',  ( -1.000000000000000000, -0.000000000000000000, 0.000000000000000000 ) ) ;
#2027 = DIRECTION ( 'NONE',  ( -1.000000000000000000, -0.000000000000000000, -0.000000000000000000 ) ) ;
#2028 = ORIENTED_EDGE ( 'NONE', *, *, #2389, .F. ) ;
#2029 = CARTESIAN_POINT ( 'NONE',  ( 0.000000000000000000, 12.33543222387117488, 9.590502429501833959 ) ) ;
#2030 = PRODUCT ( '23T zawor 400bar', '23T zawor 400bar', '', ( #848 ) ) ;
#2031 = CYLINDRICAL_SURFACE ( 'NONE', #2437, 12.81149999999999700 ) ;
#2032 = DIRECTION ( 'NONE',  ( -1.000000000000000000, 0.000000000000000000, -0.000000000000000000 ) ) ;
#2033 = ORIENTED_EDGE ( 'NONE', *, *, #2177, .F. ) ;
#2034 = CARTESIAN_POINT ( 'NONE',  ( 0.000000000000000000, 3.195993620908514021, 12.40645626378104716 ) ) ;
#2035 = AXIS2_PLACEMENT_3D ( 'NONE', #2951, #1611, #2978 ) ;
#2036 = FACE_BOUND ( 'NONE', #3350, .T. ) ;
#2037 = ADVANCED_FACE ( 'NONE', ( #1614 ), #873, .T. ) ;
#2038 = DIRECTION ( 'NONE',  ( -1.000000000000000000, 0.000000000000000000, 0.000000000000000000 ) ) ;
#2039 = VERTEX_POINT ( 'NONE', #2442 ) ;
#2040 = ORIENTED_EDGE ( 'NONE', *, *, #768, .T. ) ;
#2041 = CIRCLE ( 'NONE', #2488, 15.62500000000000000 ) ;
#2042 = DIRECTION ( 'NONE',  ( -1.000000000000000000, -0.000000000000000000, -0.000000000000000000 ) ) ;
#2043 = ADVANCED_FACE ( 'NONE', ( #1883 ), #2182, .T. ) ;
#2044 = EDGE_CURVE ( 'NONE', #2306, #1003, #667, .T. ) ;
#2045 = DIRECTION ( 'NONE',  ( 0.000000000000000000, -0.9790840876823206917, -0.2034560130526447685 ) ) ;
#2046 = VECTOR ( 'NONE', #3189, 1000.000000000000000 ) ;
#2047 = CARTESIAN_POINT ( 'NONE',  ( 0.000000000000000000, 0.000000000000000000, 0.000000000000000000 ) ) ;
#2048 = UNCERTAINTY_MEASURE_WITH_UNIT (LENGTH_MEASURE( 1.000000000000000082E-05 ), #1091, 'distance_accuracy_value', 'NONE');
#2049 = ORIENTED_EDGE ( 'NONE', *, *, #1179, .F. ) ;
#2050 = CIRCLE ( 'NONE', #39, 12.81149999999999523 ) ;
#2051 = DIRECTION ( 'NONE',  ( 1.000000000000000000, -0.000000000000000000, -0.000000000000000000 ) ) ;
#2052 = FACE_OUTER_BOUND ( 'NONE', #2479, .T. ) ;
#2053 = ORIENTED_EDGE ( 'NONE', *, *, #445, .T. ) ;
#2054 = CARTESIAN_POINT ( 'NONE',  ( 5.000000000000000000, 11.89962618115368720, 10.12618001759803299 ) ) ;
#2055 = DIRECTION ( 'NONE',  ( 1.000000000000000000, 0.000000000000000000, 0.000000000000000000 ) ) ;
#2056 = CYLINDRICAL_SURFACE ( 'NONE', #3159, 5.750000000000000000 ) ;
#2057 = CARTESIAN_POINT ( 'NONE',  ( 50.00005079999999680, 0.000000000000000000, 0.000000000000000000 ) ) ;
#2058 = ORIENTED_EDGE ( 'NONE', *, *, #156, .F. ) ;
#2059 = ORIENTED_EDGE ( 'NONE', *, *, #1337, .F. ) ;
#2060 = CYLINDRICAL_SURFACE ( 'NONE', #818, 15.62500000000000000 ) ;
#2061 = CIRCLE ( 'NONE', #209, 5.750000000000000888 ) ;
#2062 = AXIS2_PLACEMENT_3D ( 'NONE', #2085, #1550, #2351 ) ;
#2063 = DIRECTION ( 'NONE',  ( -1.000000000000000000, -0.000000000000000000, 0.000000000000000000 ) ) ;
#2064 = AXIS2_PLACEMENT_3D ( 'NONE', #1720, #1436, #348 ) ;
#2065 = VERTEX_POINT ( 'NONE', #1916 ) ;
#2066 = EDGE_CURVE ( 'NONE', #3129, #2515, #1126, .T. ) ;
#2067 = EDGE_CURVE ( 'NONE', #1991, #2657, #119, .T. ) ;
#2068 = DIRECTION ( 'NONE',  ( 0.000000000000000000, 0.000000000000000000, -1.000000000000000000 ) ) ;
#2069 = EDGE_CURVE ( 'NONE', #2798, #845, #1015, .T. ) ;
#2070 = ORIENTED_EDGE ( 'NONE', *, *, #1412, .T. ) ;
#2071 = CIRCLE ( 'NONE', #3246, 5.749999999999999112 ) ;
#2072 = CARTESIAN_POINT ( 'NONE',  ( 10.00000000000000000, 0.000000000000000000, 0.000000000000000000 ) ) ;
#2073 = CARTESIAN_POINT ( 'NONE',  ( 10.00000000000000000, 13.48231375170810864, 6.583954258591798947 ) ) ;
#2074 = VERTEX_POINT ( 'NONE', #2473 ) ;
#2075 = CARTESIAN_POINT ( 'NONE',  ( 10.00000000000000000, -10.98468148073603601, -7.861617936003744589 ) ) ;
#2076 = LINE ( 'NONE', #1787, #1554 ) ;
#2077 = CARTESIAN_POINT ( 'NONE',  ( 0.000000000000000000, -12.59563626849159235, 2.341896505368907810 ) ) ;
#2078 = LINE ( 'NONE', #1524, #3311 ) ;
#2079 = ORIENTED_EDGE ( 'NONE', *, *, #576, .F. ) ;
#2080 = VERTEX_POINT ( 'NONE', #2953 ) ;
#2081 = FACE_OUTER_BOUND ( 'NONE', #346, .T. ) ;
#2082 = DIRECTION ( 'NONE',  ( -1.000000000000000000, -0.000000000000000000, 0.000000000000000000 ) ) ;
#2083 = CIRCLE ( 'NONE', #231, 15.62499999999999822 ) ;
#2084 = VERTEX_POINT ( 'NONE', #74 ) ;
#2085 = CARTESIAN_POINT ( 'NONE',  ( 10.00000000000000000, -12.03388225800421019, 6.136280763248404213 ) ) ;
#2086 = EDGE_CURVE ( 'NONE', #1705, #2573, #1903, .T. ) ;
#2087 = AXIS2_PLACEMENT_3D ( 'NONE', #27, #819, #1628 ) ;
#2088 = ORIENTED_EDGE ( 'NONE', *, *, #2413, .F. ) ;
#2089 = DIRECTION ( 'NONE',  ( -1.000000000000000000, -0.000000000000000000, 0.000000000000000000 ) ) ;
#2090 = EDGE_CURVE ( 'NONE', #386, #697, #538, .T. ) ;
#2091 = EDGE_CURVE ( 'NONE', #1795, #556, #2310, .T. ) ;
#2092 = DIRECTION ( 'NONE',  ( 0.000000000000000000, 0.000000000000000000, 1.000000000000000000 ) ) ;
#2093 = ORIENTED_EDGE ( 'NONE', *, *, #775, .T. ) ;
#2094 = DIRECTION ( 'NONE',  ( 0.000000000000000000, 0.000000000000000000, -1.000000000000000000 ) ) ;
#2095 = AXIS2_PLACEMENT_3D ( 'NONE', #1007, #2628, #758 ) ;
#2096 = CARTESIAN_POINT ( 'NONE',  ( 10.00000000000000000, 6.943196843910325100, -11.58707389255953402 ) ) ;
#2097 = DIRECTION ( 'NONE',  ( -1.000000000000000000, -0.000000000000000000, -0.000000000000000000 ) ) ;
#2098 = ORIENTED_EDGE ( 'NONE', *, *, #3041, .T. ) ;
#2099 = ORIENTED_EDGE ( 'NONE', *, *, #2196, .T. ) ;
#2100 = CARTESIAN_POINT ( 'NONE',  ( 0.000000000000000000, 11.95285973547136749, 6.292647133684546645 ) ) ;
#2101 = VECTOR ( 'NONE', #410, 1000.000000000000000 ) ;
#2102 = CARTESIAN_POINT ( 'NONE',  ( 10.00000000000000000, -6.885648935156941874, 10.80381279881190615 ) ) ;
#2103 = ORIENTED_EDGE ( 'NONE', *, *, #3133, .F. ) ;
#2104 = AXIS2_PLACEMENT_3D ( 'NONE', #42, #1363, #838 ) ;
#2105 = DIRECTION ( 'NONE',  ( 0.000000000000000000, 0.000000000000000000, 1.000000000000000000 ) ) ;
#2106 = AXIS2_PLACEMENT_3D ( 'NONE', #957, #2892, #1012 ) ;
#2107 = ORIENTED_EDGE ( 'NONE', *, *, #1691, .T. ) ;
#2108 = LINE ( 'NONE', #2855, #1479 ) ;
#2109 = DIRECTION ( 'NONE',  ( -1.000000000000000000, 0.000000000000000000, 0.000000000000000000 ) ) ;
#2110 = ORIENTED_EDGE ( 'NONE', *, *, #365, .T. ) ;
#2111 = CARTESIAN_POINT ( 'NONE',  ( 10.00000000000000178, 0.000000000000000000, 0.000000000000000000 ) ) ;
#2112 = EDGE_CURVE ( 'NONE', #1336, #2118, #21, .T. ) ;
#2113 = ADVANCED_FACE ( 'NONE', ( #554 ), #1932, .T. ) ;
#2114 = AXIS2_PLACEMENT_3D ( 'NONE', #3303, #3234, #2972 ) ;
#2115 = LINE ( 'NONE', #1051, #684 ) ;
#2116 = DIRECTION ( 'NONE',  ( 0.000000000000000000, 0.000000000000000000, 1.000000000000000000 ) ) ;
#2117 = VERTEX_POINT ( 'NONE', #1364 ) ;
#2118 = VERTEX_POINT ( 'NONE', #568 ) ;
#2119 = DIRECTION ( 'NONE',  ( -1.000000000000000000, -0.000000000000000000, 0.000000000000000000 ) ) ;
#2120 = DIRECTION ( 'NONE',  ( 0.000000000000000000, 0.000000000000000000, 1.000000000000000000 ) ) ;
#2121 = ORIENTED_EDGE ( 'NONE', *, *, #1331, .T. ) ;
#2122 = CYLINDRICAL_SURFACE ( 'NONE', #831, 5.750000000000001776 ) ;
#2123 = AXIS2_PLACEMENT_3D ( 'NONE', #3307, #2026, #128 ) ;
#2124 = CIRCLE ( 'NONE', #596, 12.81149999999999523 ) ;
#2125 = ORIENTED_EDGE ( 'NONE', *, *, #300, .T. ) ;
#2126 = AXIS2_PLACEMENT_3D ( 'NONE', #961, #2597, #729 ) ;
#2127 = DIRECTION ( 'NONE',  ( 0.000000000000000000, 0.7308359642781253607, -0.6825531432186525693 ) ) ;
#2128 = ORIENTED_EDGE ( 'NONE', *, *, #2717, .F. ) ;
#2129 = CARTESIAN_POINT ( 'NONE',  ( 5.000000000000000000, -10.40994441961331418, 11.65219645305388596 ) ) ;
#2130 = CIRCLE ( 'NONE', #3016, 5.750000000000000000 ) ;
#2131 = CARTESIAN_POINT ( 'NONE',  ( 0.000000000000000000, 0.000000000000000000, 0.000000000000000000 ) ) ;
#2132 = DIRECTION ( 'NONE',  ( -1.000000000000000000, 0.000000000000000000, 0.000000000000000000 ) ) ;
#2133 = EDGE_CURVE ( 'NONE', #2475, #2718, #1233, .T. ) ;
#2134 = EDGE_LOOP ( 'NONE', ( #271, #2650, #2725, #2843 ) ) ;
#2135 = VERTEX_POINT ( 'NONE', #2997 ) ;
#2136 = DIRECTION ( 'NONE',  ( 0.000000000000000000, 0.000000000000000000, 1.000000000000000000 ) ) ;
#2137 = DIRECTION ( 'NONE',  ( -1.000000000000000000, 0.000000000000000000, 0.000000000000000000 ) ) ;
#2138 = EDGE_CURVE ( 'NONE', #572, #2874, #605, .T. ) ;
#2139 = DIRECTION ( 'NONE',  ( -1.000000000000000000, -0.000000000000000000, 0.000000000000000000 ) ) ;
#2140 = ORIENTED_EDGE ( 'NONE', *, *, #72, .F. ) ;
#2141 = CARTESIAN_POINT ( 'NONE',  ( 0.000000000000000000, 0.000000000000000000, 0.000000000000000000 ) ) ;
#2142 = AXIS2_PLACEMENT_3D ( 'NONE', #361, #2282, #1169 ) ;
#2143 = DIRECTION ( 'NONE',  ( 0.000000000000000000, 0.000000000000000000, -1.000000000000000000 ) ) ;
#2144 = ORIENTED_EDGE ( 'NONE', *, *, #2853, .T. ) ;
#2145 = CARTESIAN_POINT ( 'NONE',  ( 10.00000000000000000, -12.76039202360793112, -1.143209365708231395 ) ) ;
#2146 = CYLINDRICAL_SURFACE ( 'NONE', #1138, 12.81149999999999700 ) ;
#2147 = DIRECTION ( 'NONE',  ( 0.000000000000000000, 0.000000000000000000, 1.000000000000000000 ) ) ;
#2148 = VERTEX_POINT ( 'NONE', #2016 ) ;
#2149 = DIRECTION ( 'NONE',  ( 1.000000000000000000, 0.000000000000000000, 0.000000000000000000 ) ) ;
#2150 = DIRECTION ( 'NONE',  ( 0.000000000000000000, 0.5195839500354346718, -0.8544194045464877929 ) ) ;
#2151 = CARTESIAN_POINT ( 'NONE',  ( 0.000000000000000000, 0.000000000000000000, 0.000000000000000000 ) ) ;
#2152 = ORIENTED_EDGE ( 'NONE', *, *, #900, .T. ) ;
#2153 = EDGE_CURVE ( 'NONE', #3078, #2080, #3201, .T. ) ;
#2154 = CIRCLE ( 'NONE', #184, 12.81149999999999700 ) ;
#2155 = CARTESIAN_POINT ( 'NONE',  ( 0.000000000000000000, -9.932084523302714629, -9.155433404645117790 ) ) ;
#2156 = EDGE_CURVE ( 'NONE', #955, #2784, #450, .T. ) ;
#2157 = CIRCLE ( 'NONE', #628, 15.62499999999999822 ) ;
#2158 = DIRECTION ( 'NONE',  ( 0.000000000000000000, 0.000000000000000000, -1.000000000000000000 ) ) ;
#2159 = AXIS2_PLACEMENT_3D ( 'NONE', #1308, #995, #723 ) ;
#2160 = CARTESIAN_POINT ( 'NONE',  ( 0.000000000000000000, 13.20735115122741909, -2.834455745481441635 ) ) ;
#2161 = ORIENTED_EDGE ( 'NONE', *, *, #72, .T. ) ;
#2162 = CARTESIAN_POINT ( 'NONE',  ( 0.000000000000000000, 0.7215507154582816440, 15.60833077446213224 ) ) ;
#2163 = LINE ( 'NONE', #800, #3272 ) ;
#2164 = DIRECTION ( 'NONE',  ( 0.000000000000000000, 0.000000000000000000, 1.000000000000000000 ) ) ;
#2165 = CIRCLE ( 'NONE', #636, 5.750000000000000888 ) ;
#2166 = ORIENTED_EDGE ( 'NONE', *, *, #1054, .F. ) ;
#2167 = ORIENTED_EDGE ( 'NONE', *, *, #1670, .F. ) ;
#2168 = CARTESIAN_POINT ( 'NONE',  ( 10.00000000000000000, -9.545144203574857045, -8.545452263219381450 ) ) ;
#2169 = AXIS2_PLACEMENT_3D ( 'NONE', #2847, #2038, #911 ) ;
#2170 = DIRECTION ( 'NONE',  ( 0.000000000000000000, 0.000000000000000000, 1.000000000000000000 ) ) ;
#2171 = ORIENTED_EDGE ( 'NONE', *, *, #3412, .F. ) ;
#2172 = CARTESIAN_POINT ( 'NONE',  ( 0.000000000000000000, 0.000000000000000000, 0.000000000000000000 ) ) ;
#2173 = EDGE_CURVE ( 'NONE', #677, #2780, #1461, .T. ) ;
#2174 = AXIS2_PLACEMENT_3D ( 'NONE', #476, #1282, #1921 ) ;
#2175 = CARTESIAN_POINT ( 'NONE',  ( 10.00000000000000000, 0.000000000000000000, 0.000000000000000000 ) ) ;
#2176 = VECTOR ( 'NONE', #1273, 1000.000000000000000 ) ;
#2177 = EDGE_CURVE ( 'NONE', #1383, #663, #926, .T. ) ;
#2178 = CIRCLE ( 'NONE', #320, 15.62499999999999822 ) ;
#2179 = ORIENTED_EDGE ( 'NONE', *, *, #494, .F. ) ;
#2180 = CARTESIAN_POINT ( 'NONE',  ( 10.00000000000000000, -3.729149491633811486, -12.98313166666534180 ) ) ;
#2181 = DIRECTION ( 'NONE',  ( 0.000000000000000000, 0.000000000000000000, 1.000000000000000000 ) ) ;
#2182 = CYLINDRICAL_SURFACE ( 'NONE', #2807, 5.750000000000000000 ) ;
#2183 = ORIENTED_EDGE ( 'NONE', *, *, #2818, .T. ) ;
#2184 = CIRCLE ( 'NONE', #2293, 5.749999999999999112 ) ;
#2185 = ORIENTED_EDGE ( 'NONE', *, *, #3433, .T. ) ;
#2186 = CARTESIAN_POINT ( 'NONE',  ( 5.000000000000000888, -13.52644592144758562, 7.821501501256263644 ) ) ;
#2187 = CARTESIAN_POINT ( 'NONE',  ( 10.00000000000000000, -7.874147165256662362, -10.10605455506155437 ) ) ;
#2188 = ORIENTED_EDGE ( 'NONE', *, *, #512, .T. ) ;
#2189 = LINE ( 'NONE', #1405, #2536 ) ;
#2190 = EDGE_CURVE ( 'NONE', #1055, #1635, #288, .T. ) ;
#2191 = CYLINDRICAL_SURFACE ( 'NONE', #3222, 15.62500000000000000 ) ;
#2192 = CIRCLE ( 'NONE', #2364, 15.62499999999999822 ) ;
#2193 = VERTEX_POINT ( 'NONE', #1449 ) ;
#2194 = DIRECTION ( 'NONE',  ( 0.000000000000000000, -0.6310879443260593025, 0.7757112907044144690 ) ) ;
#2195 = EDGE_CURVE ( 'NONE', #1663, #2313, #655, .T. ) ;
#2196 = EDGE_CURVE ( 'NONE', #3305, #1671, #89, .T. ) ;
#2197 = DIRECTION ( 'NONE',  ( -1.000000000000000000, 0.000000000000000000, 0.000000000000000000 ) ) ;
#2198 = CARTESIAN_POINT ( 'NONE',  ( 0.000000000000000000, 0.000000000000000000, 0.000000000000000000 ) ) ;
#2199 = VERTEX_POINT ( 'NONE', #379 ) ;
#2200 = LINE ( 'NONE', #283, #2571 ) ;
#2201 = SURFACE_SIDE_STYLE ('',( #2726 ) ) ;
#2202 = DIRECTION ( 'NONE',  ( -1.000000000000000000, 0.000000000000000000, -0.000000000000000000 ) ) ;
#2203 = ORIENTED_EDGE ( 'NONE', *, *, #1513, .F. ) ;
#2204 = VERTEX_POINT ( 'NONE', #1487 ) ;
#2205 = CARTESIAN_POINT ( 'NONE',  ( 10.00000000000000000, 15.42867212834060453, 2.469149925817746727 ) ) ;
#2206 = CIRCLE ( 'NONE', #1751, 15.62499999999999822 ) ;
#2207 = AXIS2_PLACEMENT_3D ( 'NONE', #2713, #289, #1636 ) ;
#2208 = CARTESIAN_POINT ( 'NONE',  ( 0.000000000000000000, 0.000000000000000000, 0.000000000000000000 ) ) ;
#2209 = ORIENTED_EDGE ( 'NONE', *, *, #598, .T. ) ;
#2210 = DIRECTION ( 'NONE',  ( -1.000000000000000000, 0.000000000000000000, 0.000000000000000000 ) ) ;
#2211 = AXIS2_PLACEMENT_3D ( 'NONE', #500, #2354, #1801 ) ;
#2212 = CARTESIAN_POINT ( 'NONE',  ( 10.00000000000000000, 3.559569147089328922, 13.03064585091662941 ) ) ;
#2213 = DIRECTION ( 'NONE',  ( 0.000000000000000000, 0.000000000000000000, 1.000000000000000000 ) ) ;
#2214 = AXIS2_PLACEMENT_3D ( 'NONE', #3241, #1911, #1608 ) ;
#2215 = ADVANCED_FACE ( 'NONE', ( #2233 ), #433, .T. ) ;
#2216 = EDGE_CURVE ( 'NONE', #3185, #2084, #785, .T. ) ;
#2217 = ORIENTED_EDGE ( 'NONE', *, *, #263, .T. ) ;
#2218 = ORIENTED_EDGE ( 'NONE', *, *, #2216, .T. ) ;
#2219 =( NAMED_UNIT ( * ) SI_UNIT ( $, .STERADIAN. ) SOLID_ANGLE_UNIT ( ) );
#2220 = CARTESIAN_POINT ( 'NONE',  ( 10.00000000000000000, 11.95285973547136749, 6.292647133684546645 ) ) ;
#2221 = ADVANCED_FACE ( 'NONE', ( #3332 ), #1221, .T. ) ;
#2222 = ORIENTED_EDGE ( 'NONE', *, *, #1895, .F. ) ;
#2223 = ORIENTED_EDGE ( 'NONE', *, *, #552, .T. ) ;
#2224 = CARTESIAN_POINT ( 'NONE',  ( -10.00000000000000000, 0.000000000000000000, 0.000000000000000000 ) ) ;
#2225 = CIRCLE ( 'NONE', #2330, 15.62499999999999822 ) ;
#2226 = CARTESIAN_POINT ( 'NONE',  ( 0.000000000000000000, 0.000000000000000000, 0.000000000000000000 ) ) ;
#2227 = ORIENTED_EDGE ( 'NONE', *, *, #2942, .F. ) ;
#2228 = CIRCLE ( 'NONE', #1721, 12.81149999999999523 ) ;
#2229 = CARTESIAN_POINT ( 'NONE',  ( 10.00000000000000000, 8.292634615677300758, 9.765589761036991945 ) ) ;
#2230 = AXIS2_PLACEMENT_3D ( 'NONE', #2276, #2820, #971 ) ;
#2231 = DIRECTION ( 'NONE',  ( 0.000000000000000000, -0.9790840876823206917, -0.2034560130526446020 ) ) ;
#2232 = CIRCLE ( 'NONE', #3184, 5.750000000000000000 ) ;
#2233 = FACE_OUTER_BOUND ( 'NONE', #2848, .T. ) ;
#2234 = ORIENTED_EDGE ( 'NONE', *, *, #2190, .T. ) ;
#2235 = LINE ( 'NONE', #123, #830 ) ;
#2236 = DIRECTION ( 'NONE',  ( -1.000000000000000000, -0.000000000000000000, -0.000000000000000000 ) ) ;
#2237 = EDGE_CURVE ( 'NONE', #1992, #2065, #2754, .T. ) ;
#2238 = CYLINDRICAL_SURFACE ( 'NONE', #1654, 5.750000000000000000 ) ;
#2239 = ORIENTED_EDGE ( 'NONE', *, *, #1355, .T. ) ;
#2240 = EDGE_LOOP ( 'NONE', ( #1351, #2024, #134, #1318 ) ) ;
#2241 = CARTESIAN_POINT ( 'NONE',  ( -10.00000000000000000, 0.000000000000000000, 0.000000000000000000 ) ) ;
#2242 = AXIS2_PLACEMENT_3D ( 'NONE', #2428, #1090, #2970 ) ;
#2243 = EDGE_CURVE ( 'NONE', #521, #506, #1293, .T. ) ;
#2244 = DIRECTION ( 'NONE',  ( 0.000000000000000000, 0.6310879443260484223, 0.7757112907044232397 ) ) ;
#2245 = DIRECTION ( 'NONE',  ( 0.000000000000000000, 0.000000000000000000, 1.000000000000000000 ) ) ;
#2246 = ORIENTED_EDGE ( 'NONE', *, *, #2918, .F. ) ;
#2247 = CARTESIAN_POINT ( 'NONE',  ( 0.000000000000000000, -1.476880387257531346, -12.72608960253439214 ) ) ;
#2248 = CARTESIAN_POINT ( 'NONE',  ( 0.000000000000000000, -13.16764042189656791, -8.411532007882717821 ) ) ;
#2249 = CARTESIAN_POINT ( 'NONE',  ( 10.00000000000000000, 12.79720803224640235, -0.6049783710250065116 ) ) ;
#2250 = AXIS2_PLACEMENT_3D ( 'NONE', #1188, #1207, #1241 ) ;
#2251 = ORIENTED_EDGE ( 'NONE', *, *, #1349, .F. ) ;
#2252 = CYLINDRICAL_SURFACE ( 'NONE', #2352, 15.62500000000000000 ) ;
#2253 = DIRECTION ( 'NONE',  ( 0.000000000000000000, 0.000000000000000000, 1.000000000000000000 ) ) ;
#2254 = LINE ( 'NONE', #3320, #116 ) ;
#2255 = AXIS2_PLACEMENT_3D ( 'NONE', #2508, #3101, #1697 ) ;
#2256 = ORIENTED_EDGE ( 'NONE', *, *, #1570, .T. ) ;
#2257 = ORIENTED_EDGE ( 'NONE', *, *, #510, .T. ) ;
#2258 = DIRECTION ( 'NONE',  ( -1.000000000000000000, 0.000000000000000000, -0.000000000000000000 ) ) ;
#2259 = EDGE_CURVE ( 'NONE', #1635, #778, #907, .T. ) ;
#2260 = EDGE_CURVE ( 'NONE', #1557, #140, #727, .T. ) ;
#2261 = LINE ( 'NONE', #3341, #3062 ) ;
#2262 = ORIENTED_EDGE ( 'NONE', *, *, #3090, .T. ) ;
#2263 = DIRECTION ( 'NONE',  ( 0.000000000000000000, -0.9422609221188236184, 0.3348796121709770590 ) ) ;
#2264 = CARTESIAN_POINT ( 'NONE',  ( 10.00000000000000000, 11.08624123981536869, 7.717740535774571420 ) ) ;
#2265 = DIRECTION ( 'NONE',  ( -1.000000000000000000, -0.000000000000000000, -0.000000000000000000 ) ) ;
#2266 = ORIENTED_EDGE ( 'NONE', *, *, #2243, .F. ) ;
#2267 = CARTESIAN_POINT ( 'NONE',  ( 10.00000000000000000, 0.000000000000000000, 0.000000000000000000 ) ) ;
#2268 = CYLINDRICAL_SURFACE ( 'NONE', #1950, 15.62500000000000000 ) ;
#2269 = VECTOR ( 'NONE', #2522, 1000.000000000000000 ) ;
#2270 = CARTESIAN_POINT ( 'NONE',  ( 0.000000000000000000, 0.000000000000000000, 3.000000000000000444 ) ) ;
#2271 = VERTEX_POINT ( 'NONE', #1767 ) ;
#2272 = ORIENTED_EDGE ( 'NONE', *, *, #3132, .T. ) ;
#2273 = CARTESIAN_POINT ( 'NONE',  ( 10.00000000000000000, -6.880190462054132539, 14.02867079255406146 ) ) ;
#2274 = AXIS2_PLACEMENT_3D ( 'NONE', #167, #2851, #987 ) ;
#2275 = AXIS2_PLACEMENT_3D ( 'NONE', #254, #1321, #1339 ) ;
#2276 = CARTESIAN_POINT ( 'NONE',  ( -10.00000000000000000, 0.000000000000000000, 0.000000000000000000 ) ) ;
#2277 = EDGE_CURVE ( 'NONE', #506, #2674, #3316, .T. ) ;
#2278 = EDGE_LOOP ( 'NONE', ( #351, #1262, #1809, #1549 ) ) ;
#2279 = DIRECTION ( 'NONE',  ( 0.000000000000000000, 0.2697967711570247173, -0.9629172873477991335 ) ) ;
#2280 = DIRECTION ( 'NONE',  ( -1.000000000000000000, 0.000000000000000000, 0.000000000000000000 ) ) ;
#2281 = EDGE_CURVE ( 'NONE', #1918, #584, #1468, .T. ) ;
#2282 = DIRECTION ( 'NONE',  ( -1.000000000000000000, -0.000000000000000000, -0.000000000000000000 ) ) ;
#2283 = EDGE_LOOP ( 'NONE', ( #2922, #3054, #3422, #2815 ) ) ;
#2284 = DIRECTION ( 'NONE',  ( -1.000000000000000000, -0.000000000000000000, 0.000000000000000000 ) ) ;
#2285 = DIRECTION ( 'NONE',  ( 0.000000000000000000, 0.000000000000000000, 1.000000000000000000 ) ) ;
#2286 = VECTOR ( 'NONE', #403, 1000.000000000000000 ) ;
#2287 = DIRECTION ( 'NONE',  ( -1.000000000000000000, 0.000000000000000000, -0.000000000000000000 ) ) ;
#2288 = AXIS2_PLACEMENT_3D ( 'NONE', #2294, #2027, #443 ) ;
#2289 = ORIENTED_EDGE ( 'NONE', *, *, #1762, .T. ) ;
#2290 = CIRCLE ( 'NONE', #765, 12.81149999999999523 ) ;
#2291 = ORIENTED_EDGE ( 'NONE', *, *, #150, .F. ) ;
#2292 = CARTESIAN_POINT ( 'NONE',  ( 10.00000000000000000, 12.48587405515855586, 2.870101274993333007 ) ) ;
#2293 = AXIS2_PLACEMENT_3D ( 'NONE', #2579, #1718, #2775 ) ;
#2294 = CARTESIAN_POINT ( 'NONE',  ( 10.00000000000000000, 0.000000000000000000, 0.000000000000000000 ) ) ;
#2295 = ORIENTED_EDGE ( 'NONE', *, *, #3242, .T. ) ;
#2296 = CARTESIAN_POINT ( 'NONE',  ( 10.00000000000000000, 13.48231375170812285, -0.8339542585916147610 ) ) ;
#2297 = EDGE_CURVE ( 'NONE', #1749, #1635, #2587, .T. ) ;
#2298 = CARTESIAN_POINT ( 'NONE',  ( 0.000000000000000000, 12.15943163291378859, 4.035189538856313263 ) ) ;
#2299 = DIRECTION ( 'NONE',  ( 0.000000000000000000, -0.5195839500354229035, -0.8544194045464951204 ) ) ;
#2300 = ORIENTED_EDGE ( 'NONE', *, *, #682, .T. ) ;
#2301 = DIRECTION ( 'NONE',  ( 1.000000000000000000, 0.000000000000000000, 0.000000000000000000 ) ) ;
#2302 = EDGE_CURVE ( 'NONE', #944, #2013, #1743, .T. ) ;
#2303 = ADVANCED_FACE ( 'NONE', ( #1518 ), #171, .T. ) ;
#2304 = DIRECTION ( 'NONE',  ( 0.000000000000000000, 0.8878852184023763305, -0.4600650377311500394 ) ) ;
#2305 = CARTESIAN_POINT ( 'NONE',  ( 0.000000000000000000, 11.24851991847276622, -6.132318639284933148 ) ) ;
#2306 = VERTEX_POINT ( 'NONE', #2073 ) ;
#2307 = EDGE_LOOP ( 'NONE', ( #457, #3270, #1511, #1869 ) ) ;
#2308 = AXIS2_PLACEMENT_3D ( 'NONE', #2198, #328, #2968 ) ;
#2309 = CARTESIAN_POINT ( 'NONE',  ( 10.00000000000000000, -3.715476584966191265, 12.26090396327154686 ) ) ;
#2310 = CIRCLE ( 'NONE', #846, 5.750000000000000000 ) ;
#2311 = DIRECTION ( 'NONE',  ( 1.000000000000000000, -0.000000000000000000, 0.000000000000000000 ) ) ;
#2312 = FACE_OUTER_BOUND ( 'NONE', #215, .T. ) ;
#2313 = VERTEX_POINT ( 'NONE', #226 ) ;
#2314 = DIRECTION ( 'NONE',  ( 0.000000000000000000, 0.000000000000000000, 1.000000000000000000 ) ) ;
#2315 = CARTESIAN_POINT ( 'NONE',  ( 10.00000000000000000, 9.176914517988363329, -8.939729983592027196 ) ) ;
#2316 = ORIENTED_EDGE ( 'NONE', *, *, #1406, .F. ) ;
#2317 = DIRECTION ( 'NONE',  ( -1.000000000000000000, 0.000000000000000000, 0.000000000000000000 ) ) ;
#2318 = DIRECTION ( 'NONE',  ( 1.000000000000000000, 0.000000000000000000, 0.000000000000000000 ) ) ;
#2319 = CARTESIAN_POINT ( 'NONE',  ( 5.000000000000000000, 9.290514346019463687, 12.56292036854514471 ) ) ;
#2320 = DIRECTION ( 'NONE',  ( 0.000000000000000000, 0.000000000000000000, 1.000000000000000000 ) ) ;
#2321 = EDGE_CURVE ( 'NONE', #3204, #2433, #2061, .T. ) ;
#2322 = EDGE_CURVE ( 'NONE', #651, #2373, #1013, .T. ) ;
#2323 = ORIENTED_EDGE ( 'NONE', *, *, #1079, .F. ) ;
#2324 = ORIENTED_EDGE ( 'NONE', *, *, #551, .T. ) ;
#2325 = AXIS2_PLACEMENT_3D ( 'NONE', #137, #1202, #2314 ) ;
#2326 = CARTESIAN_POINT ( 'NONE',  ( 10.00000000000000000, 3.195993620908689881, -12.40645626378100630 ) ) ;
#2327 = CARTESIAN_POINT ( 'NONE',  ( 0.000000000000000000, 8.726345089906796915, -12.96115451539173158 ) ) ;
#2328 = EDGE_CURVE ( 'NONE', #663, #2010, #1381, .T. ) ;
#2329 = CARTESIAN_POINT ( 'NONE',  ( 0.000000000000000000, -13.47029551076156295, -1.009654722010390193 ) ) ;
#2330 = AXIS2_PLACEMENT_3D ( 'NONE', #826, #1938, #2170 ) ;
#2331 = ORIENTED_EDGE ( 'NONE', *, *, #281, .T. ) ;
#2332 = CIRCLE ( 'NONE', #639, 15.62499999999999822 ) ;
#2333 = DIRECTION ( 'NONE',  ( -1.000000000000000000, 0.000000000000000000, 0.000000000000000000 ) ) ;
#2334 = LINE ( 'NONE', #975, #539 ) ;
#2335 = VERTEX_POINT ( 'NONE', #1536 ) ;
#2336 = CARTESIAN_POINT ( 'NONE',  ( 10.00000000000000000, -3.715476584966021179, -12.26090396327159837 ) ) ;
#2337 = CARTESIAN_POINT ( 'NONE',  ( 0.000000000000000000, 0.000000000000000000, 0.000000000000000000 ) ) ;
#2338 = DIRECTION ( 'NONE',  ( -1.000000000000000000, 0.000000000000000000, -0.000000000000000000 ) ) ;
#2339 = CYLINDRICAL_SURFACE ( 'NONE', #2750, 12.81149999999999700 ) ;
#2340 = EDGE_LOOP ( 'NONE', ( #1185, #1756, #502, #1215 ) ) ;
#2341 = ORIENTED_EDGE ( 'NONE', *, *, #1053, .F. ) ;
#2342 = CIRCLE ( 'NONE', #3236, 15.62500000000000000 ) ;
#2343 = EDGE_CURVE ( 'NONE', #1838, #1886, #2334, .T. ) ;
#2344 = FACE_OUTER_BOUND ( 'NONE', #2384, .T. ) ;
#2345 = CIRCLE ( 'NONE', #1896, 15.62500000000000000 ) ;
#2346 = VECTOR ( 'NONE', #3057, 1000.000000000000000 ) ;
#2347 = CARTESIAN_POINT ( 'NONE',  ( 0.000000000000000000, 5.350396643122564022, 11.64078124574389150 ) ) ;
#2348 = CIRCLE ( 'NONE', #824, 12.81149999999999700 ) ;
#2349 = ORIENTED_EDGE ( 'NONE', *, *, #595, .F. ) ;
#2350 = EDGE_CURVE ( 'NONE', #3235, #159, #725, .T. ) ;
#2351 = DIRECTION ( 'NONE',  ( 0.000000000000000000, 0.8169698930104393186, 0.5766803221148709691 ) ) ;
#2352 = AXIS2_PLACEMENT_3D ( 'NONE', #1205, #1700, #641 ) ;
#2353 = ORIENTED_EDGE ( 'NONE', *, *, #306, .F. ) ;
#2354 = DIRECTION ( 'NONE',  ( -1.000000000000000000, 0.000000000000000000, 0.000000000000000000 ) ) ;
#2355 = CARTESIAN_POINT ( 'NONE',  ( 0.000000000000000000, 0.000000000000000000, 0.000000000000000000 ) ) ;
#2356 = ORIENTED_EDGE ( 'NONE', *, *, #2090, .T. ) ;
#2357 = CYLINDRICAL_SURFACE ( 'NONE', #1694, 5.750000000000000000 ) ;
#2358 = CARTESIAN_POINT ( 'NONE',  ( 0.000000000000000000, -8.456300558606129059, 10.53371941279236346 ) ) ;
#2359 = DIRECTION ( 'NONE',  ( -1.000000000000000000, 0.000000000000000000, 0.000000000000000000 ) ) ;
#2360 = VERTEX_POINT ( 'NONE', #996 ) ;
#2361 = ORIENTED_EDGE ( 'NONE', *, *, #2195, .F. ) ;
#2362 = DIRECTION ( 'NONE',  ( -1.000000000000000000, -0.000000000000000000, -0.000000000000000000 ) ) ;
#2363 = DIRECTION ( 'NONE',  ( 0.000000000000000000, 0.9422609221188190665, 0.3348796121709901041 ) ) ;
#2364 = AXIS2_PLACEMENT_3D ( 'NONE', #232, #1296, #2377 ) ;
#2365 = ORIENTED_EDGE ( 'NONE', *, *, #175, .F. ) ;
#2366 = DIRECTION ( 'NONE',  ( -1.000000000000000000, -0.000000000000000000, -0.000000000000000000 ) ) ;
#2367 = VECTOR ( 'NONE', #345, 1000.000000000000000 ) ;
#2368 = EDGE_CURVE ( 'NONE', #1476, #1785, #2124, .T. ) ;
#2369 = ADVANCED_FACE ( 'NONE', ( #2052 ), #1802, .T. ) ;
#2370 = ORIENTED_EDGE ( 'NONE', *, *, #985, .F. ) ;
#2371 = CARTESIAN_POINT ( 'NONE',  ( 10.00000000000000000, 11.24851991847276622, -6.132318639284933148 ) ) ;
#2372 = CARTESIAN_POINT ( 'NONE',  ( 0.000000000000000000, 5.462285525855593349, -12.35442028744973086 ) ) ;
#2373 = VERTEX_POINT ( 'NONE', #501 ) ;
#2374 = CYLINDRICAL_SURFACE ( 'NONE', #2821, 12.81149999999999700 ) ;
#2375 = AXIS2_PLACEMENT_3D ( 'NONE', #1872, #1585, #2607 ) ;
#2376 = CARTESIAN_POINT ( 'NONE',  ( 10.00000000000000000, -12.03388225800421019, 6.136280763248404213 ) ) ;
#2377 = DIRECTION ( 'NONE',  ( 0.000000000000000000, 0.000000000000000000, 1.000000000000000000 ) ) ;
#2378 = AXIS2_PLACEMENT_3D ( 'NONE', #1120, #1901, #2994 ) ;
#2379 = ORIENTED_EDGE ( 'NONE', *, *, #2216, .F. ) ;
#2380 = ORIENTED_EDGE ( 'NONE', *, *, #2574, .F. ) ;
#2381 = DIRECTION ( 'NONE',  ( -1.000000000000000000, 0.000000000000000000, 0.000000000000000000 ) ) ;
#2382 = VECTOR ( 'NONE', #391, 1000.000000000000000 ) ;
#2383 = DIRECTION ( 'NONE',  ( -1.000000000000000000, 0.000000000000000000, 0.000000000000000000 ) ) ;
#2384 = EDGE_LOOP ( 'NONE', ( #1885, #3005, #1109, #1128 ) ) ;
#2385 = VECTOR ( 'NONE', #712, 1000.000000000000000 ) ;
#2386 = CARTESIAN_POINT ( 'NONE',  ( 0.000000000000000000, 0.000000000000000000, 0.000000000000000000 ) ) ;
#2387 = CIRCLE ( 'NONE', #1817, 15.62499999999999822 ) ;
#2388 = ORIENTED_EDGE ( 'NONE', *, *, #1757, .F. ) ;
#2389 = EDGE_CURVE ( 'NONE', #556, #2039, #465, .T. ) ;
#2390 = CARTESIAN_POINT ( 'NONE',  ( 0.000000000000000000, 0.000000000000000000, 0.000000000000000000 ) ) ;
#2391 = AXIS2_PLACEMENT_3D ( 'NONE', #683, #1963, #2245 ) ;
#2392 = ORIENTED_EDGE ( 'NONE', *, *, #533, .F. ) ;
#2393 = FACE_OUTER_BOUND ( 'NONE', #3435, .T. ) ;
#2394 = VECTOR ( 'NONE', #2137, 1000.000000000000000 ) ;
#2395 = EDGE_CURVE ( 'NONE', #151, #589, #2612, .T. ) ;
#2396 = LINE ( 'NONE', #2319, #1362 ) ;
#2397 = CARTESIAN_POINT ( 'NONE',  ( 10.00000000000000000, -7.093669515771286349, -11.49556943374003204 ) ) ;
#2398 = VERTEX_POINT ( 'NONE', #1556 ) ;
#2399 = ORIENTED_EDGE ( 'NONE', *, *, #3150, .T. ) ;
#2400 = DIRECTION ( 'NONE',  ( -1.000000000000000000, 0.000000000000000000, 0.000000000000000000 ) ) ;
#2401 = DIRECTION ( 'NONE',  ( 0.000000000000000000, 0.000000000000000000, -1.000000000000000000 ) ) ;
#2402 = ORIENTED_EDGE ( 'NONE', *, *, #1805, .F. ) ;
#2403 = CIRCLE ( 'NONE', #371, 5.750000000000000000 ) ;
#2404 = DIRECTION ( 'NONE',  ( 0.000000000000000000, -0.7308359642781161458, -0.6825531432186626724 ) ) ;
#2405 = VECTOR ( 'NONE', #16, 1000.000000000000000 ) ;
#2406 = ORIENTED_EDGE ( 'NONE', *, *, #1504, .F. ) ;
#2407 = DIRECTION ( 'NONE',  ( 0.000000000000000000, 0.000000000000000000, 1.000000000000000000 ) ) ;
#2408 = ORIENTED_EDGE ( 'NONE', *, *, #3177, .T. ) ;
#2409 = CARTESIAN_POINT ( 'NONE',  ( 10.00000000000000000, -4.855571540454119983, 11.85571411875016423 ) ) ;
#2410 = FACE_OUTER_BOUND ( 'NONE', #409, .T. ) ;
#2411 = CARTESIAN_POINT ( 'NONE',  ( 10.00000000000000000, -1.752075746886607721, -13.39397231526528032 ) ) ;
#2412 = EDGE_CURVE ( 'NONE', #589, #1032, #2958, .T. ) ;
#2413 = EDGE_CURVE ( 'NONE', #3355, #3195, #3399, .T. ) ;
#2414 = VERTEX_POINT ( 'NONE', #1030 ) ;
#2415 = ORIENTED_EDGE ( 'NONE', *, *, #1027, .T. ) ;
#2416 = CARTESIAN_POINT ( 'NONE',  ( 10.00000000000000000, -0.08805550942581237550, 13.50779441774935918 ) ) ;
#2417 = DIRECTION ( 'NONE',  ( -1.000000000000000000, 0.000000000000000000, -0.000000000000000000 ) ) ;
#2418 = ORIENTED_EDGE ( 'NONE', *, *, #229, .T. ) ;
#2419 = FACE_OUTER_BOUND ( 'NONE', #769, .T. ) ;
#2420 = AXIS2_PLACEMENT_3D ( 'NONE', #319, #883, #3255 ) ;
#2421 = AXIS2_PLACEMENT_3D ( 'NONE', #2523, #1203, #2559 ) ;
#2422 = LINE ( 'NONE', #291, #1370 ) ;
#2423 = EDGE_LOOP ( 'NONE', ( #1123, #2349, #2185, #179 ) ) ;
#2424 = CARTESIAN_POINT ( 'NONE',  ( 10.00000000000000000, -10.30873331663865677, -7.606875157147254818 ) ) ;
#2425 = FACE_OUTER_BOUND ( 'NONE', #315, .T. ) ;
#2426 = DIRECTION ( 'NONE',  ( 0.000000000000000000, 0.000000000000000000, -1.000000000000000000 ) ) ;
#2427 = EDGE_LOOP ( 'NONE', ( #3085, #2891, #1089, #2728 ) ) ;
#2428 = CARTESIAN_POINT ( 'NONE',  ( 0.000000000000000000, -7.093669515771286349, -11.49556943374003204 ) ) ;
#2429 = DIRECTION ( 'NONE',  ( -1.000000000000000000, 0.000000000000000000, -0.000000000000000000 ) ) ;
#2430 = EDGE_CURVE ( 'NONE', #2792, #2306, #2622, .T. ) ;
#2431 = EDGE_CURVE ( 'NONE', #1717, #390, #372, .T. ) ;
#2432 = CARTESIAN_POINT ( 'NONE',  ( 0.000000000000000000, -10.30873331663876336, 7.606875157147110045 ) ) ;
#2433 = VERTEX_POINT ( 'NONE', #3374 ) ;
#2434 = DIRECTION ( 'NONE',  ( 0.000000000000000000, -0.9422609221188237294, 0.3348796121709771700 ) ) ;
#2435 = ADVANCED_FACE ( 'NONE', ( #902 ), #374, .T. ) ;
#2436 = CIRCLE ( 'NONE', #81, 5.749999999999999112 ) ;
#2437 = AXIS2_PLACEMENT_3D ( 'NONE', #482, #2089, #2648 ) ;
#2438 = DIRECTION ( 'NONE',  ( -1.000000000000000000, 0.000000000000000000, -0.000000000000000000 ) ) ;
#2439 = EDGE_LOOP ( 'NONE', ( #3322, #1525, #1175, #19 ) ) ;
#2440 = DIRECTION ( 'NONE',  ( -1.000000000000000000, 0.000000000000000000, 0.000000000000000000 ) ) ;
#2441 = CYLINDRICAL_SURFACE ( 'NONE', #3040, 12.81149999999999700 ) ;
#2442 = CARTESIAN_POINT ( 'NONE',  ( 10.00000000000000000, 12.33543222387117666, 9.590502429501835735 ) ) ;
#2443 = VECTOR ( 'NONE', #2082, 1000.000000000000000 ) ;
#2444 = ORIENTED_EDGE ( 'NONE', *, *, #884, .T. ) ;
#2445 = ORIENTED_EDGE ( 'NONE', *, *, #1349, .T. ) ;
#2446 = DIRECTION ( 'NONE',  ( 0.000000000000000000, 0.8878852184023763305, -0.4600650377311499284 ) ) ;
#2447 = CARTESIAN_POINT ( 'NONE',  ( 0.000000000000000000, -13.47029551076156295, 4.740345277989609585 ) ) ;
#2448 = VERTEX_POINT ( 'NONE', #1744 ) ;
#2449 = EDGE_CURVE ( 'NONE', #2433, #1336, #2345, .T. ) ;
#2450 = DIRECTION ( 'NONE',  ( 0.000000000000000000, -0.9976687691905399280, 0.06824241336466070618 ) ) ;
#2451 = EDGE_CURVE ( 'NONE', #3356, #1795, #666, .T. ) ;
#2452 = EDGE_CURVE ( 'NONE', #2630, #513, #2261, .T. ) ;
#2453 = DIRECTION ( 'NONE',  ( 0.000000000000000000, -0.6310879443260593025, 0.7757112907044144690 ) ) ;
#2454 = AXIS2_PLACEMENT_3D ( 'NONE', #2615, #2318, #1277 ) ;
#2455 = ORIENTED_EDGE ( 'NONE', *, *, #1593, .F. ) ;
#2456 = LINE ( 'NONE', #2424, #1025 ) ;
#2457 = CARTESIAN_POINT ( 'NONE',  ( 10.00000000000000000, -7.493331224602523655, -13.71096685716936392 ) ) ;
#2458 = FACE_OUTER_BOUND ( 'NONE', #841, .T. ) ;
#2459 = ORIENTED_EDGE ( 'NONE', *, *, #878, .F. ) ;
#2460 = CIRCLE ( 'NONE', #438, 12.81149999999999700 ) ;
#2461 = EDGE_LOOP ( 'NONE', ( #3015, #2406, #1544, #3250 ) ) ;
#2462 = CARTESIAN_POINT ( 'NONE',  ( 10.00000000000000000, 0.000000000000000000, 0.000000000000000000 ) ) ;
#2463 = ORIENTED_EDGE ( 'NONE', *, *, #446, .T. ) ;
#2464 = ORIENTED_EDGE ( 'NONE', *, *, #2138, .T. ) ;
#2465 = CARTESIAN_POINT ( 'NONE',  ( 0.000000000000000000, 0.000000000000000000, 0.000000000000000000 ) ) ;
#2466 = DIRECTION ( 'NONE',  ( 0.000000000000000000, 0.000000000000000000, 1.000000000000000000 ) ) ;
#2467 = EDGE_CURVE ( 'NONE', #2271, #1583, #1161, .T. ) ;
#2468 = EDGE_CURVE ( 'NONE', #2983, #651, #820, .T. ) ;
#2469 = AXIS2_PLACEMENT_3D ( 'NONE', #2057, #1380, #1087 ) ;
#2470 = VERTEX_POINT ( 'NONE', #2852 ) ;
#2471 = DIRECTION ( 'NONE',  ( 0.000000000000000000, 0.000000000000000000, 1.000000000000000000 ) ) ;
#2472 = DIRECTION ( 'NONE',  ( -1.000000000000000000, 0.000000000000000000, 0.000000000000000000 ) ) ;
#2473 = CARTESIAN_POINT ( 'NONE',  ( 0.000000000000000000, -10.40994441961331418, 11.65219645305388596 ) ) ;
#2474 = ORIENTED_EDGE ( 'NONE', *, *, #1047, .T. ) ;
#2475 = VERTEX_POINT ( 'NONE', #2553 ) ;
#2476 = LINE ( 'NONE', #2985, #3010 ) ;
#2477 = DIRECTION ( 'NONE',  ( -1.000000000000000000, 0.000000000000000000, 0.000000000000000000 ) ) ;
#2478 = ORIENTED_EDGE ( 'NONE', *, *, #131, .T. ) ;
#2479 = EDGE_LOOP ( 'NONE', ( #1941, #3278, #959, #3233 ) ) ;
#2480 = DIRECTION ( 'NONE',  ( -1.000000000000000000, -0.000000000000000000, 0.000000000000000000 ) ) ;
#2481 = APPLICATION_CONTEXT ( 'automotive_design' ) ;
#2482 = AXIS2_PLACEMENT_3D ( 'NONE', #1200, #3343, #377 ) ;
#2483 = CARTESIAN_POINT ( 'NONE',  ( 0.000000000000000000, -11.97876787724255365, 4.543528627965476296 ) ) ;
#2484 = AXIS2_PLACEMENT_3D ( 'NONE', #586, #1395, #1747 ) ;
#2485 = EDGE_LOOP ( 'NONE', ( #2388, #1302, #2561, #1533 ) ) ;
#2486 = DIRECTION ( 'NONE',  ( -1.000000000000000000, 0.000000000000000000, -0.000000000000000000 ) ) ;
#2487 = ADVANCED_FACE ( 'NONE', ( #2800 ), #149, .T. ) ;
#2488 = AXIS2_PLACEMENT_3D ( 'NONE', #2015, #343, #670 ) ;
#2489 = CARTESIAN_POINT ( 'NONE',  ( 10.00000000000000000, -15.13506446477571821, -3.882067573739955257 ) ) ;
#2490 = DIRECTION ( 'NONE',  ( -1.000000000000000000, 0.000000000000000000, 0.000000000000000000 ) ) ;
#2491 = CIRCLE ( 'NONE', #1146, 12.81149999999999878 ) ;
#2492 = ORIENTED_EDGE ( 'NONE', *, *, #2277, .T. ) ;
#2493 = EDGE_LOOP ( 'NONE', ( #2499, #951, #752, #753 ) ) ;
#2494 = EDGE_CURVE ( 'NONE', #2373, #2414, #2505, .T. ) ;
#2495 = CARTESIAN_POINT ( 'NONE',  ( 10.00000000000000000, 0.000000000000000000, 0.000000000000000000 ) ) ;
#2496 = CARTESIAN_POINT ( 'NONE',  ( 10.00000000000000000, -5.300754509045244589, 12.42458310929414900 ) ) ;
#2497 = AXIS2_PLACEMENT_3D ( 'NONE', #1064, #2699, #2143 ) ;
#2498 = ORIENTED_EDGE ( 'NONE', *, *, #2069, .F. ) ;
#2499 = ORIENTED_EDGE ( 'NONE', *, *, #2554, .T. ) ;
#2500 = CYLINDRICAL_SURFACE ( 'NONE', #537, 5.750000000000000888 ) ;
#2501 = DIRECTION ( 'NONE',  ( 0.000000000000000000, -0.9422609221188237294, 0.3348796121709771700 ) ) ;
#2502 = ORIENTED_EDGE ( 'NONE', *, *, #156, .T. ) ;
#2503 = VECTOR ( 'NONE', #967, 1000.000000000000000 ) ;
#2504 = CYLINDRICAL_SURFACE ( 'NONE', #1306, 15.62500000000000000 ) ;
#2505 = CIRCLE ( 'NONE', #1212, 5.750000000000000888 ) ;
#2506 = CARTESIAN_POINT ( 'NONE',  ( 10.00000000000000000, 0.000000000000000000, 0.000000000000000000 ) ) ;
#2507 = AXIS2_PLACEMENT_3D ( 'NONE', #1452, #2020, #674 ) ;
#2508 = CARTESIAN_POINT ( 'NONE',  ( 10.00000000000000000, 13.48231375170810864, 0.8339542585917986139 ) ) ;
#2509 = ORIENTED_EDGE ( 'NONE', *, *, #3177, .F. ) ;
#2510 = DIRECTION ( 'NONE',  ( 0.000000000000000000, -0.2697967711570115612, -0.9629172873478027972 ) ) ;
#2511 = DIRECTION ( 'NONE',  ( -1.000000000000000000, 0.000000000000000000, -0.000000000000000000 ) ) ;
#2512 = DIRECTION ( 'NONE',  ( 0.000000000000000000, 0.000000000000000000, 1.000000000000000000 ) ) ;
#2513 = EDGE_CURVE ( 'NONE', #1271, #395, #3237, .T. ) ;
#2514 = EDGE_CURVE ( 'NONE', #172, #1603, #2903, .T. ) ;
#2515 = VERTEX_POINT ( 'NONE', #1180 ) ;
#2516 = EDGE_LOOP ( 'NONE', ( #14, #3321, #913, #207 ) ) ;
#2517 = VECTOR ( 'NONE', #3220, 1000.000000000000000 ) ;
#2518 = DIRECTION ( 'NONE',  ( -1.000000000000000000, 0.000000000000000000, 0.000000000000000000 ) ) ;
#2519 = DIRECTION ( 'NONE',  ( 0.000000000000000000, 0.000000000000000000, -1.000000000000000000 ) ) ;
#2520 = VERTEX_POINT ( 'NONE', #3358 ) ;
#2521 = CARTESIAN_POINT ( 'NONE',  ( 10.00000000000000000, -12.59563626849159235, 2.341896505368907810 ) ) ;
#2522 = DIRECTION ( 'NONE',  ( 1.000000000000000000, -0.000000000000000000, 0.000000000000000000 ) ) ;
#2523 = CARTESIAN_POINT ( 'NONE',  ( 0.000000000000000000, 0.000000000000000000, 0.000000000000000000 ) ) ;
#2524 = AXIS2_PLACEMENT_3D ( 'NONE', #2397, #505, #213 ) ;
#2525 = ORIENTED_EDGE ( 'NONE', *, *, #1612, .T. ) ;
#2526 = FACE_OUTER_BOUND ( 'NONE', #234, .T. ) ;
#2527 = FACE_OUTER_BOUND ( 'NONE', #874, .T. ) ;
#2528 = CARTESIAN_POINT ( 'NONE',  ( 0.000000000000000000, 6.943196843910325100, -11.58707389255953402 ) ) ;
#2529 = AXIS2_PLACEMENT_3D ( 'NONE', #295, #1661, #2738 ) ;
#2530 = VERTEX_POINT ( 'NONE', #2783 ) ;
#2531 = ORIENTED_EDGE ( 'NONE', *, *, #1453, .F. ) ;
#2532 = EDGE_CURVE ( 'NONE', #1625, #3125, #3182, .T. ) ;
#2533 = DIRECTION ( 'NONE',  ( -1.000000000000000000, -0.000000000000000000, -0.000000000000000000 ) ) ;
#2534 = EDGE_CURVE ( 'NONE', #3212, #2767, #2679, .T. ) ;
#2535 = DIRECTION ( 'NONE',  ( -1.000000000000000000, 0.000000000000000000, 0.000000000000000000 ) ) ;
#2536 = VECTOR ( 'NONE', #2480, 1000.000000000000000 ) ;
#2537 = EDGE_LOOP ( 'NONE', ( #2300, #3021, #1255, #1403 ) ) ;
#2538 = CARTESIAN_POINT ( 'NONE',  ( 0.000000000000000000, -6.880190462054132539, 14.02867079255406146 ) ) ;
#2539 = VECTOR ( 'NONE', #104, 1000.000000000000000 ) ;
#2540 = DIRECTION ( 'NONE',  ( 0.000000000000000000, -0.9976687691905398170, 0.06824241336466080332 ) ) ;
#2541 = CARTESIAN_POINT ( 'NONE',  ( 10.00000000000000000, -10.98468148073603601, -7.861617936003744589 ) ) ;
#2542 = AXIS2_PLACEMENT_3D ( 'NONE', #135, #247, #230 ) ;
#2543 = ORIENTED_EDGE ( 'NONE', *, *, #55, .T. ) ;
#2544 = DIRECTION ( 'NONE',  ( -1.000000000000000000, -0.000000000000000000, 0.000000000000000000 ) ) ;
#2545 = CARTESIAN_POINT ( 'NONE',  ( 0.000000000000000000, 0.000000000000000000, 0.000000000000000000 ) ) ;
#2546 = AXIS2_PLACEMENT_3D ( 'NONE', #742, #1819, #2407 ) ;
#2547 = CARTESIAN_POINT ( 'NONE',  ( 10.00000000000000000, 0.000000000000000000, 0.000000000000000000 ) ) ;
#2548 = ORIENTED_EDGE ( 'NONE', *, *, #1500, .T. ) ;
#2549 = VERTEX_POINT ( 'NONE', #3095 ) ;
#2550 = FACE_OUTER_BOUND ( 'NONE', #1745, .T. ) ;
#2551 = EDGE_CURVE ( 'NONE', #164, #2549, #3400, .T. ) ;
#2552 = CIRCLE ( 'NONE', #3337, 5.750000000000000000 ) ;
#2553 = CARTESIAN_POINT ( 'NONE',  ( 10.00000000000000178, 0.000000000000000000, 3.000000000000000444 ) ) ;
#2554 = EDGE_CURVE ( 'NONE', #2854, #1422, #1230, .T. ) ;
#2555 = ADVANCED_FACE ( 'NONE', ( #2312 ), #1462, .T. ) ;
#2556 = ORIENTED_EDGE ( 'NONE', *, *, #1513, .T. ) ;
#2557 = CARTESIAN_POINT ( 'NONE',  ( 10.00000000000000000, -7.874147165256800918, 10.10605455506144423 ) ) ;
#2558 = CYLINDRICAL_SURFACE ( 'NONE', #467, 5.750000000000000000 ) ;
#2559 = DIRECTION ( 'NONE',  ( 0.000000000000000000, 0.9422609221188190665, 0.3348796121709901041 ) ) ;
#2560 = AXIS2_PLACEMENT_3D ( 'NONE', #3001, #1399, #825 ) ;
#2561 = ORIENTED_EDGE ( 'NONE', *, *, #1310, .F. ) ;
#2562 = CARTESIAN_POINT ( 'NONE',  ( 0.000000000000000000, -9.545144203574857045, -8.545452263219381450 ) ) ;
#2563 = DIRECTION ( 'NONE',  ( -1.000000000000000000, -0.000000000000000000, -0.000000000000000000 ) ) ;
#2564 = CIRCLE ( 'NONE', #2560, 15.62499999999999822 ) ;
#2565 = DIRECTION ( 'NONE',  ( -1.000000000000000000, -0.000000000000000000, 0.000000000000000000 ) ) ;
#2566 = ORIENTED_EDGE ( 'NONE', *, *, #3023, .T. ) ;
#2567 = AXIS2_PLACEMENT_3D ( 'NONE', #1063, #2697, #711 ) ;
#2568 = ORIENTED_EDGE ( 'NONE', *, *, #1412, .F. ) ;
#2569 = DIRECTION ( 'NONE',  ( 0.000000000000000000, 0.000000000000000000, 1.000000000000000000 ) ) ;
#2570 = CARTESIAN_POINT ( 'NONE',  ( 10.00000000000000000, 11.08624123981536869, 7.717740535774571420 ) ) ;
#2571 = VECTOR ( 'NONE', #2984, 1000.000000000000000 ) ;
#2572 = DIRECTION ( 'NONE',  ( -1.000000000000000000, 0.000000000000000000, 0.000000000000000000 ) ) ;
#2573 = VERTEX_POINT ( 'NONE', #1515 ) ;
#2574 = EDGE_CURVE ( 'NONE', #687, #1077, #648, .T. ) ;
#2575 = EDGE_CURVE ( 'NONE', #1646, #2674, #1108, .T. ) ;
#2576 = DIRECTION ( 'NONE',  ( 0.000000000000000000, -0.3984010898462485017, 0.9172113015054500496 ) ) ;
#2577 = DIRECTION ( 'NONE',  ( 1.000000000000000000, 0.000000000000000000, 0.000000000000000000 ) ) ;
#2578 = ORIENTED_EDGE ( 'NONE', *, *, #1739, .F. ) ;
#2579 = CARTESIAN_POINT ( 'NONE',  ( 10.00000000000000000, 5.462285525855421042, 12.35442028744980547 ) ) ;
#2580 = EDGE_CURVE ( 'NONE', #3129, #164, #792, .T. ) ;
#2581 =( NAMED_UNIT ( * ) PLANE_ANGLE_UNIT ( ) SI_UNIT ( $, .RADIAN. ) );
#2582 = DIRECTION ( 'NONE',  ( 0.000000000000000000, 0.000000000000000000, 1.000000000000000000 ) ) ;
#2583 = CARTESIAN_POINT ( 'NONE',  ( 0.000000000000000000, 0.000000000000000000, 0.000000000000000000 ) ) ;
#2584 = ORIENTED_EDGE ( 'NONE', *, *, #2732, .T. ) ;
#2585 = ORIENTED_EDGE ( 'NONE', *, *, #176, .F. ) ;
#2586 = DIRECTION ( 'NONE',  ( 0.000000000000000000, 0.000000000000000000, -1.000000000000000000 ) ) ;
#2587 = CIRCLE ( 'NONE', #3257, 15.62499999999999822 ) ;
#2588 = DIRECTION ( 'NONE',  ( 0.000000000000000000, 0.1361666490962400167, 0.9906859460363315328 ) ) ;
#2589 = CARTESIAN_POINT ( 'NONE',  ( 0.000000000000000000, -5.300754509045244589, 12.42458310929414900 ) ) ;
#2590 = ORIENTED_EDGE ( 'NONE', *, *, #221, .T. ) ;
#2591 = DIRECTION ( 'NONE',  ( -1.000000000000000000, -0.000000000000000000, -0.000000000000000000 ) ) ;
#2592 = CARTESIAN_POINT ( 'NONE',  ( 10.00000000000000000, 1.926546458205049772, 13.36999186795932992 ) ) ;
#2593 = EDGE_CURVE ( 'NONE', #1463, #526, #3063, .T. ) ;
#2594 = ORIENTED_EDGE ( 'NONE', *, *, #964, .T. ) ;
#2595 = CARTESIAN_POINT ( 'NONE',  ( 0.000000000000000000, 2.011344227983399513, 12.65262923848469434 ) ) ;
#2596 = AXIS2_PLACEMENT_3D ( 'NONE', #2965, #585, #2701 ) ;
#2597 = DIRECTION ( 'NONE',  ( -1.000000000000000000, -0.000000000000000000, -0.000000000000000000 ) ) ;
#2598 = CARTESIAN_POINT ( 'NONE',  ( 10.00000000000000000, 6.424699349295068806, 11.08412245155959219 ) ) ;
#2599 = DIRECTION ( 'NONE',  ( -1.000000000000000000, 0.000000000000000000, 0.000000000000000000 ) ) ;
#2600 = ADVANCED_FACE ( 'NONE', ( #2888 ), #3413, .T. ) ;
#2601 = VERTEX_POINT ( 'NONE', #1835 ) ;
#2602 = ORIENTED_EDGE ( 'NONE', *, *, #358, .T. ) ;
#2603 = AXIS2_PLACEMENT_3D ( 'NONE', #3347, #360, #2540 ) ;
#2604 = DIRECTION ( 'NONE',  ( 1.000000000000000000, 0.000000000000000000, 0.000000000000000000 ) ) ;
#2605 = FACE_OUTER_BOUND ( 'NONE', #896, .T. ) ;
#2606 = EDGE_LOOP ( 'NONE', ( #2040, #2053, #2110, #1942 ) ) ;
#2607 = DIRECTION ( 'NONE',  ( 0.000000000000000000, -0.5195839500354229035, -0.8544194045464948983 ) ) ;
#2608 = VECTOR ( 'NONE', #2311, 1000.000000000000000 ) ;
#2609 = CIRCLE ( 'NONE', #2998, 5.750000000000000000 ) ;
#2610 = ORIENTED_EDGE ( 'NONE', *, *, #2494, .T. ) ;
#2611 = CARTESIAN_POINT ( 'NONE',  ( 10.00000000000000000, 0.000000000000000000, 0.000000000000000000 ) ) ;
#2612 = LINE ( 'NONE', #205, #2176 ) ;
#2613 = ORIENTED_EDGE ( 'NONE', *, *, #2801, .T. ) ;
#2614 = DIRECTION ( 'NONE',  ( -1.000000000000000000, -0.000000000000000000, -0.000000000000000000 ) ) ;
#2615 = CARTESIAN_POINT ( 'NONE',  ( 0.000000000000000000, 13.20735115122738002, 2.834455745481624156 ) ) ;
#2616 = LINE ( 'NONE', #191, #2990 ) ;
#2617 = FACE_OUTER_BOUND ( 'NONE', #2240, .T. ) ;
#2618 = ORIENTED_EDGE ( 'NONE', *, *, #1851, .T. ) ;
#2619 = ORIENTED_EDGE ( 'NONE', *, *, #2449, .F. ) ;
#2620 = CARTESIAN_POINT ( 'NONE',  ( 10.00000000000000000, -10.30873331663876336, 7.606875157147110045 ) ) ;
#2621 = EDGE_CURVE ( 'NONE', #2084, #147, #992, .T. ) ;
#2622 = CIRCLE ( 'NONE', #1439, 5.750000000000000888 ) ;
#2623 = AXIS2_PLACEMENT_3D ( 'NONE', #2589, #115, #2244 ) ;
#2624 = EDGE_CURVE ( 'NONE', #3235, #1838, #3429, .T. ) ;
#2625 = CARTESIAN_POINT ( 'NONE',  ( 10.00000000000000000, -1.752075746886789798, 13.39397231526525367 ) ) ;
#2626 = AXIS2_PLACEMENT_3D ( 'NONE', #1540, #3382, #3121 ) ;
#2627 = ORIENTED_EDGE ( 'NONE', *, *, #577, .T. ) ;
#2628 = DIRECTION ( 'NONE',  ( -1.000000000000000000, 0.000000000000000000, -0.000000000000000000 ) ) ;
#2629 = VECTOR ( 'NONE', #1969, 1000.000000000000000 ) ;
#2630 = VERTEX_POINT ( 'NONE', #1043 ) ;
#2631 = AXIS2_PLACEMENT_3D ( 'NONE', #3202, #527, #1854 ) ;
#2632 = DIRECTION ( 'NONE',  ( 1.000000000000000000, -0.000000000000000000, -0.000000000000000000 ) ) ;
#2633 = DIRECTION ( 'NONE',  ( -1.000000000000000000, 0.000000000000000000, 0.000000000000000000 ) ) ;
#2634 = ORIENTED_EDGE ( 'NONE', *, *, #1134, .F. ) ;
#2635 = FACE_OUTER_BOUND ( 'NONE', #2461, .T. ) ;
#2636 = CARTESIAN_POINT ( 'NONE',  ( 50.00005079999999680, 0.000000000000000000, 0.000000000000000000 ) ) ;
#2637 = CARTESIAN_POINT ( 'NONE',  ( 10.00000000000000000, 6.424699349295068806, 11.08412245155959219 ) ) ;
#2638 = ORIENTED_EDGE ( 'NONE', *, *, #2791, .T. ) ;
#2639 = ORIENTED_EDGE ( 'NONE', *, *, #1655, .F. ) ;
#2640 = DIRECTION ( 'NONE',  ( 1.000000000000000000, 0.000000000000000000, 0.000000000000000000 ) ) ;
#2641 = CARTESIAN_POINT ( 'NONE',  ( 10.00000000000000000, 8.292634615677300758, 9.765589761036991945 ) ) ;
#2642 = AXIS2_PLACEMENT_3D ( 'NONE', #12, #2359, #489 ) ;
#2643 = ORIENTED_EDGE ( 'NONE', *, *, #2451, .F. ) ;
#2644 = EDGE_CURVE ( 'NONE', #1856, #2858, #2652, .T. ) ;
#2645 = CARTESIAN_POINT ( 'NONE',  ( -10.00000000000000000, 0.000000000000000000, 0.000000000000000000 ) ) ;
#2646 = EDGE_CURVE ( 'NONE', #2373, #5, #736, .T. ) ;
#2647 = EDGE_LOOP ( 'NONE', ( #880, #2928, #1190, #1288 ) ) ;
#2648 = DIRECTION ( 'NONE',  ( 0.000000000000000000, 0.000000000000000000, 1.000000000000000000 ) ) ;
#2649 = CARTESIAN_POINT ( 'NONE',  ( 0.000000000000000000, 13.48231375170812285, -0.8339542585916147610 ) ) ;
#2650 = ORIENTED_EDGE ( 'NONE', *, *, #662, .F. ) ;
#2651 = CARTESIAN_POINT ( 'NONE',  ( 10.00000000000000000, 13.20735115122741909, -2.834455745481441635 ) ) ;
#2652 = CIRCLE ( 'NONE', #564, 3.000000000000000444 ) ;
#2653 = FACE_OUTER_BOUND ( 'NONE', #2864, .T. ) ;
#2654 = DIRECTION ( 'NONE',  ( -1.000000000000000000, -0.000000000000000000, -0.000000000000000000 ) ) ;
#2655 = AXIS2_PLACEMENT_3D ( 'NONE', #2111, #1239, #2895 ) ;
#2656 = VERTEX_POINT ( 'NONE', #480 ) ;
#2657 = VERTEX_POINT ( 'NONE', #2926 ) ;
#2658 = DIRECTION ( 'NONE',  ( 0.000000000000000000, -0.7308359642781161458, -0.6825531432186626724 ) ) ;
#2659 = AXIS2_PLACEMENT_3D ( 'NONE', #2376, #1845, #2914 ) ;
#2660 = DIRECTION ( 'NONE',  ( 0.000000000000000000, 0.000000000000000000, 1.000000000000000000 ) ) ;
#2661 = ORIENTED_EDGE ( 'NONE', *, *, #3002, .F. ) ;
#2662 = CIRCLE ( 'NONE', #2159, 12.81149999999999878 ) ;
#2663 = CYLINDRICAL_SURFACE ( 'NONE', #1561, 12.81149999999999700 ) ;
#2664 = EDGE_CURVE ( 'NONE', #584, #1209, #2707, .T. ) ;
#2665 = VECTOR ( 'NONE', #779, 1000.000000000000000 ) ;
#2666 = ORIENTED_EDGE ( 'NONE', *, *, #1564, .T. ) ;
#2667 = CARTESIAN_POINT ( 'NONE',  ( 0.000000000000000000, -2.840164252701422143, 15.36470279626901636 ) ) ;
#2668 = EDGE_CURVE ( 'NONE', #2080, #1866, #399, .T. ) ;
#2669 = ADVANCED_FACE ( 'NONE', ( #238 ), #1286, .T. ) ;
#2670 = ORIENTED_EDGE ( 'NONE', *, *, #2532, .F. ) ;
#2671 = CARTESIAN_POINT ( 'NONE',  ( 10.00000000000000000, 12.15943163291378859, 4.035189538856313263 ) ) ;
#2672 = CARTESIAN_POINT ( 'NONE',  ( 10.00000000000000000, 12.15943163291384721, -4.035189538856145397 ) ) ;
#2673 = FACE_OUTER_BOUND ( 'NONE', #93, .T. ) ;
#2674 = VERTEX_POINT ( 'NONE', #461 ) ;
#2675 = ORIENTED_EDGE ( 'NONE', *, *, #2395, .T. ) ;
#2676 = CARTESIAN_POINT ( 'NONE',  ( 10.00000000000000000, 12.15943163291384721, -4.035189538856145397 ) ) ;
#2677 = DIRECTION ( 'NONE',  ( -1.000000000000000000, 0.000000000000000000, 0.000000000000000000 ) ) ;
#2678 = ORIENTED_EDGE ( 'NONE', *, *, #1829, .T. ) ;
#2679 = CIRCLE ( 'NONE', #1270, 5.749999999999999112 ) ;
#2680 = CARTESIAN_POINT ( 'NONE',  ( 0.000000000000000000, 1.926546458205049772, 13.36999186795932992 ) ) ;
#2681 = DIRECTION ( 'NONE',  ( 0.000000000000000000, 0.000000000000000000, 1.000000000000000000 ) ) ;
#2682 = CARTESIAN_POINT ( 'NONE',  ( 10.00000000000000000, 8.726345089906624608, 12.96115451539185059 ) ) ;
#2683 = EDGE_LOOP ( 'NONE', ( #195, #2107, #2675, #1590 ) ) ;
#2684 = CARTESIAN_POINT ( 'NONE',  ( 5.000000000000000000, -3.516283588487754574, 15.22420358262893636 ) ) ;
#2685 = ADVANCED_FACE ( 'NONE', ( #3427 ), #2122, .T. ) ;
#2686 = EDGE_CURVE ( 'NONE', #1387, #691, #2071, .T. ) ;
#2687 = CARTESIAN_POINT ( 'NONE',  ( 10.00000000000000000, 0.000000000000000000, 0.000000000000000000 ) ) ;
#2688 = DIRECTION ( 'NONE',  ( 0.000000000000000000, 0.2697967711570247729, -0.9629172873477991335 ) ) ;
#2689 = ORIENTED_EDGE ( 'NONE', *, *, #2513, .T. ) ;
#2690 = EDGE_LOOP ( 'NONE', ( #1020, #3179, #1181, #1919 ) ) ;
#2691 = EDGE_CURVE ( 'NONE', #526, #1519, #1729, .T. ) ;
#2692 = CARTESIAN_POINT ( 'NONE',  ( 10.00000000000000000, -10.30873331663876336, 7.606875157147110045 ) ) ;
#2693 = CARTESIAN_POINT ( 'NONE',  ( 10.00000000000000000, -3.729149491633811486, -12.98313166666534180 ) ) ;
#2694 = ORIENTED_EDGE ( 'NONE', *, *, #194, .F. ) ;
#2695 = LINE ( 'NONE', #3273, #2517 ) ;
#2696 = AXIS2_PLACEMENT_3D ( 'NONE', #1106, #1951, #2164 ) ;
#2697 = DIRECTION ( 'NONE',  ( -1.000000000000000000, -0.000000000000000000, -0.000000000000000000 ) ) ;
#2698 = VECTOR ( 'NONE', #1984, 1000.000000000000000 ) ;
#2699 = DIRECTION ( 'NONE',  ( -1.000000000000000000, -0.000000000000000000, -0.000000000000000000 ) ) ;
#2700 = ORIENTED_EDGE ( 'NONE', *, *, #1148, .F. ) ;
#2701 = DIRECTION ( 'NONE',  ( 0.000000000000000000, 0.6310879443260485333, 0.7757112907044233507 ) ) ;
#2702 = CARTESIAN_POINT ( 'NONE',  ( 10.00000000000000000, -6.880190462053941580, -14.02867079255415206 ) ) ;
#2703 = DIRECTION ( 'NONE',  ( -1.000000000000000000, 0.000000000000000000, 0.000000000000000000 ) ) ;
#2704 = EDGE_CURVE ( 'NONE', #3108, #1006, #656, .T. ) ;
#2705 = EDGE_LOOP ( 'NONE', ( #3328, #1329, #1790, #2008 ) ) ;
#2706 = ORIENTED_EDGE ( 'NONE', *, *, #2153, .F. ) ;
#2707 = CIRCLE ( 'NONE', #241, 5.750000000000000000 ) ;
#2708 = DIRECTION ( 'NONE',  ( 0.000000000000000000, 0.000000000000000000, -1.000000000000000000 ) ) ;
#2709 = CARTESIAN_POINT ( 'NONE',  ( 0.000000000000000000, 3.559569147089504781, -13.03064585091658145 ) ) ;
#2710 = ADVANCED_FACE ( 'NONE', ( #511 ), #2663, .T. ) ;
#2711 = ORIENTED_EDGE ( 'NONE', *, *, #963, .T. ) ;
#2712 = CIRCLE ( 'NONE', #3155, 15.62500000000000000 ) ;
#2713 = CARTESIAN_POINT ( 'NONE',  ( 10.00000000000000000, 0.000000000000000000, 0.000000000000000000 ) ) ;
#2714 = AXIS2_PLACEMENT_3D ( 'NONE', #2721, #536, #2979 ) ;
#2715 = VECTOR ( 'NONE', #2280, 1000.000000000000000 ) ;
#2716 = DIRECTION ( 'NONE',  ( -1.000000000000000000, 0.000000000000000000, 0.000000000000000000 ) ) ;
#2717 = EDGE_CURVE ( 'NONE', #1620, #2010, #1618, .T. ) ;
#2718 = VERTEX_POINT ( 'NONE', #35 ) ;
#2719 = LINE ( 'NONE', #2671, #797 ) ;
#2720 = CIRCLE ( 'NONE', #2945, 5.750000000000000888 ) ;
#2721 = CARTESIAN_POINT ( 'NONE',  ( 10.00000000000000000, 0.000000000000000000, 0.000000000000000000 ) ) ;
#2722 = CARTESIAN_POINT ( 'NONE',  ( 10.00000000000000000, 2.011344227983578037, -12.65262923848466947 ) ) ;
#2723 = AXIS2_PLACEMENT_3D ( 'NONE', #2709, #1369, #286 ) ;
#2724 = ORIENTED_EDGE ( 'NONE', *, *, #2811, .T. ) ;
#2725 = ORIENTED_EDGE ( 'NONE', *, *, #2090, .F. ) ;
#2726 = SURFACE_STYLE_FILL_AREA ( #331 ) ;
#2727 = CARTESIAN_POINT ( 'NONE',  ( 10.00000000000000000, 13.48231375170812285, -0.8339542585916147610 ) ) ;
#2728 = ORIENTED_EDGE ( 'NONE', *, *, #3344, .F. ) ;
#2729 = EDGE_LOOP ( 'NONE', ( #2049, #2643, #1773, #3385 ) ) ;
#2730 = EDGE_CURVE ( 'NONE', #2118, #1991, #2695, .T. ) ;
#2731 = CARTESIAN_POINT ( 'NONE',  ( 10.00000000000000000, 13.20735115122738002, 2.834455745481624156 ) ) ;
#2732 = EDGE_CURVE ( 'NONE', #3355, #549, #1873, .T. ) ;
#2733 = DIRECTION ( 'NONE',  ( 1.000000000000000000, 0.000000000000000000, 0.000000000000000000 ) ) ;
#2734 = FACE_OUTER_BOUND ( 'NONE', #1317, .T. ) ;
#2735 = VERTEX_POINT ( 'NONE', #809 ) ;
#2736 = LINE ( 'NONE', #550, #625 ) ;
#2737 = CARTESIAN_POINT ( 'NONE',  ( 10.00000000000000000, 13.48231375170810864, 6.583954258591798947 ) ) ;
#2738 = DIRECTION ( 'NONE',  ( 0.000000000000000000, 0.9976687691905389288, 0.06824241336467466723 ) ) ;
#2739 = ORIENTED_EDGE ( 'NONE', *, *, #1160, .T. ) ;
#2740 = CIRCLE ( 'NONE', #774, 12.81149999999999878 ) ;
#2741 = ORIENTED_EDGE ( 'NONE', *, *, #1607, .F. ) ;
#2742 = CARTESIAN_POINT ( 'NONE',  ( 5.000000000000000888, 12.33543222387130811, -9.590502429501668757 ) ) ;
#2743 = CYLINDRICAL_SURFACE ( 'NONE', #1097, 5.750000000000000000 ) ;
#2744 = ORIENTED_EDGE ( 'NONE', *, *, #3283, .T. ) ;
#2745 = EDGE_LOOP ( 'NONE', ( #771, #1912, #2594, #2916 ) ) ;
#2746 = DIRECTION ( 'NONE',  ( 0.000000000000000000, -0.2697967711570115612, -0.9629172873478027972 ) ) ;
#2747 = EDGE_CURVE ( 'NONE', #3212, #2798, #1621, .T. ) ;
#2748 = DIRECTION ( 'NONE',  ( 0.000000000000000000, 0.7308359642781254717, -0.6825531432186526803 ) ) ;
#2749 = ADVANCED_FACE ( 'NONE', ( #2419 ), #561, .T. ) ;
#2750 = AXIS2_PLACEMENT_3D ( 'NONE', #265, #3124, #2897 ) ;
#2751 = ORIENTED_EDGE ( 'NONE', *, *, #3046, .F. ) ;
#2752 = AXIS2_PLACEMENT_3D ( 'NONE', #2959, #82, #1910 ) ;
#2753 = CARTESIAN_POINT ( 'NONE',  ( 0.000000000000000000, -15.62118451506432493, -0.3452815464436032600 ) ) ;
#2754 = CIRCLE ( 'NONE', #392, 15.62500000000000000 ) ;
#2755 = DIRECTION ( 'NONE',  ( -1.000000000000000000, 0.000000000000000000, 0.000000000000000000 ) ) ;
#2756 = DIRECTION ( 'NONE',  ( 0.000000000000000000, 0.5195839500354346718, -0.8544194045464877929 ) ) ;
#2757 = ORIENTED_EDGE ( 'NONE', *, *, #1850, .T. ) ;
#2758 = ORIENTED_EDGE ( 'NONE', *, *, #1305, .F. ) ;
#2759 = DIRECTION ( 'NONE',  ( -1.000000000000000000, -0.000000000000000000, -0.000000000000000000 ) ) ;
#2760 = CARTESIAN_POINT ( 'NONE',  ( 10.00000000000000000, 11.95285973547136749, 6.292647133684546645 ) ) ;
#2761 = ORIENTED_EDGE ( 'NONE', *, *, #131, .F. ) ;
#2762 = ORIENTED_EDGE ( 'NONE', *, *, #657, .T. ) ;
#2763 = DIRECTION ( 'NONE',  ( 0.000000000000000000, 0.000000000000000000, 1.000000000000000000 ) ) ;
#2764 = AXIS2_PLACEMENT_3D ( 'NONE', #3227, #2210, #1066 ) ;
#2765 = CARTESIAN_POINT ( 'NONE',  ( 10.00000000000000000, -12.03388225800412847, -6.136280763248569414 ) ) ;
#2766 = CIRCLE ( 'NONE', #408, 5.749999999999999112 ) ;
#2767 = VERTEX_POINT ( 'NONE', #2205 ) ;
#2768 = CARTESIAN_POINT ( 'NONE',  ( 0.000000000000000000, -13.24318199697760789, 2.662028249258292067 ) ) ;
#2769 = CIRCLE ( 'NONE', #2991, 12.81149999999999878 ) ;
#2770 = EDGE_CURVE ( 'NONE', #2767, #845, #1891, .T. ) ;
#2771 = EDGE_CURVE ( 'NONE', #1918, #1781, #853, .T. ) ;
#2772 = CARTESIAN_POINT ( 'NONE',  ( 0.000000000000000000, -12.03388225800412847, -6.136280763248569414 ) ) ;
#2773 = CARTESIAN_POINT ( 'NONE',  ( 5.000000000000000000, -6.880190462054134315, 14.02867079255406146 ) ) ;
#2774 = ORIENTED_EDGE ( 'NONE', *, *, #775, .F. ) ;
#2775 = DIRECTION ( 'NONE',  ( 0.000000000000000000, 0.9976687691905389288, 0.06824241336467468111 ) ) ;
#2776 = CARTESIAN_POINT ( 'NONE',  ( 5.000000000000000000, -13.16764042189657502, -8.411532007882717821 ) ) ;
#2777 = DIRECTION ( 'NONE',  ( 0.000000000000000000, -0.5195839500354229035, -0.8544194045464948983 ) ) ;
#2778 = VECTOR ( 'NONE', #1283, 1000.000000000000000 ) ;
#2779 = ORIENTED_EDGE ( 'NONE', *, *, #1799, .F. ) ;
#2780 = VERTEX_POINT ( 'NONE', #1147 ) ;
#2781 = DIRECTION ( 'NONE',  ( -1.000000000000000000, -0.000000000000000000, -0.000000000000000000 ) ) ;
#2782 = CIRCLE ( 'NONE', #362, 5.750000000000000888 ) ;
#2783 = CARTESIAN_POINT ( 'NONE',  ( 10.00000000000000000, 12.48587405515859672, -2.870101274993160256 ) ) ;
#2784 = VERTEX_POINT ( 'NONE', #1688 ) ;
#2785 = AXIS2_PLACEMENT_3D ( 'NONE', #754, #2119, #3443 ) ;
#2786 = DIRECTION ( 'NONE',  ( 0.000000000000000000, 0.000000000000000000, 1.000000000000000000 ) ) ;
#2787 = VECTOR ( 'NONE', #1784, 1000.000000000000000 ) ;
#2788 = DIRECTION ( 'NONE',  ( 0.000000000000000000, 0.000000000000000000, 1.000000000000000000 ) ) ;
#2789 = AXIS2_PLACEMENT_3D ( 'NONE', #999, #1806, #2845 ) ;
#2790 = CARTESIAN_POINT ( 'NONE',  ( 0.000000000000000000, 0.000000000000000000, 0.000000000000000000 ) ) ;
#2791 = EDGE_CURVE ( 'NONE', #1583, #549, #2189, .T. ) ;
#2792 = VERTEX_POINT ( 'NONE', #66 ) ;
#2793 = CARTESIAN_POINT ( 'NONE',  ( 0.000000000000000000, 8.592911864346799433, -10.42257787193212160 ) ) ;
#2794 = LINE ( 'NONE', #2776, #2906 ) ;
#2795 = CARTESIAN_POINT ( 'NONE',  ( 0.000000000000000000, -6.880190462053940692, -14.02867079255415028 ) ) ;
#2796 = CIRCLE ( 'NONE', #1276, 5.750000000000000000 ) ;
#2797 = ORIENTED_EDGE ( 'NONE', *, *, #1822, .F. ) ;
#2798 = VERTEX_POINT ( 'NONE', #1130 ) ;
#2799 = CYLINDRICAL_SURFACE ( 'NONE', #2123, 5.750000000000000000 ) ;
#2800 = FACE_OUTER_BOUND ( 'NONE', #3410, .T. ) ;
#2801 = EDGE_CURVE ( 'NONE', #369, #1749, #1068, .T. ) ;
#2802 = ORIENTED_EDGE ( 'NONE', *, *, #552, .F. ) ;
#2803 = DIRECTION ( 'NONE',  ( 0.000000000000000000, 0.000000000000000000, 1.000000000000000000 ) ) ;
#2804 = AXIS2_PLACEMENT_3D ( 'NONE', #2465, #3006, #2746 ) ;
#2805 = DIRECTION ( 'NONE',  ( 0.000000000000000000, -0.8169698930104472012, 0.5766803221148598668 ) ) ;
#2806 = DIRECTION ( 'NONE',  ( -1.000000000000000000, 0.000000000000000000, 0.000000000000000000 ) ) ;
#2807 = AXIS2_PLACEMENT_3D ( 'NONE', #3249, #801, #2147 ) ;
#2808 = ORIENTED_EDGE ( 'NONE', *, *, #1674, .F. ) ;
#2809 = DIRECTION ( 'NONE',  ( -1.000000000000000000, 0.000000000000000000, 0.000000000000000000 ) ) ;
#2810 = CYLINDRICAL_SURFACE ( 'NONE', #487, 15.62500000000000000 ) ;
#2811 = EDGE_CURVE ( 'NONE', #790, #1563, #1858, .T. ) ;
#2812 = LINE ( 'NONE', #643, #1260 ) ;
#2813 = VECTOR ( 'NONE', #2825, 1000.000000000000000 ) ;
#2814 = ORIENTED_EDGE ( 'NONE', *, *, #1134, .T. ) ;
#2815 = ORIENTED_EDGE ( 'NONE', *, *, #946, .T. ) ;
#2816 = CARTESIAN_POINT ( 'NONE',  ( 5.000000000000000000, 14.46548752452594044, -5.906800798891420179 ) ) ;
#2817 = ADVANCED_FACE ( 'NONE', ( #545 ), #1943, .T. ) ;
#2818 = EDGE_CURVE ( 'NONE', #2657, #363, #20, .T. ) ;
#2819 = AXIS2_PLACEMENT_3D ( 'NONE', #100, #2042, #898 ) ;
#2820 = DIRECTION ( 'NONE',  ( -1.000000000000000000, -0.000000000000000000, -0.000000000000000000 ) ) ;
#2821 = AXIS2_PLACEMENT_3D ( 'NONE', #1033, #3436, #3398 ) ;
#2822 = EDGE_LOOP ( 'NONE', ( #2711, #592, #2121, #3423 ) ) ;
#2823 = DIRECTION ( 'NONE',  ( 0.000000000000000000, -0.5195839500354229035, -0.8544194045464951204 ) ) ;
#2824 = DIRECTION ( 'NONE',  ( -1.000000000000000000, -0.000000000000000000, 0.000000000000000000 ) ) ;
#2825 = DIRECTION ( 'NONE',  ( -1.000000000000000000, 0.000000000000000000, -0.000000000000000000 ) ) ;
#2826 = ORIENTED_EDGE ( 'NONE', *, *, #3327, .T. ) ;
#2827 = CARTESIAN_POINT ( 'NONE',  ( 50.00005079999999680, 3.673940397442060361E-16, -3.000000000000000444 ) ) ;
#2828 = DIRECTION ( 'NONE',  ( -1.000000000000000000, -0.000000000000000000, 0.000000000000000000 ) ) ;
#2829 = CARTESIAN_POINT ( 'NONE',  ( 0.000000000000000000, 10.61984581506632708, 7.166129158354467954 ) ) ;
#2830 = ORIENTED_EDGE ( 'NONE', *, *, #919, .F. ) ;
#2831 = EDGE_LOOP ( 'NONE', ( #255, #1129, #1615, #2246 ) ) ;
#2832 = CARTESIAN_POINT ( 'NONE',  ( 10.00000000000000000, -0.2697443336428782534, 12.80865997067872364 ) ) ;
#2833 = FACE_OUTER_BOUND ( 'NONE', #2283, .T. ) ;
#2834 = ADVANCED_FACE ( 'NONE', ( #847 ), #22, .T. ) ;
#2835 = ADVANCED_FACE ( 'NONE', ( #597 ), #1959, .T. ) ;
#2836 = AXIS2_PLACEMENT_3D ( 'NONE', #2496, #1971, #1922 ) ;
#2837 = DIRECTION ( 'NONE',  ( -1.000000000000000000, -0.000000000000000000, 0.000000000000000000 ) ) ;
#2838 = ADVANCED_FACE ( 'NONE', ( #1672 ), #612, .T. ) ;
#2839 = ORIENTED_EDGE ( 'NONE', *, *, #3266, .F. ) ;
#2840 = FACE_BOUND ( 'NONE', #329, .T. ) ;
#2841 = DIRECTION ( 'NONE',  ( 1.000000000000000000, -0.000000000000000000, -0.000000000000000000 ) ) ;
#2842 = AXIS2_PLACEMENT_3D ( 'NONE', #1546, #1565, #3 ) ;
#2843 = ORIENTED_EDGE ( 'NONE', *, *, #1193, .T. ) ;
#2844 = CARTESIAN_POINT ( 'NONE',  ( 10.00000000000000000, 0.000000000000000000, 0.000000000000000000 ) ) ;
#2845 = DIRECTION ( 'NONE',  ( 0.000000000000000000, 0.5195839500354345608, -0.8544194045464879039 ) ) ;
#2846 = AXIS2_PLACEMENT_3D ( 'NONE', #1338, #590, #1617 ) ;
#2847 = CARTESIAN_POINT ( 'NONE',  ( 10.00000000000000000, 13.48231375170810864, 0.8339542585917986139 ) ) ;
#2848 = EDGE_LOOP ( 'NONE', ( #460, #2661, #56, #887 ) ) ;
#2849 = ORIENTED_EDGE ( 'NONE', *, *, #2328, .F. ) ;
#2850 = DIRECTION ( 'NONE',  ( -1.000000000000000000, -0.000000000000000000, 0.000000000000000000 ) ) ;
#2851 = DIRECTION ( 'NONE',  ( -1.000000000000000000, 0.000000000000000000, -0.000000000000000000 ) ) ;
#2852 = CARTESIAN_POINT ( 'NONE',  ( 0.000000000000000000, -10.91463276349809597, -11.18085044341322920 ) ) ;
#2853 = EDGE_CURVE ( 'NONE', #2987, #3074, #3080, .T. ) ;
#2854 = VERTEX_POINT ( 'NONE', #335 ) ;
#2855 = CARTESIAN_POINT ( 'NONE',  ( 5.000000000000000000, 15.52270379068856521, 1.785018774843234901 ) ) ;
#2856 = ADVANCED_FACE ( 'NONE', ( #3293 ), #646, .T. ) ;
#2857 = DIRECTION ( 'NONE',  ( -1.000000000000000000, 0.000000000000000000, -0.000000000000000000 ) ) ;
#2858 = VERTEX_POINT ( 'NONE', #1458 ) ;
#2859 = DIRECTION ( 'NONE',  ( 0.000000000000000000, -0.8878852184023701133, -0.4600650377311618078 ) ) ;
#2860 = DIRECTION ( 'NONE',  ( -1.000000000000000000, 0.000000000000000000, -0.000000000000000000 ) ) ;
#2861 = DIRECTION ( 'NONE',  ( -1.000000000000000000, 0.000000000000000000, -0.000000000000000000 ) ) ;
#2862 = AXIS2_PLACEMENT_3D ( 'NONE', #2880, #519, #3454 ) ;
#2863 = CYLINDRICAL_SURFACE ( 'NONE', #2862, 15.62500000000000000 ) ;
#2864 = EDGE_LOOP ( 'NONE', ( #3397, #632, #1038, #146 ) ) ;
#2865 = ORIENTED_EDGE ( 'NONE', *, *, #533, .T. ) ;
#2866 = CYLINDRICAL_SURFACE ( 'NONE', #1892, 5.750000000000000000 ) ;
#2867 = VECTOR ( 'NONE', #2841, 1000.000000000000000 ) ;
#2868 = CARTESIAN_POINT ( 'NONE',  ( 10.00000000000000000, 0.000000000000000000, 0.000000000000000000 ) ) ;
#2869 = EDGE_LOOP ( 'NONE', ( #1166, #2814, #3292, #1699 ) ) ;
#2870 = DIRECTION ( 'NONE',  ( 0.000000000000000000, 0.000000000000000000, -1.000000000000000000 ) ) ;
#2871 = ORIENTED_EDGE ( 'NONE', *, *, #1099, .F. ) ;
#2872 = DIRECTION ( 'NONE',  ( 0.000000000000000000, 0.000000000000000000, 1.000000000000000000 ) ) ;
#2873 = DIRECTION ( 'NONE',  ( -1.000000000000000000, 0.000000000000000000, 0.000000000000000000 ) ) ;
#2874 = VERTEX_POINT ( 'NONE', #2273 ) ;
#2875 = CARTESIAN_POINT ( 'NONE',  ( 10.00000000000000000, 9.290514346019463687, 12.56292036854514649 ) ) ;
#2876 = ADVANCED_FACE ( 'NONE', ( #1164 ), #1726, .T. ) ;
#2877 = CIRCLE ( 'NONE', #1359, 12.81149999999999878 ) ;
#2878 = EDGE_CURVE ( 'NONE', #3204, #2084, #933, .T. ) ;
#2879 = LINE ( 'NONE', #471, #1477 ) ;
#2880 = CARTESIAN_POINT ( 'NONE',  ( -10.00000000000000000, 0.000000000000000000, 0.000000000000000000 ) ) ;
#2881 = AXIS2_PLACEMENT_3D ( 'NONE', #177, #454, #1240 ) ;
#2882 = ORIENTED_EDGE ( 'NONE', *, *, #1870, .T. ) ;
#2883 = ORIENTED_EDGE ( 'NONE', *, *, #281, .F. ) ;
#2884 = AXIS2_PLACEMENT_3D ( 'NONE', #2175, #323, #8 ) ;
#2885 = CYLINDRICAL_SURFACE ( 'NONE', #2174, 5.750000000000000000 ) ;
#2886 = DIRECTION ( 'NONE',  ( -1.000000000000000000, -0.000000000000000000, -0.000000000000000000 ) ) ;
#2887 = EDGE_LOOP ( 'NONE', ( #828, #2171, #3153, #440 ) ) ;
#2888 = FACE_OUTER_BOUND ( 'NONE', #2907, .T. ) ;
#2889 = AXIS2_PLACEMENT_3D ( 'NONE', #3312, #3128, #3009 ) ;
#2890 = AXIS2_PLACEMENT_3D ( 'NONE', #1908, #63, #302 ) ;
#2891 = ORIENTED_EDGE ( 'NONE', *, *, #2532, .T. ) ;
#2892 = DIRECTION ( 'NONE',  ( -1.000000000000000000, -0.000000000000000000, 0.000000000000000000 ) ) ;
#2893 = DIRECTION ( 'NONE',  ( 1.000000000000000000, -0.000000000000000000, -0.000000000000000000 ) ) ;
#2894 = ORIENTED_EDGE ( 'NONE', *, *, #940, .F. ) ;
#2895 = DIRECTION ( 'NONE',  ( 0.000000000000000000, 0.000000000000000000, 1.000000000000000000 ) ) ;
#2896 = DIRECTION ( 'NONE',  ( 0.000000000000000000, 0.9790840876823234673, -0.2034560130526308908 ) ) ;
#2897 = DIRECTION ( 'NONE',  ( 0.000000000000000000, 0.000000000000000000, 1.000000000000000000 ) ) ;
#2898 = EDGE_CURVE ( 'NONE', #395, #1377, #2403, .T. ) ;
#2899 = ORIENTED_EDGE ( 'NONE', *, *, #2260, .T. ) ;
#2900 = ORIENTED_EDGE ( 'NONE', *, *, #2898, .T. ) ;
#2901 = VECTOR ( 'NONE', #508, 1000.000000000000000 ) ;
#2902 = DIRECTION ( 'NONE',  ( 0.000000000000000000, 0.000000000000000000, 1.000000000000000000 ) ) ;
#2903 = CIRCLE ( 'NONE', #2288, 15.62500000000000000 ) ;
#2904 = DIRECTION ( 'NONE',  ( -1.000000000000000000, -0.000000000000000000, -0.000000000000000000 ) ) ;
#2905 = ADVANCED_FACE ( 'NONE', ( #2011 ), #3076, .T. ) ;
#2906 = VECTOR ( 'NONE', #143, 1000.000000000000000 ) ;
#2907 = EDGE_LOOP ( 'NONE', ( #2930, #1740, #644, #334 ) ) ;
#2908 = DIRECTION ( 'NONE',  ( -1.000000000000000000, 0.000000000000000000, 0.000000000000000000 ) ) ;
#2909 = ORIENTED_EDGE ( 'NONE', *, *, #1217, .F. ) ;
#2910 = DIRECTION ( 'NONE',  ( 0.000000000000000000, 0.000000000000000000, 1.000000000000000000 ) ) ;
#2911 = DIRECTION ( 'NONE',  ( 1.000000000000000000, 0.000000000000000000, 0.000000000000000000 ) ) ;
#2912 = ORIENTED_EDGE ( 'NONE', *, *, #3007, .F. ) ;
#2913 = CARTESIAN_POINT ( 'NONE',  ( 5.000000000000000000, -10.40994441961315786, -11.65219645305403162 ) ) ;
#2914 = DIRECTION ( 'NONE',  ( 0.000000000000000000, 0.000000000000000000, 1.000000000000000000 ) ) ;
#2915 = DIRECTION ( 'NONE',  ( 1.000000000000000000, -0.000000000000000000, -0.000000000000000000 ) ) ;
#2916 = ORIENTED_EDGE ( 'NONE', *, *, #1543, .T. ) ;
#2917 = ORIENTED_EDGE ( 'NONE', *, *, #1612, .F. ) ;
#2918 = EDGE_CURVE ( 'NONE', #363, #3305, #3059, .T. ) ;
#2919 = CARTESIAN_POINT ( 'NONE',  ( 0.000000000000000000, -10.98468148073603601, -7.861617936003744589 ) ) ;
#2920 = DIRECTION ( 'NONE',  ( 0.000000000000000000, 0.000000000000000000, 1.000000000000000000 ) ) ;
#2921 = CIRCLE ( 'NONE', #2524, 5.749999999999999112 ) ;
#2922 = ORIENTED_EDGE ( 'NONE', *, *, #13, .T. ) ;
#2923 = AXIS2_PLACEMENT_3D ( 'NONE', #2155, #865, #2434 ) ;
#2924 = AXIS2_PLACEMENT_3D ( 'NONE', #1643, #311, #3263 ) ;
#2925 = ADVANCED_FACE ( 'NONE', ( #665 ), #113, .T. ) ;
#2926 = CARTESIAN_POINT ( 'NONE',  ( 0.000000000000000000, -0.2697443336428782534, 12.80865997067872364 ) ) ;
#2927 = ADVANCED_FACE ( 'NONE', ( #2550 ), #2799, .T. ) ;
#2928 = ORIENTED_EDGE ( 'NONE', *, *, #1719, .F. ) ;
#2929 = CARTESIAN_POINT ( 'NONE',  ( 10.00000000000000000, -8.456300558606129059, 10.53371941279236346 ) ) ;
#2930 = ORIENTED_EDGE ( 'NONE', *, *, #18, .T. ) ;
#2931 = FACE_OUTER_BOUND ( 'NONE', #2690, .T. ) ;
#2932 = DIRECTION ( 'NONE',  ( 0.000000000000000000, 0.7308359642781254717, -0.6825531432186525693 ) ) ;
#2933 = CYLINDRICAL_SURFACE ( 'NONE', #2469, 3.000000000000000444 ) ;
#2934 = CIRCLE ( 'NONE', #28, 5.750000000000000000 ) ;
#2935 = ORIENTED_EDGE ( 'NONE', *, *, #3346, .F. ) ;
#2936 = VERTEX_POINT ( 'NONE', #2832 ) ;
#2937 = AXIS2_PLACEMENT_3D ( 'NONE', #3081, #604, #3315 ) ;
#2938 = CARTESIAN_POINT ( 'NONE',  ( 0.000000000000000000, 0.000000000000000000, 0.000000000000000000 ) ) ;
#2939 = EDGE_LOOP ( 'NONE', ( #678, #1023, #1847, #2797 ) ) ;
#2940 = AXIS2_PLACEMENT_3D ( 'NONE', #2506, #1949, #2788 ) ;
#2941 = CARTESIAN_POINT ( 'NONE',  ( 10.00000000000000000, -8.456300558606129059, 10.53371941279236346 ) ) ;
#2942 = EDGE_CURVE ( 'NONE', #1199, #292, #353, .T. ) ;
#2943 = ADVANCED_FACE ( 'NONE', ( #1478 ), #1706, .T. ) ;
#2944 = VERTEX_POINT ( 'NONE', #1495 ) ;
#2945 = AXIS2_PLACEMENT_3D ( 'NONE', #717, #1793, #2748 ) ;
#2946 = FACE_OUTER_BOUND ( 'NONE', #776, .T. ) ;
#2947 = LINE ( 'NONE', #2992, #2046 ) ;
#2948 = AXIS2_PLACEMENT_3D ( 'NONE', #1149, #459, #2045 ) ;
#2949 = ADVANCED_FACE ( 'NONE', ( #3036 ), #3093, .T. ) ;
#2950 = ORIENTED_EDGE ( 'NONE', *, *, #2732, .F. ) ;
#2951 = CARTESIAN_POINT ( 'NONE',  ( 10.00000000000000000, 5.462285525855421042, 12.35442028744980547 ) ) ;
#2952 = FACE_OUTER_BOUND ( 'NONE', #993, .T. ) ;
#2953 = CARTESIAN_POINT ( 'NONE',  ( 10.00000000000000000, 10.61984581506642833, -7.166129158354324069 ) ) ;
#2954 = VERTEX_POINT ( 'NONE', #2292 ) ;
#2955 = EDGE_LOOP ( 'NONE', ( #3304, #2380, #594, #1113 ) ) ;
#2956 = CARTESIAN_POINT ( 'NONE',  ( 5.000000000000000888, -15.62118451506432848, -0.3452815464436006510 ) ) ;
#2957 = ORIENTED_EDGE ( 'NONE', *, *, #1433, .F. ) ;
#2958 = CIRCLE ( 'NONE', #3345, 12.81149999999999700 ) ;
#2959 = CARTESIAN_POINT ( 'NONE',  ( 10.00000000000000000, 0.000000000000000000, 0.000000000000000000 ) ) ;
#2960 = AXIS2_PLACEMENT_3D ( 'NONE', #397, #108, #2285 ) ;
#2961 = CYLINDRICAL_SURFACE ( 'NONE', #2126, 15.62500000000000000 ) ;
#2962 = EDGE_CURVE ( 'NONE', #1387, #1032, #1444, .T. ) ;
#2963 = DIRECTION ( 'NONE',  ( -1.000000000000000000, 0.000000000000000000, -0.000000000000000000 ) ) ;
#2964 = EDGE_LOOP ( 'NONE', ( #165, #2849, #2033, #2223 ) ) ;
#2965 = CARTESIAN_POINT ( 'NONE',  ( 0.000000000000000000, 0.000000000000000000, 0.000000000000000000 ) ) ;
#2966 = EDGE_CURVE ( 'NONE', #3195, #33, #1759, .T. ) ;
#2967 = LINE ( 'NONE', #3209, #1754 ) ;
#2968 = DIRECTION ( 'NONE',  ( 0.000000000000000000, 0.000000000000000000, 1.000000000000000000 ) ) ;
#2969 = ORIENTED_EDGE ( 'NONE', *, *, #445, .F. ) ;
#2970 = DIRECTION ( 'NONE',  ( 0.000000000000000000, -0.9976687691905398170, 0.06824241336466081720 ) ) ;
#2971 = FILL_AREA_STYLE_COLOUR ( '', #1158 ) ;
#2972 = DIRECTION ( 'NONE',  ( 0.000000000000000000, 0.000000000000000000, 1.000000000000000000 ) ) ;
#2973 = ORIENTED_EDGE ( 'NONE', *, *, #1719, .T. ) ;
#2974 = CARTESIAN_POINT ( 'NONE',  ( -10.00000000000000000, 0.000000000000000000, 0.000000000000000000 ) ) ;
#2975 = VECTOR ( 'NONE', #620, 1000.000000000000000 ) ;
#2976 = DIRECTION ( 'NONE',  ( 0.000000000000000000, 0.000000000000000000, 1.000000000000000000 ) ) ;
#2977 = ORIENTED_EDGE ( 'NONE', *, *, #3364, .T. ) ;
#2978 = DIRECTION ( 'NONE',  ( 0.000000000000000000, 0.000000000000000000, 1.000000000000000000 ) ) ;
#2979 = DIRECTION ( 'NONE',  ( 0.000000000000000000, 0.000000000000000000, 1.000000000000000000 ) ) ;
#2980 = DIRECTION ( 'NONE',  ( 0.000000000000000000, 0.9976687691905389288, 0.06824241336467466723 ) ) ;
#2981 = ADVANCED_FACE ( 'NONE', ( #1993 ), #422, .T. ) ;
#2982 = ADVANCED_FACE ( 'NONE', ( #1423 ), #2500, .T. ) ;
#2983 = VERTEX_POINT ( 'NONE', #253 ) ;
#2984 = DIRECTION ( 'NONE',  ( 1.000000000000000000, 0.000000000000000000, -0.000000000000000000 ) ) ;
#2985 = CARTESIAN_POINT ( 'NONE',  ( 10.00000000000000000, 12.48587405515855586, 2.870101274993333007 ) ) ;
#2986 = DIRECTION ( 'NONE',  ( -1.000000000000000000, 0.000000000000000000, 0.000000000000000000 ) ) ;
#2987 = VERTEX_POINT ( 'NONE', #1512 ) ;
#2988 = AXIS2_PLACEMENT_3D ( 'NONE', #1346, #603, #2194 ) ;
#2989 = DIRECTION ( 'NONE',  ( 0.000000000000000000, 0.000000000000000000, 1.000000000000000000 ) ) ;
#2990 = VECTOR ( 'NONE', #1258, 1000.000000000000000 ) ;
#2991 = AXIS2_PLACEMENT_3D ( 'NONE', #1766, #204, #2576 ) ;
#2992 = CARTESIAN_POINT ( 'NONE',  ( 10.00000000000000000, -4.855571540453955670, -11.85571411875022996 ) ) ;
#2993 = ORIENTED_EDGE ( 'NONE', *, *, #1521, .F. ) ;
#2994 = DIRECTION ( 'NONE',  ( 0.000000000000000000, 0.000000000000000000, 1.000000000000000000 ) ) ;
#2995 = AXIS2_PLACEMENT_3D ( 'NONE', #2868, #1978, #1760 ) ;
#2996 = CYLINDRICAL_SURFACE ( 'NONE', #2484, 12.81149999999999700 ) ;
#2997 = CARTESIAN_POINT ( 'NONE',  ( 0.000000000000000000, -7.874147165256662362, -10.10605455506155437 ) ) ;
#2998 = AXIS2_PLACEMENT_3D ( 'NONE', #78, #1143, #543 ) ;
#2999 = VERTEX_POINT ( 'NONE', #235 ) ;
#3000 = VERTEX_POINT ( 'NONE', #1792 ) ;
#3001 = CARTESIAN_POINT ( 'NONE',  ( 0.000000000000000000, 0.000000000000000000, 0.000000000000000000 ) ) ;
#3002 = EDGE_CURVE ( 'NONE', #1032, #2520, #1437, .T. ) ;
#3003 = CYLINDRICAL_SURFACE ( 'NONE', #2114, 5.750000000000000000 ) ;
#3004 = ORIENTED_EDGE ( 'NONE', *, *, #2664, .F. ) ;
#3005 = ORIENTED_EDGE ( 'NONE', *, *, #428, .T. ) ;
#3006 = DIRECTION ( 'NONE',  ( -1.000000000000000000, -0.000000000000000000, 0.000000000000000000 ) ) ;
#3007 = EDGE_CURVE ( 'NONE', #103, #3058, #1057, .T. ) ;
#3008 = AXIS2_PLACEMENT_3D ( 'NONE', #1142, #805, #2150 ) ;
#3009 = DIRECTION ( 'NONE',  ( 0.000000000000000000, 0.000000000000000000, 1.000000000000000000 ) ) ;
#3010 = VECTOR ( 'NONE', #1907, 1000.000000000000000 ) ;
#3011 = VERTEX_POINT ( 'NONE', #1299 ) ;
#3012 = CARTESIAN_POINT ( 'NONE',  ( 0.000000000000000000, 0.000000000000000000, 0.000000000000000000 ) ) ;
#3013 = CARTESIAN_POINT ( 'NONE',  ( 10.00000000000000000, -9.545144203574976061, 8.545452263219244671 ) ) ;
#3014 = CARTESIAN_POINT ( 'NONE',  ( 0.000000000000000000, -12.76039202360793112, -1.143209365708231395 ) ) ;
#3015 = ORIENTED_EDGE ( 'NONE', *, *, #3364, .F. ) ;
#3016 = AXIS2_PLACEMENT_3D ( 'NONE', #1595, #2614, #2094 ) ;
#3017 = CARTESIAN_POINT ( 'NONE',  ( 0.000000000000000000, 8.292634615677432208, -9.765589761036878258 ) ) ;
#3018 = DIRECTION ( 'NONE',  ( 0.000000000000000000, -0.8169698930104470902, 0.5766803221148600889 ) ) ;
#3019 = DIRECTION ( 'NONE',  ( 0.000000000000000000, 0.000000000000000000, -1.000000000000000000 ) ) ;
#3020 = EDGE_LOOP ( 'NONE', ( #2361, #997, #61, #2531 ) ) ;
#3021 = ORIENTED_EDGE ( 'NONE', *, *, #2156, .T. ) ;
#3022 = DIRECTION ( 'NONE',  ( -1.000000000000000000, 0.000000000000000000, -0.000000000000000000 ) ) ;
#3023 = EDGE_CURVE ( 'NONE', #2936, #2657, #441, .T. ) ;
#3024 = EDGE_CURVE ( 'NONE', #944, #169, #762, .T. ) ;
#3025 = CARTESIAN_POINT ( 'NONE',  ( 10.00000000000000000, 5.350396643122720342, -11.64078124574382045 ) ) ;
#3026 = ORIENTED_EDGE ( 'NONE', *, *, #1962, .T. ) ;
#3027 = DIRECTION ( 'NONE',  ( -1.000000000000000000, -0.000000000000000000, -0.000000000000000000 ) ) ;
#3028 = CARTESIAN_POINT ( 'NONE',  ( 10.00000000000000000, 0.000000000000000000, 0.000000000000000000 ) ) ;
#3029 = CARTESIAN_POINT ( 'NONE',  ( 5.000000000000000000, 1.410503946387249297, 15.56120508242295486 ) ) ;
#3030 = ORIENTED_EDGE ( 'NONE', *, *, #90, .F. ) ;
#3031 = CARTESIAN_POINT ( 'NONE',  ( 5.000000000000000000, 11.89962618115382575, -10.12618001759787312 ) ) ;
#3032 = DIRECTION ( 'NONE',  ( 0.000000000000000000, 0.000000000000000000, 1.000000000000000000 ) ) ;
#3033 = LINE ( 'NONE', #1454, #1344 ) ;
#3034 = ORIENTED_EDGE ( 'NONE', *, *, #1607, .T. ) ;
#3035 = ORIENTED_EDGE ( 'NONE', *, *, #90, .T. ) ;
#3036 = FACE_OUTER_BOUND ( 'NONE', #3418, .T. ) ;
#3037 = CIRCLE ( 'NONE', #2988, 5.750000000000000888 ) ;
#3038 = DIRECTION ( 'NONE',  ( 0.000000000000000000, 0.000000000000000000, 1.000000000000000000 ) ) ;
#3039 = ADVANCED_FACE ( 'NONE', ( #1245 ), #2866, .T. ) ;
#3040 = AXIS2_PLACEMENT_3D ( 'NONE', #2687, #2472, #1333 ) ;
#3041 = EDGE_CURVE ( 'NONE', #3074, #292, #3396, .T. ) ;
#3042 = VERTEX_POINT ( 'NONE', #197 ) ;
#3043 = CARTESIAN_POINT ( 'NONE',  ( 0.000000000000000000, -3.729149491633992231, 12.98313166666528495 ) ) ;
#3044 = CIRCLE ( 'NONE', #2211, 5.750000000000000000 ) ;
#3045 = DIRECTION ( 'NONE',  ( -1.000000000000000000, 0.000000000000000000, 0.000000000000000000 ) ) ;
#3046 = EDGE_CURVE ( 'NONE', #1199, #3000, #3180, .T. ) ;
#3047 = CARTESIAN_POINT ( 'NONE',  ( 10.00000000000000000, -11.49671979254295451, -5.653314626106627827 ) ) ;
#3048 = ORIENTED_EDGE ( 'NONE', *, *, #175, .T. ) ;
#3049 = FACE_OUTER_BOUND ( 'NONE', #2869, .T. ) ;
#3050 = VECTOR ( 'NONE', #2716, 1000.000000000000000 ) ;
#3051 = CARTESIAN_POINT ( 'NONE',  ( 10.00000000000000000, 3.195993620908514021, 12.40645626378104716 ) ) ;
#3052 = CYLINDRICAL_SURFACE ( 'NONE', #1647, 15.62500000000000000 ) ;
#3053 = CIRCLE ( 'NONE', #1539, 5.750000000000001776 ) ;
#3054 = ORIENTED_EDGE ( 'NONE', *, *, #1675, .F. ) ;
#3055 = ORIENTED_EDGE ( 'NONE', *, *, #340, .F. ) ;
#3056 = DIRECTION ( 'NONE',  ( -1.000000000000000000, -0.000000000000000000, -0.000000000000000000 ) ) ;
#3057 = DIRECTION ( 'NONE',  ( -1.000000000000000000, 0.000000000000000000, 0.000000000000000000 ) ) ;
#3058 = VERTEX_POINT ( 'NONE', #1832 ) ;
#3059 = CIRCLE ( 'NONE', #1045, 15.62499999999999822 ) ;
#3060 = DIRECTION ( 'NONE',  ( 0.000000000000000000, 0.000000000000000000, 1.000000000000000000 ) ) ;
#3061 = EDGE_CURVE ( 'NONE', #1646, #862, #3294, .T. ) ;
#3062 = VECTOR ( 'NONE', #1445, 1000.000000000000000 ) ;
#3063 = CIRCLE ( 'NONE', #2062, 5.750000000000000000 ) ;
#3064 = CYLINDRICAL_SURFACE ( 'NONE', #2937, 12.81149999999999700 ) ;
#3065 = VECTOR ( 'NONE', #1224, 1000.000000000000000 ) ;
#3066 = CARTESIAN_POINT ( 'NONE',  ( 0.000000000000000000, -1.752075746886607721, -13.39397231526528032 ) ) ;
#3067 = ORIENTED_EDGE ( 'NONE', *, *, #512, .F. ) ;
#3068 = CARTESIAN_POINT ( 'NONE',  ( 0.000000000000000000, -3.516283588487757239, 15.22420358262892925 ) ) ;
#3069 = EDGE_CURVE ( 'NONE', #2854, #2944, #2342, .T. ) ;
#3070 = ADVANCED_FACE ( 'NONE', ( #1581 ), #3387, .T. ) ;
#3071 = DIRECTION ( 'NONE',  ( -1.000000000000000000, -0.000000000000000000, -0.000000000000000000 ) ) ;
#3072 = CARTESIAN_POINT ( 'NONE',  ( 10.00000000000000000, 0.000000000000000000, 0.000000000000000000 ) ) ;
#3073 = AXIS2_PLACEMENT_3D ( 'NONE', #3173, #1804, #764 ) ;
#3074 = VERTEX_POINT ( 'NONE', #772 ) ;
#3075 = ORIENTED_EDGE ( 'NONE', *, *, #2452, .T. ) ;
#3076 = CYLINDRICAL_SURFACE ( 'NONE', #3118, 15.62500000000000000 ) ;
#3077 = DIRECTION ( 'NONE',  ( 0.000000000000000000, -0.7308359642781161458, -0.6825531432186626724 ) ) ;
#3078 = VERTEX_POINT ( 'NONE', #1849 ) ;
#3079 = CARTESIAN_POINT ( 'NONE',  ( 10.00000000000000000, 9.811879393830224672, 9.284141670927411383 ) ) ;
#3080 = CIRCLE ( 'NONE', #2804, 12.81149999999999700 ) ;
#3081 = CARTESIAN_POINT ( 'NONE',  ( 10.00000000000000000, 0.000000000000000000, 0.000000000000000000 ) ) ;
#3082 = DIRECTION ( 'NONE',  ( 0.000000000000000000, 0.000000000000000000, 1.000000000000000000 ) ) ;
#3083 = AXIS2_PLACEMENT_3D ( 'NONE', #3230, #2490, #587 ) ;
#3084 = ADVANCED_BREP_SHAPE_REPRESENTATION ( '23T zawor 400bar', ( #3147, #770 ), #827 ) ;
#3085 = ORIENTED_EDGE ( 'NONE', *, *, #3289, .F. ) ;
#3086 = DIRECTION ( 'NONE',  ( -1.000000000000000000, 0.000000000000000000, 0.000000000000000000 ) ) ;
#3087 = CARTESIAN_POINT ( 'NONE',  ( 0.000000000000000000, -10.98468148073614437, 7.861617936003591822 ) ) ;
#3088 = DIRECTION ( 'NONE',  ( 0.000000000000000000, -0.9422609221188237294, 0.3348796121709771700 ) ) ;
#3089 = ADVANCED_FACE ( 'NONE', ( #2344 ), #2060, .T. ) ;
#3090 = EDGE_CURVE ( 'NONE', #651, #47, #2228, .T. ) ;
#3091 = ORIENTED_EDGE ( 'NONE', *, *, #1543, .F. ) ;
#3092 = ORIENTED_EDGE ( 'NONE', *, *, #2593, .T. ) ;
#3093 = CYLINDRICAL_SURFACE ( 'NONE', #152, 15.62500000000000000 ) ;
#3094 = DIRECTION ( 'NONE',  ( 0.000000000000000000, 0.000000000000000000, 1.000000000000000000 ) ) ;
#3095 = CARTESIAN_POINT ( 'NONE',  ( 0.000000000000000000, -10.30873331663865677, -7.606875157147254818 ) ) ;
#3096 = CIRCLE ( 'NONE', #2378, 15.62500000000000000 ) ;
#3097 = ORIENTED_EDGE ( 'NONE', *, *, #901, .T. ) ;
#3098 = CARTESIAN_POINT ( 'NONE',  ( 10.00000000000000000, 6.943196843910165228, 11.58707389255962639 ) ) ;
#3099 = CIRCLE ( 'NONE', #2714, 15.62500000000000000 ) ;
#3100 = FACE_OUTER_BOUND ( 'NONE', #1155, .T. ) ;
#3101 = DIRECTION ( 'NONE',  ( -1.000000000000000000, 0.000000000000000000, 0.000000000000000000 ) ) ;
#3102 = CIRCLE ( 'NONE', #1702, 12.81149999999999878 ) ;
#3103 = EDGE_LOOP ( 'NONE', ( #863, #227, #24, #1483 ) ) ;
#3104 = CARTESIAN_POINT ( 'NONE',  ( 10.00000000000000000, -13.52644592144758562, 7.821501501256260092 ) ) ;
#3105 = CARTESIAN_POINT ( 'NONE',  ( 0.000000000000000000, -7.093669515771447109, 11.49556943373993434 ) ) ;
#3106 = DIRECTION ( 'NONE',  ( 0.000000000000000000, 0.000000000000000000, 1.000000000000000000 ) ) ;
#3107 = ORIENTED_EDGE ( 'NONE', *, *, #700, .F. ) ;
#3108 = VERTEX_POINT ( 'NONE', #2620 ) ;
#3109 = ADVANCED_FACE ( 'NONE', ( #2081 ), #3144, .T. ) ;
#3110 = CARTESIAN_POINT ( 'NONE',  ( 0.000000000000000000, 0.000000000000000000, 0.000000000000000000 ) ) ;
#3111 = DIRECTION ( 'NONE',  ( -1.000000000000000000, 0.000000000000000000, -0.000000000000000000 ) ) ;
#3112 = CIRCLE ( 'NONE', #92, 15.62499999999999822 ) ;
#3113 = ADVANCED_FACE ( 'NONE', ( #1811 ), #2885, .T. ) ;
#3114 = CARTESIAN_POINT ( 'NONE',  ( 10.00000000000000000, 0.000000000000000000, 0.000000000000000000 ) ) ;
#3115 = ORIENTED_EDGE ( 'NONE', *, *, #3309, .F. ) ;
#3116 = DIRECTION ( 'NONE',  ( -1.000000000000000000, -0.000000000000000000, -0.000000000000000000 ) ) ;
#3117 = DIRECTION ( 'NONE',  ( -1.000000000000000000, 0.000000000000000000, 0.000000000000000000 ) ) ;
#3118 = AXIS2_PLACEMENT_3D ( 'NONE', #2241, #2533, #1975 ) ;
#3119 = ORIENTED_EDGE ( 'NONE', *, *, #2878, .F. ) ;
#3120 = FACE_OUTER_BOUND ( 'NONE', #931, .T. ) ;
#3121 = DIRECTION ( 'NONE',  ( 0.000000000000000000, 0.000000000000000000, 1.000000000000000000 ) ) ;
#3122 = CIRCLE ( 'NONE', #1777, 5.750000000000000000 ) ;
#3123 = CARTESIAN_POINT ( 'NONE',  ( 5.000000000000000000, -13.52644592144748259, -7.821501501256443944 ) ) ;
#3124 = DIRECTION ( 'NONE',  ( -1.000000000000000000, -0.000000000000000000, 0.000000000000000000 ) ) ;
#3125 = VERTEX_POINT ( 'NONE', #1368 ) ;
#3126 = VERTEX_POINT ( 'NONE', #299 ) ;
#3127 = CARTESIAN_POINT ( 'NONE',  ( 10.00000000000000000, -9.932084523302714629, -9.155433404645117790 ) ) ;
#3128 = DIRECTION ( 'NONE',  ( -1.000000000000000000, -0.000000000000000000, -0.000000000000000000 ) ) ;
#3129 = VERTEX_POINT ( 'NONE', #2168 ) ;
#3130 = AXIS2_PLACEMENT_3D ( 'NONE', #1604, #2908, #498 ) ;
#3131 = CARTESIAN_POINT ( 'NONE',  ( 0.000000000000000000, 0.000000000000000000, 0.000000000000000000 ) ) ;
#3132 = EDGE_CURVE ( 'NONE', #3108, #1645, #1937, .T. ) ;
#3133 = EDGE_CURVE ( 'NONE', #1866, #3259, #842, .T. ) ;
#3134 = ORIENTED_EDGE ( 'NONE', *, *, #2112, .F. ) ;
#3135 = DIRECTION ( 'NONE',  ( -1.000000000000000000, 0.000000000000000000, -0.000000000000000000 ) ) ;
#3136 = DIRECTION ( 'NONE',  ( -1.000000000000000000, -0.000000000000000000, -0.000000000000000000 ) ) ;
#3137 = VERTEX_POINT ( 'NONE', #2676 ) ;
#3138 = CYLINDRICAL_SURFACE ( 'NONE', #3073, 5.750000000000000000 ) ;
#3139 = APPLICATION_PROTOCOL_DEFINITION ( 'draft international standard', 'automotive_design', 1998, #866 ) ;
#3140 = LINE ( 'NONE', #3123, #2385 ) ;
#3141 = DIRECTION ( 'NONE',  ( -1.000000000000000000, -0.000000000000000000, 0.000000000000000000 ) ) ;
#3142 = ORIENTED_EDGE ( 'NONE', *, *, #1054, .T. ) ;
#3143 = ORIENTED_EDGE ( 'NONE', *, *, #1453, .T. ) ;
#3144 = CYLINDRICAL_SURFACE ( 'NONE', #484, 15.62500000000000000 ) ;
#3145 = FACE_OUTER_BOUND ( 'NONE', #1441, .T. ) ;
#3146 = ORIENTED_EDGE ( 'NONE', *, *, #2343, .F. ) ;
#3147 = MANIFOLD_SOLID_BREP ( 'Bore', #1220 ) ;
#3148 = CARTESIAN_POINT ( 'NONE',  ( 10.00000000000000000, -5.300754509045071394, -12.42458310929422360 ) ) ;
#3149 = ORIENTED_EDGE ( 'NONE', *, *, #1027, .F. ) ;
#3150 = EDGE_CURVE ( 'NONE', #111, #3370, #593, .T. ) ;
#3151 = CYLINDRICAL_SURFACE ( 'NONE', #2546, 15.62500000000000000 ) ;
#3152 = CARTESIAN_POINT ( 'NONE',  ( 10.00000000000000000, 13.20735115122741909, -2.834455745481441635 ) ) ;
#3153 = ORIENTED_EDGE ( 'NONE', *, *, #3198, .F. ) ;
#3154 = DIRECTION ( 'NONE',  ( 0.000000000000000000, 0.2697967711570247729, -0.9629172873477991335 ) ) ;
#3155 = AXIS2_PLACEMENT_3D ( 'NONE', #3360, #3027, #2786 ) ;
#3156 = EDGE_CURVE ( 'NONE', #2520, #3380, #2564, .T. ) ;
#3157 = CARTESIAN_POINT ( 'NONE',  ( 10.00000000000000000, 11.08624123981547349, -7.717740535774424870 ) ) ;
#3158 = FACE_OUTER_BOUND ( 'NONE', #822, .T. ) ;
#3159 = AXIS2_PLACEMENT_3D ( 'NONE', #2096, #1863, #766 ) ;
#3160 = ORIENTED_EDGE ( 'NONE', *, *, #3411, .T. ) ;
#3161 = ORIENTED_EDGE ( 'NONE', *, *, #1074, .T. ) ;
#3162 = VECTOR ( 'NONE', #2632, 1000.000000000000000 ) ;
#3163 = CARTESIAN_POINT ( 'NONE',  ( 10.00000000000000000, 0.000000000000000000, 0.000000000000000000 ) ) ;
#3164 = CARTESIAN_POINT ( 'NONE',  ( 10.00000000000000000, -13.47029551076157894, 1.009654722010207228 ) ) ;
#3165 = CARTESIAN_POINT ( 'NONE',  ( 10.00000000000000000, -0.08805550942563283856, -13.50779441774935918 ) ) ;
#3166 = CIRCLE ( 'NONE', #2497, 3.000000000000000444 ) ;
#3167 = AXIS2_PLACEMENT_3D ( 'NONE', #2220, #3288, #3019 ) ;
#3168 = ORIENTED_EDGE ( 'NONE', *, *, #747, .F. ) ;
#3169 = DIRECTION ( 'NONE',  ( -0.000000000000000000, 0.000000000000000000, 1.000000000000000000 ) ) ;
#3170 = CARTESIAN_POINT ( 'NONE',  ( 5.000000000000000000, 12.33543222387117488, 9.590502429501837511 ) ) ;
#3171 = EDGE_CURVE ( 'NONE', #759, #1383, #1774, .T. ) ;
#3172 = EDGE_LOOP ( 'NONE', ( #1723, #1599, #267, #3194 ) ) ;
#3173 = CARTESIAN_POINT ( 'NONE',  ( 10.00000000000000000, 1.926546458205233625, -13.36999186795930328 ) ) ;
#3174 = CARTESIAN_POINT ( 'NONE',  ( 10.00000000000000000, 9.176914517988242537, 8.939729983592155094 ) ) ;
#3175 = CYLINDRICAL_SURFACE ( 'NONE', #1011, 5.750000000000000000 ) ;
#3176 = EDGE_CURVE ( 'NONE', #2954, #1174, #2476, .T. ) ;
#3177 = EDGE_CURVE ( 'NONE', #1476, #1151, #1609, .T. ) ;
#3178 = ORIENTED_EDGE ( 'NONE', *, *, #2430, .T. ) ;
#3179 = ORIENTED_EDGE ( 'NONE', *, *, #67, .F. ) ;
#3180 = CIRCLE ( 'NONE', #48, 15.62500000000000000 ) ;
#3181 = DIRECTION ( 'NONE',  ( -1.000000000000000000, -0.000000000000000000, -0.000000000000000000 ) ) ;
#3182 = CIRCLE ( 'NONE', #703, 15.62500000000000000 ) ;
#3183 = CARTESIAN_POINT ( 'NONE',  ( 10.00000000000000000, -12.69837882901391346, -4.606456221410579310 ) ) ;
#3184 = AXIS2_PLACEMENT_3D ( 'NONE', #623, #95, #1172 ) ;
#3185 = VERTEX_POINT ( 'NONE', #1125 ) ;
#3186 = DIRECTION ( 'NONE',  ( -1.000000000000000000, 0.000000000000000000, 0.000000000000000000 ) ) ;
#3187 = CIRCLE ( 'NONE', #324, 5.749999999999999112 ) ;
#3188 = ORIENTED_EDGE ( 'NONE', *, *, #837, .F. ) ;
#3189 = DIRECTION ( 'NONE',  ( -1.000000000000000000, -0.000000000000000000, 0.000000000000000000 ) ) ;
#3190 = ORIENTED_EDGE ( 'NONE', *, *, #2554, .F. ) ;
#3191 = LINE ( 'NONE', #2913, #163 ) ;
#3192 = CARTESIAN_POINT ( 'NONE',  ( 0.000000000000000000, -11.49671979254295451, -5.653314626106627827 ) ) ;
#3193 = FACE_OUTER_BOUND ( 'NONE', #1830, .T. ) ;
#3194 = ORIENTED_EDGE ( 'NONE', *, *, #1392, .T. ) ;
#3195 = VERTEX_POINT ( 'NONE', #1353 ) ;
#3196 = DIRECTION ( 'NONE',  ( 0.000000000000000000, 0.000000000000000000, 1.000000000000000000 ) ) ;
#3197 = EDGE_CURVE ( 'NONE', #1056, #2335, #937, .T. ) ;
#3198 = EDGE_CURVE ( 'NONE', #172, #737, #1867, .T. ) ;
#3199 = CARTESIAN_POINT ( 'NONE',  ( 10.00000000000000000, -15.62118451506433203, 0.3452815464433829362 ) ) ;
#3200 = ORIENTED_EDGE ( 'NONE', *, *, #2302, .T. ) ;
#3201 = CIRCLE ( 'NONE', #173, 12.81150000000000055 ) ;
#3202 = CARTESIAN_POINT ( 'NONE',  ( 10.00000000000000000, 0.000000000000000000, 0.000000000000000000 ) ) ;
#3203 = EDGE_CURVE ( 'NONE', #921, #1077, #3252, .T. ) ;
#3204 = VERTEX_POINT ( 'NONE', #1385 ) ;
#3205 = PLANE ( 'NONE',  #1724 ) ;
#3206 = FACE_OUTER_BOUND ( 'NONE', #282, .T. ) ;
#3207 = ORIENTED_EDGE ( 'NONE', *, *, #1008, .T. ) ;
#3208 = FACE_OUTER_BOUND ( 'NONE', #1956, .T. ) ;
#3209 = CARTESIAN_POINT ( 'NONE',  ( 10.00000000000000000, 8.292634615677432208, -9.765589761036878258 ) ) ;
#3210 = CARTESIAN_POINT ( 'NONE',  ( 10.00000000000000000, 13.48231375170810864, 0.8339542585917986139 ) ) ;
#3211 = AXIS2_PLACEMENT_3D ( 'NONE', #1256, #1275, #503 ) ;
#3212 = VERTEX_POINT ( 'NONE', #62 ) ;
#3213 = ORIENTED_EDGE ( 'NONE', *, *, #1629, .T. ) ;
#3214 = DIRECTION ( 'NONE',  ( -1.000000000000000000, -0.000000000000000000, 0.000000000000000000 ) ) ;
#3215 = AXIS2_PLACEMENT_3D ( 'NONE', #652, #342, #2803 ) ;
#3216 = DIRECTION ( 'NONE',  ( -1.000000000000000000, 0.000000000000000000, 0.000000000000000000 ) ) ;
#3217 = ORIENTED_EDGE ( 'NONE', *, *, #1264, .F. ) ;
#3218 = ADVANCED_FACE ( 'NONE', ( #524 ), #3267, .T. ) ;
#3219 = AXIS2_PLACEMENT_3D ( 'NONE', #1168, #393, #1466 ) ;
#3220 = DIRECTION ( 'NONE',  ( -1.000000000000000000, 0.000000000000000000, 0.000000000000000000 ) ) ;
#3221 = EDGE_CURVE ( 'NONE', #3137, #1199, #51, .T. ) ;
#3222 = AXIS2_PLACEMENT_3D ( 'NONE', #3258, #849, #3094 ) ;
#3223 = CARTESIAN_POINT ( 'NONE',  ( 0.000000000000000000, 14.46548752452585873, 5.906800798891621795 ) ) ;
#3224 = CARTESIAN_POINT ( 'NONE',  ( 0.000000000000000000, -13.52644592144747904, -7.821501501256438615 ) ) ;
#3225 = AXIS2_PLACEMENT_3D ( 'NONE', #2938, #2886, #1041 ) ;
#3226 = ORIENTED_EDGE ( 'NONE', *, *, #1714, .T. ) ;
#3227 = CARTESIAN_POINT ( 'NONE',  ( 10.00000000000000000, -9.932084523302840751, 9.155433404644984563 ) ) ;
#3228 = CIRCLE ( 'NONE', #138, 12.81149999999999878 ) ;
#3229 = DIRECTION ( 'NONE',  ( 0.000000000000000000, 0.000000000000000000, 1.000000000000000000 ) ) ;
#3230 = CARTESIAN_POINT ( 'NONE',  ( 10.00000000000000000, 0.000000000000000000, 0.000000000000000000 ) ) ;
#3231 = ORIENTED_EDGE ( 'NONE', *, *, #2646, .F. ) ;
#3232 = ADVANCED_FACE ( 'NONE', ( #1206 ), #2268, .T. ) ;
#3233 = ORIENTED_EDGE ( 'NONE', *, *, #3452, .T. ) ;
#3234 = DIRECTION ( 'NONE',  ( -1.000000000000000000, 0.000000000000000000, 0.000000000000000000 ) ) ;
#3235 = VERTEX_POINT ( 'NONE', #3051 ) ;
#3236 = AXIS2_PLACEMENT_3D ( 'NONE', #492, #3181, #1039 ) ;
#3237 = CIRCLE ( 'NONE', #2007, 5.750000000000000000 ) ;
#3238 = DIRECTION ( 'NONE',  ( -1.000000000000000000, 0.000000000000000000, 0.000000000000000000 ) ) ;
#3239 = AXIS2_PLACEMENT_3D ( 'NONE', #2047, #685, #389 ) ;
#3240 = CIRCLE ( 'NONE', #2454, 5.750000000000000000 ) ;
#3241 = CARTESIAN_POINT ( 'NONE',  ( 10.00000000000000000, 0.000000000000000000, 0.000000000000000000 ) ) ;
#3242 = EDGE_CURVE ( 'NONE', #395, #1620, #124, .T. ) ;
#3243 = EDGE_CURVE ( 'NONE', #2193, #1594, #1839, .T. ) ;
#3244 = CIRCLE ( 'NONE', #1961, 5.750000000000000000 ) ;
#3245 = ORIENTED_EDGE ( 'NONE', *, *, #3309, .T. ) ;
#3246 = AXIS2_PLACEMENT_3D ( 'NONE', #3165, #2139, #3392 ) ;
#3247 = CYLINDRICAL_SURFACE ( 'NONE', #2764, 5.750000000000000000 ) ;
#3248 = FACE_OUTER_BOUND ( 'NONE', #1492, .T. ) ;
#3249 = CARTESIAN_POINT ( 'NONE',  ( 10.00000000000000000, 9.811879393830224672, 9.284141670927411383 ) ) ;
#3250 = ORIENTED_EDGE ( 'NONE', *, *, #1548, .T. ) ;
#3251 = ORIENTED_EDGE ( 'NONE', *, *, #3046, .T. ) ;
#3252 = LINE ( 'NONE', #1648, #881 ) ;
#3253 = CARTESIAN_POINT ( 'NONE',  ( 10.00000000000000000, 0.000000000000000000, 0.000000000000000000 ) ) ;
#3254 = EDGE_LOOP ( 'NONE', ( #2059, #1341, #658, #1234 ) ) ;
#3255 = DIRECTION ( 'NONE',  ( 0.000000000000000000, 0.9976687691905389288, 0.06824241336467468111 ) ) ;
#3256 = AXIS2_PLACEMENT_3D ( 'NONE', #2583, #2006, #2512 ) ;
#3257 = AXIS2_PLACEMENT_3D ( 'NONE', #1184, #2265, #1716 ) ;
#3258 = CARTESIAN_POINT ( 'NONE',  ( -10.00000000000000000, 0.000000000000000000, 0.000000000000000000 ) ) ;
#3259 = VERTEX_POINT ( 'NONE', #1418 ) ;
#3260 = DIRECTION ( 'NONE',  ( -1.000000000000000000, 0.000000000000000000, -0.000000000000000000 ) ) ;
#3261 = ADVANCED_FACE ( 'NONE', ( #3319 ), #2810, .T. ) ;
#3262 = CARTESIAN_POINT ( 'NONE',  ( 0.000000000000000000, 12.75735481870598420, 4.440513690392164037 ) ) ;
#3263 = DIRECTION ( 'NONE',  ( 0.000000000000000000, 0.000000000000000000, 1.000000000000000000 ) ) ;
#3264 = ORIENTED_EDGE ( 'NONE', *, *, #985, .T. ) ;
#3265 = ORIENTED_EDGE ( 'NONE', *, *, #1075, .T. ) ;
#3266 = EDGE_CURVE ( 'NONE', #664, #663, #3122, .T. ) ;
#3267 = CYLINDRICAL_SURFACE ( 'NONE', #431, 5.750000000000000000 ) ;
#3268 = DIRECTION ( 'NONE',  ( -1.000000000000000000, 0.000000000000000000, -0.000000000000000000 ) ) ;
#3269 = AXIS2_PLACEMENT_3D ( 'NONE', #2180, #3260, #2471 ) ;
#3270 = ORIENTED_EDGE ( 'NONE', *, *, #2044, .T. ) ;
#3271 = ORIENTED_EDGE ( 'NONE', *, *, #3176, .T. ) ;
#3272 = VECTOR ( 'NONE', #1902, 1000.000000000000000 ) ;
#3273 = CARTESIAN_POINT ( 'NONE',  ( 10.00000000000000000, -1.476880387257710536, 12.72608960253437083 ) ) ;
#3274 = CIRCLE ( 'NONE', #136, 15.62500000000000000 ) ;
#3275 = ADVANCED_FACE ( 'NONE', ( #642 ), #382, .T. ) ;
#3276 = CIRCLE ( 'NONE', #1311, 5.750000000000000000 ) ;
#3277 = CYLINDRICAL_SURFACE ( 'NONE', #581, 5.750000000000000000 ) ;
#3278 = ORIENTED_EDGE ( 'NONE', *, *, #2112, .T. ) ;
#3279 = LINE ( 'NONE', #2684, #515 ) ;
#3280 = CIRCLE ( 'NONE', #3225, 15.62499999999999822 ) ;
#3281 = LINE ( 'NONE', #11, #133 ) ;
#3282 = CARTESIAN_POINT ( 'NONE',  ( 0.000000000000000000, 9.176914517988242537, 8.939729983592155094 ) ) ;
#3283 = EDGE_CURVE ( 'NONE', #159, #1886, #1214, .T. ) ;
#3284 = CIRCLE ( 'NONE', #145, 15.62500000000000000 ) ;
#3285 = ORIENTED_EDGE ( 'NONE', *, *, #1178, .F. ) ;
#3286 = EDGE_LOOP ( 'NONE', ( #69, #2779, #850, #2899 ) ) ;
#3287 = DIRECTION ( 'NONE',  ( 0.000000000000000000, 0.000000000000000000, 1.000000000000000000 ) ) ;
#3288 = DIRECTION ( 'NONE',  ( -1.000000000000000000, -0.000000000000000000, -0.000000000000000000 ) ) ;
#3289 = EDGE_CURVE ( 'NONE', #1625, #1026, #2794, .T. ) ;
#3290 = ADVANCED_FACE ( 'NONE', ( #929 ), #2004, .T. ) ;
#3291 = ORIENTED_EDGE ( 'NONE', *, *, #2624, .F. ) ;
#3292 = ORIENTED_EDGE ( 'NONE', *, *, #768, .F. ) ;
#3293 = FACE_OUTER_BOUND ( 'NONE', #60, .T. ) ;
#3294 = CIRCLE ( 'NONE', #316, 5.750000000000000000 ) ;
#3295 = CARTESIAN_POINT ( 'NONE',  ( 10.00000000000000000, -11.97876787724255365, 4.543528627965476296 ) ) ;
#3296 = ORIENTED_EDGE ( 'NONE', *, *, #2730, .F. ) ;
#3297 = CARTESIAN_POINT ( 'NONE',  ( 0.000000000000000000, 0.000000000000000000, 0.000000000000000000 ) ) ;
#3298 = CARTESIAN_POINT ( 'NONE',  ( 10.00000000000000000, 8.726345089906796915, -12.96115451539173158 ) ) ;
#3299 = DIRECTION ( 'NONE',  ( 0.000000000000000000, 0.000000000000000000, 1.000000000000000000 ) ) ;
#3300 = EDGE_LOOP ( 'NONE', ( #356, #1455, #2341, #1768 ) ) ;
#3301 = DIRECTION ( 'NONE',  ( -1.000000000000000000, 0.000000000000000000, 0.000000000000000000 ) ) ;
#3302 = DIRECTION ( 'NONE',  ( 1.000000000000000000, 0.000000000000000000, 0.000000000000000000 ) ) ;
#3303 = CARTESIAN_POINT ( 'NONE',  ( 10.00000000000000000, -13.47029551076156295, -1.009654722010390193 ) ) ;
#3304 = ORIENTED_EDGE ( 'NONE', *, *, #3203, .T. ) ;
#3305 = VERTEX_POINT ( 'NONE', #1472 ) ;
#3306 = ADVANCED_FACE ( 'NONE', ( #1490 ), #417, .T. ) ;
#3307 = CARTESIAN_POINT ( 'NONE',  ( 10.00000000000000000, 5.462285525855593349, -12.35442028744973086 ) ) ;
#3308 = EDGE_CURVE ( 'NONE', #2398, #556, #1499, .T. ) ;
#3309 = EDGE_CURVE ( 'NONE', #588, #1853, #2232, .T. ) ;
#3310 = CARTESIAN_POINT ( 'NONE',  ( 0.000000000000000000, 12.75735481870604282, -4.440513690391990842 ) ) ;
#3311 = VECTOR ( 'NONE', #2915, 1000.000000000000000 ) ;
#3312 = CARTESIAN_POINT ( 'NONE',  ( -10.00000000000000000, 0.000000000000000000, 0.000000000000000000 ) ) ;
#3313 = ORIENTED_EDGE ( 'NONE', *, *, #2791, .F. ) ;
#3314 = DIRECTION ( 'NONE',  ( -1.000000000000000000, -0.000000000000000000, 0.000000000000000000 ) ) ;
#3315 = DIRECTION ( 'NONE',  ( 0.000000000000000000, 0.000000000000000000, 1.000000000000000000 ) ) ;
#3316 = LINE ( 'NONE', #2249, #2698 ) ;
#3317 = ORIENTED_EDGE ( 'NONE', *, *, #1958, .T. ) ;
#3318 = LINE ( 'NONE', #2827, #1503 ) ;
#3319 = FACE_OUTER_BOUND ( 'NONE', #1755, .T. ) ;
#3320 = CARTESIAN_POINT ( 'NONE',  ( 10.00000000000000000, -11.49671979254302734, 5.653314626106470620 ) ) ;
#3321 = ORIENTED_EDGE ( 'NONE', *, *, #1696, .T. ) ;
#3322 = ORIENTED_EDGE ( 'NONE', *, *, #2412, .F. ) ;
#3323 = CARTESIAN_POINT ( 'NONE',  ( -10.00000000000000000, 0.000000000000000000, 0.000000000000000000 ) ) ;
#3324 = ADVANCED_FACE ( 'NONE', ( #2527 ), #1701, .T. ) ;
#3325 = CIRCLE ( 'NONE', #296, 5.750000000000000000 ) ;
#3326 = CARTESIAN_POINT ( 'NONE',  ( 10.00000000000000000, 0.000000000000000000, 0.000000000000000000 ) ) ;
#3327 = EDGE_CURVE ( 'NONE', #330, #2013, #3352, .T. ) ;
#3328 = ORIENTED_EDGE ( 'NONE', *, *, #1850, .F. ) ;
#3329 = CARTESIAN_POINT ( 'NONE',  ( 0.000000000000000000, -12.76039202360794533, 1.143209365708051983 ) ) ;
#3330 = AXIS2_PLACEMENT_3D ( 'NONE', #2772, #2755, #1183 ) ;
#3331 = LINE ( 'NONE', #1219, #686 ) ;
#3332 = FACE_OUTER_BOUND ( 'NONE', #99, .T. ) ;
#3333 = ORIENTED_EDGE ( 'NONE', *, *, #2704, .F. ) ;
#3334 = DIRECTION ( 'NONE',  ( 0.000000000000000000, 0.000000000000000000, -1.000000000000000000 ) ) ;
#3335 = DIRECTION ( 'NONE',  ( 0.000000000000000000, 0.000000000000000000, 1.000000000000000000 ) ) ;
#3336 = CARTESIAN_POINT ( 'NONE',  ( 10.00000000000000000, -4.855571540453955670, -11.85571411875022996 ) ) ;
#3337 = AXIS2_PLACEMENT_3D ( 'NONE', #2625, #218, #1266 ) ;
#3338 = ORIENTED_EDGE ( 'NONE', *, *, #1805, .T. ) ;
#3339 = ORIENTED_EDGE ( 'NONE', *, *, #280, .F. ) ;
#3340 = CARTESIAN_POINT ( 'NONE',  ( 10.00000000000000000, -13.24318199697756882, -2.662028249258476809 ) ) ;
#3341 = CARTESIAN_POINT ( 'NONE',  ( 10.00000000000000000, -12.76039202360794533, 1.143209365708051983 ) ) ;
#3342 = EDGE_LOOP ( 'NONE', ( #462, #313, #251, #2161 ) ) ;
#3343 = DIRECTION ( 'NONE',  ( -1.000000000000000000, -0.000000000000000000, -0.000000000000000000 ) ) ;
#3344 = EDGE_CURVE ( 'NONE', #1026, #1209, #3402, .T. ) ;
#3345 = AXIS2_PLACEMENT_3D ( 'NONE', #2355, #1291, #3417 ) ;
#3346 = EDGE_CURVE ( 'NONE', #513, #2735, #1899, .T. ) ;
#3347 = CARTESIAN_POINT ( 'NONE',  ( 10.00000000000000000, 5.462285525855593349, -12.35442028744973086 ) ) ;
#3348 = CIRCLE ( 'NONE', #2789, 12.81149999999999700 ) ;
#3349 = CARTESIAN_POINT ( 'NONE',  ( 10.00000000000000000, 0.000000000000000000, 0.000000000000000000 ) ) ;
#3350 = EDGE_LOOP ( 'NONE', ( #780, #180 ) ) ;
#3351 = LINE ( 'NONE', #909, #2629 ) ;
#3352 = LINE ( 'NONE', #1752, #599 ) ;
#3353 = DIRECTION ( 'NONE',  ( -1.000000000000000000, -0.000000000000000000, 0.000000000000000000 ) ) ;
#3354 = VECTOR ( 'NONE', #1987, 1000.000000000000000 ) ;
#3355 = VERTEX_POINT ( 'NONE', #1606 ) ;
#3356 = VERTEX_POINT ( 'NONE', #210 ) ;
#3357 = DIRECTION ( 'NONE',  ( -1.000000000000000000, -0.000000000000000000, 0.000000000000000000 ) ) ;
#3358 = CARTESIAN_POINT ( 'NONE',  ( 0.000000000000000000, 5.556561520398767939, -14.60360397538989830 ) ) ;
#3359 = ORIENTED_EDGE ( 'NONE', *, *, #429, .F. ) ;
#3360 = CARTESIAN_POINT ( 'NONE',  ( 10.00000000000000000, 0.000000000000000000, 0.000000000000000000 ) ) ;
#3361 = CARTESIAN_POINT ( 'NONE',  ( 10.00000000000000000, 14.19036643571209311, 6.540193072090122683 ) ) ;
#3362 = DIRECTION ( 'NONE',  ( -1.000000000000000000, 0.000000000000000000, 0.000000000000000000 ) ) ;
#3363 = CIRCLE ( 'NONE', #3256, 15.62499999999999822 ) ;
#3364 = EDGE_CURVE ( 'NONE', #2656, #491, #2348, .T. ) ;
#3365 = ORIENTED_EDGE ( 'NONE', *, *, #2621, .F. ) ;
#3366 = CARTESIAN_POINT ( 'NONE',  ( 10.00000000000000000, -13.24318199697756882, -2.662028249258476809 ) ) ;
#3367 = CARTESIAN_POINT ( 'NONE',  ( 0.000000000000000000, 4.905870903713867470, -14.83485947611549349 ) ) ;
#3368 = DIRECTION ( 'NONE',  ( 0.000000000000000000, 0.000000000000000000, 1.000000000000000000 ) ) ;
#3369 = ADVANCED_FACE ( 'NONE', ( #2036, #1770 ), #3205, .F. ) ;
#3370 = VERTEX_POINT ( 'NONE', #1622 ) ;
#3371 = EDGE_LOOP ( 'NONE', ( #2028, #421, #2883, #201 ) ) ;
#3372 = DIRECTION ( 'NONE',  ( -1.000000000000000000, 0.000000000000000000, -0.000000000000000000 ) ) ;
#3373 = DIRECTION ( 'NONE',  ( 0.000000000000000000, 0.000000000000000000, 1.000000000000000000 ) ) ;
#3374 = CARTESIAN_POINT ( 'NONE',  ( 10.00000000000000000, -3.516283588487756351, 15.22420358262893281 ) ) ;
#3375 = CIRCLE ( 'NONE', #2482, 15.62499999999999822 ) ;
#3376 = ORIENTED_EDGE ( 'NONE', *, *, #176, .T. ) ;
#3377 = PLANE ( 'NONE',  #802 ) ;
#3378 = DIRECTION ( 'NONE',  ( 0.000000000000000000, -0.1361666490962538945, 0.9906859460363297565 ) ) ;
#3379 = AXIS2_PLACEMENT_3D ( 'NONE', #2264, #155, #653 ) ;
#3380 = VERTEX_POINT ( 'NONE', #3367 ) ;
#3381 = FACE_OUTER_BOUND ( 'NONE', #2745, .T. ) ;
#3382 = DIRECTION ( 'NONE',  ( -1.000000000000000000, -0.000000000000000000, -0.000000000000000000 ) ) ;
#3383 = CARTESIAN_POINT ( 'NONE',  ( 0.000000000000000000, -15.13506446477577327, 3.882067573739746091 ) ) ;
#3384 = CARTESIAN_POINT ( 'NONE',  ( -10.00000000000000000, 0.000000000000000000, 0.000000000000000000 ) ) ;
#3385 = ORIENTED_EDGE ( 'NONE', *, *, #3432, .T. ) ;
#3386 = EDGE_LOOP ( 'NONE', ( #2757, #1571, #1996, #794 ) ) ;
#3387 = CYLINDRICAL_SURFACE ( 'NONE', #647, 15.62500000000000000 ) ;
#3388 = EDGE_CURVE ( 'NONE', #3356, #2792, #3348, .T. ) ;
#3389 = EDGE_CURVE ( 'NONE', #2987, #1102, #3240, .T. ) ;
#3390 = DIRECTION ( 'NONE',  ( 0.000000000000000000, 0.000000000000000000, 1.000000000000000000 ) ) ;
#3391 = CIRCLE ( 'NONE', #1708, 12.81149999999999878 ) ;
#3392 = DIRECTION ( 'NONE',  ( 0.000000000000000000, -0.8878852184023703353, -0.4600650377311617523 ) ) ;
#3393 = EDGE_LOOP ( 'NONE', ( #2590, #75, #1398, #2289 ) ) ;
#3394 = CARTESIAN_POINT ( 'NONE',  ( 5.000000000000000888, -15.62118451506433559, 0.3452815464433812154 ) ) ;
#3395 = CARTESIAN_POINT ( 'NONE',  ( 10.00000000000000000, 3.195993620908514021, 12.40645626378104716 ) ) ;
#3396 = CIRCLE ( 'NONE', #2785, 5.750000000000000888 ) ;
#3397 = ORIENTED_EDGE ( 'NONE', *, *, #55, .F. ) ;
#3398 = DIRECTION ( 'NONE',  ( 0.000000000000000000, 0.000000000000000000, 1.000000000000000000 ) ) ;
#3399 = CIRCLE ( 'NONE', #1107, 5.750000000000000000 ) ;
#3400 = CIRCLE ( 'NONE', #3239, 12.81149999999999523 ) ;
#3401 = CARTESIAN_POINT ( 'NONE',  ( 0.000000000000000000, 0.000000000000000000, 0.000000000000000000 ) ) ;
#3402 = CIRCLE ( 'NONE', #1384, 15.62499999999999822 ) ;
#3403 = CARTESIAN_POINT ( 'NONE',  ( 10.00000000000000000, 0.000000000000000000, 0.000000000000000000 ) ) ;
#3404 = DIRECTION ( 'NONE',  ( 0.000000000000000000, 0.000000000000000000, 1.000000000000000000 ) ) ;
#3405 = ORIENTED_EDGE ( 'NONE', *, *, #1337, .T. ) ;
#3406 = ORIENTED_EDGE ( 'NONE', *, *, #1522, .F. ) ;
#3407 = CARTESIAN_POINT ( 'NONE',  ( 10.00000000000000000, 0.000000000000000000, 0.000000000000000000 ) ) ;
#3408 = LINE ( 'NONE', #1058, #2778 ) ;
#3409 = VECTOR ( 'NONE', #1124, 1000.000000000000000 ) ;
#3410 = EDGE_LOOP ( 'NONE', ( #1890, #858, #1251, #3271 ) ) ;
#3411 = EDGE_CURVE ( 'NONE', #1781, #3011, #1876, .T. ) ;
#3412 = EDGE_CURVE ( 'NONE', #737, #3042, #2178, .T. ) ;
#3413 = CYLINDRICAL_SURFACE ( 'NONE', #1897, 5.750000000000000000 ) ;
#3414 = EDGE_CURVE ( 'NONE', #1866, #2983, #650, .T. ) ;
#3415 = EDGE_LOOP ( 'NONE', ( #2761, #1875, #2103, #1562 ) ) ;
#3416 = LINE ( 'NONE', #3394, #3162 ) ;
#3417 = DIRECTION ( 'NONE',  ( 0.000000000000000000, -0.8878852184023701133, -0.4600650377311618078 ) ) ;
#3418 = EDGE_LOOP ( 'NONE', ( #196, #3406, #3359, #233 ) ) ;
#3419 = DIRECTION ( 'NONE',  ( 0.000000000000000000, 0.000000000000000000, 1.000000000000000000 ) ) ;
#3420 = CIRCLE ( 'NONE', #2642, 5.750000000000000000 ) ;
#3421 = DIRECTION ( 'NONE',  ( 0.000000000000000000, -0.3984010898462485573, 0.9172113015054498275 ) ) ;
#3422 = ORIENTED_EDGE ( 'NONE', *, *, #1920, .F. ) ;
#3423 = ORIENTED_EDGE ( 'NONE', *, *, #3389, .T. ) ;
#3424 = DIRECTION ( 'NONE',  ( -1.000000000000000000, -0.000000000000000000, -0.000000000000000000 ) ) ;
#3425 = DIRECTION ( 'NONE',  ( 0.000000000000000000, -0.3984010898462485573, 0.9172113015054498275 ) ) ;
#3426 = ORIENTED_EDGE ( 'NONE', *, *, #1095, .F. ) ;
#3427 = FACE_OUTER_BOUND ( 'NONE', #2278, .T. ) ;
#3428 = EDGE_CURVE ( 'NONE', #2767, #1510, #1665, .T. ) ;
#3429 = CIRCLE ( 'NONE', #2095, 5.750000000000000888 ) ;
#3430 = VERTEX_POINT ( 'NONE', #3223 ) ;
#3431 = CARTESIAN_POINT ( 'NONE',  ( 0.000000000000000000, -1.752075746886789798, 13.39397231526525367 ) ) ;
#3432 = EDGE_CURVE ( 'NONE', #2792, #111, #2076, .T. ) ;
#3433 = EDGE_CURVE ( 'NONE', #2335, #672, #2290, .T. ) ;
#3434 = DIRECTION ( 'NONE',  ( 0.000000000000000000, 0.000000000000000000, -1.000000000000000000 ) ) ;
#3435 = EDGE_LOOP ( 'NONE', ( #2002, #1516, #1044, #2444 ) ) ;
#3436 = DIRECTION ( 'NONE',  ( -1.000000000000000000, -0.000000000000000000, 0.000000000000000000 ) ) ;
#3437 = CIRCLE ( 'NONE', #1246, 15.62499999999999822 ) ;
#3438 = CARTESIAN_POINT ( 'NONE',  ( 10.00000000000000000, 9.176914517988363329, -8.939729983592027196 ) ) ;
#3439 = CARTESIAN_POINT ( 'NONE',  ( 0.000000000000000000, -1.476880387257710536, 12.72608960253437083 ) ) ;
#3440 = EDGE_LOOP ( 'NONE', ( #2356, #1062, #696, #745 ) ) ;
#3441 = ORIENTED_EDGE ( 'NONE', *, *, #1217, .T. ) ;
#3442 = AXIS2_PLACEMENT_3D ( 'NONE', #3431, #2333, #225 ) ;
#3443 = DIRECTION ( 'NONE',  ( 0.000000000000000000, -0.2697967711570116722, -0.9629172873478026862 ) ) ;
#3444 = CARTESIAN_POINT ( 'NONE',  ( 10.00000000000000000, 15.52270379068856521, 1.785018774843233125 ) ) ;
#3445 = DIRECTION ( 'NONE',  ( -1.000000000000000000, -0.000000000000000000, 0.000000000000000000 ) ) ;
#3446 = CIRCLE ( 'NONE', #419, 5.750000000000000888 ) ;
#3447 = ORIENTED_EDGE ( 'NONE', *, *, #1874, .F. ) ;
#3448 = CARTESIAN_POINT ( 'NONE',  ( 10.00000000000000000, 0.000000000000000000, 0.000000000000000000 ) ) ;
#3449 = ORIENTED_EDGE ( 'NONE', *, *, #2431, .T. ) ;
#3450 = CARTESIAN_POINT ( 'NONE',  ( 0.000000000000000000, 14.46548752452594222, -5.906800798891423732 ) ) ;
#3451 = ADVANCED_FACE ( 'NONE', ( #2946 ), #2961, .T. ) ;
#3452 = EDGE_CURVE ( 'NONE', #1991, #1208, #157, .T. ) ;
#3453 = DIRECTION ( 'NONE',  ( 1.000000000000000000, -0.000000000000000000, -0.000000000000000000 ) ) ;
#3454 = DIRECTION ( 'NONE',  ( 0.000000000000000000, 0.000000000000000000, 1.000000000000000000 ) ) ;
ENDSEC;
END-ISO-10303-21;
