ISO-10303-21;
HEADER;
FILE_DESCRIPTION (( 'STEP AP214' ),
    '1' );
FILE_NAME ('33T zawor 400bar.STEP',
    '2026-06-18T01:34:39',
    ( '' ),
    ( '' ),
    'SwSTEP 2.0',
    'SolidWorks 2024',
    '' );
FILE_SCHEMA (( 'AUTOMOTIVE_DESIGN' ));
ENDSEC;

DATA;
#1 = VERTEX_POINT ( 'NONE', #3066 ) ;
#2 = CARTESIAN_POINT ( 'NONE',  ( 10.00000000000000000, -16.08993306427726111, 14.81990819766024181 ) ) ;
#3 = CARTESIAN_POINT ( 'NONE',  ( 10.00000000000000000, -4.828292784253615189, -18.77010824733485350 ) ) ;
#4 = DIRECTION ( 'NONE',  ( 1.000000000000000000, -0.000000000000000000, -0.000000000000000000 ) ) ;
#5 = ORIENTED_EDGE ( 'NONE', *, *, #2177, .T. ) ;
#6 = ORIENTED_EDGE ( 'NONE', *, *, #756, .T. ) ;
#7 = CARTESIAN_POINT ( 'NONE',  ( 0.000000000000000000, 0.000000000000000000, 0.000000000000000000 ) ) ;
#8 = DIRECTION ( 'NONE',  ( -1.000000000000000000, 0.000000000000000000, -0.000000000000000000 ) ) ;
#9 = DIRECTION ( 'NONE',  ( 0.000000000000000000, 0.000000000000000000, 1.000000000000000000 ) ) ;
#10 = CIRCLE ( 'NONE', #1972, 8.250000000000001776 ) ;
#11 = ORIENTED_EDGE ( 'NONE', *, *, #3970, .F. ) ;
#12 = AXIS2_PLACEMENT_3D ( 'NONE', #3329, #2173, #4105 ) ;
#13 = VERTEX_POINT ( 'NONE', #4577 ) ;
#14 = EDGE_CURVE ( 'NONE', #2341, #1534, #1029, .T. ) ;
#15 = CARTESIAN_POINT ( 'NONE',  ( 5.000000000000000000, 11.26292709241939427, 18.75265576687326785 ) ) ;
#16 = ADVANCED_FACE ( 'NONE', ( #3565 ), #3513, .T. ) ;
#17 = DIRECTION ( 'NONE',  ( 0.000000000000000000, 0.000000000000000000, 1.000000000000000000 ) ) ;
#18 = DIRECTION ( 'NONE',  ( -1.000000000000000000, -0.000000000000000000, -0.000000000000000000 ) ) ;
#19 = ORIENTED_EDGE ( 'NONE', *, *, #1216, .T. ) ;
#20 = VERTEX_POINT ( 'NONE', #4655 ) ;
#21 = EDGE_CURVE ( 'NONE', #907, #2827, #165, .T. ) ;
#22 = CARTESIAN_POINT ( 'NONE',  ( -10.00000000000000000, 0.000000000000000000, 0.000000000000000000 ) ) ;
#23 = CARTESIAN_POINT ( 'NONE',  ( 10.00000000000000000, 0.000000000000000000, 0.000000000000000000 ) ) ;
#24 = VERTEX_POINT ( 'NONE', #4683 ) ;
#25 = DIRECTION ( 'NONE',  ( 0.000000000000000000, -0.3716624556603157492, -0.9283679330160774512 ) ) ;
#26 = EDGE_LOOP ( 'NONE', ( #4271, #4046, #270, #1421 ) ) ;
#27 = FACE_OUTER_BOUND ( 'NONE', #1760, .T. ) ;
#28 = CARTESIAN_POINT ( 'NONE',  ( 0.000000000000000000, 0.000000000000000000, 0.000000000000000000 ) ) ;
#29 = AXIS2_PLACEMENT_3D ( 'NONE', #356, #4805, #1094 ) ;
#30 = FACE_OUTER_BOUND ( 'NONE', #1168, .T. ) ;
#31 = VECTOR ( 'NONE', #1199, 1000.000000000000000 ) ;
#32 = CARTESIAN_POINT ( 'NONE',  ( 0.000000000000000000, 8.434329594277992115, -17.09394239328909748 ) ) ;
#33 = DIRECTION ( 'NONE',  ( -1.000000000000000000, -0.000000000000000000, -0.000000000000000000 ) ) ;
#34 = CARTESIAN_POINT ( 'NONE',  ( 0.000000000000000000, -21.87173982874669420, -0.3776530995707599869 ) ) ;
#35 = VECTOR ( 'NONE', #2310, 1000.000000000000000 ) ;
#36 = AXIS2_PLACEMENT_3D ( 'NONE', #2953, #4472, #1086 ) ;
#37 = ORIENTED_EDGE ( 'NONE', *, *, #288, .T. ) ;
#38 = ORIENTED_EDGE ( 'NONE', *, *, #1070, .F. ) ;
#39 = CARTESIAN_POINT ( 'NONE',  ( 0.000000000000000000, -19.07963632779114249, -3.405415162116950167 ) ) ;
#40 = AXIS2_PLACEMENT_3D ( 'NONE', #1589, #834, #2607 ) ;
#41 = DIRECTION ( 'NONE',  ( -1.000000000000000000, 0.000000000000000000, 0.000000000000000000 ) ) ;
#42 = EDGE_CURVE ( 'NONE', #4702, #2182, #634, .T. ) ;
#43 = EDGE_CURVE ( 'NONE', #1717, #2271, #2775, .T. ) ;
#44 = CARTESIAN_POINT ( 'NONE',  ( 10.00000000000000000, 19.61342834978377070, -9.686539803660446424 ) ) ;
#45 = VERTEX_POINT ( 'NONE', #4369 ) ;
#46 = ORIENTED_EDGE ( 'NONE', *, *, #4033, .T. ) ;
#47 = CARTESIAN_POINT ( 'NONE',  ( 4.999999999999999112, 19.61342834978363925, 9.686539803660714654 ) ) ;
#48 = DIRECTION ( 'NONE',  ( -1.000000000000000000, 0.000000000000000000, 0.000000000000000000 ) ) ;
#49 = EDGE_CURVE ( 'NONE', #4773, #2040, #189, .T. ) ;
#50 = DIRECTION ( 'NONE',  ( 0.000000000000000000, 0.000000000000000000, 1.000000000000000000 ) ) ;
#51 = AXIS2_PLACEMENT_3D ( 'NONE', #22, #1867, #458 ) ;
#52 = ORIENTED_EDGE ( 'NONE', *, *, #319, .F. ) ;
#53 = DIRECTION ( 'NONE',  ( -1.000000000000000000, -0.000000000000000000, 0.000000000000000000 ) ) ;
#54 = CYLINDRICAL_SURFACE ( 'NONE', #4414, 21.87500000000000000 ) ;
#55 = CARTESIAN_POINT ( 'NONE',  ( 0.000000000000000000, -6.771255768455159973, 17.81827369775653835 ) ) ;
#56 = DIRECTION ( 'NONE',  ( 0.000000000000000000, 0.000000000000000000, 1.000000000000000000 ) ) ;
#57 = DIRECTION ( 'NONE',  ( 0.000000000000000000, -0.8660254037844431485, 0.4999999999999919509 ) ) ;
#58 = LINE ( 'NONE', #2316, #3168 ) ;
#59 = ORIENTED_EDGE ( 'NONE', *, *, #1853, .T. ) ;
#60 = DIRECTION ( 'NONE',  ( 0.000000000000000000, 0.000000000000000000, -1.000000000000000000 ) ) ;
#61 = CIRCLE ( 'NONE', #3360, 21.87500000000000000 ) ;
#62 = CARTESIAN_POINT ( 'NONE',  ( 0.000000000000000000, 16.33709255729567289, -9.820396581826733140 ) ) ;
#63 = VECTOR ( 'NONE', #3367, 1000.000000000000000 ) ;
#64 = CIRCLE ( 'NONE', #690, 19.06149999999999167 ) ;
#65 = CARTESIAN_POINT ( 'NONE',  ( 0.000000000000000000, 3.936943220686274003, 18.65050295104913047 ) ) ;
#66 = EDGE_LOOP ( 'NONE', ( #2884, #4001, #4761, #3512 ) ) ;
#67 = ORIENTED_EDGE ( 'NONE', *, *, #4593, .T. ) ;
#68 = CARTESIAN_POINT ( 'NONE',  ( 0.000000000000000000, 0.000000000000000000, 0.000000000000000000 ) ) ;
#69 = DIRECTION ( 'NONE',  ( 0.000000000000000000, -0.9898214418809342385, 0.1423148382732755679 ) ) ;
#70 = AXIS2_PLACEMENT_3D ( 'NONE', #4056, #3745, #2952 ) ;
#71 = AXIS2_PLACEMENT_3D ( 'NONE', #2360, #467, #1234 ) ;
#72 = AXIS2_PLACEMENT_3D ( 'NONE', #1289, #2388, #2096 ) ;
#73 = DIRECTION ( 'NONE',  ( -1.000000000000000000, 0.000000000000000000, 0.000000000000000000 ) ) ;
#74 = EDGE_CURVE ( 'NONE', #1014, #2121, #3069, .T. ) ;
#75 = DIRECTION ( 'NONE',  ( -1.000000000000000000, 0.000000000000000000, -0.000000000000000000 ) ) ;
#76 = EDGE_CURVE ( 'NONE', #1270, #2092, #3788, .T. ) ;
#77 = DIRECTION ( 'NONE',  ( -1.000000000000000000, -0.000000000000000000, -0.000000000000000000 ) ) ;
#78 = DIRECTION ( 'NONE',  ( -1.000000000000000000, 0.000000000000000000, 0.000000000000000000 ) ) ;
#79 = DIRECTION ( 'NONE',  ( 0.000000000000000000, 0.6181589862206011698, 0.7860530947427905035 ) ) ;
#80 = EDGE_CURVE ( 'NONE', #3113, #1893, #399, .T. ) ;
#81 = CARTESIAN_POINT ( 'NONE',  ( -10.00000000000000000, 0.000000000000000000, 0.000000000000000000 ) ) ;
#82 = CARTESIAN_POINT ( 'NONE',  ( 10.00000000000000000, 18.66953696610265112, -5.203629915594538247 ) ) ;
#83 = ORIENTED_EDGE ( 'NONE', *, *, #21, .T. ) ;
#84 = DIRECTION ( 'NONE',  ( 1.000000000000000000, -0.000000000000000000, -0.000000000000000000 ) ) ;
#85 = AXIS2_PLACEMENT_3D ( 'NONE', #2116, #3144, #587 ) ;
#86 = DIRECTION ( 'NONE',  ( 0.000000000000000000, 0.000000000000000000, -1.000000000000000000 ) ) ;
#87 = CIRCLE ( 'NONE', #4500, 21.87500000000000000 ) ;
#88 = CARTESIAN_POINT ( 'NONE',  ( 10.00000000000000000, 0.000000000000000000, 0.000000000000000000 ) ) ;
#89 = ORIENTED_EDGE ( 'NONE', *, *, #4429, .F. ) ;
#90 = ORIENTED_EDGE ( 'NONE', *, *, #4094, .T. ) ;
#91 = FACE_OUTER_BOUND ( 'NONE', #2060, .T. ) ;
#92 = CARTESIAN_POINT ( 'NONE',  ( 10.00000000000000000, 21.80860110672752583, 1.703097991203924355 ) ) ;
#93 = CIRCLE ( 'NONE', #2861, 8.250000000000000000 ) ;
#94 = ORIENTED_EDGE ( 'NONE', *, *, #792, .F. ) ;
#95 = DIRECTION ( 'NONE',  ( 0.000000000000000000, 0.000000000000000000, -1.000000000000000000 ) ) ;
#96 = ORIENTED_EDGE ( 'NONE', *, *, #2623, .F. ) ;
#97 = CARTESIAN_POINT ( 'NONE',  ( -10.00000000000000000, 0.000000000000000000, 0.000000000000000000 ) ) ;
#98 = CARTESIAN_POINT ( 'NONE',  ( 10.00000000000000000, 0.000000000000000000, 0.000000000000000000 ) ) ;
#99 = DIRECTION ( 'NONE',  ( -1.000000000000000000, 0.000000000000000000, -0.000000000000000000 ) ) ;
#100 = ADVANCED_FACE ( 'NONE', ( #4313 ), #2482, .T. ) ;
#101 = EDGE_CURVE ( 'NONE', #456, #3736, #4707, .T. ) ;
#102 = CIRCLE ( 'NONE', #4763, 19.06149999999999878 ) ;
#103 = CARTESIAN_POINT ( 'NONE',  ( 50.00005079999999680, 3.673940397442060361E-16, -3.000000000000000444 ) ) ;
#104 = FACE_OUTER_BOUND ( 'NONE', #1339, .T. ) ;
#105 = CARTESIAN_POINT ( 'NONE',  ( -10.00000000000000000, 0.000000000000000000, 0.000000000000000000 ) ) ;
#106 = ADVANCED_FACE ( 'NONE', ( #137 ), #3996, .T. ) ;
#107 = ORIENTED_EDGE ( 'NONE', *, *, #3447, .T. ) ;
#108 = VECTOR ( 'NONE', #3120, 1000.000000000000000 ) ;
#109 = CARTESIAN_POINT ( 'NONE',  ( 10.00000000000000000, 19.26619331636527832, 2.107882805941884374 ) ) ;
#110 = CYLINDRICAL_SURFACE ( 'NONE', #1869, 19.06149999999999523 ) ;
#111 = DIRECTION ( 'NONE',  ( 1.000000000000000000, 0.000000000000000000, 0.000000000000000000 ) ) ;
#112 = ORIENTED_EDGE ( 'NONE', *, *, #980, .F. ) ;
#113 = ORIENTED_EDGE ( 'NONE', *, *, #1559, .F. ) ;
#114 = FACE_OUTER_BOUND ( 'NONE', #699, .T. ) ;
#115 = CARTESIAN_POINT ( 'NONE',  ( 10.00000000000000000, -9.429374427847015738, 19.73835157502937676 ) ) ;
#116 = ORIENTED_EDGE ( 'NONE', *, *, #976, .T. ) ;
#117 = ORIENTED_EDGE ( 'NONE', *, *, #1743, .F. ) ;
#118 = DIRECTION ( 'NONE',  ( 0.000000000000000000, -0.9718115683235393210, -0.2357589355094369399 ) ) ;
#119 = ORIENTED_EDGE ( 'NONE', *, *, #1071, .T. ) ;
#120 = CARTESIAN_POINT ( 'NONE',  ( 10.00000000000000000, -9.031923240545538079, 16.78586145620454317 ) ) ;
#121 = CARTESIAN_POINT ( 'NONE',  ( 10.00000000000000000, 17.34736067490579003, -8.642826646524602197 ) ) ;
#122 = LINE ( 'NONE', #491, #2375 ) ;
#123 = VECTOR ( 'NONE', #959, 1000.000000000000000 ) ;
#124 = DIRECTION ( 'NONE',  ( -1.000000000000000000, 0.000000000000000000, -0.000000000000000000 ) ) ;
#125 = DIRECTION ( 'NONE',  ( 0.000000000000000000, 0.000000000000000000, 1.000000000000000000 ) ) ;
#126 = DIRECTION ( 'NONE',  ( 0.000000000000000000, 0.9988673391830080739, -0.04758191582373906547 ) ) ;
#127 = EDGE_CURVE ( 'NONE', #4790, #3867, #1665, .T. ) ;
#128 = VERTEX_POINT ( 'NONE', #1724 ) ;
#129 = ORIENTED_EDGE ( 'NONE', *, *, #4361, .F. ) ;
#130 = CARTESIAN_POINT ( 'NONE',  ( 10.00000000000000000, -17.19660498001186255, 8.222989688150587284 ) ) ;
#131 = FACE_OUTER_BOUND ( 'NONE', #4528, .T. ) ;
#132 = EDGE_CURVE ( 'NONE', #428, #1808, #4289, .T. ) ;
#133 = ADVANCED_FACE ( 'NONE', ( #2041 ), #2834, .T. ) ;
#134 = ORIENTED_EDGE ( 'NONE', *, *, #3540, .T. ) ;
#135 = DIRECTION ( 'NONE',  ( 0.000000000000000000, -0.9450008187146715644, 0.3270679633174126133 ) ) ;
#136 = EDGE_LOOP ( 'NONE', ( #228, #2902, #4455, #709 ) ) ;
#137 = FACE_OUTER_BOUND ( 'NONE', #3749, .T. ) ;
#138 = LINE ( 'NONE', #926, #4258 ) ;
#139 = ADVANCED_FACE ( 'NONE', ( #3167 ), #3917, .T. ) ;
#140 = DIRECTION ( 'NONE',  ( 0.000000000000000000, -0.5406408174555871193, -0.8412535328311879779 ) ) ;
#141 = AXIS2_PLACEMENT_3D ( 'NONE', #2645, #3041, #1578 ) ;
#142 = EDGE_LOOP ( 'NONE', ( #1655, #1755, #4654, #4492, #3611, #1156, #52, #3874, #2134, #1604, #622, #3135, #1366, #4226, #4743, #3153, #4682, #2398, #4853, #794, #4392, #4327, #1408, #981, #4098, #2114, #2780, #4701, #515, #4029, #3575, #4008, #4317, #4418, #4481, #2557, #2048, #4064, #2075, #3223, #2610, #3816, #4674, #3595, #4152, #3095, #2252, #4491, #4524, #3293, #1811, #639, #3091, #4860, #3143, #973, #2217, #769, #1115, #2086, #2004, #1492, #1543, #2514, #1429, #1908, #3370, #4127, #112, #4427, #3214, #3916, #1595, #1682, #1778, #1499, #2166, #2303, #3884, #1150, #113, #4673, #4205, #1538, #3506, #3861, #3378, #1885, #4133, #160, #2824, #642, #2839, #2748, #4838, #4647, #3461, #3191, #4296, #3203, #4338, #1816, #395, #604, #1786, #3455, #2456, #3937, #2925, #3212, #4444, #676, #2129, #3385, #758, #2947, #2929, #2774, #3175, #4560, #1785, #849, #656, #2357, #4184, #90, #1151, #2496, #3046, #1207, #1902, #4566, #4550, #4366, #1170, #2206 ) ) ;
#143 = AXIS2_PLACEMENT_3D ( 'NONE', #2622, #2254, #3068 ) ;
#144 = DIRECTION ( 'NONE',  ( -1.000000000000000000, -0.000000000000000000, 0.000000000000000000 ) ) ;
#145 = DIRECTION ( 'NONE',  ( -1.000000000000000000, 0.000000000000000000, 0.000000000000000000 ) ) ;
#146 = CARTESIAN_POINT ( 'NONE',  ( 4.999999999999999112, -21.40501767787976561, -4.510082394996208777 ) ) ;
#147 = CARTESIAN_POINT ( 'NONE',  ( 10.00000000000000000, -12.04544978961380330, 14.77321635988225168 ) ) ;
#148 = AXIS2_PLACEMENT_3D ( 'NONE', #1371, #3186, #4381 ) ;
#149 = CARTESIAN_POINT ( 'NONE',  ( 0.000000000000000000, -10.02102082520633886, -16.21480569944581873 ) ) ;
#150 = CIRCLE ( 'NONE', #1257, 19.06149999999999878 ) ;
#151 = CARTESIAN_POINT ( 'NONE',  ( 4.999999999999999112, 6.796662911712565425, -20.79233027499685704 ) ) ;
#152 = CIRCLE ( 'NONE', #618, 19.06149999999999523 ) ;
#153 = CARTESIAN_POINT ( 'NONE',  ( 10.00000000000000000, 0.000000000000000000, 0.000000000000000000 ) ) ;
#154 = VERTEX_POINT ( 'NONE', #2459 ) ;
#155 = VERTEX_POINT ( 'NONE', #3973 ) ;
#156 = VERTEX_POINT ( 'NONE', #4739 ) ;
#157 = ORIENTED_EDGE ( 'NONE', *, *, #3084, .F. ) ;
#158 = DIRECTION ( 'NONE',  ( -1.000000000000000000, -0.000000000000000000, -0.000000000000000000 ) ) ;
#159 = CARTESIAN_POINT ( 'NONE',  ( 10.00000000000000000, -19.07963632779114249, -3.405415162116950167 ) ) ;
#160 = ORIENTED_EDGE ( 'NONE', *, *, #3243, .T. ) ;
#161 = EDGE_CURVE ( 'NONE', #1797, #275, #1428, .T. ) ;
#162 = EDGE_CURVE ( 'NONE', #4464, #745, #4025, .T. ) ;
#163 = DIRECTION ( 'NONE',  ( -1.000000000000000000, 0.000000000000000000, 0.000000000000000000 ) ) ;
#164 = ORIENTED_EDGE ( 'NONE', *, *, #4149, .T. ) ;
#165 = LINE ( 'NONE', #609, #2922 ) ;
#166 = FACE_OUTER_BOUND ( 'NONE', #4115, .T. ) ;
#167 = DIRECTION ( 'NONE',  ( -1.000000000000000000, 0.000000000000000000, 0.000000000000000000 ) ) ;
#168 = CIRCLE ( 'NONE', #326, 8.250000000000000000 ) ;
#169 = ADVANCED_FACE ( 'NONE', ( #4389 ), #998, .T. ) ;
#170 = ORIENTED_EDGE ( 'NONE', *, *, #3851, .F. ) ;
#171 = AXIS2_PLACEMENT_3D ( 'NONE', #3304, #4061, #1046 ) ;
#172 = ORIENTED_EDGE ( 'NONE', *, *, #2236, .T. ) ;
#173 = CYLINDRICAL_SURFACE ( 'NONE', #4468, 8.250000000000000000 ) ;
#174 = ORIENTED_EDGE ( 'NONE', *, *, #2962, .T. ) ;
#175 = CARTESIAN_POINT ( 'NONE',  ( 0.000000000000000000, 10.58662356627727341, 15.85131488918009524 ) ) ;
#176 = DIRECTION ( 'NONE',  ( -1.000000000000000000, 0.000000000000000000, -0.000000000000000000 ) ) ;
#177 = LINE ( 'NONE', #1687, #1840 ) ;
#178 = ORIENTED_EDGE ( 'NONE', *, *, #2300, .T. ) ;
#179 = CARTESIAN_POINT ( 'NONE',  ( 10.00000000000000000, 0.000000000000000000, 0.000000000000000000 ) ) ;
#180 = FACE_OUTER_BOUND ( 'NONE', #3647, .T. ) ;
#181 = CARTESIAN_POINT ( 'NONE',  ( 10.00000000000000000, 0.000000000000000000, 0.000000000000000000 ) ) ;
#182 = ORIENTED_EDGE ( 'NONE', *, *, #4718, .F. ) ;
#183 = EDGE_LOOP ( 'NONE', ( #2161, #4420, #4861, #1286 ) ) ;
#184 = CARTESIAN_POINT ( 'NONE',  ( 10.00000000000000000, -1.417924630152314069, -21.82899710804890603 ) ) ;
#185 = DIRECTION ( 'NONE',  ( 1.000000000000000000, 0.000000000000000000, 0.000000000000000000 ) ) ;
#186 = ORIENTED_EDGE ( 'NONE', *, *, #3357, .F. ) ;
#187 = AXIS2_PLACEMENT_3D ( 'NONE', #860, #3395, #394 ) ;
#188 = CARTESIAN_POINT ( 'NONE',  ( 10.00000000000000000, -21.54796031594037942, -3.768425562839007981 ) ) ;
#189 = LINE ( 'NONE', #561, #2136 ) ;
#190 = DIRECTION ( 'NONE',  ( -1.000000000000000000, 0.000000000000000000, -0.000000000000000000 ) ) ;
#191 = DIRECTION ( 'NONE',  ( 0.000000000000000000, 0.000000000000000000, 1.000000000000000000 ) ) ;
#192 = EDGE_CURVE ( 'NONE', #1269, #3242, #2447, .T. ) ;
#193 = ADVANCED_FACE ( 'NONE', ( #1099 ), #3686, .T. ) ;
#194 = CIRCLE ( 'NONE', #2705, 21.87500000000000000 ) ;
#195 = VERTEX_POINT ( 'NONE', #2162 ) ;
#196 = ORIENTED_EDGE ( 'NONE', *, *, #616, .F. ) ;
#197 = CARTESIAN_POINT ( 'NONE',  ( 0.000000000000000000, 6.796662911712566313, -20.79233027499685704 ) ) ;
#198 = ORIENTED_EDGE ( 'NONE', *, *, #674, .F. ) ;
#199 = CARTESIAN_POINT ( 'NONE',  ( 0.000000000000000000, -3.276759885896963098, 18.77774285957117684 ) ) ;
#200 = CARTESIAN_POINT ( 'NONE',  ( 0.000000000000000000, 2.738863980935885678, -21.70286269352344988 ) ) ;
#201 = EDGE_CURVE ( 'NONE', #1353, #4664, #1586, .T. ) ;
#202 = EDGE_CURVE ( 'NONE', #817, #2772, #3458, .T. ) ;
#203 = EDGE_LOOP ( 'NONE', ( #986, #3773, #645, #19 ) ) ;
#204 = CARTESIAN_POINT ( 'NONE',  ( 10.00000000000000000, -17.89191790291102890, 7.450412645124791844 ) ) ;
#205 = DIRECTION ( 'NONE',  ( 0.000000000000000000, 0.000000000000000000, 1.000000000000000000 ) ) ;
#206 = CARTESIAN_POINT ( 'NONE',  ( 10.00000000000000000, 21.73680468795403797, 2.454984105394414140 ) ) ;
#207 = ORIENTED_EDGE ( 'NONE', *, *, #697, .T. ) ;
#208 = ORIENTED_EDGE ( 'NONE', *, *, #4508, .F. ) ;
#209 = EDGE_LOOP ( 'NONE', ( #3584, #2720, #1854, #4407 ) ) ;
#210 = ORIENTED_EDGE ( 'NONE', *, *, #4660, .T. ) ;
#211 = DIRECTION ( 'NONE',  ( 1.000000000000000000, 0.000000000000000000, 0.000000000000000000 ) ) ;
#212 = FACE_OUTER_BOUND ( 'NONE', #2740, .T. ) ;
#213 = AXIS2_PLACEMENT_3D ( 'NONE', #1917, #3040, #1152 ) ;
#214 = VERTEX_POINT ( 'NONE', #1401 ) ;
#215 = CIRCLE ( 'NONE', #3754, 8.250000000000000000 ) ;
#216 = CARTESIAN_POINT ( 'NONE',  ( 10.00000000000000000, -13.84124418184874550, -13.56647833174040585 ) ) ;
#217 = CARTESIAN_POINT ( 'NONE',  ( 5.000000000000000000, -16.08993306427706216, -14.81990819766045320 ) ) ;
#218 = DIRECTION ( 'NONE',  ( -1.000000000000000000, 0.000000000000000000, 0.000000000000000000 ) ) ;
#219 = COLOUR_RGB ( '',0.7921568627450980005, 0.8196078431372548767, 0.9333333333333333481 ) ;
#220 = ORIENTED_EDGE ( 'NONE', *, *, #3024, .F. ) ;
#221 = VERTEX_POINT ( 'NONE', #2965 ) ;
#222 = CARTESIAN_POINT ( 'NONE',  ( 10.00000000000000000, -14.62362239917211326, 12.22662873307402798 ) ) ;
#223 = DIRECTION ( 'NONE',  ( -1.000000000000000000, -0.000000000000000000, 0.000000000000000000 ) ) ;
#224 = DIRECTION ( 'NONE',  ( -1.000000000000000000, 0.000000000000000000, 0.000000000000000000 ) ) ;
#225 = AXIS2_PLACEMENT_3D ( 'NONE', #2805, #1653, #1281 ) ;
#226 = EDGE_CURVE ( 'NONE', #1796, #336, #4103, .T. ) ;
#227 = EDGE_CURVE ( 'NONE', #2329, #746, #824, .T. ) ;
#228 = ORIENTED_EDGE ( 'NONE', *, *, #4697, .F. ) ;
#229 = DIRECTION ( 'NONE',  ( -1.000000000000000000, -0.000000000000000000, -0.000000000000000000 ) ) ;
#230 = CYLINDRICAL_SURFACE ( 'NONE', #1340, 8.249999999999998224 ) ;
#231 = DIRECTION ( 'NONE',  ( 0.000000000000000000, 0.000000000000000000, 1.000000000000000000 ) ) ;
#232 = VECTOR ( 'NONE', #1320, 1000.000000000000000 ) ;
#233 = CIRCLE ( 'NONE', #2977, 8.250000000000000000 ) ;
#234 = ORIENTED_EDGE ( 'NONE', *, *, #2516, .F. ) ;
#235 = CIRCLE ( 'NONE', #3060, 8.250000000000000000 ) ;
#236 = ADVANCED_FACE ( 'NONE', ( #2565 ), #722, .T. ) ;
#237 = ORIENTED_EDGE ( 'NONE', *, *, #2713, .F. ) ;
#238 = VECTOR ( 'NONE', #4562, 1000.000000000000000 ) ;
#239 = CARTESIAN_POINT ( 'NONE',  ( 10.00000000000000000, -20.44538137465297467, -7.778303506870458683 ) ) ;
#240 = CARTESIAN_POINT ( 'NONE',  ( 10.00000000000000000, -16.44725757863453097, -10.25266272580896398 ) ) ;
#241 = ORIENTED_EDGE ( 'NONE', *, *, #2900, .T. ) ;
#242 = ORIENTED_EDGE ( 'NONE', *, *, #2062, .F. ) ;
#243 = DIRECTION ( 'NONE',  ( 0.000000000000000000, 0.8145759520503369489, -0.5800569095711964884 ) ) ;
#244 = CARTESIAN_POINT ( 'NONE',  ( 0.000000000000000000, 0.000000000000000000, 0.000000000000000000 ) ) ;
#245 = ORIENTED_EDGE ( 'NONE', *, *, #3716, .T. ) ;
#246 = ORIENTED_EDGE ( 'NONE', *, *, #1223, .F. ) ;
#247 = DIRECTION ( 'NONE',  ( 0.000000000000000000, 0.3716624556603284057, -0.9283679330160723442 ) ) ;
#248 = CIRCLE ( 'NONE', #2761, 21.87500000000000000 ) ;
#249 = CYLINDRICAL_SURFACE ( 'NONE', #3857, 19.06149999999999523 ) ;
#250 = AXIS2_PLACEMENT_3D ( 'NONE', #1787, #2919, #2893 ) ;
#251 = ORIENTED_EDGE ( 'NONE', *, *, #4390, .F. ) ;
#252 = DIRECTION ( 'NONE',  ( 0.000000000000000000, 0.000000000000000000, 1.000000000000000000 ) ) ;
#253 = CARTESIAN_POINT ( 'NONE',  ( 10.00000000000000000, 13.39519055437134476, 13.56132929554033240 ) ) ;
#254 = FACE_OUTER_BOUND ( 'NONE', #2046, .T. ) ;
#255 = EDGE_CURVE ( 'NONE', #3254, #1507, #4433, .T. ) ;
#256 = EDGE_CURVE ( 'NONE', #1567, #1, #1034, .T. ) ;
#257 = CIRCLE ( 'NONE', #2002, 8.250000000000000000 ) ;
#258 = ORIENTED_EDGE ( 'NONE', *, *, #2512, .T. ) ;
#259 = VECTOR ( 'NONE', #99, 1000.000000000000000 ) ;
#260 = CARTESIAN_POINT ( 'NONE',  ( 10.00000000000000000, 0.000000000000000000, 0.000000000000000000 ) ) ;
#261 = CARTESIAN_POINT ( 'NONE',  ( 10.00000000000000000, -9.031923240545301823, -16.78586145620466752 ) ) ;
#262 = EDGE_LOOP ( 'NONE', ( #2463, #593, #1005, #3939 ) ) ;
#263 = EDGE_CURVE ( 'NONE', #1324, #3420, #3705, .T. ) ;
#264 = ORIENTED_EDGE ( 'NONE', *, *, #1932, .T. ) ;
#265 = DIRECTION ( 'NONE',  ( -1.000000000000000000, 0.000000000000000000, -0.000000000000000000 ) ) ;
#266 = DIRECTION ( 'NONE',  ( 1.000000000000000000, 0.000000000000000000, 0.000000000000000000 ) ) ;
#267 = VECTOR ( 'NONE', #822, 1000.000000000000000 ) ;
#268 = EDGE_LOOP ( 'NONE', ( #4844, #3718, #1705, #241 ) ) ;
#269 = ORIENTED_EDGE ( 'NONE', *, *, #1950, .F. ) ;
#270 = ORIENTED_EDGE ( 'NONE', *, *, #2954, .F. ) ;
#271 = CARTESIAN_POINT ( 'NONE',  ( 0.000000000000000000, -19.37932150058861325, -0.2669700432026741455 ) ) ;
#272 = AXIS2_PLACEMENT_3D ( 'NONE', #2625, #2651, #3873 ) ;
#273 = DIRECTION ( 'NONE',  ( -1.000000000000000000, 0.000000000000000000, 0.000000000000000000 ) ) ;
#274 = UNCERTAINTY_MEASURE_WITH_UNIT (LENGTH_MEASURE( 1.000000000000000082E-05 ), #3729, 'distance_accuracy_value', 'NONE');
#275 = VERTEX_POINT ( 'NONE', #2526 ) ;
#276 = DIRECTION ( 'NONE',  ( -1.000000000000000000, -0.000000000000000000, -0.000000000000000000 ) ) ;
#277 = CARTESIAN_POINT ( 'NONE',  ( 0.000000000000000000, 2.493712332100455065, 19.22006174890896446 ) ) ;
#278 = DIRECTION ( 'NONE',  ( 0.000000000000000000, -0.2817325568414366099, 0.9594929736144953702 ) ) ;
#279 = ORIENTED_EDGE ( 'NONE', *, *, #1491, .T. ) ;
#280 = ORIENTED_EDGE ( 'NONE', *, *, #43, .T. ) ;
#281 = EDGE_CURVE ( 'NONE', #3989, #1859, #2674, .T. ) ;
#282 = DIRECTION ( 'NONE',  ( 1.000000000000000000, 0.000000000000000000, 0.000000000000000000 ) ) ;
#283 = DIRECTION ( 'NONE',  ( -1.000000000000000000, -0.000000000000000000, -0.000000000000000000 ) ) ;
#284 = CARTESIAN_POINT ( 'NONE',  ( 10.00000000000000000, -18.09036338659982590, 6.954719790754492870 ) ) ;
#285 = VERTEX_POINT ( 'NONE', #1837 ) ;
#286 = EDGE_CURVE ( 'NONE', #802, #777, #1109, .T. ) ;
#287 = DIRECTION ( 'NONE',  ( 0.000000000000000000, 0.7557495743542552713, 0.6548607339452887643 ) ) ;
#288 = EDGE_CURVE ( 'NONE', #2279, #2880, #3287, .T. ) ;
#289 = CIRCLE ( 'NONE', #3034, 19.06149999999999878 ) ;
#290 = VERTEX_POINT ( 'NONE', #1449 ) ;
#291 = VERTEX_POINT ( 'NONE', #2944 ) ;
#292 = EDGE_CURVE ( 'NONE', #2670, #13, #4108, .T. ) ;
#293 = DIRECTION ( 'NONE',  ( 0.000000000000000000, -0.3716624556603156937, -0.9283679330160773402 ) ) ;
#294 = ORIENTED_EDGE ( 'NONE', *, *, #255, .T. ) ;
#295 = DIRECTION ( 'NONE',  ( 1.000000000000000000, -0.000000000000000000, -0.000000000000000000 ) ) ;
#296 = CIRCLE ( 'NONE', #1864, 8.250000000000000000 ) ;
#297 = FACE_OUTER_BOUND ( 'NONE', #4320, .T. ) ;
#298 = FACE_OUTER_BOUND ( 'NONE', #3888, .T. ) ;
#299 = DIRECTION ( 'NONE',  ( -1.000000000000000000, 0.000000000000000000, 0.000000000000000000 ) ) ;
#300 = AXIS2_PLACEMENT_3D ( 'NONE', #81, #2708, #521 ) ;
#301 = CIRCLE ( 'NONE', #2732, 19.06149999999999523 ) ;
#302 = VERTEX_POINT ( 'NONE', #3707 ) ;
#303 = CARTESIAN_POINT ( 'NONE',  ( 10.00000000000000000, -11.45857671632859187, -15.63107144322346187 ) ) ;
#304 = CARTESIAN_POINT ( 'NONE',  ( 10.00000000000000000, 0.000000000000000000, 0.000000000000000000 ) ) ;
#305 = AXIS2_PLACEMENT_3D ( 'NONE', #4870, #3751, #1487 ) ;
#306 = CIRCLE ( 'NONE', #3053, 8.250000000000000000 ) ;
#307 = SURFACE_SIDE_STYLE ('',( #2175 ) ) ;
#308 = VECTOR ( 'NONE', #988, 1000.000000000000000 ) ;
#309 = EDGE_LOOP ( 'NONE', ( #2101, #4797, #4488, #3280 ) ) ;
#310 = CARTESIAN_POINT ( 'NONE',  ( 0.000000000000000000, 15.06814570829591382, -12.18935436110982096 ) ) ;
#311 = FACE_OUTER_BOUND ( 'NONE', #4069, .T. ) ;
#312 = DIRECTION ( 'NONE',  ( 0.000000000000000000, -0.7557495743542637090, 0.6548607339452788834 ) ) ;
#313 = EDGE_CURVE ( 'NONE', #155, #872, #333, .T. ) ;
#314 = EDGE_CURVE ( 'NONE', #2352, #2800, #3870, .T. ) ;
#315 = ORIENTED_EDGE ( 'NONE', *, *, #2955, .T. ) ;
#316 = ORIENTED_EDGE ( 'NONE', *, *, #4424, .T. ) ;
#317 = CARTESIAN_POINT ( 'NONE',  ( 0.000000000000000000, 0.000000000000000000, 0.000000000000000000 ) ) ;
#318 = CARTESIAN_POINT ( 'NONE',  ( 4.999999999999999112, -21.87173982874669775, 0.3776530995704719951 ) ) ;
#319 = EDGE_CURVE ( 'NONE', #1270, #2121, #3791, .T. ) ;
#320 = AXIS2_PLACEMENT_3D ( 'NONE', #4785, #265, #1860 ) ;
#321 = ORIENTED_EDGE ( 'NONE', *, *, #4565, .T. ) ;
#322 = EDGE_LOOP ( 'NONE', ( #1718, #599, #3339, #3693 ) ) ;
#323 = CARTESIAN_POINT ( 'NONE',  ( 0.000000000000000000, -1.188772901057610687, 19.34466835634187731 ) ) ;
#324 = DIRECTION ( 'NONE',  ( 1.000000000000000000, -0.000000000000000000, -0.000000000000000000 ) ) ;
#325 = DIRECTION ( 'NONE',  ( -1.000000000000000000, -0.000000000000000000, 0.000000000000000000 ) ) ;
#326 = AXIS2_PLACEMENT_3D ( 'NONE', #39, #1220, #60 ) ;
#327 = ORIENTED_EDGE ( 'NONE', *, *, #2099, .F. ) ;
#328 = DIRECTION ( 'NONE',  ( -1.000000000000000000, 0.000000000000000000, 0.000000000000000000 ) ) ;
#329 = CIRCLE ( 'NONE', #4503, 8.250000000000001776 ) ;
#330 = CARTESIAN_POINT ( 'NONE',  ( 0.000000000000000000, 13.39519055437152595, -13.56132929554015476 ) ) ;
#331 = CARTESIAN_POINT ( 'NONE',  ( 0.000000000000000000, 21.09217785974800208, -5.799625689021327801 ) ) ;
#332 = ORIENTED_EDGE ( 'NONE', *, *, #1258, .F. ) ;
#333 = LINE ( 'NONE', #797, #1592 ) ;
#334 = DIRECTION ( 'NONE',  ( 1.000000000000000000, -0.000000000000000000, -0.000000000000000000 ) ) ;
#335 = DIRECTION ( 'NONE',  ( 0.000000000000000000, 0.000000000000000000, 1.000000000000000000 ) ) ;
#336 = VERTEX_POINT ( 'NONE', #1980 ) ;
#337 = CIRCLE ( 'NONE', #4284, 21.87500000000000000 ) ;
#338 = ORIENTED_EDGE ( 'NONE', *, *, #1853, .F. ) ;
#339 = DIRECTION ( 'NONE',  ( 0.000000000000000000, 0.000000000000000000, 1.000000000000000000 ) ) ;
#340 = ADVANCED_FACE ( 'NONE', ( #4525 ), #2248, .T. ) ;
#341 = EDGE_CURVE ( 'NONE', #20, #3106, #4109, .T. ) ;
#342 = DIRECTION ( 'NONE',  ( -1.000000000000000000, -0.000000000000000000, -0.000000000000000000 ) ) ;
#343 = AXIS2_PLACEMENT_3D ( 'NONE', #2282, #1155, #1137 ) ;
#344 = AXIS2_PLACEMENT_3D ( 'NONE', #4013, #4382, #4451 ) ;
#345 = AXIS2_PLACEMENT_3D ( 'NONE', #3001, #614, #1683 ) ;
#346 = ORIENTED_EDGE ( 'NONE', *, *, #2068, .T. ) ;
#347 = EDGE_CURVE ( 'NONE', #3309, #3201, #10, .T. ) ;
#348 = CARTESIAN_POINT ( 'NONE',  ( 4.999999999999999112, 19.61342834978376715, -9.686539803660444647 ) ) ;
#349 = ADVANCED_FACE ( 'NONE', ( #3787 ), #2665, .T. ) ;
#350 = DIRECTION ( 'NONE',  ( -1.000000000000000000, 0.000000000000000000, -0.000000000000000000 ) ) ;
#351 = CARTESIAN_POINT ( 'NONE',  ( 0.000000000000000000, 0.000000000000000000, 0.000000000000000000 ) ) ;
#352 = ORIENTED_EDGE ( 'NONE', *, *, #201, .F. ) ;
#353 = CARTESIAN_POINT ( 'NONE',  ( 10.00000000000000000, 17.34736067490578648, 8.642826646524603973 ) ) ;
#354 = ADVANCED_FACE ( 'NONE', ( #2691 ), #3810, .T. ) ;
#355 = CARTESIAN_POINT ( 'NONE',  ( 10.00000000000000000, -18.91238855906794925, -2.379567448263579799 ) ) ;
#356 = CARTESIAN_POINT ( 'NONE',  ( 0.000000000000000000, -18.09036338659982590, 6.954719790754492870 ) ) ;
#357 = ORIENTED_EDGE ( 'NONE', *, *, #1250, .F. ) ;
#358 = ORIENTED_EDGE ( 'NONE', *, *, #4717, .T. ) ;
#359 = DIRECTION ( 'NONE',  ( 0.000000000000000000, 0.000000000000000000, 1.000000000000000000 ) ) ;
#360 = DIRECTION ( 'NONE',  ( 0.000000000000000000, 0.1892512443604106032, -0.9819286972627065957 ) ) ;
#361 = CIRCLE ( 'NONE', #1852, 19.06149999999999523 ) ;
#362 = ORIENTED_EDGE ( 'NONE', *, *, #1063, .F. ) ;
#363 = ORIENTED_EDGE ( 'NONE', *, *, #2908, .F. ) ;
#364 = DIRECTION ( 'NONE',  ( -1.000000000000000000, 0.000000000000000000, -0.000000000000000000 ) ) ;
#365 = LINE ( 'NONE', #4425, #63 ) ;
#366 = VERTEX_POINT ( 'NONE', #3062 ) ;
#367 = FACE_OUTER_BOUND ( 'NONE', #2564, .T. ) ;
#368 = CARTESIAN_POINT ( 'NONE',  ( 10.00000000000000000, 17.90038228506903195, -6.551114126496856649 ) ) ;
#369 = AXIS2_PLACEMENT_3D ( 'NONE', #1238, #2733, #866 ) ;
#370 = DIRECTION ( 'NONE',  ( -1.000000000000000000, 0.000000000000000000, 0.000000000000000000 ) ) ;
#371 = EDGE_CURVE ( 'NONE', #4384, #2257, #168, .T. ) ;
#372 = EDGE_CURVE ( 'NONE', #984, #533, #2297, .T. ) ;
#373 = AXIS2_PLACEMENT_3D ( 'NONE', #4677, #185, #994 ) ;
#374 = ORIENTED_EDGE ( 'NONE', *, *, #372, .F. ) ;
#375 = CARTESIAN_POINT ( 'NONE',  ( 5.000000000000000000, 19.26732701731199882, 10.35788272804625976 ) ) ;
#376 = CARTESIAN_POINT ( 'NONE',  ( 0.000000000000000000, 0.000000000000000000, 0.000000000000000000 ) ) ;
#377 = CARTESIAN_POINT ( 'NONE',  ( 4.999999999999999112, 19.26732701731214448, -10.35788272804598797 ) ) ;
#378 = AXIS2_PLACEMENT_3D ( 'NONE', #1184, #2333, #1942 ) ;
#379 = VECTOR ( 'NONE', #2386, 1000.000000000000000 ) ;
#380 = ORIENTED_EDGE ( 'NONE', *, *, #1792, .F. ) ;
#381 = ADVANCED_FACE ( 'NONE', ( #4505 ), #2614, .T. ) ;
#382 = ORIENTED_EDGE ( 'NONE', *, *, #2533, .F. ) ;
#383 = CIRCLE ( 'NONE', #1802, 19.06149999999999878 ) ;
#384 = AXIS2_PLACEMENT_3D ( 'NONE', #3760, #3204, #960 ) ;
#385 = DIRECTION ( 'NONE',  ( 0.000000000000000000, 0.000000000000000000, 1.000000000000000000 ) ) ;
#386 = CARTESIAN_POINT ( 'NONE',  ( 10.00000000000000000, 16.33709255729553789, 9.820396581826958737 ) ) ;
#387 = CIRCLE ( 'NONE', #3770, 8.250000000000000000 ) ;
#388 = CARTESIAN_POINT ( 'NONE',  ( 5.000000000000000000, -8.742323742818257415, -20.05211710956616145 ) ) ;
#389 = ORIENTED_EDGE ( 'NONE', *, *, #1950, .T. ) ;
#390 = VERTEX_POINT ( 'NONE', #1888 ) ;
#391 = CIRCLE ( 'NONE', #72, 19.06149999999999878 ) ;
#392 = CYLINDRICAL_SURFACE ( 'NONE', #51, 21.87500000000000000 ) ;
#393 = DIRECTION ( 'NONE',  ( -1.000000000000000000, -0.000000000000000000, -0.000000000000000000 ) ) ;
#394 = DIRECTION ( 'NONE',  ( 0.000000000000000000, 0.3716624556603284057, -0.9283679330160723442 ) ) ;
#395 = ORIENTED_EDGE ( 'NONE', *, *, #4114, .T. ) ;
#396 = CARTESIAN_POINT ( 'NONE',  ( 0.000000000000000000, 0.000000000000000000, 0.000000000000000000 ) ) ;
#397 = LINE ( 'NONE', #1536, #4331 ) ;
#398 = DIRECTION ( 'NONE',  ( -1.000000000000000000, 0.000000000000000000, 0.000000000000000000 ) ) ;
#399 = CIRCLE ( 'NONE', #2673, 19.06149999999999878 ) ;
#400 = ORIENTED_EDGE ( 'NONE', *, *, #4005, .T. ) ;
#401 = CARTESIAN_POINT ( 'NONE',  ( 0.000000000000000000, 0.000000000000000000, 0.000000000000000000 ) ) ;
#402 = CARTESIAN_POINT ( 'NONE',  ( 10.00000000000000000, -19.37932150058861325, -0.2669700432026741455 ) ) ;
#403 = CARTESIAN_POINT ( 'NONE',  ( 10.00000000000000000, 0.000000000000000000, 0.000000000000000000 ) ) ;
#404 = EDGE_CURVE ( 'NONE', #1021, #214, #1956, .T. ) ;
#405 = AXIS2_PLACEMENT_3D ( 'NONE', #1910, #449, #4186 ) ;
#406 = EDGE_CURVE ( 'NONE', #615, #3517, #2318, .T. ) ;
#407 = VERTEX_POINT ( 'NONE', #4160 ) ;
#408 = AXIS2_PLACEMENT_3D ( 'NONE', #670, #1423, #1444 ) ;
#409 = ORIENTED_EDGE ( 'NONE', *, *, #3183, .F. ) ;
#410 = DIRECTION ( 'NONE',  ( 1.000000000000000000, 0.000000000000000000, 0.000000000000000000 ) ) ;
#411 = LINE ( 'NONE', #479, #2120 ) ;
#412 = EDGE_CURVE ( 'NONE', #2422, #1764, #3456, .T. ) ;
#413 = CARTESIAN_POINT ( 'NONE',  ( 0.000000000000000000, -1.417924630152315846, -21.82899710804890248 ) ) ;
#414 = EDGE_LOOP ( 'NONE', ( #251, #3794, #1448, #2137 ) ) ;
#415 = ORIENTED_EDGE ( 'NONE', *, *, #1157, .F. ) ;
#416 = DIRECTION ( 'NONE',  ( 0.000000000000000000, -0.9718115683235393210, -0.2357589355094368011 ) ) ;
#417 = CARTESIAN_POINT ( 'NONE',  ( 0.000000000000000000, 11.51696013974861366, 15.18882521426332666 ) ) ;
#418 = DIRECTION ( 'NONE',  ( -1.000000000000000000, -0.000000000000000000, 0.000000000000000000 ) ) ;
#419 = ORIENTED_EDGE ( 'NONE', *, *, #598, .T. ) ;
#420 = CARTESIAN_POINT ( 'NONE',  ( 10.00000000000000000, -18.44205095620974788, 4.819910660848693240 ) ) ;
#421 = FACE_OUTER_BOUND ( 'NONE', #414, .T. ) ;
#422 = AXIS2_PLACEMENT_3D ( 'NONE', #1613, #3827, #9 ) ;
#423 = CARTESIAN_POINT ( 'NONE',  ( 0.000000000000000000, 18.60055953293724329, 4.166529408471451923 ) ) ;
#424 = AXIS2_PLACEMENT_3D ( 'NONE', #1959, #2668, #4599 ) ;
#425 = DIRECTION ( 'NONE',  ( -1.000000000000000000, 0.000000000000000000, 0.000000000000000000 ) ) ;
#426 = FACE_OUTER_BOUND ( 'NONE', #842, .T. ) ;
#427 = DIRECTION ( 'NONE',  ( 1.000000000000000000, 0.000000000000000000, 0.000000000000000000 ) ) ;
#428 = VERTEX_POINT ( 'NONE', #1596 ) ;
#429 = LINE ( 'NONE', #3035, #1503 ) ;
#430 = CARTESIAN_POINT ( 'NONE',  ( 10.00000000000000000, -19.02095316055510210, -1.242627504109248715 ) ) ;
#431 = EDGE_CURVE ( 'NONE', #2906, #2768, #773, .T. ) ;
#432 = EDGE_CURVE ( 'NONE', #4139, #1599, #429, .T. ) ;
#433 = DIRECTION ( 'NONE',  ( 0.000000000000000000, 0.4582265217274053004, 0.8888354486549260303 ) ) ;
#434 = ORIENTED_EDGE ( 'NONE', *, *, #4564, .F. ) ;
#435 = EDGE_LOOP ( 'NONE', ( #2221, #2570, #3136, #3663 ) ) ;
#436 = CARTESIAN_POINT ( 'NONE',  ( 10.00000000000000178, 0.000000000000000000, 0.000000000000000000 ) ) ;
#437 = FACE_OUTER_BOUND ( 'NONE', #262, .T. ) ;
#438 = EDGE_CURVE ( 'NONE', #1796, #128, #3234, .T. ) ;
#439 = CYLINDRICAL_SURFACE ( 'NONE', #731, 21.87500000000000000 ) ;
#440 = CARTESIAN_POINT ( 'NONE',  ( 5.000000000000000000, 14.03753242765951725, -16.77686825192375508 ) ) ;
#441 = DIRECTION ( 'NONE',  ( -1.000000000000000000, 0.000000000000000000, 0.000000000000000000 ) ) ;
#442 = CARTESIAN_POINT ( 'NONE',  ( 10.00000000000000000, 0.000000000000000000, 0.000000000000000000 ) ) ;
#443 = CIRCLE ( 'NONE', #1862, 8.250000000000000000 ) ;
#444 = CIRCLE ( 'NONE', #833, 8.250000000000000000 ) ;
#445 = CARTESIAN_POINT ( 'NONE',  ( -10.00000000000000000, 0.000000000000000000, 0.000000000000000000 ) ) ;
#446 = CARTESIAN_POINT ( 'NONE',  ( 0.000000000000000000, 0.000000000000000000, 0.000000000000000000 ) ) ;
#447 = LINE ( 'NONE', #4201, #3325 ) ;
#448 = ORIENTED_EDGE ( 'NONE', *, *, #590, .F. ) ;
#449 = DIRECTION ( 'NONE',  ( -1.000000000000000000, 0.000000000000000000, 0.000000000000000000 ) ) ;
#450 = MECHANICAL_DESIGN_GEOMETRIC_PRESENTATION_REPRESENTATION (  '', ( #2568 ), #3927 ) ;
#451 = CARTESIAN_POINT ( 'NONE',  ( 10.00000000000000000, 19.26619331636527832, 2.107882805941884374 ) ) ;
#452 = VECTOR ( 'NONE', #1362, 1000.000000000000000 ) ;
#453 = AXIS2_PLACEMENT_3D ( 'NONE', #3826, #2000, #125 ) ;
#454 = AXIS2_PLACEMENT_3D ( 'NONE', #3821, #3444, #1583 ) ;
#455 = DIRECTION ( 'NONE',  ( -1.000000000000000000, -0.000000000000000000, 0.000000000000000000 ) ) ;
#456 = VERTEX_POINT ( 'NONE', #3430 ) ;
#457 = ORIENTED_EDGE ( 'NONE', *, *, #1884, .F. ) ;
#458 = DIRECTION ( 'NONE',  ( 0.000000000000000000, 0.000000000000000000, 1.000000000000000000 ) ) ;
#459 = DIRECTION ( 'NONE',  ( 0.000000000000000000, 0.2817325568414235648, 0.9594929736144991450 ) ) ;
#460 = AXIS2_PLACEMENT_3D ( 'NONE', #3720, #4841, #2914 ) ;
#461 = AXIS2_PLACEMENT_3D ( 'NONE', #2276, #3015, #1597 ) ;
#462 = EDGE_CURVE ( 'NONE', #2341, #2401, #4733, .T. ) ;
#463 = EDGE_CURVE ( 'NONE', #2800, #4404, #3551, .T. ) ;
#464 = VECTOR ( 'NONE', #961, 1000.000000000000000 ) ;
#465 = VERTEX_POINT ( 'NONE', #3507 ) ;
#466 = CARTESIAN_POINT ( 'NONE',  ( 0.000000000000000000, 18.66953696610257296, 5.203629915594786937 ) ) ;
#467 = DIRECTION ( 'NONE',  ( -1.000000000000000000, -0.000000000000000000, -0.000000000000000000 ) ) ;
#468 = CARTESIAN_POINT ( 'NONE',  ( 10.00000000000000000, -0.6554375876667573042, -19.37007424858813209 ) ) ;
#469 = CYLINDRICAL_SURFACE ( 'NONE', #4049, 19.06149999999999523 ) ;
#470 = ADVANCED_FACE ( 'NONE', ( #2372 ), #2742, .T. ) ;
#471 = CARTESIAN_POINT ( 'NONE',  ( 0.000000000000000000, 6.086068304272544971, -18.40079203248796702 ) ) ;
#472 = DIRECTION ( 'NONE',  ( 0.000000000000000000, 0.09505604330417624648, 0.9954719225730852550 ) ) ;
#473 = CARTESIAN_POINT ( 'NONE',  ( 0.000000000000000000, 0.000000000000000000, 0.000000000000000000 ) ) ;
#474 = ORIENTED_EDGE ( 'NONE', *, *, #2593, .T. ) ;
#475 = CLOSED_SHELL ( 'NONE', ( #887, #1640, #1159, #1413, #106, #2264, #2105, #2238, #3531, #1846, #2098, #3412, #1497, #3172, #349, #4818, #1916, #4616, #1432, #3778, #2721, #1434, #3206, #1974, #1742, #755, #3877, #3834, #3690, #4183, #554, #2328, #3464, #3784, #470, #1966, #2909, #3141, #1736, #4690, #4333, #854, #2658, #2035, #3999, #340, #3147, #2715, #2392, #844, #1587, #793, #1464, #2815, #169, #4147, #913, #4240, #4454, #381, #4651, #4370, #2686, #649, #193, #3510, #236, #3016, #3971, #3116, #2823, #523, #1187, #4154, #4059, #500, #4875, #3661, #2562, #3636, #4786, #889, #4423, #2299, #1713, #3875, #354, #2783, #3078, #4232, #2321, #2989, #3909, #4295, #3018, #3600, #4398, #3316, #1325, #4507, #3110, #947, #133, #3260, #1998, #2600, #2694, #1283, #4835, #16, #2205, #1404, #4727, #4376, #1679, #1551, #3605, #1384, #4598, #799, #3904, #3533, #4812, #679, #3843, #1359, #100, #2183, #2364, #3439, #1291, #698, #2563, #4202, #2292, #3579, #139, #1774, #4368, #1437 ) ) ;
#476 = VERTEX_POINT ( 'NONE', #130 ) ;
#477 = CARTESIAN_POINT ( 'NONE',  ( 0.000000000000000000, -0.6554375876670227585, 19.37007424858812854 ) ) ;
#478 = VECTOR ( 'NONE', #2275, 1000.000000000000000 ) ;
#479 = CARTESIAN_POINT ( 'NONE',  ( 4.999999999999999112, -1.417924630152611609, 21.82899710804888471 ) ) ;
#480 = AXIS2_PLACEMENT_3D ( 'NONE', #3702, #2544, #3658 ) ;
#481 = CARTESIAN_POINT ( 'NONE',  ( 10.00000000000000000, 7.395428419319275193, 17.56839266252677945 ) ) ;
#482 = ORIENTED_EDGE ( 'NONE', *, *, #49, .T. ) ;
#483 = ORIENTED_EDGE ( 'NONE', *, *, #4302, .F. ) ;
#484 = DIRECTION ( 'NONE',  ( -1.000000000000000000, 0.000000000000000000, -0.000000000000000000 ) ) ;
#485 = CARTESIAN_POINT ( 'NONE',  ( -10.00000000000000000, 0.000000000000000000, 0.000000000000000000 ) ) ;
#486 = EDGE_CURVE ( 'NONE', #1775, #195, #1697, .T. ) ;
#487 = VERTEX_POINT ( 'NONE', #945 ) ;
#488 = DIRECTION ( 'NONE',  ( -1.000000000000000000, -0.000000000000000000, 0.000000000000000000 ) ) ;
#489 = CYLINDRICAL_SURFACE ( 'NONE', #71, 21.87500000000000000 ) ;
#490 = DIRECTION ( 'NONE',  ( 0.000000000000000000, 0.000000000000000000, 1.000000000000000000 ) ) ;
#491 = CARTESIAN_POINT ( 'NONE',  ( 10.00000000000000000, 8.434329594277992115, -17.09394239328909748 ) ) ;
#492 = EDGE_CURVE ( 'NONE', #3002, #2772, #1750, .T. ) ;
#493 = EDGE_CURVE ( 'NONE', #1684, #1599, #4352, .T. ) ;
#494 = CIRCLE ( 'NONE', #2468, 19.06149999999999167 ) ;
#495 = CARTESIAN_POINT ( 'NONE',  ( 0.000000000000000000, -12.90860007981972224, -14.02529237589284783 ) ) ;
#496 = CARTESIAN_POINT ( 'NONE',  ( 10.00000000000000000, 3.486482252031179563, 21.59537141394589455 ) ) ;
#497 = DIRECTION ( 'NONE',  ( -1.000000000000000000, -0.000000000000000000, -0.000000000000000000 ) ) ;
#498 = CIRCLE ( 'NONE', #2868, 8.250000000000000000 ) ;
#499 = ORIENTED_EDGE ( 'NONE', *, *, #894, .T. ) ;
#500 = ADVANCED_FACE ( 'NONE', ( #1641 ), #3886, .T. ) ;
#501 = ORIENTED_EDGE ( 'NONE', *, *, #556, .F. ) ;
#502 = ORIENTED_EDGE ( 'NONE', *, *, #912, .T. ) ;
#503 = VECTOR ( 'NONE', #3202, 1000.000000000000000 ) ;
#504 = CARTESIAN_POINT ( 'NONE',  ( 10.00000000000000000, 17.47590231531701477, 7.611413831575397637 ) ) ;
#505 = DIRECTION ( 'NONE',  ( 1.000000000000000000, 0.000000000000000000, 0.000000000000000000 ) ) ;
#506 = EDGE_LOOP ( 'NONE', ( #1308, #4601, #1824, #1458 ) ) ;
#507 = DIRECTION ( 'NONE',  ( -1.000000000000000000, 0.000000000000000000, -0.000000000000000000 ) ) ;
#508 = VERTEX_POINT ( 'NONE', #2452 ) ;
#509 = DIRECTION ( 'NONE',  ( 1.000000000000000000, 0.000000000000000000, -0.000000000000000000 ) ) ;
#510 = CARTESIAN_POINT ( 'NONE',  ( -10.00000000000000000, 0.000000000000000000, 0.000000000000000000 ) ) ;
#511 = CARTESIAN_POINT ( 'NONE',  ( 10.00000000000000000, 9.920863589757326295, -16.64949970601432128 ) ) ;
#512 = ORIENTED_EDGE ( 'NONE', *, *, #1229, .F. ) ;
#513 = ORIENTED_EDGE ( 'NONE', *, *, #2760, .T. ) ;
#514 = CARTESIAN_POINT ( 'NONE',  ( 10.00000000000000000, 0.000000000000000000, 0.000000000000000000 ) ) ;
#515 = ORIENTED_EDGE ( 'NONE', *, *, #3977, .F. ) ;
#516 = DIRECTION ( 'NONE',  ( -1.000000000000000000, -0.000000000000000000, 0.000000000000000000 ) ) ;
#517 = DIRECTION ( 'NONE',  ( 0.000000000000000000, -0.5406408174555871193, -0.8412535328311879779 ) ) ;
#518 = DIRECTION ( 'NONE',  ( -1.000000000000000000, -0.000000000000000000, 0.000000000000000000 ) ) ;
#519 = AXIS2_PLACEMENT_3D ( 'NONE', #317, #1106, #706 ) ;
#520 = DIRECTION ( 'NONE',  ( -1.000000000000000000, 0.000000000000000000, 0.000000000000000000 ) ) ;
#521 = DIRECTION ( 'NONE',  ( 0.000000000000000000, 0.000000000000000000, 1.000000000000000000 ) ) ;
#522 = DIRECTION ( 'NONE',  ( -1.000000000000000000, 0.000000000000000000, -0.000000000000000000 ) ) ;
#523 = ADVANCED_FACE ( 'NONE', ( #528 ), #2798, .T. ) ;
#524 = EDGE_CURVE ( 'NONE', #651, #4855, #87, .T. ) ;
#525 = ORIENTED_EDGE ( 'NONE', *, *, #4557, .T. ) ;
#526 = ORIENTED_EDGE ( 'NONE', *, *, #3317, .F. ) ;
#527 = CIRCLE ( 'NONE', #4544, 8.250000000000001776 ) ;
#528 = FACE_OUTER_BOUND ( 'NONE', #3121, .T. ) ;
#529 = CYLINDRICAL_SURFACE ( 'NONE', #1241, 8.250000000000000000 ) ;
#530 = ORIENTED_EDGE ( 'NONE', *, *, #3723, .T. ) ;
#531 = EDGE_CURVE ( 'NONE', #4773, #3254, #248, .T. ) ;
#532 = FACE_OUTER_BOUND ( 'NONE', #3319, .T. ) ;
#533 = VERTEX_POINT ( 'NONE', #1356 ) ;
#534 = VECTOR ( 'NONE', #4824, 1000.000000000000000 ) ;
#535 = DIRECTION ( 'NONE',  ( -1.000000000000000000, 0.000000000000000000, 0.000000000000000000 ) ) ;
#536 = DIRECTION ( 'NONE',  ( -1.000000000000000000, -0.000000000000000000, -0.000000000000000000 ) ) ;
#537 = CARTESIAN_POINT ( 'NONE',  ( 10.00000000000000000, -16.67325919374782117, 9.238138887682060485 ) ) ;
#538 = AXIS2_PLACEMENT_3D ( 'NONE', #3463, #167, #588 ) ;
#539 = VERTEX_POINT ( 'NONE', #1668 ) ;
#540 = VECTOR ( 'NONE', #1214, 1000.000000000000000 ) ;
#541 = DIRECTION ( 'NONE',  ( 0.000000000000000000, 0.000000000000000000, 1.000000000000000000 ) ) ;
#542 = ORIENTED_EDGE ( 'NONE', *, *, #4514, .F. ) ;
#543 = CARTESIAN_POINT ( 'NONE',  ( 10.00000000000000000, -12.37922667888068951, 18.03525358382544397 ) ) ;
#544 = CARTESIAN_POINT ( 'NONE',  ( 0.000000000000000000, -18.19550371963117996, 12.14245730438809723 ) ) ;
#545 = CARTESIAN_POINT ( 'NONE',  ( 5.000000000000000000, 7.510427888281304476, -20.54529381476269734 ) ) ;
#546 = VECTOR ( 'NONE', #3156, 1000.000000000000000 ) ;
#547 = ORIENTED_EDGE ( 'NONE', *, *, #598, .F. ) ;
#548 = DIRECTION ( 'NONE',  ( 1.000000000000000000, 0.000000000000000000, 0.000000000000000000 ) ) ;
#549 = DIRECTION ( 'NONE',  ( -1.000000000000000000, 0.000000000000000000, 0.000000000000000000 ) ) ;
#550 = DIRECTION ( 'NONE',  ( -1.000000000000000000, 0.000000000000000000, -0.000000000000000000 ) ) ;
#551 = EDGE_LOOP ( 'NONE', ( #1260, #2816, #726, #3924 ) ) ;
#552 = EDGE_LOOP ( 'NONE', ( #1066, #2928, #208, #4839 ) ) ;
#553 = ORIENTED_EDGE ( 'NONE', *, *, #1845, .F. ) ;
#554 = ADVANCED_FACE ( 'NONE', ( #2851 ), #3162, .T. ) ;
#555 = DIRECTION ( 'NONE',  ( -1.000000000000000000, -0.000000000000000000, 0.000000000000000000 ) ) ;
#556 = EDGE_CURVE ( 'NONE', #4464, #1575, #2061, .T. ) ;
#557 = CARTESIAN_POINT ( 'NONE',  ( 10.00000000000000000, -15.32962889451909838, 11.32886844333205900 ) ) ;
#558 = AXIS2_PLACEMENT_3D ( 'NONE', #1361, #4880, #4047 ) ;
#559 = DIRECTION ( 'NONE',  ( 0.000000000000000000, 0.000000000000000000, 1.000000000000000000 ) ) ;
#560 = EDGE_CURVE ( 'NONE', #2632, #456, #1593, .T. ) ;
#561 = CARTESIAN_POINT ( 'NONE',  ( 4.999999999999999112, -21.87173982874669420, -0.3776530995707599869 ) ) ;
#562 = EDGE_CURVE ( 'NONE', #508, #984, #1672, .T. ) ;
#563 = CYLINDRICAL_SURFACE ( 'NONE', #1661, 8.250000000000000000 ) ;
#564 = FACE_OUTER_BOUND ( 'NONE', #2437, .T. ) ;
#565 = AXIS2_PLACEMENT_3D ( 'NONE', #1221, #3036, #4187 ) ;
#566 = EDGE_LOOP ( 'NONE', ( #4439, #419, #474, #1780 ) ) ;
#567 = CARTESIAN_POINT ( 'NONE',  ( 5.000000000000000000, 2.738863980935596132, 21.70286269352348540 ) ) ;
#568 = DIRECTION ( 'NONE',  ( 0.000000000000000000, 0.000000000000000000, 1.000000000000000000 ) ) ;
#569 = DIRECTION ( 'NONE',  ( -1.000000000000000000, 0.000000000000000000, 0.000000000000000000 ) ) ;
#570 = DIRECTION ( 'NONE',  ( 0.000000000000000000, -0.8145759520503290663, -0.5800569095712074796 ) ) ;
#571 = CIRCLE ( 'NONE', #1678, 8.250000000000001776 ) ;
#572 = VERTEX_POINT ( 'NONE', #3940 ) ;
#573 = CARTESIAN_POINT ( 'NONE',  ( 10.00000000000000000, 19.05294406575194799, 0.5710557567588567807 ) ) ;
#574 = CARTESIAN_POINT ( 'NONE',  ( 10.00000000000000000, 0.3361666364521598838, 19.05853546950909205 ) ) ;
#575 = AXIS2_PLACEMENT_3D ( 'NONE', #3955, #1971, #4300 ) ;
#576 = LINE ( 'NONE', #2820, #4371 ) ;
#577 = VERTEX_POINT ( 'NONE', #3107 ) ;
#578 = CIRCLE ( 'NONE', #1603, 8.250000000000000000 ) ;
#579 = VERTEX_POINT ( 'NONE', #184 ) ;
#580 = ORIENTED_EDGE ( 'NONE', *, *, #1969, .T. ) ;
#581 = DIRECTION ( 'NONE',  ( 0.000000000000000000, 0.000000000000000000, 1.000000000000000000 ) ) ;
#582 = DIRECTION ( 'NONE',  ( -1.000000000000000000, 0.000000000000000000, 0.000000000000000000 ) ) ;
#583 = CIRCLE ( 'NONE', #3892, 8.250000000000000000 ) ;
#584 = ORIENTED_EDGE ( 'NONE', *, *, #524, .T. ) ;
#585 = CIRCLE ( 'NONE', #3724, 19.06149999999999523 ) ;
#586 = CARTESIAN_POINT ( 'NONE',  ( 0.000000000000000000, -1.188772901057338460, -19.34466835634188797 ) ) ;
#587 = DIRECTION ( 'NONE',  ( 0.000000000000000000, 0.9898214418809322401, 0.1423148382732886130 ) ) ;
#588 = DIRECTION ( 'NONE',  ( 0.000000000000000000, -0.4582265217274175129, 0.8888354486549197020 ) ) ;
#589 = EDGE_CURVE ( 'NONE', #4269, #1694, #4436, .T. ) ;
#590 = EDGE_CURVE ( 'NONE', #1003, #577, #874, .T. ) ;
#591 = ORIENTED_EDGE ( 'NONE', *, *, #3680, .F. ) ;
#592 = VERTEX_POINT ( 'NONE', #1023 ) ;
#593 = ORIENTED_EDGE ( 'NONE', *, *, #953, .F. ) ;
#594 = DIRECTION ( 'NONE',  ( -1.000000000000000000, -0.000000000000000000, -0.000000000000000000 ) ) ;
#595 = EDGE_LOOP ( 'NONE', ( #2769, #2234, #2005, #1126 ) ) ;
#596 = DIRECTION ( 'NONE',  ( -1.000000000000000000, -0.000000000000000000, -0.000000000000000000 ) ) ;
#597 = CARTESIAN_POINT ( 'NONE',  ( 0.000000000000000000, -20.44538137465297467, -7.778303506870457795 ) ) ;
#598 = EDGE_CURVE ( 'NONE', #3683, #848, #1276, .T. ) ;
#599 = ORIENTED_EDGE ( 'NONE', *, *, #1939, .F. ) ;
#600 = CARTESIAN_POINT ( 'NONE',  ( 10.00000000000000000, 19.31694754834044048, -1.576360441589381045 ) ) ;
#601 = DIRECTION ( 'NONE',  ( -1.000000000000000000, -0.000000000000000000, -0.000000000000000000 ) ) ;
#602 = DIRECTION ( 'NONE',  ( 0.000000000000000000, 0.000000000000000000, 1.000000000000000000 ) ) ;
#603 = ORIENTED_EDGE ( 'NONE', *, *, #4502, .F. ) ;
#604 = ORIENTED_EDGE ( 'NONE', *, *, #2814, .T. ) ;
#605 = CARTESIAN_POINT ( 'NONE',  ( 4.999999999999999112, -12.37922667888043549, -18.03525358382561450 ) ) ;
#606 = CARTESIAN_POINT ( 'NONE',  ( 0.000000000000000000, -18.97858750202507849, -3.929706255577019469 ) ) ;
#607 = ORIENTED_EDGE ( 'NONE', *, *, #4094, .F. ) ;
#608 = DIRECTION ( 'NONE',  ( -1.000000000000000000, 0.000000000000000000, 0.000000000000000000 ) ) ;
#609 = CARTESIAN_POINT ( 'NONE',  ( 5.000000000000000000, -18.60385308056401854, -11.50705329599149529 ) ) ;
#610 = CIRCLE ( 'NONE', #4618, 8.250000000000000000 ) ;
#611 = CARTESIAN_POINT ( 'NONE',  ( 10.00000000000000000, -2.146273420798048281, 18.94028227490750993 ) ) ;
#612 = CIRCLE ( 'NONE', #4867, 8.250000000000000000 ) ;
#613 = ORIENTED_EDGE ( 'NONE', *, *, #1822, .T. ) ;
#614 = DIRECTION ( 'NONE',  ( -1.000000000000000000, 0.000000000000000000, 0.000000000000000000 ) ) ;
#615 = VERTEX_POINT ( 'NONE', #2521 ) ;
#616 = EDGE_CURVE ( 'NONE', #1808, #2802, #4748, .T. ) ;
#617 = EDGE_CURVE ( 'NONE', #336, #3420, #3962, .T. ) ;
#618 = AXIS2_PLACEMENT_3D ( 'NONE', #4811, #342, #1435 ) ;
#619 = DIRECTION ( 'NONE',  ( 0.000000000000000000, 0.000000000000000000, 1.000000000000000000 ) ) ;
#620 = VECTOR ( 'NONE', #4122, 1000.000000000000000 ) ;
#621 = AXIS2_PLACEMENT_3D ( 'NONE', #451, #3813, #821 ) ;
#622 = ORIENTED_EDGE ( 'NONE', *, *, #4453, .F. ) ;
#623 = DIRECTION ( 'NONE',  ( 1.000000000000000000, 0.000000000000000000, 0.000000000000000000 ) ) ;
#624 = EDGE_CURVE ( 'NONE', #390, #746, #1823, .T. ) ;
#625 = LINE ( 'NONE', #2131, #3852 ) ;
#626 = DIRECTION ( 'NONE',  ( 0.000000000000000000, -0.9898214418809341275, 0.1423148382732755401 ) ) ;
#627 = ORIENTED_EDGE ( 'NONE', *, *, #2991, .T. ) ;
#628 = ORIENTED_EDGE ( 'NONE', *, *, #3382, .F. ) ;
#629 = VECTOR ( 'NONE', #295, 1000.000000000000000 ) ;
#630 = CARTESIAN_POINT ( 'NONE',  ( 0.000000000000000000, 0.000000000000000000, 0.000000000000000000 ) ) ;
#631 = LINE ( 'NONE', #2894, #1052 ) ;
#632 = EDGE_LOOP ( 'NONE', ( #174, #1960, #2486, #3224 ) ) ;
#633 = CARTESIAN_POINT ( 'NONE',  ( 10.00000000000000000, -1.188772901057610687, 19.34466835634187731 ) ) ;
#634 = CIRCLE ( 'NONE', #2204, 8.250000000000001776 ) ;
#635 = ORIENTED_EDGE ( 'NONE', *, *, #4363, .F. ) ;
#636 = EDGE_LOOP ( 'NONE', ( #580, #198, #553, #1072 ) ) ;
#637 = VERTEX_POINT ( 'NONE', #239 ) ;
#638 = DIRECTION ( 'NONE',  ( -1.000000000000000000, 0.000000000000000000, 0.000000000000000000 ) ) ;
#639 = ORIENTED_EDGE ( 'NONE', *, *, #3213, .T. ) ;
#640 = AXIS2_PLACEMENT_3D ( 'NONE', #1273, #2478, #1328 ) ;
#641 = CARTESIAN_POINT ( 'NONE',  ( 10.00000000000000000, 18.60055953293724329, 4.166529408471451923 ) ) ;
#642 = ORIENTED_EDGE ( 'NONE', *, *, #1164, .T. ) ;
#643 = EDGE_CURVE ( 'NONE', #214, #2401, #4579, .T. ) ;
#644 = CIRCLE ( 'NONE', #878, 21.87500000000000000 ) ;
#645 = ORIENTED_EDGE ( 'NONE', *, *, #341, .T. ) ;
#646 = DIRECTION ( 'NONE',  ( -1.000000000000000000, -0.000000000000000000, 0.000000000000000000 ) ) ;
#647 = LINE ( 'NONE', #2819, #4486 ) ;
#648 = CARTESIAN_POINT ( 'NONE',  ( 10.00000000000000000, 0.000000000000000000, 0.000000000000000000 ) ) ;
#649 = ADVANCED_FACE ( 'NONE', ( #1746 ), #1831, .T. ) ;
#650 = EDGE_CURVE ( 'NONE', #2329, #1304, #2599, .T. ) ;
#651 = VERTEX_POINT ( 'NONE', #717 ) ;
#652 = FACE_OUTER_BOUND ( 'NONE', #4787, .T. ) ;
#653 = FACE_OUTER_BOUND ( 'NONE', #551, .T. ) ;
#654 = FACE_OUTER_BOUND ( 'NONE', #1031, .T. ) ;
#655 = EDGE_CURVE ( 'NONE', #2827, #3321, #329, .T. ) ;
#656 = ORIENTED_EDGE ( 'NONE', *, *, #1468, .F. ) ;
#657 = DIRECTION ( 'NONE',  ( -1.000000000000000000, 0.000000000000000000, -0.000000000000000000 ) ) ;
#658 = AXIS2_PLACEMENT_3D ( 'NONE', #2546, #3660, #2199 ) ;
#659 = CIRCLE ( 'NONE', #3406, 21.87500000000000000 ) ;
#660 = VERTEX_POINT ( 'NONE', #692 ) ;
#661 = ORIENTED_EDGE ( 'NONE', *, *, #4000, .F. ) ;
#662 = FACE_OUTER_BOUND ( 'NONE', #3587, .T. ) ;
#663 = ORIENTED_EDGE ( 'NONE', *, *, #3715, .F. ) ;
#664 = LINE ( 'NONE', #4118, #1346 ) ;
#665 = ORIENTED_EDGE ( 'NONE', *, *, #4149, .F. ) ;
#666 = CARTESIAN_POINT ( 'NONE',  ( 10.00000000000000000, 0.000000000000000000, 0.000000000000000000 ) ) ;
#667 = DIRECTION ( 'NONE',  ( -1.000000000000000000, -0.000000000000000000, -0.000000000000000000 ) ) ;
#668 = DIRECTION ( 'NONE',  ( -0.000000000000000000, 0.000000000000000000, 1.000000000000000000 ) ) ;
#669 = ORIENTED_EDGE ( 'NONE', *, *, #2232, .F. ) ;
#670 = CARTESIAN_POINT ( 'NONE',  ( 10.00000000000000000, 0.000000000000000000, 0.000000000000000000 ) ) ;
#671 = LINE ( 'NONE', #2198, #4168 ) ;
#672 = CYLINDRICAL_SURFACE ( 'NONE', #2778, 21.87500000000000000 ) ;
#673 = EDGE_CURVE ( 'NONE', #4551, #2642, #2681, .T. ) ;
#674 = EDGE_CURVE ( 'NONE', #1744, #3564, #3472, .T. ) ;
#675 = VECTOR ( 'NONE', #520, 1000.000000000000000 ) ;
#676 = ORIENTED_EDGE ( 'NONE', *, *, #438, .T. ) ;
#677 = DIRECTION ( 'NONE',  ( 0.000000000000000000, 0.8660254037844363761, 0.5000000000000041078 ) ) ;
#678 = DIRECTION ( 'NONE',  ( -1.000000000000000000, 0.000000000000000000, 0.000000000000000000 ) ) ;
#679 = ADVANCED_FACE ( 'NONE', ( #652 ), #2876, .T. ) ;
#680 = ORIENTED_EDGE ( 'NONE', *, *, #1588, .F. ) ;
#681 = VERTEX_POINT ( 'NONE', #4845 ) ;
#682 = VERTEX_POINT ( 'NONE', #4385 ) ;
#683 = CARTESIAN_POINT ( 'NONE',  ( -10.00000000000000000, 0.000000000000000000, 0.000000000000000000 ) ) ;
#684 = DIRECTION ( 'NONE',  ( -1.000000000000000000, 0.000000000000000000, 0.000000000000000000 ) ) ;
#685 = ORIENTED_EDGE ( 'NONE', *, *, #3182, .F. ) ;
#686 = CARTESIAN_POINT ( 'NONE',  ( 10.00000000000000000, -18.44205095620974788, 4.819910660848693240 ) ) ;
#687 = CARTESIAN_POINT ( 'NONE',  ( 5.000000000000000000, 21.80860110672752583, 1.703097991203922579 ) ) ;
#688 = LINE ( 'NONE', #1372, #1210 ) ;
#689 = AXIS2_PLACEMENT_3D ( 'NONE', #4685, #2750, #4740 ) ;
#690 = AXIS2_PLACEMENT_3D ( 'NONE', #4402, #1762, #3960 ) ;
#691 = EDGE_LOOP ( 'NONE', ( #1605, #2620, #3428, #3807 ) ) ;
#692 = CARTESIAN_POINT ( 'NONE',  ( 0.000000000000000000, 17.47590231531711780, -7.611413831575158717 ) ) ;
#693 = CARTESIAN_POINT ( 'NONE',  ( 10.00000000000000000, 0.000000000000000000, 0.000000000000000000 ) ) ;
#694 = CIRCLE ( 'NONE', #1730, 21.87500000000000000 ) ;
#695 = CIRCLE ( 'NONE', #4412, 3.000000000000000444 ) ;
#696 = DIRECTION ( 'NONE',  ( -1.000000000000000000, -0.000000000000000000, -0.000000000000000000 ) ) ;
#697 = EDGE_CURVE ( 'NONE', #2488, #1696, #3076, .T. ) ;
#698 = ADVANCED_FACE ( 'NONE', ( #4079 ), #4435, .T. ) ;
#699 = EDGE_LOOP ( 'NONE', ( #46, #2528, #4143, #3910 ) ) ;
#700 = DIRECTION ( 'NONE',  ( -1.000000000000000000, 0.000000000000000000, -0.000000000000000000 ) ) ;
#701 = CARTESIAN_POINT ( 'NONE',  ( 10.00000000000000000, 3.022217678304215394, -19.14407415186456518 ) ) ;
#702 = EDGE_CURVE ( 'NONE', #1219, #487, #1466, .T. ) ;
#703 = EDGE_CURVE ( 'NONE', #45, #2153, #957, .T. ) ;
#704 = ORIENTED_EDGE ( 'NONE', *, *, #2451, .T. ) ;
#705 = ORIENTED_EDGE ( 'NONE', *, *, #643, .F. ) ;
#706 = DIRECTION ( 'NONE',  ( 0.000000000000000000, -0.4582265217274174018, 0.8888354486549198130 ) ) ;
#707 = CARTESIAN_POINT ( 'NONE',  ( 10.00000000000000000, 0.000000000000000000, 0.000000000000000000 ) ) ;
#708 = AXIS2_PLACEMENT_3D ( 'NONE', #633, #1773, #677 ) ;
#709 = ORIENTED_EDGE ( 'NONE', *, *, #1883, .T. ) ;
#710 = ORIENTED_EDGE ( 'NONE', *, *, #4459, .T. ) ;
#711 = CARTESIAN_POINT ( 'NONE',  ( 0.000000000000000000, 7.395428419319275193, 17.56839266252677945 ) ) ;
#712 = CARTESIAN_POINT ( 'NONE',  ( 5.000000000000000000, 11.26292709241964651, -18.75265576687311508 ) ) ;
#713 = DIRECTION ( 'NONE',  ( -1.000000000000000000, -0.000000000000000000, -0.000000000000000000 ) ) ;
#714 = AXIS2_PLACEMENT_3D ( 'NONE', #3968, #4648, #2031 ) ;
#715 = AXIS2_PLACEMENT_3D ( 'NONE', #1957, #2373, #86 ) ;
#716 = VERTEX_POINT ( 'NONE', #1765 ) ;
#717 = CARTESIAN_POINT ( 'NONE',  ( 10.00000000000000000, -18.60385308056417841, 11.50705329599123772 ) ) ;
#718 = AXIS2_PLACEMENT_3D ( 'NONE', #1377, #1809, #2958 ) ;
#719 = CYLINDRICAL_SURFACE ( 'NONE', #3131, 8.250000000000000000 ) ;
#720 = DIRECTION ( 'NONE',  ( 0.000000000000000000, 0.000000000000000000, 1.000000000000000000 ) ) ;
#721 = EDGE_LOOP ( 'NONE', ( #67, #1271, #4848, #1748 ) ) ;
#722 = CYLINDRICAL_SURFACE ( 'NONE', #4658, 19.06149999999999523 ) ;
#723 = CARTESIAN_POINT ( 'NONE',  ( 10.00000000000000000, -0.6634739367479781658, 21.86493602403757919 ) ) ;
#724 = ORIENTED_EDGE ( 'NONE', *, *, #2975, .T. ) ;
#725 = AXIS2_PLACEMENT_3D ( 'NONE', #403, #4590, #766 ) ;
#726 = ORIENTED_EDGE ( 'NONE', *, *, #3382, .T. ) ;
#727 = CARTESIAN_POINT ( 'NONE',  ( 10.00000000000000000, 14.03753242765952258, -16.77686825192375863 ) ) ;
#728 = VERTEX_POINT ( 'NONE', #4801 ) ;
#729 = DIRECTION ( 'NONE',  ( 0.000000000000000000, -0.9718115683235393210, -0.2357589355094368011 ) ) ;
#730 = EDGE_CURVE ( 'NONE', #3867, #1576, #1753, .T. ) ;
#731 = AXIS2_PLACEMENT_3D ( 'NONE', #3443, #1181, #50 ) ;
#732 = EDGE_CURVE ( 'NONE', #2480, #4132, #3081, .T. ) ;
#733 = CIRCLE ( 'NONE', #272, 8.250000000000000000 ) ;
#734 = ORIENTED_EDGE ( 'NONE', *, *, #3233, .T. ) ;
#735 = ORIENTED_EDGE ( 'NONE', *, *, #974, .T. ) ;
#736 = LINE ( 'NONE', #783, #2504 ) ;
#737 = CYLINDRICAL_SURFACE ( 'NONE', #2045, 8.250000000000000000 ) ;
#738 = CARTESIAN_POINT ( 'NONE',  ( 10.00000000000000000, 15.39820557081045393, 11.76964910378408646 ) ) ;
#739 = EDGE_CURVE ( 'NONE', #1892, #221, #3709, .T. ) ;
#740 = ORIENTED_EDGE ( 'NONE', *, *, #1317, .F. ) ;
#741 = LINE ( 'NONE', #375, #4847 ) ;
#742 = CARTESIAN_POINT ( 'NONE',  ( -10.00000000000000000, 0.000000000000000000, 0.000000000000000000 ) ) ;
#743 = DIRECTION ( 'NONE',  ( 0.000000000000000000, 0.000000000000000000, -1.000000000000000000 ) ) ;
#744 = EDGE_LOOP ( 'NONE', ( #3643, #2247, #2529, #3825 ) ) ;
#745 = VERTEX_POINT ( 'NONE', #3424 ) ;
#746 = VERTEX_POINT ( 'NONE', #4588 ) ;
#747 = DIRECTION ( 'NONE',  ( -1.000000000000000000, 0.000000000000000000, -0.000000000000000000 ) ) ;
#748 = CARTESIAN_POINT ( 'NONE',  ( 5.000000000000000000, 3.486482252031177786, 21.59537141394589810 ) ) ;
#749 = AXIS2_PLACEMENT_3D ( 'NONE', #3694, #2184, #4789 ) ;
#750 = DIRECTION ( 'NONE',  ( 0.000000000000000000, 0.000000000000000000, 1.000000000000000000 ) ) ;
#751 = ORIENTED_EDGE ( 'NONE', *, *, #1530, .F. ) ;
#752 = ORIENTED_EDGE ( 'NONE', *, *, #4119, .T. ) ;
#753 = DIRECTION ( 'NONE',  ( 0.000000000000000000, 0.9988673391830080739, -0.04758191582373905160 ) ) ;
#754 = DIRECTION ( 'NONE',  ( -1.000000000000000000, 0.000000000000000000, -0.000000000000000000 ) ) ;
#755 = ADVANCED_FACE ( 'NONE', ( #2267 ), #813, .T. ) ;
#756 = EDGE_CURVE ( 'NONE', #2257, #1302, #3640, .T. ) ;
#757 = DIRECTION ( 'NONE',  ( -1.000000000000000000, -0.000000000000000000, 0.000000000000000000 ) ) ;
#758 = ORIENTED_EDGE ( 'NONE', *, *, #1707, .F. ) ;
#759 = DIRECTION ( 'NONE',  ( 0.000000000000000000, 0.1892512443604107419, -0.9819286972627064847 ) ) ;
#760 = DIRECTION ( 'NONE',  ( -1.000000000000000000, 0.000000000000000000, 0.000000000000000000 ) ) ;
#761 = DIRECTION ( 'NONE',  ( -1.000000000000000000, 0.000000000000000000, 0.000000000000000000 ) ) ;
#762 = EDGE_CURVE ( 'NONE', #958, #1358, #644, .T. ) ;
#763 = EDGE_LOOP ( 'NONE', ( #1469, #4219, #4586, #584 ) ) ;
#764 = FACE_OUTER_BOUND ( 'NONE', #3958, .T. ) ;
#765 = DIRECTION ( 'NONE',  ( -1.000000000000000000, -0.000000000000000000, 0.000000000000000000 ) ) ;
#766 = DIRECTION ( 'NONE',  ( 0.000000000000000000, 0.000000000000000000, 1.000000000000000000 ) ) ;
#767 = VECTOR ( 'NONE', #1527, 1000.000000000000000 ) ;
#768 = VECTOR ( 'NONE', #516, 1000.000000000000000 ) ;
#769 = ORIENTED_EDGE ( 'NONE', *, *, #1388, .T. ) ;
#770 = ORIENTED_EDGE ( 'NONE', *, *, #4557, .F. ) ;
#771 = CIRCLE ( 'NONE', #3684, 19.06149999999999523 ) ;
#772 = AXIS2_PLACEMENT_3D ( 'NONE', #4462, #223, #1496 ) ;
#773 = LINE ( 'NONE', #3087, #478 ) ;
#774 = CYLINDRICAL_SURFACE ( 'NONE', #621, 8.250000000000000000 ) ;
#775 = CIRCLE ( 'NONE', #2575, 8.250000000000000000 ) ;
#776 = CARTESIAN_POINT ( 'NONE',  ( 0.000000000000000000, -12.90860007981990698, 14.02529237589267730 ) ) ;
#777 = VERTEX_POINT ( 'NONE', #2660 ) ;
#778 = ORIENTED_EDGE ( 'NONE', *, *, #314, .F. ) ;
#779 = CARTESIAN_POINT ( 'NONE',  ( 0.000000000000000000, -14.20970502886583553, -13.18004771690028853 ) ) ;
#780 = CYLINDRICAL_SURFACE ( 'NONE', #3523, 19.06149999999999523 ) ;
#781 = CARTESIAN_POINT ( 'NONE',  ( 0.000000000000000000, 17.10269516630167885, -9.117411522779079291 ) ) ;
#782 = ORIENTED_EDGE ( 'NONE', *, *, #1376, .F. ) ;
#783 = CARTESIAN_POINT ( 'NONE',  ( 10.00000000000000000, -12.90860007981972224, -14.02529237589284783 ) ) ;
#784 = CARTESIAN_POINT ( 'NONE',  ( 10.00000000000000000, -7.807616600036624277, 17.73895424916520014 ) ) ;
#785 = DIRECTION ( 'NONE',  ( -1.000000000000000000, 0.000000000000000000, 0.000000000000000000 ) ) ;
#786 = VECTOR ( 'NONE', #1332, 1000.000000000000000 ) ;
#787 = FACE_OUTER_BOUND ( 'NONE', #1299, .T. ) ;
#788 = DIRECTION ( 'NONE',  ( -1.000000000000000000, 0.000000000000000000, 0.000000000000000000 ) ) ;
#789 = CARTESIAN_POINT ( 'NONE',  ( 0.000000000000000000, 2.493712332100717965, -19.22006174890893604 ) ) ;
#790 = AXIS2_PLACEMENT_3D ( 'NONE', #4134, #747, #3758 ) ;
#791 = ORIENTED_EDGE ( 'NONE', *, *, #4837, .F. ) ;
#792 = EDGE_CURVE ( 'NONE', #4755, #24, #1901, .T. ) ;
#793 = ADVANCED_FACE ( 'NONE', ( #2682 ), #1539, .T. ) ;
#794 = ORIENTED_EDGE ( 'NONE', *, *, #1124, .T. ) ;
#795 = AXIS2_PLACEMENT_3D ( 'NONE', #2707, #4199, #1213 ) ;
#796 = EDGE_LOOP ( 'NONE', ( #1671, #2229, #1110, #2266 ) ) ;
#797 = CARTESIAN_POINT ( 'NONE',  ( 5.000000000000000000, 14.60835476616762918, -16.28224788000070333 ) ) ;
#798 = LINE ( 'NONE', #3063, #1819 ) ;
#799 = ADVANCED_FACE ( 'NONE', ( #764 ), #2243, .T. ) ;
#800 = CARTESIAN_POINT ( 'NONE',  ( 0.000000000000000000, -14.62362239917195161, -12.22662873307422338 ) ) ;
#801 = VERTEX_POINT ( 'NONE', #3824 ) ;
#802 = VERTEX_POINT ( 'NONE', #3780 ) ;
#803 = CARTESIAN_POINT ( 'NONE',  ( 0.000000000000000000, -17.89191790291102890, 7.450412645124791844 ) ) ;
#804 = DIRECTION ( 'NONE',  ( 0.000000000000000000, 0.000000000000000000, 1.000000000000000000 ) ) ;
#805 = VECTOR ( 'NONE', #2339, 1000.000000000000000 ) ;
#806 = CARTESIAN_POINT ( 'NONE',  ( 4.999999999999999112, -21.40501767787982601, 4.510082394995914790 ) ) ;
#807 = EDGE_LOOP ( 'NONE', ( #321, #2053, #1964, #3010 ) ) ;
#808 = CARTESIAN_POINT ( 'NONE',  ( 0.000000000000000000, -21.40501767787976561, -4.510082394996208777 ) ) ;
#809 = DIRECTION ( 'NONE',  ( 0.000000000000000000, -0.9096319953545138892, -0.4154150130018964826 ) ) ;
#810 = DIRECTION ( 'NONE',  ( -1.000000000000000000, 0.000000000000000000, -0.000000000000000000 ) ) ;
#811 = AXIS2_PLACEMENT_3D ( 'NONE', #586, #111, #95 ) ;
#812 = AXIS2_PLACEMENT_3D ( 'NONE', #4151, #785, #2604 ) ;
#813 = CYLINDRICAL_SURFACE ( 'NONE', #2370, 21.87500000000000000 ) ;
#814 = FACE_OUTER_BOUND ( 'NONE', #1145, .T. ) ;
#815 = FACE_OUTER_BOUND ( 'NONE', #2807, .T. ) ;
#816 = ORIENTED_EDGE ( 'NONE', *, *, #3503, .F. ) ;
#817 = VERTEX_POINT ( 'NONE', #32 ) ;
#818 = EDGE_CURVE ( 'NONE', #4384, #745, #3556, .T. ) ;
#819 = CARTESIAN_POINT ( 'NONE',  ( 10.00000000000000000, 19.31694754834044048, 6.673639558410619621 ) ) ;
#820 = EDGE_CURVE ( 'NONE', #572, #651, #257, .T. ) ;
#821 = DIRECTION ( 'NONE',  ( 0.000000000000000000, 0.000000000000000000, 1.000000000000000000 ) ) ;
#822 = DIRECTION ( 'NONE',  ( -1.000000000000000000, 0.000000000000000000, -0.000000000000000000 ) ) ;
#823 = VERTEX_POINT ( 'NONE', #1945 ) ;
#824 = LINE ( 'NONE', #4416, #875 ) ;
#825 = EDGE_CURVE ( 'NONE', #2040, #2642, #194, .T. ) ;
#826 = LINE ( 'NONE', #1179, #3199 ) ;
#827 = CARTESIAN_POINT ( 'NONE',  ( 10.00000000000000000, -19.07963632779114249, -3.405415162116950167 ) ) ;
#828 = EDGE_LOOP ( 'NONE', ( #2587, #1330, #4146, #2543 ) ) ;
#829 = CYLINDRICAL_SURFACE ( 'NONE', #1134, 8.250000000000000000 ) ;
#830 = CARTESIAN_POINT ( 'NONE',  ( 10.00000000000000000, 9.920863589757093592, 16.64949970601445628 ) ) ;
#831 = FACE_OUTER_BOUND ( 'NONE', #136, .T. ) ;
#832 = CARTESIAN_POINT ( 'NONE',  ( 10.00000000000000000, -21.40501767787976561, -4.510082394996208777 ) ) ;
#833 = AXIS2_PLACEMENT_3D ( 'NONE', #1843, #4052, #247 ) ;
#834 = DIRECTION ( 'NONE',  ( -1.000000000000000000, 0.000000000000000000, -0.000000000000000000 ) ) ;
#835 = CARTESIAN_POINT ( 'NONE',  ( 5.000000000000000000, -8.742323742818536303, 20.05211710956604065 ) ) ;
#836 = LINE ( 'NONE', #3858, #4587 ) ;
#837 = PRESENTATION_LAYER_ASSIGNMENT (  '', '', ( #2568 ) ) ;
#838 = ORIENTED_EDGE ( 'NONE', *, *, #4390, .T. ) ;
#839 = DIRECTION ( 'NONE',  ( 0.000000000000000000, 0.000000000000000000, -1.000000000000000000 ) ) ;
#840 = VECTOR ( 'NONE', #2535, 1000.000000000000000 ) ;
#841 = DIRECTION ( 'NONE',  ( -1.000000000000000000, -0.000000000000000000, -0.000000000000000000 ) ) ;
#842 = EDGE_LOOP ( 'NONE', ( #4009, #752, #1135, #4868 ) ) ;
#843 = EDGE_CURVE ( 'NONE', #4855, #1797, #3902, .T. ) ;
#844 = ADVANCED_FACE ( 'NONE', ( #3007 ), #4497, .T. ) ;
#845 = CIRCLE ( 'NONE', #305, 19.06149999999999523 ) ;
#846 = AXIS2_PLACEMENT_3D ( 'NONE', #3178, #2049, #3547 ) ;
#847 = LINE ( 'NONE', #1522, #267 ) ;
#848 = VERTEX_POINT ( 'NONE', #4521 ) ;
#849 = ORIENTED_EDGE ( 'NONE', *, *, #3183, .T. ) ;
#850 = DIRECTION ( 'NONE',  ( 0.000000000000000000, 0.000000000000000000, 1.000000000000000000 ) ) ;
#851 = DIRECTION ( 'NONE',  ( 0.000000000000000000, 0.000000000000000000, 1.000000000000000000 ) ) ;
#852 = CIRCLE ( 'NONE', #460, 8.250000000000000000 ) ;
#853 = AXIS2_PLACEMENT_3D ( 'NONE', #1814, #4089, #4506 ) ;
#854 = ADVANCED_FACE ( 'NONE', ( #787 ), #3804, .T. ) ;
#855 = EDGE_CURVE ( 'NONE', #2800, #4755, #741, .T. ) ;
#856 = PRODUCT ( '33T zawor 400bar', '33T zawor 400bar', '', ( #4485 ) ) ;
#857 = VECTOR ( 'NONE', #2515, 1000.000000000000000 ) ;
#858 = CIRCLE ( 'NONE', #1096, 8.250000000000000000 ) ;
#859 = ORIENTED_EDGE ( 'NONE', *, *, #3404, .F. ) ;
#860 = CARTESIAN_POINT ( 'NONE',  ( 10.00000000000000000, 19.31694754834044048, -1.576360441589381045 ) ) ;
#861 = ORIENTED_EDGE ( 'NONE', *, *, #2091, .F. ) ;
#862 = CARTESIAN_POINT ( 'NONE',  ( 0.000000000000000000, -4.789450448788580061, 21.34424487768538370 ) ) ;
#863 = FACE_OUTER_BOUND ( 'NONE', #828, .T. ) ;
#864 = DIRECTION ( 'NONE',  ( 0.000000000000000000, 0.6900790114821132581, -0.7237340381050690885 ) ) ;
#865 = EDGE_CURVE ( 'NONE', #2632, #3021, #2008, .T. ) ;
#866 = DIRECTION ( 'NONE',  ( 0.000000000000000000, 0.000000000000000000, 1.000000000000000000 ) ) ;
#867 = CARTESIAN_POINT ( 'NONE',  ( 0.000000000000000000, 19.05294406575194799, -0.5710557567588547823 ) ) ;
#868 = LINE ( 'NONE', #2446, #1049 ) ;
#869 = VECTOR ( 'NONE', #925, 1000.000000000000000 ) ;
#870 = PRODUCT_RELATED_PRODUCT_CATEGORY ( 'part', '', ( #856 ) ) ;
#871 = ORIENTED_EDGE ( 'NONE', *, *, #589, .T. ) ;
#872 = VERTEX_POINT ( 'NONE', #3209 ) ;
#873 = VERTEX_POINT ( 'NONE', #4276 ) ;
#874 = LINE ( 'NONE', #504, #2527 ) ;
#875 = VECTOR ( 'NONE', #700, 1000.000000000000000 ) ;
#876 = DIRECTION ( 'NONE',  ( -1.000000000000000000, 0.000000000000000000, 0.000000000000000000 ) ) ;
#877 = VERTEX_POINT ( 'NONE', #1319 ) ;
#878 = AXIS2_PLACEMENT_3D ( 'NONE', #1486, #2314, #1142 ) ;
#879 = DIRECTION ( 'NONE',  ( 0.000000000000000000, 0.5406408174555985546, -0.8412535328311805394 ) ) ;
#880 = ORIENTED_EDGE ( 'NONE', *, *, #2751, .F. ) ;
#881 = DIRECTION ( 'NONE',  ( 0.000000000000000000, 0.000000000000000000, 1.000000000000000000 ) ) ;
#882 = DIRECTION ( 'NONE',  ( -1.000000000000000000, -0.000000000000000000, -0.000000000000000000 ) ) ;
#883 = DIRECTION ( 'NONE',  ( 0.000000000000000000, 0.7557495743542550493, 0.6548607339452886533 ) ) ;
#884 = ORIENTED_EDGE ( 'NONE', *, *, #4813, .F. ) ;
#885 = CARTESIAN_POINT ( 'NONE',  ( 10.00000000000000000, -13.84124418184874550, -13.56647833174040585 ) ) ;
#886 = EDGE_LOOP ( 'NONE', ( #3303, #3748, #2619, #4041 ) ) ;
#887 = ADVANCED_FACE ( 'NONE', ( #1973 ), #2393, .F. ) ;
#888 = CYLINDRICAL_SURFACE ( 'NONE', #1570, 19.06149999999999523 ) ;
#889 = ADVANCED_FACE ( 'NONE', ( #1690 ), #3553, .T. ) ;
#890 = DIRECTION ( 'NONE',  ( 0.000000000000000000, 0.000000000000000000, 1.000000000000000000 ) ) ;
#891 = DIRECTION ( 'NONE',  ( -1.000000000000000000, 0.000000000000000000, -0.000000000000000000 ) ) ;
#892 = AXIS2_PLACEMENT_3D ( 'NONE', #82, #2270, #1906 ) ;
#893 = CARTESIAN_POINT ( 'NONE',  ( 0.000000000000000000, -14.20970502886601672, 13.18004771690009491 ) ) ;
#894 = EDGE_CURVE ( 'NONE', #2782, #2488, #2367, .T. ) ;
#895 = DIRECTION ( 'NONE',  ( -1.000000000000000000, 0.000000000000000000, -0.000000000000000000 ) ) ;
#896 = DIRECTION ( 'NONE',  ( -1.000000000000000000, 0.000000000000000000, 0.000000000000000000 ) ) ;
#897 = AXIS2_PLACEMENT_3D ( 'NONE', #1598, #3037, #433 ) ;
#898 = ORIENTED_EDGE ( 'NONE', *, *, #3171, .T. ) ;
#899 = CIRCLE ( 'NONE', #3409, 8.250000000000000000 ) ;
#900 = DIRECTION ( 'NONE',  ( -1.000000000000000000, -0.000000000000000000, -0.000000000000000000 ) ) ;
#901 = CARTESIAN_POINT ( 'NONE',  ( 0.000000000000000000, 0.000000000000000000, 0.000000000000000000 ) ) ;
#902 = CARTESIAN_POINT ( 'NONE',  ( 0.000000000000000000, 18.51910866035968439, -5.715941676831082674 ) ) ;
#903 = ORIENTED_EDGE ( 'NONE', *, *, #4539, .F. ) ;
#904 = CARTESIAN_POINT ( 'NONE',  ( 0.000000000000000000, 0.000000000000000000, 0.000000000000000000 ) ) ;
#905 = CARTESIAN_POINT ( 'NONE',  ( 10.00000000000000000, 18.51910866035960623, 5.715941676831329588 ) ) ;
#906 = DIRECTION ( 'NONE',  ( -1.000000000000000000, 0.000000000000000000, 0.000000000000000000 ) ) ;
#907 = VERTEX_POINT ( 'NONE', #2077 ) ;
#908 = FACE_OUTER_BOUND ( 'NONE', #552, .T. ) ;
#909 = CARTESIAN_POINT ( 'NONE',  ( 10.00000000000000000, 2.738863980935598796, 21.70286269352348896 ) ) ;
#910 = CARTESIAN_POINT ( 'NONE',  ( 0.000000000000000000, -18.44205095620974788, 4.819910660848693240 ) ) ;
#911 = DIRECTION ( 'NONE',  ( -1.000000000000000000, 0.000000000000000000, 0.000000000000000000 ) ) ;
#912 = EDGE_CURVE ( 'NONE', #1369, #2422, #4858, .T. ) ;
#913 = ADVANCED_FACE ( 'NONE', ( #4639 ), #2818, .T. ) ;
#914 = AXIS2_PLACEMENT_3D ( 'NONE', #3765, #2231, #3067 ) ;
#915 = DIRECTION ( 'NONE',  ( 0.000000000000000000, 0.000000000000000000, -1.000000000000000000 ) ) ;
#916 = CARTESIAN_POINT ( 'NONE',  ( 10.00000000000000000, 18.66953696610257296, 5.203629915594786937 ) ) ;
#917 = CARTESIAN_POINT ( 'NONE',  ( 10.00000000000000000, -18.97858750202512823, 3.929706255576767227 ) ) ;
#918 = EDGE_CURVE ( 'NONE', #1003, #944, #2106, .T. ) ;
#919 = ORIENTED_EDGE ( 'NONE', *, *, #1001, .F. ) ;
#920 = ORIENTED_EDGE ( 'NONE', *, *, #2128, .F. ) ;
#921 = ORIENTED_EDGE ( 'NONE', *, *, #2908, .T. ) ;
#922 = DIRECTION ( 'NONE',  ( 0.000000000000000000, 0.9096319953545193293, -0.4154150130018841036 ) ) ;
#923 = DIRECTION ( 'NONE',  ( -1.000000000000000000, -0.000000000000000000, -0.000000000000000000 ) ) ;
#924 = DIRECTION ( 'NONE',  ( 0.000000000000000000, 0.9450008187146671235, 0.3270679633174253254 ) ) ;
#925 = DIRECTION ( 'NONE',  ( -1.000000000000000000, 0.000000000000000000, 0.000000000000000000 ) ) ;
#926 = CARTESIAN_POINT ( 'NONE',  ( 5.000000000000000000, 14.03753242765929343, 16.77686825192394693 ) ) ;
#927 = CARTESIAN_POINT ( 'NONE',  ( 10.00000000000000000, -11.45857671632859187, -15.63107144322346187 ) ) ;
#928 = AXIS2_PLACEMENT_3D ( 'NONE', #1183, #2678, #1158 ) ;
#929 = EDGE_LOOP ( 'NONE', ( #2317, #4308, #2028, #3799 ) ) ;
#930 = CIRCLE ( 'NONE', #4170, 21.87500000000000000 ) ;
#931 = AXIS2_PLACEMENT_3D ( 'NONE', #2226, #3733, #1174 ) ;
#932 = DIRECTION ( 'NONE',  ( -1.000000000000000000, 0.000000000000000000, -0.000000000000000000 ) ) ;
#933 = ORIENTED_EDGE ( 'NONE', *, *, #2883, .T. ) ;
#934 = CARTESIAN_POINT ( 'NONE',  ( 0.000000000000000000, 0.000000000000000000, 0.000000000000000000 ) ) ;
#935 = DIRECTION ( 'NONE',  ( -1.000000000000000000, -0.000000000000000000, 0.000000000000000000 ) ) ;
#936 = DIRECTION ( 'NONE',  ( 0.000000000000000000, 0.000000000000000000, 1.000000000000000000 ) ) ;
#937 = AXIS2_PLACEMENT_3D ( 'NONE', #3, #3699, #1460 ) ;
#938 = ORIENTED_EDGE ( 'NONE', *, *, #762, .T. ) ;
#939 = DIRECTION ( 'NONE',  ( 1.000000000000000000, 0.000000000000000000, 0.000000000000000000 ) ) ;
#940 = DIRECTION ( 'NONE',  ( 0.000000000000000000, 0.000000000000000000, 1.000000000000000000 ) ) ;
#941 = DIRECTION ( 'NONE',  ( 0.000000000000000000, 0.6900790114821132581, -0.7237340381050690885 ) ) ;
#942 = ORIENTED_EDGE ( 'NONE', *, *, #762, .F. ) ;
#943 = VERTEX_POINT ( 'NONE', #149 ) ;
#944 = VERTEX_POINT ( 'NONE', #1293 ) ;
#945 = CARTESIAN_POINT ( 'NONE',  ( 0.000000000000000000, -16.08993306427726466, 14.81990819766024003 ) ) ;
#946 = CARTESIAN_POINT ( 'NONE',  ( 0.000000000000000000, 0.000000000000000000, 0.000000000000000000 ) ) ;
#947 = ADVANCED_FACE ( 'NONE', ( #2444 ), #4303, .T. ) ;
#948 = EDGE_CURVE ( 'NONE', #3736, #3296, #1077, .T. ) ;
#949 = ORIENTED_EDGE ( 'NONE', *, *, #703, .F. ) ;
#950 = AXIS2_PLACEMENT_3D ( 'NONE', #1427, #657, #3359 ) ;
#951 = DIRECTION ( 'NONE',  ( -1.000000000000000000, -0.000000000000000000, -0.000000000000000000 ) ) ;
#952 = DIRECTION ( 'NONE',  ( -1.000000000000000000, 0.000000000000000000, 0.000000000000000000 ) ) ;
#953 = EDGE_CURVE ( 'NONE', #745, #1324, #296, .T. ) ;
#954 = CYLINDRICAL_SURFACE ( 'NONE', #4719, 8.250000000000000000 ) ;
#955 = AXIS2_PLACEMENT_3D ( 'NONE', #4461, #1073, #4087 ) ;
#956 = ORIENTED_EDGE ( 'NONE', *, *, #14, .F. ) ;
#957 = CIRCLE ( 'NONE', #2139, 19.06149999999999878 ) ;
#958 = VERTEX_POINT ( 'NONE', #1348 ) ;
#959 = DIRECTION ( 'NONE',  ( -1.000000000000000000, 0.000000000000000000, 0.000000000000000000 ) ) ;
#960 = DIRECTION ( 'NONE',  ( 0.000000000000000000, 0.000000000000000000, 1.000000000000000000 ) ) ;
#961 = DIRECTION ( 'NONE',  ( -1.000000000000000000, -0.000000000000000000, 0.000000000000000000 ) ) ;
#962 = VECTOR ( 'NONE', #3928, 1000.000000000000000 ) ;
#963 = ORIENTED_EDGE ( 'NONE', *, *, #1490, .T. ) ;
#964 = DIRECTION ( 'NONE',  ( -1.000000000000000000, 0.000000000000000000, -0.000000000000000000 ) ) ;
#965 = DIRECTION ( 'NONE',  ( -1.000000000000000000, 0.000000000000000000, -0.000000000000000000 ) ) ;
#966 = CYLINDRICAL_SURFACE ( 'NONE', #1524, 21.87500000000000000 ) ;
#967 = ORIENTED_EDGE ( 'NONE', *, *, #2458, .T. ) ;
#968 = CIRCLE ( 'NONE', #3721, 8.250000000000001776 ) ;
#969 = ORIENTED_EDGE ( 'NONE', *, *, #4178, .T. ) ;
#970 = ORIENTED_EDGE ( 'NONE', *, *, #855, .F. ) ;
#971 = DIRECTION ( 'NONE',  ( -1.000000000000000000, -0.000000000000000000, -0.000000000000000000 ) ) ;
#972 = DIRECTION ( 'NONE',  ( -1.000000000000000000, -0.000000000000000000, -0.000000000000000000 ) ) ;
#973 = ORIENTED_EDGE ( 'NONE', *, *, #492, .T. ) ;
#974 = EDGE_CURVE ( 'NONE', #3414, #2409, #3602, .T. ) ;
#975 = CIRCLE ( 'NONE', #1771, 21.87500000000000000 ) ;
#976 = EDGE_CURVE ( 'NONE', #2957, #1407, #610, .T. ) ;
#977 = DIRECTION ( 'NONE',  ( -1.000000000000000000, 0.000000000000000000, 0.000000000000000000 ) ) ;
#978 = DIRECTION ( 'NONE',  ( -1.000000000000000000, -0.000000000000000000, -0.000000000000000000 ) ) ;
#979 = LINE ( 'NONE', #537, #2340 ) ;
#980 = EDGE_CURVE ( 'NONE', #2825, #2601, #2725, .T. ) ;
#981 = ORIENTED_EDGE ( 'NONE', *, *, #1222, .F. ) ;
#982 = VERTEX_POINT ( 'NONE', #4609 ) ;
#983 = LINE ( 'NONE', #1629, #3730 ) ;
#984 = VERTEX_POINT ( 'NONE', #3155 ) ;
#985 = FACE_OUTER_BOUND ( 'NONE', #3119, .T. ) ;
#986 = ORIENTED_EDGE ( 'NONE', *, *, #3056, .F. ) ;
#987 = DIRECTION ( 'NONE',  ( -1.000000000000000000, 0.000000000000000000, 0.000000000000000000 ) ) ;
#988 = DIRECTION ( 'NONE',  ( -1.000000000000000000, -0.000000000000000000, 0.000000000000000000 ) ) ;
#989 = DIRECTION ( 'NONE',  ( 0.000000000000000000, 0.4582265217274053004, 0.8888354486549260303 ) ) ;
#990 = ORIENTED_EDGE ( 'NONE', *, *, #3811, .T. ) ;
#991 = ORIENTED_EDGE ( 'NONE', *, *, #3817, .F. ) ;
#992 = VERTEX_POINT ( 'NONE', #495 ) ;
#993 = DIRECTION ( 'NONE',  ( -1.000000000000000000, -0.000000000000000000, 0.000000000000000000 ) ) ;
#994 = DIRECTION ( 'NONE',  ( 0.000000000000000000, 0.000000000000000000, 1.000000000000000000 ) ) ;
#995 = CIRCLE ( 'NONE', #3753, 8.250000000000000000 ) ;
#996 = CIRCLE ( 'NONE', #749, 8.250000000000000000 ) ;
#997 = VERTEX_POINT ( 'NONE', #2791 ) ;
#998 = CYLINDRICAL_SURFACE ( 'NONE', #320, 19.06149999999999523 ) ;
#999 = AXIS2_PLACEMENT_3D ( 'NONE', #4794, #2168, #4380 ) ;
#1000 = AXIS2_PLACEMENT_3D ( 'NONE', #3197, #1788, #4624 ) ;
#1001 = EDGE_CURVE ( 'NONE', #4214, #2274, #3855, .T. ) ;
#1002 = VECTOR ( 'NONE', #2877, 1000.000000000000000 ) ;
#1003 = VERTEX_POINT ( 'NONE', #3100 ) ;
#1004 = DIRECTION ( 'NONE',  ( -1.000000000000000000, -0.000000000000000000, 0.000000000000000000 ) ) ;
#1005 = ORIENTED_EDGE ( 'NONE', *, *, #162, .F. ) ;
#1006 = AXIS2_PLACEMENT_3D ( 'NONE', #2050, #3577, #3548 ) ;
#1007 = LINE ( 'NONE', #4032, #1335 ) ;
#1008 = AXIS2_PLACEMENT_3D ( 'NONE', #2728, #4606, #568 ) ;
#1009 = EDGE_CURVE ( 'NONE', #1921, #1390, #4792, .T. ) ;
#1010 = EDGE_CURVE ( 'NONE', #2988, #2329, #3433, .T. ) ;
#1011 = AXIS2_PLACEMENT_3D ( 'NONE', #3919, #2044, #3542 ) ;
#1012 = CIRCLE ( 'NONE', #4631, 8.250000000000001776 ) ;
#1013 = AXIS2_PLACEMENT_3D ( 'NONE', #934, #145, #2071 ) ;
#1014 = VERTEX_POINT ( 'NONE', #4815 ) ;
#1015 = LINE ( 'NONE', #4774, #3516 ) ;
#1016 = DIRECTION ( 'NONE',  ( -1.000000000000000000, -0.000000000000000000, -0.000000000000000000 ) ) ;
#1017 = DIRECTION ( 'NONE',  ( -1.000000000000000000, 0.000000000000000000, 0.000000000000000000 ) ) ;
#1018 = EDGE_CURVE ( 'NONE', #390, #4434, #4545, .T. ) ;
#1019 = VECTOR ( 'NONE', #324, 1000.000000000000000 ) ;
#1020 = ORIENTED_EDGE ( 'NONE', *, *, #3079, .T. ) ;
#1021 = VERTEX_POINT ( 'NONE', #2870 ) ;
#1022 = CIRCLE ( 'NONE', #1259, 19.06149999999999523 ) ;
#1023 = CARTESIAN_POINT ( 'NONE',  ( 10.00000000000000000, 7.510427888281304476, -20.54529381476269734 ) ) ;
#1024 = DIRECTION ( 'NONE',  ( 0.000000000000000000, 0.000000000000000000, 1.000000000000000000 ) ) ;
#1025 = CARTESIAN_POINT ( 'NONE',  ( 0.000000000000000000, 14.18333773862215708, -12.73474431789567873 ) ) ;
#1026 = ORIENTED_EDGE ( 'NONE', *, *, #1911, .F. ) ;
#1027 = ORIENTED_EDGE ( 'NONE', *, *, #1250, .T. ) ;
#1028 = CARTESIAN_POINT ( 'NONE',  ( 10.00000000000000000, -18.09036338659972998, -6.954719790754730013 ) ) ;
#1029 = CIRCLE ( 'NONE', #2757, 21.87500000000000000 ) ;
#1030 = VERTEX_POINT ( 'NONE', #3300 ) ;
#1031 = EDGE_LOOP ( 'NONE', ( #3038, #2968, #182, #1554 ) ) ;
#1032 = FACE_OUTER_BOUND ( 'NONE', #2403, .T. ) ;
#1033 = ORIENTED_EDGE ( 'NONE', *, *, #3140, .F. ) ;
#1034 = CIRCLE ( 'NONE', #3465, 21.87500000000000000 ) ;
#1035 = DIRECTION ( 'NONE',  ( 0.000000000000000000, -0.4582265217274174018, 0.8888354486549198130 ) ) ;
#1036 = AXIS2_PLACEMENT_3D ( 'NONE', #3215, #1617, #922 ) ;
#1037 = EDGE_CURVE ( 'NONE', #3712, #3528, #4316, .T. ) ;
#1038 = EDGE_CURVE ( 'NONE', #2283, #487, #3756, .T. ) ;
#1039 = ORIENTED_EDGE ( 'NONE', *, *, #412, .F. ) ;
#1040 = DIRECTION ( 'NONE',  ( -1.000000000000000000, -0.000000000000000000, -0.000000000000000000 ) ) ;
#1041 = DIRECTION ( 'NONE',  ( -1.000000000000000000, 0.000000000000000000, 0.000000000000000000 ) ) ;
#1042 = CARTESIAN_POINT ( 'NONE',  ( 10.00000000000000000, 0.000000000000000000, 0.000000000000000000 ) ) ;
#1043 = VECTOR ( 'NONE', #398, 1000.000000000000000 ) ;
#1044 = EDGE_CURVE ( 'NONE', #728, #3434, #1015, .T. ) ;
#1045 = ORIENTED_EDGE ( 'NONE', *, *, #2484, .F. ) ;
#1046 = DIRECTION ( 'NONE',  ( 0.000000000000000000, 0.3716624556603284057, -0.9283679330160723442 ) ) ;
#1047 = DIRECTION ( 'NONE',  ( -1.000000000000000000, 0.000000000000000000, -0.000000000000000000 ) ) ;
#1048 = SURFACE_STYLE_USAGE ( .BOTH. , #307 ) ;
#1049 = VECTOR ( 'NONE', #1664, 1000.000000000000000 ) ;
#1050 = VERTEX_POINT ( 'NONE', #1761 ) ;
#1051 = DIRECTION ( 'NONE',  ( 0.000000000000000000, 0.000000000000000000, -1.000000000000000000 ) ) ;
#1052 = VECTOR ( 'NONE', #4438, 1000.000000000000000 ) ;
#1053 = CARTESIAN_POINT ( 'NONE',  ( 5.000000000000000000, -15.56871210900736813, -15.36654900317072325 ) ) ;
#1054 = AXIS2_PLACEMENT_3D ( 'NONE', #2746, #608, #924 ) ;
#1055 = CIRCLE ( 'NONE', #3812, 8.250000000000000000 ) ;
#1056 = ORIENTED_EDGE ( 'NONE', *, *, #4088, .F. ) ;
#1057 = ORIENTED_EDGE ( 'NONE', *, *, #3570, .T. ) ;
#1058 = DIRECTION ( 'NONE',  ( -1.000000000000000000, -0.000000000000000000, -0.000000000000000000 ) ) ;
#1059 = DIRECTION ( 'NONE',  ( -1.000000000000000000, 0.000000000000000000, 0.000000000000000000 ) ) ;
#1060 = CARTESIAN_POINT ( 'NONE',  ( 10.00000000000000000, 0.000000000000000000, 0.000000000000000000 ) ) ;
#1061 = CARTESIAN_POINT ( 'NONE',  ( 10.00000000000000000, -2.146273420797794262, -18.94028227490754190 ) ) ;
#1062 = DIRECTION ( 'NONE',  ( -1.000000000000000000, -0.000000000000000000, -0.000000000000000000 ) ) ;
#1063 = EDGE_CURVE ( 'NONE', #1420, #3343, #1402, .T. ) ;
#1064 = EDGE_CURVE ( 'NONE', #2092, #533, #2023, .T. ) ;
#1065 = EDGE_LOOP ( 'NONE', ( #859, #3793, #2251, #1547 ) ) ;
#1066 = ORIENTED_EDGE ( 'NONE', *, *, #3665, .F. ) ;
#1067 = DIRECTION ( 'NONE',  ( -1.000000000000000000, 0.000000000000000000, 0.000000000000000000 ) ) ;
#1068 = CYLINDRICAL_SURFACE ( 'NONE', #1247, 21.87500000000000000 ) ;
#1069 = CARTESIAN_POINT ( 'NONE',  ( 10.00000000000000000, -12.99448094513544305, -17.59713300417178061 ) ) ;
#1070 = EDGE_CURVE ( 'NONE', #1859, #2519, #150, .T. ) ;
#1071 = EDGE_CURVE ( 'NONE', #2190, #4644, #2347, .T. ) ;
#1072 = ORIENTED_EDGE ( 'NONE', *, *, #4843, .T. ) ;
#1073 = DIRECTION ( 'NONE',  ( -1.000000000000000000, -0.000000000000000000, -0.000000000000000000 ) ) ;
#1074 = LINE ( 'NONE', #3981, #3619 ) ;
#1075 = CIRCLE ( 'NONE', #1790, 8.250000000000001776 ) ;
#1076 = VECTOR ( 'NONE', #3648, 1000.000000000000000 ) ;
#1077 = CIRCLE ( 'NONE', #4007, 8.250000000000000000 ) ;
#1078 = ORIENTED_EDGE ( 'NONE', *, *, #3642, .T. ) ;
#1079 = ORIENTED_EDGE ( 'NONE', *, *, #4275, .F. ) ;
#1080 = CARTESIAN_POINT ( 'NONE',  ( 10.00000000000000000, 18.51910866035968439, -5.715941676831082674 ) ) ;
#1081 = DIRECTION ( 'NONE',  ( 1.000000000000000000, -0.000000000000000000, 0.000000000000000000 ) ) ;
#1082 = ORIENTED_EDGE ( 'NONE', *, *, #865, .F. ) ;
#1083 = ORIENTED_EDGE ( 'NONE', *, *, #4614, .T. ) ;
#1084 = LINE ( 'NONE', #2578, #620 ) ;
#1085 = CARTESIAN_POINT ( 'NONE',  ( 10.00000000000000000, 0.000000000000000000, 0.000000000000000000 ) ) ;
#1086 = DIRECTION ( 'NONE',  ( 0.000000000000000000, 0.000000000000000000, 1.000000000000000000 ) ) ;
#1087 = VECTOR ( 'NONE', #754, 1000.000000000000000 ) ;
#1088 = AXIS2_PLACEMENT_3D ( 'NONE', #4457, #1810, #4823 ) ;
#1089 = ORIENTED_EDGE ( 'NONE', *, *, #1439, .F. ) ;
#1090 = DIRECTION ( 'NONE',  ( 0.000000000000000000, 0.000000000000000000, 1.000000000000000000 ) ) ;
#1091 = CARTESIAN_POINT ( 'NONE',  ( 10.00000000000000000, -18.09036338659972998, -6.954719790754730013 ) ) ;
#1092 = AXIS2_PLACEMENT_3D ( 'NONE', #1395, #4304, #2871 ) ;
#1093 = AXIS2_PLACEMENT_3D ( 'NONE', #3361, #596, #2466 ) ;
#1094 = DIRECTION ( 'NONE',  ( 0.000000000000000000, -0.09505604330418929160, 0.9954719225730840337 ) ) ;
#1095 = ORIENTED_EDGE ( 'NONE', *, *, #4874, .T. ) ;
#1096 = AXIS2_PLACEMENT_3D ( 'NONE', #2467, #3954, #517 ) ;
#1097 = VERTEX_POINT ( 'NONE', #2888 ) ;
#1098 = EDGE_CURVE ( 'NONE', #2664, #3026, #235, .T. ) ;
#1099 = FACE_OUTER_BOUND ( 'NONE', #2525, .T. ) ;
#1100 = EDGE_CURVE ( 'NONE', #1227, #4384, #4428, .T. ) ;
#1101 = CARTESIAN_POINT ( 'NONE',  ( 10.00000000000000000, 17.42579843696923092, -13.22335713176198446 ) ) ;
#1102 = ORIENTED_EDGE ( 'NONE', *, *, #1388, .F. ) ;
#1103 = ORIENTED_EDGE ( 'NONE', *, *, #2420, .F. ) ;
#1104 = ORIENTED_EDGE ( 'NONE', *, *, #1010, .T. ) ;
#1105 = EDGE_CURVE ( 'NONE', #4346, #407, #2983, .T. ) ;
#1106 = DIRECTION ( 'NONE',  ( -1.000000000000000000, 0.000000000000000000, 0.000000000000000000 ) ) ;
#1107 = CARTESIAN_POINT ( 'NONE',  ( 10.00000000000000000, 0.000000000000000000, 0.000000000000000000 ) ) ;
#1108 = AXIS2_PLACEMENT_3D ( 'NONE', #3945, #2065, #3893 ) ;
#1109 = CIRCLE ( 'NONE', #2524, 19.06149999999999523 ) ;
#1110 = ORIENTED_EDGE ( 'NONE', *, *, #2963, .F. ) ;
#1111 = ORIENTED_EDGE ( 'NONE', *, *, #1767, .F. ) ;
#1112 = CYLINDRICAL_SURFACE ( 'NONE', #2650, 19.06149999999999523 ) ;
#1113 = DIRECTION ( 'NONE',  ( 0.000000000000000000, 0.4582265217274053559, 0.8888354486549261413 ) ) ;
#1114 = CARTESIAN_POINT ( 'NONE',  ( 4.999999999999999112, 7.510427888281023812, 20.54529381476279681 ) ) ;
#1115 = ORIENTED_EDGE ( 'NONE', *, *, #1037, .T. ) ;
#1116 = DIRECTION ( 'NONE',  ( 1.000000000000000000, 0.000000000000000000, 0.000000000000000000 ) ) ;
#1117 = CARTESIAN_POINT ( 'NONE',  ( 10.00000000000000000, -16.08993306427706216, -14.81990819766045853 ) ) ;
#1118 = CARTESIAN_POINT ( 'NONE',  ( 10.00000000000000000, 0.000000000000000000, 0.000000000000000000 ) ) ;
#1119 = AXIS2_PLACEMENT_3D ( 'NONE', #4248, #1632, #3181 ) ;
#1120 = ORIENTED_EDGE ( 'NONE', *, *, #2203, .T. ) ;
#1121 = DIRECTION ( 'NONE',  ( 0.000000000000000000, 0.5406408174555985546, -0.8412535328311805394 ) ) ;
#1122 = CARTESIAN_POINT ( 'NONE',  ( 10.00000000000000000, -3.276759885896711744, -18.77774285957122302 ) ) ;
#1123 = EDGE_CURVE ( 'NONE', #1310, #2279, #4640, .T. ) ;
#1124 = EDGE_CURVE ( 'NONE', #1369, #2271, #4251, .T. ) ;
#1125 = DIRECTION ( 'NONE',  ( 0.000000000000000000, 0.000000000000000000, 1.000000000000000000 ) ) ;
#1126 = ORIENTED_EDGE ( 'NONE', *, *, #226, .T. ) ;
#1127 = CIRCLE ( 'NONE', #1529, 8.250000000000000000 ) ;
#1128 = ORIENTED_EDGE ( 'NONE', *, *, #3317, .T. ) ;
#1129 = CARTESIAN_POINT ( 'NONE',  ( 0.000000000000000000, 0.000000000000000000, 0.000000000000000000 ) ) ;
#1130 = CARTESIAN_POINT ( 'NONE',  ( 10.00000000000000000, -14.20970502886601672, 13.18004771690009491 ) ) ;
#1131 = CIRCLE ( 'NONE', #343, 8.250000000000000000 ) ;
#1132 = AXIS2_PLACEMENT_3D ( 'NONE', #1240, #4672, #2846 ) ;
#1133 = EDGE_CURVE ( 'NONE', #2401, #4353, #3228, .T. ) ;
#1134 = AXIS2_PLACEMENT_3D ( 'NONE', #1553, #488, #3820 ) ;
#1135 = ORIENTED_EDGE ( 'NONE', *, *, #1193, .F. ) ;
#1136 = AXIS2_PLACEMENT_3D ( 'NONE', #2194, #299, #626 ) ;
#1137 = DIRECTION ( 'NONE',  ( 0.000000000000000000, -0.9718115683235393210, -0.2357589355094368011 ) ) ;
#1138 = EDGE_LOOP ( 'NONE', ( #1338, #4600, #3061, #3828 ) ) ;
#1139 = CARTESIAN_POINT ( 'NONE',  ( 10.00000000000000000, 0.000000000000000000, 0.000000000000000000 ) ) ;
#1140 = CYLINDRICAL_SURFACE ( 'NONE', #70, 8.250000000000000000 ) ;
#1141 = CARTESIAN_POINT ( 'NONE',  ( 10.00000000000000000, -5.691959453117228840, -18.19182178436424024 ) ) ;
#1142 = DIRECTION ( 'NONE',  ( 0.000000000000000000, 0.000000000000000000, 1.000000000000000000 ) ) ;
#1143 = DIRECTION ( 'NONE',  ( -1.000000000000000000, 0.000000000000000000, 0.000000000000000000 ) ) ;
#1144 = CYLINDRICAL_SURFACE ( 'NONE', #422, 21.87500000000000000 ) ;
#1145 = EDGE_LOOP ( 'NONE', ( #2891, #1020, #382, #3236 ) ) ;
#1146 = DIRECTION ( 'NONE',  ( -1.000000000000000000, 0.000000000000000000, -0.000000000000000000 ) ) ;
#1147 = DIRECTION ( 'NONE',  ( -1.000000000000000000, 0.000000000000000000, -0.000000000000000000 ) ) ;
#1148 = AXIS2_PLACEMENT_3D ( 'NONE', #779, #3839, #2253 ) ;
#1149 = DIRECTION ( 'NONE',  ( -1.000000000000000000, -0.000000000000000000, 0.000000000000000000 ) ) ;
#1150 = ORIENTED_EDGE ( 'NONE', *, *, #3357, .T. ) ;
#1151 = ORIENTED_EDGE ( 'NONE', *, *, #4764, .F. ) ;
#1152 = DIRECTION ( 'NONE',  ( 0.000000000000000000, 0.000000000000000000, 1.000000000000000000 ) ) ;
#1153 = EDGE_CURVE ( 'NONE', #1667, #156, #4326, .T. ) ;
#1154 = CARTESIAN_POINT ( 'NONE',  ( 10.00000000000000000, -18.91238855906797767, 2.379567448263330220 ) ) ;
#1155 = DIRECTION ( 'NONE',  ( -1.000000000000000000, -0.000000000000000000, 0.000000000000000000 ) ) ;
#1156 = ORIENTED_EDGE ( 'NONE', *, *, #74, .T. ) ;
#1157 = EDGE_CURVE ( 'NONE', #4179, #660, #2472, .T. ) ;
#1158 = DIRECTION ( 'NONE',  ( 0.000000000000000000, 0.000000000000000000, 1.000000000000000000 ) ) ;
#1159 = ADVANCED_FACE ( 'NONE', ( #297 ), #4840, .T. ) ;
#1160 = DIRECTION ( 'NONE',  ( -1.000000000000000000, -0.000000000000000000, -0.000000000000000000 ) ) ;
#1161 = CARTESIAN_POINT ( 'NONE',  ( 4.999999999999999112, 21.09217785974792747, 5.799625689021614683 ) ) ;
#1162 = EDGE_LOOP ( 'NONE', ( #4379, #2551, #2295, #2107 ) ) ;
#1163 = CARTESIAN_POINT ( 'NONE',  ( 4.999999999999999112, 21.73680468795406995, -2.454984105394124150 ) ) ;
#1164 = EDGE_CURVE ( 'NONE', #3755, #4388, #3685, .T. ) ;
#1165 = CARTESIAN_POINT ( 'NONE',  ( 10.00000000000000000, -16.15858777384817202, -10.70184170981742788 ) ) ;
#1166 = FACE_OUTER_BOUND ( 'NONE', #2423, .T. ) ;
#1168 = EDGE_LOOP ( 'NONE', ( #4788, #1689, #1104, #3735 ) ) ;
#1167 = CIRCLE ( 'NONE', #3929, 19.06149999999999523 ) ;
#1169 = CIRCLE ( 'NONE', #4627, 8.250000000000000000 ) ;
#1170 = ORIENTED_EDGE ( 'NONE', *, *, #2265, .F. ) ;
#1171 = CIRCLE ( 'NONE', #3935, 19.06149999999999878 ) ;
#1172 = AXIS2_PLACEMENT_3D ( 'NONE', #2992, #678, #2202 ) ;
#1173 = DIRECTION ( 'NONE',  ( -1.000000000000000000, 0.000000000000000000, 0.000000000000000000 ) ) ;
#1174 = DIRECTION ( 'NONE',  ( 0.000000000000000000, 0.000000000000000000, 1.000000000000000000 ) ) ;
#1175 = AXIS2_PLACEMENT_3D ( 'NONE', #784, #1970, #3028 ) ;
#1176 = DIRECTION ( 'NONE',  ( 0.000000000000000000, 0.000000000000000000, 1.000000000000000000 ) ) ;
#1177 = ORIENTED_EDGE ( 'NONE', *, *, #3109, .T. ) ;
#1178 = ORIENTED_EDGE ( 'NONE', *, *, #3977, .T. ) ;
#1179 = CARTESIAN_POINT ( 'NONE',  ( 10.00000000000000000, -3.276759885896963098, 18.77774285957117684 ) ) ;
#1180 = CARTESIAN_POINT ( 'NONE',  ( 10.00000000000000000, 3.486482252031459783, -21.59537141394584836 ) ) ;
#1181 = DIRECTION ( 'NONE',  ( -1.000000000000000000, -0.000000000000000000, -0.000000000000000000 ) ) ;
#1182 = EDGE_LOOP ( 'NONE', ( #4172, #2374, #3372, #3829 ) ) ;
#1183 = CARTESIAN_POINT ( 'NONE',  ( 10.00000000000000000, 17.10269516630156161, 9.117411522779311994 ) ) ;
#1184 = CARTESIAN_POINT ( 'NONE',  ( 10.00000000000000000, 0.000000000000000000, 0.000000000000000000 ) ) ;
#1185 = CIRCLE ( 'NONE', #1000, 21.87500000000000000 ) ;
#1186 = CARTESIAN_POINT ( 'NONE',  ( 10.00000000000000000, 20.87938351306577545, -6.524336680024810597 ) ) ;
#1187 = ADVANCED_FACE ( 'NONE', ( #367 ), #1112, .T. ) ;
#1188 = EDGE_CURVE ( 'NONE', #4595, #1050, #4406, .T. ) ;
#1189 = DIRECTION ( 'NONE',  ( 0.000000000000000000, 0.000000000000000000, 1.000000000000000000 ) ) ;
#1190 = DIRECTION ( 'NONE',  ( 0.000000000000000000, -0.09505604330418926384, 0.9954719225730839227 ) ) ;
#1191 = CARTESIAN_POINT ( 'NONE',  ( 10.00000000000000000, -19.02095316055511276, 1.242627504108997583 ) ) ;
#1192 = VECTOR ( 'NONE', #84, 1000.000000000000000 ) ;
#1193 = EDGE_CURVE ( 'NONE', #2030, #3229, #1479, .T. ) ;
#1194 = AXIS2_PLACEMENT_3D ( 'NONE', #4676, #3561, #2083 ) ;
#1195 = ORIENTED_EDGE ( 'NONE', *, *, #818, .F. ) ;
#1196 = AXIS2_PLACEMENT_3D ( 'NONE', #2706, #4563, #2629 ) ;
#1197 = DIRECTION ( 'NONE',  ( -1.000000000000000000, 0.000000000000000000, -0.000000000000000000 ) ) ;
#1198 = DIRECTION ( 'NONE',  ( 0.000000000000000000, 0.000000000000000000, 1.000000000000000000 ) ) ;
#1199 = DIRECTION ( 'NONE',  ( -1.000000000000000000, 0.000000000000000000, 0.000000000000000000 ) ) ;
#1200 = ORIENTED_EDGE ( 'NONE', *, *, #3438, .T. ) ;
#1201 = ORIENTED_EDGE ( 'NONE', *, *, #3298, .F. ) ;
#1202 = LINE ( 'NONE', #1962, #3111 ) ;
#1203 = CARTESIAN_POINT ( 'NONE',  ( 10.00000000000000000, -12.04544978961360790, -14.77321635988241155 ) ) ;
#1204 = AXIS2_PLACEMENT_3D ( 'NONE', #3453, #3782, #3478 ) ;
#1205 = ORIENTED_EDGE ( 'NONE', *, *, #3349, .T. ) ;
#1206 = DIRECTION ( 'NONE',  ( -1.000000000000000000, -0.000000000000000000, 0.000000000000000000 ) ) ;
#1207 = ORIENTED_EDGE ( 'NONE', *, *, #1009, .T. ) ;
#1208 = DIRECTION ( 'NONE',  ( 0.000000000000000000, 0.000000000000000000, 1.000000000000000000 ) ) ;
#1209 = FACE_OUTER_BOUND ( 'NONE', #3313, .T. ) ;
#1210 = VECTOR ( 'NONE', #2538, 1000.000000000000000 ) ;
#1211 = CARTESIAN_POINT ( 'NONE',  ( 10.00000000000000000, 0.3361666364524109052, -19.05853546950908850 ) ) ;
#1212 = VECTOR ( 'NONE', #4706, 1000.000000000000000 ) ;
#1213 = DIRECTION ( 'NONE',  ( 0.000000000000000000, 0.000000000000000000, 1.000000000000000000 ) ) ;
#1214 = DIRECTION ( 'NONE',  ( 1.000000000000000000, -0.000000000000000000, 0.000000000000000000 ) ) ;
#1215 = CARTESIAN_POINT ( 'NONE',  ( 10.00000000000000000, -1.188772901057338460, -19.34466835634188797 ) ) ;
#1216 = EDGE_CURVE ( 'NONE', #3106, #2912, #1506, .T. ) ;
#1217 = EDGE_CURVE ( 'NONE', #2670, #1284, #3800, .T. ) ;
#1218 = ORIENTED_EDGE ( 'NONE', *, *, #2159, .T. ) ;
#1219 = VERTEX_POINT ( 'NONE', #2 ) ;
#1220 = DIRECTION ( 'NONE',  ( 1.000000000000000000, 0.000000000000000000, 0.000000000000000000 ) ) ;
#1221 = CARTESIAN_POINT ( 'NONE',  ( 0.000000000000000000, -4.309403631493738729, 18.89598939373146891 ) ) ;
#1222 = EDGE_CURVE ( 'NONE', #577, #24, #1169, .T. ) ;
#1223 = EDGE_CURVE ( 'NONE', #2196, #2409, #4493, .T. ) ;
#1224 = CARTESIAN_POINT ( 'NONE',  ( 0.000000000000000000, 0.000000000000000000, 0.000000000000000000 ) ) ;
#1225 = ORIENTED_EDGE ( 'NONE', *, *, #2630, .F. ) ;
#1226 = CIRCLE ( 'NONE', #519, 19.06149999999999878 ) ;
#1227 = VERTEX_POINT ( 'NONE', #420 ) ;
#1228 = CARTESIAN_POINT ( 'NONE',  ( 0.000000000000000000, 9.458457910831439719, 16.91646974921699709 ) ) ;
#1229 = EDGE_CURVE ( 'NONE', #2592, #3309, #2653, .T. ) ;
#1230 = DIRECTION ( 'NONE',  ( 1.000000000000000000, -0.000000000000000000, -0.000000000000000000 ) ) ;
#1231 = CIRCLE ( 'NONE', #1781, 8.250000000000000000 ) ;
#1232 = ORIENTED_EDGE ( 'NONE', *, *, #2460, .T. ) ;
#1233 = DIRECTION ( 'NONE',  ( 0.000000000000000000, 0.000000000000000000, 1.000000000000000000 ) ) ;
#1234 = DIRECTION ( 'NONE',  ( 0.000000000000000000, 0.000000000000000000, 1.000000000000000000 ) ) ;
#1235 = LINE ( 'NONE', #2312, #2911 ) ;
#1236 = DIRECTION ( 'NONE',  ( 0.000000000000000000, 0.000000000000000000, 1.000000000000000000 ) ) ;
#1237 = AXIS2_PLACEMENT_3D ( 'NONE', #2509, #4096, #1389 ) ;
#1238 = CARTESIAN_POINT ( 'NONE',  ( 0.000000000000000000, 0.000000000000000000, 0.000000000000000000 ) ) ;
#1239 = CYLINDRICAL_SURFACE ( 'NONE', #2656, 21.87500000000000000 ) ;
#1240 = CARTESIAN_POINT ( 'NONE',  ( 10.00000000000000000, 15.06814570829575040, 12.18935436111003057 ) ) ;
#1241 = AXIS2_PLACEMENT_3D ( 'NONE', #3589, #2771, #1644 ) ;
#1242 = EDGE_LOOP ( 'NONE', ( #3885, #3272, #374, #2235 ) ) ;
#1243 = DIRECTION ( 'NONE',  ( -1.000000000000000000, -0.000000000000000000, -0.000000000000000000 ) ) ;
#1244 = VECTOR ( 'NONE', #4666, 1000.000000000000000 ) ;
#1245 = CARTESIAN_POINT ( 'NONE',  ( 10.00000000000000000, 12.48899420472160671, -14.82074217377704528 ) ) ;
#1246 = CIRCLE ( 'NONE', #225, 8.250000000000000000 ) ;
#1247 = AXIS2_PLACEMENT_3D ( 'NONE', #742, #2560, #4080 ) ;
#1248 = VECTOR ( 'NONE', #3431, 1000.000000000000000 ) ;
#1249 = EDGE_CURVE ( 'NONE', #2108, #992, #736, .T. ) ;
#1250 = EDGE_CURVE ( 'NONE', #1050, #2190, #1566, .T. ) ;
#1251 = CYLINDRICAL_SURFACE ( 'NONE', #2700, 19.06149999999999523 ) ;
#1252 = VERTEX_POINT ( 'NONE', #2311 ) ;
#1253 = VERTEX_POINT ( 'NONE', #2237 ) ;
#1254 = CARTESIAN_POINT ( 'NONE',  ( 10.00000000000000000, 0.000000000000000000, 0.000000000000000000 ) ) ;
#1255 = DIRECTION ( 'NONE',  ( 0.000000000000000000, 0.000000000000000000, 1.000000000000000000 ) ) ;
#1256 = VECTOR ( 'NONE', #2555, 1000.000000000000000 ) ;
#1257 = AXIS2_PLACEMENT_3D ( 'NONE', #666, #1739, #3255 ) ;
#1258 = EDGE_CURVE ( 'NONE', #982, #2995, #301, .T. ) ;
#1259 = AXIS2_PLACEMENT_3D ( 'NONE', #2072, #935, #4378 ) ;
#1260 = ORIENTED_EDGE ( 'NONE', *, *, #1821, .T. ) ;
#1261 = ORIENTED_EDGE ( 'NONE', *, *, #1516, .T. ) ;
#1262 = LINE ( 'NONE', #567, #123 ) ;
#1263 = CARTESIAN_POINT ( 'NONE',  ( 0.000000000000000000, 0.000000000000000000, 0.000000000000000000 ) ) ;
#1264 = LINE ( 'NONE', #4174, #238 ) ;
#1265 = FACE_OUTER_BOUND ( 'NONE', #1065, .T. ) ;
#1266 = DIRECTION ( 'NONE',  ( -1.000000000000000000, 0.000000000000000000, -0.000000000000000000 ) ) ;
#1267 = FACE_OUTER_BOUND ( 'NONE', #1935, .T. ) ;
#1268 = DIRECTION ( 'NONE',  ( 0.000000000000000000, 0.6181589862206013919, 0.7860530947427906145 ) ) ;
#1269 = VERTEX_POINT ( 'NONE', #3346 ) ;
#1270 = VERTEX_POINT ( 'NONE', #711 ) ;
#1271 = ORIENTED_EDGE ( 'NONE', *, *, #1749, .F. ) ;
#1272 = EDGE_LOOP ( 'NONE', ( #1721, #3405 ) ) ;
#1273 = CARTESIAN_POINT ( 'NONE',  ( 10.00000000000000000, 0.000000000000000000, 0.000000000000000000 ) ) ;
#1274 = DIRECTION ( 'NONE',  ( 0.000000000000000000, 0.000000000000000000, 1.000000000000000000 ) ) ;
#1275 = ORIENTED_EDGE ( 'NONE', *, *, #255, .F. ) ;
#1276 = CIRCLE ( 'NONE', #12, 8.250000000000000000 ) ;
#1277 = LINE ( 'NONE', #3195, #4680 ) ;
#1278 = ORIENTED_EDGE ( 'NONE', *, *, #1405, .F. ) ;
#1279 = CARTESIAN_POINT ( 'NONE',  ( 10.00000000000000000, 11.51696013974881616, -15.18882521426317389 ) ) ;
#1280 = DIRECTION ( 'NONE',  ( -1.000000000000000000, 0.000000000000000000, 0.000000000000000000 ) ) ;
#1281 = DIRECTION ( 'NONE',  ( 0.000000000000000000, -0.5406408174555871193, -0.8412535328311879779 ) ) ;
#1282 = EDGE_CURVE ( 'NONE', #716, #456, #3126, .T. ) ;
#1283 = ADVANCED_FACE ( 'NONE', ( #1941 ), #4536, .T. ) ;
#1284 = VERTEX_POINT ( 'NONE', #3373 ) ;
#1285 = CIRCLE ( 'NONE', #1905, 19.06149999999999523 ) ;
#1286 = ORIENTED_EDGE ( 'NONE', *, *, #319, .T. ) ;
#1287 = DIRECTION ( 'NONE',  ( 0.000000000000000000, 0.000000000000000000, 1.000000000000000000 ) ) ;
#1288 = CARTESIAN_POINT ( 'NONE',  ( 10.00000000000000000, -17.19660498001175597, -8.222989688150823540 ) ) ;
#1289 = CARTESIAN_POINT ( 'NONE',  ( 0.000000000000000000, 0.000000000000000000, 0.000000000000000000 ) ) ;
#1290 = DIRECTION ( 'NONE',  ( 1.000000000000000000, 0.000000000000000000, -0.000000000000000000 ) ) ;
#1291 = ADVANCED_FACE ( 'NONE', ( #27 ), #4561, .T. ) ;
#1292 = AXIS2_PLACEMENT_3D ( 'NONE', #3806, #3426, #4523 ) ;
#1293 = CARTESIAN_POINT ( 'NONE',  ( 10.00000000000000000, 17.90038228506893958, 6.551114126497101786 ) ) ;
#1294 = FACE_OUTER_BOUND ( 'NONE', #4511, .T. ) ;
#1295 = CARTESIAN_POINT ( 'NONE',  ( 0.000000000000000000, 8.434329594277761188, 17.09394239328921472 ) ) ;
#1296 = CIRCLE ( 'NONE', #3484, 8.250000000000001776 ) ;
#1297 = CIRCLE ( 'NONE', #4834, 21.87500000000000000 ) ;
#1298 = ORIENTED_EDGE ( 'NONE', *, *, #2451, .F. ) ;
#1299 = EDGE_LOOP ( 'NONE', ( #969, #1443, #499, #207 ) ) ;
#1300 = CARTESIAN_POINT ( 'NONE',  ( 0.000000000000000000, 0.000000000000000000, 0.000000000000000000 ) ) ;
#1301 = FACE_OUTER_BOUND ( 'NONE', #142, .T. ) ;
#1302 = VERTEX_POINT ( 'NONE', #2602 ) ;
#1303 = CARTESIAN_POINT ( 'NONE',  ( 10.00000000000000000, -18.09036338659982590, 6.954719790754492870 ) ) ;
#1304 = VERTEX_POINT ( 'NONE', #4196 ) ;
#1305 = DIRECTION ( 'NONE',  ( -1.000000000000000000, -0.000000000000000000, 0.000000000000000000 ) ) ;
#1306 = FACE_OUTER_BOUND ( 'NONE', #3505, .T. ) ;
#1307 = DIRECTION ( 'NONE',  ( 0.000000000000000000, 0.000000000000000000, 1.000000000000000000 ) ) ;
#1308 = ORIENTED_EDGE ( 'NONE', *, *, #4479, .T. ) ;
#1309 = FACE_OUTER_BOUND ( 'NONE', #2351, .T. ) ;
#1310 = VERTEX_POINT ( 'NONE', #808 ) ;
#1311 = CARTESIAN_POINT ( 'NONE',  ( 0.000000000000000000, 14.18333773862198832, 12.73474431789586703 ) ) ;
#1312 = DIRECTION ( 'NONE',  ( 0.000000000000000000, 0.000000000000000000, 1.000000000000000000 ) ) ;
#1313 = DIRECTION ( 'NONE',  ( -1.000000000000000000, -0.000000000000000000, 0.000000000000000000 ) ) ;
#1314 = CIRCLE ( 'NONE', #4463, 21.87500000000000000 ) ;
#1315 = AXIS2_PLACEMENT_3D ( 'NONE', #4166, #1936, #1577 ) ;
#1316 = EDGE_CURVE ( 'NONE', #660, #1284, #2574, .T. ) ;
#1317 = EDGE_CURVE ( 'NONE', #1353, #4346, #1084, .T. ) ;
#1318 = ORIENTED_EDGE ( 'NONE', *, *, #3140, .T. ) ;
#1319 = CARTESIAN_POINT ( 'NONE',  ( 10.00000000000000000, -17.19660498001175597, -8.222989688150823540 ) ) ;
#1320 = DIRECTION ( 'NONE',  ( -1.000000000000000000, 0.000000000000000000, 0.000000000000000000 ) ) ;
#1321 = LINE ( 'NONE', #4611, #2222 ) ;
#1322 = AXIS2_PLACEMENT_3D ( 'NONE', #3985, #646, #3604 ) ;
#1323 = VERTEX_POINT ( 'NONE', #1311 ) ;
#1324 = VERTEX_POINT ( 'NONE', #2440 ) ;
#1325 = ADVANCED_FACE ( 'NONE', ( #1630 ), #4272, .T. ) ;
#1326 = EDGE_LOOP ( 'NONE', ( #838, #4365, #920, #172 ) ) ;
#1327 = EDGE_LOOP ( 'NONE', ( #816, #1953, #5, #2112 ) ) ;
#1328 = DIRECTION ( 'NONE',  ( 0.000000000000000000, 0.000000000000000000, 1.000000000000000000 ) ) ;
#1329 = DIRECTION ( 'NONE',  ( 0.000000000000000000, -0.7557495743542635980, 0.6548607339452788834 ) ) ;
#1330 = ORIENTED_EDGE ( 'NONE', *, *, #2150, .F. ) ;
#1331 = DIRECTION ( 'NONE',  ( -1.000000000000000000, -0.000000000000000000, 0.000000000000000000 ) ) ;
#1332 = DIRECTION ( 'NONE',  ( -1.000000000000000000, 0.000000000000000000, -0.000000000000000000 ) ) ;
#1333 = CYLINDRICAL_SURFACE ( 'NONE', #1635, 19.06149999999999523 ) ;
#1334 = CARTESIAN_POINT ( 'NONE',  ( 0.000000000000000000, 15.71962045500201910, -10.78120192746068184 ) ) ;
#1335 = VECTOR ( 'NONE', #2907, 1000.000000000000000 ) ;
#1336 = AXIS2_PLACEMENT_3D ( 'NONE', #2494, #549, #3210 ) ;
#1337 = VECTOR ( 'NONE', #2627, 1000.000000000000000 ) ;
#1338 = ORIENTED_EDGE ( 'NONE', *, *, #2752, .F. ) ;
#1339 = EDGE_LOOP ( 'NONE', ( #4594, #3764, #1897, #880 ) ) ;
#1340 = AXIS2_PLACEMENT_3D ( 'NONE', #3231, #1349, #205 ) ;
#1341 = CIRCLE ( 'NONE', #3369, 19.06149999999999523 ) ;
#1342 = DIRECTION ( 'NONE',  ( -1.000000000000000000, -0.000000000000000000, 0.000000000000000000 ) ) ;
#1343 = ORIENTED_EDGE ( 'NONE', *, *, #1642, .T. ) ;
#1344 = DIRECTION ( 'NONE',  ( -1.000000000000000000, 0.000000000000000000, -0.000000000000000000 ) ) ;
#1345 = CARTESIAN_POINT ( 'NONE',  ( 10.00000000000000000, 0.000000000000000000, 0.000000000000000000 ) ) ;
#1346 = VECTOR ( 'NONE', #3273, 1000.000000000000000 ) ;
#1347 = VERTEX_POINT ( 'NONE', #199 ) ;
#1348 = CARTESIAN_POINT ( 'NONE',  ( 10.00000000000000000, -12.99448094513567398, 17.59713300417161363 ) ) ;
#1349 = DIRECTION ( 'NONE',  ( -1.000000000000000000, 0.000000000000000000, 0.000000000000000000 ) ) ;
#1350 = DIRECTION ( 'NONE',  ( 0.000000000000000000, 0.1892512443604107419, -0.9819286972627064847 ) ) ;
#1351 = EDGE_CURVE ( 'NONE', #4664, #407, #3097, .T. ) ;
#1352 = EDGE_CURVE ( 'NONE', #877, #366, #3900, .T. ) ;
#1353 = VERTEX_POINT ( 'NONE', #120 ) ;
#1354 = ORIENTED_EDGE ( 'NONE', *, *, #2127, .T. ) ;
#1355 = VERTEX_POINT ( 'NONE', #2810 ) ;
#1356 = CARTESIAN_POINT ( 'NONE',  ( 0.000000000000000000, 10.60881273632721289, 19.13030886644387962 ) ) ;
#1357 = CARTESIAN_POINT ( 'NONE',  ( 10.00000000000000000, 0.000000000000000000, 0.000000000000000000 ) ) ;
#1358 = VERTEX_POINT ( 'NONE', #543 ) ;
#1359 = ADVANCED_FACE ( 'NONE', ( #3848 ), #4321, .T. ) ;
#1360 = DIRECTION ( 'NONE',  ( 0.000000000000000000, 0.000000000000000000, 1.000000000000000000 ) ) ;
#1361 = CARTESIAN_POINT ( 'NONE',  ( 10.00000000000000000, 0.000000000000000000, 0.000000000000000000 ) ) ;
#1362 = DIRECTION ( 'NONE',  ( -1.000000000000000000, 0.000000000000000000, 0.000000000000000000 ) ) ;
#1363 = AXIS2_PLACEMENT_3D ( 'NONE', #477, #410, #839 ) ;
#1364 = VERTEX_POINT ( 'NONE', #4583 ) ;
#1365 = DIRECTION ( 'NONE',  ( -1.000000000000000000, -0.000000000000000000, -0.000000000000000000 ) ) ;
#1366 = ORIENTED_EDGE ( 'NONE', *, *, #42, .T. ) ;
#1367 = LINE ( 'NONE', #1053, #2038 ) ;
#1368 = DIRECTION ( 'NONE',  ( 0.000000000000000000, 0.000000000000000000, 1.000000000000000000 ) ) ;
#1369 = VERTEX_POINT ( 'NONE', #1607 ) ;
#1370 = DIRECTION ( 'NONE',  ( -1.000000000000000000, 0.000000000000000000, 0.000000000000000000 ) ) ;
#1371 = CARTESIAN_POINT ( 'NONE',  ( 0.000000000000000000, 0.000000000000000000, 0.000000000000000000 ) ) ;
#1372 = CARTESIAN_POINT ( 'NONE',  ( 4.999999999999999112, 6.796662911712294530, 20.79233027499693875 ) ) ;
#1373 = ORIENTED_EDGE ( 'NONE', *, *, #2391, .T. ) ;
#1374 = AXIS2_PLACEMENT_3D ( 'NONE', #1591, #4182, #3083 ) ;
#1375 = ORIENTED_EDGE ( 'NONE', *, *, #2878, .F. ) ;
#1376 = EDGE_CURVE ( 'NONE', #4393, #3309, #2263, .T. ) ;
#1377 = CARTESIAN_POINT ( 'NONE',  ( 0.000000000000000000, -19.37932150058860969, 0.2669700432024069703 ) ) ;
#1378 = DIRECTION ( 'NONE',  ( 0.000000000000000000, -0.6181589862206117170, 0.7860530947427823989 ) ) ;
#1379 = AXIS2_PLACEMENT_3D ( 'NONE', #1891, #3019, #879 ) ;
#1380 = CIRCLE ( 'NONE', #4131, 21.87500000000000000 ) ;
#1381 = ORIENTED_EDGE ( 'NONE', *, *, #3681, .F. ) ;
#1382 = EDGE_CURVE ( 'NONE', #3717, #2802, #1992, .T. ) ;
#1383 = DIRECTION ( 'NONE',  ( 0.000000000000000000, 0.8145759520503369489, -0.5800569095711964884 ) ) ;
#1384 = ADVANCED_FACE ( 'NONE', ( #4634 ), #2332, .T. ) ;
#1385 = APPLICATION_PROTOCOL_DEFINITION ( 'draft international standard', 'automotive_design', 1998, #3059 ) ;
#1386 = ORIENTED_EDGE ( 'NONE', *, *, #4040, .F. ) ;
#1387 = ORIENTED_EDGE ( 'NONE', *, *, #2043, .T. ) ;
#1388 = EDGE_CURVE ( 'NONE', #817, #3712, #3449, .T. ) ;
#1389 = DIRECTION ( 'NONE',  ( 0.000000000000000000, 0.000000000000000000, 1.000000000000000000 ) ) ;
#1390 = VERTEX_POINT ( 'NONE', #862 ) ;
#1391 = DIRECTION ( 'NONE',  ( 0.000000000000000000, 0.000000000000000000, 1.000000000000000000 ) ) ;
#1392 = ORIENTED_EDGE ( 'NONE', *, *, #3207, .F. ) ;
#1393 = AXIS2_PLACEMENT_3D ( 'NONE', #4297, #3596, #1731 ) ;
#1394 = DIRECTION ( 'NONE',  ( -1.000000000000000000, -0.000000000000000000, -0.000000000000000000 ) ) ;
#1395 = CARTESIAN_POINT ( 'NONE',  ( 0.000000000000000000, 0.000000000000000000, 0.000000000000000000 ) ) ;
#1396 = FACE_OUTER_BOUND ( 'NONE', #3697, .T. ) ;
#1397 = VERTEX_POINT ( 'NONE', #2756 ) ;
#1398 = DIRECTION ( 'NONE',  ( 0.000000000000000000, -0.9988673391830076298, -0.04758191582375209672 ) ) ;
#1399 = CARTESIAN_POINT ( 'NONE',  ( 10.00000000000000000, -15.32962889451894739, -11.32886844333226151 ) ) ;
#1400 = ORIENTED_EDGE ( 'NONE', *, *, #4508, .T. ) ;
#1401 = CARTESIAN_POINT ( 'NONE',  ( 0.000000000000000000, 19.31694754834044048, 6.673639558410619621 ) ) ;
#1402 = CIRCLE ( 'NONE', #4157, 8.250000000000000000 ) ;
#1403 = AXIS2_PLACEMENT_3D ( 'NONE', #3659, #1280, #1880 ) ;
#1404 = ADVANCED_FACE ( 'NONE', ( #4691 ), #888, .T. ) ;
#1405 = EDGE_CURVE ( 'NONE', #128, #2385, #1803, .T. ) ;
#1406 = ORIENTED_EDGE ( 'NONE', *, *, #2822, .T. ) ;
#1407 = VERTEX_POINT ( 'NONE', #909 ) ;
#1408 = ORIENTED_EDGE ( 'NONE', *, *, #792, .T. ) ;
#1409 = CYLINDRICAL_SURFACE ( 'NONE', #2961, 8.250000000000000000 ) ;
#1410 = AXIS2_PLACEMENT_3D ( 'NONE', #3819, #3490, #69 ) ;
#1411 = FACE_OUTER_BOUND ( 'NONE', #2747, .T. ) ;
#1412 = PRODUCT_DEFINITION_CONTEXT ( 'detailed design', #1462, 'design' ) ;
#1413 = ADVANCED_FACE ( 'NONE', ( #2412 ), #3925, .T. ) ;
#1414 = AXIS2_PLACEMENT_3D ( 'NONE', #1512, #1467, #2959 ) ;
#1415 = ORIENTED_EDGE ( 'NONE', *, *, #1769, .F. ) ;
#1416 = DIRECTION ( 'NONE',  ( 0.000000000000000000, 0.6181589862206013919, 0.7860530947427906145 ) ) ;
#1417 = DIRECTION ( 'NONE',  ( -1.000000000000000000, -0.000000000000000000, -0.000000000000000000 ) ) ;
#1418 = CARTESIAN_POINT ( 'NONE',  ( 0.000000000000000000, -7.807616600036624277, 17.73895424916520014 ) ) ;
#1419 = AXIS2_PLACEMENT_3D ( 'NONE', #1923, #441, #4584 ) ;
#1420 = VERTEX_POINT ( 'NONE', #4220 ) ;
#1421 = ORIENTED_EDGE ( 'NONE', *, *, #2859, .T. ) ;
#1422 = VECTOR ( 'NONE', #4247, 1000.000000000000000 ) ;
#1423 = DIRECTION ( 'NONE',  ( -1.000000000000000000, -0.000000000000000000, -0.000000000000000000 ) ) ;
#1424 = CARTESIAN_POINT ( 'NONE',  ( 0.000000000000000000, 12.48899420472142019, 14.82074217377721226 ) ) ;
#1425 = DIRECTION ( 'NONE',  ( -1.000000000000000000, 0.000000000000000000, 0.000000000000000000 ) ) ;
#1426 = VERTEX_POINT ( 'NONE', #175 ) ;
#1427 = CARTESIAN_POINT ( 'NONE',  ( 10.00000000000000000, -0.6554375876670227585, 19.37007424858812854 ) ) ;
#1428 = CIRCLE ( 'NONE', #558, 19.06149999999999523 ) ;
#1429 = ORIENTED_EDGE ( 'NONE', *, *, #1018, .F. ) ;
#1430 = ORIENTED_EDGE ( 'NONE', *, *, #281, .F. ) ;
#1431 = DIRECTION ( 'NONE',  ( 0.000000000000000000, 0.000000000000000000, 1.000000000000000000 ) ) ;
#1432 = ADVANCED_FACE ( 'NONE', ( #3496 ), #489, .T. ) ;
#1433 = AXIS2_PLACEMENT_3D ( 'NONE', #1300, #971, #4339 ) ;
#1434 = ADVANCED_FACE ( 'NONE', ( #1967 ), #3469, .T. ) ;
#1435 = DIRECTION ( 'NONE',  ( 0.000000000000000000, 0.000000000000000000, -1.000000000000000000 ) ) ;
#1436 = AXIS2_PLACEMENT_3D ( 'NONE', #2288, #3379, #1903 ) ;
#1437 = ADVANCED_FACE ( 'NONE', ( #3336 ), #2180, .F. ) ;
#1438 = DIRECTION ( 'NONE',  ( -1.000000000000000000, 0.000000000000000000, 0.000000000000000000 ) ) ;
#1439 = EDGE_CURVE ( 'NONE', #2488, #3763, #3289, .T. ) ;
#1440 = CYLINDRICAL_SURFACE ( 'NONE', #3371, 8.250000000000000000 ) ;
#1441 = DIRECTION ( 'NONE',  ( 0.000000000000000000, 0.000000000000000000, 1.000000000000000000 ) ) ;
#1442 = VECTOR ( 'NONE', #3099, 1000.000000000000000 ) ;
#1443 = ORIENTED_EDGE ( 'NONE', *, *, #2792, .T. ) ;
#1444 = DIRECTION ( 'NONE',  ( 0.000000000000000000, 0.000000000000000000, 1.000000000000000000 ) ) ;
#1445 = DIRECTION ( 'NONE',  ( 0.000000000000000000, 0.2817325568414236758, 0.9594929736144991450 ) ) ;
#1446 = PRESENTATION_STYLE_ASSIGNMENT (( #1048 ) ) ;
#1447 = CIRCLE ( 'NONE', #1292, 21.87500000000000000 ) ;
#1448 = ORIENTED_EDGE ( 'NONE', *, *, #288, .F. ) ;
#1449 = CARTESIAN_POINT ( 'NONE',  ( 10.00000000000000000, -19.07963632779114249, 4.844584837883050277 ) ) ;
#1450 = CYLINDRICAL_SURFACE ( 'NONE', #3132, 21.87500000000000000 ) ;
#1451 = SHAPE_DEFINITION_REPRESENTATION ( #2309, #2765 ) ;
#1452 = VECTOR ( 'NONE', #977, 1000.000000000000000 ) ;
#1453 = AXIS2_PLACEMENT_3D ( 'NONE', #738, #2240, #3850 ) ;
#1454 = ORIENTED_EDGE ( 'NONE', *, *, #2541, .T. ) ;
#1455 = VERTEX_POINT ( 'NONE', #1733 ) ;
#1456 = DIRECTION ( 'NONE',  ( 0.000000000000000000, -0.6900790114821037102, -0.7237340381050780813 ) ) ;
#1457 = DIRECTION ( 'NONE',  ( -1.000000000000000000, -0.000000000000000000, 0.000000000000000000 ) ) ;
#1458 = ORIENTED_EDGE ( 'NONE', *, *, #202, .T. ) ;
#1459 = DIRECTION ( 'NONE',  ( -1.000000000000000000, -0.000000000000000000, 0.000000000000000000 ) ) ;
#1460 = DIRECTION ( 'NONE',  ( 0.000000000000000000, -0.7557495743542635980, 0.6548607339452788834 ) ) ;
#1461 = CYLINDRICAL_SURFACE ( 'NONE', #36, 21.87500000000000000 ) ;
#1462 = APPLICATION_CONTEXT ( 'automotive_design' ) ;
#1463 = EDGE_CURVE ( 'NONE', #1915, #3712, #1074, .T. ) ;
#1464 = ADVANCED_FACE ( 'NONE', ( #2945 ), #4112, .T. ) ;
#1465 = ORIENTED_EDGE ( 'NONE', *, *, #286, .T. ) ;
#1466 = LINE ( 'NONE', #2940, #1510 ) ;
#1467 = DIRECTION ( 'NONE',  ( -1.000000000000000000, 0.000000000000000000, 0.000000000000000000 ) ) ;
#1468 = EDGE_CURVE ( 'NONE', #2768, #2697, #2657, .T. ) ;
#1469 = ORIENTED_EDGE ( 'NONE', *, *, #4565, .F. ) ;
#1470 = CARTESIAN_POINT ( 'NONE',  ( 10.00000000000000000, 12.89251919775292876, -14.47108577691099818 ) ) ;
#1471 = DIRECTION ( 'NONE',  ( 1.000000000000000000, 0.000000000000000000, 0.000000000000000000 ) ) ;
#1472 = ORIENTED_EDGE ( 'NONE', *, *, #80, .F. ) ;
#1473 = EDGE_LOOP ( 'NONE', ( #164, #2950, #2019, #4767 ) ) ;
#1474 = DIRECTION ( 'NONE',  ( 0.000000000000000000, 0.000000000000000000, 1.000000000000000000 ) ) ;
#1475 = DIRECTION ( 'NONE',  ( -1.000000000000000000, -0.000000000000000000, -0.000000000000000000 ) ) ;
#1476 = ORIENTED_EDGE ( 'NONE', *, *, #1071, .F. ) ;
#1477 = VECTOR ( 'NONE', #1535, 1000.000000000000000 ) ;
#1478 = EDGE_LOOP ( 'NONE', ( #338, #735, #246, #661 ) ) ;
#1479 = LINE ( 'NONE', #440, #3608 ) ;
#1480 = FACE_OUTER_BOUND ( 'NONE', #1326, .T. ) ;
#1481 = LINE ( 'NONE', #4864, #4686 ) ;
#1482 = CIRCLE ( 'NONE', #4324, 19.06149999999999878 ) ;
#1483 = AXIS2_PLACEMENT_3D ( 'NONE', #1975, #4277, #3907 ) ;
#1484 = AXIS2_PLACEMENT_3D ( 'NONE', #701, #2249, #3226 ) ;
#1485 = ORIENTED_EDGE ( 'NONE', *, *, #2458, .F. ) ;
#1486 = CARTESIAN_POINT ( 'NONE',  ( 10.00000000000000000, 0.000000000000000000, 0.000000000000000000 ) ) ;
#1487 = DIRECTION ( 'NONE',  ( 0.000000000000000000, 0.5406408174555985546, -0.8412535328311806504 ) ) ;
#1488 = CIRCLE ( 'NONE', #2662, 21.87500000000000000 ) ;
#1489 = CARTESIAN_POINT ( 'NONE',  ( 0.000000000000000000, -5.523465750740511382, 21.16617469219217540 ) ) ;
#1490 = EDGE_CURVE ( 'NONE', #4595, #2443, #2927, .T. ) ;
#1491 = EDGE_CURVE ( 'NONE', #3244, #716, #1367, .T. ) ;
#1492 = ORIENTED_EDGE ( 'NONE', *, *, #3056, .T. ) ;
#1493 = AXIS2_PLACEMENT_3D ( 'NONE', #3983, #569, #3521 ) ;
#1494 = ORIENTED_EDGE ( 'NONE', *, *, #74, .F. ) ;
#1495 = CARTESIAN_POINT ( 'NONE',  ( 10.00000000000000000, 0.000000000000000000, 0.000000000000000000 ) ) ;
#1496 = DIRECTION ( 'NONE',  ( 0.000000000000000000, -0.1892512443603973638, -0.9819286972627092602 ) ) ;
#1497 = ADVANCED_FACE ( 'NONE', ( #3311 ), #1450, .T. ) ;
#1498 = DIRECTION ( 'NONE',  ( -1.000000000000000000, 0.000000000000000000, -0.000000000000000000 ) ) ;
#1499 = ORIENTED_EDGE ( 'NONE', *, *, #3418, .T. ) ;
#1500 = ORIENTED_EDGE ( 'NONE', *, *, #1010, .F. ) ;
#1501 = DIRECTION ( 'NONE',  ( 1.000000000000000000, -0.000000000000000000, -0.000000000000000000 ) ) ;
#1502 = DIRECTION ( 'NONE',  ( -1.000000000000000000, -0.000000000000000000, -0.000000000000000000 ) ) ;
#1503 = VECTOR ( 'NONE', #1544, 1000.000000000000000 ) ;
#1504 = CYLINDRICAL_SURFACE ( 'NONE', #345, 8.250000000000000000 ) ;
#1505 = EDGE_LOOP ( 'NONE', ( #919, #1200, #3864, #1628 ) ) ;
#1506 = LINE ( 'NONE', #3744, #2115 ) ;
#1507 = VERTEX_POINT ( 'NONE', #4349 ) ;
#1508 = LINE ( 'NONE', #4816, #3530 ) ;
#1509 = DIRECTION ( 'NONE',  ( 0.000000000000000000, -0.7557495743542635980, 0.6548607339452788834 ) ) ;
#1510 = VECTOR ( 'NONE', #3639, 1000.000000000000000 ) ;
#1511 = CARTESIAN_POINT ( 'NONE',  ( 10.00000000000000000, -18.97858750202512823, 3.929706255576767227 ) ) ;
#1512 = CARTESIAN_POINT ( 'NONE',  ( 10.00000000000000000, 2.493712332100717965, -19.22006174890893604 ) ) ;
#1513 = DIRECTION ( 'NONE',  ( 0.000000000000000000, 0.000000000000000000, 1.000000000000000000 ) ) ;
#1514 = ORIENTED_EDGE ( 'NONE', *, *, #702, .T. ) ;
#1515 = VECTOR ( 'NONE', #2022, 1000.000000000000000 ) ;
#1516 = EDGE_CURVE ( 'NONE', #4132, #4496, #1877, .T. ) ;
#1517 = ORIENTED_EDGE ( 'NONE', *, *, #462, .F. ) ;
#1518 = DIRECTION ( 'NONE',  ( 0.000000000000000000, -0.9450008187146715644, 0.3270679633174126133 ) ) ;
#1519 = DIRECTION ( 'NONE',  ( -1.000000000000000000, -0.000000000000000000, 0.000000000000000000 ) ) ;
#1520 = EDGE_CURVE ( 'NONE', #2213, #2274, #695, .T. ) ;
#1521 = EDGE_CURVE ( 'NONE', #1990, #943, #4804, .T. ) ;
#1522 = CARTESIAN_POINT ( 'NONE',  ( 10.00000000000000000, 18.81670555806885758, -3.045057337874013115 ) ) ;
#1523 = EDGE_LOOP ( 'NONE', ( #2520, #1392, #4066, #3951 ) ) ;
#1524 = AXIS2_PLACEMENT_3D ( 'NONE', #3987, #4279, #602 ) ;
#1525 = ORIENTED_EDGE ( 'NONE', *, *, #4363, .T. ) ;
#1526 = CARTESIAN_POINT ( 'NONE',  ( 0.000000000000000000, 0.000000000000000000, 0.000000000000000000 ) ) ;
#1527 = DIRECTION ( 'NONE',  ( 1.000000000000000000, -0.000000000000000000, -0.000000000000000000 ) ) ;
#1528 = VECTOR ( 'NONE', #455, 1000.000000000000000 ) ;
#1529 = AXIS2_PLACEMENT_3D ( 'NONE', #3908, #3129, #1268 ) ;
#1530 = EDGE_CURVE ( 'NONE', #2443, #4415, #2344, .T. ) ;
#1531 = VECTOR ( 'NONE', #418, 1000.000000000000000 ) ;
#1532 = AXIS2_PLACEMENT_3D ( 'NONE', #648, #325, #1828 ) ;
#1533 = CARTESIAN_POINT ( 'NONE',  ( 0.000000000000000000, 0.000000000000000000, 0.000000000000000000 ) ) ;
#1534 = VERTEX_POINT ( 'NONE', #4135 ) ;
#1535 = DIRECTION ( 'NONE',  ( -1.000000000000000000, 0.000000000000000000, -0.000000000000000000 ) ) ;
#1536 = CARTESIAN_POINT ( 'NONE',  ( 10.00000000000000000, 14.18333773862215708, -12.73474431789567873 ) ) ;
#1537 = CARTESIAN_POINT ( 'NONE',  ( 0.000000000000000000, 20.87938351306568308, 6.524336680025098367 ) ) ;
#1538 = ORIENTED_EDGE ( 'NONE', *, *, #1282, .T. ) ;
#1539 = CYLINDRICAL_SURFACE ( 'NONE', #795, 19.06149999999999523 ) ;
#1540 = DIRECTION ( 'NONE',  ( 0.000000000000000000, 0.000000000000000000, 1.000000000000000000 ) ) ;
#1541 = LINE ( 'NONE', #377, #4678 ) ;
#1542 = VERTEX_POINT ( 'NONE', #1122 ) ;
#1543 = ORIENTED_EDGE ( 'NONE', *, *, #2932, .T. ) ;
#1544 = DIRECTION ( 'NONE',  ( 1.000000000000000000, 0.000000000000000000, -0.000000000000000000 ) ) ;
#1545 = CARTESIAN_POINT ( 'NONE',  ( 10.00000000000000000, 0.000000000000000000, 0.000000000000000000 ) ) ;
#1546 = CARTESIAN_POINT ( 'NONE',  ( 10.00000000000000000, 18.51910866035968439, -5.715941676831082674 ) ) ;
#1547 = ORIENTED_EDGE ( 'NONE', *, *, #3103, .T. ) ;
#1548 = ORIENTED_EDGE ( 'NONE', *, *, #2382, .F. ) ;
#1549 = DIRECTION ( 'NONE',  ( -1.000000000000000000, -0.000000000000000000, -0.000000000000000000 ) ) ;
#1550 = DIRECTION ( 'NONE',  ( 0.000000000000000000, 0.000000000000000000, 1.000000000000000000 ) ) ;
#1551 = ADVANCED_FACE ( 'NONE', ( #311 ), #1839, .T. ) ;
#1552 = EDGE_CURVE ( 'NONE', #302, #3771, #3708, .T. ) ;
#1553 = CARTESIAN_POINT ( 'NONE',  ( 10.00000000000000000, -11.02364196210733915, -15.94078707963975816 ) ) ;
#1554 = ORIENTED_EDGE ( 'NONE', *, *, #263, .F. ) ;
#1555 = DIRECTION ( 'NONE',  ( -1.000000000000000000, -0.000000000000000000, 0.000000000000000000 ) ) ;
#1556 = FACE_OUTER_BOUND ( 'NONE', #3208, .T. ) ;
#1557 = VECTOR ( 'NONE', #1611, 1000.000000000000000 ) ;
#1558 = CARTESIAN_POINT ( 'NONE',  ( 0.000000000000000000, 0.000000000000000000, 0.000000000000000000 ) ) ;
#1559 = EDGE_CURVE ( 'NONE', #4770, #3734, #306, .T. ) ;
#1560 = AXIS2_PLACEMENT_3D ( 'NONE', #4649, #2479, #3241 ) ;
#1561 = CARTESIAN_POINT ( 'NONE',  ( 0.000000000000000000, -19.07963632779114249, -3.405415162116950167 ) ) ;
#1562 = DIRECTION ( 'NONE',  ( -1.000000000000000000, 0.000000000000000000, -0.000000000000000000 ) ) ;
#1563 = CARTESIAN_POINT ( 'NONE',  ( 0.000000000000000000, -9.031923240545301823, -16.78586145620466752 ) ) ;
#1564 = CIRCLE ( 'NONE', #2971, 21.87500000000000000 ) ;
#1565 = VECTOR ( 'NONE', #1562, 1000.000000000000000 ) ;
#1566 = CIRCLE ( 'NONE', #4873, 8.250000000000003553 ) ;
#1567 = VERTEX_POINT ( 'NONE', #1101 ) ;
#1568 = ORIENTED_EDGE ( 'NONE', *, *, #4231, .T. ) ;
#1569 = CIRCLE ( 'NONE', #1175, 8.250000000000000000 ) ;
#1570 = AXIS2_PLACEMENT_3D ( 'NONE', #1658, #2020, #1208 ) ;
#1571 = CARTESIAN_POINT ( 'NONE',  ( 0.000000000000000000, -13.84124418184874550, -13.56647833174040585 ) ) ;
#1572 = CYLINDRICAL_SURFACE ( 'NONE', #2189, 8.250000000000000000 ) ;
#1573 = AXIS2_PLACEMENT_3D ( 'NONE', #3627, #176, #3341 ) ;
#1574 = FACE_OUTER_BOUND ( 'NONE', #4358, .T. ) ;
#1575 = VERTEX_POINT ( 'NONE', #2589 ) ;
#1576 = VERTEX_POINT ( 'NONE', #723 ) ;
#1577 = DIRECTION ( 'NONE',  ( 0.000000000000000000, 0.000000000000000000, 1.000000000000000000 ) ) ;
#1578 = DIRECTION ( 'NONE',  ( 0.000000000000000000, 0.8145759520503369489, -0.5800569095711964884 ) ) ;
#1579 = EDGE_CURVE ( 'NONE', #3528, #3026, #3615, .T. ) ;
#1580 = EDGE_CURVE ( 'NONE', #156, #3949, #4332, .T. ) ;
#1581 = ORIENTED_EDGE ( 'NONE', *, *, #3298, .T. ) ;
#1582 = CARTESIAN_POINT ( 'NONE',  ( 10.00000000000000000, -10.02102082520656801, 16.21480569944568018 ) ) ;
#1583 = DIRECTION ( 'NONE',  ( 0.000000000000000000, -0.3716624556603156382, -0.9283679330160773402 ) ) ;
#1584 = CYLINDRICAL_SURFACE ( 'NONE', #2502, 8.250000000000000000 ) ;
#1585 = CARTESIAN_POINT ( 'NONE',  ( 0.000000000000000000, 17.42579843696904263, 13.22335713176222427 ) ) ;
#1586 = CIRCLE ( 'NONE', #708, 8.250000000000001776 ) ;
#1587 = ADVANCED_FACE ( 'NONE', ( #2743 ), #1572, .T. ) ;
#1588 = EDGE_CURVE ( 'NONE', #4612, #1542, #1341, .T. ) ;
#1589 = CARTESIAN_POINT ( 'NONE',  ( 10.00000000000000000, -4.309403631493492703, -18.89598939373152575 ) ) ;
#1590 = CYLINDRICAL_SURFACE ( 'NONE', #1483, 21.87500000000000000 ) ;
#1591 = CARTESIAN_POINT ( 'NONE',  ( 10.00000000000000000, 0.000000000000000000, 0.000000000000000000 ) ) ;
#1592 = VECTOR ( 'NONE', #1197, 1000.000000000000000 ) ;
#1593 = CIRCLE ( 'NONE', #3158, 8.250000000000000000 ) ;
#1594 = ORIENTED_EDGE ( 'NONE', *, *, #4211, .T. ) ;
#1595 = ORIENTED_EDGE ( 'NONE', *, *, #2090, .F. ) ;
#1596 = CARTESIAN_POINT ( 'NONE',  ( 10.00000000000000000, 11.51696013974881616, -15.18882521426317389 ) ) ;
#1597 = DIRECTION ( 'NONE',  ( 0.000000000000000000, 0.6900790114821132581, -0.7237340381050690885 ) ) ;
#1598 = CARTESIAN_POINT ( 'NONE',  ( 10.00000000000000000, -19.37932150058860969, 0.2669700432024069703 ) ) ;
#1599 = VERTEX_POINT ( 'NONE', #1912 ) ;
#1600 = CARTESIAN_POINT ( 'NONE',  ( 10.00000000000000000, 0.000000000000000000, 0.000000000000000000 ) ) ;
#1601 = CARTESIAN_POINT ( 'NONE',  ( 10.00000000000000000, 21.09217785974800563, -5.799625689021329578 ) ) ;
#1602 = DIRECTION ( 'NONE',  ( 0.000000000000000000, -0.8145759520503291773, -0.5800569095712073686 ) ) ;
#1603 = AXIS2_PLACEMENT_3D ( 'NONE', #2663, #3058, #3403 ) ;
#1604 = ORIENTED_EDGE ( 'NONE', *, *, #3947, .T. ) ;
#1605 = ORIENTED_EDGE ( 'NONE', *, *, #406, .T. ) ;
#1606 = CARTESIAN_POINT ( 'NONE',  ( 10.00000000000000000, -10.02102082520633886, -16.21480569944581873 ) ) ;
#1607 = CARTESIAN_POINT ( 'NONE',  ( 0.000000000000000000, 15.71962045500186989, 10.78120192746090034 ) ) ;
#1608 = CARTESIAN_POINT ( 'NONE',  ( 10.00000000000000000, 11.26292709241964651, -18.75265576687311864 ) ) ;
#1609 = DIRECTION ( 'NONE',  ( -1.000000000000000000, 0.000000000000000000, 0.000000000000000000 ) ) ;
#1610 = AXIS2_PLACEMENT_3D ( 'NONE', #4663, #144, #118 ) ;
#1611 = DIRECTION ( 'NONE',  ( -1.000000000000000000, 0.000000000000000000, 0.000000000000000000 ) ) ;
#1612 = DIRECTION ( 'NONE',  ( 0.000000000000000000, -0.6181589862206116059, 0.7860530947427825099 ) ) ;
#1613 = CARTESIAN_POINT ( 'NONE',  ( -10.00000000000000000, 0.000000000000000000, 0.000000000000000000 ) ) ;
#1614 = EDGE_CURVE ( 'NONE', #1030, #2476, #1955, .T. ) ;
#1615 = EDGE_CURVE ( 'NONE', #777, #3620, #2692, .T. ) ;
#1616 = VERTEX_POINT ( 'NONE', #2666 ) ;
#1617 = DIRECTION ( 'NONE',  ( -1.000000000000000000, 0.000000000000000000, -0.000000000000000000 ) ) ;
#1618 = AXIS2_PLACEMENT_3D ( 'NONE', #353, #425, #4128 ) ;
#1619 = CARTESIAN_POINT ( 'NONE',  ( 10.00000000000000000, 0.000000000000000000, 0.000000000000000000 ) ) ;
#1620 = EDGE_CURVE ( 'NONE', #2849, #2153, #3408, .T. ) ;
#1621 = DIRECTION ( 'NONE',  ( -1.000000000000000000, 0.000000000000000000, 0.000000000000000000 ) ) ;
#1622 = ORIENTED_EDGE ( 'NONE', *, *, #4211, .F. ) ;
#1623 = CIRCLE ( 'NONE', #4851, 8.250000000000000000 ) ;
#1624 = ORIENTED_EDGE ( 'NONE', *, *, #3905, .F. ) ;
#1625 = DIRECTION ( 'NONE',  ( 0.000000000000000000, 0.9718115683235425406, -0.2357589355094245609 ) ) ;
#1626 = DIRECTION ( 'NONE',  ( -1.000000000000000000, -0.000000000000000000, 0.000000000000000000 ) ) ;
#1627 = AXIS2_PLACEMENT_3D ( 'NONE', #1712, #2762, #3185 ) ;
#1628 = ORIENTED_EDGE ( 'NONE', *, *, #1520, .T. ) ;
#1629 = CARTESIAN_POINT ( 'NONE',  ( 10.00000000000000000, 5.046860401838296539, 18.38123995638913755 ) ) ;
#1630 = FACE_OUTER_BOUND ( 'NONE', #566, .T. ) ;
#1631 = DIRECTION ( 'NONE',  ( -1.000000000000000000, 0.000000000000000000, 0.000000000000000000 ) ) ;
#1632 = DIRECTION ( 'NONE',  ( 1.000000000000000000, 0.000000000000000000, 0.000000000000000000 ) ) ;
#1633 = CARTESIAN_POINT ( 'NONE',  ( 10.00000000000000000, 0.000000000000000000, 0.000000000000000000 ) ) ;
#1634 = CARTESIAN_POINT ( 'NONE',  ( 10.00000000000000000, 19.26619331636527832, 2.107882805941884374 ) ) ;
#1635 = AXIS2_PLACEMENT_3D ( 'NONE', #1254, #1652, #1024 ) ;
#1636 = CARTESIAN_POINT ( 'NONE',  ( 0.000000000000000000, 18.66953696610265112, -5.203629915594538247 ) ) ;
#1637 = ORIENTED_EDGE ( 'NONE', *, *, #4539, .T. ) ;
#1638 = VERTEX_POINT ( 'NONE', #62 ) ;
#1639 = ORIENTED_EDGE ( 'NONE', *, *, #4334, .T. ) ;
#1640 = ADVANCED_FACE ( 'NONE', ( #4257 ), #774, .T. ) ;
#1641 = FACE_OUTER_BOUND ( 'NONE', #2492, .T. ) ;
#1642 = EDGE_CURVE ( 'NONE', #1717, #2352, #233, .T. ) ;
#1643 = CIRCLE ( 'NONE', #3536, 19.06149999999999523 ) ;
#1644 = DIRECTION ( 'NONE',  ( 0.000000000000000000, 0.000000000000000000, 1.000000000000000000 ) ) ;
#1645 = AXIS2_PLACEMENT_3D ( 'NONE', #2553, #684, #804 ) ;
#1646 = AXIS2_PLACEMENT_3D ( 'NONE', #376, #1143, #472 ) ;
#1647 = AXIS2_PLACEMENT_3D ( 'NONE', #4441, #2095, #4714 ) ;
#1648 = CYLINDRICAL_SURFACE ( 'NONE', #2224, 8.250000000000000000 ) ;
#1649 = ORIENTED_EDGE ( 'NONE', *, *, #462, .T. ) ;
#1650 = DIRECTION ( 'NONE',  ( -1.000000000000000000, 0.000000000000000000, 0.000000000000000000 ) ) ;
#1651 = EDGE_CURVE ( 'NONE', #3867, #3966, #411, .T. ) ;
#1652 = DIRECTION ( 'NONE',  ( -1.000000000000000000, 0.000000000000000000, 0.000000000000000000 ) ) ;
#1653 = DIRECTION ( 'NONE',  ( -1.000000000000000000, -0.000000000000000000, 0.000000000000000000 ) ) ;
#1654 = AXIS2_PLACEMENT_3D ( 'NONE', #1868, #1475, #1801 ) ;
#1655 = ORIENTED_EDGE ( 'NONE', *, *, #3383, .T. ) ;
#1656 = ORIENTED_EDGE ( 'NONE', *, *, #132, .F. ) ;
#1657 = CARTESIAN_POINT ( 'NONE',  ( 10.00000000000000000, 3.936943220686514255, -18.65050295104907718 ) ) ;
#1658 = CARTESIAN_POINT ( 'NONE',  ( 10.00000000000000000, 0.000000000000000000, 0.000000000000000000 ) ) ;
#1659 = FACE_OUTER_BOUND ( 'NONE', #1327, .T. ) ;
#1660 = DIRECTION ( 'NONE',  ( -1.000000000000000000, 0.000000000000000000, -0.000000000000000000 ) ) ;
#1661 = AXIS2_PLACEMENT_3D ( 'NONE', #905, #2353, #2379 ) ;
#1662 = DIRECTION ( 'NONE',  ( 0.000000000000000000, 0.000000000000000000, -1.000000000000000000 ) ) ;
#1663 = CARTESIAN_POINT ( 'NONE',  ( 10.00000000000000000, 6.590642123069916813, -18.22615733589392661 ) ) ;
#1664 = DIRECTION ( 'NONE',  ( -1.000000000000000000, -0.000000000000000000, 0.000000000000000000 ) ) ;
#1665 = CIRCLE ( 'NONE', #85, 8.250000000000000000 ) ;
#1666 = ORIENTED_EDGE ( 'NONE', *, *, #3783, .T. ) ;
#1667 = VERTEX_POINT ( 'NONE', #3482 ) ;
#1668 = CARTESIAN_POINT ( 'NONE',  ( 10.00000000000000000, -21.54796031594043271, 3.768425562838723319 ) ) ;
#1669 = AXIS2_PLACEMENT_3D ( 'NONE', #109, #1146, #1121 ) ;
#1670 = DIRECTION ( 'NONE',  ( -1.000000000000000000, -0.000000000000000000, -0.000000000000000000 ) ) ;
#1671 = ORIENTED_EDGE ( 'NONE', *, *, #4424, .F. ) ;
#1672 = CIRCLE ( 'NONE', #1036, 8.250000000000003553 ) ;
#1673 = LINE ( 'NONE', #3486, #1212 ) ;
#1674 = ORIENTED_EDGE ( 'NONE', *, *, #3266, .F. ) ;
#1675 = DIRECTION ( 'NONE',  ( 0.000000000000000000, 0.000000000000000000, 1.000000000000000000 ) ) ;
#1676 = CARTESIAN_POINT ( 'NONE',  ( 10.00000000000000000, 18.60055953293729303, -4.166529408471200568 ) ) ;
#1677 = DIRECTION ( 'NONE',  ( -1.000000000000000000, 0.000000000000000000, 0.000000000000000000 ) ) ;
#1678 = AXIS2_PLACEMENT_3D ( 'NONE', #3903, #1313, #570 ) ;
#1679 = ADVANCED_FACE ( 'NONE', ( #3863 ), #2319, .T. ) ;
#1680 = EDGE_CURVE ( 'NONE', #2636, #302, #2675, .T. ) ;
#1681 = ORIENTED_EDGE ( 'NONE', *, *, #1463, .F. ) ;
#1682 = ORIENTED_EDGE ( 'NONE', *, *, #1376, .T. ) ;
#1683 = DIRECTION ( 'NONE',  ( 0.000000000000000000, 0.000000000000000000, 1.000000000000000000 ) ) ;
#1684 = VERTEX_POINT ( 'NONE', #3832 ) ;
#1685 = CARTESIAN_POINT ( 'NONE',  ( 10.00000000000000000, 10.58662356627748480, -15.85131488917994957 ) ) ;
#1686 = DIRECTION ( 'NONE',  ( -1.000000000000000000, 0.000000000000000000, -0.000000000000000000 ) ) ;
#1687 = CARTESIAN_POINT ( 'NONE',  ( 10.00000000000000000, -6.771255768455159973, 17.81827369775653835 ) ) ;
#1688 = EDGE_CURVE ( 'NONE', #1797, #1711, #798, .T. ) ;
#1689 = ORIENTED_EDGE ( 'NONE', *, *, #4692, .F. ) ;
#1690 = FACE_OUTER_BOUND ( 'NONE', #2498, .T. ) ;
#1691 = DIRECTION ( 'NONE',  ( 1.000000000000000000, 0.000000000000000000, 0.000000000000000000 ) ) ;
#1692 = DIRECTION ( 'NONE',  ( -1.000000000000000000, 0.000000000000000000, 0.000000000000000000 ) ) ;
#1693 = CIRCLE ( 'NONE', #4765, 19.06149999999999523 ) ;
#1694 = VERTEX_POINT ( 'NONE', #4573 ) ;
#1695 = ORIENTED_EDGE ( 'NONE', *, *, #1680, .T. ) ;
#1696 = VERTEX_POINT ( 'NONE', #3457 ) ;
#1697 = LINE ( 'NONE', #605, #3070 ) ;
#1698 = DIRECTION ( 'NONE',  ( 0.000000000000000000, -0.09505604330418929160, 0.9954719225730840337 ) ) ;
#1699 = VERTEX_POINT ( 'NONE', #3388 ) ;
#1700 = DIRECTION ( 'NONE',  ( 0.000000000000000000, 0.000000000000000000, 1.000000000000000000 ) ) ;
#1701 = DIRECTION ( 'NONE',  ( -1.000000000000000000, 0.000000000000000000, -0.000000000000000000 ) ) ;
#1702 = CARTESIAN_POINT ( 'NONE',  ( 0.000000000000000000, 19.26732701731214448, -10.35788272804598797 ) ) ;
#1703 = FACE_OUTER_BOUND ( 'NONE', #4234, .T. ) ;
#1704 = CIRCLE ( 'NONE', #3993, 8.250000000000003553 ) ;
#1705 = ORIENTED_EDGE ( 'NONE', *, *, #2356, .T. ) ;
#1706 = DIRECTION ( 'NONE',  ( 0.000000000000000000, 0.000000000000000000, 1.000000000000000000 ) ) ;
#1707 = EDGE_CURVE ( 'NONE', #1711, #4432, #3957, .T. ) ;
#1708 = DIRECTION ( 'NONE',  ( 0.000000000000000000, 0.000000000000000000, 1.000000000000000000 ) ) ;
#1709 = EDGE_CURVE ( 'NONE', #3244, #3736, #1754, .T. ) ;
#1710 = CARTESIAN_POINT ( 'NONE',  ( 10.00000000000000000, 6.590642123069916813, -18.22615733589392661 ) ) ;
#1711 = VERTEX_POINT ( 'NONE', #2346 ) ;
#1712 = CARTESIAN_POINT ( 'NONE',  ( 50.00005079999999680, 0.000000000000000000, 0.000000000000000000 ) ) ;
#1713 = ADVANCED_FACE ( 'NONE', ( #1981 ), #110, .T. ) ;
#1714 = CARTESIAN_POINT ( 'NONE',  ( 5.000000000000000000, 16.95889912262176225, 13.81706790707560728 ) ) ;
#1715 = DIRECTION ( 'NONE',  ( 0.000000000000000000, 0.000000000000000000, 1.000000000000000000 ) ) ;
#1716 = AXIS2_PLACEMENT_3D ( 'NONE', #3923, #4348, #541 ) ;
#1717 = VERTEX_POINT ( 'NONE', #386 ) ;
#1718 = ORIENTED_EDGE ( 'NONE', *, *, #3741, .F. ) ;
#1719 = DIRECTION ( 'NONE',  ( 0.000000000000000000, 0.000000000000000000, 1.000000000000000000 ) ) ;
#1720 = CARTESIAN_POINT ( 'NONE',  ( 0.000000000000000000, -17.19660498001186255, 8.222989688150587284 ) ) ;
#1721 = ORIENTED_EDGE ( 'NONE', *, *, #1795, .F. ) ;
#1722 = AXIS2_PLACEMENT_3D ( 'NONE', #510, #882, #2920 ) ;
#1723 = DIRECTION ( 'NONE',  ( 0.000000000000000000, 0.000000000000000000, -1.000000000000000000 ) ) ;
#1724 = CARTESIAN_POINT ( 'NONE',  ( 0.000000000000000000, -16.67325919374782117, 9.238138887682060485 ) ) ;
#1725 = DIRECTION ( 'NONE',  ( 0.000000000000000000, -0.2817325568414367210, 0.9594929736144954813 ) ) ;
#1726 = AXIS2_PLACEMENT_3D ( 'NONE', #511, #2015, #140 ) ;
#1727 = AXIS2_PLACEMENT_3D ( 'NONE', #2584, #2608, #4476 ) ;
#1728 = ORIENTED_EDGE ( 'NONE', *, *, #1157, .T. ) ;
#1729 = ORIENTED_EDGE ( 'NONE', *, *, #463, .F. ) ;
#1730 = AXIS2_PLACEMENT_3D ( 'NONE', #1085, #4150, #2603 ) ;
#1731 = DIRECTION ( 'NONE',  ( 0.000000000000000000, 0.000000000000000000, 1.000000000000000000 ) ) ;
#1732 = ORIENTED_EDGE ( 'NONE', *, *, #1044, .T. ) ;
#1733 = CARTESIAN_POINT ( 'NONE',  ( 0.000000000000000000, -5.691959453117474865, 18.19182178436415853 ) ) ;
#1734 = CYLINDRICAL_SURFACE ( 'NONE', #2731, 8.250000000000000000 ) ;
#1735 = AXIS2_PLACEMENT_3D ( 'NONE', #2679, #3445, #3849 ) ;
#1736 = ADVANCED_FACE ( 'NONE', ( #3534, #1301 ), #4757, .F. ) ;
#1737 = EDGE_CURVE ( 'NONE', #2385, #4432, #4235, .T. ) ;
#1738 = EDGE_LOOP ( 'NONE', ( #1639, #591, #4051, #178 ) ) ;
#1739 = DIRECTION ( 'NONE',  ( -1.000000000000000000, 0.000000000000000000, 0.000000000000000000 ) ) ;
#1740 = CYLINDRICAL_SURFACE ( 'NONE', #2436, 8.250000000000000000 ) ;
#1741 = CARTESIAN_POINT ( 'NONE',  ( -10.00000000000000000, 0.000000000000000000, 0.000000000000000000 ) ) ;
#1742 = ADVANCED_FACE ( 'NONE', ( #4283 ), #4310, .T. ) ;
#1743 = EDGE_CURVE ( 'NONE', #465, #290, #2111, .T. ) ;
#1744 = VERTEX_POINT ( 'NONE', #2427 ) ;
#1745 = ORIENTED_EDGE ( 'NONE', *, *, #3047, .T. ) ;
#1746 = FACE_OUTER_BOUND ( 'NONE', #3268, .T. ) ;
#1747 = CARTESIAN_POINT ( 'NONE',  ( 0.000000000000000000, 11.51696013974881616, -15.18882521426317389 ) ) ;
#1748 = ORIENTED_EDGE ( 'NONE', *, *, #650, .T. ) ;
#1749 = EDGE_CURVE ( 'NONE', #746, #4645, #612, .T. ) ;
#1750 = CIRCLE ( 'NONE', #1433, 21.87500000000000000 ) ;
#1751 = VERTEX_POINT ( 'NONE', #4705 ) ;
#1752 = DIRECTION ( 'NONE',  ( 0.000000000000000000, 0.000000000000000000, 1.000000000000000000 ) ) ;
#1753 = CIRCLE ( 'NONE', #408, 21.87500000000000000 ) ;
#1754 = CIRCLE ( 'NONE', #2366, 21.87500000000000000 ) ;
#1755 = ORIENTED_EDGE ( 'NONE', *, *, #3323, .T. ) ;
#1756 = ORIENTED_EDGE ( 'NONE', *, *, #4882, .F. ) ;
#1757 = CARTESIAN_POINT ( 'NONE',  ( 10.00000000000000000, 12.89251919775272981, 14.47108577691117226 ) ) ;
#1758 = ORIENTED_EDGE ( 'NONE', *, *, #974, .F. ) ;
#1759 = CYLINDRICAL_SURFACE ( 'NONE', #4626, 19.06149999999999523 ) ;
#1760 = EDGE_LOOP ( 'NONE', ( #4465, #3429, #2036, #358 ) ) ;
#1761 = CARTESIAN_POINT ( 'NONE',  ( 10.00000000000000000, 18.81670555806881850, 3.045057337874266690 ) ) ;
#1762 = DIRECTION ( 'NONE',  ( -1.000000000000000000, 0.000000000000000000, -0.000000000000000000 ) ) ;
#1763 = CARTESIAN_POINT ( 'NONE',  ( 10.00000000000000000, -18.91238855906794925, -2.379567448263579799 ) ) ;
#1764 = VERTEX_POINT ( 'NONE', #3508 ) ;
#1765 = CARTESIAN_POINT ( 'NONE',  ( 0.000000000000000000, -15.56871210900736813, -15.36654900317072325 ) ) ;
#1766 = DIRECTION ( 'NONE',  ( 0.000000000000000000, 0.000000000000000000, 1.000000000000000000 ) ) ;
#1767 = EDGE_CURVE ( 'NONE', #1397, #2480, #61, .T. ) ;
#1768 = AXIS2_PLACEMENT_3D ( 'NONE', #4559, #757, #25 ) ;
#1769 = EDGE_CURVE ( 'NONE', #3021, #3356, #3124, .T. ) ;
#1770 = ORIENTED_EDGE ( 'NONE', *, *, #4006, .F. ) ;
#1771 = AXIS2_PLACEMENT_3D ( 'NONE', #514, #594, #4270 ) ;
#1772 = ORIENTED_EDGE ( 'NONE', *, *, #493, .T. ) ;
#1773 = DIRECTION ( 'NONE',  ( -1.000000000000000000, 0.000000000000000000, 0.000000000000000000 ) ) ;
#1774 = ADVANCED_FACE ( 'NONE', ( #131 ), #529, .T. ) ;
#1775 = VERTEX_POINT ( 'NONE', #2033 ) ;
#1776 = EDGE_LOOP ( 'NONE', ( #134, #245, #2491, #2779 ) ) ;
#1777 = DIRECTION ( 'NONE',  ( 0.000000000000000000, -0.4582265217274175129, 0.8888354486549197020 ) ) ;
#1778 = ORIENTED_EDGE ( 'NONE', *, *, #347, .T. ) ;
#1779 = DIRECTION ( 'NONE',  ( -1.000000000000000000, -0.000000000000000000, 0.000000000000000000 ) ) ;
#1780 = ORIENTED_EDGE ( 'NONE', *, *, #4764, .T. ) ;
#1781 = AXIS2_PLACEMENT_3D ( 'NONE', #803, #4512, #3416 ) ;
#1782 = CARTESIAN_POINT ( 'NONE',  ( 0.000000000000000000, 15.06814570829575040, 12.18935436111003057 ) ) ;
#1783 = LINE ( 'NONE', #712, #3689 ) ;
#1784 = DIRECTION ( 'NONE',  ( 0.000000000000000000, 0.000000000000000000, -1.000000000000000000 ) ) ;
#1785 = ORIENTED_EDGE ( 'NONE', *, *, #674, .T. ) ;
#1786 = ORIENTED_EDGE ( 'NONE', *, *, #756, .F. ) ;
#1787 = CARTESIAN_POINT ( 'NONE',  ( 0.000000000000000000, -4.828292784253863879, 18.77010824733479666 ) ) ;
#1788 = DIRECTION ( 'NONE',  ( -1.000000000000000000, -0.000000000000000000, -0.000000000000000000 ) ) ;
#1789 = CARTESIAN_POINT ( 'NONE',  ( 0.000000000000000000, 21.73680468795403797, 2.454984105394415028 ) ) ;
#1790 = AXIS2_PLACEMENT_3D ( 'NONE', #1424, #190, #1625 ) ;
#1791 = EDGE_CURVE ( 'NONE', #992, #716, #4010, .T. ) ;
#1792 = EDGE_CURVE ( 'NONE', #984, #3517, #2255, .T. ) ;
#1793 = ORIENTED_EDGE ( 'NONE', *, *, #2855, .T. ) ;
#1794 = DIRECTION ( 'NONE',  ( -1.000000000000000000, -0.000000000000000000, -0.000000000000000000 ) ) ;
#1795 = EDGE_CURVE ( 'NONE', #1952, #4214, #3841, .T. ) ;
#1796 = VERTEX_POINT ( 'NONE', #1720 ) ;
#1797 = VERTEX_POINT ( 'NONE', #557 ) ;
#1798 = CARTESIAN_POINT ( 'NONE',  ( 0.000000000000000000, -6.771255768454917501, -17.81827369775663428 ) ) ;
#1799 = ORIENTED_EDGE ( 'NONE', *, *, #1521, .F. ) ;
#1800 = CIRCLE ( 'NONE', #1876, 21.87500000000000000 ) ;
#1801 = DIRECTION ( 'NONE',  ( 0.000000000000000000, 0.000000000000000000, 1.000000000000000000 ) ) ;
#1802 = AXIS2_PLACEMENT_3D ( 'NONE', #304, #2219, #3353 ) ;
#1803 = CIRCLE ( 'NONE', #4555, 8.250000000000000000 ) ;
#1804 = CARTESIAN_POINT ( 'NONE',  ( 0.000000000000000000, -8.293305586233035598, 17.51714752122900975 ) ) ;
#1805 = CARTESIAN_POINT ( 'NONE',  ( 10.00000000000000000, -0.6554375876667573042, -19.37007424858813209 ) ) ;
#1806 = DIRECTION ( 'NONE',  ( -1.000000000000000000, 0.000000000000000000, 0.000000000000000000 ) ) ;
#1807 = AXIS2_PLACEMENT_3D ( 'NONE', #3123, #3801, #2654 ) ;
#1808 = VERTEX_POINT ( 'NONE', #1747 ) ;
#1809 = DIRECTION ( 'NONE',  ( 1.000000000000000000, 0.000000000000000000, 0.000000000000000000 ) ) ;
#1810 = DIRECTION ( 'NONE',  ( -1.000000000000000000, 0.000000000000000000, 0.000000000000000000 ) ) ;
#1811 = ORIENTED_EDGE ( 'NONE', *, *, #3207, .T. ) ;
#1812 = ORIENTED_EDGE ( 'NONE', *, *, #1890, .F. ) ;
#1813 = DIRECTION ( 'NONE',  ( -1.000000000000000000, 0.000000000000000000, -0.000000000000000000 ) ) ;
#1814 = CARTESIAN_POINT ( 'NONE',  ( 10.00000000000000000, -16.44725757863466953, 10.25266272580874549 ) ) ;
#1815 = ORIENTED_EDGE ( 'NONE', *, *, #531, .F. ) ;
#1816 = ORIENTED_EDGE ( 'NONE', *, *, #3741, .T. ) ;
#1817 = FACE_OUTER_BOUND ( 'NONE', #3184, .T. ) ;
#1818 = AXIS2_PLACEMENT_3D ( 'NONE', #3265, #2926, #287 ) ;
#1819 = VECTOR ( 'NONE', #876, 1000.000000000000000 ) ;
#1820 = DIRECTION ( 'NONE',  ( 0.000000000000000000, 0.9450008187146671235, 0.3270679633174254364 ) ) ;
#1821 = EDGE_CURVE ( 'NONE', #1390, #1420, #2059, .T. ) ;
#1822 = EDGE_CURVE ( 'NONE', #4138, #2196, #1944, .T. ) ;
#1823 = CIRCLE ( 'NONE', #4043, 19.06149999999999523 ) ;
#1824 = ORIENTED_EDGE ( 'NONE', *, *, #2540, .T. ) ;
#1825 = ORIENTED_EDGE ( 'NONE', *, *, #2300, .F. ) ;
#1826 = CARTESIAN_POINT ( 'NONE',  ( 10.00000000000000000, -11.02364196210755232, 15.94078707963960895 ) ) ;
#1827 = CARTESIAN_POINT ( 'NONE',  ( 0.000000000000000000, 0.000000000000000000, 0.000000000000000000 ) ) ;
#1828 = DIRECTION ( 'NONE',  ( 0.000000000000000000, 0.000000000000000000, 1.000000000000000000 ) ) ;
#1829 = EDGE_CURVE ( 'NONE', #2880, #2241, #2334, .T. ) ;
#1830 = ORIENTED_EDGE ( 'NONE', *, *, #4614, .F. ) ;
#1831 = CYLINDRICAL_SURFACE ( 'NONE', #3240, 19.06149999999999523 ) ;
#1832 = DIRECTION ( 'NONE',  ( 0.000000000000000000, 0.8660254037844363761, 0.5000000000000041078 ) ) ;
#1833 = CARTESIAN_POINT ( 'NONE',  ( 0.000000000000000000, 15.39820557081061025, -11.76964910378387685 ) ) ;
#1834 = CIRCLE ( 'NONE', #2611, 21.87500000000000000 ) ;
#1835 = EDGE_LOOP ( 'NONE', ( #4730, #1128, #4028, #1847 ) ) ;
#1836 = VECTOR ( 'NONE', #2011, 1000.000000000000000 ) ;
#1837 = CARTESIAN_POINT ( 'NONE',  ( 10.00000000000000000, -5.523465750740511382, 21.16617469219217540 ) ) ;
#1838 = CIRCLE ( 'NONE', #1136, 8.250000000000001776 ) ;
#1839 = CYLINDRICAL_SURFACE ( 'NONE', #853, 8.250000000000000000 ) ;
#1840 = VECTOR ( 'NONE', #1609, 1000.000000000000000 ) ;
#1841 = ORIENTED_EDGE ( 'NONE', *, *, #4728, .F. ) ;
#1842 = VERTEX_POINT ( 'NONE', #4364 ) ;
#1843 = CARTESIAN_POINT ( 'NONE',  ( 0.000000000000000000, 19.31694754834044048, -1.576360441589381045 ) ) ;
#1844 = CYLINDRICAL_SURFACE ( 'NONE', #3777, 19.06149999999999523 ) ;
#1845 = EDGE_CURVE ( 'NONE', #2519, #1744, #3193, .T. ) ;
#1846 = ADVANCED_FACE ( 'NONE', ( #212 ), #3887, .T. ) ;
#1847 = ORIENTED_EDGE ( 'NONE', *, *, #1098, .T. ) ;
#1848 = CARTESIAN_POINT ( 'NONE',  ( 0.000000000000000000, 12.89251919775272981, 14.47108577691117226 ) ) ;
#1849 = MANIFOLD_SOLID_BREP ( 'Bore', #475 ) ;
#1850 = CARTESIAN_POINT ( 'NONE',  ( 0.000000000000000000, 0.000000000000000000, 0.000000000000000000 ) ) ;
#1851 = CARTESIAN_POINT ( 'NONE',  ( 10.00000000000000000, 0.000000000000000000, 0.000000000000000000 ) ) ;
#1852 = AXIS2_PLACEMENT_3D ( 'NONE', #3271, #3668, #293 ) ;
#1853 = EDGE_CURVE ( 'NONE', #3414, #1934, #2561, .T. ) ;
#1854 = ORIENTED_EDGE ( 'NONE', *, *, #4267, .F. ) ;
#1855 = DIRECTION ( 'NONE',  ( 1.000000000000000000, -0.000000000000000000, 0.000000000000000000 ) ) ;
#1856 = DIRECTION ( 'NONE',  ( 0.000000000000000000, 0.000000000000000000, 1.000000000000000000 ) ) ;
#1857 = LINE ( 'NONE', #4413, #2936 ) ;
#1858 = VERTEX_POINT ( 'NONE', #1069 ) ;
#1859 = VERTEX_POINT ( 'NONE', #4063 ) ;
#1860 = DIRECTION ( 'NONE',  ( 0.000000000000000000, 0.000000000000000000, 1.000000000000000000 ) ) ;
#1861 = DIRECTION ( 'NONE',  ( -1.000000000000000000, -0.000000000000000000, -0.000000000000000000 ) ) ;
#1862 = AXIS2_PLACEMENT_3D ( 'NONE', #3946, #484, #3282 ) ;
#1863 = CIRCLE ( 'NONE', #3342, 8.250000000000000000 ) ;
#1864 = AXIS2_PLACEMENT_3D ( 'NONE', #893, #2844, #3127 ) ;
#1865 = VERTEX_POINT ( 'NONE', #4477 ) ;
#1866 = VERTEX_POINT ( 'NONE', #1025 ) ;
#1867 = DIRECTION ( 'NONE',  ( -1.000000000000000000, -0.000000000000000000, -0.000000000000000000 ) ) ;
#1868 = CARTESIAN_POINT ( 'NONE',  ( 10.00000000000000000, 0.000000000000000000, 0.000000000000000000 ) ) ;
#1869 = AXIS2_PLACEMENT_3D ( 'NONE', #1619, #1519, #3108 ) ;
#1870 = AXIS2_PLACEMENT_3D ( 'NONE', #121, #1631, #2758 ) ;
#1871 = ORIENTED_EDGE ( 'NONE', *, *, #127, .T. ) ;
#1872 = DIRECTION ( 'NONE',  ( -1.000000000000000000, -0.000000000000000000, 0.000000000000000000 ) ) ;
#1873 = CARTESIAN_POINT ( 'NONE',  ( 0.000000000000000000, 3.486482252031460671, -21.59537141394584836 ) ) ;
#1874 = CARTESIAN_POINT ( 'NONE',  ( 0.000000000000000000, 21.73680468795406995, -2.454984105394124150 ) ) ;
#1875 = EDGE_CURVE ( 'NONE', #2849, #4773, #2646, .T. ) ;
#1876 = AXIS2_PLACEMENT_3D ( 'NONE', #4888, #1502, #2999 ) ;
#1877 = CIRCLE ( 'NONE', #772, 8.250000000000000000 ) ;
#1878 = EDGE_LOOP ( 'NONE', ( #1033, #1594, #4809, #3250 ) ) ;
#1879 = DIRECTION ( 'NONE',  ( 0.000000000000000000, 0.2817325568414236758, 0.9594929736144991450 ) ) ;
#1880 = DIRECTION ( 'NONE',  ( 0.000000000000000000, 0.000000000000000000, 1.000000000000000000 ) ) ;
#1881 = DIRECTION ( 'NONE',  ( -1.000000000000000000, -0.000000000000000000, -0.000000000000000000 ) ) ;
#1882 = ORIENTED_EDGE ( 'NONE', *, *, #2068, .F. ) ;
#1883 = EDGE_CURVE ( 'NONE', #1542, #3071, #1857, .T. ) ;
#1884 = EDGE_CURVE ( 'NONE', #2153, #2040, #4124, .T. ) ;
#1885 = ORIENTED_EDGE ( 'NONE', *, *, #2099, .T. ) ;
#1886 = AXIS2_PLACEMENT_3D ( 'NONE', #3670, #1457, #729 ) ;
#1887 = VERTEX_POINT ( 'NONE', #1789 ) ;
#1888 = CARTESIAN_POINT ( 'NONE',  ( 0.000000000000000000, 1.476984525010125004, -19.00419161561154979 ) ) ;
#1889 = CARTESIAN_POINT ( 'NONE',  ( 10.00000000000000000, 6.590642123069674341, 18.22615733589401188 ) ) ;
#1890 = EDGE_CURVE ( 'NONE', #285, #1420, #2074, .T. ) ;
#1891 = CARTESIAN_POINT ( 'NONE',  ( 0.000000000000000000, 19.26619331636527832, 2.107882805941884374 ) ) ;
#1892 = VERTEX_POINT ( 'NONE', #261 ) ;
#1893 = VERTEX_POINT ( 'NONE', #2220 ) ;
#1894 = CARTESIAN_POINT ( 'NONE',  ( 10.00000000000000000, -3.276759885896963098, 18.77774285957117684 ) ) ;
#1895 = DIRECTION ( 'NONE',  ( -1.000000000000000000, -0.000000000000000000, -0.000000000000000000 ) ) ;
#1896 = CARTESIAN_POINT ( 'NONE',  ( 10.00000000000000000, -5.691959453117474865, 18.19182178436415853 ) ) ;
#1897 = ORIENTED_EDGE ( 'NONE', *, *, #855, .T. ) ;
#1898 = DIRECTION ( 'NONE',  ( -1.000000000000000000, -0.000000000000000000, 0.000000000000000000 ) ) ;
#1899 = DIRECTION ( 'NONE',  ( 0.000000000000000000, 0.000000000000000000, 1.000000000000000000 ) ) ;
#1900 = CARTESIAN_POINT ( 'NONE',  ( 10.00000000000000000, 20.87938351306568308, 6.524336680025098367 ) ) ;
#1901 = CIRCLE ( 'NONE', #3796, 21.87500000000000000 ) ;
#1902 = ORIENTED_EDGE ( 'NONE', *, *, #3474, .F. ) ;
#1903 = DIRECTION ( 'NONE',  ( 0.000000000000000000, 0.000000000000000000, 1.000000000000000000 ) ) ;
#1904 = FACE_OUTER_BOUND ( 'NONE', #1182, .T. ) ;
#1905 = AXIS2_PLACEMENT_3D ( 'NONE', #2389, #2442, #2073 ) ;
#1906 = DIRECTION ( 'NONE',  ( 0.000000000000000000, 0.000000000000000000, 1.000000000000000000 ) ) ;
#1907 = ORIENTED_EDGE ( 'NONE', *, *, #1938, .F. ) ;
#1908 = ORIENTED_EDGE ( 'NONE', *, *, #624, .T. ) ;
#1909 = EDGE_CURVE ( 'NONE', #3113, #1426, #4081, .T. ) ;
#1910 = CARTESIAN_POINT ( 'NONE',  ( 10.00000000000000000, 0.000000000000000000, 0.000000000000000000 ) ) ;
#1911 = EDGE_CURVE ( 'NONE', #1097, #1576, #631, .T. ) ;
#1912 = CARTESIAN_POINT ( 'NONE',  ( 10.00000000000000000, -9.429374427846735074, -19.73835157502951176 ) ) ;
#1913 = DIRECTION ( 'NONE',  ( -1.000000000000000000, -0.000000000000000000, 0.000000000000000000 ) ) ;
#1914 = EDGE_LOOP ( 'NONE', ( #196, #1656, #1083, #2052 ) ) ;
#1915 = VERTEX_POINT ( 'NONE', #4780 ) ;
#1916 = ADVANCED_FACE ( 'NONE', ( #654 ), #672, .T. ) ;
#1917 = CARTESIAN_POINT ( 'NONE',  ( 0.000000000000000000, 0.000000000000000000, 0.000000000000000000 ) ) ;
#1918 = CARTESIAN_POINT ( 'NONE',  ( 10.00000000000000000, 1.476984525010125004, -19.00419161561154979 ) ) ;
#1919 = AXIS2_PLACEMENT_3D ( 'NONE', #2457, #507, #2833 ) ;
#1920 = CARTESIAN_POINT ( 'NONE',  ( 10.00000000000000000, 1.476984525010125004, -19.00419161561154979 ) ) ;
#1921 = VERTEX_POINT ( 'NONE', #1489 ) ;
#1922 = DIRECTION ( 'NONE',  ( 0.000000000000000000, 0.000000000000000000, 1.000000000000000000 ) ) ;
#1923 = CARTESIAN_POINT ( 'NONE',  ( 10.00000000000000000, 12.48899420472142019, 14.82074217377721226 ) ) ;
#1924 = CARTESIAN_POINT ( 'NONE',  ( 10.00000000000000000, 16.95889912262176580, 13.81706790707560728 ) ) ;
#1925 = CARTESIAN_POINT ( 'NONE',  ( 0.000000000000000000, 0.000000000000000000, 0.000000000000000000 ) ) ;
#1926 = CYLINDRICAL_SURFACE ( 'NONE', #4243, 8.250000000000000000 ) ;
#1927 = FACE_OUTER_BOUND ( 'NONE', #66, .T. ) ;
#1928 = VERTEX_POINT ( 'NONE', #3704 ) ;
#1929 = DIRECTION ( 'NONE',  ( 0.000000000000000000, 0.4582265217274053559, 0.8888354486549261413 ) ) ;
#1930 = CARTESIAN_POINT ( 'NONE',  ( 10.00000000000000000, 0.000000000000000000, 0.000000000000000000 ) ) ;
#1931 = EDGE_CURVE ( 'NONE', #2507, #539, #4830, .T. ) ;
#1932 = EDGE_CURVE ( 'NONE', #2017, #3021, #2500, .T. ) ;
#1933 = CARTESIAN_POINT ( 'NONE',  ( 10.00000000000000000, -11.45857671632880503, 15.63107144322330200 ) ) ;
#1934 = VERTEX_POINT ( 'NONE', #331 ) ;
#1935 = EDGE_LOOP ( 'NONE', ( #3493, #186, #2831, #1177 ) ) ;
#1936 = DIRECTION ( 'NONE',  ( -1.000000000000000000, 0.000000000000000000, 0.000000000000000000 ) ) ;
#1937 = CARTESIAN_POINT ( 'NONE',  ( 0.000000000000000000, -0.6634739367476910621, -21.86493602403758629 ) ) ;
#1938 = EDGE_CURVE ( 'NONE', #3552, #1934, #1988, .T. ) ;
#1939 = EDGE_CURVE ( 'NONE', #1507, #4551, #2291, .T. ) ;
#1940 = LINE ( 'NONE', #1896, #2617 ) ;
#1941 = FACE_OUTER_BOUND ( 'NONE', #595, .T. ) ;
#1942 = DIRECTION ( 'NONE',  ( 0.000000000000000000, 0.000000000000000000, 1.000000000000000000 ) ) ;
#1943 = CYLINDRICAL_SURFACE ( 'NONE', #812, 8.250000000000000000 ) ;
#1944 = CIRCLE ( 'NONE', #3759, 8.250000000000000000 ) ;
#1945 = CARTESIAN_POINT ( 'NONE',  ( 10.00000000000000000, -5.691959453117228840, -18.19182178436424024 ) ) ;
#1946 = CARTESIAN_POINT ( 'NONE',  ( 0.000000000000000000, -4.789450448788294068, -21.34424487768545120 ) ) ;
#1947 = DIRECTION ( 'NONE',  ( -1.000000000000000000, 0.000000000000000000, 0.000000000000000000 ) ) ;
#1948 = AXIS2_PLACEMENT_3D ( 'NONE', #3146, #906, #1725 ) ;
#1949 = CIRCLE ( 'NONE', #2430, 19.06149999999999523 ) ;
#1950 = EDGE_CURVE ( 'NONE', #873, #4132, #1447, .T. ) ;
#1951 = AXIS2_PLACEMENT_3D ( 'NONE', #3246, #4048, #312 ) ;
#1952 = VERTEX_POINT ( 'NONE', #3009 ) ;
#1953 = ORIENTED_EDGE ( 'NONE', *, *, #2760, .F. ) ;
#1954 = CIRCLE ( 'NONE', #4726, 21.87500000000000000 ) ;
#1955 = CIRCLE ( 'NONE', #461, 8.250000000000000000 ) ;
#1956 = LINE ( 'NONE', #819, #3634 ) ;
#1957 = CARTESIAN_POINT ( 'NONE',  ( 0.000000000000000000, -18.97858750202512823, 3.929706255576767227 ) ) ;
#1958 = VECTOR ( 'NONE', #1081, 1000.000000000000000 ) ;
#1959 = CARTESIAN_POINT ( 'NONE',  ( 10.00000000000000000, 15.39820557081061025, -11.76964910378387685 ) ) ;
#1960 = ORIENTED_EDGE ( 'NONE', *, *, #4040, .T. ) ;
#1961 = ORIENTED_EDGE ( 'NONE', *, *, #2792, .F. ) ;
#1962 = CARTESIAN_POINT ( 'NONE',  ( 4.999999999999999112, -18.60385308056417486, 11.50705329599123594 ) ) ;
#1963 = CARTESIAN_POINT ( 'NONE',  ( 0.000000000000000000, 19.26732701731199882, 10.35788272804625798 ) ) ;
#1964 = ORIENTED_EDGE ( 'NONE', *, *, #1688, .T. ) ;
#1965 = DIRECTION ( 'NONE',  ( 1.000000000000000000, 0.000000000000000000, 0.000000000000000000 ) ) ;
#1966 = ADVANCED_FACE ( 'NONE', ( #1927 ), #2709, .T. ) ;
#1967 = FACE_OUTER_BOUND ( 'NONE', #744, .T. ) ;
#1968 = AXIS2_PLACEMENT_3D ( 'NONE', #4849, #4111, #2178 ) ;
#1969 = EDGE_CURVE ( 'NONE', #958, #3564, #58, .T. ) ;
#1970 = DIRECTION ( 'NONE',  ( -1.000000000000000000, 0.000000000000000000, -0.000000000000000000 ) ) ;
#1971 = DIRECTION ( 'NONE',  ( -1.000000000000000000, -0.000000000000000000, 0.000000000000000000 ) ) ;
#1972 = AXIS2_PLACEMENT_3D ( 'NONE', #1571, #2637, #1518 ) ;
#1973 = FACE_OUTER_BOUND ( 'NONE', #435, .T. ) ;
#1974 = ADVANCED_FACE ( 'NONE', ( #3381 ), #1144, .T. ) ;
#1975 = CARTESIAN_POINT ( 'NONE',  ( -10.00000000000000000, 0.000000000000000000, 0.000000000000000000 ) ) ;
#1976 = CYLINDRICAL_SURFACE ( 'NONE', #1204, 8.250000000000000000 ) ;
#1977 = ORIENTED_EDGE ( 'NONE', *, *, #3411, .F. ) ;
#1978 = ORIENTED_EDGE ( 'NONE', *, *, #3270, .F. ) ;
#1979 = ORIENTED_EDGE ( 'NONE', *, *, #2355, .F. ) ;
#1980 = CARTESIAN_POINT ( 'NONE',  ( 0.000000000000000000, -19.37932150058860969, 8.516970043202407581 ) ) ;
#1981 = FACE_OUTER_BOUND ( 'NONE', #1989, .T. ) ;
#1982 = AXIS2_PLACEMENT_3D ( 'NONE', #2812, #891, #864 ) ;
#1983 = FACE_OUTER_BOUND ( 'NONE', #4784, .T. ) ;
#1984 = ORIENTED_EDGE ( 'NONE', *, *, #1153, .F. ) ;
#1985 = ORIENTED_EDGE ( 'NONE', *, *, #4231, .F. ) ;
#1986 = DIRECTION ( 'NONE',  ( 0.000000000000000000, 0.000000000000000000, -1.000000000000000000 ) ) ;
#1987 = CARTESIAN_POINT ( 'NONE',  ( 10.00000000000000000, -14.20970502886583553, -13.18004771690028853 ) ) ;
#1988 = CIRCLE ( 'NONE', #3566, 8.250000000000001776 ) ;
#1989 = EDGE_LOOP ( 'NONE', ( #1799, #3706, #4071, #724 ) ) ;
#1990 = VERTEX_POINT ( 'NONE', #1563 ) ;
#1991 = DIRECTION ( 'NONE',  ( 0.000000000000000000, 0.000000000000000000, 1.000000000000000000 ) ) ;
#1992 = LINE ( 'NONE', #1685, #4879 ) ;
#1993 = AXIS2_PLACEMENT_3D ( 'NONE', #902, #4342, #1723 ) ;
#1994 = CARTESIAN_POINT ( 'NONE',  ( 10.00000000000000000, 2.493712332100717965, -19.22006174890893604 ) ) ;
#1995 = LINE ( 'NONE', #2759, #1515 ) ;
#1996 = EDGE_CURVE ( 'NONE', #45, #2279, #578, .T. ) ;
#1997 = AXIS2_PLACEMENT_3D ( 'NONE', #4244, #2358, #1991 ) ;
#1998 = ADVANCED_FACE ( 'NONE', ( #815 ), #1976, .T. ) ;
#1999 = DIRECTION ( 'NONE',  ( 0.000000000000000000, -0.6181589862206116059, 0.7860530947427825099 ) ) ;
#2000 = DIRECTION ( 'NONE',  ( -1.000000000000000000, -0.000000000000000000, 0.000000000000000000 ) ) ;
#2001 = CYLINDRICAL_SURFACE ( 'NONE', #2542, 21.87500000000000000 ) ;
#2002 = AXIS2_PLACEMENT_3D ( 'NONE', #4223, #2633, #4869 ) ;
#2003 = EDGE_CURVE ( 'NONE', #3296, #2632, #447, .T. ) ;
#2004 = ORIENTED_EDGE ( 'NONE', *, *, #1098, .F. ) ;
#2005 = ORIENTED_EDGE ( 'NONE', *, *, #4006, .T. ) ;
#2006 = ORIENTED_EDGE ( 'NONE', *, *, #1875, .T. ) ;
#2007 = CARTESIAN_POINT ( 'NONE',  ( 10.00000000000000000, 0.000000000000000000, 0.000000000000000000 ) ) ;
#2008 = CIRCLE ( 'NONE', #4777, 19.06149999999999523 ) ;
#2009 = DIRECTION ( 'NONE',  ( 0.000000000000000000, -0.9988673391830076298, -0.04758191582375209672 ) ) ;
#2010 = ORIENTED_EDGE ( 'NONE', *, *, #732, .F. ) ;
#2011 = DIRECTION ( 'NONE',  ( -1.000000000000000000, 0.000000000000000000, 0.000000000000000000 ) ) ;
#2012 = ORIENTED_EDGE ( 'NONE', *, *, #650, .F. ) ;
#2013 = CARTESIAN_POINT ( 'NONE',  ( 10.00000000000000000, 16.33709255729553789, 9.820396581826958737 ) ) ;
#2014 = LINE ( 'NONE', #4410, #4814 ) ;
#2015 = DIRECTION ( 'NONE',  ( -1.000000000000000000, -0.000000000000000000, 0.000000000000000000 ) ) ;
#2016 = EDGE_LOOP ( 'NONE', ( #3625, #2142, #2320, #3652 ) ) ;
#2017 = VERTEX_POINT ( 'NONE', #2635 ) ;
#2018 = CARTESIAN_POINT ( 'NONE',  ( 10.00000000000000000, 13.39519055437134476, 13.56132929554033240 ) ) ;
#2019 = ORIENTED_EDGE ( 'NONE', *, *, #1382, .F. ) ;
#2020 = DIRECTION ( 'NONE',  ( -1.000000000000000000, 0.000000000000000000, 0.000000000000000000 ) ) ;
#2021 = DIRECTION ( 'NONE',  ( -1.000000000000000000, -0.000000000000000000, -0.000000000000000000 ) ) ;
#2022 = DIRECTION ( 'NONE',  ( -1.000000000000000000, 0.000000000000000000, 0.000000000000000000 ) ) ;
#2023 = CIRCLE ( 'NONE', #3279, 8.250000000000003553 ) ;
#2024 = DIRECTION ( 'NONE',  ( -1.000000000000000000, -0.000000000000000000, -0.000000000000000000 ) ) ;
#2025 = DIRECTION ( 'NONE',  ( -1.000000000000000000, 0.000000000000000000, 0.000000000000000000 ) ) ;
#2026 = DIRECTION ( 'NONE',  ( -1.000000000000000000, 0.000000000000000000, -0.000000000000000000 ) ) ;
#2027 = EDGE_CURVE ( 'NONE', #1599, #1892, #3011, .T. ) ;
#2028 = ORIENTED_EDGE ( 'NONE', *, *, #2975, .F. ) ;
#2029 = ORIENTED_EDGE ( 'NONE', *, *, #2391, .F. ) ;
#2030 = VERTEX_POINT ( 'NONE', #4156 ) ;
#2031 = DIRECTION ( 'NONE',  ( 0.000000000000000000, 0.000000000000000000, 1.000000000000000000 ) ) ;
#2032 = AXIS2_PLACEMENT_3D ( 'NONE', #827, #3840, #459 ) ;
#2033 = CARTESIAN_POINT ( 'NONE',  ( 10.00000000000000000, -12.37922667888043726, -18.03525358382561805 ) ) ;
#2034 = EDGE_CURVE ( 'NONE', #592, #1364, #2381, .T. ) ;
#2035 = ADVANCED_FACE ( 'NONE', ( #1166 ), #3102, .T. ) ;
#2036 = ORIENTED_EDGE ( 'NONE', *, *, #3103, .F. ) ;
#2037 = CIRCLE ( 'NONE', #1088, 8.250000000000001776 ) ;
#2038 = VECTOR ( 'NONE', #4881, 1000.000000000000000 ) ;
#2039 = DIRECTION ( 'NONE',  ( -1.000000000000000000, -0.000000000000000000, -0.000000000000000000 ) ) ;
#2040 = VERTEX_POINT ( 'NONE', #34 ) ;
#2041 = FACE_OUTER_BOUND ( 'NONE', #3238, .T. ) ;
#2042 = CYLINDRICAL_SURFACE ( 'NONE', #4158, 8.250000000000000000 ) ;
#2043 = EDGE_CURVE ( 'NONE', #3544, #13, #1541, .T. ) ;
#2044 = DIRECTION ( 'NONE',  ( -1.000000000000000000, -0.000000000000000000, 0.000000000000000000 ) ) ;
#2045 = AXIS2_PLACEMENT_3D ( 'NONE', #1805, #3004, #4101 ) ;
#2046 = EDGE_LOOP ( 'NONE', ( #1026, #1624, #3033, #3669 ) ) ;
#2047 = CARTESIAN_POINT ( 'NONE',  ( 10.00000000000000000, 0.000000000000000000, 0.000000000000000000 ) ) ;
#2048 = ORIENTED_EDGE ( 'NONE', *, *, #2996, .F. ) ;
#2049 = DIRECTION ( 'NONE',  ( -1.000000000000000000, 0.000000000000000000, 0.000000000000000000 ) ) ;
#2050 = CARTESIAN_POINT ( 'NONE',  ( 0.000000000000000000, 3.022217678303956045, 19.14407415186460781 ) ) ;
#2051 = DIRECTION ( 'NONE',  ( 1.000000000000000000, 0.000000000000000000, -0.000000000000000000 ) ) ;
#2052 = ORIENTED_EDGE ( 'NONE', *, *, #1382, .T. ) ;
#2053 = ORIENTED_EDGE ( 'NONE', *, *, #843, .T. ) ;
#2054 = DIRECTION ( 'NONE',  ( -1.000000000000000000, -0.000000000000000000, 0.000000000000000000 ) ) ;
#2055 = DIRECTION ( 'NONE',  ( -1.000000000000000000, -0.000000000000000000, -0.000000000000000000 ) ) ;
#2056 = DIRECTION ( 'NONE',  ( 0.000000000000000000, 0.9898214418809323512, 0.1423148382732887240 ) ) ;
#2057 = ORIENTED_EDGE ( 'NONE', *, *, #132, .T. ) ;
#2058 = DIRECTION ( 'NONE',  ( 0.000000000000000000, 0.000000000000000000, 1.000000000000000000 ) ) ;
#2059 = LINE ( 'NONE', #3562, #1002 ) ;
#2060 = EDGE_LOOP ( 'NONE', ( #2081, #4829, #3286, #2943 ) ) ;
#2061 = CIRCLE ( 'NONE', #1194, 8.250000000000000000 ) ;
#2062 = EDGE_CURVE ( 'NONE', #539, #465, #2152, .T. ) ;
#2063 = EDGE_CURVE ( 'NONE', #2476, #1764, #1834, .T. ) ;
#2064 = CARTESIAN_POINT ( 'NONE',  ( 10.00000000000000000, 19.05294406575194799, 0.5710557567588567807 ) ) ;
#2065 = DIRECTION ( 'NONE',  ( -1.000000000000000000, 0.000000000000000000, 0.000000000000000000 ) ) ;
#2066 = CYLINDRICAL_SURFACE ( 'NONE', #1722, 21.87500000000000000 ) ;
#2067 = FACE_OUTER_BOUND ( 'NONE', #2862, .T. ) ;
#2068 = EDGE_CURVE ( 'NONE', #944, #1616, #836, .T. ) ;
#2069 = ORIENTED_EDGE ( 'NONE', *, *, #3079, .F. ) ;
#2070 = CARTESIAN_POINT ( 'NONE',  ( 10.00000000000000000, -18.44205095620968393, -4.819910660848944595 ) ) ;
#2071 = DIRECTION ( 'NONE',  ( 0.000000000000000000, -0.9450008187146715644, 0.3270679633174126133 ) ) ;
#2072 = CARTESIAN_POINT ( 'NONE',  ( 0.000000000000000000, 0.000000000000000000, 0.000000000000000000 ) ) ;
#2073 = DIRECTION ( 'NONE',  ( 0.000000000000000000, -0.7557495743542637090, 0.6548607339452788834 ) ) ;
#2074 = CIRCLE ( 'NONE', #3803, 21.87500000000000000 ) ;
#2075 = ORIENTED_EDGE ( 'NONE', *, *, #1938, .T. ) ;
#2076 = AXIS2_PLACEMENT_3D ( 'NONE', #1418, #2518, #1784 ) ;
#2077 = CARTESIAN_POINT ( 'NONE',  ( 0.000000000000000000, -18.60385308056401854, -11.50705329599149529 ) ) ;
#2078 = CARTESIAN_POINT ( 'NONE',  ( 0.000000000000000000, 15.39820557081045393, 11.76964910378408646 ) ) ;
#2079 = DIRECTION ( 'NONE',  ( 0.000000000000000000, 0.000000000000000000, 1.000000000000000000 ) ) ;
#2080 = CIRCLE ( 'NONE', #897, 8.250000000000000000 ) ;
#2081 = ORIENTED_EDGE ( 'NONE', *, *, #1217, .F. ) ;
#2082 = ORIENTED_EDGE ( 'NONE', *, *, #589, .F. ) ;
#2083 = DIRECTION ( 'NONE',  ( 0.000000000000000000, 0.2817325568414235648, 0.9594929736144991450 ) ) ;
#2084 = CARTESIAN_POINT ( 'NONE',  ( 0.000000000000000000, -7.807616600036389798, -17.73895424916529961 ) ) ;
#2085 = EDGE_LOOP ( 'NONE', ( #483, #2230, #1375, #2470 ) ) ;
#2086 = ORIENTED_EDGE ( 'NONE', *, *, #1579, .T. ) ;
#2087 = CARTESIAN_POINT ( 'NONE',  ( 10.00000000000000000, 17.34736067490578648, 8.642826646524603973 ) ) ;
#2088 = CARTESIAN_POINT ( 'NONE',  ( 10.00000000000000000, -8.293305586233035598, 17.51714752122900975 ) ) ;
#2089 = CARTESIAN_POINT ( 'NONE',  ( 10.00000000000000000, 0.000000000000000000, 0.000000000000000000 ) ) ;
#2090 = EDGE_CURVE ( 'NONE', #4393, #1842, #3650, .T. ) ;
#2091 = EDGE_CURVE ( 'NONE', #1347, #2149, #494, .T. ) ;
#2092 = VERTEX_POINT ( 'NONE', #1295 ) ;
#2093 = EDGE_LOOP ( 'NONE', ( #970, #4889, #1977, #94 ) ) ;
#2094 = CARTESIAN_POINT ( 'NONE',  ( 0.000000000000000000, -3.276759885896710855, -18.77774285957121947 ) ) ;
#2095 = DIRECTION ( 'NONE',  ( 1.000000000000000000, 0.000000000000000000, 0.000000000000000000 ) ) ;
#2096 = DIRECTION ( 'NONE',  ( 0.000000000000000000, 0.9718115683235423186, -0.2357589355094245054 ) ) ;
#2097 = VECTOR ( 'NONE', #4192, 1000.000000000000000 ) ;
#2098 = ADVANCED_FACE ( 'NONE', ( #2735 ), #966, .T. ) ;
#2099 = EDGE_CURVE ( 'NONE', #3356, #907, #337, .T. ) ;
#2100 = AXIS2_PLACEMENT_3D ( 'NONE', #1228, #2997, #753 ) ;
#2101 = ORIENTED_EDGE ( 'NONE', *, *, #2591, .T. ) ;
#2102 = DIRECTION ( 'NONE',  ( 0.000000000000000000, 0.000000000000000000, 1.000000000000000000 ) ) ;
#2103 = FACE_OUTER_BOUND ( 'NONE', #309, .T. ) ;
#2104 = DIRECTION ( 'NONE',  ( -1.000000000000000000, -0.000000000000000000, -0.000000000000000000 ) ) ;
#2105 = ADVANCED_FACE ( 'NONE', ( #3583 ), #2001, .T. ) ;
#2106 = CIRCLE ( 'NONE', #2817, 19.06149999999999878 ) ;
#2107 = ORIENTED_EDGE ( 'NONE', *, *, #1282, .F. ) ;
#2108 = VERTEX_POINT ( 'NONE', #4699 ) ;
#2109 = CARTESIAN_POINT ( 'NONE',  ( 10.00000000000000000, 0.000000000000000000, 0.000000000000000000 ) ) ;
#2110 = CARTESIAN_POINT ( 'NONE',  ( 0.000000000000000000, 19.31694754834041561, 1.576360441589646610 ) ) ;
#2111 = CIRCLE ( 'NONE', #4473, 8.250000000000000000 ) ;
#2112 = ORIENTED_EDGE ( 'NONE', *, *, #2428, .T. ) ;
#2113 = VECTOR ( 'NONE', #273, 1000.000000000000000 ) ;
#2114 = ORIENTED_EDGE ( 'NONE', *, *, #3266, .T. ) ;
#2115 = VECTOR ( 'NONE', #75, 1000.000000000000000 ) ;
#2116 = CARTESIAN_POINT ( 'NONE',  ( 10.00000000000000000, 6.086068304272298057, 18.40079203248805229 ) ) ;
#2117 = DIRECTION ( 'NONE',  ( -1.000000000000000000, 0.000000000000000000, 0.000000000000000000 ) ) ;
#2118 = AXIS2_PLACEMENT_3D ( 'NONE', #1987, #3767, #4531 ) ;
#2119 = CIRCLE ( 'NONE', #4020, 21.87500000000000000 ) ;
#2120 = VECTOR ( 'NONE', #41, 1000.000000000000000 ) ;
#2121 = VERTEX_POINT ( 'NONE', #4254 ) ;
#2122 = VERTEX_POINT ( 'NONE', #4725 ) ;
#2123 = CIRCLE ( 'NONE', #2343, 19.06149999999999167 ) ;
#2124 = CARTESIAN_POINT ( 'NONE',  ( 0.000000000000000000, -15.32962889451894739, -11.32886844333226151 ) ) ;
#2125 = CYLINDRICAL_SURFACE ( 'NONE', #1573, 8.250000000000000000 ) ;
#2126 = AXIS2_PLACEMENT_3D ( 'NONE', #1710, #1686, #1312 ) ;
#2127 = EDGE_CURVE ( 'NONE', #3343, #4790, #3252, .T. ) ;
#2128 = EDGE_CURVE ( 'NONE', #3160, #3333, #868, .T. ) ;
#2129 = ORIENTED_EDGE ( 'NONE', *, *, #1405, .T. ) ;
#2130 = DIRECTION ( 'NONE',  ( 0.000000000000000000, 0.000000000000000000, 1.000000000000000000 ) ) ;
#2131 = CARTESIAN_POINT ( 'NONE',  ( 10.00000000000000000, -17.19660498001186255, 8.222989688150587284 ) ) ;
#2132 = DIRECTION ( 'NONE',  ( -1.000000000000000000, 0.000000000000000000, -0.000000000000000000 ) ) ;
#2133 = EDGE_CURVE ( 'NONE', #4415, #1887, #3089, .T. ) ;
#2134 = ORIENTED_EDGE ( 'NONE', *, *, #1064, .T. ) ;
#2135 = CARTESIAN_POINT ( 'NONE',  ( 10.00000000000000000, -7.807616600036389798, -17.73895424916529961 ) ) ;
#2136 = VECTOR ( 'NONE', #1305, 1000.000000000000000 ) ;
#2137 = ORIENTED_EDGE ( 'NONE', *, *, #1123, .F. ) ;
#2138 = DIRECTION ( 'NONE',  ( 0.000000000000000000, 0.09505604330417624648, 0.9954719225730853660 ) ) ;
#2139 = AXIS2_PLACEMENT_3D ( 'NONE', #2499, #3281, #4018 ) ;
#2140 = AXIS2_PLACEMENT_3D ( 'NONE', #2853, #505, #4386 ) ;
#2141 = ORIENTED_EDGE ( 'NONE', *, *, #2244, .T. ) ;
#2142 = ORIENTED_EDGE ( 'NONE', *, *, #4736, .T. ) ;
#2143 = CARTESIAN_POINT ( 'NONE',  ( 10.00000000000000000, 7.395428419319275193, 17.56839266252677945 ) ) ;
#2144 = CYLINDRICAL_SURFACE ( 'NONE', #1645, 8.250000000000000000 ) ;
#2145 = ORIENTED_EDGE ( 'NONE', *, *, #1911, .T. ) ;
#2146 = CARTESIAN_POINT ( 'NONE',  ( 0.000000000000000000, 0.000000000000000000, 0.000000000000000000 ) ) ;
#2147 = LINE ( 'NONE', #1714, #2832 ) ;
#2148 = CARTESIAN_POINT ( 'NONE',  ( 10.00000000000000000, -19.37932150058860969, 0.2669700432024069703 ) ) ;
#2149 = VERTEX_POINT ( 'NONE', #3157 ) ;
#2150 = EDGE_CURVE ( 'NONE', #3763, #1397, #968, .T. ) ;
#2151 = EDGE_CURVE ( 'NONE', #1751, #336, #576, .T. ) ;
#2152 = CIRCLE ( 'NONE', #1374, 21.87500000000000000 ) ;
#2153 = VERTEX_POINT ( 'NONE', #3501 ) ;
#2154 = DIRECTION ( 'NONE',  ( -1.000000000000000000, 0.000000000000000000, -0.000000000000000000 ) ) ;
#2155 = CYLINDRICAL_SURFACE ( 'NONE', #1403, 8.250000000000000000 ) ;
#2156 = CARTESIAN_POINT ( 'NONE',  ( -10.00000000000000000, 0.000000000000000000, 0.000000000000000000 ) ) ;
#2157 = CIRCLE ( 'NONE', #1379, 8.250000000000000000 ) ;
#2158 = ORIENTED_EDGE ( 'NONE', *, *, #3681, .T. ) ;
#2159 = EDGE_CURVE ( 'NONE', #4074, #4138, #1321, .T. ) ;
#2160 = CIRCLE ( 'NONE', #2228, 8.250000000000000000 ) ;
#2161 = ORIENTED_EDGE ( 'NONE', *, *, #2454, .T. ) ;
#2162 = CARTESIAN_POINT ( 'NONE',  ( 0.000000000000000000, -12.37922667888043549, -18.03525358382561450 ) ) ;
#2163 = EDGE_LOOP ( 'NONE', ( #482, #457, #4571, #2006 ) ) ;
#2164 = ORIENTED_EDGE ( 'NONE', *, *, #4478, .T. ) ;
#2165 = DIRECTION ( 'NONE',  ( 0.000000000000000000, 0.5406408174555985546, -0.8412535328311805394 ) ) ;
#2166 = ORIENTED_EDGE ( 'NONE', *, *, #2900, .F. ) ;
#2167 = CARTESIAN_POINT ( 'NONE',  ( 10.00000000000000000, -4.309403631493738729, 18.89598939373146891 ) ) ;
#2168 = DIRECTION ( 'NONE',  ( -1.000000000000000000, -0.000000000000000000, 0.000000000000000000 ) ) ;
#2169 = CARTESIAN_POINT ( 'NONE',  ( 0.000000000000000000, -9.429374427846738627, -19.73835157502951176 ) ) ;
#2170 = CARTESIAN_POINT ( 'NONE',  ( 0.000000000000000000, 3.673940397442060361E-16, -3.000000000000000444 ) ) ;
#2171 = VECTOR ( 'NONE', #1501, 1000.000000000000000 ) ;
#2172 = ORIENTED_EDGE ( 'NONE', *, *, #2127, .F. ) ;
#2173 = DIRECTION ( 'NONE',  ( -1.000000000000000000, 0.000000000000000000, 0.000000000000000000 ) ) ;
#2174 = FACE_OUTER_BOUND ( 'NONE', #2875, .T. ) ;
#2175 = SURFACE_STYLE_FILL_AREA ( #3679 ) ;
#2176 = EDGE_LOOP ( 'NONE', ( #1318, #3573, #3177, #116 ) ) ;
#2177 = EDGE_CURVE ( 'NONE', #3921, #2957, #102, .T. ) ;
#2178 = DIRECTION ( 'NONE',  ( 0.000000000000000000, 0.000000000000000000, -1.000000000000000000 ) ) ;
#2179 = EDGE_CURVE ( 'NONE', #275, #1219, #1127, .T. ) ;
#2180 = CYLINDRICAL_SURFACE ( 'NONE', #384, 3.000000000000000444 ) ;
#2181 =( NAMED_UNIT ( * ) PLANE_ANGLE_UNIT ( ) SI_UNIT ( $, .RADIAN. ) );
#2182 = VERTEX_POINT ( 'NONE', #4643 ) ;
#2183 = ADVANCED_FACE ( 'NONE', ( #2764 ), #3526, .T. ) ;
#2184 = DIRECTION ( 'NONE',  ( 1.000000000000000000, 0.000000000000000000, 0.000000000000000000 ) ) ;
#2185 = CIRCLE ( 'NONE', #1726, 8.250000000000000000 ) ;
#2186 = CARTESIAN_POINT ( 'NONE',  ( 0.000000000000000000, -8.742323742818536303, 20.05211710956604065 ) ) ;
#2187 = AXIS2_PLACEMENT_3D ( 'NONE', #2338, #895, #2368 ) ;
#2188 = AXIS2_PLACEMENT_3D ( 'NONE', #1139, #4173, #3719 ) ;
#2189 = AXIS2_PLACEMENT_3D ( 'NONE', #1245, #4161, #1198 ) ;
#2190 = VERTEX_POINT ( 'NONE', #206 ) ;
#2191 = ORIENTED_EDGE ( 'NONE', *, *, #3642, .F. ) ;
#2192 = CARTESIAN_POINT ( 'NONE',  ( 0.000000000000000000, 0.000000000000000000, 0.000000000000000000 ) ) ;
#2193 = LINE ( 'NONE', #2239, #3294 ) ;
#2194 = CARTESIAN_POINT ( 'NONE',  ( 10.00000000000000000, -11.02364196210733915, -15.94078707963975816 ) ) ;
#2195 = CIRCLE ( 'NONE', #3376, 19.06149999999999878 ) ;
#2196 = VERTEX_POINT ( 'NONE', #4330 ) ;
#2197 = DIRECTION ( 'NONE',  ( -1.000000000000000000, 0.000000000000000000, 0.000000000000000000 ) ) ;
#2198 = CARTESIAN_POINT ( 'NONE',  ( 4.999999999999999112, 3.486482252031460671, -21.59537141394584836 ) ) ;
#2199 = DIRECTION ( 'NONE',  ( 0.000000000000000000, 0.09505604330417624648, 0.9954719225730851440 ) ) ;
#2200 = ORIENTED_EDGE ( 'NONE', *, *, #4341, .F. ) ;
#2201 = CARTESIAN_POINT ( 'NONE',  ( 10.00000000000000000, 0.000000000000000000, 0.000000000000000000 ) ) ;
#2202 = DIRECTION ( 'NONE',  ( 0.000000000000000000, -0.8660254037844432595, 0.4999999999999920064 ) ) ;
#2203 = EDGE_CURVE ( 'NONE', #3543, #1269, #4204, .T. ) ;
#2204 = AXIS2_PLACEMENT_3D ( 'NONE', #3621, #2858, #1383 ) ;
#2205 = ADVANCED_FACE ( 'NONE', ( #4356 ), #3961, .T. ) ;
#2206 = ORIENTED_EDGE ( 'NONE', *, *, #3503, .T. ) ;
#2207 = VERTEX_POINT ( 'NONE', #2418 ) ;
#2208 = CARTESIAN_POINT ( 'NONE',  ( 10.00000000000000000, -1.188772901057610687, 19.34466835634187731 ) ) ;
#2209 = LINE ( 'NONE', #3714, #1958 ) ;
#2210 = EDGE_CURVE ( 'NONE', #1323, #2278, #4288, .T. ) ;
#2211 = AXIS2_PLACEMENT_3D ( 'NONE', #1561, #1116, #3055 ) ;
#2212 = AXIS2_PLACEMENT_3D ( 'NONE', #1558, #3423, #2313 ) ;
#2213 = VERTEX_POINT ( 'NONE', #2580 ) ;
#2214 = DIRECTION ( 'NONE',  ( 0.000000000000000000, 0.000000000000000000, 1.000000000000000000 ) ) ;
#2215 = CARTESIAN_POINT ( 'NONE',  ( 10.00000000000000000, 0.000000000000000000, 0.000000000000000000 ) ) ;
#2216 = CARTESIAN_POINT ( 'NONE',  ( 10.00000000000000000, 0.000000000000000000, 0.000000000000000000 ) ) ;
#2217 = ORIENTED_EDGE ( 'NONE', *, *, #202, .F. ) ;
#2218 = CARTESIAN_POINT ( 'NONE',  ( 10.00000000000000000, 3.022217678303956045, 19.14407415186460781 ) ) ;
#2219 = DIRECTION ( 'NONE',  ( -1.000000000000000000, 0.000000000000000000, -0.000000000000000000 ) ) ;
#2220 = CARTESIAN_POINT ( 'NONE',  ( 10.00000000000000000, 11.51696013974861543, 15.18882521426333021 ) ) ;
#2221 = ORIENTED_EDGE ( 'NONE', *, *, #1795, .T. ) ;
#2222 = VECTOR ( 'NONE', #3607, 1000.000000000000000 ) ;
#2223 = ORIENTED_EDGE ( 'NONE', *, *, #4593, .F. ) ;
#2224 = AXIS2_PLACEMENT_3D ( 'NONE', #1303, #4311, #559 ) ;
#2225 = CARTESIAN_POINT ( 'NONE',  ( 10.00000000000000000, 0.000000000000000000, 0.000000000000000000 ) ) ;
#2226 = CARTESIAN_POINT ( 'NONE',  ( 0.000000000000000000, 0.000000000000000000, 0.000000000000000000 ) ) ;
#2227 =( NAMED_UNIT ( * ) SI_UNIT ( $, .STERADIAN. ) SOLID_ANGLE_UNIT ( ) );
#2228 = AXIS2_PLACEMENT_3D ( 'NONE', #781, #4145, #4171 ) ;
#2229 = ORIENTED_EDGE ( 'NONE', *, *, #2062, .T. ) ;
#2230 = ORIENTED_EDGE ( 'NONE', *, *, #4591, .F. ) ;
#2231 = DIRECTION ( 'NONE',  ( -1.000000000000000000, 0.000000000000000000, -0.000000000000000000 ) ) ;
#2232 = EDGE_CURVE ( 'NONE', #4645, #2601, #1297, .T. ) ;
#2233 = LINE ( 'NONE', #2972, #2113 ) ;
#2234 = ORIENTED_EDGE ( 'NONE', *, *, #2322, .T. ) ;
#2235 = ORIENTED_EDGE ( 'NONE', *, *, #1792, .T. ) ;
#2236 = EDGE_CURVE ( 'NONE', #3160, #2450, #583, .T. ) ;
#2237 = CARTESIAN_POINT ( 'NONE',  ( 0.000000000000000000, 17.42579843696923092, -13.22335713176198446 ) ) ;
#2238 = ADVANCED_FACE ( 'NONE', ( #254 ), #4796, .T. ) ;
#2239 = CARTESIAN_POINT ( 'NONE',  ( 5.000000000000000000, -20.16466241790466185, -8.479505561761431665 ) ) ;
#2240 = DIRECTION ( 'NONE',  ( -1.000000000000000000, 0.000000000000000000, -0.000000000000000000 ) ) ;
#2241 = VERTEX_POINT ( 'NONE', #1763 ) ;
#2242 = ORIENTED_EDGE ( 'NONE', *, *, #2382, .T. ) ;
#2243 = CYLINDRICAL_SURFACE ( 'NONE', #1436, 8.250000000000000000 ) ;
#2244 = EDGE_CURVE ( 'NONE', #1865, #2988, #1055, .T. ) ;
#2245 = DIRECTION ( 'NONE',  ( -1.000000000000000000, 0.000000000000000000, 0.000000000000000000 ) ) ;
#2246 = DIRECTION ( 'NONE',  ( -1.000000000000000000, 0.000000000000000000, 0.000000000000000000 ) ) ;
#2247 = ORIENTED_EDGE ( 'NONE', *, *, #1890, .T. ) ;
#2248 = CYLINDRICAL_SURFACE ( 'NONE', #405, 19.06149999999999523 ) ;
#2249 = DIRECTION ( 'NONE',  ( -1.000000000000000000, 0.000000000000000000, -0.000000000000000000 ) ) ;
#2250 = CARTESIAN_POINT ( 'NONE',  ( 10.00000000000000000, 0.000000000000000000, 0.000000000000000000 ) ) ;
#2251 = ORIENTED_EDGE ( 'NONE', *, *, #80, .T. ) ;
#2252 = ORIENTED_EDGE ( 'NONE', *, *, #4361, .T. ) ;
#2253 = DIRECTION ( 'NONE',  ( 0.000000000000000000, 0.000000000000000000, -1.000000000000000000 ) ) ;
#2254 = DIRECTION ( 'NONE',  ( -1.000000000000000000, 0.000000000000000000, 0.000000000000000000 ) ) ;
#2255 = CIRCLE ( 'NONE', #3440, 21.87500000000000000 ) ;
#2256 = CARTESIAN_POINT ( 'NONE',  ( 0.000000000000000000, 3.936943220686514255, -18.65050295104907718 ) ) ;
#2257 = VERTEX_POINT ( 'NONE', #4057 ) ;
#2258 = CARTESIAN_POINT ( 'NONE',  ( 10.00000000000000000, 0.000000000000000000, 0.000000000000000000 ) ) ;
#2259 = DIRECTION ( 'NONE',  ( -1.000000000000000000, 0.000000000000000000, 0.000000000000000000 ) ) ;
#2260 = LINE ( 'NONE', #3776, #1442 ) ;
#2261 = CIRCLE ( 'NONE', #689, 8.250000000000000000 ) ;
#2262 = AXIS2_PLACEMENT_3D ( 'NONE', #4224, #788, #3101 ) ;
#2263 = CIRCLE ( 'NONE', #1013, 19.06149999999999878 ) ;
#2264 = ADVANCED_FACE ( 'NONE', ( #3633, #3326 ), #4431, .F. ) ;
#2265 = EDGE_CURVE ( 'NONE', #2122, #1097, #3725, .T. ) ;
#2266 = ORIENTED_EDGE ( 'NONE', *, *, #2814, .F. ) ;
#2267 = FACE_OUTER_BOUND ( 'NONE', #1162, .T. ) ;
#2268 = CYLINDRICAL_SURFACE ( 'NONE', #2737, 8.250000000000000000 ) ;
#2269 = AXIS2_PLACEMENT_3D ( 'NONE', #3606, #3932, #2845 ) ;
#2270 = DIRECTION ( 'NONE',  ( -1.000000000000000000, 0.000000000000000000, 0.000000000000000000 ) ) ;
#2271 = VERTEX_POINT ( 'NONE', #2556 ) ;
#2272 = EDGE_CURVE ( 'NONE', #4504, #1915, #1693, .T. ) ;
#2273 = AXIS2_PLACEMENT_3D ( 'NONE', #2167, #3297, #4490 ) ;
#2274 = VERTEX_POINT ( 'NONE', #2170 ) ;
#2275 = DIRECTION ( 'NONE',  ( -1.000000000000000000, 0.000000000000000000, 0.000000000000000000 ) ) ;
#2276 = CARTESIAN_POINT ( 'NONE',  ( 10.00000000000000000, 18.51910866035960623, 5.715941676831329588 ) ) ;
#2277 = DIRECTION ( 'NONE',  ( -1.000000000000000000, 0.000000000000000000, 0.000000000000000000 ) ) ;
#2278 = VERTEX_POINT ( 'NONE', #4776 ) ;
#2279 = VERTEX_POINT ( 'NONE', #4842 ) ;
#2280 = CARTESIAN_POINT ( 'NONE',  ( 0.000000000000000000, -18.12028095930829608, -5.915758633153405555 ) ) ;
#2281 = LINE ( 'NONE', #1154, #3441 ) ;
#2282 = CARTESIAN_POINT ( 'NONE',  ( 0.000000000000000000, -4.309403631493492703, -18.89598939373152575 ) ) ;
#2283 = VERTEX_POINT ( 'NONE', #3722 ) ;
#2284 = DIRECTION ( 'NONE',  ( -1.000000000000000000, 0.000000000000000000, 0.000000000000000000 ) ) ;
#2285 = CARTESIAN_POINT ( 'NONE',  ( -10.00000000000000000, 0.000000000000000000, 0.000000000000000000 ) ) ;
#2286 = DIRECTION ( 'NONE',  ( -1.000000000000000000, -0.000000000000000000, 0.000000000000000000 ) ) ;
#2287 = AXIS2_PLACEMENT_3D ( 'NONE', #2424, #3612, #581 ) ;
#2288 = CARTESIAN_POINT ( 'NONE',  ( 10.00000000000000000, 12.89251919775272981, 14.47108577691117226 ) ) ;
#2289 = CARTESIAN_POINT ( 'NONE',  ( 10.00000000000000000, 0.000000000000000000, 0.000000000000000000 ) ) ;
#2290 = VECTOR ( 'NONE', #370, 1000.000000000000000 ) ;
#2291 = LINE ( 'NONE', #1191, #805 ) ;
#2292 = ADVANCED_FACE ( 'NONE', ( #1396 ), #3278, .T. ) ;
#2293 = EDGE_CURVE ( 'NONE', #3543, #1014, #688, .T. ) ;
#2294 = ORIENTED_EDGE ( 'NONE', *, *, #4034, .F. ) ;
#2295 = ORIENTED_EDGE ( 'NONE', *, *, #101, .F. ) ;
#2296 = ORIENTED_EDGE ( 'NONE', *, *, #3597, .F. ) ;
#2297 = LINE ( 'NONE', #4572, #3308 ) ;
#2298 = DIRECTION ( 'NONE',  ( 0.000000000000000000, -0.9898214418809342385, 0.1423148382732755679 ) ) ;
#2299 = ADVANCED_FACE ( 'NONE', ( #2872 ), #3674, .T. ) ;
#2300 = EDGE_CURVE ( 'NONE', #1542, #1699, #1838, .T. ) ;
#2301 = AXIS2_PLACEMENT_3D ( 'NONE', #789, #427, #743 ) ;
#2302 = CARTESIAN_POINT ( 'NONE',  ( 0.000000000000000000, -21.87173982874669775, 0.3776530995704719951 ) ) ;
#2303 = ORIENTED_EDGE ( 'NONE', *, *, #1521, .T. ) ;
#2304 = AXIS2_PLACEMENT_3D ( 'NONE', #917, #1692, #2474 ) ;
#2305 = VERTEX_POINT ( 'NONE', #4403 ) ;
#2306 = DIRECTION ( 'NONE',  ( 0.000000000000000000, 0.000000000000000000, 1.000000000000000000 ) ) ;
#2307 = DIRECTION ( 'NONE',  ( -1.000000000000000000, -0.000000000000000000, -0.000000000000000000 ) ) ;
#2308 = CIRCLE ( 'NONE', #811, 8.250000000000000000 ) ;
#2309 = PRODUCT_DEFINITION_SHAPE ( 'NONE', 'NONE',  #3485 ) ;
#2310 = DIRECTION ( 'NONE',  ( 1.000000000000000000, -0.000000000000000000, -0.000000000000000000 ) ) ;
#2311 = CARTESIAN_POINT ( 'NONE',  ( 10.00000000000000000, -20.16466241790478264, 8.479505561761154553 ) ) ;
#2312 = CARTESIAN_POINT ( 'NONE',  ( 5.000000000000000000, 16.95889912262194699, -13.81706790707537991 ) ) ;
#2313 = DIRECTION ( 'NONE',  ( 0.000000000000000000, 0.000000000000000000, 1.000000000000000000 ) ) ;
#2314 = DIRECTION ( 'NONE',  ( -1.000000000000000000, -0.000000000000000000, -0.000000000000000000 ) ) ;
#2315 = CYLINDRICAL_SURFACE ( 'NONE', #453, 8.250000000000000000 ) ;
#2316 = CARTESIAN_POINT ( 'NONE',  ( 5.000000000000000000, -12.99448094513567398, 17.59713300417161008 ) ) ;
#2317 = ORIENTED_EDGE ( 'NONE', *, *, #486, .T. ) ;
#2318 = LINE ( 'NONE', #15, #2590 ) ;
#2319 = CYLINDRICAL_SURFACE ( 'NONE', #2852, 19.06149999999999523 ) ;
#2320 = ORIENTED_EDGE ( 'NONE', *, *, #1100, .T. ) ;
#2321 = ADVANCED_FACE ( 'NONE', ( #4038 ), #3700, .T. ) ;
#2322 = EDGE_CURVE ( 'NONE', #1751, #476, #2390, .T. ) ;
#2323 = CYLINDRICAL_SURFACE ( 'NONE', #3253, 19.06149999999999523 ) ;
#2324 = ORIENTED_EDGE ( 'NONE', *, *, #4865, .F. ) ;
#2325 = ORIENTED_EDGE ( 'NONE', *, *, #524, .F. ) ;
#2326 = DIRECTION ( 'NONE',  ( -1.000000000000000000, -0.000000000000000000, 0.000000000000000000 ) ) ;
#2327 = CARTESIAN_POINT ( 'NONE',  ( 10.00000000000000000, 0.000000000000000000, 0.000000000000000000 ) ) ;
#2328 = ADVANCED_FACE ( 'NONE', ( #3655 ), #1461, .T. ) ;
#2329 = VERTEX_POINT ( 'NONE', #1211 ) ;
#2330 = DIRECTION ( 'NONE',  ( -1.000000000000000000, -0.000000000000000000, -0.000000000000000000 ) ) ;
#2331 = VERTEX_POINT ( 'NONE', #55 ) ;
#2332 = CYLINDRICAL_SURFACE ( 'NONE', #3769, 19.06149999999999523 ) ;
#2333 = DIRECTION ( 'NONE',  ( -1.000000000000000000, -0.000000000000000000, -0.000000000000000000 ) ) ;
#2334 = CIRCLE ( 'NONE', #4716, 8.250000000000000000 ) ;
#2335 = CARTESIAN_POINT ( 'NONE',  ( 10.00000000000000000, 18.81670555806881850, 3.045057337874266690 ) ) ;
#2336 = VECTOR ( 'NONE', #582, 1000.000000000000000 ) ;
#2337 = CARTESIAN_POINT ( 'NONE',  ( 10.00000000000000000, 9.458457910831439719, 16.91646974921699709 ) ) ;
#2338 = CARTESIAN_POINT ( 'NONE',  ( 10.00000000000000000, 19.31694754834044048, -1.576360441589381045 ) ) ;
#2339 = DIRECTION ( 'NONE',  ( -1.000000000000000000, 0.000000000000000000, 0.000000000000000000 ) ) ;
#2340 = VECTOR ( 'NONE', #3221, 1000.000000000000000 ) ;
#2341 = VERTEX_POINT ( 'NONE', #1900 ) ;
#2342 = ORIENTED_EDGE ( 'NONE', *, *, #347, .F. ) ;
#2343 = AXIS2_PLACEMENT_3D ( 'NONE', #3277, #2259, #1113 ) ;
#2344 = CIRCLE ( 'NONE', #4021, 19.06149999999999878 ) ;
#2345 = DIRECTION ( 'NONE',  ( -1.000000000000000000, -0.000000000000000000, 0.000000000000000000 ) ) ;
#2346 = CARTESIAN_POINT ( 'NONE',  ( 0.000000000000000000, -15.32962889451909838, 11.32886844333205900 ) ) ;
#2347 = CIRCLE ( 'NONE', #4026, 21.87500000000000000 ) ;
#2348 = ORIENTED_EDGE ( 'NONE', *, *, #4623, .T. ) ;
#2349 = AXIS2_PLACEMENT_3D ( 'NONE', #4351, #2021, #4004 ) ;
#2350 = FACE_OUTER_BOUND ( 'NONE', #2510, .T. ) ;
#2351 = EDGE_LOOP ( 'NONE', ( #2534, #2342, #512, #1406 ) ) ;
#2352 = VERTEX_POINT ( 'NONE', #2680 ) ;
#2353 = DIRECTION ( 'NONE',  ( -1.000000000000000000, 0.000000000000000000, 0.000000000000000000 ) ) ;
#2354 = FACE_OUTER_BOUND ( 'NONE', #3676, .T. ) ;
#2355 = EDGE_CURVE ( 'NONE', #823, #4393, #3029, .T. ) ;
#2356 = EDGE_CURVE ( 'NONE', #1892, #1990, #3051, .T. ) ;
#2357 = ORIENTED_EDGE ( 'NONE', *, *, #3842, .T. ) ;
#2358 = DIRECTION ( 'NONE',  ( -1.000000000000000000, 0.000000000000000000, -0.000000000000000000 ) ) ;
#2359 = ORIENTED_EDGE ( 'NONE', *, *, #918, .T. ) ;
#2360 = CARTESIAN_POINT ( 'NONE',  ( -10.00000000000000000, 0.000000000000000000, 0.000000000000000000 ) ) ;
#2361 = AXIS2_PLACEMENT_3D ( 'NONE', #904, #978, #881 ) ;
#2362 = CYLINDRICAL_SURFACE ( 'NONE', #1870, 8.250000000000000000 ) ;
#2363 = CARTESIAN_POINT ( 'NONE',  ( 5.000000000000000000, 14.60835476616741424, 16.28224788000089873 ) ) ;
#2364 = ADVANCED_FACE ( 'NONE', ( #4198 ), #1943, .T. ) ;
#2365 = AXIS2_PLACEMENT_3D ( 'NONE', #4547, #1173, #1929 ) ;
#2366 = AXIS2_PLACEMENT_3D ( 'NONE', #4229, #841, #17 ) ;
#2367 = LINE ( 'NONE', #573, #675 ) ;
#2368 = DIRECTION ( 'NONE',  ( 0.000000000000000000, 0.3716624556603284057, -0.9283679330160723442 ) ) ;
#2369 = DIRECTION ( 'NONE',  ( 0.000000000000000000, 0.000000000000000000, -1.000000000000000000 ) ) ;
#2370 = AXIS2_PLACEMENT_3D ( 'NONE', #445, #3401, #56 ) ;
#2371 = EDGE_LOOP ( 'NONE', ( #83, #3314, #400, #3259 ) ) ;
#2372 = FACE_OUTER_BOUND ( 'NONE', #2085, .T. ) ;
#2373 = DIRECTION ( 'NONE',  ( 1.000000000000000000, 0.000000000000000000, 0.000000000000000000 ) ) ;
#2374 = ORIENTED_EDGE ( 'NONE', *, *, #948, .T. ) ;
#2375 = VECTOR ( 'NONE', #3879, 1000.000000000000000 ) ;
#2376 = CARTESIAN_POINT ( 'NONE',  ( 0.000000000000000000, 10.60881273632747757, -19.13030886644373396 ) ) ;
#2377 = ORIENTED_EDGE ( 'NONE', *, *, #894, .F. ) ;
#2378 = DIRECTION ( 'NONE',  ( 1.000000000000000000, 0.000000000000000000, -0.000000000000000000 ) ) ;
#2379 = DIRECTION ( 'NONE',  ( 0.000000000000000000, 0.000000000000000000, 1.000000000000000000 ) ) ;
#2380 = DIRECTION ( 'NONE',  ( -1.000000000000000000, 0.000000000000000000, 0.000000000000000000 ) ) ;
#2381 = CIRCLE ( 'NONE', #725, 21.87500000000000000 ) ;
#2382 = EDGE_CURVE ( 'NONE', #1859, #2711, #1481, .T. ) ;
#2383 = ORIENTED_EDGE ( 'NONE', *, *, #2648, .F. ) ;
#2384 = CARTESIAN_POINT ( 'NONE',  ( 10.00000000000000000, 11.51696013974861543, 15.18882521426333021 ) ) ;
#2385 = VERTEX_POINT ( 'NONE', #4519 ) ;
#2386 = DIRECTION ( 'NONE',  ( -1.000000000000000000, 0.000000000000000000, 0.000000000000000000 ) ) ;
#2387 = CIRCLE ( 'NONE', #2785, 8.250000000000000000 ) ;
#2388 = DIRECTION ( 'NONE',  ( -1.000000000000000000, 0.000000000000000000, -0.000000000000000000 ) ) ;
#2389 = CARTESIAN_POINT ( 'NONE',  ( 10.00000000000000000, 0.000000000000000000, 0.000000000000000000 ) ) ;
#2390 = CIRCLE ( 'NONE', #4452, 8.250000000000000000 ) ;
#2391 = EDGE_CURVE ( 'NONE', #1534, #4595, #3578, .T. ) ;
#2392 = ADVANCED_FACE ( 'NONE', ( #30 ), #3399, .T. ) ;
#2393 = CYLINDRICAL_SURFACE ( 'NONE', #1627, 3.000000000000000444 ) ;
#2394 = CARTESIAN_POINT ( 'NONE',  ( 0.000000000000000000, -20.16466241790466185, -8.479505561761431665 ) ) ;
#2395 = DIRECTION ( 'NONE',  ( -1.000000000000000000, 0.000000000000000000, 0.000000000000000000 ) ) ;
#2396 = ORIENTED_EDGE ( 'NONE', *, *, #4660, .F. ) ;
#2397 = EDGE_CURVE ( 'NONE', #3726, #2897, #3710, .T. ) ;
#2398 = ORIENTED_EDGE ( 'NONE', *, *, #4813, .T. ) ;
#2399 = DIRECTION ( 'NONE',  ( -1.000000000000000000, 0.000000000000000000, 0.000000000000000000 ) ) ;
#2400 = DIRECTION ( 'NONE',  ( -1.000000000000000000, 0.000000000000000000, 0.000000000000000000 ) ) ;
#2401 = VERTEX_POINT ( 'NONE', #1537 ) ;
#2402 = LINE ( 'NONE', #3219, #4448 ) ;
#2403 = EDGE_LOOP ( 'NONE', ( #3188, #627, #2582, #1103 ) ) ;
#2404 = CIRCLE ( 'NONE', #213, 21.87500000000000000 ) ;
#2405 = CARTESIAN_POINT ( 'NONE',  ( 10.00000000000000000, 0.000000000000000000, 0.000000000000000000 ) ) ;
#2406 = DIRECTION ( 'NONE',  ( -1.000000000000000000, 0.000000000000000000, -0.000000000000000000 ) ) ;
#2407 = CARTESIAN_POINT ( 'NONE',  ( -10.00000000000000000, 0.000000000000000000, 0.000000000000000000 ) ) ;
#2408 = CIRCLE ( 'NONE', #914, 8.250000000000001776 ) ;
#2409 = VERTEX_POINT ( 'NONE', #1186 ) ;
#2410 = CYLINDRICAL_SURFACE ( 'NONE', #1716, 21.87500000000000000 ) ;
#2411 = AXIS2_PLACEMENT_3D ( 'NONE', #3489, #3894, #4802 ) ;
#2412 = FACE_OUTER_BOUND ( 'NONE', #3488, .T. ) ;
#2413 = CARTESIAN_POINT ( 'NONE',  ( 10.00000000000000000, -16.15858777384817202, -10.70184170981742788 ) ) ;
#2414 = CARTESIAN_POINT ( 'NONE',  ( 0.000000000000000000, 19.05294406575194799, 0.5710557567588567807 ) ) ;
#2415 = AXIS2_PLACEMENT_3D ( 'NONE', #204, #4723, #3475 ) ;
#2416 = CARTESIAN_POINT ( 'NONE',  ( 10.00000000000000000, -8.293305586232799342, -17.51714752122911634 ) ) ;
#2417 = CARTESIAN_POINT ( 'NONE',  ( 0.000000000000000000, 0.000000000000000000, 0.000000000000000000 ) ) ;
#2418 = CARTESIAN_POINT ( 'NONE',  ( 10.00000000000000000, 15.71962045500186989, 10.78120192746090034 ) ) ;
#2419 = EDGE_CURVE ( 'NONE', #4790, #2149, #3348, .T. ) ;
#2420 = EDGE_CURVE ( 'NONE', #3844, #1842, #3963, .T. ) ;
#2421 = ORIENTED_EDGE ( 'NONE', *, *, #3466, .F. ) ;
#2422 = VERTEX_POINT ( 'NONE', #1585 ) ;
#2423 = EDGE_LOOP ( 'NONE', ( #3914, #4885, #1485, #1027 ) ) ;
#2424 = CARTESIAN_POINT ( 'NONE',  ( -10.00000000000000000, 0.000000000000000000, 0.000000000000000000 ) ) ;
#2425 = VECTOR ( 'NONE', #1230, 1000.000000000000000 ) ;
#2426 = VECTOR ( 'NONE', #1898, 1000.000000000000000 ) ;
#2427 = CARTESIAN_POINT ( 'NONE',  ( 0.000000000000000000, -12.04544978961380330, 14.77321635988225168 ) ) ;
#2428 = EDGE_CURVE ( 'NONE', #2957, #682, #3802, .T. ) ;
#2429 = AXIS2_PLACEMENT_3D ( 'NONE', #3267, #335, #266 ) ;
#2430 = AXIS2_PLACEMENT_3D ( 'NONE', #693, #2245, #1832 ) ;
#2431 = VECTOR ( 'NONE', #334, 1000.000000000000000 ) ;
#2432 = CARTESIAN_POINT ( 'NONE',  ( 0.000000000000000000, 0.000000000000000000, 0.000000000000000000 ) ) ;
#2433 = DIRECTION ( 'NONE',  ( 0.000000000000000000, 0.000000000000000000, 1.000000000000000000 ) ) ;
#2434 = CARTESIAN_POINT ( 'NONE',  ( 0.000000000000000000, -11.02364196210755232, 15.94078707963960895 ) ) ;
#2435 = CYLINDRICAL_SURFACE ( 'NONE', #4082, 21.87500000000000000 ) ;
#2436 = AXIS2_PLACEMENT_3D ( 'NONE', #916, #965, #3986 ) ;
#2437 = EDGE_LOOP ( 'NONE', ( #4877, #4259, #1745, #4826 ) ) ;
#2438 = DIRECTION ( 'NONE',  ( 0.000000000000000000, 0.000000000000000000, 1.000000000000000000 ) ) ;
#2439 = ORIENTED_EDGE ( 'NONE', *, *, #2586, .F. ) ;
#2440 = CARTESIAN_POINT ( 'NONE',  ( 0.000000000000000000, -20.44538137465307770, 7.778303506870177131 ) ) ;
#2441 = CARTESIAN_POINT ( 'NONE',  ( 10.00000000000000000, 19.61342834978363925, 9.686539803660714654 ) ) ;
#2442 = DIRECTION ( 'NONE',  ( -1.000000000000000000, 0.000000000000000000, 0.000000000000000000 ) ) ;
#2443 = VERTEX_POINT ( 'NONE', #423 ) ;
#2444 = FACE_OUTER_BOUND ( 'NONE', #2789, .T. ) ;
#2445 = DIRECTION ( 'NONE',  ( -1.000000000000000000, 0.000000000000000000, 0.000000000000000000 ) ) ;
#2446 = CARTESIAN_POINT ( 'NONE',  ( 10.00000000000000000, -18.44205095620968393, -4.819910660848944595 ) ) ;
#2447 = CIRCLE ( 'NONE', #950, 8.250000000000001776 ) ;
#2448 = VERTEX_POINT ( 'NONE', #3746 ) ;
#2449 = EDGE_LOOP ( 'NONE', ( #1514, #3936, #220, #4646 ) ) ;
#2450 = VERTEX_POINT ( 'NONE', #832 ) ;
#2451 = EDGE_CURVE ( 'NONE', #4353, #1534, #3075, .T. ) ;
#2452 = CARTESIAN_POINT ( 'NONE',  ( 10.00000000000000000, 8.434329594277761188, 17.09394239328921472 ) ) ;
#2453 = AXIS2_PLACEMENT_3D ( 'NONE', #4704, #4362, #2058 ) ;
#2454 = EDGE_CURVE ( 'NONE', #2121, #1269, #2655, .T. ) ;
#2455 = DIRECTION ( 'NONE',  ( 0.000000000000000000, 0.000000000000000000, -1.000000000000000000 ) ) ;
#2456 = ORIENTED_EDGE ( 'NONE', *, *, #818, .T. ) ;
#2457 = CARTESIAN_POINT ( 'NONE',  ( 10.00000000000000000, 17.10269516630167885, -9.117411522779079291 ) ) ;
#2458 = EDGE_CURVE ( 'NONE', #1050, #4415, #4585, .T. ) ;
#2459 = CARTESIAN_POINT ( 'NONE',  ( 0.000000000000000000, 2.738863980935596132, 21.70286269352348540 ) ) ;
#2460 = EDGE_CURVE ( 'NONE', #4496, #3520, #3161, .T. ) ;
#2461 = CARTESIAN_POINT ( 'NONE',  ( 10.00000000000000000, 6.590642123069674341, 18.22615733589401188 ) ) ;
#2462 = EDGE_LOOP ( 'NONE', ( #2856, #4121, #3743, #4460 ) ) ;
#2463 = ORIENTED_EDGE ( 'NONE', *, *, #4141, .T. ) ;
#2464 = DIRECTION ( 'NONE',  ( -1.000000000000000000, 0.000000000000000000, 0.000000000000000000 ) ) ;
#2465 = EDGE_LOOP ( 'NONE', ( #279, #3292, #3391, #4280 ) ) ;
#2466 = DIRECTION ( 'NONE',  ( 0.000000000000000000, 0.000000000000000000, -1.000000000000000000 ) ) ;
#2467 = CARTESIAN_POINT ( 'NONE',  ( 0.000000000000000000, 9.920863589757326295, -16.64949970601432128 ) ) ;
#2468 = AXIS2_PLACEMENT_3D ( 'NONE', #473, #2246, #2056 ) ;
#2469 = VECTOR ( 'NONE', #73, 1000.000000000000000 ) ;
#2470 = ORIENTED_EDGE ( 'NONE', *, *, #256, .T. ) ;
#2471 = AXIS2_PLACEMENT_3D ( 'NONE', #3933, #550, #941 ) ;
#2472 = LINE ( 'NONE', #4750, #840 ) ;
#2473 = CYLINDRICAL_SURFACE ( 'NONE', #2269, 8.250000000000000000 ) ;
#2474 = DIRECTION ( 'NONE',  ( 0.000000000000000000, 0.000000000000000000, 1.000000000000000000 ) ) ;
#2475 = AXIS2_PLACEMENT_3D ( 'NONE', #4515, #2330, #1233 ) ;
#2476 = VERTEX_POINT ( 'NONE', #1924 ) ;
#2477 = ORIENTED_EDGE ( 'NONE', *, *, #2932, .F. ) ;
#2478 = DIRECTION ( 'NONE',  ( -1.000000000000000000, -0.000000000000000000, -0.000000000000000000 ) ) ;
#2479 = DIRECTION ( 'NONE',  ( -1.000000000000000000, -0.000000000000000000, -0.000000000000000000 ) ) ;
#2480 = VERTEX_POINT ( 'NONE', #1874 ) ;
#2481 = DIRECTION ( 'NONE',  ( -1.000000000000000000, 0.000000000000000000, 0.000000000000000000 ) ) ;
#2482 = CYLINDRICAL_SURFACE ( 'NONE', #4652, 19.06149999999999523 ) ;
#2483 = CARTESIAN_POINT ( 'NONE',  ( 10.00000000000000000, -21.87173982874669775, -0.3776530995707582661 ) ) ;
#2484 = EDGE_CURVE ( 'NONE', #2108, #3244, #93, .T. ) ;
#2485 = EDGE_CURVE ( 'NONE', #1952, #2213, #2260, .T. ) ;
#2486 = ORIENTED_EDGE ( 'NONE', *, *, #2745, .T. ) ;
#2487 = DIRECTION ( 'NONE',  ( 0.000000000000000000, 0.000000000000000000, 1.000000000000000000 ) ) ;
#2488 = VERTEX_POINT ( 'NONE', #2414 ) ;
#2489 = CARTESIAN_POINT ( 'NONE',  ( 0.000000000000000000, -9.031923240545538079, 16.78586145620454317 ) ) ;
#2490 = EDGE_CURVE ( 'NONE', #2897, #156, #4323, .T. ) ;
#2491 = ORIENTED_EDGE ( 'NONE', *, *, #2355, .T. ) ;
#2492 = EDGE_LOOP ( 'NONE', ( #3617, #4092, #1078, #3984 ) ) ;
#2493 = CARTESIAN_POINT ( 'NONE',  ( 0.000000000000000000, 0.000000000000000000, 0.000000000000000000 ) ) ;
#2494 = CARTESIAN_POINT ( 'NONE',  ( 10.00000000000000000, 0.000000000000000000, 0.000000000000000000 ) ) ;
#2495 = DIRECTION ( 'NONE',  ( -1.000000000000000000, -0.000000000000000000, 0.000000000000000000 ) ) ;
#2496 = ORIENTED_EDGE ( 'NONE', *, *, #2630, .T. ) ;
#2497 = ORIENTED_EDGE ( 'NONE', *, *, #2585, .F. ) ;
#2498 = EDGE_LOOP ( 'NONE', ( #4722, #4241, #2164, #4159 ) ) ;
#2499 = CARTESIAN_POINT ( 'NONE',  ( 0.000000000000000000, 0.000000000000000000, 0.000000000000000000 ) ) ;
#2500 = LINE ( 'NONE', #1399, #2867 ) ;
#2501 = AXIS2_PLACEMENT_3D ( 'NONE', #3969, #3941, #1329 ) ;
#2502 = AXIS2_PLACEMENT_3D ( 'NONE', #1994, #2704, #490 ) ;
#2503 = ORIENTED_EDGE ( 'NONE', *, *, #3835, .F. ) ;
#2504 = VECTOR ( 'NONE', #1555, 1000.000000000000000 ) ;
#2505 = CARTESIAN_POINT ( 'NONE',  ( 0.000000000000000000, 0.000000000000000000, 0.000000000000000000 ) ) ;
#2506 = CIRCLE ( 'NONE', #141, 8.250000000000001776 ) ;
#2507 = VERTEX_POINT ( 'NONE', #4694 ) ;
#2508 = CIRCLE ( 'NONE', #937, 8.250000000000000000 ) ;
#2509 = CARTESIAN_POINT ( 'NONE',  ( -10.00000000000000000, 0.000000000000000000, 0.000000000000000000 ) ) ;
#2510 = EDGE_LOOP ( 'NONE', ( #1089, #2377, #525, #3786 ) ) ;
#2511 = EDGE_CURVE ( 'NONE', #2802, #3002, #571, .T. ) ;
#2512 = EDGE_CURVE ( 'NONE', #1638, #3544, #2684, .T. ) ;
#2513 = CARTESIAN_POINT ( 'NONE',  ( 0.000000000000000000, -19.02095316055511276, 1.242627504108997583 ) ) ;
#2514 = ORIENTED_EDGE ( 'NONE', *, *, #3049, .T. ) ;
#2515 = DIRECTION ( 'NONE',  ( -1.000000000000000000, 0.000000000000000000, 0.000000000000000000 ) ) ;
#2516 = EDGE_CURVE ( 'NONE', #3949, #1030, #3477, .T. ) ;
#2517 = LINE ( 'NONE', #2793, #546 ) ;
#2518 = DIRECTION ( 'NONE',  ( 1.000000000000000000, 0.000000000000000000, 0.000000000000000000 ) ) ;
#2519 = VERTEX_POINT ( 'NONE', #147 ) ;
#2520 = ORIENTED_EDGE ( 'NONE', *, *, #313, .T. ) ;
#2521 = CARTESIAN_POINT ( 'NONE',  ( 0.000000000000000000, 11.26292709241939427, 18.75265576687326785 ) ) ;
#2522 = DIRECTION ( 'NONE',  ( -1.000000000000000000, 0.000000000000000000, 0.000000000000000000 ) ) ;
#2523 = VECTOR ( 'NONE', #2378, 1000.000000000000000 ) ;
#2524 = AXIS2_PLACEMENT_3D ( 'NONE', #2201, #4440, #2899 ) ;
#2525 = EDGE_LOOP ( 'NONE', ( #4136, #2874, #415, #734 ) ) ;
#2526 = CARTESIAN_POINT ( 'NONE',  ( 10.00000000000000000, -14.62362239917211326, 12.22662873307402798 ) ) ;
#2527 = VECTOR ( 'NONE', #1067, 1000.000000000000000 ) ;
#2528 = ORIENTED_EDGE ( 'NONE', *, *, #2210, .F. ) ;
#2529 = ORIENTED_EDGE ( 'NONE', *, *, #1821, .F. ) ;
#2530 = CARTESIAN_POINT ( 'NONE',  ( 10.00000000000000000, -21.87173982874670131, 0.3776530995704694416 ) ) ;
#2531 = ORIENTED_EDGE ( 'NONE', *, *, #4837, .T. ) ;
#2532 = CARTESIAN_POINT ( 'NONE',  ( 10.00000000000000000, 8.434329594277992115, -17.09394239328909748 ) ) ;
#2533 = EDGE_CURVE ( 'NONE', #4388, #637, #4667, .T. ) ;
#2534 = ORIENTED_EDGE ( 'NONE', *, *, #2648, .T. ) ;
#2535 = DIRECTION ( 'NONE',  ( -1.000000000000000000, 0.000000000000000000, -0.000000000000000000 ) ) ;
#2536 = DIRECTION ( 'NONE',  ( -1.000000000000000000, -0.000000000000000000, 0.000000000000000000 ) ) ;
#2537 = CIRCLE ( 'NONE', #2688, 19.06149999999999878 ) ;
#2538 = DIRECTION ( 'NONE',  ( -1.000000000000000000, 0.000000000000000000, 0.000000000000000000 ) ) ;
#2539 = EDGE_LOOP ( 'NONE', ( #89, #170, #3572, #3247 ) ) ;
#2540 = EDGE_CURVE ( 'NONE', #4504, #817, #122, .T. ) ;
#2541 = EDGE_CURVE ( 'NONE', #1030, #1323, #1995, .T. ) ;
#2542 = AXIS2_PLACEMENT_3D ( 'NONE', #1741, #3187, #2079 ) ;
#2543 = ORIENTED_EDGE ( 'NONE', *, *, #3479, .T. ) ;
#2544 = DIRECTION ( 'NONE',  ( 1.000000000000000000, 0.000000000000000000, 0.000000000000000000 ) ) ;
#2545 = DIRECTION ( 'NONE',  ( -1.000000000000000000, 0.000000000000000000, 0.000000000000000000 ) ) ;
#2546 = CARTESIAN_POINT ( 'NONE',  ( 10.00000000000000000, -16.44725757863466953, 10.25266272580874549 ) ) ;
#2547 = EDGE_CURVE ( 'NONE', #592, #3528, #3125, .T. ) ;
#2548 = ORIENTED_EDGE ( 'NONE', *, *, #1216, .F. ) ;
#2549 = DIRECTION ( 'NONE',  ( 0.000000000000000000, 0.000000000000000000, 1.000000000000000000 ) ) ;
#2550 = CARTESIAN_POINT ( 'NONE',  ( 0.000000000000000000, 0.000000000000000000, 0.000000000000000000 ) ) ;
#2551 = ORIENTED_EDGE ( 'NONE', *, *, #1709, .T. ) ;
#2552 = CARTESIAN_POINT ( 'NONE',  ( 0.000000000000000000, 6.590642123069916813, -18.22615733589392661 ) ) ;
#2553 = CARTESIAN_POINT ( 'NONE',  ( 10.00000000000000000, 19.31694754834044048, -1.576360441589381045 ) ) ;
#2554 = CARTESIAN_POINT ( 'NONE',  ( 0.000000000000000000, 12.48899420472160671, -14.82074217377704528 ) ) ;
#2555 = DIRECTION ( 'NONE',  ( -1.000000000000000000, -0.000000000000000000, 0.000000000000000000 ) ) ;
#2556 = CARTESIAN_POINT ( 'NONE',  ( 0.000000000000000000, 16.33709255729553789, 9.820396581826958737 ) ) ;
#2557 = ORIENTED_EDGE ( 'NONE', *, *, #1767, .T. ) ;
#2558 = EDGE_LOOP ( 'NONE', ( #1225, #2887, #3897, #3086 ) ) ;
#2559 = DIRECTION ( 'NONE',  ( 0.000000000000000000, 0.000000000000000000, 1.000000000000000000 ) ) ;
#2560 = DIRECTION ( 'NONE',  ( -1.000000000000000000, -0.000000000000000000, -0.000000000000000000 ) ) ;
#2561 = LINE ( 'NONE', #4499, #534 ) ;
#2562 = ADVANCED_FACE ( 'NONE', ( #3152 ), #3498, .T. ) ;
#2563 = ADVANCED_FACE ( 'NONE', ( #1265 ), #469, .T. ) ;
#2564 = EDGE_LOOP ( 'NONE', ( #949, #663, #990, #4031 ) ) ;
#2565 = FACE_OUTER_BOUND ( 'NONE', #2848, .T. ) ;
#2566 = DIRECTION ( 'NONE',  ( -1.000000000000000000, -0.000000000000000000, -0.000000000000000000 ) ) ;
#2567 = EDGE_CURVE ( 'NONE', #4729, #2108, #1285, .T. ) ;
#2568 = STYLED_ITEM ( 'NONE', ( #1446 ), #1849 ) ;
#2569 = ORIENTED_EDGE ( 'NONE', *, *, #3411, .T. ) ;
#2570 = ORIENTED_EDGE ( 'NONE', *, *, #1001, .T. ) ;
#2571 = DIRECTION ( 'NONE',  ( 0.000000000000000000, 0.000000000000000000, 1.000000000000000000 ) ) ;
#2572 = LINE ( 'NONE', #3318, #4095 ) ;
#2573 = AXIS2_PLACEMENT_3D ( 'NONE', #2417, #2055, #940 ) ;
#2574 = CIRCLE ( 'NONE', #454, 8.250000000000001776 ) ;
#2575 = AXIS2_PLACEMENT_3D ( 'NONE', #277, #760, #3347 ) ;
#2576 = AXIS2_PLACEMENT_3D ( 'NONE', #830, #3876, #3519 ) ;
#2577 = ORIENTED_EDGE ( 'NONE', *, *, #1931, .F. ) ;
#2578 = CARTESIAN_POINT ( 'NONE',  ( 10.00000000000000000, -9.031923240545538079, 16.78586145620454317 ) ) ;
#2579 = CARTESIAN_POINT ( 'NONE',  ( 0.000000000000000000, 17.90038228506903195, -6.551114126496856649 ) ) ;
#2580 = CARTESIAN_POINT ( 'NONE',  ( 0.000000000000000000, 0.000000000000000000, 3.000000000000000444 ) ) ;
#2581 = CIRCLE ( 'NONE', #3452, 21.87500000000000000 ) ;
#2582 = ORIENTED_EDGE ( 'NONE', *, *, #3540, .F. ) ;
#2583 = DIRECTION ( 'NONE',  ( 0.000000000000000000, 0.000000000000000000, 1.000000000000000000 ) ) ;
#2584 = CARTESIAN_POINT ( 'NONE',  ( 10.00000000000000000, 0.000000000000000000, 0.000000000000000000 ) ) ;
#2585 = EDGE_CURVE ( 'NONE', #577, #1616, #2537, .T. ) ;
#2586 = EDGE_CURVE ( 'NONE', #3229, #428, #2606, .T. ) ;
#2587 = ORIENTED_EDGE ( 'NONE', *, *, #3270, .T. ) ;
#2588 = DIRECTION ( 'NONE',  ( -1.000000000000000000, 0.000000000000000000, -0.000000000000000000 ) ) ;
#2589 = CARTESIAN_POINT ( 'NONE',  ( 10.00000000000000000, -20.44538137465307770, 7.778303506870183348 ) ) ;
#2590 = VECTOR ( 'NONE', #3014, 1000.000000000000000 ) ;
#2591 = EDGE_CURVE ( 'NONE', #2601, #579, #3471, .T. ) ;
#2592 = VERTEX_POINT ( 'NONE', #3549 ) ;
#2593 = EDGE_CURVE ( 'NONE', #848, #2331, #177, .T. ) ;
#2594 = ORIENTED_EDGE ( 'NONE', *, *, #3047, .F. ) ;
#2595 = ORIENTED_EDGE ( 'NONE', *, *, #1520, .F. ) ;
#2596 = CARTESIAN_POINT ( 'NONE',  ( 10.00000000000000000, -15.56871210900737168, -15.36654900317072503 ) ) ;
#2597 = AXIS2_PLACEMENT_3D ( 'NONE', #4756, #282, #4475 ) ;
#2598 = CARTESIAN_POINT ( 'NONE',  ( 0.000000000000000000, 0.000000000000000000, 0.000000000000000000 ) ) ;
#2599 = CIRCLE ( 'NONE', #4822, 8.250000000000000000 ) ;
#2600 = ADVANCED_FACE ( 'NONE', ( #4189 ), #2323, .T. ) ;
#2601 = VERTEX_POINT ( 'NONE', #413 ) ;
#2602 = CARTESIAN_POINT ( 'NONE',  ( 0.000000000000000000, -21.40501767787982601, 4.510082394995914790 ) ) ;
#2603 = DIRECTION ( 'NONE',  ( 0.000000000000000000, 0.000000000000000000, 1.000000000000000000 ) ) ;
#2604 = DIRECTION ( 'NONE',  ( 0.000000000000000000, 0.000000000000000000, 1.000000000000000000 ) ) ;
#2605 = ORIENTED_EDGE ( 'NONE', *, *, #431, .T. ) ;
#2606 = CIRCLE ( 'NONE', #575, 8.250000000000000000 ) ;
#2607 = DIRECTION ( 'NONE',  ( 0.000000000000000000, 0.000000000000000000, 1.000000000000000000 ) ) ;
#2608 = DIRECTION ( 'NONE',  ( -1.000000000000000000, 0.000000000000000000, 0.000000000000000000 ) ) ;
#2609 = DIRECTION ( 'NONE',  ( 0.000000000000000000, 0.000000000000000000, 1.000000000000000000 ) ) ;
#2610 = ORIENTED_EDGE ( 'NONE', *, *, #1822, .F. ) ;
#2611 = AXIS2_PLACEMENT_3D ( 'NONE', #1118, #4225, #2609 ) ;
#2612 = ORIENTED_EDGE ( 'NONE', *, *, #2859, .F. ) ;
#2613 = AXIS2_PLACEMENT_3D ( 'NONE', #4527, #1149, #2993 ) ;
#2614 = CYLINDRICAL_SURFACE ( 'NONE', #790, 8.250000000000000000 ) ;
#2615 = AXIS2_PLACEMENT_3D ( 'NONE', #3232, #1062, #2915 ) ;
#2616 = DIRECTION ( 'NONE',  ( -1.000000000000000000, 0.000000000000000000, -0.000000000000000000 ) ) ;
#2617 = VECTOR ( 'NONE', #2676, 1000.000000000000000 ) ;
#2618 = CARTESIAN_POINT ( 'NONE',  ( 10.00000000000000000, 9.458457910831663540, -16.91646974921686919 ) ) ;
#2619 = ORIENTED_EDGE ( 'NONE', *, *, #1352, .F. ) ;
#2620 = ORIENTED_EDGE ( 'NONE', *, *, #3389, .T. ) ;
#2621 = DIRECTION ( 'NONE',  ( -1.000000000000000000, -0.000000000000000000, -0.000000000000000000 ) ) ;
#2622 = CARTESIAN_POINT ( 'NONE',  ( 10.00000000000000000, -18.97858750202507849, -3.929706255577019469 ) ) ;
#2623 = EDGE_CURVE ( 'NONE', #3717, #4269, #3651, .T. ) ;
#2624 = EDGE_CURVE ( 'NONE', #3242, #1270, #3413, .T. ) ;
#2625 = CARTESIAN_POINT ( 'NONE',  ( 0.000000000000000000, -19.07963632779119223, 3.405415162116689043 ) ) ;
#2626 = ORIENTED_EDGE ( 'NONE', *, *, #286, .F. ) ;
#2627 = DIRECTION ( 'NONE',  ( 1.000000000000000000, -0.000000000000000000, 0.000000000000000000 ) ) ;
#2628 = DIRECTION ( 'NONE',  ( 0.000000000000000000, -0.9096319953545138892, -0.4154150130018964826 ) ) ;
#2629 = DIRECTION ( 'NONE',  ( 0.000000000000000000, 0.000000000000000000, -1.000000000000000000 ) ) ;
#2630 = EDGE_CURVE ( 'NONE', #2331, #1455, #585, .T. ) ;
#2631 = AXIS2_PLACEMENT_3D ( 'NONE', #3980, #3149, #2809 ) ;
#2632 = VERTEX_POINT ( 'NONE', #800 ) ;
#2633 = DIRECTION ( 'NONE',  ( -1.000000000000000000, 0.000000000000000000, 0.000000000000000000 ) ) ;
#2634 = CARTESIAN_POINT ( 'NONE',  ( 0.000000000000000000, -18.91238855906797767, 2.379567448263330220 ) ) ;
#2635 = CARTESIAN_POINT ( 'NONE',  ( 10.00000000000000000, -15.32962889451894739, -11.32886844333226151 ) ) ;
#2636 = VERTEX_POINT ( 'NONE', #65 ) ;
#2637 = DIRECTION ( 'NONE',  ( -1.000000000000000000, 0.000000000000000000, 0.000000000000000000 ) ) ;
#2638 = DIRECTION ( 'NONE',  ( -1.000000000000000000, 0.000000000000000000, 0.000000000000000000 ) ) ;
#2639 = AXIS2_PLACEMENT_3D ( 'NONE', #3567, #536, #4044 ) ;
#2640 = CYLINDRICAL_SURFACE ( 'NONE', #4592, 8.250000000000000000 ) ;
#2641 = ORIENTED_EDGE ( 'NONE', *, *, #617, .T. ) ;
#2642 = VERTEX_POINT ( 'NONE', #2302 ) ;
#2643 = CYLINDRICAL_SURFACE ( 'NONE', #1315, 19.06149999999999523 ) ;
#2644 = ORIENTED_EDGE ( 'NONE', *, *, #4210, .T. ) ;
#2645 = CARTESIAN_POINT ( 'NONE',  ( 10.00000000000000000, 17.10269516630156161, 9.117411522779311994 ) ) ;
#2646 = CIRCLE ( 'NONE', #3284, 8.250000000000000000 ) ;
#2647 = EDGE_CURVE ( 'NONE', #4496, #997, #847, .T. ) ;
#2648 = EDGE_CURVE ( 'NONE', #1684, #3201, #4509, .T. ) ;
#2649 = CIRCLE ( 'NONE', #2896, 19.06149999999999523 ) ;
#2650 = AXIS2_PLACEMENT_3D ( 'NONE', #2980, #53, #1922 ) ;
#2651 = DIRECTION ( 'NONE',  ( -1.000000000000000000, 0.000000000000000000, 0.000000000000000000 ) ) ;
#2652 = ORIENTED_EDGE ( 'NONE', *, *, #2272, .T. ) ;
#2653 = LINE ( 'NONE', #3774, #2426 ) ;
#2654 = DIRECTION ( 'NONE',  ( 0.000000000000000000, 0.000000000000000000, 1.000000000000000000 ) ) ;
#2655 = LINE ( 'NONE', #1114, #4825 ) ;
#2656 = AXIS2_PLACEMENT_3D ( 'NONE', #4589, #3031, #4568 ) ;
#2657 = CIRCLE ( 'NONE', #1647, 8.250000000000000000 ) ;
#2658 = ADVANCED_FACE ( 'NONE', ( #2350 ), #3865, .T. ) ;
#2659 = ORIENTED_EDGE ( 'NONE', *, *, #43, .F. ) ;
#2660 = CARTESIAN_POINT ( 'NONE',  ( 10.00000000000000000, 13.39519055437152595, -13.56132929554015476 ) ) ;
#2661 = DIRECTION ( 'NONE',  ( 0.000000000000000000, 0.000000000000000000, 1.000000000000000000 ) ) ;
#2662 = AXIS2_PLACEMENT_3D ( 'NONE', #4355, #1016, #3554 ) ;
#2663 = CARTESIAN_POINT ( 'NONE',  ( 0.000000000000000000, -16.44725757863453097, -10.25266272580896398 ) ) ;
#2664 = VERTEX_POINT ( 'NONE', #3064 ) ;
#2665 = CYLINDRICAL_SURFACE ( 'NONE', #4746, 21.87500000000000000 ) ;
#2666 = CARTESIAN_POINT ( 'NONE',  ( 0.000000000000000000, 17.90038228506893958, 6.551114126497101786 ) ) ;
#2667 = ORIENTED_EDGE ( 'NONE', *, *, #292, .F. ) ;
#2668 = DIRECTION ( 'NONE',  ( -1.000000000000000000, -0.000000000000000000, 0.000000000000000000 ) ) ;
#2669 = ORIENTED_EDGE ( 'NONE', *, *, #1188, .F. ) ;
#2670 = VERTEX_POINT ( 'NONE', #44 ) ;
#2671 = CARTESIAN_POINT ( 'NONE',  ( 0.000000000000000000, -18.44205095620968393, -4.819910660848944595 ) ) ;
#2672 = CARTESIAN_POINT ( 'NONE',  ( 10.00000000000000000, -2.146273420797794262, -18.94028227490754190 ) ) ;
#2673 = AXIS2_PLACEMENT_3D ( 'NONE', #2803, #4762, #243 ) ;
#2674 = CIRCLE ( 'NONE', #1818, 8.250000000000000000 ) ;
#2675 = CIRCLE ( 'NONE', #565, 8.250000000000000000 ) ;
#2676 = DIRECTION ( 'NONE',  ( -1.000000000000000000, 0.000000000000000000, 0.000000000000000000 ) ) ;
#2677 = ORIENTED_EDGE ( 'NONE', *, *, #3466, .T. ) ;
#2678 = DIRECTION ( 'NONE',  ( -1.000000000000000000, 0.000000000000000000, 0.000000000000000000 ) ) ;
#2679 = CARTESIAN_POINT ( 'NONE',  ( 10.00000000000000000, 0.000000000000000000, 0.000000000000000000 ) ) ;
#2680 = CARTESIAN_POINT ( 'NONE',  ( 10.00000000000000000, 19.26619331636527832, 10.35788280594188571 ) ) ;
#2681 = CIRCLE ( 'NONE', #2597, 8.250000000000000000 ) ;
#2682 = FACE_OUTER_BOUND ( 'NONE', #203, .T. ) ;
#2683 = DIRECTION ( 'NONE',  ( -1.000000000000000000, 0.000000000000000000, -0.000000000000000000 ) ) ;
#2684 = CIRCLE ( 'NONE', #1119, 8.250000000000000000 ) ;
#2685 = DIRECTION ( 'NONE',  ( 0.000000000000000000, -0.8660254037844432595, 0.4999999999999920064 ) ) ;
#2686 = ADVANCED_FACE ( 'NONE', ( #1983 ), #4884, .T. ) ;
#2687 = EDGE_CURVE ( 'NONE', #1252, #1751, #2080, .T. ) ;
#2688 = AXIS2_PLACEMENT_3D ( 'NONE', #3522, #1660, #2788 ) ;
#2689 = ORIENTED_EDGE ( 'NONE', *, *, #3233, .F. ) ;
#2690 = ORIENTED_EDGE ( 'NONE', *, *, #3715, .T. ) ;
#2691 = FACE_OUTER_BOUND ( 'NONE', #632, .T. ) ;
#2692 = LINE ( 'NONE', #2716, #1248 ) ;
#2693 = VECTOR ( 'NONE', #1425, 1000.000000000000000 ) ;
#2694 = ADVANCED_FACE ( 'NONE', ( #3390 ), #2640, .T. ) ;
#2695 = DIRECTION ( 'NONE',  ( -1.000000000000000000, 0.000000000000000000, 0.000000000000000000 ) ) ;
#2696 = ORIENTED_EDGE ( 'NONE', *, *, #432, .F. ) ;
#2697 = VERTEX_POINT ( 'NONE', #4163 ) ;
#2698 = FACE_OUTER_BOUND ( 'NONE', #2093, .T. ) ;
#2699 = DIRECTION ( 'NONE',  ( -1.000000000000000000, 0.000000000000000000, -0.000000000000000000 ) ) ;
#2700 = AXIS2_PLACEMENT_3D ( 'NONE', #3142, #1331, #1700 ) ;
#2701 = ORIENTED_EDGE ( 'NONE', *, *, #4783, .F. ) ;
#2702 = FACE_OUTER_BOUND ( 'NONE', #1738, .T. ) ;
#2703 = CARTESIAN_POINT ( 'NONE',  ( 0.000000000000000000, -11.45857671632880503, 15.63107144322330200 ) ) ;
#2704 = DIRECTION ( 'NONE',  ( -1.000000000000000000, -0.000000000000000000, 0.000000000000000000 ) ) ;
#2705 = AXIS2_PLACEMENT_3D ( 'NONE', #1925, #3450, #2986 ) ;
#2706 = CARTESIAN_POINT ( 'NONE',  ( 0.000000000000000000, 6.590642123069674341, 18.22615733589401188 ) ) ;
#2707 = CARTESIAN_POINT ( 'NONE',  ( 10.00000000000000000, 0.000000000000000000, 0.000000000000000000 ) ) ;
#2708 = DIRECTION ( 'NONE',  ( -1.000000000000000000, -0.000000000000000000, -0.000000000000000000 ) ) ;
#2709 = CYLINDRICAL_SURFACE ( 'NONE', #3483, 21.87500000000000000 ) ;
#2710 = CIRCLE ( 'NONE', #4781, 21.87500000000000000 ) ;
#2711 = VERTEX_POINT ( 'NONE', #776 ) ;
#2712 = ORIENTED_EDGE ( 'NONE', *, *, #4178, .F. ) ;
#2713 = EDGE_CURVE ( 'NONE', #3520, #3414, #4373, .T. ) ;
#2714 = DIRECTION ( 'NONE',  ( -1.000000000000000000, 0.000000000000000000, 0.000000000000000000 ) ) ;
#2715 = ADVANCED_FACE ( 'NONE', ( #4137 ), #3432, .T. ) ;
#2716 = CARTESIAN_POINT ( 'NONE',  ( 10.00000000000000000, 13.39519055437152595, -13.56132929554015476 ) ) ;
#2717 = AXIS2_PLACEMENT_3D ( 'NONE', #68, #364, #4602 ) ;
#2718 = DIRECTION ( 'NONE',  ( 0.000000000000000000, 0.000000000000000000, 1.000000000000000000 ) ) ;
#2719 = ORIENTED_EDGE ( 'NONE', *, *, #739, .F. ) ;
#2720 = ORIENTED_EDGE ( 'NONE', *, *, #1064, .F. ) ;
#2721 = ADVANCED_FACE ( 'NONE', ( #1574 ), #4575, .T. ) ;
#2722 = DIRECTION ( 'NONE',  ( -1.000000000000000000, 0.000000000000000000, 0.000000000000000000 ) ) ;
#2723 = CARTESIAN_POINT ( 'NONE',  ( -10.00000000000000000, 0.000000000000000000, 0.000000000000000000 ) ) ;
#2724 = CIRCLE ( 'NONE', #3830, 8.250000000000000000 ) ;
#2725 = CIRCLE ( 'NONE', #3920, 8.250000000000000000 ) ;
#2726 = ORIENTED_EDGE ( 'NONE', *, *, #4301, .F. ) ;
#2727 = CYLINDRICAL_SURFACE ( 'NONE', #1997, 8.250000000000000000 ) ;
#2728 = CARTESIAN_POINT ( 'NONE',  ( 10.00000000000000000, -13.84124418184892669, 13.56647833174021223 ) ) ;
#2729 = DIRECTION ( 'NONE',  ( 1.000000000000000000, -0.000000000000000000, 0.000000000000000000 ) ) ;
#2730 = CARTESIAN_POINT ( 'NONE',  ( 4.999999999999999112, -1.417924630152317622, -21.82899710804890248 ) ) ;
#2731 = AXIS2_PLACEMENT_3D ( 'NONE', #2413, #4747, #1368 ) ;
#2732 = AXIS2_PLACEMENT_3D ( 'NONE', #2258, #1872, #3421 ) ;
#2733 = DIRECTION ( 'NONE',  ( -1.000000000000000000, -0.000000000000000000, -0.000000000000000000 ) ) ;
#2734 = LINE ( 'NONE', #151, #540 ) ;
#2735 = FACE_OUTER_BOUND ( 'NONE', #1242, .T. ) ;
#2736 = CIRCLE ( 'NONE', #2118, 8.250000000000000000 ) ;
#2737 = AXIS2_PLACEMENT_3D ( 'NONE', #1091, #2545, #1540 ) ;
#2738 = AXIS2_PLACEMENT_3D ( 'NONE', #97, #1861, #4850 ) ;
#2739 = EDGE_LOOP ( 'NONE', ( #3164, #2348, #1732, #3054 ) ) ;
#2740 = EDGE_LOOP ( 'NONE', ( #3392, #3006, #4360, #4262 ) ) ;
#2741 = CIRCLE ( 'NONE', #1092, 21.87500000000000000 ) ;
#2742 = CYLINDRICAL_SURFACE ( 'NONE', #2453, 21.87500000000000000 ) ;
#2743 = FACE_OUTER_BOUND ( 'NONE', #1835, .T. ) ;
#2744 = ORIENTED_EDGE ( 'NONE', *, *, #4459, .F. ) ;
#2745 = EDGE_CURVE ( 'NONE', #4729, #4770, #3836, .T. ) ;
#2746 = CARTESIAN_POINT ( 'NONE',  ( 10.00000000000000000, 2.493712332100455065, 19.22006174890896446 ) ) ;
#2747 = EDGE_LOOP ( 'NONE', ( #3080, #3711, #1649, #705 ) ) ;
#2748 = ORIENTED_EDGE ( 'NONE', *, *, #4759, .T. ) ;
#2749 = CARTESIAN_POINT ( 'NONE',  ( 10.00000000000000000, 11.26292709241939427, 18.75265576687326785 ) ) ;
#2750 = DIRECTION ( 'NONE',  ( -1.000000000000000000, 0.000000000000000000, 0.000000000000000000 ) ) ;
#2751 = EDGE_CURVE ( 'NONE', #2448, #4755, #2157, .T. ) ;
#2752 = EDGE_CURVE ( 'NONE', #1711, #2283, #2942, .T. ) ;
#2753 = ORIENTED_EDGE ( 'NONE', *, *, #2687, .T. ) ;
#2754 = CARTESIAN_POINT ( 'NONE',  ( 0.000000000000000000, 5.046860401838294763, 18.38123995638913044 ) ) ;
#2755 = EDGE_LOOP ( 'NONE', ( #59, #1907, #11, #4713 ) ) ;
#2756 = CARTESIAN_POINT ( 'NONE',  ( 0.000000000000000000, 21.80860110672752583, -1.703097991203919026 ) ) ;
#2757 = AXIS2_PLACEMENT_3D ( 'NONE', #1600, #3092, #1752 ) ;
#2758 = DIRECTION ( 'NONE',  ( 0.000000000000000000, 0.000000000000000000, 1.000000000000000000 ) ) ;
#2759 = CARTESIAN_POINT ( 'NONE',  ( 10.00000000000000000, 14.18333773862198832, 12.73474431789586703 ) ) ;
#2760 = EDGE_CURVE ( 'NONE', #3921, #2122, #3112, .T. ) ;
#2761 = AXIS2_PLACEMENT_3D ( 'NONE', #2109, #158, #1719 ) ;
#2762 = DIRECTION ( 'NONE',  ( -1.000000000000000000, 0.000000000000000000, 0.000000000000000000 ) ) ;
#2763 = CARTESIAN_POINT ( 'NONE',  ( -10.00000000000000000, 0.000000000000000000, 0.000000000000000000 ) ) ;
#2764 = FACE_OUTER_BOUND ( 'NONE', #209, .T. ) ;
#2765 = ADVANCED_BREP_SHAPE_REPRESENTATION ( '33T zawor 400bar', ( #1849, #2429 ), #3934 ) ;
#2766 = ORIENTED_EDGE ( 'NONE', *, *, #3691, .T. ) ;
#2767 = ORIENTED_EDGE ( 'NONE', *, *, #1743, .T. ) ;
#2768 = VERTEX_POINT ( 'NONE', #4619 ) ;
#2769 = ORIENTED_EDGE ( 'NONE', *, *, #2151, .F. ) ;
#2770 = DIRECTION ( 'NONE',  ( -1.000000000000000000, -0.000000000000000000, -0.000000000000000000 ) ) ;
#2771 = DIRECTION ( 'NONE',  ( -1.000000000000000000, 0.000000000000000000, 0.000000000000000000 ) ) ;
#2772 = VERTEX_POINT ( 'NONE', #2376 ) ;
#2773 = CARTESIAN_POINT ( 'NONE',  ( 10.00000000000000000, 19.26732701731200237, 10.35788272804625798 ) ) ;
#2774 = ORIENTED_EDGE ( 'NONE', *, *, #3628, .T. ) ;
#2775 = LINE ( 'NONE', #2013, #869 ) ;
#2776 = DIRECTION ( 'NONE',  ( 0.000000000000000000, 0.000000000000000000, -1.000000000000000000 ) ) ;
#2777 = FACE_OUTER_BOUND ( 'NONE', #3134, .T. ) ;
#2778 = AXIS2_PLACEMENT_3D ( 'NONE', #2156, #696, #1766 ) ;
#2779 = ORIENTED_EDGE ( 'NONE', *, *, #2090, .T. ) ;
#2780 = ORIENTED_EDGE ( 'NONE', *, *, #643, .T. ) ;
#2781 = CYLINDRICAL_SURFACE ( 'NONE', #1393, 19.06149999999999523 ) ;
#2782 = VERTEX_POINT ( 'NONE', #2064 ) ;
#2783 = ADVANCED_FACE ( 'NONE', ( #532 ), #1251, .T. ) ;
#2784 = DIRECTION ( 'NONE',  ( 0.000000000000000000, 0.4582265217274053004, 0.8888354486549261413 ) ) ;
#2785 = AXIS2_PLACEMENT_3D ( 'NONE', #2087, #951, #3890 ) ;
#2786 = EDGE_CURVE ( 'NONE', #290, #2257, #4367, .T. ) ;
#2787 = CARTESIAN_POINT ( 'NONE',  ( 0.000000000000000000, 18.81670555806881495, 3.045057337874265802 ) ) ;
#2788 = DIRECTION ( 'NONE',  ( 0.000000000000000000, 0.3716624556603281837, -0.9283679330160723442 ) ) ;
#2789 = EDGE_LOOP ( 'NONE', ( #210, #3979, #2242, #3415 ) ) ;
#2790 = VECTOR ( 'NONE', #3419, 1000.000000000000000 ) ;
#2791 = CARTESIAN_POINT ( 'NONE',  ( 0.000000000000000000, 18.81670555806885758, -3.045057337874013115 ) ) ;
#2792 = EDGE_CURVE ( 'NONE', #4644, #2782, #2387, .T. ) ;
#2793 = CARTESIAN_POINT ( 'NONE',  ( 10.00000000000000000, 18.60055953293729303, -4.166529408471200568 ) ) ;
#2794 = DIRECTION ( 'NONE',  ( 0.000000000000000000, 0.9898214418809323512, 0.1423148382732887240 ) ) ;
#2795 = ORIENTED_EDGE ( 'NONE', *, *, #2933, .T. ) ;
#2796 = ORIENTED_EDGE ( 'NONE', *, *, #730, .F. ) ;
#2797 = ORIENTED_EDGE ( 'NONE', *, *, #2293, .F. ) ;
#2798 = CYLINDRICAL_SURFACE ( 'NONE', #714, 8.250000000000000000 ) ;
#2799 = DIRECTION ( 'NONE',  ( -1.000000000000000000, -0.000000000000000000, -0.000000000000000000 ) ) ;
#2800 = VERTEX_POINT ( 'NONE', #2773 ) ;
#2801 = CARTESIAN_POINT ( 'NONE',  ( 0.000000000000000000, 14.60835476616741424, 16.28224788000089873 ) ) ;
#2802 = VERTEX_POINT ( 'NONE', #4681 ) ;
#2803 = CARTESIAN_POINT ( 'NONE',  ( 10.00000000000000000, 0.000000000000000000, 0.000000000000000000 ) ) ;
#2804 = CARTESIAN_POINT ( 'NONE',  ( 0.000000000000000000, -12.99448094513567398, 17.59713300417161008 ) ) ;
#2805 = CARTESIAN_POINT ( 'NONE',  ( 10.00000000000000000, 19.26619331636530674, -2.107882805941615700 ) ) ;
#2806 = CIRCLE ( 'NONE', #3594, 21.87500000000000000 ) ;
#2807 = EDGE_LOOP ( 'NONE', ( #933, #3299, #2605, #2821 ) ) ;
#2808 = ORIENTED_EDGE ( 'NONE', *, *, #1580, .F. ) ;
#2809 = DIRECTION ( 'NONE',  ( 0.000000000000000000, 0.000000000000000000, 1.000000000000000000 ) ) ;
#2810 = CARTESIAN_POINT ( 'NONE',  ( 0.000000000000000000, 16.95889912262194699, -13.81706790707538168 ) ) ;
#2811 = CYLINDRICAL_SURFACE ( 'NONE', #1493, 8.250000000000000000 ) ;
#2812 = CARTESIAN_POINT ( 'NONE',  ( 10.00000000000000000, 0.000000000000000000, 0.000000000000000000 ) ) ;
#2813 = AXIS2_PLACEMENT_3D ( 'NONE', #3499, #939, #915 ) ;
#2814 = EDGE_CURVE ( 'NONE', #1928, #1302, #659, .T. ) ;
#2815 = ADVANCED_FACE ( 'NONE', ( #3511 ), #3591, .T. ) ;
#2816 = ORIENTED_EDGE ( 'NONE', *, *, #1063, .T. ) ;
#2817 = AXIS2_PLACEMENT_3D ( 'NONE', #1633, #1266, #3581 ) ;
#2818 = CYLINDRICAL_SURFACE ( 'NONE', #3833, 8.250000000000000000 ) ;
#2819 = CARTESIAN_POINT ( 'NONE',  ( 4.999999999999999112, -5.523465750740513158, 21.16617469219217540 ) ) ;
#2820 = CARTESIAN_POINT ( 'NONE',  ( 10.00000000000000000, -19.37932150058860969, 8.516970043202407581 ) ) ;
#2821 = ORIENTED_EDGE ( 'NONE', *, *, #1468, .T. ) ;
#2822 = EDGE_CURVE ( 'NONE', #2592, #1684, #1296, .T. ) ;
#2823 = ADVANCED_FACE ( 'NONE', ( #3944 ), #1648, .T. ) ;
#2824 = ORIENTED_EDGE ( 'NONE', *, *, #3291, .T. ) ;
#2825 = VERTEX_POINT ( 'NONE', #3994 ) ;
#2826 = ORIENTED_EDGE ( 'NONE', *, *, #1018, .T. ) ;
#2827 = VERTEX_POINT ( 'NONE', #4653 ) ;
#2828 = DIRECTION ( 'NONE',  ( 0.000000000000000000, 0.000000000000000000, 1.000000000000000000 ) ) ;
#2829 = AXIS2_PLACEMENT_3D ( 'NONE', #2763, #601, #2889 ) ;
#2830 = CARTESIAN_POINT ( 'NONE',  ( 10.00000000000000000, -12.04544978961380330, 14.77321635988225168 ) ) ;
#2831 = ORIENTED_EDGE ( 'NONE', *, *, #486, .F. ) ;
#2832 = VECTOR ( 'NONE', #1041, 1000.000000000000000 ) ;
#2833 = DIRECTION ( 'NONE',  ( 0.000000000000000000, 0.000000000000000000, 1.000000000000000000 ) ) ;
#2834 = CYLINDRICAL_SURFACE ( 'NONE', #3307, 19.06149999999999523 ) ;
#2835 = FACE_OUTER_BOUND ( 'NONE', #3899, .T. ) ;
#2836 = DIRECTION ( 'NONE',  ( 1.000000000000000000, 0.000000000000000000, 0.000000000000000000 ) ) ;
#2837 = VECTOR ( 'NONE', #3926, 1000.000000000000000 ) ;
#2838 = ORIENTED_EDGE ( 'NONE', *, *, #201, .T. ) ;
#2839 = ORIENTED_EDGE ( 'NONE', *, *, #3320, .F. ) ;
#2840 = FACE_OUTER_BOUND ( 'NONE', #636, .T. ) ;
#2841 = CARTESIAN_POINT ( 'NONE',  ( 0.000000000000000000, -4.828292784253615189, -18.77010824733485350 ) ) ;
#2842 = FACE_OUTER_BOUND ( 'NONE', #4116, .T. ) ;
#2843 = ORIENTED_EDGE ( 'NONE', *, *, #3665, .T. ) ;
#2844 = DIRECTION ( 'NONE',  ( -1.000000000000000000, 0.000000000000000000, 0.000000000000000000 ) ) ;
#2845 = DIRECTION ( 'NONE',  ( 0.000000000000000000, 0.000000000000000000, 1.000000000000000000 ) ) ;
#2846 = DIRECTION ( 'NONE',  ( 0.000000000000000000, 0.000000000000000000, 1.000000000000000000 ) ) ;
#2847 = AXIS2_PLACEMENT_3D ( 'NONE', #3220, #535, #4343 ) ;
#2848 = EDGE_LOOP ( 'NONE', ( #2294, #3166, #1581, #1728 ) ) ;
#2849 = VERTEX_POINT ( 'NONE', #4737 ) ;
#2850 = ORIENTED_EDGE ( 'NONE', *, *, #2996, .T. ) ;
#2851 = FACE_OUTER_BOUND ( 'NONE', #1478, .T. ) ;
#2852 = AXIS2_PLACEMENT_3D ( 'NONE', #1545, #2638, #4597 ) ;
#2853 = CARTESIAN_POINT ( 'NONE',  ( 0.000000000000000000, 0.000000000000000000, 0.000000000000000000 ) ) ;
#2854 = EDGE_CURVE ( 'NONE', #1866, #1355, #4836, .T. ) ;
#2855 = EDGE_CURVE ( 'NONE', #2207, #1369, #1277, .T. ) ;
#2856 = ORIENTED_EDGE ( 'NONE', *, *, #76, .F. ) ;
#2857 = CARTESIAN_POINT ( 'NONE',  ( 0.000000000000000000, 0.000000000000000000, 0.000000000000000000 ) ) ;
#2858 = DIRECTION ( 'NONE',  ( -1.000000000000000000, 0.000000000000000000, -0.000000000000000000 ) ) ;
#2859 = EDGE_CURVE ( 'NONE', #4808, #285, #3179, .T. ) ;
#2860 = DIRECTION ( 'NONE',  ( 0.000000000000000000, 0.000000000000000000, 1.000000000000000000 ) ) ;
#2861 = AXIS2_PLACEMENT_3D ( 'NONE', #4495, #761, #1509 ) ;
#2862 = EDGE_LOOP ( 'NONE', ( #4191, #1770, #3667, #2531 ) ) ;
#2863 = EDGE_LOOP ( 'NONE', ( #107, #1278, #791, #3992 ) ) ;
#2864 = CARTESIAN_POINT ( 'NONE',  ( 10.00000000000000000, 0.000000000000000000, 0.000000000000000000 ) ) ;
#2865 = ORIENTED_EDGE ( 'NONE', *, *, #493, .F. ) ;
#2866 = CARTESIAN_POINT ( 'NONE',  ( 4.999999999999999112, -21.54796031594043271, 3.768425562838722431 ) ) ;
#2867 = VECTOR ( 'NONE', #3283, 1000.000000000000000 ) ;
#2868 = AXIS2_PLACEMENT_3D ( 'NONE', #3537, #163, #3972 ) ;
#2869 = ORIENTED_EDGE ( 'NONE', *, *, #3809, .F. ) ;
#2870 = CARTESIAN_POINT ( 'NONE',  ( 10.00000000000000000, 19.31694754834044048, 6.673639558410619621 ) ) ;
#2871 = DIRECTION ( 'NONE',  ( 0.000000000000000000, 0.000000000000000000, 1.000000000000000000 ) ) ;
#2872 = FACE_OUTER_BOUND ( 'NONE', #268, .T. ) ;
#2873 = AXIS2_PLACEMENT_3D ( 'NONE', #885, #1342, #1287 ) ;
#2874 = ORIENTED_EDGE ( 'NONE', *, *, #1316, .F. ) ;
#2875 = EDGE_LOOP ( 'NONE', ( #710, #294, #3988, #4854 ) ) ;
#2876 = CYLINDRICAL_SURFACE ( 'NONE', #4661, 19.06149999999999523 ) ;
#2877 = DIRECTION ( 'NONE',  ( 1.000000000000000000, -0.000000000000000000, -0.000000000000000000 ) ) ;
#2878 = EDGE_CURVE ( 'NONE', #1567, #1253, #2402, .T. ) ;
#2879 = EDGE_CURVE ( 'NONE', #943, #195, #498, .T. ) ;
#2880 = VERTEX_POINT ( 'NONE', #188 ) ;
#2881 = DIRECTION ( 'NONE',  ( 0.000000000000000000, 0.000000000000000000, 1.000000000000000000 ) ) ;
#2882 = AXIS2_PLACEMENT_3D ( 'NONE', #4445, #1058, #1474 ) ;
#2883 = EDGE_CURVE ( 'NONE', #2697, #1358, #1673, .T. ) ;
#2884 = ORIENTED_EDGE ( 'NONE', *, *, #2547, .F. ) ;
#2885 = CARTESIAN_POINT ( 'NONE',  ( 0.000000000000000000, -8.742323742818257415, -20.05211710956616145 ) ) ;
#2886 = CARTESIAN_POINT ( 'NONE',  ( 10.00000000000000000, 0.000000000000000000, 0.000000000000000000 ) ) ;
#2887 = ORIENTED_EDGE ( 'NONE', *, *, #2593, .F. ) ;
#2888 = CARTESIAN_POINT ( 'NONE',  ( 0.000000000000000000, -0.6634739367479772776, 21.86493602403757563 ) ) ;
#2889 = DIRECTION ( 'NONE',  ( 0.000000000000000000, 0.000000000000000000, 1.000000000000000000 ) ) ;
#2890 = CARTESIAN_POINT ( 'NONE',  ( 10.00000000000000000, -4.309403631493738729, 18.89598939373146891 ) ) ;
#2891 = ORIENTED_EDGE ( 'NONE', *, *, #4058, .F. ) ;
#2892 = AXIS2_PLACEMENT_3D ( 'NONE', #3145, #2522, #4656 ) ;
#2893 = DIRECTION ( 'NONE',  ( 0.000000000000000000, 0.7557495743542552713, 0.6548607339452887643 ) ) ;
#2894 = CARTESIAN_POINT ( 'NONE',  ( 4.999999999999999112, -0.6634739367479772776, 21.86493602403757563 ) ) ;
#2895 = AXIS2_PLACEMENT_3D ( 'NONE', #3217, #972, #720 ) ;
#2896 = AXIS2_PLACEMENT_3D ( 'NONE', #23, #1626, #1602 ) ;
#2897 = VERTEX_POINT ( 'NONE', #2801 ) ;
#2898 = AXIS2_PLACEMENT_3D ( 'NONE', #2493, #4011, #252 ) ;
#2899 = DIRECTION ( 'NONE',  ( 0.000000000000000000, -0.6900790114821037102, -0.7237340381050780813 ) ) ;
#2900 = EDGE_CURVE ( 'NONE', #1990, #4139, #2308, .T. ) ;
#2901 = CIRCLE ( 'NONE', #3614, 19.06149999999999878 ) ;
#2902 = ORIENTED_EDGE ( 'NONE', *, *, #4177, .F. ) ;
#2903 = ORIENTED_EDGE ( 'NONE', *, *, #843, .F. ) ;
#2904 = AXIS2_PLACEMENT_3D ( 'NONE', #4795, #3301, #2628 ) ;
#2905 = CYLINDRICAL_SURFACE ( 'NONE', #3355, 21.87500000000000000 ) ;
#2906 = VERTEX_POINT ( 'NONE', #1582 ) ;
#2907 = DIRECTION ( 'NONE',  ( -1.000000000000000000, 0.000000000000000000, -0.000000000000000000 ) ) ;
#2908 = EDGE_CURVE ( 'NONE', #944, #1021, #4207, .T. ) ;
#2909 = ADVANCED_FACE ( 'NONE', ( #4582 ), #439, .T. ) ;
#2910 = AXIS2_PLACEMENT_3D ( 'NONE', #323, #987, #4036 ) ;
#2911 = VECTOR ( 'NONE', #2729, 1000.000000000000000 ) ;
#2912 = VERTEX_POINT ( 'NONE', #2256 ) ;
#2913 = DIRECTION ( 'NONE',  ( 0.000000000000000000, 0.9096319953545193293, -0.4154150130018841036 ) ) ;
#2914 = DIRECTION ( 'NONE',  ( 0.000000000000000000, 0.09505604330417624648, 0.9954719225730851440 ) ) ;
#2915 = DIRECTION ( 'NONE',  ( 0.000000000000000000, 0.000000000000000000, 1.000000000000000000 ) ) ;
#2916 = EDGE_CURVE ( 'NONE', #4035, #2636, #4195, .T. ) ;
#2917 = ORIENTED_EDGE ( 'NONE', *, *, #2540, .F. ) ;
#2918 = ORIENTED_EDGE ( 'NONE', *, *, #162, .T. ) ;
#2919 = DIRECTION ( 'NONE',  ( -1.000000000000000000, 0.000000000000000000, 0.000000000000000000 ) ) ;
#2920 = DIRECTION ( 'NONE',  ( 0.000000000000000000, 0.000000000000000000, 1.000000000000000000 ) ) ;
#2921 = DIRECTION ( 'NONE',  ( -1.000000000000000000, -0.000000000000000000, 0.000000000000000000 ) ) ;
#2922 = VECTOR ( 'NONE', #509, 1000.000000000000000 ) ;
#2923 = ORIENTED_EDGE ( 'NONE', *, *, #3290, .F. ) ;
#2924 = AXIS2_PLACEMENT_3D ( 'NONE', #2990, #4208, #385 ) ;
#2925 = ORIENTED_EDGE ( 'NONE', *, *, #263, .T. ) ;
#2926 = DIRECTION ( 'NONE',  ( -1.000000000000000000, 0.000000000000000000, 0.000000000000000000 ) ) ;
#2927 = LINE ( 'NONE', #2966, #4632 ) ;
#2928 = ORIENTED_EDGE ( 'NONE', *, *, #3942, .T. ) ;
#2929 = ORIENTED_EDGE ( 'NONE', *, *, #1038, .T. ) ;
#2930 = CARTESIAN_POINT ( 'NONE',  ( 0.000000000000000000, 0.000000000000000000, 0.000000000000000000 ) ) ;
#2931 = CARTESIAN_POINT ( 'NONE',  ( 10.00000000000000000, -18.12028095930837424, 5.915758633153158641 ) ) ;
#2932 = EDGE_CURVE ( 'NONE', #2912, #4099, #1131, .T. ) ;
#2933 = EDGE_CURVE ( 'NONE', #2409, #4074, #3889, .T. ) ;
#2934 = CARTESIAN_POINT ( 'NONE',  ( 0.000000000000000000, 9.458457910831663540, -16.91646974921686919 ) ) ;
#2935 = CARTESIAN_POINT ( 'NONE',  ( 10.00000000000000000, -19.07963632779119223, 3.405415162116689043 ) ) ;
#2936 = VECTOR ( 'NONE', #4045, 1000.000000000000000 ) ;
#2937 = DIRECTION ( 'NONE',  ( -1.000000000000000000, 0.000000000000000000, 0.000000000000000000 ) ) ;
#2938 = EDGE_CURVE ( 'NONE', #3333, #1310, #733, .T. ) ;
#2939 = ORIENTED_EDGE ( 'NONE', *, *, #21, .F. ) ;
#2940 = CARTESIAN_POINT ( 'NONE',  ( 5.000000000000000000, -16.08993306427726466, 14.81990819766024003 ) ) ;
#2941 = DIRECTION ( 'NONE',  ( 0.000000000000000000, 0.9718115683235425406, -0.2357589355094245609 ) ) ;
#2942 = CIRCLE ( 'NONE', #4054, 19.06149999999999523 ) ;
#2943 = ORIENTED_EDGE ( 'NONE', *, *, #4203, .F. ) ;
#2944 = CARTESIAN_POINT ( 'NONE',  ( 10.00000000000000000, -20.16466241790466896, -8.479505561761431665 ) ) ;
#2945 = FACE_OUTER_BOUND ( 'NONE', #1473, .T. ) ;
#2946 = ORIENTED_EDGE ( 'NONE', *, *, #1969, .F. ) ;
#2947 = ORIENTED_EDGE ( 'NONE', *, *, #2752, .T. ) ;
#2948 = CARTESIAN_POINT ( 'NONE',  ( 10.00000000000000000, 12.89251919775292876, -14.47108577691099818 ) ) ;
#2949 = CARTESIAN_POINT ( 'NONE',  ( 10.00000000000000000, 18.81670555806885758, -3.045057337874013115 ) ) ;
#2950 = ORIENTED_EDGE ( 'NONE', *, *, #2511, .F. ) ;
#2951 = DIRECTION ( 'NONE',  ( -1.000000000000000000, 0.000000000000000000, -0.000000000000000000 ) ) ;
#2952 = DIRECTION ( 'NONE',  ( 0.000000000000000000, 0.000000000000000000, 1.000000000000000000 ) ) ;
#2953 = CARTESIAN_POINT ( 'NONE',  ( -10.00000000000000000, 0.000000000000000000, 0.000000000000000000 ) ) ;
#2954 = EDGE_CURVE ( 'NONE', #4808, #1455, #1940, .T. ) ;
#2955 = EDGE_CURVE ( 'NONE', #1808, #2030, #2160, .T. ) ;
#2956 = AXIS2_PLACEMENT_3D ( 'NONE', #436, #3365, #4578 ) ;
#2957 = VERTEX_POINT ( 'NONE', #3072 ) ;
#2958 = DIRECTION ( 'NONE',  ( 0.000000000000000000, 0.000000000000000000, -1.000000000000000000 ) ) ;
#2959 = DIRECTION ( 'NONE',  ( 0.000000000000000000, -0.9450008187146716754, 0.3270679633174126133 ) ) ;
#2960 = DIRECTION ( 'NONE',  ( 0.000000000000000000, -0.09505604330418929160, 0.9954719225730840337 ) ) ;
#2961 = AXIS2_PLACEMENT_3D ( 'NONE', #2208, #3713, #1431 ) ;
#2962 = EDGE_CURVE ( 'NONE', #3734, #1858, #3045, .T. ) ;
#2963 = EDGE_CURVE ( 'NONE', #1302, #465, #3772, .T. ) ;
#2964 = ORIENTED_EDGE ( 'NONE', *, *, #4692, .T. ) ;
#2965 = CARTESIAN_POINT ( 'NONE',  ( 10.00000000000000000, -10.02102082520633886, -16.21480569944581873 ) ) ;
#2966 = CARTESIAN_POINT ( 'NONE',  ( 10.00000000000000000, 18.60055953293724329, 4.166529408471451923 ) ) ;
#2967 = EDGE_CURVE ( 'NONE', #1866, #3620, #4771, .T. ) ;
#2968 = ORIENTED_EDGE ( 'NONE', *, *, #4265, .T. ) ;
#2969 = ORIENTED_EDGE ( 'NONE', *, *, #1829, .F. ) ;
#2970 = CYLINDRICAL_SURFACE ( 'NONE', #1237, 21.87500000000000000 ) ;
#2971 = AXIS2_PLACEMENT_3D ( 'NONE', #3437, #393, #4513 ) ;
#2972 = CARTESIAN_POINT ( 'NONE',  ( 10.00000000000000000, 19.05294406575194799, -0.5710557567588547823 ) ) ;
#2973 = CIRCLE ( 'NONE', #1414, 8.250000000000001776 ) ;
#2974 = AXIS2_PLACEMENT_3D ( 'NONE', #3653, #1040, #3230 ) ;
#2975 = EDGE_CURVE ( 'NONE', #221, #943, #3798, .T. ) ;
#2976 = CIRCLE ( 'NONE', #2904, 8.250000000000000000 ) ;
#2977 = AXIS2_PLACEMENT_3D ( 'NONE', #3789, #1147, #3088 ) ;
#2978 = ORIENTED_EDGE ( 'NONE', *, *, #431, .F. ) ;
#2979 = ORIENTED_EDGE ( 'NONE', *, *, #3418, .F. ) ;
#2980 = CARTESIAN_POINT ( 'NONE',  ( 10.00000000000000000, 0.000000000000000000, 0.000000000000000000 ) ) ;
#2981 = CARTESIAN_POINT ( 'NONE',  ( 10.00000000000000000, 3.936943220686274003, 18.65050295104913047 ) ) ;
#2982 = DIRECTION ( 'NONE',  ( 0.000000000000000000, -0.1892512443603975580, -0.9819286972627091492 ) ) ;
#2983 = CIRCLE ( 'NONE', #2910, 8.250000000000001776 ) ;
#2984 = CIRCLE ( 'NONE', #2349, 21.87500000000000000 ) ;
#2985 = ORIENTED_EDGE ( 'NONE', *, *, #3349, .F. ) ;
#2986 = DIRECTION ( 'NONE',  ( 0.000000000000000000, 0.000000000000000000, 1.000000000000000000 ) ) ;
#2987 = CARTESIAN_POINT ( 'NONE',  ( 0.000000000000000000, 13.39519055437134476, 13.56132929554033240 ) ) ;
#2988 = VERTEX_POINT ( 'NONE', #1920 ) ;
#2989 = ADVANCED_FACE ( 'NONE', ( #2702 ), #829, .T. ) ;
#2990 = CARTESIAN_POINT ( 'NONE',  ( 10.00000000000000000, -4.828292784253615189, -18.77010824733485350 ) ) ;
#2991 = EDGE_CURVE ( 'NONE', #1699, #801, #3017, .T. ) ;
#2992 = CARTESIAN_POINT ( 'NONE',  ( 0.000000000000000000, 0.000000000000000000, 0.000000000000000000 ) ) ;
#2993 = DIRECTION ( 'NONE',  ( 0.000000000000000000, -0.8145759520503290663, -0.5800569095712074796 ) ) ;
#2994 = ORIENTED_EDGE ( 'NONE', *, *, #562, .F. ) ;
#2995 = VERTEX_POINT ( 'NONE', #3846 ) ;
#2996 = EDGE_CURVE ( 'NONE', #997, #2480, #899, .T. ) ;
#2997 = DIRECTION ( 'NONE',  ( -1.000000000000000000, 0.000000000000000000, -0.000000000000000000 ) ) ;
#2998 = AXIS2_PLACEMENT_3D ( 'NONE', #630, #993, #4408 ) ;
#2999 = DIRECTION ( 'NONE',  ( 0.000000000000000000, 0.000000000000000000, 1.000000000000000000 ) ) ;
#3000 = ORIENTED_EDGE ( 'NONE', *, *, #3264, .F. ) ;
#3001 = CARTESIAN_POINT ( 'NONE',  ( 10.00000000000000000, 6.086068304272298057, 18.40079203248805229 ) ) ;
#3002 = VERTEX_POINT ( 'NONE', #3096 ) ;
#3003 = DIRECTION ( 'NONE',  ( 1.000000000000000000, 0.000000000000000000, 0.000000000000000000 ) ) ;
#3004 = DIRECTION ( 'NONE',  ( -1.000000000000000000, 0.000000000000000000, -0.000000000000000000 ) ) ;
#3005 = DIRECTION ( 'NONE',  ( -1.000000000000000000, -0.000000000000000000, 0.000000000000000000 ) ) ;
#3006 = ORIENTED_EDGE ( 'NONE', *, *, #1153, .T. ) ;
#3007 = FACE_OUTER_BOUND ( 'NONE', #4285, .T. ) ;
#3008 = FACE_OUTER_BOUND ( 'NONE', #3328, .T. ) ;
#3009 = CARTESIAN_POINT ( 'NONE',  ( 10.00000000000000178, 0.000000000000000000, 3.000000000000000444 ) ) ;
#3010 = ORIENTED_EDGE ( 'NONE', *, *, #1707, .T. ) ;
#3011 = CIRCLE ( 'NONE', #3974, 8.250000000000000000 ) ;
#3012 = ORIENTED_EDGE ( 'NONE', *, *, #1070, .T. ) ;
#3013 = AXIS2_PLACEMENT_3D ( 'NONE', #88, #2277, #3814 ) ;
#3014 = DIRECTION ( 'NONE',  ( 1.000000000000000000, -0.000000000000000000, -0.000000000000000000 ) ) ;
#3015 = DIRECTION ( 'NONE',  ( -1.000000000000000000, 0.000000000000000000, -0.000000000000000000 ) ) ;
#3016 = ADVANCED_FACE ( 'NONE', ( #4605 ), #2727, .T. ) ;
#3017 = CIRCLE ( 'NONE', #2475, 21.87500000000000000 ) ;
#3018 = ADVANCED_FACE ( 'NONE', ( #3494 ), #1504, .T. ) ;
#3019 = DIRECTION ( 'NONE',  ( -1.000000000000000000, 0.000000000000000000, -0.000000000000000000 ) ) ;
#3020 = VERTEX_POINT ( 'NONE', #2754 ) ;
#3021 = VERTEX_POINT ( 'NONE', #2124 ) ;
#3022 = FACE_OUTER_BOUND ( 'NONE', #2462, .T. ) ;
#3023 = LINE ( 'NONE', #1918, #1087 ) ;
#3024 = EDGE_CURVE ( 'NONE', #275, #2283, #3176, .T. ) ;
#3025 = DIRECTION ( 'NONE',  ( 0.000000000000000000, -0.6900790114821037102, -0.7237340381050780813 ) ) ;
#3026 = VERTEX_POINT ( 'NONE', #197 ) ;
#3027 = DIRECTION ( 'NONE',  ( -1.000000000000000000, 0.000000000000000000, -0.000000000000000000 ) ) ;
#3028 = DIRECTION ( 'NONE',  ( 0.000000000000000000, 0.9988673391830080739, -0.04758191582373905160 ) ) ;
#3029 = LINE ( 'NONE', #1141, #3410 ) ;
#3030 = CARTESIAN_POINT ( 'NONE',  ( 0.000000000000000000, 0.000000000000000000, 0.000000000000000000 ) ) ;
#3031 = DIRECTION ( 'NONE',  ( -1.000000000000000000, -0.000000000000000000, -0.000000000000000000 ) ) ;
#3032 = DIRECTION ( 'NONE',  ( 1.000000000000000000, -0.000000000000000000, 0.000000000000000000 ) ) ;
#3033 = ORIENTED_EDGE ( 'NONE', *, *, #1651, .F. ) ;
#3034 = AXIS2_PLACEMENT_3D ( 'NONE', #4290, #2406, #3868 ) ;
#3035 = CARTESIAN_POINT ( 'NONE',  ( 4.999999999999999112, -9.429374427846738627, -19.73835157502951176 ) ) ;
#3036 = DIRECTION ( 'NONE',  ( 1.000000000000000000, 0.000000000000000000, 0.000000000000000000 ) ) ;
#3037 = DIRECTION ( 'NONE',  ( -1.000000000000000000, 0.000000000000000000, 0.000000000000000000 ) ) ;
#3038 = ORIENTED_EDGE ( 'NONE', *, *, #4141, .F. ) ;
#3039 = ORIENTED_EDGE ( 'NONE', *, *, #4086, .F. ) ;
#3040 = DIRECTION ( 'NONE',  ( -1.000000000000000000, -0.000000000000000000, -0.000000000000000000 ) ) ;
#3041 = DIRECTION ( 'NONE',  ( -1.000000000000000000, 0.000000000000000000, -0.000000000000000000 ) ) ;
#3042 = AXIS2_PLACEMENT_3D ( 'NONE', #901, #2799, #3991 ) ;
#3043 = AXIS2_PLACEMENT_3D ( 'NONE', #927, #3948, #191 ) ;
#3044 = CIRCLE ( 'NONE', #4720, 19.06149999999999523 ) ;
#3045 = LINE ( 'NONE', #4218, #2790 ) ;
#3046 = ORIENTED_EDGE ( 'NONE', *, *, #4113, .T. ) ;
#3047 = EDGE_CURVE ( 'NONE', #3949, #3726, #3898, .T. ) ;
#3048 = DIRECTION ( 'NONE',  ( -1.000000000000000000, -0.000000000000000000, -0.000000000000000000 ) ) ;
#3049 = EDGE_CURVE ( 'NONE', #4099, #4434, #3258, .T. ) ;
#3050 = CYLINDRICAL_SURFACE ( 'NONE', #4642, 19.06149999999999523 ) ;
#3051 = LINE ( 'NONE', #3823, #4293 ) ;
#3052 = CIRCLE ( 'NONE', #2187, 8.250000000000000000 ) ;
#3053 = AXIS2_PLACEMENT_3D ( 'NONE', #2841, #1471, #4483 ) ;
#3054 = ORIENTED_EDGE ( 'NONE', *, *, #3320, .T. ) ;
#3055 = DIRECTION ( 'NONE',  ( 0.000000000000000000, 0.000000000000000000, -1.000000000000000000 ) ) ;
#3056 = EDGE_CURVE ( 'NONE', #2664, #2912, #3656, .T. ) ;
#3057 = CARTESIAN_POINT ( 'NONE',  ( 10.00000000000000000, -1.417924630152611609, 21.82899710804888116 ) ) ;
#3058 = DIRECTION ( 'NONE',  ( 1.000000000000000000, 0.000000000000000000, 0.000000000000000000 ) ) ;
#3059 = APPLICATION_CONTEXT ( 'automotive_design' ) ;
#3060 = AXIS2_PLACEMENT_3D ( 'NONE', #2554, #3322, #4075 ) ;
#3061 = ORIENTED_EDGE ( 'NONE', *, *, #161, .T. ) ;
#3062 = CARTESIAN_POINT ( 'NONE',  ( 0.000000000000000000, -17.19660498001175242, -8.222989688150821763 ) ) ;
#3063 = CARTESIAN_POINT ( 'NONE',  ( 10.00000000000000000, -15.32962889451909838, 11.32886844333205900 ) ) ;
#3064 = CARTESIAN_POINT ( 'NONE',  ( 0.000000000000000000, 5.046860401838532795, -18.38123995638907004 ) ) ;
#3065 = ORIENTED_EDGE ( 'NONE', *, *, #3842, .F. ) ;
#3066 = CARTESIAN_POINT ( 'NONE',  ( 10.00000000000000000, 16.95889912262195054, -13.81706790707538168 ) ) ;
#3067 = DIRECTION ( 'NONE',  ( 0.000000000000000000, 0.8145759520503368378, -0.5800569095711964884 ) ) ;
#3068 = DIRECTION ( 'NONE',  ( 0.000000000000000000, -0.6181589862206117170, 0.7860530947427823989 ) ) ;
#3069 = CIRCLE ( 'NONE', #2361, 21.87500000000000000 ) ;
#3070 = VECTOR ( 'NONE', #555, 1000.000000000000000 ) ;
#3071 = VERTEX_POINT ( 'NONE', #2094 ) ;
#3072 = CARTESIAN_POINT ( 'NONE',  ( 10.00000000000000000, 1.476984525009874760, 19.00419161561157111 ) ) ;
#3073 = DIRECTION ( 'NONE',  ( 0.000000000000000000, -0.9096319953545137782, -0.4154150130018965381 ) ) ;
#3074 = DIRECTION ( 'NONE',  ( -1.000000000000000000, 0.000000000000000000, -0.000000000000000000 ) ) ;
#3075 = LINE ( 'NONE', #1161, #4278 ) ;
#3076 = CIRCLE ( 'NONE', #480, 8.250000000000000000 ) ;
#3077 = AXIS2_PLACEMENT_3D ( 'NONE', #442, #810, #4125 ) ;
#3078 = ADVANCED_FACE ( 'NONE', ( #1309 ), #3518, .T. ) ;
#3079 = EDGE_CURVE ( 'NONE', #291, #637, #975, .T. ) ;
#3080 = ORIENTED_EDGE ( 'NONE', *, *, #404, .F. ) ;
#3081 = LINE ( 'NONE', #1163, #3312 ) ;
#3082 = DIRECTION ( 'NONE',  ( 0.000000000000000000, 0.9096319953545194403, -0.4154150130018842701 ) ) ;
#3083 = DIRECTION ( 'NONE',  ( 0.000000000000000000, 0.000000000000000000, 1.000000000000000000 ) ) ;
#3084 = EDGE_CURVE ( 'NONE', #2305, #3020, #983, .T. ) ;
#3085 = ORIENTED_EDGE ( 'NONE', *, *, #3182, .T. ) ;
#3086 = ORIENTED_EDGE ( 'NONE', *, *, #2954, .T. ) ;
#3087 = CARTESIAN_POINT ( 'NONE',  ( 10.00000000000000000, -10.02102082520656801, 16.21480569944568018 ) ) ;
#3088 = DIRECTION ( 'NONE',  ( 0.000000000000000000, 0.5406408174555985546, -0.8412535328311805394 ) ) ;
#3089 = CIRCLE ( 'NONE', #4443, 8.250000000000003553 ) ;
#3090 = DIRECTION ( 'NONE',  ( -1.000000000000000000, 0.000000000000000000, 0.000000000000000000 ) ) ;
#3091 = ORIENTED_EDGE ( 'NONE', *, *, #2955, .F. ) ;
#3092 = DIRECTION ( 'NONE',  ( -1.000000000000000000, -0.000000000000000000, -0.000000000000000000 ) ) ;
#3093 = CYLINDRICAL_SURFACE ( 'NONE', #2639, 21.87500000000000000 ) ;
#3094 = DIRECTION ( 'NONE',  ( 0.000000000000000000, 0.000000000000000000, 1.000000000000000000 ) ) ;
#3095 = ORIENTED_EDGE ( 'NONE', *, *, #4429, .T. ) ;
#3096 = CARTESIAN_POINT ( 'NONE',  ( 0.000000000000000000, 11.26292709241964651, -18.75265576687311508 ) ) ;
#3097 = LINE ( 'NONE', #4298, #379 ) ;
#3098 = CARTESIAN_POINT ( 'NONE',  ( 0.000000000000000000, 0.000000000000000000, 0.000000000000000000 ) ) ;
#3099 = DIRECTION ( 'NONE',  ( -1.000000000000000000, 0.000000000000000000, 0.000000000000000000 ) ) ;
#3100 = CARTESIAN_POINT ( 'NONE',  ( 10.00000000000000000, 17.47590231531701477, 7.611413831575397637 ) ) ;
#3101 = DIRECTION ( 'NONE',  ( 0.000000000000000000, -0.9898214418809341275, 0.1423148382732755679 ) ) ;
#3102 = CYLINDRICAL_SURFACE ( 'NONE', #892, 8.250000000000000000 ) ;
#3103 = EDGE_CURVE ( 'NONE', #1893, #4702, #4633, .T. ) ;
#3104 = ORIENTED_EDGE ( 'NONE', *, *, #3473, .F. ) ;
#3105 = ORIENTED_EDGE ( 'NONE', *, *, #14, .T. ) ;
#3106 = VERTEX_POINT ( 'NONE', #1657 ) ;
#3107 = CARTESIAN_POINT ( 'NONE',  ( 0.000000000000000000, 17.47590231531701477, 7.611413831575397637 ) ) ;
#3108 = DIRECTION ( 'NONE',  ( 0.000000000000000000, 0.000000000000000000, 1.000000000000000000 ) ) ;
#3109 = EDGE_CURVE ( 'NONE', #1775, #1858, #1380, .T. ) ;
#3110 = ADVANCED_FACE ( 'NONE', ( #2840 ), #4002, .T. ) ;
#3111 = VECTOR ( 'NONE', #3462, 1000.000000000000000 ) ;
#3112 = LINE ( 'NONE', #4260, #1836 ) ;
#3113 = VERTEX_POINT ( 'NONE', #4319 ) ;
#3114 = EDGE_LOOP ( 'NONE', ( #704, #1373, #963, #1178 ) ) ;
#3115 = DIRECTION ( 'NONE',  ( 1.000000000000000000, 0.000000000000000000, -0.000000000000000000 ) ) ;
#3116 = ADVANCED_FACE ( 'NONE', ( #3225 ), #2781, .T. ) ;
#3117 = CARTESIAN_POINT ( 'NONE',  ( 0.000000000000000000, -13.84124418184892669, 13.56647833174021223 ) ) ;
#3118 = AXIS2_PLACEMENT_3D ( 'NONE', #2934, #623, #3698 ) ;
#3119 = EDGE_LOOP ( 'NONE', ( #4711, #129, #542, #4245 ) ) ;
#3120 = DIRECTION ( 'NONE',  ( -1.000000000000000000, 0.000000000000000000, 0.000000000000000000 ) ) ;
#3121 = EDGE_LOOP ( 'NONE', ( #37, #3363, #2690, #4703 ) ) ;
#3122 = DIRECTION ( 'NONE',  ( 0.000000000000000000, 0.000000000000000000, 1.000000000000000000 ) ) ;
#3123 = CARTESIAN_POINT ( 'NONE',  ( 10.00000000000000000, 0.000000000000000000, 0.000000000000000000 ) ) ;
#3124 = CIRCLE ( 'NONE', #4621, 8.250000000000001776 ) ;
#3125 = LINE ( 'NONE', #545, #259 ) ;
#3126 = CIRCLE ( 'NONE', #4085, 21.87500000000000000 ) ;
#3127 = DIRECTION ( 'NONE',  ( 0.000000000000000000, 0.2817325568414235648, 0.9594929736144991450 ) ) ;
#3128 = DIRECTION ( 'NONE',  ( -1.000000000000000000, 0.000000000000000000, 0.000000000000000000 ) ) ;
#3129 = DIRECTION ( 'NONE',  ( -1.000000000000000000, 0.000000000000000000, 0.000000000000000000 ) ) ;
#3130 = CIRCLE ( 'NONE', #3285, 8.250000000000000000 ) ;
#3131 = AXIS2_PLACEMENT_3D ( 'NONE', #402, #765, #3330 ) ;
#3132 = AXIS2_PLACEMENT_3D ( 'NONE', #3598, #3687, #1708 ) ;
#3133 = ORIENTED_EDGE ( 'NONE', *, *, #2991, .F. ) ;
#3134 = EDGE_LOOP ( 'NONE', ( #1205, #1415, #4778, #3218 ) ) ;
#3135 = ORIENTED_EDGE ( 'NONE', *, *, #3404, .T. ) ;
#3136 = ORIENTED_EDGE ( 'NONE', *, *, #3502, .T. ) ;
#3137 = DIRECTION ( 'NONE',  ( -1.000000000000000000, -0.000000000000000000, 0.000000000000000000 ) ) ;
#3138 = DIRECTION ( 'NONE',  ( -1.000000000000000000, -0.000000000000000000, 0.000000000000000000 ) ) ;
#3139 = CIRCLE ( 'NONE', #1654, 21.87500000000000000 ) ;
#3140 = EDGE_CURVE ( 'NONE', #1407, #154, #1262, .T. ) ;
#3141 = ADVANCED_FACE ( 'NONE', ( #908 ), #2410, .T. ) ;
#3142 = CARTESIAN_POINT ( 'NONE',  ( 10.00000000000000000, 0.000000000000000000, 0.000000000000000000 ) ) ;
#3143 = ORIENTED_EDGE ( 'NONE', *, *, #2511, .T. ) ;
#3144 = DIRECTION ( 'NONE',  ( -1.000000000000000000, 0.000000000000000000, 0.000000000000000000 ) ) ;
#3145 = CARTESIAN_POINT ( 'NONE',  ( 0.000000000000000000, 6.086068304272298057, 18.40079203248805229 ) ) ;
#3146 = CARTESIAN_POINT ( 'NONE',  ( 0.000000000000000000, 0.000000000000000000, 0.000000000000000000 ) ) ;
#3147 = ADVANCED_FACE ( 'NONE', ( #3545 ), #173, .T. ) ;
#3148 = ORIENTED_EDGE ( 'NONE', *, *, #2419, .F. ) ;
#3149 = DIRECTION ( 'NONE',  ( -1.000000000000000000, 0.000000000000000000, 0.000000000000000000 ) ) ;
#3150 = DIRECTION ( 'NONE',  ( -1.000000000000000000, 0.000000000000000000, 0.000000000000000000 ) ) ;
#3151 = DIRECTION ( 'NONE',  ( 0.000000000000000000, -0.9450008187146715644, 0.3270679633174126133 ) ) ;
#3152 = FACE_OUTER_BOUND ( 'NONE', #4017, .T. ) ;
#3153 = ORIENTED_EDGE ( 'NONE', *, *, #3881, .T. ) ;
#3154 = AXIS2_PLACEMENT_3D ( 'NONE', #3831, #2345, #4596 ) ;
#3155 = CARTESIAN_POINT ( 'NONE',  ( 10.00000000000000000, 10.60881273632721644, 19.13030886644387962 ) ) ;
#3156 = DIRECTION ( 'NONE',  ( -1.000000000000000000, 0.000000000000000000, -0.000000000000000000 ) ) ;
#3157 = CARTESIAN_POINT ( 'NONE',  ( 0.000000000000000000, -2.146273420798048281, 18.94028227490750993 ) ) ;
#3158 = AXIS2_PLACEMENT_3D ( 'NONE', #3588, #211, #4309 ) ;
#3159 = ORIENTED_EDGE ( 'NONE', *, *, #4391, .F. ) ;
#3160 = VERTEX_POINT ( 'NONE', #2070 ) ;
#3161 = CIRCLE ( 'NONE', #3559, 19.06149999999999167 ) ;
#3162 = CYLINDRICAL_SURFACE ( 'NONE', #2287, 21.87500000000000000 ) ;
#3163 = DIRECTION ( 'NONE',  ( 0.000000000000000000, 0.000000000000000000, 1.000000000000000000 ) ) ;
#3164 = ORIENTED_EDGE ( 'NONE', *, *, #2533, .T. ) ;
#3165 = CARTESIAN_POINT ( 'NONE',  ( 10.00000000000000000, -19.07963632779114249, 4.844584837883050277 ) ) ;
#3166 = ORIENTED_EDGE ( 'NONE', *, *, #2159, .F. ) ;
#3167 = FACE_OUTER_BOUND ( 'NONE', #2176, .T. ) ;
#3168 = VECTOR ( 'NONE', #3752, 1000.000000000000000 ) ;
#3169 = CARTESIAN_POINT ( 'NONE',  ( 0.000000000000000000, 7.510427888281304476, -20.54529381476269734 ) ) ;
#3170 = DIRECTION ( 'NONE',  ( 0.000000000000000000, 0.000000000000000000, -1.000000000000000000 ) ) ;
#3171 = EDGE_CURVE ( 'NONE', #4664, #3683, #3590, .T. ) ;
#3172 = ADVANCED_FACE ( 'NONE', ( #662 ), #2905, .T. ) ;
#3173 = AXIS2_PLACEMENT_3D ( 'NONE', #181, #896, #2794 ) ;
#3174 = VERTEX_POINT ( 'NONE', #4072 ) ;
#3175 = ORIENTED_EDGE ( 'NONE', *, *, #3350, .F. ) ;
#3176 = LINE ( 'NONE', #222, #503 ) ;
#3177 = ORIENTED_EDGE ( 'NONE', *, *, #2428, .F. ) ;
#3178 = CARTESIAN_POINT ( 'NONE',  ( 10.00000000000000000, -19.07963632779114249, -3.405415162116950167 ) ) ;
#3179 = CIRCLE ( 'NONE', #1054, 8.250000000000000000 ) ;
#3180 = FACE_OUTER_BOUND ( 'NONE', #1523, .T. ) ;
#3181 = DIRECTION ( 'NONE',  ( 0.000000000000000000, 0.000000000000000000, -1.000000000000000000 ) ) ;
#3182 = EDGE_CURVE ( 'NONE', #1, #802, #1623, .T. ) ;
#3183 = EDGE_CURVE ( 'NONE', #3564, #2697, #2710, .T. ) ;
#3184 = EDGE_LOOP ( 'NONE', ( #3860, #4622, #740, #2838 ) ) ;
#3185 = DIRECTION ( 'NONE',  ( 0.000000000000000000, 0.000000000000000000, 1.000000000000000000 ) ) ;
#3186 = DIRECTION ( 'NONE',  ( -1.000000000000000000, -0.000000000000000000, -0.000000000000000000 ) ) ;
#3187 = DIRECTION ( 'NONE',  ( -1.000000000000000000, -0.000000000000000000, -0.000000000000000000 ) ) ;
#3188 = ORIENTED_EDGE ( 'NONE', *, *, #4334, .F. ) ;
#3189 = EDGE_LOOP ( 'NONE', ( #3872, #3603, #530, #280 ) ) ;
#3190 = ORIENTED_EDGE ( 'NONE', *, *, #3502, .F. ) ;
#3191 = ORIENTED_EDGE ( 'NONE', *, *, #703, .T. ) ;
#3192 = CARTESIAN_POINT ( 'NONE',  ( 4.999999999999999112, 20.87938351306568308, 6.524336680025098367 ) ) ;
#3193 = LINE ( 'NONE', #2830, #2336 ) ;
#3194 = EDGE_LOOP ( 'NONE', ( #4738, #669, #2223, #1525 ) ) ;
#3195 = CARTESIAN_POINT ( 'NONE',  ( 10.00000000000000000, 15.71962045500186989, 10.78120192746090034 ) ) ;
#3196 = DIRECTION ( 'NONE',  ( -1.000000000000000000, 0.000000000000000000, 0.000000000000000000 ) ) ;
#3197 = CARTESIAN_POINT ( 'NONE',  ( 10.00000000000000000, 0.000000000000000000, 0.000000000000000000 ) ) ;
#3198 = DIRECTION ( 'NONE',  ( -1.000000000000000000, -0.000000000000000000, -0.000000000000000000 ) ) ;
#3199 = VECTOR ( 'NONE', #4140, 1000.000000000000000 ) ;
#3200 = ORIENTED_EDGE ( 'NONE', *, *, #4301, .T. ) ;
#3201 = VERTEX_POINT ( 'NONE', #2885 ) ;
#3202 = DIRECTION ( 'NONE',  ( -1.000000000000000000, 0.000000000000000000, 0.000000000000000000 ) ) ;
#3203 = ORIENTED_EDGE ( 'NONE', *, *, #825, .T. ) ;
#3204 = DIRECTION ( 'NONE',  ( -1.000000000000000000, 0.000000000000000000, 0.000000000000000000 ) ) ;
#3205 = CARTESIAN_POINT ( 'NONE',  ( 0.000000000000000000, 21.09217785974792747, 5.799625689021614683 ) ) ;
#3206 = ADVANCED_FACE ( 'NONE', ( #1032 ), #2970, .T. ) ;
#3207 = EDGE_CURVE ( 'NONE', #3620, #872, #1863, .T. ) ;
#3208 = EDGE_LOOP ( 'NONE', ( #1102, #2917, #2652, #3637 ) ) ;
#3209 = CARTESIAN_POINT ( 'NONE',  ( 0.000000000000000000, 14.60835476616762918, -16.28224788000070333 ) ) ;
#3210 = DIRECTION ( 'NONE',  ( 0.000000000000000000, 0.000000000000000000, 1.000000000000000000 ) ) ;
#3211 = CARTESIAN_POINT ( 'NONE',  ( 0.000000000000000000, 17.34736067490579003, -8.642826646524602197 ) ) ;
#3212 = ORIENTED_EDGE ( 'NONE', *, *, #617, .F. ) ;
#3213 = EDGE_CURVE ( 'NONE', #872, #2030, #3504, .T. ) ;
#3214 = ORIENTED_EDGE ( 'NONE', *, *, #3680, .T. ) ;
#3215 = CARTESIAN_POINT ( 'NONE',  ( 10.00000000000000000, 15.06814570829575040, 12.18935436111003057 ) ) ;
#3216 = CIRCLE ( 'NONE', #1727, 19.06149999999999167 ) ;
#3217 = CARTESIAN_POINT ( 'NONE',  ( -10.00000000000000000, 0.000000000000000000, 0.000000000000000000 ) ) ;
#3218 = ORIENTED_EDGE ( 'NONE', *, *, #4728, .T. ) ;
#3219 = CARTESIAN_POINT ( 'NONE',  ( 4.999999999999999112, 17.42579843696923092, -13.22335713176198446 ) ) ;
#3220 = CARTESIAN_POINT ( 'NONE',  ( 10.00000000000000000, 9.458457910831439719, 16.91646974921699709 ) ) ;
#3221 = DIRECTION ( 'NONE',  ( -1.000000000000000000, 0.000000000000000000, 0.000000000000000000 ) ) ;
#3222 = CIRCLE ( 'NONE', #3761, 19.06149999999999878 ) ;
#3223 = ORIENTED_EDGE ( 'NONE', *, *, #4000, .T. ) ;
#3224 = ORIENTED_EDGE ( 'NONE', *, *, #1559, .T. ) ;
#3225 = FACE_OUTER_BOUND ( 'NONE', #3538, .T. ) ;
#3226 = DIRECTION ( 'NONE',  ( 0.000000000000000000, 0.000000000000000000, 1.000000000000000000 ) ) ;
#3227 = DIRECTION ( 'NONE',  ( -1.000000000000000000, 0.000000000000000000, 0.000000000000000000 ) ) ;
#3228 = CIRCLE ( 'NONE', #2974, 21.87500000000000000 ) ;
#3229 = VERTEX_POINT ( 'NONE', #727 ) ;
#3230 = DIRECTION ( 'NONE',  ( 0.000000000000000000, 0.000000000000000000, 1.000000000000000000 ) ) ;
#3231 = CARTESIAN_POINT ( 'NONE',  ( 10.00000000000000000, 15.39820557081045393, 11.76964910378408646 ) ) ;
#3232 = CARTESIAN_POINT ( 'NONE',  ( -10.00000000000000000, 0.000000000000000000, 0.000000000000000000 ) ) ;
#3233 = EDGE_CURVE ( 'NONE', #4179, #2670, #4144, .T. ) ;
#3234 = CIRCLE ( 'NONE', #2365, 19.06149999999999167 ) ;
#3235 = EDGE_CURVE ( 'NONE', #3174, #907, #996, .T. ) ;
#3236 = ORIENTED_EDGE ( 'NONE', *, *, #1164, .F. ) ;
#3237 = ORIENTED_EDGE ( 'NONE', *, *, #1249, .T. ) ;
#3238 = EDGE_LOOP ( 'NONE', ( #2324, #1548, #3012, #4422 ) ) ;
#3239 = DIRECTION ( 'NONE',  ( -1.000000000000000000, -0.000000000000000000, 0.000000000000000000 ) ) ;
#3240 = AXIS2_PLACEMENT_3D ( 'NONE', #3261, #2154, #2583 ) ;
#3241 = DIRECTION ( 'NONE',  ( 0.000000000000000000, 0.000000000000000000, 1.000000000000000000 ) ) ;
#3242 = VERTEX_POINT ( 'NONE', #2143 ) ;
#3243 = EDGE_CURVE ( 'NONE', #3174, #366, #1226, .T. ) ;
#3244 = VERTEX_POINT ( 'NONE', #2596 ) ;
#3245 = DIRECTION ( 'NONE',  ( 0.000000000000000000, 0.9096319953545194403, -0.4154150130018842701 ) ) ;
#3246 = CARTESIAN_POINT ( 'NONE',  ( 0.000000000000000000, 0.000000000000000000, 0.000000000000000000 ) ) ;
#3247 = ORIENTED_EDGE ( 'NONE', *, *, #4514, .T. ) ;
#3248 = ORIENTED_EDGE ( 'NONE', *, *, #3171, .F. ) ;
#3249 = DIRECTION ( 'NONE',  ( -1.000000000000000000, -0.000000000000000000, -0.000000000000000000 ) ) ;
#3250 = ORIENTED_EDGE ( 'NONE', *, *, #3323, .F. ) ;
#3251 = LINE ( 'NONE', #146, #1244 ) ;
#3252 = CIRCLE ( 'NONE', #3173, 19.06149999999999167 ) ;
#3253 = AXIS2_PLACEMENT_3D ( 'NONE', #2250, #2695, #2718 ) ;
#3254 = VERTEX_POINT ( 'NONE', #2530 ) ;
#3255 = DIRECTION ( 'NONE',  ( 0.000000000000000000, 0.7557495743542550493, 0.6548607339452886533 ) ) ;
#3256 = DIRECTION ( 'NONE',  ( 0.000000000000000000, 0.000000000000000000, -1.000000000000000000 ) ) ;
#3257 = DIRECTION ( 'NONE',  ( 0.000000000000000000, -0.9988673391830076298, -0.04758191582375209672 ) ) ;
#3258 = CIRCLE ( 'NONE', #3896, 21.87500000000000000 ) ;
#3259 = ORIENTED_EDGE ( 'NONE', *, *, #3235, .T. ) ;
#3260 = ADVANCED_FACE ( 'NONE', ( #1817 ), #1409, .T. ) ;
#3261 = CARTESIAN_POINT ( 'NONE',  ( 10.00000000000000000, 0.000000000000000000, 0.000000000000000000 ) ) ;
#3262 =( NAMED_UNIT ( * ) PLANE_ANGLE_UNIT ( ) SI_UNIT ( $, .RADIAN. ) );
#3263 = ORIENTED_EDGE ( 'NONE', *, *, #1188, .T. ) ;
#3264 = EDGE_CURVE ( 'NONE', #2271, #2448, #215, .T. ) ;
#3265 = CARTESIAN_POINT ( 'NONE',  ( 10.00000000000000000, -17.89191790291102890, 7.450412645124791844 ) ) ;
#3266 = EDGE_CURVE ( 'NONE', #1616, #214, #444, .T. ) ;
#3267 = CARTESIAN_POINT ( 'NONE',  ( 0.000000000000000000, 0.000000000000000000, 0.000000000000000000 ) ) ;
#3268 = EDGE_LOOP ( 'NONE', ( #3275, #1985, #1465, #3358 ) ) ;
#3269 = ORIENTED_EDGE ( 'NONE', *, *, #3942, .F. ) ;
#3270 = EDGE_CURVE ( 'NONE', #873, #1397, #3340, .T. ) ;
#3271 = CARTESIAN_POINT ( 'NONE',  ( 10.00000000000000000, 0.000000000000000000, 0.000000000000000000 ) ) ;
#3272 = ORIENTED_EDGE ( 'NONE', *, *, #3947, .F. ) ;
#3273 = DIRECTION ( 'NONE',  ( 1.000000000000000000, -0.000000000000000000, 0.000000000000000000 ) ) ;
#3274 = CIRCLE ( 'NONE', #2100, 8.250000000000000000 ) ;
#3275 = ORIENTED_EDGE ( 'NONE', *, *, #2967, .F. ) ;
#3276 = DIRECTION ( 'NONE',  ( 0.000000000000000000, 0.000000000000000000, 1.000000000000000000 ) ) ;
#3277 = CARTESIAN_POINT ( 'NONE',  ( 10.00000000000000000, 0.000000000000000000, 0.000000000000000000 ) ) ;
#3278 = CYLINDRICAL_SURFACE ( 'NONE', #3571, 8.250000000000000000 ) ;
#3279 = AXIS2_PLACEMENT_3D ( 'NONE', #1782, #2951, #2913 ) ;
#3280 = ORIENTED_EDGE ( 'NONE', *, *, #980, .T. ) ;
#3281 = DIRECTION ( 'NONE',  ( -1.000000000000000000, 0.000000000000000000, 0.000000000000000000 ) ) ;
#3282 = DIRECTION ( 'NONE',  ( 0.000000000000000000, 0.5406408174555983326, -0.8412535328311805394 ) ) ;
#3283 = DIRECTION ( 'NONE',  ( -1.000000000000000000, -0.000000000000000000, 0.000000000000000000 ) ) ;
#3284 = AXIS2_PLACEMENT_3D ( 'NONE', #284, #3354, #2960 ) ;
#3285 = AXIS2_PLACEMENT_3D ( 'NONE', #3117, #2836, #3170 ) ;
#3286 = ORIENTED_EDGE ( 'NONE', *, *, #2043, .F. ) ;
#3287 = LINE ( 'NONE', #4827, #4574 ) ;
#3288 = AXIS2_PLACEMENT_3D ( 'NONE', #1165, #3882, #57 ) ;
#3289 = CIRCLE ( 'NONE', #1093, 19.06149999999999523 ) ;
#3290 = EDGE_CURVE ( 'NONE', #4404, #1003, #2724, .T. ) ;
#3291 = EDGE_CURVE ( 'NONE', #366, #3755, #1704, .T. ) ;
#3292 = ORIENTED_EDGE ( 'NONE', *, *, #1791, .F. ) ;
#3293 = ORIENTED_EDGE ( 'NONE', *, *, #2967, .T. ) ;
#3294 = VECTOR ( 'NONE', #2536, 1000.000000000000000 ) ;
#3295 = FACE_OUTER_BOUND ( 'NONE', #26, .T. ) ;
#3296 = VERTEX_POINT ( 'NONE', #3315 ) ;
#3297 = DIRECTION ( 'NONE',  ( -1.000000000000000000, 0.000000000000000000, -0.000000000000000000 ) ) ;
#3298 = EDGE_CURVE ( 'NONE', #4074, #4179, #361, .T. ) ;
#3299 = ORIENTED_EDGE ( 'NONE', *, *, #4532, .T. ) ;
#3300 = CARTESIAN_POINT ( 'NONE',  ( 10.00000000000000000, 14.18333773862198832, 12.73474431789586703 ) ) ;
#3301 = DIRECTION ( 'NONE',  ( -1.000000000000000000, -0.000000000000000000, 0.000000000000000000 ) ) ;
#3302 = DIRECTION ( 'NONE',  ( 0.000000000000000000, 0.000000000000000000, 1.000000000000000000 ) ) ;
#3303 = ORIENTED_EDGE ( 'NONE', *, *, #4058, .T. ) ;
#3304 = CARTESIAN_POINT ( 'NONE',  ( 0.000000000000000000, 19.31694754834044048, -1.576360441589381045 ) ) ;
#3305 = DIRECTION ( 'NONE',  ( 0.000000000000000000, 0.000000000000000000, 1.000000000000000000 ) ) ;
#3306 = DIRECTION ( 'NONE',  ( 0.000000000000000000, 0.000000000000000000, 1.000000000000000000 ) ) ;
#3307 = AXIS2_PLACEMENT_3D ( 'NONE', #2405, #952, #1675 ) ;
#3308 = VECTOR ( 'NONE', #2714, 1000.000000000000000 ) ;
#3309 = VERTEX_POINT ( 'NONE', #1798 ) ;
#3310 = DIRECTION ( 'NONE',  ( 0.000000000000000000, 0.000000000000000000, 1.000000000000000000 ) ) ;
#3311 = FACE_OUTER_BOUND ( 'NONE', #4318, .T. ) ;
#3312 = VECTOR ( 'NONE', #1855, 1000.000000000000000 ) ;
#3313 = EDGE_LOOP ( 'NONE', ( #3527, #3104, #157, #3487 ) ) ;
#3314 = ORIENTED_EDGE ( 'NONE', *, *, #655, .T. ) ;
#3315 = CARTESIAN_POINT ( 'NONE',  ( 10.00000000000000000, -14.62362239917195161, -12.22662873307422338 ) ) ;
#3316 = ADVANCED_FACE ( 'NONE', ( #3295 ), #4832, .T. ) ;
#3317 = EDGE_CURVE ( 'NONE', #1364, #20, #3599, .T. ) ;
#3318 = CARTESIAN_POINT ( 'NONE',  ( 10.00000000000000000, 15.71962045500201910, -10.78120192746068184 ) ) ;
#3319 = EDGE_LOOP ( 'NONE', ( #1756, #4110, #3460, #3237 ) ) ;
#3320 = EDGE_CURVE ( 'NONE', #3434, #4388, #3739, .T. ) ;
#3321 = VERTEX_POINT ( 'NONE', #3393 ) ;
#3322 = DIRECTION ( 'NONE',  ( 1.000000000000000000, 0.000000000000000000, 0.000000000000000000 ) ) ;
#3323 = EDGE_CURVE ( 'NONE', #154, #302, #1314, .T. ) ;
#3324 = DIRECTION ( 'NONE',  ( -1.000000000000000000, -0.000000000000000000, 0.000000000000000000 ) ) ;
#3325 = VECTOR ( 'NONE', #4569, 1000.000000000000000 ) ;
#3326 = FACE_OUTER_BOUND ( 'NONE', #3967, .T. ) ;
#3327 = AXIS2_PLACEMENT_3D ( 'NONE', #2216, #2132, #668 ) ;
#3328 = EDGE_LOOP ( 'NONE', ( #2939, #327, #2985, #3546 ) ) ;
#3329 = CARTESIAN_POINT ( 'NONE',  ( 10.00000000000000000, -13.84124418184892669, 13.56647833174021223 ) ) ;
#3330 = DIRECTION ( 'NONE',  ( 0.000000000000000000, 0.000000000000000000, 1.000000000000000000 ) ) ;
#3331 =( NAMED_UNIT ( * ) SI_UNIT ( $, .STERADIAN. ) SOLID_ANGLE_UNIT ( ) );
#3332 = AXIS2_PLACEMENT_3D ( 'NONE', #2618, #4549, #1176 ) ;
#3333 = VERTEX_POINT ( 'NONE', #2671 ) ;
#3334 = DIRECTION ( 'NONE',  ( 1.000000000000000000, 0.000000000000000000, 0.000000000000000000 ) ) ;
#3335 = AXIS2_PLACEMENT_3D ( 'NONE', #1511, #4541, #79 ) ;
#3336 = FACE_OUTER_BOUND ( 'NONE', #1505, .T. ) ;
#3337 = ORIENTED_EDGE ( 'NONE', *, *, #2419, .T. ) ;
#3338 = ORIENTED_EDGE ( 'NONE', *, *, #4532, .F. ) ;
#3339 = ORIENTED_EDGE ( 'NONE', *, *, #4782, .T. ) ;
#3340 = LINE ( 'NONE', #4856, #1076 ) ;
#3341 = DIRECTION ( 'NONE',  ( 0.000000000000000000, 0.000000000000000000, 1.000000000000000000 ) ) ;
#3342 = AXIS2_PLACEMENT_3D ( 'NONE', #2552, #4394, #4117 ) ;
#3343 = VERTEX_POINT ( 'NONE', #1894 ) ;
#3344 = ORIENTED_EDGE ( 'NONE', *, *, #412, .T. ) ;
#3345 = ORIENTED_EDGE ( 'NONE', *, *, #1193, .T. ) ;
#3346 = CARTESIAN_POINT ( 'NONE',  ( 10.00000000000000000, 7.510427888281023812, 20.54529381476280037 ) ) ;
#3347 = DIRECTION ( 'NONE',  ( 0.000000000000000000, 0.9450008187146671235, 0.3270679633174253254 ) ) ;
#3348 = LINE ( 'NONE', #3446, #4357 ) ;
#3349 = EDGE_CURVE ( 'NONE', #4793, #3356, #3436, .T. ) ;
#3350 = EDGE_CURVE ( 'NONE', #2711, #681, #1231, .T. ) ;
#3351 = ORIENTED_EDGE ( 'NONE', *, *, #4659, .F. ) ;
#3352 = CARTESIAN_POINT ( 'NONE',  ( 10.00000000000000000, 0.000000000000000000, 0.000000000000000000 ) ) ;
#3353 = DIRECTION ( 'NONE',  ( 0.000000000000000000, 0.9718115683235423186, -0.2357589355094245054 ) ) ;
#3354 = DIRECTION ( 'NONE',  ( -1.000000000000000000, 0.000000000000000000, 0.000000000000000000 ) ) ;
#3355 = AXIS2_PLACEMENT_3D ( 'NONE', #683, #3249, #339 ) ;
#3356 = VERTEX_POINT ( 'NONE', #4552 ) ;
#3357 = EDGE_CURVE ( 'NONE', #195, #3734, #2404, .T. ) ;
#3358 = ORIENTED_EDGE ( 'NONE', *, *, #1615, .T. ) ;
#3359 = DIRECTION ( 'NONE',  ( 0.000000000000000000, 0.9096319953545194403, -0.4154150130018842146 ) ) ;
#3360 = AXIS2_PLACEMENT_3D ( 'NONE', #946, #923, #1274 ) ;
#3361 = CARTESIAN_POINT ( 'NONE',  ( 0.000000000000000000, 0.000000000000000000, 0.000000000000000000 ) ) ;
#3362 = CIRCLE ( 'NONE', #1006, 8.250000000000000000 ) ;
#3363 = ORIENTED_EDGE ( 'NONE', *, *, #1829, .T. ) ;
#3364 = ORIENTED_EDGE ( 'NONE', *, *, #2586, .T. ) ;
#3365 = DIRECTION ( 'NONE',  ( 1.000000000000000000, 0.000000000000000000, 0.000000000000000000 ) ) ;
#3366 = CIRCLE ( 'NONE', #1410, 19.06149999999999523 ) ;
#3367 = DIRECTION ( 'NONE',  ( 1.000000000000000000, -0.000000000000000000, -0.000000000000000000 ) ) ;
#3368 = AXIS2_PLACEMENT_3D ( 'NONE', #3380, #4106, #1445 ) ;
#3369 = AXIS2_PLACEMENT_3D ( 'NONE', #1930, #4548, #2298 ) ;
#3370 = ORIENTED_EDGE ( 'NONE', *, *, #1749, .T. ) ;
#3371 = AXIS2_PLACEMENT_3D ( 'NONE', #2935, #4494, #4450 ) ;
#3372 = ORIENTED_EDGE ( 'NONE', *, *, #2003, .T. ) ;
#3373 = CARTESIAN_POINT ( 'NONE',  ( 0.000000000000000000, 19.61342834978376715, -9.686539803660444647 ) ) ;
#3374 = DIRECTION ( 'NONE',  ( 0.000000000000000000, 0.000000000000000000, 1.000000000000000000 ) ) ;
#3375 = DIRECTION ( 'NONE',  ( 1.000000000000000000, -0.000000000000000000, -0.000000000000000000 ) ) ;
#3376 = AXIS2_PLACEMENT_3D ( 'NONE', #707, #1059, #1035 ) ;
#3377 = ORIENTED_EDGE ( 'NONE', *, *, #2647, .F. ) ;
#3378 = ORIENTED_EDGE ( 'NONE', *, *, #1769, .T. ) ;
#3379 = DIRECTION ( 'NONE',  ( -1.000000000000000000, 0.000000000000000000, 0.000000000000000000 ) ) ;
#3380 = CARTESIAN_POINT ( 'NONE',  ( 10.00000000000000000, 0.000000000000000000, 0.000000000000000000 ) ) ;
#3381 = FACE_OUTER_BOUND ( 'NONE', #3194, .T. ) ;
#3382 = EDGE_CURVE ( 'NONE', #3343, #1347, #826, .T. ) ;
#3383 = EDGE_CURVE ( 'NONE', #682, #154, #3274, .T. ) ;
#3384 = ORIENTED_EDGE ( 'NONE', *, *, #2034, .F. ) ;
#3385 = ORIENTED_EDGE ( 'NONE', *, *, #1737, .T. ) ;
#3386 = DIRECTION ( 'NONE',  ( -1.000000000000000000, 0.000000000000000000, 0.000000000000000000 ) ) ;
#3387 = AXIS2_PLACEMENT_3D ( 'NONE', #3539, #1701, #3245 ) ;
#3388 = CARTESIAN_POINT ( 'NONE',  ( 10.00000000000000000, -4.789450448788296733, -21.34424487768545120 ) ) ;
#3389 = EDGE_CURVE ( 'NONE', #3517, #3113, #2408, .T. ) ;
#3390 = FACE_OUTER_BOUND ( 'NONE', #2863, .T. ) ;
#3391 = ORIENTED_EDGE ( 'NONE', *, *, #1249, .F. ) ;
#3392 = ORIENTED_EDGE ( 'NONE', *, *, #3569, .F. ) ;
#3393 = CARTESIAN_POINT ( 'NONE',  ( 10.00000000000000000, -16.67325919374770038, -9.238138887682287859 ) ) ;
#3394 = CYLINDRICAL_SURFACE ( 'NONE', #3613, 21.87500000000000000 ) ;
#3395 = DIRECTION ( 'NONE',  ( -1.000000000000000000, 0.000000000000000000, -0.000000000000000000 ) ) ;
#3396 = ORIENTED_EDGE ( 'NONE', *, *, #4623, .F. ) ;
#3397 = DIRECTION ( 'NONE',  ( 0.000000000000000000, 0.000000000000000000, 1.000000000000000000 ) ) ;
#3398 = CYLINDRICAL_SURFACE ( 'NONE', #1735, 19.06149999999999523 ) ;
#3399 = CYLINDRICAL_SURFACE ( 'NONE', #3077, 19.06149999999999523 ) ;
#3400 = ORIENTED_EDGE ( 'NONE', *, *, #2265, .T. ) ;
#3401 = DIRECTION ( 'NONE',  ( -1.000000000000000000, -0.000000000000000000, -0.000000000000000000 ) ) ;
#3402 = CARTESIAN_POINT ( 'NONE',  ( 10.00000000000000000, -8.293305586232799342, -17.51714752122911634 ) ) ;
#3403 = DIRECTION ( 'NONE',  ( 0.000000000000000000, 0.000000000000000000, -1.000000000000000000 ) ) ;
#3404 = EDGE_CURVE ( 'NONE', #1426, #4702, #3671, .T. ) ;
#3405 = ORIENTED_EDGE ( 'NONE', *, *, #3438, .F. ) ;
#3406 = AXIS2_PLACEMENT_3D ( 'NONE', #2432, #2039, #1360 ) ;
#3407 = DIRECTION ( 'NONE',  ( -1.000000000000000000, -0.000000000000000000, -0.000000000000000000 ) ) ;
#3408 = LINE ( 'NONE', #430, #3853 ) ;
#3409 = AXIS2_PLACEMENT_3D ( 'NONE', #466, #1965, #3468 ) ;
#3410 = VECTOR ( 'NONE', #3005, 1000.000000000000000 ) ;
#3411 = EDGE_CURVE ( 'NONE', #24, #4404, #4887, .T. ) ;
#3412 = ADVANCED_FACE ( 'NONE', ( #2698 ), #392, .T. ) ;
#3413 = LINE ( 'NONE', #481, #31 ) ;
#3414 = VERTEX_POINT ( 'NONE', #1601 ) ;
#3415 = ORIENTED_EDGE ( 'NONE', *, *, #3350, .T. ) ;
#3416 = DIRECTION ( 'NONE',  ( 0.000000000000000000, 0.000000000000000000, -1.000000000000000000 ) ) ;
#3417 = LINE ( 'NONE', #4216, #767 ) ;
#3418 = EDGE_CURVE ( 'NONE', #3201, #4139, #2806, .T. ) ;
#3419 = DIRECTION ( 'NONE',  ( 1.000000000000000000, 0.000000000000000000, -0.000000000000000000 ) ) ;
#3420 = VERTEX_POINT ( 'NONE', #3818 ) ;
#3421 = DIRECTION ( 'NONE',  ( 0.000000000000000000, -0.5406408174555870083, -0.8412535328311880889 ) ) ;
#3422 = FACE_OUTER_BOUND ( 'NONE', #1776, .T. ) ;
#3423 = DIRECTION ( 'NONE',  ( -1.000000000000000000, -0.000000000000000000, -0.000000000000000000 ) ) ;
#3424 = CARTESIAN_POINT ( 'NONE',  ( 0.000000000000000000, -18.12028095930837424, 5.915758633153158641 ) ) ;
#3425 = LINE ( 'NONE', #4181, #1565 ) ;
#3426 = DIRECTION ( 'NONE',  ( -1.000000000000000000, -0.000000000000000000, -0.000000000000000000 ) ) ;
#3427 = CIRCLE ( 'NONE', #2956, 3.000000000000000444 ) ;
#3428 = ORIENTED_EDGE ( 'NONE', *, *, #1909, .T. ) ;
#3429 = ORIENTED_EDGE ( 'NONE', *, *, #42, .F. ) ;
#3430 = CARTESIAN_POINT ( 'NONE',  ( 0.000000000000000000, -16.08993306427706216, -14.81990819766045320 ) ) ;
#3431 = DIRECTION ( 'NONE',  ( -1.000000000000000000, 0.000000000000000000, -0.000000000000000000 ) ) ;
#3432 = CYLINDRICAL_SURFACE ( 'NONE', #3332, 8.250000000000000000 ) ;
#3433 = CIRCLE ( 'NONE', #1322, 19.06149999999999523 ) ;
#3434 = VERTEX_POINT ( 'NONE', #2280 ) ;
#3435 = EDGE_LOOP ( 'NONE', ( #2595, #3190 ) ) ;
#3436 = LINE ( 'NONE', #4215, #2097 ) ;
#3437 = CARTESIAN_POINT ( 'NONE',  ( 0.000000000000000000, 0.000000000000000000, 0.000000000000000000 ) ) ;
#3438 = EDGE_CURVE ( 'NONE', #4214, #1952, #3427, .T. ) ;
#3439 = ADVANCED_FACE ( 'NONE', ( #3022 ), #2643, .T. ) ;
#3440 = AXIS2_PLACEMENT_3D ( 'NONE', #1357, #1670, #3163 ) ;
#3441 = VECTOR ( 'NONE', #4603, 1000.000000000000000 ) ;
#3442 = CIRCLE ( 'NONE', #2573, 21.87500000000000000 ) ;
#3443 = CARTESIAN_POINT ( 'NONE',  ( -10.00000000000000000, 0.000000000000000000, 0.000000000000000000 ) ) ;
#3444 = DIRECTION ( 'NONE',  ( -1.000000000000000000, -0.000000000000000000, 0.000000000000000000 ) ) ;
#3445 = DIRECTION ( 'NONE',  ( -1.000000000000000000, -0.000000000000000000, 0.000000000000000000 ) ) ;
#3446 = CARTESIAN_POINT ( 'NONE',  ( 10.00000000000000000, -2.146273420798048281, 18.94028227490750993 ) ) ;
#3447 = EDGE_CURVE ( 'NONE', #651, #2385, #1202, .T. ) ;
#3448 = PRODUCT_DEFINITION_FORMATION_WITH_SPECIFIED_SOURCE ( 'ANY', '', #856, .NOT_KNOWN. ) ;
#3449 = CIRCLE ( 'NONE', #4169, 19.06149999999999523 ) ;
#3450 = DIRECTION ( 'NONE',  ( -1.000000000000000000, -0.000000000000000000, -0.000000000000000000 ) ) ;
#3451 = CYLINDRICAL_SURFACE ( 'NONE', #2829, 21.87500000000000000 ) ;
#3452 = AXIS2_PLACEMENT_3D ( 'NONE', #3098, #1160, #1899 ) ;
#3453 = CARTESIAN_POINT ( 'NONE',  ( 10.00000000000000000, -16.15858777384832123, 10.70184170981720229 ) ) ;
#3454 = ORIENTED_EDGE ( 'NONE', *, *, #1516, .F. ) ;
#3455 = ORIENTED_EDGE ( 'NONE', *, *, #371, .F. ) ;
#3456 = LINE ( 'NONE', #4228, #1192 ) ;
#3457 = CARTESIAN_POINT ( 'NONE',  ( 0.000000000000000000, 21.80860110672752583, 1.703097991203922579 ) ) ;
#3458 = CIRCLE ( 'NONE', #4741, 8.250000000000001776 ) ;
#3459 = CARTESIAN_POINT ( 'NONE',  ( -10.00000000000000000, 0.000000000000000000, 0.000000000000000000 ) ) ;
#3460 = ORIENTED_EDGE ( 'NONE', *, *, #2567, .T. ) ;
#3461 = ORIENTED_EDGE ( 'NONE', *, *, #1996, .F. ) ;
#3462 = DIRECTION ( 'NONE',  ( -1.000000000000000000, 0.000000000000000000, 0.000000000000000000 ) ) ;
#3463 = CARTESIAN_POINT ( 'NONE',  ( 10.00000000000000000, -19.37932150058861325, -0.2669700432026741455 ) ) ;
#3464 = ADVANCED_FACE ( 'NONE', ( #91 ), #3093, .T. ) ;
#3465 = AXIS2_PLACEMENT_3D ( 'NONE', #1495, #1794, #359 ) ;
#3466 = EDGE_CURVE ( 'NONE', #1764, #2207, #443, .T. ) ;
#3467 = ORIENTED_EDGE ( 'NONE', *, *, #2203, .F. ) ;
#3468 = DIRECTION ( 'NONE',  ( 0.000000000000000000, 0.000000000000000000, -1.000000000000000000 ) ) ;
#3469 = CYLINDRICAL_SURFACE ( 'NONE', #2738, 21.87500000000000000 ) ;
#3470 = DIRECTION ( 'NONE',  ( -1.000000000000000000, 0.000000000000000000, -0.000000000000000000 ) ) ;
#3471 = LINE ( 'NONE', #2730, #3982 ) ;
#3472 = CIRCLE ( 'NONE', #250, 8.250000000000000000 ) ;
#3473 = EDGE_CURVE ( 'NONE', #3020, #1014, #1075, .T. ) ;
#3474 = EDGE_CURVE ( 'NONE', #1347, #1390, #995, .T. ) ;
#3475 = DIRECTION ( 'NONE',  ( 0.000000000000000000, 0.000000000000000000, 1.000000000000000000 ) ) ;
#3476 = CARTESIAN_POINT ( 'NONE',  ( 10.00000000000000000, 0.000000000000000000, 0.000000000000000000 ) ) ;
#3477 = CIRCLE ( 'NONE', #1982, 19.06149999999999167 ) ;
#3478 = DIRECTION ( 'NONE',  ( 0.000000000000000000, 0.000000000000000000, 1.000000000000000000 ) ) ;
#3479 = EDGE_CURVE ( 'NONE', #4679, #873, #527, .T. ) ;
#3480 = ORIENTED_EDGE ( 'NONE', *, *, #1223, .T. ) ;
#3481 = CARTESIAN_POINT ( 'NONE',  ( -10.00000000000000000, 0.000000000000000000, 0.000000000000000000 ) ) ;
#3482 = CARTESIAN_POINT ( 'NONE',  ( 10.00000000000000000, 14.03753242765929343, 16.77686825192394693 ) ) ;
#3483 = AXIS2_PLACEMENT_3D ( 'NONE', #105, #1881, #1513 ) ;
#3484 = AXIS2_PLACEMENT_3D ( 'NONE', #216, #2481, #135 ) ;
#3485 = PRODUCT_DEFINITION ( 'UNKNOWN', '', #3448, #1412 ) ;
#3486 = CARTESIAN_POINT ( 'NONE',  ( 5.000000000000000000, -12.37922667888068773, 18.03525358382544042 ) ) ;
#3487 = ORIENTED_EDGE ( 'NONE', *, *, #3662, .T. ) ;
#3488 = EDGE_LOOP ( 'NONE', ( #2767, #4206, #6, #4768 ) ) ;
#3489 = CARTESIAN_POINT ( 'NONE',  ( 0.000000000000000000, 0.000000000000000000, 0.000000000000000000 ) ) ;
#3490 = DIRECTION ( 'NONE',  ( -1.000000000000000000, 0.000000000000000000, 0.000000000000000000 ) ) ;
#3491 = VECTOR ( 'NONE', #4712, 1000.000000000000000 ) ;
#3492 = ORIENTED_EDGE ( 'NONE', *, *, #2567, .F. ) ;
#3493 = ORIENTED_EDGE ( 'NONE', *, *, #2962, .F. ) ;
#3494 = FACE_OUTER_BOUND ( 'NONE', #4294, .T. ) ;
#3495 = ORIENTED_EDGE ( 'NONE', *, *, #655, .F. ) ;
#3496 = FACE_OUTER_BOUND ( 'NONE', #763, .T. ) ;
#3497 = CARTESIAN_POINT ( 'NONE',  ( 10.00000000000000000, 5.046860401838532795, -18.38123995638907004 ) ) ;
#3498 = CYLINDRICAL_SURFACE ( 'NONE', #4671, 19.06149999999999523 ) ;
#3499 = CARTESIAN_POINT ( 'NONE',  ( 0.000000000000000000, 9.920863589757093592, 16.64949970601445628 ) ) ;
#3500 = LINE ( 'NONE', #835, #4554 ) ;
#3501 = CARTESIAN_POINT ( 'NONE',  ( 0.000000000000000000, -19.02095316055510210, -1.242627504109248715 ) ) ;
#3502 = EDGE_CURVE ( 'NONE', #2274, #2213, #4540, .T. ) ;
#3503 = EDGE_CURVE ( 'NONE', #2122, #682, #289, .T. ) ;
#3504 = CIRCLE ( 'NONE', #2882, 21.87500000000000000 ) ;
#3505 = EDGE_LOOP ( 'NONE', ( #2797, #1120, #3560, #1494 ) ) ;
#3506 = ORIENTED_EDGE ( 'NONE', *, *, #560, .F. ) ;
#3507 = CARTESIAN_POINT ( 'NONE',  ( 10.00000000000000000, -21.40501767787982601, 4.510082394995914790 ) ) ;
#3508 = CARTESIAN_POINT ( 'NONE',  ( 10.00000000000000000, 17.42579843696904618, 13.22335713176223138 ) ) ;
#3509 = ORIENTED_EDGE ( 'NONE', *, *, #3570, .F. ) ;
#3510 = ADVANCED_FACE ( 'NONE', ( #166 ), #2042, .T. ) ;
#3511 = FACE_OUTER_BOUND ( 'NONE', #3580, .T. ) ;
#3512 = ORIENTED_EDGE ( 'NONE', *, *, #1579, .F. ) ;
#3513 = CYLINDRICAL_SURFACE ( 'NONE', #3629, 8.250000000000000000 ) ;
#3514 = CARTESIAN_POINT ( 'NONE',  ( 10.00000000000000000, 6.796662911712296307, 20.79233027499694231 ) ) ;
#3515 = CYLINDRICAL_SURFACE ( 'NONE', #3043, 8.250000000000000000 ) ;
#3516 = VECTOR ( 'NONE', #1459, 1000.000000000000000 ) ;
#3517 = VERTEX_POINT ( 'NONE', #2749 ) ;
#3518 = CYLINDRICAL_SURFACE ( 'NONE', #2873, 8.250000000000000000 ) ;
#3519 = DIRECTION ( 'NONE',  ( 0.000000000000000000, 0.000000000000000000, 1.000000000000000000 ) ) ;
#3520 = VERTEX_POINT ( 'NONE', #1676 ) ;
#3521 = DIRECTION ( 'NONE',  ( 0.000000000000000000, 0.000000000000000000, 1.000000000000000000 ) ) ;
#3522 = CARTESIAN_POINT ( 'NONE',  ( 0.000000000000000000, 0.000000000000000000, 0.000000000000000000 ) ) ;
#3523 = AXIS2_PLACEMENT_3D ( 'NONE', #2327, #2699, #1550 ) ;
#3524 = DIRECTION ( 'NONE',  ( -1.000000000000000000, 0.000000000000000000, -0.000000000000000000 ) ) ;
#3525 = DIRECTION ( 'NONE',  ( -1.000000000000000000, 0.000000000000000000, 0.000000000000000000 ) ) ;
#3526 = CYLINDRICAL_SURFACE ( 'NONE', #1132, 8.250000000000000000 ) ;
#3527 = ORIENTED_EDGE ( 'NONE', *, *, #2293, .T. ) ;
#3528 = VERTEX_POINT ( 'NONE', #3169 ) ;
#3529 = ORIENTED_EDGE ( 'NONE', *, *, #1222, .T. ) ;
#3530 = VECTOR ( 'NONE', #3673, 1000.000000000000000 ) ;
#3531 = ADVANCED_FACE ( 'NONE', ( #1306 ), #2066, .T. ) ;
#3532 = CARTESIAN_POINT ( 'NONE',  ( 10.00000000000000000, 0.000000000000000000, 0.000000000000000000 ) ) ;
#3533 = ADVANCED_FACE ( 'NONE', ( #114 ), #563, .T. ) ;
#3534 = FACE_BOUND ( 'NONE', #3435, .T. ) ;
#3535 = ORIENTED_EDGE ( 'NONE', *, *, #1642, .F. ) ;
#3536 = AXIS2_PLACEMENT_3D ( 'NONE', #4097, #4791, #1820 ) ;
#3537 = CARTESIAN_POINT ( 'NONE',  ( 0.000000000000000000, -16.15858777384817202, -10.70184170981742788 ) ) ;
#3538 = EDGE_LOOP ( 'NONE', ( #434, #3377, #1232, #3838 ) ) ;
#3539 = CARTESIAN_POINT ( 'NONE',  ( 0.000000000000000000, 0.000000000000000000, 0.000000000000000000 ) ) ;
#3540 = EDGE_CURVE ( 'NONE', #1842, #801, #2014, .T. ) ;
#3541 = CARTESIAN_POINT ( 'NONE',  ( 10.00000000000000000, 19.31694754834041561, 1.576360441589646610 ) ) ;
#3542 = DIRECTION ( 'NONE',  ( 0.000000000000000000, 0.000000000000000000, 1.000000000000000000 ) ) ;
#3543 = VERTEX_POINT ( 'NONE', #3514 ) ;
#3544 = VERTEX_POINT ( 'NONE', #1702 ) ;
#3545 = FACE_OUTER_BOUND ( 'NONE', #721, .T. ) ;
#3546 = ORIENTED_EDGE ( 'NONE', *, *, #4533, .T. ) ;
#3547 = DIRECTION ( 'NONE',  ( 0.000000000000000000, 0.000000000000000000, 1.000000000000000000 ) ) ;
#3548 = DIRECTION ( 'NONE',  ( 0.000000000000000000, 0.000000000000000000, -1.000000000000000000 ) ) ;
#3549 = CARTESIAN_POINT ( 'NONE',  ( 10.00000000000000000, -6.771255768454919277, -17.81827369775663783 ) ) ;
#3550 = ORIENTED_EDGE ( 'NONE', *, *, #256, .F. ) ;
#3551 = CIRCLE ( 'NONE', #4266, 21.87500000000000000 ) ;
#3552 = VERTEX_POINT ( 'NONE', #3918 ) ;
#3553 = CYLINDRICAL_SURFACE ( 'NONE', #3998, 19.06149999999999523 ) ;
#3554 = DIRECTION ( 'NONE',  ( 0.000000000000000000, 0.000000000000000000, 1.000000000000000000 ) ) ;
#3555 = CARTESIAN_POINT ( 'NONE',  ( 0.000000000000000000, 0.000000000000000000, 0.000000000000000000 ) ) ;
#3556 = CIRCLE ( 'NONE', #4193, 19.06149999999999523 ) ;
#3557 = ORIENTED_EDGE ( 'NONE', *, *, #3662, .F. ) ;
#3558 = ORIENTED_EDGE ( 'NONE', *, *, #4479, .F. ) ;
#3559 = AXIS2_PLACEMENT_3D ( 'NONE', #1851, #4175, #2982 ) ;
#3560 = ORIENTED_EDGE ( 'NONE', *, *, #2454, .F. ) ;
#3561 = DIRECTION ( 'NONE',  ( -1.000000000000000000, 0.000000000000000000, 0.000000000000000000 ) ) ;
#3562 = CARTESIAN_POINT ( 'NONE',  ( 4.999999999999999112, -4.789450448788580061, 21.34424487768538370 ) ) ;
#3563 = DIRECTION ( 'NONE',  ( -1.000000000000000000, 0.000000000000000000, 0.000000000000000000 ) ) ;
#3564 = VERTEX_POINT ( 'NONE', #2804 ) ;
#3565 = FACE_OUTER_BOUND ( 'NONE', #2449, .T. ) ;
#3566 = AXIS2_PLACEMENT_3D ( 'NONE', #1833, #2921, #4543 ) ;
#3567 = CARTESIAN_POINT ( 'NONE',  ( -10.00000000000000000, 0.000000000000000000, 0.000000000000000000 ) ) ;
#3568 = FACE_OUTER_BOUND ( 'NONE', #2371, .T. ) ;
#3569 = EDGE_CURVE ( 'NONE', #1667, #2182, #138, .T. ) ;
#3570 = EDGE_CURVE ( 'NONE', #1219, #3989, #1185, .T. ) ;
#3571 = AXIS2_PLACEMENT_3D ( 'NONE', #2890, #2937, #3302 ) ;
#3572 = ORIENTED_EDGE ( 'NONE', *, *, #1258, .T. ) ;
#3573 = ORIENTED_EDGE ( 'NONE', *, *, #3383, .F. ) ;
#3574 = DIRECTION ( 'NONE',  ( -1.000000000000000000, -0.000000000000000000, -0.000000000000000000 ) ) ;
#3575 = ORIENTED_EDGE ( 'NONE', *, *, #2133, .T. ) ;
#3576 = DIRECTION ( 'NONE',  ( -1.000000000000000000, 0.000000000000000000, -0.000000000000000000 ) ) ;
#3577 = DIRECTION ( 'NONE',  ( 1.000000000000000000, 0.000000000000000000, 0.000000000000000000 ) ) ;
#3578 = CIRCLE ( 'NONE', #1453, 8.250000000000001776 ) ;
#3579 = ADVANCED_FACE ( 'NONE', ( #2835 ), #1333, .T. ) ;
#3580 = EDGE_LOOP ( 'NONE', ( #3345, #3364, #2057, #315 ) ) ;
#3581 = DIRECTION ( 'NONE',  ( 0.000000000000000000, 0.3716624556603281837, -0.9283679330160723442 ) ) ;
#3582 = LINE ( 'NONE', #4037, #308 ) ;
#3583 = FACE_OUTER_BOUND ( 'NONE', #1878, .T. ) ;
#3584 = ORIENTED_EDGE ( 'NONE', *, *, #372, .T. ) ;
#3585 = ORIENTED_EDGE ( 'NONE', *, *, #1317, .T. ) ;
#3586 = ORIENTED_EDGE ( 'NONE', *, *, #2854, .T. ) ;
#3587 = EDGE_LOOP ( 'NONE', ( #1517, #3105, #1298, #4165 ) ) ;
#3588 = CARTESIAN_POINT ( 'NONE',  ( 0.000000000000000000, -8.293305586232799342, -17.51714752122911634 ) ) ;
#3589 = CARTESIAN_POINT ( 'NONE',  ( 10.00000000000000000, -7.807616600036624277, 17.73895424916520014 ) ) ;
#3590 = CIRCLE ( 'NONE', #4387, 21.87500000000000000 ) ;
#3591 = CYLINDRICAL_SURFACE ( 'NONE', #1919, 8.250000000000000000 ) ;
#3592 = CARTESIAN_POINT ( 'NONE',  ( 10.00000000000000000, 0.000000000000000000, 0.000000000000000000 ) ) ;
#3593 = CARTESIAN_POINT ( 'NONE',  ( 4.999999999999999112, 21.73680468795403797, 2.454984105394416805 ) ) ;
#3594 = AXIS2_PLACEMENT_3D ( 'NONE', #1526, #1549, #2306 ) ;
#3595 = ORIENTED_EDGE ( 'NONE', *, *, #4203, .T. ) ;
#3596 = DIRECTION ( 'NONE',  ( -1.000000000000000000, 0.000000000000000000, -0.000000000000000000 ) ) ;
#3597 = EDGE_CURVE ( 'NONE', #2149, #3966, #4399, .T. ) ;
#3598 = CARTESIAN_POINT ( 'NONE',  ( -10.00000000000000000, 0.000000000000000000, 0.000000000000000000 ) ) ;
#3599 = CIRCLE ( 'NONE', #4859, 8.250000000000000000 ) ;
#3600 = ADVANCED_FACE ( 'NONE', ( #653 ), #2155, .T. ) ;
#3601 = DIRECTION ( 'NONE',  ( -1.000000000000000000, 0.000000000000000000, 0.000000000000000000 ) ) ;
#3602 = CIRCLE ( 'NONE', #3675, 21.87500000000000000 ) ;
#3603 = ORIENTED_EDGE ( 'NONE', *, *, #2855, .F. ) ;
#3604 = DIRECTION ( 'NONE',  ( 0.000000000000000000, -0.9988673391830075188, -0.04758191582375213835 ) ) ;
#3605 = ADVANCED_FACE ( 'NONE', ( #2174 ), #2268, .T. ) ;
#3606 = CARTESIAN_POINT ( 'NONE',  ( 10.00000000000000000, 6.086068304272544971, -18.40079203248796702 ) ) ;
#3607 = DIRECTION ( 'NONE',  ( -1.000000000000000000, 0.000000000000000000, -0.000000000000000000 ) ) ;
#3608 = VECTOR ( 'NONE', #4517, 1000.000000000000000 ) ;
#3609 = ORIENTED_EDGE ( 'NONE', *, *, #2547, .T. ) ;
#3610 = ORIENTED_EDGE ( 'NONE', *, *, #3109, .F. ) ;
#3611 = ORIENTED_EDGE ( 'NONE', *, *, #3473, .T. ) ;
#3612 = DIRECTION ( 'NONE',  ( -1.000000000000000000, -0.000000000000000000, -0.000000000000000000 ) ) ;
#3613 = AXIS2_PLACEMENT_3D ( 'NONE', #2723, #2307, #851 ) ;
#3614 = AXIS2_PLACEMENT_3D ( 'NONE', #2289, #2683, #3082 ) ;
#3615 = CIRCLE ( 'NONE', #931, 21.87500000000000000 ) ;
#3616 = DIRECTION ( 'NONE',  ( -1.000000000000000000, 0.000000000000000000, 0.000000000000000000 ) ) ;
#3617 = ORIENTED_EDGE ( 'NONE', *, *, #4759, .F. ) ;
#3618 = CIRCLE ( 'NONE', #4883, 21.87500000000000000 ) ;
#3619 = VECTOR ( 'NONE', #2616, 1000.000000000000000 ) ;
#3620 = VERTEX_POINT ( 'NONE', #330 ) ;
#3621 = CARTESIAN_POINT ( 'NONE',  ( 0.000000000000000000, 17.10269516630156161, 9.117411522779311994 ) ) ;
#3622 = AXIS2_PLACEMENT_3D ( 'NONE', #2146, #229, #2130 ) ;
#3623 = CARTESIAN_POINT ( 'NONE',  ( 0.000000000000000000, -12.04544978961360790, -14.77321635988241155 ) ) ;
#3624 = ORIENTED_EDGE ( 'NONE', *, *, #702, .F. ) ;
#3625 = ORIENTED_EDGE ( 'NONE', *, *, #2786, .F. ) ;
#3626 = DIRECTION ( 'NONE',  ( -1.000000000000000000, 0.000000000000000000, -0.000000000000000000 ) ) ;
#3627 = CARTESIAN_POINT ( 'NONE',  ( 10.00000000000000000, 9.920863589757326295, -16.64949970601432128 ) ) ;
#3628 = EDGE_CURVE ( 'NONE', #487, #681, #2119, .T. ) ;
#3629 = AXIS2_PLACEMENT_3D ( 'NONE', #2088, #1650, #2881 ) ;
#3630 = ORIENTED_EDGE ( 'NONE', *, *, #4736, .F. ) ;
#3631 = DIRECTION ( 'NONE',  ( 0.000000000000000000, 0.9898214418809322401, 0.1423148382732886130 ) ) ;
#3632 = DIRECTION ( 'NONE',  ( -1.000000000000000000, -0.000000000000000000, 0.000000000000000000 ) ) ;
#3633 = FACE_BOUND ( 'NONE', #1272, .T. ) ;
#3634 = VECTOR ( 'NONE', #3386, 1000.000000000000000 ) ;
#3635 = EDGE_CURVE ( 'NONE', #4035, #2305, #383, .T. ) ;
#3636 = ADVANCED_FACE ( 'NONE', ( #3781 ), #719, .T. ) ;
#3637 = ORIENTED_EDGE ( 'NONE', *, *, #1463, .T. ) ;
#3638 = ORIENTED_EDGE ( 'NONE', *, *, #4533, .F. ) ;
#3639 = DIRECTION ( 'NONE',  ( -1.000000000000000000, 0.000000000000000000, 0.000000000000000000 ) ) ;
#3640 = CIRCLE ( 'NONE', #2211, 8.250000000000000000 ) ;
#3641 = DIRECTION ( 'NONE',  ( -1.000000000000000000, -0.000000000000000000, -0.000000000000000000 ) ) ;
#3642 = EDGE_CURVE ( 'NONE', #728, #3160, #3216, .T. ) ;
#3643 = ORIENTED_EDGE ( 'NONE', *, *, #4022, .F. ) ;
#3644 = CARTESIAN_POINT ( 'NONE',  ( 10.00000000000000000, -18.12028095930837424, 5.915758633153158641 ) ) ;
#3645 = VECTOR ( 'NONE', #1290, 1000.000000000000000 ) ;
#3646 = ORIENTED_EDGE ( 'NONE', *, *, #4302, .T. ) ;
#3647 = EDGE_LOOP ( 'NONE', ( #4164, #1261, #3757, #2850 ) ) ;
#3648 = DIRECTION ( 'NONE',  ( -1.000000000000000000, 0.000000000000000000, 0.000000000000000000 ) ) ;
#3649 = FACE_OUTER_BOUND ( 'NONE', #2558, .T. ) ;
#3650 = CIRCLE ( 'NONE', #2301, 8.250000000000000000 ) ;
#3651 = CIRCLE ( 'NONE', #2613, 8.250000000000001776 ) ;
#3652 = ORIENTED_EDGE ( 'NONE', *, *, #371, .T. ) ;
#3653 = CARTESIAN_POINT ( 'NONE',  ( 0.000000000000000000, 0.000000000000000000, 0.000000000000000000 ) ) ;
#3654 = CYLINDRICAL_SURFACE ( 'NONE', #1336, 19.06149999999999523 ) ;
#3655 = FACE_OUTER_BOUND ( 'NONE', #4510, .T. ) ;
#3656 = CIRCLE ( 'NONE', #1610, 19.06149999999999523 ) ;
#3657 = ORIENTED_EDGE ( 'NONE', *, *, #2179, .F. ) ;
#3658 = DIRECTION ( 'NONE',  ( 0.000000000000000000, 0.000000000000000000, -1.000000000000000000 ) ) ;
#3659 = CARTESIAN_POINT ( 'NONE',  ( 10.00000000000000000, -11.02364196210755232, 15.94078707963960895 ) ) ;
#3660 = DIRECTION ( 'NONE',  ( -1.000000000000000000, 0.000000000000000000, 0.000000000000000000 ) ) ;
#3661 = ADVANCED_FACE ( 'NONE', ( #1904 ), #4437, .T. ) ;
#3662 = EDGE_CURVE ( 'NONE', #2305, #3543, #1012, .T. ) ;
#3663 = ORIENTED_EDGE ( 'NONE', *, *, #2485, .F. ) ;
#3664 = DIRECTION ( 'NONE',  ( -1.000000000000000000, -0.000000000000000000, -0.000000000000000000 ) ) ;
#3665 = EDGE_CURVE ( 'NONE', #4700, #4099, #671, .T. ) ;
#3666 = ORIENTED_EDGE ( 'NONE', *, *, #2822, .F. ) ;
#3667 = ORIENTED_EDGE ( 'NONE', *, *, #4086, .T. ) ;
#3668 = DIRECTION ( 'NONE',  ( -1.000000000000000000, -0.000000000000000000, 0.000000000000000000 ) ) ;
#3669 = ORIENTED_EDGE ( 'NONE', *, *, #730, .T. ) ;
#3670 = CARTESIAN_POINT ( 'NONE',  ( 10.00000000000000000, -4.309403631493492703, -18.89598939373152575 ) ) ;
#3671 = CIRCLE ( 'NONE', #2717, 19.06149999999999878 ) ;
#3672 = DIRECTION ( 'NONE',  ( 0.000000000000000000, 0.5406408174555985546, -0.8412535328311806504 ) ) ;
#3673 = DIRECTION ( 'NONE',  ( -1.000000000000000000, 0.000000000000000000, 0.000000000000000000 ) ) ;
#3674 = CYLINDRICAL_SURFACE ( 'NONE', #344, 8.250000000000000000 ) ;
#3675 = AXIS2_PLACEMENT_3D ( 'NONE', #4354, #2024, #3906 ) ;
#3676 = EDGE_LOOP ( 'NONE', ( #2701, #119, #2712, #1079 ) ) ;
#3677 = CARTESIAN_POINT ( 'NONE',  ( 0.000000000000000000, 0.000000000000000000, 0.000000000000000000 ) ) ;
#3678 = CARTESIAN_POINT ( 'NONE',  ( 0.000000000000000000, 0.000000000000000000, 0.000000000000000000 ) ) ;
#3679 = FILL_AREA_STYLE ('',( #4458 ) ) ;
#3680 = EDGE_CURVE ( 'NONE', #3071, #3844, #2037, .T. ) ;
#3681 = EDGE_CURVE ( 'NONE', #1227, #4464, #4803, .T. ) ;
#3682 = CIRCLE ( 'NONE', #4409, 21.87500000000000000 ) ;
#3683 = VERTEX_POINT ( 'NONE', #3703 ) ;
#3684 = AXIS2_PLACEMENT_3D ( 'NONE', #3805, #3525, #1612 ) ;
#3685 = CIRCLE ( 'NONE', #2898, 21.87500000000000000 ) ;
#3686 = CYLINDRICAL_SURFACE ( 'NONE', #4350, 8.250000000000000000 ) ;
#3687 = DIRECTION ( 'NONE',  ( -1.000000000000000000, -0.000000000000000000, -0.000000000000000000 ) ) ;
#3688 = APPLICATION_PROTOCOL_DEFINITION ( 'draft international standard', 'automotive_design', 1998, #1462 ) ;
#3689 = VECTOR ( 'NONE', #350, 1000.000000000000000 ) ;
#3690 = ADVANCED_FACE ( 'NONE', ( #3008 ), #1068, .T. ) ;
#3691 = EDGE_CURVE ( 'NONE', #2906, #1353, #1949, .T. ) ;
#3692 = ORIENTED_EDGE ( 'NONE', *, *, #4341, .T. ) ;
#3693 = ORIENTED_EDGE ( 'NONE', *, *, #4659, .T. ) ;
#3694 = CARTESIAN_POINT ( 'NONE',  ( 0.000000000000000000, -11.45857671632859187, -15.63107144322346187 ) ) ;
#3695 = LINE ( 'NONE', #318, #629 ) ;
#3696 = VERTEX_POINT ( 'NONE', #2634 ) ;
#3697 = EDGE_LOOP ( 'NONE', ( #4474, #1637, #3815, #1695 ) ) ;
#3698 = DIRECTION ( 'NONE',  ( 0.000000000000000000, 0.000000000000000000, -1.000000000000000000 ) ) ;
#3699 = DIRECTION ( 'NONE',  ( -1.000000000000000000, 0.000000000000000000, 0.000000000000000000 ) ) ;
#3700 = CYLINDRICAL_SURFACE ( 'NONE', #1532, 19.06149999999999523 ) ;
#3701 = ORIENTED_EDGE ( 'NONE', *, *, #825, .F. ) ;
#3702 = CARTESIAN_POINT ( 'NONE',  ( 0.000000000000000000, 17.34736067490578648, 8.642826646524603973 ) ) ;
#3703 = CARTESIAN_POINT ( 'NONE',  ( 10.00000000000000000, -8.742323742818539856, 20.05211710956604421 ) ) ;
#3704 = CARTESIAN_POINT ( 'NONE',  ( 0.000000000000000000, -21.54796031594043271, 3.768425562838722431 ) ) ;
#3705 = CIRCLE ( 'NONE', #4819, 21.87500000000000000 ) ;
#3706 = ORIENTED_EDGE ( 'NONE', *, *, #2356, .F. ) ;
#3707 = CARTESIAN_POINT ( 'NONE',  ( 0.000000000000000000, 3.486482252031177786, 21.59537141394589810 ) ) ;
#3708 = LINE ( 'NONE', #748, #2431 ) ;
#3709 = CIRCLE ( 'NONE', #4268, 19.06149999999999523 ) ;
#3710 = CIRCLE ( 'NONE', #1196, 8.250000000000000000 ) ;
#3711 = ORIENTED_EDGE ( 'NONE', *, *, #3835, .T. ) ;
#3712 = VERTEX_POINT ( 'NONE', #4846 ) ;
#3713 = DIRECTION ( 'NONE',  ( -1.000000000000000000, 0.000000000000000000, 0.000000000000000000 ) ) ;
#3714 = CARTESIAN_POINT ( 'NONE',  ( 4.999999999999999112, 2.738863980935885678, -21.70286269352344988 ) ) ;
#3715 = EDGE_CURVE ( 'NONE', #2241, #45, #4155, .T. ) ;
#3716 = EDGE_CURVE ( 'NONE', #801, #823, #2973, .T. ) ;
#3717 = VERTEX_POINT ( 'NONE', #3728 ) ;
#3718 = ORIENTED_EDGE ( 'NONE', *, *, #2027, .T. ) ;
#3719 = DIRECTION ( 'NONE',  ( 0.000000000000000000, 0.1892512443604106032, -0.9819286972627065957 ) ) ;
#3720 = CARTESIAN_POINT ( 'NONE',  ( 0.000000000000000000, -16.44725757863466953, 10.25266272580874549 ) ) ;
#3721 = AXIS2_PLACEMENT_3D ( 'NONE', #3211, #2104, #2369 ) ;
#3722 = CARTESIAN_POINT ( 'NONE',  ( 0.000000000000000000, -14.62362239917211326, 12.22662873307402798 ) ) ;
#3723 = EDGE_CURVE ( 'NONE', #2207, #1717, #845, .T. ) ;
#3724 = AXIS2_PLACEMENT_3D ( 'NONE', #1224, #3792, #4233 ) ;
#3725 = CIRCLE ( 'NONE', #2076, 8.250000000000000000 ) ;
#3726 = VERTEX_POINT ( 'NONE', #2987 ) ;
#3727 = DIRECTION ( 'NONE',  ( -1.000000000000000000, 0.000000000000000000, 0.000000000000000000 ) ) ;
#3728 = CARTESIAN_POINT ( 'NONE',  ( 10.00000000000000000, 10.58662356627748480, -15.85131488917994957 ) ) ;
#3729 =( LENGTH_UNIT ( ) NAMED_UNIT ( * ) SI_UNIT ( .MILLI., .METRE. ) );
#3730 = VECTOR ( 'NONE', #2464, 1000.000000000000000 ) ;
#3731 = ORIENTED_EDGE ( 'NONE', *, *, #3290, .T. ) ;
#3732 = DIRECTION ( 'NONE',  ( -1.000000000000000000, 0.000000000000000000, 0.000000000000000000 ) ) ;
#3733 = DIRECTION ( 'NONE',  ( -1.000000000000000000, -0.000000000000000000, -0.000000000000000000 ) ) ;
#3734 = VERTEX_POINT ( 'NONE', #4498 ) ;
#3735 = ORIENTED_EDGE ( 'NONE', *, *, #227, .T. ) ;
#3736 = VERTEX_POINT ( 'NONE', #1117 ) ;
#3737 = CARTESIAN_POINT ( 'NONE',  ( 10.00000000000000000, 2.493712332100455065, 19.22006174890896446 ) ) ;
#3738 = DIRECTION ( 'NONE',  ( -1.000000000000000000, 0.000000000000000000, 0.000000000000000000 ) ) ;
#3739 = CIRCLE ( 'NONE', #1148, 8.250000000000001776 ) ;
#3740 = ORIENTED_EDGE ( 'NONE', *, *, #2460, .F. ) ;
#3741 = EDGE_CURVE ( 'NONE', #4551, #3696, #4878, .T. ) ;
#3742 = EDGE_CURVE ( 'NONE', #579, #4612, #4411, .T. ) ;
#3743 = ORIENTED_EDGE ( 'NONE', *, *, #3747, .T. ) ;
#3744 = CARTESIAN_POINT ( 'NONE',  ( 10.00000000000000000, 3.936943220686514255, -18.65050295104907718 ) ) ;
#3745 = DIRECTION ( 'NONE',  ( -1.000000000000000000, -0.000000000000000000, 0.000000000000000000 ) ) ;
#3746 = CARTESIAN_POINT ( 'NONE',  ( 0.000000000000000000, 19.26619331636527832, 10.35788280594188571 ) ) ;
#3747 = EDGE_CURVE ( 'NONE', #3242, #508, #2901, .T. ) ;
#3748 = ORIENTED_EDGE ( 'NONE', *, *, #3291, .F. ) ;
#3749 = EDGE_LOOP ( 'NONE', ( #2753, #4576, #2641, #4529 ) ) ;
#3750 = DIRECTION ( 'NONE',  ( 0.000000000000000000, -0.8660254037844432595, 0.4999999999999920064 ) ) ;
#3751 = DIRECTION ( 'NONE',  ( -1.000000000000000000, 0.000000000000000000, -0.000000000000000000 ) ) ;
#3752 = DIRECTION ( 'NONE',  ( -1.000000000000000000, 0.000000000000000000, 0.000000000000000000 ) ) ;
#3753 = AXIS2_PLACEMENT_3D ( 'NONE', #2434, #4314, #2776 ) ;
#3754 = AXIS2_PLACEMENT_3D ( 'NONE', #4466, #3626, #2165 ) ;
#3755 = VERTEX_POINT ( 'NONE', #2394 ) ;
#3756 = CIRCLE ( 'NONE', #4397, 8.250000000000000000 ) ;
#3757 = ORIENTED_EDGE ( 'NONE', *, *, #2647, .T. ) ;
#3758 = DIRECTION ( 'NONE',  ( 0.000000000000000000, 0.000000000000000000, 1.000000000000000000 ) ) ;
#3759 = AXIS2_PLACEMENT_3D ( 'NONE', #2110, #4734, #2455 ) ;
#3760 = CARTESIAN_POINT ( 'NONE',  ( 50.00005079999999680, 0.000000000000000000, 0.000000000000000000 ) ) ;
#3761 = AXIS2_PLACEMENT_3D ( 'NONE', #2886, #224, #3151 ) ;
#3762 = CARTESIAN_POINT ( 'NONE',  ( 10.00000000000000000, -12.04544978961360790, -14.77321635988241155 ) ) ;
#3763 = VERTEX_POINT ( 'NONE', #867 ) ;
#3764 = ORIENTED_EDGE ( 'NONE', *, *, #314, .T. ) ;
#3765 = CARTESIAN_POINT ( 'NONE',  ( 10.00000000000000000, 3.022217678303956045, 19.14407415186460781 ) ) ;
#3766 = CIRCLE ( 'NONE', #2032, 8.250000000000000000 ) ;
#3767 = DIRECTION ( 'NONE',  ( -1.000000000000000000, 0.000000000000000000, 0.000000000000000000 ) ) ;
#3768 = VECTOR ( 'NONE', #4522, 1000.000000000000000 ) ;
#3769 = AXIS2_PLACEMENT_3D ( 'NONE', #3952, #4246, #3122 ) ;
#3770 = AXIS2_PLACEMENT_3D ( 'NONE', #2078, #1691, #3256 ) ;
#3771 = VERTEX_POINT ( 'NONE', #496 ) ;
#3772 = LINE ( 'NONE', #806, #35 ) ;
#3773 = ORIENTED_EDGE ( 'NONE', *, *, #4306, .F. ) ;
#3774 = CARTESIAN_POINT ( 'NONE',  ( 10.00000000000000000, -6.771255768454919277, -17.81827369775663783 ) ) ;
#3775 = CYLINDRICAL_SURFACE ( 'NONE', #1419, 8.250000000000000000 ) ;
#3776 = CARTESIAN_POINT ( 'NONE',  ( 50.00005079999999680, 0.000000000000000000, 3.000000000000000444 ) ) ;
#3777 = AXIS2_PLACEMENT_3D ( 'NONE', #1107, #4857, #4467 ) ;
#3778 = ADVANCED_FACE ( 'NONE', ( #4542 ), #1590, .T. ) ;
#3779 = ORIENTED_EDGE ( 'NONE', *, *, #1931, .T. ) ;
#3780 = CARTESIAN_POINT ( 'NONE',  ( 10.00000000000000000, 14.18333773862215708, -12.73474431789567873 ) ) ;
#3781 = FACE_OUTER_BOUND ( 'NONE', #886, .T. ) ;
#3782 = DIRECTION ( 'NONE',  ( -1.000000000000000000, 0.000000000000000000, 0.000000000000000000 ) ) ;
#3783 = EDGE_CURVE ( 'NONE', #3296, #2017, #771, .T. ) ;
#3784 = ADVANCED_FACE ( 'NONE', ( #426 ), #1239, .T. ) ;
#3785 = ORIENTED_EDGE ( 'NONE', *, *, #49, .F. ) ;
#3786 = ORIENTED_EDGE ( 'NONE', *, *, #4558, .T. ) ;
#3787 = FACE_OUTER_BOUND ( 'NONE', #796, .T. ) ;
#3788 = CIRCLE ( 'NONE', #3387, 19.06149999999999878 ) ;
#3789 = CARTESIAN_POINT ( 'NONE',  ( 10.00000000000000000, 19.26619331636527832, 2.107882805941884374 ) ) ;
#3790 = EDGE_CURVE ( 'NONE', #3026, #1364, #2734, .T. ) ;
#3791 = CIRCLE ( 'NONE', #1363, 8.250000000000000000 ) ;
#3792 = DIRECTION ( 'NONE',  ( -1.000000000000000000, 0.000000000000000000, 0.000000000000000000 ) ) ;
#3793 = ORIENTED_EDGE ( 'NONE', *, *, #1909, .F. ) ;
#3794 = ORIENTED_EDGE ( 'NONE', *, *, #4065, .T. ) ;
#3795 = DIRECTION ( 'NONE',  ( 0.000000000000000000, 0.000000000000000000, 1.000000000000000000 ) ) ;
#3796 = AXIS2_PLACEMENT_3D ( 'NONE', #401, #4567, #1189 ) ;
#3797 = LINE ( 'NONE', #4142, #2425 ) ;
#3798 = LINE ( 'NONE', #1606, #1531 ) ;
#3799 = ORIENTED_EDGE ( 'NONE', *, *, #3809, .T. ) ;
#3800 = LINE ( 'NONE', #348, #1477 ) ;
#3801 = DIRECTION ( 'NONE',  ( -1.000000000000000000, -0.000000000000000000, -0.000000000000000000 ) ) ;
#3802 = LINE ( 'NONE', #4538, #1043 ) ;
#3803 = AXIS2_PLACEMENT_3D ( 'NONE', #4871, #3641, #3306 ) ;
#3804 = CYLINDRICAL_SURFACE ( 'NONE', #1618, 8.250000000000000000 ) ;
#3805 = CARTESIAN_POINT ( 'NONE',  ( 10.00000000000000000, 0.000000000000000000, 0.000000000000000000 ) ) ;
#3806 = CARTESIAN_POINT ( 'NONE',  ( 10.00000000000000000, 0.000000000000000000, 0.000000000000000000 ) ) ;
#3807 = ORIENTED_EDGE ( 'NONE', *, *, #4453, .T. ) ;
#3808 = ORIENTED_EDGE ( 'NONE', *, *, #3811, .F. ) ;
#3809 = EDGE_CURVE ( 'NONE', #221, #1775, #4084, .T. ) ;
#3810 = CYLINDRICAL_SURFACE ( 'NONE', #2924, 8.250000000000000000 ) ;
#3811 = EDGE_CURVE ( 'NONE', #2241, #2849, #1171, .T. ) ;
#3812 = AXIS2_PLACEMENT_3D ( 'NONE', #4102, #2495, #3257 ) ;
#3813 = DIRECTION ( 'NONE',  ( -1.000000000000000000, 0.000000000000000000, 0.000000000000000000 ) ) ;
#3814 = DIRECTION ( 'NONE',  ( 0.000000000000000000, 0.000000000000000000, 1.000000000000000000 ) ) ;
#3815 = ORIENTED_EDGE ( 'NONE', *, *, #2916, .T. ) ;
#3816 = ORIENTED_EDGE ( 'NONE', *, *, #4034, .T. ) ;
#3817 = EDGE_CURVE ( 'NONE', #4487, #3683, #3500, .T. ) ;
#3818 = CARTESIAN_POINT ( 'NONE',  ( 0.000000000000000000, -20.16466241790478264, 8.479505561761154553 ) ) ;
#3819 = CARTESIAN_POINT ( 'NONE',  ( 0.000000000000000000, 0.000000000000000000, 0.000000000000000000 ) ) ;
#3820 = DIRECTION ( 'NONE',  ( 0.000000000000000000, 0.000000000000000000, 1.000000000000000000 ) ) ;
#3821 = CARTESIAN_POINT ( 'NONE',  ( 0.000000000000000000, 12.89251919775292876, -14.47108577691099818 ) ) ;
#3822 = LINE ( 'NONE', #3497, #1422 ) ;
#3823 = CARTESIAN_POINT ( 'NONE',  ( 10.00000000000000000, -9.031923240545301823, -16.78586145620466752 ) ) ;
#3824 = CARTESIAN_POINT ( 'NONE',  ( 10.00000000000000000, -5.523465750740222724, -21.16617469219225001 ) ) ;
#3825 = ORIENTED_EDGE ( 'NONE', *, *, #1009, .F. ) ;
#3826 = CARTESIAN_POINT ( 'NONE',  ( 10.00000000000000000, -17.89191790291092943, -7.450412645125029876 ) ) ;
#3827 = DIRECTION ( 'NONE',  ( -1.000000000000000000, -0.000000000000000000, -0.000000000000000000 ) ) ;
#3828 = ORIENTED_EDGE ( 'NONE', *, *, #3024, .T. ) ;
#3829 = ORIENTED_EDGE ( 'NONE', *, *, #560, .T. ) ;
#3830 = AXIS2_PLACEMENT_3D ( 'NONE', #1757, #4030, #4769 ) ;
#3831 = CARTESIAN_POINT ( 'NONE',  ( 10.00000000000000000, 0.000000000000000000, 0.000000000000000000 ) ) ;
#3832 = CARTESIAN_POINT ( 'NONE',  ( 10.00000000000000000, -8.742323742818260968, -20.05211710956616145 ) ) ;
#3833 = AXIS2_PLACEMENT_3D ( 'NONE', #4669, #124, #4696 ) ;
#3834 = ADVANCED_FACE ( 'NONE', ( #814 ), #4252, .T. ) ;
#3835 = EDGE_CURVE ( 'NONE', #1021, #2341, #3052, .T. ) ;
#3836 = LINE ( 'NONE', #3762, #1528 ) ;
#3837 = ORIENTED_EDGE ( 'NONE', *, *, #4033, .F. ) ;
#3838 = ORIENTED_EDGE ( 'NONE', *, *, #3970, .T. ) ;
#3839 = DIRECTION ( 'NONE',  ( 1.000000000000000000, 0.000000000000000000, 0.000000000000000000 ) ) ;
#3840 = DIRECTION ( 'NONE',  ( -1.000000000000000000, 0.000000000000000000, 0.000000000000000000 ) ) ;
#3841 = CIRCLE ( 'NONE', #373, 3.000000000000000444 ) ;
#3842 = EDGE_CURVE ( 'NONE', #2768, #4346, #3044, .T. ) ;
#3843 = ADVANCED_FACE ( 'NONE', ( #104 ), #1926, .T. ) ;
#3844 = VERTEX_POINT ( 'NONE', #1946 ) ;
#3845 = CIRCLE ( 'NONE', #143, 8.250000000000001776 ) ;
#3846 = CARTESIAN_POINT ( 'NONE',  ( 10.00000000000000000, 15.71962045500201910, -10.78120192746068184 ) ) ;
#3847 = EDGE_LOOP ( 'NONE', ( #1387, #1095, #4710, #258 ) ) ;
#3848 = FACE_OUTER_BOUND ( 'NONE', #3978, .T. ) ;
#3849 = DIRECTION ( 'NONE',  ( 0.000000000000000000, 0.000000000000000000, 1.000000000000000000 ) ) ;
#3850 = DIRECTION ( 'NONE',  ( 0.000000000000000000, 0.1892512443604105754, -0.9819286972627067067 ) ) ;
#3851 = EDGE_CURVE ( 'NONE', #982, #1638, #3425, .T. ) ;
#3852 = VECTOR ( 'NONE', #2445, 1000.000000000000000 ) ;
#3853 = VECTOR ( 'NONE', #4209, 1000.000000000000000 ) ;
#3854 = ORIENTED_EDGE ( 'NONE', *, *, #2236, .F. ) ;
#3855 = LINE ( 'NONE', #103, #1557 ) ;
#3856 = DIRECTION ( 'NONE',  ( 0.000000000000000000, 0.8660254037844363761, 0.5000000000000041078 ) ) ;
#3857 = AXIS2_PLACEMENT_3D ( 'NONE', #4693, #3227, #619 ) ;
#3858 = CARTESIAN_POINT ( 'NONE',  ( 10.00000000000000000, 17.90038228506893958, 6.551114126497101786 ) ) ;
#3859 = ORIENTED_EDGE ( 'NONE', *, *, #3881, .F. ) ;
#3860 = ORIENTED_EDGE ( 'NONE', *, *, #1351, .T. ) ;
#3861 = ORIENTED_EDGE ( 'NONE', *, *, #865, .T. ) ;
#3862 = DIRECTION ( 'NONE',  ( 0.000000000000000000, 0.000000000000000000, 1.000000000000000000 ) ) ;
#3863 = FACE_OUTER_BOUND ( 'NONE', #4613, .T. ) ;
#3864 = ORIENTED_EDGE ( 'NONE', *, *, #2485, .T. ) ;
#3865 = CYLINDRICAL_SURFACE ( 'NONE', #3013, 19.06149999999999523 ) ;
#3866 = ORIENTED_EDGE ( 'NONE', *, *, #492, .F. ) ;
#3867 = VERTEX_POINT ( 'NONE', #3057 ) ;
#3868 = DIRECTION ( 'NONE',  ( 0.000000000000000000, 0.9988673391830080739, -0.04758191582373906547 ) ) ;
#3869 = FACE_OUTER_BOUND ( 'NONE', #3964, .T. ) ;
#3870 = CIRCLE ( 'NONE', #1669, 8.250000000000000000 ) ;
#3871 = AXIS2_PLACEMENT_3D ( 'NONE', #2218, #328, #1090 ) ;
#3872 = ORIENTED_EDGE ( 'NONE', *, *, #1124, .F. ) ;
#3873 = DIRECTION ( 'NONE',  ( 0.000000000000000000, -0.2817325568414366099, 0.9594929736144953702 ) ) ;
#3874 = ORIENTED_EDGE ( 'NONE', *, *, #76, .T. ) ;
#3875 = ADVANCED_FACE ( 'NONE', ( #4610 ), #2315, .T. ) ;
#3876 = DIRECTION ( 'NONE',  ( -1.000000000000000000, 0.000000000000000000, 0.000000000000000000 ) ) ;
#3877 = ADVANCED_FACE ( 'NONE', ( #1267 ), #3451, .T. ) ;
#3878 = CARTESIAN_POINT ( 'NONE',  ( 10.00000000000000000, 17.47590231531711780, -7.611413831575158717 ) ) ;
#3879 = DIRECTION ( 'NONE',  ( -1.000000000000000000, 0.000000000000000000, -0.000000000000000000 ) ) ;
#3880 = DIRECTION ( 'NONE',  ( 0.000000000000000000, -0.6181589862206117170, 0.7860530947427825099 ) ) ;
#3881 = EDGE_CURVE ( 'NONE', #3726, #1323, #64, .T. ) ;
#3882 = DIRECTION ( 'NONE',  ( -1.000000000000000000, 0.000000000000000000, 0.000000000000000000 ) ) ;
#3883 = CARTESIAN_POINT ( 'NONE',  ( 10.00000000000000000, 0.000000000000000000, 0.000000000000000000 ) ) ;
#3884 = ORIENTED_EDGE ( 'NONE', *, *, #2879, .T. ) ;
#3885 = ORIENTED_EDGE ( 'NONE', *, *, #406, .F. ) ;
#3886 = CYLINDRICAL_SURFACE ( 'NONE', #4188, 19.06149999999999523 ) ;
#3887 = CYLINDRICAL_SURFACE ( 'NONE', #2895, 21.87500000000000000 ) ;
#3888 = EDGE_LOOP ( 'NONE', ( #3609, #4800, #1681, #3200 ) ) ;
#3889 = CIRCLE ( 'NONE', #1768, 8.250000000000000000 ) ;
#3890 = DIRECTION ( 'NONE',  ( 0.000000000000000000, 0.000000000000000000, -1.000000000000000000 ) ) ;
#3891 = ORIENTED_EDGE ( 'NONE', *, *, #4119, .F. ) ;
#3892 = AXIS2_PLACEMENT_3D ( 'NONE', #4817, #1806, #278 ) ;
#3893 = DIRECTION ( 'NONE',  ( 0.000000000000000000, 0.000000000000000000, 1.000000000000000000 ) ) ;
#3894 = DIRECTION ( 'NONE',  ( -1.000000000000000000, -0.000000000000000000, -0.000000000000000000 ) ) ;
#3895 = DIRECTION ( 'NONE',  ( 0.000000000000000000, 0.000000000000000000, 1.000000000000000000 ) ) ;
#3896 = AXIS2_PLACEMENT_3D ( 'NONE', #3950, #1365, #4377 ) ;
#3897 = ORIENTED_EDGE ( 'NONE', *, *, #4502, .T. ) ;
#3898 = LINE ( 'NONE', #2018, #108 ) ;
#3899 = EDGE_LOOP ( 'NONE', ( #3159, #4281, #4395, #4261 ) ) ;
#3900 = LINE ( 'NONE', #1288, #768 ) ;
#3901 = FACE_OUTER_BOUND ( 'NONE', #2016, .T. ) ;
#3902 = CIRCLE ( 'NONE', #3335, 8.250000000000001776 ) ;
#3903 = CARTESIAN_POINT ( 'NONE',  ( 0.000000000000000000, 3.022217678304215394, -19.14407415186456518 ) ) ;
#3904 = ADVANCED_FACE ( 'NONE', ( #1294 ), #3654, .T. ) ;
#3905 = EDGE_CURVE ( 'NONE', #3966, #1097, #3442, .T. ) ;
#3906 = DIRECTION ( 'NONE',  ( 0.000000000000000000, 0.000000000000000000, 1.000000000000000000 ) ) ;
#3907 = DIRECTION ( 'NONE',  ( 0.000000000000000000, 0.000000000000000000, 1.000000000000000000 ) ) ;
#3908 = CARTESIAN_POINT ( 'NONE',  ( 10.00000000000000000, -8.293305586233035598, 17.51714752122900975 ) ) ;
#3909 = ADVANCED_FACE ( 'NONE', ( #2103 ), #2473, .T. ) ;
#3910 = ORIENTED_EDGE ( 'NONE', *, *, #1614, .T. ) ;
#3911 = ORIENTED_EDGE ( 'NONE', *, *, #4866, .F. ) ;
#3912 = CARTESIAN_POINT ( 'NONE',  ( 10.00000000000000000, 0.000000000000000000, 0.000000000000000000 ) ) ;
#3913 = DIRECTION ( 'NONE',  ( -1.000000000000000000, 0.000000000000000000, 0.000000000000000000 ) ) ;
#3914 = ORIENTED_EDGE ( 'NONE', *, *, #4783, .T. ) ;
#3915 = DIRECTION ( 'NONE',  ( -1.000000000000000000, 0.000000000000000000, -0.000000000000000000 ) ) ;
#3916 = ORIENTED_EDGE ( 'NONE', *, *, #2420, .T. ) ;
#3917 = CYLINDRICAL_SURFACE ( 'NONE', #2847, 8.250000000000000000 ) ;
#3918 = CARTESIAN_POINT ( 'NONE',  ( 0.000000000000000000, 18.60055953293729303, -4.166529408471200568 ) ) ;
#3919 = CARTESIAN_POINT ( 'NONE',  ( 10.00000000000000000, -18.97858750202507849, -3.929706255577019469 ) ) ;
#3920 = AXIS2_PLACEMENT_3D ( 'NONE', #471, #548, #1662 ) ;
#3921 = VERTEX_POINT ( 'NONE', #574 ) ;
#3922 = ORIENTED_EDGE ( 'NONE', *, *, #2933, .F. ) ;
#3923 = CARTESIAN_POINT ( 'NONE',  ( -10.00000000000000000, 0.000000000000000000, 0.000000000000000000 ) ) ;
#3924 = ORIENTED_EDGE ( 'NONE', *, *, #3474, .T. ) ;
#3925 = CYLINDRICAL_SURFACE ( 'NONE', #846, 8.250000000000000000 ) ;
#3926 = DIRECTION ( 'NONE',  ( -1.000000000000000000, 0.000000000000000000, 0.000000000000000000 ) ) ;
#3927 =( GEOMETRIC_REPRESENTATION_CONTEXT ( 3 ) GLOBAL_UNCERTAINTY_ASSIGNED_CONTEXT ( ( #274 ) ) GLOBAL_UNIT_ASSIGNED_CONTEXT ( ( #3729, #3262, #3331 ) ) REPRESENTATION_CONTEXT ( 'NONE', 'WORKASPACE' ) );
#3928 = DIRECTION ( 'NONE',  ( 1.000000000000000000, -0.000000000000000000, -0.000000000000000000 ) ) ;
#3929 = AXIS2_PLACEMENT_3D ( 'NONE', #4345, #2380, #4625 ) ;
#3930 = ORIENTED_EDGE ( 'NONE', *, *, #3479, .F. ) ;
#3931 = DIRECTION ( 'NONE',  ( 0.000000000000000000, 0.9988673391830080739, -0.04758191582373905160 ) ) ;
#3932 = DIRECTION ( 'NONE',  ( -1.000000000000000000, -0.000000000000000000, 0.000000000000000000 ) ) ;
#3933 = CARTESIAN_POINT ( 'NONE',  ( 0.000000000000000000, 18.51910866035960623, 5.715941676831329588 ) ) ;
#3934 =( GEOMETRIC_REPRESENTATION_CONTEXT ( 3 ) GLOBAL_UNCERTAINTY_ASSIGNED_CONTEXT ( ( #4426 ) ) GLOBAL_UNIT_ASSIGNED_CONTEXT ( ( #4852, #2181, #2227 ) ) REPRESENTATION_CONTEXT ( 'NONE', 'WORKASPACE' ) );
#3935 = AXIS2_PLACEMENT_3D ( 'NONE', #3476, #3128, #1190 ) ;
#3936 = ORIENTED_EDGE ( 'NONE', *, *, #1038, .F. ) ;
#3937 = ORIENTED_EDGE ( 'NONE', *, *, #953, .T. ) ;
#3938 = CIRCLE ( 'NONE', #1807, 21.87500000000000000 ) ;
#3939 = ORIENTED_EDGE ( 'NONE', *, *, #556, .T. ) ;
#3940 = CARTESIAN_POINT ( 'NONE',  ( 10.00000000000000000, -16.67325919374782117, 9.238138887682060485 ) ) ;
#3941 = DIRECTION ( 'NONE',  ( -1.000000000000000000, 0.000000000000000000, 0.000000000000000000 ) ) ;
#3942 = EDGE_CURVE ( 'NONE', #4700, #1865, #1488, .T. ) ;
#3943 = EDGE_CURVE ( 'NONE', #777, #155, #4090, .T. ) ;
#3944 = FACE_OUTER_BOUND ( 'NONE', #2163, .T. ) ;
#3945 = CARTESIAN_POINT ( 'NONE',  ( 10.00000000000000000, -19.37932150058860969, 0.2669700432024069703 ) ) ;
#3946 = CARTESIAN_POINT ( 'NONE',  ( 10.00000000000000000, 9.920863589757093592, 16.64949970601445628 ) ) ;
#3947 = EDGE_CURVE ( 'NONE', #533, #615, #2741, .T. ) ;
#3948 = DIRECTION ( 'NONE',  ( -1.000000000000000000, -0.000000000000000000, 0.000000000000000000 ) ) ;
#3949 = VERTEX_POINT ( 'NONE', #253 ) ;
#3950 = CARTESIAN_POINT ( 'NONE',  ( 0.000000000000000000, 0.000000000000000000, 0.000000000000000000 ) ) ;
#3951 = ORIENTED_EDGE ( 'NONE', *, *, #3943, .T. ) ;
#3952 = CARTESIAN_POINT ( 'NONE',  ( 10.00000000000000000, 0.000000000000000000, 0.000000000000000000 ) ) ;
#3953 = VECTOR ( 'NONE', #4482, 1000.000000000000000 ) ;
#3954 = DIRECTION ( 'NONE',  ( -1.000000000000000000, -0.000000000000000000, 0.000000000000000000 ) ) ;
#3955 = CARTESIAN_POINT ( 'NONE',  ( 10.00000000000000000, 17.10269516630167885, -9.117411522779079291 ) ) ;
#3956 = VECTOR ( 'NONE', #2399, 1000.000000000000000 ) ;
#3957 = CIRCLE ( 'NONE', #715, 8.250000000000000000 ) ;
#3958 = EDGE_LOOP ( 'NONE', ( #2569, #3731, #4604, #3529 ) ) ;
#3959 = DIRECTION ( 'NONE',  ( 0.000000000000000000, 0.000000000000000000, 1.000000000000000000 ) ) ;
#3960 = DIRECTION ( 'NONE',  ( 0.000000000000000000, 0.6900790114821132581, -0.7237340381050690885 ) ) ;
#3961 = CYLINDRICAL_SURFACE ( 'NONE', #2304, 8.250000000000000000 ) ;
#3962 = CIRCLE ( 'NONE', #718, 8.250000000000000000 ) ;
#3963 = CIRCLE ( 'NONE', #2212, 21.87500000000000000 ) ;
#3964 = EDGE_LOOP ( 'NONE', ( #3624, #1057, #2396, #4516 ) ) ;
#3965 = ORIENTED_EDGE ( 'NONE', *, *, #3742, .F. ) ;
#3966 = VERTEX_POINT ( 'NONE', #4670 ) ;
#3967 = EDGE_LOOP ( 'NONE', ( #4213, #4469, #4217, #2796, #4419, #2172, #362, #1812, #2612, #603, #547, #3248, #352, #4287, #3338, #942, #4336, #38, #1430, #3509, #3657, #4570, #2903, #2325, #4120, #3039, #4650, #4104, #3995, #501, #1381, #3630, #117, #242, #2577, #4735, #1275, #1815, #4185, #3808, #2969, #4015, #3854, #2191, #3396, #2069, #4024, #4093, #3495, #3638, #1841, #4060, #4190, #4831, #1045, #3492, #1386, #3610, #2869, #2719, #4662, #2865, #3666, #2200, #4628, #3133, #1825, #680, #3965, #635, #2012, #1500, #4820, #3269, #4501, #4359, #526, #3384, #2726, #4375, #1056, #2082, #96, #1830, #2439, #3891, #4749, #2626, #685, #3550, #3911, #332, #4400, #2667, #2689, #1201, #3922, #1758, #237, #3740, #3454, #269, #3930, #770, #1961, #1476, #357, #2669, #2029, #956, #2503, #363, #4535, #2923, #1729, #778, #3535, #4016, #2421, #4675, #4629, #234, #2808, #1984, #4638, #1472, #4347, #380, #2994, #4335, #4442, #3467, #3557, #4255, #903, #1622 ) ) ;
#3968 = CARTESIAN_POINT ( 'NONE',  ( 10.00000000000000000, -16.44725757863453097, -10.25266272580896398 ) ) ;
#3969 = CARTESIAN_POINT ( 'NONE',  ( 0.000000000000000000, -17.89191790291092943, -7.450412645125029876 ) ) ;
#3970 = EDGE_CURVE ( 'NONE', #3520, #3552, #2517, .T. ) ;
#3971 = ADVANCED_FACE ( 'NONE', ( #180 ), #1740, .T. ) ;
#3972 = DIRECTION ( 'NONE',  ( 0.000000000000000000, -0.8660254037844431485, 0.4999999999999919509 ) ) ;
#3973 = CARTESIAN_POINT ( 'NONE',  ( 10.00000000000000000, 14.60835476616762918, -16.28224788000069978 ) ) ;
#3974 = AXIS2_PLACEMENT_3D ( 'NONE', #1215, #1947, #2685 ) ;
#3975 = DIRECTION ( 'NONE',  ( -1.000000000000000000, -0.000000000000000000, -0.000000000000000000 ) ) ;
#3976 = VECTOR ( 'NONE', #1913, 1000.000000000000000 ) ;
#3977 = EDGE_CURVE ( 'NONE', #2443, #4353, #387, .T. ) ;
#3978 = EDGE_LOOP ( 'NONE', ( #3344, #2677, #1793, #502 ) ) ;
#3979 = ORIENTED_EDGE ( 'NONE', *, *, #281, .T. ) ;
#3980 = CARTESIAN_POINT ( 'NONE',  ( 10.00000000000000000, -4.828292784253863879, 18.77010824733479666 ) ) ;
#3981 = CARTESIAN_POINT ( 'NONE',  ( 10.00000000000000000, 7.395428419319513225, -17.56839266252667286 ) ) ;
#3982 = VECTOR ( 'NONE', #2051, 1000.000000000000000 ) ;
#3983 = CARTESIAN_POINT ( 'NONE',  ( 10.00000000000000000, -19.07963632779114249, -3.405415162116950167 ) ) ;
#3984 = ORIENTED_EDGE ( 'NONE', *, *, #2128, .T. ) ;
#3985 = CARTESIAN_POINT ( 'NONE',  ( 10.00000000000000000, 0.000000000000000000, 0.000000000000000000 ) ) ;
#3986 = DIRECTION ( 'NONE',  ( 0.000000000000000000, 0.000000000000000000, 1.000000000000000000 ) ) ;
#3987 = CARTESIAN_POINT ( 'NONE',  ( -10.00000000000000000, 0.000000000000000000, 0.000000000000000000 ) ) ;
#3988 = ORIENTED_EDGE ( 'NONE', *, *, #1939, .T. ) ;
#3989 = VERTEX_POINT ( 'NONE', #4012 ) ;
#3990 = DIRECTION ( 'NONE',  ( 0.000000000000000000, 0.000000000000000000, 1.000000000000000000 ) ) ;
#3991 = DIRECTION ( 'NONE',  ( 0.000000000000000000, 0.000000000000000000, 1.000000000000000000 ) ) ;
#3992 = ORIENTED_EDGE ( 'NONE', *, *, #820, .T. ) ;
#3993 = AXIS2_PLACEMENT_3D ( 'NONE', #271, #638, #1777 ) ;
#3994 = CARTESIAN_POINT ( 'NONE',  ( 0.000000000000000000, -2.146273420797794262, -18.94028227490754190 ) ) ;
#3995 = ORIENTED_EDGE ( 'NONE', *, *, #4265, .F. ) ;
#3996 = CYLINDRICAL_SURFACE ( 'NONE', #1108, 8.250000000000000000 ) ;
#3997 = CARTESIAN_POINT ( 'NONE',  ( 10.00000000000000000, -18.19550371963101654, -12.14245730438833881 ) ) ;
#3998 = AXIS2_PLACEMENT_3D ( 'NONE', #179, #2054, #3959 ) ;
#3999 = ADVANCED_FACE ( 'NONE', ( #4751 ), #230, .T. ) ;
#4000 = EDGE_CURVE ( 'NONE', #1934, #2196, #4023, .T. ) ;
#4001 = ORIENTED_EDGE ( 'NONE', *, *, #2034, .T. ) ;
#4002 = CYLINDRICAL_SURFACE ( 'NONE', #2631, 8.250000000000000000 ) ;
#4003 = AXIS2_PLACEMENT_3D ( 'NONE', #2948, #4421, #4810 ) ;
#4004 = DIRECTION ( 'NONE',  ( 0.000000000000000000, 0.000000000000000000, 1.000000000000000000 ) ) ;
#4005 = EDGE_CURVE ( 'NONE', #3321, #3174, #3582, .T. ) ;
#4006 = EDGE_CURVE ( 'NONE', #476, #1796, #625, .T. ) ;
#4007 = AXIS2_PLACEMENT_3D ( 'NONE', #2416, #4250, #3880 ) ;
#4008 = ORIENTED_EDGE ( 'NONE', *, *, #4275, .T. ) ;
#4009 = ORIENTED_EDGE ( 'NONE', *, *, #313, .F. ) ;
#4010 = CIRCLE ( 'NONE', #2501, 8.250000000000000000 ) ;
#4011 = DIRECTION ( 'NONE',  ( -1.000000000000000000, -0.000000000000000000, -0.000000000000000000 ) ) ;
#4012 = CARTESIAN_POINT ( 'NONE',  ( 10.00000000000000000, -15.56871210900757596, 15.36654900317051720 ) ) ;
#4013 = CARTESIAN_POINT ( 'NONE',  ( 10.00000000000000000, -1.188772901057338460, -19.34466835634188797 ) ) ;
#4014 = EDGE_CURVE ( 'NONE', #2352, #2448, #4724, .T. ) ;
#4015 = ORIENTED_EDGE ( 'NONE', *, *, #4065, .F. ) ;
#4016 = ORIENTED_EDGE ( 'NONE', *, *, #3723, .F. ) ;
#4017 = EDGE_LOOP ( 'NONE', ( #1082, #4689, #1666, #264 ) ) ;
#4018 = DIRECTION ( 'NONE',  ( 0.000000000000000000, -0.09505604330418926384, 0.9954719225730839227 ) ) ;
#4019 = CIRCLE ( 'NONE', #1948, 19.06149999999999167 ) ;
#4020 = AXIS2_PLACEMENT_3D ( 'NONE', #3678, #33, #1856 ) ;
#4021 = AXIS2_PLACEMENT_3D ( 'NONE', #4745, #1344, #360 ) ;
#4022 = EDGE_CURVE ( 'NONE', #285, #1921, #647, .T. ) ;
#4023 = CIRCLE ( 'NONE', #148, 21.87500000000000000 ) ;
#4024 = ORIENTED_EDGE ( 'NONE', *, *, #4758, .F. ) ;
#4025 = LINE ( 'NONE', #3644, #3953 ) ;
#4026 = AXIS2_PLACEMENT_3D ( 'NONE', #1060, #1394, #4401 ) ;
#4027 = CIRCLE ( 'NONE', #1886, 8.250000000000000000 ) ;
#4028 = ORIENTED_EDGE ( 'NONE', *, *, #4306, .T. ) ;
#4029 = ORIENTED_EDGE ( 'NONE', *, *, #1530, .T. ) ;
#4030 = DIRECTION ( 'NONE',  ( -1.000000000000000000, 0.000000000000000000, -0.000000000000000000 ) ) ;
#4031 = ORIENTED_EDGE ( 'NONE', *, *, #1620, .T. ) ;
#4032 = CARTESIAN_POINT ( 'NONE',  ( 4.999999999999999112, -0.6634739367476892857, -21.86493602403758629 ) ) ;
#4033 = EDGE_CURVE ( 'NONE', #2476, #2278, #2147, .T. ) ;
#4034 = EDGE_CURVE ( 'NONE', #4138, #660, #4249, .T. ) ;
#4035 = VERTEX_POINT ( 'NONE', #2981 ) ;
#4036 = DIRECTION ( 'NONE',  ( 0.000000000000000000, 0.8660254037844363761, 0.5000000000000041078 ) ) ;
#4037 = CARTESIAN_POINT ( 'NONE',  ( 10.00000000000000000, -16.67325919374770038, -9.238138887682287859 ) ) ;
#4038 = FACE_OUTER_BOUND ( 'NONE', #4886, .T. ) ;
#4039 = AXIS2_PLACEMENT_3D ( 'NONE', #1028, #3732, #2138 ) ;
#4040 = EDGE_CURVE ( 'NONE', #1858, #4729, #2508, .T. ) ;
#4041 = ORIENTED_EDGE ( 'NONE', *, *, #4758, .T. ) ;
#4042 = DIRECTION ( 'NONE',  ( 0.000000000000000000, -0.4582265217274174018, 0.8888354486549199240 ) ) ;
#4043 = AXIS2_PLACEMENT_3D ( 'NONE', #3677, #4779, #4456 ) ;
#4044 = DIRECTION ( 'NONE',  ( 0.000000000000000000, 0.000000000000000000, 1.000000000000000000 ) ) ;
#4045 = DIRECTION ( 'NONE',  ( -1.000000000000000000, -0.000000000000000000, 0.000000000000000000 ) ) ;
#4046 = ORIENTED_EDGE ( 'NONE', *, *, #4113, .F. ) ;
#4047 = DIRECTION ( 'NONE',  ( 0.000000000000000000, 0.6181589862206012809, 0.7860530947427906145 ) ) ;
#4048 = DIRECTION ( 'NONE',  ( -1.000000000000000000, 0.000000000000000000, 0.000000000000000000 ) ) ;
#4049 = AXIS2_PLACEMENT_3D ( 'NONE', #4274, #911, #1236 ) ;
#4050 = ORIENTED_EDGE ( 'NONE', *, *, #1229, .T. ) ;
#4051 = ORIENTED_EDGE ( 'NONE', *, *, #1883, .F. ) ;
#4052 = DIRECTION ( 'NONE',  ( -1.000000000000000000, 0.000000000000000000, -0.000000000000000000 ) ) ;
#4053 = DIRECTION ( 'NONE',  ( 0.000000000000000000, 0.8660254037844363761, 0.5000000000000041078 ) ) ;
#4054 = AXIS2_PLACEMENT_3D ( 'NONE', #2857, #1621, #4286 ) ;
#4055 = CARTESIAN_POINT ( 'NONE',  ( 10.00000000000000000, 0.000000000000000000, 0.000000000000000000 ) ) ;
#4056 = CARTESIAN_POINT ( 'NONE',  ( 10.00000000000000000, -14.20970502886583553, -13.18004771690028853 ) ) ;
#4057 = CARTESIAN_POINT ( 'NONE',  ( 0.000000000000000000, -19.07963632779114249, 4.844584837883050277 ) ) ;
#4058 = EDGE_CURVE ( 'NONE', #291, #3755, #2193, .T. ) ;
#4059 = ADVANCED_FACE ( 'NONE', ( #4471 ), #1140, .T. ) ;
#4060 = ORIENTED_EDGE ( 'NONE', *, *, #3783, .F. ) ;
#4061 = DIRECTION ( 'NONE',  ( -1.000000000000000000, 0.000000000000000000, -0.000000000000000000 ) ) ;
#4062 = CARTESIAN_POINT ( 'NONE',  ( 10.00000000000000000, 12.48899420472142019, 14.82074217377721226 ) ) ;
#4063 = CARTESIAN_POINT ( 'NONE',  ( 10.00000000000000000, -12.90860007981990698, 14.02529237589267730 ) ) ;
#4064 = ORIENTED_EDGE ( 'NONE', *, *, #4564, .T. ) ;
#4065 = EDGE_CURVE ( 'NONE', #2450, #2880, #694, .T. ) ;
#4066 = ORIENTED_EDGE ( 'NONE', *, *, #1615, .F. ) ;
#4067 = DIRECTION ( 'NONE',  ( 0.000000000000000000, 0.000000000000000000, 1.000000000000000000 ) ) ;
#4068 = DIRECTION ( 'NONE',  ( 0.000000000000000000, 0.000000000000000000, -1.000000000000000000 ) ) ;
#4069 = EDGE_LOOP ( 'NONE', ( #316, #4754, #3351, #3779 ) ) ;
#4070 = ORIENTED_EDGE ( 'NONE', *, *, #1351, .F. ) ;
#4071 = ORIENTED_EDGE ( 'NONE', *, *, #739, .T. ) ;
#4072 = CARTESIAN_POINT ( 'NONE',  ( 0.000000000000000000, -16.67325919374770038, -9.238138887682287859 ) ) ;
#4073 = CARTESIAN_POINT ( 'NONE',  ( 10.00000000000000000, -16.15858777384832123, 10.70184170981720229 ) ) ;
#4074 = VERTEX_POINT ( 'NONE', #368 ) ;
#4075 = DIRECTION ( 'NONE',  ( 0.000000000000000000, 0.000000000000000000, -1.000000000000000000 ) ) ;
#4076 = LINE ( 'NONE', #687, #1019 ) ;
#4077 = DIRECTION ( 'NONE',  ( 0.000000000000000000, -0.9096319953545137782, -0.4154150130018965381 ) ) ;
#4078 = ORIENTED_EDGE ( 'NONE', *, *, #4484, .T. ) ;
#4079 = FACE_OUTER_BOUND ( 'NONE', #691, .T. ) ;
#4080 = DIRECTION ( 'NONE',  ( 0.000000000000000000, 0.000000000000000000, 1.000000000000000000 ) ) ;
#4081 = LINE ( 'NONE', #4107, #2693 ) ;
#4082 = AXIS2_PLACEMENT_3D ( 'NONE', #2407, #3198, #2860 ) ;
#4083 = EDGE_LOOP ( 'NONE', ( #3558, #3866, #665, #871 ) ) ;
#4084 = CIRCLE ( 'NONE', #3288, 8.250000000000000000 ) ;
#4085 = AXIS2_PLACEMENT_3D ( 'NONE', #396, #3048, #2214 ) ;
#4086 = EDGE_CURVE ( 'NONE', #476, #572, #2123, .T. ) ;
#4087 = DIRECTION ( 'NONE',  ( 0.000000000000000000, 0.000000000000000000, 1.000000000000000000 ) ) ;
#4088 = EDGE_CURVE ( 'NONE', #1694, #4504, #2976, .T. ) ;
#4089 = DIRECTION ( 'NONE',  ( -1.000000000000000000, 0.000000000000000000, 0.000000000000000000 ) ) ;
#4090 = CIRCLE ( 'NONE', #4556, 8.250000000000000000 ) ;
#4091 = AXIS2_PLACEMENT_3D ( 'NONE', #1889, #4526, #4617 ) ;
#4092 = ORIENTED_EDGE ( 'NONE', *, *, #1044, .F. ) ;
#4093 = ORIENTED_EDGE ( 'NONE', *, *, #4478, .F. ) ;
#4094 = EDGE_CURVE ( 'NONE', #407, #4487, #1954, .T. ) ;
#4095 = VECTOR ( 'NONE', #4833, 1000.000000000000000 ) ;
#4096 = DIRECTION ( 'NONE',  ( -1.000000000000000000, -0.000000000000000000, -0.000000000000000000 ) ) ;
#4097 = CARTESIAN_POINT ( 'NONE',  ( 10.00000000000000000, 0.000000000000000000, 0.000000000000000000 ) ) ;
#4098 = ORIENTED_EDGE ( 'NONE', *, *, #2585, .T. ) ;
#4099 = VERTEX_POINT ( 'NONE', #1873 ) ;
#4100 = CARTESIAN_POINT ( 'NONE',  ( 4.999999999999999112, 20.87938351306577189, -6.524336680024810597 ) ) ;
#4101 = DIRECTION ( 'NONE',  ( 0.000000000000000000, 0.000000000000000000, 1.000000000000000000 ) ) ;
#4102 = CARTESIAN_POINT ( 'NONE',  ( 10.00000000000000000, 9.458457910831663540, -16.91646974921686919 ) ) ;
#4103 = CIRCLE ( 'NONE', #1968, 8.250000000000000000 ) ;
#4104 = ORIENTED_EDGE ( 'NONE', *, *, #2687, .F. ) ;
#4105 = DIRECTION ( 'NONE',  ( 0.000000000000000000, 0.9450008187146672345, 0.3270679633174253254 ) ) ;
#4106 = DIRECTION ( 'NONE',  ( -1.000000000000000000, 0.000000000000000000, 0.000000000000000000 ) ) ;
#4107 = CARTESIAN_POINT ( 'NONE',  ( 10.00000000000000000, 10.58662356627727341, 15.85131488918009524 ) ) ;
#4108 = CIRCLE ( 'NONE', #955, 21.87500000000000000 ) ;
#4109 = CIRCLE ( 'NONE', #3154, 19.06149999999999523 ) ;
#4110 = ORIENTED_EDGE ( 'NONE', *, *, #2745, .F. ) ;
#4111 = DIRECTION ( 'NONE',  ( 1.000000000000000000, 0.000000000000000000, 0.000000000000000000 ) ) ;
#4112 = CYLINDRICAL_SURFACE ( 'NONE', #1484, 8.250000000000000000 ) ;
#4113 = EDGE_CURVE ( 'NONE', #1455, #1921, #775, .T. ) ;
#4114 = EDGE_CURVE ( 'NONE', #3696, #1928, #852, .T. ) ;
#4115 = EDGE_LOOP ( 'NONE', ( #3480, #2795, #1218, #613 ) ) ;
#4116 = EDGE_LOOP ( 'NONE', ( #861, #628, #1354, #3337 ) ) ;
#4117 = DIRECTION ( 'NONE',  ( 0.000000000000000000, -0.6900790114821037102, -0.7237340381050778593 ) ) ;
#4118 = CARTESIAN_POINT ( 'NONE',  ( 5.000000000000000000, 10.60881273632747757, -19.13030886644373396 ) ) ;
#4119 = EDGE_CURVE ( 'NONE', #155, #3229, #3618, .T. ) ;
#4120 = ORIENTED_EDGE ( 'NONE', *, *, #820, .F. ) ;
#4121 = ORIENTED_EDGE ( 'NONE', *, *, #2624, .F. ) ;
#4122 = DIRECTION ( 'NONE',  ( -1.000000000000000000, 0.000000000000000000, 0.000000000000000000 ) ) ;
#4123 = LINE ( 'NONE', #1061, #1256 ) ;
#4124 = CIRCLE ( 'NONE', #29, 8.250000000000000000 ) ;
#4125 = DIRECTION ( 'NONE',  ( 0.000000000000000000, 0.000000000000000000, 1.000000000000000000 ) ) ;
#4126 = AXIS2_PLACEMENT_3D ( 'NONE', #3459, #18, #750 ) ;
#4127 = ORIENTED_EDGE ( 'NONE', *, *, #2232, .T. ) ;
#4128 = DIRECTION ( 'NONE',  ( 0.000000000000000000, 0.000000000000000000, 1.000000000000000000 ) ) ;
#4129 = DIRECTION ( 'NONE',  ( -1.000000000000000000, -0.000000000000000000, 0.000000000000000000 ) ) ;
#4130 = DIRECTION ( 'NONE',  ( -1.000000000000000000, 0.000000000000000000, 0.000000000000000000 ) ) ;
#4131 = AXIS2_PLACEMENT_3D ( 'NONE', #2047, #4688, #2487 ) ;
#4132 = VERTEX_POINT ( 'NONE', #4863 ) ;
#4133 = ORIENTED_EDGE ( 'NONE', *, *, #3235, .F. ) ;
#4134 = CARTESIAN_POINT ( 'NONE',  ( 10.00000000000000000, 19.26619331636530674, -2.107882805941615700 ) ) ;
#4135 = CARTESIAN_POINT ( 'NONE',  ( 10.00000000000000000, 21.09217785974792747, 5.799625689021613795 ) ) ;
#4136 = ORIENTED_EDGE ( 'NONE', *, *, #1217, .T. ) ;
#4137 = FACE_OUTER_BOUND ( 'NONE', #4374, .T. ) ;
#4138 = VERTEX_POINT ( 'NONE', #2579 ) ;
#4139 = VERTEX_POINT ( 'NONE', #2169 ) ;
#4140 = DIRECTION ( 'NONE',  ( -1.000000000000000000, 0.000000000000000000, 0.000000000000000000 ) ) ;
#4141 = EDGE_CURVE ( 'NONE', #1575, #1324, #1508, .T. ) ;
#4142 = CARTESIAN_POINT ( 'NONE',  ( 5.000000000000000000, -15.56871210900757418, 15.36654900317051542 ) ) ;
#4143 = ORIENTED_EDGE ( 'NONE', *, *, #2541, .F. ) ;
#4144 = CIRCLE ( 'NONE', #4003, 8.250000000000001776 ) ;
#4145 = DIRECTION ( 'NONE',  ( 1.000000000000000000, 0.000000000000000000, 0.000000000000000000 ) ) ;
#4146 = ORIENTED_EDGE ( 'NONE', *, *, #4558, .F. ) ;
#4147 = ADVANCED_FACE ( 'NONE', ( #298 ), #737, .T. ) ;
#4148 = CARTESIAN_POINT ( 'NONE',  ( 10.00000000000000000, 18.66953696610265112, -5.203629915594538247 ) ) ;
#4149 = EDGE_CURVE ( 'NONE', #4269, #3002, #1783, .T. ) ;
#4150 = DIRECTION ( 'NONE',  ( -1.000000000000000000, -0.000000000000000000, -0.000000000000000000 ) ) ;
#4151 = CARTESIAN_POINT ( 'NONE',  ( 10.00000000000000000, -0.6554375876670227585, 19.37007424858812854 ) ) ;
#4152 = ORIENTED_EDGE ( 'NONE', *, *, #2512, .F. ) ;
#4153 = DIRECTION ( 'NONE',  ( -1.000000000000000000, 0.000000000000000000, 0.000000000000000000 ) ) ;
#4154 = ADVANCED_FACE ( 'NONE', ( #1480 ), #1440, .T. ) ;
#4155 = LINE ( 'NONE', #355, #3768 ) ;
#4156 = CARTESIAN_POINT ( 'NONE',  ( 0.000000000000000000, 14.03753242765951725, -16.77686825192375508 ) ) ;
#4157 = AXIS2_PLACEMENT_3D ( 'NONE', #1826, #4449, #3631 ) ;
#4158 = AXIS2_PLACEMENT_3D ( 'NONE', #3541, #4684, #850 ) ;
#4159 = ORIENTED_EDGE ( 'NONE', *, *, #1352, .T. ) ;
#4160 = CARTESIAN_POINT ( 'NONE',  ( 0.000000000000000000, -9.429374427847015738, 19.73835157502937676 ) ) ;
#4161 = DIRECTION ( 'NONE',  ( -1.000000000000000000, 0.000000000000000000, -0.000000000000000000 ) ) ;
#4162 = AXIS2_PLACEMENT_3D ( 'NONE', #1130, #48, #4194 ) ;
#4163 = CARTESIAN_POINT ( 'NONE',  ( 0.000000000000000000, -12.37922667888068773, 18.03525358382544042 ) ) ;
#4164 = ORIENTED_EDGE ( 'NONE', *, *, #732, .T. ) ;
#4165 = ORIENTED_EDGE ( 'NONE', *, *, #1133, .F. ) ;
#4166 = CARTESIAN_POINT ( 'NONE',  ( 10.00000000000000000, 0.000000000000000000, 0.000000000000000000 ) ) ;
#4167 = CYLINDRICAL_SURFACE ( 'NONE', #4630, 21.87500000000000000 ) ;
#4168 = VECTOR ( 'NONE', #8, 1000.000000000000000 ) ;
#4169 = AXIS2_PLACEMENT_3D ( 'NONE', #1263, #4665, #3073 ) ;
#4170 = AXIS2_PLACEMENT_3D ( 'NONE', #28, #77, #890 ) ;
#4171 = DIRECTION ( 'NONE',  ( 0.000000000000000000, 0.000000000000000000, -1.000000000000000000 ) ) ;
#4172 = ORIENTED_EDGE ( 'NONE', *, *, #101, .T. ) ;
#4173 = DIRECTION ( 'NONE',  ( -1.000000000000000000, 0.000000000000000000, -0.000000000000000000 ) ) ;
#4174 = CARTESIAN_POINT ( 'NONE',  ( 10.00000000000000000, 8.434329594277761188, 17.09394239328921472 ) ) ;
#4175 = DIRECTION ( 'NONE',  ( -1.000000000000000000, -0.000000000000000000, 0.000000000000000000 ) ) ;
#4176 = CIRCLE ( 'NONE', #4731, 8.250000000000001776 ) ;
#4177 = EDGE_CURVE ( 'NONE', #4612, #2825, #4123, .T. ) ;
#4178 = EDGE_CURVE ( 'NONE', #1696, #4644, #4076, .T. ) ;
#4179 = VERTEX_POINT ( 'NONE', #3878 ) ;
#4180 = DIRECTION ( 'NONE',  ( -1.000000000000000000, 0.000000000000000000, 0.000000000000000000 ) ) ;
#4181 = CARTESIAN_POINT ( 'NONE',  ( 10.00000000000000000, 16.33709255729567289, -9.820396581826733140 ) ) ;
#4182 = DIRECTION ( 'NONE',  ( -1.000000000000000000, -0.000000000000000000, -0.000000000000000000 ) ) ;
#4183 = ADVANCED_FACE ( 'NONE', ( #421 ), #54, .T. ) ;
#4184 = ORIENTED_EDGE ( 'NONE', *, *, #1105, .T. ) ;
#4185 = ORIENTED_EDGE ( 'NONE', *, *, #1875, .F. ) ;
#4186 = DIRECTION ( 'NONE',  ( 0.000000000000000000, 0.000000000000000000, 1.000000000000000000 ) ) ;
#4187 = DIRECTION ( 'NONE',  ( 0.000000000000000000, 0.000000000000000000, -1.000000000000000000 ) ) ;
#4188 = AXIS2_PLACEMENT_3D ( 'NONE', #3912, #3137, #3990 ) ;
#4189 = FACE_OUTER_BOUND ( 'NONE', #4766, .T. ) ;
#4190 = ORIENTED_EDGE ( 'NONE', *, *, #948, .F. ) ;
#4191 = ORIENTED_EDGE ( 'NONE', *, *, #438, .F. ) ;
#4192 = DIRECTION ( 'NONE',  ( -1.000000000000000000, -0.000000000000000000, 0.000000000000000000 ) ) ;
#4193 = AXIS2_PLACEMENT_3D ( 'NONE', #3030, #4180, #1879 ) ;
#4194 = DIRECTION ( 'NONE',  ( 0.000000000000000000, 0.000000000000000000, 1.000000000000000000 ) ) ;
#4195 = LINE ( 'NONE', #4534, #2469 ) ;
#4196 = CARTESIAN_POINT ( 'NONE',  ( 10.00000000000000000, -0.6634739367476892857, -21.86493602403758274 ) ) ;
#4197 = DIRECTION ( 'NONE',  ( -1.000000000000000000, -0.000000000000000000, 0.000000000000000000 ) ) ;
#4198 = FACE_OUTER_BOUND ( 'NONE', #183, .T. ) ;
#4199 = DIRECTION ( 'NONE',  ( -1.000000000000000000, 0.000000000000000000, -0.000000000000000000 ) ) ;
#4200 = DIRECTION ( 'NONE',  ( 1.000000000000000000, -0.000000000000000000, -0.000000000000000000 ) ) ;
#4201 = CARTESIAN_POINT ( 'NONE',  ( 10.00000000000000000, -14.62362239917195161, -12.22662873307422338 ) ) ;
#4202 = ADVANCED_FACE ( 'NONE', ( #1209 ), #3775, .T. ) ;
#4203 = EDGE_CURVE ( 'NONE', #1284, #3544, #930, .T. ) ;
#4204 = CIRCLE ( 'NONE', #4447, 21.87500000000000000 ) ;
#4205 = ORIENTED_EDGE ( 'NONE', *, *, #1791, .T. ) ;
#4206 = ORIENTED_EDGE ( 'NONE', *, *, #2786, .T. ) ;
#4207 = CIRCLE ( 'NONE', #187, 8.250000000000000000 ) ;
#4208 = DIRECTION ( 'NONE',  ( -1.000000000000000000, -0.000000000000000000, 0.000000000000000000 ) ) ;
#4209 = DIRECTION ( 'NONE',  ( -1.000000000000000000, -0.000000000000000000, 0.000000000000000000 ) ) ;
#4210 = EDGE_CURVE ( 'NONE', #1576, #3921, #1569, .T. ) ;
#4211 = EDGE_CURVE ( 'NONE', #1407, #3771, #3938, .T. ) ;
#4212 = DIRECTION ( 'NONE',  ( 0.000000000000000000, 0.000000000000000000, 1.000000000000000000 ) ) ;
#4213 = ORIENTED_EDGE ( 'NONE', *, *, #976, .F. ) ;
#4214 = VERTEX_POINT ( 'NONE', #4635 ) ;
#4215 = CARTESIAN_POINT ( 'NONE',  ( 5.000000000000000000, -18.19550371963101298, -12.14245730438833881 ) ) ;
#4216 = CARTESIAN_POINT ( 'NONE',  ( 4.999999999999999112, -20.16466241790478264, 8.479505561761154553 ) ) ;
#4217 = ORIENTED_EDGE ( 'NONE', *, *, #4210, .F. ) ;
#4218 = CARTESIAN_POINT ( 'NONE',  ( 5.000000000000000000, -12.99448094513544305, -17.59713300417177706 ) ) ;
#4219 = ORIENTED_EDGE ( 'NONE', *, *, #1737, .F. ) ;
#4220 = CARTESIAN_POINT ( 'NONE',  ( 10.00000000000000000, -4.789450448788581838, 21.34424487768538725 ) ) ;
#4221 = DIRECTION ( 'NONE',  ( -1.000000000000000000, -0.000000000000000000, -0.000000000000000000 ) ) ;
#4222 = DIRECTION ( 'NONE',  ( -1.000000000000000000, 0.000000000000000000, 0.000000000000000000 ) ) ;
#4223 = CARTESIAN_POINT ( 'NONE',  ( 10.00000000000000000, -11.45857671632880503, 15.63107144322330200 ) ) ;
#4224 = CARTESIAN_POINT ( 'NONE',  ( 10.00000000000000000, 6.086068304272544971, -18.40079203248796702 ) ) ;
#4225 = DIRECTION ( 'NONE',  ( -1.000000000000000000, -0.000000000000000000, -0.000000000000000000 ) ) ;
#4226 = ORIENTED_EDGE ( 'NONE', *, *, #4668, .T. ) ;
#4227 = AXIS2_PLACEMENT_3D ( 'NONE', #3737, #2722, #3795 ) ;
#4228 = CARTESIAN_POINT ( 'NONE',  ( 5.000000000000000000, 17.42579843696904263, 13.22335713176222427 ) ) ;
#4229 = CARTESIAN_POINT ( 'NONE',  ( 10.00000000000000000, 0.000000000000000000, 0.000000000000000000 ) ) ;
#4230 = EDGE_LOOP ( 'NONE', ( #4070, #898, #991, #607 ) ) ;
#4231 = EDGE_CURVE ( 'NONE', #802, #1866, #397, .T. ) ;
#4232 = ADVANCED_FACE ( 'NONE', ( #3422 ), #1584, .T. ) ;
#4233 = DIRECTION ( 'NONE',  ( 0.000000000000000000, 0.9450008187146671235, 0.3270679633174254364 ) ) ;
#4234 = EDGE_LOOP ( 'NONE', ( #2744, #3701, #3785, #4687 ) ) ;
#4235 = CIRCLE ( 'NONE', #3042, 21.87500000000000000 ) ;
#4236 = ORIENTED_EDGE ( 'NONE', *, *, #2883, .F. ) ;
#4237 = DIRECTION ( 'NONE',  ( 0.000000000000000000, 0.000000000000000000, 1.000000000000000000 ) ) ;
#4238 = CARTESIAN_POINT ( 'NONE',  ( 10.00000000000000000, 19.05294406575194799, -0.5710557567588547823 ) ) ;
#4239 = AXIS2_PLACEMENT_3D ( 'NONE', #600, #1370, #2102 ) ;
#4240 = ADVANCED_FACE ( 'NONE', ( #1556 ), #3050, .T. ) ;
#4241 = ORIENTED_EDGE ( 'NONE', *, *, #4005, .F. ) ;
#4242 = CIRCLE ( 'NONE', #1951, 19.06149999999999523 ) ;
#4243 = AXIS2_PLACEMENT_3D ( 'NONE', #1634, #2025, #2661 ) ;
#4244 = CARTESIAN_POINT ( 'NONE',  ( 10.00000000000000000, 15.39820557081061025, -11.76964910378387685 ) ) ;
#4245 = ORIENTED_EDGE ( 'NONE', *, *, #4866, .T. ) ;
#4246 = DIRECTION ( 'NONE',  ( -1.000000000000000000, 0.000000000000000000, 0.000000000000000000 ) ) ;
#4247 = DIRECTION ( 'NONE',  ( -1.000000000000000000, 0.000000000000000000, -0.000000000000000000 ) ) ;
#4248 = CARTESIAN_POINT ( 'NONE',  ( 0.000000000000000000, 19.26619331636530674, -2.107882805941615700 ) ) ;
#4249 = CIRCLE ( 'NONE', #4637, 19.06149999999999523 ) ;
#4250 = DIRECTION ( 'NONE',  ( -1.000000000000000000, 0.000000000000000000, 0.000000000000000000 ) ) ;
#4251 = CIRCLE ( 'NONE', #4344, 19.06149999999999523 ) ;
#4252 = CYLINDRICAL_SURFACE ( 'NONE', #300, 21.87500000000000000 ) ;
#4253 = AXIS2_PLACEMENT_3D ( 'NONE', #468, #4197, #809 ) ;
#4254 = CARTESIAN_POINT ( 'NONE',  ( 0.000000000000000000, 7.510427888281023812, 20.54529381476279681 ) ) ;
#4255 = ORIENTED_EDGE ( 'NONE', *, *, #3635, .F. ) ;
#4256 = DIRECTION ( 'NONE',  ( 0.000000000000000000, 0.000000000000000000, 1.000000000000000000 ) ) ;
#4257 = FACE_OUTER_BOUND ( 'NONE', #4581, .T. ) ;
#4258 = VECTOR ( 'NONE', #4708, 1000.000000000000000 ) ;
#4259 = ORIENTED_EDGE ( 'NONE', *, *, #1580, .T. ) ;
#4260 = CARTESIAN_POINT ( 'NONE',  ( 10.00000000000000000, 0.3361666364521598838, 19.05853546950909205 ) ) ;
#4261 = ORIENTED_EDGE ( 'NONE', *, *, #3084, .T. ) ;
#4262 = ORIENTED_EDGE ( 'NONE', *, *, #4668, .F. ) ;
#4263 = CARTESIAN_POINT ( 'NONE',  ( 10.00000000000000000, 17.34736067490579003, -8.642826646524602197 ) ) ;
#4264 = CARTESIAN_POINT ( 'NONE',  ( 0.000000000000000000, 0.000000000000000000, 0.000000000000000000 ) ) ;
#4265 = EDGE_CURVE ( 'NONE', #1575, #1252, #4337, .T. ) ;
#4266 = AXIS2_PLACEMENT_3D ( 'NONE', #2007, #900, #2828 ) ;
#4267 = EDGE_CURVE ( 'NONE', #508, #2092, #1264, .T. ) ;
#4268 = AXIS2_PLACEMENT_3D ( 'NONE', #3352, #3727, #3750 ) ;
#4269 = VERTEX_POINT ( 'NONE', #1608 ) ;
#4270 = DIRECTION ( 'NONE',  ( 0.000000000000000000, 0.000000000000000000, 1.000000000000000000 ) ) ;
#4271 = ORIENTED_EDGE ( 'NONE', *, *, #4022, .T. ) ;
#4272 = CYLINDRICAL_SURFACE ( 'NONE', #1008, 8.250000000000000000 ) ;
#4273 = LINE ( 'NONE', #4772, #464 ) ;
#4274 = CARTESIAN_POINT ( 'NONE',  ( 10.00000000000000000, 0.000000000000000000, 0.000000000000000000 ) ) ;
#4275 = EDGE_CURVE ( 'NONE', #1887, #1696, #2581, .T. ) ;
#4276 = CARTESIAN_POINT ( 'NONE',  ( 10.00000000000000000, 21.80860110672752938, -1.703097991203920802 ) ) ;
#4277 = DIRECTION ( 'NONE',  ( -1.000000000000000000, -0.000000000000000000, -0.000000000000000000 ) ) ;
#4278 = VECTOR ( 'NONE', #4, 1000.000000000000000 ) ;
#4279 = DIRECTION ( 'NONE',  ( -1.000000000000000000, -0.000000000000000000, -0.000000000000000000 ) ) ;
#4280 = ORIENTED_EDGE ( 'NONE', *, *, #2484, .T. ) ;
#4281 = ORIENTED_EDGE ( 'NONE', *, *, #2916, .F. ) ;
#4282 = DIRECTION ( 'NONE',  ( 0.000000000000000000, 0.000000000000000000, 1.000000000000000000 ) ) ;
#4283 = FACE_OUTER_BOUND ( 'NONE', #4620, .T. ) ;
#4284 = AXIS2_PLACEMENT_3D ( 'NONE', #3555, #497, #231 ) ;
#4285 = EDGE_LOOP ( 'NONE', ( #2843, #2477, #2548, #4078 ) ) ;
#4286 = DIRECTION ( 'NONE',  ( 0.000000000000000000, 0.6181589862206012809, 0.7860530947427906145 ) ) ;
#4287 = ORIENTED_EDGE ( 'NONE', *, *, #3691, .F. ) ;
#4288 = CIRCLE ( 'NONE', #2471, 8.250000000000000000 ) ;
#4289 = LINE ( 'NONE', #1279, #786 ) ;
#4290 = CARTESIAN_POINT ( 'NONE',  ( 0.000000000000000000, 0.000000000000000000, 0.000000000000000000 ) ) ;
#4291 = CYLINDRICAL_SURFACE ( 'NONE', #1011, 8.250000000000000000 ) ;
#4292 = AXIS2_PLACEMENT_3D ( 'NONE', #1533, #1206, #3025 ) ;
#4293 = VECTOR ( 'NONE', #2286, 1000.000000000000000 ) ;
#4294 = EDGE_LOOP ( 'NONE', ( #4806, #2296, #3148, #1871 ) ) ;
#4295 = ADVANCED_FACE ( 'NONE', ( #831 ), #3398, .T. ) ;
#4296 = ORIENTED_EDGE ( 'NONE', *, *, #1884, .T. ) ;
#4297 = CARTESIAN_POINT ( 'NONE',  ( 10.00000000000000000, 0.000000000000000000, 0.000000000000000000 ) ) ;
#4298 = CARTESIAN_POINT ( 'NONE',  ( 5.000000000000000000, -9.429374427847015738, 19.73835157502937676 ) ) ;
#4299 = FACE_OUTER_BOUND ( 'NONE', #929, .T. ) ;
#4300 = DIRECTION ( 'NONE',  ( 0.000000000000000000, -0.8145759520503291773, -0.5800569095712073686 ) ) ;
#4301 = EDGE_CURVE ( 'NONE', #1915, #592, #4405, .T. ) ;
#4302 = EDGE_CURVE ( 'NONE', #1355, #1, #1235, .T. ) ;
#4303 = CYLINDRICAL_SURFACE ( 'NONE', #2415, 8.249999999999998224 ) ;
#4304 = DIRECTION ( 'NONE',  ( -1.000000000000000000, -0.000000000000000000, -0.000000000000000000 ) ) ;
#4305 = DIRECTION ( 'NONE',  ( -1.000000000000000000, -0.000000000000000000, -0.000000000000000000 ) ) ;
#4306 = EDGE_CURVE ( 'NONE', #20, #2664, #3822, .T. ) ;
#4307 = ORIENTED_EDGE ( 'NONE', *, *, #4014, .T. ) ;
#4308 = ORIENTED_EDGE ( 'NONE', *, *, #2879, .F. ) ;
#4309 = DIRECTION ( 'NONE',  ( 0.000000000000000000, 0.000000000000000000, -1.000000000000000000 ) ) ;
#4310 = CYLINDRICAL_SURFACE ( 'NONE', #1560, 21.87500000000000000 ) ;
#4311 = DIRECTION ( 'NONE',  ( -1.000000000000000000, -0.000000000000000000, 0.000000000000000000 ) ) ;
#4312 = ORIENTED_EDGE ( 'NONE', *, *, #2063, .T. ) ;
#4313 = FACE_OUTER_BOUND ( 'NONE', #3189, .T. ) ;
#4314 = DIRECTION ( 'NONE',  ( 1.000000000000000000, 0.000000000000000000, 0.000000000000000000 ) ) ;
#4315 = CYLINDRICAL_SURFACE ( 'NONE', #4480, 19.06149999999999523 ) ;
#4316 = CIRCLE ( 'NONE', #999, 8.250000000000000000 ) ;
#4317 = ORIENTED_EDGE ( 'NONE', *, *, #697, .F. ) ;
#4318 = EDGE_LOOP ( 'NONE', ( #1039, #884, #3837, #4312 ) ) ;
#4319 = CARTESIAN_POINT ( 'NONE',  ( 10.00000000000000000, 10.58662356627727341, 15.85131488918009524 ) ) ;
#4320 = EDGE_LOOP ( 'NONE', ( #921, #4732, #1674, #1882 ) ) ;
#4321 = CYLINDRICAL_SURFACE ( 'NONE', #2576, 8.250000000000000000 ) ;
#4322 = LINE ( 'NONE', #2866, #2837 ) ;
#4323 = LINE ( 'NONE', #2363, #962 ) ;
#4324 = AXIS2_PLACEMENT_3D ( 'NONE', #4264, #2117, #883 ) ;
#4325 = AXIS2_PLACEMENT_3D ( 'NONE', #3402, #4129, #3305 ) ;
#4326 = CIRCLE ( 'NONE', #4799, 21.87500000000000000 ) ;
#4327 = ORIENTED_EDGE ( 'NONE', *, *, #2751, .T. ) ;
#4328 = DIRECTION ( 'NONE',  ( -1.000000000000000000, 0.000000000000000000, 0.000000000000000000 ) ) ;
#4329 = DIRECTION ( 'NONE',  ( -1.000000000000000000, 0.000000000000000000, 0.000000000000000000 ) ) ;
#4330 = CARTESIAN_POINT ( 'NONE',  ( 0.000000000000000000, 20.87938351306577189, -6.524336680024810597 ) ) ;
#4331 = VECTOR ( 'NONE', #3470, 1000.000000000000000 ) ;
#4332 = CIRCLE ( 'NONE', #4091, 8.250000000000000000 ) ;
#4333 = ADVANCED_FACE ( 'NONE', ( #863 ), #2362, .T. ) ;
#4334 = EDGE_CURVE ( 'NONE', #1699, #3844, #4273, .T. ) ;
#4335 = ORIENTED_EDGE ( 'NONE', *, *, #3747, .F. ) ;
#4336 = ORIENTED_EDGE ( 'NONE', *, *, #4843, .F. ) ;
#4337 = CIRCLE ( 'NONE', #378, 21.87500000000000000 ) ;
#4338 = ORIENTED_EDGE ( 'NONE', *, *, #673, .F. ) ;
#4339 = DIRECTION ( 'NONE',  ( 0.000000000000000000, 0.000000000000000000, 1.000000000000000000 ) ) ;
#4340 = DIRECTION ( 'NONE',  ( 0.000000000000000000, 0.2817325568414235648, 0.9594929736144991450 ) ) ;
#4341 = EDGE_CURVE ( 'NONE', #823, #2592, #3222, .T. ) ;
#4342 = DIRECTION ( 'NONE',  ( 1.000000000000000000, 0.000000000000000000, 0.000000000000000000 ) ) ;
#4343 = DIRECTION ( 'NONE',  ( 0.000000000000000000, 0.000000000000000000, 1.000000000000000000 ) ) ;
#4344 = AXIS2_PLACEMENT_3D ( 'NONE', #2192, #964, #3672 ) ;
#4345 = CARTESIAN_POINT ( 'NONE',  ( 10.00000000000000000, 0.000000000000000000, 0.000000000000000000 ) ) ;
#4346 = VERTEX_POINT ( 'NONE', #2489 ) ;
#4347 = ORIENTED_EDGE ( 'NONE', *, *, #3389, .F. ) ;
#4348 = DIRECTION ( 'NONE',  ( -1.000000000000000000, -0.000000000000000000, -0.000000000000000000 ) ) ;
#4349 = CARTESIAN_POINT ( 'NONE',  ( 10.00000000000000000, -19.02095316055511276, 1.242627504108997583 ) ) ;
#4350 = AXIS2_PLACEMENT_3D ( 'NONE', #1470, #2588, #4067 ) ;
#4351 = CARTESIAN_POINT ( 'NONE',  ( 10.00000000000000000, 0.000000000000000000, 0.000000000000000000 ) ) ;
#4352 = CIRCLE ( 'NONE', #640, 21.87500000000000000 ) ;
#4353 = VERTEX_POINT ( 'NONE', #3205 ) ;
#4354 = CARTESIAN_POINT ( 'NONE',  ( 10.00000000000000000, 0.000000000000000000, 0.000000000000000000 ) ) ;
#4355 = CARTESIAN_POINT ( 'NONE',  ( 10.00000000000000000, 0.000000000000000000, 0.000000000000000000 ) ) ;
#4356 = FACE_OUTER_BOUND ( 'NONE', #807, .T. ) ;
#4357 = VECTOR ( 'NONE', #78, 1000.000000000000000 ) ;
#4358 = EDGE_LOOP ( 'NONE', ( #4236, #409, #2946, #938 ) ) ;
#4359 = ORIENTED_EDGE ( 'NONE', *, *, #341, .F. ) ;
#4360 = ORIENTED_EDGE ( 'NONE', *, *, #2490, .F. ) ;
#4361 = EDGE_CURVE ( 'NONE', #4760, #1253, #858, .T. ) ;
#4362 = DIRECTION ( 'NONE',  ( -1.000000000000000000, -0.000000000000000000, -0.000000000000000000 ) ) ;
#4363 = EDGE_CURVE ( 'NONE', #1304, #579, #2984, .T. ) ;
#4364 = CARTESIAN_POINT ( 'NONE',  ( 0.000000000000000000, -5.523465750740224500, -21.16617469219224645 ) ) ;
#4365 = ORIENTED_EDGE ( 'NONE', *, *, #2938, .F. ) ;
#4366 = ORIENTED_EDGE ( 'NONE', *, *, #3905, .T. ) ;
#4367 = LINE ( 'NONE', #3165, #1452 ) ;
#4368 = ADVANCED_FACE ( 'NONE', ( #1659 ), #249, .T. ) ;
#4369 = CARTESIAN_POINT ( 'NONE',  ( 0.000000000000000000, -18.91238855906794925, -2.379567448263579799 ) ) ;
#4370 = ADVANCED_FACE ( 'NONE', ( #3180 ), #4396, .T. ) ;
#4371 = VECTOR ( 'NONE', #2395, 1000.000000000000000 ) ;
#4372 = CARTESIAN_POINT ( 'NONE',  ( 10.00000000000000000, -18.19550371963117996, 12.14245730438809723 ) ) ;
#4373 = CIRCLE ( 'NONE', #424, 8.250000000000001776 ) ;
#4374 = EDGE_LOOP ( 'NONE', ( #1400, #2141, #2964, #2826 ) ) ;
#4375 = ORIENTED_EDGE ( 'NONE', *, *, #2272, .F. ) ;
#4376 = ADVANCED_FACE ( 'NONE', ( #3901 ), #2811, .T. ) ;
#4377 = DIRECTION ( 'NONE',  ( 0.000000000000000000, 0.000000000000000000, 1.000000000000000000 ) ) ;
#4378 = DIRECTION ( 'NONE',  ( 0.000000000000000000, -0.5406408174555870083, -0.8412535328311880889 ) ) ;
#4379 = ORIENTED_EDGE ( 'NONE', *, *, #1491, .F. ) ;
#4380 = DIRECTION ( 'NONE',  ( 0.000000000000000000, -0.9096319953545138892, -0.4154150130018964826 ) ) ;
#4381 = DIRECTION ( 'NONE',  ( 0.000000000000000000, 0.000000000000000000, 1.000000000000000000 ) ) ;
#4382 = DIRECTION ( 'NONE',  ( -1.000000000000000000, -0.000000000000000000, 0.000000000000000000 ) ) ;
#4383 = ORIENTED_EDGE ( 'NONE', *, *, #1100, .F. ) ;
#4384 = VERTEX_POINT ( 'NONE', #910 ) ;
#4385 = CARTESIAN_POINT ( 'NONE',  ( 0.000000000000000000, 1.476984525009874760, 19.00419161561157111 ) ) ;
#4386 = DIRECTION ( 'NONE',  ( 0.000000000000000000, 0.000000000000000000, -1.000000000000000000 ) ) ;
#4387 = AXIS2_PLACEMENT_3D ( 'NONE', #2864, #3574, #1706 ) ;
#4388 = VERTEX_POINT ( 'NONE', #597 ) ;
#4389 = FACE_OUTER_BOUND ( 'NONE', #1914, .T. ) ;
#4390 = EDGE_CURVE ( 'NONE', #2450, #1310, #3251, .T. ) ;
#4391 = EDGE_CURVE ( 'NONE', #2636, #3020, #391, .T. ) ;
#4392 = ORIENTED_EDGE ( 'NONE', *, *, #3264, .T. ) ;
#4393 = VERTEX_POINT ( 'NONE', #4715 ) ;
#4394 = DIRECTION ( 'NONE',  ( -1.000000000000000000, -0.000000000000000000, 0.000000000000000000 ) ) ;
#4395 = ORIENTED_EDGE ( 'NONE', *, *, #3635, .T. ) ;
#4396 = CYLINDRICAL_SURFACE ( 'NONE', #2126, 8.250000000000000000 ) ;
#4397 = AXIS2_PLACEMENT_3D ( 'NONE', #1804, #1438, #1416 ) ;
#4398 = ADVANCED_FACE ( 'NONE', ( #2842 ), #1759, .T. ) ;
#4399 = CIRCLE ( 'NONE', #2892, 8.250000000000000000 ) ;
#4400 = ORIENTED_EDGE ( 'NONE', *, *, #4874, .F. ) ;
#4401 = DIRECTION ( 'NONE',  ( 0.000000000000000000, 0.000000000000000000, 1.000000000000000000 ) ) ;
#4402 = CARTESIAN_POINT ( 'NONE',  ( 0.000000000000000000, 0.000000000000000000, 0.000000000000000000 ) ) ;
#4403 = CARTESIAN_POINT ( 'NONE',  ( 10.00000000000000000, 5.046860401838296539, 18.38123995638913755 ) ) ;
#4404 = VERTEX_POINT ( 'NONE', #2441 ) ;
#4405 = CIRCLE ( 'NONE', #4253, 8.250000000000000000 ) ;
#4406 = CIRCLE ( 'NONE', #2188, 19.06149999999999878 ) ;
#4407 = ORIENTED_EDGE ( 'NONE', *, *, #562, .T. ) ;
#4408 = DIRECTION ( 'NONE',  ( 0.000000000000000000, -0.8145759520503291773, -0.5800569095712073686 ) ) ;
#4409 = AXIS2_PLACEMENT_3D ( 'NONE', #244, #3975, #3895 ) ;
#4410 = CARTESIAN_POINT ( 'NONE',  ( 4.999999999999999112, -5.523465750740224500, -21.16617469219224645 ) ) ;
#4411 = CIRCLE ( 'NONE', #2262, 8.250000000000000000 ) ;
#4412 = AXIS2_PLACEMENT_3D ( 'NONE', #2550, #2566, #4068 ) ;
#4413 = CARTESIAN_POINT ( 'NONE',  ( 10.00000000000000000, -3.276759885896711744, -18.77774285957122302 ) ) ;
#4414 = AXIS2_PLACEMENT_3D ( 'NONE', #2285, #4221, #4607 ) ;
#4415 = VERTEX_POINT ( 'NONE', #2787 ) ;
#4416 = CARTESIAN_POINT ( 'NONE',  ( 10.00000000000000000, 0.3361666364524109052, -19.05853546950908850 ) ) ;
#4417 = CIRCLE ( 'NONE', #2273, 8.250000000000000000 ) ;
#4418 = ORIENTED_EDGE ( 'NONE', *, *, #1439, .T. ) ;
#4419 = ORIENTED_EDGE ( 'NONE', *, *, #127, .F. ) ;
#4420 = ORIENTED_EDGE ( 'NONE', *, *, #192, .T. ) ;
#4421 = DIRECTION ( 'NONE',  ( -1.000000000000000000, -0.000000000000000000, 0.000000000000000000 ) ) ;
#4422 = ORIENTED_EDGE ( 'NONE', *, *, #1845, .T. ) ;
#4423 = ADVANCED_FACE ( 'NONE', ( #4299 ), #1734, .T. ) ;
#4424 = EDGE_CURVE ( 'NONE', #539, #1928, #4322, .T. ) ;
#4425 = CARTESIAN_POINT ( 'NONE',  ( 5.000000000000000000, -18.19550371963117996, 12.14245730438809723 ) ) ;
#4426 = UNCERTAINTY_MEASURE_WITH_UNIT (LENGTH_MEASURE( 1.000000000000000082E-05 ), #4852, 'distance_accuracy_value', 'NONE');
#4427 = ORIENTED_EDGE ( 'NONE', *, *, #4697, .T. ) ;
#4428 = LINE ( 'NONE', #686, #857 ) ;
#4429 = EDGE_CURVE ( 'NONE', #1638, #4760, #1022, .T. ) ;
#4430 = DIRECTION ( 'NONE',  ( 0.000000000000000000, -0.3716624556603156937, -0.9283679330160773402 ) ) ;
#4431 = PLANE ( 'NONE',  #3327 ) ;
#4432 = VERTEX_POINT ( 'NONE', #544 ) ;
#4433 = CIRCLE ( 'NONE', #4039, 8.250000000000000000 ) ;
#4434 = VERTEX_POINT ( 'NONE', #200 ) ;
#4435 = CYLINDRICAL_SURFACE ( 'NONE', #3871, 8.250000000000000000 ) ;
#4436 = CIRCLE ( 'NONE', #4753, 21.87500000000000000 ) ;
#4437 = CYLINDRICAL_SURFACE ( 'NONE', #4325, 8.250000000000000000 ) ;
#4438 = DIRECTION ( 'NONE',  ( 1.000000000000000000, -0.000000000000000000, -0.000000000000000000 ) ) ;
#4439 = ORIENTED_EDGE ( 'NONE', *, *, #3817, .T. ) ;
#4440 = DIRECTION ( 'NONE',  ( -1.000000000000000000, -0.000000000000000000, 0.000000000000000000 ) ) ;
#4441 = CARTESIAN_POINT ( 'NONE',  ( 0.000000000000000000, -16.15858777384832123, 10.70184170981720229 ) ) ;
#4442 = ORIENTED_EDGE ( 'NONE', *, *, #192, .F. ) ;
#4443 = AXIS2_PLACEMENT_3D ( 'NONE', #1636, #2026, #1350 ) ;
#4444 = ORIENTED_EDGE ( 'NONE', *, *, #226, .F. ) ;
#4445 = CARTESIAN_POINT ( 'NONE',  ( 0.000000000000000000, 0.000000000000000000, 0.000000000000000000 ) ) ;
#4446 = DIRECTION ( 'NONE',  ( 0.000000000000000000, -0.1892512443603975580, -0.9819286972627091492 ) ) ;
#4447 = AXIS2_PLACEMENT_3D ( 'NONE', #153, #4305, #1715 ) ;
#4448 = VECTOR ( 'NONE', #3915, 1000.000000000000000 ) ;
#4449 = DIRECTION ( 'NONE',  ( -1.000000000000000000, 0.000000000000000000, 0.000000000000000000 ) ) ;
#4450 = DIRECTION ( 'NONE',  ( 0.000000000000000000, 0.000000000000000000, 1.000000000000000000 ) ) ;
#4451 = DIRECTION ( 'NONE',  ( 0.000000000000000000, 0.000000000000000000, 1.000000000000000000 ) ) ;
#4452 = AXIS2_PLACEMENT_3D ( 'NONE', #2148, #1017, #989 ) ;
#4453 = EDGE_CURVE ( 'NONE', #1426, #615, #3362, .T. ) ;
#4454 = ADVANCED_FACE ( 'NONE', ( #985 ), #2125, .T. ) ;
#4455 = ORIENTED_EDGE ( 'NONE', *, *, #1588, .T. ) ;
#4456 = DIRECTION ( 'NONE',  ( 0.000000000000000000, -0.9988673391830075188, -0.04758191582375213835 ) ) ;
#4457 = CARTESIAN_POINT ( 'NONE',  ( 0.000000000000000000, -11.02364196210733915, -15.94078707963975816 ) ) ;
#4458 = FILL_AREA_STYLE_COLOUR ( '', #219 ) ;
#4459 = EDGE_CURVE ( 'NONE', #2642, #3254, #3695, .T. ) ;
#4460 = ORIENTED_EDGE ( 'NONE', *, *, #4267, .T. ) ;
#4461 = CARTESIAN_POINT ( 'NONE',  ( 10.00000000000000000, 0.000000000000000000, 0.000000000000000000 ) ) ;
#4462 = CARTESIAN_POINT ( 'NONE',  ( 10.00000000000000000, 18.66953696610257296, 5.203629915594786937 ) ) ;
#4463 = AXIS2_PLACEMENT_3D ( 'NONE', #1129, #2621, #4237 ) ;
#4464 = VERTEX_POINT ( 'NONE', #2931 ) ;
#4465 = ORIENTED_EDGE ( 'NONE', *, *, #3569, .T. ) ;
#4466 = CARTESIAN_POINT ( 'NONE',  ( 0.000000000000000000, 19.26619331636527832, 2.107882805941884374 ) ) ;
#4467 = DIRECTION ( 'NONE',  ( 0.000000000000000000, 0.000000000000000000, 1.000000000000000000 ) ) ;
#4468 = AXIS2_PLACEMENT_3D ( 'NONE', #4744, #932, #2438 ) ;
#4469 = ORIENTED_EDGE ( 'NONE', *, *, #2177, .F. ) ;
#4470 = DIRECTION ( 'NONE',  ( 0.000000000000000000, 0.000000000000000000, -1.000000000000000000 ) ) ;
#4471 = FACE_OUTER_BOUND ( 'NONE', #2739, .T. ) ;
#4472 = DIRECTION ( 'NONE',  ( -1.000000000000000000, -0.000000000000000000, -0.000000000000000000 ) ) ;
#4473 = AXIS2_PLACEMENT_3D ( 'NONE', #159, #2400, #4340 ) ;
#4474 = ORIENTED_EDGE ( 'NONE', *, *, #1552, .T. ) ;
#4475 = DIRECTION ( 'NONE',  ( 0.000000000000000000, 0.000000000000000000, -1.000000000000000000 ) ) ;
#4476 = DIRECTION ( 'NONE',  ( 0.000000000000000000, -0.2817325568414367210, 0.9594929736144954813 ) ) ;
#4477 = CARTESIAN_POINT ( 'NONE',  ( 10.00000000000000000, 2.738863980935887454, -21.70286269352345343 ) ) ;
#4478 = EDGE_CURVE ( 'NONE', #3321, #877, #2195, .T. ) ;
#4479 = EDGE_CURVE ( 'NONE', #2772, #1694, #664, .T. ) ;
#4480 = AXIS2_PLACEMENT_3D ( 'NONE', #2089, #218, #1255 ) ;
#4481 = ORIENTED_EDGE ( 'NONE', *, *, #2150, .T. ) ;
#4482 = DIRECTION ( 'NONE',  ( -1.000000000000000000, 0.000000000000000000, 0.000000000000000000 ) ) ;
#4483 = DIRECTION ( 'NONE',  ( 0.000000000000000000, 0.000000000000000000, -1.000000000000000000 ) ) ;
#4484 = EDGE_CURVE ( 'NONE', #3106, #4700, #4027, .T. ) ;
#4485 = PRODUCT_CONTEXT ( 'NONE', #3059, 'mechanical' ) ;
#4486 = VECTOR ( 'NONE', #4329, 1000.000000000000000 ) ;
#4487 = VERTEX_POINT ( 'NONE', #2186 ) ;
#4488 = ORIENTED_EDGE ( 'NONE', *, *, #4177, .T. ) ;
#4489 = DIRECTION ( 'NONE',  ( -1.000000000000000000, -0.000000000000000000, -0.000000000000000000 ) ) ;
#4490 = DIRECTION ( 'NONE',  ( 0.000000000000000000, 0.9718115683235425406, -0.2357589355094246164 ) ) ;
#4491 = ORIENTED_EDGE ( 'NONE', *, *, #4591, .T. ) ;
#4492 = ORIENTED_EDGE ( 'NONE', *, *, #4391, .T. ) ;
#4493 = LINE ( 'NONE', #4100, #1337 ) ;
#4494 = DIRECTION ( 'NONE',  ( -1.000000000000000000, -0.000000000000000000, 0.000000000000000000 ) ) ;
#4495 = CARTESIAN_POINT ( 'NONE',  ( 10.00000000000000000, -17.89191790291092943, -7.450412645125029876 ) ) ;
#4496 = VERTEX_POINT ( 'NONE', #2949 ) ;
#4497 = CYLINDRICAL_SURFACE ( 'NONE', #40, 8.250000000000000000 ) ;
#4498 = CARTESIAN_POINT ( 'NONE',  ( 0.000000000000000000, -12.99448094513544127, -17.59713300417177706 ) ) ;
#4499 = CARTESIAN_POINT ( 'NONE',  ( 4.999999999999999112, 21.09217785974800208, -5.799625689021327801 ) ) ;
#4500 = AXIS2_PLACEMENT_3D ( 'NONE', #3532, #2770, #4282 ) ;
#4501 = ORIENTED_EDGE ( 'NONE', *, *, #4484, .F. ) ;
#4502 = EDGE_CURVE ( 'NONE', #848, #4808, #1643, .T. ) ;
#4503 = AXIS2_PLACEMENT_3D ( 'NONE', #303, #4821, #4042 ) ;
#4504 = VERTEX_POINT ( 'NONE', #2532 ) ;
#4505 = FACE_OUTER_BOUND ( 'NONE', #3847, .T. ) ;
#4506 = DIRECTION ( 'NONE',  ( 0.000000000000000000, 0.000000000000000000, 1.000000000000000000 ) ) ;
#4507 = ADVANCED_FACE ( 'NONE', ( #3649 ), #1844, .T. ) ;
#4508 = EDGE_CURVE ( 'NONE', #4434, #1865, #2209, .T. ) ;
#4509 = LINE ( 'NONE', #388, #3976 ) ;
#4510 = EDGE_LOOP ( 'NONE', ( #2010, #1111, #1978, #389 ) ) ;
#4511 = EDGE_LOOP ( 'NONE', ( #2497, #448, #2359, #346 ) ) ;
#4512 = DIRECTION ( 'NONE',  ( 1.000000000000000000, 0.000000000000000000, 0.000000000000000000 ) ) ;
#4513 = DIRECTION ( 'NONE',  ( 0.000000000000000000, 0.000000000000000000, 1.000000000000000000 ) ) ;
#4514 = EDGE_CURVE ( 'NONE', #2995, #4760, #2572, .T. ) ;
#4515 = CARTESIAN_POINT ( 'NONE',  ( 10.00000000000000000, 0.000000000000000000, 0.000000000000000000 ) ) ;
#4516 = ORIENTED_EDGE ( 'NONE', *, *, #3628, .F. ) ;
#4517 = DIRECTION ( 'NONE',  ( 1.000000000000000000, -0.000000000000000000, 0.000000000000000000 ) ) ;
#4518 = DIRECTION ( 'NONE',  ( 0.000000000000000000, 0.000000000000000000, 1.000000000000000000 ) ) ;
#4519 = CARTESIAN_POINT ( 'NONE',  ( 0.000000000000000000, -18.60385308056417486, 11.50705329599123594 ) ) ;
#4520 = AXIS2_PLACEMENT_3D ( 'NONE', #1546, #1498, #4212 ) ;
#4521 = CARTESIAN_POINT ( 'NONE',  ( 10.00000000000000000, -6.771255768455159973, 17.81827369775653835 ) ) ;
#4522 = DIRECTION ( 'NONE',  ( -1.000000000000000000, -0.000000000000000000, 0.000000000000000000 ) ) ;
#4523 = DIRECTION ( 'NONE',  ( 0.000000000000000000, 0.000000000000000000, 1.000000000000000000 ) ) ;
#4524 = ORIENTED_EDGE ( 'NONE', *, *, #2854, .F. ) ;
#4525 = FACE_OUTER_BOUND ( 'NONE', #4742, .T. ) ;
#4526 = DIRECTION ( 'NONE',  ( -1.000000000000000000, 0.000000000000000000, -0.000000000000000000 ) ) ;
#4527 = CARTESIAN_POINT ( 'NONE',  ( 10.00000000000000000, 3.022217678304215394, -19.14407415186456518 ) ) ;
#4528 = EDGE_LOOP ( 'NONE', ( #2145, #2644, #513, #3400 ) ) ;
#4529 = ORIENTED_EDGE ( 'NONE', *, *, #4718, .T. ) ;
#4530 = CARTESIAN_POINT ( 'NONE',  ( 10.00000000000000000, 12.48899420472160671, -14.82074217377704528 ) ) ;
#4531 = DIRECTION ( 'NONE',  ( 0.000000000000000000, -0.2817325568414366099, 0.9594929736144953702 ) ) ;
#4532 = EDGE_CURVE ( 'NONE', #1358, #2906, #4176, .T. ) ;
#4533 = EDGE_CURVE ( 'NONE', #4793, #2827, #3139, .T. ) ;
#4534 = CARTESIAN_POINT ( 'NONE',  ( 10.00000000000000000, 3.936943220686274003, 18.65050295104913047 ) ) ;
#4535 = ORIENTED_EDGE ( 'NONE', *, *, #918, .F. ) ;
#4536 = CYLINDRICAL_SURFACE ( 'NONE', #4721, 8.250000000000000000 ) ;
#4537 = DIRECTION ( 'NONE',  ( 0.000000000000000000, 0.000000000000000000, 1.000000000000000000 ) ) ;
#4538 = CARTESIAN_POINT ( 'NONE',  ( 10.00000000000000000, 1.476984525009874760, 19.00419161561157111 ) ) ;
#4539 = EDGE_CURVE ( 'NONE', #3771, #4035, #4417, .T. ) ;
#4540 = CIRCLE ( 'NONE', #2411, 3.000000000000000444 ) ;
#4541 = DIRECTION ( 'NONE',  ( -1.000000000000000000, 0.000000000000000000, 0.000000000000000000 ) ) ;
#4542 = FACE_OUTER_BOUND ( 'NONE', #4230, .T. ) ;
#4543 = DIRECTION ( 'NONE',  ( 0.000000000000000000, -0.1892512443603975303, -0.9819286972627092602 ) ) ;
#4544 = AXIS2_PLACEMENT_3D ( 'NONE', #4263, #283, #1986 ) ;
#4545 = CIRCLE ( 'NONE', #3118, 8.250000000000000000 ) ;
#4546 = ORIENTED_EDGE ( 'NONE', *, *, #2516, .T. ) ;
#4547 = CARTESIAN_POINT ( 'NONE',  ( 0.000000000000000000, 0.000000000000000000, 0.000000000000000000 ) ) ;
#4548 = DIRECTION ( 'NONE',  ( -1.000000000000000000, 0.000000000000000000, 0.000000000000000000 ) ) ;
#4549 = DIRECTION ( 'NONE',  ( -1.000000000000000000, 0.000000000000000000, -0.000000000000000000 ) ) ;
#4550 = ORIENTED_EDGE ( 'NONE', *, *, #3597, .T. ) ;
#4551 = VERTEX_POINT ( 'NONE', #2513 ) ;
#4552 = CARTESIAN_POINT ( 'NONE',  ( 0.000000000000000000, -18.19550371963101298, -12.14245730438833881 ) ) ;
#4553 = CYLINDRICAL_SURFACE ( 'NONE', #4162, 8.250000000000000000 ) ;
#4554 = VECTOR ( 'NONE', #4200, 1000.000000000000000 ) ;
#4555 = AXIS2_PLACEMENT_3D ( 'NONE', #2703, #3150, #2784 ) ;
#4556 = AXIS2_PLACEMENT_3D ( 'NONE', #1663, #3632, #4775 ) ;
#4557 = EDGE_CURVE ( 'NONE', #2782, #4679, #152, .T. ) ;
#4558 = EDGE_CURVE ( 'NONE', #4679, #3763, #2233, .T. ) ;
#4559 = CARTESIAN_POINT ( 'NONE',  ( 10.00000000000000000, 19.31694754834041561, 1.576360441589646610 ) ) ;
#4560 = ORIENTED_EDGE ( 'NONE', *, *, #4865, .T. ) ;
#4561 = CYLINDRICAL_SURFACE ( 'NONE', #928, 8.250000000000000000 ) ;
#4562 = DIRECTION ( 'NONE',  ( -1.000000000000000000, 0.000000000000000000, 0.000000000000000000 ) ) ;
#4563 = DIRECTION ( 'NONE',  ( 1.000000000000000000, 0.000000000000000000, 0.000000000000000000 ) ) ;
#4564 = EDGE_CURVE ( 'NONE', #997, #3552, #4872, .T. ) ;
#4565 = EDGE_CURVE ( 'NONE', #4432, #4855, #365, .T. ) ;
#4566 = ORIENTED_EDGE ( 'NONE', *, *, #2091, .T. ) ;
#4567 = DIRECTION ( 'NONE',  ( -1.000000000000000000, -0.000000000000000000, -0.000000000000000000 ) ) ;
#4568 = DIRECTION ( 'NONE',  ( 0.000000000000000000, 0.000000000000000000, 1.000000000000000000 ) ) ;
#4569 = DIRECTION ( 'NONE',  ( -1.000000000000000000, -0.000000000000000000, 0.000000000000000000 ) ) ;
#4570 = ORIENTED_EDGE ( 'NONE', *, *, #161, .F. ) ;
#4571 = ORIENTED_EDGE ( 'NONE', *, *, #1620, .F. ) ;
#4572 = CARTESIAN_POINT ( 'NONE',  ( 4.999999999999999112, 10.60881273632721289, 19.13030886644387962 ) ) ;
#4573 = CARTESIAN_POINT ( 'NONE',  ( 10.00000000000000000, 10.60881273632748112, -19.13030886644373396 ) ) ;
#4574 = VECTOR ( 'NONE', #4807, 1000.000000000000000 ) ;
#4575 = CYLINDRICAL_SURFACE ( 'NONE', #4126, 21.87500000000000000 ) ;
#4576 = ORIENTED_EDGE ( 'NONE', *, *, #2151, .T. ) ;
#4577 = CARTESIAN_POINT ( 'NONE',  ( 10.00000000000000000, 19.26732701731214448, -10.35788272804598797 ) ) ;
#4578 = DIRECTION ( 'NONE',  ( 0.000000000000000000, 0.000000000000000000, 1.000000000000000000 ) ) ;
#4579 = CIRCLE ( 'NONE', #171, 8.250000000000000000 ) ;
#4580 = FACE_OUTER_BOUND ( 'NONE', #2539, .T. ) ;
#4581 = EDGE_LOOP ( 'NONE', ( #1343, #4307, #3000, #2659 ) ) ;
#4582 = FACE_OUTER_BOUND ( 'NONE', #4083, .T. ) ;
#4583 = CARTESIAN_POINT ( 'NONE',  ( 10.00000000000000000, 6.796662911712566313, -20.79233027499685704 ) ) ;
#4584 = DIRECTION ( 'NONE',  ( 0.000000000000000000, 0.000000000000000000, 1.000000000000000000 ) ) ;
#4585 = LINE ( 'NONE', #2335, #2290 ) ;
#4586 = ORIENTED_EDGE ( 'NONE', *, *, #3447, .F. ) ;
#4587 = VECTOR ( 'NONE', #4130, 1000.000000000000000 ) ;
#4588 = CARTESIAN_POINT ( 'NONE',  ( 0.000000000000000000, 0.3361666364524109052, -19.05853546950908850 ) ) ;
#4589 = CARTESIAN_POINT ( 'NONE',  ( -10.00000000000000000, 0.000000000000000000, 0.000000000000000000 ) ) ;
#4590 = DIRECTION ( 'NONE',  ( -1.000000000000000000, -0.000000000000000000, -0.000000000000000000 ) ) ;
#4591 = EDGE_CURVE ( 'NONE', #1253, #1355, #1800, .T. ) ;
#4592 = AXIS2_PLACEMENT_3D ( 'NONE', #1933, #3090, #1125 ) ;
#4593 = EDGE_CURVE ( 'NONE', #1304, #4645, #1007, .T. ) ;
#4594 = ORIENTED_EDGE ( 'NONE', *, *, #4014, .F. ) ;
#4595 = VERTEX_POINT ( 'NONE', #641 ) ;
#4596 = DIRECTION ( 'NONE',  ( 0.000000000000000000, -0.9718115683235393210, -0.2357589355094369399 ) ) ;
#4597 = DIRECTION ( 'NONE',  ( 0.000000000000000000, 0.000000000000000000, 1.000000000000000000 ) ) ;
#4598 = ADVANCED_FACE ( 'NONE', ( #1411 ), #2144, .T. ) ;
#4599 = DIRECTION ( 'NONE',  ( 0.000000000000000000, -0.1892512443603975303, -0.9819286972627092602 ) ) ;
#4600 = ORIENTED_EDGE ( 'NONE', *, *, #1688, .F. ) ;
#4601 = ORIENTED_EDGE ( 'NONE', *, *, #4088, .T. ) ;
#4602 = DIRECTION ( 'NONE',  ( 0.000000000000000000, 0.8145759520503369489, -0.5800569095711964884 ) ) ;
#4603 = DIRECTION ( 'NONE',  ( -1.000000000000000000, 0.000000000000000000, 0.000000000000000000 ) ) ;
#4604 = ORIENTED_EDGE ( 'NONE', *, *, #590, .T. ) ;
#4605 = FACE_OUTER_BOUND ( 'NONE', #2755, .T. ) ;
#4606 = DIRECTION ( 'NONE',  ( -1.000000000000000000, 0.000000000000000000, 0.000000000000000000 ) ) ;
#4607 = DIRECTION ( 'NONE',  ( 0.000000000000000000, 0.000000000000000000, 1.000000000000000000 ) ) ;
#4608 = CARTESIAN_POINT ( 'NONE',  ( 5.000000000000000000, -20.44538137465297467, -7.778303506870456907 ) ) ;
#4609 = CARTESIAN_POINT ( 'NONE',  ( 10.00000000000000000, 16.33709255729567289, -9.820396581826733140 ) ) ;
#4610 = FACE_OUTER_BOUND ( 'NONE', #2465, .T. ) ;
#4611 = CARTESIAN_POINT ( 'NONE',  ( 10.00000000000000000, 17.90038228506903195, -6.551114126496856649 ) ) ;
#4612 = VERTEX_POINT ( 'NONE', #2672 ) ;
#4613 = EDGE_LOOP ( 'NONE', ( #1195, #4383, #2158, #2918 ) ) ;
#4614 = EDGE_CURVE ( 'NONE', #428, #3717, #2649, .T. ) ;
#4615 = CARTESIAN_POINT ( 'NONE',  ( 10.00000000000000000, 0.000000000000000000, 0.000000000000000000 ) ) ;
#4616 = ADVANCED_FACE ( 'NONE', ( #3869 ), #4167, .T. ) ;
#4617 = DIRECTION ( 'NONE',  ( 0.000000000000000000, 0.6900790114821131471, -0.7237340381050690885 ) ) ;
#4618 = AXIS2_PLACEMENT_3D ( 'NONE', #2337, #3524, #3931 ) ;
#4619 = CARTESIAN_POINT ( 'NONE',  ( 0.000000000000000000, -10.02102082520656801, 16.21480569944568018 ) ) ;
#4620 = EDGE_LOOP ( 'NONE', ( #2383, #1772, #2696, #2979 ) ) ;
#4621 = AXIS2_PLACEMENT_3D ( 'NONE', #606, #3913, #1378 ) ;
#4622 = ORIENTED_EDGE ( 'NONE', *, *, #1105, .F. ) ;
#4623 = EDGE_CURVE ( 'NONE', #637, #728, #2736, .T. ) ;
#4624 = DIRECTION ( 'NONE',  ( 0.000000000000000000, 0.000000000000000000, 1.000000000000000000 ) ) ;
#4625 = DIRECTION ( 'NONE',  ( 0.000000000000000000, 0.09505604330417624648, 0.9954719225730852550 ) ) ;
#4626 = AXIS2_PLACEMENT_3D ( 'NONE', #1345, #3601, #1391 ) ;
#4627 = AXIS2_PLACEMENT_3D ( 'NONE', #1848, #3003, #4470 ) ;
#4628 = ORIENTED_EDGE ( 'NONE', *, *, #3716, .F. ) ;
#4629 = ORIENTED_EDGE ( 'NONE', *, *, #1614, .F. ) ;
#4630 = AXIS2_PLACEMENT_3D ( 'NONE', #485, #1895, #3094 ) ;
#4631 = AXIS2_PLACEMENT_3D ( 'NONE', #4062, #1047, #2941 ) ;
#4632 = VECTOR ( 'NONE', #4828, 1000.000000000000000 ) ;
#4633 = LINE ( 'NONE', #2384, #3491 ) ;
#4634 = FACE_OUTER_BOUND ( 'NONE', #322, .T. ) ;
#4635 = CARTESIAN_POINT ( 'NONE',  ( 10.00000000000000178, 3.673940397442060361E-16, -3.000000000000000444 ) ) ;
#4636 = CARTESIAN_POINT ( 'NONE',  ( 10.00000000000000000, 0.000000000000000000, 0.000000000000000000 ) ) ;
#4637 = AXIS2_PLACEMENT_3D ( 'NONE', #1850, #3324, #4430 ) ;
#4638 = ORIENTED_EDGE ( 'NONE', *, *, #4717, .F. ) ;
#4639 = FACE_OUTER_BOUND ( 'NONE', #506, .T. ) ;
#4640 = CIRCLE ( 'NONE', #3622, 21.87500000000000000 ) ;
#4641 = DIRECTION ( 'NONE',  ( -1.000000000000000000, 0.000000000000000000, 0.000000000000000000 ) ) ;
#4642 = AXIS2_PLACEMENT_3D ( 'NONE', #98, #3074, #4537 ) ;
#4643 = CARTESIAN_POINT ( 'NONE',  ( 0.000000000000000000, 14.03753242765929343, 16.77686825192394693 ) ) ;
#4644 = VERTEX_POINT ( 'NONE', #92 ) ;
#4645 = VERTEX_POINT ( 'NONE', #1937 ) ;
#4646 = ORIENTED_EDGE ( 'NONE', *, *, #2179, .T. ) ;
#4647 = ORIENTED_EDGE ( 'NONE', *, *, #1123, .T. ) ;
#4648 = DIRECTION ( 'NONE',  ( -1.000000000000000000, -0.000000000000000000, 0.000000000000000000 ) ) ;
#4649 = CARTESIAN_POINT ( 'NONE',  ( -10.00000000000000000, 0.000000000000000000, 0.000000000000000000 ) ) ;
#4650 = ORIENTED_EDGE ( 'NONE', *, *, #2322, .F. ) ;
#4651 = ADVANCED_FACE ( 'NONE', ( #4580 ), #780, .T. ) ;
#4652 = AXIS2_PLACEMENT_3D ( 'NONE', #3592, #3196, #2433 ) ;
#4653 = CARTESIAN_POINT ( 'NONE',  ( 10.00000000000000000, -18.60385308056401854, -11.50705329599149351 ) ) ;
#4654 = ORIENTED_EDGE ( 'NONE', *, *, #1680, .F. ) ;
#4655 = CARTESIAN_POINT ( 'NONE',  ( 10.00000000000000000, 5.046860401838532795, -18.38123995638907004 ) ) ;
#4656 = DIRECTION ( 'NONE',  ( 0.000000000000000000, 0.9898214418809322401, 0.1423148382732886130 ) ) ;
#4657 = LINE ( 'NONE', #3593, #452 ) ;
#4658 = AXIS2_PLACEMENT_3D ( 'NONE', #2225, #1813, #3310 ) ;
#4659 = EDGE_CURVE ( 'NONE', #2507, #3696, #2281, .T. ) ;
#4660 = EDGE_CURVE ( 'NONE', #681, #3989, #3797, .T. ) ;
#4661 = AXIS2_PLACEMENT_3D ( 'NONE', #260, #2197, #2559 ) ;
#4662 = ORIENTED_EDGE ( 'NONE', *, *, #2027, .F. ) ;
#4663 = CARTESIAN_POINT ( 'NONE',  ( 0.000000000000000000, 0.000000000000000000, 0.000000000000000000 ) ) ;
#4664 = VERTEX_POINT ( 'NONE', #115 ) ;
#4665 = DIRECTION ( 'NONE',  ( -1.000000000000000000, -0.000000000000000000, 0.000000000000000000 ) ) ;
#4666 = DIRECTION ( 'NONE',  ( -1.000000000000000000, -0.000000000000000000, 0.000000000000000000 ) ) ;
#4667 = LINE ( 'NONE', #4608, #3645 ) ;
#4668 = EDGE_CURVE ( 'NONE', #2182, #2897, #1564, .T. ) ;
#4669 = CARTESIAN_POINT ( 'NONE',  ( 10.00000000000000000, 15.06814570829591382, -12.18935436110982096 ) ) ;
#4670 = CARTESIAN_POINT ( 'NONE',  ( 0.000000000000000000, -1.417924630152609833, 21.82899710804888471 ) ) ;
#4671 = AXIS2_PLACEMENT_3D ( 'NONE', #4636, #518, #936 ) ;
#4672 = DIRECTION ( 'NONE',  ( -1.000000000000000000, 0.000000000000000000, 0.000000000000000000 ) ) ;
#4673 = ORIENTED_EDGE ( 'NONE', *, *, #4882, .T. ) ;
#4674 = ORIENTED_EDGE ( 'NONE', *, *, #1316, .T. ) ;
#4675 = ORIENTED_EDGE ( 'NONE', *, *, #2063, .F. ) ;
#4676 = CARTESIAN_POINT ( 'NONE',  ( 10.00000000000000000, -14.20970502886601672, 13.18004771690009491 ) ) ;
#4677 = CARTESIAN_POINT ( 'NONE',  ( 10.00000000000000178, 0.000000000000000000, 0.000000000000000000 ) ) ;
#4678 = VECTOR ( 'NONE', #3032, 1000.000000000000000 ) ;
#4679 = VERTEX_POINT ( 'NONE', #4238 ) ;
#4680 = VECTOR ( 'NONE', #3563, 1000.000000000000000 ) ;
#4681 = CARTESIAN_POINT ( 'NONE',  ( 0.000000000000000000, 10.58662356627748480, -15.85131488917994957 ) ) ;
#4682 = ORIENTED_EDGE ( 'NONE', *, *, #2210, .T. ) ;
#4683 = CARTESIAN_POINT ( 'NONE',  ( 0.000000000000000000, 19.61342834978363925, 9.686539803660714654 ) ) ;
#4684 = DIRECTION ( 'NONE',  ( -1.000000000000000000, 0.000000000000000000, -0.000000000000000000 ) ) ;
#4685 = CARTESIAN_POINT ( 'NONE',  ( 10.00000000000000000, -4.828292784253863879, 18.77010824733479666 ) ) ;
#4686 = VECTOR ( 'NONE', #4222, 1000.000000000000000 ) ;
#4687 = ORIENTED_EDGE ( 'NONE', *, *, #531, .T. ) ;
#4688 = DIRECTION ( 'NONE',  ( -1.000000000000000000, -0.000000000000000000, -0.000000000000000000 ) ) ;
#4689 = ORIENTED_EDGE ( 'NONE', *, *, #2003, .F. ) ;
#4690 = ADVANCED_FACE ( 'NONE', ( #2354 ), #3394, .T. ) ;
#4691 = FACE_OUTER_BOUND ( 'NONE', #1138, .T. ) ;
#4692 = EDGE_CURVE ( 'NONE', #2988, #390, #3023, .T. ) ;
#4693 = CARTESIAN_POINT ( 'NONE',  ( 10.00000000000000000, 0.000000000000000000, 0.000000000000000000 ) ) ;
#4694 = CARTESIAN_POINT ( 'NONE',  ( 10.00000000000000000, -18.91238855906797767, 2.379567448263330220 ) ) ;
#4695 = ORIENTED_EDGE ( 'NONE', *, *, #1490, .F. ) ;
#4696 = DIRECTION ( 'NONE',  ( 0.000000000000000000, 0.000000000000000000, 1.000000000000000000 ) ) ;
#4697 = EDGE_CURVE ( 'NONE', #2825, #3071, #3366, .T. ) ;
#4698 = CARTESIAN_POINT ( 'NONE',  ( 10.00000000000000000, 19.26619331636527832, 10.35788280594188571 ) ) ;
#4699 = CARTESIAN_POINT ( 'NONE',  ( 10.00000000000000000, -12.90860007981972224, -14.02529237589284783 ) ) ;
#4700 = VERTEX_POINT ( 'NONE', #1180 ) ;
#4701 = ORIENTED_EDGE ( 'NONE', *, *, #1133, .T. ) ;
#4702 = VERTEX_POINT ( 'NONE', #417 ) ;
#4703 = ORIENTED_EDGE ( 'NONE', *, *, #1996, .T. ) ;
#4704 = CARTESIAN_POINT ( 'NONE',  ( -10.00000000000000000, 0.000000000000000000, 0.000000000000000000 ) ) ;
#4705 = CARTESIAN_POINT ( 'NONE',  ( 10.00000000000000000, -19.37932150058860969, 8.516970043202407581 ) ) ;
#4706 = DIRECTION ( 'NONE',  ( 1.000000000000000000, -0.000000000000000000, -0.000000000000000000 ) ) ;
#4707 = LINE ( 'NONE', #217, #2523 ) ;
#4708 = DIRECTION ( 'NONE',  ( -1.000000000000000000, 0.000000000000000000, 0.000000000000000000 ) ) ;
#4709 = CARTESIAN_POINT ( 'NONE',  ( 10.00000000000000000, -5.691959453117474865, 18.19182178436415853 ) ) ;
#4710 = ORIENTED_EDGE ( 'NONE', *, *, #3851, .T. ) ;
#4711 = ORIENTED_EDGE ( 'NONE', *, *, #2878, .T. ) ;
#4712 = DIRECTION ( 'NONE',  ( -1.000000000000000000, 0.000000000000000000, 0.000000000000000000 ) ) ;
#4713 = ORIENTED_EDGE ( 'NONE', *, *, #2713, .T. ) ;
#4714 = DIRECTION ( 'NONE',  ( 0.000000000000000000, 0.000000000000000000, -1.000000000000000000 ) ) ;
#4715 = CARTESIAN_POINT ( 'NONE',  ( 0.000000000000000000, -5.691959453117228840, -18.19182178436424024 ) ) ;
#4716 = AXIS2_PLACEMENT_3D ( 'NONE', #240, #3616, #1698 ) ;
#4717 = EDGE_CURVE ( 'NONE', #1893, #1667, #2506, .T. ) ;
#4718 = EDGE_CURVE ( 'NONE', #3420, #1252, #3417, .T. ) ;
#4719 = AXIS2_PLACEMENT_3D ( 'NONE', #2461, #1677, #1307 ) ;
#4720 = AXIS2_PLACEMENT_3D ( 'NONE', #446, #4641, #3856 ) ;
#4721 = AXIS2_PLACEMENT_3D ( 'NONE', #4862, #2284, #3397 ) ;
#4722 = ORIENTED_EDGE ( 'NONE', *, *, #3243, .F. ) ;
#4723 = DIRECTION ( 'NONE',  ( -1.000000000000000000, 0.000000000000000000, 0.000000000000000000 ) ) ;
#4724 = LINE ( 'NONE', #4698, #232 ) ;
#4725 = CARTESIAN_POINT ( 'NONE',  ( 0.000000000000000000, 0.3361666364521598838, 19.05853546950909205 ) ) ;
#4726 = AXIS2_PLACEMENT_3D ( 'NONE', #1827, #1417, #4518 ) ;
#4727 = ADVANCED_FACE ( 'NONE', ( #437 ), #4553, .T. ) ;
#4728 = EDGE_CURVE ( 'NONE', #2017, #4793, #3845, .T. ) ;
#4729 = VERTEX_POINT ( 'NONE', #1203 ) ;
#4730 = ORIENTED_EDGE ( 'NONE', *, *, #3790, .T. ) ;
#4731 = AXIS2_PLACEMENT_3D ( 'NONE', #4073, #3738, #4053 ) ;
#4732 = ORIENTED_EDGE ( 'NONE', *, *, #404, .T. ) ;
#4733 = LINE ( 'NONE', #3192, #3956 ) ;
#4734 = DIRECTION ( 'NONE',  ( 1.000000000000000000, 0.000000000000000000, 0.000000000000000000 ) ) ;
#4735 = ORIENTED_EDGE ( 'NONE', *, *, #4782, .F. ) ;
#4736 = EDGE_CURVE ( 'NONE', #290, #1227, #3766, .T. ) ;
#4737 = CARTESIAN_POINT ( 'NONE',  ( 10.00000000000000000, -19.02095316055510210, -1.242627504109248715 ) ) ;
#4738 = ORIENTED_EDGE ( 'NONE', *, *, #2591, .F. ) ;
#4739 = CARTESIAN_POINT ( 'NONE',  ( 10.00000000000000000, 14.60835476616741069, 16.28224788000089518 ) ) ;
#4740 = DIRECTION ( 'NONE',  ( 0.000000000000000000, 0.7557495743542552713, 0.6548607339452887643 ) ) ;
#4741 = AXIS2_PLACEMENT_3D ( 'NONE', #310, #3334, #1051 ) ;
#4742 = EDGE_LOOP ( 'NONE', ( #751, #4695, #3263, #967 ) ) ;
#4743 = ORIENTED_EDGE ( 'NONE', *, *, #2397, .F. ) ;
#4744 = CARTESIAN_POINT ( 'NONE',  ( 10.00000000000000000, -7.807616600036389798, -17.73895424916529961 ) ) ;
#4745 = CARTESIAN_POINT ( 'NONE',  ( 0.000000000000000000, 0.000000000000000000, 0.000000000000000000 ) ) ;
#4746 = AXIS2_PLACEMENT_3D ( 'NONE', #3481, #3407, #3862 ) ;
#4747 = DIRECTION ( 'NONE',  ( -1.000000000000000000, -0.000000000000000000, 0.000000000000000000 ) ) ;
#4748 = CIRCLE ( 'NONE', #2998, 19.06149999999999523 ) ;
#4749 = ORIENTED_EDGE ( 'NONE', *, *, #3943, .F. ) ;
#4750 = CARTESIAN_POINT ( 'NONE',  ( 10.00000000000000000, 17.47590231531711780, -7.611413831575158717 ) ) ;
#4751 = FACE_OUTER_BOUND ( 'NONE', #3114, .T. ) ;
#4752 = DIRECTION ( 'NONE',  ( -1.000000000000000000, -0.000000000000000000, 0.000000000000000000 ) ) ;
#4753 = AXIS2_PLACEMENT_3D ( 'NONE', #4615, #1243, #4256 ) ;
#4754 = ORIENTED_EDGE ( 'NONE', *, *, #4114, .F. ) ;
#4755 = VERTEX_POINT ( 'NONE', #1963 ) ;
#4756 = CARTESIAN_POINT ( 'NONE',  ( 0.000000000000000000, -18.09036338659972998, -6.954719790754730013 ) ) ;
#4757 = PLANE ( 'NONE',  #2140 ) ;
#4758 = EDGE_CURVE ( 'NONE', #877, #291, #4798, .T. ) ;
#4759 = EDGE_CURVE ( 'NONE', #3434, #3333, #4019, .T. ) ;
#4760 = VERTEX_POINT ( 'NONE', #1334 ) ;
#4761 = ORIENTED_EDGE ( 'NONE', *, *, #3790, .F. ) ;
#4762 = DIRECTION ( 'NONE',  ( -1.000000000000000000, 0.000000000000000000, -0.000000000000000000 ) ) ;
#4763 = AXIS2_PLACEMENT_3D ( 'NONE', #3883, #522, #126 ) ;
#4764 = EDGE_CURVE ( 'NONE', #2331, #4487, #3130, .T. ) ;
#4765 = AXIS2_PLACEMENT_3D ( 'NONE', #1042, #4752, #4077 ) ;
#4766 = EDGE_LOOP ( 'NONE', ( #3065, #2978, #2766, #3585 ) ) ;
#4767 = ORIENTED_EDGE ( 'NONE', *, *, #2623, .T. ) ;
#4768 = ORIENTED_EDGE ( 'NONE', *, *, #2963, .T. ) ;
#4769 = DIRECTION ( 'NONE',  ( 0.000000000000000000, 0.3716624556603284057, -0.9283679330160723442 ) ) ;
#4770 = VERTEX_POINT ( 'NONE', #3623 ) ;
#4771 = CIRCLE ( 'NONE', #4292, 19.06149999999999523 ) ;
#4772 = CARTESIAN_POINT ( 'NONE',  ( 4.999999999999999112, -4.789450448788293180, -21.34424487768545120 ) ) ;
#4773 = VERTEX_POINT ( 'NONE', #2483 ) ;
#4774 = CARTESIAN_POINT ( 'NONE',  ( 10.00000000000000000, -18.12028095930829608, -5.915758633153405555 ) ) ;
#4775 = DIRECTION ( 'NONE',  ( 0.000000000000000000, -0.6900790114821037102, -0.7237340381050778593 ) ) ;
#4776 = CARTESIAN_POINT ( 'NONE',  ( 0.000000000000000000, 16.95889912262176225, 13.81706790707560550 ) ) ;
#4777 = AXIS2_PLACEMENT_3D ( 'NONE', #7, #4328, #1999 ) ;
#4778 = ORIENTED_EDGE ( 'NONE', *, *, #1932, .F. ) ;
#4779 = DIRECTION ( 'NONE',  ( -1.000000000000000000, -0.000000000000000000, 0.000000000000000000 ) ) ;
#4780 = CARTESIAN_POINT ( 'NONE',  ( 10.00000000000000000, 7.395428419319513225, -17.56839266252667286 ) ) ;
#4781 = AXIS2_PLACEMENT_3D ( 'NONE', #2930, #4489, #2571 ) ;
#4782 = EDGE_CURVE ( 'NONE', #1507, #2507, #1167, .T. ) ;
#4783 = EDGE_CURVE ( 'NONE', #2190, #1887, #4657, .T. ) ;
#4784 = EDGE_LOOP ( 'NONE', ( #3646, #3085, #1568, #3586 ) ) ;
#4785 = CARTESIAN_POINT ( 'NONE',  ( 10.00000000000000000, 0.000000000000000000, 0.000000000000000000 ) ) ;
#4786 = ADVANCED_FACE ( 'NONE', ( #3568 ), #3515, .T. ) ;
#4787 = EDGE_LOOP ( 'NONE', ( #3859, #2594, #4546, #1454 ) ) ;
#4788 = ORIENTED_EDGE ( 'NONE', *, *, #624, .F. ) ;
#4789 = DIRECTION ( 'NONE',  ( 0.000000000000000000, 0.000000000000000000, -1.000000000000000000 ) ) ;
#4790 = VERTEX_POINT ( 'NONE', #611 ) ;
#4791 = DIRECTION ( 'NONE',  ( -1.000000000000000000, 0.000000000000000000, 0.000000000000000000 ) ) ;
#4792 = CIRCLE ( 'NONE', #369, 21.87500000000000000 ) ;
#4793 = VERTEX_POINT ( 'NONE', #3997 ) ;
#4794 = CARTESIAN_POINT ( 'NONE',  ( 0.000000000000000000, -0.6554375876667573042, -19.37007424858813209 ) ) ;
#4795 = CARTESIAN_POINT ( 'NONE',  ( 10.00000000000000000, 15.06814570829591382, -12.18935436110982096 ) ) ;
#4796 = CYLINDRICAL_SURFACE ( 'NONE', #2615, 21.87500000000000000 ) ;
#4797 = ORIENTED_EDGE ( 'NONE', *, *, #3742, .T. ) ;
#4798 = CIRCLE ( 'NONE', #538, 8.250000000000003553 ) ;
#4799 = AXIS2_PLACEMENT_3D ( 'NONE', #4055, #276, #3276 ) ;
#4800 = ORIENTED_EDGE ( 'NONE', *, *, #1037, .F. ) ;
#4801 = CARTESIAN_POINT ( 'NONE',  ( 10.00000000000000000, -18.12028095930829608, -5.915758633153405555 ) ) ;
#4802 = DIRECTION ( 'NONE',  ( 0.000000000000000000, 0.000000000000000000, -1.000000000000000000 ) ) ;
#4803 = CIRCLE ( 'NONE', #3368, 19.06149999999999523 ) ;
#4804 = CIRCLE ( 'NONE', #1172, 19.06149999999999523 ) ;
#4805 = DIRECTION ( 'NONE',  ( -1.000000000000000000, 0.000000000000000000, 0.000000000000000000 ) ) ;
#4806 = ORIENTED_EDGE ( 'NONE', *, *, #1651, .T. ) ;
#4807 = DIRECTION ( 'NONE',  ( 1.000000000000000000, 0.000000000000000000, -0.000000000000000000 ) ) ;
#4808 = VERTEX_POINT ( 'NONE', #4709 ) ;
#4809 = ORIENTED_EDGE ( 'NONE', *, *, #1552, .F. ) ;
#4810 = DIRECTION ( 'NONE',  ( 0.000000000000000000, -0.3716624556603156382, -0.9283679330160773402 ) ) ;
#4811 = CARTESIAN_POINT ( 'NONE',  ( 10.00000000000000000, 0.000000000000000000, 0.000000000000000000 ) ) ;
#4812 = ADVANCED_FACE ( 'NONE', ( #564 ), #954, .T. ) ;
#4813 = EDGE_CURVE ( 'NONE', #2278, #2422, #3682, .T. ) ;
#4814 = VECTOR ( 'NONE', #3115, 1000.000000000000000 ) ;
#4815 = CARTESIAN_POINT ( 'NONE',  ( 0.000000000000000000, 6.796662911712293642, 20.79233027499693875 ) ) ;
#4816 = CARTESIAN_POINT ( 'NONE',  ( 5.000000000000000000, -20.44538137465307770, 7.778303506870177131 ) ) ;
#4817 = CARTESIAN_POINT ( 'NONE',  ( 10.00000000000000000, -19.07963632779119223, 3.405415162116689043 ) ) ;
#4818 = ADVANCED_FACE ( 'NONE', ( #1703 ), #2435, .T. ) ;
#4819 = AXIS2_PLACEMENT_3D ( 'NONE', #2505, #3664, #2549 ) ;
#4820 = ORIENTED_EDGE ( 'NONE', *, *, #2244, .F. ) ;
#4821 = DIRECTION ( 'NONE',  ( -1.000000000000000000, 0.000000000000000000, 0.000000000000000000 ) ) ;
#4822 = AXIS2_PLACEMENT_3D ( 'NONE', #2135, #3239, #1398 ) ;
#4823 = DIRECTION ( 'NONE',  ( 0.000000000000000000, -0.9898214418809341275, 0.1423148382732755401 ) ) ;
#4824 = DIRECTION ( 'NONE',  ( -1.000000000000000000, 0.000000000000000000, -0.000000000000000000 ) ) ;
#4825 = VECTOR ( 'NONE', #3375, 1000.000000000000000 ) ;
#4826 = ORIENTED_EDGE ( 'NONE', *, *, #2397, .T. ) ;
#4827 = CARTESIAN_POINT ( 'NONE',  ( 4.999999999999999112, -21.54796031594037942, -3.768425562839009313 ) ) ;
#4828 = DIRECTION ( 'NONE',  ( -1.000000000000000000, 0.000000000000000000, 0.000000000000000000 ) ) ;
#4829 = ORIENTED_EDGE ( 'NONE', *, *, #292, .T. ) ;
#4830 = CIRCLE ( 'NONE', #658, 8.250000000000000000 ) ;
#4831 = ORIENTED_EDGE ( 'NONE', *, *, #1709, .F. ) ;
#4832 = CYLINDRICAL_SURFACE ( 'NONE', #4227, 8.250000000000000000 ) ;
#4833 = DIRECTION ( 'NONE',  ( -1.000000000000000000, 0.000000000000000000, -0.000000000000000000 ) ) ;
#4834 = AXIS2_PLACEMENT_3D ( 'NONE', #351, #713, #1441 ) ;
#4835 = ADVANCED_FACE ( 'NONE', ( #2067 ), #4315, .T. ) ;
#4836 = CIRCLE ( 'NONE', #1993, 8.250000000000000000 ) ;
#4837 = EDGE_CURVE ( 'NONE', #572, #128, #979, .T. ) ;
#4838 = ORIENTED_EDGE ( 'NONE', *, *, #2938, .T. ) ;
#4839 = ORIENTED_EDGE ( 'NONE', *, *, #3049, .F. ) ;
#4840 = CYLINDRICAL_SURFACE ( 'NONE', #4239, 8.250000000000000000 ) ;
#4841 = DIRECTION ( 'NONE',  ( -1.000000000000000000, 0.000000000000000000, 0.000000000000000000 ) ) ;
#4842 = CARTESIAN_POINT ( 'NONE',  ( 0.000000000000000000, -21.54796031594037942, -3.768425562839009313 ) ) ;
#4843 = EDGE_CURVE ( 'NONE', #2519, #958, #2261, .T. ) ;
#4844 = ORIENTED_EDGE ( 'NONE', *, *, #432, .T. ) ;
#4845 = CARTESIAN_POINT ( 'NONE',  ( 0.000000000000000000, -15.56871210900757418, 15.36654900317051542 ) ) ;
#4846 = CARTESIAN_POINT ( 'NONE',  ( 0.000000000000000000, 7.395428419319513225, -17.56839266252667286 ) ) ;
#4847 = VECTOR ( 'NONE', #4153, 1000.000000000000000 ) ;
#4848 = ORIENTED_EDGE ( 'NONE', *, *, #227, .F. ) ;
#4849 = CARTESIAN_POINT ( 'NONE',  ( 0.000000000000000000, -19.37932150058860969, 0.2669700432024069703 ) ) ;
#4850 = DIRECTION ( 'NONE',  ( 0.000000000000000000, 0.000000000000000000, 1.000000000000000000 ) ) ;
#4851 = AXIS2_PLACEMENT_3D ( 'NONE', #1080, #1004, #1456 ) ;
#4852 =( LENGTH_UNIT ( ) NAMED_UNIT ( * ) SI_UNIT ( .MILLI., .METRE. ) );
#4853 = ORIENTED_EDGE ( 'NONE', *, *, #912, .F. ) ;
#4854 = ORIENTED_EDGE ( 'NONE', *, *, #673, .T. ) ;
#4855 = VERTEX_POINT ( 'NONE', #4372 ) ;
#4856 = CARTESIAN_POINT ( 'NONE',  ( 5.000000000000000000, 21.80860110672752583, -1.703097991203919026 ) ) ;
#4857 = DIRECTION ( 'NONE',  ( -1.000000000000000000, 0.000000000000000000, 0.000000000000000000 ) ) ;
#4858 = CIRCLE ( 'NONE', #2813, 8.250000000000000000 ) ;
#4859 = AXIS2_PLACEMENT_3D ( 'NONE', #4530, #2326, #416 ) ;
#4860 = ORIENTED_EDGE ( 'NONE', *, *, #616, .T. ) ;
#4861 = ORIENTED_EDGE ( 'NONE', *, *, #2624, .T. ) ;
#4862 = CARTESIAN_POINT ( 'NONE',  ( 10.00000000000000000, -19.37932150058860969, 0.2669700432024069703 ) ) ;
#4863 = CARTESIAN_POINT ( 'NONE',  ( 10.00000000000000000, 21.73680468795407350, -2.454984105394121929 ) ) ;
#4864 = CARTESIAN_POINT ( 'NONE',  ( 10.00000000000000000, -12.90860007981990698, 14.02529237589267730 ) ) ;
#4865 = EDGE_CURVE ( 'NONE', #2711, #1744, #1482, .T. ) ;
#4866 = EDGE_CURVE ( 'NONE', #2995, #1567, #2185, .T. ) ;
#4867 = AXIS2_PLACEMENT_3D ( 'NONE', #2084, #3138, #2009 ) ;
#4868 = ORIENTED_EDGE ( 'NONE', *, *, #3213, .F. ) ;
#4869 = DIRECTION ( 'NONE',  ( 0.000000000000000000, 0.4582265217274053004, 0.8888354486549261413 ) ) ;
#4870 = CARTESIAN_POINT ( 'NONE',  ( 10.00000000000000000, 0.000000000000000000, 0.000000000000000000 ) ) ;
#4871 = CARTESIAN_POINT ( 'NONE',  ( 10.00000000000000000, 0.000000000000000000, 0.000000000000000000 ) ) ;
#4872 = CIRCLE ( 'NONE', #4876, 19.06149999999999167 ) ;
#4873 = AXIS2_PLACEMENT_3D ( 'NONE', #4148, #3027, #759 ) ;
#4874 = EDGE_CURVE ( 'NONE', #13, #982, #1246, .T. ) ;
#4875 = ADVANCED_FACE ( 'NONE', ( #2777 ), #4291, .T. ) ;
#4876 = AXIS2_PLACEMENT_3D ( 'NONE', #2598, #1779, #4446 ) ;
#4877 = ORIENTED_EDGE ( 'NONE', *, *, #2490, .T. ) ;
#4878 = CIRCLE ( 'NONE', #1646, 19.06149999999999523 ) ;
#4879 = VECTOR ( 'NONE', #3576, 1000.000000000000000 ) ;
#4880 = DIRECTION ( 'NONE',  ( -1.000000000000000000, 0.000000000000000000, 0.000000000000000000 ) ) ;
#4881 = DIRECTION ( 'NONE',  ( -1.000000000000000000, -0.000000000000000000, 0.000000000000000000 ) ) ;
#4882 = EDGE_CURVE ( 'NONE', #4770, #992, #4242, .T. ) ;
#4883 = AXIS2_PLACEMENT_3D ( 'NONE', #2215, #667, #3374 ) ;
#4884 = CYLINDRICAL_SURFACE ( 'NONE', #4520, 8.250000000000000000 ) ;
#4885 = ORIENTED_EDGE ( 'NONE', *, *, #2133, .F. ) ;
#4886 = EDGE_LOOP ( 'NONE', ( #782, #1979, #3692, #4050 ) ) ;
#4887 = LINE ( 'NONE', #47, #2171 ) ;
#4888 = CARTESIAN_POINT ( 'NONE',  ( 0.000000000000000000, 0.000000000000000000, 0.000000000000000000 ) ) ;
#4889 = ORIENTED_EDGE ( 'NONE', *, *, #463, .T. ) ;
ENDSEC;
END-ISO-10303-21;
